2026-10-07T20:58:24.3575016Z Current runner version: '2.337.0'
2026-10-07T20:58:24.3599707Z ##[group]Runner Image Provisioner
2026-10-07T20:58:24.3600769Z Hosted Compute Agent
2026-10-07T20:58:24.3601504Z Version: 20261002.596
2026-10-07T20:58:24.3602357Z Commit: c3d12f3313a95f25162a1503be624f3b0617f8c0
2026-10-07T20:58:24.3603307Z Build Date: 2026-10-02T22:28:27Z
2026-10-07T20:58:24.3604188Z Worker ID: {ac4dea4e-e672-4fe4-b076-14c83383a496}
2026-10-07T20:58:24.3605033Z Region: centralus
2026-10-07T20:58:24.3605639Z Cloud: Azure
2026-10-07T20:58:24.3606388Z ##[endgroup]
2026-10-07T20:58:24.3608102Z ##[group]Operating System
2026-10-07T20:58:24.3608915Z Ubuntu
2026-10-07T20:58:24.3610062Z 22.04.5
2026-10-07T20:58:24.3610758Z LTS
2026-10-07T20:58:24.3611451Z ##[endgroup]
2026-10-07T20:58:24.3612129Z ##[group]Runner Image
2026-10-07T20:58:24.3613062Z Image: ubuntu-22.04
2026-10-07T20:58:24.3613827Z Version: 20261004.315.1
2026-10-07T20:58:24.3615830Z Included Software: https://github.com/actions/runner-images/blob/ubuntu22/20261004.315/images/ubuntu/Ubuntu2204-Readme.md
2026-10-07T20:58:24.3617850Z Image Release: https://github.com/actions/runner-images/releases/tag/ubuntu22%2F20261004.315
2026-10-07T20:58:24.3619263Z ##[endgroup]
2026-10-07T20:58:24.3620622Z ##[group]GITHUB_TOKEN Permissions
2026-10-07T20:58:24.3623282Z Contents: read
2026-10-07T20:58:24.3623984Z Metadata: read
2026-10-07T20:58:24.3624625Z ##[endgroup]
2026-10-07T20:58:24.3626923Z Secret source: Actions
2026-10-07T20:58:24.3628005Z Cache mode: write
2026-10-07T20:58:24.3629298Z Prepare workflow directory
2026-10-07T20:58:24.3919704Z Prepare all required actions
2026-10-07T20:58:24.3964106Z Getting action download info
2026-10-07T20:58:24.6756691Z Download action repository 'actions/checkout@11d5960a326750d5838078e36cf38b85af677262' (SHA:11d5960a326750d5838078e36cf38b85af677262)
2026-10-07T20:58:24.9296641Z Download action repository 'pnpm/action-setup@f40ffcd9367d9f12939873eb1018b921a783ffaa' (SHA:f40ffcd9367d9f12939873eb1018b921a783ffaa)
2026-10-07T20:58:25.3303784Z Download action repository 'actions/setup-node@49933ea5288caeca8642d1e84afbd3f7d6820020' (SHA:49933ea5288caeca8642d1e84afbd3f7d6820020)
2026-10-07T20:58:25.6691225Z Complete job name: verify
2026-10-07T20:58:25.7462841Z ##[group]Run actions/checkout@11d5960a326750d5838078e36cf38b85af677262
2026-10-07T20:58:25.7464352Z with:
2026-10-07T20:58:25.7465150Z   repository: DD7780/Cocreate
2026-10-07T20:58:25.7472055Z   token: ***
2026-10-07T20:58:25.7472865Z   ssh-strict: true
2026-10-07T20:58:25.7473640Z   ssh-user: git
2026-10-07T20:58:25.7474476Z   persist-credentials: true
2026-10-07T20:58:25.7475365Z   clean: true
2026-10-07T20:58:25.7476166Z   sparse-checkout-cone-mode: true
2026-10-07T20:58:25.7477116Z   fetch-depth: 1
2026-10-07T20:58:25.7477903Z   fetch-tags: false
2026-10-07T20:58:25.7478713Z   show-progress: true
2026-10-07T20:58:25.7479677Z   lfs: false
2026-10-07T20:58:25.7480439Z   submodules: false
2026-10-07T20:58:25.7481273Z   set-safe-directory: true
2026-10-07T20:58:25.7482190Z   allow-unsafe-pr-checkout: false
2026-10-07T20:58:25.7483332Z ##[endgroup]
2026-10-07T20:58:25.8382699Z Syncing repository: DD7780/Cocreate
2026-10-07T20:58:25.8385074Z ##[group]Getting Git version info
2026-10-07T20:58:25.8386489Z Working directory is '/home/runner/work/Cocreate/Cocreate'
2026-10-07T20:58:25.8388233Z [command]/usr/bin/git version
2026-10-07T20:58:25.8416293Z git version 2.55.0
2026-10-07T20:58:25.8434190Z ##[endgroup]
2026-10-07T20:58:25.8444656Z Temporarily overriding HOME='/home/runner/work/_temp/c9558c71-82cb-44ef-8c4a-06d73160e3e8' before making global git config changes
2026-10-07T20:58:25.8448465Z Adding repository directory to the temporary git global config as a safe directory
2026-10-07T20:58:25.8452167Z [command]/usr/bin/git config --global --add safe.directory /home/runner/work/Cocreate/Cocreate
2026-10-07T20:58:25.8482097Z Deleting the contents of '/home/runner/work/Cocreate/Cocreate'
2026-10-07T20:58:25.8485787Z ##[group]Initializing the repository
2026-10-07T20:58:25.8488229Z [command]/usr/bin/git init /home/runner/work/Cocreate/Cocreate
2026-10-07T20:58:25.8574827Z hint: Using 'master' as the name for the initial branch. This default branch name
2026-10-07T20:58:25.8579677Z hint: will change to "main" in Git 3.0. To configure the initial branch name
2026-10-07T20:58:25.8583000Z hint: to use in all of your new repositories, which will suppress this warning,
2026-10-07T20:58:25.8585557Z hint: call:
2026-10-07T20:58:25.8586971Z hint:
2026-10-07T20:58:25.8588093Z hint: 	git config --global init.defaultBranch <name>
2026-10-07T20:58:25.8589622Z hint:
2026-10-07T20:58:25.8591438Z hint: Names commonly chosen instead of 'master' are 'main', 'trunk' and
2026-10-07T20:58:25.8593995Z hint: 'development'. The just-created branch can be renamed via this command:
2026-10-07T20:58:25.8596135Z hint:
2026-10-07T20:58:25.8597416Z hint: 	git branch -m <name>
2026-10-07T20:58:25.8599085Z hint:
2026-10-07T20:58:25.8601121Z hint: Disable this message with "git config set advice.defaultBranchName false"
2026-10-07T20:58:25.8604162Z Initialized empty Git repository in /home/runner/work/Cocreate/Cocreate/.git/
2026-10-07T20:58:25.8609192Z [command]/usr/bin/git remote add origin https://github.com/DD7780/Cocreate
2026-10-07T20:58:25.8615729Z ##[endgroup]
2026-10-07T20:58:25.8618423Z ##[group]Disabling automatic garbage collection
2026-10-07T20:58:25.8620577Z [command]/usr/bin/git config --local gc.auto 0
2026-10-07T20:58:25.8645488Z ##[endgroup]
2026-10-07T20:58:25.8647757Z ##[group]Setting up auth
2026-10-07T20:58:25.8649988Z [command]/usr/bin/git config --local --name-only --get-regexp core\.sshCommand
2026-10-07T20:58:25.8679366Z [command]/usr/bin/git submodule foreach --recursive sh -c "git config --local --name-only --get-regexp 'core\.sshCommand' && git config --local --unset-all 'core.sshCommand' || :"
2026-10-07T20:58:25.8928304Z [command]/usr/bin/git config --local --name-only --get-regexp http\.https\:\/\/github\.com\/\.extraheader
2026-10-07T20:58:25.8953402Z [command]/usr/bin/git submodule foreach --recursive sh -c "git config --local --name-only --get-regexp 'http\.https\:\/\/github\.com\/\.extraheader' && git config --local --unset-all 'http.https://github.com/.extraheader' || :"
2026-10-07T20:58:25.9142017Z [command]/usr/bin/git config --local --name-only --get-regexp ^includeIf\.gitdir:
2026-10-07T20:58:25.9169810Z [command]/usr/bin/git submodule foreach --recursive git config --local --show-origin --name-only --get-regexp remote.origin.url
2026-10-07T20:58:25.9341317Z [command]/usr/bin/git config --local http.https://github.com/.extraheader AUTHORIZATION: basic ***
2026-10-07T20:58:25.9371421Z ##[endgroup]
2026-10-07T20:58:25.9373387Z ##[group]Fetching the repository
2026-10-07T20:58:25.9380889Z [command]/usr/bin/git -c protocol.version=2 fetch --no-tags --prune --no-recurse-submodules --depth=1 origin +a9731377ea560e92d5d127770c4ebed33ca13cb4:refs/remotes/origin/codex/prelaunch-beta
2026-10-07T20:58:26.7813035Z From https://github.com/DD7780/Cocreate
2026-10-07T20:58:26.7815509Z  * [new ref]         a9731377ea560e92d5d127770c4ebed33ca13cb4 -> origin/codex/prelaunch-beta
2026-10-07T20:58:26.7819556Z ##[endgroup]
2026-10-07T20:58:26.7820913Z ##[group]Determining the checkout info
2026-10-07T20:58:26.7822603Z ##[endgroup]
2026-10-07T20:58:26.7823512Z [command]/usr/bin/git sparse-checkout disable
2026-10-07T20:58:26.7859273Z [command]/usr/bin/git config --local --unset-all extensions.worktreeConfig
2026-10-07T20:58:26.7884988Z ##[group]Checking out the ref
2026-10-07T20:58:26.7887427Z [command]/usr/bin/git checkout --progress --force -B codex/prelaunch-beta refs/remotes/origin/codex/prelaunch-beta
2026-10-07T20:58:26.8576167Z Switched to a new branch 'codex/prelaunch-beta'
2026-10-07T20:58:26.8579524Z branch 'codex/prelaunch-beta' set up to track 'origin/codex/prelaunch-beta'.
2026-10-07T20:58:26.8586387Z ##[endgroup]
2026-10-07T20:58:26.8615145Z [command]/usr/bin/git log -1 --format=%H
2026-10-07T20:58:26.8638820Z a9731377ea560e92d5d127770c4ebed33ca13cb4
2026-10-07T20:58:26.8903054Z ##[group]Run pnpm/action-setup@f40ffcd9367d9f12939873eb1018b921a783ffaa
2026-10-07T20:58:26.8904482Z with:
2026-10-07T20:58:26.8905194Z   version: 10.18.3
2026-10-07T20:58:26.8905964Z   dest: ~/setup-pnpm
2026-10-07T20:58:26.8906751Z   run_install: null
2026-10-07T20:58:26.8907493Z   cache: false
2026-10-07T20:58:26.8908657Z   cache_dependency_path: pnpm-lock.yaml
2026-10-07T20:58:26.8910109Z   package_json_file: package.json
2026-10-07T20:58:26.8911036Z   standalone: false
2026-10-07T20:58:26.8911804Z ##[endgroup]
2026-10-07T20:58:27.0118807Z ##[group]Running self-installer...
2026-10-07T20:58:27.3730913Z (node:1844) [DEP0169] DeprecationWarning: `url.parse()` behavior is not standardized and prone to errors that have security implications. Use the WHATWG URL API instead. CVEs are not issued for `url.parse()` vulnerabilities.
2026-10-07T20:58:27.3732072Z (Use `node --trace-deprecation ...` to show where the warning was created)
2026-10-07T20:58:27.5643275Z Progress: resolved 1, reused 0, downloaded 0, added 0
2026-10-07T20:58:27.5735125Z Packages: +1
2026-10-07T20:58:27.5736066Z +
2026-10-07T20:58:27.8890251Z Progress: resolved 1, reused 0, downloaded 1, added 1, done
2026-10-07T20:58:27.9226344Z 
2026-10-07T20:58:27.9226815Z dependencies:
2026-10-07T20:58:27.9227272Z + pnpm 10.18.3 (12.10.1 is available)
2026-10-07T20:58:27.9227524Z 
2026-10-07T20:58:27.9250492Z Done in 733ms
2026-10-07T20:58:27.9391571Z ##[endgroup]
2026-10-07T20:58:27.9392268Z Installation Completed!
2026-10-07T20:58:27.9553502Z ##[group]Run actions/setup-node@49933ea5288caeca8642d1e84afbd3f7d6820020
2026-10-07T20:58:27.9554002Z with:
2026-10-07T20:58:27.9554301Z   node-version: 22
2026-10-07T20:58:27.9554605Z   cache: pnpm
2026-10-07T20:58:27.9554924Z   always-auth: false
2026-10-07T20:58:27.9555238Z   check-latest: false
2026-10-07T20:58:27.9557386Z   token: ***
2026-10-07T20:58:27.9557691Z env:
2026-10-07T20:58:27.9558050Z   PNPM_HOME: /home/runner/setup-pnpm/node_modules/.bin
2026-10-07T20:58:27.9558458Z ##[endgroup]
2026-10-07T20:58:28.1409384Z Found in cache @ /opt/hostedtoolcache/node/22.23.3/x64
2026-10-07T20:58:28.1413728Z (node:1858) [DEP0040] DeprecationWarning: The `punycode` module is deprecated. Please use a userland alternative instead.
2026-10-07T20:58:28.1414500Z (Use `node --trace-deprecation ...` to show where the warning was created)
2026-10-07T20:58:28.1415760Z ##[group]Environment details
2026-10-07T20:58:30.2909340Z node: v22.23.3
2026-10-07T20:58:30.2910039Z npm: 10.9.9
2026-10-07T20:58:30.2910696Z yarn: 1.22.22
2026-10-07T20:58:30.2912174Z ##[endgroup]
2026-10-07T20:58:30.2930719Z [command]/home/runner/setup-pnpm/node_modules/.bin/pnpm store path --silent
2026-10-07T20:58:30.5787703Z /home/runner/setup-pnpm/node_modules/.bin/store/v10
2026-10-07T20:58:30.7294013Z pnpm cache is not found
2026-10-07T20:58:30.7400174Z ##[group]Run pnpm install --frozen-lockfile
2026-10-07T20:58:30.7400771Z [36;1mpnpm install --frozen-lockfile[0m
2026-10-07T20:58:30.7957977Z shell: /usr/bin/bash -e {0}
2026-10-07T20:58:30.7958399Z env:
2026-10-07T20:58:30.7958849Z   PNPM_HOME: /home/runner/setup-pnpm/node_modules/.bin
2026-10-07T20:58:30.7959513Z ##[endgroup]
2026-10-07T20:58:31.0875309Z Lockfile is up to date, resolution step is skipped
2026-10-07T20:58:31.1237256Z Progress: resolved 1, reused 0, downloaded 0, added 0
2026-10-07T20:58:31.1644168Z Packages: +408
2026-10-07T20:58:31.1650357Z ++++++++++++++++++++++++++++++++++++++++++++++++++++++++++++++++++++++++++++++++
2026-10-07T20:58:32.1251763Z Progress: resolved 408, reused 0, downloaded 200, added 199
2026-10-07T20:58:33.1241870Z Progress: resolved 408, reused 0, downloaded 269, added 247
2026-10-07T20:58:34.1295084Z Progress: resolved 408, reused 0, downloaded 401, added 397
2026-10-07T20:58:35.1302381Z Progress: resolved 408, reused 0, downloaded 407, added 407
2026-10-07T20:58:35.4057648Z Progress: resolved 408, reused 0, downloaded 408, added 408, done
2026-10-07T20:58:35.5200192Z .../node_modules/@prisma/engines postinstall$ node scripts/postinstall.js
2026-10-07T20:58:35.5429947Z .../node_modules/workerd postinstall$ node install.js
2026-10-07T20:58:35.5450618Z .../esbuild@0.28.2/node_modules/esbuild postinstall$ node install.js
2026-10-07T20:58:35.5480361Z .../esbuild@0.28.1/node_modules/esbuild postinstall$ node install.js
2026-10-07T20:58:35.5610385Z .../esbuild@0.25.12/node_modules/esbuild postinstall$ node install.js
2026-10-07T20:58:36.5435534Z .../node_modules/workerd postinstall: Done
2026-10-07T20:58:36.6586310Z .../node_modules/@prisma/engines postinstall: Done
2026-10-07T20:58:36.6650719Z .../esbuild@0.28.2/node_modules/esbuild postinstall: Done
2026-10-07T20:58:36.7748613Z .../esbuild@0.28.1/node_modules/esbuild postinstall: Done
2026-10-07T20:58:36.8915493Z .../esbuild@0.25.12/node_modules/esbuild postinstall: Done
2026-10-07T20:58:37.1876036Z .../node_modules/prisma preinstall$ node scripts/preinstall-entry.js
2026-10-07T20:58:37.2329968Z .../node_modules/prisma preinstall: Done
2026-10-07T20:58:37.5575647Z 
2026-10-07T20:58:37.5576520Z dependencies:
2026-10-07T20:58:37.5577225Z + @cloudflare/containers 0.3.7
2026-10-07T20:58:37.5577714Z + @supabase/server 1.8.0
2026-10-07T20:58:37.5578150Z + @supabase/supabase-js 2.117.0
2026-10-07T20:58:37.5578679Z + @tiptap/extension-collaboration 3.31.3
2026-10-07T20:58:37.5579382Z + @tiptap/extension-collaboration-caret 3.31.3
2026-10-07T20:58:37.5579940Z + @tiptap/react 3.31.3
2026-10-07T20:58:37.5580316Z + @tiptap/starter-kit 3.31.3
2026-10-07T20:58:37.5580782Z + @vitejs/plugin-react 5.2.0
2026-10-07T20:58:37.5581157Z + cross-env 10.1.0
2026-10-07T20:58:37.5581520Z + dotenv 17.4.2
2026-10-07T20:58:37.5581919Z + esbuild 0.25.12
2026-10-07T20:58:37.5582392Z + esbuild-wasm 0.25.12
2026-10-07T20:58:37.5582813Z + express 5.2.1
2026-10-07T20:58:37.5583186Z + lucide-react 0.468.0
2026-10-07T20:58:37.5583582Z + react 19.2.8
2026-10-07T20:58:37.5584033Z + react-dom 19.2.8
2026-10-07T20:58:37.5584435Z + vite 7.3.6
2026-10-07T20:58:37.5584856Z + ws 8.21.3
2026-10-07T20:58:37.5585228Z + y-protocols 1.0.7
2026-10-07T20:58:37.5585570Z + yjs 13.6.32
2026-10-07T20:58:37.5585837Z 
2026-10-07T20:58:37.5585999Z devDependencies:
2026-10-07T20:58:37.5586438Z + @prisma/adapter-pg 7.10.0
2026-10-07T20:58:37.5586933Z + @prisma/client 7.10.0
2026-10-07T20:58:37.5587431Z + @types/express 5.0.6
2026-10-07T20:58:37.5587831Z + @types/node 22.20.1
2026-10-07T20:58:37.5588267Z + @types/pg 8.23.1
2026-10-07T20:58:37.5588658Z + @types/react 19.2.18
2026-10-07T20:58:37.5589257Z + @types/react-dom 19.2.7
2026-10-07T20:58:37.5589728Z + @types/ws 8.18.1
2026-10-07T20:58:37.5590131Z + pg 8.23.0
2026-10-07T20:58:37.5590542Z + prisma 7.10.0
2026-10-07T20:58:37.5590892Z + tsx 4.23.13
2026-10-07T20:58:37.5591280Z + typescript 5.9.3
2026-10-07T20:58:37.5591700Z + wrangler 4.131.1
2026-10-07T20:58:37.5591937Z 
2026-10-07T20:58:37.6716073Z Done in 6.8s using pnpm v10.18.3
2026-10-07T20:58:37.8374721Z ##[group]Run pnpm check:boundaries
2026-10-07T20:58:37.8375124Z [36;1mpnpm check:boundaries[0m
2026-10-07T20:58:37.8413898Z shell: /usr/bin/bash -e {0}
2026-10-07T20:58:37.8414311Z env:
2026-10-07T20:58:37.8414669Z   PNPM_HOME: /home/runner/setup-pnpm/node_modules/.bin
2026-10-07T20:58:37.8415081Z ##[endgroup]
2026-10-07T20:58:38.0725883Z 
2026-10-07T20:58:38.0727001Z > cocreate@1.0.0 check:boundaries /home/runner/work/Cocreate/Cocreate
2026-10-07T20:58:38.0727944Z > tsx scripts/codebase-audit.ts --check
2026-10-07T20:58:38.0728321Z 
2026-10-07T20:58:39.4786248Z Audited 139 files; 1 static candidates; 0 boundary violations.
2026-10-07T20:58:39.4787603Z Jev: 0 physical requests, 0 input tokens with known usage, known-usage estimate $0.000000; unknown requests retain their reservation.
2026-10-07T20:58:39.4788185Z Report: artifacts/codebase-audit/report.json
2026-10-07T20:58:39.5030204Z ##[group]Run pnpm build
2026-10-07T20:58:39.5030493Z [36;1mpnpm build[0m
2026-10-07T20:58:39.5066782Z shell: /usr/bin/bash -e {0}
2026-10-07T20:58:39.5067043Z env:
2026-10-07T20:58:39.5067282Z   PNPM_HOME: /home/runner/setup-pnpm/node_modules/.bin
2026-10-07T20:58:39.5067554Z ##[endgroup]
2026-10-07T20:58:39.7340426Z 
2026-10-07T20:58:39.7341164Z > cocreate@1.0.0 build /home/runner/work/Cocreate/Cocreate
2026-10-07T20:58:39.7342291Z > tsc --noEmit && vite build --configLoader runner
2026-10-07T20:58:39.7342597Z 
2026-10-07T20:58:45.7710746Z [36mvite v7.3.6 [32mbuilding client environment for production...[36m[39m
2026-10-07T20:58:45.8290911Z transforming...
2026-10-07T20:58:48.5896130Z [32m✓[39m 1749 modules transformed.
2026-10-07T20:58:48.7908661Z rendering chunks...
2026-10-07T20:58:49.0036248Z computing gzip size...
2026-10-07T20:58:49.0250143Z [2mdist/[22m[32mindex.html                           [39m[1m[2m  0.44 kB[22m[1m[22m[2m │ gzip:   0.30 kB[22m
2026-10-07T20:58:49.0251562Z [2mdist/[22m[2massets/[22m[35mApp-BqUO_rW7.css              [39m[1m[2m  2.56 kB[22m[1m[22m[2m │ gzip:   0.85 kB[22m
2026-10-07T20:58:49.0252726Z [2mdist/[22m[2massets/[22m[35mLandingPage-CNj4pefA.css      [39m[1m[2m 13.13 kB[22m[1m[22m[2m │ gzip:   2.95 kB[22m
2026-10-07T20:58:49.0253658Z [2mdist/[22m[2massets/[22m[35mindex-cyLHvudv.css            [39m[1m[2m 75.38 kB[22m[1m[22m[2m │ gzip:  14.48 kB[22m
2026-10-07T20:58:49.0254406Z [2mdist/[22m[2massets/[22m[36musers-S0nR_fpD.js             [39m[1m[2m  0.69 kB[22m[1m[22m[2m │ gzip:   0.39 kB[22m
2026-10-07T20:58:49.0255272Z [2mdist/[22m[2massets/[22m[36mcreateLucideIcon-DS0f-70M.js  [39m[1m[2m  0.89 kB[22m[1m[22m[2m │ gzip:   0.55 kB[22m
2026-10-07T20:58:49.0256112Z [2mdist/[22m[2massets/[22m[36mx-CYlEPbUI.js                 [39m[1m[2m  1.70 kB[22m[1m[22m[2m │ gzip:   0.78 kB[22m
2026-10-07T20:58:49.0256844Z [2mdist/[22m[2massets/[22m[36mLandingPage-CklZAjP2.js       [39m[1m[2m 15.33 kB[22m[1m[22m[2m │ gzip:   4.92 kB[22m
2026-10-07T20:58:49.0257673Z [2mdist/[22m[2massets/[22m[36mProjectApp-CEhcL8gy.js        [39m[1m[2m 29.68 kB[22m[1m[22m[2m │ gzip:   9.01 kB[22m
2026-10-07T20:58:49.0258707Z [2mdist/[22m[2massets/[22m[36mindex-5SCWldx6.js             [39m[1m[2m421.72 kB[22m[1m[22m[2m │ gzip: 121.23 kB[22m
2026-10-07T20:58:49.0259609Z [2mdist/[22m[2massets/[22m[36mApp-thYYHyMP.js               [39m[1m[33m583.75 kB[39m[22m[2m │ gzip: 185.76 kB[22m
2026-10-07T20:58:49.0260132Z [33m
2026-10-07T20:58:49.0260502Z (!) Some chunks are larger than 500 kB after minification. Consider:
2026-10-07T20:58:49.0260949Z - Using dynamic import() to code-split the application
2026-10-07T20:58:49.0261694Z - Use build.rollupOptions.output.manualChunks to improve chunking: https://rollupjs.org/configuration-options/#output-manualchunks
2026-10-07T20:58:49.0262469Z - Adjust chunk size limit for this warning via build.chunkSizeWarningLimit.[39m
2026-10-07T20:58:49.0263147Z [32m✓ built in 3.23s[39m
2026-10-07T20:58:49.0668695Z ##[group]Run node --input-type=module <<'NODE'
2026-10-07T20:58:49.0669464Z [36;1mnode --input-type=module <<'NODE'[0m
2026-10-07T20:58:49.0669843Z [36;1mimport fs from 'node:fs';[0m
2026-10-07T20:58:49.0670249Z [36;1mimport {spawnSync} from 'node:child_process';[0m
2026-10-07T20:58:49.0670937Z [36;1mconst {image_vars} = JSON.parse(fs.readFileSync('wrangler.jsonc', 'utf8')).containers[0];[0m
2026-10-07T20:58:49.0671902Z [36;1mconst names = ['VITE_COCREATE_AUTH_MODE', 'VITE_COCREATE_APP_ORIGIN', 'VITE_SUPABASE_URL', 'VITE_SUPABASE_PUBLISHABLE_KEY'];[0m
2026-10-07T20:58:49.0672737Z [36;1mconst args = ['build', '--tag', 'cocreate-check'];[0m
2026-10-07T20:58:49.0673170Z [36;1mfor (const name of names) {[0m
2026-10-07T20:58:49.0673847Z [36;1m  if (typeof image_vars[name] !== 'string') throw new Error(`Missing public build variable: ${name}`);[0m
2026-10-07T20:58:49.0674600Z [36;1m  args.push('--build-arg', `${name}=${image_vars[name]}`);[0m
2026-10-07T20:58:49.0675135Z [36;1m}[0m
2026-10-07T20:58:49.0675548Z [36;1mconst result = spawnSync('docker', [...args, '.'], {stdio: 'inherit'});[0m
2026-10-07T20:58:49.0676099Z [36;1mif (result.error) throw result.error;[0m
2026-10-07T20:58:49.0676494Z [36;1mprocess.exit(result.status ?? 1);[0m
2026-10-07T20:58:49.0676864Z [36;1mNODE[0m
2026-10-07T20:58:49.0733104Z shell: /usr/bin/bash -e {0}
2026-10-07T20:58:49.0733484Z env:
2026-10-07T20:58:49.0733852Z   PNPM_HOME: /home/runner/setup-pnpm/node_modules/.bin
2026-10-07T20:58:49.0734326Z ##[endgroup]
2026-10-07T20:58:49.9649431Z #0 building with "default" instance using docker driver
2026-10-07T20:58:49.9655507Z 
2026-10-07T20:58:49.9656163Z #1 [internal] load build definition from Dockerfile
2026-10-07T20:58:49.9656734Z #1 transferring dockerfile: 974B done
2026-10-07T20:58:49.9657139Z #1 DONE 0.0s
2026-10-07T20:58:49.9657259Z 
2026-10-07T20:58:49.9657462Z #2 [auth] library/node:pull token for registry-1.docker.io
2026-10-07T20:58:50.1145164Z #2 DONE 0.0s
2026-10-07T20:58:50.1145434Z 
2026-10-07T20:58:50.1145770Z #3 [internal] load metadata for docker.io/library/node:22-bookworm-slim
2026-10-07T20:58:50.4566174Z #3 DONE 0.6s
2026-10-07T20:58:50.5713248Z 
2026-10-07T20:58:50.5713867Z #4 [internal] load .dockerignore
2026-10-07T20:58:50.5714338Z #4 transferring context: 248B done
2026-10-07T20:58:50.5714683Z #4 DONE 0.0s
2026-10-07T20:58:50.5715036Z 
2026-10-07T20:58:50.5715854Z #5 [1/9] FROM docker.io/library/node:22-bookworm-slim@sha256:c3de60bf2f9dd0ac6370e6117950ff62d6e339527e7472301c9c78a017978392
2026-10-07T20:58:50.5717203Z #5 resolve docker.io/library/node:22-bookworm-slim@sha256:c3de60bf2f9dd0ac6370e6117950ff62d6e339527e7472301c9c78a017978392 done
2026-10-07T20:58:50.6734042Z #5 ...
2026-10-07T20:58:50.6734225Z 
2026-10-07T20:58:50.6734871Z #6 [internal] load build context
2026-10-07T20:58:50.6735305Z #6 transferring context: 17.33MB 0.1s done
2026-10-07T20:58:50.6735628Z #6 DONE 0.1s
2026-10-07T20:58:50.6735735Z 
2026-10-07T20:58:50.6737611Z #5 [1/9] FROM docker.io/library/node:22-bookworm-slim@sha256:c3de60bf2f9dd0ac6370e6117950ff62d6e339527e7472301c9c78a017978392
2026-10-07T20:58:50.6739646Z #5 sha256:c3de60bf2f9dd0ac6370e6117950ff62d6e339527e7472301c9c78a017978392 5.22kB / 5.22kB done
2026-10-07T20:58:50.6741586Z #5 sha256:efd0ab5780c2d9ab1f0f869571a00d5edb17793bff4cce4a2792e3eb0ffc7562 1.93kB / 1.93kB done
2026-10-07T20:58:50.6744062Z #5 sha256:d0a16be756b6ec6658aecb8b7bcf87fa6c7d0d7fcc6ca53ad14bb49a4c90bdd7 6.77kB / 6.77kB done
2026-10-07T20:58:50.6745861Z #5 sha256:7fd1ebe418b5079d4aa36f416af9b143d127bc75b0155d71cb5fd559b5e04d39 28.25MB / 28.25MB 0.2s
2026-10-07T20:58:50.6747984Z #5 sha256:f0400f4b55b0ad346bf6167a1b64a258e4d73db608c457798ce35e4ffeebfaaf 3.31kB / 3.31kB 0.1s done
2026-10-07T20:58:50.6749988Z #5 sha256:d22c69a95cf463f4cb74462bd2899597ce505d82bd4c01ceddf7845e12f13856 3.15MB / 49.84MB 0.2s
2026-10-07T20:58:50.6751924Z #5 sha256:2cfab517365cfc6b4bd1f8c4cb01754884ef75bc38758b3c41e291c696f019f5 1.71MB / 1.71MB 0.2s
2026-10-07T20:58:50.8245956Z #5 sha256:d22c69a95cf463f4cb74462bd2899597ce505d82bd4c01ceddf7845e12f13856 26.21MB / 49.84MB 0.3s
2026-10-07T20:58:50.8248473Z #5 extracting sha256:7fd1ebe418b5079d4aa36f416af9b143d127bc75b0155d71cb5fd559b5e04d39
2026-10-07T20:58:50.9276271Z #5 sha256:7fd1ebe418b5079d4aa36f416af9b143d127bc75b0155d71cb5fd559b5e04d39 28.25MB / 28.25MB 0.3s done
2026-10-07T20:58:50.9277488Z #5 sha256:d22c69a95cf463f4cb74462bd2899597ce505d82bd4c01ceddf7845e12f13856 49.84MB / 49.84MB 0.4s
2026-10-07T20:58:50.9279414Z #5 sha256:2cfab517365cfc6b4bd1f8c4cb01754884ef75bc38758b3c41e291c696f019f5 1.71MB / 1.71MB 0.3s done
2026-10-07T20:58:50.9280814Z #5 sha256:a8de9fa052209313d8e45435a8486e29b20eebaa820e2e7f63a7c3c94b4fa567 448B / 448B 0.4s
2026-10-07T20:58:51.2598423Z #5 sha256:d22c69a95cf463f4cb74462bd2899597ce505d82bd4c01ceddf7845e12f13856 49.84MB / 49.84MB 0.6s done
2026-10-07T20:58:51.2600346Z #5 sha256:a8de9fa052209313d8e45435a8486e29b20eebaa820e2e7f63a7c3c94b4fa567 448B / 448B 0.6s done
2026-10-07T20:58:51.7405031Z #5 extracting sha256:7fd1ebe418b5079d4aa36f416af9b143d127bc75b0155d71cb5fd559b5e04d39 0.7s done
2026-10-07T20:58:51.7405754Z #5 extracting sha256:f0400f4b55b0ad346bf6167a1b64a258e4d73db608c457798ce35e4ffeebfaaf done
2026-10-07T20:58:55.7539592Z #5 extracting sha256:d22c69a95cf463f4cb74462bd2899597ce505d82bd4c01ceddf7845e12f13856
2026-10-07T20:58:56.8950229Z #5 extracting sha256:d22c69a95cf463f4cb74462bd2899597ce505d82bd4c01ceddf7845e12f13856 1.0s done
2026-10-07T20:58:57.6089137Z #5 extracting sha256:2cfab517365cfc6b4bd1f8c4cb01754884ef75bc38758b3c41e291c696f019f5
2026-10-07T20:58:57.7093691Z #5 extracting sha256:2cfab517365cfc6b4bd1f8c4cb01754884ef75bc38758b3c41e291c696f019f5 0.0s done
2026-10-07T20:58:57.7094803Z #5 extracting sha256:a8de9fa052209313d8e45435a8486e29b20eebaa820e2e7f63a7c3c94b4fa567 done
2026-10-07T20:58:57.7095525Z #5 DONE 7.2s
2026-10-07T20:58:57.8664984Z 
2026-10-07T20:58:57.8666110Z #7 [2/9] WORKDIR /app
2026-10-07T20:58:57.8666799Z #7 DONE 0.0s
2026-10-07T20:58:57.8667205Z 
2026-10-07T20:58:57.8667578Z #8 [3/9] RUN corepack enable
2026-10-07T20:58:57.8860170Z #8 DONE 0.2s
2026-10-07T20:58:58.0374098Z 
2026-10-07T20:58:58.0375274Z #9 [4/9] RUN apt-get update && apt-get install -y --no-install-recommends bubblewrap util-linux chromium && rm -rf /var/lib/apt/lists/*
2026-10-07T20:58:58.1665503Z #9 0.280 Get:1 http://deb.debian.org/debian bookworm InRelease [151 kB]
2026-10-07T20:58:58.3326420Z #9 0.316 Get:2 http://deb.debian.org/debian bookworm-updates InRelease [55.4 kB]
2026-10-07T20:58:58.3327794Z #9 0.328 Get:3 http://deb.debian.org/debian-security bookworm-security InRelease [34.8 kB]
2026-10-07T20:58:58.3328890Z #9 0.360 Get:4 http://deb.debian.org/debian bookworm/main amd64 Packages [8790 kB]
2026-10-07T20:58:58.3329943Z #9 0.445 Get:5 http://deb.debian.org/debian bookworm-updates/main amd64 Packages [6924 B]
2026-10-07T20:58:58.4830756Z #9 0.446 Get:6 http://deb.debian.org/debian-security bookworm-security/main amd64 Packages [349 kB]
2026-10-07T20:58:59.0844036Z #9 1.197 Fetched 9388 kB in 1s (9807 kB/s)
2026-10-07T20:58:59.4731254Z #9 1.197 Reading package lists...
2026-10-07T20:58:59.8562426Z #9 1.600 Reading package lists...
2026-10-07T20:59:00.0491333Z #9 1.981 Building dependency tree...
2026-10-07T20:59:00.0491799Z #9 2.053 Reading state information...
2026-10-07T20:59:00.0492265Z #9 2.162 util-linux is already the newest version (2.38.1-5+deb12u3).
2026-10-07T20:59:00.0492742Z #9 2.162 util-linux set to manually installed.
2026-10-07T20:59:00.0493182Z #9 2.162 The following additional packages will be installed:
2026-10-07T20:59:00.0493758Z #9 2.162   adwaita-icon-theme at-spi2-common chromium-common dbus dbus-bin dbus-daemon
2026-10-07T20:59:00.0494337Z #9 2.162   dbus-session-bus-common dbus-system-bus-common dbus-user-session
2026-10-07T20:59:00.0494916Z #9 2.162   dconf-gsettings-backend dconf-service dmsetup fontconfig fontconfig-config
2026-10-07T20:59:00.0495515Z #9 2.162   fonts-dejavu-core gtk-update-icon-cache hicolor-icon-theme libapparmor1
2026-10-07T20:59:00.0496486Z #9 2.162   libargon2-1 libasound2 libasound2-data libasyncns0 libatk-bridge2.0-0
2026-10-07T20:59:00.0497063Z #9 2.162   libatk1.0-0 libatspi2.0-0 libavahi-client3 libavahi-common-data
2026-10-07T20:59:00.2009177Z #9 2.164   libavahi-common3 libbrotli1 libbsd0 libcairo-gobject2 libcairo2 libcolord2
2026-10-07T20:59:00.2010191Z #9 2.164   libcryptsetup12 libcups2 libdatrie1 libdav1d6 libdbus-1-3 libdconf1
2026-10-07T20:59:00.2011082Z #9 2.164   libdeflate0 libdevmapper1.02.1 libdouble-conversion3 libdrm-amdgpu1
2026-10-07T20:59:00.2011997Z #9 2.164   libdrm-common libdrm-intel1 libdrm-nouveau2 libdrm-radeon1 libdrm2 libedit2
2026-10-07T20:59:00.2013117Z #9 2.164   libelf1 libepoxy0 libexpat1 libfdisk1 libflac12 libfontconfig1 libfontenc1
2026-10-07T20:59:00.2013741Z #9 2.164   libfreetype6 libfribidi0 libgbm1 libgdk-pixbuf-2.0-0 libgdk-pixbuf2.0-common
2026-10-07T20:59:00.2014381Z #9 2.164   libgl1 libgl1-mesa-dri libglapi-mesa libglib2.0-0 libglvnd0 libglx-mesa0
2026-10-07T20:59:00.2014997Z #9 2.164   libglx0 libgraphite2-3 libgssapi-krb5-2 libgtk-3-0 libgtk-3-common
2026-10-07T20:59:00.2015590Z #9 2.164   libharfbuzz-subset0 libharfbuzz0b libice6 libicu72 libip4tc2 libjbig0
2026-10-07T20:59:00.2016251Z #9 2.164   libjpeg62-turbo libjson-c5 libk5crypto3 libkeyutils1 libkmod2 libkrb5-3
2026-10-07T20:59:00.2016861Z #9 2.164   libkrb5support0 liblcms2-2 liblerc4 libllvm15 libminizip1 libmp3lame0
2026-10-07T20:59:00.2017769Z #9 2.164   libmpg123-0 libncursesw6 libnspr4 libnss3 libogg0 libopenh264-7 libopenjp2-7
2026-10-07T20:59:00.2018382Z #9 2.164   libopus0 libpam-systemd libpango-1.0-0 libpangocairo-1.0-0 libpangoft2-1.0-0
2026-10-07T20:59:00.2018965Z #9 2.164   libpciaccess0 libpixman-1-0 libpng16-16 libproc2-0 libpulse0
2026-10-07T20:59:00.2019824Z #9 2.164   libsensors-config libsensors5 libsm6 libsndfile1 libsqlite3-0 libssl3
2026-10-07T20:59:00.2020425Z #9 2.164   libsystemd-shared libthai-data libthai0 libtiff6 libvorbis0a libvorbisenc2
2026-10-07T20:59:00.2021015Z #9 2.164   libwayland-client0 libwayland-cursor0 libwayland-egl1 libwayland-server0
2026-10-07T20:59:00.2021605Z #9 2.164   libwebp7 libx11-6 libx11-data libx11-xcb1 libxau6 libxaw7 libxcb-dri2-0
2026-10-07T20:59:00.2022178Z #9 2.164   libxcb-dri3-0 libxcb-glx0 libxcb-present0 libxcb-randr0 libxcb-render0
2026-10-07T20:59:00.2022807Z #9 2.164   libxcb-shape0 libxcb-shm0 libxcb-sync1 libxcb-xfixes0 libxcb1 libxcomposite1
2026-10-07T20:59:00.2023374Z #9 2.164   libxcursor1 libxdamage1 libxdmcp6 libxext6 libxfixes3 libxft2 libxi6
2026-10-07T20:59:00.2023934Z #9 2.164   libxinerama1 libxkbcommon0 libxkbfile1 libxml2 libxmu6 libxmuu1 libxnvctrl0
2026-10-07T20:59:00.2024436Z #9 2.164   libxpm4 libxrandr2 libxrender1 libxshmfence1 libxt6 libxtst6 libxv1
2026-10-07T20:59:00.2024909Z #9 2.164   libxxf86dga1 libxxf86vm1 libz3-4 procps shared-mime-info systemd
2026-10-07T20:59:00.2025331Z #9 2.164   systemd-sysv x11-common x11-utils xdg-utils xkb-data
2026-10-07T20:59:00.2025640Z #9 2.164 Suggested packages:
2026-10-07T20:59:00.2026053Z #9 2.164   chromium-l10n chromium-shell chromium-driver libasound2-plugins alsa-utils
2026-10-07T20:59:00.2026581Z #9 2.164   colord cups-common low-memory-monitor krb5-doc krb5-user gvfs liblcms2-utils
2026-10-07T20:59:00.2027098Z #9 2.164   opus-tools pciutils pulseaudio lm-sensors systemd-container systemd-homed
2026-10-07T20:59:00.2027589Z #9 2.164   systemd-userdbd systemd-boot systemd-resolved libfido2-1 libqrencode4
2026-10-07T20:59:00.2028064Z #9 2.164   libtss2-esys-3.0.2-0 libtss2-mu0 libtss2-rc0 polkitd | policykit-1
2026-10-07T20:59:00.2028398Z #9 2.164   mesa-utils
2026-10-07T20:59:00.2028632Z #9 2.164 Recommended packages:
2026-10-07T20:59:00.2029097Z #9 2.164   librsvg2-common upower udev fonts-liberation notification-daemon
2026-10-07T20:59:00.2029716Z #9 2.164   system-config-printer alsa-ucm-conf alsa-topology-conf at-spi2-core
2026-10-07T20:59:00.2030209Z #9 2.164   libgdk-pixbuf2.0-bin libglib2.0-data xdg-user-dirs libgtk-3-bin krb5-locales
2026-10-07T20:59:00.2030680Z #9 2.164   libgpm2 psmisc systemd-timesyncd | time-daemon libnss-systemd
2026-10-07T20:59:00.2031210Z #9 2.164   libfile-mimeinfo-perl libnet-dbus-perl libx11-protocol-perl
2026-10-07T20:59:00.2031525Z #9 2.164   x11-xserver-utils
2026-10-07T20:59:00.6266570Z #9 2.740 The following NEW packages will be installed:
2026-10-07T20:59:00.6267494Z #9 2.740   adwaita-icon-theme at-spi2-common bubblewrap chromium chromium-common dbus
2026-10-07T20:59:00.6268953Z #9 2.740   dbus-bin dbus-daemon dbus-session-bus-common dbus-system-bus-common
2026-10-07T20:59:00.7287971Z #9 2.740   dbus-user-session dconf-gsettings-backend dconf-service dmsetup fontconfig
2026-10-07T20:59:00.7289977Z #9 2.740   fontconfig-config fonts-dejavu-core gtk-update-icon-cache hicolor-icon-theme
2026-10-07T20:59:00.7291092Z #9 2.743   libapparmor1 libargon2-1 libasound2 libasound2-data libasyncns0
2026-10-07T20:59:00.7292725Z #9 2.743   libatk-bridge2.0-0 libatk1.0-0 libatspi2.0-0 libavahi-client3
2026-10-07T20:59:00.7293452Z #9 2.743   libavahi-common-data libavahi-common3 libbrotli1 libbsd0 libcairo-gobject2
2026-10-07T20:59:00.7294508Z #9 2.743   libcairo2 libcolord2 libcryptsetup12 libcups2 libdatrie1 libdav1d6
2026-10-07T20:59:00.7295019Z #9 2.743   libdbus-1-3 libdconf1 libdeflate0 libdevmapper1.02.1 libdouble-conversion3
2026-10-07T20:59:00.7296216Z #9 2.743   libdrm-amdgpu1 libdrm-common libdrm-intel1 libdrm-nouveau2 libdrm-radeon1
2026-10-07T20:59:00.7296963Z #9 2.743   libdrm2 libedit2 libelf1 libepoxy0 libexpat1 libfdisk1 libflac12
2026-10-07T20:59:00.7297391Z #9 2.743   libfontconfig1 libfontenc1 libfreetype6 libfribidi0 libgbm1
2026-10-07T20:59:00.7297834Z #9 2.743   libgdk-pixbuf-2.0-0 libgdk-pixbuf2.0-common libgl1 libgl1-mesa-dri
2026-10-07T20:59:00.7299275Z #9 2.743   libglapi-mesa libglib2.0-0 libglvnd0 libglx-mesa0 libglx0 libgraphite2-3
2026-10-07T20:59:00.7299753Z #9 2.743   libgssapi-krb5-2 libgtk-3-0 libgtk-3-common libharfbuzz-subset0
2026-10-07T20:59:00.7300233Z #9 2.743   libharfbuzz0b libice6 libicu72 libip4tc2 libjbig0 libjpeg62-turbo libjson-c5
2026-10-07T20:59:00.7301594Z #9 2.743   libk5crypto3 libkeyutils1 libkmod2 libkrb5-3 libkrb5support0 liblcms2-2
2026-10-07T20:59:00.7302128Z #9 2.743   liblerc4 libllvm15 libminizip1 libmp3lame0 libmpg123-0 libncursesw6 libnspr4
2026-10-07T20:59:00.7302605Z #9 2.743   libnss3 libogg0 libopenh264-7 libopenjp2-7 libopus0 libpam-systemd
2026-10-07T20:59:00.7303041Z #9 2.743   libpango-1.0-0 libpangocairo-1.0-0 libpangoft2-1.0-0 libpciaccess0
2026-10-07T20:59:00.7303507Z #9 2.743   libpixman-1-0 libpng16-16 libproc2-0 libpulse0 libsensors-config libsensors5
2026-10-07T20:59:00.7304001Z #9 2.743   libsm6 libsndfile1 libsqlite3-0 libssl3 libsystemd-shared libthai-data
2026-10-07T20:59:00.7305223Z #9 2.743   libthai0 libtiff6 libvorbis0a libvorbisenc2 libwayland-client0
2026-10-07T20:59:00.7305685Z #9 2.743   libwayland-cursor0 libwayland-egl1 libwayland-server0 libwebp7 libx11-6
2026-10-07T20:59:00.7306146Z #9 2.743   libx11-data libx11-xcb1 libxau6 libxaw7 libxcb-dri2-0 libxcb-dri3-0
2026-10-07T20:59:00.7307225Z #9 2.743   libxcb-glx0 libxcb-present0 libxcb-randr0 libxcb-render0 libxcb-shape0
2026-10-07T20:59:00.7307882Z #9 2.743   libxcb-shm0 libxcb-sync1 libxcb-xfixes0 libxcb1 libxcomposite1 libxcursor1
2026-10-07T20:59:00.7309391Z #9 2.743   libxdamage1 libxdmcp6 libxext6 libxfixes3 libxft2 libxi6 libxinerama1
2026-10-07T20:59:00.7309876Z #9 2.743   libxkbcommon0 libxkbfile1 libxml2 libxmu6 libxmuu1 libxnvctrl0 libxpm4
2026-10-07T20:59:00.7310353Z #9 2.743   libxrandr2 libxrender1 libxshmfence1 libxt6 libxtst6 libxv1 libxxf86dga1
2026-10-07T20:59:00.7310831Z #9 2.743   libxxf86vm1 libz3-4 procps shared-mime-info systemd systemd-sysv x11-common
2026-10-07T20:59:00.7311199Z #9 2.743   x11-utils xdg-utils xkb-data
2026-10-07T20:59:00.7311550Z #9 2.776 0 upgraded, 175 newly installed, 0 to remove and 1 not upgraded.
2026-10-07T20:59:00.7311888Z #9 2.776 Need to get 206 MB of archives.
2026-10-07T20:59:00.7312259Z #9 2.776 After this operation, 733 MB of additional disk space will be used.
2026-10-07T20:59:00.7312991Z #9 2.776 Get:1 http://deb.debian.org/debian-security bookworm-security/main amd64 libssl3 amd64 3.0.22-1~deb12u1 [2039 kB]
2026-10-07T20:59:00.7313658Z #9 2.833 Get:2 http://deb.debian.org/debian bookworm/main amd64 libargon2-1 amd64 0~20171227-0.3+deb12u1 [19.4 kB]
2026-10-07T20:59:00.7314247Z #9 2.834 Get:3 http://deb.debian.org/debian bookworm/main amd64 dmsetup amd64 2:1.02.185-2 [82.0 kB]
2026-10-07T20:59:00.7314833Z #9 2.834 Get:4 http://deb.debian.org/debian bookworm/main amd64 libdevmapper1.02.1 amd64 2:1.02.185-2 [133 kB]
2026-10-07T20:59:00.7315411Z #9 2.834 Get:5 http://deb.debian.org/debian bookworm/main amd64 libjson-c5 amd64 0.16-2 [44.1 kB]
2026-10-07T20:59:00.7315995Z #9 2.835 Get:6 http://deb.debian.org/debian bookworm/main amd64 libcryptsetup12 amd64 2:2.6.1-4~deb12u2 [223 kB]
2026-10-07T20:59:00.7316585Z #9 2.836 Get:7 http://deb.debian.org/debian bookworm/main amd64 libfdisk1 amd64 2.38.1-5+deb12u3 [194 kB]
2026-10-07T20:59:00.7317168Z #9 2.836 Get:8 http://deb.debian.org/debian bookworm/main amd64 libkmod2 amd64 30+20221128-1 [57.9 kB]
2026-10-07T20:59:00.7317730Z #9 2.837 Get:9 http://deb.debian.org/debian bookworm/main amd64 libapparmor1 amd64 3.0.8-3 [41.2 kB]
2026-10-07T20:59:00.7318265Z #9 2.837 Get:10 http://deb.debian.org/debian bookworm/main amd64 libip4tc2 amd64 1.8.9-2 [19.0 kB]
2026-10-07T20:59:00.7318851Z #9 2.842 Get:11 http://deb.debian.org/debian bookworm/main amd64 libsystemd-shared amd64 252.39-1~deb12u2 [1696 kB]
2026-10-07T20:59:00.8410053Z #9 2.850 Get:12 http://deb.debian.org/debian bookworm/main amd64 systemd amd64 252.39-1~deb12u2 [3044 kB]
2026-10-07T20:59:00.8411574Z #9 2.859 Get:13 http://deb.debian.org/debian bookworm/main amd64 systemd-sysv amd64 252.39-1~deb12u2 [42.9 kB]
2026-10-07T20:59:00.8412724Z #9 2.860 Get:14 http://deb.debian.org/debian bookworm/main amd64 libdbus-1-3 amd64 1.14.10-1~deb12u1 [201 kB]
2026-10-07T20:59:00.8413950Z #9 2.861 Get:15 http://deb.debian.org/debian bookworm/main amd64 dbus-bin amd64 1.14.10-1~deb12u1 [105 kB]
2026-10-07T20:59:00.8415279Z #9 2.861 Get:16 http://deb.debian.org/debian bookworm/main amd64 dbus-session-bus-common all 1.14.10-1~deb12u1 [78.2 kB]
2026-10-07T20:59:00.8416521Z #9 2.861 Get:17 http://deb.debian.org/debian-security bookworm-security/main amd64 libexpat1 amd64 2.5.0-1+deb12u4 [106 kB]
2026-10-07T20:59:00.8417838Z #9 2.862 Get:18 http://deb.debian.org/debian bookworm/main amd64 dbus-daemon amd64 1.14.10-1~deb12u1 [184 kB]
2026-10-07T20:59:00.8420176Z #9 2.863 Get:19 http://deb.debian.org/debian bookworm/main amd64 dbus-system-bus-common all 1.14.10-1~deb12u1 [79.3 kB]
2026-10-07T20:59:00.8421547Z #9 2.863 Get:20 http://deb.debian.org/debian bookworm/main amd64 dbus amd64 1.14.10-1~deb12u1 [97.4 kB]
2026-10-07T20:59:00.8422586Z #9 2.863 Get:21 http://deb.debian.org/debian bookworm/main amd64 libncursesw6 amd64 6.4-4 [134 kB]
2026-10-07T20:59:00.8423403Z #9 2.869 Get:22 http://deb.debian.org/debian bookworm/main amd64 libproc2-0 amd64 2:4.0.2-3 [62.8 kB]
2026-10-07T20:59:00.8424225Z #9 2.877 Get:23 http://deb.debian.org/debian bookworm/main amd64 procps amd64 2:4.0.2-3 [709 kB]
2026-10-07T20:59:00.8424824Z #9 2.880 Get:24 http://deb.debian.org/debian bookworm/main amd64 libpam-systemd amd64 252.39-1~deb12u2 [226 kB]
2026-10-07T20:59:00.8425431Z #9 2.881 Get:25 http://deb.debian.org/debian bookworm/main amd64 hicolor-icon-theme all 0.17-2 [11.4 kB]
2026-10-07T20:59:00.8426080Z #9 2.881 Get:26 http://deb.debian.org/debian bookworm/main amd64 libgdk-pixbuf2.0-common all 2.42.10+dfsg-1+deb12u4 [307 kB]
2026-10-07T20:59:00.8426742Z #9 2.882 Get:27 http://deb.debian.org/debian bookworm/main amd64 libglib2.0-0 amd64 2.74.6-2+deb12u9 [1403 kB]
2026-10-07T20:59:00.8427344Z #9 2.887 Get:28 http://deb.debian.org/debian bookworm/main amd64 libicu72 amd64 72.1-3+deb12u1 [9376 kB]
2026-10-07T20:59:00.8427942Z #9 2.920 Get:29 http://deb.debian.org/debian bookworm/main amd64 libxml2 amd64 2.9.14+dfsg-1.3~deb12u6 [689 kB]
2026-10-07T20:59:00.8428533Z #9 2.922 Get:30 http://deb.debian.org/debian bookworm/main amd64 shared-mime-info amd64 2.2-1 [729 kB]
2026-10-07T20:59:00.8429537Z #9 2.925 Get:31 http://deb.debian.org/debian bookworm/main amd64 libjpeg62-turbo amd64 1:2.1.5-2 [166 kB]
2026-10-07T20:59:00.8430642Z #9 2.926 Get:32 http://deb.debian.org/debian-security bookworm-security/main amd64 libpng16-16 amd64 1.6.39-2+deb12u6 [277 kB]
2026-10-07T20:59:00.8431519Z #9 2.926 Get:33 http://deb.debian.org/debian bookworm/main amd64 libdeflate0 amd64 1.14-1 [61.4 kB]
2026-10-07T20:59:00.8432226Z #9 2.926 Get:34 http://deb.debian.org/debian bookworm/main amd64 libjbig0 amd64 2.1-6.1 [31.7 kB]
2026-10-07T20:59:00.8432964Z #9 2.927 Get:35 http://deb.debian.org/debian bookworm/main amd64 liblerc4 amd64 4.0.0+ds-2 [170 kB]
2026-10-07T20:59:00.8434015Z #9 2.927 Get:36 http://deb.debian.org/debian bookworm/main amd64 libwebp7 amd64 1.2.4-0.2+deb12u1 [286 kB]
2026-10-07T20:59:00.8434888Z #9 2.928 Get:37 http://deb.debian.org/debian bookworm/main amd64 libtiff6 amd64 4.5.0-6+deb12u4 [316 kB]
2026-10-07T20:59:00.8436046Z #9 2.930 Get:38 http://deb.debian.org/debian bookworm/main amd64 libgdk-pixbuf-2.0-0 amd64 2.42.10+dfsg-1+deb12u4 [139 kB]
2026-10-07T20:59:00.8436724Z #9 2.938 Get:39 http://deb.debian.org/debian bookworm/main amd64 gtk-update-icon-cache amd64 3.24.38-2~deb12u3 [44.2 kB]
2026-10-07T20:59:00.8437315Z #9 2.938 Get:40 http://deb.debian.org/debian bookworm/main amd64 adwaita-icon-theme all 43-1 [5124 kB]
2026-10-07T20:59:00.8438005Z #9 2.954 Get:41 http://deb.debian.org/debian bookworm/main amd64 at-spi2-common all 2.46.0-5 [162 kB]
2026-10-07T20:59:00.9421258Z #9 2.955 Get:42 http://deb.debian.org/debian bookworm/main amd64 bubblewrap amd64 0.8.0-2+deb12u1 [47.3 kB]
2026-10-07T20:59:00.9422245Z #9 2.955 Get:43 http://deb.debian.org/debian bookworm/main amd64 libasound2-data all 1.2.8-1 [20.5 kB]
2026-10-07T20:59:00.9423234Z #9 2.956 Get:44 http://deb.debian.org/debian bookworm/main amd64 libasound2 amd64 1.2.8-1+b1 [362 kB]
2026-10-07T20:59:00.9424268Z #9 2.957 Get:45 http://deb.debian.org/debian bookworm/main amd64 libatk1.0-0 amd64 2.46.0-5 [49.6 kB]
2026-10-07T20:59:00.9425155Z #9 2.958 Get:46 http://deb.debian.org/debian bookworm/main amd64 libxau6 amd64 1:1.0.9-1 [19.7 kB]
2026-10-07T20:59:00.9425977Z #9 2.958 Get:47 http://deb.debian.org/debian bookworm/main amd64 libbsd0 amd64 0.11.7-2 [117 kB]
2026-10-07T20:59:00.9426925Z #9 2.958 Get:48 http://deb.debian.org/debian bookworm/main amd64 libxdmcp6 amd64 1:1.1.2-3 [26.3 kB]
2026-10-07T20:59:00.9427858Z #9 2.958 Get:49 http://deb.debian.org/debian bookworm/main amd64 libxcb1 amd64 1.15-1 [144 kB]
2026-10-07T20:59:00.9428806Z #9 2.964 Get:50 http://deb.debian.org/debian bookworm/main amd64 libx11-data all 2:1.8.4-2+deb12u2 [292 kB]
2026-10-07T20:59:00.9430306Z #9 2.972 Get:51 http://deb.debian.org/debian bookworm/main amd64 libx11-6 amd64 2:1.8.4-2+deb12u2 [760 kB]
2026-10-07T20:59:00.9431244Z #9 2.975 Get:52 http://deb.debian.org/debian bookworm/main amd64 libxext6 amd64 2:1.3.4-1+b1 [52.9 kB]
2026-10-07T20:59:00.9432209Z #9 2.975 Get:53 http://deb.debian.org/debian bookworm/main amd64 libxi6 amd64 2:1.8-1+b1 [84.2 kB]
2026-10-07T20:59:00.9433115Z #9 2.976 Get:54 http://deb.debian.org/debian bookworm/main amd64 libatspi2.0-0 amd64 2.46.0-5 [75.4 kB]
2026-10-07T20:59:00.9434011Z #9 2.976 Get:55 http://deb.debian.org/debian bookworm/main amd64 libatk-bridge2.0-0 amd64 2.46.0-5 [64.6 kB]
2026-10-07T20:59:00.9434904Z #9 2.976 Get:56 http://deb.debian.org/debian bookworm/main amd64 libbrotli1 amd64 1.0.9-2+b6 [275 kB]
2026-10-07T20:59:00.9435919Z #9 2.977 Get:57 http://deb.debian.org/debian bookworm/main amd64 libfreetype6 amd64 2.12.1+dfsg-5+deb12u4 [398 kB]
2026-10-07T20:59:00.9436884Z #9 2.979 Get:58 http://deb.debian.org/debian bookworm/main amd64 fonts-dejavu-core all 2.37-6 [1068 kB]
2026-10-07T20:59:00.9437769Z #9 2.982 Get:59 http://deb.debian.org/debian bookworm/main amd64 fontconfig-config amd64 2.14.1-4 [315 kB]
2026-10-07T20:59:00.9438736Z #9 2.983 Get:60 http://deb.debian.org/debian bookworm/main amd64 libfontconfig1 amd64 2.14.1-4 [386 kB]
2026-10-07T20:59:00.9440245Z #9 2.989 Get:61 http://deb.debian.org/debian bookworm/main amd64 libpixman-1-0 amd64 0.42.2-1 [546 kB]
2026-10-07T20:59:00.9440937Z #9 2.991 Get:62 http://deb.debian.org/debian bookworm/main amd64 libxcb-render0 amd64 1.15-1 [115 kB]
2026-10-07T20:59:00.9441486Z #9 2.992 Get:63 http://deb.debian.org/debian bookworm/main amd64 libxcb-shm0 amd64 1.15-1 [105 kB]
2026-10-07T20:59:00.9442061Z #9 2.992 Get:64 http://deb.debian.org/debian bookworm/main amd64 libxrender1 amd64 1:0.9.10-1.1 [33.2 kB]
2026-10-07T20:59:00.9442611Z #9 2.992 Get:65 http://deb.debian.org/debian bookworm/main amd64 libcairo2 amd64 1.16.0-7 [575 kB]
2026-10-07T20:59:00.9443193Z #9 2.994 Get:66 http://deb.debian.org/debian bookworm/main amd64 libavahi-common-data amd64 0.8-10+deb12u1 [107 kB]
2026-10-07T20:59:00.9443822Z #9 2.995 Get:67 http://deb.debian.org/debian bookworm/main amd64 libavahi-common3 amd64 0.8-10+deb12u1 [42.1 kB]
2026-10-07T20:59:00.9444429Z #9 2.998 Get:68 http://deb.debian.org/debian bookworm/main amd64 libavahi-client3 amd64 0.8-10+deb12u1 [45.8 kB]
2026-10-07T20:59:00.9445045Z #9 2.998 Get:69 http://deb.debian.org/debian bookworm/main amd64 libkrb5support0 amd64 1.20.1-2+deb12u5 [33.2 kB]
2026-10-07T20:59:00.9445648Z #9 2.999 Get:70 http://deb.debian.org/debian bookworm/main amd64 libk5crypto3 amd64 1.20.1-2+deb12u5 [79.7 kB]
2026-10-07T20:59:00.9446214Z #9 3.006 Get:71 http://deb.debian.org/debian bookworm/main amd64 libkeyutils1 amd64 1.6.3-2 [8808 B]
2026-10-07T20:59:00.9447449Z #9 3.006 Get:72 http://deb.debian.org/debian bookworm/main amd64 libkrb5-3 amd64 1.20.1-2+deb12u5 [332 kB]
2026-10-07T20:59:00.9448201Z #9 3.008 Get:73 http://deb.debian.org/debian bookworm/main amd64 libgssapi-krb5-2 amd64 1.20.1-2+deb12u5 [135 kB]
2026-10-07T20:59:00.9448790Z #9 3.008 Get:74 http://deb.debian.org/debian bookworm/main amd64 libcups2 amd64 2.4.2-3+deb12u9 [245 kB]
2026-10-07T20:59:00.9449570Z #9 3.009 Get:75 http://deb.debian.org/debian bookworm/main amd64 libdav1d6 amd64 1.0.0-2+deb12u1 [513 kB]
2026-10-07T20:59:00.9450419Z #9 3.011 Get:76 http://deb.debian.org/debian bookworm/main amd64 libdouble-conversion3 amd64 3.2.1-1 [41.5 kB]
2026-10-07T20:59:00.9451157Z #9 3.011 Get:77 http://deb.debian.org/debian bookworm/main amd64 libogg0 amd64 1.3.5-3 [23.4 kB]
2026-10-07T20:59:00.9451719Z #9 3.015 Get:78 http://deb.debian.org/debian bookworm/main amd64 libflac12 amd64 1.4.2+ds-2 [198 kB]
2026-10-07T20:59:00.9452278Z #9 3.016 Get:79 http://deb.debian.org/debian bookworm/main amd64 libdrm-common all 2.4.114-1 [7112 B]
2026-10-07T20:59:00.9452839Z #9 3.016 Get:80 http://deb.debian.org/debian bookworm/main amd64 libdrm2 amd64 2.4.114-1+b1 [37.5 kB]
2026-10-07T20:59:00.9453419Z #9 3.026 Get:81 http://deb.debian.org/debian bookworm/main amd64 libwayland-server0 amd64 1.21.0-1 [35.9 kB]
2026-10-07T20:59:00.9454021Z #9 3.026 Get:82 http://deb.debian.org/debian bookworm/main amd64 libgbm1 amd64 22.3.6-1+deb12u2 [38.1 kB]
2026-10-07T20:59:00.9454623Z #9 3.026 Get:83 http://deb.debian.org/debian bookworm/main amd64 libgraphite2-3 amd64 1.3.14-1+deb12u1 [74.6 kB]
2026-10-07T20:59:00.9455236Z #9 3.027 Get:84 http://deb.debian.org/debian bookworm/main amd64 libharfbuzz0b amd64 6.0.0+dfsg-3 [1945 kB]
2026-10-07T20:59:00.9455865Z #9 3.033 Get:85 http://deb.debian.org/debian bookworm/main amd64 libharfbuzz-subset0 amd64 6.0.0+dfsg-3 [1931 kB]
2026-10-07T20:59:00.9456455Z #9 3.039 Get:86 http://deb.debian.org/debian bookworm/main amd64 liblcms2-2 amd64 2.14-2+deb12u1 [154 kB]
2026-10-07T20:59:00.9457025Z #9 3.040 Get:87 http://deb.debian.org/debian bookworm/main amd64 libminizip1 amd64 1.1-8+deb12u1 [20.1 kB]
2026-10-07T20:59:00.9457583Z #9 3.040 Get:88 http://deb.debian.org/debian bookworm/main amd64 libnspr4 amd64 2:4.35-1 [113 kB]
2026-10-07T20:59:00.9458171Z #9 3.041 Get:89 http://deb.debian.org/debian bookworm/main amd64 libsqlite3-0 amd64 3.40.1-2+deb12u2 [839 kB]
2026-10-07T20:59:00.9458853Z #9 3.043 Get:90 http://deb.debian.org/debian-security bookworm-security/main amd64 libnss3 amd64 2:3.87.1-1+deb12u4 [1331 kB]
2026-10-07T20:59:00.9459953Z #9 3.046 Get:91 http://deb.debian.org/debian bookworm/main amd64 libopenh264-7 amd64 2.3.1+dfsg-3+deb12u2 [393 kB]
2026-10-07T20:59:00.9460614Z #9 3.048 Get:92 http://deb.debian.org/debian bookworm/main amd64 libopenjp2-7 amd64 2.5.0-2+deb12u3 [189 kB]
2026-10-07T20:59:00.9461192Z #9 3.049 Get:93 http://deb.debian.org/debian bookworm/main amd64 libopus0 amd64 1.3.1-3 [195 kB]
2026-10-07T20:59:00.9461757Z #9 3.050 Get:94 http://deb.debian.org/debian bookworm/main amd64 fontconfig amd64 2.14.1-4 [449 kB]
2026-10-07T20:59:00.9462341Z #9 3.053 Get:95 http://deb.debian.org/debian bookworm/main amd64 libfribidi0 amd64 1.0.8-2.1 [65.0 kB]
2026-10-07T20:59:00.9462952Z #9 3.053 Get:96 http://deb.debian.org/debian bookworm/main amd64 libthai-data all 0.1.29-1 [176 kB]
2026-10-07T20:59:00.9463550Z #9 3.054 Get:97 http://deb.debian.org/debian bookworm/main amd64 libdatrie1 amd64 0.2.13-2+b1 [43.3 kB]
2026-10-07T20:59:00.9464164Z #9 3.055 Get:98 http://deb.debian.org/debian bookworm/main amd64 libthai0 amd64 0.1.29-1 [57.5 kB]
2026-10-07T20:59:01.0453986Z #9 3.055 Get:99 http://deb.debian.org/debian bookworm/main amd64 libpango-1.0-0 amd64 1.50.12+ds-1 [212 kB]
2026-10-07T20:59:01.0455381Z #9 3.061 Get:100 http://deb.debian.org/debian bookworm/main amd64 libasyncns0 amd64 0.8-6+b3 [12.9 kB]
2026-10-07T20:59:01.0456679Z #9 3.062 Get:101 http://deb.debian.org/debian bookworm/main amd64 libmp3lame0 amd64 3.100-6 [365 kB]
2026-10-07T20:59:01.0458246Z #9 3.064 Get:102 http://deb.debian.org/debian bookworm/main amd64 libmpg123-0 amd64 1.31.2-1+deb12u1 [147 kB]
2026-10-07T20:59:01.0459745Z #9 3.064 Get:103 http://deb.debian.org/debian bookworm/main amd64 libvorbis0a amd64 1.3.7-1 [93.0 kB]
2026-10-07T20:59:01.0460895Z #9 3.065 Get:104 http://deb.debian.org/debian bookworm/main amd64 libvorbisenc2 amd64 1.3.7-1 [80.6 kB]
2026-10-07T20:59:01.0462119Z #9 3.069 Get:105 http://deb.debian.org/debian bookworm/main amd64 libsndfile1 amd64 1.2.0-1+deb12u1 [197 kB]
2026-10-07T20:59:01.0463422Z #9 3.071 Get:106 http://deb.debian.org/debian bookworm/main amd64 libx11-xcb1 amd64 2:1.8.4-2+deb12u2 [192 kB]
2026-10-07T20:59:01.0464657Z #9 3.071 Get:107 http://deb.debian.org/debian bookworm/main amd64 libpulse0 amd64 16.1+dfsg1-2+b1 [274 kB]
2026-10-07T20:59:01.0465904Z #9 3.072 Get:108 http://deb.debian.org/debian bookworm/main amd64 libxcomposite1 amd64 1:0.4.5-1 [16.6 kB]
2026-10-07T20:59:01.0467060Z #9 3.073 Get:109 http://deb.debian.org/debian bookworm/main amd64 libxdamage1 amd64 1:1.1.6-1 [15.1 kB]
2026-10-07T20:59:01.0468188Z #9 3.078 Get:110 http://deb.debian.org/debian bookworm/main amd64 libxfixes3 amd64 1:6.0.0-2 [22.7 kB]
2026-10-07T20:59:01.0469367Z #9 3.078 Get:111 http://deb.debian.org/debian bookworm/main amd64 xkb-data all 2.35.1-1 [764 kB]
2026-10-07T20:59:01.0470541Z #9 3.081 Get:112 http://deb.debian.org/debian bookworm/main amd64 libxkbcommon0 amd64 1.5.0-1 [106 kB]
2026-10-07T20:59:01.0471657Z #9 3.081 Get:113 http://deb.debian.org/debian bookworm/main amd64 libxnvctrl0 amd64 525.85.05-3~deb12u1 [13.5 kB]
2026-10-07T20:59:01.0472749Z #9 3.082 Get:114 http://deb.debian.org/debian bookworm/main amd64 libxrandr2 amd64 2:1.5.2-2+b1 [39.2 kB]
2026-10-07T20:59:01.0473800Z #9 3.086 Get:115 http://deb.debian.org/debian bookworm/main amd64 libcairo-gobject2 amd64 1.16.0-7 [112 kB]
2026-10-07T20:59:01.0474867Z #9 3.087 Get:116 http://deb.debian.org/debian bookworm/main amd64 libcolord2 amd64 1.4.6-2.2 [137 kB]
2026-10-07T20:59:01.0475901Z #9 3.088 Get:117 http://deb.debian.org/debian bookworm/main amd64 libepoxy0 amd64 1.5.10-1 [189 kB]
2026-10-07T20:59:01.0476960Z #9 3.090 Get:118 http://deb.debian.org/debian bookworm/main amd64 libpangoft2-1.0-0 amd64 1.50.12+ds-1 [47.4 kB]
2026-10-07T20:59:01.0478138Z #9 3.090 Get:119 http://deb.debian.org/debian bookworm/main amd64 libpangocairo-1.0-0 amd64 1.50.12+ds-1 [34.2 kB]
2026-10-07T20:59:01.0479356Z #9 3.095 Get:120 http://deb.debian.org/debian bookworm/main amd64 libwayland-client0 amd64 1.21.0-1 [28.3 kB]
2026-10-07T20:59:01.0480429Z #9 3.095 Get:121 http://deb.debian.org/debian bookworm/main amd64 libwayland-cursor0 amd64 1.21.0-1 [14.4 kB]
2026-10-07T20:59:01.0481679Z #9 3.096 Get:122 http://deb.debian.org/debian bookworm/main amd64 libwayland-egl1 amd64 1.21.0-1 [8640 B]
2026-10-07T20:59:01.0482753Z #9 3.096 Get:123 http://deb.debian.org/debian bookworm/main amd64 libxcursor1 amd64 1:1.2.1-1 [40.9 kB]
2026-10-07T20:59:01.0483797Z #9 3.096 Get:124 http://deb.debian.org/debian bookworm/main amd64 libxinerama1 amd64 2:1.1.4-3 [17.8 kB]
2026-10-07T20:59:01.0484943Z #9 3.107 Get:125 http://deb.debian.org/debian bookworm/main amd64 dbus-user-session amd64 1.14.10-1~deb12u1 [78.1 kB]
2026-10-07T20:59:01.0486078Z #9 3.108 Get:126 http://deb.debian.org/debian bookworm/main amd64 libdconf1 amd64 0.40.0-4 [40.9 kB]
2026-10-07T20:59:01.0487077Z #9 3.108 Get:127 http://deb.debian.org/debian bookworm/main amd64 dconf-service amd64 0.40.0-4 [31.6 kB]
2026-10-07T20:59:01.0488202Z #9 3.109 Get:128 http://deb.debian.org/debian bookworm/main amd64 dconf-gsettings-backend amd64 0.40.0-4 [27.8 kB]
2026-10-07T20:59:01.0489478Z #9 3.109 Get:129 http://deb.debian.org/debian bookworm/main amd64 libgtk-3-common all 3.24.38-2~deb12u3 [3895 kB]
2026-10-07T20:59:01.0490655Z #9 3.122 Get:130 http://deb.debian.org/debian bookworm/main amd64 libgtk-3-0 amd64 3.24.38-2~deb12u3 [2847 kB]
2026-10-07T20:59:01.0491792Z #9 3.132 Get:131 http://deb.debian.org/debian bookworm/main amd64 libfontenc1 amd64 1:1.1.4-1 [24.3 kB]
2026-10-07T20:59:01.0492951Z #9 3.132 Get:132 http://deb.debian.org/debian bookworm/main amd64 libglvnd0 amd64 1.6.0-1 [51.8 kB]
2026-10-07T20:59:01.0494045Z #9 3.132 Get:133 http://deb.debian.org/debian bookworm/main amd64 libglapi-mesa amd64 22.3.6-1+deb12u2 [35.9 kB]
2026-10-07T20:59:01.0495154Z #9 3.132 Get:134 http://deb.debian.org/debian bookworm/main amd64 libxcb-dri2-0 amd64 1.15-1 [107 kB]
2026-10-07T20:59:01.0496188Z #9 3.133 Get:135 http://deb.debian.org/debian bookworm/main amd64 libxcb-dri3-0 amd64 1.15-1 [107 kB]
2026-10-07T20:59:01.0497143Z #9 3.133 Get:136 http://deb.debian.org/debian bookworm/main amd64 libxcb-glx0 amd64 1.15-1 [122 kB]
2026-10-07T20:59:01.0498208Z #9 3.134 Get:137 http://deb.debian.org/debian bookworm/main amd64 libxcb-present0 amd64 1.15-1 [105 kB]
2026-10-07T20:59:01.0499333Z #9 3.134 Get:138 http://deb.debian.org/debian bookworm/main amd64 libxcb-randr0 amd64 1.15-1 [117 kB]
2026-10-07T20:59:01.0500353Z #9 3.135 Get:139 http://deb.debian.org/debian bookworm/main amd64 libxcb-sync1 amd64 1.15-1 [109 kB]
2026-10-07T20:59:01.0501391Z #9 3.142 Get:140 http://deb.debian.org/debian bookworm/main amd64 libxcb-xfixes0 amd64 1.15-1 [109 kB]
2026-10-07T20:59:01.0502405Z #9 3.142 Get:141 http://deb.debian.org/debian bookworm/main amd64 libxshmfence1 amd64 1.3-1 [8820 B]
2026-10-07T20:59:01.0503519Z #9 3.143 Get:142 http://deb.debian.org/debian bookworm/main amd64 libxxf86vm1 amd64 1:1.1.4-1+b2 [20.8 kB]
2026-10-07T20:59:01.0504609Z #9 3.150 Get:143 http://deb.debian.org/debian bookworm/main amd64 libdrm-amdgpu1 amd64 2.4.114-1+b1 [20.9 kB]
2026-10-07T20:59:01.0505650Z #9 3.151 Get:144 http://deb.debian.org/debian bookworm/main amd64 libpciaccess0 amd64 0.17-2 [51.4 kB]
2026-10-07T20:59:01.0506691Z #9 3.151 Get:145 http://deb.debian.org/debian bookworm/main amd64 libdrm-intel1 amd64 2.4.114-1+b1 [64.0 kB]
2026-10-07T20:59:01.0507797Z #9 3.152 Get:146 http://deb.debian.org/debian bookworm/main amd64 libdrm-nouveau2 amd64 2.4.114-1+b1 [19.1 kB]
2026-10-07T20:59:01.0508872Z #9 3.152 Get:147 http://deb.debian.org/debian bookworm/main amd64 libdrm-radeon1 amd64 2.4.114-1+b1 [21.8 kB]
2026-10-07T20:59:01.0510054Z #9 3.152 Get:148 http://deb.debian.org/debian bookworm/main amd64 libelf1 amd64 0.188-2.1 [174 kB]
2026-10-07T20:59:01.0511112Z #9 3.153 Get:149 http://deb.debian.org/debian bookworm/main amd64 libedit2 amd64 3.1-20221030-2 [93.0 kB]
2026-10-07T20:59:01.0512049Z #9 3.159 Get:150 http://deb.debian.org/debian bookworm/main amd64 libz3-4 amd64 4.8.12-3.1 [7216 kB]
2026-10-07T20:59:01.1608199Z #9 3.188 Get:151 http://deb.debian.org/debian bookworm/main amd64 libllvm15 amd64 1:15.0.6-4+b1 [23.1 MB]
2026-10-07T20:59:01.1610479Z #9 3.274 Get:152 http://deb.debian.org/debian bookworm/main amd64 libsensors-config all 1:3.6.0-7.1 [14.3 kB]
2026-10-07T20:59:01.3660307Z #9 3.274 Get:153 http://deb.debian.org/debian bookworm/main amd64 libsensors5 amd64 1:3.6.0-7.1 [34.2 kB]
2026-10-07T20:59:01.3661182Z #9 3.274 Get:154 http://deb.debian.org/debian bookworm/main amd64 libgl1-mesa-dri amd64 22.3.6-1+deb12u2 [7240 kB]
2026-10-07T20:59:01.3662017Z #9 3.298 Get:155 http://deb.debian.org/debian bookworm/main amd64 libglx-mesa0 amd64 22.3.6-1+deb12u2 [148 kB]
2026-10-07T20:59:01.3662734Z #9 3.298 Get:156 http://deb.debian.org/debian bookworm/main amd64 libglx0 amd64 1.6.0-1 [34.4 kB]
2026-10-07T20:59:01.3663696Z #9 3.299 Get:157 http://deb.debian.org/debian bookworm/main amd64 libgl1 amd64 1.6.0-1 [88.4 kB]
2026-10-07T20:59:01.3664631Z #9 3.299 Get:158 http://deb.debian.org/debian bookworm/main amd64 x11-common all 1:7.7+23 [252 kB]
2026-10-07T20:59:01.3665588Z #9 3.300 Get:159 http://deb.debian.org/debian bookworm/main amd64 libice6 amd64 2:1.0.10-1 [58.5 kB]
2026-10-07T20:59:01.3666527Z #9 3.301 Get:160 http://deb.debian.org/debian bookworm/main amd64 libsm6 amd64 2:1.2.3-1 [35.1 kB]
2026-10-07T20:59:01.3667403Z #9 3.301 Get:161 http://deb.debian.org/debian bookworm/main amd64 libxt6 amd64 1:1.2.1-1.1 [186 kB]
2026-10-07T20:59:01.3668298Z #9 3.302 Get:162 http://deb.debian.org/debian bookworm/main amd64 libxmu6 amd64 2:1.1.3-3 [60.1 kB]
2026-10-07T20:59:01.3669828Z #9 3.302 Get:163 http://deb.debian.org/debian bookworm/main amd64 libxpm4 amd64 1:3.5.12-1.1+deb12u1 [48.6 kB]
2026-10-07T20:59:01.3670778Z #9 3.307 Get:164 http://deb.debian.org/debian bookworm/main amd64 libxaw7 amd64 2:1.0.14-1 [201 kB]
2026-10-07T20:59:01.3671690Z #9 3.316 Get:165 http://deb.debian.org/debian bookworm/main amd64 libxcb-shape0 amd64 1.15-1 [106 kB]
2026-10-07T20:59:01.3672600Z #9 3.316 Get:166 http://deb.debian.org/debian bookworm/main amd64 libxft2 amd64 2.3.6-1 [61.8 kB]
2026-10-07T20:59:01.3673513Z #9 3.318 Get:167 http://deb.debian.org/debian bookworm/main amd64 libxkbfile1 amd64 1:1.1.0-1 [75.2 kB]
2026-10-07T20:59:01.3674254Z #9 3.318 Get:168 http://deb.debian.org/debian bookworm/main amd64 libxmuu1 amd64 2:1.1.3-3 [23.9 kB]
2026-10-07T20:59:01.3674900Z #9 3.318 Get:169 http://deb.debian.org/debian bookworm/main amd64 libxtst6 amd64 2:1.2.3-1.1 [28.0 kB]
2026-10-07T20:59:01.3675521Z #9 3.318 Get:170 http://deb.debian.org/debian bookworm/main amd64 libxv1 amd64 2:1.0.11-1.1 [24.8 kB]
2026-10-07T20:59:01.3676150Z #9 3.318 Get:171 http://deb.debian.org/debian bookworm/main amd64 libxxf86dga1 amd64 2:1.1.5-1 [22.1 kB]
2026-10-07T20:59:01.3676766Z #9 3.318 Get:172 http://deb.debian.org/debian bookworm/main amd64 x11-utils amd64 7.7+5 [202 kB]
2026-10-07T20:59:01.3677367Z #9 3.319 Get:173 http://deb.debian.org/debian bookworm/main amd64 xdg-utils all 1.1.3-4.1 [75.5 kB]
2026-10-07T20:59:01.3678315Z #9 3.329 Get:174 http://deb.debian.org/debian-security bookworm-security/main amd64 chromium-common amd64 154.0.8037.92-1~deb12u1 [30.5 MB]
2026-10-07T20:59:01.3690752Z #9 3.481 Get:175 http://deb.debian.org/debian-security bookworm-security/main amd64 chromium amd64 154.0.8037.92-1~deb12u1 [80.3 MB]
2026-10-07T20:59:01.9757406Z #9 4.089 debconf: delaying package configuration, since apt-utils is not installed
2026-10-07T20:59:02.1250377Z #9 4.106 Fetched 206 MB in 1s (165 MB/s)
2026-10-07T20:59:02.1251296Z #9 4.117 Selecting previously unselected package libssl3:amd64.
2026-10-07T20:59:02.1252064Z #9 4.117 (Reading database ... 
2026-10-07T20:59:02.1253025Z (Reading database ... 5%
2026-10-07T20:59:02.1253459Z (Reading database ... 10%
2026-10-07T20:59:02.1253779Z (Reading database ... 15%
2026-10-07T20:59:02.1254090Z (Reading database ... 20%
2026-10-07T20:59:02.1254395Z (Reading database ... 25%
2026-10-07T20:59:02.1254681Z (Reading database ... 30%
2026-10-07T20:59:02.1254979Z (Reading database ... 35%
2026-10-07T20:59:02.1255269Z (Reading database ... 40%
2026-10-07T20:59:02.1255560Z (Reading database ... 45%
2026-10-07T20:59:02.1255873Z (Reading database ... 50%
2026-10-07T20:59:02.1256168Z (Reading database ... 55%
2026-10-07T20:59:02.1257016Z (Reading database ... 60%
2026-10-07T20:59:02.1257386Z (Reading database ... 65%
2026-10-07T20:59:02.1258039Z (Reading database ... 70%
2026-10-07T20:59:02.1258417Z (Reading database ... 75%
2026-10-07T20:59:02.1258855Z (Reading database ... 80%
2026-10-07T20:59:02.1259280Z (Reading database ... 85%
2026-10-07T20:59:02.1259529Z (Reading database ... 90%
2026-10-07T20:59:02.1259765Z (Reading database ... 95%
2026-10-07T20:59:02.1260068Z (Reading database ... 100%
2026-10-07T20:59:02.1260407Z (Reading database ... 6096 files and directories currently installed.)
2026-10-07T20:59:02.1260857Z #9 4.121 Preparing to unpack .../00-libssl3_3.0.22-1~deb12u1_amd64.deb ...
2026-10-07T20:59:02.1261420Z #9 4.123 Unpacking libssl3:amd64 (3.0.22-1~deb12u1) ...
2026-10-07T20:59:02.1261970Z #9 4.238 Selecting previously unselected package libargon2-1:amd64.
2026-10-07T20:59:02.2416063Z #9 4.239 Preparing to unpack .../01-libargon2-1_0~20171227-0.3+deb12u1_amd64.deb ...
2026-10-07T20:59:02.2416781Z #9 4.240 Unpacking libargon2-1:amd64 (0~20171227-0.3+deb12u1) ...
2026-10-07T20:59:02.2417243Z #9 4.252 Selecting previously unselected package dmsetup.
2026-10-07T20:59:02.2417782Z #9 4.253 Preparing to unpack .../02-dmsetup_2%3a1.02.185-2_amd64.deb ...
2026-10-07T20:59:02.2418279Z #9 4.254 Unpacking dmsetup (2:1.02.185-2) ...
2026-10-07T20:59:02.2420399Z #9 4.269 Selecting previously unselected package libdevmapper1.02.1:amd64.
2026-10-07T20:59:02.2421191Z #9 4.269 Preparing to unpack .../03-libdevmapper1.02.1_2%3a1.02.185-2_amd64.deb ...
2026-10-07T20:59:02.2421825Z #9 4.270 Unpacking libdevmapper1.02.1:amd64 (2:1.02.185-2) ...
2026-10-07T20:59:02.2422502Z #9 4.289 Selecting previously unselected package libjson-c5:amd64.
2026-10-07T20:59:02.2423166Z #9 4.290 Preparing to unpack .../04-libjson-c5_0.16-2_amd64.deb ...
2026-10-07T20:59:02.2423639Z #9 4.291 Unpacking libjson-c5:amd64 (0.16-2) ...
2026-10-07T20:59:02.2424141Z #9 4.305 Selecting previously unselected package libcryptsetup12:amd64.
2026-10-07T20:59:02.2424743Z #9 4.306 Preparing to unpack .../05-libcryptsetup12_2%3a2.6.1-4~deb12u2_amd64.deb ...
2026-10-07T20:59:02.2425259Z #9 4.306 Unpacking libcryptsetup12:amd64 (2:2.6.1-4~deb12u2) ...
2026-10-07T20:59:02.2425647Z #9 4.330 Selecting previously unselected package libfdisk1:amd64.
2026-10-07T20:59:02.2426071Z #9 4.331 Preparing to unpack .../06-libfdisk1_2.38.1-5+deb12u3_amd64.deb ...
2026-10-07T20:59:02.2426479Z #9 4.332 Unpacking libfdisk1:amd64 (2.38.1-5+deb12u3) ...
2026-10-07T20:59:02.2426849Z #9 4.354 Selecting previously unselected package libkmod2:amd64.
2026-10-07T20:59:02.4000945Z #9 4.355 Preparing to unpack .../07-libkmod2_30+20221128-1_amd64.deb ...
2026-10-07T20:59:02.4001552Z #9 4.356 Unpacking libkmod2:amd64 (30+20221128-1) ...
2026-10-07T20:59:02.4002153Z #9 4.369 Selecting previously unselected package libapparmor1:amd64.
2026-10-07T20:59:02.4002757Z #9 4.369 Preparing to unpack .../08-libapparmor1_3.0.8-3_amd64.deb ...
2026-10-07T20:59:02.4003158Z #9 4.370 Unpacking libapparmor1:amd64 (3.0.8-3) ...
2026-10-07T20:59:02.4003522Z #9 4.383 Selecting previously unselected package libip4tc2:amd64.
2026-10-07T20:59:02.4003915Z #9 4.384 Preparing to unpack .../09-libip4tc2_1.8.9-2_amd64.deb ...
2026-10-07T20:59:02.4004263Z #9 4.385 Unpacking libip4tc2:amd64 (1.8.9-2) ...
2026-10-07T20:59:02.4004695Z #9 4.394 Selecting previously unselected package libsystemd-shared:amd64.
2026-10-07T20:59:02.4005260Z #9 4.395 Preparing to unpack .../10-libsystemd-shared_252.39-1~deb12u2_amd64.deb ...
2026-10-07T20:59:02.4005680Z #9 4.396 Unpacking libsystemd-shared:amd64 (252.39-1~deb12u2) ...
2026-10-07T20:59:02.4006028Z #9 4.513 Setting up libssl3:amd64 (3.0.22-1~deb12u1) ...
2026-10-07T20:59:02.5792520Z #9 4.528 Selecting previously unselected package systemd.
2026-10-07T20:59:02.5793174Z #9 4.528 (Reading database ... 
2026-10-07T20:59:02.5793595Z (Reading database ... 5%
2026-10-07T20:59:02.5793980Z (Reading database ... 10%
2026-10-07T20:59:02.5794368Z (Reading database ... 15%
2026-10-07T20:59:02.5795144Z (Reading database ... 20%
2026-10-07T20:59:02.5795527Z (Reading database ... 25%
2026-10-07T20:59:02.5795893Z (Reading database ... 30%
2026-10-07T20:59:02.5796286Z (Reading database ... 35%
2026-10-07T20:59:02.5796664Z (Reading database ... 40%
2026-10-07T20:59:02.5797021Z (Reading database ... 45%
2026-10-07T20:59:02.5797408Z (Reading database ... 50%
2026-10-07T20:59:02.5797756Z (Reading database ... 55%
2026-10-07T20:59:02.5798133Z (Reading database ... 60%
2026-10-07T20:59:02.5798472Z (Reading database ... 65%
2026-10-07T20:59:02.5798816Z (Reading database ... 70%
2026-10-07T20:59:02.5799245Z (Reading database ... 75%
2026-10-07T20:59:02.5799572Z (Reading database ... 80%
2026-10-07T20:59:02.5799892Z (Reading database ... 85%
2026-10-07T20:59:02.5800213Z (Reading database ... 90%
2026-10-07T20:59:02.5800534Z (Reading database ... 95%
2026-10-07T20:59:02.5800858Z (Reading database ... 100%
2026-10-07T20:59:02.5801405Z (Reading database ... 6182 files and directories currently installed.)
2026-10-07T20:59:02.5802142Z #9 4.532 Preparing to unpack .../systemd_252.39-1~deb12u2_amd64.deb ...
2026-10-07T20:59:02.5802733Z #9 4.542 Unpacking systemd (252.39-1~deb12u2) ...
2026-10-07T20:59:02.6290528Z #9 4.742 Setting up libargon2-1:amd64 (0~20171227-0.3+deb12u1) ...
2026-10-07T20:59:02.7356481Z #9 4.744 Setting up libjson-c5:amd64 (0.16-2) ...
2026-10-07T20:59:02.7357482Z #9 4.746 Setting up libfdisk1:amd64 (2.38.1-5+deb12u3) ...
2026-10-07T20:59:02.7358040Z #9 4.748 Setting up libkmod2:amd64 (30+20221128-1) ...
2026-10-07T20:59:02.7359358Z #9 4.750 Setting up libapparmor1:amd64 (3.0.8-3) ...
2026-10-07T20:59:02.7359940Z #9 4.752 Setting up libip4tc2:amd64 (1.8.9-2) ...
2026-10-07T20:59:02.7360532Z #9 4.754 Setting up libsystemd-shared:amd64 (252.39-1~deb12u2) ...
2026-10-07T20:59:02.7361144Z #9 4.756 Setting up libdevmapper1.02.1:amd64 (2:1.02.185-2) ...
2026-10-07T20:59:02.7361750Z #9 4.758 Setting up libcryptsetup12:amd64 (2:2.6.1-4~deb12u2) ...
2026-10-07T20:59:02.7362274Z #9 4.760 Setting up systemd (252.39-1~deb12u2) ...
2026-10-07T20:59:02.7364234Z #9 4.769 Created symlink /etc/systemd/system/getty.target.wants/getty@tty1.service → /lib/systemd/system/getty@.service.
2026-10-07T20:59:02.7364766Z 
2026-10-07T20:59:02.7365470Z #9 4.772 Created symlink /etc/systemd/system/multi-user.target.wants/remote-fs.target → /lib/systemd/system/remote-fs.target.
2026-10-07T20:59:02.7366031Z 
2026-10-07T20:59:02.7366538Z #9 4.776 Created symlink /etc/systemd/system/sysinit.target.wants/systemd-pstore.service → /lib/systemd/system/systemd-pstore.service.
2026-10-07T20:59:02.7366935Z 
2026-10-07T20:59:02.7367093Z #9 4.779 Initializing machine ID from random generator.
2026-10-07T20:59:02.7367416Z 
2026-10-07T20:59:02.7367658Z #9 4.792 Creating group 'systemd-journal' with GID 999.
2026-10-07T20:59:02.7367847Z 
2026-10-07T20:59:02.7368010Z #9 4.792 Creating group 'systemd-network' with GID 998.
2026-10-07T20:59:02.7368182Z 
2026-10-07T20:59:02.7368476Z #9 4.792 Creating user 'systemd-network' (systemd Network Management) with UID 998 and GID 998.
2026-10-07T20:59:02.7368741Z 
2026-10-07T20:59:02.7369403Z #9 4.811 Setting up dmsetup (2:1.02.185-2) ...
2026-10-07T20:59:02.7369971Z #9 4.832 Selecting previously unselected package systemd-sysv.
2026-10-07T20:59:02.7370635Z #9 4.832 (Reading database ... 
2026-10-07T20:59:02.7370970Z (Reading database ... 5%
2026-10-07T20:59:02.7371398Z (Reading database ... 10%
2026-10-07T20:59:02.7371842Z (Reading database ... 15%
2026-10-07T20:59:02.7372156Z (Reading database ... 20%
2026-10-07T20:59:02.7372619Z (Reading database ... 25%
2026-10-07T20:59:02.7372945Z (Reading database ... 30%
2026-10-07T20:59:02.7373146Z (Reading database ... 35%
2026-10-07T20:59:02.7373419Z (Reading database ... 40%
2026-10-07T20:59:02.7373630Z (Reading database ... 45%
2026-10-07T20:59:02.7373831Z (Reading database ... 50%
2026-10-07T20:59:02.7374032Z (Reading database ... 55%
2026-10-07T20:59:02.7374229Z (Reading database ... 60%
2026-10-07T20:59:02.7374428Z (Reading database ... 65%
2026-10-07T20:59:02.7374837Z (Reading database ... 70%
2026-10-07T20:59:02.7375046Z (Reading database ... 75%
2026-10-07T20:59:02.7375249Z (Reading database ... 80%
2026-10-07T20:59:02.7375451Z (Reading database ... 85%
2026-10-07T20:59:02.7375655Z (Reading database ... 90%
2026-10-07T20:59:02.7375853Z (Reading database ... 95%
2026-10-07T20:59:02.7376067Z (Reading database ... 100%
2026-10-07T20:59:02.7376401Z (Reading database ... 7031 files and directories currently installed.)
2026-10-07T20:59:02.7376841Z #9 4.836 Preparing to unpack .../000-systemd-sysv_252.39-1~deb12u2_amd64.deb ...
2026-10-07T20:59:02.7377223Z #9 4.837 Unpacking systemd-sysv (252.39-1~deb12u2) ...
2026-10-07T20:59:02.7377578Z #9 4.849 Selecting previously unselected package libdbus-1-3:amd64.
2026-10-07T20:59:02.8476804Z #9 4.850 Preparing to unpack .../001-libdbus-1-3_1.14.10-1~deb12u1_amd64.deb ...
2026-10-07T20:59:02.8477600Z #9 4.851 Unpacking libdbus-1-3:amd64 (1.14.10-1~deb12u1) ...
2026-10-07T20:59:02.8478021Z #9 4.871 Selecting previously unselected package dbus-bin.
2026-10-07T20:59:02.8478595Z #9 4.872 Preparing to unpack .../002-dbus-bin_1.14.10-1~deb12u1_amd64.deb ...
2026-10-07T20:59:02.8479223Z #9 4.873 Unpacking dbus-bin (1.14.10-1~deb12u1) ...
2026-10-07T20:59:02.8479835Z #9 4.888 Selecting previously unselected package dbus-session-bus-common.
2026-10-07T20:59:02.8480407Z #9 4.889 Preparing to unpack .../003-dbus-session-bus-common_1.14.10-1~deb12u1_all.deb ...
2026-10-07T20:59:02.8481437Z #9 4.889 Unpacking dbus-session-bus-common (1.14.10-1~deb12u1) ...
2026-10-07T20:59:02.8482002Z #9 4.904 Selecting previously unselected package libexpat1:amd64.
2026-10-07T20:59:02.8482680Z #9 4.904 Preparing to unpack .../004-libexpat1_2.5.0-1+deb12u4_amd64.deb ...
2026-10-07T20:59:02.8483226Z #9 4.905 Unpacking libexpat1:amd64 (2.5.0-1+deb12u4) ...
2026-10-07T20:59:02.8483749Z #9 4.922 Selecting previously unselected package dbus-daemon.
2026-10-07T20:59:02.8484240Z #9 4.922 Preparing to unpack .../005-dbus-daemon_1.14.10-1~deb12u1_amd64.deb ...
2026-10-07T20:59:02.8484620Z #9 4.923 Unpacking dbus-daemon (1.14.10-1~deb12u1) ...
2026-10-07T20:59:02.8485037Z #9 4.944 Selecting previously unselected package dbus-system-bus-common.
2026-10-07T20:59:02.8485584Z #9 4.944 Preparing to unpack .../006-dbus-system-bus-common_1.14.10-1~deb12u1_all.deb ...
2026-10-07T20:59:02.8486160Z #9 4.945 Unpacking dbus-system-bus-common (1.14.10-1~deb12u1) ...
2026-10-07T20:59:02.8486516Z #9 4.961 Selecting previously unselected package dbus.
2026-10-07T20:59:02.9636151Z #9 4.962 Preparing to unpack .../007-dbus_1.14.10-1~deb12u1_amd64.deb ...
2026-10-07T20:59:02.9636845Z #9 4.963 Unpacking dbus (1.14.10-1~deb12u1) ...
2026-10-07T20:59:02.9637446Z #9 4.979 Selecting previously unselected package libncursesw6:amd64.
2026-10-07T20:59:02.9638083Z #9 4.980 Preparing to unpack .../008-libncursesw6_6.4-4_amd64.deb ...
2026-10-07T20:59:02.9638633Z #9 4.980 Unpacking libncursesw6:amd64 (6.4-4) ...
2026-10-07T20:59:02.9639331Z #9 4.999 Selecting previously unselected package libproc2-0:amd64.
2026-10-07T20:59:02.9640007Z #9 5.000 Preparing to unpack .../009-libproc2-0_2%3a4.0.2-3_amd64.deb ...
2026-10-07T20:59:02.9640564Z #9 5.000 Unpacking libproc2-0:amd64 (2:4.0.2-3) ...
2026-10-07T20:59:02.9641089Z #9 5.015 Selecting previously unselected package procps.
2026-10-07T20:59:02.9641652Z #9 5.016 Preparing to unpack .../010-procps_2%3a4.0.2-3_amd64.deb ...
2026-10-07T20:59:02.9642161Z #9 5.022 Unpacking procps (2:4.0.2-3) ...
2026-10-07T20:59:02.9642732Z #9 5.077 Selecting previously unselected package libpam-systemd:amd64.
2026-10-07T20:59:03.1505179Z #9 5.078 Preparing to unpack .../011-libpam-systemd_252.39-1~deb12u2_amd64.deb ...
2026-10-07T20:59:03.1505832Z #9 5.079 Unpacking libpam-systemd:amd64 (252.39-1~deb12u2) ...
2026-10-07T20:59:03.1506380Z #9 5.101 Selecting previously unselected package hicolor-icon-theme.
2026-10-07T20:59:03.1506947Z #9 5.102 Preparing to unpack .../012-hicolor-icon-theme_0.17-2_all.deb ...
2026-10-07T20:59:03.1507440Z #9 5.103 Unpacking hicolor-icon-theme (0.17-2) ...
2026-10-07T20:59:03.1508268Z #9 5.137 Selecting previously unselected package libgdk-pixbuf2.0-common.
2026-10-07T20:59:03.1508935Z #9 5.138 Preparing to unpack .../013-libgdk-pixbuf2.0-common_2.42.10+dfsg-1+deb12u4_all.deb ...
2026-10-07T20:59:03.1509734Z #9 5.138 Unpacking libgdk-pixbuf2.0-common (2.42.10+dfsg-1+deb12u4) ...
2026-10-07T20:59:03.1510319Z #9 5.170 Selecting previously unselected package libglib2.0-0:amd64.
2026-10-07T20:59:03.1510878Z #9 5.171 Preparing to unpack .../014-libglib2.0-0_2.74.6-2+deb12u9_amd64.deb ...
2026-10-07T20:59:03.1511402Z #9 5.172 Unpacking libglib2.0-0:amd64 (2.74.6-2+deb12u9) ...
2026-10-07T20:59:03.1511877Z #9 5.264 Selecting previously unselected package libicu72:amd64.
2026-10-07T20:59:03.3029664Z #9 5.265 Preparing to unpack .../015-libicu72_72.1-3+deb12u1_amd64.deb ...
2026-10-07T20:59:03.3030624Z #9 5.266 Unpacking libicu72:amd64 (72.1-3+deb12u1) ...
2026-10-07T20:59:03.5958330Z #9 5.709 Selecting previously unselected package libxml2:amd64.
2026-10-07T20:59:03.7046033Z #9 5.710 Preparing to unpack .../016-libxml2_2.9.14+dfsg-1.3~deb12u6_amd64.deb ...
2026-10-07T20:59:03.7046657Z #9 5.711 Unpacking libxml2:amd64 (2.9.14+dfsg-1.3~deb12u6) ...
2026-10-07T20:59:03.7047065Z #9 5.758 Selecting previously unselected package shared-mime-info.
2026-10-07T20:59:03.7047492Z #9 5.759 Preparing to unpack .../017-shared-mime-info_2.2-1_amd64.deb ...
2026-10-07T20:59:03.7048347Z #9 5.760 Unpacking shared-mime-info (2.2-1) ...
2026-10-07T20:59:03.7048809Z #9 5.818 Selecting previously unselected package libjpeg62-turbo:amd64.
2026-10-07T20:59:03.8325688Z #9 5.819 Preparing to unpack .../018-libjpeg62-turbo_1%3a2.1.5-2_amd64.deb ...
2026-10-07T20:59:03.8326364Z #9 5.820 Unpacking libjpeg62-turbo:amd64 (1:2.1.5-2) ...
2026-10-07T20:59:03.8326976Z #9 5.840 Selecting previously unselected package libpng16-16:amd64.
2026-10-07T20:59:03.8327495Z #9 5.841 Preparing to unpack .../019-libpng16-16_1.6.39-2+deb12u6_amd64.deb ...
2026-10-07T20:59:03.8327975Z #9 5.842 Unpacking libpng16-16:amd64 (1.6.39-2+deb12u6) ...
2026-10-07T20:59:03.8328393Z #9 5.866 Selecting previously unselected package libdeflate0:amd64.
2026-10-07T20:59:03.8328845Z #9 5.867 Preparing to unpack .../020-libdeflate0_1.14-1_amd64.deb ...
2026-10-07T20:59:03.8329515Z #9 5.868 Unpacking libdeflate0:amd64 (1.14-1) ...
2026-10-07T20:59:03.8329914Z #9 5.881 Selecting previously unselected package libjbig0:amd64.
2026-10-07T20:59:03.8330347Z #9 5.882 Preparing to unpack .../021-libjbig0_2.1-6.1_amd64.deb ...
2026-10-07T20:59:03.8330886Z #9 5.883 Unpacking libjbig0:amd64 (2.1-6.1) ...
2026-10-07T20:59:03.8331648Z #9 5.894 Selecting previously unselected package liblerc4:amd64.
2026-10-07T20:59:03.8332276Z #9 5.895 Preparing to unpack .../022-liblerc4_4.0.0+ds-2_amd64.deb ...
2026-10-07T20:59:03.8332782Z #9 5.896 Unpacking liblerc4:amd64 (4.0.0+ds-2) ...
2026-10-07T20:59:03.8333237Z #9 5.916 Selecting previously unselected package libwebp7:amd64.
2026-10-07T20:59:03.8333812Z #9 5.917 Preparing to unpack .../023-libwebp7_1.2.4-0.2+deb12u1_amd64.deb ...
2026-10-07T20:59:03.8334247Z #9 5.918 Unpacking libwebp7:amd64 (1.2.4-0.2+deb12u1) ...
2026-10-07T20:59:03.8334657Z #9 5.946 Selecting previously unselected package libtiff6:amd64.
2026-10-07T20:59:04.0535741Z #9 5.947 Preparing to unpack .../024-libtiff6_4.5.0-6+deb12u4_amd64.deb ...
2026-10-07T20:59:04.0537098Z #9 5.947 Unpacking libtiff6:amd64 (4.5.0-6+deb12u4) ...
2026-10-07T20:59:04.0538078Z #9 5.971 Selecting previously unselected package libgdk-pixbuf-2.0-0:amd64.
2026-10-07T20:59:04.0539314Z #9 5.972 Preparing to unpack .../025-libgdk-pixbuf-2.0-0_2.42.10+dfsg-1+deb12u4_amd64.deb ...
2026-10-07T20:59:04.0540325Z #9 5.973 Unpacking libgdk-pixbuf-2.0-0:amd64 (2.42.10+dfsg-1+deb12u4) ...
2026-10-07T20:59:04.0541311Z #9 5.992 Selecting previously unselected package gtk-update-icon-cache.
2026-10-07T20:59:04.0542236Z #9 5.993 Preparing to unpack .../026-gtk-update-icon-cache_3.24.38-2~deb12u3_amd64.deb ...
2026-10-07T20:59:04.0543156Z #9 5.994 Unpacking gtk-update-icon-cache (3.24.38-2~deb12u3) ...
2026-10-07T20:59:04.0544220Z #9 6.015 Selecting previously unselected package adwaita-icon-theme.
2026-10-07T20:59:04.0545087Z #9 6.016 Preparing to unpack .../027-adwaita-icon-theme_43-1_all.deb ...
2026-10-07T20:59:04.0545822Z #9 6.016 Unpacking adwaita-icon-theme (43-1) ...
2026-10-07T20:59:04.3620184Z #9 6.475 Selecting previously unselected package at-spi2-common.
2026-10-07T20:59:04.4702514Z #9 6.478 Preparing to unpack .../028-at-spi2-common_2.46.0-5_all.deb ...
2026-10-07T20:59:04.4703077Z #9 6.479 Unpacking at-spi2-common (2.46.0-5) ...
2026-10-07T20:59:04.4703517Z #9 6.500 Selecting previously unselected package bubblewrap.
2026-10-07T20:59:04.4703987Z #9 6.501 Preparing to unpack .../029-bubblewrap_0.8.0-2+deb12u1_amd64.deb ...
2026-10-07T20:59:04.4704418Z #9 6.502 Unpacking bubblewrap (0.8.0-2+deb12u1) ...
2026-10-07T20:59:04.4704826Z #9 6.515 Selecting previously unselected package libasound2-data.
2026-10-07T20:59:04.4705293Z #9 6.516 Preparing to unpack .../030-libasound2-data_1.2.8-1_all.deb ...
2026-10-07T20:59:04.4705727Z #9 6.517 Unpacking libasound2-data (1.2.8-1) ...
2026-10-07T20:59:04.4706094Z #9 6.535 Selecting previously unselected package libasound2:amd64.
2026-10-07T20:59:04.4706495Z #9 6.536 Preparing to unpack .../031-libasound2_1.2.8-1+b1_amd64.deb ...
2026-10-07T20:59:04.4706849Z #9 6.537 Unpacking libasound2:amd64 (1.2.8-1+b1) ...
2026-10-07T20:59:04.4707432Z #9 6.569 Selecting previously unselected package libatk1.0-0:amd64.
2026-10-07T20:59:04.4707829Z #9 6.570 Preparing to unpack .../032-libatk1.0-0_2.46.0-5_amd64.deb ...
2026-10-07T20:59:04.4708184Z #9 6.571 Unpacking libatk1.0-0:amd64 (2.46.0-5) ...
2026-10-07T20:59:04.4708566Z #9 6.583 Selecting previously unselected package libxau6:amd64.
2026-10-07T20:59:04.5704640Z #9 6.585 Preparing to unpack .../033-libxau6_1%3a1.0.9-1_amd64.deb ...
2026-10-07T20:59:04.5705130Z #9 6.585 Unpacking libxau6:amd64 (1:1.0.9-1) ...
2026-10-07T20:59:04.5705551Z #9 6.596 Selecting previously unselected package libbsd0:amd64.
2026-10-07T20:59:04.5706042Z #9 6.597 Preparing to unpack .../034-libbsd0_0.11.7-2_amd64.deb ...
2026-10-07T20:59:04.5706571Z #9 6.598 Unpacking libbsd0:amd64 (0.11.7-2) ...
2026-10-07T20:59:04.5707013Z #9 6.615 Selecting previously unselected package libxdmcp6:amd64.
2026-10-07T20:59:04.5707423Z #9 6.616 Preparing to unpack .../035-libxdmcp6_1%3a1.1.2-3_amd64.deb ...
2026-10-07T20:59:04.5707810Z #9 6.617 Unpacking libxdmcp6:amd64 (1:1.1.2-3) ...
2026-10-07T20:59:04.5708307Z #9 6.627 Selecting previously unselected package libxcb1:amd64.
2026-10-07T20:59:04.5708877Z #9 6.629 Preparing to unpack .../036-libxcb1_1.15-1_amd64.deb ...
2026-10-07T20:59:04.5709480Z #9 6.630 Unpacking libxcb1:amd64 (1.15-1) ...
2026-10-07T20:59:04.5709953Z #9 6.643 Selecting previously unselected package libx11-data.
2026-10-07T20:59:04.5710547Z #9 6.645 Preparing to unpack .../037-libx11-data_2%3a1.8.4-2+deb12u2_all.deb ...
2026-10-07T20:59:04.5711095Z #9 6.645 Unpacking libx11-data (2:1.8.4-2+deb12u2) ...
2026-10-07T20:59:04.5711615Z #9 6.682 Selecting previously unselected package libx11-6:amd64.
2026-10-07T20:59:04.5712224Z #9 6.684 Preparing to unpack .../038-libx11-6_2%3a1.8.4-2+deb12u2_amd64.deb ...
2026-10-07T20:59:04.6827337Z #9 6.685 Unpacking libx11-6:amd64 (2:1.8.4-2+deb12u2) ...
2026-10-07T20:59:04.6828160Z #9 6.732 Selecting previously unselected package libxext6:amd64.
2026-10-07T20:59:04.6829198Z #9 6.734 Preparing to unpack .../039-libxext6_2%3a1.3.4-1+b1_amd64.deb ...
2026-10-07T20:59:04.6829920Z #9 6.734 Unpacking libxext6:amd64 (2:1.3.4-1+b1) ...
2026-10-07T20:59:04.6830575Z #9 6.747 Selecting previously unselected package libxi6:amd64.
2026-10-07T20:59:04.6831282Z #9 6.748 Preparing to unpack .../040-libxi6_2%3a1.8-1+b1_amd64.deb ...
2026-10-07T20:59:04.6831959Z #9 6.749 Unpacking libxi6:amd64 (2:1.8-1+b1) ...
2026-10-07T20:59:04.6832625Z #9 6.763 Selecting previously unselected package libatspi2.0-0:amd64.
2026-10-07T20:59:04.6833310Z #9 6.764 Preparing to unpack .../041-libatspi2.0-0_2.46.0-5_amd64.deb ...
2026-10-07T20:59:04.6834208Z #9 6.765 Unpacking libatspi2.0-0:amd64 (2.46.0-5) ...
2026-10-07T20:59:04.6834831Z #9 6.780 Selecting previously unselected package libatk-bridge2.0-0:amd64.
2026-10-07T20:59:04.6835530Z #9 6.781 Preparing to unpack .../042-libatk-bridge2.0-0_2.46.0-5_amd64.deb ...
2026-10-07T20:59:04.6836145Z #9 6.782 Unpacking libatk-bridge2.0-0:amd64 (2.46.0-5) ...
2026-10-07T20:59:04.6836748Z #9 6.796 Selecting previously unselected package libbrotli1:amd64.
2026-10-07T20:59:04.8276020Z #9 6.797 Preparing to unpack .../043-libbrotli1_1.0.9-2+b6_amd64.deb ...
2026-10-07T20:59:04.8276659Z #9 6.798 Unpacking libbrotli1:amd64 (1.0.9-2+b6) ...
2026-10-07T20:59:04.8277201Z #9 6.825 Selecting previously unselected package libfreetype6:amd64.
2026-10-07T20:59:04.8277842Z #9 6.826 Preparing to unpack .../044-libfreetype6_2.12.1+dfsg-5+deb12u4_amd64.deb ...
2026-10-07T20:59:04.8278456Z #9 6.826 Unpacking libfreetype6:amd64 (2.12.1+dfsg-5+deb12u4) ...
2026-10-07T20:59:04.8279169Z #9 6.860 Selecting previously unselected package fonts-dejavu-core.
2026-10-07T20:59:04.8279765Z #9 6.861 Preparing to unpack .../045-fonts-dejavu-core_2.37-6_all.deb ...
2026-10-07T20:59:04.8280252Z #9 6.862 Unpacking fonts-dejavu-core (2.37-6) ...
2026-10-07T20:59:04.8280762Z #9 6.941 Selecting previously unselected package fontconfig-config.
2026-10-07T20:59:04.9355314Z #9 6.942 Preparing to unpack .../046-fontconfig-config_2.14.1-4_amd64.deb ...
2026-10-07T20:59:04.9356257Z #9 7.006 Unpacking fontconfig-config (2.14.1-4) ...
2026-10-07T20:59:04.9357422Z #9 7.028 Selecting previously unselected package libfontconfig1:amd64.
2026-10-07T20:59:04.9358087Z #9 7.029 Preparing to unpack .../047-libfontconfig1_2.14.1-4_amd64.deb ...
2026-10-07T20:59:04.9358628Z #9 7.030 Unpacking libfontconfig1:amd64 (2.14.1-4) ...
2026-10-07T20:59:04.9359275Z #9 7.049 Selecting previously unselected package libpixman-1-0:amd64.
2026-10-07T20:59:05.0656579Z #9 7.050 Preparing to unpack .../048-libpixman-1-0_0.42.2-1_amd64.deb ...
2026-10-07T20:59:05.0657082Z #9 7.051 Unpacking libpixman-1-0:amd64 (0.42.2-1) ...
2026-10-07T20:59:05.0657476Z #9 7.082 Selecting previously unselected package libxcb-render0:amd64.
2026-10-07T20:59:05.0657906Z #9 7.083 Preparing to unpack .../049-libxcb-render0_1.15-1_amd64.deb ...
2026-10-07T20:59:05.0658284Z #9 7.084 Unpacking libxcb-render0:amd64 (1.15-1) ...
2026-10-07T20:59:05.0658668Z #9 7.102 Selecting previously unselected package libxcb-shm0:amd64.
2026-10-07T20:59:05.0659676Z #9 7.103 Preparing to unpack .../050-libxcb-shm0_1.15-1_amd64.deb ...
2026-10-07T20:59:05.0660041Z #9 7.104 Unpacking libxcb-shm0:amd64 (1.15-1) ...
2026-10-07T20:59:05.0660407Z #9 7.123 Selecting previously unselected package libxrender1:amd64.
2026-10-07T20:59:05.0660830Z #9 7.124 Preparing to unpack .../051-libxrender1_1%3a0.9.10-1.1_amd64.deb ...
2026-10-07T20:59:05.0661213Z #9 7.125 Unpacking libxrender1:amd64 (1:0.9.10-1.1) ...
2026-10-07T20:59:05.0661577Z #9 7.137 Selecting previously unselected package libcairo2:amd64.
2026-10-07T20:59:05.0661980Z #9 7.138 Preparing to unpack .../052-libcairo2_1.16.0-7_amd64.deb ...
2026-10-07T20:59:05.0662326Z #9 7.139 Unpacking libcairo2:amd64 (1.16.0-7) ...
2026-10-07T20:59:05.0662722Z #9 7.179 Selecting previously unselected package libavahi-common-data:amd64.
2026-10-07T20:59:05.1965266Z #9 7.180 Preparing to unpack .../053-libavahi-common-data_0.8-10+deb12u1_amd64.deb ...
2026-10-07T20:59:05.1965867Z #9 7.181 Unpacking libavahi-common-data:amd64 (0.8-10+deb12u1) ...
2026-10-07T20:59:05.1966352Z #9 7.199 Selecting previously unselected package libavahi-common3:amd64.
2026-10-07T20:59:05.1966860Z #9 7.200 Preparing to unpack .../054-libavahi-common3_0.8-10+deb12u1_amd64.deb ...
2026-10-07T20:59:05.1967322Z #9 7.201 Unpacking libavahi-common3:amd64 (0.8-10+deb12u1) ...
2026-10-07T20:59:05.1967762Z #9 7.214 Selecting previously unselected package libavahi-client3:amd64.
2026-10-07T20:59:05.1968257Z #9 7.215 Preparing to unpack .../055-libavahi-client3_0.8-10+deb12u1_amd64.deb ...
2026-10-07T20:59:05.1968949Z #9 7.216 Unpacking libavahi-client3:amd64 (0.8-10+deb12u1) ...
2026-10-07T20:59:05.1969772Z #9 7.229 Selecting previously unselected package libkrb5support0:amd64.
2026-10-07T20:59:05.1970281Z #9 7.230 Preparing to unpack .../056-libkrb5support0_1.20.1-2+deb12u5_amd64.deb ...
2026-10-07T20:59:05.1970737Z #9 7.231 Unpacking libkrb5support0:amd64 (1.20.1-2+deb12u5) ...
2026-10-07T20:59:05.1971175Z #9 7.243 Selecting previously unselected package libk5crypto3:amd64.
2026-10-07T20:59:05.1971653Z #9 7.244 Preparing to unpack .../057-libk5crypto3_1.20.1-2+deb12u5_amd64.deb ...
2026-10-07T20:59:05.1972089Z #9 7.245 Unpacking libk5crypto3:amd64 (1.20.1-2+deb12u5) ...
2026-10-07T20:59:05.1972607Z #9 7.262 Selecting previously unselected package libkeyutils1:amd64.
2026-10-07T20:59:05.1973355Z #9 7.263 Preparing to unpack .../058-libkeyutils1_1.6.3-2_amd64.deb ...
2026-10-07T20:59:05.1974036Z #9 7.264 Unpacking libkeyutils1:amd64 (1.6.3-2) ...
2026-10-07T20:59:05.1974647Z #9 7.274 Selecting previously unselected package libkrb5-3:amd64.
2026-10-07T20:59:05.1975590Z #9 7.275 Preparing to unpack .../059-libkrb5-3_1.20.1-2+deb12u5_amd64.deb ...
2026-10-07T20:59:05.1976087Z #9 7.276 Unpacking libkrb5-3:amd64 (1.20.1-2+deb12u5) ...
2026-10-07T20:59:05.1976643Z #9 7.310 Selecting previously unselected package libgssapi-krb5-2:amd64.
2026-10-07T20:59:05.2999935Z #9 7.311 Preparing to unpack .../060-libgssapi-krb5-2_1.20.1-2+deb12u5_amd64.deb ...
2026-10-07T20:59:05.3000897Z #9 7.312 Unpacking libgssapi-krb5-2:amd64 (1.20.1-2+deb12u5) ...
2026-10-07T20:59:05.3001669Z #9 7.330 Selecting previously unselected package libcups2:amd64.
2026-10-07T20:59:05.3002443Z #9 7.331 Preparing to unpack .../061-libcups2_2.4.2-3+deb12u9_amd64.deb ...
2026-10-07T20:59:05.3003188Z #9 7.332 Unpacking libcups2:amd64 (2.4.2-3+deb12u9) ...
2026-10-07T20:59:05.3003894Z #9 7.356 Selecting previously unselected package libdav1d6:amd64.
2026-10-07T20:59:05.3004673Z #9 7.357 Preparing to unpack .../062-libdav1d6_1.0.0-2+deb12u1_amd64.deb ...
2026-10-07T20:59:05.3005415Z #9 7.359 Unpacking libdav1d6:amd64 (1.0.0-2+deb12u1) ...
2026-10-07T20:59:05.3006224Z #9 7.399 Selecting previously unselected package libdouble-conversion3:amd64.
2026-10-07T20:59:05.3007111Z #9 7.400 Preparing to unpack .../063-libdouble-conversion3_3.2.1-1_amd64.deb ...
2026-10-07T20:59:05.3007889Z #9 7.401 Unpacking libdouble-conversion3:amd64 (3.2.1-1) ...
2026-10-07T20:59:05.3008636Z #9 7.413 Selecting previously unselected package libogg0:amd64.
2026-10-07T20:59:05.4085320Z #9 7.415 Preparing to unpack .../064-libogg0_1.3.5-3_amd64.deb ...
2026-10-07T20:59:05.4086125Z #9 7.415 Unpacking libogg0:amd64 (1.3.5-3) ...
2026-10-07T20:59:05.4087256Z #9 7.427 Selecting previously unselected package libflac12:amd64.
2026-10-07T20:59:05.4087960Z #9 7.428 Preparing to unpack .../065-libflac12_1.4.2+ds-2_amd64.deb ...
2026-10-07T20:59:05.4088525Z #9 7.429 Unpacking libflac12:amd64 (1.4.2+ds-2) ...
2026-10-07T20:59:05.4089218Z #9 7.451 Selecting previously unselected package libdrm-common.
2026-10-07T20:59:05.4089893Z #9 7.452 Preparing to unpack .../066-libdrm-common_2.4.114-1_all.deb ...
2026-10-07T20:59:05.4090477Z #9 7.453 Unpacking libdrm-common (2.4.114-1) ...
2026-10-07T20:59:05.4091024Z #9 7.464 Selecting previously unselected package libdrm2:amd64.
2026-10-07T20:59:05.4091639Z #9 7.465 Preparing to unpack .../067-libdrm2_2.4.114-1+b1_amd64.deb ...
2026-10-07T20:59:05.4092209Z #9 7.466 Unpacking libdrm2:amd64 (2.4.114-1+b1) ...
2026-10-07T20:59:05.4092788Z #9 7.478 Selecting previously unselected package libwayland-server0:amd64.
2026-10-07T20:59:05.4093446Z #9 7.479 Preparing to unpack .../068-libwayland-server0_1.21.0-1_amd64.deb ...
2026-10-07T20:59:05.4094046Z #9 7.480 Unpacking libwayland-server0:amd64 (1.21.0-1) ...
2026-10-07T20:59:05.4094570Z #9 7.492 Selecting previously unselected package libgbm1:amd64.
2026-10-07T20:59:05.4095191Z #9 7.493 Preparing to unpack .../069-libgbm1_22.3.6-1+deb12u2_amd64.deb ...
2026-10-07T20:59:05.4095915Z #9 7.494 Unpacking libgbm1:amd64 (22.3.6-1+deb12u2) ...
2026-10-07T20:59:05.4096943Z #9 7.506 Selecting previously unselected package libgraphite2-3:amd64.
2026-10-07T20:59:05.4097608Z #9 7.507 Preparing to unpack .../070-libgraphite2-3_1.3.14-1+deb12u1_amd64.deb ...
2026-10-07T20:59:05.4098154Z #9 7.507 Unpacking libgraphite2-3:amd64 (1.3.14-1+deb12u1) ...
2026-10-07T20:59:05.4098551Z #9 7.522 Selecting previously unselected package libharfbuzz0b:amd64.
2026-10-07T20:59:05.6536090Z #9 7.523 Preparing to unpack .../071-libharfbuzz0b_6.0.0+dfsg-3_amd64.deb ...
2026-10-07T20:59:05.6536790Z #9 7.524 Unpacking libharfbuzz0b:amd64 (6.0.0+dfsg-3) ...
2026-10-07T20:59:05.6537242Z #9 7.568 Selecting previously unselected package libharfbuzz-subset0:amd64.
2026-10-07T20:59:05.6537766Z #9 7.569 Preparing to unpack .../072-libharfbuzz-subset0_6.0.0+dfsg-3_amd64.deb ...
2026-10-07T20:59:05.6538254Z #9 7.569 Unpacking libharfbuzz-subset0:amd64 (6.0.0+dfsg-3) ...
2026-10-07T20:59:05.6538671Z #9 7.614 Selecting previously unselected package liblcms2-2:amd64.
2026-10-07T20:59:05.6539370Z #9 7.615 Preparing to unpack .../073-liblcms2-2_2.14-2+deb12u1_amd64.deb ...
2026-10-07T20:59:05.6539780Z #9 7.616 Unpacking liblcms2-2:amd64 (2.14-2+deb12u1) ...
2026-10-07T20:59:05.9340141Z #9 8.047 Selecting previously unselected package libminizip1:amd64.
2026-10-07T20:59:06.0341196Z #9 8.049 Preparing to unpack .../074-libminizip1_1.1-8+deb12u1_amd64.deb ...
2026-10-07T20:59:06.0342017Z #9 8.050 Unpacking libminizip1:amd64 (1.1-8+deb12u1) ...
2026-10-07T20:59:06.0342553Z #9 8.062 Selecting previously unselected package libnspr4:amd64.
2026-10-07T20:59:06.0343029Z #9 8.064 Preparing to unpack .../075-libnspr4_2%3a4.35-1_amd64.deb ...
2026-10-07T20:59:06.0343446Z #9 8.064 Unpacking libnspr4:amd64 (2:4.35-1) ...
2026-10-07T20:59:06.0343876Z #9 8.088 Selecting previously unselected package libsqlite3-0:amd64.
2026-10-07T20:59:06.0344393Z #9 8.089 Preparing to unpack .../076-libsqlite3-0_3.40.1-2+deb12u2_amd64.deb ...
2026-10-07T20:59:06.0345007Z #9 8.090 Unpacking libsqlite3-0:amd64 (3.40.1-2+deb12u2) ...
2026-10-07T20:59:06.0345464Z #9 8.146 Selecting previously unselected package libnss3:amd64.
2026-10-07T20:59:06.0346320Z #9 8.147 Preparing to unpack .../077-libnss3_2%3a3.87.1-1+deb12u4_amd64.deb ...
2026-10-07T20:59:06.1376101Z #9 8.148 Unpacking libnss3:amd64 (2:3.87.1-1+deb12u4) ...
2026-10-07T20:59:06.1376777Z #9 8.251 Selecting previously unselected package libopenh264-7:amd64.
2026-10-07T20:59:06.2513633Z #9 8.252 Preparing to unpack .../078-libopenh264-7_2.3.1+dfsg-3+deb12u2_amd64.deb ...
2026-10-07T20:59:06.2514493Z #9 8.253 Unpacking libopenh264-7:amd64 (2.3.1+dfsg-3+deb12u2) ...
2026-10-07T20:59:06.2515138Z #9 8.288 Selecting previously unselected package libopenjp2-7:amd64.
2026-10-07T20:59:06.2515811Z #9 8.290 Preparing to unpack .../079-libopenjp2-7_2.5.0-2+deb12u3_amd64.deb ...
2026-10-07T20:59:06.2516734Z #9 8.290 Unpacking libopenjp2-7:amd64 (2.5.0-2+deb12u3) ...
2026-10-07T20:59:06.2517321Z #9 8.315 Selecting previously unselected package libopus0:amd64.
2026-10-07T20:59:06.2518498Z #9 8.316 Preparing to unpack .../080-libopus0_1.3.1-3_amd64.deb ...
2026-10-07T20:59:06.2519196Z #9 8.317 Unpacking libopus0:amd64 (1.3.1-3) ...
2026-10-07T20:59:06.2519709Z #9 8.340 Selecting previously unselected package fontconfig.
2026-10-07T20:59:06.2520252Z #9 8.341 Preparing to unpack .../081-fontconfig_2.14.1-4_amd64.deb ...
2026-10-07T20:59:06.2520747Z #9 8.342 Unpacking fontconfig (2.14.1-4) ...
2026-10-07T20:59:06.2521239Z #9 8.365 Selecting previously unselected package libfribidi0:amd64.
2026-10-07T20:59:06.3579683Z #9 8.366 Preparing to unpack .../082-libfribidi0_1.0.8-2.1_amd64.deb ...
2026-10-07T20:59:06.3580459Z #9 8.367 Unpacking libfribidi0:amd64 (1.0.8-2.1) ...
2026-10-07T20:59:06.3581169Z #9 8.380 Selecting previously unselected package libthai-data.
2026-10-07T20:59:06.3581898Z #9 8.381 Preparing to unpack .../083-libthai-data_0.1.29-1_all.deb ...
2026-10-07T20:59:06.3582436Z #9 8.382 Unpacking libthai-data (0.1.29-1) ...
2026-10-07T20:59:06.3583488Z #9 8.440 Selecting previously unselected package libdatrie1:amd64.
2026-10-07T20:59:06.3584207Z #9 8.441 Preparing to unpack .../084-libdatrie1_0.2.13-2+b1_amd64.deb ...
2026-10-07T20:59:06.3584713Z #9 8.442 Unpacking libdatrie1:amd64 (0.2.13-2+b1) ...
2026-10-07T20:59:06.3585354Z #9 8.455 Selecting previously unselected package libthai0:amd64.
2026-10-07T20:59:06.3586016Z #9 8.456 Preparing to unpack .../085-libthai0_0.1.29-1_amd64.deb ...
2026-10-07T20:59:06.3586556Z #9 8.458 Unpacking libthai0:amd64 (0.1.29-1) ...
2026-10-07T20:59:06.3587255Z #9 8.471 Selecting previously unselected package libpango-1.0-0:amd64.
2026-10-07T20:59:06.4641566Z #9 8.472 Preparing to unpack .../086-libpango-1.0-0_1.50.12+ds-1_amd64.deb ...
2026-10-07T20:59:06.4642574Z #9 8.473 Unpacking libpango-1.0-0:amd64 (1.50.12+ds-1) ...
2026-10-07T20:59:06.4643405Z #9 8.496 Selecting previously unselected package libasyncns0:amd64.
2026-10-07T20:59:06.4644264Z #9 8.497 Preparing to unpack .../087-libasyncns0_0.8-6+b3_amd64.deb ...
2026-10-07T20:59:06.4645058Z #9 8.498 Unpacking libasyncns0:amd64 (0.8-6+b3) ...
2026-10-07T20:59:06.4645837Z #9 8.510 Selecting previously unselected package libmp3lame0:amd64.
2026-10-07T20:59:06.4646648Z #9 8.512 Preparing to unpack .../088-libmp3lame0_3.100-6_amd64.deb ...
2026-10-07T20:59:06.4647437Z #9 8.512 Unpacking libmp3lame0:amd64 (3.100-6) ...
2026-10-07T20:59:06.4648091Z #9 8.538 Selecting previously unselected package libmpg123-0:amd64.
2026-10-07T20:59:06.4649587Z #9 8.539 Preparing to unpack .../089-libmpg123-0_1.31.2-1+deb12u1_amd64.deb ...
2026-10-07T20:59:06.4650288Z #9 8.540 Unpacking libmpg123-0:amd64 (1.31.2-1+deb12u1) ...
2026-10-07T20:59:06.4650953Z #9 8.559 Selecting previously unselected package libvorbis0a:amd64.
2026-10-07T20:59:06.4651640Z #9 8.561 Preparing to unpack .../090-libvorbis0a_1.3.7-1_amd64.deb ...
2026-10-07T20:59:06.4652268Z #9 8.561 Unpacking libvorbis0a:amd64 (1.3.7-1) ...
2026-10-07T20:59:06.4652995Z #9 8.577 Selecting previously unselected package libvorbisenc2:amd64.
2026-10-07T20:59:06.5741759Z #9 8.579 Preparing to unpack .../091-libvorbisenc2_1.3.7-1_amd64.deb ...
2026-10-07T20:59:06.5742837Z #9 8.580 Unpacking libvorbisenc2:amd64 (1.3.7-1) ...
2026-10-07T20:59:06.5743588Z #9 8.596 Selecting previously unselected package libsndfile1:amd64.
2026-10-07T20:59:06.5744408Z #9 8.598 Preparing to unpack .../092-libsndfile1_1.2.0-1+deb12u1_amd64.deb ...
2026-10-07T20:59:06.5745226Z #9 8.598 Unpacking libsndfile1:amd64 (1.2.0-1+deb12u1) ...
2026-10-07T20:59:06.5745769Z #9 8.620 Selecting previously unselected package libx11-xcb1:amd64.
2026-10-07T20:59:06.5746601Z #9 8.621 Preparing to unpack .../093-libx11-xcb1_2%3a1.8.4-2+deb12u2_amd64.deb ...
2026-10-07T20:59:06.5747424Z #9 8.622 Unpacking libx11-xcb1:amd64 (2:1.8.4-2+deb12u2) ...
2026-10-07T20:59:06.5748154Z #9 8.639 Selecting previously unselected package libpulse0:amd64.
2026-10-07T20:59:06.5749832Z #9 8.640 Preparing to unpack .../094-libpulse0_16.1+dfsg1-2+b1_amd64.deb ...
2026-10-07T20:59:06.5750541Z #9 8.644 Unpacking libpulse0:amd64 (16.1+dfsg1-2+b1) ...
2026-10-07T20:59:06.5751097Z #9 8.672 Selecting previously unselected package libxcomposite1:amd64.
2026-10-07T20:59:06.5751652Z #9 8.674 Preparing to unpack .../095-libxcomposite1_1%3a0.4.5-1_amd64.deb ...
2026-10-07T20:59:06.5752207Z #9 8.674 Unpacking libxcomposite1:amd64 (1:0.4.5-1) ...
2026-10-07T20:59:06.5752726Z #9 8.686 Selecting previously unselected package libxdamage1:amd64.
2026-10-07T20:59:06.6901756Z #9 8.687 Preparing to unpack .../096-libxdamage1_1%3a1.1.6-1_amd64.deb ...
2026-10-07T20:59:06.6902541Z #9 8.688 Unpacking libxdamage1:amd64 (1:1.1.6-1) ...
2026-10-07T20:59:06.6903154Z #9 8.701 Selecting previously unselected package libxfixes3:amd64.
2026-10-07T20:59:06.6903933Z #9 8.702 Preparing to unpack .../097-libxfixes3_1%3a6.0.0-2_amd64.deb ...
2026-10-07T20:59:06.6904882Z #9 8.703 Unpacking libxfixes3:amd64 (1:6.0.0-2) ...
2026-10-07T20:59:06.6905509Z #9 8.713 Selecting previously unselected package xkb-data.
2026-10-07T20:59:06.6906161Z #9 8.714 Preparing to unpack .../098-xkb-data_2.35.1-1_all.deb ...
2026-10-07T20:59:06.6907076Z #9 8.715 Unpacking xkb-data (2.35.1-1) ...
2026-10-07T20:59:06.6907547Z #9 8.783 Selecting previously unselected package libxkbcommon0:amd64.
2026-10-07T20:59:06.6908292Z #9 8.784 Preparing to unpack .../099-libxkbcommon0_1.5.0-1_amd64.deb ...
2026-10-07T20:59:06.6909316Z #9 8.785 Unpacking libxkbcommon0:amd64 (1.5.0-1) ...
2026-10-07T20:59:06.6909971Z #9 8.803 Selecting previously unselected package libxnvctrl0:amd64.
2026-10-07T20:59:06.8006405Z #9 8.804 Preparing to unpack .../100-libxnvctrl0_525.85.05-3~deb12u1_amd64.deb ...
2026-10-07T20:59:06.8006924Z #9 8.805 Unpacking libxnvctrl0:amd64 (525.85.05-3~deb12u1) ...
2026-10-07T20:59:06.8007332Z #9 8.816 Selecting previously unselected package libxrandr2:amd64.
2026-10-07T20:59:06.8007768Z #9 8.818 Preparing to unpack .../101-libxrandr2_2%3a1.5.2-2+b1_amd64.deb ...
2026-10-07T20:59:06.8008160Z #9 8.819 Unpacking libxrandr2:amd64 (2:1.5.2-2+b1) ...
2026-10-07T20:59:06.8008592Z #9 8.832 Selecting previously unselected package libcairo-gobject2:amd64.
2026-10-07T20:59:06.8009282Z #9 8.833 Preparing to unpack .../102-libcairo-gobject2_1.16.0-7_amd64.deb ...
2026-10-07T20:59:06.8009695Z #9 8.834 Unpacking libcairo-gobject2:amd64 (1.16.0-7) ...
2026-10-07T20:59:06.8010113Z #9 8.851 Selecting previously unselected package libcolord2:amd64.
2026-10-07T20:59:06.8010807Z #9 8.853 Preparing to unpack .../103-libcolord2_1.4.6-2.2_amd64.deb ...
2026-10-07T20:59:06.8011186Z #9 8.853 Unpacking libcolord2:amd64 (1.4.6-2.2) ...
2026-10-07T20:59:06.8011550Z #9 8.873 Selecting previously unselected package libepoxy0:amd64.
2026-10-07T20:59:06.8011944Z #9 8.875 Preparing to unpack .../104-libepoxy0_1.5.10-1_amd64.deb ...
2026-10-07T20:59:06.8012290Z #9 8.875 Unpacking libepoxy0:amd64 (1.5.10-1) ...
2026-10-07T20:59:06.8012675Z #9 8.899 Selecting previously unselected package libpangoft2-1.0-0:amd64.
2026-10-07T20:59:06.8013123Z #9 8.900 Preparing to unpack .../105-libpangoft2-1.0-0_1.50.12+ds-1_amd64.deb ...
2026-10-07T20:59:06.8013545Z #9 8.901 Unpacking libpangoft2-1.0-0:amd64 (1.50.12+ds-1) ...
2026-10-07T20:59:06.8013952Z #9 8.914 Selecting previously unselected package libpangocairo-1.0-0:amd64.
2026-10-07T20:59:06.9093888Z #9 8.915 Preparing to unpack .../106-libpangocairo-1.0-0_1.50.12+ds-1_amd64.deb ...
2026-10-07T20:59:06.9094576Z #9 8.916 Unpacking libpangocairo-1.0-0:amd64 (1.50.12+ds-1) ...
2026-10-07T20:59:06.9095135Z #9 8.930 Selecting previously unselected package libwayland-client0:amd64.
2026-10-07T20:59:06.9095595Z #9 8.931 Preparing to unpack .../107-libwayland-client0_1.21.0-1_amd64.deb ...
2026-10-07T20:59:06.9095987Z #9 8.932 Unpacking libwayland-client0:amd64 (1.21.0-1) ...
2026-10-07T20:59:06.9096386Z #9 8.944 Selecting previously unselected package libwayland-cursor0:amd64.
2026-10-07T20:59:06.9096825Z #9 8.945 Preparing to unpack .../108-libwayland-cursor0_1.21.0-1_amd64.deb ...
2026-10-07T20:59:06.9097208Z #9 8.946 Unpacking libwayland-cursor0:amd64 (1.21.0-1) ...
2026-10-07T20:59:06.9097614Z #9 8.966 Selecting previously unselected package libwayland-egl1:amd64.
2026-10-07T20:59:06.9098031Z #9 8.967 Preparing to unpack .../109-libwayland-egl1_1.21.0-1_amd64.deb ...
2026-10-07T20:59:06.9098398Z #9 8.968 Unpacking libwayland-egl1:amd64 (1.21.0-1) ...
2026-10-07T20:59:06.9098756Z #9 8.978 Selecting previously unselected package libxcursor1:amd64.
2026-10-07T20:59:06.9099396Z #9 8.979 Preparing to unpack .../110-libxcursor1_1%3a1.2.1-1_amd64.deb ...
2026-10-07T20:59:06.9099776Z #9 8.980 Unpacking libxcursor1:amd64 (1:1.2.1-1) ...
2026-10-07T20:59:06.9100145Z #9 8.993 Selecting previously unselected package libxinerama1:amd64.
2026-10-07T20:59:06.9100572Z #9 8.994 Preparing to unpack .../111-libxinerama1_2%3a1.1.4-3_amd64.deb ...
2026-10-07T20:59:06.9101059Z #9 8.995 Unpacking libxinerama1:amd64 (2:1.1.4-3) ...
2026-10-07T20:59:06.9101865Z #9 9.006 Selecting previously unselected package dbus-user-session.
2026-10-07T20:59:06.9102657Z #9 9.007 Preparing to unpack .../112-dbus-user-session_1.14.10-1~deb12u1_amd64.deb ...
2026-10-07T20:59:06.9103504Z #9 9.008 Unpacking dbus-user-session (1.14.10-1~deb12u1) ...
2026-10-07T20:59:06.9104053Z #9 9.023 Selecting previously unselected package libdconf1:amd64.
2026-10-07T20:59:07.1027024Z #9 9.024 Preparing to unpack .../113-libdconf1_0.40.0-4_amd64.deb ...
2026-10-07T20:59:07.1027745Z #9 9.025 Unpacking libdconf1:amd64 (0.40.0-4) ...
2026-10-07T20:59:07.1028432Z #9 9.036 Selecting previously unselected package dconf-service.
2026-10-07T20:59:07.1029269Z #9 9.037 Preparing to unpack .../114-dconf-service_0.40.0-4_amd64.deb ...
2026-10-07T20:59:07.1029886Z #9 9.038 Unpacking dconf-service (0.40.0-4) ...
2026-10-07T20:59:07.1030639Z #9 9.050 Selecting previously unselected package dconf-gsettings-backend:amd64.
2026-10-07T20:59:07.1031501Z #9 9.051 Preparing to unpack .../115-dconf-gsettings-backend_0.40.0-4_amd64.deb ...
2026-10-07T20:59:07.1032300Z #9 9.051 Unpacking dconf-gsettings-backend:amd64 (0.40.0-4) ...
2026-10-07T20:59:07.1032997Z #9 9.063 Selecting previously unselected package libgtk-3-common.
2026-10-07T20:59:07.1033727Z #9 9.064 Preparing to unpack .../116-libgtk-3-common_3.24.38-2~deb12u3_all.deb ...
2026-10-07T20:59:07.1034425Z #9 9.065 Unpacking libgtk-3-common (3.24.38-2~deb12u3) ...
2026-10-07T20:59:07.1882594Z #9 9.301 Selecting previously unselected package libgtk-3-0:amd64.
2026-10-07T20:59:07.3408883Z #9 9.303 Preparing to unpack .../117-libgtk-3-0_3.24.38-2~deb12u3_amd64.deb ...
2026-10-07T20:59:07.3410068Z #9 9.304 Unpacking libgtk-3-0:amd64 (3.24.38-2~deb12u3) ...
2026-10-07T20:59:07.3690625Z #9 9.481 Selecting previously unselected package libfontenc1:amd64.
2026-10-07T20:59:07.4740994Z #9 9.483 Preparing to unpack .../118-libfontenc1_1%3a1.1.4-1_amd64.deb ...
2026-10-07T20:59:07.4741757Z #9 9.484 Unpacking libfontenc1:amd64 (1:1.1.4-1) ...
2026-10-07T20:59:07.4742388Z #9 9.496 Selecting previously unselected package libglvnd0:amd64.
2026-10-07T20:59:07.4743053Z #9 9.497 Preparing to unpack .../119-libglvnd0_1.6.0-1_amd64.deb ...
2026-10-07T20:59:07.4743548Z #9 9.498 Unpacking libglvnd0:amd64 (1.6.0-1) ...
2026-10-07T20:59:07.4744130Z #9 9.513 Selecting previously unselected package libglapi-mesa:amd64.
2026-10-07T20:59:07.4744849Z #9 9.514 Preparing to unpack .../120-libglapi-mesa_22.3.6-1+deb12u2_amd64.deb ...
2026-10-07T20:59:07.4745416Z #9 9.515 Unpacking libglapi-mesa:amd64 (22.3.6-1+deb12u2) ...
2026-10-07T20:59:07.4745885Z #9 9.529 Selecting previously unselected package libxcb-dri2-0:amd64.
2026-10-07T20:59:07.4746455Z #9 9.530 Preparing to unpack .../121-libxcb-dri2-0_1.15-1_amd64.deb ...
2026-10-07T20:59:07.4746806Z #9 9.531 Unpacking libxcb-dri2-0:amd64 (1.15-1) ...
2026-10-07T20:59:07.4747360Z #9 9.547 Selecting previously unselected package libxcb-dri3-0:amd64.
2026-10-07T20:59:07.4747841Z #9 9.549 Preparing to unpack .../122-libxcb-dri3-0_1.15-1_amd64.deb ...
2026-10-07T20:59:07.4748190Z #9 9.549 Unpacking libxcb-dri3-0:amd64 (1.15-1) ...
2026-10-07T20:59:07.4748621Z #9 9.566 Selecting previously unselected package libxcb-glx0:amd64.
2026-10-07T20:59:07.4749351Z #9 9.568 Preparing to unpack .../123-libxcb-glx0_1.15-1_amd64.deb ...
2026-10-07T20:59:07.4749990Z #9 9.569 Unpacking libxcb-glx0:amd64 (1.15-1) ...
2026-10-07T20:59:07.4750607Z #9 9.587 Selecting previously unselected package libxcb-present0:amd64.
2026-10-07T20:59:07.5753003Z #9 9.589 Preparing to unpack .../124-libxcb-present0_1.15-1_amd64.deb ...
2026-10-07T20:59:07.5753505Z #9 9.589 Unpacking libxcb-present0:amd64 (1.15-1) ...
2026-10-07T20:59:07.5753920Z #9 9.607 Selecting previously unselected package libxcb-randr0:amd64.
2026-10-07T20:59:07.5754354Z #9 9.608 Preparing to unpack .../125-libxcb-randr0_1.15-1_amd64.deb ...
2026-10-07T20:59:07.5754728Z #9 9.609 Unpacking libxcb-randr0:amd64 (1.15-1) ...
2026-10-07T20:59:07.5755105Z #9 9.628 Selecting previously unselected package libxcb-sync1:amd64.
2026-10-07T20:59:07.5755522Z #9 9.629 Preparing to unpack .../126-libxcb-sync1_1.15-1_amd64.deb ...
2026-10-07T20:59:07.5755922Z #9 9.630 Unpacking libxcb-sync1:amd64 (1.15-1) ...
2026-10-07T20:59:07.5756531Z #9 9.647 Selecting previously unselected package libxcb-xfixes0:amd64.
2026-10-07T20:59:07.5756951Z #9 9.649 Preparing to unpack .../127-libxcb-xfixes0_1.15-1_amd64.deb ...
2026-10-07T20:59:07.5757319Z #9 9.649 Unpacking libxcb-xfixes0:amd64 (1.15-1) ...
2026-10-07T20:59:07.5757694Z #9 9.688 Selecting previously unselected package libxshmfence1:amd64.
2026-10-07T20:59:07.6779948Z #9 9.690 Preparing to unpack .../128-libxshmfence1_1.3-1_amd64.deb ...
2026-10-07T20:59:07.6780625Z #9 9.691 Unpacking libxshmfence1:amd64 (1.3-1) ...
2026-10-07T20:59:07.6781190Z #9 9.702 Selecting previously unselected package libxxf86vm1:amd64.
2026-10-07T20:59:07.6781779Z #9 9.703 Preparing to unpack .../129-libxxf86vm1_1%3a1.1.4-1+b2_amd64.deb ...
2026-10-07T20:59:07.6782160Z #9 9.704 Unpacking libxxf86vm1:amd64 (1:1.1.4-1+b2) ...
2026-10-07T20:59:07.6782548Z #9 9.716 Selecting previously unselected package libdrm-amdgpu1:amd64.
2026-10-07T20:59:07.6782977Z #9 9.717 Preparing to unpack .../130-libdrm-amdgpu1_2.4.114-1+b1_amd64.deb ...
2026-10-07T20:59:07.6783401Z #9 9.718 Unpacking libdrm-amdgpu1:amd64 (2.4.114-1+b1) ...
2026-10-07T20:59:07.6783772Z #9 9.730 Selecting previously unselected package libpciaccess0:amd64.
2026-10-07T20:59:07.6784174Z #9 9.731 Preparing to unpack .../131-libpciaccess0_0.17-2_amd64.deb ...
2026-10-07T20:59:07.6784518Z #9 9.732 Unpacking libpciaccess0:amd64 (0.17-2) ...
2026-10-07T20:59:07.6785108Z #9 9.745 Selecting previously unselected package libdrm-intel1:amd64.
2026-10-07T20:59:07.6785541Z #9 9.746 Preparing to unpack .../132-libdrm-intel1_2.4.114-1+b1_amd64.deb ...
2026-10-07T20:59:07.6785915Z #9 9.747 Unpacking libdrm-intel1:amd64 (2.4.114-1+b1) ...
2026-10-07T20:59:07.6786435Z #9 9.762 Selecting previously unselected package libdrm-nouveau2:amd64.
2026-10-07T20:59:07.6786877Z #9 9.763 Preparing to unpack .../133-libdrm-nouveau2_2.4.114-1+b1_amd64.deb ...
2026-10-07T20:59:07.6787344Z #9 9.764 Unpacking libdrm-nouveau2:amd64 (2.4.114-1+b1) ...
2026-10-07T20:59:07.6787917Z #9 9.777 Selecting previously unselected package libdrm-radeon1:amd64.
2026-10-07T20:59:07.6788611Z #9 9.778 Preparing to unpack .../134-libdrm-radeon1_2.4.114-1+b1_amd64.deb ...
2026-10-07T20:59:07.6789527Z #9 9.779 Unpacking libdrm-radeon1:amd64 (2.4.114-1+b1) ...
2026-10-07T20:59:07.6790118Z #9 9.791 Selecting previously unselected package libelf1:amd64.
2026-10-07T20:59:07.8731342Z #9 9.792 Preparing to unpack .../135-libelf1_0.188-2.1_amd64.deb ...
2026-10-07T20:59:07.8731828Z #9 9.793 Unpacking libelf1:amd64 (0.188-2.1) ...
2026-10-07T20:59:07.8732239Z #9 9.816 Selecting previously unselected package libedit2:amd64.
2026-10-07T20:59:07.8732717Z #9 9.818 Preparing to unpack .../136-libedit2_3.1-20221030-2_amd64.deb ...
2026-10-07T20:59:07.8733171Z #9 9.818 Unpacking libedit2:amd64 (3.1-20221030-2) ...
2026-10-07T20:59:07.8733524Z #9 9.834 Selecting previously unselected package libz3-4:amd64.
2026-10-07T20:59:07.8733921Z #9 9.835 Preparing to unpack .../137-libz3-4_4.8.12-3.1_amd64.deb ...
2026-10-07T20:59:07.8734290Z #9 9.836 Unpacking libz3-4:amd64 (4.8.12-3.1) ...
2026-10-07T20:59:08.1453397Z #9 10.26 Selecting previously unselected package libllvm15:amd64.
2026-10-07T20:59:08.2980426Z #9 10.26 Preparing to unpack .../138-libllvm15_1%3a15.0.6-4+b1_amd64.deb ...
2026-10-07T20:59:08.2981220Z #9 10.26 Unpacking libllvm15:amd64 (1:15.0.6-4+b1) ...
2026-10-07T20:59:08.8703279Z #9 10.98 Selecting previously unselected package libsensors-config.
2026-10-07T20:59:09.0572981Z #9 10.98 Preparing to unpack .../139-libsensors-config_1%3a3.6.0-7.1_all.deb ...
2026-10-07T20:59:09.0574012Z #9 10.99 Unpacking libsensors-config (1:3.6.0-7.1) ...
2026-10-07T20:59:09.0574906Z #9 11.00 Selecting previously unselected package libsensors5:amd64.
2026-10-07T20:59:09.0575869Z #9 11.00 Preparing to unpack .../140-libsensors5_1%3a3.6.0-7.1_amd64.deb ...
2026-10-07T20:59:09.0576792Z #9 11.00 Unpacking libsensors5:amd64 (1:3.6.0-7.1) ...
2026-10-07T20:59:09.0577660Z #9 11.02 Selecting previously unselected package libgl1-mesa-dri:amd64.
2026-10-07T20:59:09.0578915Z #9 11.02 Preparing to unpack .../141-libgl1-mesa-dri_22.3.6-1+deb12u2_amd64.deb ...
2026-10-07T20:59:09.0579872Z #9 11.02 Unpacking libgl1-mesa-dri:amd64 (22.3.6-1+deb12u2) ...
2026-10-07T20:59:09.3271609Z #9 11.44 Selecting previously unselected package libglx-mesa0:amd64.
2026-10-07T20:59:09.4366191Z #9 11.44 Preparing to unpack .../142-libglx-mesa0_22.3.6-1+deb12u2_amd64.deb ...
2026-10-07T20:59:09.4367069Z #9 11.44 Unpacking libglx-mesa0:amd64 (22.3.6-1+deb12u2) ...
2026-10-07T20:59:09.4367713Z #9 11.46 Selecting previously unselected package libglx0:amd64.
2026-10-07T20:59:09.4368278Z #9 11.46 Preparing to unpack .../143-libglx0_1.6.0-1_amd64.deb ...
2026-10-07T20:59:09.4368685Z #9 11.46 Unpacking libglx0:amd64 (1.6.0-1) ...
2026-10-07T20:59:09.4369324Z #9 11.48 Selecting previously unselected package libgl1:amd64.
2026-10-07T20:59:09.4369761Z #9 11.48 Preparing to unpack .../144-libgl1_1.6.0-1_amd64.deb ...
2026-10-07T20:59:09.4370111Z #9 11.48 Unpacking libgl1:amd64 (1.6.0-1) ...
2026-10-07T20:59:09.4370476Z #9 11.50 Selecting previously unselected package x11-common.
2026-10-07T20:59:09.4370884Z #9 11.50 Preparing to unpack .../145-x11-common_1%3a7.7+23_all.deb ...
2026-10-07T20:59:09.4371242Z #9 11.50 Unpacking x11-common (1:7.7+23) ...
2026-10-07T20:59:09.4371594Z #9 11.52 Selecting previously unselected package libice6:amd64.
2026-10-07T20:59:09.4372206Z #9 11.52 Preparing to unpack .../146-libice6_2%3a1.0.10-1_amd64.deb ...
2026-10-07T20:59:09.4372568Z #9 11.52 Unpacking libice6:amd64 (2:1.0.10-1) ...
2026-10-07T20:59:09.4372913Z #9 11.53 Selecting previously unselected package libsm6:amd64.
2026-10-07T20:59:09.4373322Z #9 11.54 Preparing to unpack .../147-libsm6_2%3a1.2.3-1_amd64.deb ...
2026-10-07T20:59:09.4373701Z #9 11.54 Unpacking libsm6:amd64 (2:1.2.3-1) ...
2026-10-07T20:59:09.4374354Z #9 11.55 Selecting previously unselected package libxt6:amd64.
2026-10-07T20:59:09.5470519Z #9 11.55 Preparing to unpack .../148-libxt6_1%3a1.2.1-1.1_amd64.deb ...
2026-10-07T20:59:09.5471392Z #9 11.55 Unpacking libxt6:amd64 (1:1.2.1-1.1) ...
2026-10-07T20:59:09.5472171Z #9 11.57 Selecting previously unselected package libxmu6:amd64.
2026-10-07T20:59:09.5472748Z #9 11.57 Preparing to unpack .../149-libxmu6_2%3a1.1.3-3_amd64.deb ...
2026-10-07T20:59:09.5473312Z #9 11.58 Unpacking libxmu6:amd64 (2:1.1.3-3) ...
2026-10-07T20:59:09.5474364Z #9 11.59 Selecting previously unselected package libxpm4:amd64.
2026-10-07T20:59:09.5475117Z #9 11.59 Preparing to unpack .../150-libxpm4_1%3a3.5.12-1.1+deb12u1_amd64.deb ...
2026-10-07T20:59:09.5475748Z #9 11.59 Unpacking libxpm4:amd64 (1:3.5.12-1.1+deb12u1) ...
2026-10-07T20:59:09.5476312Z #9 11.60 Selecting previously unselected package libxaw7:amd64.
2026-10-07T20:59:09.5476938Z #9 11.60 Preparing to unpack .../151-libxaw7_2%3a1.0.14-1_amd64.deb ...
2026-10-07T20:59:09.5477475Z #9 11.61 Unpacking libxaw7:amd64 (2:1.0.14-1) ...
2026-10-07T20:59:09.5478034Z #9 11.63 Selecting previously unselected package libxcb-shape0:amd64.
2026-10-07T20:59:09.5478670Z #9 11.63 Preparing to unpack .../152-libxcb-shape0_1.15-1_amd64.deb ...
2026-10-07T20:59:09.5479374Z #9 11.63 Unpacking libxcb-shape0:amd64 (1.15-1) ...
2026-10-07T20:59:09.5479897Z #9 11.65 Selecting previously unselected package libxft2:amd64.
2026-10-07T20:59:09.5480454Z #9 11.65 Preparing to unpack .../153-libxft2_2.3.6-1_amd64.deb ...
2026-10-07T20:59:09.5480983Z #9 11.65 Unpacking libxft2:amd64 (2.3.6-1) ...
2026-10-07T20:59:09.5481462Z #9 11.66 Selecting previously unselected package libxkbfile1:amd64.
2026-10-07T20:59:09.6542685Z #9 11.66 Preparing to unpack .../154-libxkbfile1_1%3a1.1.0-1_amd64.deb ...
2026-10-07T20:59:09.6543454Z #9 11.66 Unpacking libxkbfile1:amd64 (1:1.1.0-1) ...
2026-10-07T20:59:09.6543874Z #9 11.68 Selecting previously unselected package libxmuu1:amd64.
2026-10-07T20:59:09.6544356Z #9 11.68 Preparing to unpack .../155-libxmuu1_2%3a1.1.3-3_amd64.deb ...
2026-10-07T20:59:09.6544782Z #9 11.68 Unpacking libxmuu1:amd64 (2:1.1.3-3) ...
2026-10-07T20:59:09.6545438Z #9 11.69 Selecting previously unselected package libxtst6:amd64.
2026-10-07T20:59:09.6545895Z #9 11.69 Preparing to unpack .../156-libxtst6_2%3a1.2.3-1.1_amd64.deb ...
2026-10-07T20:59:09.6546255Z #9 11.69 Unpacking libxtst6:amd64 (2:1.2.3-1.1) ...
2026-10-07T20:59:09.6546597Z #9 11.70 Selecting previously unselected package libxv1:amd64.
2026-10-07T20:59:09.6546983Z #9 11.70 Preparing to unpack .../157-libxv1_2%3a1.0.11-1.1_amd64.deb ...
2026-10-07T20:59:09.6547341Z #9 11.71 Unpacking libxv1:amd64 (2:1.0.11-1.1) ...
2026-10-07T20:59:09.6547697Z #9 11.75 Selecting previously unselected package libxxf86dga1:amd64.
2026-10-07T20:59:09.6548115Z #9 11.75 Preparing to unpack .../158-libxxf86dga1_2%3a1.1.5-1_amd64.deb ...
2026-10-07T20:59:09.6548473Z #9 11.76 Unpacking libxxf86dga1:amd64 (2:1.1.5-1) ...
2026-10-07T20:59:09.6548803Z #9 11.77 Selecting previously unselected package x11-utils.
2026-10-07T20:59:09.8475994Z #9 11.77 Preparing to unpack .../159-x11-utils_7.7+5_amd64.deb ...
2026-10-07T20:59:09.8476908Z #9 11.77 Unpacking x11-utils (7.7+5) ...
2026-10-07T20:59:09.8477692Z #9 11.79 Selecting previously unselected package xdg-utils.
2026-10-07T20:59:09.8478482Z #9 11.79 Preparing to unpack .../160-xdg-utils_1.1.3-4.1_all.deb ...
2026-10-07T20:59:09.8479323Z #9 11.79 Unpacking xdg-utils (1.1.3-4.1) ...
2026-10-07T20:59:09.8480042Z #9 11.81 Selecting previously unselected package chromium-common.
2026-10-07T20:59:09.8481168Z #9 11.81 Preparing to unpack .../161-chromium-common_154.0.8037.92-1~deb12u1_amd64.deb ...
2026-10-07T20:59:09.8482181Z #9 11.81 Unpacking chromium-common (154.0.8037.92-1~deb12u1) ...
2026-10-07T20:59:10.2688543Z #9 12.38 Selecting previously unselected package chromium.
2026-10-07T20:59:10.4213657Z #9 12.38 Preparing to unpack .../162-chromium_154.0.8037.92-1~deb12u1_amd64.deb ...
2026-10-07T20:59:10.4214758Z #9 12.38 Unpacking chromium (154.0.8037.92-1~deb12u1) ...
2026-10-07T20:59:12.2392316Z #9 14.35 Setting up libexpat1:amd64 (2.5.0-1+deb12u4) ...
2026-10-07T20:59:12.3545643Z #9 14.35 Setting up bubblewrap (0.8.0-2+deb12u1) ...
2026-10-07T20:59:12.3546448Z #9 14.36 sysctl: cannot open "/etc/sysctl.d/99-sysctl.conf": No such file or directory
2026-10-07T20:59:12.3547158Z #9 14.36 Setting up libgraphite2-3:amd64 (1.3.14-1+deb12u1) ...
2026-10-07T20:59:12.3547738Z #9 14.36 Setting up liblcms2-2:amd64 (2.14-2+deb12u1) ...
2026-10-07T20:59:12.3548274Z #9 14.36 Setting up libpixman-1-0:amd64 (0.42.2-1) ...
2026-10-07T20:59:12.3548767Z #9 14.36 Setting up libwayland-server0:amd64 (1.21.0-1) ...
2026-10-07T20:59:12.3549453Z #9 14.37 Setting up libpciaccess0:amd64 (0.17-2) ...
2026-10-07T20:59:12.3550060Z #9 14.37 Setting up systemd-sysv (252.39-1~deb12u2) ...
2026-10-07T20:59:12.3550516Z #9 14.37 Setting up libxau6:amd64 (1:1.0.9-1) ...
2026-10-07T20:59:12.3551003Z #9 14.37 Setting up libdouble-conversion3:amd64 (3.2.1-1) ...
2026-10-07T20:59:12.3551497Z #9 14.38 Setting up libkeyutils1:amd64 (1.6.3-2) ...
2026-10-07T20:59:12.3551964Z #9 14.38 Setting up libicu72:amd64 (72.1-3+deb12u1) ...
2026-10-07T20:59:12.3552369Z #9 14.38 Setting up libmpg123-0:amd64 (1.31.2-1+deb12u1) ...
2026-10-07T20:59:12.3552687Z #9 14.38 Setting up libogg0:amd64 (1.3.5-3) ...
2026-10-07T20:59:12.3552985Z #9 14.38 Setting up liblerc4:amd64 (4.0.0+ds-2) ...
2026-10-07T20:59:12.3553301Z #9 14.38 Setting up hicolor-icon-theme (0.17-2) ...
2026-10-07T20:59:12.3553621Z #9 14.39 Setting up libdatrie1:amd64 (0.2.13-2+b1) ...
2026-10-07T20:59:12.3553953Z #9 14.40 Setting up libminizip1:amd64 (1.1-8+deb12u1) ...
2026-10-07T20:59:12.3554291Z #9 14.40 Setting up libglib2.0-0:amd64 (2.74.6-2+deb12u9) ...
2026-10-07T20:59:12.3554753Z #9 14.41 Setting up libglvnd0:amd64 (1.6.0-1) ...
2026-10-07T20:59:12.3555122Z #9 14.41 Setting up libbrotli1:amd64 (1.0.9-2+b6) ...
2026-10-07T20:59:12.3555457Z #9 14.41 Setting up libsqlite3-0:amd64 (3.40.1-2+deb12u2) ...
2026-10-07T20:59:12.3555839Z #9 14.41 Setting up libgdk-pixbuf2.0-common (2.42.10+dfsg-1+deb12u4) ...
2026-10-07T20:59:12.3556186Z #9 14.41 Setting up x11-common (1:7.7+23) ...
2026-10-07T20:59:12.3556736Z #9 14.47 debconf: unable to initialize frontend: Dialog
2026-10-07T20:59:12.3557120Z #9 14.47 debconf: (TERM is not set, so the dialog frontend is not usable.)
2026-10-07T20:59:12.3557483Z #9 14.47 debconf: falling back to frontend: Readline
2026-10-07T20:59:12.4764758Z #9 14.47 debconf: unable to initialize frontend: Readline
2026-10-07T20:59:12.4766566Z #9 14.47 debconf: (Can't locate Term/ReadLine.pm in @INC (you may need to install the Term::ReadLine module) (@INC contains: /etc/perl /usr/local/lib/x86_64-linux-gnu/perl/5.36.0 /usr/local/share/perl/5.36.0 /usr/lib/x86_64-linux-gnu/perl5/5.36 /usr/share/perl5 /usr/lib/x86_64-linux-gnu/perl-base /usr/lib/x86_64-linux-gnu/perl/5.36 /usr/share/perl/5.36 /usr/local/lib/site_perl) at /usr/share/perl5/Debconf/FrontEnd/Readline.pm line 7.)
2026-10-07T20:59:12.4768234Z #9 14.47 debconf: falling back to frontend: Teletype
2026-10-07T20:59:12.4768588Z #9 14.48 invoke-rc.d: could not determine current runlevel
2026-10-07T20:59:12.4768950Z #9 14.48 invoke-rc.d: policy-rc.d denied execution of restart.
2026-10-07T20:59:12.4769519Z #9 14.49 Setting up libsensors-config (1:3.6.0-7.1) ...
2026-10-07T20:59:12.4769935Z #9 14.49 Setting up libdeflate0:amd64 (1.14-1) ...
2026-10-07T20:59:12.4770306Z #9 14.49 Setting up xkb-data (2.35.1-1) ...
2026-10-07T20:59:12.4770602Z #9 14.49 Setting up libjbig0:amd64 (2.1-6.1) ...
2026-10-07T20:59:12.4771137Z #9 14.50 Setting up libcolord2:amd64 (1.4.6-2.2) ...
2026-10-07T20:59:12.4771530Z #9 14.50 Setting up libkrb5support0:amd64 (1.20.1-2+deb12u5) ...
2026-10-07T20:59:12.4771920Z #9 14.50 Setting up libdconf1:amd64 (0.40.0-4) ...
2026-10-07T20:59:12.4772319Z #9 14.50 Setting up libasound2-data (1.2.8-1) ...
2026-10-07T20:59:12.4772763Z #9 14.50 Setting up libfontenc1:amd64 (1:1.1.4-1) ...
2026-10-07T20:59:12.4773068Z #9 14.51 Setting up libz3-4:amd64 (4.8.12-3.1) ...
2026-10-07T20:59:12.4773376Z #9 14.51 Setting up libflac12:amd64 (1.4.2+ds-2) ...
2026-10-07T20:59:12.4773864Z #9 14.51 Setting up libjpeg62-turbo:amd64 (1:2.1.5-2) ...
2026-10-07T20:59:12.4774195Z #9 14.51 Setting up libx11-data (2:1.8.4-2+deb12u2) ...
2026-10-07T20:59:12.4774625Z #9 14.51 Setting up libepoxy0:amd64 (1.5.10-1) ...
2026-10-07T20:59:12.4774954Z #9 14.52 Setting up libnspr4:amd64 (2:4.35-1) ...
2026-10-07T20:59:12.4775311Z #9 14.52 Setting up libavahi-common-data:amd64 (0.8-10+deb12u1) ...
2026-10-07T20:59:12.4775676Z #9 14.52 Setting up libdbus-1-3:amd64 (1.14.10-1~deb12u1) ...
2026-10-07T20:59:12.4776124Z #9 14.52 Setting up libfribidi0:amd64 (1.0.8-2.1) ...
2026-10-07T20:59:12.4776475Z #9 14.52 Setting up libopus0:amd64 (1.3.1-3) ...
2026-10-07T20:59:12.4776785Z #9 14.53 Setting up libproc2-0:amd64 (2:4.0.2-3) ...
2026-10-07T20:59:12.4777112Z #9 14.53 Setting up libpng16-16:amd64 (1.6.39-2+deb12u6) ...
2026-10-07T20:59:12.4777648Z #9 14.53 Setting up libvorbis0a:amd64 (1.3.7-1) ...
2026-10-07T20:59:12.4778251Z #9 14.53 Setting up fonts-dejavu-core (2.37-6) ...
2026-10-07T20:59:12.4778853Z #9 14.54 Setting up libsensors5:amd64 (1:3.6.0-7.1) ...
2026-10-07T20:59:12.4779367Z #9 14.54 Setting up libncursesw6:amd64 (6.4-4) ...
2026-10-07T20:59:12.4779819Z #9 14.55 Setting up libk5crypto3:amd64 (1.20.1-2+deb12u5) ...
2026-10-07T20:59:12.4780255Z #9 14.55 Setting up libdav1d6:amd64 (1.0.0-2+deb12u1) ...
2026-10-07T20:59:12.4780677Z #9 14.55 Setting up libglapi-mesa:amd64 (22.3.6-1+deb12u2) ...
2026-10-07T20:59:12.4781172Z #9 14.55 Setting up libopenh264-7:amd64 (2.3.1+dfsg-3+deb12u2) ...
2026-10-07T20:59:12.4781530Z #9 14.55 Setting up libwebp7:amd64 (1.2.4-0.2+deb12u1) ...
2026-10-07T20:59:12.4781875Z #9 14.56 Setting up libasyncns0:amd64 (0.8-6+b3) ...
2026-10-07T20:59:12.4782305Z #9 14.56 Setting up libxshmfence1:amd64 (1.3-1) ...
2026-10-07T20:59:12.4782603Z #9 14.56 Setting up at-spi2-common (2.46.0-5) ...
2026-10-07T20:59:12.4782922Z #9 14.56 Setting up libtiff6:amd64 (4.5.0-6+deb12u4) ...
2026-10-07T20:59:12.4783278Z #9 14.57 Setting up dbus-session-bus-common (1.14.10-1~deb12u1) ...
2026-10-07T20:59:12.4783660Z #9 14.57 Setting up procps (2:4.0.2-3) ...
2026-10-07T20:59:12.4784398Z #9 14.59 Setting up libasound2:amd64 (1.2.8-1+b1) ...
2026-10-07T20:59:12.6391932Z #9 14.59 Setting up libopenjp2-7:amd64 (2.5.0-2+deb12u3) ...
2026-10-07T20:59:12.6392383Z #9 14.59 Setting up libthai-data (0.1.29-1) ...
2026-10-07T20:59:12.6392763Z #9 14.60 Setting up libatk1.0-0:amd64 (2.46.0-5) ...
2026-10-07T20:59:12.6393130Z #9 14.60 Setting up libkrb5-3:amd64 (1.20.1-2+deb12u5) ...
2026-10-07T20:59:12.6393541Z #9 14.60 Setting up libwayland-egl1:amd64 (1.21.0-1) ...
2026-10-07T20:59:12.6393935Z #9 14.60 Setting up dbus-system-bus-common (1.14.10-1~deb12u1) ...
2026-10-07T20:59:12.6778686Z #9 14.79 Setting up libbsd0:amd64 (0.11.7-2) ...
2026-10-07T20:59:12.7945791Z #9 14.79 Setting up libdrm-common (2.4.114-1) ...
2026-10-07T20:59:12.7946551Z #9 14.80 Setting up libelf1:amd64 (0.188-2.1) ...
2026-10-07T20:59:12.7946996Z #9 14.80 Setting up libxml2:amd64 (2.9.14+dfsg-1.3~deb12u6) ...
2026-10-07T20:59:12.7947386Z #9 14.80 Setting up xdg-utils (1.1.3-4.1) ...
2026-10-07T20:59:12.7947939Z #9 14.80 update-alternatives: using /usr/bin/xdg-open to provide /usr/bin/open (open) in auto mode
2026-10-07T20:59:12.7948881Z #9 14.80 update-alternatives: warning: skip creation of /usr/share/man/man1/open.1.gz because associated file /usr/share/man/man1/xdg-open.1.gz (of link group open) doesn't exist
2026-10-07T20:59:12.7949770Z #9 14.80 Setting up dbus-bin (1.14.10-1~deb12u1) ...
2026-10-07T20:59:12.7950369Z #9 14.81 Setting up libmp3lame0:amd64 (3.100-6) ...
2026-10-07T20:59:12.7950708Z #9 14.84 Setting up libvorbisenc2:amd64 (1.3.7-1) ...
2026-10-07T20:59:12.7951095Z #9 14.85 Setting up libxkbcommon0:amd64 (1.5.0-1) ...
2026-10-07T20:59:12.7951442Z #9 14.85 Setting up libwayland-client0:amd64 (1.21.0-1) ...
2026-10-07T20:59:12.7951784Z #9 14.85 Setting up libice6:amd64 (2:1.0.10-1) ...
2026-10-07T20:59:12.7952099Z #9 14.85 Setting up libxdmcp6:amd64 (1:1.1.2-3) ...
2026-10-07T20:59:12.7952398Z #9 14.85 Setting up libxcb1:amd64 (1.15-1) ...
2026-10-07T20:59:12.7952706Z #9 14.86 Setting up libxcb-xfixes0:amd64 (1.15-1) ...
2026-10-07T20:59:12.7953028Z #9 14.86 Setting up libxcb-render0:amd64 (1.15-1) ...
2026-10-07T20:59:12.7953374Z #9 14.86 Setting up fontconfig-config (2.14.1-4) ...
2026-10-07T20:59:12.7953698Z #9 14.91 debconf: unable to initialize frontend: Dialog
2026-10-07T20:59:12.7954168Z #9 14.91 debconf: (TERM is not set, so the dialog frontend is not usable.)
2026-10-07T20:59:12.7954536Z #9 14.91 debconf: falling back to frontend: Readline
2026-10-07T20:59:12.9018536Z #9 14.91 debconf: unable to initialize frontend: Readline
2026-10-07T20:59:12.9020976Z #9 14.91 debconf: (Can't locate Term/ReadLine.pm in @INC (you may need to install the Term::ReadLine module) (@INC contains: /etc/perl /usr/local/lib/x86_64-linux-gnu/perl/5.36.0 /usr/local/share/perl/5.36.0 /usr/lib/x86_64-linux-gnu/perl5/5.36 /usr/share/perl5 /usr/lib/x86_64-linux-gnu/perl-base /usr/lib/x86_64-linux-gnu/perl/5.36 /usr/share/perl/5.36 /usr/local/lib/site_perl) at /usr/share/perl5/Debconf/FrontEnd/Readline.pm line 7.)
2026-10-07T20:59:12.9022544Z #9 14.91 debconf: falling back to frontend: Teletype
2026-10-07T20:59:12.9022892Z #9 14.99 Setting up libxcb-glx0:amd64 (1.15-1) ...
2026-10-07T20:59:12.9023418Z #9 15.00 Setting up libedit2:amd64 (3.1-20221030-2) ...
2026-10-07T20:59:12.9023750Z #9 15.00 Setting up libxcb-shape0:amd64 (1.15-1) ...
2026-10-07T20:59:12.9024211Z #9 15.00 Setting up libavahi-common3:amd64 (0.8-10+deb12u1) ...
2026-10-07T20:59:12.9024601Z #9 15.00 Setting up libnss3:amd64 (2:3.87.1-1+deb12u4) ...
2026-10-07T20:59:12.9025124Z #9 15.00 Setting up libxcb-shm0:amd64 (1.15-1) ...
2026-10-07T20:59:12.9025483Z #9 15.01 Setting up dbus-daemon (1.14.10-1~deb12u1) ...
2026-10-07T20:59:12.9026000Z #9 15.02 Setting up libxcb-present0:amd64 (1.15-1) ...
2026-10-07T20:59:13.0811033Z #9 15.02 Setting up libthai0:amd64 (0.1.29-1) ...
2026-10-07T20:59:13.0811674Z #9 15.02 Setting up libfreetype6:amd64 (2.12.1+dfsg-5+deb12u4) ...
2026-10-07T20:59:13.0812101Z #9 15.02 Setting up libxcb-sync1:amd64 (1.15-1) ...
2026-10-07T20:59:13.0812721Z #9 15.02 Setting up dbus (1.14.10-1~deb12u1) ...
2026-10-07T20:59:13.0813170Z #9 15.04 invoke-rc.d: could not determine current runlevel
2026-10-07T20:59:13.0813813Z #9 15.04 invoke-rc.d: policy-rc.d denied execution of start.
2026-10-07T20:59:13.0814189Z #9 15.04 Setting up shared-mime-info (2.2-1) ...
2026-10-07T20:59:13.4993959Z #9 15.61 Setting up libgssapi-krb5-2:amd64 (1.20.1-2+deb12u5) ...
2026-10-07T20:59:13.6013612Z #9 15.62 Setting up libxcb-dri2-0:amd64 (1.15-1) ...
2026-10-07T20:59:13.6014119Z #9 15.62 Setting up libdrm2:amd64 (2.4.114-1+b1) ...
2026-10-07T20:59:13.6014545Z #9 15.62 Setting up libwayland-cursor0:amd64 (1.21.0-1) ...
2026-10-07T20:59:13.6014894Z #9 15.62 Setting up libxcb-randr0:amd64 (1.15-1) ...
2026-10-07T20:59:13.6015249Z #9 15.62 Setting up libllvm15:amd64 (1:15.0.6-4+b1) ...
2026-10-07T20:59:13.6015674Z #9 15.63 Setting up libpam-systemd:amd64 (252.39-1~deb12u2) ...
2026-10-07T20:59:13.6016047Z #9 15.68 debconf: unable to initialize frontend: Dialog
2026-10-07T20:59:13.6016478Z #9 15.68 debconf: (TERM is not set, so the dialog frontend is not usable.)
2026-10-07T20:59:13.6016976Z #9 15.68 debconf: falling back to frontend: Readline
2026-10-07T20:59:13.6017337Z #9 15.68 debconf: unable to initialize frontend: Readline
2026-10-07T20:59:13.6019345Z #9 15.68 debconf: (Can't locate Term/ReadLine.pm in @INC (you may need to install the Term::ReadLine module) (@INC contains: /etc/perl /usr/local/lib/x86_64-linux-gnu/perl/5.36.0 /usr/local/share/perl/5.36.0 /usr/lib/x86_64-linux-gnu/perl5/5.36 /usr/share/perl5 /usr/lib/x86_64-linux-gnu/perl-base /usr/lib/x86_64-linux-gnu/perl/5.36 /usr/share/perl/5.36 /usr/local/lib/site_perl) at /usr/share/perl5/Debconf/FrontEnd/Readline.pm line 7.)
2026-10-07T20:59:13.6021190Z #9 15.68 debconf: falling back to frontend: Teletype
2026-10-07T20:59:13.6021640Z #9 15.71 Setting up libx11-6:amd64 (2:1.8.4-2+deb12u2) ...
2026-10-07T20:59:13.6022028Z #9 15.71 Setting up libharfbuzz0b:amd64 (6.0.0+dfsg-3) ...
2026-10-07T20:59:13.6022441Z #9 15.71 Setting up libgdk-pixbuf-2.0-0:amd64 (2.42.10+dfsg-1+deb12u4) ...
2026-10-07T20:59:13.7874241Z #9 15.72 Setting up libfontconfig1:amd64 (2.14.1-4) ...
2026-10-07T20:59:13.7874785Z #9 15.73 Setting up libsndfile1:amd64 (1.2.0-1+deb12u1) ...
2026-10-07T20:59:13.7875193Z #9 15.73 Setting up libxkbfile1:amd64 (1:1.1.0-1) ...
2026-10-07T20:59:13.7875575Z #9 15.73 Setting up libxcomposite1:amd64 (1:0.4.5-1) ...
2026-10-07T20:59:13.7875952Z #9 15.73 Setting up libsm6:amd64 (2:1.2.3-1) ...
2026-10-07T20:59:13.7876361Z #9 15.74 Setting up libavahi-client3:amd64 (0.8-10+deb12u1) ...
2026-10-07T20:59:13.7876751Z #9 15.74 Setting up libxmuu1:amd64 (2:1.1.3-3) ...
2026-10-07T20:59:13.7877131Z #9 15.74 Setting up libdrm-amdgpu1:amd64 (2.4.114-1+b1) ...
2026-10-07T20:59:13.7877509Z #9 15.74 Setting up libxcb-dri3-0:amd64 (1.15-1) ...
2026-10-07T20:59:13.7877911Z #9 15.74 Setting up gtk-update-icon-cache (3.24.38-2~deb12u3) ...
2026-10-07T20:59:13.7878337Z #9 15.75 Setting up libx11-xcb1:amd64 (2:1.8.4-2+deb12u2) ...
2026-10-07T20:59:13.7878717Z #9 15.75 Setting up fontconfig (2.14.1-4) ...
2026-10-07T20:59:15.6445626Z #9 15.75 Regenerating fonts cache... done.
2026-10-07T20:59:15.7450840Z #9 17.76 Setting up libdrm-nouveau2:amd64 (2.4.114-1+b1) ...
2026-10-07T20:59:15.7451678Z #9 17.76 Setting up libxdamage1:amd64 (1:1.1.6-1) ...
2026-10-07T20:59:15.7452336Z #9 17.76 Setting up libxpm4:amd64 (1:3.5.12-1.1+deb12u1) ...
2026-10-07T20:59:15.7452946Z #9 17.76 Setting up libxrender1:amd64 (1:0.9.10-1.1) ...
2026-10-07T20:59:15.7453577Z #9 17.77 Setting up libgbm1:amd64 (22.3.6-1+deb12u2) ...
2026-10-07T20:59:15.7454243Z #9 17.77 Setting up libpulse0:amd64 (16.1+dfsg1-2+b1) ...
2026-10-07T20:59:15.7454984Z #9 17.77 Setting up libdrm-radeon1:amd64 (2.4.114-1+b1) ...
2026-10-07T20:59:15.7455564Z #9 17.78 Setting up libpango-1.0-0:amd64 (1.50.12+ds-1) ...
2026-10-07T20:59:15.7456112Z #9 17.78 Setting up libdrm-intel1:amd64 (2.4.114-1+b1) ...
2026-10-07T20:59:15.7456705Z #9 17.78 Setting up libgl1-mesa-dri:amd64 (22.3.6-1+deb12u2) ...
2026-10-07T20:59:15.7457477Z #9 17.79 Setting up libxext6:amd64 (2:1.3.4-1+b1) ...
2026-10-07T20:59:15.7457928Z #9 17.79 Setting up libcairo2:amd64 (1.16.0-7) ...
2026-10-07T20:59:15.7458422Z #9 17.79 Setting up libxxf86vm1:amd64 (1:1.1.4-1+b2) ...
2026-10-07T20:59:15.7458930Z #9 17.79 Setting up libxnvctrl0:amd64 (525.85.05-3~deb12u1) ...
2026-10-07T20:59:15.7459578Z #9 17.79 Setting up dbus-user-session (1.14.10-1~deb12u1) ...
2026-10-07T20:59:15.7460091Z #9 17.80 Setting up adwaita-icon-theme (43-1) ...
2026-10-07T20:59:15.7461032Z #9 17.83 update-alternatives: using /usr/share/icons/Adwaita/cursor.theme to provide /usr/share/icons/default/index.theme (x-cursor-theme) in auto mode
2026-10-07T20:59:15.7461598Z #9 17.83 Setting up libxfixes3:amd64 (1:6.0.0-2) ...
2026-10-07T20:59:15.7461909Z #9 17.84 Setting up libxinerama1:amd64 (2:1.1.4-3) ...
2026-10-07T20:59:15.7462216Z #9 17.84 Setting up libxv1:amd64 (2:1.0.11-1.1) ...
2026-10-07T20:59:15.7462535Z #9 17.84 Setting up libxrandr2:amd64 (2:1.5.2-2+b1) ...
2026-10-07T20:59:15.7462835Z #9 17.84 Setting up libxt6:amd64 (1:1.2.1-1.1) ...
2026-10-07T20:59:15.7463339Z #9 17.85 Setting up libcups2:amd64 (2.4.2-3+deb12u9) ...
2026-10-07T20:59:15.7463690Z #9 17.85 Setting up libharfbuzz-subset0:amd64 (6.0.0+dfsg-3) ...
2026-10-07T20:59:15.7464039Z #9 17.85 Setting up libcairo-gobject2:amd64 (1.16.0-7) ...
2026-10-07T20:59:15.7464507Z #9 17.85 Setting up libpangoft2-1.0-0:amd64 (1.50.12+ds-1) ...
2026-10-07T20:59:15.7465096Z #9 17.85 Setting up libpangocairo-1.0-0:amd64 (1.50.12+ds-1) ...
2026-10-07T20:59:15.7465521Z #9 17.86 Setting up libxft2:amd64 (2.3.6-1) ...
2026-10-07T20:59:15.7465819Z #9 17.86 Setting up libxmu6:amd64 (2:1.1.3-3) ...
2026-10-07T20:59:15.9942522Z #9 17.86 Setting up libglx-mesa0:amd64 (22.3.6-1+deb12u2) ...
2026-10-07T20:59:15.9943106Z #9 17.86 Setting up libxi6:amd64 (2:1.8-1+b1) ...
2026-10-07T20:59:15.9943446Z #9 17.86 Setting up libglx0:amd64 (1.6.0-1) ...
2026-10-07T20:59:15.9943861Z #9 17.87 Setting up libxtst6:amd64 (2:1.2.3-1.1) ...
2026-10-07T20:59:15.9944279Z #9 17.87 Setting up libxcursor1:amd64 (1:1.2.1-1) ...
2026-10-07T20:59:15.9944648Z #9 17.87 Setting up libxxf86dga1:amd64 (2:1.1.5-1) ...
2026-10-07T20:59:15.9944975Z #9 17.87 Setting up dconf-service (0.40.0-4) ...
2026-10-07T20:59:15.9945276Z #9 17.88 Setting up libxaw7:amd64 (2:1.0.14-1) ...
2026-10-07T20:59:15.9945592Z #9 17.88 Setting up libatspi2.0-0:amd64 (2.46.0-5) ...
2026-10-07T20:59:15.9945941Z #9 17.91 Setting up libatk-bridge2.0-0:amd64 (2.46.0-5) ...
2026-10-07T20:59:15.9946477Z #9 17.92 Setting up libgl1:amd64 (1.6.0-1) ...
2026-10-07T20:59:15.9946808Z #9 17.92 Setting up x11-utils (7.7+5) ...
2026-10-07T20:59:15.9947162Z #9 17.93 Setting up chromium-common (154.0.8037.92-1~deb12u1) ...
2026-10-07T20:59:15.9947542Z #9 17.93 Setting up dconf-gsettings-backend:amd64 (0.40.0-4) ...
2026-10-07T20:59:15.9947899Z #9 17.93 Setting up libgtk-3-common (3.24.38-2~deb12u3) ...
2026-10-07T20:59:15.9948243Z #9 17.93 Setting up libgtk-3-0:amd64 (3.24.38-2~deb12u3) ...
2026-10-07T20:59:15.9948584Z #9 17.95 Setting up chromium (154.0.8037.92-1~deb12u1) ...
2026-10-07T20:59:15.9949394Z #9 17.95 update-alternatives: using /usr/bin/chromium to provide /usr/bin/x-www-browser (x-www-browser) in auto mode
2026-10-07T20:59:15.9950180Z #9 17.96 update-alternatives: using /usr/bin/chromium to provide /usr/bin/gnome-www-browser (gnome-www-browser) in auto mode
2026-10-07T20:59:15.9950710Z #9 17.96 Processing triggers for libc-bin (2.36-9+deb12u14) ...
2026-10-07T20:59:19.3653644Z #9 DONE 21.5s
2026-10-07T20:59:19.5206831Z 
2026-10-07T20:59:19.5218084Z #10 [5/9] COPY package.json pnpm-lock.yaml pnpm-workspace.yaml ./
2026-10-07T20:59:19.5218731Z #10 DONE 0.0s
2026-10-07T20:59:19.5219084Z 
2026-10-07T20:59:19.5219384Z #11 [6/9] RUN pnpm install --frozen-lockfile
2026-10-07T20:59:19.5220282Z #11 0.142 ! Corepack is about to download https://registry.npmjs.org/pnpm/-/pnpm-10.18.3.tgz
2026-10-07T20:59:20.6615059Z #11 1.283 Lockfile is up to date, resolution step is skipped
2026-10-07T20:59:20.8842027Z #11 1.312 Progress: resolved 1, reused 0, downloaded 0, added 0
2026-10-07T20:59:20.8842630Z #11 1.352 Packages: +408
2026-10-07T20:59:20.8843220Z #11 1.352 ++++++++++++++++++++++++++++++++++++++++++++++++++++++++++++++++++++++++++++++++
2026-10-07T20:59:21.0115742Z #11 1.633 
2026-10-07T20:59:21.0116454Z #11 1.633    ╭───────────────────────────────────────────────╮
2026-10-07T20:59:21.0116903Z #11 1.633    │                                               │
2026-10-07T20:59:21.0117302Z #11 1.633    │     Update available! 10.18.3 → 12.10.1.      │
2026-10-07T20:59:21.0117718Z #11 1.633    │     Changelog: https://pnpm.io/v/12.10.1      │
2026-10-07T20:59:21.0118126Z #11 1.633    │   To update, run: corepack use pnpm@12.10.1   │
2026-10-07T20:59:21.0118669Z #11 1.633    │                                               │
2026-10-07T20:59:21.0119396Z #11 1.633    ╰───────────────────────────────────────────────╯
2026-10-07T20:59:21.0119750Z #11 1.633 
2026-10-07T20:59:21.6927626Z #11 2.314 Progress: resolved 408, reused 0, downloaded 179, added 177
2026-10-07T20:59:22.6934077Z #11 3.314 Progress: resolved 408, reused 0, downloaded 261, added 247
2026-10-07T20:59:23.6931604Z #11 4.314 Progress: resolved 408, reused 0, downloaded 382, added 360
2026-10-07T20:59:24.4934655Z #11 5.115 Progress: resolved 408, reused 0, downloaded 408, added 408, done
2026-10-07T20:59:24.5972689Z #11 5.218 .../node_modules/@prisma/engines postinstall$ node scripts/postinstall.js
2026-10-07T20:59:24.7672988Z #11 5.236 .../node_modules/workerd postinstall$ node install.js
2026-10-07T20:59:24.7673535Z #11 5.237 .../esbuild@0.28.1/node_modules/esbuild postinstall$ node install.js
2026-10-07T20:59:24.7674053Z #11 5.238 .../esbuild@0.25.12/node_modules/esbuild postinstall$ node install.js
2026-10-07T20:59:24.7674535Z #11 5.238 .../esbuild@0.28.2/node_modules/esbuild postinstall$ node install.js
2026-10-07T20:59:25.6444013Z #11 6.265 .../node_modules/@prisma/engines postinstall: Done
2026-10-07T20:59:25.8990496Z #11 6.520 .../esbuild@0.28.1/node_modules/esbuild postinstall: Done
2026-10-07T20:59:26.1189413Z #11 6.522 .../node_modules/workerd postinstall: Done
2026-10-07T20:59:26.1190146Z #11 6.586 .../esbuild@0.25.12/node_modules/esbuild postinstall: Done
2026-10-07T20:59:26.1190780Z #11 6.590 .../esbuild@0.28.2/node_modules/esbuild postinstall: Done
2026-10-07T20:59:26.4872943Z #11 7.108 .../node_modules/prisma preinstall$ node scripts/preinstall-entry.js
2026-10-07T20:59:26.6861994Z #11 7.157 .../node_modules/prisma preinstall: Done
2026-10-07T20:59:26.8410034Z #11 7.462 
2026-10-07T20:59:26.8410467Z #11 7.462 dependencies:
2026-10-07T20:59:26.8410936Z #11 7.462 + @cloudflare/containers 0.3.7
2026-10-07T20:59:26.8411382Z #11 7.462 + @supabase/server 1.8.0
2026-10-07T20:59:26.8411770Z #11 7.462 + @supabase/supabase-js 2.117.0
2026-10-07T20:59:26.8412246Z #11 7.462 + @tiptap/extension-collaboration 3.31.3
2026-10-07T20:59:26.8412850Z #11 7.462 + @tiptap/extension-collaboration-caret 3.31.3
2026-10-07T20:59:26.8413370Z #11 7.462 + @tiptap/react 3.31.3
2026-10-07T20:59:26.8413842Z #11 7.462 + @tiptap/starter-kit 3.31.3
2026-10-07T20:59:26.8414282Z #11 7.462 + @vitejs/plugin-react 5.2.0
2026-10-07T20:59:26.8414675Z #11 7.462 + cross-env 10.1.0
2026-10-07T20:59:26.8415050Z #11 7.462 + dotenv 17.4.2
2026-10-07T20:59:26.8415407Z #11 7.462 + esbuild 0.25.12
2026-10-07T20:59:26.8415772Z #11 7.462 + esbuild-wasm 0.25.12
2026-10-07T20:59:26.8416186Z #11 7.462 + express 5.2.1
2026-10-07T20:59:26.8416554Z #11 7.462 + lucide-react 0.468.0
2026-10-07T20:59:26.8416913Z #11 7.462 + react 19.2.8
2026-10-07T20:59:26.8417269Z #11 7.462 + react-dom 19.2.8
2026-10-07T20:59:26.8417621Z #11 7.462 + vite 7.3.6
2026-10-07T20:59:26.8417954Z #11 7.462 + ws 8.21.3
2026-10-07T20:59:26.8418298Z #11 7.462 + y-protocols 1.0.7
2026-10-07T20:59:26.8418648Z #11 7.462 + yjs 13.6.32
2026-10-07T20:59:26.8418939Z #11 7.462 
2026-10-07T20:59:26.8419460Z #11 7.462 devDependencies:
2026-10-07T20:59:26.8419854Z #11 7.462 + @prisma/adapter-pg 7.10.0
2026-10-07T20:59:26.8420320Z #11 7.462 + @prisma/client 7.10.0
2026-10-07T20:59:26.8421123Z #11 7.462 + @types/express 5.0.6
2026-10-07T20:59:26.8421507Z #11 7.462 + @types/node 22.20.1
2026-10-07T20:59:26.8421892Z #11 7.462 + @types/pg 8.23.1
2026-10-07T20:59:26.8422259Z #11 7.462 + @types/react 19.2.18
2026-10-07T20:59:26.8422656Z #11 7.462 + @types/react-dom 19.2.7
2026-10-07T20:59:26.8423100Z #11 7.462 + @types/ws 8.18.1
2026-10-07T20:59:26.8423440Z #11 7.462 + pg 8.23.0
2026-10-07T20:59:26.8423806Z #11 7.462 + prisma 7.10.0
2026-10-07T20:59:26.8424152Z #11 7.462 + tsx 4.23.13
2026-10-07T20:59:26.8424504Z #11 7.462 + typescript 5.9.3
2026-10-07T20:59:26.8424864Z #11 7.462 + wrangler 4.131.1
2026-10-07T20:59:26.8425171Z #11 7.462 
2026-10-07T20:59:26.9810005Z #11 7.602 Done in 6.6s using pnpm v10.18.3
2026-10-07T20:59:27.1624013Z #11 DONE 7.6s
2026-10-07T20:59:27.1624446Z 
2026-10-07T20:59:27.1625153Z #12 [7/9] COPY . .
2026-10-07T20:59:30.0464304Z #12 DONE 3.0s
2026-10-07T20:59:30.1976119Z 
2026-10-07T20:59:30.1976671Z #13 [8/9] RUN pnpm build
2026-10-07T20:59:30.3651426Z #13 0.318 
2026-10-07T20:59:30.3651982Z #13 0.318 > cocreate@1.0.0 build /app
2026-10-07T20:59:30.3652443Z #13 0.318 > tsc --noEmit && vite build --configLoader runner
2026-10-07T20:59:30.3652747Z #13 0.318 
2026-10-07T20:59:36.4124055Z #13 6.365 vite v7.3.6 building client environment for production...
2026-10-07T20:59:36.6248463Z #13 6.427 transforming...
2026-10-07T20:59:39.3275656Z #13 9.280 ✓ 1749 modules transformed.
2026-10-07T20:59:39.5375469Z #13 9.490 rendering chunks...
2026-10-07T20:59:39.7403784Z #13 9.693 computing gzip size...
2026-10-07T20:59:39.9853042Z #13 9.714 dist/index.html                             0.44 kB │ gzip:   0.30 kB
2026-10-07T20:59:39.9853618Z #13 9.714 dist/assets/App-BqUO_rW7.css                2.56 kB │ gzip:   0.85 kB
2026-10-07T20:59:39.9854128Z #13 9.714 dist/assets/LandingPage-CNj4pefA.css       13.13 kB │ gzip:   2.95 kB
2026-10-07T20:59:39.9854622Z #13 9.715 dist/assets/index-cyLHvudv.css             75.38 kB │ gzip:  14.48 kB
2026-10-07T20:59:39.9855139Z #13 9.715 dist/assets/users-BIdyuxqP.js               0.69 kB │ gzip:   0.39 kB
2026-10-07T20:59:39.9855637Z #13 9.715 dist/assets/createLucideIcon-DcEYS1mU.js    0.89 kB │ gzip:   0.55 kB
2026-10-07T20:59:39.9856121Z #13 9.715 dist/assets/x-DO2zMSIY.js                   1.70 kB │ gzip:   0.78 kB
2026-10-07T20:59:39.9856606Z #13 9.715 dist/assets/LandingPage-DCr6qHiF.js        15.33 kB │ gzip:   4.92 kB
2026-10-07T20:59:39.9857111Z #13 9.715 dist/assets/ProjectApp-DXmAqhy1.js         29.68 kB │ gzip:   9.01 kB
2026-10-07T20:59:39.9857594Z #13 9.715 dist/assets/index-BPNFqXSv.js             421.95 kB │ gzip: 121.32 kB
2026-10-07T20:59:39.9858064Z #13 9.715 dist/assets/App-DhzRZNRs.js               583.75 kB │ gzip: 185.76 kB
2026-10-07T20:59:39.9858353Z #13 9.715 
2026-10-07T20:59:39.9858673Z #13 9.715 (!) Some chunks are larger than 500 kB after minification. Consider:
2026-10-07T20:59:39.9859353Z #13 9.715 - Using dynamic import() to code-split the application
2026-10-07T20:59:39.9860036Z #13 9.715 - Use build.rollupOptions.output.manualChunks to improve chunking: https://rollupjs.org/configuration-options/#output-manualchunks
2026-10-07T20:59:39.9860678Z #13 9.715 - Adjust chunk size limit for this warning via build.chunkSizeWarningLimit.
2026-10-07T20:59:39.9861061Z #13 9.715 ✓ built in 3.33s
2026-10-07T20:59:39.9861264Z #13 DONE 9.8s
2026-10-07T20:59:39.9861384Z 
2026-10-07T20:59:39.9861903Z #14 [9/9] RUN pnpm exec tsx scripts/prepare-isolation.ts --files-only && mkdir -p /app/data /app/generated && chown -R node:node /app/.runtime /app/data /app/generated
2026-10-07T20:59:40.3538648Z #14 0.519 {"policy":"isolated-compile-v1","platform":"linux","scope":"Trusted files prepared; kernel boundary not exercised"}
2026-10-07T20:59:40.5674311Z #14 DONE 0.6s
2026-10-07T20:59:40.5699891Z 
2026-10-07T20:59:40.5700229Z #15 exporting to image
2026-10-07T20:59:40.5700505Z #15 exporting layers
2026-10-07T20:59:47.0633405Z #15 exporting layers 6.6s done
2026-10-07T20:59:47.0847482Z #15 writing image sha256:1565ca266b1cc4974a5f1bb6b92e9f551497f567c7cffaf265144b1166dcdd9a done
2026-10-07T20:59:47.0848253Z #15 naming to docker.io/library/cocreate-check done
2026-10-07T20:59:47.0848664Z #15 DONE 6.7s
2026-10-07T20:59:47.0853250Z 
2026-10-07T20:59:47.0854382Z  [33m4 warnings found (use docker --debug to expand):
2026-10-07T20:59:47.0855688Z [0m - SecretsUsedInArgOrEnv: Do not use ARG or ENV instructions for sensitive data (ARG "VITE_COCREATE_AUTH_MODE") (line 11)
2026-10-07T20:59:47.0856721Z  - SecretsUsedInArgOrEnv: Do not use ARG or ENV instructions for sensitive data (ARG "VITE_SUPABASE_PUBLISHABLE_KEY") (line 14)
2026-10-07T20:59:47.0858062Z  - SecretsUsedInArgOrEnv: Do not use ARG or ENV instructions for sensitive data (ENV "VITE_COCREATE_AUTH_MODE") (line 15)
2026-10-07T20:59:47.0859392Z  - SecretsUsedInArgOrEnv: Do not use ARG or ENV instructions for sensitive data (ENV "VITE_SUPABASE_PUBLISHABLE_KEY") (line 18)
2026-10-07T20:59:47.0952590Z ##[group]Run docker run --rm --network none --cap-drop ALL --security-opt no-new-privileges --security-opt seccomp=unconfined --security-opt apparmor=unconfined --security-opt systempaths=unconfined --memory 1g --memory-swap 1g --pids-limit 256 cocreate-check node --import tsx scripts/prepare-isolation.ts
2026-10-07T20:59:47.0954261Z [36;1mdocker run --rm --network none --cap-drop ALL --security-opt no-new-privileges --security-opt seccomp=unconfined --security-opt apparmor=unconfined --security-opt systempaths=unconfined --memory 1g --memory-swap 1g --pids-limit 256 cocreate-check node --import tsx scripts/prepare-isolation.ts[0m
2026-10-07T20:59:47.0990726Z shell: /usr/bin/bash -e {0}
2026-10-07T20:59:47.0991106Z env:
2026-10-07T20:59:47.0991415Z   PNPM_HOME: /home/runner/setup-pnpm/node_modules/.bin
2026-10-07T20:59:47.0991749Z ##[endgroup]
2026-10-07T20:59:47.3534895Z {"policy":"isolated-compile-v1","platform":"linux","scope":"Actual OS boundary preflight passed; no inference"}
2026-10-07T20:59:47.6896747Z ##[group]Run docker run --rm --network none --cap-drop ALL --security-opt no-new-privileges --security-opt seccomp=unconfined --security-opt apparmor=unconfined --security-opt systempaths=unconfined --memory 1g --memory-swap 1g --pids-limit 256 cocreate-check node --import tsx --input-type=module -e 'import {assertVerificationBrowserAvailable} from "./server/isolation/browser.ts"; await assertVerificationBrowserAvailable(); console.log("Actual Linux browser boundary passed; no inference");'
2026-10-07T20:59:47.6899858Z [36;1mdocker run --rm --network none --cap-drop ALL --security-opt no-new-privileges --security-opt seccomp=unconfined --security-opt apparmor=unconfined --security-opt systempaths=unconfined --memory 1g --memory-swap 1g --pids-limit 256 cocreate-check node --import tsx --input-type=module -e 'import {assertVerificationBrowserAvailable} from "./server/isolation/browser.ts"; await assertVerificationBrowserAvailable(); console.log("Actual Linux browser boundary passed; no inference");'[0m
2026-10-07T20:59:47.6937170Z shell: /usr/bin/bash -e {0}
2026-10-07T20:59:47.6937511Z env:
2026-10-07T20:59:47.6937839Z   PNPM_HOME: /home/runner/setup-pnpm/node_modules/.bin
2026-10-07T20:59:47.6938223Z ##[endgroup]
2026-10-07T20:59:48.6711400Z /app/server/isolation/browser.ts:11
2026-10-07T20:59:48.6713630Z const unavailable = () => new IsolationError('isolation_unavailable', 'Isolated verification browser is unavailable. Prepare the verification runtime, then explicitly retry; the previous artifact is retained.');
2026-10-07T20:59:48.6714906Z                           ^
2026-10-07T20:59:48.6715166Z 
2026-10-07T20:59:48.6715928Z IsolationError: Isolated verification browser is unavailable. Prepare the verification runtime, then explicitly retry; the previous artifact is retained.
2026-10-07T20:59:48.6717068Z     at unavailable (/app/server/isolation/browser.ts:11:27)
2026-10-07T20:59:48.6717765Z     at Socket.<anonymous> (/app/server/isolation/browser.ts:62:47)
2026-10-07T20:59:48.6718459Z     at Socket.emit (node:events:519:28)
2026-10-07T20:59:48.6719971Z     at emitErrorNT (node:internal/streams/destroy:170:8)
2026-10-07T20:59:48.6720780Z     at emitErrorCloseNT (node:internal/streams/destroy:129:3)
2026-10-07T20:59:48.6722302Z     at process.processTicksAndRejections (node:internal/process/task_queues:89:21) {
2026-10-07T20:59:48.6723018Z   code: 'isolation_unavailable',
2026-10-07T20:59:48.6723650Z   cause: { exitCode: 133, phase: 'cleanup', diagnostic: '' }
2026-10-07T20:59:48.6724246Z }
2026-10-07T20:59:48.6724505Z 
2026-10-07T20:59:48.6724814Z Node.js v22.23.3
2026-10-07T20:59:48.7107772Z ##[error]Process completed with exit code 1.
2026-10-07T20:59:48.7160014Z ##[group]Run docker run --rm --network none --cap-drop ALL --security-opt no-new-privileges --security-opt seccomp=unconfined --security-opt apparmor=unconfined --security-opt systempaths=unconfined --memory 1g --memory-swap 1g --pids-limit 256 cocreate-check node --import tsx scripts/diagnose-linux-browser.ts
2026-10-07T20:59:48.7161680Z [36;1mdocker run --rm --network none --cap-drop ALL --security-opt no-new-privileges --security-opt seccomp=unconfined --security-opt apparmor=unconfined --security-opt systempaths=unconfined --memory 1g --memory-swap 1g --pids-limit 256 cocreate-check node --import tsx scripts/diagnose-linux-browser.ts[0m
2026-10-07T20:59:48.7199091Z shell: /usr/bin/bash -e {0}
2026-10-07T20:59:48.7199513Z env:
2026-10-07T20:59:48.7199818Z   PNPM_HOME: /home/runner/setup-pnpm/node_modules/.bin
2026-10-07T20:59:48.7200288Z ##[endgroup]
2026-10-07T20:59:49.1191510Z {"scope":"Trusted version metadata only","addressSpace":2147483648,"status":133,"signal":null,"stdout":"","stderr":""}
2026-10-07T20:59:49.1481695Z {"scope":"Trusted version metadata only","addressSpace":"CI cgroup only","status":0,"signal":null,"stdout":"Chromium 154.0.8037.92 \n","stderr":""}
2026-10-07T20:59:49.2026887Z ##[group]Run docker run --rm --network none --cap-drop ALL --security-opt no-new-privileges --security-opt seccomp=unconfined --security-opt apparmor=unconfined --security-opt systempaths=unconfined --memory 1g --memory-swap 1g --pids-limit 256 cocreate-check node --import tsx --test --test-concurrency=1 --test-name-pattern='ordinary compilation|candidate imports' tests/generated-isolation.test.ts
2026-10-07T20:59:49.2029783Z [36;1mdocker run --rm --network none --cap-drop ALL --security-opt no-new-privileges --security-opt seccomp=unconfined --security-opt apparmor=unconfined --security-opt systempaths=unconfined --memory 1g --memory-swap 1g --pids-limit 256 cocreate-check node --import tsx --test --test-concurrency=1 --test-name-pattern='ordinary compilation|candidate imports' tests/generated-isolation.test.ts[0m
2026-10-07T20:59:49.2066357Z shell: /usr/bin/bash -e {0}
2026-10-07T20:59:49.2066701Z env:
2026-10-07T20:59:49.2067114Z   PNPM_HOME: /home/runner/setup-pnpm/node_modules/.bin
2026-10-07T20:59:49.2067488Z ##[endgroup]
2026-10-07T20:59:49.3119715Z TAP version 13
2026-10-07T20:59:53.1599539Z # Subtest: ordinary compilation runs in the real OS boundary and never evaluates candidate top-level code
2026-10-07T20:59:53.1611232Z ok 1 - ordinary compilation runs in the real OS boundary and never evaluates candidate top-level code
2026-10-07T20:59:53.1612424Z   ---
2026-10-07T20:59:53.1613481Z   duration_ms: 3678.008094
2026-10-07T20:59:53.1614092Z   type: 'test'
2026-10-07T20:59:53.1614530Z   ...
2026-10-07T20:59:57.4858214Z # Subtest: candidate imports cannot read absolute files, traverse workspaces or download packages/styles
2026-10-07T20:59:57.4860791Z ok 2 - candidate imports cannot read absolute files, traverse workspaces or download packages/styles
2026-10-07T20:59:57.4861657Z   ---
2026-10-07T20:59:57.4862100Z   duration_ms: 4336.668717
2026-10-07T20:59:57.4863209Z   type: 'test'
2026-10-07T20:59:57.4863743Z   ...
2026-10-07T20:59:57.4967830Z 1..2
2026-10-07T20:59:57.4968483Z # tests 2
2026-10-07T20:59:57.4976493Z # suites 0
2026-10-07T20:59:57.4977085Z # pass 2
2026-10-07T20:59:57.4977520Z # fail 0
2026-10-07T20:59:57.4977841Z # cancelled 0
2026-10-07T20:59:57.4978309Z # skipped 0
2026-10-07T20:59:57.4978667Z # todo 0
2026-10-07T20:59:57.4979237Z # duration_ms 8193.764754
2026-10-07T20:59:57.6999640Z Post job cleanup.
2026-10-07T20:59:57.8206425Z Pruning is unnecessary.
2026-10-07T20:59:57.8350858Z Post job cleanup.
2026-10-07T20:59:57.9095973Z [command]/usr/bin/git version
2026-10-07T20:59:57.9127294Z git version 2.55.0
2026-10-07T20:59:57.9154438Z Temporarily overriding HOME='/home/runner/work/_temp/e9f77173-8943-4a45-819b-4cf21b0d54e7' before making global git config changes
2026-10-07T20:59:57.9155866Z Adding repository directory to the temporary git global config as a safe directory
2026-10-07T20:59:57.9159491Z [command]/usr/bin/git config --global --add safe.directory /home/runner/work/Cocreate/Cocreate
2026-10-07T20:59:57.9189241Z [command]/usr/bin/git config --local --name-only --get-regexp core\.sshCommand
2026-10-07T20:59:57.9217262Z [command]/usr/bin/git submodule foreach --recursive sh -c "git config --local --name-only --get-regexp 'core\.sshCommand' && git config --local --unset-all 'core.sshCommand' || :"
2026-10-07T20:59:57.9449373Z [command]/usr/bin/git config --local --name-only --get-regexp http\.https\:\/\/github\.com\/\.extraheader
2026-10-07T20:59:57.9465374Z http.https://github.com/.extraheader
2026-10-07T20:59:57.9475025Z [command]/usr/bin/git config --local --unset-all http.https://github.com/.extraheader
2026-10-07T20:59:57.9501419Z [command]/usr/bin/git submodule foreach --recursive sh -c "git config --local --name-only --get-regexp 'http\.https\:\/\/github\.com\/\.extraheader' && git config --local --unset-all 'http.https://github.com/.extraheader' || :"
2026-10-07T20:59:57.9684023Z [command]/usr/bin/git config --local --name-only --get-regexp ^includeIf\.gitdir:
2026-10-07T20:59:57.9708584Z [command]/usr/bin/git submodule foreach --recursive git config --local --show-origin --name-only --get-regexp remote.origin.url
2026-10-07T20:59:58.0003931Z Cleaning up orphan processes
2026-10-07T20:59:58.0241280Z ##[warning]Node.js 20 is deprecated. The following actions target Node.js 20 but are being forced to run on Node.js 24: actions/checkout@11d5960a326750d5838078e36cf38b85af677262, actions/setup-node@49933ea5288caeca8642d1e84afbd3f7d6820020, pnpm/action-setup@f40ffcd9367d9f12939873eb1018b921a783ffaa. For more information see: https://github.blog/changelog/2025-09-19-deprecation-of-node-20-on-github-actions-runners/
