2026-10-07T21:15:52.7192883Z Current runner version: '2.337.0'
2026-10-07T21:15:52.7229817Z ##[group]Runner Image Provisioner
2026-10-07T21:15:52.7231387Z Hosted Compute Agent
2026-10-07T21:15:52.7232466Z Version: 20261002.596
2026-10-07T21:15:52.7233680Z Commit: c3d12f3313a95f25162a1503be624f3b0617f8c0
2026-10-07T21:15:52.7235395Z Build Date: 2026-10-02T22:28:27Z
2026-10-07T21:15:52.7236664Z Worker ID: {8a99998e-4dcb-4280-8c39-35814a709c59}
2026-10-07T21:15:52.7238256Z Region: eastus
2026-10-07T21:15:52.7239398Z Cloud: Azure
2026-10-07T21:15:52.7240668Z ##[endgroup]
2026-10-07T21:15:52.7243167Z ##[group]Operating System
2026-10-07T21:15:52.7244477Z Ubuntu
2026-10-07T21:15:52.7245504Z 22.04.5
2026-10-07T21:15:52.7246345Z LTS
2026-10-07T21:15:52.7247652Z ##[endgroup]
2026-10-07T21:15:52.7248758Z ##[group]Runner Image
2026-10-07T21:15:52.7249773Z Image: ubuntu-22.04
2026-10-07T21:15:52.7251305Z Version: 20261004.315.1
2026-10-07T21:15:52.7253450Z Included Software: https://github.com/actions/runner-images/blob/ubuntu22/20261004.315/images/ubuntu/Ubuntu2204-Readme.md
2026-10-07T21:15:52.7256629Z Image Release: https://github.com/actions/runner-images/releases/tag/ubuntu22%2F20261004.315
2026-10-07T21:15:52.7258368Z ##[endgroup]
2026-10-07T21:15:52.7260574Z ##[group]GITHUB_TOKEN Permissions
2026-10-07T21:15:52.7264024Z Contents: read
2026-10-07T21:15:52.7265119Z Metadata: read
2026-10-07T21:15:52.7266122Z ##[endgroup]
2026-10-07T21:15:52.7269259Z Secret source: Actions
2026-10-07T21:15:52.7270815Z Cache mode: write
2026-10-07T21:15:52.7272468Z Prepare workflow directory
2026-10-07T21:15:52.7750317Z Prepare all required actions
2026-10-07T21:15:52.7820455Z Getting action download info
2026-10-07T21:15:52.9940843Z Download action repository 'actions/checkout@11d5960a326750d5838078e36cf38b85af677262' (SHA:11d5960a326750d5838078e36cf38b85af677262)
2026-10-07T21:15:53.1080519Z Download action repository 'pnpm/action-setup@f40ffcd9367d9f12939873eb1018b921a783ffaa' (SHA:f40ffcd9367d9f12939873eb1018b921a783ffaa)
2026-10-07T21:15:53.3855631Z Download action repository 'actions/setup-node@49933ea5288caeca8642d1e84afbd3f7d6820020' (SHA:49933ea5288caeca8642d1e84afbd3f7d6820020)
2026-10-07T21:15:53.5853301Z Complete job name: verify
2026-10-07T21:15:53.6681144Z ##[group]Run actions/checkout@11d5960a326750d5838078e36cf38b85af677262
2026-10-07T21:15:53.6682227Z with:
2026-10-07T21:15:53.6682654Z   repository: DD7780/Cocreate
2026-10-07T21:15:53.6686672Z   token: ***
2026-10-07T21:15:53.6687104Z   ssh-strict: true
2026-10-07T21:15:53.6687537Z   ssh-user: git
2026-10-07T21:15:53.6687985Z   persist-credentials: true
2026-10-07T21:15:53.6688468Z   clean: true
2026-10-07T21:15:53.6688926Z   sparse-checkout-cone-mode: true
2026-10-07T21:15:53.6689440Z   fetch-depth: 1
2026-10-07T21:15:53.6689855Z   fetch-tags: false
2026-10-07T21:15:53.6690310Z   show-progress: true
2026-10-07T21:15:53.6690748Z   lfs: false
2026-10-07T21:15:53.6691140Z   submodules: false
2026-10-07T21:15:53.6691580Z   set-safe-directory: true
2026-10-07T21:15:53.6692087Z   allow-unsafe-pr-checkout: false
2026-10-07T21:15:53.6692947Z ##[endgroup]
2026-10-07T21:15:53.7874959Z Syncing repository: DD7780/Cocreate
2026-10-07T21:15:53.7877680Z ##[group]Getting Git version info
2026-10-07T21:15:53.7878999Z Working directory is '/home/runner/work/Cocreate/Cocreate'
2026-10-07T21:15:53.7881282Z [command]/usr/bin/git version
2026-10-07T21:15:53.8135990Z git version 2.55.0
2026-10-07T21:15:53.8163629Z ##[endgroup]
2026-10-07T21:15:53.8181675Z Temporarily overriding HOME='/home/runner/work/_temp/ee4d0a18-6b4e-4c1f-9d57-82553dad46dc' before making global git config changes
2026-10-07T21:15:53.8183419Z Adding repository directory to the temporary git global config as a safe directory
2026-10-07T21:15:53.8188536Z [command]/usr/bin/git config --global --add safe.directory /home/runner/work/Cocreate/Cocreate
2026-10-07T21:15:53.8231685Z Deleting the contents of '/home/runner/work/Cocreate/Cocreate'
2026-10-07T21:15:53.8237747Z ##[group]Initializing the repository
2026-10-07T21:15:53.8242100Z [command]/usr/bin/git init /home/runner/work/Cocreate/Cocreate
2026-10-07T21:15:53.8382099Z hint: Using 'master' as the name for the initial branch. This default branch name
2026-10-07T21:15:53.8384253Z hint: will change to "main" in Git 3.0. To configure the initial branch name
2026-10-07T21:15:53.8386061Z hint: to use in all of your new repositories, which will suppress this warning,
2026-10-07T21:15:53.8387495Z hint: call:
2026-10-07T21:15:53.8388315Z hint:
2026-10-07T21:15:53.8389301Z hint: 	git config --global init.defaultBranch <name>
2026-10-07T21:15:53.8390488Z hint:
2026-10-07T21:15:53.8391622Z hint: Names commonly chosen instead of 'master' are 'main', 'trunk' and
2026-10-07T21:15:53.8393319Z hint: 'development'. The just-created branch can be renamed via this command:
2026-10-07T21:15:53.8394892Z hint:
2026-10-07T21:15:53.8395676Z hint: 	git branch -m <name>
2026-10-07T21:15:53.8396579Z hint:
2026-10-07T21:15:53.8397693Z hint: Disable this message with "git config set advice.defaultBranchName false"
2026-10-07T21:15:53.8399543Z Initialized empty Git repository in /home/runner/work/Cocreate/Cocreate/.git/
2026-10-07T21:15:53.8402602Z [command]/usr/bin/git remote add origin https://github.com/DD7780/Cocreate
2026-10-07T21:15:53.8442646Z ##[endgroup]
2026-10-07T21:15:53.8444210Z ##[group]Disabling automatic garbage collection
2026-10-07T21:15:53.8447845Z [command]/usr/bin/git config --local gc.auto 0
2026-10-07T21:15:53.8489190Z ##[endgroup]
2026-10-07T21:15:53.8490533Z ##[group]Setting up auth
2026-10-07T21:15:53.8498131Z [command]/usr/bin/git config --local --name-only --get-regexp core\.sshCommand
2026-10-07T21:15:53.8537716Z [command]/usr/bin/git submodule foreach --recursive sh -c "git config --local --name-only --get-regexp 'core\.sshCommand' && git config --local --unset-all 'core.sshCommand' || :"
2026-10-07T21:15:53.9006588Z [command]/usr/bin/git config --local --name-only --get-regexp http\.https\:\/\/github\.com\/\.extraheader
2026-10-07T21:15:53.9050395Z [command]/usr/bin/git submodule foreach --recursive sh -c "git config --local --name-only --get-regexp 'http\.https\:\/\/github\.com\/\.extraheader' && git config --local --unset-all 'http.https://github.com/.extraheader' || :"
2026-10-07T21:15:53.9320487Z [command]/usr/bin/git config --local --name-only --get-regexp ^includeIf\.gitdir:
2026-10-07T21:15:53.9363329Z [command]/usr/bin/git submodule foreach --recursive git config --local --show-origin --name-only --get-regexp remote.origin.url
2026-10-07T21:15:53.9633647Z [command]/usr/bin/git config --local http.https://github.com/.extraheader AUTHORIZATION: basic ***
2026-10-07T21:15:53.9680435Z ##[endgroup]
2026-10-07T21:15:53.9681827Z ##[group]Fetching the repository
2026-10-07T21:15:53.9692387Z [command]/usr/bin/git -c protocol.version=2 fetch --no-tags --prune --no-recurse-submodules --depth=1 origin +dbd5cfc9a643203e6f2629998ea78041a6af49fb:refs/remotes/origin/codex/prelaunch-beta
2026-10-07T21:15:54.6711201Z From https://github.com/DD7780/Cocreate
2026-10-07T21:15:54.6712771Z  * [new ref]         dbd5cfc9a643203e6f2629998ea78041a6af49fb -> origin/codex/prelaunch-beta
2026-10-07T21:15:54.6716839Z ##[endgroup]
2026-10-07T21:15:54.6718220Z ##[group]Determining the checkout info
2026-10-07T21:15:54.6719636Z ##[endgroup]
2026-10-07T21:15:54.6723362Z [command]/usr/bin/git sparse-checkout disable
2026-10-07T21:15:54.6777148Z [command]/usr/bin/git config --local --unset-all extensions.worktreeConfig
2026-10-07T21:15:54.6814742Z ##[group]Checking out the ref
2026-10-07T21:15:54.6818456Z [command]/usr/bin/git checkout --progress --force -B codex/prelaunch-beta refs/remotes/origin/codex/prelaunch-beta
2026-10-07T21:15:54.7726043Z Switched to a new branch 'codex/prelaunch-beta'
2026-10-07T21:15:54.7728336Z branch 'codex/prelaunch-beta' set up to track 'origin/codex/prelaunch-beta'.
2026-10-07T21:15:54.7740322Z ##[endgroup]
2026-10-07T21:15:54.7786648Z [command]/usr/bin/git log -1 --format=%H
2026-10-07T21:15:54.7819262Z dbd5cfc9a643203e6f2629998ea78041a6af49fb
2026-10-07T21:15:54.8159790Z ##[group]Run pnpm/action-setup@f40ffcd9367d9f12939873eb1018b921a783ffaa
2026-10-07T21:15:54.8238006Z with:
2026-10-07T21:15:54.8239552Z   version: 10.18.3
2026-10-07T21:15:54.8240998Z   dest: ~/setup-pnpm
2026-10-07T21:15:54.8242404Z   run_install: null
2026-10-07T21:15:54.8244159Z   cache: false
2026-10-07T21:15:54.8245718Z   cache_dependency_path: pnpm-lock.yaml
2026-10-07T21:15:54.8247750Z   package_json_file: package.json
2026-10-07T21:15:54.8249551Z   standalone: false
2026-10-07T21:15:54.8250977Z ##[endgroup]
2026-10-07T21:15:54.9830432Z ##[group]Running self-installer...
2026-10-07T21:15:55.4461046Z (node:2041) [DEP0169] DeprecationWarning: `url.parse()` behavior is not standardized and prone to errors that have security implications. Use the WHATWG URL API instead. CVEs are not issued for `url.parse()` vulnerabilities.
2026-10-07T21:15:55.4463466Z (Use `node --trace-deprecation ...` to show where the warning was created)
2026-10-07T21:15:55.5985208Z Progress: resolved 1, reused 0, downloaded 0, added 0
2026-10-07T21:15:55.6080673Z Packages: +1
2026-10-07T21:15:55.6081519Z +
2026-10-07T21:15:56.0303187Z Progress: resolved 1, reused 0, downloaded 1, added 1, done
2026-10-07T21:15:56.0568248Z 
2026-10-07T21:15:56.0568770Z dependencies:
2026-10-07T21:15:56.0569320Z + pnpm 10.18.3 (12.10.1 is available)
2026-10-07T21:15:56.0569736Z 
2026-10-07T21:15:56.0592737Z Done in 857ms
2026-10-07T21:15:56.0812764Z ##[endgroup]
2026-10-07T21:15:56.0813413Z Installation Completed!
2026-10-07T21:15:56.1034867Z ##[group]Run actions/setup-node@49933ea5288caeca8642d1e84afbd3f7d6820020
2026-10-07T21:15:56.1035318Z with:
2026-10-07T21:15:56.1035536Z   node-version: 22
2026-10-07T21:15:56.1035743Z   cache: pnpm
2026-10-07T21:15:56.1035941Z   always-auth: false
2026-10-07T21:15:56.1036158Z   check-latest: false
2026-10-07T21:15:56.1038572Z   token: ***
2026-10-07T21:15:56.1038768Z env:
2026-10-07T21:15:56.1039032Z   PNPM_HOME: /home/runner/setup-pnpm/node_modules/.bin
2026-10-07T21:15:56.1039343Z ##[endgroup]
2026-10-07T21:15:56.2611609Z Found in cache @ /opt/hostedtoolcache/node/22.23.3/x64
2026-10-07T21:15:56.2616427Z (node:2055) [DEP0040] DeprecationWarning: The `punycode` module is deprecated. Please use a userland alternative instead.
2026-10-07T21:15:56.2617147Z (Use `node --trace-deprecation ...` to show where the warning was created)
2026-10-07T21:15:56.2619891Z ##[group]Environment details
2026-10-07T21:15:56.7426232Z node: v22.23.3
2026-10-07T21:15:56.7426531Z npm: 10.9.9
2026-10-07T21:15:56.7426812Z yarn: 1.22.22
2026-10-07T21:15:56.7427855Z ##[endgroup]
2026-10-07T21:15:56.7454637Z [command]/home/runner/setup-pnpm/node_modules/.bin/pnpm store path --silent
2026-10-07T21:15:57.1766258Z /home/runner/setup-pnpm/node_modules/.bin/store/v10
2026-10-07T21:15:57.2596244Z pnpm cache is not found
2026-10-07T21:15:57.2733410Z ##[group]Run pnpm install --frozen-lockfile
2026-10-07T21:15:57.2734404Z [36;1mpnpm install --frozen-lockfile[0m
2026-10-07T21:15:57.3181089Z shell: /usr/bin/bash -e {0}
2026-10-07T21:15:57.3181392Z env:
2026-10-07T21:15:57.3181649Z   PNPM_HOME: /home/runner/setup-pnpm/node_modules/.bin
2026-10-07T21:15:57.3181987Z ##[endgroup]
2026-10-07T21:15:57.7152333Z Lockfile is up to date, resolution step is skipped
2026-10-07T21:15:57.7714170Z Progress: resolved 1, reused 0, downloaded 0, added 0
2026-10-07T21:15:57.8276170Z Packages: +408
2026-10-07T21:15:57.8277320Z ++++++++++++++++++++++++++++++++++++++++++++++++++++++++++++++++++++++++++++++++
2026-10-07T21:15:58.7824377Z Progress: resolved 408, reused 0, downloaded 141, added 90
2026-10-07T21:15:59.7846007Z Progress: resolved 408, reused 0, downloaded 247, added 196
2026-10-07T21:16:00.8006529Z Progress: resolved 408, reused 0, downloaded 354, added 253
2026-10-07T21:16:01.7992910Z Progress: resolved 408, reused 0, downloaded 407, added 407
2026-10-07T21:16:01.9501556Z Progress: resolved 408, reused 0, downloaded 408, added 408, done
2026-10-07T21:16:02.0872703Z .../node_modules/@prisma/engines postinstall$ node scripts/postinstall.js
2026-10-07T21:16:02.1169099Z .../esbuild@0.28.1/node_modules/esbuild postinstall$ node install.js
2026-10-07T21:16:02.1180295Z .../esbuild@0.25.12/node_modules/esbuild postinstall$ node install.js
2026-10-07T21:16:02.1189606Z .../esbuild@0.28.2/node_modules/esbuild postinstall$ node install.js
2026-10-07T21:16:02.1198727Z .../node_modules/workerd postinstall$ node install.js
2026-10-07T21:16:02.2385569Z .../esbuild@0.28.1/node_modules/esbuild postinstall: Done
2026-10-07T21:16:02.2738440Z .../esbuild@0.25.12/node_modules/esbuild postinstall: Done
2026-10-07T21:16:02.2984524Z .../esbuild@0.28.2/node_modules/esbuild postinstall: Done
2026-10-07T21:16:02.3672489Z .../node_modules/workerd postinstall: Done
2026-10-07T21:16:02.8417353Z .../node_modules/@prisma/engines postinstall: Done
2026-10-07T21:16:03.1630297Z .../node_modules/prisma preinstall$ node scripts/preinstall-entry.js
2026-10-07T21:16:03.2342080Z .../node_modules/prisma preinstall: Done
2026-10-07T21:16:03.5425349Z 
2026-10-07T21:16:03.5428800Z dependencies:
2026-10-07T21:16:03.5429330Z + @cloudflare/containers 0.3.7
2026-10-07T21:16:03.5429846Z + @supabase/server 1.8.0
2026-10-07T21:16:03.5430156Z + @supabase/supabase-js 2.117.0
2026-10-07T21:16:03.5430497Z + @tiptap/extension-collaboration 3.31.3
2026-10-07T21:16:03.5431167Z + @tiptap/extension-collaboration-caret 3.31.3
2026-10-07T21:16:03.5431717Z + @tiptap/react 3.31.3
2026-10-07T21:16:03.5432163Z + @tiptap/starter-kit 3.31.3
2026-10-07T21:16:03.5432659Z + @vitejs/plugin-react 5.2.0
2026-10-07T21:16:03.5433095Z + cross-env 10.1.0
2026-10-07T21:16:03.5433463Z + dotenv 17.4.2
2026-10-07T21:16:03.5434159Z + esbuild 0.25.12
2026-10-07T21:16:03.5434636Z + esbuild-wasm 0.25.12
2026-10-07T21:16:03.5435051Z + express 5.2.1
2026-10-07T21:16:03.5435454Z + lucide-react 0.468.0
2026-10-07T21:16:03.5435875Z + react 19.2.8
2026-10-07T21:16:03.5436255Z + react-dom 19.2.8
2026-10-07T21:16:03.5436616Z + vite 7.3.6
2026-10-07T21:16:03.5436946Z + ws 8.21.3
2026-10-07T21:16:03.5437293Z + y-protocols 1.0.7
2026-10-07T21:16:03.5437656Z + yjs 13.6.32
2026-10-07T21:16:03.5437856Z 
2026-10-07T21:16:03.5438035Z devDependencies:
2026-10-07T21:16:03.5438500Z + @prisma/adapter-pg 7.10.0
2026-10-07T21:16:03.5438961Z + @prisma/client 7.10.0
2026-10-07T21:16:03.5439372Z + @types/express 5.0.6
2026-10-07T21:16:03.5439772Z + @types/node 22.20.1
2026-10-07T21:16:03.5440167Z + @types/pg 8.23.1
2026-10-07T21:16:03.5440554Z + @types/react 19.2.18
2026-10-07T21:16:03.5440965Z + @types/react-dom 19.2.7
2026-10-07T21:16:03.5441380Z + @types/ws 8.18.1
2026-10-07T21:16:03.5441731Z + pg 8.23.0
2026-10-07T21:16:03.5442057Z + prisma 7.10.0
2026-10-07T21:16:03.5442395Z + tsx 4.23.13
2026-10-07T21:16:03.5442752Z + typescript 5.9.3
2026-10-07T21:16:03.5443144Z + wrangler 4.131.1
2026-10-07T21:16:03.5443353Z 
2026-10-07T21:16:03.6837231Z Done in 6.3s using pnpm v10.18.3
2026-10-07T21:16:03.7314687Z ##[group]Run pnpm check:boundaries
2026-10-07T21:16:03.7315221Z [36;1mpnpm check:boundaries[0m
2026-10-07T21:16:03.7389618Z shell: /usr/bin/bash -e {0}
2026-10-07T21:16:03.7389869Z env:
2026-10-07T21:16:03.7390137Z   PNPM_HOME: /home/runner/setup-pnpm/node_modules/.bin
2026-10-07T21:16:03.7390499Z ##[endgroup]
2026-10-07T21:16:04.0606150Z 
2026-10-07T21:16:04.0607076Z > cocreate@1.0.0 check:boundaries /home/runner/work/Cocreate/Cocreate
2026-10-07T21:16:04.0607966Z > tsx scripts/codebase-audit.ts --check
2026-10-07T21:16:04.0608332Z 
2026-10-07T21:16:05.7961179Z Audited 139 files; 1 static candidates; 0 boundary violations.
2026-10-07T21:16:05.7963624Z Jev: 0 physical requests, 0 input tokens with known usage, known-usage estimate $0.000000; unknown requests retain their reservation.
2026-10-07T21:16:05.7965198Z Report: artifacts/codebase-audit/report.json
2026-10-07T21:16:05.8361323Z ##[group]Run pnpm build
2026-10-07T21:16:05.8361625Z [36;1mpnpm build[0m
2026-10-07T21:16:05.8434571Z shell: /usr/bin/bash -e {0}
2026-10-07T21:16:05.8434834Z env:
2026-10-07T21:16:05.8435091Z   PNPM_HOME: /home/runner/setup-pnpm/node_modules/.bin
2026-10-07T21:16:05.8435412Z ##[endgroup]
2026-10-07T21:16:06.1509926Z 
2026-10-07T21:16:06.1511061Z > cocreate@1.0.0 build /home/runner/work/Cocreate/Cocreate
2026-10-07T21:16:06.1512783Z > tsc --noEmit && vite build --configLoader runner
2026-10-07T21:16:06.1513178Z 
2026-10-07T21:16:14.5590967Z [36mvite v7.3.6 [32mbuilding client environment for production...[36m[39m
2026-10-07T21:16:14.6324308Z transforming...
2026-10-07T21:16:18.3413006Z [32m✓[39m 1749 modules transformed.
2026-10-07T21:16:18.5835100Z rendering chunks...
2026-10-07T21:16:18.8304538Z computing gzip size...
2026-10-07T21:16:18.8527306Z [2mdist/[22m[32mindex.html                           [39m[1m[2m  0.44 kB[22m[1m[22m[2m │ gzip:   0.30 kB[22m
2026-10-07T21:16:18.8529258Z [2mdist/[22m[2massets/[22m[35mApp-BqUO_rW7.css              [39m[1m[2m  2.56 kB[22m[1m[22m[2m │ gzip:   0.85 kB[22m
2026-10-07T21:16:18.8531194Z [2mdist/[22m[2massets/[22m[35mLandingPage-CNj4pefA.css      [39m[1m[2m 13.13 kB[22m[1m[22m[2m │ gzip:   2.95 kB[22m
2026-10-07T21:16:18.8533102Z [2mdist/[22m[2massets/[22m[35mindex-cyLHvudv.css            [39m[1m[2m 75.38 kB[22m[1m[22m[2m │ gzip:  14.48 kB[22m
2026-10-07T21:16:18.8535182Z [2mdist/[22m[2massets/[22m[36musers-S0nR_fpD.js             [39m[1m[2m  0.69 kB[22m[1m[22m[2m │ gzip:   0.39 kB[22m
2026-10-07T21:16:18.8537027Z [2mdist/[22m[2massets/[22m[36mcreateLucideIcon-DS0f-70M.js  [39m[1m[2m  0.89 kB[22m[1m[22m[2m │ gzip:   0.55 kB[22m
2026-10-07T21:16:18.8538875Z [2mdist/[22m[2massets/[22m[36mx-CYlEPbUI.js                 [39m[1m[2m  1.70 kB[22m[1m[22m[2m │ gzip:   0.78 kB[22m
2026-10-07T21:16:18.8540508Z [2mdist/[22m[2massets/[22m[36mLandingPage-CklZAjP2.js       [39m[1m[2m 15.33 kB[22m[1m[22m[2m │ gzip:   4.92 kB[22m
2026-10-07T21:16:18.8542044Z [2mdist/[22m[2massets/[22m[36mProjectApp-CEhcL8gy.js        [39m[1m[2m 29.68 kB[22m[1m[22m[2m │ gzip:   9.01 kB[22m
2026-10-07T21:16:18.8544030Z [2mdist/[22m[2massets/[22m[36mindex-5SCWldx6.js             [39m[1m[2m421.72 kB[22m[1m[22m[2m │ gzip: 121.23 kB[22m
2026-10-07T21:16:18.8545756Z [2mdist/[22m[2massets/[22m[36mApp-thYYHyMP.js               [39m[1m[33m583.75 kB[39m[22m[2m │ gzip: 185.76 kB[22m
2026-10-07T21:16:18.8546956Z [33m
2026-10-07T21:16:18.8547651Z (!) Some chunks are larger than 500 kB after minification. Consider:
2026-10-07T21:16:18.8548532Z - Using dynamic import() to code-split the application
2026-10-07T21:16:18.8550050Z - Use build.rollupOptions.output.manualChunks to improve chunking: https://rollupjs.org/configuration-options/#output-manualchunks
2026-10-07T21:16:18.8551763Z - Adjust chunk size limit for this warning via build.chunkSizeWarningLimit.[39m
2026-10-07T21:16:18.8552861Z [32m✓ built in 4.26s[39m
2026-10-07T21:16:18.9242579Z ##[group]Run node --input-type=module <<'NODE'
2026-10-07T21:16:18.9242987Z [36;1mnode --input-type=module <<'NODE'[0m
2026-10-07T21:16:18.9243291Z [36;1mimport fs from 'node:fs';[0m
2026-10-07T21:16:18.9243597Z [36;1mimport {spawnSync} from 'node:child_process';[0m
2026-10-07T21:16:18.9244822Z [36;1mconst {image_vars} = JSON.parse(fs.readFileSync('wrangler.jsonc', 'utf8')).containers[0];[0m
2026-10-07T21:16:18.9245570Z [36;1mconst names = ['VITE_COCREATE_AUTH_MODE', 'VITE_COCREATE_APP_ORIGIN', 'VITE_SUPABASE_URL', 'VITE_SUPABASE_PUBLISHABLE_KEY'];[0m
2026-10-07T21:16:18.9246223Z [36;1mconst args = ['build', '--tag', 'cocreate-check'];[0m
2026-10-07T21:16:18.9246554Z [36;1mfor (const name of names) {[0m
2026-10-07T21:16:18.9247016Z [36;1m  if (typeof image_vars[name] !== 'string') throw new Error(`Missing public build variable: ${name}`);[0m
2026-10-07T21:16:18.9247561Z [36;1m  args.push('--build-arg', `${name}=${image_vars[name]}`);[0m
2026-10-07T21:16:18.9247934Z [36;1m}[0m
2026-10-07T21:16:18.9248243Z [36;1mconst result = spawnSync('docker', [...args, '.'], {stdio: 'inherit'});[0m
2026-10-07T21:16:18.9248651Z [36;1mif (result.error) throw result.error;[0m
2026-10-07T21:16:18.9248955Z [36;1mprocess.exit(result.status ?? 1);[0m
2026-10-07T21:16:18.9249213Z [36;1mNODE[0m
2026-10-07T21:16:18.9322636Z shell: /usr/bin/bash -e {0}
2026-10-07T21:16:18.9344226Z env:
2026-10-07T21:16:18.9344553Z   PNPM_HOME: /home/runner/setup-pnpm/node_modules/.bin
2026-10-07T21:16:18.9344891Z ##[endgroup]
2026-10-07T21:16:19.5903986Z #0 building with "default" instance using docker driver
2026-10-07T21:16:19.5904668Z 
2026-10-07T21:16:19.5905136Z #1 [internal] load build definition from Dockerfile
2026-10-07T21:16:19.5905710Z #1 transferring dockerfile: 974B done
2026-10-07T21:16:19.5906112Z #1 DONE 0.0s
2026-10-07T21:16:19.5906286Z 
2026-10-07T21:16:19.5906622Z #2 [auth] library/node:pull token for registry-1.docker.io
2026-10-07T21:16:19.5907122Z #2 DONE 0.0s
2026-10-07T21:16:19.5907319Z 
2026-10-07T21:16:19.5907743Z #3 [internal] load metadata for docker.io/library/node:22-bookworm-slim
2026-10-07T21:16:19.7323085Z #3 DONE 0.3s
2026-10-07T21:16:19.8560617Z 
2026-10-07T21:16:19.8562782Z #4 [internal] load .dockerignore
2026-10-07T21:16:19.8565081Z #4 transferring context: 248B done
2026-10-07T21:16:19.8567322Z #4 DONE 0.0s
2026-10-07T21:16:19.8567663Z 
2026-10-07T21:16:19.8570480Z #5 [1/9] FROM docker.io/library/node:22-bookworm-slim@sha256:c3de60bf2f9dd0ac6370e6117950ff62d6e339527e7472301c9c78a017978392
2026-10-07T21:16:19.8572439Z #5 resolve docker.io/library/node:22-bookworm-slim@sha256:c3de60bf2f9dd0ac6370e6117950ff62d6e339527e7472301c9c78a017978392 done
2026-10-07T21:16:19.8574299Z #5 sha256:2cfab517365cfc6b4bd1f8c4cb01754884ef75bc38758b3c41e291c696f019f5 1.71MB / 1.71MB 0.1s done
2026-10-07T21:16:19.8575749Z #5 sha256:a8de9fa052209313d8e45435a8486e29b20eebaa820e2e7f63a7c3c94b4fa567 0B / 448B 0.1s
2026-10-07T21:16:19.8577136Z #5 sha256:c3de60bf2f9dd0ac6370e6117950ff62d6e339527e7472301c9c78a017978392 5.22kB / 5.22kB done
2026-10-07T21:16:19.8578493Z #5 sha256:efd0ab5780c2d9ab1f0f869571a00d5edb17793bff4cce4a2792e3eb0ffc7562 1.93kB / 1.93kB done
2026-10-07T21:16:19.8579912Z #5 sha256:d0a16be756b6ec6658aecb8b7bcf87fa6c7d0d7fcc6ca53ad14bb49a4c90bdd7 6.77kB / 6.77kB done
2026-10-07T21:16:19.8581381Z #5 sha256:7fd1ebe418b5079d4aa36f416af9b143d127bc75b0155d71cb5fd559b5e04d39 18.67MB / 28.25MB 0.1s
2026-10-07T21:16:19.8582898Z #5 sha256:f0400f4b55b0ad346bf6167a1b64a258e4d73db608c457798ce35e4ffeebfaaf 3.31kB / 3.31kB 0.0s done
2026-10-07T21:16:19.8584620Z #5 sha256:d22c69a95cf463f4cb74462bd2899597ce505d82bd4c01ceddf7845e12f13856 7.52MB / 49.84MB 0.1s
2026-10-07T21:16:19.9586819Z #5 sha256:a8de9fa052209313d8e45435a8486e29b20eebaa820e2e7f63a7c3c94b4fa567 448B / 448B 0.1s done
2026-10-07T21:16:19.9588725Z #5 sha256:7fd1ebe418b5079d4aa36f416af9b143d127bc75b0155d71cb5fd559b5e04d39 28.25MB / 28.25MB 0.2s done
2026-10-07T21:16:19.9590974Z #5 sha256:d22c69a95cf463f4cb74462bd2899597ce505d82bd4c01ceddf7845e12f13856 36.29MB / 49.84MB 0.2s
2026-10-07T21:16:20.0822129Z #5 ...
2026-10-07T21:16:20.0822963Z 
2026-10-07T21:16:20.0823285Z #6 [internal] load build context
2026-10-07T21:16:20.0824410Z #6 transferring context: 17.49MB 0.2s done
2026-10-07T21:16:20.0824924Z #6 DONE 0.2s
2026-10-07T21:16:20.0825128Z 
2026-10-07T21:16:20.0826121Z #5 [1/9] FROM docker.io/library/node:22-bookworm-slim@sha256:c3de60bf2f9dd0ac6370e6117950ff62d6e339527e7472301c9c78a017978392
2026-10-07T21:16:20.0827200Z #5 sha256:d22c69a95cf463f4cb74462bd2899597ce505d82bd4c01ceddf7845e12f13856 49.84MB / 49.84MB 0.3s done
2026-10-07T21:16:20.0828427Z #5 extracting sha256:7fd1ebe418b5079d4aa36f416af9b143d127bc75b0155d71cb5fd559b5e04d39 0.1s
2026-10-07T21:16:21.0408369Z #5 extracting sha256:7fd1ebe418b5079d4aa36f416af9b143d127bc75b0155d71cb5fd559b5e04d39 1.1s done
2026-10-07T21:16:21.2189296Z #5 extracting sha256:f0400f4b55b0ad346bf6167a1b64a258e4d73db608c457798ce35e4ffeebfaaf done
2026-10-07T21:16:22.4714592Z #5 extracting sha256:d22c69a95cf463f4cb74462bd2899597ce505d82bd4c01ceddf7845e12f13856
2026-10-07T21:16:23.8844973Z #5 extracting sha256:d22c69a95cf463f4cb74462bd2899597ce505d82bd4c01ceddf7845e12f13856 1.3s done
2026-10-07T21:16:23.8846164Z #5 extracting sha256:2cfab517365cfc6b4bd1f8c4cb01754884ef75bc38758b3c41e291c696f019f5
2026-10-07T21:16:24.1176642Z #5 extracting sha256:2cfab517365cfc6b4bd1f8c4cb01754884ef75bc38758b3c41e291c696f019f5 0.0s done
2026-10-07T21:16:24.1177873Z #5 extracting sha256:a8de9fa052209313d8e45435a8486e29b20eebaa820e2e7f63a7c3c94b4fa567 done
2026-10-07T21:16:24.1178376Z #5 DONE 4.2s
2026-10-07T21:16:24.1178499Z 
2026-10-07T21:16:24.1178620Z #7 [2/9] WORKDIR /app
2026-10-07T21:16:24.1178848Z #7 DONE 0.0s
2026-10-07T21:16:24.1178966Z 
2026-10-07T21:16:24.1179085Z #8 [3/9] RUN corepack enable
2026-10-07T21:16:24.1856249Z #8 DONE 0.2s
2026-10-07T21:16:24.3372837Z 
2026-10-07T21:16:24.3374534Z #9 [4/9] RUN apt-get update && apt-get install -y --no-install-recommends bubblewrap util-linux chromium && rm -rf /var/lib/apt/lists/*
2026-10-07T21:16:24.3668161Z #9 0.180 Get:1 http://deb.debian.org/debian bookworm InRelease [151 kB]
2026-10-07T21:16:24.5264068Z #9 0.203 Get:2 http://deb.debian.org/debian bookworm-updates InRelease [55.4 kB]
2026-10-07T21:16:24.5265412Z #9 0.212 Get:3 http://deb.debian.org/debian-security bookworm-security InRelease [34.8 kB]
2026-10-07T21:16:24.5266954Z #9 0.270 Get:4 http://deb.debian.org/debian bookworm/main amd64 Packages [8790 kB]
2026-10-07T21:16:24.5268459Z #9 0.340 Get:5 http://deb.debian.org/debian bookworm-updates/main amd64 Packages [6924 B]
2026-10-07T21:16:24.7159083Z #9 0.379 Get:6 http://deb.debian.org/debian-security bookworm-security/main amd64 Packages [349 kB]
2026-10-07T21:16:25.2938778Z #9 1.107 Fetched 9387 kB in 1s (9900 kB/s)
2026-10-07T21:16:25.7264704Z #9 1.107 Reading package lists...
2026-10-07T21:16:26.1867941Z #9 1.558 Reading package lists...
2026-10-07T21:16:26.3161264Z #9 2.013 Building dependency tree...
2026-10-07T21:16:26.4347035Z #9 2.130 Reading state information...
2026-10-07T21:16:26.4347943Z #9 2.248 util-linux is already the newest version (2.38.1-5+deb12u3).
2026-10-07T21:16:26.4348771Z #9 2.248 util-linux set to manually installed.
2026-10-07T21:16:26.4349576Z #9 2.248 The following additional packages will be installed:
2026-10-07T21:16:26.4350664Z #9 2.248   adwaita-icon-theme at-spi2-common chromium-common dbus dbus-bin dbus-daemon
2026-10-07T21:16:26.4351534Z #9 2.248   dbus-session-bus-common dbus-system-bus-common dbus-user-session
2026-10-07T21:16:26.4352305Z #9 2.248   dconf-gsettings-backend dconf-service dmsetup fontconfig fontconfig-config
2026-10-07T21:16:26.5878912Z #9 2.248   fonts-dejavu-core gtk-update-icon-cache hicolor-icon-theme libapparmor1
2026-10-07T21:16:26.5880319Z #9 2.248   libargon2-1 libasound2 libasound2-data libasyncns0 libatk-bridge2.0-0
2026-10-07T21:16:26.5881582Z #9 2.248   libatk1.0-0 libatspi2.0-0 libavahi-client3 libavahi-common-data
2026-10-07T21:16:26.5883372Z #9 2.248   libavahi-common3 libbrotli1 libbsd0 libcairo-gobject2 libcairo2 libcolord2
2026-10-07T21:16:26.5884976Z #9 2.248   libcryptsetup12 libcups2 libdatrie1 libdav1d6 libdbus-1-3 libdconf1
2026-10-07T21:16:26.5886053Z #9 2.248   libdeflate0 libdevmapper1.02.1 libdouble-conversion3 libdrm-amdgpu1
2026-10-07T21:16:26.5886887Z #9 2.248   libdrm-common libdrm-intel1 libdrm-nouveau2 libdrm-radeon1 libdrm2 libedit2
2026-10-07T21:16:26.5887755Z #9 2.248   libelf1 libepoxy0 libexpat1 libfdisk1 libflac12 libfontconfig1 libfontenc1
2026-10-07T21:16:26.5888621Z #9 2.248   libfreetype6 libfribidi0 libgbm1 libgdk-pixbuf-2.0-0 libgdk-pixbuf2.0-common
2026-10-07T21:16:26.5889398Z #9 2.248   libgl1 libgl1-mesa-dri libglapi-mesa libglib2.0-0 libglvnd0 libglx-mesa0
2026-10-07T21:16:26.5890048Z #9 2.249   libglx0 libgraphite2-3 libgssapi-krb5-2 libgtk-3-0 libgtk-3-common
2026-10-07T21:16:26.5890707Z #9 2.249   libharfbuzz-subset0 libharfbuzz0b libice6 libicu72 libip4tc2 libjbig0
2026-10-07T21:16:26.5891370Z #9 2.249   libjpeg62-turbo libjson-c5 libk5crypto3 libkeyutils1 libkmod2 libkrb5-3
2026-10-07T21:16:26.5892031Z #9 2.249   libkrb5support0 liblcms2-2 liblerc4 libllvm15 libminizip1 libmp3lame0
2026-10-07T21:16:26.5892701Z #9 2.249   libmpg123-0 libncursesw6 libnspr4 libnss3 libogg0 libopenh264-7 libopenjp2-7
2026-10-07T21:16:26.5893392Z #9 2.249   libopus0 libpam-systemd libpango-1.0-0 libpangocairo-1.0-0 libpangoft2-1.0-0
2026-10-07T21:16:26.5894695Z #9 2.249   libpciaccess0 libpixman-1-0 libpng16-16 libproc2-0 libpulse0
2026-10-07T21:16:26.5895331Z #9 2.249   libsensors-config libsensors5 libsm6 libsndfile1 libsqlite3-0 libssl3
2026-10-07T21:16:26.5896012Z #9 2.249   libsystemd-shared libthai-data libthai0 libtiff6 libvorbis0a libvorbisenc2
2026-10-07T21:16:26.5896713Z #9 2.249   libwayland-client0 libwayland-cursor0 libwayland-egl1 libwayland-server0
2026-10-07T21:16:26.5897381Z #9 2.249   libwebp7 libx11-6 libx11-data libx11-xcb1 libxau6 libxaw7 libxcb-dri2-0
2026-10-07T21:16:26.5898001Z #9 2.249   libxcb-dri3-0 libxcb-glx0 libxcb-present0 libxcb-randr0 libxcb-render0
2026-10-07T21:16:26.5898618Z #9 2.249   libxcb-shape0 libxcb-shm0 libxcb-sync1 libxcb-xfixes0 libxcb1 libxcomposite1
2026-10-07T21:16:26.5899231Z #9 2.249   libxcursor1 libxdamage1 libxdmcp6 libxext6 libxfixes3 libxft2 libxi6
2026-10-07T21:16:26.5899845Z #9 2.249   libxinerama1 libxkbcommon0 libxkbfile1 libxml2 libxmu6 libxmuu1 libxnvctrl0
2026-10-07T21:16:26.5900446Z #9 2.249   libxpm4 libxrandr2 libxrender1 libxshmfence1 libxt6 libxtst6 libxv1
2026-10-07T21:16:26.5901008Z #9 2.249   libxxf86dga1 libxxf86vm1 libz3-4 procps shared-mime-info systemd
2026-10-07T21:16:26.5901512Z #9 2.249   systemd-sysv x11-common x11-utils xdg-utils xkb-data
2026-10-07T21:16:26.5901870Z #9 2.251 Suggested packages:
2026-10-07T21:16:26.5902346Z #9 2.251   chromium-l10n chromium-shell chromium-driver libasound2-plugins alsa-utils
2026-10-07T21:16:26.5902984Z #9 2.251   colord cups-common low-memory-monitor krb5-doc krb5-user gvfs liblcms2-utils
2026-10-07T21:16:26.5903618Z #9 2.251   opus-tools pciutils pulseaudio lm-sensors systemd-container systemd-homed
2026-10-07T21:16:26.5904634Z #9 2.251   systemd-userdbd systemd-boot systemd-resolved libfido2-1 libqrencode4
2026-10-07T21:16:26.5905221Z #9 2.251   libtss2-esys-3.0.2-0 libtss2-mu0 libtss2-rc0 polkitd | policykit-1
2026-10-07T21:16:26.5905626Z #9 2.251   mesa-utils
2026-10-07T21:16:26.5905894Z #9 2.251 Recommended packages:
2026-10-07T21:16:26.5906339Z #9 2.251   librsvg2-common upower udev fonts-liberation notification-daemon
2026-10-07T21:16:26.5906921Z #9 2.251   system-config-printer alsa-ucm-conf alsa-topology-conf at-spi2-core
2026-10-07T21:16:26.5907550Z #9 2.251   libgdk-pixbuf2.0-bin libglib2.0-data xdg-user-dirs libgtk-3-bin krb5-locales
2026-10-07T21:16:26.5908134Z #9 2.251   libgpm2 psmisc systemd-timesyncd | time-daemon libnss-systemd
2026-10-07T21:16:26.5908667Z #9 2.251   libfile-mimeinfo-perl libnet-dbus-perl libx11-protocol-perl
2026-10-07T21:16:26.5909062Z #9 2.251   x11-xserver-utils
2026-10-07T21:16:27.0577724Z #9 2.871 The following NEW packages will be installed:
2026-10-07T21:16:27.0581241Z #9 2.871   adwaita-icon-theme at-spi2-common bubblewrap chromium chromium-common dbus
2026-10-07T21:16:27.0583549Z #9 2.871   dbus-bin dbus-daemon dbus-session-bus-common dbus-system-bus-common
2026-10-07T21:16:27.1814716Z #9 2.871   dbus-user-session dconf-gsettings-backend dconf-service dmsetup fontconfig
2026-10-07T21:16:27.1816282Z #9 2.872   fontconfig-config fonts-dejavu-core gtk-update-icon-cache hicolor-icon-theme
2026-10-07T21:16:27.1817603Z #9 2.872   libapparmor1 libargon2-1 libasound2 libasound2-data libasyncns0
2026-10-07T21:16:27.1819172Z #9 2.872   libatk-bridge2.0-0 libatk1.0-0 libatspi2.0-0 libavahi-client3
2026-10-07T21:16:27.1820007Z #9 2.872   libavahi-common-data libavahi-common3 libbrotli1 libbsd0 libcairo-gobject2
2026-10-07T21:16:27.1822321Z #9 2.872   libcairo2 libcolord2 libcryptsetup12 libcups2 libdatrie1 libdav1d6
2026-10-07T21:16:27.1823418Z #9 2.872   libdbus-1-3 libdconf1 libdeflate0 libdevmapper1.02.1 libdouble-conversion3
2026-10-07T21:16:27.1825009Z #9 2.872   libdrm-amdgpu1 libdrm-common libdrm-intel1 libdrm-nouveau2 libdrm-radeon1
2026-10-07T21:16:27.1825716Z #9 2.872   libdrm2 libedit2 libelf1 libepoxy0 libexpat1 libfdisk1 libflac12
2026-10-07T21:16:27.1826335Z #9 2.872   libfontconfig1 libfontenc1 libfreetype6 libfribidi0 libgbm1
2026-10-07T21:16:27.1827048Z #9 2.872   libgdk-pixbuf-2.0-0 libgdk-pixbuf2.0-common libgl1 libgl1-mesa-dri
2026-10-07T21:16:27.1828078Z #9 2.872   libglapi-mesa libglib2.0-0 libglvnd0 libglx-mesa0 libglx0 libgraphite2-3
2026-10-07T21:16:27.1828765Z #9 2.872   libgssapi-krb5-2 libgtk-3-0 libgtk-3-common libharfbuzz-subset0
2026-10-07T21:16:27.1829412Z #9 2.872   libharfbuzz0b libice6 libicu72 libip4tc2 libjbig0 libjpeg62-turbo libjson-c5
2026-10-07T21:16:27.1830070Z #9 2.872   libk5crypto3 libkeyutils1 libkmod2 libkrb5-3 libkrb5support0 liblcms2-2
2026-10-07T21:16:27.1830700Z #9 2.872   liblerc4 libllvm15 libminizip1 libmp3lame0 libmpg123-0 libncursesw6 libnspr4
2026-10-07T21:16:27.1831317Z #9 2.872   libnss3 libogg0 libopenh264-7 libopenjp2-7 libopus0 libpam-systemd
2026-10-07T21:16:27.1832125Z #9 2.872   libpango-1.0-0 libpangocairo-1.0-0 libpangoft2-1.0-0 libpciaccess0
2026-10-07T21:16:27.1832757Z #9 2.873   libpixman-1-0 libpng16-16 libproc2-0 libpulse0 libsensors-config libsensors5
2026-10-07T21:16:27.1833372Z #9 2.873   libsm6 libsndfile1 libsqlite3-0 libssl3 libsystemd-shared libthai-data
2026-10-07T21:16:27.1834256Z #9 2.873   libthai0 libtiff6 libvorbis0a libvorbisenc2 libwayland-client0
2026-10-07T21:16:27.1834852Z #9 2.873   libwayland-cursor0 libwayland-egl1 libwayland-server0 libwebp7 libx11-6
2026-10-07T21:16:27.1835449Z #9 2.873   libx11-data libx11-xcb1 libxau6 libxaw7 libxcb-dri2-0 libxcb-dri3-0
2026-10-07T21:16:27.1836031Z #9 2.873   libxcb-glx0 libxcb-present0 libxcb-randr0 libxcb-render0 libxcb-shape0
2026-10-07T21:16:27.1836643Z #9 2.873   libxcb-shm0 libxcb-sync1 libxcb-xfixes0 libxcb1 libxcomposite1 libxcursor1
2026-10-07T21:16:27.1838333Z #9 2.873   libxdamage1 libxdmcp6 libxext6 libxfixes3 libxft2 libxi6 libxinerama1
2026-10-07T21:16:27.1839393Z #9 2.873   libxkbcommon0 libxkbfile1 libxml2 libxmu6 libxmuu1 libxnvctrl0 libxpm4
2026-10-07T21:16:27.1840537Z #9 2.873   libxrandr2 libxrender1 libxshmfence1 libxt6 libxtst6 libxv1 libxxf86dga1
2026-10-07T21:16:27.1841198Z #9 2.873   libxxf86vm1 libz3-4 procps shared-mime-info systemd systemd-sysv x11-common
2026-10-07T21:16:27.1841680Z #9 2.873   x11-utils xdg-utils xkb-data
2026-10-07T21:16:27.1842120Z #9 2.902 0 upgraded, 175 newly installed, 0 to remove and 1 not upgraded.
2026-10-07T21:16:27.1842545Z #9 2.902 Need to get 206 MB of archives.
2026-10-07T21:16:27.1842995Z #9 2.902 After this operation, 733 MB of additional disk space will be used.
2026-10-07T21:16:27.1844049Z #9 2.902 Get:1 http://deb.debian.org/debian-security bookworm-security/main amd64 libssl3 amd64 3.0.22-1~deb12u1 [2039 kB]
2026-10-07T21:16:27.1845073Z #9 2.913 Get:2 http://deb.debian.org/debian bookworm/main amd64 libargon2-1 amd64 0~20171227-0.3+deb12u1 [19.4 kB]
2026-10-07T21:16:27.1846074Z #9 2.913 Get:3 http://deb.debian.org/debian bookworm/main amd64 dmsetup amd64 2:1.02.185-2 [82.0 kB]
2026-10-07T21:16:27.1847396Z #9 2.914 Get:4 http://deb.debian.org/debian bookworm/main amd64 libdevmapper1.02.1 amd64 2:1.02.185-2 [133 kB]
2026-10-07T21:16:27.1848882Z #9 2.915 Get:5 http://deb.debian.org/debian bookworm/main amd64 libjson-c5 amd64 0.16-2 [44.1 kB]
2026-10-07T21:16:27.1850350Z #9 2.915 Get:6 http://deb.debian.org/debian bookworm/main amd64 libcryptsetup12 amd64 2:2.6.1-4~deb12u2 [223 kB]
2026-10-07T21:16:27.1851168Z #9 2.917 Get:7 http://deb.debian.org/debian bookworm/main amd64 libfdisk1 amd64 2.38.1-5+deb12u3 [194 kB]
2026-10-07T21:16:27.1852130Z #9 2.919 Get:8 http://deb.debian.org/debian bookworm/main amd64 libkmod2 amd64 30+20221128-1 [57.9 kB]
2026-10-07T21:16:27.1852885Z #9 2.920 Get:9 http://deb.debian.org/debian bookworm/main amd64 libapparmor1 amd64 3.0.8-3 [41.2 kB]
2026-10-07T21:16:27.1854050Z #9 2.921 Get:10 http://deb.debian.org/debian bookworm/main amd64 libip4tc2 amd64 1.8.9-2 [19.0 kB]
2026-10-07T21:16:27.1854936Z #9 2.922 Get:11 http://deb.debian.org/debian bookworm/main amd64 libsystemd-shared amd64 252.39-1~deb12u2 [1696 kB]
2026-10-07T21:16:27.1855753Z #9 2.930 Get:12 http://deb.debian.org/debian bookworm/main amd64 systemd amd64 252.39-1~deb12u2 [3044 kB]
2026-10-07T21:16:27.1856548Z #9 2.941 Get:13 http://deb.debian.org/debian bookworm/main amd64 systemd-sysv amd64 252.39-1~deb12u2 [42.9 kB]
2026-10-07T21:16:27.1857587Z #9 2.942 Get:14 http://deb.debian.org/debian bookworm/main amd64 libdbus-1-3 amd64 1.14.10-1~deb12u1 [201 kB]
2026-10-07T21:16:27.1858385Z #9 2.943 Get:15 http://deb.debian.org/debian bookworm/main amd64 dbus-bin amd64 1.14.10-1~deb12u1 [105 kB]
2026-10-07T21:16:27.1859229Z #9 2.943 Get:16 http://deb.debian.org/debian bookworm/main amd64 dbus-session-bus-common all 1.14.10-1~deb12u1 [78.2 kB]
2026-10-07T21:16:27.1860155Z #9 2.944 Get:17 http://deb.debian.org/debian-security bookworm-security/main amd64 libexpat1 amd64 2.5.0-1+deb12u4 [106 kB]
2026-10-07T21:16:27.1861242Z #9 2.944 Get:18 http://deb.debian.org/debian bookworm/main amd64 dbus-daemon amd64 1.14.10-1~deb12u1 [184 kB]
2026-10-07T21:16:27.1862098Z #9 2.945 Get:19 http://deb.debian.org/debian bookworm/main amd64 dbus-system-bus-common all 1.14.10-1~deb12u1 [79.3 kB]
2026-10-07T21:16:27.1862914Z #9 2.946 Get:20 http://deb.debian.org/debian bookworm/main amd64 dbus amd64 1.14.10-1~deb12u1 [97.4 kB]
2026-10-07T21:16:27.1863654Z #9 2.947 Get:21 http://deb.debian.org/debian bookworm/main amd64 libncursesw6 amd64 6.4-4 [134 kB]
2026-10-07T21:16:27.1864901Z #9 2.948 Get:22 http://deb.debian.org/debian bookworm/main amd64 libproc2-0 amd64 2:4.0.2-3 [62.8 kB]
2026-10-07T21:16:27.1865638Z #9 2.948 Get:23 http://deb.debian.org/debian bookworm/main amd64 procps amd64 2:4.0.2-3 [709 kB]
2026-10-07T21:16:27.1866660Z #9 2.951 Get:24 http://deb.debian.org/debian bookworm/main amd64 libpam-systemd amd64 252.39-1~deb12u2 [226 kB]
2026-10-07T21:16:27.1867466Z #9 2.952 Get:25 http://deb.debian.org/debian bookworm/main amd64 hicolor-icon-theme all 0.17-2 [11.4 kB]
2026-10-07T21:16:27.1868323Z #9 2.952 Get:26 http://deb.debian.org/debian bookworm/main amd64 libgdk-pixbuf2.0-common all 2.42.10+dfsg-1+deb12u4 [307 kB]
2026-10-07T21:16:27.1869180Z #9 2.954 Get:27 http://deb.debian.org/debian bookworm/main amd64 libglib2.0-0 amd64 2.74.6-2+deb12u9 [1403 kB]
2026-10-07T21:16:27.1870272Z #9 2.961 Get:28 http://deb.debian.org/debian bookworm/main amd64 libicu72 amd64 72.1-3+deb12u1 [9376 kB]
2026-10-07T21:16:27.1871964Z #9 2.995 Get:29 http://deb.debian.org/debian bookworm/main amd64 libxml2 amd64 2.9.14+dfsg-1.3~deb12u6 [689 kB]
2026-10-07T21:16:27.2827305Z #9 2.999 Get:30 http://deb.debian.org/debian bookworm/main amd64 shared-mime-info amd64 2.2-1 [729 kB]
2026-10-07T21:16:27.2829102Z #9 3.001 Get:31 http://deb.debian.org/debian bookworm/main amd64 libjpeg62-turbo amd64 1:2.1.5-2 [166 kB]
2026-10-07T21:16:27.2831208Z #9 3.002 Get:32 http://deb.debian.org/debian-security bookworm-security/main amd64 libpng16-16 amd64 1.6.39-2+deb12u6 [277 kB]
2026-10-07T21:16:27.2832578Z #9 3.003 Get:33 http://deb.debian.org/debian bookworm/main amd64 libdeflate0 amd64 1.14-1 [61.4 kB]
2026-10-07T21:16:27.2834159Z #9 3.004 Get:34 http://deb.debian.org/debian bookworm/main amd64 libjbig0 amd64 2.1-6.1 [31.7 kB]
2026-10-07T21:16:27.2835424Z #9 3.004 Get:35 http://deb.debian.org/debian bookworm/main amd64 liblerc4 amd64 4.0.0+ds-2 [170 kB]
2026-10-07T21:16:27.2836453Z #9 3.005 Get:36 http://deb.debian.org/debian bookworm/main amd64 libwebp7 amd64 1.2.4-0.2+deb12u1 [286 kB]
2026-10-07T21:16:27.2837397Z #9 3.007 Get:37 http://deb.debian.org/debian bookworm/main amd64 libtiff6 amd64 4.5.0-6+deb12u4 [316 kB]
2026-10-07T21:16:27.2838287Z #9 3.008 Get:38 http://deb.debian.org/debian bookworm/main amd64 libgdk-pixbuf-2.0-0 amd64 2.42.10+dfsg-1+deb12u4 [139 kB]
2026-10-07T21:16:27.2839243Z #9 3.009 Get:39 http://deb.debian.org/debian bookworm/main amd64 gtk-update-icon-cache amd64 3.24.38-2~deb12u3 [44.2 kB]
2026-10-07T21:16:27.2840629Z #9 3.010 Get:40 http://deb.debian.org/debian bookworm/main amd64 adwaita-icon-theme all 43-1 [5124 kB]
2026-10-07T21:16:27.2841401Z #9 3.029 Get:41 http://deb.debian.org/debian bookworm/main amd64 at-spi2-common all 2.46.0-5 [162 kB]
2026-10-07T21:16:27.2842177Z #9 3.030 Get:42 http://deb.debian.org/debian bookworm/main amd64 bubblewrap amd64 0.8.0-2+deb12u1 [47.3 kB]
2026-10-07T21:16:27.2843193Z #9 3.030 Get:43 http://deb.debian.org/debian bookworm/main amd64 libasound2-data all 1.2.8-1 [20.5 kB]
2026-10-07T21:16:27.2844247Z #9 3.031 Get:44 http://deb.debian.org/debian bookworm/main amd64 libasound2 amd64 1.2.8-1+b1 [362 kB]
2026-10-07T21:16:27.2845624Z #9 3.032 Get:45 http://deb.debian.org/debian bookworm/main amd64 libatk1.0-0 amd64 2.46.0-5 [49.6 kB]
2026-10-07T21:16:27.2846817Z #9 3.033 Get:46 http://deb.debian.org/debian bookworm/main amd64 libxau6 amd64 1:1.0.9-1 [19.7 kB]
2026-10-07T21:16:27.2847978Z #9 3.034 Get:47 http://deb.debian.org/debian bookworm/main amd64 libbsd0 amd64 0.11.7-2 [117 kB]
2026-10-07T21:16:27.2849263Z #9 3.034 Get:48 http://deb.debian.org/debian bookworm/main amd64 libxdmcp6 amd64 1:1.1.2-3 [26.3 kB]
2026-10-07T21:16:27.2850687Z #9 3.035 Get:49 http://deb.debian.org/debian bookworm/main amd64 libxcb1 amd64 1.15-1 [144 kB]
2026-10-07T21:16:27.2851980Z #9 3.035 Get:50 http://deb.debian.org/debian bookworm/main amd64 libx11-data all 2:1.8.4-2+deb12u2 [292 kB]
2026-10-07T21:16:27.2853312Z #9 3.037 Get:51 http://deb.debian.org/debian bookworm/main amd64 libx11-6 amd64 2:1.8.4-2+deb12u2 [760 kB]
2026-10-07T21:16:27.2854448Z #9 3.040 Get:52 http://deb.debian.org/debian bookworm/main amd64 libxext6 amd64 2:1.3.4-1+b1 [52.9 kB]
2026-10-07T21:16:27.2855182Z #9 3.041 Get:53 http://deb.debian.org/debian bookworm/main amd64 libxi6 amd64 2:1.8-1+b1 [84.2 kB]
2026-10-07T21:16:27.2855912Z #9 3.041 Get:54 http://deb.debian.org/debian bookworm/main amd64 libatspi2.0-0 amd64 2.46.0-5 [75.4 kB]
2026-10-07T21:16:27.2856682Z #9 3.042 Get:55 http://deb.debian.org/debian bookworm/main amd64 libatk-bridge2.0-0 amd64 2.46.0-5 [64.6 kB]
2026-10-07T21:16:27.2857695Z #9 3.042 Get:56 http://deb.debian.org/debian bookworm/main amd64 libbrotli1 amd64 1.0.9-2+b6 [275 kB]
2026-10-07T21:16:27.2858487Z #9 3.044 Get:57 http://deb.debian.org/debian bookworm/main amd64 libfreetype6 amd64 2.12.1+dfsg-5+deb12u4 [398 kB]
2026-10-07T21:16:27.2859281Z #9 3.046 Get:58 http://deb.debian.org/debian bookworm/main amd64 fonts-dejavu-core all 2.37-6 [1068 kB]
2026-10-07T21:16:27.2860048Z #9 3.050 Get:59 http://deb.debian.org/debian bookworm/main amd64 fontconfig-config amd64 2.14.1-4 [315 kB]
2026-10-07T21:16:27.2860796Z #9 3.051 Get:60 http://deb.debian.org/debian bookworm/main amd64 libfontconfig1 amd64 2.14.1-4 [386 kB]
2026-10-07T21:16:27.2861522Z #9 3.053 Get:61 http://deb.debian.org/debian bookworm/main amd64 libpixman-1-0 amd64 0.42.2-1 [546 kB]
2026-10-07T21:16:27.2862244Z #9 3.056 Get:62 http://deb.debian.org/debian bookworm/main amd64 libxcb-render0 amd64 1.15-1 [115 kB]
2026-10-07T21:16:27.2863133Z #9 3.056 Get:63 http://deb.debian.org/debian bookworm/main amd64 libxcb-shm0 amd64 1.15-1 [105 kB]
2026-10-07T21:16:27.2864197Z #9 3.057 Get:64 http://deb.debian.org/debian bookworm/main amd64 libxrender1 amd64 1:0.9.10-1.1 [33.2 kB]
2026-10-07T21:16:27.2864948Z #9 3.057 Get:65 http://deb.debian.org/debian bookworm/main amd64 libcairo2 amd64 1.16.0-7 [575 kB]
2026-10-07T21:16:27.2865740Z #9 3.060 Get:66 http://deb.debian.org/debian bookworm/main amd64 libavahi-common-data amd64 0.8-10+deb12u1 [107 kB]
2026-10-07T21:16:27.2869416Z #9 3.061 Get:67 http://deb.debian.org/debian bookworm/main amd64 libavahi-common3 amd64 0.8-10+deb12u1 [42.1 kB]
2026-10-07T21:16:27.2870321Z #9 3.061 Get:68 http://deb.debian.org/debian bookworm/main amd64 libavahi-client3 amd64 0.8-10+deb12u1 [45.8 kB]
2026-10-07T21:16:27.2872707Z #9 3.062 Get:69 http://deb.debian.org/debian bookworm/main amd64 libkrb5support0 amd64 1.20.1-2+deb12u5 [33.2 kB]
2026-10-07T21:16:27.2873585Z #9 3.062 Get:70 http://deb.debian.org/debian bookworm/main amd64 libk5crypto3 amd64 1.20.1-2+deb12u5 [79.7 kB]
2026-10-07T21:16:27.2875509Z #9 3.063 Get:71 http://deb.debian.org/debian bookworm/main amd64 libkeyutils1 amd64 1.6.3-2 [8808 B]
2026-10-07T21:16:27.2876791Z #9 3.063 Get:72 http://deb.debian.org/debian bookworm/main amd64 libkrb5-3 amd64 1.20.1-2+deb12u5 [332 kB]
2026-10-07T21:16:27.2879291Z #9 3.065 Get:73 http://deb.debian.org/debian bookworm/main amd64 libgssapi-krb5-2 amd64 1.20.1-2+deb12u5 [135 kB]
2026-10-07T21:16:27.2881325Z #9 3.066 Get:74 http://deb.debian.org/debian bookworm/main amd64 libcups2 amd64 2.4.2-3+deb12u9 [245 kB]
2026-10-07T21:16:27.2882823Z #9 3.067 Get:75 http://deb.debian.org/debian bookworm/main amd64 libdav1d6 amd64 1.0.0-2+deb12u1 [513 kB]
2026-10-07T21:16:27.2884200Z #9 3.069 Get:76 http://deb.debian.org/debian bookworm/main amd64 libdouble-conversion3 amd64 3.2.1-1 [41.5 kB]
2026-10-07T21:16:27.2885874Z #9 3.070 Get:77 http://deb.debian.org/debian bookworm/main amd64 libogg0 amd64 1.3.5-3 [23.4 kB]
2026-10-07T21:16:27.2887095Z #9 3.070 Get:78 http://deb.debian.org/debian bookworm/main amd64 libflac12 amd64 1.4.2+ds-2 [198 kB]
2026-10-07T21:16:27.2888451Z #9 3.071 Get:79 http://deb.debian.org/debian bookworm/main amd64 libdrm-common all 2.4.114-1 [7112 B]
2026-10-07T21:16:27.2889909Z #9 3.071 Get:80 http://deb.debian.org/debian bookworm/main amd64 libdrm2 amd64 2.4.114-1+b1 [37.5 kB]
2026-10-07T21:16:27.2891391Z #9 3.072 Get:81 http://deb.debian.org/debian bookworm/main amd64 libwayland-server0 amd64 1.21.0-1 [35.9 kB]
2026-10-07T21:16:27.2892817Z #9 3.072 Get:82 http://deb.debian.org/debian bookworm/main amd64 libgbm1 amd64 22.3.6-1+deb12u2 [38.1 kB]
2026-10-07T21:16:27.2894252Z #9 3.073 Get:83 http://deb.debian.org/debian bookworm/main amd64 libgraphite2-3 amd64 1.3.14-1+deb12u1 [74.6 kB]
2026-10-07T21:16:27.2895524Z #9 3.074 Get:84 http://deb.debian.org/debian bookworm/main amd64 libharfbuzz0b amd64 6.0.0+dfsg-3 [1945 kB]
2026-10-07T21:16:27.2896358Z #9 3.088 Get:85 http://deb.debian.org/debian bookworm/main amd64 libharfbuzz-subset0 amd64 6.0.0+dfsg-3 [1931 kB]
2026-10-07T21:16:27.2898765Z #9 3.096 Get:86 http://deb.debian.org/debian bookworm/main amd64 liblcms2-2 amd64 2.14-2+deb12u1 [154 kB]
2026-10-07T21:16:27.4119835Z #9 3.097 Get:87 http://deb.debian.org/debian bookworm/main amd64 libminizip1 amd64 1.1-8+deb12u1 [20.1 kB]
2026-10-07T21:16:27.4121405Z #9 3.099 Get:88 http://deb.debian.org/debian bookworm/main amd64 libnspr4 amd64 2:4.35-1 [113 kB]
2026-10-07T21:16:27.4123134Z #9 3.099 Get:89 http://deb.debian.org/debian bookworm/main amd64 libsqlite3-0 amd64 3.40.1-2+deb12u2 [839 kB]
2026-10-07T21:16:27.4125705Z #9 3.102 Get:90 http://deb.debian.org/debian-security bookworm-security/main amd64 libnss3 amd64 2:3.87.1-1+deb12u4 [1331 kB]
2026-10-07T21:16:27.4128106Z #9 3.105 Get:91 http://deb.debian.org/debian bookworm/main amd64 libopenh264-7 amd64 2.3.1+dfsg-3+deb12u2 [393 kB]
2026-10-07T21:16:27.4129908Z #9 3.107 Get:92 http://deb.debian.org/debian bookworm/main amd64 libopenjp2-7 amd64 2.5.0-2+deb12u3 [189 kB]
2026-10-07T21:16:27.4132193Z #9 3.108 Get:93 http://deb.debian.org/debian bookworm/main amd64 libopus0 amd64 1.3.1-3 [195 kB]
2026-10-07T21:16:27.4133235Z #9 3.109 Get:94 http://deb.debian.org/debian bookworm/main amd64 fontconfig amd64 2.14.1-4 [449 kB]
2026-10-07T21:16:27.4134330Z #9 3.111 Get:95 http://deb.debian.org/debian bookworm/main amd64 libfribidi0 amd64 1.0.8-2.1 [65.0 kB]
2026-10-07T21:16:27.4135248Z #9 3.112 Get:96 http://deb.debian.org/debian bookworm/main amd64 libthai-data all 0.1.29-1 [176 kB]
2026-10-07T21:16:27.4136333Z #9 3.113 Get:97 http://deb.debian.org/debian bookworm/main amd64 libdatrie1 amd64 0.2.13-2+b1 [43.3 kB]
2026-10-07T21:16:27.4137096Z #9 3.113 Get:98 http://deb.debian.org/debian bookworm/main amd64 libthai0 amd64 0.1.29-1 [57.5 kB]
2026-10-07T21:16:27.4137886Z #9 3.114 Get:99 http://deb.debian.org/debian bookworm/main amd64 libpango-1.0-0 amd64 1.50.12+ds-1 [212 kB]
2026-10-07T21:16:27.4138662Z #9 3.115 Get:100 http://deb.debian.org/debian bookworm/main amd64 libasyncns0 amd64 0.8-6+b3 [12.9 kB]
2026-10-07T21:16:27.4139404Z #9 3.115 Get:101 http://deb.debian.org/debian bookworm/main amd64 libmp3lame0 amd64 3.100-6 [365 kB]
2026-10-07T21:16:27.4140168Z #9 3.117 Get:102 http://deb.debian.org/debian bookworm/main amd64 libmpg123-0 amd64 1.31.2-1+deb12u1 [147 kB]
2026-10-07T21:16:27.4140919Z #9 3.118 Get:103 http://deb.debian.org/debian bookworm/main amd64 libvorbis0a amd64 1.3.7-1 [93.0 kB]
2026-10-07T21:16:27.4141880Z #9 3.119 Get:104 http://deb.debian.org/debian bookworm/main amd64 libvorbisenc2 amd64 1.3.7-1 [80.6 kB]
2026-10-07T21:16:27.4142652Z #9 3.123 Get:105 http://deb.debian.org/debian bookworm/main amd64 libsndfile1 amd64 1.2.0-1+deb12u1 [197 kB]
2026-10-07T21:16:27.4143458Z #9 3.124 Get:106 http://deb.debian.org/debian bookworm/main amd64 libx11-xcb1 amd64 2:1.8.4-2+deb12u2 [192 kB]
2026-10-07T21:16:27.4144551Z #9 3.126 Get:107 http://deb.debian.org/debian bookworm/main amd64 libpulse0 amd64 16.1+dfsg1-2+b1 [274 kB]
2026-10-07T21:16:27.4145322Z #9 3.128 Get:108 http://deb.debian.org/debian bookworm/main amd64 libxcomposite1 amd64 1:0.4.5-1 [16.6 kB]
2026-10-07T21:16:27.4146082Z #9 3.128 Get:109 http://deb.debian.org/debian bookworm/main amd64 libxdamage1 amd64 1:1.1.6-1 [15.1 kB]
2026-10-07T21:16:27.4146938Z #9 3.130 Get:110 http://deb.debian.org/debian bookworm/main amd64 libxfixes3 amd64 1:6.0.0-2 [22.7 kB]
2026-10-07T21:16:27.4147657Z #9 3.132 Get:111 http://deb.debian.org/debian bookworm/main amd64 xkb-data all 2.35.1-1 [764 kB]
2026-10-07T21:16:27.4148377Z #9 3.135 Get:112 http://deb.debian.org/debian bookworm/main amd64 libxkbcommon0 amd64 1.5.0-1 [106 kB]
2026-10-07T21:16:27.4149165Z #9 3.136 Get:113 http://deb.debian.org/debian bookworm/main amd64 libxnvctrl0 amd64 525.85.05-3~deb12u1 [13.5 kB]
2026-10-07T21:16:27.4149948Z #9 3.137 Get:114 http://deb.debian.org/debian bookworm/main amd64 libxrandr2 amd64 2:1.5.2-2+b1 [39.2 kB]
2026-10-07T21:16:27.4150735Z #9 3.137 Get:115 http://deb.debian.org/debian bookworm/main amd64 libcairo-gobject2 amd64 1.16.0-7 [112 kB]
2026-10-07T21:16:27.4151496Z #9 3.138 Get:116 http://deb.debian.org/debian bookworm/main amd64 libcolord2 amd64 1.4.6-2.2 [137 kB]
2026-10-07T21:16:27.4152213Z #9 3.139 Get:117 http://deb.debian.org/debian bookworm/main amd64 libepoxy0 amd64 1.5.10-1 [189 kB]
2026-10-07T21:16:27.4152994Z #9 3.140 Get:118 http://deb.debian.org/debian bookworm/main amd64 libpangoft2-1.0-0 amd64 1.50.12+ds-1 [47.4 kB]
2026-10-07T21:16:27.4154062Z #9 3.140 Get:119 http://deb.debian.org/debian bookworm/main amd64 libpangocairo-1.0-0 amd64 1.50.12+ds-1 [34.2 kB]
2026-10-07T21:16:27.4154906Z #9 3.141 Get:120 http://deb.debian.org/debian bookworm/main amd64 libwayland-client0 amd64 1.21.0-1 [28.3 kB]
2026-10-07T21:16:27.4155695Z #9 3.141 Get:121 http://deb.debian.org/debian bookworm/main amd64 libwayland-cursor0 amd64 1.21.0-1 [14.4 kB]
2026-10-07T21:16:27.4156462Z #9 3.141 Get:122 http://deb.debian.org/debian bookworm/main amd64 libwayland-egl1 amd64 1.21.0-1 [8640 B]
2026-10-07T21:16:27.4157214Z #9 3.143 Get:123 http://deb.debian.org/debian bookworm/main amd64 libxcursor1 amd64 1:1.2.1-1 [40.9 kB]
2026-10-07T21:16:27.4158120Z #9 3.144 Get:124 http://deb.debian.org/debian bookworm/main amd64 libxinerama1 amd64 2:1.1.4-3 [17.8 kB]
2026-10-07T21:16:27.4158945Z #9 3.146 Get:125 http://deb.debian.org/debian bookworm/main amd64 dbus-user-session amd64 1.14.10-1~deb12u1 [78.1 kB]
2026-10-07T21:16:27.4159712Z #9 3.147 Get:126 http://deb.debian.org/debian bookworm/main amd64 libdconf1 amd64 0.40.0-4 [40.9 kB]
2026-10-07T21:16:27.4160454Z #9 3.148 Get:127 http://deb.debian.org/debian bookworm/main amd64 dconf-service amd64 0.40.0-4 [31.6 kB]
2026-10-07T21:16:27.4161380Z #9 3.149 Get:128 http://deb.debian.org/debian bookworm/main amd64 dconf-gsettings-backend amd64 0.40.0-4 [27.8 kB]
2026-10-07T21:16:27.4162208Z #9 3.150 Get:129 http://deb.debian.org/debian bookworm/main amd64 libgtk-3-common all 3.24.38-2~deb12u3 [3895 kB]
2026-10-07T21:16:27.4163008Z #9 3.170 Get:130 http://deb.debian.org/debian bookworm/main amd64 libgtk-3-0 amd64 3.24.38-2~deb12u3 [2847 kB]
2026-10-07T21:16:27.4163979Z #9 3.180 Get:131 http://deb.debian.org/debian bookworm/main amd64 libfontenc1 amd64 1:1.1.4-1 [24.3 kB]
2026-10-07T21:16:27.4164709Z #9 3.181 Get:132 http://deb.debian.org/debian bookworm/main amd64 libglvnd0 amd64 1.6.0-1 [51.8 kB]
2026-10-07T21:16:27.4165470Z #9 3.181 Get:133 http://deb.debian.org/debian bookworm/main amd64 libglapi-mesa amd64 22.3.6-1+deb12u2 [35.9 kB]
2026-10-07T21:16:27.4166401Z #9 3.182 Get:134 http://deb.debian.org/debian bookworm/main amd64 libxcb-dri2-0 amd64 1.15-1 [107 kB]
2026-10-07T21:16:27.4167118Z #9 3.182 Get:135 http://deb.debian.org/debian bookworm/main amd64 libxcb-dri3-0 amd64 1.15-1 [107 kB]
2026-10-07T21:16:27.4167823Z #9 3.183 Get:136 http://deb.debian.org/debian bookworm/main amd64 libxcb-glx0 amd64 1.15-1 [122 kB]
2026-10-07T21:16:27.4168553Z #9 3.184 Get:137 http://deb.debian.org/debian bookworm/main amd64 libxcb-present0 amd64 1.15-1 [105 kB]
2026-10-07T21:16:27.4169279Z #9 3.184 Get:138 http://deb.debian.org/debian bookworm/main amd64 libxcb-randr0 amd64 1.15-1 [117 kB]
2026-10-07T21:16:27.4169992Z #9 3.185 Get:139 http://deb.debian.org/debian bookworm/main amd64 libxcb-sync1 amd64 1.15-1 [109 kB]
2026-10-07T21:16:27.4170710Z #9 3.186 Get:140 http://deb.debian.org/debian bookworm/main amd64 libxcb-xfixes0 amd64 1.15-1 [109 kB]
2026-10-07T21:16:27.4171430Z #9 3.186 Get:141 http://deb.debian.org/debian bookworm/main amd64 libxshmfence1 amd64 1.3-1 [8820 B]
2026-10-07T21:16:27.4172172Z #9 3.187 Get:142 http://deb.debian.org/debian bookworm/main amd64 libxxf86vm1 amd64 1:1.1.4-1+b2 [20.8 kB]
2026-10-07T21:16:27.4172943Z #9 3.188 Get:143 http://deb.debian.org/debian bookworm/main amd64 libdrm-amdgpu1 amd64 2.4.114-1+b1 [20.9 kB]
2026-10-07T21:16:27.4173891Z #9 3.188 Get:144 http://deb.debian.org/debian bookworm/main amd64 libpciaccess0 amd64 0.17-2 [51.4 kB]
2026-10-07T21:16:27.4174711Z #9 3.189 Get:145 http://deb.debian.org/debian bookworm/main amd64 libdrm-intel1 amd64 2.4.114-1+b1 [64.0 kB]
2026-10-07T21:16:27.4175503Z #9 3.190 Get:146 http://deb.debian.org/debian bookworm/main amd64 libdrm-nouveau2 amd64 2.4.114-1+b1 [19.1 kB]
2026-10-07T21:16:27.4176292Z #9 3.190 Get:147 http://deb.debian.org/debian bookworm/main amd64 libdrm-radeon1 amd64 2.4.114-1+b1 [21.8 kB]
2026-10-07T21:16:27.4177021Z #9 3.191 Get:148 http://deb.debian.org/debian bookworm/main amd64 libelf1 amd64 0.188-2.1 [174 kB]
2026-10-07T21:16:27.4177749Z #9 3.192 Get:149 http://deb.debian.org/debian bookworm/main amd64 libedit2 amd64 3.1-20221030-2 [93.0 kB]
2026-10-07T21:16:27.4178475Z #9 3.193 Get:150 http://deb.debian.org/debian bookworm/main amd64 libz3-4 amd64 4.8.12-3.1 [7216 kB]
2026-10-07T21:16:27.4179217Z #9 3.225 Get:151 http://deb.debian.org/debian bookworm/main amd64 libllvm15 amd64 1:15.0.6-4+b1 [23.1 MB]
2026-10-07T21:16:27.5151004Z #9 3.327 Get:152 http://deb.debian.org/debian bookworm/main amd64 libsensors-config all 1:3.6.0-7.1 [14.3 kB]
2026-10-07T21:16:27.6507817Z #9 3.329 Get:153 http://deb.debian.org/debian bookworm/main amd64 libsensors5 amd64 1:3.6.0-7.1 [34.2 kB]
2026-10-07T21:16:27.6509121Z #9 3.329 Get:154 http://deb.debian.org/debian bookworm/main amd64 libgl1-mesa-dri amd64 22.3.6-1+deb12u2 [7240 kB]
2026-10-07T21:16:27.6510062Z #9 3.356 Get:155 http://deb.debian.org/debian bookworm/main amd64 libglx-mesa0 amd64 22.3.6-1+deb12u2 [148 kB]
2026-10-07T21:16:27.6511008Z #9 3.357 Get:156 http://deb.debian.org/debian bookworm/main amd64 libglx0 amd64 1.6.0-1 [34.4 kB]
2026-10-07T21:16:27.6511827Z #9 3.359 Get:157 http://deb.debian.org/debian bookworm/main amd64 libgl1 amd64 1.6.0-1 [88.4 kB]
2026-10-07T21:16:27.6512593Z #9 3.359 Get:158 http://deb.debian.org/debian bookworm/main amd64 x11-common all 1:7.7+23 [252 kB]
2026-10-07T21:16:27.6514083Z #9 3.360 Get:159 http://deb.debian.org/debian bookworm/main amd64 libice6 amd64 2:1.0.10-1 [58.5 kB]
2026-10-07T21:16:27.6515386Z #9 3.361 Get:160 http://deb.debian.org/debian bookworm/main amd64 libsm6 amd64 2:1.2.3-1 [35.1 kB]
2026-10-07T21:16:27.6516652Z #9 3.361 Get:161 http://deb.debian.org/debian bookworm/main amd64 libxt6 amd64 1:1.2.1-1.1 [186 kB]
2026-10-07T21:16:27.6517919Z #9 3.362 Get:162 http://deb.debian.org/debian bookworm/main amd64 libxmu6 amd64 2:1.1.3-3 [60.1 kB]
2026-10-07T21:16:27.6519499Z #9 3.363 Get:163 http://deb.debian.org/debian bookworm/main amd64 libxpm4 amd64 1:3.5.12-1.1+deb12u1 [48.6 kB]
2026-10-07T21:16:27.6520932Z #9 3.363 Get:164 http://deb.debian.org/debian bookworm/main amd64 libxaw7 amd64 2:1.0.14-1 [201 kB]
2026-10-07T21:16:27.6522705Z #9 3.365 Get:165 http://deb.debian.org/debian bookworm/main amd64 libxcb-shape0 amd64 1.15-1 [106 kB]
2026-10-07T21:16:27.6524250Z #9 3.366 Get:166 http://deb.debian.org/debian bookworm/main amd64 libxft2 amd64 2.3.6-1 [61.8 kB]
2026-10-07T21:16:27.6525645Z #9 3.366 Get:167 http://deb.debian.org/debian bookworm/main amd64 libxkbfile1 amd64 1:1.1.0-1 [75.2 kB]
2026-10-07T21:16:27.6527093Z #9 3.367 Get:168 http://deb.debian.org/debian bookworm/main amd64 libxmuu1 amd64 2:1.1.3-3 [23.9 kB]
2026-10-07T21:16:27.6527952Z #9 3.367 Get:169 http://deb.debian.org/debian bookworm/main amd64 libxtst6 amd64 2:1.2.3-1.1 [28.0 kB]
2026-10-07T21:16:27.6528692Z #9 3.368 Get:170 http://deb.debian.org/debian bookworm/main amd64 libxv1 amd64 2:1.0.11-1.1 [24.8 kB]
2026-10-07T21:16:27.6529432Z #9 3.368 Get:171 http://deb.debian.org/debian bookworm/main amd64 libxxf86dga1 amd64 2:1.1.5-1 [22.1 kB]
2026-10-07T21:16:27.6530167Z #9 3.370 Get:172 http://deb.debian.org/debian bookworm/main amd64 x11-utils amd64 7.7+5 [202 kB]
2026-10-07T21:16:27.6545057Z #9 3.370 Get:173 http://deb.debian.org/debian bookworm/main amd64 xdg-utils all 1.1.3-4.1 [75.5 kB]
2026-10-07T21:16:27.6546306Z #9 3.374 Get:174 http://deb.debian.org/debian-security bookworm-security/main amd64 chromium-common amd64 154.0.8037.92-1~deb12u1 [30.5 MB]
2026-10-07T21:16:27.6547554Z #9 3.464 Get:175 http://deb.debian.org/debian-security bookworm-security/main amd64 chromium amd64 154.0.8037.92-1~deb12u1 [80.3 MB]
2026-10-07T21:16:27.9571784Z #9 3.771 debconf: delaying package configuration, since apt-utils is not installed
2026-10-07T21:16:28.1202503Z #9 3.793 Fetched 206 MB in 1s (268 MB/s)
2026-10-07T21:16:28.1203684Z #9 3.807 Selecting previously unselected package libssl3:amd64.
2026-10-07T21:16:28.1204618Z #9 3.807 (Reading database ... 
2026-10-07T21:16:28.1205054Z (Reading database ... 5%
2026-10-07T21:16:28.1205448Z (Reading database ... 10%
2026-10-07T21:16:28.1205841Z (Reading database ... 15%
2026-10-07T21:16:28.1206237Z (Reading database ... 20%
2026-10-07T21:16:28.1206614Z (Reading database ... 25%
2026-10-07T21:16:28.1206982Z (Reading database ... 30%
2026-10-07T21:16:28.1207340Z (Reading database ... 35%
2026-10-07T21:16:28.1207705Z (Reading database ... 40%
2026-10-07T21:16:28.1208072Z (Reading database ... 45%
2026-10-07T21:16:28.1208437Z (Reading database ... 50%
2026-10-07T21:16:28.1208800Z (Reading database ... 55%
2026-10-07T21:16:28.1209158Z (Reading database ... 60%
2026-10-07T21:16:28.1209518Z (Reading database ... 65%
2026-10-07T21:16:28.1209874Z (Reading database ... 70%
2026-10-07T21:16:28.1210237Z (Reading database ... 75%
2026-10-07T21:16:28.1210911Z (Reading database ... 80%
2026-10-07T21:16:28.1211305Z (Reading database ... 85%
2026-10-07T21:16:28.1211672Z (Reading database ... 90%
2026-10-07T21:16:28.1212034Z (Reading database ... 95%
2026-10-07T21:16:28.1212398Z (Reading database ... 100%
2026-10-07T21:16:28.1213026Z (Reading database ... 6096 files and directories currently installed.)
2026-10-07T21:16:28.1214156Z #9 3.814 Preparing to unpack .../00-libssl3_3.0.22-1~deb12u1_amd64.deb ...
2026-10-07T21:16:28.1215047Z #9 3.815 Unpacking libssl3:amd64 (3.0.22-1~deb12u1) ...
2026-10-07T21:16:28.1216023Z #9 3.934 Selecting previously unselected package libargon2-1:amd64.
2026-10-07T21:16:28.2281906Z #9 3.936 Preparing to unpack .../01-libargon2-1_0~20171227-0.3+deb12u1_amd64.deb ...
2026-10-07T21:16:28.2282557Z #9 3.936 Unpacking libargon2-1:amd64 (0~20171227-0.3+deb12u1) ...
2026-10-07T21:16:28.2283059Z #9 3.950 Selecting previously unselected package dmsetup.
2026-10-07T21:16:28.2283556Z #9 3.951 Preparing to unpack .../02-dmsetup_2%3a1.02.185-2_amd64.deb ...
2026-10-07T21:16:28.2284341Z #9 3.952 Unpacking dmsetup (2:1.02.185-2) ...
2026-10-07T21:16:28.2284821Z #9 3.972 Selecting previously unselected package libdevmapper1.02.1:amd64.
2026-10-07T21:16:28.2285405Z #9 3.973 Preparing to unpack .../03-libdevmapper1.02.1_2%3a1.02.185-2_amd64.deb ...
2026-10-07T21:16:28.2285931Z #9 3.973 Unpacking libdevmapper1.02.1:amd64 (2:1.02.185-2) ...
2026-10-07T21:16:28.2286736Z #9 3.995 Selecting previously unselected package libjson-c5:amd64.
2026-10-07T21:16:28.2287237Z #9 3.996 Preparing to unpack .../04-libjson-c5_0.16-2_amd64.deb ...
2026-10-07T21:16:28.2287661Z #9 3.997 Unpacking libjson-c5:amd64 (0.16-2) ...
2026-10-07T21:16:28.2288118Z #9 4.013 Selecting previously unselected package libcryptsetup12:amd64.
2026-10-07T21:16:28.2288916Z #9 4.014 Preparing to unpack .../05-libcryptsetup12_2%3a2.6.1-4~deb12u2_amd64.deb ...
2026-10-07T21:16:28.2289907Z #9 4.015 Unpacking libcryptsetup12:amd64 (2:2.6.1-4~deb12u2) ...
2026-10-07T21:16:28.2290785Z #9 4.042 Selecting previously unselected package libfdisk1:amd64.
2026-10-07T21:16:28.4337432Z #9 4.043 Preparing to unpack .../06-libfdisk1_2.38.1-5+deb12u3_amd64.deb ...
2026-10-07T21:16:28.4338295Z #9 4.044 Unpacking libfdisk1:amd64 (2.38.1-5+deb12u3) ...
2026-10-07T21:16:28.4338791Z #9 4.070 Selecting previously unselected package libkmod2:amd64.
2026-10-07T21:16:28.4339354Z #9 4.071 Preparing to unpack .../07-libkmod2_30+20221128-1_amd64.deb ...
2026-10-07T21:16:28.4339831Z #9 4.072 Unpacking libkmod2:amd64 (30+20221128-1) ...
2026-10-07T21:16:28.4340306Z #9 4.091 Selecting previously unselected package libapparmor1:amd64.
2026-10-07T21:16:28.4340822Z #9 4.092 Preparing to unpack .../08-libapparmor1_3.0.8-3_amd64.deb ...
2026-10-07T21:16:28.4341263Z #9 4.093 Unpacking libapparmor1:amd64 (3.0.8-3) ...
2026-10-07T21:16:28.4341705Z #9 4.109 Selecting previously unselected package libip4tc2:amd64.
2026-10-07T21:16:28.4342192Z #9 4.110 Preparing to unpack .../09-libip4tc2_1.8.9-2_amd64.deb ...
2026-10-07T21:16:28.4342622Z #9 4.111 Unpacking libip4tc2:amd64 (1.8.9-2) ...
2026-10-07T21:16:28.4343093Z #9 4.125 Selecting previously unselected package libsystemd-shared:amd64.
2026-10-07T21:16:28.4343688Z #9 4.126 Preparing to unpack .../10-libsystemd-shared_252.39-1~deb12u2_amd64.deb ...
2026-10-07T21:16:28.4344652Z #9 4.127 Unpacking libsystemd-shared:amd64 (252.39-1~deb12u2) ...
2026-10-07T21:16:28.4345105Z #9 4.247 Setting up libssl3:amd64 (3.0.22-1~deb12u1) ...
2026-10-07T21:16:28.6228207Z #9 4.265 Selecting previously unselected package systemd.
2026-10-07T21:16:28.6229050Z #9 4.265 (Reading database ... 
2026-10-07T21:16:28.6229609Z (Reading database ... 5%
2026-10-07T21:16:28.6230113Z (Reading database ... 10%
2026-10-07T21:16:28.6230621Z (Reading database ... 15%
2026-10-07T21:16:28.6231123Z (Reading database ... 20%
2026-10-07T21:16:28.6231610Z (Reading database ... 25%
2026-10-07T21:16:28.6232005Z (Reading database ... 30%
2026-10-07T21:16:28.6232325Z (Reading database ... 35%
2026-10-07T21:16:28.6232633Z (Reading database ... 40%
2026-10-07T21:16:28.6233269Z (Reading database ... 45%
2026-10-07T21:16:28.6233595Z (Reading database ... 50%
2026-10-07T21:16:28.6234236Z (Reading database ... 55%
2026-10-07T21:16:28.6234552Z (Reading database ... 60%
2026-10-07T21:16:28.6234872Z (Reading database ... 65%
2026-10-07T21:16:28.6235179Z (Reading database ... 70%
2026-10-07T21:16:28.6235499Z (Reading database ... 75%
2026-10-07T21:16:28.6235811Z (Reading database ... 80%
2026-10-07T21:16:28.6236111Z (Reading database ... 85%
2026-10-07T21:16:28.6236378Z (Reading database ... 90%
2026-10-07T21:16:28.6236642Z (Reading database ... 95%
2026-10-07T21:16:28.6236916Z (Reading database ... 100%
2026-10-07T21:16:28.6237371Z (Reading database ... 6182 files and directories currently installed.)
2026-10-07T21:16:28.6237988Z #9 4.271 Preparing to unpack .../systemd_252.39-1~deb12u2_amd64.deb ...
2026-10-07T21:16:28.6238502Z #9 4.286 Unpacking systemd (252.39-1~deb12u2) ...
2026-10-07T21:16:28.7005051Z #9 4.514 Setting up libargon2-1:amd64 (0~20171227-0.3+deb12u1) ...
2026-10-07T21:16:28.8016019Z #9 4.516 Setting up libjson-c5:amd64 (0.16-2) ...
2026-10-07T21:16:28.8017076Z #9 4.518 Setting up libfdisk1:amd64 (2.38.1-5+deb12u3) ...
2026-10-07T21:16:28.8018359Z #9 4.520 Setting up libkmod2:amd64 (30+20221128-1) ...
2026-10-07T21:16:28.8018838Z #9 4.522 Setting up libapparmor1:amd64 (3.0.8-3) ...
2026-10-07T21:16:28.8019813Z #9 4.524 Setting up libip4tc2:amd64 (1.8.9-2) ...
2026-10-07T21:16:28.8020331Z #9 4.526 Setting up libsystemd-shared:amd64 (252.39-1~deb12u2) ...
2026-10-07T21:16:28.8021133Z #9 4.528 Setting up libdevmapper1.02.1:amd64 (2:1.02.185-2) ...
2026-10-07T21:16:28.8021648Z #9 4.534 Setting up libcryptsetup12:amd64 (2:2.6.1-4~deb12u2) ...
2026-10-07T21:16:28.8022256Z #9 4.536 Setting up systemd (252.39-1~deb12u2) ...
2026-10-07T21:16:28.8023686Z #9 4.549 Created symlink /etc/systemd/system/getty.target.wants/getty@tty1.service → /lib/systemd/system/getty@.service.
2026-10-07T21:16:28.8024954Z 
2026-10-07T21:16:28.8026179Z #9 4.553 Created symlink /etc/systemd/system/multi-user.target.wants/remote-fs.target → /lib/systemd/system/remote-fs.target.
2026-10-07T21:16:28.8027003Z 
2026-10-07T21:16:28.8028103Z #9 4.559 Created symlink /etc/systemd/system/sysinit.target.wants/systemd-pstore.service → /lib/systemd/system/systemd-pstore.service.
2026-10-07T21:16:28.8028685Z 
2026-10-07T21:16:28.8028927Z #9 4.563 Initializing machine ID from random generator.
2026-10-07T21:16:28.8029172Z 
2026-10-07T21:16:28.8029376Z #9 4.585 Creating group 'systemd-journal' with GID 999.
2026-10-07T21:16:28.8029597Z 
2026-10-07T21:16:28.8029783Z #9 4.585 Creating group 'systemd-network' with GID 998.
2026-10-07T21:16:28.8029990Z 
2026-10-07T21:16:28.8030357Z #9 4.585 Creating user 'systemd-network' (systemd Network Management) with UID 998 and GID 998.
2026-10-07T21:16:28.8030714Z 
2026-10-07T21:16:28.8030892Z #9 4.615 Setting up dmsetup (2:1.02.185-2) ...
2026-10-07T21:16:28.9022844Z #9 4.645 Selecting previously unselected package systemd-sysv.
2026-10-07T21:16:28.9024349Z #9 4.645 (Reading database ... 
2026-10-07T21:16:28.9025063Z (Reading database ... 5%
2026-10-07T21:16:28.9025567Z (Reading database ... 10%
2026-10-07T21:16:28.9026009Z (Reading database ... 15%
2026-10-07T21:16:28.9026451Z (Reading database ... 20%
2026-10-07T21:16:28.9026757Z (Reading database ... 25%
2026-10-07T21:16:28.9027007Z (Reading database ... 30%
2026-10-07T21:16:28.9027267Z (Reading database ... 35%
2026-10-07T21:16:28.9027501Z (Reading database ... 40%
2026-10-07T21:16:28.9027738Z (Reading database ... 45%
2026-10-07T21:16:28.9027976Z (Reading database ... 50%
2026-10-07T21:16:28.9028221Z (Reading database ... 55%
2026-10-07T21:16:28.9028453Z (Reading database ... 60%
2026-10-07T21:16:28.9028683Z (Reading database ... 65%
2026-10-07T21:16:28.9028913Z (Reading database ... 70%
2026-10-07T21:16:28.9029139Z (Reading database ... 75%
2026-10-07T21:16:28.9029368Z (Reading database ... 80%
2026-10-07T21:16:28.9029603Z (Reading database ... 85%
2026-10-07T21:16:28.9029835Z (Reading database ... 90%
2026-10-07T21:16:28.9030432Z (Reading database ... 95%
2026-10-07T21:16:28.9030696Z (Reading database ... 100%
2026-10-07T21:16:28.9031118Z (Reading database ... 7031 files and directories currently installed.)
2026-10-07T21:16:28.9031709Z #9 4.651 Preparing to unpack .../000-systemd-sysv_252.39-1~deb12u2_amd64.deb ...
2026-10-07T21:16:28.9032208Z #9 4.652 Unpacking systemd-sysv (252.39-1~deb12u2) ...
2026-10-07T21:16:28.9032664Z #9 4.668 Selecting previously unselected package libdbus-1-3:amd64.
2026-10-07T21:16:28.9033229Z #9 4.669 Preparing to unpack .../001-libdbus-1-3_1.14.10-1~deb12u1_amd64.deb ...
2026-10-07T21:16:28.9033985Z #9 4.670 Unpacking libdbus-1-3:amd64 (1.14.10-1~deb12u1) ...
2026-10-07T21:16:28.9034472Z #9 4.694 Selecting previously unselected package dbus-bin.
2026-10-07T21:16:28.9034987Z #9 4.695 Preparing to unpack .../002-dbus-bin_1.14.10-1~deb12u1_amd64.deb ...
2026-10-07T21:16:28.9035444Z #9 4.696 Unpacking dbus-bin (1.14.10-1~deb12u1) ...
2026-10-07T21:16:28.9035937Z #9 4.714 Selecting previously unselected package dbus-session-bus-common.
2026-10-07T21:16:28.9036566Z #9 4.715 Preparing to unpack .../003-dbus-session-bus-common_1.14.10-1~deb12u1_all.deb ...
2026-10-07T21:16:28.9037155Z #9 4.716 Unpacking dbus-session-bus-common (1.14.10-1~deb12u1) ...
2026-10-07T21:16:29.0117762Z #9 4.733 Selecting previously unselected package libexpat1:amd64.
2026-10-07T21:16:29.0119052Z #9 4.734 Preparing to unpack .../004-libexpat1_2.5.0-1+deb12u4_amd64.deb ...
2026-10-07T21:16:29.0119825Z #9 4.735 Unpacking libexpat1:amd64 (2.5.0-1+deb12u4) ...
2026-10-07T21:16:29.0120516Z #9 4.757 Selecting previously unselected package dbus-daemon.
2026-10-07T21:16:29.0121330Z #9 4.758 Preparing to unpack .../005-dbus-daemon_1.14.10-1~deb12u1_amd64.deb ...
2026-10-07T21:16:29.0122082Z #9 4.759 Unpacking dbus-daemon (1.14.10-1~deb12u1) ...
2026-10-07T21:16:29.0122829Z #9 4.782 Selecting previously unselected package dbus-system-bus-common.
2026-10-07T21:16:29.0123991Z #9 4.783 Preparing to unpack .../006-dbus-system-bus-common_1.14.10-1~deb12u1_all.deb ...
2026-10-07T21:16:29.0124867Z #9 4.784 Unpacking dbus-system-bus-common (1.14.10-1~deb12u1) ...
2026-10-07T21:16:29.0125550Z #9 4.802 Selecting previously unselected package dbus.
2026-10-07T21:16:29.0126275Z #9 4.804 Preparing to unpack .../007-dbus_1.14.10-1~deb12u1_amd64.deb ...
2026-10-07T21:16:29.0126950Z #9 4.806 Unpacking dbus (1.14.10-1~deb12u1) ...
2026-10-07T21:16:29.0127635Z #9 4.825 Selecting previously unselected package libncursesw6:amd64.
2026-10-07T21:16:29.1304265Z #9 4.827 Preparing to unpack .../008-libncursesw6_6.4-4_amd64.deb ...
2026-10-07T21:16:29.1305117Z #9 4.828 Unpacking libncursesw6:amd64 (6.4-4) ...
2026-10-07T21:16:29.1305882Z #9 4.850 Selecting previously unselected package libproc2-0:amd64.
2026-10-07T21:16:29.1306728Z #9 4.851 Preparing to unpack .../009-libproc2-0_2%3a4.0.2-3_amd64.deb ...
2026-10-07T21:16:29.1307435Z #9 4.852 Unpacking libproc2-0:amd64 (2:4.0.2-3) ...
2026-10-07T21:16:29.1308093Z #9 4.874 Selecting previously unselected package procps.
2026-10-07T21:16:29.1308819Z #9 4.875 Preparing to unpack .../010-procps_2%3a4.0.2-3_amd64.deb ...
2026-10-07T21:16:29.1309457Z #9 4.884 Unpacking procps (2:4.0.2-3) ...
2026-10-07T21:16:29.1310138Z #9 4.944 Selecting previously unselected package libpam-systemd:amd64.
2026-10-07T21:16:29.2341507Z #9 4.946 Preparing to unpack .../011-libpam-systemd_252.39-1~deb12u2_amd64.deb ...
2026-10-07T21:16:29.2342360Z #9 4.946 Unpacking libpam-systemd:amd64 (252.39-1~deb12u2) ...
2026-10-07T21:16:29.2343230Z #9 4.974 Selecting previously unselected package hicolor-icon-theme.
2026-10-07T21:16:29.2344484Z #9 4.975 Preparing to unpack .../012-hicolor-icon-theme_0.17-2_all.deb ...
2026-10-07T21:16:29.2345351Z #9 4.976 Unpacking hicolor-icon-theme (0.17-2) ...
2026-10-07T21:16:29.2346217Z #9 5.048 Selecting previously unselected package libgdk-pixbuf2.0-common.
2026-10-07T21:16:29.3709937Z #9 5.049 Preparing to unpack .../013-libgdk-pixbuf2.0-common_2.42.10+dfsg-1+deb12u4_all.deb ...
2026-10-07T21:16:29.3711056Z #9 5.050 Unpacking libgdk-pixbuf2.0-common (2.42.10+dfsg-1+deb12u4) ...
2026-10-07T21:16:29.3711641Z #9 5.088 Selecting previously unselected package libglib2.0-0:amd64.
2026-10-07T21:16:29.3712212Z #9 5.089 Preparing to unpack .../014-libglib2.0-0_2.74.6-2+deb12u9_amd64.deb ...
2026-10-07T21:16:29.3712719Z #9 5.090 Unpacking libglib2.0-0:amd64 (2.74.6-2+deb12u9) ...
2026-10-07T21:16:29.3713207Z #9 5.185 Selecting previously unselected package libicu72:amd64.
2026-10-07T21:16:29.5232508Z #9 5.186 Preparing to unpack .../015-libicu72_72.1-3+deb12u1_amd64.deb ...
2026-10-07T21:16:29.5233663Z #9 5.187 Unpacking libicu72:amd64 (72.1-3+deb12u1) ...
2026-10-07T21:16:29.8328237Z #9 5.646 Selecting previously unselected package libxml2:amd64.
2026-10-07T21:16:29.9582153Z #9 5.648 Preparing to unpack .../016-libxml2_2.9.14+dfsg-1.3~deb12u6_amd64.deb ...
2026-10-07T21:16:29.9583365Z #9 5.649 Unpacking libxml2:amd64 (2.9.14+dfsg-1.3~deb12u6) ...
2026-10-07T21:16:29.9584579Z #9 5.702 Selecting previously unselected package shared-mime-info.
2026-10-07T21:16:29.9585575Z #9 5.703 Preparing to unpack .../017-shared-mime-info_2.2-1_amd64.deb ...
2026-10-07T21:16:29.9586401Z #9 5.704 Unpacking shared-mime-info (2.2-1) ...
2026-10-07T21:16:29.9587249Z #9 5.772 Selecting previously unselected package libjpeg62-turbo:amd64.
2026-10-07T21:16:30.0795577Z #9 5.773 Preparing to unpack .../018-libjpeg62-turbo_1%3a2.1.5-2_amd64.deb ...
2026-10-07T21:16:30.0796889Z #9 5.774 Unpacking libjpeg62-turbo:amd64 (1:2.1.5-2) ...
2026-10-07T21:16:30.0797713Z #9 5.798 Selecting previously unselected package libpng16-16:amd64.
2026-10-07T21:16:30.0798624Z #9 5.799 Preparing to unpack .../019-libpng16-16_1.6.39-2+deb12u6_amd64.deb ...
2026-10-07T21:16:30.0799443Z #9 5.800 Unpacking libpng16-16:amd64 (1.6.39-2+deb12u6) ...
2026-10-07T21:16:30.0800229Z #9 5.826 Selecting previously unselected package libdeflate0:amd64.
2026-10-07T21:16:30.0801081Z #9 5.828 Preparing to unpack .../020-libdeflate0_1.14-1_amd64.deb ...
2026-10-07T21:16:30.0801811Z #9 5.829 Unpacking libdeflate0:amd64 (1.14-1) ...
2026-10-07T21:16:30.0802528Z #9 5.846 Selecting previously unselected package libjbig0:amd64.
2026-10-07T21:16:30.0803325Z #9 5.848 Preparing to unpack .../021-libjbig0_2.1-6.1_amd64.deb ...
2026-10-07T21:16:30.0804210Z #9 5.848 Unpacking libjbig0:amd64 (2.1-6.1) ...
2026-10-07T21:16:30.0804870Z #9 5.866 Selecting previously unselected package liblerc4:amd64.
2026-10-07T21:16:30.0805627Z #9 5.868 Preparing to unpack .../022-liblerc4_4.0.0+ds-2_amd64.deb ...
2026-10-07T21:16:30.0806289Z #9 5.869 Unpacking liblerc4:amd64 (4.0.0+ds-2) ...
2026-10-07T21:16:30.0806964Z #9 5.893 Selecting previously unselected package libwebp7:amd64.
2026-10-07T21:16:30.1905832Z #9 5.895 Preparing to unpack .../023-libwebp7_1.2.4-0.2+deb12u1_amd64.deb ...
2026-10-07T21:16:30.1906749Z #9 5.896 Unpacking libwebp7:amd64 (1.2.4-0.2+deb12u1) ...
2026-10-07T21:16:30.1907503Z #9 5.926 Selecting previously unselected package libtiff6:amd64.
2026-10-07T21:16:30.1908372Z #9 5.928 Preparing to unpack .../024-libtiff6_4.5.0-6+deb12u4_amd64.deb ...
2026-10-07T21:16:30.1909107Z #9 5.928 Unpacking libtiff6:amd64 (4.5.0-6+deb12u4) ...
2026-10-07T21:16:30.1909863Z #9 5.955 Selecting previously unselected package libgdk-pixbuf-2.0-0:amd64.
2026-10-07T21:16:30.1910834Z #9 5.956 Preparing to unpack .../025-libgdk-pixbuf-2.0-0_2.42.10+dfsg-1+deb12u4_amd64.deb ...
2026-10-07T21:16:30.1911795Z #9 5.957 Unpacking libgdk-pixbuf-2.0-0:amd64 (2.42.10+dfsg-1+deb12u4) ...
2026-10-07T21:16:30.1912648Z #9 5.979 Selecting previously unselected package gtk-update-icon-cache.
2026-10-07T21:16:30.1913604Z #9 5.980 Preparing to unpack .../026-gtk-update-icon-cache_3.24.38-2~deb12u3_amd64.deb ...
2026-10-07T21:16:30.1914818Z #9 5.981 Unpacking gtk-update-icon-cache (3.24.38-2~deb12u3) ...
2026-10-07T21:16:30.1915589Z #9 6.004 Selecting previously unselected package adwaita-icon-theme.
2026-10-07T21:16:30.3437577Z #9 6.006 Preparing to unpack .../027-adwaita-icon-theme_43-1_all.deb ...
2026-10-07T21:16:30.3439238Z #9 6.007 Unpacking adwaita-icon-theme (43-1) ...
2026-10-07T21:16:31.2823454Z #9 7.096 Selecting previously unselected package at-spi2-common.
2026-10-07T21:16:31.4152256Z #9 7.100 Preparing to unpack .../028-at-spi2-common_2.46.0-5_all.deb ...
2026-10-07T21:16:31.4153104Z #9 7.101 Unpacking at-spi2-common (2.46.0-5) ...
2026-10-07T21:16:31.4154055Z #9 7.132 Selecting previously unselected package bubblewrap.
2026-10-07T21:16:31.4154953Z #9 7.135 Preparing to unpack .../029-bubblewrap_0.8.0-2+deb12u1_amd64.deb ...
2026-10-07T21:16:31.4155743Z #9 7.135 Unpacking bubblewrap (0.8.0-2+deb12u1) ...
2026-10-07T21:16:31.4156495Z #9 7.153 Selecting previously unselected package libasound2-data.
2026-10-07T21:16:31.4157364Z #9 7.155 Preparing to unpack .../030-libasound2-data_1.2.8-1_all.deb ...
2026-10-07T21:16:31.4158086Z #9 7.156 Unpacking libasound2-data (1.2.8-1) ...
2026-10-07T21:16:31.4158809Z #9 7.189 Selecting previously unselected package libasound2:amd64.
2026-10-07T21:16:31.4159629Z #9 7.191 Preparing to unpack .../031-libasound2_1.2.8-1+b1_amd64.deb ...
2026-10-07T21:16:31.4160327Z #9 7.192 Unpacking libasound2:amd64 (1.2.8-1+b1) ...
2026-10-07T21:16:31.4161012Z #9 7.229 Selecting previously unselected package libatk1.0-0:amd64.
2026-10-07T21:16:31.5206297Z #9 7.231 Preparing to unpack .../032-libatk1.0-0_2.46.0-5_amd64.deb ...
2026-10-07T21:16:31.5207507Z #9 7.232 Unpacking libatk1.0-0:amd64 (2.46.0-5) ...
2026-10-07T21:16:31.5208270Z #9 7.249 Selecting previously unselected package libxau6:amd64.
2026-10-07T21:16:31.5209110Z #9 7.252 Preparing to unpack .../033-libxau6_1%3a1.0.9-1_amd64.deb ...
2026-10-07T21:16:31.5209840Z #9 7.253 Unpacking libxau6:amd64 (1:1.0.9-1) ...
2026-10-07T21:16:31.5210553Z #9 7.268 Selecting previously unselected package libbsd0:amd64.
2026-10-07T21:16:31.5211359Z #9 7.270 Preparing to unpack .../034-libbsd0_0.11.7-2_amd64.deb ...
2026-10-07T21:16:31.5212036Z #9 7.271 Unpacking libbsd0:amd64 (0.11.7-2) ...
2026-10-07T21:16:31.5212751Z #9 7.291 Selecting previously unselected package libxdmcp6:amd64.
2026-10-07T21:16:31.5213591Z #9 7.293 Preparing to unpack .../035-libxdmcp6_1%3a1.1.2-3_amd64.deb ...
2026-10-07T21:16:31.5214567Z #9 7.297 Unpacking libxdmcp6:amd64 (1:1.1.2-3) ...
2026-10-07T21:16:31.5215240Z #9 7.313 Selecting previously unselected package libxcb1:amd64.
2026-10-07T21:16:31.5215964Z #9 7.315 Preparing to unpack .../036-libxcb1_1.15-1_amd64.deb ...
2026-10-07T21:16:31.5216591Z #9 7.316 Unpacking libxcb1:amd64 (1.15-1) ...
2026-10-07T21:16:31.5217205Z #9 7.334 Selecting previously unselected package libx11-data.
2026-10-07T21:16:31.6463205Z #9 7.337 Preparing to unpack .../037-libx11-data_2%3a1.8.4-2+deb12u2_all.deb ...
2026-10-07T21:16:31.6465400Z #9 7.338 Unpacking libx11-data (2:1.8.4-2+deb12u2) ...
2026-10-07T21:16:31.6466461Z #9 7.399 Selecting previously unselected package libx11-6:amd64.
2026-10-07T21:16:31.6467441Z #9 7.402 Preparing to unpack .../038-libx11-6_2%3a1.8.4-2+deb12u2_amd64.deb ...
2026-10-07T21:16:31.6468004Z #9 7.406 Unpacking libx11-6:amd64 (2:1.8.4-2+deb12u2) ...
2026-10-07T21:16:31.6529129Z #9 7.460 Selecting previously unselected package libxext6:amd64.
2026-10-07T21:16:31.7734421Z #9 7.462 Preparing to unpack .../039-libxext6_2%3a1.3.4-1+b1_amd64.deb ...
2026-10-07T21:16:31.7735515Z #9 7.463 Unpacking libxext6:amd64 (2:1.3.4-1+b1) ...
2026-10-07T21:16:31.7736660Z #9 7.482 Selecting previously unselected package libxi6:amd64.
2026-10-07T21:16:31.7737604Z #9 7.485 Preparing to unpack .../040-libxi6_2%3a1.8-1+b1_amd64.deb ...
2026-10-07T21:16:31.7738131Z #9 7.486 Unpacking libxi6:amd64 (2:1.8-1+b1) ...
2026-10-07T21:16:31.7738643Z #9 7.505 Selecting previously unselected package libatspi2.0-0:amd64.
2026-10-07T21:16:31.7739211Z #9 7.507 Preparing to unpack .../041-libatspi2.0-0_2.46.0-5_amd64.deb ...
2026-10-07T21:16:31.7739702Z #9 7.508 Unpacking libatspi2.0-0:amd64 (2.46.0-5) ...
2026-10-07T21:16:31.7740227Z #9 7.528 Selecting previously unselected package libatk-bridge2.0-0:amd64.
2026-10-07T21:16:31.7741124Z #9 7.530 Preparing to unpack .../042-libatk-bridge2.0-0_2.46.0-5_amd64.deb ...
2026-10-07T21:16:31.7741693Z #9 7.531 Unpacking libatk-bridge2.0-0:amd64 (2.46.0-5) ...
2026-10-07T21:16:31.7742201Z #9 7.551 Selecting previously unselected package libbrotli1:amd64.
2026-10-07T21:16:31.7742748Z #9 7.553 Preparing to unpack .../043-libbrotli1_1.0.9-2+b6_amd64.deb ...
2026-10-07T21:16:31.7743239Z #9 7.554 Unpacking libbrotli1:amd64 (1.0.9-2+b6) ...
2026-10-07T21:16:31.7744016Z #9 7.587 Selecting previously unselected package libfreetype6:amd64.
2026-10-07T21:16:31.9066243Z #9 7.589 Preparing to unpack .../044-libfreetype6_2.12.1+dfsg-5+deb12u4_amd64.deb ...
2026-10-07T21:16:31.9067053Z #9 7.590 Unpacking libfreetype6:amd64 (2.12.1+dfsg-5+deb12u4) ...
2026-10-07T21:16:31.9067629Z #9 7.631 Selecting previously unselected package fonts-dejavu-core.
2026-10-07T21:16:31.9068205Z #9 7.634 Preparing to unpack .../045-fonts-dejavu-core_2.37-6_all.deb ...
2026-10-07T21:16:31.9068690Z #9 7.635 Unpacking fonts-dejavu-core (2.37-6) ...
2026-10-07T21:16:31.9069204Z #9 7.720 Selecting previously unselected package fontconfig-config.
2026-10-07T21:16:32.0094993Z #9 7.723 Preparing to unpack .../046-fontconfig-config_2.14.1-4_amd64.deb ...
2026-10-07T21:16:32.0095882Z #9 7.823 Unpacking fontconfig-config (2.14.1-4) ...
2026-10-07T21:16:32.1266130Z #9 7.854 Selecting previously unselected package libfontconfig1:amd64.
2026-10-07T21:16:32.1267818Z #9 7.857 Preparing to unpack .../047-libfontconfig1_2.14.1-4_amd64.deb ...
2026-10-07T21:16:32.1269284Z #9 7.857 Unpacking libfontconfig1:amd64 (2.14.1-4) ...
2026-10-07T21:16:32.1270232Z #9 7.881 Selecting previously unselected package libpixman-1-0:amd64.
2026-10-07T21:16:32.1270845Z #9 7.883 Preparing to unpack .../048-libpixman-1-0_0.42.2-1_amd64.deb ...
2026-10-07T21:16:32.1271357Z #9 7.884 Unpacking libpixman-1-0:amd64 (0.42.2-1) ...
2026-10-07T21:16:32.1271871Z #9 7.916 Selecting previously unselected package libxcb-render0:amd64.
2026-10-07T21:16:32.1272443Z #9 7.919 Preparing to unpack .../049-libxcb-render0_1.15-1_amd64.deb ...
2026-10-07T21:16:32.1272943Z #9 7.920 Unpacking libxcb-render0:amd64 (1.15-1) ...
2026-10-07T21:16:32.1273422Z #9 7.940 Selecting previously unselected package libxcb-shm0:amd64.
2026-10-07T21:16:32.2453819Z #9 7.943 Preparing to unpack .../050-libxcb-shm0_1.15-1_amd64.deb ...
2026-10-07T21:16:32.2455268Z #9 7.943 Unpacking libxcb-shm0:amd64 (1.15-1) ...
2026-10-07T21:16:32.2456253Z #9 7.963 Selecting previously unselected package libxrender1:amd64.
2026-10-07T21:16:32.2457243Z #9 7.965 Preparing to unpack .../051-libxrender1_1%3a0.9.10-1.1_amd64.deb ...
2026-10-07T21:16:32.2458074Z #9 7.966 Unpacking libxrender1:amd64 (1:0.9.10-1.1) ...
2026-10-07T21:16:32.2458838Z #9 7.982 Selecting previously unselected package libcairo2:amd64.
2026-10-07T21:16:32.2459685Z #9 7.984 Preparing to unpack .../052-libcairo2_1.16.0-7_amd64.deb ...
2026-10-07T21:16:32.2460397Z #9 7.985 Unpacking libcairo2:amd64 (1.16.0-7) ...
2026-10-07T21:16:32.2461201Z #9 8.032 Selecting previously unselected package libavahi-common-data:amd64.
2026-10-07T21:16:32.2462222Z #9 8.034 Preparing to unpack .../053-libavahi-common-data_0.8-10+deb12u1_amd64.deb ...
2026-10-07T21:16:32.2463110Z #9 8.035 Unpacking libavahi-common-data:amd64 (0.8-10+deb12u1) ...
2026-10-07T21:16:32.2464250Z #9 8.059 Selecting previously unselected package libavahi-common3:amd64.
2026-10-07T21:16:32.3506608Z #9 8.062 Preparing to unpack .../054-libavahi-common3_0.8-10+deb12u1_amd64.deb ...
2026-10-07T21:16:32.3507604Z #9 8.064 Unpacking libavahi-common3:amd64 (0.8-10+deb12u1) ...
2026-10-07T21:16:32.3508491Z #9 8.081 Selecting previously unselected package libavahi-client3:amd64.
2026-10-07T21:16:32.3509484Z #9 8.083 Preparing to unpack .../055-libavahi-client3_0.8-10+deb12u1_amd64.deb ...
2026-10-07T21:16:32.3510364Z #9 8.084 Unpacking libavahi-client3:amd64 (0.8-10+deb12u1) ...
2026-10-07T21:16:32.3511211Z #9 8.102 Selecting previously unselected package libkrb5support0:amd64.
2026-10-07T21:16:32.3512186Z #9 8.104 Preparing to unpack .../056-libkrb5support0_1.20.1-2+deb12u5_amd64.deb ...
2026-10-07T21:16:32.3513450Z #9 8.105 Unpacking libkrb5support0:amd64 (1.20.1-2+deb12u5) ...
2026-10-07T21:16:32.3514551Z #9 8.122 Selecting previously unselected package libk5crypto3:amd64.
2026-10-07T21:16:32.3515452Z #9 8.124 Preparing to unpack .../057-libk5crypto3_1.20.1-2+deb12u5_amd64.deb ...
2026-10-07T21:16:32.3516268Z #9 8.125 Unpacking libk5crypto3:amd64 (1.20.1-2+deb12u5) ...
2026-10-07T21:16:32.3517014Z #9 8.145 Selecting previously unselected package libkeyutils1:amd64.
2026-10-07T21:16:32.3517822Z #9 8.148 Preparing to unpack .../058-libkeyutils1_1.6.3-2_amd64.deb ...
2026-10-07T21:16:32.3518487Z #9 8.149 Unpacking libkeyutils1:amd64 (1.6.3-2) ...
2026-10-07T21:16:32.3519144Z #9 8.164 Selecting previously unselected package libkrb5-3:amd64.
2026-10-07T21:16:32.4527702Z #9 8.167 Preparing to unpack .../059-libkrb5-3_1.20.1-2+deb12u5_amd64.deb ...
2026-10-07T21:16:32.4529259Z #9 8.168 Unpacking libkrb5-3:amd64 (1.20.1-2+deb12u5) ...
2026-10-07T21:16:32.4529998Z #9 8.205 Selecting previously unselected package libgssapi-krb5-2:amd64.
2026-10-07T21:16:32.4530801Z #9 8.207 Preparing to unpack .../060-libgssapi-krb5-2_1.20.1-2+deb12u5_amd64.deb ...
2026-10-07T21:16:32.4531521Z #9 8.208 Unpacking libgssapi-krb5-2:amd64 (1.20.1-2+deb12u5) ...
2026-10-07T21:16:32.4532162Z #9 8.232 Selecting previously unselected package libcups2:amd64.
2026-10-07T21:16:32.4533140Z #9 8.234 Preparing to unpack .../061-libcups2_2.4.2-3+deb12u9_amd64.deb ...
2026-10-07T21:16:32.4534232Z #9 8.235 Unpacking libcups2:amd64 (2.4.2-3+deb12u9) ...
2026-10-07T21:16:32.4534857Z #9 8.266 Selecting previously unselected package libdav1d6:amd64.
2026-10-07T21:16:32.5794908Z #9 8.269 Preparing to unpack .../062-libdav1d6_1.0.0-2+deb12u1_amd64.deb ...
2026-10-07T21:16:32.5795889Z #9 8.270 Unpacking libdav1d6:amd64 (1.0.0-2+deb12u1) ...
2026-10-07T21:16:32.5796478Z #9 8.319 Selecting previously unselected package libdouble-conversion3:amd64.
2026-10-07T21:16:32.5797181Z #9 8.322 Preparing to unpack .../063-libdouble-conversion3_3.2.1-1_amd64.deb ...
2026-10-07T21:16:32.5797749Z #9 8.322 Unpacking libdouble-conversion3:amd64 (3.2.1-1) ...
2026-10-07T21:16:32.5798250Z #9 8.340 Selecting previously unselected package libogg0:amd64.
2026-10-07T21:16:32.5798781Z #9 8.342 Preparing to unpack .../064-libogg0_1.3.5-3_amd64.deb ...
2026-10-07T21:16:32.5799251Z #9 8.343 Unpacking libogg0:amd64 (1.3.5-3) ...
2026-10-07T21:16:32.5799771Z #9 8.359 Selecting previously unselected package libflac12:amd64.
2026-10-07T21:16:32.5800379Z #9 8.361 Preparing to unpack .../065-libflac12_1.4.2+ds-2_amd64.deb ...
2026-10-07T21:16:32.5800902Z #9 8.362 Unpacking libflac12:amd64 (1.4.2+ds-2) ...
2026-10-07T21:16:32.5801412Z #9 8.393 Selecting previously unselected package libdrm-common.
2026-10-07T21:16:32.6948164Z #9 8.395 Preparing to unpack .../066-libdrm-common_2.4.114-1_all.deb ...
2026-10-07T21:16:32.6949075Z #9 8.396 Unpacking libdrm-common (2.4.114-1) ...
2026-10-07T21:16:32.6949868Z #9 8.423 Selecting previously unselected package libdrm2:amd64.
2026-10-07T21:16:32.6950887Z #9 8.425 Preparing to unpack .../067-libdrm2_2.4.114-1+b1_amd64.deb ...
2026-10-07T21:16:32.6951680Z #9 8.426 Unpacking libdrm2:amd64 (2.4.114-1+b1) ...
2026-10-07T21:16:32.6952390Z #9 8.443 Selecting previously unselected package libwayland-server0:amd64.
2026-10-07T21:16:32.6953020Z #9 8.445 Preparing to unpack .../068-libwayland-server0_1.21.0-1_amd64.deb ...
2026-10-07T21:16:32.6953563Z #9 8.446 Unpacking libwayland-server0:amd64 (1.21.0-1) ...
2026-10-07T21:16:32.6954511Z #9 8.463 Selecting previously unselected package libgbm1:amd64.
2026-10-07T21:16:32.6955075Z #9 8.466 Preparing to unpack .../069-libgbm1_22.3.6-1+deb12u2_amd64.deb ...
2026-10-07T21:16:32.6955768Z #9 8.466 Unpacking libgbm1:amd64 (22.3.6-1+deb12u2) ...
2026-10-07T21:16:32.6956278Z #9 8.483 Selecting previously unselected package libgraphite2-3:amd64.
2026-10-07T21:16:32.6957050Z #9 8.486 Preparing to unpack .../070-libgraphite2-3_1.3.14-1+deb12u1_amd64.deb ...
2026-10-07T21:16:32.6958014Z #9 8.487 Unpacking libgraphite2-3:amd64 (1.3.14-1+deb12u1) ...
2026-10-07T21:16:32.6958608Z #9 8.508 Selecting previously unselected package libharfbuzz0b:amd64.
2026-10-07T21:16:32.8032877Z #9 8.511 Preparing to unpack .../071-libharfbuzz0b_6.0.0+dfsg-3_amd64.deb ...
2026-10-07T21:16:32.8033551Z #9 8.512 Unpacking libharfbuzz0b:amd64 (6.0.0+dfsg-3) ...
2026-10-07T21:16:32.8034664Z #9 8.564 Selecting previously unselected package libharfbuzz-subset0:amd64.
2026-10-07T21:16:32.8035438Z #9 8.566 Preparing to unpack .../072-libharfbuzz-subset0_6.0.0+dfsg-3_amd64.deb ...
2026-10-07T21:16:32.8036124Z #9 8.567 Unpacking libharfbuzz-subset0:amd64 (6.0.0+dfsg-3) ...
2026-10-07T21:16:32.8036741Z #9 8.617 Selecting previously unselected package liblcms2-2:amd64.
2026-10-07T21:16:32.9332062Z #9 8.619 Preparing to unpack .../073-liblcms2-2_2.14-2+deb12u1_amd64.deb ...
2026-10-07T21:16:32.9333450Z #9 8.620 Unpacking liblcms2-2:amd64 (2.14-2+deb12u1) ...
2026-10-07T21:16:32.9334656Z #9 8.645 Selecting previously unselected package libminizip1:amd64.
2026-10-07T21:16:32.9335889Z #9 8.647 Preparing to unpack .../074-libminizip1_1.1-8+deb12u1_amd64.deb ...
2026-10-07T21:16:32.9336447Z #9 8.649 Unpacking libminizip1:amd64 (1.1-8+deb12u1) ...
2026-10-07T21:16:32.9336933Z #9 8.664 Selecting previously unselected package libnspr4:amd64.
2026-10-07T21:16:32.9337450Z #9 8.667 Preparing to unpack .../075-libnspr4_2%3a4.35-1_amd64.deb ...
2026-10-07T21:16:32.9338174Z #9 8.668 Unpacking libnspr4:amd64 (2:4.35-1) ...
2026-10-07T21:16:32.9338633Z #9 8.690 Selecting previously unselected package libsqlite3-0:amd64.
2026-10-07T21:16:32.9339188Z #9 8.692 Preparing to unpack .../076-libsqlite3-0_3.40.1-2+deb12u2_amd64.deb ...
2026-10-07T21:16:32.9339710Z #9 8.693 Unpacking libsqlite3-0:amd64 (3.40.1-2+deb12u2) ...
2026-10-07T21:16:32.9340182Z #9 8.747 Selecting previously unselected package libnss3:amd64.
2026-10-07T21:16:33.0358785Z #9 8.749 Preparing to unpack .../077-libnss3_2%3a3.87.1-1+deb12u4_amd64.deb ...
2026-10-07T21:16:33.0359777Z #9 8.751 Unpacking libnss3:amd64 (2:3.87.1-1+deb12u4) ...
2026-10-07T21:16:33.0360631Z #9 8.849 Selecting previously unselected package libopenh264-7:amd64.
2026-10-07T21:16:33.1401194Z #9 8.852 Preparing to unpack .../078-libopenh264-7_2.3.1+dfsg-3+deb12u2_amd64.deb ...
2026-10-07T21:16:33.1401993Z #9 8.853 Unpacking libopenh264-7:amd64 (2.3.1+dfsg-3+deb12u2) ...
2026-10-07T21:16:33.1402582Z #9 8.892 Selecting previously unselected package libopenjp2-7:amd64.
2026-10-07T21:16:33.1403160Z #9 8.895 Preparing to unpack .../079-libopenjp2-7_2.5.0-2+deb12u3_amd64.deb ...
2026-10-07T21:16:33.1403682Z #9 8.896 Unpacking libopenjp2-7:amd64 (2.5.0-2+deb12u3) ...
2026-10-07T21:16:33.1405296Z #9 8.922 Selecting previously unselected package libopus0:amd64.
2026-10-07T21:16:33.1405824Z #9 8.924 Preparing to unpack .../080-libopus0_1.3.1-3_amd64.deb ...
2026-10-07T21:16:33.1406271Z #9 8.925 Unpacking libopus0:amd64 (1.3.1-3) ...
2026-10-07T21:16:33.1406716Z #9 8.954 Selecting previously unselected package fontconfig.
2026-10-07T21:16:33.2435442Z #9 8.956 Preparing to unpack .../081-fontconfig_2.14.1-4_amd64.deb ...
2026-10-07T21:16:33.2436211Z #9 8.957 Unpacking fontconfig (2.14.1-4) ...
2026-10-07T21:16:33.2436913Z #9 8.982 Selecting previously unselected package libfribidi0:amd64.
2026-10-07T21:16:33.2437730Z #9 8.984 Preparing to unpack .../082-libfribidi0_1.0.8-2.1_amd64.deb ...
2026-10-07T21:16:33.2438421Z #9 8.985 Unpacking libfribidi0:amd64 (1.0.8-2.1) ...
2026-10-07T21:16:33.2439076Z #9 9.003 Selecting previously unselected package libthai-data.
2026-10-07T21:16:33.2439815Z #9 9.005 Preparing to unpack .../083-libthai-data_0.1.29-1_all.deb ...
2026-10-07T21:16:33.2440440Z #9 9.006 Unpacking libthai-data (0.1.29-1) ...
2026-10-07T21:16:33.2441083Z #9 9.056 Selecting previously unselected package libdatrie1:amd64.
2026-10-07T21:16:33.3691798Z #9 9.059 Preparing to unpack .../084-libdatrie1_0.2.13-2+b1_amd64.deb ...
2026-10-07T21:16:33.3692679Z #9 9.060 Unpacking libdatrie1:amd64 (0.2.13-2+b1) ...
2026-10-07T21:16:33.3693988Z #9 9.078 Selecting previously unselected package libthai0:amd64.
2026-10-07T21:16:33.3694920Z #9 9.080 Preparing to unpack .../085-libthai0_0.1.29-1_amd64.deb ...
2026-10-07T21:16:33.3695641Z #9 9.081 Unpacking libthai0:amd64 (0.1.29-1) ...
2026-10-07T21:16:33.3696407Z #9 9.101 Selecting previously unselected package libpango-1.0-0:amd64.
2026-10-07T21:16:33.3697337Z #9 9.104 Preparing to unpack .../086-libpango-1.0-0_1.50.12+ds-1_amd64.deb ...
2026-10-07T21:16:33.3698125Z #9 9.104 Unpacking libpango-1.0-0:amd64 (1.50.12+ds-1) ...
2026-10-07T21:16:33.3698899Z #9 9.132 Selecting previously unselected package libasyncns0:amd64.
2026-10-07T21:16:33.3699731Z #9 9.134 Preparing to unpack .../087-libasyncns0_0.8-6+b3_amd64.deb ...
2026-10-07T21:16:33.3700419Z #9 9.135 Unpacking libasyncns0:amd64 (0.8-6+b3) ...
2026-10-07T21:16:33.3701123Z #9 9.151 Selecting previously unselected package libmp3lame0:amd64.
2026-10-07T21:16:33.3701895Z #9 9.153 Preparing to unpack .../088-libmp3lame0_3.100-6_amd64.deb ...
2026-10-07T21:16:33.3702585Z #9 9.154 Unpacking libmp3lame0:amd64 (3.100-6) ...
2026-10-07T21:16:33.3703256Z #9 9.183 Selecting previously unselected package libmpg123-0:amd64.
2026-10-07T21:16:33.4742271Z #9 9.185 Preparing to unpack .../089-libmpg123-0_1.31.2-1+deb12u1_amd64.deb ...
2026-10-07T21:16:33.4743382Z #9 9.186 Unpacking libmpg123-0:amd64 (1.31.2-1+deb12u1) ...
2026-10-07T21:16:33.4745293Z #9 9.211 Selecting previously unselected package libvorbis0a:amd64.
2026-10-07T21:16:33.4746381Z #9 9.213 Preparing to unpack .../090-libvorbis0a_1.3.7-1_amd64.deb ...
2026-10-07T21:16:33.4747185Z #9 9.214 Unpacking libvorbis0a:amd64 (1.3.7-1) ...
2026-10-07T21:16:33.4748006Z #9 9.234 Selecting previously unselected package libvorbisenc2:amd64.
2026-10-07T21:16:33.4748960Z #9 9.236 Preparing to unpack .../091-libvorbisenc2_1.3.7-1_amd64.deb ...
2026-10-07T21:16:33.4749756Z #9 9.237 Unpacking libvorbisenc2:amd64 (1.3.7-1) ...
2026-10-07T21:16:33.4750512Z #9 9.258 Selecting previously unselected package libsndfile1:amd64.
2026-10-07T21:16:33.4751085Z #9 9.260 Preparing to unpack .../092-libsndfile1_1.2.0-1+deb12u1_amd64.deb ...
2026-10-07T21:16:33.4751586Z #9 9.261 Unpacking libsndfile1:amd64 (1.2.0-1+deb12u1) ...
2026-10-07T21:16:33.4752066Z #9 9.288 Selecting previously unselected package libx11-xcb1:amd64.
2026-10-07T21:16:33.5828986Z #9 9.290 Preparing to unpack .../093-libx11-xcb1_2%3a1.8.4-2+deb12u2_amd64.deb ...
2026-10-07T21:16:33.5829650Z #9 9.291 Unpacking libx11-xcb1:amd64 (2:1.8.4-2+deb12u2) ...
2026-10-07T21:16:33.5830159Z #9 9.313 Selecting previously unselected package libpulse0:amd64.
2026-10-07T21:16:33.5830724Z #9 9.316 Preparing to unpack .../094-libpulse0_16.1+dfsg1-2+b1_amd64.deb ...
2026-10-07T21:16:33.5831386Z #9 9.321 Unpacking libpulse0:amd64 (16.1+dfsg1-2+b1) ...
2026-10-07T21:16:33.5831897Z #9 9.356 Selecting previously unselected package libxcomposite1:amd64.
2026-10-07T21:16:33.5832534Z #9 9.358 Preparing to unpack .../095-libxcomposite1_1%3a0.4.5-1_amd64.deb ...
2026-10-07T21:16:33.5833098Z #9 9.359 Unpacking libxcomposite1:amd64 (1:0.4.5-1) ...
2026-10-07T21:16:33.5835703Z #9 9.375 Selecting previously unselected package libxdamage1:amd64.
2026-10-07T21:16:33.5836689Z #9 9.377 Preparing to unpack .../096-libxdamage1_1%3a1.1.6-1_amd64.deb ...
2026-10-07T21:16:33.5837212Z #9 9.378 Unpacking libxdamage1:amd64 (1:1.1.6-1) ...
2026-10-07T21:16:33.5837703Z #9 9.396 Selecting previously unselected package libxfixes3:amd64.
2026-10-07T21:16:33.7027335Z #9 9.399 Preparing to unpack .../097-libxfixes3_1%3a6.0.0-2_amd64.deb ...
2026-10-07T21:16:33.7028291Z #9 9.400 Unpacking libxfixes3:amd64 (1:6.0.0-2) ...
2026-10-07T21:16:33.7029253Z #9 9.415 Selecting previously unselected package xkb-data.
2026-10-07T21:16:33.7030266Z #9 9.417 Preparing to unpack .../098-xkb-data_2.35.1-1_all.deb ...
2026-10-07T21:16:33.7030985Z #9 9.418 Unpacking xkb-data (2.35.1-1) ...
2026-10-07T21:16:33.7031545Z #9 9.516 Selecting previously unselected package libxkbcommon0:amd64.
2026-10-07T21:16:33.8230353Z #9 9.519 Preparing to unpack .../099-libxkbcommon0_1.5.0-1_amd64.deb ...
2026-10-07T21:16:33.8231183Z #9 9.520 Unpacking libxkbcommon0:amd64 (1.5.0-1) ...
2026-10-07T21:16:33.8231704Z #9 9.541 Selecting previously unselected package libxnvctrl0:amd64.
2026-10-07T21:16:33.8232329Z #9 9.544 Preparing to unpack .../100-libxnvctrl0_525.85.05-3~deb12u1_amd64.deb ...
2026-10-07T21:16:33.8232950Z #9 9.544 Unpacking libxnvctrl0:amd64 (525.85.05-3~deb12u1) ...
2026-10-07T21:16:33.8233462Z #9 9.560 Selecting previously unselected package libxrandr2:amd64.
2026-10-07T21:16:33.8234691Z #9 9.562 Preparing to unpack .../101-libxrandr2_2%3a1.5.2-2+b1_amd64.deb ...
2026-10-07T21:16:33.8235201Z #9 9.563 Unpacking libxrandr2:amd64 (2:1.5.2-2+b1) ...
2026-10-07T21:16:33.8235729Z #9 9.581 Selecting previously unselected package libcairo-gobject2:amd64.
2026-10-07T21:16:33.8236330Z #9 9.583 Preparing to unpack .../102-libcairo-gobject2_1.16.0-7_amd64.deb ...
2026-10-07T21:16:33.8236850Z #9 9.584 Unpacking libcairo-gobject2:amd64 (1.16.0-7) ...
2026-10-07T21:16:33.8237352Z #9 9.608 Selecting previously unselected package libcolord2:amd64.
2026-10-07T21:16:33.8237896Z #9 9.610 Preparing to unpack .../103-libcolord2_1.4.6-2.2_amd64.deb ...
2026-10-07T21:16:33.8238363Z #9 9.611 Unpacking libcolord2:amd64 (1.4.6-2.2) ...
2026-10-07T21:16:33.8238839Z #9 9.637 Selecting previously unselected package libepoxy0:amd64.
2026-10-07T21:16:33.9237890Z #9 9.639 Preparing to unpack .../104-libepoxy0_1.5.10-1_amd64.deb ...
2026-10-07T21:16:33.9238731Z #9 9.640 Unpacking libepoxy0:amd64 (1.5.10-1) ...
2026-10-07T21:16:33.9239344Z #9 9.670 Selecting previously unselected package libpangoft2-1.0-0:amd64.
2026-10-07T21:16:33.9240070Z #9 9.672 Preparing to unpack .../105-libpangoft2-1.0-0_1.50.12+ds-1_amd64.deb ...
2026-10-07T21:16:33.9240732Z #9 9.673 Unpacking libpangoft2-1.0-0:amd64 (1.50.12+ds-1) ...
2026-10-07T21:16:33.9241386Z #9 9.691 Selecting previously unselected package libpangocairo-1.0-0:amd64.
2026-10-07T21:16:33.9242153Z #9 9.693 Preparing to unpack .../106-libpangocairo-1.0-0_1.50.12+ds-1_amd64.deb ...
2026-10-07T21:16:33.9242802Z #9 9.694 Unpacking libpangocairo-1.0-0:amd64 (1.50.12+ds-1) ...
2026-10-07T21:16:33.9243439Z #9 9.711 Selecting previously unselected package libwayland-client0:amd64.
2026-10-07T21:16:33.9244424Z #9 9.713 Preparing to unpack .../107-libwayland-client0_1.21.0-1_amd64.deb ...
2026-10-07T21:16:33.9245048Z #9 9.715 Unpacking libwayland-client0:amd64 (1.21.0-1) ...
2026-10-07T21:16:33.9245689Z #9 9.734 Selecting previously unselected package libwayland-cursor0:amd64.
2026-10-07T21:16:33.9246384Z #9 9.736 Preparing to unpack .../108-libwayland-cursor0_1.21.0-1_amd64.deb ...
2026-10-07T21:16:33.9246885Z #9 9.737 Unpacking libwayland-cursor0:amd64 (1.21.0-1) ...
2026-10-07T21:16:34.0378901Z #9 9.753 Selecting previously unselected package libwayland-egl1:amd64.
2026-10-07T21:16:34.0379934Z #9 9.755 Preparing to unpack .../109-libwayland-egl1_1.21.0-1_amd64.deb ...
2026-10-07T21:16:34.0380755Z #9 9.756 Unpacking libwayland-egl1:amd64 (1.21.0-1) ...
2026-10-07T21:16:34.0381575Z #9 9.771 Selecting previously unselected package libxcursor1:amd64.
2026-10-07T21:16:34.0382452Z #9 9.773 Preparing to unpack .../110-libxcursor1_1%3a1.2.1-1_amd64.deb ...
2026-10-07T21:16:34.0383229Z #9 9.774 Unpacking libxcursor1:amd64 (1:1.2.1-1) ...
2026-10-07T21:16:34.0384236Z #9 9.790 Selecting previously unselected package libxinerama1:amd64.
2026-10-07T21:16:34.0385140Z #9 9.792 Preparing to unpack .../111-libxinerama1_2%3a1.1.4-3_amd64.deb ...
2026-10-07T21:16:34.0385908Z #9 9.793 Unpacking libxinerama1:amd64 (2:1.1.4-3) ...
2026-10-07T21:16:34.0386658Z #9 9.808 Selecting previously unselected package dbus-user-session.
2026-10-07T21:16:34.0387607Z #9 9.811 Preparing to unpack .../112-dbus-user-session_1.14.10-1~deb12u1_amd64.deb ...
2026-10-07T21:16:34.0388460Z #9 9.811 Unpacking dbus-user-session (1.14.10-1~deb12u1) ...
2026-10-07T21:16:34.0389187Z #9 9.832 Selecting previously unselected package libdconf1:amd64.
2026-10-07T21:16:34.0390217Z #9 9.834 Preparing to unpack .../113-libdconf1_0.40.0-4_amd64.deb ...
2026-10-07T21:16:34.0390881Z #9 9.835 Unpacking libdconf1:amd64 (0.40.0-4) ...
2026-10-07T21:16:34.0391527Z #9 9.851 Selecting previously unselected package dconf-service.
2026-10-07T21:16:34.2314591Z #9 9.854 Preparing to unpack .../114-dconf-service_0.40.0-4_amd64.deb ...
2026-10-07T21:16:34.2315224Z #9 9.855 Unpacking dconf-service (0.40.0-4) ...
2026-10-07T21:16:34.2315895Z #9 9.872 Selecting previously unselected package dconf-gsettings-backend:amd64.
2026-10-07T21:16:34.2316687Z #9 9.874 Preparing to unpack .../115-dconf-gsettings-backend_0.40.0-4_amd64.deb ...
2026-10-07T21:16:34.2317352Z #9 9.875 Unpacking dconf-gsettings-backend:amd64 (0.40.0-4) ...
2026-10-07T21:16:34.2318254Z #9 9.891 Selecting previously unselected package libgtk-3-common.
2026-10-07T21:16:34.2318956Z #9 9.894 Preparing to unpack .../116-libgtk-3-common_3.24.38-2~deb12u3_all.deb ...
2026-10-07T21:16:34.2319572Z #9 9.895 Unpacking libgtk-3-common (3.24.38-2~deb12u3) ...
2026-10-07T21:16:34.3390855Z #9 10.15 Selecting previously unselected package libgtk-3-0:amd64.
2026-10-07T21:16:34.4953883Z #9 10.15 Preparing to unpack .../117-libgtk-3-0_3.24.38-2~deb12u3_amd64.deb ...
2026-10-07T21:16:34.4954848Z #9 10.16 Unpacking libgtk-3-0:amd64 (3.24.38-2~deb12u3) ...
2026-10-07T21:16:34.5356629Z #9 10.35 Selecting previously unselected package libfontenc1:amd64.
2026-10-07T21:16:34.6490840Z #9 10.35 Preparing to unpack .../118-libfontenc1_1%3a1.1.4-1_amd64.deb ...
2026-10-07T21:16:34.6491529Z #9 10.35 Unpacking libfontenc1:amd64 (1:1.1.4-1) ...
2026-10-07T21:16:34.6492009Z #9 10.37 Selecting previously unselected package libglvnd0:amd64.
2026-10-07T21:16:34.6492524Z #9 10.37 Preparing to unpack .../119-libglvnd0_1.6.0-1_amd64.deb ...
2026-10-07T21:16:34.6492953Z #9 10.37 Unpacking libglvnd0:amd64 (1.6.0-1) ...
2026-10-07T21:16:34.6493411Z #9 10.39 Selecting previously unselected package libglapi-mesa:amd64.
2026-10-07T21:16:34.6494295Z #9 10.39 Preparing to unpack .../120-libglapi-mesa_22.3.6-1+deb12u2_amd64.deb ...
2026-10-07T21:16:34.6494870Z #9 10.40 Unpacking libglapi-mesa:amd64 (22.3.6-1+deb12u2) ...
2026-10-07T21:16:34.6495364Z #9 10.41 Selecting previously unselected package libxcb-dri2-0:amd64.
2026-10-07T21:16:34.6495886Z #9 10.42 Preparing to unpack .../121-libxcb-dri2-0_1.15-1_amd64.deb ...
2026-10-07T21:16:34.6496337Z #9 10.42 Unpacking libxcb-dri2-0:amd64 (1.15-1) ...
2026-10-07T21:16:34.6496808Z #9 10.44 Selecting previously unselected package libxcb-dri3-0:amd64.
2026-10-07T21:16:34.6497303Z #9 10.44 Preparing to unpack .../122-libxcb-dri3-0_1.15-1_amd64.deb ...
2026-10-07T21:16:34.6497727Z #9 10.44 Unpacking libxcb-dri3-0:amd64 (1.15-1) ...
2026-10-07T21:16:34.6498166Z #9 10.46 Selecting previously unselected package libxcb-glx0:amd64.
2026-10-07T21:16:34.7551375Z #9 10.46 Preparing to unpack .../123-libxcb-glx0_1.15-1_amd64.deb ...
2026-10-07T21:16:34.7552196Z #9 10.47 Unpacking libxcb-glx0:amd64 (1.15-1) ...
2026-10-07T21:16:34.7553007Z #9 10.49 Selecting previously unselected package libxcb-present0:amd64.
2026-10-07T21:16:34.7554164Z #9 10.49 Preparing to unpack .../124-libxcb-present0_1.15-1_amd64.deb ...
2026-10-07T21:16:34.7554951Z #9 10.49 Unpacking libxcb-present0:amd64 (1.15-1) ...
2026-10-07T21:16:34.7555719Z #9 10.51 Selecting previously unselected package libxcb-randr0:amd64.
2026-10-07T21:16:34.7556568Z #9 10.52 Preparing to unpack .../125-libxcb-randr0_1.15-1_amd64.deb ...
2026-10-07T21:16:34.7557320Z #9 10.52 Unpacking libxcb-randr0:amd64 (1.15-1) ...
2026-10-07T21:16:34.7558071Z #9 10.54 Selecting previously unselected package libxcb-sync1:amd64.
2026-10-07T21:16:34.7558898Z #9 10.54 Preparing to unpack .../126-libxcb-sync1_1.15-1_amd64.deb ...
2026-10-07T21:16:34.7559587Z #9 10.54 Unpacking libxcb-sync1:amd64 (1.15-1) ...
2026-10-07T21:16:34.7560306Z #9 10.57 Selecting previously unselected package libxcb-xfixes0:amd64.
2026-10-07T21:16:34.8585212Z #9 10.57 Preparing to unpack .../127-libxcb-xfixes0_1.15-1_amd64.deb ...
2026-10-07T21:16:34.8586376Z #9 10.57 Unpacking libxcb-xfixes0:amd64 (1.15-1) ...
2026-10-07T21:16:34.8587755Z #9 10.59 Selecting previously unselected package libxshmfence1:amd64.
2026-10-07T21:16:34.8588568Z #9 10.60 Preparing to unpack .../128-libxshmfence1_1.3-1_amd64.deb ...
2026-10-07T21:16:34.8589065Z #9 10.60 Unpacking libxshmfence1:amd64 (1.3-1) ...
2026-10-07T21:16:34.8589554Z #9 10.61 Selecting previously unselected package libxxf86vm1:amd64.
2026-10-07T21:16:34.8590141Z #9 10.62 Preparing to unpack .../129-libxxf86vm1_1%3a1.1.4-1+b2_amd64.deb ...
2026-10-07T21:16:34.8590662Z #9 10.62 Unpacking libxxf86vm1:amd64 (1:1.1.4-1+b2) ...
2026-10-07T21:16:34.8591182Z #9 10.63 Selecting previously unselected package libdrm-amdgpu1:amd64.
2026-10-07T21:16:34.8591790Z #9 10.63 Preparing to unpack .../130-libdrm-amdgpu1_2.4.114-1+b1_amd64.deb ...
2026-10-07T21:16:34.8592320Z #9 10.64 Unpacking libdrm-amdgpu1:amd64 (2.4.114-1+b1) ...
2026-10-07T21:16:34.8592848Z #9 10.65 Selecting previously unselected package libpciaccess0:amd64.
2026-10-07T21:16:34.8593424Z #9 10.65 Preparing to unpack .../131-libpciaccess0_0.17-2_amd64.deb ...
2026-10-07T21:16:34.8594341Z #9 10.65 Unpacking libpciaccess0:amd64 (0.17-2) ...
2026-10-07T21:16:34.8594817Z #9 10.67 Selecting previously unselected package libdrm-intel1:amd64.
2026-10-07T21:16:34.9765983Z #9 10.67 Preparing to unpack .../132-libdrm-intel1_2.4.114-1+b1_amd64.deb ...
2026-10-07T21:16:34.9766981Z #9 10.68 Unpacking libdrm-intel1:amd64 (2.4.114-1+b1) ...
2026-10-07T21:16:34.9767515Z #9 10.69 Selecting previously unselected package libdrm-nouveau2:amd64.
2026-10-07T21:16:34.9768109Z #9 10.70 Preparing to unpack .../133-libdrm-nouveau2_2.4.114-1+b1_amd64.deb ...
2026-10-07T21:16:34.9768632Z #9 10.70 Unpacking libdrm-nouveau2:amd64 (2.4.114-1+b1) ...
2026-10-07T21:16:34.9769137Z #9 10.72 Selecting previously unselected package libdrm-radeon1:amd64.
2026-10-07T21:16:34.9769699Z #9 10.72 Preparing to unpack .../134-libdrm-radeon1_2.4.114-1+b1_amd64.deb ...
2026-10-07T21:16:34.9770194Z #9 10.72 Unpacking libdrm-radeon1:amd64 (2.4.114-1+b1) ...
2026-10-07T21:16:34.9770677Z #9 10.74 Selecting previously unselected package libelf1:amd64.
2026-10-07T21:16:34.9771283Z #9 10.74 Preparing to unpack .../135-libelf1_0.188-2.1_amd64.deb ...
2026-10-07T21:16:34.9771968Z #9 10.74 Unpacking libelf1:amd64 (0.188-2.1) ...
2026-10-07T21:16:34.9772424Z #9 10.77 Selecting previously unselected package libedit2:amd64.
2026-10-07T21:16:34.9772952Z #9 10.77 Preparing to unpack .../136-libedit2_3.1-20221030-2_amd64.deb ...
2026-10-07T21:16:34.9773413Z #9 10.77 Unpacking libedit2:amd64 (3.1-20221030-2) ...
2026-10-07T21:16:34.9774104Z #9 10.79 Selecting previously unselected package libz3-4:amd64.
2026-10-07T21:16:35.1297516Z #9 10.79 Preparing to unpack .../137-libz3-4_4.8.12-3.1_amd64.deb ...
2026-10-07T21:16:35.1298172Z #9 10.79 Unpacking libz3-4:amd64 (4.8.12-3.1) ...
2026-10-07T21:16:35.4371155Z #9 11.25 Selecting previously unselected package libllvm15:amd64.
2026-10-07T21:16:35.5908715Z #9 11.25 Preparing to unpack .../138-libllvm15_1%3a15.0.6-4+b1_amd64.deb ...
2026-10-07T21:16:35.5910340Z #9 11.25 Unpacking libllvm15:amd64 (1:15.0.6-4+b1) ...
2026-10-07T21:16:36.2155754Z #9 12.03 Selecting previously unselected package libsensors-config.
2026-10-07T21:16:36.4198038Z #9 12.03 Preparing to unpack .../139-libsensors-config_1%3a3.6.0-7.1_all.deb ...
2026-10-07T21:16:36.4198720Z #9 12.03 Unpacking libsensors-config (1:3.6.0-7.1) ...
2026-10-07T21:16:36.4199345Z #9 12.05 Selecting previously unselected package libsensors5:amd64.
2026-10-07T21:16:36.4200266Z #9 12.05 Preparing to unpack .../140-libsensors5_1%3a3.6.0-7.1_amd64.deb ...
2026-10-07T21:16:36.4201058Z #9 12.06 Unpacking libsensors5:amd64 (1:3.6.0-7.1) ...
2026-10-07T21:16:36.4201640Z #9 12.07 Selecting previously unselected package libgl1-mesa-dri:amd64.
2026-10-07T21:16:36.4202332Z #9 12.08 Preparing to unpack .../141-libgl1-mesa-dri_22.3.6-1+deb12u2_amd64.deb ...
2026-10-07T21:16:36.4202975Z #9 12.08 Unpacking libgl1-mesa-dri:amd64 (22.3.6-1+deb12u2) ...
2026-10-07T21:16:36.7041634Z #9 12.52 Selecting previously unselected package libglx-mesa0:amd64.
2026-10-07T21:16:36.8073222Z #9 12.52 Preparing to unpack .../142-libglx-mesa0_22.3.6-1+deb12u2_amd64.deb ...
2026-10-07T21:16:36.8074641Z #9 12.52 Unpacking libglx-mesa0:amd64 (22.3.6-1+deb12u2) ...
2026-10-07T21:16:36.8075479Z #9 12.55 Selecting previously unselected package libglx0:amd64.
2026-10-07T21:16:36.8076360Z #9 12.55 Preparing to unpack .../143-libglx0_1.6.0-1_amd64.deb ...
2026-10-07T21:16:36.8077082Z #9 12.55 Unpacking libglx0:amd64 (1.6.0-1) ...
2026-10-07T21:16:36.8077714Z #9 12.57 Selecting previously unselected package libgl1:amd64.
2026-10-07T21:16:36.8078236Z #9 12.57 Preparing to unpack .../144-libgl1_1.6.0-1_amd64.deb ...
2026-10-07T21:16:36.8078674Z #9 12.57 Unpacking libgl1:amd64 (1.6.0-1) ...
2026-10-07T21:16:36.8079114Z #9 12.59 Selecting previously unselected package x11-common.
2026-10-07T21:16:36.8079633Z #9 12.60 Preparing to unpack .../145-x11-common_1%3a7.7+23_all.deb ...
2026-10-07T21:16:36.8080083Z #9 12.60 Unpacking x11-common (1:7.7+23) ...
2026-10-07T21:16:36.8080548Z #9 12.62 Selecting previously unselected package libice6:amd64.
2026-10-07T21:16:36.9242425Z #9 12.62 Preparing to unpack .../146-libice6_2%3a1.0.10-1_amd64.deb ...
2026-10-07T21:16:36.9243097Z #9 12.62 Unpacking libice6:amd64 (2:1.0.10-1) ...
2026-10-07T21:16:36.9243643Z #9 12.64 Selecting previously unselected package libsm6:amd64.
2026-10-07T21:16:36.9245060Z #9 12.65 Preparing to unpack .../147-libsm6_2%3a1.2.3-1_amd64.deb ...
2026-10-07T21:16:36.9245575Z #9 12.65 Unpacking libsm6:amd64 (2:1.2.3-1) ...
2026-10-07T21:16:36.9246065Z #9 12.66 Selecting previously unselected package libxt6:amd64.
2026-10-07T21:16:36.9246624Z #9 12.67 Preparing to unpack .../148-libxt6_1%3a1.2.1-1.1_amd64.deb ...
2026-10-07T21:16:36.9247115Z #9 12.67 Unpacking libxt6:amd64 (1:1.2.1-1.1) ...
2026-10-07T21:16:36.9247602Z #9 12.69 Selecting previously unselected package libxmu6:amd64.
2026-10-07T21:16:36.9248148Z #9 12.70 Preparing to unpack .../149-libxmu6_2%3a1.1.3-3_amd64.deb ...
2026-10-07T21:16:36.9248648Z #9 12.70 Unpacking libxmu6:amd64 (2:1.1.3-3) ...
2026-10-07T21:16:36.9249143Z #9 12.72 Selecting previously unselected package libxpm4:amd64.
2026-10-07T21:16:36.9249752Z #9 12.72 Preparing to unpack .../150-libxpm4_1%3a3.5.12-1.1+deb12u1_amd64.deb ...
2026-10-07T21:16:36.9250311Z #9 12.72 Unpacking libxpm4:amd64 (1:3.5.12-1.1+deb12u1) ...
2026-10-07T21:16:36.9250826Z #9 12.74 Selecting previously unselected package libxaw7:amd64.
2026-10-07T21:16:37.0271066Z #9 12.74 Preparing to unpack .../151-libxaw7_2%3a1.0.14-1_amd64.deb ...
2026-10-07T21:16:37.0271734Z #9 12.74 Unpacking libxaw7:amd64 (2:1.0.14-1) ...
2026-10-07T21:16:37.0272298Z #9 12.77 Selecting previously unselected package libxcb-shape0:amd64.
2026-10-07T21:16:37.0273134Z #9 12.77 Preparing to unpack .../152-libxcb-shape0_1.15-1_amd64.deb ...
2026-10-07T21:16:37.0274245Z #9 12.77 Unpacking libxcb-shape0:amd64 (1.15-1) ...
2026-10-07T21:16:37.0274783Z #9 12.79 Selecting previously unselected package libxft2:amd64.
2026-10-07T21:16:37.0275346Z #9 12.79 Preparing to unpack .../153-libxft2_2.3.6-1_amd64.deb ...
2026-10-07T21:16:37.0275783Z #9 12.79 Unpacking libxft2:amd64 (2.3.6-1) ...
2026-10-07T21:16:37.0276250Z #9 12.82 Selecting previously unselected package libxkbfile1:amd64.
2026-10-07T21:16:37.0276800Z #9 12.82 Preparing to unpack .../154-libxkbfile1_1%3a1.1.0-1_amd64.deb ...
2026-10-07T21:16:37.0277298Z #9 12.82 Unpacking libxkbfile1:amd64 (1:1.1.0-1) ...
2026-10-07T21:16:37.0277777Z #9 12.84 Selecting previously unselected package libxmuu1:amd64.
2026-10-07T21:16:37.1376645Z #9 12.84 Preparing to unpack .../155-libxmuu1_2%3a1.1.3-3_amd64.deb ...
2026-10-07T21:16:37.1377396Z #9 12.84 Unpacking libxmuu1:amd64 (2:1.1.3-3) ...
2026-10-07T21:16:37.1377892Z #9 12.86 Selecting previously unselected package libxtst6:amd64.
2026-10-07T21:16:37.1378445Z #9 12.86 Preparing to unpack .../156-libxtst6_2%3a1.2.3-1.1_amd64.deb ...
2026-10-07T21:16:37.1378934Z #9 12.86 Unpacking libxtst6:amd64 (2:1.2.3-1.1) ...
2026-10-07T21:16:37.1379700Z #9 12.88 Selecting previously unselected package libxv1:amd64.
2026-10-07T21:16:37.1380266Z #9 12.88 Preparing to unpack .../157-libxv1_2%3a1.0.11-1.1_amd64.deb ...
2026-10-07T21:16:37.1380744Z #9 12.88 Unpacking libxv1:amd64 (2:1.0.11-1.1) ...
2026-10-07T21:16:37.1381231Z #9 12.90 Selecting previously unselected package libxxf86dga1:amd64.
2026-10-07T21:16:37.1381817Z #9 12.90 Preparing to unpack .../158-libxxf86dga1_2%3a1.1.5-1_amd64.deb ...
2026-10-07T21:16:37.1382314Z #9 12.90 Unpacking libxxf86dga1:amd64 (2:1.1.5-1) ...
2026-10-07T21:16:37.1382756Z #9 12.92 Selecting previously unselected package x11-utils.
2026-10-07T21:16:37.1383246Z #9 12.92 Preparing to unpack .../159-x11-utils_7.7+5_amd64.deb ...
2026-10-07T21:16:37.1383661Z #9 12.92 Unpacking x11-utils (7.7+5) ...
2026-10-07T21:16:37.1384495Z #9 12.95 Selecting previously unselected package xdg-utils.
2026-10-07T21:16:37.3126831Z #9 12.95 Preparing to unpack .../160-xdg-utils_1.1.3-4.1_all.deb ...
2026-10-07T21:16:37.3127634Z #9 12.95 Unpacking xdg-utils (1.1.3-4.1) ...
2026-10-07T21:16:37.3128456Z #9 12.97 Selecting previously unselected package chromium-common.
2026-10-07T21:16:37.3129520Z #9 12.98 Preparing to unpack .../161-chromium-common_154.0.8037.92-1~deb12u1_amd64.deb ...
2026-10-07T21:16:37.3130512Z #9 12.98 Unpacking chromium-common (154.0.8037.92-1~deb12u1) ...
2026-10-07T21:16:37.7684667Z #9 13.58 Selecting previously unselected package chromium.
2026-10-07T21:16:37.9217246Z #9 13.58 Preparing to unpack .../162-chromium_154.0.8037.92-1~deb12u1_amd64.deb ...
2026-10-07T21:16:37.9218560Z #9 13.59 Unpacking chromium (154.0.8037.92-1~deb12u1) ...
2026-10-07T21:16:39.8186093Z #9 15.63 Setting up libexpat1:amd64 (2.5.0-1+deb12u4) ...
2026-10-07T21:16:39.9725522Z #9 15.63 Setting up bubblewrap (0.8.0-2+deb12u1) ...
2026-10-07T21:16:39.9727211Z #9 15.64 sysctl: cannot open "/etc/sysctl.d/99-sysctl.conf": No such file or directory
2026-10-07T21:16:39.9728001Z #9 15.64 Setting up libgraphite2-3:amd64 (1.3.14-1+deb12u1) ...
2026-10-07T21:16:39.9728772Z #9 15.64 Setting up liblcms2-2:amd64 (2.14-2+deb12u1) ...
2026-10-07T21:16:39.9729318Z #9 15.64 Setting up libpixman-1-0:amd64 (0.42.2-1) ...
2026-10-07T21:16:39.9729953Z #9 15.65 Setting up libwayland-server0:amd64 (1.21.0-1) ...
2026-10-07T21:16:39.9730402Z #9 15.65 Setting up libpciaccess0:amd64 (0.17-2) ...
2026-10-07T21:16:39.9731011Z #9 15.65 Setting up systemd-sysv (252.39-1~deb12u2) ...
2026-10-07T21:16:39.9731450Z #9 15.65 Setting up libxau6:amd64 (1:1.0.9-1) ...
2026-10-07T21:16:39.9732049Z #9 15.66 Setting up libdouble-conversion3:amd64 (3.2.1-1) ...
2026-10-07T21:16:39.9732501Z #9 15.66 Setting up libkeyutils1:amd64 (1.6.3-2) ...
2026-10-07T21:16:39.9732962Z #9 15.66 Setting up libicu72:amd64 (72.1-3+deb12u1) ...
2026-10-07T21:16:39.9733506Z #9 15.66 Setting up libmpg123-0:amd64 (1.31.2-1+deb12u1) ...
2026-10-07T21:16:39.9734094Z #9 15.66 Setting up libogg0:amd64 (1.3.5-3) ...
2026-10-07T21:16:39.9734623Z #9 15.67 Setting up liblerc4:amd64 (4.0.0+ds-2) ...
2026-10-07T21:16:39.9735028Z #9 15.67 Setting up hicolor-icon-theme (0.17-2) ...
2026-10-07T21:16:39.9735594Z #9 15.69 Setting up libdatrie1:amd64 (0.2.13-2+b1) ...
2026-10-07T21:16:39.9736037Z #9 15.69 Setting up libminizip1:amd64 (1.1-8+deb12u1) ...
2026-10-07T21:16:39.9736533Z #9 15.69 Setting up libglib2.0-0:amd64 (2.74.6-2+deb12u9) ...
2026-10-07T21:16:39.9737053Z #9 15.70 Setting up libglvnd0:amd64 (1.6.0-1) ...
2026-10-07T21:16:39.9737461Z #9 15.71 Setting up libbrotli1:amd64 (1.0.9-2+b6) ...
2026-10-07T21:16:39.9738052Z #9 15.71 Setting up libsqlite3-0:amd64 (3.40.1-2+deb12u2) ...
2026-10-07T21:16:39.9738580Z #9 15.71 Setting up libgdk-pixbuf2.0-common (2.42.10+dfsg-1+deb12u4) ...
2026-10-07T21:16:39.9739208Z #9 15.71 Setting up x11-common (1:7.7+23) ...
2026-10-07T21:16:39.9739617Z #9 15.79 debconf: unable to initialize frontend: Dialog
2026-10-07T21:16:39.9740237Z #9 15.79 debconf: (TERM is not set, so the dialog frontend is not usable.)
2026-10-07T21:16:39.9740736Z #9 15.79 debconf: falling back to frontend: Readline
2026-10-07T21:16:40.0774326Z #9 15.79 debconf: unable to initialize frontend: Readline
2026-10-07T21:16:40.0777468Z #9 15.79 debconf: (Can't locate Term/ReadLine.pm in @INC (you may need to install the Term::ReadLine module) (@INC contains: /etc/perl /usr/local/lib/x86_64-linux-gnu/perl/5.36.0 /usr/local/share/perl/5.36.0 /usr/lib/x86_64-linux-gnu/perl5/5.36 /usr/share/perl5 /usr/lib/x86_64-linux-gnu/perl-base /usr/lib/x86_64-linux-gnu/perl/5.36 /usr/share/perl/5.36 /usr/local/lib/site_perl) at /usr/share/perl5/Debconf/FrontEnd/Readline.pm line 7.)
2026-10-07T21:16:40.0779844Z #9 15.79 debconf: falling back to frontend: Teletype
2026-10-07T21:16:40.0780410Z #9 15.81 invoke-rc.d: could not determine current runlevel
2026-10-07T21:16:40.0781084Z #9 15.81 invoke-rc.d: policy-rc.d denied execution of restart.
2026-10-07T21:16:40.0781672Z #9 15.81 Setting up libsensors-config (1:3.6.0-7.1) ...
2026-10-07T21:16:40.0782192Z #9 15.82 Setting up libdeflate0:amd64 (1.14-1) ...
2026-10-07T21:16:40.0782672Z #9 15.82 Setting up xkb-data (2.35.1-1) ...
2026-10-07T21:16:40.0783137Z #9 15.82 Setting up libjbig0:amd64 (2.1-6.1) ...
2026-10-07T21:16:40.0783543Z #9 15.82 Setting up libcolord2:amd64 (1.4.6-2.2) ...
2026-10-07T21:16:40.0784390Z #9 15.83 Setting up libkrb5support0:amd64 (1.20.1-2+deb12u5) ...
2026-10-07T21:16:40.0784940Z #9 15.83 Setting up libdconf1:amd64 (0.40.0-4) ...
2026-10-07T21:16:40.0785538Z #9 15.83 Setting up libasound2-data (1.2.8-1) ...
2026-10-07T21:16:40.0785937Z #9 15.83 Setting up libfontenc1:amd64 (1:1.1.4-1) ...
2026-10-07T21:16:40.0786429Z #9 15.84 Setting up libz3-4:amd64 (4.8.12-3.1) ...
2026-10-07T21:16:40.0786807Z #9 15.84 Setting up libflac12:amd64 (1.4.2+ds-2) ...
2026-10-07T21:16:40.0787210Z #9 15.84 Setting up libjpeg62-turbo:amd64 (1:2.1.5-2) ...
2026-10-07T21:16:40.0787642Z #9 15.84 Setting up libx11-data (2:1.8.4-2+deb12u2) ...
2026-10-07T21:16:40.0788018Z #9 15.84 Setting up libepoxy0:amd64 (1.5.10-1) ...
2026-10-07T21:16:40.0788479Z #9 15.85 Setting up libnspr4:amd64 (2:4.35-1) ...
2026-10-07T21:16:40.0788925Z #9 15.85 Setting up libavahi-common-data:amd64 (0.8-10+deb12u1) ...
2026-10-07T21:16:40.0789495Z #9 15.85 Setting up libdbus-1-3:amd64 (1.14.10-1~deb12u1) ...
2026-10-07T21:16:40.0790184Z #9 15.85 Setting up libfribidi0:amd64 (1.0.8-2.1) ...
2026-10-07T21:16:40.0790907Z #9 15.85 Setting up libopus0:amd64 (1.3.1-3) ...
2026-10-07T21:16:40.0791696Z #9 15.86 Setting up libproc2-0:amd64 (2:4.0.2-3) ...
2026-10-07T21:16:40.0792532Z #9 15.86 Setting up libpng16-16:amd64 (1.6.39-2+deb12u6) ...
2026-10-07T21:16:40.0793201Z #9 15.86 Setting up libvorbis0a:amd64 (1.3.7-1) ...
2026-10-07T21:16:40.0793584Z #9 15.86 Setting up fonts-dejavu-core (2.37-6) ...
2026-10-07T21:16:40.0794286Z #9 15.88 Setting up libsensors5:amd64 (1:3.6.0-7.1) ...
2026-10-07T21:16:40.0794926Z #9 15.88 Setting up libncursesw6:amd64 (6.4-4) ...
2026-10-07T21:16:40.0795688Z #9 15.88 Setting up libk5crypto3:amd64 (1.20.1-2+deb12u5) ...
2026-10-07T21:16:40.0796165Z #9 15.88 Setting up libdav1d6:amd64 (1.0.0-2+deb12u1) ...
2026-10-07T21:16:40.0796598Z #9 15.88 Setting up libglapi-mesa:amd64 (22.3.6-1+deb12u2) ...
2026-10-07T21:16:40.0797398Z #9 15.89 Setting up libopenh264-7:amd64 (2.3.1+dfsg-3+deb12u2) ...
2026-10-07T21:16:40.1792361Z #9 15.89 Setting up libwebp7:amd64 (1.2.4-0.2+deb12u1) ...
2026-10-07T21:16:40.1793412Z #9 15.90 Setting up libasyncns0:amd64 (0.8-6+b3) ...
2026-10-07T21:16:40.1794678Z #9 15.90 Setting up libxshmfence1:amd64 (1.3-1) ...
2026-10-07T21:16:40.1795381Z #9 15.90 Setting up at-spi2-common (2.46.0-5) ...
2026-10-07T21:16:40.1795924Z #9 15.90 Setting up libtiff6:amd64 (4.5.0-6+deb12u4) ...
2026-10-07T21:16:40.1796461Z #9 15.90 Setting up dbus-session-bus-common (1.14.10-1~deb12u1) ...
2026-10-07T21:16:40.1796931Z #9 15.91 Setting up procps (2:4.0.2-3) ...
2026-10-07T21:16:40.1797367Z #9 15.93 Setting up libasound2:amd64 (1.2.8-1+b1) ...
2026-10-07T21:16:40.1797850Z #9 15.93 Setting up libopenjp2-7:amd64 (2.5.0-2+deb12u3) ...
2026-10-07T21:16:40.1798303Z #9 15.93 Setting up libthai-data (0.1.29-1) ...
2026-10-07T21:16:40.1801776Z #9 15.93 Setting up libatk1.0-0:amd64 (2.46.0-5) ...
2026-10-07T21:16:40.1802652Z #9 15.94 Setting up libkrb5-3:amd64 (1.20.1-2+deb12u5) ...
2026-10-07T21:16:40.1803360Z #9 15.94 Setting up libwayland-egl1:amd64 (1.21.0-1) ...
2026-10-07T21:16:40.1804157Z #9 15.94 Setting up dbus-system-bus-common (1.14.10-1~deb12u1) ...
2026-10-07T21:16:40.1804797Z #9 15.99 Setting up libbsd0:amd64 (0.11.7-2) ...
2026-10-07T21:16:40.1805181Z #9 15.99 Setting up libdrm-common (2.4.114-1) ...
2026-10-07T21:16:40.3055957Z #9 16.00 Setting up libelf1:amd64 (0.188-2.1) ...
2026-10-07T21:16:40.3056765Z #9 16.00 Setting up libxml2:amd64 (2.9.14+dfsg-1.3~deb12u6) ...
2026-10-07T21:16:40.3057201Z #9 16.00 Setting up xdg-utils (1.1.3-4.1) ...
2026-10-07T21:16:40.3057797Z #9 16.01 update-alternatives: using /usr/bin/xdg-open to provide /usr/bin/open (open) in auto mode
2026-10-07T21:16:40.3058936Z #9 16.01 update-alternatives: warning: skip creation of /usr/share/man/man1/open.1.gz because associated file /usr/share/man/man1/xdg-open.1.gz (of link group open) doesn't exist
2026-10-07T21:16:40.3059755Z #9 16.01 Setting up dbus-bin (1.14.10-1~deb12u1) ...
2026-10-07T21:16:40.3060145Z #9 16.01 Setting up libmp3lame0:amd64 (3.100-6) ...
2026-10-07T21:16:40.3060542Z #9 16.04 Setting up libvorbisenc2:amd64 (1.3.7-1) ...
2026-10-07T21:16:40.3060942Z #9 16.04 Setting up libxkbcommon0:amd64 (1.5.0-1) ...
2026-10-07T21:16:40.3061677Z #9 16.04 Setting up libwayland-client0:amd64 (1.21.0-1) ...
2026-10-07T21:16:40.3062088Z #9 16.04 Setting up libice6:amd64 (2:1.0.10-1) ...
2026-10-07T21:16:40.3062467Z #9 16.05 Setting up libxdmcp6:amd64 (1:1.1.2-3) ...
2026-10-07T21:16:40.3062822Z #9 16.05 Setting up libxcb1:amd64 (1.15-1) ...
2026-10-07T21:16:40.3063193Z #9 16.05 Setting up libxcb-xfixes0:amd64 (1.15-1) ...
2026-10-07T21:16:40.3063570Z #9 16.05 Setting up libxcb-render0:amd64 (1.15-1) ...
2026-10-07T21:16:40.3064312Z #9 16.05 Setting up fontconfig-config (2.14.1-4) ...
2026-10-07T21:16:40.3064732Z #9 16.12 debconf: unable to initialize frontend: Dialog
2026-10-07T21:16:40.3065228Z #9 16.12 debconf: (TERM is not set, so the dialog frontend is not usable.)
2026-10-07T21:16:40.3065678Z #9 16.12 debconf: falling back to frontend: Readline
2026-10-07T21:16:40.4337067Z #9 16.12 debconf: unable to initialize frontend: Readline
2026-10-07T21:16:40.4340456Z #9 16.12 debconf: (Can't locate Term/ReadLine.pm in @INC (you may need to install the Term::ReadLine module) (@INC contains: /etc/perl /usr/local/lib/x86_64-linux-gnu/perl/5.36.0 /usr/local/share/perl/5.36.0 /usr/lib/x86_64-linux-gnu/perl5/5.36 /usr/share/perl5 /usr/lib/x86_64-linux-gnu/perl-base /usr/lib/x86_64-linux-gnu/perl/5.36 /usr/share/perl/5.36 /usr/local/lib/site_perl) at /usr/share/perl5/Debconf/FrontEnd/Readline.pm line 7.)
2026-10-07T21:16:40.4343184Z #9 16.12 debconf: falling back to frontend: Teletype
2026-10-07T21:16:40.4344137Z #9 16.25 Setting up libxcb-glx0:amd64 (1.15-1) ...
2026-10-07T21:16:40.6460387Z #9 16.25 Setting up libedit2:amd64 (3.1-20221030-2) ...
2026-10-07T21:16:40.6461277Z #9 16.25 Setting up libxcb-shape0:amd64 (1.15-1) ...
2026-10-07T21:16:40.6462093Z #9 16.25 Setting up libavahi-common3:amd64 (0.8-10+deb12u1) ...
2026-10-07T21:16:40.6462903Z #9 16.26 Setting up libnss3:amd64 (2:3.87.1-1+deb12u4) ...
2026-10-07T21:16:40.6463629Z #9 16.26 Setting up libxcb-shm0:amd64 (1.15-1) ...
2026-10-07T21:16:40.6464592Z #9 16.26 Setting up dbus-daemon (1.14.10-1~deb12u1) ...
2026-10-07T21:16:40.6465332Z #9 16.27 Setting up libxcb-present0:amd64 (1.15-1) ...
2026-10-07T21:16:40.6466027Z #9 16.28 Setting up libthai0:amd64 (0.1.29-1) ...
2026-10-07T21:16:40.6466833Z #9 16.28 Setting up libfreetype6:amd64 (2.12.1+dfsg-5+deb12u4) ...
2026-10-07T21:16:40.6467618Z #9 16.28 Setting up libxcb-sync1:amd64 (1.15-1) ...
2026-10-07T21:16:40.6468322Z #9 16.28 Setting up dbus (1.14.10-1~deb12u1) ...
2026-10-07T21:16:40.6469057Z #9 16.30 invoke-rc.d: could not determine current runlevel
2026-10-07T21:16:40.6469878Z #9 16.31 invoke-rc.d: policy-rc.d denied execution of start.
2026-10-07T21:16:40.6471097Z #9 16.31 Setting up shared-mime-info (2.2-1) ...
2026-10-07T21:16:41.1439607Z #9 16.96 Setting up libgssapi-krb5-2:amd64 (1.20.1-2+deb12u5) ...
2026-10-07T21:16:41.2789576Z #9 16.96 Setting up libxcb-dri2-0:amd64 (1.15-1) ...
2026-10-07T21:16:41.2790324Z #9 16.96 Setting up libdrm2:amd64 (2.4.114-1+b1) ...
2026-10-07T21:16:41.2790780Z #9 16.97 Setting up libwayland-cursor0:amd64 (1.21.0-1) ...
2026-10-07T21:16:41.2791242Z #9 16.97 Setting up libxcb-randr0:amd64 (1.15-1) ...
2026-10-07T21:16:41.2791662Z #9 16.97 Setting up libllvm15:amd64 (1:15.0.6-4+b1) ...
2026-10-07T21:16:41.2792125Z #9 16.97 Setting up libpam-systemd:amd64 (252.39-1~deb12u2) ...
2026-10-07T21:16:41.2792573Z #9 17.04 debconf: unable to initialize frontend: Dialog
2026-10-07T21:16:41.2793063Z #9 17.04 debconf: (TERM is not set, so the dialog frontend is not usable.)
2026-10-07T21:16:41.2793554Z #9 17.04 debconf: falling back to frontend: Readline
2026-10-07T21:16:41.2794283Z #9 17.04 debconf: unable to initialize frontend: Readline
2026-10-07T21:16:41.2796582Z #9 17.04 debconf: (Can't locate Term/ReadLine.pm in @INC (you may need to install the Term::ReadLine module) (@INC contains: /etc/perl /usr/local/lib/x86_64-linux-gnu/perl/5.36.0 /usr/local/share/perl/5.36.0 /usr/lib/x86_64-linux-gnu/perl5/5.36 /usr/share/perl5 /usr/lib/x86_64-linux-gnu/perl-base /usr/lib/x86_64-linux-gnu/perl/5.36 /usr/share/perl/5.36 /usr/local/lib/site_perl) at /usr/share/perl5/Debconf/FrontEnd/Readline.pm line 7.)
2026-10-07T21:16:41.2798637Z #9 17.04 debconf: falling back to frontend: Teletype
2026-10-07T21:16:41.2799083Z #9 17.09 Setting up libx11-6:amd64 (2:1.8.4-2+deb12u2) ...
2026-10-07T21:16:41.4808310Z #9 17.10 Setting up libharfbuzz0b:amd64 (6.0.0+dfsg-3) ...
2026-10-07T21:16:41.4809215Z #9 17.10 Setting up libgdk-pixbuf-2.0-0:amd64 (2.42.10+dfsg-1+deb12u4) ...
2026-10-07T21:16:41.4809809Z #9 17.12 Setting up libfontconfig1:amd64 (2.14.1-4) ...
2026-10-07T21:16:41.4810322Z #9 17.12 Setting up libsndfile1:amd64 (1.2.0-1+deb12u1) ...
2026-10-07T21:16:41.4810862Z #9 17.12 Setting up libxkbfile1:amd64 (1:1.1.0-1) ...
2026-10-07T21:16:41.4811371Z #9 17.12 Setting up libxcomposite1:amd64 (1:0.4.5-1) ...
2026-10-07T21:16:41.4811833Z #9 17.13 Setting up libsm6:amd64 (2:1.2.3-1) ...
2026-10-07T21:16:41.4812335Z #9 17.13 Setting up libavahi-client3:amd64 (0.8-10+deb12u1) ...
2026-10-07T21:16:41.4812833Z #9 17.13 Setting up libxmuu1:amd64 (2:1.1.3-3) ...
2026-10-07T21:16:41.4813334Z #9 17.13 Setting up libdrm-amdgpu1:amd64 (2.4.114-1+b1) ...
2026-10-07T21:16:41.4814139Z #9 17.13 Setting up libxcb-dri3-0:amd64 (1.15-1) ...
2026-10-07T21:16:41.4814685Z #9 17.14 Setting up gtk-update-icon-cache (3.24.38-2~deb12u3) ...
2026-10-07T21:16:41.4815245Z #9 17.14 Setting up libx11-xcb1:amd64 (2:1.8.4-2+deb12u2) ...
2026-10-07T21:16:41.4815715Z #9 17.14 Setting up fontconfig (2.14.1-4) ...
2026-10-07T21:16:43.3437081Z #9 17.14 Regenerating fonts cache... done.
2026-10-07T21:16:43.4680535Z #9 19.16 Setting up libdrm-nouveau2:amd64 (2.4.114-1+b1) ...
2026-10-07T21:16:43.4681478Z #9 19.16 Setting up libxdamage1:amd64 (1:1.1.6-1) ...
2026-10-07T21:16:43.4682245Z #9 19.16 Setting up libxpm4:amd64 (1:3.5.12-1.1+deb12u1) ...
2026-10-07T21:16:43.4682769Z #9 19.17 Setting up libxrender1:amd64 (1:0.9.10-1.1) ...
2026-10-07T21:16:43.4683284Z #9 19.17 Setting up libgbm1:amd64 (22.3.6-1+deb12u2) ...
2026-10-07T21:16:43.4684071Z #9 19.17 Setting up libpulse0:amd64 (16.1+dfsg1-2+b1) ...
2026-10-07T21:16:43.4684634Z #9 19.18 Setting up libdrm-radeon1:amd64 (2.4.114-1+b1) ...
2026-10-07T21:16:43.4685143Z #9 19.18 Setting up libpango-1.0-0:amd64 (1.50.12+ds-1) ...
2026-10-07T21:16:43.4685651Z #9 19.18 Setting up libdrm-intel1:amd64 (2.4.114-1+b1) ...
2026-10-07T21:16:43.4686180Z #9 19.18 Setting up libgl1-mesa-dri:amd64 (22.3.6-1+deb12u2) ...
2026-10-07T21:16:43.4686695Z #9 19.19 Setting up libxext6:amd64 (2:1.3.4-1+b1) ...
2026-10-07T21:16:43.4687406Z #9 19.20 Setting up libcairo2:amd64 (1.16.0-7) ...
2026-10-07T21:16:43.4688126Z #9 19.20 Setting up libxxf86vm1:amd64 (1:1.1.4-1+b2) ...
2026-10-07T21:16:43.4689160Z #9 19.20 Setting up libxnvctrl0:amd64 (525.85.05-3~deb12u1) ...
2026-10-07T21:16:43.4689729Z #9 19.20 Setting up dbus-user-session (1.14.10-1~deb12u1) ...
2026-10-07T21:16:43.4690220Z #9 19.20 Setting up adwaita-icon-theme (43-1) ...
2026-10-07T21:16:43.4691403Z #9 19.28 update-alternatives: using /usr/share/icons/Adwaita/cursor.theme to provide /usr/share/icons/default/index.theme (x-cursor-theme) in auto mode
2026-10-07T21:16:43.5829844Z #9 19.28 Setting up libxfixes3:amd64 (1:6.0.0-2) ...
2026-10-07T21:16:43.5830713Z #9 19.29 Setting up libxinerama1:amd64 (2:1.1.4-3) ...
2026-10-07T21:16:43.5831495Z #9 19.29 Setting up libxv1:amd64 (2:1.0.11-1.1) ...
2026-10-07T21:16:43.5832540Z #9 19.29 Setting up libxrandr2:amd64 (2:1.5.2-2+b1) ...
2026-10-07T21:16:43.5833464Z #9 19.29 Setting up libxt6:amd64 (1:1.2.1-1.1) ...
2026-10-07T21:16:43.5834621Z #9 19.30 Setting up libcups2:amd64 (2.4.2-3+deb12u9) ...
2026-10-07T21:16:43.5835333Z #9 19.30 Setting up libharfbuzz-subset0:amd64 (6.0.0+dfsg-3) ...
2026-10-07T21:16:43.5836440Z #9 19.30 Setting up libcairo-gobject2:amd64 (1.16.0-7) ...
2026-10-07T21:16:43.5837294Z #9 19.30 Setting up libpangoft2-1.0-0:amd64 (1.50.12+ds-1) ...
2026-10-07T21:16:43.5838196Z #9 19.31 Setting up libpangocairo-1.0-0:amd64 (1.50.12+ds-1) ...
2026-10-07T21:16:43.5838742Z #9 19.31 Setting up libxft2:amd64 (2.3.6-1) ...
2026-10-07T21:16:43.5839702Z #9 19.31 Setting up libxmu6:amd64 (2:1.1.3-3) ...
2026-10-07T21:16:43.5840143Z #9 19.31 Setting up libglx-mesa0:amd64 (22.3.6-1+deb12u2) ...
2026-10-07T21:16:43.5840701Z #9 19.32 Setting up libxi6:amd64 (2:1.8-1+b1) ...
2026-10-07T21:16:43.5841353Z #9 19.32 Setting up libglx0:amd64 (1.6.0-1) ...
2026-10-07T21:16:43.5841911Z #9 19.32 Setting up libxtst6:amd64 (2:1.2.3-1.1) ...
2026-10-07T21:16:43.5842319Z #9 19.32 Setting up libxcursor1:amd64 (1:1.2.1-1) ...
2026-10-07T21:16:43.5843088Z #9 19.32 Setting up libxxf86dga1:amd64 (2:1.1.5-1) ...
2026-10-07T21:16:43.5844267Z #9 19.33 Setting up dconf-service (0.40.0-4) ...
2026-10-07T21:16:43.5845016Z #9 19.33 Setting up libxaw7:amd64 (2:1.0.14-1) ...
2026-10-07T21:16:43.5845662Z #9 19.33 Setting up libatspi2.0-0:amd64 (2.46.0-5) ...
2026-10-07T21:16:43.5846087Z #9 19.36 Setting up libatk-bridge2.0-0:amd64 (2.46.0-5) ...
2026-10-07T21:16:43.5846769Z #9 19.36 Setting up libgl1:amd64 (1.6.0-1) ...
2026-10-07T21:16:43.5847127Z #9 19.36 Setting up x11-utils (7.7+5) ...
2026-10-07T21:16:43.5847539Z #9 19.37 Setting up chromium-common (154.0.8037.92-1~deb12u1) ...
2026-10-07T21:16:43.5848374Z #9 19.37 Setting up dconf-gsettings-backend:amd64 (0.40.0-4) ...
2026-10-07T21:16:43.5849078Z #9 19.37 Setting up libgtk-3-common (3.24.38-2~deb12u3) ...
2026-10-07T21:16:43.5849638Z #9 19.38 Setting up libgtk-3-0:amd64 (3.24.38-2~deb12u3) ...
2026-10-07T21:16:43.5850437Z #9 19.40 Setting up chromium (154.0.8037.92-1~deb12u1) ...
2026-10-07T21:16:43.7466682Z #9 19.40 update-alternatives: using /usr/bin/chromium to provide /usr/bin/x-www-browser (x-www-browser) in auto mode
2026-10-07T21:16:43.7467741Z #9 19.41 update-alternatives: using /usr/bin/chromium to provide /usr/bin/gnome-www-browser (gnome-www-browser) in auto mode
2026-10-07T21:16:43.7468455Z #9 19.41 Processing triggers for libc-bin (2.36-9+deb12u14) ...
2026-10-07T21:16:45.1480823Z #9 DONE 21.0s
2026-10-07T21:16:45.3157033Z 
2026-10-07T21:16:45.3157897Z #10 [5/9] COPY package.json pnpm-lock.yaml pnpm-workspace.yaml ./
2026-10-07T21:16:45.3158670Z #10 DONE 0.0s
2026-10-07T21:16:45.3158898Z 
2026-10-07T21:16:45.3159225Z #11 [6/9] RUN pnpm install --frozen-lockfile
2026-10-07T21:16:45.3586252Z #11 0.193 ! Corepack is about to download https://registry.npmjs.org/pnpm/-/pnpm-10.18.3.tgz
2026-10-07T21:16:46.7041486Z #11 1.539 Lockfile is up to date, resolution step is skipped
2026-10-07T21:16:46.8270154Z #11 1.591 Progress: resolved 1, reused 0, downloaded 0, added 0
2026-10-07T21:16:46.8271863Z #11 1.662 Packages: +408
2026-10-07T21:16:46.8272956Z #11 1.662 ++++++++++++++++++++++++++++++++++++++++++++++++++++++++++++++++++++++++++++++++
2026-10-07T21:16:47.0396333Z #11 1.875 
2026-10-07T21:16:47.0398776Z #11 1.875    ╭───────────────────────────────────────────────╮
2026-10-07T21:16:47.0400016Z #11 1.875    │                                               │
2026-10-07T21:16:47.0401126Z #11 1.875    │     Update available! 10.18.3 → 12.10.1.      │
2026-10-07T21:16:47.0402267Z #11 1.875    │     Changelog: https://pnpm.io/v/12.10.1      │
2026-10-07T21:16:47.0403487Z #11 1.875    │   To update, run: corepack use pnpm@12.10.1   │
2026-10-07T21:16:47.0405055Z #11 1.875    │                                               │
2026-10-07T21:16:47.0406311Z #11 1.875    ╰───────────────────────────────────────────────╯
2026-10-07T21:16:47.0406921Z #11 1.875 
2026-10-07T21:16:47.7595293Z #11 2.592 Progress: resolved 408, reused 0, downloaded 143, added 78
2026-10-07T21:16:48.7583963Z #11 3.593 Progress: resolved 408, reused 0, downloaded 245, added 142
2026-10-07T21:16:49.7635782Z #11 4.596 Progress: resolved 408, reused 0, downloaded 326, added 186
2026-10-07T21:16:50.7626650Z #11 5.597 Progress: resolved 408, reused 0, downloaded 405, added 246
2026-10-07T21:16:51.2889034Z #11 6.124 Progress: resolved 408, reused 0, downloaded 408, added 408, done
2026-10-07T21:16:51.4300782Z #11 6.264 .../node_modules/@prisma/engines postinstall$ node scripts/postinstall.js
2026-10-07T21:16:51.5765867Z #11 6.294 .../esbuild@0.28.1/node_modules/esbuild postinstall$ node install.js
2026-10-07T21:16:51.5767499Z #11 6.295 .../esbuild@0.28.2/node_modules/esbuild postinstall$ node install.js
2026-10-07T21:16:51.5768564Z #11 6.296 .../esbuild@0.25.12/node_modules/esbuild postinstall$ node install.js
2026-10-07T21:16:51.5769563Z #11 6.296 .../node_modules/workerd postinstall$ node install.js
2026-10-07T21:16:51.5770468Z #11 6.411 .../esbuild@0.28.1/node_modules/esbuild postinstall: Done
2026-10-07T21:16:51.7345501Z #11 6.435 .../esbuild@0.28.2/node_modules/esbuild postinstall: Done
2026-10-07T21:16:51.7346433Z #11 6.450 .../esbuild@0.25.12/node_modules/esbuild postinstall: Done
2026-10-07T21:16:51.7347252Z #11 6.569 .../node_modules/workerd postinstall: Done
2026-10-07T21:16:52.1286241Z #11 6.963 .../node_modules/@prisma/engines postinstall: Done
2026-10-07T21:16:52.2866732Z #11 7.043 .../node_modules/prisma preinstall$ node scripts/preinstall-entry.js
2026-10-07T21:16:52.2868099Z #11 7.120 .../node_modules/prisma preinstall: Done
2026-10-07T21:16:52.6363011Z #11 7.471 
2026-10-07T21:16:52.6366553Z #11 7.471 dependencies:
2026-10-07T21:16:52.6367460Z #11 7.471 + @cloudflare/containers 0.3.7
2026-10-07T21:16:52.6368126Z #11 7.471 + @supabase/server 1.8.0
2026-10-07T21:16:52.6369472Z #11 7.471 + @supabase/supabase-js 2.117.0
2026-10-07T21:16:52.6369893Z #11 7.471 + @tiptap/extension-collaboration 3.31.3
2026-10-07T21:16:52.6370350Z #11 7.471 + @tiptap/extension-collaboration-caret 3.31.3
2026-10-07T21:16:52.6370731Z #11 7.471 + @tiptap/react 3.31.3
2026-10-07T21:16:52.6371041Z #11 7.471 + @tiptap/starter-kit 3.31.3
2026-10-07T21:16:52.6371360Z #11 7.471 + @vitejs/plugin-react 5.2.0
2026-10-07T21:16:52.6371639Z #11 7.471 + cross-env 10.1.0
2026-10-07T21:16:52.6371906Z #11 7.471 + dotenv 17.4.2
2026-10-07T21:16:52.6372144Z #11 7.471 + esbuild 0.25.12
2026-10-07T21:16:52.6372408Z #11 7.471 + esbuild-wasm 0.25.12
2026-10-07T21:16:52.6372702Z #11 7.471 + express 5.2.1
2026-10-07T21:16:52.6372964Z #11 7.471 + lucide-react 0.468.0
2026-10-07T21:16:52.6373218Z #11 7.471 + react 19.2.8
2026-10-07T21:16:52.6373457Z #11 7.471 + react-dom 19.2.8
2026-10-07T21:16:52.6373690Z #11 7.471 + vite 7.3.6
2026-10-07T21:16:52.6374922Z #11 7.471 + ws 8.21.3
2026-10-07T21:16:52.6375393Z #11 7.471 + y-protocols 1.0.7
2026-10-07T21:16:52.6375886Z #11 7.471 + yjs 13.6.32
2026-10-07T21:16:52.6376263Z #11 7.471 
2026-10-07T21:16:52.6376665Z #11 7.471 devDependencies:
2026-10-07T21:16:52.6377222Z #11 7.471 + @prisma/adapter-pg 7.10.0
2026-10-07T21:16:52.6377800Z #11 7.471 + @prisma/client 7.10.0
2026-10-07T21:16:52.6378345Z #11 7.471 + @types/express 5.0.6
2026-10-07T21:16:52.6378862Z #11 7.471 + @types/node 22.20.1
2026-10-07T21:16:52.6379316Z #11 7.471 + @types/pg 8.23.1
2026-10-07T21:16:52.6380181Z #11 7.471 + @types/react 19.2.18
2026-10-07T21:16:52.6380839Z #11 7.471 + @types/react-dom 19.2.7
2026-10-07T21:16:52.6381381Z #11 7.471 + @types/ws 8.18.1
2026-10-07T21:16:52.6381826Z #11 7.471 + pg 8.23.0
2026-10-07T21:16:52.6382241Z #11 7.471 + prisma 7.10.0
2026-10-07T21:16:52.6382687Z #11 7.471 + tsx 4.23.13
2026-10-07T21:16:52.6383127Z #11 7.471 + typescript 5.9.3
2026-10-07T21:16:52.6383604Z #11 7.471 + wrangler 4.131.1
2026-10-07T21:16:52.6384319Z #11 7.471 
2026-10-07T21:16:52.7615749Z #11 7.594 Done in 6.4s using pnpm v10.18.3
2026-10-07T21:16:52.9697964Z #11 DONE 7.7s
2026-10-07T21:16:52.9698395Z 
2026-10-07T21:16:52.9699419Z #12 [7/9] COPY . .
2026-10-07T21:16:54.0604899Z #12 DONE 1.2s
2026-10-07T21:16:54.2120535Z 
2026-10-07T21:16:54.2121228Z #13 [8/9] RUN pnpm build
2026-10-07T21:16:54.5355341Z #13 0.474 
2026-10-07T21:16:54.5356494Z #13 0.474 > cocreate@1.0.0 build /app
2026-10-07T21:16:54.5358293Z #13 0.474 > tsc --noEmit && vite build --configLoader runner
2026-10-07T21:16:54.5358949Z #13 0.474 
2026-10-07T21:17:02.6650381Z #13 8.604 vite v7.3.6 building client environment for production...
2026-10-07T21:17:02.8906171Z #13 8.678 transforming...
2026-10-07T21:17:06.6245055Z #13 12.56 ✓ 1749 modules transformed.
2026-10-07T21:17:06.8716353Z #13 12.81 rendering chunks...
2026-10-07T21:17:07.1231163Z #13 13.06 computing gzip size...
2026-10-07T21:17:07.2529579Z #13 13.08 dist/index.html                             0.44 kB │ gzip:   0.30 kB
2026-10-07T21:17:07.2530998Z #13 13.08 dist/assets/App-BqUO_rW7.css                2.56 kB │ gzip:   0.85 kB
2026-10-07T21:17:07.2533690Z #13 13.09 dist/assets/LandingPage-CNj4pefA.css       13.13 kB │ gzip:   2.95 kB
2026-10-07T21:17:07.2536486Z #13 13.09 dist/assets/index-cyLHvudv.css             75.38 kB │ gzip:  14.48 kB
2026-10-07T21:17:07.2538466Z #13 13.09 dist/assets/users-BIdyuxqP.js               0.69 kB │ gzip:   0.39 kB
2026-10-07T21:17:07.2539949Z #13 13.09 dist/assets/createLucideIcon-DcEYS1mU.js    0.89 kB │ gzip:   0.55 kB
2026-10-07T21:17:07.2541406Z #13 13.09 dist/assets/x-DO2zMSIY.js                   1.70 kB │ gzip:   0.78 kB
2026-10-07T21:17:07.2542353Z #13 13.09 dist/assets/LandingPage-DCr6qHiF.js        15.33 kB │ gzip:   4.92 kB
2026-10-07T21:17:07.2543028Z #13 13.09 dist/assets/ProjectApp-DXmAqhy1.js         29.68 kB │ gzip:   9.01 kB
2026-10-07T21:17:07.2543675Z #13 13.09 dist/assets/index-BPNFqXSv.js             421.95 kB │ gzip: 121.32 kB
2026-10-07T21:17:07.2544643Z #13 13.09 dist/assets/App-DhzRZNRs.js               583.75 kB │ gzip: 185.76 kB
2026-10-07T21:17:07.2545014Z #13 13.09 
2026-10-07T21:17:07.2545402Z #13 13.09 (!) Some chunks are larger than 500 kB after minification. Consider:
2026-10-07T21:17:07.2545921Z #13 13.09 - Using dynamic import() to code-split the application
2026-10-07T21:17:07.2546775Z #13 13.09 - Use build.rollupOptions.output.manualChunks to improve chunking: https://rollupjs.org/configuration-options/#output-manualchunks
2026-10-07T21:17:07.2547647Z #13 13.09 - Adjust chunk size limit for this warning via build.chunkSizeWarningLimit.
2026-10-07T21:17:07.2548108Z #13 13.09 ✓ built in 4.45s
2026-10-07T21:17:07.2548328Z #13 DONE 13.2s
2026-10-07T21:17:07.4043164Z 
2026-10-07T21:17:07.4045032Z #14 [9/9] RUN pnpm exec tsx scripts/prepare-isolation.ts --files-only && mkdir -p /app/data /app/generated && chown -R node:node /app/.runtime /app/data /app/generated
2026-10-07T21:17:07.9571065Z #14 0.703 {"policy":"isolated-compile-v1","platform":"linux","scope":"Trusted files prepared; kernel boundary not exercised"}
2026-10-07T21:17:08.1518763Z #14 DONE 0.7s
2026-10-07T21:17:08.1519045Z 
2026-10-07T21:17:08.1519254Z #15 exporting to image
2026-10-07T21:17:08.1519691Z #15 exporting layers
2026-10-07T21:17:17.6137756Z #15 exporting layers 9.6s done
2026-10-07T21:17:17.6324984Z #15 writing image sha256:c3318e7b36ac404eccc9ed7c4b0824d2e75c8375a8cf1f5ae9e978d25e4d0936 done
2026-10-07T21:17:17.6326195Z #15 naming to docker.io/library/cocreate-check done
2026-10-07T21:17:17.6327219Z #15 DONE 9.6s
2026-10-07T21:17:17.6333969Z 
2026-10-07T21:17:17.6334970Z  [33m4 warnings found (use docker --debug to expand):
2026-10-07T21:17:17.6336974Z [0m - SecretsUsedInArgOrEnv: Do not use ARG or ENV instructions for sensitive data (ARG "VITE_COCREATE_AUTH_MODE") (line 11)
2026-10-07T21:17:17.6338896Z  - SecretsUsedInArgOrEnv: Do not use ARG or ENV instructions for sensitive data (ARG "VITE_SUPABASE_PUBLISHABLE_KEY") (line 14)
2026-10-07T21:17:17.6340604Z  - SecretsUsedInArgOrEnv: Do not use ARG or ENV instructions for sensitive data (ENV "VITE_COCREATE_AUTH_MODE") (line 15)
2026-10-07T21:17:17.6342199Z  - SecretsUsedInArgOrEnv: Do not use ARG or ENV instructions for sensitive data (ENV "VITE_SUPABASE_PUBLISHABLE_KEY") (line 18)
2026-10-07T21:17:17.6485428Z ##[group]Run docker run --rm --network none --cap-drop ALL --security-opt no-new-privileges --security-opt seccomp=unconfined --security-opt apparmor=unconfined --security-opt systempaths=unconfined --memory 1g --memory-swap 1g --pids-limit 256 cocreate-check node --import tsx scripts/prepare-isolation.ts
2026-10-07T21:17:17.6487571Z [36;1mdocker run --rm --network none --cap-drop ALL --security-opt no-new-privileges --security-opt seccomp=unconfined --security-opt apparmor=unconfined --security-opt systempaths=unconfined --memory 1g --memory-swap 1g --pids-limit 256 cocreate-check node --import tsx scripts/prepare-isolation.ts[0m
2026-10-07T21:17:17.6559681Z shell: /usr/bin/bash -e {0}
2026-10-07T21:17:17.6559951Z env:
2026-10-07T21:17:17.6560207Z   PNPM_HOME: /home/runner/setup-pnpm/node_modules/.bin
2026-10-07T21:17:17.6560530Z ##[endgroup]
2026-10-07T21:17:18.0122802Z {"policy":"isolated-compile-v1","platform":"linux","scope":"Actual OS boundary preflight passed; no inference"}
2026-10-07T21:17:18.0784612Z ##[group]Run docker run --rm --network none --cap-drop ALL --security-opt no-new-privileges --security-opt seccomp=unconfined --security-opt apparmor=unconfined --security-opt systempaths=unconfined --memory 1g --memory-swap 1g --pids-limit 256 cocreate-check node --import tsx --input-type=module -e 'import {assertVerificationBrowserAvailable} from "./server/isolation/browser.ts"; await assertVerificationBrowserAvailable(); console.log("Actual Linux browser boundary passed; no inference");'
2026-10-07T21:17:18.0788184Z [36;1mdocker run --rm --network none --cap-drop ALL --security-opt no-new-privileges --security-opt seccomp=unconfined --security-opt apparmor=unconfined --security-opt systempaths=unconfined --memory 1g --memory-swap 1g --pids-limit 256 cocreate-check node --import tsx --input-type=module -e 'import {assertVerificationBrowserAvailable} from "./server/isolation/browser.ts"; await assertVerificationBrowserAvailable(); console.log("Actual Linux browser boundary passed; no inference");'[0m
2026-10-07T21:17:18.0861983Z shell: /usr/bin/bash -e {0}
2026-10-07T21:17:18.0862231Z env:
2026-10-07T21:17:18.0862483Z   PNPM_HOME: /home/runner/setup-pnpm/node_modules/.bin
2026-10-07T21:17:18.0862794Z ##[endgroup]
2026-10-07T21:17:18.7761457Z /app/server/isolation/browser.ts:11
2026-10-07T21:17:18.7764270Z const unavailable = () => new IsolationError('isolation_unavailable', 'Isolated verification browser is unavailable. Prepare the verification runtime, then explicitly retry; the previous artifact is retained.');
2026-10-07T21:17:18.7766055Z                           ^
2026-10-07T21:17:18.7766478Z 
2026-10-07T21:17:18.7768194Z IsolationError: Isolated verification browser is unavailable. Prepare the verification runtime, then explicitly retry; the previous artifact is retained.
2026-10-07T21:17:18.7769899Z     at unavailable (/app/server/isolation/browser.ts:11:27)
2026-10-07T21:17:18.7771077Z     at Socket.<anonymous> (/app/server/isolation/browser.ts:62:47)
2026-10-07T21:17:18.7772051Z     at Socket.emit (node:events:519:28)
2026-10-07T21:17:18.7772713Z     at emitErrorNT (node:internal/streams/destroy:170:8)
2026-10-07T21:17:18.7773528Z     at emitErrorCloseNT (node:internal/streams/destroy:129:3)
2026-10-07T21:17:18.7774751Z     at process.processTicksAndRejections (node:internal/process/task_queues:89:21) {
2026-10-07T21:17:18.7775562Z   code: 'isolation_unavailable',
2026-10-07T21:17:18.7776160Z   cause: { exitCode: 133, phase: 'cleanup', diagnostic: '' }
2026-10-07T21:17:18.7776708Z }
2026-10-07T21:17:18.7776876Z 
2026-10-07T21:17:18.7777027Z Node.js v22.23.3
2026-10-07T21:17:18.8343489Z ##[error]Process completed with exit code 1.
2026-10-07T21:17:18.8400547Z ##[group]Run docker run --rm --network none --cap-drop ALL --security-opt no-new-privileges --security-opt seccomp=unconfined --security-opt apparmor=unconfined --security-opt systempaths=unconfined --memory 1g --memory-swap 1g --pids-limit 256 cocreate-check node --import tsx scripts/diagnose-linux-browser.ts
2026-10-07T21:17:18.8402736Z [36;1mdocker run --rm --network none --cap-drop ALL --security-opt no-new-privileges --security-opt seccomp=unconfined --security-opt apparmor=unconfined --security-opt systempaths=unconfined --memory 1g --memory-swap 1g --pids-limit 256 cocreate-check node --import tsx scripts/diagnose-linux-browser.ts[0m
2026-10-07T21:17:18.8475166Z shell: /usr/bin/bash -e {0}
2026-10-07T21:17:18.8475416Z env:
2026-10-07T21:17:18.8475678Z   PNPM_HOME: /home/runner/setup-pnpm/node_modules/.bin
2026-10-07T21:17:18.8475995Z ##[endgroup]
2026-10-07T21:17:19.4090121Z {"scope":"Trusted version metadata only","addressSpace":2147483648,"status":133,"signal":null,"stdout":"","stderr":""}
2026-10-07T21:17:19.4526032Z {"scope":"Trusted version metadata only","addressSpace":"CI cgroup only","status":0,"signal":null,"stdout":"Chromium 154.0.8037.92 \n","stderr":""}
2026-10-07T21:17:19.5200820Z ##[group]Run docker run --rm --network none --cap-drop ALL --security-opt no-new-privileges --security-opt seccomp=unconfined --security-opt apparmor=unconfined --security-opt systempaths=unconfined --memory 1g --memory-swap 1g --pids-limit 256 cocreate-check node --import tsx --test --test-concurrency=1 tests/generated-isolation.test.ts
2026-10-07T21:17:19.5203198Z [36;1mdocker run --rm --network none --cap-drop ALL --security-opt no-new-privileges --security-opt seccomp=unconfined --security-opt apparmor=unconfined --security-opt systempaths=unconfined --memory 1g --memory-swap 1g --pids-limit 256 cocreate-check node --import tsx --test --test-concurrency=1 tests/generated-isolation.test.ts[0m
2026-10-07T21:17:19.5277195Z shell: /usr/bin/bash -e {0}
2026-10-07T21:17:19.5277464Z env:
2026-10-07T21:17:19.5277712Z   PNPM_HOME: /home/runner/setup-pnpm/node_modules/.bin
2026-10-07T21:17:19.5278023Z ##[endgroup]
2026-10-07T21:17:19.6710525Z TAP version 13
2026-10-07T21:17:24.0581047Z # Subtest: ordinary compilation runs in the real OS boundary and never evaluates candidate top-level code
2026-10-07T21:17:24.0590603Z ok 1 - ordinary compilation runs in the real OS boundary and never evaluates candidate top-level code
2026-10-07T21:17:24.0596222Z   ---
2026-10-07T21:17:24.0596818Z   duration_ms: 4199.785797
2026-10-07T21:17:24.0597284Z   type: 'test'
2026-10-07T21:17:24.0597652Z   ...
2026-10-07T21:17:24.0598777Z # Subtest: AppContainer without Node permissions denies an existing private host file, writes and live loopback network
2026-10-07T21:17:24.0602344Z ok 2 - AppContainer without Node permissions denies an existing private host file, writes and live loopback network # SKIP
2026-10-07T21:17:24.0604110Z   ---
2026-10-07T21:17:24.0604453Z   duration_ms: 0.21876
2026-10-07T21:17:24.0604719Z   type: 'test'
2026-10-07T21:17:24.0604919Z   ...
2026-10-07T21:17:24.1219922Z # Subtest: restricted process strips injection/secrets and denies subprocesses, workers and cross-workspace reads
2026-10-07T21:17:24.1221639Z ok 3 - restricted process strips injection/secrets and denies subprocesses, workers and cross-workspace reads
2026-10-07T21:17:24.1225523Z   ---
2026-10-07T21:17:24.1226071Z   duration_ms: 59.159502
2026-10-07T21:17:24.1226493Z   type: 'test'
2026-10-07T21:17:24.1226833Z   ...
2026-10-07T21:17:30.2350389Z # Subtest: candidate imports cannot read absolute files, traverse workspaces or download packages/styles
2026-10-07T21:17:30.2352132Z ok 4 - candidate imports cannot read absolute files, traverse workspaces or download packages/styles
2026-10-07T21:17:30.2353064Z   ---
2026-10-07T21:17:30.2353511Z   duration_ms: 6121.650098
2026-10-07T21:17:30.2354555Z   type: 'test'
2026-10-07T21:17:30.2354892Z   ...
2026-10-07T21:17:31.2503585Z # Subtest: wall timeout terminates a running child and cleans its private input
2026-10-07T21:17:31.2509335Z not ok 5 - wall timeout terminates a running child and cleans its private input
2026-10-07T21:17:31.2510373Z   ---
2026-10-07T21:17:31.2510946Z   duration_ms: 1014.81162
2026-10-07T21:17:31.2511366Z   type: 'test'
2026-10-07T21:17:31.2511914Z   location: '/app/tests/generated-isolation.test.ts:1:4884'
2026-10-07T21:17:31.2512578Z   failureType: 'testCodeFailure'
2026-10-07T21:17:31.2513048Z   error: |-
2026-10-07T21:17:31.2513483Z     The expression evaluated to a falsy value:
2026-10-07T21:17:31.2514193Z     
2026-10-07T21:17:31.2514513Z       assert.ok(pid)
2026-10-07T21:17:31.2514793Z     
2026-10-07T21:17:31.2515047Z   code: 'ERR_ASSERTION'
2026-10-07T21:17:31.2515363Z   name: 'AssertionError'
2026-10-07T21:17:31.2515722Z   expected: true
2026-10-07T21:17:31.2516075Z   actual: 0
2026-10-07T21:17:31.2516395Z   operator: '=='
2026-10-07T21:17:31.2516710Z   stack: |-
2026-10-07T21:17:31.2517318Z     TestContext.<anonymous> (/app/tests/generated-isolation.test.ts:58:10)
2026-10-07T21:17:31.2518559Z     async Test.run (node:internal/test_runner/test:1054:7)
2026-10-07T21:17:31.2519719Z     async Test.processPendingSubtests (node:internal/test_runner/test:744:7)
2026-10-07T21:17:31.2520439Z   ...
2026-10-07T21:17:41.2640840Z # Subtest: cancellation waits for real child termination and cleanup; pre-abort starts nothing
2026-10-07T21:17:41.2642338Z not ok 6 - cancellation waits for real child termination and cleanup; pre-abort starts nothing
2026-10-07T21:17:41.2643185Z   ---
2026-10-07T21:17:41.2643532Z   duration_ms: 10013.1992
2026-10-07T21:17:41.2644045Z   type: 'test'
2026-10-07T21:17:41.2644382Z   location: '/app/tests/generated-isolation.test.ts:1:5173'
2026-10-07T21:17:41.2644767Z   failureType: 'testCodeFailure'
2026-10-07T21:17:41.2645021Z   error: |-
2026-10-07T21:17:41.2645363Z     The validation function is expected to return "true". Received false
2026-10-07T21:17:41.2645722Z     
2026-10-07T21:17:41.2645918Z     Caught error:
2026-10-07T21:17:41.2646150Z     
2026-10-07T21:17:41.2647054Z     Error: Generated execution isolation is unavailable. The previous artifact is retained. Ask the operator to prepare or repair the isolated runtime, then explicitly retry; no host execution fallback is allowed.
2026-10-07T21:17:41.2647918Z   code: 'ERR_ASSERTION'
2026-10-07T21:17:41.2648153Z   name: 'AssertionError'
2026-10-07T21:17:41.2648378Z   stack: |-
2026-10-07T21:17:41.2648778Z     process.processTicksAndRejections (node:internal/process/task_queues:103:5)
2026-10-07T21:17:41.2649375Z     async TestContext.<anonymous> (/app/tests/generated-isolation.test.ts:63:3)
2026-10-07T21:17:41.2649860Z     async Test.run (node:internal/test_runner/test:1054:7)
2026-10-07T21:17:41.2650341Z     async Test.processPendingSubtests (node:internal/test_runner/test:744:7)
2026-10-07T21:17:41.2650722Z   ...
2026-10-07T21:17:41.9252877Z # Subtest: memory exhaustion cannot escape the OS bound and leaves no child work
2026-10-07T21:17:41.9257690Z not ok 7 - memory exhaustion cannot escape the OS bound and leaves no child work
2026-10-07T21:17:41.9259641Z   ---
2026-10-07T21:17:41.9260273Z   duration_ms: 661.462813
2026-10-07T21:17:41.9260884Z   type: 'test'
2026-10-07T21:17:41.9261784Z   location: '/app/tests/generated-isolation.test.ts:1:5704'
2026-10-07T21:17:41.9262625Z   failureType: 'testCodeFailure'
2026-10-07T21:17:41.9263060Z   error: |-
2026-10-07T21:17:41.9263648Z     The validation function is expected to return "true". Received false
2026-10-07T21:17:41.9264479Z     
2026-10-07T21:17:41.9264678Z     Caught error:
2026-10-07T21:17:41.9264875Z     
2026-10-07T21:17:41.9265765Z     Error: Generated execution isolation is unavailable. The previous artifact is retained. Ask the operator to prepare or repair the isolated runtime, then explicitly retry; no host execution fallback is allowed.
2026-10-07T21:17:41.9266612Z   code: 'ERR_ASSERTION'
2026-10-07T21:17:41.9266840Z   name: 'AssertionError'
2026-10-07T21:17:41.9267059Z   stack: |-
2026-10-07T21:17:41.9267454Z     async TestContext.<anonymous> (/app/tests/generated-isolation.test.ts:70:3)
2026-10-07T21:17:41.9267948Z     async Test.run (node:internal/test_runner/test:1054:7)
2026-10-07T21:17:41.9268437Z     async Test.processPendingSubtests (node:internal/test_runner/test:744:7)
2026-10-07T21:17:41.9268817Z   ...
2026-10-07T21:17:41.9269294Z # Subtest: unavailable isolation fails explicitly and cannot fall back to host compilation
2026-10-07T21:17:41.9269993Z ok 8 - unavailable isolation fails explicitly and cannot fall back to host compilation
2026-10-07T21:17:41.9270407Z   ---
2026-10-07T21:17:41.9270597Z   duration_ms: 0.91411
2026-10-07T21:17:41.9270812Z   type: 'test'
2026-10-07T21:17:41.9270999Z   ...
2026-10-07T21:17:51.9354020Z # Subtest: CPU bound stops a busy child before the longer wall deadline
2026-10-07T21:17:51.9364291Z not ok 9 - CPU bound stops a busy child before the longer wall deadline
2026-10-07T21:17:51.9364952Z   ---
2026-10-07T21:17:51.9365283Z   duration_ms: 10010.453272
2026-10-07T21:17:51.9366073Z   type: 'test'
2026-10-07T21:17:51.9366608Z   location: '/app/tests/generated-isolation.test.ts:1:6517'
2026-10-07T21:17:51.9367240Z   failureType: 'testCodeFailure'
2026-10-07T21:17:51.9367658Z   error: |-
2026-10-07T21:17:51.9368330Z     Expected values to be strictly equal:
2026-10-07T21:17:51.9368850Z     + actual - expected
2026-10-07T21:17:51.9369221Z     
2026-10-07T21:17:51.9369536Z     + 'isolation_unavailable'
2026-10-07T21:17:51.9369978Z     - 'isolation_resource_limit'
2026-10-07T21:17:51.9370229Z                  ^
2026-10-07T21:17:51.9370418Z     
2026-10-07T21:17:51.9370601Z   code: 'ERR_ASSERTION'
2026-10-07T21:17:51.9370964Z   name: 'AssertionError'
2026-10-07T21:17:51.9371459Z   expected: 'isolation_resource_limit'
2026-10-07T21:17:51.9371996Z   actual: 'isolation_unavailable'
2026-10-07T21:17:51.9372443Z   operator: 'strictEqual'
2026-10-07T21:17:51.9372847Z   stack: |-
2026-10-07T21:17:51.9373311Z     Object.<anonymous> (/app/tests/generated-isolation.test.ts:84:12)
2026-10-07T21:17:51.9374060Z     expectedException (node:assert:576:17)
2026-10-07T21:17:51.9374409Z     expectsError (node:assert:701:21)
2026-10-07T21:17:51.9374727Z     Function.rejects (node:assert:767:3)
2026-10-07T21:17:51.9375188Z     async TestContext.<anonymous> (/app/tests/generated-isolation.test.ts:83:3)
2026-10-07T21:17:51.9375691Z     async Test.run (node:internal/test_runner/test:1054:7)
2026-10-07T21:17:51.9376175Z     async Test.processPendingSubtests (node:internal/test_runner/test:744:7)
2026-10-07T21:17:51.9376560Z   ...
2026-10-07T21:17:52.0996507Z # Subtest: untrusted output is bounded before it reaches application memory or artifacts
2026-10-07T21:17:52.1000144Z not ok 10 - untrusted output is bounded before it reaches application memory or artifacts
2026-10-07T21:17:52.1001025Z   ---
2026-10-07T21:17:52.1012766Z   duration_ms: 166.541452
2026-10-07T21:17:52.1013231Z   type: 'test'
2026-10-07T21:17:52.1014097Z   location: '/app/tests/generated-isolation.test.ts:1:7355'
2026-10-07T21:17:52.1014805Z   failureType: 'testCodeFailure'
2026-10-07T21:17:52.1016693Z   error: |-
2026-10-07T21:17:52.1017761Z     The expression evaluated to a falsy value:
2026-10-07T21:17:52.1018374Z     
2026-10-07T21:17:52.1018756Z       assert.ok(pid)
2026-10-07T21:17:52.1018995Z     
2026-10-07T21:17:52.1019280Z   code: 'ERR_ASSERTION'
2026-10-07T21:17:52.1019695Z   name: 'AssertionError'
2026-10-07T21:17:52.1020092Z   expected: true
2026-10-07T21:17:52.1020320Z   actual: 0
2026-10-07T21:17:52.1020515Z   operator: '=='
2026-10-07T21:17:52.1020722Z   stack: |-
2026-10-07T21:17:52.1021098Z     TestContext.<anonymous> (/app/tests/generated-isolation.test.ts:102:10)
2026-10-07T21:17:52.1021598Z     async Test.run (node:internal/test_runner/test:1054:7)
2026-10-07T21:17:52.1022099Z     async Test.processPendingSubtests (node:internal/test_runner/test:744:7)
2026-10-07T21:17:52.1022502Z   ...
2026-10-07T21:17:52.1144770Z 1..10
2026-10-07T21:17:52.1146054Z # tests 10
2026-10-07T21:17:52.1146562Z # suites 0
2026-10-07T21:17:52.1147468Z # pass 4
2026-10-07T21:17:52.1147968Z # fail 5
2026-10-07T21:17:52.1149424Z # cancelled 0
2026-10-07T21:17:52.1150217Z # skipped 1
2026-10-07T21:17:52.1151524Z # todo 0
2026-10-07T21:17:52.1152198Z # duration_ms 32456.235241
2026-10-07T21:17:52.1610663Z ##[error]Process completed with exit code 1.
2026-10-07T21:17:52.1698481Z Post job cleanup.
2026-10-07T21:17:52.3376080Z Pruning is unnecessary.
2026-10-07T21:17:52.3572800Z Post job cleanup.
2026-10-07T21:17:52.4747701Z [command]/usr/bin/git version
2026-10-07T21:17:52.4800763Z git version 2.55.0
2026-10-07T21:17:52.4845664Z Temporarily overriding HOME='/home/runner/work/_temp/b58d9ad7-ddb6-4ff4-8895-d927c2727992' before making global git config changes
2026-10-07T21:17:52.4847438Z Adding repository directory to the temporary git global config as a safe directory
2026-10-07T21:17:52.4852752Z [command]/usr/bin/git config --global --add safe.directory /home/runner/work/Cocreate/Cocreate
2026-10-07T21:17:52.4902880Z [command]/usr/bin/git config --local --name-only --get-regexp core\.sshCommand
2026-10-07T21:17:52.4982235Z [command]/usr/bin/git submodule foreach --recursive sh -c "git config --local --name-only --get-regexp 'core\.sshCommand' && git config --local --unset-all 'core.sshCommand' || :"
2026-10-07T21:17:52.5282671Z [command]/usr/bin/git config --local --name-only --get-regexp http\.https\:\/\/github\.com\/\.extraheader
2026-10-07T21:17:52.5314346Z http.https://github.com/.extraheader
2026-10-07T21:17:52.5346636Z [command]/usr/bin/git config --local --unset-all http.https://github.com/.extraheader
2026-10-07T21:17:52.5394970Z [command]/usr/bin/git submodule foreach --recursive sh -c "git config --local --name-only --get-regexp 'http\.https\:\/\/github\.com\/\.extraheader' && git config --local --unset-all 'http.https://github.com/.extraheader' || :"
2026-10-07T21:17:52.5683665Z [command]/usr/bin/git config --local --name-only --get-regexp ^includeIf\.gitdir:
2026-10-07T21:17:52.5726543Z [command]/usr/bin/git submodule foreach --recursive git config --local --show-origin --name-only --get-regexp remote.origin.url
2026-10-07T21:17:52.6159490Z Cleaning up orphan processes
2026-10-07T21:17:52.6557582Z ##[warning]Node.js 20 is deprecated. The following actions target Node.js 20 but are being forced to run on Node.js 24: actions/checkout@11d5960a326750d5838078e36cf38b85af677262, actions/setup-node@49933ea5288caeca8642d1e84afbd3f7d6820020, pnpm/action-setup@f40ffcd9367d9f12939873eb1018b921a783ffaa. For more information see: https://github.blog/changelog/2025-09-19-deprecation-of-node-20-on-github-actions-runners/
