2026-10-07T20:46:26.1139094Z Current runner version: '2.337.0'
2026-10-07T20:46:26.1170835Z ##[group]Runner Image Provisioner
2026-10-07T20:46:26.1171831Z Hosted Compute Agent
2026-10-07T20:46:26.1172638Z Version: 20261002.596
2026-10-07T20:46:26.1173399Z Commit: c3d12f3313a95f25162a1503be624f3b0617f8c0
2026-10-07T20:46:26.1174282Z Build Date: 2026-10-02T22:28:27Z
2026-10-07T20:46:26.1175113Z Worker ID: {d4068746-dd51-40a8-a0ab-2a3678ad32b7}
2026-10-07T20:46:26.1175967Z Region: eastus
2026-10-07T20:46:26.1176811Z Cloud: Azure
2026-10-07T20:46:26.1177518Z ##[endgroup]
2026-10-07T20:46:26.1179675Z ##[group]Operating System
2026-10-07T20:46:26.1180584Z Ubuntu
2026-10-07T20:46:26.1181215Z 22.04.5
2026-10-07T20:46:26.1181942Z LTS
2026-10-07T20:46:26.1182570Z ##[endgroup]
2026-10-07T20:46:26.1183341Z ##[group]Runner Image
2026-10-07T20:46:26.1184166Z Image: ubuntu-22.04
2026-10-07T20:46:26.1184874Z Version: 20261004.315.1
2026-10-07T20:46:26.1186668Z Included Software: https://github.com/actions/runner-images/blob/ubuntu22/20261004.315/images/ubuntu/Ubuntu2204-Readme.md
2026-10-07T20:46:26.1189488Z Image Release: https://github.com/actions/runner-images/releases/tag/ubuntu22%2F20261004.315
2026-10-07T20:46:26.1190747Z ##[endgroup]
2026-10-07T20:46:26.1192320Z ##[group]GITHUB_TOKEN Permissions
2026-10-07T20:46:26.1194782Z Contents: read
2026-10-07T20:46:26.1195490Z Metadata: read
2026-10-07T20:46:26.1196314Z ##[endgroup]
2026-10-07T20:46:26.1199169Z Secret source: Actions
2026-10-07T20:46:26.1200450Z Cache mode: write
2026-10-07T20:46:26.1201347Z Prepare workflow directory
2026-10-07T20:46:26.1777153Z Prepare all required actions
2026-10-07T20:46:26.1817766Z Getting action download info
2026-10-07T20:46:26.3560558Z Download action repository 'actions/checkout@11d5960a326750d5838078e36cf38b85af677262' (SHA:11d5960a326750d5838078e36cf38b85af677262)
2026-10-07T20:46:26.7591779Z Download action repository 'pnpm/action-setup@f40ffcd9367d9f12939873eb1018b921a783ffaa' (SHA:f40ffcd9367d9f12939873eb1018b921a783ffaa)
2026-10-07T20:46:26.9491234Z Download action repository 'actions/setup-node@49933ea5288caeca8642d1e84afbd3f7d6820020' (SHA:49933ea5288caeca8642d1e84afbd3f7d6820020)
2026-10-07T20:46:27.1759423Z Complete job name: verify
2026-10-07T20:46:27.2417334Z ##[group]Run actions/checkout@11d5960a326750d5838078e36cf38b85af677262
2026-10-07T20:46:27.2418283Z with:
2026-10-07T20:46:27.2418636Z   repository: DD7780/Cocreate
2026-10-07T20:46:27.2421729Z   token: ***
2026-10-07T20:46:27.2422078Z   ssh-strict: true
2026-10-07T20:46:27.2422422Z   ssh-user: git
2026-10-07T20:46:27.2422772Z   persist-credentials: true
2026-10-07T20:46:27.2423171Z   clean: true
2026-10-07T20:46:27.2423520Z   sparse-checkout-cone-mode: true
2026-10-07T20:46:27.2423924Z   fetch-depth: 1
2026-10-07T20:46:27.2424259Z   fetch-tags: false
2026-10-07T20:46:27.2424627Z   show-progress: true
2026-10-07T20:46:27.2424973Z   lfs: false
2026-10-07T20:46:27.2425348Z   submodules: false
2026-10-07T20:46:27.2425716Z   set-safe-directory: true
2026-10-07T20:46:27.2426116Z   allow-unsafe-pr-checkout: false
2026-10-07T20:46:27.2426712Z ##[endgroup]
2026-10-07T20:46:27.3282878Z Syncing repository: DD7780/Cocreate
2026-10-07T20:46:27.3284482Z ##[group]Getting Git version info
2026-10-07T20:46:27.3285182Z Working directory is '/home/runner/work/Cocreate/Cocreate'
2026-10-07T20:46:27.3285984Z [command]/usr/bin/git version
2026-10-07T20:46:27.3314323Z git version 2.55.0
2026-10-07T20:46:27.3331120Z ##[endgroup]
2026-10-07T20:46:27.3345380Z Temporarily overriding HOME='/home/runner/work/_temp/6c0c77dc-c18f-45c2-bf48-8d1809510824' before making global git config changes
2026-10-07T20:46:27.3347258Z Adding repository directory to the temporary git global config as a safe directory
2026-10-07T20:46:27.3350348Z [command]/usr/bin/git config --global --add safe.directory /home/runner/work/Cocreate/Cocreate
2026-10-07T20:46:27.3391550Z Deleting the contents of '/home/runner/work/Cocreate/Cocreate'
2026-10-07T20:46:27.3398711Z ##[group]Initializing the repository
2026-10-07T20:46:27.3403450Z [command]/usr/bin/git init /home/runner/work/Cocreate/Cocreate
2026-10-07T20:46:27.3480294Z hint: Using 'master' as the name for the initial branch. This default branch name
2026-10-07T20:46:27.3482095Z hint: will change to "main" in Git 3.0. To configure the initial branch name
2026-10-07T20:46:27.3483735Z hint: to use in all of your new repositories, which will suppress this warning,
2026-10-07T20:46:27.3484910Z hint: call:
2026-10-07T20:46:27.3485565Z hint:
2026-10-07T20:46:27.3486345Z hint: 	git config --global init.defaultBranch <name>
2026-10-07T20:46:27.3487207Z hint:
2026-10-07T20:46:27.3488184Z hint: Names commonly chosen instead of 'master' are 'main', 'trunk' and
2026-10-07T20:46:27.3489837Z hint: 'development'. The just-created branch can be renamed via this command:
2026-10-07T20:46:27.3491054Z hint:
2026-10-07T20:46:27.3491852Z hint: 	git branch -m <name>
2026-10-07T20:46:27.3492768Z hint:
2026-10-07T20:46:27.3493653Z hint: Disable this message with "git config set advice.defaultBranchName false"
2026-10-07T20:46:27.3495143Z Initialized empty Git repository in /home/runner/work/Cocreate/Cocreate/.git/
2026-10-07T20:46:27.3497655Z [command]/usr/bin/git remote add origin https://github.com/DD7780/Cocreate
2026-10-07T20:46:27.3563375Z ##[endgroup]
2026-10-07T20:46:27.3564382Z ##[group]Disabling automatic garbage collection
2026-10-07T20:46:27.3565400Z [command]/usr/bin/git config --local gc.auto 0
2026-10-07T20:46:27.3600325Z ##[endgroup]
2026-10-07T20:46:27.3601198Z ##[group]Setting up auth
2026-10-07T20:46:27.3605841Z [command]/usr/bin/git config --local --name-only --get-regexp core\.sshCommand
2026-10-07T20:46:27.3637446Z [command]/usr/bin/git submodule foreach --recursive sh -c "git config --local --name-only --get-regexp 'core\.sshCommand' && git config --local --unset-all 'core.sshCommand' || :"
2026-10-07T20:46:27.3929499Z [command]/usr/bin/git config --local --name-only --get-regexp http\.https\:\/\/github\.com\/\.extraheader
2026-10-07T20:46:27.3973670Z [command]/usr/bin/git submodule foreach --recursive sh -c "git config --local --name-only --get-regexp 'http\.https\:\/\/github\.com\/\.extraheader' && git config --local --unset-all 'http.https://github.com/.extraheader' || :"
2026-10-07T20:46:27.4212120Z [command]/usr/bin/git config --local --name-only --get-regexp ^includeIf\.gitdir:
2026-10-07T20:46:27.4246218Z [command]/usr/bin/git submodule foreach --recursive git config --local --show-origin --name-only --get-regexp remote.origin.url
2026-10-07T20:46:27.4474699Z [command]/usr/bin/git config --local http.https://github.com/.extraheader AUTHORIZATION: basic ***
2026-10-07T20:46:27.4659119Z ##[endgroup]
2026-10-07T20:46:27.4659864Z ##[group]Fetching the repository
2026-10-07T20:46:27.4666951Z [command]/usr/bin/git -c protocol.version=2 fetch --no-tags --prune --no-recurse-submodules --depth=1 origin +73fd559d7666ebc7ab93dcb0fba1e902189f1d5f:refs/remotes/origin/codex/prelaunch-beta
2026-10-07T20:46:28.2625637Z From https://github.com/DD7780/Cocreate
2026-10-07T20:46:28.2627405Z  * [new ref]         73fd559d7666ebc7ab93dcb0fba1e902189f1d5f -> origin/codex/prelaunch-beta
2026-10-07T20:46:28.2631658Z ##[endgroup]
2026-10-07T20:46:28.2637100Z ##[group]Determining the checkout info
2026-10-07T20:46:28.2638477Z ##[endgroup]
2026-10-07T20:46:28.2639179Z [command]/usr/bin/git sparse-checkout disable
2026-10-07T20:46:28.2686447Z [command]/usr/bin/git config --local --unset-all extensions.worktreeConfig
2026-10-07T20:46:28.2722888Z ##[group]Checking out the ref
2026-10-07T20:46:28.2724506Z [command]/usr/bin/git checkout --progress --force -B codex/prelaunch-beta refs/remotes/origin/codex/prelaunch-beta
2026-10-07T20:46:28.3434823Z Switched to a new branch 'codex/prelaunch-beta'
2026-10-07T20:46:28.3436820Z branch 'codex/prelaunch-beta' set up to track 'origin/codex/prelaunch-beta'.
2026-10-07T20:46:28.3445922Z ##[endgroup]
2026-10-07T20:46:28.3486037Z [command]/usr/bin/git log -1 --format=%H
2026-10-07T20:46:28.3512785Z 73fd559d7666ebc7ab93dcb0fba1e902189f1d5f
2026-10-07T20:46:28.3802645Z ##[group]Run pnpm/action-setup@f40ffcd9367d9f12939873eb1018b921a783ffaa
2026-10-07T20:46:28.3804142Z with:
2026-10-07T20:46:28.3804812Z   version: 10.18.3
2026-10-07T20:46:28.3805537Z   dest: ~/setup-pnpm
2026-10-07T20:46:28.3806275Z   run_install: null
2026-10-07T20:46:28.3807006Z   cache: false
2026-10-07T20:46:28.3807770Z   cache_dependency_path: pnpm-lock.yaml
2026-10-07T20:46:28.3808908Z   package_json_file: package.json
2026-10-07T20:46:28.3809788Z   standalone: false
2026-10-07T20:46:28.3810504Z ##[endgroup]
2026-10-07T20:46:28.5105700Z ##[group]Running self-installer...
2026-10-07T20:46:28.8557941Z (node:1846) [DEP0169] DeprecationWarning: `url.parse()` behavior is not standardized and prone to errors that have security implications. Use the WHATWG URL API instead. CVEs are not issued for `url.parse()` vulnerabilities.
2026-10-07T20:46:28.8562809Z (Use `node --trace-deprecation ...` to show where the warning was created)
2026-10-07T20:46:28.9761718Z Progress: resolved 1, reused 0, downloaded 0, added 0
2026-10-07T20:46:28.9843225Z Packages: +1
2026-10-07T20:46:28.9843864Z +
2026-10-07T20:46:29.3080096Z Progress: resolved 1, reused 0, downloaded 1, added 1, done
2026-10-07T20:46:29.3394355Z 
2026-10-07T20:46:29.3394916Z dependencies:
2026-10-07T20:46:29.3395228Z + pnpm 10.18.3 (12.10.1 is available)
2026-10-07T20:46:29.3395417Z 
2026-10-07T20:46:29.3414196Z Done in 661ms
2026-10-07T20:46:29.3584266Z ##[endgroup]
2026-10-07T20:46:29.3584531Z Installation Completed!
2026-10-07T20:46:29.3757142Z ##[group]Run actions/setup-node@49933ea5288caeca8642d1e84afbd3f7d6820020
2026-10-07T20:46:29.3757492Z with:
2026-10-07T20:46:29.3757676Z   node-version: 22
2026-10-07T20:46:29.3757854Z   cache: pnpm
2026-10-07T20:46:29.3758197Z   always-auth: false
2026-10-07T20:46:29.3758415Z   check-latest: false
2026-10-07T20:46:29.3760323Z   token: ***
2026-10-07T20:46:29.3760503Z env:
2026-10-07T20:46:29.3760741Z   PNPM_HOME: /home/runner/setup-pnpm/node_modules/.bin
2026-10-07T20:46:29.3761006Z ##[endgroup]
2026-10-07T20:46:29.5059291Z Found in cache @ /opt/hostedtoolcache/node/22.23.3/x64
2026-10-07T20:46:29.5062632Z (node:1860) [DEP0040] DeprecationWarning: The `punycode` module is deprecated. Please use a userland alternative instead.
2026-10-07T20:46:29.5063404Z (Use `node --trace-deprecation ...` to show where the warning was created)
2026-10-07T20:46:29.5064537Z ##[group]Environment details
2026-10-07T20:46:32.9606594Z node: v22.23.3
2026-10-07T20:46:32.9607184Z npm: 10.9.9
2026-10-07T20:46:32.9607549Z yarn: 1.22.22
2026-10-07T20:46:32.9608854Z ##[endgroup]
2026-10-07T20:46:32.9646926Z [command]/home/runner/setup-pnpm/node_modules/.bin/pnpm store path --silent
2026-10-07T20:46:33.2619095Z /home/runner/setup-pnpm/node_modules/.bin/store/v10
2026-10-07T20:46:33.3537301Z pnpm cache is not found
2026-10-07T20:46:33.3659803Z ##[group]Run pnpm install --frozen-lockfile
2026-10-07T20:46:33.3660282Z [36;1mpnpm install --frozen-lockfile[0m
2026-10-07T20:46:33.4101096Z shell: /usr/bin/bash -e {0}
2026-10-07T20:46:33.4101348Z env:
2026-10-07T20:46:33.4101583Z   PNPM_HOME: /home/runner/setup-pnpm/node_modules/.bin
2026-10-07T20:46:33.4101874Z ##[endgroup]
2026-10-07T20:46:33.6942784Z Lockfile is up to date, resolution step is skipped
2026-10-07T20:46:33.7327761Z Progress: resolved 1, reused 0, downloaded 0, added 0
2026-10-07T20:46:33.7774799Z Packages: +408
2026-10-07T20:46:33.7775435Z ++++++++++++++++++++++++++++++++++++++++++++++++++++++++++++++++++++++++++++++++
2026-10-07T20:46:34.7346645Z Progress: resolved 408, reused 0, downloaded 183, added 149
2026-10-07T20:46:35.7349816Z Progress: resolved 408, reused 0, downloaded 272, added 245
2026-10-07T20:46:36.7439634Z Progress: resolved 408, reused 0, downloaded 369, added 292
2026-10-07T20:46:37.5737557Z Progress: resolved 408, reused 0, downloaded 408, added 408, done
2026-10-07T20:46:37.6799414Z .../node_modules/@prisma/engines postinstall$ node scripts/postinstall.js
2026-10-07T20:46:37.7048597Z .../esbuild@0.28.2/node_modules/esbuild postinstall$ node install.js
2026-10-07T20:46:37.7231457Z .../esbuild@0.25.12/node_modules/esbuild postinstall$ node install.js
2026-10-07T20:46:37.7279143Z .../esbuild@0.28.1/node_modules/esbuild postinstall$ node install.js
2026-10-07T20:46:37.7288880Z .../node_modules/workerd postinstall$ node install.js
2026-10-07T20:46:37.8407291Z .../esbuild@0.28.2/node_modules/esbuild postinstall: Done
2026-10-07T20:46:37.8927536Z .../esbuild@0.28.1/node_modules/esbuild postinstall: Done
2026-10-07T20:46:37.9397524Z .../esbuild@0.25.12/node_modules/esbuild postinstall: Done
2026-10-07T20:46:38.9644608Z .../node_modules/@prisma/engines postinstall: Done
2026-10-07T20:46:38.9756568Z .../node_modules/workerd postinstall: Done
2026-10-07T20:46:39.2376774Z .../node_modules/prisma preinstall$ node scripts/preinstall-entry.js
2026-10-07T20:46:39.2888527Z .../node_modules/prisma preinstall: Done
2026-10-07T20:46:39.4931616Z 
2026-10-07T20:46:39.4932213Z dependencies:
2026-10-07T20:46:39.4932596Z + @cloudflare/containers 0.3.7
2026-10-07T20:46:39.4932843Z + @supabase/server 1.8.0
2026-10-07T20:46:39.4933179Z + @supabase/supabase-js 2.117.0
2026-10-07T20:46:39.4933637Z + @tiptap/extension-collaboration 3.31.3
2026-10-07T20:46:39.4934007Z + @tiptap/extension-collaboration-caret 3.31.3
2026-10-07T20:46:39.4934340Z + @tiptap/react 3.31.3
2026-10-07T20:46:39.4934545Z + @tiptap/starter-kit 3.31.3
2026-10-07T20:46:39.4934762Z + @vitejs/plugin-react 5.2.0
2026-10-07T20:46:39.4934965Z + cross-env 10.1.0
2026-10-07T20:46:39.4935134Z + dotenv 17.4.2
2026-10-07T20:46:39.4935304Z + esbuild 0.25.12
2026-10-07T20:46:39.4935485Z + esbuild-wasm 0.25.12
2026-10-07T20:46:39.4935749Z + express 5.2.1
2026-10-07T20:46:39.4935932Z + lucide-react 0.468.0
2026-10-07T20:46:39.4936118Z + react 19.2.8
2026-10-07T20:46:39.4936299Z + react-dom 19.2.8
2026-10-07T20:46:39.4936477Z + vite 7.3.6
2026-10-07T20:46:39.4936631Z + ws 8.21.3
2026-10-07T20:46:39.4936875Z + y-protocols 1.0.7
2026-10-07T20:46:39.4937134Z + yjs 13.6.32
2026-10-07T20:46:39.4937273Z 
2026-10-07T20:46:39.4937392Z devDependencies:
2026-10-07T20:46:39.4937678Z + @prisma/adapter-pg 7.10.0
2026-10-07T20:46:39.4937992Z + @prisma/client 7.10.0
2026-10-07T20:46:39.4938548Z + @types/express 5.0.6
2026-10-07T20:46:39.4938843Z + @types/node 22.20.1
2026-10-07T20:46:39.4939139Z + @types/pg 8.23.1
2026-10-07T20:46:39.4939414Z + @types/react 19.2.18
2026-10-07T20:46:39.4939710Z + @types/react-dom 19.2.7
2026-10-07T20:46:39.4940004Z + @types/ws 8.18.1
2026-10-07T20:46:39.4940248Z + pg 8.23.0
2026-10-07T20:46:39.4940513Z + prisma 7.10.0
2026-10-07T20:46:39.4940764Z + tsx 4.23.13
2026-10-07T20:46:39.4941019Z + typescript 5.9.3
2026-10-07T20:46:39.4941296Z + wrangler 4.131.1
2026-10-07T20:46:39.4941443Z 
2026-10-07T20:46:39.6050309Z Done in 6.1s using pnpm v10.18.3
2026-10-07T20:46:39.6397923Z ##[group]Run pnpm check:boundaries
2026-10-07T20:46:39.6398609Z [36;1mpnpm check:boundaries[0m
2026-10-07T20:46:39.6462101Z shell: /usr/bin/bash -e {0}
2026-10-07T20:46:39.6462312Z env:
2026-10-07T20:46:39.6462524Z   PNPM_HOME: /home/runner/setup-pnpm/node_modules/.bin
2026-10-07T20:46:39.6462780Z ##[endgroup]
2026-10-07T20:46:39.8736681Z 
2026-10-07T20:46:39.8737253Z > cocreate@1.0.0 check:boundaries /home/runner/work/Cocreate/Cocreate
2026-10-07T20:46:39.8737806Z > tsx scripts/codebase-audit.ts --check
2026-10-07T20:46:39.8737983Z 
2026-10-07T20:46:41.2735938Z Audited 138 files; 1 static candidates; 0 boundary violations.
2026-10-07T20:46:41.2737320Z Jev: 0 physical requests, 0 input tokens with known usage, known-usage estimate $0.000000; unknown requests retain their reservation.
2026-10-07T20:46:41.2737924Z Report: artifacts/codebase-audit/report.json
2026-10-07T20:46:41.3086973Z ##[group]Run pnpm build
2026-10-07T20:46:41.3087200Z [36;1mpnpm build[0m
2026-10-07T20:46:41.3150529Z shell: /usr/bin/bash -e {0}
2026-10-07T20:46:41.3150740Z env:
2026-10-07T20:46:41.3150958Z   PNPM_HOME: /home/runner/setup-pnpm/node_modules/.bin
2026-10-07T20:46:41.3151220Z ##[endgroup]
2026-10-07T20:46:41.5470198Z 
2026-10-07T20:46:41.5470799Z > cocreate@1.0.0 build /home/runner/work/Cocreate/Cocreate
2026-10-07T20:46:41.5471253Z > tsc --noEmit && vite build --configLoader runner
2026-10-07T20:46:41.5471835Z 
2026-10-07T20:46:47.4023232Z [36mvite v7.3.6 [32mbuilding client environment for production...[36m[39m
2026-10-07T20:46:47.4600946Z transforming...
2026-10-07T20:46:50.4391267Z [32m✓[39m 1749 modules transformed.
2026-10-07T20:46:50.6509760Z rendering chunks...
2026-10-07T20:46:50.8528472Z computing gzip size...
2026-10-07T20:46:50.8721858Z [2mdist/[22m[32mindex.html                           [39m[1m[2m  0.44 kB[22m[1m[22m[2m │ gzip:   0.30 kB[22m
2026-10-07T20:46:50.8723166Z [2mdist/[22m[2massets/[22m[35mApp-BqUO_rW7.css              [39m[1m[2m  2.56 kB[22m[1m[22m[2m │ gzip:   0.85 kB[22m
2026-10-07T20:46:50.8724387Z [2mdist/[22m[2massets/[22m[35mLandingPage-CNj4pefA.css      [39m[1m[2m 13.13 kB[22m[1m[22m[2m │ gzip:   2.95 kB[22m
2026-10-07T20:46:50.8725620Z [2mdist/[22m[2massets/[22m[35mindex-cyLHvudv.css            [39m[1m[2m 75.38 kB[22m[1m[22m[2m │ gzip:  14.48 kB[22m
2026-10-07T20:46:50.8726826Z [2mdist/[22m[2massets/[22m[36musers-S0nR_fpD.js             [39m[1m[2m  0.69 kB[22m[1m[22m[2m │ gzip:   0.39 kB[22m
2026-10-07T20:46:50.8728196Z [2mdist/[22m[2massets/[22m[36mcreateLucideIcon-DS0f-70M.js  [39m[1m[2m  0.89 kB[22m[1m[22m[2m │ gzip:   0.55 kB[22m
2026-10-07T20:46:50.8729412Z [2mdist/[22m[2massets/[22m[36mx-CYlEPbUI.js                 [39m[1m[2m  1.70 kB[22m[1m[22m[2m │ gzip:   0.78 kB[22m
2026-10-07T20:46:50.8730574Z [2mdist/[22m[2massets/[22m[36mLandingPage-CklZAjP2.js       [39m[1m[2m 15.33 kB[22m[1m[22m[2m │ gzip:   4.92 kB[22m
2026-10-07T20:46:50.8731624Z [2mdist/[22m[2massets/[22m[36mProjectApp-CEhcL8gy.js        [39m[1m[2m 29.68 kB[22m[1m[22m[2m │ gzip:   9.01 kB[22m
2026-10-07T20:46:50.8732367Z [2mdist/[22m[2massets/[22m[36mindex-5SCWldx6.js             [39m[1m[2m421.72 kB[22m[1m[22m[2m │ gzip: 121.23 kB[22m
2026-10-07T20:46:50.8733068Z [2mdist/[22m[2massets/[22m[36mApp-thYYHyMP.js               [39m[1m[33m583.75 kB[39m[22m[2m │ gzip: 185.76 kB[22m
2026-10-07T20:46:50.8733665Z [33m
2026-10-07T20:46:50.8734075Z (!) Some chunks are larger than 500 kB after minification. Consider:
2026-10-07T20:46:50.8734584Z - Using dynamic import() to code-split the application
2026-10-07T20:46:50.8735504Z - Use build.rollupOptions.output.manualChunks to improve chunking: https://rollupjs.org/configuration-options/#output-manualchunks
2026-10-07T20:46:50.8736512Z - Adjust chunk size limit for this warning via build.chunkSizeWarningLimit.[39m
2026-10-07T20:46:50.8737289Z [32m✓ built in 3.44s[39m
2026-10-07T20:46:50.9336637Z ##[group]Run node --input-type=module <<'NODE'
2026-10-07T20:46:50.9336963Z [36;1mnode --input-type=module <<'NODE'[0m
2026-10-07T20:46:50.9337199Z [36;1mimport fs from 'node:fs';[0m
2026-10-07T20:46:50.9337447Z [36;1mimport {spawnSync} from 'node:child_process';[0m
2026-10-07T20:46:50.9337844Z [36;1mconst {image_vars} = JSON.parse(fs.readFileSync('wrangler.jsonc', 'utf8')).containers[0];[0m
2026-10-07T20:46:50.9338649Z [36;1mconst names = ['VITE_COCREATE_AUTH_MODE', 'VITE_COCREATE_APP_ORIGIN', 'VITE_SUPABASE_URL', 'VITE_SUPABASE_PUBLISHABLE_KEY'];[0m
2026-10-07T20:46:50.9339128Z [36;1mconst args = ['build', '--tag', 'cocreate-check'];[0m
2026-10-07T20:46:50.9339393Z [36;1mfor (const name of names) {[0m
2026-10-07T20:46:50.9339755Z [36;1m  if (typeof image_vars[name] !== 'string') throw new Error(`Missing public build variable: ${name}`);[0m
2026-10-07T20:46:50.9340170Z [36;1m  args.push('--build-arg', `${name}=${image_vars[name]}`);[0m
2026-10-07T20:46:50.9340483Z [36;1m}[0m
2026-10-07T20:46:50.9340748Z [36;1mconst result = spawnSync('docker', [...args, '.'], {stdio: 'inherit'});[0m
2026-10-07T20:46:50.9341077Z [36;1mif (result.error) throw result.error;[0m
2026-10-07T20:46:50.9341324Z [36;1mprocess.exit(result.status ?? 1);[0m
2026-10-07T20:46:50.9341537Z [36;1mNODE[0m
2026-10-07T20:46:50.9403440Z shell: /usr/bin/bash -e {0}
2026-10-07T20:46:50.9403656Z env:
2026-10-07T20:46:50.9404057Z   PNPM_HOME: /home/runner/setup-pnpm/node_modules/.bin
2026-10-07T20:46:50.9404314Z ##[endgroup]
2026-10-07T20:46:51.3520199Z #0 building with "default" instance using docker driver
2026-10-07T20:46:51.3520584Z 
2026-10-07T20:46:51.3520750Z #1 [internal] load build definition from Dockerfile
2026-10-07T20:46:51.3521057Z #1 transferring dockerfile: 974B done
2026-10-07T20:46:51.3521282Z #1 DONE 0.0s
2026-10-07T20:46:51.3521378Z 
2026-10-07T20:46:51.3521561Z #2 [auth] library/node:pull token for registry-1.docker.io
2026-10-07T20:46:51.3521823Z #2 DONE 0.0s
2026-10-07T20:46:51.3521955Z 
2026-10-07T20:46:51.3522171Z #3 [internal] load metadata for docker.io/library/node:22-bookworm-slim
2026-10-07T20:46:51.5774614Z #3 DONE 0.4s
2026-10-07T20:46:51.6922265Z 
2026-10-07T20:46:51.6922959Z #4 [internal] load .dockerignore
2026-10-07T20:46:51.6923615Z #4 transferring context: 248B done
2026-10-07T20:46:51.6948928Z #4 DONE 0.0s
2026-10-07T20:46:51.6949269Z 
2026-10-07T20:46:51.6950223Z #5 [1/9] FROM docker.io/library/node:22-bookworm-slim@sha256:c3de60bf2f9dd0ac6370e6117950ff62d6e339527e7472301c9c78a017978392
2026-10-07T20:46:51.6951881Z #5 resolve docker.io/library/node:22-bookworm-slim@sha256:c3de60bf2f9dd0ac6370e6117950ff62d6e339527e7472301c9c78a017978392 done
2026-10-07T20:46:51.8909961Z #5 sha256:a8de9fa052209313d8e45435a8486e29b20eebaa820e2e7f63a7c3c94b4fa567 448B / 448B 0.1s done
2026-10-07T20:46:51.8910659Z #5 sha256:c3de60bf2f9dd0ac6370e6117950ff62d6e339527e7472301c9c78a017978392 5.22kB / 5.22kB done
2026-10-07T20:46:51.8911276Z #5 sha256:efd0ab5780c2d9ab1f0f869571a00d5edb17793bff4cce4a2792e3eb0ffc7562 1.93kB / 1.93kB done
2026-10-07T20:46:51.8911876Z #5 sha256:d0a16be756b6ec6658aecb8b7bcf87fa6c7d0d7fcc6ca53ad14bb49a4c90bdd7 6.77kB / 6.77kB done
2026-10-07T20:46:51.8912490Z #5 sha256:7fd1ebe418b5079d4aa36f416af9b143d127bc75b0155d71cb5fd559b5e04d39 28.25MB / 28.25MB 0.3s
2026-10-07T20:46:51.8913114Z #5 sha256:f0400f4b55b0ad346bf6167a1b64a258e4d73db608c457798ce35e4ffeebfaaf 3.31kB / 3.31kB 0.0s done
2026-10-07T20:46:51.8913725Z #5 sha256:d22c69a95cf463f4cb74462bd2899597ce505d82bd4c01ceddf7845e12f13856 49.84MB / 49.84MB 0.3s
2026-10-07T20:46:51.8914307Z #5 sha256:2cfab517365cfc6b4bd1f8c4cb01754884ef75bc38758b3c41e291c696f019f5 1.71MB / 1.71MB 0.1s done
2026-10-07T20:46:52.0906353Z #5 sha256:7fd1ebe418b5079d4aa36f416af9b143d127bc75b0155d71cb5fd559b5e04d39 28.25MB / 28.25MB 0.5s done
2026-10-07T20:46:52.2517586Z #5 ...
2026-10-07T20:46:52.2517962Z 
2026-10-07T20:46:52.2518614Z #6 [internal] load build context
2026-10-07T20:46:52.2519114Z #6 transferring context: 17.01MB 0.1s done
2026-10-07T20:46:52.2519889Z #6 DONE 0.5s
2026-10-07T20:46:52.2520046Z 
2026-10-07T20:46:52.2520511Z #5 [1/9] FROM docker.io/library/node:22-bookworm-slim@sha256:c3de60bf2f9dd0ac6370e6117950ff62d6e339527e7472301c9c78a017978392
2026-10-07T20:46:52.2521744Z #5 sha256:d22c69a95cf463f4cb74462bd2899597ce505d82bd4c01ceddf7845e12f13856 49.84MB / 49.84MB 0.5s done
2026-10-07T20:46:52.2522564Z #5 extracting sha256:7fd1ebe418b5079d4aa36f416af9b143d127bc75b0155d71cb5fd559b5e04d39 0.1s
2026-10-07T20:46:52.9519407Z #5 extracting sha256:7fd1ebe418b5079d4aa36f416af9b143d127bc75b0155d71cb5fd559b5e04d39 0.8s done
2026-10-07T20:46:52.9520869Z #5 extracting sha256:f0400f4b55b0ad346bf6167a1b64a258e4d73db608c457798ce35e4ffeebfaaf
2026-10-07T20:46:53.1026646Z #5 extracting sha256:f0400f4b55b0ad346bf6167a1b64a258e4d73db608c457798ce35e4ffeebfaaf done
2026-10-07T20:46:56.1899831Z #5 extracting sha256:d22c69a95cf463f4cb74462bd2899597ce505d82bd4c01ceddf7845e12f13856
2026-10-07T20:46:57.3237988Z #5 extracting sha256:d22c69a95cf463f4cb74462bd2899597ce505d82bd4c01ceddf7845e12f13856 1.0s done
2026-10-07T20:46:58.0399692Z #5 extracting sha256:2cfab517365cfc6b4bd1f8c4cb01754884ef75bc38758b3c41e291c696f019f5
2026-10-07T20:46:58.1437335Z #5 extracting sha256:2cfab517365cfc6b4bd1f8c4cb01754884ef75bc38758b3c41e291c696f019f5 0.0s done
2026-10-07T20:46:58.1438543Z #5 extracting sha256:a8de9fa052209313d8e45435a8486e29b20eebaa820e2e7f63a7c3c94b4fa567 done
2026-10-07T20:46:58.1439990Z #5 DONE 6.6s
2026-10-07T20:46:58.1440153Z 
2026-10-07T20:46:58.1440294Z #7 [2/9] WORKDIR /app
2026-10-07T20:46:58.1440670Z #7 DONE 0.0s
2026-10-07T20:46:58.2953239Z 
2026-10-07T20:46:58.2953683Z #8 [3/9] RUN corepack enable
2026-10-07T20:46:58.3433124Z #8 DONE 0.2s
2026-10-07T20:46:58.4944642Z 
2026-10-07T20:46:58.4945573Z #9 [4/9] RUN apt-get update && apt-get install -y --no-install-recommends bubblewrap util-linux chromium && rm -rf /var/lib/apt/lists/*
2026-10-07T20:46:58.5014741Z #9 0.157 Get:1 http://deb.debian.org/debian bookworm InRelease [151 kB]
2026-10-07T20:46:58.6163558Z #9 0.167 Get:2 http://deb.debian.org/debian bookworm-updates InRelease [55.4 kB]
2026-10-07T20:46:58.6164553Z #9 0.167 Get:3 http://deb.debian.org/debian-security bookworm-security InRelease [34.8 kB]
2026-10-07T20:46:58.6165462Z #9 0.221 Get:4 http://deb.debian.org/debian bookworm/main amd64 Packages [8790 kB]
2026-10-07T20:46:58.6166330Z #9 0.272 Get:5 http://deb.debian.org/debian bookworm-updates/main amd64 Packages [6924 B]
2026-10-07T20:46:58.8093524Z #9 0.315 Get:6 http://deb.debian.org/debian-security bookworm-security/main amd64 Packages [349 kB]
2026-10-07T20:46:59.2829244Z #9 0.939 Fetched 9388 kB in 1s (11.9 MB/s)
2026-10-07T20:46:59.6457902Z #9 0.939 Reading package lists...
2026-10-07T20:47:00.0215227Z #9 1.317 Reading package lists...
2026-10-07T20:47:00.1453209Z #9 1.688 Building dependency tree...
2026-10-07T20:47:00.1453873Z #9 1.801 Reading state information...
2026-10-07T20:47:00.2464184Z #9 1.900 util-linux is already the newest version (2.38.1-5+deb12u3).
2026-10-07T20:47:00.2465062Z #9 1.900 util-linux set to manually installed.
2026-10-07T20:47:00.2465575Z #9 1.900 The following additional packages will be installed:
2026-10-07T20:47:00.2466305Z #9 1.900   adwaita-icon-theme at-spi2-common chromium-common dbus dbus-bin dbus-daemon
2026-10-07T20:47:00.2467132Z #9 1.900   dbus-session-bus-common dbus-system-bus-common dbus-user-session
2026-10-07T20:47:00.2467938Z #9 1.902   dconf-gsettings-backend dconf-service dmsetup fontconfig fontconfig-config
2026-10-07T20:47:00.2468968Z #9 1.902   fonts-dejavu-core gtk-update-icon-cache hicolor-icon-theme libapparmor1
2026-10-07T20:47:00.2469801Z #9 1.902   libargon2-1 libasound2 libasound2-data libasyncns0 libatk-bridge2.0-0
2026-10-07T20:47:00.2470534Z #9 1.902   libatk1.0-0 libatspi2.0-0 libavahi-client3 libavahi-common-data
2026-10-07T20:47:00.2471287Z #9 1.902   libavahi-common3 libbrotli1 libbsd0 libcairo-gobject2 libcairo2 libcolord2
2026-10-07T20:47:00.2472445Z #9 1.902   libcryptsetup12 libcups2 libdatrie1 libdav1d6 libdbus-1-3 libdconf1
2026-10-07T20:47:00.2473243Z #9 1.902   libdeflate0 libdevmapper1.02.1 libdouble-conversion3 libdrm-amdgpu1
2026-10-07T20:47:00.2474073Z #9 1.902   libdrm-common libdrm-intel1 libdrm-nouveau2 libdrm-radeon1 libdrm2 libedit2
2026-10-07T20:47:00.2474944Z #9 1.902   libelf1 libepoxy0 libexpat1 libfdisk1 libflac12 libfontconfig1 libfontenc1
2026-10-07T20:47:00.2475838Z #9 1.902   libfreetype6 libfribidi0 libgbm1 libgdk-pixbuf-2.0-0 libgdk-pixbuf2.0-common
2026-10-07T20:47:00.2476711Z #9 1.902   libgl1 libgl1-mesa-dri libglapi-mesa libglib2.0-0 libglvnd0 libglx-mesa0
2026-10-07T20:47:00.2477510Z #9 1.902   libglx0 libgraphite2-3 libgssapi-krb5-2 libgtk-3-0 libgtk-3-common
2026-10-07T20:47:00.2478453Z #9 1.902   libharfbuzz-subset0 libharfbuzz0b libice6 libicu72 libip4tc2 libjbig0
2026-10-07T20:47:00.2479276Z #9 1.902   libjpeg62-turbo libjson-c5 libk5crypto3 libkeyutils1 libkmod2 libkrb5-3
2026-10-07T20:47:00.2480097Z #9 1.902   libkrb5support0 liblcms2-2 liblerc4 libllvm15 libminizip1 libmp3lame0
2026-10-07T20:47:00.2480941Z #9 1.902   libmpg123-0 libncursesw6 libnspr4 libnss3 libogg0 libopenh264-7 libopenjp2-7
2026-10-07T20:47:00.2481825Z #9 1.902   libopus0 libpam-systemd libpango-1.0-0 libpangocairo-1.0-0 libpangoft2-1.0-0
2026-10-07T20:47:00.2482620Z #9 1.902   libpciaccess0 libpixman-1-0 libpng16-16 libproc2-0 libpulse0
2026-10-07T20:47:00.2483383Z #9 1.902   libsensors-config libsensors5 libsm6 libsndfile1 libsqlite3-0 libssl3
2026-10-07T20:47:00.2484424Z #9 1.902   libsystemd-shared libthai-data libthai0 libtiff6 libvorbis0a libvorbisenc2
2026-10-07T20:47:00.2485294Z #9 1.902   libwayland-client0 libwayland-cursor0 libwayland-egl1 libwayland-server0
2026-10-07T20:47:00.2486121Z #9 1.902   libwebp7 libx11-6 libx11-data libx11-xcb1 libxau6 libxaw7 libxcb-dri2-0
2026-10-07T20:47:00.2486925Z #9 1.902   libxcb-dri3-0 libxcb-glx0 libxcb-present0 libxcb-randr0 libxcb-render0
2026-10-07T20:47:00.2487759Z #9 1.902   libxcb-shape0 libxcb-shm0 libxcb-sync1 libxcb-xfixes0 libxcb1 libxcomposite1
2026-10-07T20:47:00.2488955Z #9 1.902   libxcursor1 libxdamage1 libxdmcp6 libxext6 libxfixes3 libxft2 libxi6
2026-10-07T20:47:00.2489790Z #9 1.902   libxinerama1 libxkbcommon0 libxkbfile1 libxml2 libxmu6 libxmuu1 libxnvctrl0
2026-10-07T20:47:00.2490614Z #9 1.902   libxpm4 libxrandr2 libxrender1 libxshmfence1 libxt6 libxtst6 libxv1
2026-10-07T20:47:00.2491380Z #9 1.902   libxxf86dga1 libxxf86vm1 libz3-4 procps shared-mime-info systemd
2026-10-07T20:47:00.2492054Z #9 1.902   systemd-sysv x11-common x11-utils xdg-utils xkb-data
2026-10-07T20:47:00.3970260Z #9 1.902 Suggested packages:
2026-10-07T20:47:00.3970832Z #9 1.902   chromium-l10n chromium-shell chromium-driver libasound2-plugins alsa-utils
2026-10-07T20:47:00.3971418Z #9 1.902   colord cups-common low-memory-monitor krb5-doc krb5-user gvfs liblcms2-utils
2026-10-07T20:47:00.3971976Z #9 1.902   opus-tools pciutils pulseaudio lm-sensors systemd-container systemd-homed
2026-10-07T20:47:00.3972474Z #9 1.902   systemd-userdbd systemd-boot systemd-resolved libfido2-1 libqrencode4
2026-10-07T20:47:00.3972974Z #9 1.902   libtss2-esys-3.0.2-0 libtss2-mu0 libtss2-rc0 polkitd | policykit-1
2026-10-07T20:47:00.3973293Z #9 1.902   mesa-utils
2026-10-07T20:47:00.3973509Z #9 1.902 Recommended packages:
2026-10-07T20:47:00.3973860Z #9 1.903   librsvg2-common upower udev fonts-liberation notification-daemon
2026-10-07T20:47:00.3974312Z #9 1.903   system-config-printer alsa-ucm-conf alsa-topology-conf at-spi2-core
2026-10-07T20:47:00.3974808Z #9 1.903   libgdk-pixbuf2.0-bin libglib2.0-data xdg-user-dirs libgtk-3-bin krb5-locales
2026-10-07T20:47:00.3975270Z #9 1.903   libgpm2 psmisc systemd-timesyncd | time-daemon libnss-systemd
2026-10-07T20:47:00.3975685Z #9 1.903   libfile-mimeinfo-perl libnet-dbus-perl libx11-protocol-perl
2026-10-07T20:47:00.3975989Z #9 1.903   x11-xserver-utils
2026-10-07T20:47:00.7897616Z #9 2.446 The following NEW packages will be installed:
2026-10-07T20:47:00.7899464Z #9 2.446   adwaita-icon-theme at-spi2-common bubblewrap chromium chromium-common dbus
2026-10-07T20:47:00.7901954Z #9 2.446   dbus-bin dbus-daemon dbus-session-bus-common dbus-system-bus-common
2026-10-07T20:47:00.7902551Z #9 2.446   dbus-user-session dconf-gsettings-backend dconf-service dmsetup fontconfig
2026-10-07T20:47:00.8909714Z #9 2.446   fontconfig-config fonts-dejavu-core gtk-update-icon-cache hicolor-icon-theme
2026-10-07T20:47:00.8910887Z #9 2.446   libapparmor1 libargon2-1 libasound2 libasound2-data libasyncns0
2026-10-07T20:47:00.8912447Z #9 2.446   libatk-bridge2.0-0 libatk1.0-0 libatspi2.0-0 libavahi-client3
2026-10-07T20:47:00.8913180Z #9 2.446   libavahi-common-data libavahi-common3 libbrotli1 libbsd0 libcairo-gobject2
2026-10-07T20:47:00.8914763Z #9 2.446   libcairo2 libcolord2 libcryptsetup12 libcups2 libdatrie1 libdav1d6
2026-10-07T20:47:00.8915567Z #9 2.446   libdbus-1-3 libdconf1 libdeflate0 libdevmapper1.02.1 libdouble-conversion3
2026-10-07T20:47:00.8916775Z #9 2.446   libdrm-amdgpu1 libdrm-common libdrm-intel1 libdrm-nouveau2 libdrm-radeon1
2026-10-07T20:47:00.8917562Z #9 2.446   libdrm2 libedit2 libelf1 libepoxy0 libexpat1 libfdisk1 libflac12
2026-10-07T20:47:00.8918524Z #9 2.446   libfontconfig1 libfontenc1 libfreetype6 libfribidi0 libgbm1
2026-10-07T20:47:00.8918961Z #9 2.446   libgdk-pixbuf-2.0-0 libgdk-pixbuf2.0-common libgl1 libgl1-mesa-dri
2026-10-07T20:47:00.8919424Z #9 2.446   libglapi-mesa libglib2.0-0 libglvnd0 libglx-mesa0 libglx0 libgraphite2-3
2026-10-07T20:47:00.8919881Z #9 2.446   libgssapi-krb5-2 libgtk-3-0 libgtk-3-common libharfbuzz-subset0
2026-10-07T20:47:00.8921044Z #9 2.446   libharfbuzz0b libice6 libicu72 libip4tc2 libjbig0 libjpeg62-turbo libjson-c5
2026-10-07T20:47:00.8921565Z #9 2.446   libk5crypto3 libkeyutils1 libkmod2 libkrb5-3 libkrb5support0 liblcms2-2
2026-10-07T20:47:00.8922057Z #9 2.446   liblerc4 libllvm15 libminizip1 libmp3lame0 libmpg123-0 libncursesw6 libnspr4
2026-10-07T20:47:00.8922536Z #9 2.446   libnss3 libogg0 libopenh264-7 libopenjp2-7 libopus0 libpam-systemd
2026-10-07T20:47:00.8923445Z #9 2.446   libpango-1.0-0 libpangocairo-1.0-0 libpangoft2-1.0-0 libpciaccess0
2026-10-07T20:47:00.8923939Z #9 2.446   libpixman-1-0 libpng16-16 libproc2-0 libpulse0 libsensors-config libsensors5
2026-10-07T20:47:00.8924421Z #9 2.446   libsm6 libsndfile1 libsqlite3-0 libssl3 libsystemd-shared libthai-data
2026-10-07T20:47:00.8924875Z #9 2.446   libthai0 libtiff6 libvorbis0a libvorbisenc2 libwayland-client0
2026-10-07T20:47:00.8925793Z #9 2.446   libwayland-cursor0 libwayland-egl1 libwayland-server0 libwebp7 libx11-6
2026-10-07T20:47:00.8926451Z #9 2.446   libx11-data libx11-xcb1 libxau6 libxaw7 libxcb-dri2-0 libxcb-dri3-0
2026-10-07T20:47:00.8926907Z #9 2.446   libxcb-glx0 libxcb-present0 libxcb-randr0 libxcb-render0 libxcb-shape0
2026-10-07T20:47:00.8927372Z #9 2.446   libxcb-shm0 libxcb-sync1 libxcb-xfixes0 libxcb1 libxcomposite1 libxcursor1
2026-10-07T20:47:00.8927851Z #9 2.446   libxdamage1 libxdmcp6 libxext6 libxfixes3 libxft2 libxi6 libxinerama1
2026-10-07T20:47:00.8929078Z #9 2.446   libxkbcommon0 libxkbfile1 libxml2 libxmu6 libxmuu1 libxnvctrl0 libxpm4
2026-10-07T20:47:00.8929557Z #9 2.446   libxrandr2 libxrender1 libxshmfence1 libxt6 libxtst6 libxv1 libxxf86dga1
2026-10-07T20:47:00.8930108Z #9 2.447   libxxf86vm1 libz3-4 procps shared-mime-info systemd systemd-sysv x11-common
2026-10-07T20:47:00.8930836Z #9 2.447   x11-utils xdg-utils xkb-data
2026-10-07T20:47:00.8931725Z #9 2.475 0 upgraded, 175 newly installed, 0 to remove and 1 not upgraded.
2026-10-07T20:47:00.8932296Z #9 2.475 Need to get 206 MB of archives.
2026-10-07T20:47:00.8932756Z #9 2.475 After this operation, 733 MB of additional disk space will be used.
2026-10-07T20:47:00.8933379Z #9 2.475 Get:1 http://deb.debian.org/debian-security bookworm-security/main amd64 libssl3 amd64 3.0.22-1~deb12u1 [2039 kB]
2026-10-07T20:47:00.8934159Z #9 2.489 Get:2 http://deb.debian.org/debian bookworm/main amd64 libargon2-1 amd64 0~20171227-0.3+deb12u1 [19.4 kB]
2026-10-07T20:47:00.8935163Z #9 2.489 Get:3 http://deb.debian.org/debian bookworm/main amd64 dmsetup amd64 2:1.02.185-2 [82.0 kB]
2026-10-07T20:47:00.8936450Z #9 2.490 Get:4 http://deb.debian.org/debian bookworm/main amd64 libdevmapper1.02.1 amd64 2:1.02.185-2 [133 kB]
2026-10-07T20:47:00.8937301Z #9 2.491 Get:5 http://deb.debian.org/debian bookworm/main amd64 libjson-c5 amd64 0.16-2 [44.1 kB]
2026-10-07T20:47:00.8937990Z #9 2.491 Get:6 http://deb.debian.org/debian bookworm/main amd64 libcryptsetup12 amd64 2:2.6.1-4~deb12u2 [223 kB]
2026-10-07T20:47:00.8939037Z #9 2.495 Get:7 http://deb.debian.org/debian bookworm/main amd64 libfdisk1 amd64 2.38.1-5+deb12u3 [194 kB]
2026-10-07T20:47:00.8939663Z #9 2.497 Get:8 http://deb.debian.org/debian bookworm/main amd64 libkmod2 amd64 30+20221128-1 [57.9 kB]
2026-10-07T20:47:00.8940309Z #9 2.498 Get:9 http://deb.debian.org/debian bookworm/main amd64 libapparmor1 amd64 3.0.8-3 [41.2 kB]
2026-10-07T20:47:00.8940872Z #9 2.498 Get:10 http://deb.debian.org/debian bookworm/main amd64 libip4tc2 amd64 1.8.9-2 [19.0 kB]
2026-10-07T20:47:00.8941800Z #9 2.512 Get:11 http://deb.debian.org/debian bookworm/main amd64 libsystemd-shared amd64 252.39-1~deb12u2 [1696 kB]
2026-10-07T20:47:00.8942400Z #9 2.529 Get:12 http://deb.debian.org/debian bookworm/main amd64 systemd amd64 252.39-1~deb12u2 [3044 kB]
2026-10-07T20:47:00.8943036Z #9 2.539 Get:13 http://deb.debian.org/debian bookworm/main amd64 systemd-sysv amd64 252.39-1~deb12u2 [42.9 kB]
2026-10-07T20:47:00.8944076Z #9 2.539 Get:14 http://deb.debian.org/debian bookworm/main amd64 libdbus-1-3 amd64 1.14.10-1~deb12u1 [201 kB]
2026-10-07T20:47:00.8945015Z #9 2.540 Get:15 http://deb.debian.org/debian bookworm/main amd64 dbus-bin amd64 1.14.10-1~deb12u1 [105 kB]
2026-10-07T20:47:00.8945674Z #9 2.541 Get:16 http://deb.debian.org/debian bookworm/main amd64 dbus-session-bus-common all 1.14.10-1~deb12u1 [78.2 kB]
2026-10-07T20:47:00.8946814Z #9 2.541 Get:17 http://deb.debian.org/debian-security bookworm-security/main amd64 libexpat1 amd64 2.5.0-1+deb12u4 [106 kB]
2026-10-07T20:47:00.8947800Z #9 2.542 Get:18 http://deb.debian.org/debian bookworm/main amd64 dbus-daemon amd64 1.14.10-1~deb12u1 [184 kB]
2026-10-07T20:47:00.8948946Z #9 2.542 Get:19 http://deb.debian.org/debian bookworm/main amd64 dbus-system-bus-common all 1.14.10-1~deb12u1 [79.3 kB]
2026-10-07T20:47:00.8949688Z #9 2.543 Get:20 http://deb.debian.org/debian bookworm/main amd64 dbus amd64 1.14.10-1~deb12u1 [97.4 kB]
2026-10-07T20:47:00.8950547Z #9 2.543 Get:21 http://deb.debian.org/debian bookworm/main amd64 libncursesw6 amd64 6.4-4 [134 kB]
2026-10-07T20:47:00.8951245Z #9 2.544 Get:22 http://deb.debian.org/debian bookworm/main amd64 libproc2-0 amd64 2:4.0.2-3 [62.8 kB]
2026-10-07T20:47:00.8952154Z #9 2.544 Get:23 http://deb.debian.org/debian bookworm/main amd64 procps amd64 2:4.0.2-3 [709 kB]
2026-10-07T20:47:00.8952759Z #9 2.547 Get:24 http://deb.debian.org/debian bookworm/main amd64 libpam-systemd amd64 252.39-1~deb12u2 [226 kB]
2026-10-07T20:47:01.0318866Z #9 2.549 Get:25 http://deb.debian.org/debian bookworm/main amd64 hicolor-icon-theme all 0.17-2 [11.4 kB]
2026-10-07T20:47:01.0319696Z #9 2.550 Get:26 http://deb.debian.org/debian bookworm/main amd64 libgdk-pixbuf2.0-common all 2.42.10+dfsg-1+deb12u4 [307 kB]
2026-10-07T20:47:01.0320366Z #9 2.550 Get:27 http://deb.debian.org/debian bookworm/main amd64 libglib2.0-0 amd64 2.74.6-2+deb12u9 [1403 kB]
2026-10-07T20:47:01.0320943Z #9 2.555 Get:28 http://deb.debian.org/debian bookworm/main amd64 libicu72 amd64 72.1-3+deb12u1 [9376 kB]
2026-10-07T20:47:01.0321547Z #9 2.586 Get:29 http://deb.debian.org/debian bookworm/main amd64 libxml2 amd64 2.9.14+dfsg-1.3~deb12u6 [689 kB]
2026-10-07T20:47:01.0322161Z #9 2.588 Get:30 http://deb.debian.org/debian bookworm/main amd64 shared-mime-info amd64 2.2-1 [729 kB]
2026-10-07T20:47:01.0322969Z #9 2.591 Get:31 http://deb.debian.org/debian bookworm/main amd64 libjpeg62-turbo amd64 1:2.1.5-2 [166 kB]
2026-10-07T20:47:01.0324043Z #9 2.592 Get:32 http://deb.debian.org/debian-security bookworm-security/main amd64 libpng16-16 amd64 1.6.39-2+deb12u6 [277 kB]
2026-10-07T20:47:01.0325565Z #9 2.593 Get:33 http://deb.debian.org/debian bookworm/main amd64 libdeflate0 amd64 1.14-1 [61.4 kB]
2026-10-07T20:47:01.0326711Z #9 2.593 Get:34 http://deb.debian.org/debian bookworm/main amd64 libjbig0 amd64 2.1-6.1 [31.7 kB]
2026-10-07T20:47:01.0327494Z #9 2.593 Get:35 http://deb.debian.org/debian bookworm/main amd64 liblerc4 amd64 4.0.0+ds-2 [170 kB]
2026-10-07T20:47:01.0328477Z #9 2.594 Get:36 http://deb.debian.org/debian bookworm/main amd64 libwebp7 amd64 1.2.4-0.2+deb12u1 [286 kB]
2026-10-07T20:47:01.0330087Z #9 2.595 Get:37 http://deb.debian.org/debian bookworm/main amd64 libtiff6 amd64 4.5.0-6+deb12u4 [316 kB]
2026-10-07T20:47:01.0331128Z #9 2.597 Get:38 http://deb.debian.org/debian bookworm/main amd64 libgdk-pixbuf-2.0-0 amd64 2.42.10+dfsg-1+deb12u4 [139 kB]
2026-10-07T20:47:01.0332174Z #9 2.597 Get:39 http://deb.debian.org/debian bookworm/main amd64 gtk-update-icon-cache amd64 3.24.38-2~deb12u3 [44.2 kB]
2026-10-07T20:47:01.0333139Z #9 2.598 Get:40 http://deb.debian.org/debian bookworm/main amd64 adwaita-icon-theme all 43-1 [5124 kB]
2026-10-07T20:47:01.0334070Z #9 2.615 Get:41 http://deb.debian.org/debian bookworm/main amd64 at-spi2-common all 2.46.0-5 [162 kB]
2026-10-07T20:47:01.0335040Z #9 2.615 Get:42 http://deb.debian.org/debian bookworm/main amd64 bubblewrap amd64 0.8.0-2+deb12u1 [47.3 kB]
2026-10-07T20:47:01.0335999Z #9 2.616 Get:43 http://deb.debian.org/debian bookworm/main amd64 libasound2-data all 1.2.8-1 [20.5 kB]
2026-10-07T20:47:01.0336894Z #9 2.616 Get:44 http://deb.debian.org/debian bookworm/main amd64 libasound2 amd64 1.2.8-1+b1 [362 kB]
2026-10-07T20:47:01.0337986Z #9 2.617 Get:45 http://deb.debian.org/debian bookworm/main amd64 libatk1.0-0 amd64 2.46.0-5 [49.6 kB]
2026-10-07T20:47:01.0338930Z #9 2.618 Get:46 http://deb.debian.org/debian bookworm/main amd64 libxau6 amd64 1:1.0.9-1 [19.7 kB]
2026-10-07T20:47:01.0339777Z #9 2.618 Get:47 http://deb.debian.org/debian bookworm/main amd64 libbsd0 amd64 0.11.7-2 [117 kB]
2026-10-07T20:47:01.0340674Z #9 2.619 Get:48 http://deb.debian.org/debian bookworm/main amd64 libxdmcp6 amd64 1:1.1.2-3 [26.3 kB]
2026-10-07T20:47:01.0341583Z #9 2.619 Get:49 http://deb.debian.org/debian bookworm/main amd64 libxcb1 amd64 1.15-1 [144 kB]
2026-10-07T20:47:01.0342532Z #9 2.620 Get:50 http://deb.debian.org/debian bookworm/main amd64 libx11-data all 2:1.8.4-2+deb12u2 [292 kB]
2026-10-07T20:47:01.0343332Z #9 2.621 Get:51 http://deb.debian.org/debian bookworm/main amd64 libx11-6 amd64 2:1.8.4-2+deb12u2 [760 kB]
2026-10-07T20:47:01.0343923Z #9 2.624 Get:52 http://deb.debian.org/debian bookworm/main amd64 libxext6 amd64 2:1.3.4-1+b1 [52.9 kB]
2026-10-07T20:47:01.0344474Z #9 2.624 Get:53 http://deb.debian.org/debian bookworm/main amd64 libxi6 amd64 2:1.8-1+b1 [84.2 kB]
2026-10-07T20:47:01.0345019Z #9 2.624 Get:54 http://deb.debian.org/debian bookworm/main amd64 libatspi2.0-0 amd64 2.46.0-5 [75.4 kB]
2026-10-07T20:47:01.0345752Z #9 2.625 Get:55 http://deb.debian.org/debian bookworm/main amd64 libatk-bridge2.0-0 amd64 2.46.0-5 [64.6 kB]
2026-10-07T20:47:01.0346479Z #9 2.688 Get:56 http://deb.debian.org/debian bookworm/main amd64 libbrotli1 amd64 1.0.9-2+b6 [275 kB]
2026-10-07T20:47:01.1337430Z #9 2.689 Get:57 http://deb.debian.org/debian bookworm/main amd64 libfreetype6 amd64 2.12.1+dfsg-5+deb12u4 [398 kB]
2026-10-07T20:47:01.1338772Z #9 2.691 Get:58 http://deb.debian.org/debian bookworm/main amd64 fonts-dejavu-core all 2.37-6 [1068 kB]
2026-10-07T20:47:01.1339813Z #9 2.694 Get:59 http://deb.debian.org/debian bookworm/main amd64 fontconfig-config amd64 2.14.1-4 [315 kB]
2026-10-07T20:47:01.1340830Z #9 2.695 Get:60 http://deb.debian.org/debian bookworm/main amd64 libfontconfig1 amd64 2.14.1-4 [386 kB]
2026-10-07T20:47:01.1341807Z #9 2.697 Get:61 http://deb.debian.org/debian bookworm/main amd64 libpixman-1-0 amd64 0.42.2-1 [546 kB]
2026-10-07T20:47:01.1342775Z #9 2.699 Get:62 http://deb.debian.org/debian bookworm/main amd64 libxcb-render0 amd64 1.15-1 [115 kB]
2026-10-07T20:47:01.1343699Z #9 2.699 Get:63 http://deb.debian.org/debian bookworm/main amd64 libxcb-shm0 amd64 1.15-1 [105 kB]
2026-10-07T20:47:01.1344908Z #9 2.700 Get:64 http://deb.debian.org/debian bookworm/main amd64 libxrender1 amd64 1:0.9.10-1.1 [33.2 kB]
2026-10-07T20:47:01.1345859Z #9 2.700 Get:65 http://deb.debian.org/debian bookworm/main amd64 libcairo2 amd64 1.16.0-7 [575 kB]
2026-10-07T20:47:01.1346875Z #9 2.702 Get:66 http://deb.debian.org/debian bookworm/main amd64 libavahi-common-data amd64 0.8-10+deb12u1 [107 kB]
2026-10-07T20:47:01.1347949Z #9 2.703 Get:67 http://deb.debian.org/debian bookworm/main amd64 libavahi-common3 amd64 0.8-10+deb12u1 [42.1 kB]
2026-10-07T20:47:01.1349198Z #9 2.703 Get:68 http://deb.debian.org/debian bookworm/main amd64 libavahi-client3 amd64 0.8-10+deb12u1 [45.8 kB]
2026-10-07T20:47:01.1350284Z #9 2.704 Get:69 http://deb.debian.org/debian bookworm/main amd64 libkrb5support0 amd64 1.20.1-2+deb12u5 [33.2 kB]
2026-10-07T20:47:01.1351331Z #9 2.705 Get:70 http://deb.debian.org/debian bookworm/main amd64 libk5crypto3 amd64 1.20.1-2+deb12u5 [79.7 kB]
2026-10-07T20:47:01.1352309Z #9 2.705 Get:71 http://deb.debian.org/debian bookworm/main amd64 libkeyutils1 amd64 1.6.3-2 [8808 B]
2026-10-07T20:47:01.1353282Z #9 2.705 Get:72 http://deb.debian.org/debian bookworm/main amd64 libkrb5-3 amd64 1.20.1-2+deb12u5 [332 kB]
2026-10-07T20:47:01.1354319Z #9 2.706 Get:73 http://deb.debian.org/debian bookworm/main amd64 libgssapi-krb5-2 amd64 1.20.1-2+deb12u5 [135 kB]
2026-10-07T20:47:01.1355340Z #9 2.707 Get:74 http://deb.debian.org/debian bookworm/main amd64 libcups2 amd64 2.4.2-3+deb12u9 [245 kB]
2026-10-07T20:47:01.1356720Z #9 2.708 Get:75 http://deb.debian.org/debian bookworm/main amd64 libdav1d6 amd64 1.0.0-2+deb12u1 [513 kB]
2026-10-07T20:47:01.1357741Z #9 2.710 Get:76 http://deb.debian.org/debian bookworm/main amd64 libdouble-conversion3 amd64 3.2.1-1 [41.5 kB]
2026-10-07T20:47:01.1359014Z #9 2.710 Get:77 http://deb.debian.org/debian bookworm/main amd64 libogg0 amd64 1.3.5-3 [23.4 kB]
2026-10-07T20:47:01.1359947Z #9 2.710 Get:78 http://deb.debian.org/debian bookworm/main amd64 libflac12 amd64 1.4.2+ds-2 [198 kB]
2026-10-07T20:47:01.1360889Z #9 2.711 Get:79 http://deb.debian.org/debian bookworm/main amd64 libdrm-common all 2.4.114-1 [7112 B]
2026-10-07T20:47:01.1361814Z #9 2.711 Get:80 http://deb.debian.org/debian bookworm/main amd64 libdrm2 amd64 2.4.114-1+b1 [37.5 kB]
2026-10-07T20:47:01.1362803Z #9 2.712 Get:81 http://deb.debian.org/debian bookworm/main amd64 libwayland-server0 amd64 1.21.0-1 [35.9 kB]
2026-10-07T20:47:01.1363812Z #9 2.712 Get:82 http://deb.debian.org/debian bookworm/main amd64 libgbm1 amd64 22.3.6-1+deb12u2 [38.1 kB]
2026-10-07T20:47:01.1364827Z #9 2.713 Get:83 http://deb.debian.org/debian bookworm/main amd64 libgraphite2-3 amd64 1.3.14-1+deb12u1 [74.6 kB]
2026-10-07T20:47:01.1365853Z #9 2.713 Get:84 http://deb.debian.org/debian bookworm/main amd64 libharfbuzz0b amd64 6.0.0+dfsg-3 [1945 kB]
2026-10-07T20:47:01.1366903Z #9 2.720 Get:85 http://deb.debian.org/debian bookworm/main amd64 libharfbuzz-subset0 amd64 6.0.0+dfsg-3 [1931 kB]
2026-10-07T20:47:01.1367918Z #9 2.727 Get:86 http://deb.debian.org/debian bookworm/main amd64 liblcms2-2 amd64 2.14-2+deb12u1 [154 kB]
2026-10-07T20:47:01.1369086Z #9 2.727 Get:87 http://deb.debian.org/debian bookworm/main amd64 libminizip1 amd64 1.1-8+deb12u1 [20.1 kB]
2026-10-07T20:47:01.1370029Z #9 2.728 Get:88 http://deb.debian.org/debian bookworm/main amd64 libnspr4 amd64 2:4.35-1 [113 kB]
2026-10-07T20:47:01.1371202Z #9 2.728 Get:89 http://deb.debian.org/debian bookworm/main amd64 libsqlite3-0 amd64 3.40.1-2+deb12u2 [839 kB]
2026-10-07T20:47:01.1373353Z #9 2.731 Get:90 http://deb.debian.org/debian-security bookworm-security/main amd64 libnss3 amd64 2:3.87.1-1+deb12u4 [1331 kB]
2026-10-07T20:47:01.1375012Z #9 2.734 Get:91 http://deb.debian.org/debian bookworm/main amd64 libopenh264-7 amd64 2.3.1+dfsg-3+deb12u2 [393 kB]
2026-10-07T20:47:01.1376396Z #9 2.736 Get:92 http://deb.debian.org/debian bookworm/main amd64 libopenjp2-7 amd64 2.5.0-2+deb12u3 [189 kB]
2026-10-07T20:47:01.1377375Z #9 2.737 Get:93 http://deb.debian.org/debian bookworm/main amd64 libopus0 amd64 1.3.1-3 [195 kB]
2026-10-07T20:47:01.1378931Z #9 2.737 Get:94 http://deb.debian.org/debian bookworm/main amd64 fontconfig amd64 2.14.1-4 [449 kB]
2026-10-07T20:47:01.1379996Z #9 2.739 Get:95 http://deb.debian.org/debian bookworm/main amd64 libfribidi0 amd64 1.0.8-2.1 [65.0 kB]
2026-10-07T20:47:01.1380814Z #9 2.740 Get:96 http://deb.debian.org/debian bookworm/main amd64 libthai-data all 0.1.29-1 [176 kB]
2026-10-07T20:47:01.1381810Z #9 2.740 Get:97 http://deb.debian.org/debian bookworm/main amd64 libdatrie1 amd64 0.2.13-2+b1 [43.3 kB]
2026-10-07T20:47:01.1382690Z #9 2.741 Get:98 http://deb.debian.org/debian bookworm/main amd64 libthai0 amd64 0.1.29-1 [57.5 kB]
2026-10-07T20:47:01.1383272Z #9 2.779 Get:99 http://deb.debian.org/debian bookworm/main amd64 libpango-1.0-0 amd64 1.50.12+ds-1 [212 kB]
2026-10-07T20:47:01.1383868Z #9 2.780 Get:100 http://deb.debian.org/debian bookworm/main amd64 libasyncns0 amd64 0.8-6+b3 [12.9 kB]
2026-10-07T20:47:01.1384412Z #9 2.780 Get:101 http://deb.debian.org/debian bookworm/main amd64 libmp3lame0 amd64 3.100-6 [365 kB]
2026-10-07T20:47:01.1384984Z #9 2.781 Get:102 http://deb.debian.org/debian bookworm/main amd64 libmpg123-0 amd64 1.31.2-1+deb12u1 [147 kB]
2026-10-07T20:47:01.1385551Z #9 2.782 Get:103 http://deb.debian.org/debian bookworm/main amd64 libvorbis0a amd64 1.3.7-1 [93.0 kB]
2026-10-07T20:47:01.1386107Z #9 2.783 Get:104 http://deb.debian.org/debian bookworm/main amd64 libvorbisenc2 amd64 1.3.7-1 [80.6 kB]
2026-10-07T20:47:01.1386705Z #9 2.783 Get:105 http://deb.debian.org/debian bookworm/main amd64 libsndfile1 amd64 1.2.0-1+deb12u1 [197 kB]
2026-10-07T20:47:01.1387467Z #9 2.784 Get:106 http://deb.debian.org/debian bookworm/main amd64 libx11-xcb1 amd64 2:1.8.4-2+deb12u2 [192 kB]
2026-10-07T20:47:01.1388196Z #9 2.785 Get:107 http://deb.debian.org/debian bookworm/main amd64 libpulse0 amd64 16.1+dfsg1-2+b1 [274 kB]
2026-10-07T20:47:01.1388817Z #9 2.786 Get:108 http://deb.debian.org/debian bookworm/main amd64 libxcomposite1 amd64 1:0.4.5-1 [16.6 kB]
2026-10-07T20:47:01.1389798Z #9 2.786 Get:109 http://deb.debian.org/debian bookworm/main amd64 libxdamage1 amd64 1:1.1.6-1 [15.1 kB]
2026-10-07T20:47:01.1390794Z #9 2.787 Get:110 http://deb.debian.org/debian bookworm/main amd64 libxfixes3 amd64 1:6.0.0-2 [22.7 kB]
2026-10-07T20:47:01.1391755Z #9 2.787 Get:111 http://deb.debian.org/debian bookworm/main amd64 xkb-data all 2.35.1-1 [764 kB]
2026-10-07T20:47:01.1392712Z #9 2.790 Get:112 http://deb.debian.org/debian bookworm/main amd64 libxkbcommon0 amd64 1.5.0-1 [106 kB]
2026-10-07T20:47:01.2769434Z #9 2.790 Get:113 http://deb.debian.org/debian bookworm/main amd64 libxnvctrl0 amd64 525.85.05-3~deb12u1 [13.5 kB]
2026-10-07T20:47:01.2770359Z #9 2.793 Get:114 http://deb.debian.org/debian bookworm/main amd64 libxrandr2 amd64 2:1.5.2-2+b1 [39.2 kB]
2026-10-07T20:47:01.2771039Z #9 2.794 Get:115 http://deb.debian.org/debian bookworm/main amd64 libcairo-gobject2 amd64 1.16.0-7 [112 kB]
2026-10-07T20:47:01.2771631Z #9 2.794 Get:116 http://deb.debian.org/debian bookworm/main amd64 libcolord2 amd64 1.4.6-2.2 [137 kB]
2026-10-07T20:47:01.2772226Z #9 2.794 Get:117 http://deb.debian.org/debian bookworm/main amd64 libepoxy0 amd64 1.5.10-1 [189 kB]
2026-10-07T20:47:01.2772831Z #9 2.794 Get:118 http://deb.debian.org/debian bookworm/main amd64 libpangoft2-1.0-0 amd64 1.50.12+ds-1 [47.4 kB]
2026-10-07T20:47:01.2773454Z #9 2.794 Get:119 http://deb.debian.org/debian bookworm/main amd64 libpangocairo-1.0-0 amd64 1.50.12+ds-1 [34.2 kB]
2026-10-07T20:47:01.2774057Z #9 2.794 Get:120 http://deb.debian.org/debian bookworm/main amd64 libwayland-client0 amd64 1.21.0-1 [28.3 kB]
2026-10-07T20:47:01.2774654Z #9 2.795 Get:121 http://deb.debian.org/debian bookworm/main amd64 libwayland-cursor0 amd64 1.21.0-1 [14.4 kB]
2026-10-07T20:47:01.2775257Z #9 2.796 Get:122 http://deb.debian.org/debian bookworm/main amd64 libwayland-egl1 amd64 1.21.0-1 [8640 B]
2026-10-07T20:47:01.2775817Z #9 2.797 Get:123 http://deb.debian.org/debian bookworm/main amd64 libxcursor1 amd64 1:1.2.1-1 [40.9 kB]
2026-10-07T20:47:01.2776382Z #9 2.798 Get:124 http://deb.debian.org/debian bookworm/main amd64 libxinerama1 amd64 2:1.1.4-3 [17.8 kB]
2026-10-07T20:47:01.2777247Z #9 2.798 Get:125 http://deb.debian.org/debian bookworm/main amd64 dbus-user-session amd64 1.14.10-1~deb12u1 [78.1 kB]
2026-10-07T20:47:01.2778152Z #9 2.799 Get:126 http://deb.debian.org/debian bookworm/main amd64 libdconf1 amd64 0.40.0-4 [40.9 kB]
2026-10-07T20:47:01.2779133Z #9 2.799 Get:127 http://deb.debian.org/debian bookworm/main amd64 dconf-service amd64 0.40.0-4 [31.6 kB]
2026-10-07T20:47:01.2780231Z #9 2.800 Get:128 http://deb.debian.org/debian bookworm/main amd64 dconf-gsettings-backend amd64 0.40.0-4 [27.8 kB]
2026-10-07T20:47:01.2781102Z #9 2.800 Get:129 http://deb.debian.org/debian bookworm/main amd64 libgtk-3-common all 3.24.38-2~deb12u3 [3895 kB]
2026-10-07T20:47:01.2781701Z #9 2.813 Get:130 http://deb.debian.org/debian bookworm/main amd64 libgtk-3-0 amd64 3.24.38-2~deb12u3 [2847 kB]
2026-10-07T20:47:01.2782264Z #9 2.823 Get:131 http://deb.debian.org/debian bookworm/main amd64 libfontenc1 amd64 1:1.1.4-1 [24.3 kB]
2026-10-07T20:47:01.2782805Z #9 2.823 Get:132 http://deb.debian.org/debian bookworm/main amd64 libglvnd0 amd64 1.6.0-1 [51.8 kB]
2026-10-07T20:47:01.2783390Z #9 2.823 Get:133 http://deb.debian.org/debian bookworm/main amd64 libglapi-mesa amd64 22.3.6-1+deb12u2 [35.9 kB]
2026-10-07T20:47:01.2783970Z #9 2.824 Get:134 http://deb.debian.org/debian bookworm/main amd64 libxcb-dri2-0 amd64 1.15-1 [107 kB]
2026-10-07T20:47:01.2784542Z #9 2.824 Get:135 http://deb.debian.org/debian bookworm/main amd64 libxcb-dri3-0 amd64 1.15-1 [107 kB]
2026-10-07T20:47:01.2785313Z #9 2.825 Get:136 http://deb.debian.org/debian bookworm/main amd64 libxcb-glx0 amd64 1.15-1 [122 kB]
2026-10-07T20:47:01.2785910Z #9 2.825 Get:137 http://deb.debian.org/debian bookworm/main amd64 libxcb-present0 amd64 1.15-1 [105 kB]
2026-10-07T20:47:01.2786483Z #9 2.826 Get:138 http://deb.debian.org/debian bookworm/main amd64 libxcb-randr0 amd64 1.15-1 [117 kB]
2026-10-07T20:47:01.2787024Z #9 2.827 Get:139 http://deb.debian.org/debian bookworm/main amd64 libxcb-sync1 amd64 1.15-1 [109 kB]
2026-10-07T20:47:01.2787847Z #9 2.827 Get:140 http://deb.debian.org/debian bookworm/main amd64 libxcb-xfixes0 amd64 1.15-1 [109 kB]
2026-10-07T20:47:01.2788777Z #9 2.828 Get:141 http://deb.debian.org/debian bookworm/main amd64 libxshmfence1 amd64 1.3-1 [8820 B]
2026-10-07T20:47:01.2789349Z #9 2.828 Get:142 http://deb.debian.org/debian bookworm/main amd64 libxxf86vm1 amd64 1:1.1.4-1+b2 [20.8 kB]
2026-10-07T20:47:01.2790026Z #9 2.828 Get:143 http://deb.debian.org/debian bookworm/main amd64 libdrm-amdgpu1 amd64 2.4.114-1+b1 [20.9 kB]
2026-10-07T20:47:01.2791019Z #9 2.829 Get:144 http://deb.debian.org/debian bookworm/main amd64 libpciaccess0 amd64 0.17-2 [51.4 kB]
2026-10-07T20:47:01.2791600Z #9 2.829 Get:145 http://deb.debian.org/debian bookworm/main amd64 libdrm-intel1 amd64 2.4.114-1+b1 [64.0 kB]
2026-10-07T20:47:01.2792185Z #9 2.830 Get:146 http://deb.debian.org/debian bookworm/main amd64 libdrm-nouveau2 amd64 2.4.114-1+b1 [19.1 kB]
2026-10-07T20:47:01.2792965Z #9 2.831 Get:147 http://deb.debian.org/debian bookworm/main amd64 libdrm-radeon1 amd64 2.4.114-1+b1 [21.8 kB]
2026-10-07T20:47:01.2793636Z #9 2.831 Get:148 http://deb.debian.org/debian bookworm/main amd64 libelf1 amd64 0.188-2.1 [174 kB]
2026-10-07T20:47:01.2794454Z #9 2.832 Get:149 http://deb.debian.org/debian bookworm/main amd64 libedit2 amd64 3.1-20221030-2 [93.0 kB]
2026-10-07T20:47:01.2795004Z #9 2.833 Get:150 http://deb.debian.org/debian bookworm/main amd64 libz3-4 amd64 4.8.12-3.1 [7216 kB]
2026-10-07T20:47:01.2795584Z #9 2.857 Get:151 http://deb.debian.org/debian bookworm/main amd64 libllvm15 amd64 1:15.0.6-4+b1 [23.1 MB]
2026-10-07T20:47:01.2796565Z #9 2.933 Get:152 http://deb.debian.org/debian bookworm/main amd64 libsensors-config all 1:3.6.0-7.1 [14.3 kB]
2026-10-07T20:47:01.4032457Z #9 2.933 Get:153 http://deb.debian.org/debian bookworm/main amd64 libsensors5 amd64 1:3.6.0-7.1 [34.2 kB]
2026-10-07T20:47:01.4033219Z #9 2.933 Get:154 http://deb.debian.org/debian bookworm/main amd64 libgl1-mesa-dri amd64 22.3.6-1+deb12u2 [7240 kB]
2026-10-07T20:47:01.4034151Z #9 3.059 Get:155 http://deb.debian.org/debian bookworm/main amd64 libglx-mesa0 amd64 22.3.6-1+deb12u2 [148 kB]
2026-10-07T20:47:01.5655438Z #9 3.060 Get:156 http://deb.debian.org/debian bookworm/main amd64 libglx0 amd64 1.6.0-1 [34.4 kB]
2026-10-07T20:47:01.5656129Z #9 3.060 Get:157 http://deb.debian.org/debian bookworm/main amd64 libgl1 amd64 1.6.0-1 [88.4 kB]
2026-10-07T20:47:01.5656679Z #9 3.061 Get:158 http://deb.debian.org/debian bookworm/main amd64 x11-common all 1:7.7+23 [252 kB]
2026-10-07T20:47:01.5657272Z #9 3.062 Get:159 http://deb.debian.org/debian bookworm/main amd64 libice6 amd64 2:1.0.10-1 [58.5 kB]
2026-10-07T20:47:01.5657811Z #9 3.062 Get:160 http://deb.debian.org/debian bookworm/main amd64 libsm6 amd64 2:1.2.3-1 [35.1 kB]
2026-10-07T20:47:01.5658578Z #9 3.063 Get:161 http://deb.debian.org/debian bookworm/main amd64 libxt6 amd64 1:1.2.1-1.1 [186 kB]
2026-10-07T20:47:01.5659133Z #9 3.063 Get:162 http://deb.debian.org/debian bookworm/main amd64 libxmu6 amd64 2:1.1.3-3 [60.1 kB]
2026-10-07T20:47:01.5659712Z #9 3.064 Get:163 http://deb.debian.org/debian bookworm/main amd64 libxpm4 amd64 1:3.5.12-1.1+deb12u1 [48.6 kB]
2026-10-07T20:47:01.5660265Z #9 3.064 Get:164 http://deb.debian.org/debian bookworm/main amd64 libxaw7 amd64 2:1.0.14-1 [201 kB]
2026-10-07T20:47:01.5660798Z #9 3.065 Get:165 http://deb.debian.org/debian bookworm/main amd64 libxcb-shape0 amd64 1.15-1 [106 kB]
2026-10-07T20:47:01.5661330Z #9 3.066 Get:166 http://deb.debian.org/debian bookworm/main amd64 libxft2 amd64 2.3.6-1 [61.8 kB]
2026-10-07T20:47:01.5662402Z #9 3.066 Get:167 http://deb.debian.org/debian bookworm/main amd64 libxkbfile1 amd64 1:1.1.0-1 [75.2 kB]
2026-10-07T20:47:01.5662976Z #9 3.067 Get:168 http://deb.debian.org/debian bookworm/main amd64 libxmuu1 amd64 2:1.1.3-3 [23.9 kB]
2026-10-07T20:47:01.5663523Z #9 3.067 Get:169 http://deb.debian.org/debian bookworm/main amd64 libxtst6 amd64 2:1.2.3-1.1 [28.0 kB]
2026-10-07T20:47:01.5664061Z #9 3.067 Get:170 http://deb.debian.org/debian bookworm/main amd64 libxv1 amd64 2:1.0.11-1.1 [24.8 kB]
2026-10-07T20:47:01.5664615Z #9 3.068 Get:171 http://deb.debian.org/debian bookworm/main amd64 libxxf86dga1 amd64 2:1.1.5-1 [22.1 kB]
2026-10-07T20:47:01.5665155Z #9 3.068 Get:172 http://deb.debian.org/debian bookworm/main amd64 x11-utils amd64 7.7+5 [202 kB]
2026-10-07T20:47:01.5665677Z #9 3.069 Get:173 http://deb.debian.org/debian bookworm/main amd64 xdg-utils all 1.1.3-4.1 [75.5 kB]
2026-10-07T20:47:01.5666358Z #9 3.071 Get:174 http://deb.debian.org/debian-security bookworm-security/main amd64 chromium-common amd64 154.0.8037.92-1~deb12u1 [30.5 MB]
2026-10-07T20:47:01.6097811Z #9 3.266 Get:175 http://deb.debian.org/debian-security bookworm-security/main amd64 chromium amd64 154.0.8037.92-1~deb12u1 [80.3 MB]
2026-10-07T20:47:02.3912511Z #9 4.047 debconf: delaying package configuration, since apt-utils is not installed
2026-10-07T20:47:02.5306273Z #9 4.069 Fetched 206 MB in 1s (138 MB/s)
2026-10-07T20:47:02.5306735Z #9 4.080 Selecting previously unselected package libssl3:amd64.
2026-10-07T20:47:02.5307107Z #9 4.080 (Reading database ... 
2026-10-07T20:47:02.5307352Z (Reading database ... 5%
2026-10-07T20:47:02.5307596Z (Reading database ... 10%
2026-10-07T20:47:02.5307803Z (Reading database ... 15%
2026-10-07T20:47:02.5307995Z (Reading database ... 20%
2026-10-07T20:47:02.5308366Z (Reading database ... 25%
2026-10-07T20:47:02.5308568Z (Reading database ... 30%
2026-10-07T20:47:02.5308767Z (Reading database ... 35%
2026-10-07T20:47:02.5308983Z (Reading database ... 40%
2026-10-07T20:47:02.5309173Z (Reading database ... 45%
2026-10-07T20:47:02.5309365Z (Reading database ... 50%
2026-10-07T20:47:02.5309566Z (Reading database ... 55%
2026-10-07T20:47:02.5309757Z (Reading database ... 60%
2026-10-07T20:47:02.5309948Z (Reading database ... 65%
2026-10-07T20:47:02.5310140Z (Reading database ... 70%
2026-10-07T20:47:02.5310331Z (Reading database ... 75%
2026-10-07T20:47:02.5310521Z (Reading database ... 80%
2026-10-07T20:47:02.5310710Z (Reading database ... 85%
2026-10-07T20:47:02.5310919Z (Reading database ... 90%
2026-10-07T20:47:02.5311383Z (Reading database ... 95%
2026-10-07T20:47:02.5311588Z (Reading database ... 100%
2026-10-07T20:47:02.5311921Z (Reading database ... 6096 files and directories currently installed.)
2026-10-07T20:47:02.5312381Z #9 4.086 Preparing to unpack .../00-libssl3_3.0.22-1~deb12u1_amd64.deb ...
2026-10-07T20:47:02.5312774Z #9 4.087 Unpacking libssl3:amd64 (3.0.22-1~deb12u1) ...
2026-10-07T20:47:02.5313169Z #9 4.187 Selecting previously unselected package libargon2-1:amd64.
2026-10-07T20:47:02.6428172Z #9 4.188 Preparing to unpack .../01-libargon2-1_0~20171227-0.3+deb12u1_amd64.deb ...
2026-10-07T20:47:02.6428740Z #9 4.188 Unpacking libargon2-1:amd64 (0~20171227-0.3+deb12u1) ...
2026-10-07T20:47:02.6429120Z #9 4.200 Selecting previously unselected package dmsetup.
2026-10-07T20:47:02.6429502Z #9 4.201 Preparing to unpack .../02-dmsetup_2%3a1.02.185-2_amd64.deb ...
2026-10-07T20:47:02.6429879Z #9 4.202 Unpacking dmsetup (2:1.02.185-2) ...
2026-10-07T20:47:02.6430301Z #9 4.218 Selecting previously unselected package libdevmapper1.02.1:amd64.
2026-10-07T20:47:02.6430782Z #9 4.219 Preparing to unpack .../03-libdevmapper1.02.1_2%3a1.02.185-2_amd64.deb ...
2026-10-07T20:47:02.6431203Z #9 4.219 Unpacking libdevmapper1.02.1:amd64 (2:1.02.185-2) ...
2026-10-07T20:47:02.6431583Z #9 4.237 Selecting previously unselected package libjson-c5:amd64.
2026-10-07T20:47:02.6431972Z #9 4.238 Preparing to unpack .../04-libjson-c5_0.16-2_amd64.deb ...
2026-10-07T20:47:02.6432580Z #9 4.239 Unpacking libjson-c5:amd64 (0.16-2) ...
2026-10-07T20:47:02.6432957Z #9 4.252 Selecting previously unselected package libcryptsetup12:amd64.
2026-10-07T20:47:02.6433406Z #9 4.253 Preparing to unpack .../05-libcryptsetup12_2%3a2.6.1-4~deb12u2_amd64.deb ...
2026-10-07T20:47:02.6433934Z #9 4.254 Unpacking libcryptsetup12:amd64 (2:2.6.1-4~deb12u2) ...
2026-10-07T20:47:02.6434580Z #9 4.276 Selecting previously unselected package libfdisk1:amd64.
2026-10-07T20:47:02.6435272Z #9 4.277 Preparing to unpack .../06-libfdisk1_2.38.1-5+deb12u3_amd64.deb ...
2026-10-07T20:47:02.6435898Z #9 4.278 Unpacking libfdisk1:amd64 (2.38.1-5+deb12u3) ...
2026-10-07T20:47:02.6436539Z #9 4.299 Selecting previously unselected package libkmod2:amd64.
2026-10-07T20:47:02.7902711Z #9 4.300 Preparing to unpack .../07-libkmod2_30+20221128-1_amd64.deb ...
2026-10-07T20:47:02.7903253Z #9 4.301 Unpacking libkmod2:amd64 (30+20221128-1) ...
2026-10-07T20:47:02.7903729Z #9 4.314 Selecting previously unselected package libapparmor1:amd64.
2026-10-07T20:47:02.7904213Z #9 4.315 Preparing to unpack .../08-libapparmor1_3.0.8-3_amd64.deb ...
2026-10-07T20:47:02.7904570Z #9 4.316 Unpacking libapparmor1:amd64 (3.0.8-3) ...
2026-10-07T20:47:02.7904982Z #9 4.329 Selecting previously unselected package libip4tc2:amd64.
2026-10-07T20:47:02.7905366Z #9 4.330 Preparing to unpack .../09-libip4tc2_1.8.9-2_amd64.deb ...
2026-10-07T20:47:02.7905692Z #9 4.331 Unpacking libip4tc2:amd64 (1.8.9-2) ...
2026-10-07T20:47:02.7906276Z #9 4.341 Selecting previously unselected package libsystemd-shared:amd64.
2026-10-07T20:47:02.7906798Z #9 4.343 Preparing to unpack .../10-libsystemd-shared_252.39-1~deb12u2_amd64.deb ...
2026-10-07T20:47:02.7907336Z #9 4.343 Unpacking libsystemd-shared:amd64 (252.39-1~deb12u2) ...
2026-10-07T20:47:02.7907706Z #9 4.446 Setting up libssl3:amd64 (3.0.22-1~deb12u1) ...
2026-10-07T20:47:02.9729891Z #9 4.461 Selecting previously unselected package systemd.
2026-10-07T20:47:02.9730446Z #9 4.461 (Reading database ... 
2026-10-07T20:47:02.9730669Z (Reading database ... 5%
2026-10-07T20:47:02.9730880Z (Reading database ... 10%
2026-10-07T20:47:02.9731084Z (Reading database ... 15%
2026-10-07T20:47:02.9731272Z (Reading database ... 20%
2026-10-07T20:47:02.9731470Z (Reading database ... 25%
2026-10-07T20:47:02.9731670Z (Reading database ... 30%
2026-10-07T20:47:02.9731862Z (Reading database ... 35%
2026-10-07T20:47:02.9732054Z (Reading database ... 40%
2026-10-07T20:47:02.9732245Z (Reading database ... 45%
2026-10-07T20:47:02.9732431Z (Reading database ... 50%
2026-10-07T20:47:02.9733022Z (Reading database ... 55%
2026-10-07T20:47:02.9733220Z (Reading database ... 60%
2026-10-07T20:47:02.9733405Z (Reading database ... 65%
2026-10-07T20:47:02.9733601Z (Reading database ... 70%
2026-10-07T20:47:02.9733790Z (Reading database ... 75%
2026-10-07T20:47:02.9733975Z (Reading database ... 80%
2026-10-07T20:47:02.9734160Z (Reading database ... 85%
2026-10-07T20:47:02.9734353Z (Reading database ... 90%
2026-10-07T20:47:02.9734552Z (Reading database ... 95%
2026-10-07T20:47:02.9734745Z (Reading database ... 100%
2026-10-07T20:47:02.9735069Z (Reading database ... 6182 files and directories currently installed.)
2026-10-07T20:47:02.9735495Z #9 4.466 Preparing to unpack .../systemd_252.39-1~deb12u2_amd64.deb ...
2026-10-07T20:47:02.9735850Z #9 4.478 Unpacking systemd (252.39-1~deb12u2) ...
2026-10-07T20:47:03.0140359Z #9 4.670 Setting up libargon2-1:amd64 (0~20171227-0.3+deb12u1) ...
2026-10-07T20:47:03.1290872Z #9 4.672 Setting up libjson-c5:amd64 (0.16-2) ...
2026-10-07T20:47:03.1291317Z #9 4.673 Setting up libfdisk1:amd64 (2.38.1-5+deb12u3) ...
2026-10-07T20:47:03.1291653Z #9 4.675 Setting up libkmod2:amd64 (30+20221128-1) ...
2026-10-07T20:47:03.1291964Z #9 4.676 Setting up libapparmor1:amd64 (3.0.8-3) ...
2026-10-07T20:47:03.1292294Z #9 4.678 Setting up libip4tc2:amd64 (1.8.9-2) ...
2026-10-07T20:47:03.1292638Z #9 4.680 Setting up libsystemd-shared:amd64 (252.39-1~deb12u2) ...
2026-10-07T20:47:03.1293012Z #9 4.681 Setting up libdevmapper1.02.1:amd64 (2:1.02.185-2) ...
2026-10-07T20:47:03.1293672Z #9 4.683 Setting up libcryptsetup12:amd64 (2:2.6.1-4~deb12u2) ...
2026-10-07T20:47:03.1293995Z #9 4.685 Setting up systemd (252.39-1~deb12u2) ...
2026-10-07T20:47:03.1294826Z #9 4.696 Created symlink /etc/systemd/system/getty.target.wants/getty@tty1.service → /lib/systemd/system/getty@.service.
2026-10-07T20:47:03.1295184Z 
2026-10-07T20:47:03.1295934Z #9 4.700 Created symlink /etc/systemd/system/multi-user.target.wants/remote-fs.target → /lib/systemd/system/remote-fs.target.
2026-10-07T20:47:03.1296836Z 
2026-10-07T20:47:03.1297747Z #9 4.705 Created symlink /etc/systemd/system/sysinit.target.wants/systemd-pstore.service → /lib/systemd/system/systemd-pstore.service.
2026-10-07T20:47:03.1298656Z 
2026-10-07T20:47:03.1298930Z #9 4.709 Initializing machine ID from random generator.
2026-10-07T20:47:03.1299233Z 
2026-10-07T20:47:03.1299479Z #9 4.730 Creating group 'systemd-journal' with GID 999.
2026-10-07T20:47:03.1299724Z 
2026-10-07T20:47:03.1299902Z #9 4.730 Creating group 'systemd-network' with GID 998.
2026-10-07T20:47:03.1300072Z 
2026-10-07T20:47:03.1300375Z #9 4.730 Creating user 'systemd-network' (systemd Network Management) with UID 998 and GID 998.
2026-10-07T20:47:03.1300803Z 
2026-10-07T20:47:03.1300942Z #9 4.756 Setting up dmsetup (2:1.02.185-2) ...
2026-10-07T20:47:03.1301287Z #9 4.785 Selecting previously unselected package systemd-sysv.
2026-10-07T20:47:03.2448718Z #9 4.785 (Reading database ... 
2026-10-07T20:47:03.2449100Z (Reading database ... 5%
2026-10-07T20:47:03.2449334Z (Reading database ... 10%
2026-10-07T20:47:03.2449581Z (Reading database ... 15%
2026-10-07T20:47:03.2449781Z (Reading database ... 20%
2026-10-07T20:47:03.2449985Z (Reading database ... 25%
2026-10-07T20:47:03.2450172Z (Reading database ... 30%
2026-10-07T20:47:03.2450359Z (Reading database ... 35%
2026-10-07T20:47:03.2450558Z (Reading database ... 40%
2026-10-07T20:47:03.2450759Z (Reading database ... 45%
2026-10-07T20:47:03.2450967Z (Reading database ... 50%
2026-10-07T20:47:03.2451166Z (Reading database ... 55%
2026-10-07T20:47:03.2451351Z (Reading database ... 60%
2026-10-07T20:47:03.2451545Z (Reading database ... 65%
2026-10-07T20:47:03.2451748Z (Reading database ... 70%
2026-10-07T20:47:03.2451934Z (Reading database ... 75%
2026-10-07T20:47:03.2452145Z (Reading database ... 80%
2026-10-07T20:47:03.2452338Z (Reading database ... 85%
2026-10-07T20:47:03.2452526Z (Reading database ... 90%
2026-10-07T20:47:03.2452713Z (Reading database ... 95%
2026-10-07T20:47:03.2452905Z (Reading database ... 100%
2026-10-07T20:47:03.2453482Z (Reading database ... 7031 files and directories currently installed.)
2026-10-07T20:47:03.2453956Z #9 4.791 Preparing to unpack .../000-systemd-sysv_252.39-1~deb12u2_amd64.deb ...
2026-10-07T20:47:03.2454365Z #9 4.813 Unpacking systemd-sysv (252.39-1~deb12u2) ...
2026-10-07T20:47:03.2454732Z #9 4.827 Selecting previously unselected package libdbus-1-3:amd64.
2026-10-07T20:47:03.2455229Z #9 4.828 Preparing to unpack .../001-libdbus-1-3_1.14.10-1~deb12u1_amd64.deb ...
2026-10-07T20:47:03.2455730Z #9 4.829 Unpacking libdbus-1-3:amd64 (1.14.10-1~deb12u1) ...
2026-10-07T20:47:03.2456074Z #9 4.849 Selecting previously unselected package dbus-bin.
2026-10-07T20:47:03.2456467Z #9 4.850 Preparing to unpack .../002-dbus-bin_1.14.10-1~deb12u1_amd64.deb ...
2026-10-07T20:47:03.2456823Z #9 4.850 Unpacking dbus-bin (1.14.10-1~deb12u1) ...
2026-10-07T20:47:03.2457243Z #9 4.866 Selecting previously unselected package dbus-session-bus-common.
2026-10-07T20:47:03.2459262Z #9 4.867 Preparing to unpack .../003-dbus-session-bus-common_1.14.10-1~deb12u1_all.deb ...
2026-10-07T20:47:03.2460060Z #9 4.868 Unpacking dbus-session-bus-common (1.14.10-1~deb12u1) ...
2026-10-07T20:47:03.2460573Z #9 4.882 Selecting previously unselected package libexpat1:amd64.
2026-10-07T20:47:03.2461104Z #9 4.883 Preparing to unpack .../004-libexpat1_2.5.0-1+deb12u4_amd64.deb ...
2026-10-07T20:47:03.2461549Z #9 4.884 Unpacking libexpat1:amd64 (2.5.0-1+deb12u4) ...
2026-10-07T20:47:03.2462288Z #9 4.901 Selecting previously unselected package dbus-daemon.
2026-10-07T20:47:03.3486910Z #9 4.902 Preparing to unpack .../005-dbus-daemon_1.14.10-1~deb12u1_amd64.deb ...
2026-10-07T20:47:03.3487643Z #9 4.903 Unpacking dbus-daemon (1.14.10-1~deb12u1) ...
2026-10-07T20:47:03.3488443Z #9 4.922 Selecting previously unselected package dbus-system-bus-common.
2026-10-07T20:47:03.3489252Z #9 4.923 Preparing to unpack .../006-dbus-system-bus-common_1.14.10-1~deb12u1_all.deb ...
2026-10-07T20:47:03.3489984Z #9 4.924 Unpacking dbus-system-bus-common (1.14.10-1~deb12u1) ...
2026-10-07T20:47:03.3490600Z #9 4.940 Selecting previously unselected package dbus.
2026-10-07T20:47:03.3491174Z #9 4.941 Preparing to unpack .../007-dbus_1.14.10-1~deb12u1_amd64.deb ...
2026-10-07T20:47:03.3491518Z #9 4.942 Unpacking dbus (1.14.10-1~deb12u1) ...
2026-10-07T20:47:03.3491873Z #9 4.959 Selecting previously unselected package libncursesw6:amd64.
2026-10-07T20:47:03.3492268Z #9 4.960 Preparing to unpack .../008-libncursesw6_6.4-4_amd64.deb ...
2026-10-07T20:47:03.3492622Z #9 4.961 Unpacking libncursesw6:amd64 (6.4-4) ...
2026-10-07T20:47:03.3492989Z #9 4.979 Selecting previously unselected package libproc2-0:amd64.
2026-10-07T20:47:03.3493412Z #9 4.981 Preparing to unpack .../009-libproc2-0_2%3a4.0.2-3_amd64.deb ...
2026-10-07T20:47:03.3493782Z #9 4.981 Unpacking libproc2-0:amd64 (2:4.0.2-3) ...
2026-10-07T20:47:03.3494107Z #9 4.997 Selecting previously unselected package procps.
2026-10-07T20:47:03.3494468Z #9 4.998 Preparing to unpack .../010-procps_2%3a4.0.2-3_amd64.deb ...
2026-10-07T20:47:03.3494791Z #9 5.005 Unpacking procps (2:4.0.2-3) ...
2026-10-07T20:47:03.4934466Z #9 5.060 Selecting previously unselected package libpam-systemd:amd64.
2026-10-07T20:47:03.4935190Z #9 5.062 Preparing to unpack .../011-libpam-systemd_252.39-1~deb12u2_amd64.deb ...
2026-10-07T20:47:03.4935623Z #9 5.064 Unpacking libpam-systemd:amd64 (252.39-1~deb12u2) ...
2026-10-07T20:47:03.4936226Z #9 5.085 Selecting previously unselected package hicolor-icon-theme.
2026-10-07T20:47:03.4936735Z #9 5.086 Preparing to unpack .../012-hicolor-icon-theme_0.17-2_all.deb ...
2026-10-07T20:47:03.4937355Z #9 5.087 Unpacking hicolor-icon-theme (0.17-2) ...
2026-10-07T20:47:03.4938207Z #9 5.148 Selecting previously unselected package libgdk-pixbuf2.0-common.
2026-10-07T20:47:03.6121357Z #9 5.149 Preparing to unpack .../013-libgdk-pixbuf2.0-common_2.42.10+dfsg-1+deb12u4_all.deb ...
2026-10-07T20:47:03.6122280Z #9 5.150 Unpacking libgdk-pixbuf2.0-common (2.42.10+dfsg-1+deb12u4) ...
2026-10-07T20:47:03.6123294Z #9 5.186 Selecting previously unselected package libglib2.0-0:amd64.
2026-10-07T20:47:03.6123975Z #9 5.187 Preparing to unpack .../014-libglib2.0-0_2.74.6-2+deb12u9_amd64.deb ...
2026-10-07T20:47:03.6124609Z #9 5.188 Unpacking libglib2.0-0:amd64 (2.74.6-2+deb12u9) ...
2026-10-07T20:47:03.6125148Z #9 5.268 Selecting previously unselected package libicu72:amd64.
2026-10-07T20:47:03.7644271Z #9 5.269 Preparing to unpack .../015-libicu72_72.1-3+deb12u1_amd64.deb ...
2026-10-07T20:47:03.7653645Z #9 5.270 Unpacking libicu72:amd64 (72.1-3+deb12u1) ...
2026-10-07T20:47:03.9989543Z #9 5.655 Selecting previously unselected package libxml2:amd64.
2026-10-07T20:47:04.1216047Z #9 5.656 Preparing to unpack .../016-libxml2_2.9.14+dfsg-1.3~deb12u6_amd64.deb ...
2026-10-07T20:47:04.1216573Z #9 5.657 Unpacking libxml2:amd64 (2.9.14+dfsg-1.3~deb12u6) ...
2026-10-07T20:47:04.1216994Z #9 5.720 Selecting previously unselected package shared-mime-info.
2026-10-07T20:47:04.1217468Z #9 5.721 Preparing to unpack .../017-shared-mime-info_2.2-1_amd64.deb ...
2026-10-07T20:47:04.1217883Z #9 5.722 Unpacking shared-mime-info (2.2-1) ...
2026-10-07T20:47:04.1218585Z #9 5.778 Selecting previously unselected package libjpeg62-turbo:amd64.
2026-10-07T20:47:04.2524608Z #9 5.779 Preparing to unpack .../018-libjpeg62-turbo_1%3a2.1.5-2_amd64.deb ...
2026-10-07T20:47:04.2525567Z #9 5.779 Unpacking libjpeg62-turbo:amd64 (1:2.1.5-2) ...
2026-10-07T20:47:04.2526526Z #9 5.799 Selecting previously unselected package libpng16-16:amd64.
2026-10-07T20:47:04.2527322Z #9 5.800 Preparing to unpack .../019-libpng16-16_1.6.39-2+deb12u6_amd64.deb ...
2026-10-07T20:47:04.2527738Z #9 5.801 Unpacking libpng16-16:amd64 (1.6.39-2+deb12u6) ...
2026-10-07T20:47:04.2528350Z #9 5.823 Selecting previously unselected package libdeflate0:amd64.
2026-10-07T20:47:04.2528760Z #9 5.824 Preparing to unpack .../020-libdeflate0_1.14-1_amd64.deb ...
2026-10-07T20:47:04.2529104Z #9 5.825 Unpacking libdeflate0:amd64 (1.14-1) ...
2026-10-07T20:47:04.2529448Z #9 5.839 Selecting previously unselected package libjbig0:amd64.
2026-10-07T20:47:04.2529833Z #9 5.840 Preparing to unpack .../021-libjbig0_2.1-6.1_amd64.deb ...
2026-10-07T20:47:04.2530166Z #9 5.841 Unpacking libjbig0:amd64 (2.1-6.1) ...
2026-10-07T20:47:04.2530491Z #9 5.853 Selecting previously unselected package liblerc4:amd64.
2026-10-07T20:47:04.2530868Z #9 5.854 Preparing to unpack .../022-liblerc4_4.0.0+ds-2_amd64.deb ...
2026-10-07T20:47:04.2531193Z #9 5.855 Unpacking liblerc4:amd64 (4.0.0+ds-2) ...
2026-10-07T20:47:04.2531532Z #9 5.874 Selecting previously unselected package libwebp7:amd64.
2026-10-07T20:47:04.2531937Z #9 5.876 Preparing to unpack .../023-libwebp7_1.2.4-0.2+deb12u1_amd64.deb ...
2026-10-07T20:47:04.2532318Z #9 5.877 Unpacking libwebp7:amd64 (1.2.4-0.2+deb12u1) ...
2026-10-07T20:47:04.2532659Z #9 5.908 Selecting previously unselected package libtiff6:amd64.
2026-10-07T20:47:04.4761753Z #9 5.910 Preparing to unpack .../024-libtiff6_4.5.0-6+deb12u4_amd64.deb ...
2026-10-07T20:47:04.4776462Z #9 5.910 Unpacking libtiff6:amd64 (4.5.0-6+deb12u4) ...
2026-10-07T20:47:04.4777233Z #9 5.933 Selecting previously unselected package libgdk-pixbuf-2.0-0:amd64.
2026-10-07T20:47:04.4778254Z #9 5.934 Preparing to unpack .../025-libgdk-pixbuf-2.0-0_2.42.10+dfsg-1+deb12u4_amd64.deb ...
2026-10-07T20:47:04.4779062Z #9 5.934 Unpacking libgdk-pixbuf-2.0-0:amd64 (2.42.10+dfsg-1+deb12u4) ...
2026-10-07T20:47:04.4779792Z #9 5.954 Selecting previously unselected package gtk-update-icon-cache.
2026-10-07T20:47:04.4780637Z #9 5.955 Preparing to unpack .../026-gtk-update-icon-cache_3.24.38-2~deb12u3_amd64.deb ...
2026-10-07T20:47:04.4781392Z #9 5.955 Unpacking gtk-update-icon-cache (3.24.38-2~deb12u3) ...
2026-10-07T20:47:04.4782059Z #9 5.980 Selecting previously unselected package adwaita-icon-theme.
2026-10-07T20:47:04.4782758Z #9 5.981 Preparing to unpack .../027-adwaita-icon-theme_43-1_all.deb ...
2026-10-07T20:47:04.4783349Z #9 5.982 Unpacking adwaita-icon-theme (43-1) ...
2026-10-07T20:47:05.1405748Z #9 6.796 Selecting previously unselected package at-spi2-common.
2026-10-07T20:47:05.2540180Z #9 6.800 Preparing to unpack .../028-at-spi2-common_2.46.0-5_all.deb ...
2026-10-07T20:47:05.2540917Z #9 6.800 Unpacking at-spi2-common (2.46.0-5) ...
2026-10-07T20:47:05.2541457Z #9 6.830 Selecting previously unselected package bubblewrap.
2026-10-07T20:47:05.2542137Z #9 6.832 Preparing to unpack .../029-bubblewrap_0.8.0-2+deb12u1_amd64.deb ...
2026-10-07T20:47:05.2543129Z #9 6.832 Unpacking bubblewrap (0.8.0-2+deb12u1) ...
2026-10-07T20:47:05.2543679Z #9 6.847 Selecting previously unselected package libasound2-data.
2026-10-07T20:47:05.2545038Z #9 6.849 Preparing to unpack .../030-libasound2-data_1.2.8-1_all.deb ...
2026-10-07T20:47:05.2545510Z #9 6.850 Unpacking libasound2-data (1.2.8-1) ...
2026-10-07T20:47:05.2545872Z #9 6.875 Selecting previously unselected package libasound2:amd64.
2026-10-07T20:47:05.2546285Z #9 6.877 Preparing to unpack .../031-libasound2_1.2.8-1+b1_amd64.deb ...
2026-10-07T20:47:05.2546633Z #9 6.878 Unpacking libasound2:amd64 (1.2.8-1+b1) ...
2026-10-07T20:47:05.2547011Z #9 6.908 Selecting previously unselected package libatk1.0-0:amd64.
2026-10-07T20:47:05.3577489Z #9 6.910 Preparing to unpack .../032-libatk1.0-0_2.46.0-5_amd64.deb ...
2026-10-07T20:47:05.3578305Z #9 6.911 Unpacking libatk1.0-0:amd64 (2.46.0-5) ...
2026-10-07T20:47:05.3578897Z #9 6.925 Selecting previously unselected package libxau6:amd64.
2026-10-07T20:47:05.3579553Z #9 6.928 Preparing to unpack .../033-libxau6_1%3a1.0.9-1_amd64.deb ...
2026-10-07T20:47:05.3580427Z #9 6.928 Unpacking libxau6:amd64 (1:1.0.9-1) ...
2026-10-07T20:47:05.3580823Z #9 6.941 Selecting previously unselected package libbsd0:amd64.
2026-10-07T20:47:05.3581211Z #9 6.943 Preparing to unpack .../034-libbsd0_0.11.7-2_amd64.deb ...
2026-10-07T20:47:05.3581535Z #9 6.943 Unpacking libbsd0:amd64 (0.11.7-2) ...
2026-10-07T20:47:05.3581884Z #9 6.980 Selecting previously unselected package libxdmcp6:amd64.
2026-10-07T20:47:05.3582291Z #9 6.982 Preparing to unpack .../035-libxdmcp6_1%3a1.1.2-3_amd64.deb ...
2026-10-07T20:47:05.3582651Z #9 6.983 Unpacking libxdmcp6:amd64 (1:1.1.2-3) ...
2026-10-07T20:47:05.3582998Z #9 6.996 Selecting previously unselected package libxcb1:amd64.
2026-10-07T20:47:05.3583370Z #9 6.998 Preparing to unpack .../036-libxcb1_1.15-1_amd64.deb ...
2026-10-07T20:47:05.3583681Z #9 6.999 Unpacking libxcb1:amd64 (1.15-1) ...
2026-10-07T20:47:05.3584011Z #9 7.014 Selecting previously unselected package libx11-data.
2026-10-07T20:47:05.4586001Z #9 7.016 Preparing to unpack .../037-libx11-data_2%3a1.8.4-2+deb12u2_all.deb ...
2026-10-07T20:47:05.4586600Z #9 7.016 Unpacking libx11-data (2:1.8.4-2+deb12u2) ...
2026-10-07T20:47:05.4586990Z #9 7.065 Selecting previously unselected package libx11-6:amd64.
2026-10-07T20:47:05.4587476Z #9 7.067 Preparing to unpack .../038-libx11-6_2%3a1.8.4-2+deb12u2_amd64.deb ...
2026-10-07T20:47:05.4587943Z #9 7.068 Unpacking libx11-6:amd64 (2:1.8.4-2+deb12u2) ...
2026-10-07T20:47:05.4588510Z #9 7.113 Selecting previously unselected package libxext6:amd64.
2026-10-07T20:47:05.4589143Z #9 7.115 Preparing to unpack .../039-libxext6_2%3a1.3.4-1+b1_amd64.deb ...
2026-10-07T20:47:05.5770219Z #9 7.115 Unpacking libxext6:amd64 (2:1.3.4-1+b1) ...
2026-10-07T20:47:05.5770898Z #9 7.130 Selecting previously unselected package libxi6:amd64.
2026-10-07T20:47:05.5771590Z #9 7.131 Preparing to unpack .../040-libxi6_2%3a1.8-1+b1_amd64.deb ...
2026-10-07T20:47:05.5772190Z #9 7.132 Unpacking libxi6:amd64 (2:1.8-1+b1) ...
2026-10-07T20:47:05.5772833Z #9 7.148 Selecting previously unselected package libatspi2.0-0:amd64.
2026-10-07T20:47:05.5773468Z #9 7.149 Preparing to unpack .../041-libatspi2.0-0_2.46.0-5_amd64.deb ...
2026-10-07T20:47:05.5773872Z #9 7.150 Unpacking libatspi2.0-0:amd64 (2.46.0-5) ...
2026-10-07T20:47:05.5774271Z #9 7.166 Selecting previously unselected package libatk-bridge2.0-0:amd64.
2026-10-07T20:47:05.5774747Z #9 7.168 Preparing to unpack .../042-libatk-bridge2.0-0_2.46.0-5_amd64.deb ...
2026-10-07T20:47:05.5775147Z #9 7.168 Unpacking libatk-bridge2.0-0:amd64 (2.46.0-5) ...
2026-10-07T20:47:05.5775801Z #9 7.203 Selecting previously unselected package libbrotli1:amd64.
2026-10-07T20:47:05.5776250Z #9 7.205 Preparing to unpack .../043-libbrotli1_1.0.9-2+b6_amd64.deb ...
2026-10-07T20:47:05.5776624Z #9 7.206 Unpacking libbrotli1:amd64 (1.0.9-2+b6) ...
2026-10-07T20:47:05.5776993Z #9 7.233 Selecting previously unselected package libfreetype6:amd64.
2026-10-07T20:47:05.6919228Z #9 7.235 Preparing to unpack .../044-libfreetype6_2.12.1+dfsg-5+deb12u4_amd64.deb ...
2026-10-07T20:47:05.6920320Z #9 7.236 Unpacking libfreetype6:amd64 (2.12.1+dfsg-5+deb12u4) ...
2026-10-07T20:47:05.6921178Z #9 7.274 Selecting previously unselected package fonts-dejavu-core.
2026-10-07T20:47:05.6922091Z #9 7.276 Preparing to unpack .../045-fonts-dejavu-core_2.37-6_all.deb ...
2026-10-07T20:47:05.6922524Z #9 7.276 Unpacking fonts-dejavu-core (2.37-6) ...
2026-10-07T20:47:05.6922918Z #9 7.348 Selecting previously unselected package fontconfig-config.
2026-10-07T20:47:05.8009650Z #9 7.350 Preparing to unpack .../046-fontconfig-config_2.14.1-4_amd64.deb ...
2026-10-07T20:47:05.8010556Z #9 7.432 Unpacking fontconfig-config (2.14.1-4) ...
2026-10-07T20:47:05.8011647Z #9 7.457 Selecting previously unselected package libfontconfig1:amd64.
2026-10-07T20:47:05.9064394Z #9 7.459 Preparing to unpack .../047-libfontconfig1_2.14.1-4_amd64.deb ...
2026-10-07T20:47:05.9065094Z #9 7.459 Unpacking libfontconfig1:amd64 (2.14.1-4) ...
2026-10-07T20:47:05.9066023Z #9 7.478 Selecting previously unselected package libpixman-1-0:amd64.
2026-10-07T20:47:05.9066701Z #9 7.480 Preparing to unpack .../048-libpixman-1-0_0.42.2-1_amd64.deb ...
2026-10-07T20:47:05.9067266Z #9 7.481 Unpacking libpixman-1-0:amd64 (0.42.2-1) ...
2026-10-07T20:47:05.9067847Z #9 7.509 Selecting previously unselected package libxcb-render0:amd64.
2026-10-07T20:47:05.9068671Z #9 7.510 Preparing to unpack .../049-libxcb-render0_1.15-1_amd64.deb ...
2026-10-07T20:47:05.9069220Z #9 7.511 Unpacking libxcb-render0:amd64 (1.15-1) ...
2026-10-07T20:47:05.9069796Z #9 7.528 Selecting previously unselected package libxcb-shm0:amd64.
2026-10-07T20:47:05.9070398Z #9 7.530 Preparing to unpack .../050-libxcb-shm0_1.15-1_amd64.deb ...
2026-10-07T20:47:05.9070907Z #9 7.531 Unpacking libxcb-shm0:amd64 (1.15-1) ...
2026-10-07T20:47:05.9071439Z #9 7.547 Selecting previously unselected package libxrender1:amd64.
2026-10-07T20:47:05.9072062Z #9 7.549 Preparing to unpack .../051-libxrender1_1%3a0.9.10-1.1_amd64.deb ...
2026-10-07T20:47:05.9072610Z #9 7.549 Unpacking libxrender1:amd64 (1:0.9.10-1.1) ...
2026-10-07T20:47:05.9073107Z #9 7.562 Selecting previously unselected package libcairo2:amd64.
2026-10-07T20:47:06.0082775Z #9 7.565 Preparing to unpack .../052-libcairo2_1.16.0-7_amd64.deb ...
2026-10-07T20:47:06.0083486Z #9 7.565 Unpacking libcairo2:amd64 (1.16.0-7) ...
2026-10-07T20:47:06.0084275Z #9 7.601 Selecting previously unselected package libavahi-common-data:amd64.
2026-10-07T20:47:06.0085098Z #9 7.603 Preparing to unpack .../053-libavahi-common-data_0.8-10+deb12u1_amd64.deb ...
2026-10-07T20:47:06.0085581Z #9 7.604 Unpacking libavahi-common-data:amd64 (0.8-10+deb12u1) ...
2026-10-07T20:47:06.0086000Z #9 7.632 Selecting previously unselected package libavahi-common3:amd64.
2026-10-07T20:47:06.0086472Z #9 7.634 Preparing to unpack .../054-libavahi-common3_0.8-10+deb12u1_amd64.deb ...
2026-10-07T20:47:06.0086894Z #9 7.634 Unpacking libavahi-common3:amd64 (0.8-10+deb12u1) ...
2026-10-07T20:47:06.0087297Z #9 7.648 Selecting previously unselected package libavahi-client3:amd64.
2026-10-07T20:47:06.0087752Z #9 7.650 Preparing to unpack .../055-libavahi-client3_0.8-10+deb12u1_amd64.deb ...
2026-10-07T20:47:06.0088356Z #9 7.651 Unpacking libavahi-client3:amd64 (0.8-10+deb12u1) ...
2026-10-07T20:47:06.0088743Z #9 7.664 Selecting previously unselected package libkrb5support0:amd64.
2026-10-07T20:47:06.1140804Z #9 7.666 Preparing to unpack .../056-libkrb5support0_1.20.1-2+deb12u5_amd64.deb ...
2026-10-07T20:47:06.1141565Z #9 7.667 Unpacking libkrb5support0:amd64 (1.20.1-2+deb12u5) ...
2026-10-07T20:47:06.1142523Z #9 7.681 Selecting previously unselected package libk5crypto3:amd64.
2026-10-07T20:47:06.1143239Z #9 7.683 Preparing to unpack .../057-libk5crypto3_1.20.1-2+deb12u5_amd64.deb ...
2026-10-07T20:47:06.1143856Z #9 7.683 Unpacking libk5crypto3:amd64 (1.20.1-2+deb12u5) ...
2026-10-07T20:47:06.1144475Z #9 7.699 Selecting previously unselected package libkeyutils1:amd64.
2026-10-07T20:47:06.1145107Z #9 7.701 Preparing to unpack .../058-libkeyutils1_1.6.3-2_amd64.deb ...
2026-10-07T20:47:06.1145657Z #9 7.702 Unpacking libkeyutils1:amd64 (1.6.3-2) ...
2026-10-07T20:47:06.1146188Z #9 7.714 Selecting previously unselected package libkrb5-3:amd64.
2026-10-07T20:47:06.1146811Z #9 7.716 Preparing to unpack .../059-libkrb5-3_1.20.1-2+deb12u5_amd64.deb ...
2026-10-07T20:47:06.1147370Z #9 7.717 Unpacking libkrb5-3:amd64 (1.20.1-2+deb12u5) ...
2026-10-07T20:47:06.1147930Z #9 7.748 Selecting previously unselected package libgssapi-krb5-2:amd64.
2026-10-07T20:47:06.1149114Z #9 7.750 Preparing to unpack .../060-libgssapi-krb5-2_1.20.1-2+deb12u5_amd64.deb ...
2026-10-07T20:47:06.1149709Z #9 7.751 Unpacking libgssapi-krb5-2:amd64 (1.20.1-2+deb12u5) ...
2026-10-07T20:47:06.1150231Z #9 7.770 Selecting previously unselected package libcups2:amd64.
2026-10-07T20:47:06.2168550Z #9 7.772 Preparing to unpack .../061-libcups2_2.4.2-3+deb12u9_amd64.deb ...
2026-10-07T20:47:06.2169129Z #9 7.773 Unpacking libcups2:amd64 (2.4.2-3+deb12u9) ...
2026-10-07T20:47:06.2169845Z #9 7.798 Selecting previously unselected package libdav1d6:amd64.
2026-10-07T20:47:06.2170290Z #9 7.800 Preparing to unpack .../062-libdav1d6_1.0.0-2+deb12u1_amd64.deb ...
2026-10-07T20:47:06.2170696Z #9 7.800 Unpacking libdav1d6:amd64 (1.0.0-2+deb12u1) ...
2026-10-07T20:47:06.2171119Z #9 7.857 Selecting previously unselected package libdouble-conversion3:amd64.
2026-10-07T20:47:06.2171622Z #9 7.859 Preparing to unpack .../063-libdouble-conversion3_3.2.1-1_amd64.deb ...
2026-10-07T20:47:06.2172046Z #9 7.859 Unpacking libdouble-conversion3:amd64 (3.2.1-1) ...
2026-10-07T20:47:06.2172445Z #9 7.873 Selecting previously unselected package libogg0:amd64.
2026-10-07T20:47:06.3181699Z #9 7.875 Preparing to unpack .../064-libogg0_1.3.5-3_amd64.deb ...
2026-10-07T20:47:06.3182483Z #9 7.875 Unpacking libogg0:amd64 (1.3.5-3) ...
2026-10-07T20:47:06.3182905Z #9 7.888 Selecting previously unselected package libflac12:amd64.
2026-10-07T20:47:06.3183337Z #9 7.890 Preparing to unpack .../065-libflac12_1.4.2+ds-2_amd64.deb ...
2026-10-07T20:47:06.3183746Z #9 7.891 Unpacking libflac12:amd64 (1.4.2+ds-2) ...
2026-10-07T20:47:06.3184112Z #9 7.912 Selecting previously unselected package libdrm-common.
2026-10-07T20:47:06.3184528Z #9 7.914 Preparing to unpack .../066-libdrm-common_2.4.114-1_all.deb ...
2026-10-07T20:47:06.3184889Z #9 7.915 Unpacking libdrm-common (2.4.114-1) ...
2026-10-07T20:47:06.3185243Z #9 7.926 Selecting previously unselected package libdrm2:amd64.
2026-10-07T20:47:06.3185638Z #9 7.928 Preparing to unpack .../067-libdrm2_2.4.114-1+b1_amd64.deb ...
2026-10-07T20:47:06.3186002Z #9 7.929 Unpacking libdrm2:amd64 (2.4.114-1+b1) ...
2026-10-07T20:47:06.3186386Z #9 7.942 Selecting previously unselected package libwayland-server0:amd64.
2026-10-07T20:47:06.3186893Z #9 7.944 Preparing to unpack .../068-libwayland-server0_1.21.0-1_amd64.deb ...
2026-10-07T20:47:06.3187313Z #9 7.944 Unpacking libwayland-server0:amd64 (1.21.0-1) ...
2026-10-07T20:47:06.3187664Z #9 7.958 Selecting previously unselected package libgbm1:amd64.
2026-10-07T20:47:06.3188270Z #9 7.960 Preparing to unpack .../069-libgbm1_22.3.6-1+deb12u2_amd64.deb ...
2026-10-07T20:47:06.3188752Z #9 7.960 Unpacking libgbm1:amd64 (22.3.6-1+deb12u2) ...
2026-10-07T20:47:06.3189133Z #9 7.974 Selecting previously unselected package libgraphite2-3:amd64.
2026-10-07T20:47:06.4432859Z #9 7.976 Preparing to unpack .../070-libgraphite2-3_1.3.14-1+deb12u1_amd64.deb ...
2026-10-07T20:47:06.4433444Z #9 7.977 Unpacking libgraphite2-3:amd64 (1.3.14-1+deb12u1) ...
2026-10-07T20:47:06.4433965Z #9 7.993 Selecting previously unselected package libharfbuzz0b:amd64.
2026-10-07T20:47:06.4434768Z #9 7.995 Preparing to unpack .../071-libharfbuzz0b_6.0.0+dfsg-3_amd64.deb ...
2026-10-07T20:47:06.4435195Z #9 7.995 Unpacking libharfbuzz0b:amd64 (6.0.0+dfsg-3) ...
2026-10-07T20:47:06.4435725Z #9 8.037 Selecting previously unselected package libharfbuzz-subset0:amd64.
2026-10-07T20:47:06.4436334Z #9 8.039 Preparing to unpack .../072-libharfbuzz-subset0_6.0.0+dfsg-3_amd64.deb ...
2026-10-07T20:47:06.4436807Z #9 8.058 Unpacking libharfbuzz-subset0:amd64 (6.0.0+dfsg-3) ...
2026-10-07T20:47:06.4437308Z #9 8.099 Selecting previously unselected package liblcms2-2:amd64.
2026-10-07T20:47:06.5509386Z #9 8.101 Preparing to unpack .../073-liblcms2-2_2.14-2+deb12u1_amd64.deb ...
2026-10-07T20:47:06.5509939Z #9 8.102 Unpacking liblcms2-2:amd64 (2.14-2+deb12u1) ...
2026-10-07T20:47:06.5510354Z #9 8.122 Selecting previously unselected package libminizip1:amd64.
2026-10-07T20:47:06.5510810Z #9 8.124 Preparing to unpack .../074-libminizip1_1.1-8+deb12u1_amd64.deb ...
2026-10-07T20:47:06.5511251Z #9 8.125 Unpacking libminizip1:amd64 (1.1-8+deb12u1) ...
2026-10-07T20:47:06.5511621Z #9 8.138 Selecting previously unselected package libnspr4:amd64.
2026-10-07T20:47:06.5512011Z #9 8.140 Preparing to unpack .../075-libnspr4_2%3a4.35-1_amd64.deb ...
2026-10-07T20:47:06.5512363Z #9 8.141 Unpacking libnspr4:amd64 (2:4.35-1) ...
2026-10-07T20:47:06.5512729Z #9 8.159 Selecting previously unselected package libsqlite3-0:amd64.
2026-10-07T20:47:06.5513437Z #9 8.161 Preparing to unpack .../076-libsqlite3-0_3.40.1-2+deb12u2_amd64.deb ...
2026-10-07T20:47:06.5513826Z #9 8.162 Unpacking libsqlite3-0:amd64 (3.40.1-2+deb12u2) ...
2026-10-07T20:47:06.5514178Z #9 8.207 Selecting previously unselected package libnss3:amd64.
2026-10-07T20:47:06.6727081Z #9 8.209 Preparing to unpack .../077-libnss3_2%3a3.87.1-1+deb12u4_amd64.deb ...
2026-10-07T20:47:06.6727848Z #9 8.209 Unpacking libnss3:amd64 (2:3.87.1-1+deb12u4) ...
2026-10-07T20:47:06.6728480Z #9 8.293 Selecting previously unselected package libopenh264-7:amd64.
2026-10-07T20:47:06.6729079Z #9 8.295 Preparing to unpack .../078-libopenh264-7_2.3.1+dfsg-3+deb12u2_amd64.deb ...
2026-10-07T20:47:06.6729603Z #9 8.296 Unpacking libopenh264-7:amd64 (2.3.1+dfsg-3+deb12u2) ...
2026-10-07T20:47:06.6730021Z #9 8.329 Selecting previously unselected package libopenjp2-7:amd64.
2026-10-07T20:47:06.8429721Z #9 8.331 Preparing to unpack .../079-libopenjp2-7_2.5.0-2+deb12u3_amd64.deb ...
2026-10-07T20:47:06.8430515Z #9 8.331 Unpacking libopenjp2-7:amd64 (2.5.0-2+deb12u3) ...
2026-10-07T20:47:06.8431157Z #9 8.353 Selecting previously unselected package libopus0:amd64.
2026-10-07T20:47:06.8431814Z #9 8.355 Preparing to unpack .../080-libopus0_1.3.1-3_amd64.deb ...
2026-10-07T20:47:06.8432379Z #9 8.356 Unpacking libopus0:amd64 (1.3.1-3) ...
2026-10-07T20:47:06.8432878Z #9 8.377 Selecting previously unselected package fontconfig.
2026-10-07T20:47:06.8433253Z #9 8.379 Preparing to unpack .../081-fontconfig_2.14.1-4_amd64.deb ...
2026-10-07T20:47:06.8433594Z #9 8.380 Unpacking fontconfig (2.14.1-4) ...
2026-10-07T20:47:06.8433951Z #9 8.401 Selecting previously unselected package libfribidi0:amd64.
2026-10-07T20:47:06.8434358Z #9 8.403 Preparing to unpack .../082-libfribidi0_1.0.8-2.1_amd64.deb ...
2026-10-07T20:47:06.8434707Z #9 8.404 Unpacking libfribidi0:amd64 (1.0.8-2.1) ...
2026-10-07T20:47:06.8435050Z #9 8.418 Selecting previously unselected package libthai-data.
2026-10-07T20:47:06.8435448Z #9 8.420 Preparing to unpack .../083-libthai-data_0.1.29-1_all.deb ...
2026-10-07T20:47:06.8435790Z #9 8.421 Unpacking libthai-data (0.1.29-1) ...
2026-10-07T20:47:06.8436131Z #9 8.499 Selecting previously unselected package libdatrie1:amd64.
2026-10-07T20:47:06.9497127Z #9 8.501 Preparing to unpack .../084-libdatrie1_0.2.13-2+b1_amd64.deb ...
2026-10-07T20:47:06.9497766Z #9 8.501 Unpacking libdatrie1:amd64 (0.2.13-2+b1) ...
2026-10-07T20:47:06.9498382Z #9 8.516 Selecting previously unselected package libthai0:amd64.
2026-10-07T20:47:06.9498822Z #9 8.518 Preparing to unpack .../085-libthai0_0.1.29-1_amd64.deb ...
2026-10-07T20:47:06.9499462Z #9 8.518 Unpacking libthai0:amd64 (0.1.29-1) ...
2026-10-07T20:47:06.9499857Z #9 8.532 Selecting previously unselected package libpango-1.0-0:amd64.
2026-10-07T20:47:06.9500337Z #9 8.534 Preparing to unpack .../086-libpango-1.0-0_1.50.12+ds-1_amd64.deb ...
2026-10-07T20:47:06.9500722Z #9 8.535 Unpacking libpango-1.0-0:amd64 (1.50.12+ds-1) ...
2026-10-07T20:47:06.9501090Z #9 8.557 Selecting previously unselected package libasyncns0:amd64.
2026-10-07T20:47:06.9501509Z #9 8.559 Preparing to unpack .../087-libasyncns0_0.8-6+b3_amd64.deb ...
2026-10-07T20:47:06.9501856Z #9 8.560 Unpacking libasyncns0:amd64 (0.8-6+b3) ...
2026-10-07T20:47:06.9502221Z #9 8.579 Selecting previously unselected package libmp3lame0:amd64.
2026-10-07T20:47:06.9502612Z #9 8.581 Preparing to unpack .../088-libmp3lame0_3.100-6_amd64.deb ...
2026-10-07T20:47:06.9502951Z #9 8.582 Unpacking libmp3lame0:amd64 (3.100-6) ...
2026-10-07T20:47:06.9503311Z #9 8.606 Selecting previously unselected package libmpg123-0:amd64.
2026-10-07T20:47:07.0506969Z #9 8.608 Preparing to unpack .../089-libmpg123-0_1.31.2-1+deb12u1_amd64.deb ...
2026-10-07T20:47:07.0507593Z #9 8.608 Unpacking libmpg123-0:amd64 (1.31.2-1+deb12u1) ...
2026-10-07T20:47:07.0508190Z #9 8.628 Selecting previously unselected package libvorbis0a:amd64.
2026-10-07T20:47:07.0508877Z #9 8.630 Preparing to unpack .../090-libvorbis0a_1.3.7-1_amd64.deb ...
2026-10-07T20:47:07.0509794Z #9 8.631 Unpacking libvorbis0a:amd64 (1.3.7-1) ...
2026-10-07T20:47:07.0510173Z #9 8.647 Selecting previously unselected package libvorbisenc2:amd64.
2026-10-07T20:47:07.0510591Z #9 8.649 Preparing to unpack .../091-libvorbisenc2_1.3.7-1_amd64.deb ...
2026-10-07T20:47:07.0510948Z #9 8.650 Unpacking libvorbisenc2:amd64 (1.3.7-1) ...
2026-10-07T20:47:07.0511309Z #9 8.667 Selecting previously unselected package libsndfile1:amd64.
2026-10-07T20:47:07.0511729Z #9 8.669 Preparing to unpack .../092-libsndfile1_1.2.0-1+deb12u1_amd64.deb ...
2026-10-07T20:47:07.0512118Z #9 8.669 Unpacking libsndfile1:amd64 (1.2.0-1+deb12u1) ...
2026-10-07T20:47:07.0512489Z #9 8.707 Selecting previously unselected package libx11-xcb1:amd64.
2026-10-07T20:47:07.1521472Z #9 8.709 Preparing to unpack .../093-libx11-xcb1_2%3a1.8.4-2+deb12u2_amd64.deb ...
2026-10-07T20:47:07.1522211Z #9 8.709 Unpacking libx11-xcb1:amd64 (2:1.8.4-2+deb12u2) ...
2026-10-07T20:47:07.1522830Z #9 8.726 Selecting previously unselected package libpulse0:amd64.
2026-10-07T20:47:07.1523545Z #9 8.728 Preparing to unpack .../094-libpulse0_16.1+dfsg1-2+b1_amd64.deb ...
2026-10-07T20:47:07.1524136Z #9 8.733 Unpacking libpulse0:amd64 (16.1+dfsg1-2+b1) ...
2026-10-07T20:47:07.1524732Z #9 8.760 Selecting previously unselected package libxcomposite1:amd64.
2026-10-07T20:47:07.1525405Z #9 8.762 Preparing to unpack .../095-libxcomposite1_1%3a0.4.5-1_amd64.deb ...
2026-10-07T20:47:07.1525993Z #9 8.762 Unpacking libxcomposite1:amd64 (1:0.4.5-1) ...
2026-10-07T20:47:07.1526547Z #9 8.775 Selecting previously unselected package libxdamage1:amd64.
2026-10-07T20:47:07.1527189Z #9 8.777 Preparing to unpack .../096-libxdamage1_1%3a1.1.6-1_amd64.deb ...
2026-10-07T20:47:07.1527724Z #9 8.781 Unpacking libxdamage1:amd64 (1:1.1.6-1) ...
2026-10-07T20:47:07.1528497Z #9 8.794 Selecting previously unselected package libxfixes3:amd64.
2026-10-07T20:47:07.1529099Z #9 8.796 Preparing to unpack .../097-libxfixes3_1%3a6.0.0-2_amd64.deb ...
2026-10-07T20:47:07.1529594Z #9 8.796 Unpacking libxfixes3:amd64 (1:6.0.0-2) ...
2026-10-07T20:47:07.1530072Z #9 8.808 Selecting previously unselected package xkb-data.
2026-10-07T20:47:07.2658737Z #9 8.810 Preparing to unpack .../098-xkb-data_2.35.1-1_all.deb ...
2026-10-07T20:47:07.2659172Z #9 8.811 Unpacking xkb-data (2.35.1-1) ...
2026-10-07T20:47:07.2659555Z #9 8.883 Selecting previously unselected package libxkbcommon0:amd64.
2026-10-07T20:47:07.2660007Z #9 8.885 Preparing to unpack .../099-libxkbcommon0_1.5.0-1_amd64.deb ...
2026-10-07T20:47:07.2660380Z #9 8.886 Unpacking libxkbcommon0:amd64 (1.5.0-1) ...
2026-10-07T20:47:07.2661064Z #9 8.922 Selecting previously unselected package libxnvctrl0:amd64.
2026-10-07T20:47:07.3669176Z #9 8.924 Preparing to unpack .../100-libxnvctrl0_525.85.05-3~deb12u1_amd64.deb ...
2026-10-07T20:47:07.3669909Z #9 8.924 Unpacking libxnvctrl0:amd64 (525.85.05-3~deb12u1) ...
2026-10-07T20:47:07.3670516Z #9 8.937 Selecting previously unselected package libxrandr2:amd64.
2026-10-07T20:47:07.3671182Z #9 8.939 Preparing to unpack .../101-libxrandr2_2%3a1.5.2-2+b1_amd64.deb ...
2026-10-07T20:47:07.3671858Z #9 8.940 Unpacking libxrandr2:amd64 (2:1.5.2-2+b1) ...
2026-10-07T20:47:07.3672458Z #9 8.953 Selecting previously unselected package libcairo-gobject2:amd64.
2026-10-07T20:47:07.3673148Z #9 8.955 Preparing to unpack .../102-libcairo-gobject2_1.16.0-7_amd64.deb ...
2026-10-07T20:47:07.3673730Z #9 8.956 Unpacking libcairo-gobject2:amd64 (1.16.0-7) ...
2026-10-07T20:47:07.3674291Z #9 8.973 Selecting previously unselected package libcolord2:amd64.
2026-10-07T20:47:07.3674923Z #9 8.975 Preparing to unpack .../103-libcolord2_1.4.6-2.2_amd64.deb ...
2026-10-07T20:47:07.3675432Z #9 8.976 Unpacking libcolord2:amd64 (1.4.6-2.2) ...
2026-10-07T20:47:07.3675943Z #9 8.996 Selecting previously unselected package libepoxy0:amd64.
2026-10-07T20:47:07.3676500Z #9 8.998 Preparing to unpack .../104-libepoxy0_1.5.10-1_amd64.deb ...
2026-10-07T20:47:07.3676984Z #9 8.999 Unpacking libepoxy0:amd64 (1.5.10-1) ...
2026-10-07T20:47:07.3677690Z #9 9.023 Selecting previously unselected package libpangoft2-1.0-0:amd64.
2026-10-07T20:47:07.4877563Z #9 9.025 Preparing to unpack .../105-libpangoft2-1.0-0_1.50.12+ds-1_amd64.deb ...
2026-10-07T20:47:07.4878641Z #9 9.026 Unpacking libpangoft2-1.0-0:amd64 (1.50.12+ds-1) ...
2026-10-07T20:47:07.4879154Z #9 9.042 Selecting previously unselected package libpangocairo-1.0-0:amd64.
2026-10-07T20:47:07.4879968Z #9 9.044 Preparing to unpack .../106-libpangocairo-1.0-0_1.50.12+ds-1_amd64.deb ...
2026-10-07T20:47:07.4880599Z #9 9.046 Unpacking libpangocairo-1.0-0:amd64 (1.50.12+ds-1) ...
2026-10-07T20:47:07.4881305Z #9 9.068 Selecting previously unselected package libwayland-client0:amd64.
2026-10-07T20:47:07.4881991Z #9 9.070 Preparing to unpack .../107-libwayland-client0_1.21.0-1_amd64.deb ...
2026-10-07T20:47:07.4882575Z #9 9.070 Unpacking libwayland-client0:amd64 (1.21.0-1) ...
2026-10-07T20:47:07.4883217Z #9 9.084 Selecting previously unselected package libwayland-cursor0:amd64.
2026-10-07T20:47:07.4883885Z #9 9.086 Preparing to unpack .../108-libwayland-cursor0_1.21.0-1_amd64.deb ...
2026-10-07T20:47:07.4884472Z #9 9.086 Unpacking libwayland-cursor0:amd64 (1.21.0-1) ...
2026-10-07T20:47:07.4885113Z #9 9.113 Selecting previously unselected package libwayland-egl1:amd64.
2026-10-07T20:47:07.4885773Z #9 9.115 Preparing to unpack .../109-libwayland-egl1_1.21.0-1_amd64.deb ...
2026-10-07T20:47:07.4886323Z #9 9.116 Unpacking libwayland-egl1:amd64 (1.21.0-1) ...
2026-10-07T20:47:07.4886875Z #9 9.144 Selecting previously unselected package libxcursor1:amd64.
2026-10-07T20:47:07.5879967Z #9 9.146 Preparing to unpack .../110-libxcursor1_1%3a1.2.1-1_amd64.deb ...
2026-10-07T20:47:07.5880482Z #9 9.146 Unpacking libxcursor1:amd64 (1:1.2.1-1) ...
2026-10-07T20:47:07.5880878Z #9 9.160 Selecting previously unselected package libxinerama1:amd64.
2026-10-07T20:47:07.5881332Z #9 9.162 Preparing to unpack .../111-libxinerama1_2%3a1.1.4-3_amd64.deb ...
2026-10-07T20:47:07.5881726Z #9 9.163 Unpacking libxinerama1:amd64 (2:1.1.4-3) ...
2026-10-07T20:47:07.5882119Z #9 9.176 Selecting previously unselected package dbus-user-session.
2026-10-07T20:47:07.5882579Z #9 9.178 Preparing to unpack .../112-dbus-user-session_1.14.10-1~deb12u1_amd64.deb ...
2026-10-07T20:47:07.5883006Z #9 9.178 Unpacking dbus-user-session (1.14.10-1~deb12u1) ...
2026-10-07T20:47:07.5883382Z #9 9.194 Selecting previously unselected package libdconf1:amd64.
2026-10-07T20:47:07.5883796Z #9 9.196 Preparing to unpack .../113-libdconf1_0.40.0-4_amd64.deb ...
2026-10-07T20:47:07.5884147Z #9 9.197 Unpacking libdconf1:amd64 (0.40.0-4) ...
2026-10-07T20:47:07.5884743Z #9 9.210 Selecting previously unselected package dconf-service.
2026-10-07T20:47:07.5885178Z #9 9.212 Preparing to unpack .../114-dconf-service_0.40.0-4_amd64.deb ...
2026-10-07T20:47:07.5885532Z #9 9.213 Unpacking dconf-service (0.40.0-4) ...
2026-10-07T20:47:07.5885932Z #9 9.226 Selecting previously unselected package dconf-gsettings-backend:amd64.
2026-10-07T20:47:07.5886423Z #9 9.228 Preparing to unpack .../115-dconf-gsettings-backend_0.40.0-4_amd64.deb ...
2026-10-07T20:47:07.5886857Z #9 9.228 Unpacking dconf-gsettings-backend:amd64 (0.40.0-4) ...
2026-10-07T20:47:07.5887266Z #9 9.241 Selecting previously unselected package libgtk-3-common.
2026-10-07T20:47:07.5887715Z #9 9.243 Preparing to unpack .../116-libgtk-3-common_3.24.38-2~deb12u3_all.deb ...
2026-10-07T20:47:07.5888345Z #9 9.244 Unpacking libgtk-3-common (3.24.38-2~deb12u3) ...
2026-10-07T20:47:07.7995898Z #9 9.456 Selecting previously unselected package libgtk-3-0:amd64.
2026-10-07T20:47:07.9527691Z #9 9.458 Preparing to unpack .../117-libgtk-3-0_3.24.38-2~deb12u3_amd64.deb ...
2026-10-07T20:47:07.9528328Z #9 9.458 Unpacking libgtk-3-0:amd64 (3.24.38-2~deb12u3) ...
2026-10-07T20:47:07.9682178Z #9 9.624 Selecting previously unselected package libfontenc1:amd64.
2026-10-07T20:47:08.0893102Z #9 9.626 Preparing to unpack .../118-libfontenc1_1%3a1.1.4-1_amd64.deb ...
2026-10-07T20:47:08.0893920Z #9 9.627 Unpacking libfontenc1:amd64 (1:1.1.4-1) ...
2026-10-07T20:47:08.0894845Z #9 9.640 Selecting previously unselected package libglvnd0:amd64.
2026-10-07T20:47:08.0895264Z #9 9.642 Preparing to unpack .../119-libglvnd0_1.6.0-1_amd64.deb ...
2026-10-07T20:47:08.0895708Z #9 9.643 Unpacking libglvnd0:amd64 (1.6.0-1) ...
2026-10-07T20:47:08.0896065Z #9 9.660 Selecting previously unselected package libglapi-mesa:amd64.
2026-10-07T20:47:08.0896614Z #9 9.662 Preparing to unpack .../120-libglapi-mesa_22.3.6-1+deb12u2_amd64.deb ...
2026-10-07T20:47:08.0897130Z #9 9.663 Unpacking libglapi-mesa:amd64 (22.3.6-1+deb12u2) ...
2026-10-07T20:47:08.0897522Z #9 9.678 Selecting previously unselected package libxcb-dri2-0:amd64.
2026-10-07T20:47:08.0898005Z #9 9.681 Preparing to unpack .../121-libxcb-dri2-0_1.15-1_amd64.deb ...
2026-10-07T20:47:08.0898760Z #9 9.681 Unpacking libxcb-dri2-0:amd64 (1.15-1) ...
2026-10-07T20:47:08.0899331Z #9 9.701 Selecting previously unselected package libxcb-dri3-0:amd64.
2026-10-07T20:47:08.0899866Z #9 9.703 Preparing to unpack .../122-libxcb-dri3-0_1.15-1_amd64.deb ...
2026-10-07T20:47:08.0900217Z #9 9.704 Unpacking libxcb-dri3-0:amd64 (1.15-1) ...
2026-10-07T20:47:08.0900676Z #9 9.721 Selecting previously unselected package libxcb-glx0:amd64.
2026-10-07T20:47:08.0901115Z #9 9.723 Preparing to unpack .../123-libxcb-glx0_1.15-1_amd64.deb ...
2026-10-07T20:47:08.0901493Z #9 9.724 Unpacking libxcb-glx0:amd64 (1.15-1) ...
2026-10-07T20:47:08.0901922Z #9 9.745 Selecting previously unselected package libxcb-present0:amd64.
2026-10-07T20:47:08.2537932Z #9 9.747 Preparing to unpack .../124-libxcb-present0_1.15-1_amd64.deb ...
2026-10-07T20:47:08.2538651Z #9 9.748 Unpacking libxcb-present0:amd64 (1.15-1) ...
2026-10-07T20:47:08.2539262Z #9 9.766 Selecting previously unselected package libxcb-randr0:amd64.
2026-10-07T20:47:08.2539817Z #9 9.768 Preparing to unpack .../125-libxcb-randr0_1.15-1_amd64.deb ...
2026-10-07T20:47:08.2540169Z #9 9.787 Unpacking libxcb-randr0:amd64 (1.15-1) ...
2026-10-07T20:47:08.2540635Z #9 9.805 Selecting previously unselected package libxcb-sync1:amd64.
2026-10-07T20:47:08.2541308Z #9 9.807 Preparing to unpack .../126-libxcb-sync1_1.15-1_amd64.deb ...
2026-10-07T20:47:08.2541846Z #9 9.808 Unpacking libxcb-sync1:amd64 (1.15-1) ...
2026-10-07T20:47:08.2542401Z #9 9.825 Selecting previously unselected package libxcb-xfixes0:amd64.
2026-10-07T20:47:08.2543024Z #9 9.827 Preparing to unpack .../127-libxcb-xfixes0_1.15-1_amd64.deb ...
2026-10-07T20:47:08.2543589Z #9 9.828 Unpacking libxcb-xfixes0:amd64 (1.15-1) ...
2026-10-07T20:47:08.2544171Z #9 9.908 Selecting previously unselected package libxshmfence1:amd64.
2026-10-07T20:47:08.3549165Z #9 9.910 Preparing to unpack .../128-libxshmfence1_1.3-1_amd64.deb ...
2026-10-07T20:47:08.3549652Z #9 9.911 Unpacking libxshmfence1:amd64 (1.3-1) ...
2026-10-07T20:47:08.3550035Z #9 9.923 Selecting previously unselected package libxxf86vm1:amd64.
2026-10-07T20:47:08.3550475Z #9 9.925 Preparing to unpack .../129-libxxf86vm1_1%3a1.1.4-1+b2_amd64.deb ...
2026-10-07T20:47:08.3550865Z #9 9.925 Unpacking libxxf86vm1:amd64 (1:1.1.4-1+b2) ...
2026-10-07T20:47:08.3551265Z #9 9.939 Selecting previously unselected package libdrm-amdgpu1:amd64.
2026-10-07T20:47:08.3551711Z #9 9.941 Preparing to unpack .../130-libdrm-amdgpu1_2.4.114-1+b1_amd64.deb ...
2026-10-07T20:47:08.3552100Z #9 9.941 Unpacking libdrm-amdgpu1:amd64 (2.4.114-1+b1) ...
2026-10-07T20:47:08.3552468Z #9 9.955 Selecting previously unselected package libpciaccess0:amd64.
2026-10-07T20:47:08.3552869Z #9 9.956 Preparing to unpack .../131-libpciaccess0_0.17-2_amd64.deb ...
2026-10-07T20:47:08.3553209Z #9 9.957 Unpacking libpciaccess0:amd64 (0.17-2) ...
2026-10-07T20:47:08.3553578Z #9 9.972 Selecting previously unselected package libdrm-intel1:amd64.
2026-10-07T20:47:08.3554019Z #9 9.974 Preparing to unpack .../132-libdrm-intel1_2.4.114-1+b1_amd64.deb ...
2026-10-07T20:47:08.3554391Z #9 9.974 Unpacking libdrm-intel1:amd64 (2.4.114-1+b1) ...
2026-10-07T20:47:08.3554758Z #9 10.01 Selecting previously unselected package libdrm-nouveau2:amd64.
2026-10-07T20:47:08.5861979Z #9 10.01 Preparing to unpack .../133-libdrm-nouveau2_2.4.114-1+b1_amd64.deb ...
2026-10-07T20:47:08.5862815Z #9 10.01 Unpacking libdrm-nouveau2:amd64 (2.4.114-1+b1) ...
2026-10-07T20:47:08.5863245Z #9 10.03 Selecting previously unselected package libdrm-radeon1:amd64.
2026-10-07T20:47:08.5863728Z #9 10.03 Preparing to unpack .../134-libdrm-radeon1_2.4.114-1+b1_amd64.deb ...
2026-10-07T20:47:08.5864139Z #9 10.03 Unpacking libdrm-radeon1:amd64 (2.4.114-1+b1) ...
2026-10-07T20:47:08.5864510Z #9 10.04 Selecting previously unselected package libelf1:amd64.
2026-10-07T20:47:08.5864908Z #9 10.05 Preparing to unpack .../135-libelf1_0.188-2.1_amd64.deb ...
2026-10-07T20:47:08.5865250Z #9 10.05 Unpacking libelf1:amd64 (0.188-2.1) ...
2026-10-07T20:47:08.5865619Z #9 10.07 Selecting previously unselected package libedit2:amd64.
2026-10-07T20:47:08.5866029Z #9 10.07 Preparing to unpack .../136-libedit2_3.1-20221030-2_amd64.deb ...
2026-10-07T20:47:08.5866404Z #9 10.07 Unpacking libedit2:amd64 (3.1-20221030-2) ...
2026-10-07T20:47:08.5866755Z #9 10.09 Selecting previously unselected package libz3-4:amd64.
2026-10-07T20:47:08.5867189Z #9 10.09 Preparing to unpack .../137-libz3-4_4.8.12-3.1_amd64.deb ...
2026-10-07T20:47:08.5867669Z #9 10.09 Unpacking libz3-4:amd64 (4.8.12-3.1) ...
2026-10-07T20:47:08.8187962Z #9 10.47 Selecting previously unselected package libllvm15:amd64.
2026-10-07T20:47:08.9719076Z #9 10.48 Preparing to unpack .../138-libllvm15_1%3a15.0.6-4+b1_amd64.deb ...
2026-10-07T20:47:08.9719810Z #9 10.48 Unpacking libllvm15:amd64 (1:15.0.6-4+b1) ...
2026-10-07T20:47:09.4567639Z #9 11.11 Selecting previously unselected package libsensors-config.
2026-10-07T20:47:09.6551194Z #9 11.11 Preparing to unpack .../139-libsensors-config_1%3a3.6.0-7.1_all.deb ...
2026-10-07T20:47:09.6551940Z #9 11.12 Unpacking libsensors-config (1:3.6.0-7.1) ...
2026-10-07T20:47:09.6552579Z #9 11.13 Selecting previously unselected package libsensors5:amd64.
2026-10-07T20:47:09.6553311Z #9 11.14 Preparing to unpack .../140-libsensors5_1%3a3.6.0-7.1_amd64.deb ...
2026-10-07T20:47:09.6553992Z #9 11.14 Unpacking libsensors5:amd64 (1:3.6.0-7.1) ...
2026-10-07T20:47:09.6554631Z #9 11.15 Selecting previously unselected package libgl1-mesa-dri:amd64.
2026-10-07T20:47:09.6555397Z #9 11.16 Preparing to unpack .../141-libgl1-mesa-dri_22.3.6-1+deb12u2_amd64.deb ...
2026-10-07T20:47:09.6556111Z #9 11.16 Unpacking libgl1-mesa-dri:amd64 (22.3.6-1+deb12u2) ...
2026-10-07T20:47:09.8853048Z #9 11.54 Selecting previously unselected package libglx-mesa0:amd64.
2026-10-07T20:47:09.9880300Z #9 11.54 Preparing to unpack .../142-libglx-mesa0_22.3.6-1+deb12u2_amd64.deb ...
2026-10-07T20:47:09.9881390Z #9 11.54 Unpacking libglx-mesa0:amd64 (22.3.6-1+deb12u2) ...
2026-10-07T20:47:09.9882004Z #9 11.57 Selecting previously unselected package libglx0:amd64.
2026-10-07T20:47:09.9882653Z #9 11.57 Preparing to unpack .../143-libglx0_1.6.0-1_amd64.deb ...
2026-10-07T20:47:09.9883194Z #9 11.57 Unpacking libglx0:amd64 (1.6.0-1) ...
2026-10-07T20:47:09.9883533Z #9 11.58 Selecting previously unselected package libgl1:amd64.
2026-10-07T20:47:09.9883919Z #9 11.58 Preparing to unpack .../144-libgl1_1.6.0-1_amd64.deb ...
2026-10-07T20:47:09.9884240Z #9 11.59 Unpacking libgl1:amd64 (1.6.0-1) ...
2026-10-07T20:47:09.9884563Z #9 11.60 Selecting previously unselected package x11-common.
2026-10-07T20:47:09.9884962Z #9 11.61 Preparing to unpack .../145-x11-common_1%3a7.7+23_all.deb ...
2026-10-07T20:47:09.9885302Z #9 11.61 Unpacking x11-common (1:7.7+23) ...
2026-10-07T20:47:09.9885630Z #9 11.63 Selecting previously unselected package libice6:amd64.
2026-10-07T20:47:09.9886014Z #9 11.63 Preparing to unpack .../146-libice6_2%3a1.0.10-1_amd64.deb ...
2026-10-07T20:47:09.9886350Z #9 11.63 Unpacking libice6:amd64 (2:1.0.10-1) ...
2026-10-07T20:47:09.9886679Z #9 11.64 Selecting previously unselected package libsm6:amd64.
2026-10-07T20:47:10.0970161Z #9 11.65 Preparing to unpack .../147-libsm6_2%3a1.2.3-1_amd64.deb ...
2026-10-07T20:47:10.0970628Z #9 11.65 Unpacking libsm6:amd64 (2:1.2.3-1) ...
2026-10-07T20:47:10.0971284Z #9 11.66 Selecting previously unselected package libxt6:amd64.
2026-10-07T20:47:10.0971698Z #9 11.66 Preparing to unpack .../148-libxt6_1%3a1.2.1-1.1_amd64.deb ...
2026-10-07T20:47:10.0972048Z #9 11.66 Unpacking libxt6:amd64 (1:1.2.1-1.1) ...
2026-10-07T20:47:10.0972389Z #9 11.68 Selecting previously unselected package libxmu6:amd64.
2026-10-07T20:47:10.0972779Z #9 11.69 Preparing to unpack .../149-libxmu6_2%3a1.1.3-3_amd64.deb ...
2026-10-07T20:47:10.0973119Z #9 11.69 Unpacking libxmu6:amd64 (2:1.1.3-3) ...
2026-10-07T20:47:10.0973462Z #9 11.73 Selecting previously unselected package libxpm4:amd64.
2026-10-07T20:47:10.0973874Z #9 11.74 Preparing to unpack .../150-libxpm4_1%3a3.5.12-1.1+deb12u1_amd64.deb ...
2026-10-07T20:47:10.0974286Z #9 11.74 Unpacking libxpm4:amd64 (1:3.5.12-1.1+deb12u1) ...
2026-10-07T20:47:10.0974649Z #9 11.75 Selecting previously unselected package libxaw7:amd64.
2026-10-07T20:47:10.2044368Z #9 11.75 Preparing to unpack .../151-libxaw7_2%3a1.0.14-1_amd64.deb ...
2026-10-07T20:47:10.2044854Z #9 11.76 Unpacking libxaw7:amd64 (2:1.0.14-1) ...
2026-10-07T20:47:10.2045231Z #9 11.78 Selecting previously unselected package libxcb-shape0:amd64.
2026-10-07T20:47:10.2045649Z #9 11.78 Preparing to unpack .../152-libxcb-shape0_1.15-1_amd64.deb ...
2026-10-07T20:47:10.2046000Z #9 11.78 Unpacking libxcb-shape0:amd64 (1.15-1) ...
2026-10-07T20:47:10.2046345Z #9 11.80 Selecting previously unselected package libxft2:amd64.
2026-10-07T20:47:10.2046716Z #9 11.80 Preparing to unpack .../153-libxft2_2.3.6-1_amd64.deb ...
2026-10-07T20:47:10.2047034Z #9 11.80 Unpacking libxft2:amd64 (2.3.6-1) ...
2026-10-07T20:47:10.2047394Z #9 11.82 Selecting previously unselected package libxkbfile1:amd64.
2026-10-07T20:47:10.2047787Z #9 11.82 Preparing to unpack .../154-libxkbfile1_1%3a1.1.0-1_amd64.deb ...
2026-10-07T20:47:10.2048301Z #9 11.82 Unpacking libxkbfile1:amd64 (1:1.1.0-1) ...
2026-10-07T20:47:10.2048645Z #9 11.84 Selecting previously unselected package libxmuu1:amd64.
2026-10-07T20:47:10.2049021Z #9 11.85 Preparing to unpack .../155-libxmuu1_2%3a1.1.3-3_amd64.deb ...
2026-10-07T20:47:10.2049359Z #9 11.85 Unpacking libxmuu1:amd64 (2:1.1.3-3) ...
2026-10-07T20:47:10.2049698Z #9 11.86 Selecting previously unselected package libxtst6:amd64.
2026-10-07T20:47:10.3188848Z #9 11.86 Preparing to unpack .../156-libxtst6_2%3a1.2.3-1.1_amd64.deb ...
2026-10-07T20:47:10.3189626Z #9 11.86 Unpacking libxtst6:amd64 (2:1.2.3-1.1) ...
2026-10-07T20:47:10.3190195Z #9 11.88 Selecting previously unselected package libxv1:amd64.
2026-10-07T20:47:10.3191126Z #9 11.88 Preparing to unpack .../157-libxv1_2%3a1.0.11-1.1_amd64.deb ...
2026-10-07T20:47:10.3191674Z #9 11.88 Unpacking libxv1:amd64 (2:1.0.11-1.1) ...
2026-10-07T20:47:10.3192213Z #9 11.89 Selecting previously unselected package libxxf86dga1:amd64.
2026-10-07T20:47:10.3192852Z #9 11.90 Preparing to unpack .../158-libxxf86dga1_2%3a1.1.5-1_amd64.deb ...
2026-10-07T20:47:10.3193392Z #9 11.90 Unpacking libxxf86dga1:amd64 (2:1.1.5-1) ...
2026-10-07T20:47:10.3193884Z #9 11.91 Selecting previously unselected package x11-utils.
2026-10-07T20:47:10.3194454Z #9 11.91 Preparing to unpack .../159-x11-utils_7.7+5_amd64.deb ...
2026-10-07T20:47:10.3194899Z #9 11.91 Unpacking x11-utils (7.7+5) ...
2026-10-07T20:47:10.3195334Z #9 11.95 Selecting previously unselected package xdg-utils.
2026-10-07T20:47:10.3195868Z #9 11.96 Preparing to unpack .../160-xdg-utils_1.1.3-4.1_all.deb ...
2026-10-07T20:47:10.3196317Z #9 11.96 Unpacking xdg-utils (1.1.3-4.1) ...
2026-10-07T20:47:10.3196788Z #9 11.97 Selecting previously unselected package chromium-common.
2026-10-07T20:47:10.4723779Z #9 11.98 Preparing to unpack .../161-chromium-common_154.0.8037.92-1~deb12u1_amd64.deb ...
2026-10-07T20:47:10.4724840Z #9 11.98 Unpacking chromium-common (154.0.8037.92-1~deb12u1) ...
2026-10-07T20:47:10.8286915Z #9 12.48 Selecting previously unselected package chromium.
2026-10-07T20:47:10.9817863Z #9 12.49 Preparing to unpack .../162-chromium_154.0.8037.92-1~deb12u1_amd64.deb ...
2026-10-07T20:47:10.9818726Z #9 12.49 Unpacking chromium (154.0.8037.92-1~deb12u1) ...
2026-10-07T20:47:12.5416863Z #9 14.20 Setting up libexpat1:amd64 (2.5.0-1+deb12u4) ...
2026-10-07T20:47:12.6845100Z #9 14.22 Setting up bubblewrap (0.8.0-2+deb12u1) ...
2026-10-07T20:47:12.6846109Z #9 14.23 sysctl: cannot open "/etc/sysctl.d/99-sysctl.conf": No such file or directory
2026-10-07T20:47:12.6847151Z #9 14.23 Setting up libgraphite2-3:amd64 (1.3.14-1+deb12u1) ...
2026-10-07T20:47:12.6847840Z #9 14.23 Setting up liblcms2-2:amd64 (2.14-2+deb12u1) ...
2026-10-07T20:47:12.6848531Z #9 14.23 Setting up libpixman-1-0:amd64 (0.42.2-1) ...
2026-10-07T20:47:12.6848931Z #9 14.23 Setting up libwayland-server0:amd64 (1.21.0-1) ...
2026-10-07T20:47:12.6849264Z #9 14.24 Setting up libpciaccess0:amd64 (0.17-2) ...
2026-10-07T20:47:12.6849577Z #9 14.24 Setting up systemd-sysv (252.39-1~deb12u2) ...
2026-10-07T20:47:12.6849883Z #9 14.24 Setting up libxau6:amd64 (1:1.0.9-1) ...
2026-10-07T20:47:12.6850212Z #9 14.24 Setting up libdouble-conversion3:amd64 (3.2.1-1) ...
2026-10-07T20:47:12.6850544Z #9 14.24 Setting up libkeyutils1:amd64 (1.6.3-2) ...
2026-10-07T20:47:12.6850844Z #9 14.24 Setting up libicu72:amd64 (72.1-3+deb12u1) ...
2026-10-07T20:47:12.6851156Z #9 14.25 Setting up libmpg123-0:amd64 (1.31.2-1+deb12u1) ...
2026-10-07T20:47:12.6851458Z #9 14.25 Setting up libogg0:amd64 (1.3.5-3) ...
2026-10-07T20:47:12.6851745Z #9 14.25 Setting up liblerc4:amd64 (4.0.0+ds-2) ...
2026-10-07T20:47:12.6852042Z #9 14.25 Setting up hicolor-icon-theme (0.17-2) ...
2026-10-07T20:47:12.6852338Z #9 14.26 Setting up libdatrie1:amd64 (0.2.13-2+b1) ...
2026-10-07T20:47:12.6852654Z #9 14.27 Setting up libminizip1:amd64 (1.1-8+deb12u1) ...
2026-10-07T20:47:12.6852972Z #9 14.27 Setting up libglib2.0-0:amd64 (2.74.6-2+deb12u9) ...
2026-10-07T20:47:12.6853276Z #9 14.28 Setting up libglvnd0:amd64 (1.6.0-1) ...
2026-10-07T20:47:12.6853580Z #9 14.28 Setting up libbrotli1:amd64 (1.0.9-2+b6) ...
2026-10-07T20:47:12.6853896Z #9 14.28 Setting up libsqlite3-0:amd64 (3.40.1-2+deb12u2) ...
2026-10-07T20:47:12.6854276Z #9 14.28 Setting up libgdk-pixbuf2.0-common (2.42.10+dfsg-1+deb12u4) ...
2026-10-07T20:47:12.6854611Z #9 14.28 Setting up x11-common (1:7.7+23) ...
2026-10-07T20:47:12.6854909Z #9 14.34 debconf: unable to initialize frontend: Dialog
2026-10-07T20:47:12.6855288Z #9 14.34 debconf: (TERM is not set, so the dialog frontend is not usable.)
2026-10-07T20:47:12.6855654Z #9 14.34 debconf: falling back to frontend: Readline
2026-10-07T20:47:12.7850636Z #9 14.34 debconf: unable to initialize frontend: Readline
2026-10-07T20:47:12.7853377Z #9 14.34 debconf: (Can't locate Term/ReadLine.pm in @INC (you may need to install the Term::ReadLine module) (@INC contains: /etc/perl /usr/local/lib/x86_64-linux-gnu/perl/5.36.0 /usr/local/share/perl/5.36.0 /usr/lib/x86_64-linux-gnu/perl5/5.36 /usr/share/perl5 /usr/lib/x86_64-linux-gnu/perl-base /usr/lib/x86_64-linux-gnu/perl/5.36 /usr/share/perl/5.36 /usr/local/lib/site_perl) at /usr/share/perl5/Debconf/FrontEnd/Readline.pm line 7.)
2026-10-07T20:47:12.7855334Z #9 14.34 debconf: falling back to frontend: Teletype
2026-10-07T20:47:12.7855812Z #9 14.36 invoke-rc.d: could not determine current runlevel
2026-10-07T20:47:12.7856174Z #9 14.36 invoke-rc.d: policy-rc.d denied execution of restart.
2026-10-07T20:47:12.7856539Z #9 14.38 Setting up libsensors-config (1:3.6.0-7.1) ...
2026-10-07T20:47:12.7857011Z #9 14.38 Setting up libdeflate0:amd64 (1.14-1) ...
2026-10-07T20:47:12.7857480Z #9 14.38 Setting up xkb-data (2.35.1-1) ...
2026-10-07T20:47:12.7857802Z #9 14.39 Setting up libjbig0:amd64 (2.1-6.1) ...
2026-10-07T20:47:12.7858318Z #9 14.39 Setting up libcolord2:amd64 (1.4.6-2.2) ...
2026-10-07T20:47:12.7858868Z #9 14.39 Setting up libkrb5support0:amd64 (1.20.1-2+deb12u5) ...
2026-10-07T20:47:12.7859393Z #9 14.39 Setting up libdconf1:amd64 (0.40.0-4) ...
2026-10-07T20:47:12.7859884Z #9 14.39 Setting up libasound2-data (1.2.8-1) ...
2026-10-07T20:47:12.7860240Z #9 14.39 Setting up libfontenc1:amd64 (1:1.1.4-1) ...
2026-10-07T20:47:12.7860532Z #9 14.40 Setting up libz3-4:amd64 (4.8.12-3.1) ...
2026-10-07T20:47:12.7861185Z #9 14.40 Setting up libflac12:amd64 (1.4.2+ds-2) ...
2026-10-07T20:47:12.7861509Z #9 14.40 Setting up libjpeg62-turbo:amd64 (1:2.1.5-2) ...
2026-10-07T20:47:12.7861834Z #9 14.40 Setting up libx11-data (2:1.8.4-2+deb12u2) ...
2026-10-07T20:47:12.7862223Z #9 14.40 Setting up libepoxy0:amd64 (1.5.10-1) ...
2026-10-07T20:47:12.7862707Z #9 14.40 Setting up libnspr4:amd64 (2:4.35-1) ...
2026-10-07T20:47:12.7863173Z #9 14.41 Setting up libavahi-common-data:amd64 (0.8-10+deb12u1) ...
2026-10-07T20:47:12.7863546Z #9 14.41 Setting up libdbus-1-3:amd64 (1.14.10-1~deb12u1) ...
2026-10-07T20:47:12.7863993Z #9 14.41 Setting up libfribidi0:amd64 (1.0.8-2.1) ...
2026-10-07T20:47:12.7864467Z #9 14.41 Setting up libopus0:amd64 (1.3.1-3) ...
2026-10-07T20:47:12.7864942Z #9 14.41 Setting up libproc2-0:amd64 (2:4.0.2-3) ...
2026-10-07T20:47:12.7865478Z #9 14.41 Setting up libpng16-16:amd64 (1.6.39-2+deb12u6) ...
2026-10-07T20:47:12.7865989Z #9 14.42 Setting up libvorbis0a:amd64 (1.3.7-1) ...
2026-10-07T20:47:12.7866498Z #9 14.42 Setting up fonts-dejavu-core (2.37-6) ...
2026-10-07T20:47:12.7866919Z #9 14.43 Setting up libsensors5:amd64 (1:3.6.0-7.1) ...
2026-10-07T20:47:12.7867328Z #9 14.43 Setting up libncursesw6:amd64 (6.4-4) ...
2026-10-07T20:47:12.7867669Z #9 14.43 Setting up libk5crypto3:amd64 (1.20.1-2+deb12u5) ...
2026-10-07T20:47:12.7867994Z #9 14.43 Setting up libdav1d6:amd64 (1.0.0-2+deb12u1) ...
2026-10-07T20:47:12.7868608Z #9 14.43 Setting up libglapi-mesa:amd64 (22.3.6-1+deb12u2) ...
2026-10-07T20:47:12.7868980Z #9 14.43 Setting up libopenh264-7:amd64 (2.3.1+dfsg-3+deb12u2) ...
2026-10-07T20:47:12.7869368Z #9 14.44 Setting up libwebp7:amd64 (1.2.4-0.2+deb12u1) ...
2026-10-07T20:47:12.7869774Z #9 14.44 Setting up libasyncns0:amd64 (0.8-6+b3) ...
2026-10-07T20:47:12.7870073Z #9 14.44 Setting up libxshmfence1:amd64 (1.3-1) ...
2026-10-07T20:47:12.7870482Z #9 14.44 Setting up at-spi2-common (2.46.0-5) ...
2026-10-07T20:47:12.9155993Z #9 14.44 Setting up libtiff6:amd64 (4.5.0-6+deb12u4) ...
2026-10-07T20:47:12.9156752Z #9 14.44 Setting up dbus-session-bus-common (1.14.10-1~deb12u1) ...
2026-10-07T20:47:12.9157306Z #9 14.45 Setting up procps (2:4.0.2-3) ...
2026-10-07T20:47:12.9157789Z #9 14.46 Setting up libasound2:amd64 (1.2.8-1+b1) ...
2026-10-07T20:47:12.9158460Z #9 14.47 Setting up libopenjp2-7:amd64 (2.5.0-2+deb12u3) ...
2026-10-07T20:47:12.9158967Z #9 14.47 Setting up libthai-data (0.1.29-1) ...
2026-10-07T20:47:12.9159337Z #9 14.47 Setting up libatk1.0-0:amd64 (2.46.0-5) ...
2026-10-07T20:47:12.9159654Z #9 14.47 Setting up libkrb5-3:amd64 (1.20.1-2+deb12u5) ...
2026-10-07T20:47:12.9161668Z #9 14.47 Setting up libwayland-egl1:amd64 (1.21.0-1) ...
2026-10-07T20:47:12.9162040Z #9 14.48 Setting up dbus-system-bus-common (1.14.10-1~deb12u1) ...
2026-10-07T20:47:12.9162377Z #9 14.51 Setting up libbsd0:amd64 (0.11.7-2) ...
2026-10-07T20:47:12.9162834Z #9 14.52 Setting up libdrm-common (2.4.114-1) ...
2026-10-07T20:47:12.9163273Z #9 14.52 Setting up libelf1:amd64 (0.188-2.1) ...
2026-10-07T20:47:12.9163595Z #9 14.52 Setting up libxml2:amd64 (2.9.14+dfsg-1.3~deb12u6) ...
2026-10-07T20:47:12.9163911Z #9 14.52 Setting up xdg-utils (1.1.3-4.1) ...
2026-10-07T20:47:12.9164566Z #9 14.52 update-alternatives: using /usr/bin/xdg-open to provide /usr/bin/open (open) in auto mode
2026-10-07T20:47:12.9165907Z #9 14.52 update-alternatives: warning: skip creation of /usr/share/man/man1/open.1.gz because associated file /usr/share/man/man1/xdg-open.1.gz (of link group open) doesn't exist
2026-10-07T20:47:12.9166658Z #9 14.53 Setting up dbus-bin (1.14.10-1~deb12u1) ...
2026-10-07T20:47:12.9167017Z #9 14.53 Setting up libmp3lame0:amd64 (3.100-6) ...
2026-10-07T20:47:12.9167337Z #9 14.57 Setting up libvorbisenc2:amd64 (1.3.7-1) ...
2026-10-07T20:47:13.1137698Z #9 14.59 Setting up libxkbcommon0:amd64 (1.5.0-1) ...
2026-10-07T20:47:13.1138493Z #9 14.60 Setting up libwayland-client0:amd64 (1.21.0-1) ...
2026-10-07T20:47:13.1138874Z #9 14.60 Setting up libice6:amd64 (2:1.0.10-1) ...
2026-10-07T20:47:13.1139292Z #9 14.60 Setting up libxdmcp6:amd64 (1:1.1.2-3) ...
2026-10-07T20:47:13.1139884Z #9 14.60 Setting up libxcb1:amd64 (1.15-1) ...
2026-10-07T20:47:13.1140193Z #9 14.61 Setting up libxcb-xfixes0:amd64 (1.15-1) ...
2026-10-07T20:47:13.1140595Z #9 14.61 Setting up libxcb-render0:amd64 (1.15-1) ...
2026-10-07T20:47:13.1140908Z #9 14.61 Setting up fontconfig-config (2.14.1-4) ...
2026-10-07T20:47:13.1141240Z #9 14.66 debconf: unable to initialize frontend: Dialog
2026-10-07T20:47:13.1141754Z #9 14.66 debconf: (TERM is not set, so the dialog frontend is not usable.)
2026-10-07T20:47:13.1142301Z #9 14.66 debconf: falling back to frontend: Readline
2026-10-07T20:47:13.1142641Z #9 14.66 debconf: unable to initialize frontend: Readline
2026-10-07T20:47:13.1145102Z #9 14.66 debconf: (Can't locate Term/ReadLine.pm in @INC (you may need to install the Term::ReadLine module) (@INC contains: /etc/perl /usr/local/lib/x86_64-linux-gnu/perl/5.36.0 /usr/local/share/perl/5.36.0 /usr/lib/x86_64-linux-gnu/perl5/5.36 /usr/share/perl5 /usr/lib/x86_64-linux-gnu/perl-base /usr/lib/x86_64-linux-gnu/perl/5.36 /usr/share/perl/5.36 /usr/local/lib/site_perl) at /usr/share/perl5/Debconf/FrontEnd/Readline.pm line 7.)
2026-10-07T20:47:13.1148801Z #9 14.66 debconf: falling back to frontend: Teletype
2026-10-07T20:47:13.1149139Z #9 14.77 Setting up libxcb-glx0:amd64 (1.15-1) ...
2026-10-07T20:47:13.3326866Z #9 14.77 Setting up libedit2:amd64 (3.1-20221030-2) ...
2026-10-07T20:47:13.3327485Z #9 14.77 Setting up libxcb-shape0:amd64 (1.15-1) ...
2026-10-07T20:47:13.3328219Z #9 14.77 Setting up libavahi-common3:amd64 (0.8-10+deb12u1) ...
2026-10-07T20:47:13.3328859Z #9 14.78 Setting up libnss3:amd64 (2:3.87.1-1+deb12u4) ...
2026-10-07T20:47:13.3329387Z #9 14.78 Setting up libxcb-shm0:amd64 (1.15-1) ...
2026-10-07T20:47:13.3329870Z #9 14.78 Setting up dbus-daemon (1.14.10-1~deb12u1) ...
2026-10-07T20:47:13.3330201Z #9 14.81 Setting up libxcb-present0:amd64 (1.15-1) ...
2026-10-07T20:47:13.3330511Z #9 14.81 Setting up libthai0:amd64 (0.1.29-1) ...
2026-10-07T20:47:13.3330887Z #9 14.81 Setting up libfreetype6:amd64 (2.12.1+dfsg-5+deb12u4) ...
2026-10-07T20:47:13.3331247Z #9 14.82 Setting up libxcb-sync1:amd64 (1.15-1) ...
2026-10-07T20:47:13.3331549Z #9 14.82 Setting up dbus (1.14.10-1~deb12u1) ...
2026-10-07T20:47:13.3331879Z #9 14.83 invoke-rc.d: could not determine current runlevel
2026-10-07T20:47:13.3332326Z #9 14.84 invoke-rc.d: policy-rc.d denied execution of start.
2026-10-07T20:47:13.3332856Z #9 14.84 Setting up shared-mime-info (2.2-1) ...
2026-10-07T20:47:13.6787466Z #9 15.33 Setting up libgssapi-krb5-2:amd64 (1.20.1-2+deb12u5) ...
2026-10-07T20:47:13.8093479Z #9 15.34 Setting up libxcb-dri2-0:amd64 (1.15-1) ...
2026-10-07T20:47:13.8094107Z #9 15.34 Setting up libdrm2:amd64 (2.4.114-1+b1) ...
2026-10-07T20:47:13.8094661Z #9 15.34 Setting up libwayland-cursor0:amd64 (1.21.0-1) ...
2026-10-07T20:47:13.8095150Z #9 15.34 Setting up libxcb-randr0:amd64 (1.15-1) ...
2026-10-07T20:47:13.8095478Z #9 15.34 Setting up libllvm15:amd64 (1:15.0.6-4+b1) ...
2026-10-07T20:47:13.8095847Z #9 15.35 Setting up libpam-systemd:amd64 (252.39-1~deb12u2) ...
2026-10-07T20:47:13.8096336Z #9 15.40 debconf: unable to initialize frontend: Dialog
2026-10-07T20:47:13.8096733Z #9 15.40 debconf: (TERM is not set, so the dialog frontend is not usable.)
2026-10-07T20:47:13.8097105Z #9 15.40 debconf: falling back to frontend: Readline
2026-10-07T20:47:13.8097432Z #9 15.40 debconf: unable to initialize frontend: Readline
2026-10-07T20:47:13.8099304Z #9 15.40 debconf: (Can't locate Term/ReadLine.pm in @INC (you may need to install the Term::ReadLine module) (@INC contains: /etc/perl /usr/local/lib/x86_64-linux-gnu/perl/5.36.0 /usr/local/share/perl/5.36.0 /usr/lib/x86_64-linux-gnu/perl5/5.36 /usr/share/perl5 /usr/lib/x86_64-linux-gnu/perl-base /usr/lib/x86_64-linux-gnu/perl/5.36 /usr/share/perl/5.36 /usr/local/lib/site_perl) at /usr/share/perl5/Debconf/FrontEnd/Readline.pm line 7.)
2026-10-07T20:47:13.8100601Z #9 15.40 debconf: falling back to frontend: Teletype
2026-10-07T20:47:13.8100936Z #9 15.47 Setting up libx11-6:amd64 (2:1.8.4-2+deb12u2) ...
2026-10-07T20:47:14.0026389Z #9 15.47 Setting up libharfbuzz0b:amd64 (6.0.0+dfsg-3) ...
2026-10-07T20:47:14.0026885Z #9 15.47 Setting up libgdk-pixbuf-2.0-0:amd64 (2.42.10+dfsg-1+deb12u4) ...
2026-10-07T20:47:14.0027280Z #9 15.48 Setting up libfontconfig1:amd64 (2.14.1-4) ...
2026-10-07T20:47:14.0027615Z #9 15.48 Setting up libsndfile1:amd64 (1.2.0-1+deb12u1) ...
2026-10-07T20:47:14.0027943Z #9 15.49 Setting up libxkbfile1:amd64 (1:1.1.0-1) ...
2026-10-07T20:47:14.0028486Z #9 15.49 Setting up libxcomposite1:amd64 (1:0.4.5-1) ...
2026-10-07T20:47:14.0028818Z #9 15.49 Setting up libsm6:amd64 (2:1.2.3-1) ...
2026-10-07T20:47:14.0029143Z #9 15.49 Setting up libavahi-client3:amd64 (0.8-10+deb12u1) ...
2026-10-07T20:47:14.0029459Z #9 15.49 Setting up libxmuu1:amd64 (2:1.1.3-3) ...
2026-10-07T20:47:14.0029772Z #9 15.50 Setting up libdrm-amdgpu1:amd64 (2.4.114-1+b1) ...
2026-10-07T20:47:14.0030086Z #9 15.50 Setting up libxcb-dri3-0:amd64 (1.15-1) ...
2026-10-07T20:47:14.0030454Z #9 15.50 Setting up gtk-update-icon-cache (3.24.38-2~deb12u3) ...
2026-10-07T20:47:14.0030841Z #9 15.50 Setting up libx11-xcb1:amd64 (2:1.8.4-2+deb12u2) ...
2026-10-07T20:47:14.0031178Z #9 15.51 Setting up fontconfig (2.14.1-4) ...
2026-10-07T20:47:15.8628199Z #9 15.51 Regenerating fonts cache... done.
2026-10-07T20:47:15.9730938Z #9 17.52 Setting up libdrm-nouveau2:amd64 (2.4.114-1+b1) ...
2026-10-07T20:47:15.9731564Z #9 17.52 Setting up libxdamage1:amd64 (1:1.1.6-1) ...
2026-10-07T20:47:15.9732300Z #9 17.52 Setting up libxpm4:amd64 (1:3.5.12-1.1+deb12u1) ...
2026-10-07T20:47:15.9732944Z #9 17.52 Setting up libxrender1:amd64 (1:0.9.10-1.1) ...
2026-10-07T20:47:15.9733510Z #9 17.53 Setting up libgbm1:amd64 (22.3.6-1+deb12u2) ...
2026-10-07T20:47:15.9733887Z #9 17.53 Setting up libpulse0:amd64 (16.1+dfsg1-2+b1) ...
2026-10-07T20:47:15.9734238Z #9 17.53 Setting up libdrm-radeon1:amd64 (2.4.114-1+b1) ...
2026-10-07T20:47:15.9734592Z #9 17.54 Setting up libpango-1.0-0:amd64 (1.50.12+ds-1) ...
2026-10-07T20:47:15.9734966Z #9 17.54 Setting up libdrm-intel1:amd64 (2.4.114-1+b1) ...
2026-10-07T20:47:15.9735330Z #9 17.54 Setting up libgl1-mesa-dri:amd64 (22.3.6-1+deb12u2) ...
2026-10-07T20:47:15.9735674Z #9 17.54 Setting up libxext6:amd64 (2:1.3.4-1+b1) ...
2026-10-07T20:47:15.9736072Z #9 17.55 Setting up libcairo2:amd64 (1.16.0-7) ...
2026-10-07T20:47:15.9736433Z #9 17.55 Setting up libxxf86vm1:amd64 (1:1.1.4-1+b2) ...
2026-10-07T20:47:15.9736783Z #9 17.55 Setting up libxnvctrl0:amd64 (525.85.05-3~deb12u1) ...
2026-10-07T20:47:15.9739474Z #9 17.55 Setting up dbus-user-session (1.14.10-1~deb12u1) ...
2026-10-07T20:47:15.9739872Z #9 17.55 Setting up adwaita-icon-theme (43-1) ...
2026-10-07T20:47:15.9740530Z #9 17.63 update-alternatives: using /usr/share/icons/Adwaita/cursor.theme to provide /usr/share/icons/default/index.theme (x-cursor-theme) in auto mode
2026-10-07T20:47:16.0750824Z #9 17.63 Setting up libxfixes3:amd64 (1:6.0.0-2) ...
2026-10-07T20:47:16.0751456Z #9 17.63 Setting up libxinerama1:amd64 (2:1.1.4-3) ...
2026-10-07T20:47:16.0751835Z #9 17.63 Setting up libxv1:amd64 (2:1.0.11-1.1) ...
2026-10-07T20:47:16.0752164Z #9 17.64 Setting up libxrandr2:amd64 (2:1.5.2-2+b1) ...
2026-10-07T20:47:16.0752506Z #9 17.64 Setting up libxt6:amd64 (1:1.2.1-1.1) ...
2026-10-07T20:47:16.0752816Z #9 17.64 Setting up libcups2:amd64 (2.4.2-3+deb12u9) ...
2026-10-07T20:47:16.0753171Z #9 17.64 Setting up libharfbuzz-subset0:amd64 (6.0.0+dfsg-3) ...
2026-10-07T20:47:16.0753519Z #9 17.64 Setting up libcairo-gobject2:amd64 (1.16.0-7) ...
2026-10-07T20:47:16.0753872Z #9 17.64 Setting up libpangoft2-1.0-0:amd64 (1.50.12+ds-1) ...
2026-10-07T20:47:16.0754224Z #9 17.65 Setting up libpangocairo-1.0-0:amd64 (1.50.12+ds-1) ...
2026-10-07T20:47:16.0754555Z #9 17.65 Setting up libxft2:amd64 (2.3.6-1) ...
2026-10-07T20:47:16.0754847Z #9 17.65 Setting up libxmu6:amd64 (2:1.1.3-3) ...
2026-10-07T20:47:16.0755169Z #9 17.65 Setting up libglx-mesa0:amd64 (22.3.6-1+deb12u2) ...
2026-10-07T20:47:16.0755480Z #9 17.65 Setting up libxi6:amd64 (2:1.8-1+b1) ...
2026-10-07T20:47:16.0757476Z #9 17.65 Setting up libglx0:amd64 (1.6.0-1) ...
2026-10-07T20:47:16.0757773Z #9 17.66 Setting up libxtst6:amd64 (2:1.2.3-1.1) ...
2026-10-07T20:47:16.0758285Z #9 17.66 Setting up libxcursor1:amd64 (1:1.2.1-1) ...
2026-10-07T20:47:16.0758806Z #9 17.66 Setting up libxxf86dga1:amd64 (2:1.1.5-1) ...
2026-10-07T20:47:16.0759298Z #9 17.66 Setting up dconf-service (0.40.0-4) ...
2026-10-07T20:47:16.0759763Z #9 17.66 Setting up libxaw7:amd64 (2:1.0.14-1) ...
2026-10-07T20:47:16.0760254Z #9 17.66 Setting up libatspi2.0-0:amd64 (2.46.0-5) ...
2026-10-07T20:47:16.0760752Z #9 17.70 Setting up libatk-bridge2.0-0:amd64 (2.46.0-5) ...
2026-10-07T20:47:16.0761066Z #9 17.70 Setting up libgl1:amd64 (1.6.0-1) ...
2026-10-07T20:47:16.0761413Z #9 17.70 Setting up x11-utils (7.7+5) ...
2026-10-07T20:47:16.0761850Z #9 17.71 Setting up chromium-common (154.0.8037.92-1~deb12u1) ...
2026-10-07T20:47:16.0762221Z #9 17.71 Setting up dconf-gsettings-backend:amd64 (0.40.0-4) ...
2026-10-07T20:47:16.0762572Z #9 17.71 Setting up libgtk-3-common (3.24.38-2~deb12u3) ...
2026-10-07T20:47:16.0762942Z #9 17.72 Setting up libgtk-3-0:amd64 (3.24.38-2~deb12u3) ...
2026-10-07T20:47:16.0763470Z #9 17.73 Setting up chromium (154.0.8037.92-1~deb12u1) ...
2026-10-07T20:47:16.2343452Z #9 17.74 update-alternatives: using /usr/bin/chromium to provide /usr/bin/x-www-browser (x-www-browser) in auto mode
2026-10-07T20:47:16.2344254Z #9 17.74 update-alternatives: using /usr/bin/chromium to provide /usr/bin/gnome-www-browser (gnome-www-browser) in auto mode
2026-10-07T20:47:16.2344833Z #9 17.74 Processing triggers for libc-bin (2.36-9+deb12u14) ...
2026-10-07T20:47:19.7855912Z #9 DONE 21.4s
2026-10-07T20:47:19.9445200Z 
2026-10-07T20:47:19.9446053Z #10 [5/9] COPY package.json pnpm-lock.yaml pnpm-workspace.yaml ./
2026-10-07T20:47:19.9446585Z #10 DONE 0.0s
2026-10-07T20:47:19.9446747Z 
2026-10-07T20:47:19.9446984Z #11 [6/9] RUN pnpm install --frozen-lockfile
2026-10-07T20:47:19.9447794Z #11 0.149 ! Corepack is about to download https://registry.npmjs.org/pnpm/-/pnpm-10.18.3.tgz
2026-10-07T20:47:20.9103225Z #11 1.114 Lockfile is up to date, resolution step is skipped
2026-10-07T20:47:21.1393112Z #11 1.149 Progress: resolved 1, reused 0, downloaded 0, added 0
2026-10-07T20:47:21.1394099Z #11 1.192 Packages: +408
2026-10-07T20:47:21.1394924Z #11 1.192 ++++++++++++++++++++++++++++++++++++++++++++++++++++++++++++++++++++++++++++++++
2026-10-07T20:47:21.1803687Z #11 1.385 
2026-10-07T20:47:21.1804803Z #11 1.385    ╭───────────────────────────────────────────────╮
2026-10-07T20:47:21.1806109Z #11 1.385    │                                               │
2026-10-07T20:47:21.1806953Z #11 1.385    │     Update available! 10.18.3 → 12.10.1.      │
2026-10-07T20:47:21.1807743Z #11 1.385    │     Changelog: https://pnpm.io/v/12.10.1      │
2026-10-07T20:47:21.1808712Z #11 1.385    │   To update, run: corepack use pnpm@12.10.1   │
2026-10-07T20:47:21.1809491Z #11 1.385    │                                               │
2026-10-07T20:47:21.1810302Z #11 1.385    ╰───────────────────────────────────────────────╯
2026-10-07T20:47:21.1810857Z #11 1.385 
2026-10-07T20:47:21.9447087Z #11 2.149 Progress: resolved 408, reused 0, downloaded 213, added 176
2026-10-07T20:47:22.9484118Z #11 3.153 Progress: resolved 408, reused 0, downloaded 282, added 253
2026-10-07T20:47:23.9473183Z #11 4.152 Progress: resolved 408, reused 0, downloaded 382, added 311
2026-10-07T20:47:24.6320920Z #11 4.836 Progress: resolved 408, reused 0, downloaded 408, added 408, done
2026-10-07T20:47:24.7722519Z #11 4.976 .../node_modules/@prisma/engines postinstall$ node scripts/postinstall.js
2026-10-07T20:47:24.8982779Z #11 5.003 .../esbuild@0.28.1/node_modules/esbuild postinstall$ node install.js
2026-10-07T20:47:24.8983712Z #11 5.003 .../esbuild@0.28.2/node_modules/esbuild postinstall$ node install.js
2026-10-07T20:47:24.8984437Z #11 5.004 .../node_modules/workerd postinstall$ node install.js
2026-10-07T20:47:24.8985248Z #11 5.004 .../esbuild@0.25.12/node_modules/esbuild postinstall$ node install.js
2026-10-07T20:47:24.8986543Z #11 5.102 .../esbuild@0.28.1/node_modules/esbuild postinstall: Done
2026-10-07T20:47:25.0589304Z #11 5.112 .../esbuild@0.28.2/node_modules/esbuild postinstall: Done
2026-10-07T20:47:25.8017174Z #11 6.006 .../node_modules/@prisma/engines postinstall: Done
2026-10-07T20:47:26.1795206Z #11 6.383 .../node_modules/workerd postinstall: Done
2026-10-07T20:47:26.3350419Z #11 6.389 .../esbuild@0.25.12/node_modules/esbuild postinstall: Done
2026-10-07T20:47:26.4419833Z #11 6.646 .../node_modules/prisma preinstall$ node scripts/preinstall-entry.js
2026-10-07T20:47:26.6501897Z #11 6.704 .../node_modules/prisma preinstall: Done
2026-10-07T20:47:26.7597473Z #11 6.964 
2026-10-07T20:47:26.7597865Z #11 6.964 dependencies:
2026-10-07T20:47:26.7598402Z #11 6.964 + @cloudflare/containers 0.3.7
2026-10-07T20:47:26.7598835Z #11 6.964 + @supabase/server 1.8.0
2026-10-07T20:47:26.7599244Z #11 6.964 + @supabase/supabase-js 2.117.0
2026-10-07T20:47:26.7599544Z #11 6.964 + @tiptap/extension-collaboration 3.31.3
2026-10-07T20:47:26.7599916Z #11 6.964 + @tiptap/extension-collaboration-caret 3.31.3
2026-10-07T20:47:26.7600208Z #11 6.964 + @tiptap/react 3.31.3
2026-10-07T20:47:26.7600448Z #11 6.964 + @tiptap/starter-kit 3.31.3
2026-10-07T20:47:26.7600696Z #11 6.964 + @vitejs/plugin-react 5.2.0
2026-10-07T20:47:26.7601024Z #11 6.964 + cross-env 10.1.0
2026-10-07T20:47:26.7607303Z #11 6.964 + dotenv 17.4.2
2026-10-07T20:47:26.7607543Z #11 6.964 + esbuild 0.25.12
2026-10-07T20:47:26.7607780Z #11 6.964 + esbuild-wasm 0.25.12
2026-10-07T20:47:26.7608216Z #11 6.964 + express 5.2.1
2026-10-07T20:47:26.7608465Z #11 6.964 + lucide-react 0.468.0
2026-10-07T20:47:26.7608671Z #11 6.964 + react 19.2.8
2026-10-07T20:47:26.7608992Z #11 6.964 + react-dom 19.2.8
2026-10-07T20:47:26.7609305Z #11 6.964 + vite 7.3.6
2026-10-07T20:47:26.7609600Z #11 6.964 + ws 8.21.3
2026-10-07T20:47:26.7609902Z #11 6.964 + y-protocols 1.0.7
2026-10-07T20:47:26.7610235Z #11 6.964 + yjs 13.6.32
2026-10-07T20:47:26.7610500Z #11 6.964 
2026-10-07T20:47:26.7610775Z #11 6.964 devDependencies:
2026-10-07T20:47:26.7611158Z #11 6.964 + @prisma/adapter-pg 7.10.0
2026-10-07T20:47:26.7611552Z #11 6.964 + @prisma/client 7.10.0
2026-10-07T20:47:26.7611933Z #11 6.964 + @types/express 5.0.6
2026-10-07T20:47:26.7612285Z #11 6.964 + @types/node 22.20.1
2026-10-07T20:47:26.7612607Z #11 6.964 + @types/pg 8.23.1
2026-10-07T20:47:26.7612953Z #11 6.964 + @types/react 19.2.18
2026-10-07T20:47:26.7613336Z #11 6.964 + @types/react-dom 19.2.7
2026-10-07T20:47:26.7613688Z #11 6.964 + @types/ws 8.18.1
2026-10-07T20:47:26.7614000Z #11 6.964 + pg 8.23.0
2026-10-07T20:47:26.7614625Z #11 6.964 + prisma 7.10.0
2026-10-07T20:47:26.7614914Z #11 6.964 + tsx 4.23.13
2026-10-07T20:47:26.7615196Z #11 6.964 + typescript 5.9.3
2026-10-07T20:47:26.7615488Z #11 6.964 + wrangler 4.131.1
2026-10-07T20:47:26.7615758Z #11 6.964 
2026-10-07T20:47:26.8767657Z #11 7.081 Done in 6.2s using pnpm v10.18.3
2026-10-07T20:47:30.2755217Z #11 DONE 10.5s
2026-10-07T20:47:30.4263492Z 
2026-10-07T20:47:30.4264234Z #12 [7/9] COPY . .
2026-10-07T20:47:30.4860724Z #12 DONE 0.2s
2026-10-07T20:47:30.6369221Z 
2026-10-07T20:47:30.6369863Z #13 [8/9] RUN pnpm build
2026-10-07T20:47:30.8316619Z #13 0.345 
2026-10-07T20:47:30.8317085Z #13 0.345 > cocreate@1.0.0 build /app
2026-10-07T20:47:30.8317569Z #13 0.345 > tsc --noEmit && vite build --configLoader runner
2026-10-07T20:47:30.8317993Z #13 0.345 
2026-10-07T20:47:36.6559071Z #13 6.169 vite v7.3.6 building client environment for production...
2026-10-07T20:47:36.8692109Z #13 6.232 transforming...
2026-10-07T20:47:39.7738641Z #13 9.287 ✓ 1749 modules transformed.
2026-10-07T20:47:40.0119299Z #13 9.525 rendering chunks...
2026-10-07T20:47:40.2344356Z #13 9.748 computing gzip size...
2026-10-07T20:47:40.4734479Z #13 9.769 dist/index.html                             0.44 kB │ gzip:   0.30 kB
2026-10-07T20:47:40.4735785Z #13 9.769 dist/assets/App-BqUO_rW7.css                2.56 kB │ gzip:   0.85 kB
2026-10-07T20:47:40.4736872Z #13 9.769 dist/assets/LandingPage-CNj4pefA.css       13.13 kB │ gzip:   2.95 kB
2026-10-07T20:47:40.4738445Z #13 9.769 dist/assets/index-cyLHvudv.css             75.38 kB │ gzip:  14.48 kB
2026-10-07T20:47:40.4739493Z #13 9.769 dist/assets/users-BIdyuxqP.js               0.69 kB │ gzip:   0.39 kB
2026-10-07T20:47:40.4740538Z #13 9.769 dist/assets/createLucideIcon-DcEYS1mU.js    0.89 kB │ gzip:   0.55 kB
2026-10-07T20:47:40.4741561Z #13 9.769 dist/assets/x-DO2zMSIY.js                   1.70 kB │ gzip:   0.78 kB
2026-10-07T20:47:40.4742580Z #13 9.769 dist/assets/LandingPage-DCr6qHiF.js        15.33 kB │ gzip:   4.92 kB
2026-10-07T20:47:40.4743627Z #13 9.769 dist/assets/ProjectApp-DXmAqhy1.js         29.68 kB │ gzip:   9.01 kB
2026-10-07T20:47:40.4744645Z #13 9.769 dist/assets/index-BPNFqXSv.js             421.95 kB │ gzip: 121.32 kB
2026-10-07T20:47:40.4745636Z #13 9.769 dist/assets/App-DhzRZNRs.js               583.75 kB │ gzip: 185.76 kB
2026-10-07T20:47:40.4746282Z #13 9.770 
2026-10-07T20:47:40.4746971Z #13 9.770 (!) Some chunks are larger than 500 kB after minification. Consider:
2026-10-07T20:47:40.4747833Z #13 9.770 - Using dynamic import() to code-split the application
2026-10-07T20:47:40.4749313Z #13 9.770 - Use build.rollupOptions.output.manualChunks to improve chunking: https://rollupjs.org/configuration-options/#output-manualchunks
2026-10-07T20:47:40.4750651Z #13 9.770 - Adjust chunk size limit for this warning via build.chunkSizeWarningLimit.
2026-10-07T20:47:40.4751443Z #13 9.770 ✓ built in 3.58s
2026-10-07T20:47:40.4751900Z #13 DONE 9.8s
2026-10-07T20:47:40.4752205Z 
2026-10-07T20:47:40.4753302Z #14 [9/9] RUN pnpm exec tsx scripts/prepare-isolation.ts --files-only && mkdir -p /app/data /app/generated && chown -R node:node /app/.runtime /app/data /app/generated
2026-10-07T20:47:40.9111574Z #14 0.589 {"policy":"isolated-compile-v1","platform":"linux","scope":"Trusted files prepared; kernel boundary not exercised"}
2026-10-07T20:47:41.0244841Z #14 DONE 0.7s
2026-10-07T20:47:41.1766460Z 
2026-10-07T20:47:41.1779735Z #15 exporting to image
2026-10-07T20:47:41.1828999Z #15 exporting layers
2026-10-07T20:47:48.7990388Z #15 exporting layers 7.8s done
2026-10-07T20:47:48.8131782Z #15 writing image sha256:e908b278827de584b9153efb5721e115f9fd68115060d59ba061ee6c82927847 done
2026-10-07T20:47:48.8132334Z #15 naming to docker.io/library/cocreate-check done
2026-10-07T20:47:48.8132672Z #15 DONE 7.8s
2026-10-07T20:47:48.8138817Z 
2026-10-07T20:47:48.8139538Z  [33m4 warnings found (use docker --debug to expand):
2026-10-07T20:47:48.8142356Z [0m - SecretsUsedInArgOrEnv: Do not use ARG or ENV instructions for sensitive data (ARG "VITE_SUPABASE_PUBLISHABLE_KEY") (line 14)
2026-10-07T20:47:48.8143566Z  - SecretsUsedInArgOrEnv: Do not use ARG or ENV instructions for sensitive data (ENV "VITE_COCREATE_AUTH_MODE") (line 15)
2026-10-07T20:47:48.8144599Z  - SecretsUsedInArgOrEnv: Do not use ARG or ENV instructions for sensitive data (ENV "VITE_SUPABASE_PUBLISHABLE_KEY") (line 18)
2026-10-07T20:47:48.8145810Z  - SecretsUsedInArgOrEnv: Do not use ARG or ENV instructions for sensitive data (ARG "VITE_COCREATE_AUTH_MODE") (line 11)
2026-10-07T20:47:48.8269785Z ##[group]Run docker run --rm --network none --cap-drop ALL --security-opt no-new-privileges --security-opt seccomp=unconfined --security-opt apparmor=unconfined --security-opt systempaths=unconfined --memory 1g --memory-swap 1g --pids-limit 256 cocreate-check node --import tsx scripts/prepare-isolation.ts
2026-10-07T20:47:48.8272367Z [36;1mdocker run --rm --network none --cap-drop ALL --security-opt no-new-privileges --security-opt seccomp=unconfined --security-opt apparmor=unconfined --security-opt systempaths=unconfined --memory 1g --memory-swap 1g --pids-limit 256 cocreate-check node --import tsx scripts/prepare-isolation.ts[0m
2026-10-07T20:47:48.8336127Z shell: /usr/bin/bash -e {0}
2026-10-07T20:47:48.8336343Z env:
2026-10-07T20:47:48.8336558Z   PNPM_HOME: /home/runner/setup-pnpm/node_modules/.bin
2026-10-07T20:47:48.8336816Z ##[endgroup]
2026-10-07T20:47:49.0989563Z {"policy":"isolated-compile-v1","platform":"linux","scope":"Actual OS boundary preflight passed; no inference"}
2026-10-07T20:47:49.1719949Z ##[group]Run docker run --rm --network none --cap-drop ALL --security-opt no-new-privileges --security-opt seccomp=unconfined --security-opt apparmor=unconfined --security-opt systempaths=unconfined --memory 1g --memory-swap 1g --pids-limit 256 cocreate-check node --import tsx --input-type=module -e 'import {assertVerificationBrowserAvailable} from "./server/isolation/browser.ts"; await assertVerificationBrowserAvailable(); console.log("Actual Linux browser boundary passed; no inference");'
2026-10-07T20:47:49.1722604Z [36;1mdocker run --rm --network none --cap-drop ALL --security-opt no-new-privileges --security-opt seccomp=unconfined --security-opt apparmor=unconfined --security-opt systempaths=unconfined --memory 1g --memory-swap 1g --pids-limit 256 cocreate-check node --import tsx --input-type=module -e 'import {assertVerificationBrowserAvailable} from "./server/isolation/browser.ts"; await assertVerificationBrowserAvailable(); console.log("Actual Linux browser boundary passed; no inference");'[0m
2026-10-07T20:47:49.1786134Z shell: /usr/bin/bash -e {0}
2026-10-07T20:47:49.1786339Z env:
2026-10-07T20:47:49.1786562Z   PNPM_HOME: /home/runner/setup-pnpm/node_modules/.bin
2026-10-07T20:47:49.1786827Z ##[endgroup]
2026-10-07T20:47:49.4011429Z /app/server/isolation/browser.ts:11
2026-10-07T20:47:49.4012448Z const unavailable = () => new IsolationError('isolation_unavailable', 'Isolated verification browser is unavailable. Prepare the verification runtime, then explicitly retry; the previous artifact is retained.');
2026-10-07T20:47:49.4013201Z                           ^
2026-10-07T20:47:49.4013327Z 
2026-10-07T20:47:49.4013888Z IsolationError: Isolated verification browser is unavailable. Prepare the verification runtime, then explicitly retry; the previous artifact is retained.
2026-10-07T20:47:49.4014554Z     at unavailable (/app/server/isolation/browser.ts:11:27)
2026-10-07T20:47:49.4014957Z     at Socket.<anonymous> (/app/server/isolation/browser.ts:61:47)
2026-10-07T20:47:49.4015342Z     at Socket.emit (node:events:519:28)
2026-10-07T20:47:49.4015630Z     at emitErrorNT (node:internal/streams/destroy:170:8)
2026-10-07T20:47:49.4015972Z     at emitErrorCloseNT (node:internal/streams/destroy:129:3)
2026-10-07T20:47:49.4016408Z     at process.processTicksAndRejections (node:internal/process/task_queues:89:21) {
2026-10-07T20:47:49.4016789Z   code: 'isolation_unavailable',
2026-10-07T20:47:49.4017001Z   cause: {
2026-10-07T20:47:49.4017171Z     exitCode: 1,
2026-10-07T20:47:49.4017348Z     phase: 'cleanup',
2026-10-07T20:47:49.4017607Z     diagnostic: 'bwrap: Unknown option --preserve-fds\n'
2026-10-07T20:47:49.4017868Z   }
2026-10-07T20:47:49.4018239Z }
2026-10-07T20:47:49.4018363Z 
2026-10-07T20:47:49.4018444Z Node.js v22.23.3
2026-10-07T20:47:49.4522775Z ##[error]Process completed with exit code 1.
2026-10-07T20:47:49.4606138Z Post job cleanup.
2026-10-07T20:47:49.5802152Z Pruning is unnecessary.
2026-10-07T20:47:49.5974988Z Post job cleanup.
2026-10-07T20:47:49.6755879Z [command]/usr/bin/git version
2026-10-07T20:47:49.6794153Z git version 2.55.0
2026-10-07T20:47:49.6829782Z Temporarily overriding HOME='/home/runner/work/_temp/fc115365-a855-42e0-aad4-18a79e262d4c' before making global git config changes
2026-10-07T20:47:49.6831285Z Adding repository directory to the temporary git global config as a safe directory
2026-10-07T20:47:49.6851156Z [command]/usr/bin/git config --global --add safe.directory /home/runner/work/Cocreate/Cocreate
2026-10-07T20:47:49.6889100Z [command]/usr/bin/git config --local --name-only --get-regexp core\.sshCommand
2026-10-07T20:47:49.6914585Z [command]/usr/bin/git submodule foreach --recursive sh -c "git config --local --name-only --get-regexp 'core\.sshCommand' && git config --local --unset-all 'core.sshCommand' || :"
2026-10-07T20:47:49.7202658Z [command]/usr/bin/git config --local --name-only --get-regexp http\.https\:\/\/github\.com\/\.extraheader
2026-10-07T20:47:49.7232252Z http.https://github.com/.extraheader
2026-10-07T20:47:49.7241519Z [command]/usr/bin/git config --local --unset-all http.https://github.com/.extraheader
2026-10-07T20:47:49.7287729Z [command]/usr/bin/git submodule foreach --recursive sh -c "git config --local --name-only --get-regexp 'http\.https\:\/\/github\.com\/\.extraheader' && git config --local --unset-all 'http.https://github.com/.extraheader' || :"
2026-10-07T20:47:49.7539738Z [command]/usr/bin/git config --local --name-only --get-regexp ^includeIf\.gitdir:
2026-10-07T20:47:49.7575173Z [command]/usr/bin/git submodule foreach --recursive git config --local --show-origin --name-only --get-regexp remote.origin.url
2026-10-07T20:47:49.8017538Z Cleaning up orphan processes
2026-10-07T20:47:49.8295880Z ##[warning]Node.js 20 is deprecated. The following actions target Node.js 20 but are being forced to run on Node.js 24: actions/checkout@11d5960a326750d5838078e36cf38b85af677262, actions/setup-node@49933ea5288caeca8642d1e84afbd3f7d6820020, pnpm/action-setup@f40ffcd9367d9f12939873eb1018b921a783ffaa. For more information see: https://github.blog/changelog/2025-09-19-deprecation-of-node-20-on-github-actions-runners/
