2026-10-07T20:19:59.1046533Z Current runner version: '2.337.0'
2026-10-07T20:19:59.1068382Z ##[group]Runner Image Provisioner
2026-10-07T20:19:59.1069172Z Hosted Compute Agent
2026-10-07T20:19:59.1069764Z Version: 20261002.596
2026-10-07T20:19:59.1070290Z Commit: c3d12f3313a95f25162a1503be624f3b0617f8c0
2026-10-07T20:19:59.1070889Z Build Date: 2026-10-02T22:28:27Z
2026-10-07T20:19:59.1071552Z Worker ID: {87627f18-0e52-4437-a5d0-3896bdbbda5c}
2026-10-07T20:19:59.1072134Z Region: westus3
2026-10-07T20:19:59.1072632Z Cloud: Azure
2026-10-07T20:19:59.1073125Z ##[endgroup]
2026-10-07T20:19:59.1074422Z ##[group]Operating System
2026-10-07T20:19:59.1075111Z Ubuntu
2026-10-07T20:19:59.1075710Z 22.04.5
2026-10-07T20:19:59.1076200Z LTS
2026-10-07T20:19:59.1076659Z ##[endgroup]
2026-10-07T20:19:59.1077147Z ##[group]Runner Image
2026-10-07T20:19:59.1077703Z Image: ubuntu-22.04
2026-10-07T20:19:59.1078188Z Version: 20261004.315.1
2026-10-07T20:19:59.1079307Z Included Software: https://github.com/actions/runner-images/blob/ubuntu22/20261004.315/images/ubuntu/Ubuntu2204-Readme.md
2026-10-07T20:19:59.1080597Z Image Release: https://github.com/actions/runner-images/releases/tag/ubuntu22%2F20261004.315
2026-10-07T20:19:59.1081754Z ##[endgroup]
2026-10-07T20:19:59.1082714Z ##[group]GITHUB_TOKEN Permissions
2026-10-07T20:19:59.1084482Z Contents: read
2026-10-07T20:19:59.1084995Z Metadata: read
2026-10-07T20:19:59.1085692Z ##[endgroup]
2026-10-07T20:19:59.1087596Z Secret source: Actions
2026-10-07T20:19:59.1088424Z Cache mode: write
2026-10-07T20:19:59.1089102Z Prepare workflow directory
2026-10-07T20:19:59.1363550Z Prepare all required actions
2026-10-07T20:19:59.1404061Z Getting action download info
2026-10-07T20:19:59.4361180Z Download action repository 'actions/checkout@11d5960a326750d5838078e36cf38b85af677262' (SHA:11d5960a326750d5838078e36cf38b85af677262)
2026-10-07T20:19:59.6002454Z Download action repository 'pnpm/action-setup@f40ffcd9367d9f12939873eb1018b921a783ffaa' (SHA:f40ffcd9367d9f12939873eb1018b921a783ffaa)
2026-10-07T20:20:00.4542623Z Download action repository 'actions/setup-node@49933ea5288caeca8642d1e84afbd3f7d6820020' (SHA:49933ea5288caeca8642d1e84afbd3f7d6820020)
2026-10-07T20:20:00.8989090Z Complete job name: verify
2026-10-07T20:20:00.9854250Z ##[group]Run actions/checkout@11d5960a326750d5838078e36cf38b85af677262
2026-10-07T20:20:00.9856177Z with:
2026-10-07T20:20:00.9856856Z   repository: DD7780/Cocreate
2026-10-07T20:20:00.9863297Z   token: ***
2026-10-07T20:20:00.9863973Z   ssh-strict: true
2026-10-07T20:20:00.9864657Z   ssh-user: git
2026-10-07T20:20:00.9865466Z   persist-credentials: true
2026-10-07T20:20:00.9866235Z   clean: true
2026-10-07T20:20:00.9866943Z   sparse-checkout-cone-mode: true
2026-10-07T20:20:00.9867769Z   fetch-depth: 1
2026-10-07T20:20:00.9868446Z   fetch-tags: false
2026-10-07T20:20:00.9869150Z   show-progress: true
2026-10-07T20:20:00.9869866Z   lfs: false
2026-10-07T20:20:00.9870540Z   submodules: false
2026-10-07T20:20:00.9871252Z   set-safe-directory: true
2026-10-07T20:20:00.9872057Z   allow-unsafe-pr-checkout: false
2026-10-07T20:20:00.9873246Z ##[endgroup]
2026-10-07T20:20:01.0770047Z Syncing repository: DD7780/Cocreate
2026-10-07T20:20:01.0772951Z ##[group]Getting Git version info
2026-10-07T20:20:01.0774650Z Working directory is '/home/runner/work/Cocreate/Cocreate'
2026-10-07T20:20:01.0777286Z [command]/usr/bin/git version
2026-10-07T20:20:01.0812903Z git version 2.55.0
2026-10-07T20:20:01.0839007Z ##[endgroup]
2026-10-07T20:20:01.0847732Z Temporarily overriding HOME='/home/runner/work/_temp/61a67233-abf9-41d2-b4df-424663569790' before making global git config changes
2026-10-07T20:20:01.0851152Z Adding repository directory to the temporary git global config as a safe directory
2026-10-07T20:20:01.0854085Z [command]/usr/bin/git config --global --add safe.directory /home/runner/work/Cocreate/Cocreate
2026-10-07T20:20:01.0972617Z Deleting the contents of '/home/runner/work/Cocreate/Cocreate'
2026-10-07T20:20:01.0984476Z ##[group]Initializing the repository
2026-10-07T20:20:01.0986330Z [command]/usr/bin/git init /home/runner/work/Cocreate/Cocreate
2026-10-07T20:20:01.2132184Z hint: Using 'master' as the name for the initial branch. This default branch name
2026-10-07T20:20:01.2135050Z hint: will change to "main" in Git 3.0. To configure the initial branch name
2026-10-07T20:20:01.2137317Z hint: to use in all of your new repositories, which will suppress this warning,
2026-10-07T20:20:01.2138937Z hint: call:
2026-10-07T20:20:01.2139770Z hint:
2026-10-07T20:20:01.2140849Z hint: 	git config --global init.defaultBranch <name>
2026-10-07T20:20:01.2142228Z hint:
2026-10-07T20:20:01.2143537Z hint: Names commonly chosen instead of 'master' are 'main', 'trunk' and
2026-10-07T20:20:01.2145828Z hint: 'development'. The just-created branch can be renamed via this command:
2026-10-07T20:20:01.2147396Z hint:
2026-10-07T20:20:01.2148295Z hint: 	git branch -m <name>
2026-10-07T20:20:01.2149351Z hint:
2026-10-07T20:20:01.2150773Z hint: Disable this message with "git config set advice.defaultBranchName false"
2026-10-07T20:20:01.2153050Z Initialized empty Git repository in /home/runner/work/Cocreate/Cocreate/.git/
2026-10-07T20:20:01.2156291Z [command]/usr/bin/git remote add origin https://github.com/DD7780/Cocreate
2026-10-07T20:20:01.2232083Z ##[endgroup]
2026-10-07T20:20:01.2234215Z ##[group]Disabling automatic garbage collection
2026-10-07T20:20:01.2235839Z [command]/usr/bin/git config --local gc.auto 0
2026-10-07T20:20:01.2334037Z ##[endgroup]
2026-10-07T20:20:01.2335125Z ##[group]Setting up auth
2026-10-07T20:20:01.2336440Z [command]/usr/bin/git config --local --name-only --get-regexp core\.sshCommand
2026-10-07T20:20:01.2369174Z [command]/usr/bin/git submodule foreach --recursive sh -c "git config --local --name-only --get-regexp 'core\.sshCommand' && git config --local --unset-all 'core.sshCommand' || :"
2026-10-07T20:20:01.2660435Z [command]/usr/bin/git config --local --name-only --get-regexp http\.https\:\/\/github\.com\/\.extraheader
2026-10-07T20:20:01.2698278Z [command]/usr/bin/git submodule foreach --recursive sh -c "git config --local --name-only --get-regexp 'http\.https\:\/\/github\.com\/\.extraheader' && git config --local --unset-all 'http.https://github.com/.extraheader' || :"
2026-10-07T20:20:01.2932786Z [command]/usr/bin/git config --local --name-only --get-regexp ^includeIf\.gitdir:
2026-10-07T20:20:01.2978223Z [command]/usr/bin/git submodule foreach --recursive git config --local --show-origin --name-only --get-regexp remote.origin.url
2026-10-07T20:20:01.3199835Z [command]/usr/bin/git config --local http.https://github.com/.extraheader AUTHORIZATION: basic ***
2026-10-07T20:20:01.4024060Z ##[endgroup]
2026-10-07T20:20:01.4025888Z ##[group]Fetching the repository
2026-10-07T20:20:01.4038604Z [command]/usr/bin/git -c protocol.version=2 fetch --no-tags --prune --no-recurse-submodules --depth=1 origin +f54dda15be8364096866d63b57bcf140f5981aae:refs/remotes/origin/codex/prelaunch-beta
2026-10-07T20:20:02.7803074Z From https://github.com/DD7780/Cocreate
2026-10-07T20:20:02.7804777Z  * [new ref]         f54dda15be8364096866d63b57bcf140f5981aae -> origin/codex/prelaunch-beta
2026-10-07T20:20:02.7807452Z ##[endgroup]
2026-10-07T20:20:02.7808096Z ##[group]Determining the checkout info
2026-10-07T20:20:02.7809343Z ##[endgroup]
2026-10-07T20:20:02.7815549Z [command]/usr/bin/git sparse-checkout disable
2026-10-07T20:20:02.7858708Z [command]/usr/bin/git config --local --unset-all extensions.worktreeConfig
2026-10-07T20:20:02.7890046Z ##[group]Checking out the ref
2026-10-07T20:20:02.7893534Z [command]/usr/bin/git checkout --progress --force -B codex/prelaunch-beta refs/remotes/origin/codex/prelaunch-beta
2026-10-07T20:20:02.8592749Z Switched to a new branch 'codex/prelaunch-beta'
2026-10-07T20:20:02.8596573Z branch 'codex/prelaunch-beta' set up to track 'origin/codex/prelaunch-beta'.
2026-10-07T20:20:02.8601588Z ##[endgroup]
2026-10-07T20:20:02.8642498Z [command]/usr/bin/git log -1 --format=%H
2026-10-07T20:20:02.8668849Z f54dda15be8364096866d63b57bcf140f5981aae
2026-10-07T20:20:02.8879712Z ##[group]Run pnpm/action-setup@f40ffcd9367d9f12939873eb1018b921a783ffaa
2026-10-07T20:20:02.8880315Z with:
2026-10-07T20:20:02.8880510Z   version: 10.18.3
2026-10-07T20:20:02.8880712Z   dest: ~/setup-pnpm
2026-10-07T20:20:02.8880916Z   run_install: null
2026-10-07T20:20:02.8881118Z   cache: false
2026-10-07T20:20:02.8881332Z   cache_dependency_path: pnpm-lock.yaml
2026-10-07T20:20:02.8881595Z   package_json_file: package.json
2026-10-07T20:20:02.8881830Z   standalone: false
2026-10-07T20:20:02.8882027Z ##[endgroup]
2026-10-07T20:20:03.0120567Z ##[group]Running self-installer...
2026-10-07T20:20:03.3396392Z (node:1850) [DEP0169] DeprecationWarning: `url.parse()` behavior is not standardized and prone to errors that have security implications. Use the WHATWG URL API instead. CVEs are not issued for `url.parse()` vulnerabilities.
2026-10-07T20:20:03.3397506Z (Use `node --trace-deprecation ...` to show where the warning was created)
2026-10-07T20:20:03.5130884Z Progress: resolved 1, reused 0, downloaded 0, added 0
2026-10-07T20:20:03.5194871Z Packages: +1
2026-10-07T20:20:03.5195465Z +
2026-10-07T20:20:03.8596337Z Progress: resolved 1, reused 0, downloaded 1, added 1, done
2026-10-07T20:20:03.8873611Z 
2026-10-07T20:20:03.8874118Z dependencies:
2026-10-07T20:20:03.8874440Z + pnpm 10.18.3 (12.10.1 is available)
2026-10-07T20:20:03.8874632Z 
2026-10-07T20:20:03.8891728Z Done in 721ms
2026-10-07T20:20:03.9098344Z ##[endgroup]
2026-10-07T20:20:03.9098789Z Installation Completed!
2026-10-07T20:20:03.9257545Z ##[group]Run actions/setup-node@49933ea5288caeca8642d1e84afbd3f7d6820020
2026-10-07T20:20:03.9257848Z with:
2026-10-07T20:20:03.9258009Z   node-version: 22
2026-10-07T20:20:03.9258176Z   cache: pnpm
2026-10-07T20:20:03.9258356Z   always-auth: false
2026-10-07T20:20:03.9258526Z   check-latest: false
2026-10-07T20:20:03.9260414Z   token: ***
2026-10-07T20:20:03.9260580Z env:
2026-10-07T20:20:03.9260791Z   PNPM_HOME: /home/runner/setup-pnpm/node_modules/.bin
2026-10-07T20:20:03.9261034Z ##[endgroup]
2026-10-07T20:20:04.0494205Z (node:1864) [DEP0040] DeprecationWarning: The `punycode` module is deprecated. Please use a userland alternative instead.
2026-10-07T20:20:04.0494788Z (Use `node --trace-deprecation ...` to show where the warning was created)
2026-10-07T20:20:04.0495987Z Found in cache @ /opt/hostedtoolcache/node/22.23.3/x64
2026-10-07T20:20:04.0497201Z ##[group]Environment details
2026-10-07T20:20:04.4635923Z node: v22.23.3
2026-10-07T20:20:04.4636243Z npm: 10.9.9
2026-10-07T20:20:04.4636564Z yarn: 1.22.22
2026-10-07T20:20:04.4637236Z ##[endgroup]
2026-10-07T20:20:04.4674957Z [command]/home/runner/setup-pnpm/node_modules/.bin/pnpm store path --silent
2026-10-07T20:20:04.7647017Z /home/runner/setup-pnpm/node_modules/.bin/store/v10
2026-10-07T20:20:04.9913465Z pnpm cache is not found
2026-10-07T20:20:05.0035813Z ##[group]Run pnpm install --frozen-lockfile
2026-10-07T20:20:05.0036187Z [36;1mpnpm install --frozen-lockfile[0m
2026-10-07T20:20:05.0389034Z shell: /usr/bin/bash -e {0}
2026-10-07T20:20:05.0389269Z env:
2026-10-07T20:20:05.0389498Z   PNPM_HOME: /home/runner/setup-pnpm/node_modules/.bin
2026-10-07T20:20:05.0389772Z ##[endgroup]
2026-10-07T20:20:05.3392530Z Lockfile is up to date, resolution step is skipped
2026-10-07T20:20:05.3782312Z Progress: resolved 1, reused 0, downloaded 0, added 0
2026-10-07T20:20:05.4229856Z Packages: +408
2026-10-07T20:20:05.4230688Z ++++++++++++++++++++++++++++++++++++++++++++++++++++++++++++++++++++++++++++++++
2026-10-07T20:20:06.3834389Z Progress: resolved 408, reused 0, downloaded 241, added 235
2026-10-07T20:20:07.3830252Z Progress: resolved 408, reused 0, downloaded 280, added 255
2026-10-07T20:20:08.3846940Z Progress: resolved 408, reused 0, downloaded 406, added 406
2026-10-07T20:20:08.9874200Z Progress: resolved 408, reused 0, downloaded 408, added 408, done
2026-10-07T20:20:09.0888968Z .../node_modules/@prisma/engines postinstall$ node scripts/postinstall.js
2026-10-07T20:20:09.1134185Z .../esbuild@0.28.1/node_modules/esbuild postinstall$ node install.js
2026-10-07T20:20:09.1143098Z .../esbuild@0.28.2/node_modules/esbuild postinstall$ node install.js
2026-10-07T20:20:09.1149885Z .../node_modules/workerd postinstall$ node install.js
2026-10-07T20:20:09.1537424Z .../esbuild@0.25.12/node_modules/esbuild postinstall$ node install.js
2026-10-07T20:20:09.2243791Z .../esbuild@0.28.1/node_modules/esbuild postinstall: Done
2026-10-07T20:20:09.2974656Z .../esbuild@0.28.2/node_modules/esbuild postinstall: Done
2026-10-07T20:20:10.1507499Z .../node_modules/@prisma/engines postinstall: Done
2026-10-07T20:20:10.3159246Z .../esbuild@0.25.12/node_modules/esbuild postinstall: Done
2026-10-07T20:20:10.3197518Z .../node_modules/workerd postinstall: Done
2026-10-07T20:20:10.5937849Z .../node_modules/prisma preinstall$ node scripts/preinstall-entry.js
2026-10-07T20:20:10.6465068Z .../node_modules/prisma preinstall: Done
2026-10-07T20:20:10.8982536Z 
2026-10-07T20:20:10.8983139Z dependencies:
2026-10-07T20:20:10.8983561Z + @cloudflare/containers 0.3.7
2026-10-07T20:20:10.8983940Z + @supabase/server 1.8.0
2026-10-07T20:20:10.8984306Z + @supabase/supabase-js 2.117.0
2026-10-07T20:20:10.8984726Z + @tiptap/extension-collaboration 3.31.3
2026-10-07T20:20:10.8985454Z + @tiptap/extension-collaboration-caret 3.31.3
2026-10-07T20:20:10.8985926Z + @tiptap/react 3.31.3
2026-10-07T20:20:10.8986246Z + @tiptap/starter-kit 3.31.3
2026-10-07T20:20:10.8986589Z + @vitejs/plugin-react 5.2.0
2026-10-07T20:20:10.8986923Z + cross-env 10.1.0
2026-10-07T20:20:10.8987173Z + dotenv 17.4.2
2026-10-07T20:20:10.8987399Z + esbuild 0.25.12
2026-10-07T20:20:10.8987653Z + esbuild-wasm 0.25.12
2026-10-07T20:20:10.8987983Z + express 5.2.1
2026-10-07T20:20:10.8988266Z + lucide-react 0.468.0
2026-10-07T20:20:10.8988507Z + react 19.2.8
2026-10-07T20:20:10.8988685Z + react-dom 19.2.8
2026-10-07T20:20:10.8988955Z + vite 7.3.6
2026-10-07T20:20:10.8989181Z + ws 8.21.3
2026-10-07T20:20:10.8989433Z + y-protocols 1.0.7
2026-10-07T20:20:10.8989688Z + yjs 13.6.32
2026-10-07T20:20:10.8989834Z 
2026-10-07T20:20:10.8989955Z devDependencies:
2026-10-07T20:20:10.8990254Z + @prisma/adapter-pg 7.10.0
2026-10-07T20:20:10.8990591Z + @prisma/client 7.10.0
2026-10-07T20:20:10.8990895Z + @types/express 5.0.6
2026-10-07T20:20:10.8991188Z + @types/node 22.20.1
2026-10-07T20:20:10.8991477Z + @types/pg 8.23.1
2026-10-07T20:20:10.8991761Z + @types/react 19.2.18
2026-10-07T20:20:10.8992044Z + @types/react-dom 19.2.7
2026-10-07T20:20:10.8992339Z + @types/ws 8.18.1
2026-10-07T20:20:10.8992836Z + pg 8.23.0
2026-10-07T20:20:10.8993091Z + prisma 7.10.0
2026-10-07T20:20:10.8993462Z + tsx 4.23.13
2026-10-07T20:20:10.8993948Z + typescript 5.9.3
2026-10-07T20:20:10.8994312Z + wrangler 4.131.1
2026-10-07T20:20:10.8994464Z 
2026-10-07T20:20:11.0198841Z Done in 5.9s using pnpm v10.18.3
2026-10-07T20:20:11.0623536Z ##[group]Run pnpm check:boundaries
2026-10-07T20:20:11.0623808Z [36;1mpnpm check:boundaries[0m
2026-10-07T20:20:11.0686894Z shell: /usr/bin/bash -e {0}
2026-10-07T20:20:11.0687103Z env:
2026-10-07T20:20:11.0687309Z   PNPM_HOME: /home/runner/setup-pnpm/node_modules/.bin
2026-10-07T20:20:11.0687561Z ##[endgroup]
2026-10-07T20:20:11.3166067Z 
2026-10-07T20:20:11.3166878Z > cocreate@1.0.0 check:boundaries /home/runner/work/Cocreate/Cocreate
2026-10-07T20:20:11.3167514Z > tsx scripts/codebase-audit.ts --check
2026-10-07T20:20:11.3167758Z 
2026-10-07T20:20:12.7962981Z Audited 138 files; 1 static candidates; 0 boundary violations.
2026-10-07T20:20:12.7964122Z Jev: 0 physical requests, 0 input tokens with known usage, known-usage estimate $0.000000; unknown requests retain their reservation.
2026-10-07T20:20:12.7965084Z Report: artifacts/codebase-audit/report.json
2026-10-07T20:20:12.8304005Z ##[group]Run pnpm build
2026-10-07T20:20:12.8304239Z [36;1mpnpm build[0m
2026-10-07T20:20:12.8366566Z shell: /usr/bin/bash -e {0}
2026-10-07T20:20:12.8366771Z env:
2026-10-07T20:20:12.8366977Z   PNPM_HOME: /home/runner/setup-pnpm/node_modules/.bin
2026-10-07T20:20:12.8367230Z ##[endgroup]
2026-10-07T20:20:13.0732819Z 
2026-10-07T20:20:13.0733246Z > cocreate@1.0.0 build /home/runner/work/Cocreate/Cocreate
2026-10-07T20:20:13.0733648Z > tsc --noEmit && vite build --configLoader runner
2026-10-07T20:20:13.0734116Z 
2026-10-07T20:20:18.8199610Z [36mvite v7.3.6 [32mbuilding client environment for production...[36m[39m
2026-10-07T20:20:18.8786732Z transforming...
2026-10-07T20:20:21.8567113Z [32m✓[39m 1749 modules transformed.
2026-10-07T20:20:22.0634546Z rendering chunks...
2026-10-07T20:20:22.2581904Z computing gzip size...
2026-10-07T20:20:22.2771232Z [2mdist/[22m[32mindex.html                           [39m[1m[2m  0.44 kB[22m[1m[22m[2m │ gzip:   0.30 kB[22m
2026-10-07T20:20:22.2772401Z [2mdist/[22m[2massets/[22m[35mApp-BqUO_rW7.css              [39m[1m[2m  2.56 kB[22m[1m[22m[2m │ gzip:   0.85 kB[22m
2026-10-07T20:20:22.2773420Z [2mdist/[22m[2massets/[22m[35mLandingPage-CNj4pefA.css      [39m[1m[2m 13.13 kB[22m[1m[22m[2m │ gzip:   2.95 kB[22m
2026-10-07T20:20:22.2774393Z [2mdist/[22m[2massets/[22m[35mindex-cyLHvudv.css            [39m[1m[2m 75.38 kB[22m[1m[22m[2m │ gzip:  14.48 kB[22m
2026-10-07T20:20:22.2774988Z [33m
2026-10-07T20:20:22.2775585Z (!) Some chunks are larger than 500 kB after minification. Consider:
2026-10-07T20:20:22.2775969Z - Using dynamic import() to code-split the application
2026-10-07T20:20:22.2776623Z - Use build.rollupOptions.output.manualChunks to improve chunking: https://rollupjs.org/configuration-options/#output-manualchunks
2026-10-07T20:20:22.2777498Z - Adjust chunk size limit for this warning via build.chunkSizeWarningLimit.[39m
2026-10-07T20:20:22.2778158Z [2mdist/[22m[2massets/[22m[36musers-S0nR_fpD.js             [39m[1m[2m  0.69 kB[22m[1m[22m[2m │ gzip:   0.39 kB[22m
2026-10-07T20:20:22.2778880Z [2mdist/[22m[2massets/[22m[36mcreateLucideIcon-DS0f-70M.js  [39m[1m[2m  0.89 kB[22m[1m[22m[2m │ gzip:   0.55 kB[22m
2026-10-07T20:20:22.2779846Z [2mdist/[22m[2massets/[22m[36mx-CYlEPbUI.js                 [39m[1m[2m  1.70 kB[22m[1m[22m[2m │ gzip:   0.78 kB[22m
2026-10-07T20:20:22.2780726Z [2mdist/[22m[2massets/[22m[36mLandingPage-CklZAjP2.js       [39m[1m[2m 15.33 kB[22m[1m[22m[2m │ gzip:   4.92 kB[22m
2026-10-07T20:20:22.2781446Z [2mdist/[22m[2massets/[22m[36mProjectApp-CEhcL8gy.js        [39m[1m[2m 29.68 kB[22m[1m[22m[2m │ gzip:   9.01 kB[22m
2026-10-07T20:20:22.2782142Z [2mdist/[22m[2massets/[22m[36mindex-5SCWldx6.js             [39m[1m[2m421.72 kB[22m[1m[22m[2m │ gzip: 121.23 kB[22m
2026-10-07T20:20:22.2782809Z [2mdist/[22m[2massets/[22m[36mApp-thYYHyMP.js               [39m[1m[33m583.75 kB[39m[22m[2m │ gzip: 185.76 kB[22m
2026-10-07T20:20:22.2783244Z [32m✓ built in 3.43s[39m
2026-10-07T20:20:22.3403827Z ##[group]Run node --input-type=module <<'NODE'
2026-10-07T20:20:22.3404142Z [36;1mnode --input-type=module <<'NODE'[0m
2026-10-07T20:20:22.3404369Z [36;1mimport fs from 'node:fs';[0m
2026-10-07T20:20:22.3404608Z [36;1mimport {spawnSync} from 'node:child_process';[0m
2026-10-07T20:20:22.3404998Z [36;1mconst {image_vars} = JSON.parse(fs.readFileSync('wrangler.jsonc', 'utf8')).containers[0];[0m
2026-10-07T20:20:22.3405776Z [36;1mconst names = ['VITE_COCREATE_AUTH_MODE', 'VITE_COCREATE_APP_ORIGIN', 'VITE_SUPABASE_URL', 'VITE_SUPABASE_PUBLISHABLE_KEY'];[0m
2026-10-07T20:20:22.3406252Z [36;1mconst args = ['build', '--tag', 'cocreate-check'];[0m
2026-10-07T20:20:22.3406516Z [36;1mfor (const name of names) {[0m
2026-10-07T20:20:22.3406874Z [36;1m  if (typeof image_vars[name] !== 'string') throw new Error(`Missing public build variable: ${name}`);[0m
2026-10-07T20:20:22.3407281Z [36;1m  args.push('--build-arg', `${name}=${image_vars[name]}`);[0m
2026-10-07T20:20:22.3407570Z [36;1m}[0m
2026-10-07T20:20:22.3407816Z [36;1mconst result = spawnSync('docker', [...args, '.'], {stdio: 'inherit'});[0m
2026-10-07T20:20:22.3408126Z [36;1mif (result.error) throw result.error;[0m
2026-10-07T20:20:22.3408363Z [36;1mprocess.exit(result.status ?? 1);[0m
2026-10-07T20:20:22.3408572Z [36;1mNODE[0m
2026-10-07T20:20:22.3470308Z shell: /usr/bin/bash -e {0}
2026-10-07T20:20:22.3470515Z env:
2026-10-07T20:20:22.3470905Z   PNPM_HOME: /home/runner/setup-pnpm/node_modules/.bin
2026-10-07T20:20:22.3471151Z ##[endgroup]
2026-10-07T20:20:22.7285997Z #0 building with "default" instance using docker driver
2026-10-07T20:20:22.7286329Z 
2026-10-07T20:20:22.7286577Z #1 [internal] load build definition from Dockerfile
2026-10-07T20:20:22.7287025Z #1 transferring dockerfile: 974B done
2026-10-07T20:20:22.7287321Z #1 DONE 0.0s
2026-10-07T20:20:22.7287465Z 
2026-10-07T20:20:22.7287769Z #2 [internal] load metadata for docker.io/library/node:22-bookworm-slim
2026-10-07T20:20:22.8982650Z #2 ...
2026-10-07T20:20:22.8982816Z 
2026-10-07T20:20:22.8983061Z #3 [auth] library/node:pull token for registry-1.docker.io
2026-10-07T20:20:22.8983343Z #3 DONE 0.0s
2026-10-07T20:20:23.0474176Z 
2026-10-07T20:20:23.0474800Z #2 [internal] load metadata for docker.io/library/node:22-bookworm-slim
2026-10-07T20:20:23.3518366Z #2 DONE 0.8s
2026-10-07T20:20:23.4650022Z 
2026-10-07T20:20:23.4650634Z #4 [internal] load .dockerignore
2026-10-07T20:20:23.4651167Z #4 transferring context: 248B done
2026-10-07T20:20:23.4651496Z #4 DONE 0.0s
2026-10-07T20:20:23.4651649Z 
2026-10-07T20:20:23.4652333Z #5 [1/9] FROM docker.io/library/node:22-bookworm-slim@sha256:c3de60bf2f9dd0ac6370e6117950ff62d6e339527e7472301c9c78a017978392
2026-10-07T20:20:23.4653612Z #5 resolve docker.io/library/node:22-bookworm-slim@sha256:c3de60bf2f9dd0ac6370e6117950ff62d6e339527e7472301c9c78a017978392 done
2026-10-07T20:20:23.4654712Z #5 sha256:c3de60bf2f9dd0ac6370e6117950ff62d6e339527e7472301c9c78a017978392 5.22kB / 5.22kB done
2026-10-07T20:20:23.4655821Z #5 sha256:efd0ab5780c2d9ab1f0f869571a00d5edb17793bff4cce4a2792e3eb0ffc7562 1.93kB / 1.93kB done
2026-10-07T20:20:23.4656819Z #5 sha256:d0a16be756b6ec6658aecb8b7bcf87fa6c7d0d7fcc6ca53ad14bb49a4c90bdd7 6.77kB / 6.77kB done
2026-10-07T20:20:23.4657774Z #5 sha256:7fd1ebe418b5079d4aa36f416af9b143d127bc75b0155d71cb5fd559b5e04d39 9.44MB / 28.25MB 0.1s
2026-10-07T20:20:23.4658698Z #5 sha256:f0400f4b55b0ad346bf6167a1b64a258e4d73db608c457798ce35e4ffeebfaaf 0B / 3.31kB 0.1s
2026-10-07T20:20:23.4659612Z #5 sha256:d22c69a95cf463f4cb74462bd2899597ce505d82bd4c01ceddf7845e12f13856 0B / 49.84MB 0.1s
2026-10-07T20:20:23.6647205Z #5 ...
2026-10-07T20:20:23.6647426Z 
2026-10-07T20:20:23.6647589Z #6 [internal] load build context
2026-10-07T20:20:23.6647894Z #6 transferring context: 16.85MB 0.1s done
2026-10-07T20:20:23.6648129Z #6 DONE 0.1s
2026-10-07T20:20:23.6648231Z 
2026-10-07T20:20:23.6648644Z #5 [1/9] FROM docker.io/library/node:22-bookworm-slim@sha256:c3de60bf2f9dd0ac6370e6117950ff62d6e339527e7472301c9c78a017978392
2026-10-07T20:20:23.7433246Z #5 sha256:7fd1ebe418b5079d4aa36f416af9b143d127bc75b0155d71cb5fd559b5e04d39 28.25MB / 28.25MB 0.3s
2026-10-07T20:20:23.7434544Z #5 sha256:f0400f4b55b0ad346bf6167a1b64a258e4d73db608c457798ce35e4ffeebfaaf 3.31kB / 3.31kB 0.3s
2026-10-07T20:20:23.7435642Z #5 sha256:d22c69a95cf463f4cb74462bd2899597ce505d82bd4c01ceddf7845e12f13856 49.84MB / 49.84MB 0.3s
2026-10-07T20:20:23.9375367Z #5 sha256:f0400f4b55b0ad346bf6167a1b64a258e4d73db608c457798ce35e4ffeebfaaf 3.31kB / 3.31kB 0.4s done
2026-10-07T20:20:23.9376279Z #5 extracting sha256:7fd1ebe418b5079d4aa36f416af9b143d127bc75b0155d71cb5fd559b5e04d39
2026-10-07T20:20:24.0401508Z #5 sha256:7fd1ebe418b5079d4aa36f416af9b143d127bc75b0155d71cb5fd559b5e04d39 28.25MB / 28.25MB 0.5s done
2026-10-07T20:20:24.0403095Z #5 sha256:d22c69a95cf463f4cb74462bd2899597ce505d82bd4c01ceddf7845e12f13856 49.84MB / 49.84MB 0.6s done
2026-10-07T20:20:24.0404489Z #5 sha256:2cfab517365cfc6b4bd1f8c4cb01754884ef75bc38758b3c41e291c696f019f5 0B / 1.71MB 0.6s
2026-10-07T20:20:24.0405726Z #5 sha256:a8de9fa052209313d8e45435a8486e29b20eebaa820e2e7f63a7c3c94b4fa567 0B / 448B 0.6s
2026-10-07T20:20:24.1447194Z #5 sha256:2cfab517365cfc6b4bd1f8c4cb01754884ef75bc38758b3c41e291c696f019f5 1.71MB / 1.71MB 0.6s done
2026-10-07T20:20:24.1448252Z #5 sha256:a8de9fa052209313d8e45435a8486e29b20eebaa820e2e7f63a7c3c94b4fa567 448B / 448B 0.6s done
2026-10-07T20:20:24.7373165Z #5 extracting sha256:7fd1ebe418b5079d4aa36f416af9b143d127bc75b0155d71cb5fd559b5e04d39 0.8s done
2026-10-07T20:20:24.7380639Z #5 extracting sha256:f0400f4b55b0ad346bf6167a1b64a258e4d73db608c457798ce35e4ffeebfaaf
2026-10-07T20:20:24.8881004Z #5 extracting sha256:f0400f4b55b0ad346bf6167a1b64a258e4d73db608c457798ce35e4ffeebfaaf done
2026-10-07T20:20:26.9027460Z #5 extracting sha256:d22c69a95cf463f4cb74462bd2899597ce505d82bd4c01ceddf7845e12f13856
2026-10-07T20:20:28.0283032Z #5 extracting sha256:d22c69a95cf463f4cb74462bd2899597ce505d82bd4c01ceddf7845e12f13856 1.0s done
2026-10-07T20:20:28.7356733Z #5 extracting sha256:2cfab517365cfc6b4bd1f8c4cb01754884ef75bc38758b3c41e291c696f019f5
2026-10-07T20:20:28.9807789Z #5 extracting sha256:2cfab517365cfc6b4bd1f8c4cb01754884ef75bc38758b3c41e291c696f019f5 0.0s done
2026-10-07T20:20:28.9808657Z #5 extracting sha256:a8de9fa052209313d8e45435a8486e29b20eebaa820e2e7f63a7c3c94b4fa567 done
2026-10-07T20:20:28.9809157Z #5 DONE 5.5s
2026-10-07T20:20:28.9809296Z 
2026-10-07T20:20:28.9809418Z #7 [2/9] WORKDIR /app
2026-10-07T20:20:28.9809685Z #7 DONE 0.0s
2026-10-07T20:20:28.9809811Z 
2026-10-07T20:20:28.9809939Z #8 [3/9] RUN corepack enable
2026-10-07T20:20:29.0464779Z #8 DONE 0.2s
2026-10-07T20:20:29.1974911Z 
2026-10-07T20:20:29.1976083Z #9 [4/9] RUN apt-get update && apt-get install -y --no-install-recommends bubblewrap util-linux chromium && rm -rf /var/lib/apt/lists/*
2026-10-07T20:20:29.2800456Z #9 0.233 Get:1 http://deb.debian.org/debian bookworm InRelease [151 kB]
2026-10-07T20:20:29.4318293Z #9 0.258 Get:2 http://deb.debian.org/debian bookworm-updates InRelease [55.4 kB]
2026-10-07T20:20:29.4319258Z #9 0.268 Get:3 http://deb.debian.org/debian-security bookworm-security InRelease [34.8 kB]
2026-10-07T20:20:29.4320115Z #9 0.319 Get:4 http://deb.debian.org/debian bookworm/main amd64 Packages [8790 kB]
2026-10-07T20:20:29.4320936Z #9 0.385 Get:5 http://deb.debian.org/debian bookworm-updates/main amd64 Packages [6924 B]
2026-10-07T20:20:29.6005869Z #9 0.403 Get:6 http://deb.debian.org/debian-security bookworm-security/main amd64 Packages [349 kB]
2026-10-07T20:20:30.0936990Z #9 1.047 Fetched 9388 kB in 1s (11.3 MB/s)
2026-10-07T20:20:30.4627590Z #9 1.047 Reading package lists...
2026-10-07T20:20:30.8448493Z #9 1.431 Reading package lists...
2026-10-07T20:20:30.9559361Z #9 1.808 Building dependency tree...
2026-10-07T20:20:31.2034400Z #9 1.909 Reading state information...
2026-10-07T20:20:31.2035007Z #9 2.004 util-linux is already the newest version (2.38.1-5+deb12u3).
2026-10-07T20:20:31.2035585Z #9 2.004 util-linux set to manually installed.
2026-10-07T20:20:31.2036375Z #9 2.004 The following additional packages will be installed:
2026-10-07T20:20:31.2036839Z #9 2.004   adwaita-icon-theme at-spi2-common chromium-common dbus dbus-bin dbus-daemon
2026-10-07T20:20:31.2037319Z #9 2.004   dbus-session-bus-common dbus-system-bus-common dbus-user-session
2026-10-07T20:20:31.2037787Z #9 2.004   dconf-gsettings-backend dconf-service dmsetup fontconfig fontconfig-config
2026-10-07T20:20:31.2038271Z #9 2.004   fonts-dejavu-core gtk-update-icon-cache hicolor-icon-theme libapparmor1
2026-10-07T20:20:31.2038769Z #9 2.004   libargon2-1 libasound2 libasound2-data libasyncns0 libatk-bridge2.0-0
2026-10-07T20:20:31.2039229Z #9 2.004   libatk1.0-0 libatspi2.0-0 libavahi-client3 libavahi-common-data
2026-10-07T20:20:31.2039674Z #9 2.004   libavahi-common3 libbrotli1 libbsd0 libcairo-gobject2 libcairo2 libcolord2
2026-10-07T20:20:31.2040128Z #9 2.004   libcryptsetup12 libcups2 libdatrie1 libdav1d6 libdbus-1-3 libdconf1
2026-10-07T20:20:31.2040587Z #9 2.004   libdeflate0 libdevmapper1.02.1 libdouble-conversion3 libdrm-amdgpu1
2026-10-07T20:20:31.2041054Z #9 2.005   libdrm-common libdrm-intel1 libdrm-nouveau2 libdrm-radeon1 libdrm2 libedit2
2026-10-07T20:20:31.2041564Z #9 2.005   libelf1 libepoxy0 libexpat1 libfdisk1 libflac12 libfontconfig1 libfontenc1
2026-10-07T20:20:31.2042048Z #9 2.005   libfreetype6 libfribidi0 libgbm1 libgdk-pixbuf-2.0-0 libgdk-pixbuf2.0-common
2026-10-07T20:20:31.2042518Z #9 2.005   libgl1 libgl1-mesa-dri libglapi-mesa libglib2.0-0 libglvnd0 libglx-mesa0
2026-10-07T20:20:31.2043118Z #9 2.005   libglx0 libgraphite2-3 libgssapi-krb5-2 libgtk-3-0 libgtk-3-common
2026-10-07T20:20:31.2043566Z #9 2.005   libharfbuzz-subset0 libharfbuzz0b libice6 libicu72 libip4tc2 libjbig0
2026-10-07T20:20:31.2044021Z #9 2.005   libjpeg62-turbo libjson-c5 libk5crypto3 libkeyutils1 libkmod2 libkrb5-3
2026-10-07T20:20:31.2044467Z #9 2.005   libkrb5support0 liblcms2-2 liblerc4 libllvm15 libminizip1 libmp3lame0
2026-10-07T20:20:31.2044925Z #9 2.005   libmpg123-0 libncursesw6 libnspr4 libnss3 libogg0 libopenh264-7 libopenjp2-7
2026-10-07T20:20:31.2045608Z #9 2.005   libopus0 libpam-systemd libpango-1.0-0 libpangocairo-1.0-0 libpangoft2-1.0-0
2026-10-07T20:20:31.2046057Z #9 2.005   libpciaccess0 libpixman-1-0 libpng16-16 libproc2-0 libpulse0
2026-10-07T20:20:31.2046490Z #9 2.005   libsensors-config libsensors5 libsm6 libsndfile1 libsqlite3-0 libssl3
2026-10-07T20:20:31.2046986Z #9 2.005   libsystemd-shared libthai-data libthai0 libtiff6 libvorbis0a libvorbisenc2
2026-10-07T20:20:31.2047480Z #9 2.005   libwayland-client0 libwayland-cursor0 libwayland-egl1 libwayland-server0
2026-10-07T20:20:31.2047933Z #9 2.005   libwebp7 libx11-6 libx11-data libx11-xcb1 libxau6 libxaw7 libxcb-dri2-0
2026-10-07T20:20:31.2048376Z #9 2.005   libxcb-dri3-0 libxcb-glx0 libxcb-present0 libxcb-randr0 libxcb-render0
2026-10-07T20:20:31.2048840Z #9 2.005   libxcb-shape0 libxcb-shm0 libxcb-sync1 libxcb-xfixes0 libxcb1 libxcomposite1
2026-10-07T20:20:31.2049304Z #9 2.005   libxcursor1 libxdamage1 libxdmcp6 libxext6 libxfixes3 libxft2 libxi6
2026-10-07T20:20:31.2049768Z #9 2.005   libxinerama1 libxkbcommon0 libxkbfile1 libxml2 libxmu6 libxmuu1 libxnvctrl0
2026-10-07T20:20:31.2050215Z #9 2.005   libxpm4 libxrandr2 libxrender1 libxshmfence1 libxt6 libxtst6 libxv1
2026-10-07T20:20:31.2050633Z #9 2.005   libxxf86dga1 libxxf86vm1 libz3-4 procps shared-mime-info systemd
2026-10-07T20:20:31.2051009Z #9 2.005   systemd-sysv x11-common x11-utils xdg-utils xkb-data
2026-10-07T20:20:31.2051292Z #9 2.006 Suggested packages:
2026-10-07T20:20:31.2051657Z #9 2.006   chromium-l10n chromium-shell chromium-driver libasound2-plugins alsa-utils
2026-10-07T20:20:31.2052126Z #9 2.006   colord cups-common low-memory-monitor krb5-doc krb5-user gvfs liblcms2-utils
2026-10-07T20:20:31.2052592Z #9 2.006   opus-tools pciutils pulseaudio lm-sensors systemd-container systemd-homed
2026-10-07T20:20:31.2053041Z #9 2.006   systemd-userdbd systemd-boot systemd-resolved libfido2-1 libqrencode4
2026-10-07T20:20:31.2053468Z #9 2.006   libtss2-esys-3.0.2-0 libtss2-mu0 libtss2-rc0 polkitd | policykit-1
2026-10-07T20:20:31.2053890Z #9 2.006   mesa-utils
2026-10-07T20:20:31.2054097Z #9 2.006 Recommended packages:
2026-10-07T20:20:31.2054426Z #9 2.006   librsvg2-common upower udev fonts-liberation notification-daemon
2026-10-07T20:20:31.2054859Z #9 2.006   system-config-printer alsa-ucm-conf alsa-topology-conf at-spi2-core
2026-10-07T20:20:31.2055652Z #9 2.006   libgdk-pixbuf2.0-bin libglib2.0-data xdg-user-dirs libgtk-3-bin krb5-locales
2026-10-07T20:20:31.2056163Z #9 2.006   libgpm2 psmisc systemd-timesyncd | time-daemon libnss-systemd
2026-10-07T20:20:31.2056567Z #9 2.006   libfile-mimeinfo-perl libnet-dbus-perl libx11-protocol-perl
2026-10-07T20:20:31.2056857Z #9 2.006   x11-xserver-utils
2026-10-07T20:20:31.5980497Z #9 2.551 The following NEW packages will be installed:
2026-10-07T20:20:31.5981040Z #9 2.551   adwaita-icon-theme at-spi2-common bubblewrap chromium chromium-common dbus
2026-10-07T20:20:31.5981525Z #9 2.551   dbus-bin dbus-daemon dbus-session-bus-common dbus-system-bus-common
2026-10-07T20:20:31.7058349Z #9 2.551   dbus-user-session dconf-gsettings-backend dconf-service dmsetup fontconfig
2026-10-07T20:20:31.7059362Z #9 2.551   fontconfig-config fonts-dejavu-core gtk-update-icon-cache hicolor-icon-theme
2026-10-07T20:20:31.7060183Z #9 2.551   libapparmor1 libargon2-1 libasound2 libasound2-data libasyncns0
2026-10-07T20:20:31.7060878Z #9 2.552   libatk-bridge2.0-0 libatk1.0-0 libatspi2.0-0 libavahi-client3
2026-10-07T20:20:31.7061854Z #9 2.552   libavahi-common-data libavahi-common3 libbrotli1 libbsd0 libcairo-gobject2
2026-10-07T20:20:31.7062624Z #9 2.552   libcairo2 libcolord2 libcryptsetup12 libcups2 libdatrie1 libdav1d6
2026-10-07T20:20:31.7063389Z #9 2.552   libdbus-1-3 libdconf1 libdeflate0 libdevmapper1.02.1 libdouble-conversion3
2026-10-07T20:20:31.7064259Z #9 2.552   libdrm-amdgpu1 libdrm-common libdrm-intel1 libdrm-nouveau2 libdrm-radeon1
2026-10-07T20:20:31.7065000Z #9 2.552   libdrm2 libedit2 libelf1 libepoxy0 libexpat1 libfdisk1 libflac12
2026-10-07T20:20:31.7065897Z #9 2.552   libfontconfig1 libfontenc1 libfreetype6 libfribidi0 libgbm1
2026-10-07T20:20:31.7066601Z #9 2.552   libgdk-pixbuf-2.0-0 libgdk-pixbuf2.0-common libgl1 libgl1-mesa-dri
2026-10-07T20:20:31.7067364Z #9 2.552   libglapi-mesa libglib2.0-0 libglvnd0 libglx-mesa0 libglx0 libgraphite2-3
2026-10-07T20:20:31.7068101Z #9 2.552   libgssapi-krb5-2 libgtk-3-0 libgtk-3-common libharfbuzz-subset0
2026-10-07T20:20:31.7068923Z #9 2.552   libharfbuzz0b libice6 libicu72 libip4tc2 libjbig0 libjpeg62-turbo libjson-c5
2026-10-07T20:20:31.7069725Z #9 2.552   libk5crypto3 libkeyutils1 libkmod2 libkrb5-3 libkrb5support0 liblcms2-2
2026-10-07T20:20:31.7070523Z #9 2.552   liblerc4 libllvm15 libminizip1 libmp3lame0 libmpg123-0 libncursesw6 libnspr4
2026-10-07T20:20:31.7071275Z #9 2.552   libnss3 libogg0 libopenh264-7 libopenjp2-7 libopus0 libpam-systemd
2026-10-07T20:20:31.7071973Z #9 2.552   libpango-1.0-0 libpangocairo-1.0-0 libpangoft2-1.0-0 libpciaccess0
2026-10-07T20:20:31.7072822Z #9 2.552   libpixman-1-0 libpng16-16 libproc2-0 libpulse0 libsensors-config libsensors5
2026-10-07T20:20:31.7073638Z #9 2.552   libsm6 libsndfile1 libsqlite3-0 libssl3 libsystemd-shared libthai-data
2026-10-07T20:20:31.7074365Z #9 2.552   libthai0 libtiff6 libvorbis0a libvorbisenc2 libwayland-client0
2026-10-07T20:20:31.7075107Z #9 2.552   libwayland-cursor0 libwayland-egl1 libwayland-server0 libwebp7 libx11-6
2026-10-07T20:20:31.7075996Z #9 2.552   libx11-data libx11-xcb1 libxau6 libxaw7 libxcb-dri2-0 libxcb-dri3-0
2026-10-07T20:20:31.7076737Z #9 2.552   libxcb-glx0 libxcb-present0 libxcb-randr0 libxcb-render0 libxcb-shape0
2026-10-07T20:20:31.7077515Z #9 2.552   libxcb-shm0 libxcb-sync1 libxcb-xfixes0 libxcb1 libxcomposite1 libxcursor1
2026-10-07T20:20:31.7078271Z #9 2.552   libxdamage1 libxdmcp6 libxext6 libxfixes3 libxft2 libxi6 libxinerama1
2026-10-07T20:20:31.7079016Z #9 2.552   libxkbcommon0 libxkbfile1 libxml2 libxmu6 libxmuu1 libxnvctrl0 libxpm4
2026-10-07T20:20:31.7079954Z #9 2.552   libxrandr2 libxrender1 libxshmfence1 libxt6 libxtst6 libxv1 libxxf86dga1
2026-10-07T20:20:31.7080929Z #9 2.552   libxxf86vm1 libz3-4 procps shared-mime-info systemd systemd-sysv x11-common
2026-10-07T20:20:31.7081516Z #9 2.552   x11-utils xdg-utils xkb-data
2026-10-07T20:20:31.7082065Z #9 2.592 0 upgraded, 175 newly installed, 0 to remove and 1 not upgraded.
2026-10-07T20:20:31.7082586Z #9 2.592 Need to get 206 MB of archives.
2026-10-07T20:20:31.7083269Z #9 2.592 After this operation, 733 MB of additional disk space will be used.
2026-10-07T20:20:31.7084248Z #9 2.592 Get:1 http://deb.debian.org/debian-security bookworm-security/main amd64 libssl3 amd64 3.0.22-1~deb12u1 [2039 kB]
2026-10-07T20:20:31.7085482Z #9 2.648 Get:2 http://deb.debian.org/debian bookworm/main amd64 libargon2-1 amd64 0~20171227-0.3+deb12u1 [19.4 kB]
2026-10-07T20:20:31.7086459Z #9 2.648 Get:3 http://deb.debian.org/debian bookworm/main amd64 dmsetup amd64 2:1.02.185-2 [82.0 kB]
2026-10-07T20:20:31.7087529Z #9 2.649 Get:4 http://deb.debian.org/debian bookworm/main amd64 libdevmapper1.02.1 amd64 2:1.02.185-2 [133 kB]
2026-10-07T20:20:31.7088487Z #9 2.650 Get:5 http://deb.debian.org/debian bookworm/main amd64 libjson-c5 amd64 0.16-2 [44.1 kB]
2026-10-07T20:20:31.7089497Z #9 2.659 Get:6 http://deb.debian.org/debian bookworm/main amd64 libcryptsetup12 amd64 2:2.6.1-4~deb12u2 [223 kB]
2026-10-07T20:20:31.8293934Z #9 2.660 Get:7 http://deb.debian.org/debian bookworm/main amd64 libfdisk1 amd64 2.38.1-5+deb12u3 [194 kB]
2026-10-07T20:20:31.8295506Z #9 2.661 Get:8 http://deb.debian.org/debian bookworm/main amd64 libkmod2 amd64 30+20221128-1 [57.9 kB]
2026-10-07T20:20:31.8296289Z #9 2.662 Get:9 http://deb.debian.org/debian bookworm/main amd64 libapparmor1 amd64 3.0.8-3 [41.2 kB]
2026-10-07T20:20:31.8297293Z #9 2.662 Get:10 http://deb.debian.org/debian bookworm/main amd64 libip4tc2 amd64 1.8.9-2 [19.0 kB]
2026-10-07T20:20:31.8298349Z #9 2.663 Get:11 http://deb.debian.org/debian bookworm/main amd64 libsystemd-shared amd64 252.39-1~deb12u2 [1696 kB]
2026-10-07T20:20:31.8299379Z #9 2.668 Get:12 http://deb.debian.org/debian bookworm/main amd64 systemd amd64 252.39-1~deb12u2 [3044 kB]
2026-10-07T20:20:31.8300341Z #9 2.678 Get:13 http://deb.debian.org/debian bookworm/main amd64 systemd-sysv amd64 252.39-1~deb12u2 [42.9 kB]
2026-10-07T20:20:31.8301330Z #9 2.678 Get:14 http://deb.debian.org/debian bookworm/main amd64 libdbus-1-3 amd64 1.14.10-1~deb12u1 [201 kB]
2026-10-07T20:20:31.8302281Z #9 2.679 Get:15 http://deb.debian.org/debian bookworm/main amd64 dbus-bin amd64 1.14.10-1~deb12u1 [105 kB]
2026-10-07T20:20:31.8303342Z #9 2.680 Get:16 http://deb.debian.org/debian bookworm/main amd64 dbus-session-bus-common all 1.14.10-1~deb12u1 [78.2 kB]
2026-10-07T20:20:31.8304469Z #9 2.680 Get:17 http://deb.debian.org/debian-security bookworm-security/main amd64 libexpat1 amd64 2.5.0-1+deb12u4 [106 kB]
2026-10-07T20:20:31.8305678Z #9 2.681 Get:18 http://deb.debian.org/debian bookworm/main amd64 dbus-daemon amd64 1.14.10-1~deb12u1 [184 kB]
2026-10-07T20:20:31.8306708Z #9 2.682 Get:19 http://deb.debian.org/debian bookworm/main amd64 dbus-system-bus-common all 1.14.10-1~deb12u1 [79.3 kB]
2026-10-07T20:20:31.8307739Z #9 2.682 Get:20 http://deb.debian.org/debian bookworm/main amd64 dbus amd64 1.14.10-1~deb12u1 [97.4 kB]
2026-10-07T20:20:31.8308622Z #9 2.684 Get:21 http://deb.debian.org/debian bookworm/main amd64 libncursesw6 amd64 6.4-4 [134 kB]
2026-10-07T20:20:31.8309532Z #9 2.693 Get:22 http://deb.debian.org/debian bookworm/main amd64 libproc2-0 amd64 2:4.0.2-3 [62.8 kB]
2026-10-07T20:20:31.8310411Z #9 2.703 Get:23 http://deb.debian.org/debian bookworm/main amd64 procps amd64 2:4.0.2-3 [709 kB]
2026-10-07T20:20:31.8311338Z #9 2.706 Get:24 http://deb.debian.org/debian bookworm/main amd64 libpam-systemd amd64 252.39-1~deb12u2 [226 kB]
2026-10-07T20:20:31.8312294Z #9 2.707 Get:25 http://deb.debian.org/debian bookworm/main amd64 hicolor-icon-theme all 0.17-2 [11.4 kB]
2026-10-07T20:20:31.8313352Z #9 2.707 Get:26 http://deb.debian.org/debian bookworm/main amd64 libgdk-pixbuf2.0-common all 2.42.10+dfsg-1+deb12u4 [307 kB]
2026-10-07T20:20:31.8314608Z #9 2.715 Get:27 http://deb.debian.org/debian bookworm/main amd64 libglib2.0-0 amd64 2.74.6-2+deb12u9 [1403 kB]
2026-10-07T20:20:31.8316948Z #9 2.729 Get:28 http://deb.debian.org/debian bookworm/main amd64 libicu72 amd64 72.1-3+deb12u1 [9376 kB]
2026-10-07T20:20:31.8318101Z #9 2.782 Get:29 http://deb.debian.org/debian bookworm/main amd64 libxml2 amd64 2.9.14+dfsg-1.3~deb12u6 [689 kB]
2026-10-07T20:20:31.9303040Z #9 2.785 Get:30 http://deb.debian.org/debian bookworm/main amd64 shared-mime-info amd64 2.2-1 [729 kB]
2026-10-07T20:20:31.9304056Z #9 2.787 Get:31 http://deb.debian.org/debian bookworm/main amd64 libjpeg62-turbo amd64 1:2.1.5-2 [166 kB]
2026-10-07T20:20:31.9304972Z #9 2.788 Get:32 http://deb.debian.org/debian-security bookworm-security/main amd64 libpng16-16 amd64 1.6.39-2+deb12u6 [277 kB]
2026-10-07T20:20:31.9305851Z #9 2.789 Get:33 http://deb.debian.org/debian bookworm/main amd64 libdeflate0 amd64 1.14-1 [61.4 kB]
2026-10-07T20:20:31.9306425Z #9 2.789 Get:34 http://deb.debian.org/debian bookworm/main amd64 libjbig0 amd64 2.1-6.1 [31.7 kB]
2026-10-07T20:20:31.9306943Z #9 2.789 Get:35 http://deb.debian.org/debian bookworm/main amd64 liblerc4 amd64 4.0.0+ds-2 [170 kB]
2026-10-07T20:20:31.9307484Z #9 2.799 Get:36 http://deb.debian.org/debian bookworm/main amd64 libwebp7 amd64 1.2.4-0.2+deb12u1 [286 kB]
2026-10-07T20:20:31.9308035Z #9 2.800 Get:37 http://deb.debian.org/debian bookworm/main amd64 libtiff6 amd64 4.5.0-6+deb12u4 [316 kB]
2026-10-07T20:20:31.9308923Z #9 2.802 Get:38 http://deb.debian.org/debian bookworm/main amd64 libgdk-pixbuf-2.0-0 amd64 2.42.10+dfsg-1+deb12u4 [139 kB]
2026-10-07T20:20:31.9309582Z #9 2.802 Get:39 http://deb.debian.org/debian bookworm/main amd64 gtk-update-icon-cache amd64 3.24.38-2~deb12u3 [44.2 kB]
2026-10-07T20:20:31.9310174Z #9 2.812 Get:40 http://deb.debian.org/debian bookworm/main amd64 adwaita-icon-theme all 43-1 [5124 kB]
2026-10-07T20:20:31.9310735Z #9 2.829 Get:41 http://deb.debian.org/debian bookworm/main amd64 at-spi2-common all 2.46.0-5 [162 kB]
2026-10-07T20:20:31.9311298Z #9 2.829 Get:42 http://deb.debian.org/debian bookworm/main amd64 bubblewrap amd64 0.8.0-2+deb12u1 [47.3 kB]
2026-10-07T20:20:31.9311851Z #9 2.830 Get:43 http://deb.debian.org/debian bookworm/main amd64 libasound2-data all 1.2.8-1 [20.5 kB]
2026-10-07T20:20:31.9312379Z #9 2.830 Get:44 http://deb.debian.org/debian bookworm/main amd64 libasound2 amd64 1.2.8-1+b1 [362 kB]
2026-10-07T20:20:31.9312903Z #9 2.831 Get:45 http://deb.debian.org/debian bookworm/main amd64 libatk1.0-0 amd64 2.46.0-5 [49.6 kB]
2026-10-07T20:20:31.9313419Z #9 2.832 Get:46 http://deb.debian.org/debian bookworm/main amd64 libxau6 amd64 1:1.0.9-1 [19.7 kB]
2026-10-07T20:20:31.9313932Z #9 2.832 Get:47 http://deb.debian.org/debian bookworm/main amd64 libbsd0 amd64 0.11.7-2 [117 kB]
2026-10-07T20:20:31.9314443Z #9 2.833 Get:48 http://deb.debian.org/debian bookworm/main amd64 libxdmcp6 amd64 1:1.1.2-3 [26.3 kB]
2026-10-07T20:20:31.9314954Z #9 2.836 Get:49 http://deb.debian.org/debian bookworm/main amd64 libxcb1 amd64 1.15-1 [144 kB]
2026-10-07T20:20:31.9315728Z #9 2.838 Get:50 http://deb.debian.org/debian bookworm/main amd64 libx11-data all 2:1.8.4-2+deb12u2 [292 kB]
2026-10-07T20:20:31.9316334Z #9 2.846 Get:51 http://deb.debian.org/debian bookworm/main amd64 libx11-6 amd64 2:1.8.4-2+deb12u2 [760 kB]
2026-10-07T20:20:31.9316897Z #9 2.849 Get:52 http://deb.debian.org/debian bookworm/main amd64 libxext6 amd64 2:1.3.4-1+b1 [52.9 kB]
2026-10-07T20:20:31.9317416Z #9 2.850 Get:53 http://deb.debian.org/debian bookworm/main amd64 libxi6 amd64 2:1.8-1+b1 [84.2 kB]
2026-10-07T20:20:31.9317948Z #9 2.850 Get:54 http://deb.debian.org/debian bookworm/main amd64 libatspi2.0-0 amd64 2.46.0-5 [75.4 kB]
2026-10-07T20:20:31.9318510Z #9 2.850 Get:55 http://deb.debian.org/debian bookworm/main amd64 libatk-bridge2.0-0 amd64 2.46.0-5 [64.6 kB]
2026-10-07T20:20:31.9319063Z #9 2.851 Get:56 http://deb.debian.org/debian bookworm/main amd64 libbrotli1 amd64 1.0.9-2+b6 [275 kB]
2026-10-07T20:20:31.9319776Z #9 2.860 Get:57 http://deb.debian.org/debian bookworm/main amd64 libfreetype6 amd64 2.12.1+dfsg-5+deb12u4 [398 kB]
2026-10-07T20:20:31.9320362Z #9 2.861 Get:58 http://deb.debian.org/debian bookworm/main amd64 fonts-dejavu-core all 2.37-6 [1068 kB]
2026-10-07T20:20:31.9320944Z #9 2.865 Get:59 http://deb.debian.org/debian bookworm/main amd64 fontconfig-config amd64 2.14.1-4 [315 kB]
2026-10-07T20:20:31.9321487Z #9 2.867 Get:60 http://deb.debian.org/debian bookworm/main amd64 libfontconfig1 amd64 2.14.1-4 [386 kB]
2026-10-07T20:20:31.9322024Z #9 2.868 Get:61 http://deb.debian.org/debian bookworm/main amd64 libpixman-1-0 amd64 0.42.2-1 [546 kB]
2026-10-07T20:20:31.9322544Z #9 2.870 Get:62 http://deb.debian.org/debian bookworm/main amd64 libxcb-render0 amd64 1.15-1 [115 kB]
2026-10-07T20:20:31.9323059Z #9 2.870 Get:63 http://deb.debian.org/debian bookworm/main amd64 libxcb-shm0 amd64 1.15-1 [105 kB]
2026-10-07T20:20:31.9323594Z #9 2.871 Get:64 http://deb.debian.org/debian bookworm/main amd64 libxrender1 amd64 1:0.9.10-1.1 [33.2 kB]
2026-10-07T20:20:31.9324116Z #9 2.871 Get:65 http://deb.debian.org/debian bookworm/main amd64 libcairo2 amd64 1.16.0-7 [575 kB]
2026-10-07T20:20:31.9324688Z #9 2.873 Get:66 http://deb.debian.org/debian bookworm/main amd64 libavahi-common-data amd64 0.8-10+deb12u1 [107 kB]
2026-10-07T20:20:31.9325550Z #9 2.874 Get:67 http://deb.debian.org/debian bookworm/main amd64 libavahi-common3 amd64 0.8-10+deb12u1 [42.1 kB]
2026-10-07T20:20:31.9326161Z #9 2.881 Get:68 http://deb.debian.org/debian bookworm/main amd64 libavahi-client3 amd64 0.8-10+deb12u1 [45.8 kB]
2026-10-07T20:20:31.9326955Z #9 2.882 Get:69 http://deb.debian.org/debian bookworm/main amd64 libkrb5support0 amd64 1.20.1-2+deb12u5 [33.2 kB]
2026-10-07T20:20:31.9327549Z #9 2.883 Get:70 http://deb.debian.org/debian bookworm/main amd64 libk5crypto3 amd64 1.20.1-2+deb12u5 [79.7 kB]
2026-10-07T20:20:32.0382305Z #9 2.883 Get:71 http://deb.debian.org/debian bookworm/main amd64 libkeyutils1 amd64 1.6.3-2 [8808 B]
2026-10-07T20:20:32.0383150Z #9 2.892 Get:72 http://deb.debian.org/debian bookworm/main amd64 libkrb5-3 amd64 1.20.1-2+deb12u5 [332 kB]
2026-10-07T20:20:32.0383784Z #9 2.894 Get:73 http://deb.debian.org/debian bookworm/main amd64 libgssapi-krb5-2 amd64 1.20.1-2+deb12u5 [135 kB]
2026-10-07T20:20:32.0384511Z #9 2.903 Get:74 http://deb.debian.org/debian bookworm/main amd64 libcups2 amd64 2.4.2-3+deb12u9 [245 kB]
2026-10-07T20:20:32.0385077Z #9 2.913 Get:75 http://deb.debian.org/debian bookworm/main amd64 libdav1d6 amd64 1.0.0-2+deb12u1 [513 kB]
2026-10-07T20:20:32.0385913Z #9 2.915 Get:76 http://deb.debian.org/debian bookworm/main amd64 libdouble-conversion3 amd64 3.2.1-1 [41.5 kB]
2026-10-07T20:20:32.0386505Z #9 2.915 Get:77 http://deb.debian.org/debian bookworm/main amd64 libogg0 amd64 1.3.5-3 [23.4 kB]
2026-10-07T20:20:32.0387018Z #9 2.923 Get:78 http://deb.debian.org/debian bookworm/main amd64 libflac12 amd64 1.4.2+ds-2 [198 kB]
2026-10-07T20:20:32.0387547Z #9 2.924 Get:79 http://deb.debian.org/debian bookworm/main amd64 libdrm-common all 2.4.114-1 [7112 B]
2026-10-07T20:20:32.0388079Z #9 2.924 Get:80 http://deb.debian.org/debian bookworm/main amd64 libdrm2 amd64 2.4.114-1+b1 [37.5 kB]
2026-10-07T20:20:32.0388673Z #9 2.924 Get:81 http://deb.debian.org/debian bookworm/main amd64 libwayland-server0 amd64 1.21.0-1 [35.9 kB]
2026-10-07T20:20:32.0389291Z #9 2.925 Get:82 http://deb.debian.org/debian bookworm/main amd64 libgbm1 amd64 22.3.6-1+deb12u2 [38.1 kB]
2026-10-07T20:20:32.0389861Z #9 2.925 Get:83 http://deb.debian.org/debian bookworm/main amd64 libgraphite2-3 amd64 1.3.14-1+deb12u1 [74.6 kB]
2026-10-07T20:20:32.0390441Z #9 2.926 Get:84 http://deb.debian.org/debian bookworm/main amd64 libharfbuzz0b amd64 6.0.0+dfsg-3 [1945 kB]
2026-10-07T20:20:32.0391057Z #9 2.933 Get:85 http://deb.debian.org/debian bookworm/main amd64 libharfbuzz-subset0 amd64 6.0.0+dfsg-3 [1931 kB]
2026-10-07T20:20:32.0391639Z #9 2.939 Get:86 http://deb.debian.org/debian bookworm/main amd64 liblcms2-2 amd64 2.14-2+deb12u1 [154 kB]
2026-10-07T20:20:32.0392200Z #9 2.939 Get:87 http://deb.debian.org/debian bookworm/main amd64 libminizip1 amd64 1.1-8+deb12u1 [20.1 kB]
2026-10-07T20:20:32.0393178Z #9 2.940 Get:88 http://deb.debian.org/debian bookworm/main amd64 libnspr4 amd64 2:4.35-1 [113 kB]
2026-10-07T20:20:32.0393780Z #9 2.942 Get:89 http://deb.debian.org/debian bookworm/main amd64 libsqlite3-0 amd64 3.40.1-2+deb12u2 [839 kB]
2026-10-07T20:20:32.0394424Z #9 2.947 Get:90 http://deb.debian.org/debian-security bookworm-security/main amd64 libnss3 amd64 2:3.87.1-1+deb12u4 [1331 kB]
2026-10-07T20:20:32.0395413Z #9 2.959 Get:91 http://deb.debian.org/debian bookworm/main amd64 libopenh264-7 amd64 2.3.1+dfsg-3+deb12u2 [393 kB]
2026-10-07T20:20:32.0396010Z #9 2.971 Get:92 http://deb.debian.org/debian bookworm/main amd64 libopenjp2-7 amd64 2.5.0-2+deb12u3 [189 kB]
2026-10-07T20:20:32.0396565Z #9 2.982 Get:93 http://deb.debian.org/debian bookworm/main amd64 libopus0 amd64 1.3.1-3 [195 kB]
2026-10-07T20:20:32.0397073Z #9 2.991 Get:94 http://deb.debian.org/debian bookworm/main amd64 fontconfig amd64 2.14.1-4 [449 kB]
2026-10-07T20:20:32.1440239Z #9 2.993 Get:95 http://deb.debian.org/debian bookworm/main amd64 libfribidi0 amd64 1.0.8-2.1 [65.0 kB]
2026-10-07T20:20:32.1441137Z #9 3.003 Get:96 http://deb.debian.org/debian bookworm/main amd64 libthai-data all 0.1.29-1 [176 kB]
2026-10-07T20:20:32.1441833Z #9 3.004 Get:97 http://deb.debian.org/debian bookworm/main amd64 libdatrie1 amd64 0.2.13-2+b1 [43.3 kB]
2026-10-07T20:20:32.1442541Z #9 3.005 Get:98 http://deb.debian.org/debian bookworm/main amd64 libthai0 amd64 0.1.29-1 [57.5 kB]
2026-10-07T20:20:32.1443527Z #9 3.005 Get:99 http://deb.debian.org/debian bookworm/main amd64 libpango-1.0-0 amd64 1.50.12+ds-1 [212 kB]
2026-10-07T20:20:32.1444209Z #9 3.006 Get:100 http://deb.debian.org/debian bookworm/main amd64 libasyncns0 amd64 0.8-6+b3 [12.9 kB]
2026-10-07T20:20:32.1444860Z #9 3.014 Get:101 http://deb.debian.org/debian bookworm/main amd64 libmp3lame0 amd64 3.100-6 [365 kB]
2026-10-07T20:20:32.1445756Z #9 3.024 Get:102 http://deb.debian.org/debian bookworm/main amd64 libmpg123-0 amd64 1.31.2-1+deb12u1 [147 kB]
2026-10-07T20:20:32.1446491Z #9 3.025 Get:103 http://deb.debian.org/debian bookworm/main amd64 libvorbis0a amd64 1.3.7-1 [93.0 kB]
2026-10-07T20:20:32.1447211Z #9 3.026 Get:104 http://deb.debian.org/debian bookworm/main amd64 libvorbisenc2 amd64 1.3.7-1 [80.6 kB]
2026-10-07T20:20:32.1448282Z #9 3.026 Get:105 http://deb.debian.org/debian bookworm/main amd64 libsndfile1 amd64 1.2.0-1+deb12u1 [197 kB]
2026-10-07T20:20:32.1449438Z #9 3.027 Get:106 http://deb.debian.org/debian bookworm/main amd64 libx11-xcb1 amd64 2:1.8.4-2+deb12u2 [192 kB]
2026-10-07T20:20:32.1450496Z #9 3.035 Get:107 http://deb.debian.org/debian bookworm/main amd64 libpulse0 amd64 16.1+dfsg1-2+b1 [274 kB]
2026-10-07T20:20:32.1451609Z #9 3.036 Get:108 http://deb.debian.org/debian bookworm/main amd64 libxcomposite1 amd64 1:0.4.5-1 [16.6 kB]
2026-10-07T20:20:32.1452477Z #9 3.037 Get:109 http://deb.debian.org/debian bookworm/main amd64 libxdamage1 amd64 1:1.1.6-1 [15.1 kB]
2026-10-07T20:20:32.1453198Z #9 3.037 Get:110 http://deb.debian.org/debian bookworm/main amd64 libxfixes3 amd64 1:6.0.0-2 [22.7 kB]
2026-10-07T20:20:32.1453854Z #9 3.038 Get:111 http://deb.debian.org/debian bookworm/main amd64 xkb-data all 2.35.1-1 [764 kB]
2026-10-07T20:20:32.1454528Z #9 3.040 Get:112 http://deb.debian.org/debian bookworm/main amd64 libxkbcommon0 amd64 1.5.0-1 [106 kB]
2026-10-07T20:20:32.1455760Z #9 3.041 Get:113 http://deb.debian.org/debian bookworm/main amd64 libxnvctrl0 amd64 525.85.05-3~deb12u1 [13.5 kB]
2026-10-07T20:20:32.1457007Z #9 3.041 Get:114 http://deb.debian.org/debian bookworm/main amd64 libxrandr2 amd64 2:1.5.2-2+b1 [39.2 kB]
2026-10-07T20:20:32.1457789Z #9 3.044 Get:115 http://deb.debian.org/debian bookworm/main amd64 libcairo-gobject2 amd64 1.16.0-7 [112 kB]
2026-10-07T20:20:32.1458526Z #9 3.053 Get:116 http://deb.debian.org/debian bookworm/main amd64 libcolord2 amd64 1.4.6-2.2 [137 kB]
2026-10-07T20:20:32.1459178Z #9 3.054 Get:117 http://deb.debian.org/debian bookworm/main amd64 libepoxy0 amd64 1.5.10-1 [189 kB]
2026-10-07T20:20:32.1460045Z #9 3.055 Get:118 http://deb.debian.org/debian bookworm/main amd64 libpangoft2-1.0-0 amd64 1.50.12+ds-1 [47.4 kB]
2026-10-07T20:20:32.1460773Z #9 3.056 Get:119 http://deb.debian.org/debian bookworm/main amd64 libpangocairo-1.0-0 amd64 1.50.12+ds-1 [34.2 kB]
2026-10-07T20:20:32.1461924Z #9 3.056 Get:120 http://deb.debian.org/debian bookworm/main amd64 libwayland-client0 amd64 1.21.0-1 [28.3 kB]
2026-10-07T20:20:32.1463037Z #9 3.056 Get:121 http://deb.debian.org/debian bookworm/main amd64 libwayland-cursor0 amd64 1.21.0-1 [14.4 kB]
2026-10-07T20:20:32.1463861Z #9 3.057 Get:122 http://deb.debian.org/debian bookworm/main amd64 libwayland-egl1 amd64 1.21.0-1 [8640 B]
2026-10-07T20:20:32.1464551Z #9 3.057 Get:123 http://deb.debian.org/debian bookworm/main amd64 libxcursor1 amd64 1:1.2.1-1 [40.9 kB]
2026-10-07T20:20:32.1465360Z #9 3.057 Get:124 http://deb.debian.org/debian bookworm/main amd64 libxinerama1 amd64 2:1.1.4-3 [17.8 kB]
2026-10-07T20:20:32.1466559Z #9 3.064 Get:125 http://deb.debian.org/debian bookworm/main amd64 dbus-user-session amd64 1.14.10-1~deb12u1 [78.1 kB]
2026-10-07T20:20:32.1467771Z #9 3.070 Get:126 http://deb.debian.org/debian bookworm/main amd64 libdconf1 amd64 0.40.0-4 [40.9 kB]
2026-10-07T20:20:32.1468620Z #9 3.071 Get:127 http://deb.debian.org/debian bookworm/main amd64 dconf-service amd64 0.40.0-4 [31.6 kB]
2026-10-07T20:20:32.1469221Z #9 3.071 Get:128 http://deb.debian.org/debian bookworm/main amd64 dconf-gsettings-backend amd64 0.40.0-4 [27.8 kB]
2026-10-07T20:20:32.1470065Z #9 3.072 Get:129 http://deb.debian.org/debian bookworm/main amd64 libgtk-3-common all 3.24.38-2~deb12u3 [3895 kB]
2026-10-07T20:20:32.1470660Z #9 3.087 Get:130 http://deb.debian.org/debian bookworm/main amd64 libgtk-3-0 amd64 3.24.38-2~deb12u3 [2847 kB]
2026-10-07T20:20:32.1471225Z #9 3.097 Get:131 http://deb.debian.org/debian bookworm/main amd64 libfontenc1 amd64 1:1.1.4-1 [24.3 kB]
2026-10-07T20:20:32.2962139Z #9 3.097 Get:132 http://deb.debian.org/debian bookworm/main amd64 libglvnd0 amd64 1.6.0-1 [51.8 kB]
2026-10-07T20:20:32.2963270Z #9 3.098 Get:133 http://deb.debian.org/debian bookworm/main amd64 libglapi-mesa amd64 22.3.6-1+deb12u2 [35.9 kB]
2026-10-07T20:20:32.2964226Z #9 3.098 Get:134 http://deb.debian.org/debian bookworm/main amd64 libxcb-dri2-0 amd64 1.15-1 [107 kB]
2026-10-07T20:20:32.2965057Z #9 3.098 Get:135 http://deb.debian.org/debian bookworm/main amd64 libxcb-dri3-0 amd64 1.15-1 [107 kB]
2026-10-07T20:20:32.2966075Z #9 3.099 Get:136 http://deb.debian.org/debian bookworm/main amd64 libxcb-glx0 amd64 1.15-1 [122 kB]
2026-10-07T20:20:32.2966961Z #9 3.099 Get:137 http://deb.debian.org/debian bookworm/main amd64 libxcb-present0 amd64 1.15-1 [105 kB]
2026-10-07T20:20:32.2967866Z #9 3.100 Get:138 http://deb.debian.org/debian bookworm/main amd64 libxcb-randr0 amd64 1.15-1 [117 kB]
2026-10-07T20:20:32.2968524Z #9 3.101 Get:139 http://deb.debian.org/debian bookworm/main amd64 libxcb-sync1 amd64 1.15-1 [109 kB]
2026-10-07T20:20:32.2969072Z #9 3.106 Get:140 http://deb.debian.org/debian bookworm/main amd64 libxcb-xfixes0 amd64 1.15-1 [109 kB]
2026-10-07T20:20:32.2969637Z #9 3.115 Get:141 http://deb.debian.org/debian bookworm/main amd64 libxshmfence1 amd64 1.3-1 [8820 B]
2026-10-07T20:20:32.2970188Z #9 3.115 Get:142 http://deb.debian.org/debian bookworm/main amd64 libxxf86vm1 amd64 1:1.1.4-1+b2 [20.8 kB]
2026-10-07T20:20:32.2970758Z #9 3.115 Get:143 http://deb.debian.org/debian bookworm/main amd64 libdrm-amdgpu1 amd64 2.4.114-1+b1 [20.9 kB]
2026-10-07T20:20:32.2971305Z #9 3.116 Get:144 http://deb.debian.org/debian bookworm/main amd64 libpciaccess0 amd64 0.17-2 [51.4 kB]
2026-10-07T20:20:32.2971862Z #9 3.117 Get:145 http://deb.debian.org/debian bookworm/main amd64 libdrm-intel1 amd64 2.4.114-1+b1 [64.0 kB]
2026-10-07T20:20:32.2972428Z #9 3.118 Get:146 http://deb.debian.org/debian bookworm/main amd64 libdrm-nouveau2 amd64 2.4.114-1+b1 [19.1 kB]
2026-10-07T20:20:32.2973002Z #9 3.118 Get:147 http://deb.debian.org/debian bookworm/main amd64 libdrm-radeon1 amd64 2.4.114-1+b1 [21.8 kB]
2026-10-07T20:20:32.2973783Z #9 3.119 Get:148 http://deb.debian.org/debian bookworm/main amd64 libelf1 amd64 0.188-2.1 [174 kB]
2026-10-07T20:20:32.2974335Z #9 3.120 Get:149 http://deb.debian.org/debian bookworm/main amd64 libedit2 amd64 3.1-20221030-2 [93.0 kB]
2026-10-07T20:20:32.2974894Z #9 3.128 Get:150 http://deb.debian.org/debian bookworm/main amd64 libz3-4 amd64 4.8.12-3.1 [7216 kB]
2026-10-07T20:20:32.2975669Z #9 3.158 Get:151 http://deb.debian.org/debian bookworm/main amd64 libllvm15 amd64 1:15.0.6-4+b1 [23.1 MB]
2026-10-07T20:20:32.2976343Z #9 3.249 Get:152 http://deb.debian.org/debian bookworm/main amd64 libsensors-config all 1:3.6.0-7.1 [14.3 kB]
2026-10-07T20:20:32.5140215Z #9 3.249 Get:153 http://deb.debian.org/debian bookworm/main amd64 libsensors5 amd64 1:3.6.0-7.1 [34.2 kB]
2026-10-07T20:20:32.5140906Z #9 3.250 Get:154 http://deb.debian.org/debian bookworm/main amd64 libgl1-mesa-dri amd64 22.3.6-1+deb12u2 [7240 kB]
2026-10-07T20:20:32.5141549Z #9 3.277 Get:155 http://deb.debian.org/debian bookworm/main amd64 libglx-mesa0 amd64 22.3.6-1+deb12u2 [148 kB]
2026-10-07T20:20:32.5142116Z #9 3.278 Get:156 http://deb.debian.org/debian bookworm/main amd64 libglx0 amd64 1.6.0-1 [34.4 kB]
2026-10-07T20:20:32.5142620Z #9 3.278 Get:157 http://deb.debian.org/debian bookworm/main amd64 libgl1 amd64 1.6.0-1 [88.4 kB]
2026-10-07T20:20:32.5143127Z #9 3.278 Get:158 http://deb.debian.org/debian bookworm/main amd64 x11-common all 1:7.7+23 [252 kB]
2026-10-07T20:20:32.5143658Z #9 3.279 Get:159 http://deb.debian.org/debian bookworm/main amd64 libice6 amd64 2:1.0.10-1 [58.5 kB]
2026-10-07T20:20:32.5144531Z #9 3.280 Get:160 http://deb.debian.org/debian bookworm/main amd64 libsm6 amd64 2:1.2.3-1 [35.1 kB]
2026-10-07T20:20:32.5145045Z #9 3.280 Get:161 http://deb.debian.org/debian bookworm/main amd64 libxt6 amd64 1:1.2.1-1.1 [186 kB]
2026-10-07T20:20:32.5145769Z #9 3.281 Get:162 http://deb.debian.org/debian bookworm/main amd64 libxmu6 amd64 2:1.1.3-3 [60.1 kB]
2026-10-07T20:20:32.5146341Z #9 3.281 Get:163 http://deb.debian.org/debian bookworm/main amd64 libxpm4 amd64 1:3.5.12-1.1+deb12u1 [48.6 kB]
2026-10-07T20:20:32.5146896Z #9 3.286 Get:164 http://deb.debian.org/debian bookworm/main amd64 libxaw7 amd64 2:1.0.14-1 [201 kB]
2026-10-07T20:20:32.5147425Z #9 3.295 Get:165 http://deb.debian.org/debian bookworm/main amd64 libxcb-shape0 amd64 1.15-1 [106 kB]
2026-10-07T20:20:32.5147938Z #9 3.296 Get:166 http://deb.debian.org/debian bookworm/main amd64 libxft2 amd64 2.3.6-1 [61.8 kB]
2026-10-07T20:20:32.5148462Z #9 3.296 Get:167 http://deb.debian.org/debian bookworm/main amd64 libxkbfile1 amd64 1:1.1.0-1 [75.2 kB]
2026-10-07T20:20:32.5149002Z #9 3.296 Get:168 http://deb.debian.org/debian bookworm/main amd64 libxmuu1 amd64 2:1.1.3-3 [23.9 kB]
2026-10-07T20:20:32.5149537Z #9 3.297 Get:169 http://deb.debian.org/debian bookworm/main amd64 libxtst6 amd64 2:1.2.3-1.1 [28.0 kB]
2026-10-07T20:20:32.5150057Z #9 3.297 Get:170 http://deb.debian.org/debian bookworm/main amd64 libxv1 amd64 2:1.0.11-1.1 [24.8 kB]
2026-10-07T20:20:32.5150609Z #9 3.297 Get:171 http://deb.debian.org/debian bookworm/main amd64 libxxf86dga1 amd64 2:1.1.5-1 [22.1 kB]
2026-10-07T20:20:32.5151307Z #9 3.306 Get:172 http://deb.debian.org/debian bookworm/main amd64 x11-utils amd64 7.7+5 [202 kB]
2026-10-07T20:20:32.5151837Z #9 3.307 Get:173 http://deb.debian.org/debian bookworm/main amd64 xdg-utils all 1.1.3-4.1 [75.5 kB]
2026-10-07T20:20:32.5152500Z #9 3.316 Get:174 http://deb.debian.org/debian-security bookworm-security/main amd64 chromium-common amd64 154.0.8037.92-1~deb12u1 [30.5 MB]
2026-10-07T20:20:32.5201512Z #9 3.473 Get:175 http://deb.debian.org/debian-security bookworm-security/main amd64 chromium amd64 154.0.8037.92-1~deb12u1 [80.3 MB]
2026-10-07T20:20:33.1835084Z #9 4.136 debconf: delaying package configuration, since apt-utils is not installed
2026-10-07T20:20:33.3883524Z #9 4.156 Fetched 206 MB in 1s (141 MB/s)
2026-10-07T20:20:33.3885015Z #9 4.168 Selecting previously unselected package libssl3:amd64.
2026-10-07T20:20:33.3885546Z #9 4.168 (Reading database ... 
2026-10-07T20:20:33.3885776Z (Reading database ... 5%
2026-10-07T20:20:33.3886273Z (Reading database ... 10%
2026-10-07T20:20:33.3886475Z (Reading database ... 15%
2026-10-07T20:20:33.3886664Z (Reading database ... 20%
2026-10-07T20:20:33.3886854Z (Reading database ... 25%
2026-10-07T20:20:33.3887035Z (Reading database ... 30%
2026-10-07T20:20:33.3887217Z (Reading database ... 35%
2026-10-07T20:20:33.3887395Z (Reading database ... 40%
2026-10-07T20:20:33.3887577Z (Reading database ... 45%
2026-10-07T20:20:33.3887772Z (Reading database ... 50%
2026-10-07T20:20:33.3887957Z (Reading database ... 55%
2026-10-07T20:20:33.3888138Z (Reading database ... 60%
2026-10-07T20:20:33.3888319Z (Reading database ... 65%
2026-10-07T20:20:33.3888501Z (Reading database ... 70%
2026-10-07T20:20:33.3888683Z (Reading database ... 75%
2026-10-07T20:20:33.3888861Z (Reading database ... 80%
2026-10-07T20:20:33.3889049Z (Reading database ... 85%
2026-10-07T20:20:33.3889230Z (Reading database ... 90%
2026-10-07T20:20:33.3889415Z (Reading database ... 95%
2026-10-07T20:20:33.3889622Z (Reading database ... 100%
2026-10-07T20:20:33.3889940Z (Reading database ... 6096 files and directories currently installed.)
2026-10-07T20:20:33.3890367Z #9 4.172 Preparing to unpack .../00-libssl3_3.0.22-1~deb12u1_amd64.deb ...
2026-10-07T20:20:33.3890735Z #9 4.191 Unpacking libssl3:amd64 (3.0.22-1~deb12u1) ...
2026-10-07T20:20:33.3916649Z #9 4.345 Selecting previously unselected package libargon2-1:amd64.
2026-10-07T20:20:33.5303936Z #9 4.346 Preparing to unpack .../01-libargon2-1_0~20171227-0.3+deb12u1_amd64.deb ...
2026-10-07T20:20:33.5304746Z #9 4.346 Unpacking libargon2-1:amd64 (0~20171227-0.3+deb12u1) ...
2026-10-07T20:20:33.5305130Z #9 4.358 Selecting previously unselected package dmsetup.
2026-10-07T20:20:33.5305760Z #9 4.359 Preparing to unpack .../02-dmsetup_2%3a1.02.185-2_amd64.deb ...
2026-10-07T20:20:33.5306105Z #9 4.359 Unpacking dmsetup (2:1.02.185-2) ...
2026-10-07T20:20:33.5306473Z #9 4.483 Selecting previously unselected package libdevmapper1.02.1:amd64.
2026-10-07T20:20:33.6399739Z #9 4.484 Preparing to unpack .../03-libdevmapper1.02.1_2%3a1.02.185-2_amd64.deb ...
2026-10-07T20:20:33.6400239Z #9 4.485 Unpacking libdevmapper1.02.1:amd64 (2:1.02.185-2) ...
2026-10-07T20:20:33.6400639Z #9 4.503 Selecting previously unselected package libjson-c5:amd64.
2026-10-07T20:20:33.6401027Z #9 4.504 Preparing to unpack .../04-libjson-c5_0.16-2_amd64.deb ...
2026-10-07T20:20:33.6401354Z #9 4.505 Unpacking libjson-c5:amd64 (0.16-2) ...
2026-10-07T20:20:33.6401741Z #9 4.517 Selecting previously unselected package libcryptsetup12:amd64.
2026-10-07T20:20:33.6402192Z #9 4.518 Preparing to unpack .../05-libcryptsetup12_2%3a2.6.1-4~deb12u2_amd64.deb ...
2026-10-07T20:20:33.6402603Z #9 4.519 Unpacking libcryptsetup12:amd64 (2:2.6.1-4~deb12u2) ...
2026-10-07T20:20:33.6402979Z #9 4.541 Selecting previously unselected package libfdisk1:amd64.
2026-10-07T20:20:33.6403374Z #9 4.542 Preparing to unpack .../06-libfdisk1_2.38.1-5+deb12u3_amd64.deb ...
2026-10-07T20:20:33.6403728Z #9 4.543 Unpacking libfdisk1:amd64 (2.38.1-5+deb12u3) ...
2026-10-07T20:20:33.6404069Z #9 4.563 Selecting previously unselected package libkmod2:amd64.
2026-10-07T20:20:33.6404469Z #9 4.564 Preparing to unpack .../07-libkmod2_30+20221128-1_amd64.deb ...
2026-10-07T20:20:33.6404903Z #9 4.565 Unpacking libkmod2:amd64 (30+20221128-1) ...
2026-10-07T20:20:33.6405587Z #9 4.579 Selecting previously unselected package libapparmor1:amd64.
2026-10-07T20:20:33.6406259Z #9 4.579 Preparing to unpack .../08-libapparmor1_3.0.8-3_amd64.deb ...
2026-10-07T20:20:33.6406739Z #9 4.580 Unpacking libapparmor1:amd64 (3.0.8-3) ...
2026-10-07T20:20:33.6407240Z #9 4.593 Selecting previously unselected package libip4tc2:amd64.
2026-10-07T20:20:33.7549335Z #9 4.594 Preparing to unpack .../09-libip4tc2_1.8.9-2_amd64.deb ...
2026-10-07T20:20:33.7549959Z #9 4.594 Unpacking libip4tc2:amd64 (1.8.9-2) ...
2026-10-07T20:20:33.7551160Z #9 4.605 Selecting previously unselected package libsystemd-shared:amd64.
2026-10-07T20:20:33.7551972Z #9 4.606 Preparing to unpack .../10-libsystemd-shared_252.39-1~deb12u2_amd64.deb ...
2026-10-07T20:20:33.7552913Z #9 4.607 Unpacking libsystemd-shared:amd64 (252.39-1~deb12u2) ...
2026-10-07T20:20:33.7553422Z #9 4.708 Setting up libssl3:amd64 (3.0.22-1~deb12u1) ...
2026-10-07T20:20:33.9365592Z #9 4.722 Selecting previously unselected package systemd.
2026-10-07T20:20:33.9366089Z #9 4.722 (Reading database ... 
2026-10-07T20:20:33.9366313Z (Reading database ... 5%
2026-10-07T20:20:33.9366527Z (Reading database ... 10%
2026-10-07T20:20:33.9366757Z (Reading database ... 15%
2026-10-07T20:20:33.9366945Z (Reading database ... 20%
2026-10-07T20:20:33.9367128Z (Reading database ... 25%
2026-10-07T20:20:33.9367328Z (Reading database ... 30%
2026-10-07T20:20:33.9367815Z (Reading database ... 35%
2026-10-07T20:20:33.9382817Z (Reading database ... 40%
2026-10-07T20:20:33.9383122Z (Reading database ... 45%
2026-10-07T20:20:33.9383380Z (Reading database ... 50%
2026-10-07T20:20:33.9383630Z (Reading database ... 55%
2026-10-07T20:20:33.9383878Z (Reading database ... 60%
2026-10-07T20:20:33.9384138Z (Reading database ... 65%
2026-10-07T20:20:33.9384409Z (Reading database ... 70%
2026-10-07T20:20:33.9384676Z (Reading database ... 75%
2026-10-07T20:20:33.9384944Z (Reading database ... 80%
2026-10-07T20:20:33.9385368Z (Reading database ... 85%
2026-10-07T20:20:33.9385629Z (Reading database ... 90%
2026-10-07T20:20:33.9385884Z (Reading database ... 95%
2026-10-07T20:20:33.9386156Z (Reading database ... 100%
2026-10-07T20:20:33.9386912Z (Reading database ... 6182 files and directories currently installed.)
2026-10-07T20:20:33.9387521Z #9 4.727 Preparing to unpack .../systemd_252.39-1~deb12u2_amd64.deb ...
2026-10-07T20:20:33.9388001Z #9 4.739 Unpacking systemd (252.39-1~deb12u2) ...
2026-10-07T20:20:33.9642567Z #9 4.917 Setting up libargon2-1:amd64 (0~20171227-0.3+deb12u1) ...
2026-10-07T20:20:34.0680209Z #9 4.919 Setting up libjson-c5:amd64 (0.16-2) ...
2026-10-07T20:20:34.0680718Z #9 4.920 Setting up libfdisk1:amd64 (2.38.1-5+deb12u3) ...
2026-10-07T20:20:34.0681063Z #9 4.922 Setting up libkmod2:amd64 (30+20221128-1) ...
2026-10-07T20:20:34.0681407Z #9 4.923 Setting up libapparmor1:amd64 (3.0.8-3) ...
2026-10-07T20:20:34.0681704Z #9 4.925 Setting up libip4tc2:amd64 (1.8.9-2) ...
2026-10-07T20:20:34.0682062Z #9 4.926 Setting up libsystemd-shared:amd64 (252.39-1~deb12u2) ...
2026-10-07T20:20:34.0682460Z #9 4.928 Setting up libdevmapper1.02.1:amd64 (2:1.02.185-2) ...
2026-10-07T20:20:34.0682828Z #9 4.930 Setting up libcryptsetup12:amd64 (2:2.6.1-4~deb12u2) ...
2026-10-07T20:20:34.0683284Z #9 4.931 Setting up systemd (252.39-1~deb12u2) ...
2026-10-07T20:20:34.0684119Z #9 4.942 Created symlink /etc/systemd/system/getty.target.wants/getty@tty1.service → /lib/systemd/system/getty@.service.
2026-10-07T20:20:34.0684529Z 
2026-10-07T20:20:34.0684984Z #9 4.945 Created symlink /etc/systemd/system/multi-user.target.wants/remote-fs.target → /lib/systemd/system/remote-fs.target.
2026-10-07T20:20:34.0685541Z 
2026-10-07T20:20:34.0686137Z #9 4.950 Created symlink /etc/systemd/system/sysinit.target.wants/systemd-pstore.service → /lib/systemd/system/systemd-pstore.service.
2026-10-07T20:20:34.0686541Z 
2026-10-07T20:20:34.0686701Z #9 4.954 Initializing machine ID from random generator.
2026-10-07T20:20:34.0686877Z 
2026-10-07T20:20:34.0687027Z #9 4.995 Creating group 'systemd-journal' with GID 999.
2026-10-07T20:20:34.0687199Z 
2026-10-07T20:20:34.0687343Z #9 4.996 Creating group 'systemd-network' with GID 998.
2026-10-07T20:20:34.0687500Z 
2026-10-07T20:20:34.0687798Z #9 4.996 Creating user 'systemd-network' (systemd Network Management) with UID 998 and GID 998.
2026-10-07T20:20:34.0688066Z 
2026-10-07T20:20:34.0688207Z #9 5.021 Setting up dmsetup (2:1.02.185-2) ...
2026-10-07T20:20:34.1717008Z #9 5.065 Selecting previously unselected package systemd-sysv.
2026-10-07T20:20:34.1717490Z #9 5.065 (Reading database ... 
2026-10-07T20:20:34.1717804Z (Reading database ... 5%
2026-10-07T20:20:34.1718076Z (Reading database ... 10%
2026-10-07T20:20:34.1718347Z (Reading database ... 15%
2026-10-07T20:20:34.1718603Z (Reading database ... 20%
2026-10-07T20:20:34.1719179Z (Reading database ... 25%
2026-10-07T20:20:34.1719468Z (Reading database ... 30%
2026-10-07T20:20:34.1719729Z (Reading database ... 35%
2026-10-07T20:20:34.1719982Z (Reading database ... 40%
2026-10-07T20:20:34.1720238Z (Reading database ... 45%
2026-10-07T20:20:34.1720495Z (Reading database ... 50%
2026-10-07T20:20:34.1720757Z (Reading database ... 55%
2026-10-07T20:20:34.1721023Z (Reading database ... 60%
2026-10-07T20:20:34.1721305Z (Reading database ... 65%
2026-10-07T20:20:34.1721564Z (Reading database ... 70%
2026-10-07T20:20:34.1721817Z (Reading database ... 75%
2026-10-07T20:20:34.1722081Z (Reading database ... 80%
2026-10-07T20:20:34.1722369Z (Reading database ... 85%
2026-10-07T20:20:34.1722659Z (Reading database ... 90%
2026-10-07T20:20:34.1723137Z (Reading database ... 95%
2026-10-07T20:20:34.1723395Z (Reading database ... 100%
2026-10-07T20:20:34.1724027Z (Reading database ... 7031 files and directories currently installed.)
2026-10-07T20:20:34.1724752Z #9 5.070 Preparing to unpack .../000-systemd-sysv_252.39-1~deb12u2_amd64.deb ...
2026-10-07T20:20:34.1725152Z #9 5.071 Unpacking systemd-sysv (252.39-1~deb12u2) ...
2026-10-07T20:20:34.1725714Z #9 5.084 Selecting previously unselected package libdbus-1-3:amd64.
2026-10-07T20:20:34.1726218Z #9 5.085 Preparing to unpack .../001-libdbus-1-3_1.14.10-1~deb12u1_amd64.deb ...
2026-10-07T20:20:34.1726603Z #9 5.086 Unpacking libdbus-1-3:amd64 (1.14.10-1~deb12u1) ...
2026-10-07T20:20:34.1727170Z #9 5.107 Selecting previously unselected package dbus-bin.
2026-10-07T20:20:34.1727622Z #9 5.108 Preparing to unpack .../002-dbus-bin_1.14.10-1~deb12u1_amd64.deb ...
2026-10-07T20:20:34.1728007Z #9 5.109 Unpacking dbus-bin (1.14.10-1~deb12u1) ...
2026-10-07T20:20:34.1728435Z #9 5.124 Selecting previously unselected package dbus-session-bus-common.
2026-10-07T20:20:34.2834752Z #9 5.126 Preparing to unpack .../003-dbus-session-bus-common_1.14.10-1~deb12u1_all.deb ...
2026-10-07T20:20:34.2835628Z #9 5.126 Unpacking dbus-session-bus-common (1.14.10-1~deb12u1) ...
2026-10-07T20:20:34.2836226Z #9 5.178 Selecting previously unselected package libexpat1:amd64.
2026-10-07T20:20:34.2836801Z #9 5.179 Preparing to unpack .../004-libexpat1_2.5.0-1+deb12u4_amd64.deb ...
2026-10-07T20:20:34.2837319Z #9 5.180 Unpacking libexpat1:amd64 (2.5.0-1+deb12u4) ...
2026-10-07T20:20:34.2837794Z #9 5.197 Selecting previously unselected package dbus-daemon.
2026-10-07T20:20:34.2838352Z #9 5.198 Preparing to unpack .../005-dbus-daemon_1.14.10-1~deb12u1_amd64.deb ...
2026-10-07T20:20:34.2838880Z #9 5.199 Unpacking dbus-daemon (1.14.10-1~deb12u1) ...
2026-10-07T20:20:34.2839390Z #9 5.236 Selecting previously unselected package dbus-system-bus-common.
2026-10-07T20:20:34.4747475Z #9 5.238 Preparing to unpack .../006-dbus-system-bus-common_1.14.10-1~deb12u1_all.deb ...
2026-10-07T20:20:34.4748020Z #9 5.238 Unpacking dbus-system-bus-common (1.14.10-1~deb12u1) ...
2026-10-07T20:20:34.4748389Z #9 5.254 Selecting previously unselected package dbus.
2026-10-07T20:20:34.4748813Z #9 5.255 Preparing to unpack .../007-dbus_1.14.10-1~deb12u1_amd64.deb ...
2026-10-07T20:20:34.4749178Z #9 5.257 Unpacking dbus (1.14.10-1~deb12u1) ...
2026-10-07T20:20:34.4749522Z #9 5.273 Selecting previously unselected package libncursesw6:amd64.
2026-10-07T20:20:34.4749914Z #9 5.274 Preparing to unpack .../008-libncursesw6_6.4-4_amd64.deb ...
2026-10-07T20:20:34.4750242Z #9 5.275 Unpacking libncursesw6:amd64 (6.4-4) ...
2026-10-07T20:20:34.4750617Z #9 5.292 Selecting previously unselected package libproc2-0:amd64.
2026-10-07T20:20:34.4751017Z #9 5.293 Preparing to unpack .../009-libproc2-0_2%3a4.0.2-3_amd64.deb ...
2026-10-07T20:20:34.4751367Z #9 5.294 Unpacking libproc2-0:amd64 (2:4.0.2-3) ...
2026-10-07T20:20:34.4751685Z #9 5.309 Selecting previously unselected package procps.
2026-10-07T20:20:34.4752039Z #9 5.310 Preparing to unpack .../010-procps_2%3a4.0.2-3_amd64.deb ...
2026-10-07T20:20:34.4752361Z #9 5.317 Unpacking procps (2:4.0.2-3) ...
2026-10-07T20:20:34.4752980Z #9 5.428 Selecting previously unselected package libpam-systemd:amd64.
2026-10-07T20:20:34.5943068Z #9 5.429 Preparing to unpack .../011-libpam-systemd_252.39-1~deb12u2_amd64.deb ...
2026-10-07T20:20:34.5943835Z #9 5.430 Unpacking libpam-systemd:amd64 (252.39-1~deb12u2) ...
2026-10-07T20:20:34.5944388Z #9 5.452 Selecting previously unselected package hicolor-icon-theme.
2026-10-07T20:20:34.5944811Z #9 5.453 Preparing to unpack .../012-hicolor-icon-theme_0.17-2_all.deb ...
2026-10-07T20:20:34.5945354Z #9 5.454 Unpacking hicolor-icon-theme (0.17-2) ...
2026-10-07T20:20:34.5945944Z #9 5.514 Selecting previously unselected package libgdk-pixbuf2.0-common.
2026-10-07T20:20:34.5946482Z #9 5.515 Preparing to unpack .../013-libgdk-pixbuf2.0-common_2.42.10+dfsg-1+deb12u4_all.deb ...
2026-10-07T20:20:34.5946966Z #9 5.516 Unpacking libgdk-pixbuf2.0-common (2.42.10+dfsg-1+deb12u4) ...
2026-10-07T20:20:34.5947368Z #9 5.547 Selecting previously unselected package libglib2.0-0:amd64.
2026-10-07T20:20:34.8278328Z #9 5.549 Preparing to unpack .../014-libglib2.0-0_2.74.6-2+deb12u9_amd64.deb ...
2026-10-07T20:20:34.8279332Z #9 5.549 Unpacking libglib2.0-0:amd64 (2.74.6-2+deb12u9) ...
2026-10-07T20:20:34.8280295Z #9 5.628 Selecting previously unselected package libicu72:amd64.
2026-10-07T20:20:34.8281008Z #9 5.630 Preparing to unpack .../015-libicu72_72.1-3+deb12u1_amd64.deb ...
2026-10-07T20:20:34.8281630Z #9 5.630 Unpacking libicu72:amd64 (72.1-3+deb12u1) ...
2026-10-07T20:20:35.0975913Z #9 6.050 Selecting previously unselected package libxml2:amd64.
2026-10-07T20:20:35.1979548Z #9 6.052 Preparing to unpack .../016-libxml2_2.9.14+dfsg-1.3~deb12u6_amd64.deb ...
2026-10-07T20:20:35.1980277Z #9 6.052 Unpacking libxml2:amd64 (2.9.14+dfsg-1.3~deb12u6) ...
2026-10-07T20:20:35.1980692Z #9 6.096 Selecting previously unselected package shared-mime-info.
2026-10-07T20:20:35.1981123Z #9 6.098 Preparing to unpack .../017-shared-mime-info_2.2-1_amd64.deb ...
2026-10-07T20:20:35.1981538Z #9 6.098 Unpacking shared-mime-info (2.2-1) ...
2026-10-07T20:20:35.1981937Z #9 6.150 Selecting previously unselected package libjpeg62-turbo:amd64.
2026-10-07T20:20:35.1982440Z #9 6.151 Preparing to unpack .../018-libjpeg62-turbo_1%3a2.1.5-2_amd64.deb ...
2026-10-07T20:20:35.3111623Z #9 6.152 Unpacking libjpeg62-turbo:amd64 (1:2.1.5-2) ...
2026-10-07T20:20:35.3112082Z #9 6.186 Selecting previously unselected package libpng16-16:amd64.
2026-10-07T20:20:35.3112532Z #9 6.187 Preparing to unpack .../019-libpng16-16_1.6.39-2+deb12u6_amd64.deb ...
2026-10-07T20:20:35.3112955Z #9 6.188 Unpacking libpng16-16:amd64 (1.6.39-2+deb12u6) ...
2026-10-07T20:20:35.3113315Z #9 6.210 Selecting previously unselected package libdeflate0:amd64.
2026-10-07T20:20:35.3113700Z #9 6.211 Preparing to unpack .../020-libdeflate0_1.14-1_amd64.deb ...
2026-10-07T20:20:35.3114025Z #9 6.212 Unpacking libdeflate0:amd64 (1.14-1) ...
2026-10-07T20:20:35.3114355Z #9 6.226 Selecting previously unselected package libjbig0:amd64.
2026-10-07T20:20:35.3114730Z #9 6.228 Preparing to unpack .../021-libjbig0_2.1-6.1_amd64.deb ...
2026-10-07T20:20:35.3115067Z #9 6.228 Unpacking libjbig0:amd64 (2.1-6.1) ...
2026-10-07T20:20:35.3115553Z #9 6.242 Selecting previously unselected package liblerc4:amd64.
2026-10-07T20:20:35.3115934Z #9 6.244 Preparing to unpack .../022-liblerc4_4.0.0+ds-2_amd64.deb ...
2026-10-07T20:20:35.3116288Z #9 6.244 Unpacking liblerc4:amd64 (4.0.0+ds-2) ...
2026-10-07T20:20:35.3116625Z #9 6.264 Selecting previously unselected package libwebp7:amd64.
2026-10-07T20:20:35.4166757Z #9 6.265 Preparing to unpack .../023-libwebp7_1.2.4-0.2+deb12u1_amd64.deb ...
2026-10-07T20:20:35.4167714Z #9 6.266 Unpacking libwebp7:amd64 (1.2.4-0.2+deb12u1) ...
2026-10-07T20:20:35.4168432Z #9 6.291 Selecting previously unselected package libtiff6:amd64.
2026-10-07T20:20:35.4168891Z #9 6.292 Preparing to unpack .../024-libtiff6_4.5.0-6+deb12u4_amd64.deb ...
2026-10-07T20:20:35.4169284Z #9 6.293 Unpacking libtiff6:amd64 (4.5.0-6+deb12u4) ...
2026-10-07T20:20:35.4169674Z #9 6.315 Selecting previously unselected package libgdk-pixbuf-2.0-0:amd64.
2026-10-07T20:20:35.4170610Z #9 6.316 Preparing to unpack .../025-libgdk-pixbuf-2.0-0_2.42.10+dfsg-1+deb12u4_amd64.deb ...
2026-10-07T20:20:35.4171229Z #9 6.317 Unpacking libgdk-pixbuf-2.0-0:amd64 (2.42.10+dfsg-1+deb12u4) ...
2026-10-07T20:20:35.4171786Z #9 6.335 Selecting previously unselected package gtk-update-icon-cache.
2026-10-07T20:20:35.4172429Z #9 6.336 Preparing to unpack .../026-gtk-update-icon-cache_3.24.38-2~deb12u3_amd64.deb ...
2026-10-07T20:20:35.4173058Z #9 6.337 Unpacking gtk-update-icon-cache (3.24.38-2~deb12u3) ...
2026-10-07T20:20:35.4173597Z #9 6.370 Selecting previously unselected package adwaita-icon-theme.
2026-10-07T20:20:35.5690752Z #9 6.371 Preparing to unpack .../027-adwaita-icon-theme_43-1_all.deb ...
2026-10-07T20:20:35.5691709Z #9 6.372 Unpacking adwaita-icon-theme (43-1) ...
2026-10-07T20:20:36.2353213Z #9 7.188 Selecting previously unselected package at-spi2-common.
2026-10-07T20:20:36.3534746Z #9 7.191 Preparing to unpack .../028-at-spi2-common_2.46.0-5_all.deb ...
2026-10-07T20:20:36.3535466Z #9 7.192 Unpacking at-spi2-common (2.46.0-5) ...
2026-10-07T20:20:36.3535986Z #9 7.215 Selecting previously unselected package bubblewrap.
2026-10-07T20:20:36.3536420Z #9 7.218 Preparing to unpack .../029-bubblewrap_0.8.0-2+deb12u1_amd64.deb ...
2026-10-07T20:20:36.3536859Z #9 7.218 Unpacking bubblewrap (0.8.0-2+deb12u1) ...
2026-10-07T20:20:36.3537211Z #9 7.233 Selecting previously unselected package libasound2-data.
2026-10-07T20:20:36.3537925Z #9 7.235 Preparing to unpack .../030-libasound2-data_1.2.8-1_all.deb ...
2026-10-07T20:20:36.3538352Z #9 7.235 Unpacking libasound2-data (1.2.8-1) ...
2026-10-07T20:20:36.3538722Z #9 7.258 Selecting previously unselected package libasound2:amd64.
2026-10-07T20:20:36.3539204Z #9 7.260 Preparing to unpack .../031-libasound2_1.2.8-1+b1_amd64.deb ...
2026-10-07T20:20:36.3539555Z #9 7.261 Unpacking libasound2:amd64 (1.2.8-1+b1) ...
2026-10-07T20:20:36.3540000Z #9 7.306 Selecting previously unselected package libatk1.0-0:amd64.
2026-10-07T20:20:36.4862336Z #9 7.308 Preparing to unpack .../032-libatk1.0-0_2.46.0-5_amd64.deb ...
2026-10-07T20:20:36.4862794Z #9 7.309 Unpacking libatk1.0-0:amd64 (2.46.0-5) ...
2026-10-07T20:20:36.4863169Z #9 7.323 Selecting previously unselected package libxau6:amd64.
2026-10-07T20:20:36.4863577Z #9 7.325 Preparing to unpack .../033-libxau6_1%3a1.0.9-1_amd64.deb ...
2026-10-07T20:20:36.4863916Z #9 7.325 Unpacking libxau6:amd64 (1:1.0.9-1) ...
2026-10-07T20:20:36.4864274Z #9 7.338 Selecting previously unselected package libbsd0:amd64.
2026-10-07T20:20:36.4864641Z #9 7.340 Preparing to unpack .../034-libbsd0_0.11.7-2_amd64.deb ...
2026-10-07T20:20:36.4864952Z #9 7.340 Unpacking libbsd0:amd64 (0.11.7-2) ...
2026-10-07T20:20:36.4865458Z #9 7.357 Selecting previously unselected package libxdmcp6:amd64.
2026-10-07T20:20:36.4865866Z #9 7.359 Preparing to unpack .../035-libxdmcp6_1%3a1.1.2-3_amd64.deb ...
2026-10-07T20:20:36.4866210Z #9 7.360 Unpacking libxdmcp6:amd64 (1:1.1.2-3) ...
2026-10-07T20:20:36.4866545Z #9 7.373 Selecting previously unselected package libxcb1:amd64.
2026-10-07T20:20:36.4866903Z #9 7.374 Preparing to unpack .../036-libxcb1_1.15-1_amd64.deb ...
2026-10-07T20:20:36.4867211Z #9 7.375 Unpacking libxcb1:amd64 (1.15-1) ...
2026-10-07T20:20:36.4867555Z #9 7.390 Selecting previously unselected package libx11-data.
2026-10-07T20:20:36.4867954Z #9 7.391 Preparing to unpack .../037-libx11-data_2%3a1.8.4-2+deb12u2_all.deb ...
2026-10-07T20:20:36.4868319Z #9 7.392 Unpacking libx11-data (2:1.8.4-2+deb12u2) ...
2026-10-07T20:20:36.4868652Z #9 7.439 Selecting previously unselected package libx11-6:amd64.
2026-10-07T20:20:36.6151011Z #9 7.441 Preparing to unpack .../038-libx11-6_2%3a1.8.4-2+deb12u2_amd64.deb ...
2026-10-07T20:20:36.6151691Z #9 7.442 Unpacking libx11-6:amd64 (2:1.8.4-2+deb12u2) ...
2026-10-07T20:20:36.6152273Z #9 7.499 Selecting previously unselected package libxext6:amd64.
2026-10-07T20:20:36.6152915Z #9 7.501 Preparing to unpack .../039-libxext6_2%3a1.3.4-1+b1_amd64.deb ...
2026-10-07T20:20:36.6153759Z #9 7.501 Unpacking libxext6:amd64 (2:1.3.4-1+b1) ...
2026-10-07T20:20:36.6154292Z #9 7.517 Selecting previously unselected package libxi6:amd64.
2026-10-07T20:20:36.6154872Z #9 7.519 Preparing to unpack .../040-libxi6_2%3a1.8-1+b1_amd64.deb ...
2026-10-07T20:20:36.6155529Z #9 7.520 Unpacking libxi6:amd64 (2:1.8-1+b1) ...
2026-10-07T20:20:36.6156073Z #9 7.535 Selecting previously unselected package libatspi2.0-0:amd64.
2026-10-07T20:20:36.6156683Z #9 7.537 Preparing to unpack .../041-libatspi2.0-0_2.46.0-5_amd64.deb ...
2026-10-07T20:20:36.6157236Z #9 7.537 Unpacking libatspi2.0-0:amd64 (2.46.0-5) ...
2026-10-07T20:20:36.6157800Z #9 7.568 Selecting previously unselected package libatk-bridge2.0-0:amd64.
2026-10-07T20:20:36.7216263Z #9 7.570 Preparing to unpack .../042-libatk-bridge2.0-0_2.46.0-5_amd64.deb ...
2026-10-07T20:20:36.7216744Z #9 7.571 Unpacking libatk-bridge2.0-0:amd64 (2.46.0-5) ...
2026-10-07T20:20:36.7217121Z #9 7.586 Selecting previously unselected package libbrotli1:amd64.
2026-10-07T20:20:36.7217554Z #9 7.588 Preparing to unpack .../043-libbrotli1_1.0.9-2+b6_amd64.deb ...
2026-10-07T20:20:36.7217906Z #9 7.588 Unpacking libbrotli1:amd64 (1.0.9-2+b6) ...
2026-10-07T20:20:36.7218252Z #9 7.639 Selecting previously unselected package libfreetype6:amd64.
2026-10-07T20:20:36.7218695Z #9 7.641 Preparing to unpack .../044-libfreetype6_2.12.1+dfsg-5+deb12u4_amd64.deb ...
2026-10-07T20:20:36.7219151Z #9 7.642 Unpacking libfreetype6:amd64 (2.12.1+dfsg-5+deb12u4) ...
2026-10-07T20:20:36.7219794Z #9 7.674 Selecting previously unselected package fonts-dejavu-core.
2026-10-07T20:20:36.8917013Z #9 7.676 Preparing to unpack .../045-fonts-dejavu-core_2.37-6_all.deb ...
2026-10-07T20:20:36.8917682Z #9 7.677 Unpacking fonts-dejavu-core (2.37-6) ...
2026-10-07T20:20:36.8918171Z #9 7.761 Selecting previously unselected package fontconfig-config.
2026-10-07T20:20:36.8918620Z #9 7.762 Preparing to unpack .../046-fontconfig-config_2.14.1-4_amd64.deb ...
2026-10-07T20:20:36.8919002Z #9 7.844 Unpacking fontconfig-config (2.14.1-4) ...
2026-10-07T20:20:37.0047815Z #9 7.869 Selecting previously unselected package libfontconfig1:amd64.
2026-10-07T20:20:37.0048341Z #9 7.871 Preparing to unpack .../047-libfontconfig1_2.14.1-4_amd64.deb ...
2026-10-07T20:20:37.0048735Z #9 7.872 Unpacking libfontconfig1:amd64 (2.14.1-4) ...
2026-10-07T20:20:37.0049099Z #9 7.890 Selecting previously unselected package libpixman-1-0:amd64.
2026-10-07T20:20:37.0049522Z #9 7.892 Preparing to unpack .../048-libpixman-1-0_0.42.2-1_amd64.deb ...
2026-10-07T20:20:37.0049914Z #9 7.893 Unpacking libpixman-1-0:amd64 (0.42.2-1) ...
2026-10-07T20:20:37.0050277Z #9 7.920 Selecting previously unselected package libxcb-render0:amd64.
2026-10-07T20:20:37.0050668Z #9 7.921 Preparing to unpack .../049-libxcb-render0_1.15-1_amd64.deb ...
2026-10-07T20:20:37.0051005Z #9 7.922 Unpacking libxcb-render0:amd64 (1.15-1) ...
2026-10-07T20:20:37.0051355Z #9 7.939 Selecting previously unselected package libxcb-shm0:amd64.
2026-10-07T20:20:37.0051733Z #9 7.941 Preparing to unpack .../050-libxcb-shm0_1.15-1_amd64.deb ...
2026-10-07T20:20:37.0052055Z #9 7.942 Unpacking libxcb-shm0:amd64 (1.15-1) ...
2026-10-07T20:20:37.0052411Z #9 7.958 Selecting previously unselected package libxrender1:amd64.
2026-10-07T20:20:37.1049048Z #9 7.960 Preparing to unpack .../051-libxrender1_1%3a0.9.10-1.1_amd64.deb ...
2026-10-07T20:20:37.1049582Z #9 7.960 Unpacking libxrender1:amd64 (1:0.9.10-1.1) ...
2026-10-07T20:20:37.1049955Z #9 7.973 Selecting previously unselected package libcairo2:amd64.
2026-10-07T20:20:37.1050384Z #9 7.975 Preparing to unpack .../052-libcairo2_1.16.0-7_amd64.deb ...
2026-10-07T20:20:37.1050764Z #9 7.976 Unpacking libcairo2:amd64 (1.16.0-7) ...
2026-10-07T20:20:37.1051165Z #9 8.012 Selecting previously unselected package libavahi-common-data:amd64.
2026-10-07T20:20:37.1051713Z #9 8.014 Preparing to unpack .../053-libavahi-common-data_0.8-10+deb12u1_amd64.deb ...
2026-10-07T20:20:37.1052333Z #9 8.014 Unpacking libavahi-common-data:amd64 (0.8-10+deb12u1) ...
2026-10-07T20:20:37.1054070Z #9 8.040 Selecting previously unselected package libavahi-common3:amd64.
2026-10-07T20:20:37.1054959Z #9 8.042 Preparing to unpack .../054-libavahi-common3_0.8-10+deb12u1_amd64.deb ...
2026-10-07T20:20:37.1055725Z #9 8.042 Unpacking libavahi-common3:amd64 (0.8-10+deb12u1) ...
2026-10-07T20:20:37.1056357Z #9 8.056 Selecting previously unselected package libavahi-client3:amd64.
2026-10-07T20:20:37.1057086Z #9 8.058 Preparing to unpack .../055-libavahi-client3_0.8-10+deb12u1_amd64.deb ...
2026-10-07T20:20:37.2222653Z #9 8.059 Unpacking libavahi-client3:amd64 (0.8-10+deb12u1) ...
2026-10-07T20:20:37.2223692Z #9 8.072 Selecting previously unselected package libkrb5support0:amd64.
2026-10-07T20:20:37.2224565Z #9 8.074 Preparing to unpack .../056-libkrb5support0_1.20.1-2+deb12u5_amd64.deb ...
2026-10-07T20:20:37.2225038Z #9 8.075 Unpacking libkrb5support0:amd64 (1.20.1-2+deb12u5) ...
2026-10-07T20:20:37.2225868Z #9 8.088 Selecting previously unselected package libk5crypto3:amd64.
2026-10-07T20:20:37.2226367Z #9 8.090 Preparing to unpack .../057-libk5crypto3_1.20.1-2+deb12u5_amd64.deb ...
2026-10-07T20:20:37.2226757Z #9 8.091 Unpacking libk5crypto3:amd64 (1.20.1-2+deb12u5) ...
2026-10-07T20:20:37.2227119Z #9 8.106 Selecting previously unselected package libkeyutils1:amd64.
2026-10-07T20:20:37.2227511Z #9 8.108 Preparing to unpack .../058-libkeyutils1_1.6.3-2_amd64.deb ...
2026-10-07T20:20:37.2227877Z #9 8.109 Unpacking libkeyutils1:amd64 (1.6.3-2) ...
2026-10-07T20:20:37.2228484Z #9 8.121 Selecting previously unselected package libkrb5-3:amd64.
2026-10-07T20:20:37.2228889Z #9 8.123 Preparing to unpack .../059-libkrb5-3_1.20.1-2+deb12u5_amd64.deb ...
2026-10-07T20:20:37.2229246Z #9 8.123 Unpacking libkrb5-3:amd64 (1.20.1-2+deb12u5) ...
2026-10-07T20:20:37.2229616Z #9 8.154 Selecting previously unselected package libgssapi-krb5-2:amd64.
2026-10-07T20:20:37.2230048Z #9 8.156 Preparing to unpack .../060-libgssapi-krb5-2_1.20.1-2+deb12u5_amd64.deb ...
2026-10-07T20:20:37.2230442Z #9 8.156 Unpacking libgssapi-krb5-2:amd64 (1.20.1-2+deb12u5) ...
2026-10-07T20:20:37.2230808Z #9 8.175 Selecting previously unselected package libcups2:amd64.
2026-10-07T20:20:37.3231595Z #9 8.177 Preparing to unpack .../061-libcups2_2.4.2-3+deb12u9_amd64.deb ...
2026-10-07T20:20:37.3232142Z #9 8.178 Unpacking libcups2:amd64 (2.4.2-3+deb12u9) ...
2026-10-07T20:20:37.3232516Z #9 8.219 Selecting previously unselected package libdav1d6:amd64.
2026-10-07T20:20:37.3232936Z #9 8.221 Preparing to unpack .../062-libdav1d6_1.0.0-2+deb12u1_amd64.deb ...
2026-10-07T20:20:37.3233339Z #9 8.221 Unpacking libdav1d6:amd64 (1.0.0-2+deb12u1) ...
2026-10-07T20:20:37.3233741Z #9 8.260 Selecting previously unselected package libdouble-conversion3:amd64.
2026-10-07T20:20:37.3234204Z #9 8.262 Preparing to unpack .../063-libdouble-conversion3_3.2.1-1_amd64.deb ...
2026-10-07T20:20:37.3234588Z #9 8.262 Unpacking libdouble-conversion3:amd64 (3.2.1-1) ...
2026-10-07T20:20:37.3234940Z #9 8.276 Selecting previously unselected package libogg0:amd64.
2026-10-07T20:20:37.4250114Z #9 8.278 Preparing to unpack .../064-libogg0_1.3.5-3_amd64.deb ...
2026-10-07T20:20:37.4250746Z #9 8.279 Unpacking libogg0:amd64 (1.3.5-3) ...
2026-10-07T20:20:37.4251111Z #9 8.291 Selecting previously unselected package libflac12:amd64.
2026-10-07T20:20:37.4251524Z #9 8.293 Preparing to unpack .../065-libflac12_1.4.2+ds-2_amd64.deb ...
2026-10-07T20:20:37.4251867Z #9 8.294 Unpacking libflac12:amd64 (1.4.2+ds-2) ...
2026-10-07T20:20:37.4252211Z #9 8.315 Selecting previously unselected package libdrm-common.
2026-10-07T20:20:37.4252619Z #9 8.316 Preparing to unpack .../066-libdrm-common_2.4.114-1_all.deb ...
2026-10-07T20:20:37.4252950Z #9 8.317 Unpacking libdrm-common (2.4.114-1) ...
2026-10-07T20:20:37.4253268Z #9 8.329 Selecting previously unselected package libdrm2:amd64.
2026-10-07T20:20:37.4253626Z #9 8.331 Preparing to unpack .../067-libdrm2_2.4.114-1+b1_amd64.deb ...
2026-10-07T20:20:37.4253944Z #9 8.332 Unpacking libdrm2:amd64 (2.4.114-1+b1) ...
2026-10-07T20:20:37.4254520Z #9 8.345 Selecting previously unselected package libwayland-server0:amd64.
2026-10-07T20:20:37.4254970Z #9 8.347 Preparing to unpack .../068-libwayland-server0_1.21.0-1_amd64.deb ...
2026-10-07T20:20:37.4255669Z #9 8.348 Unpacking libwayland-server0:amd64 (1.21.0-1) ...
2026-10-07T20:20:37.4256182Z #9 8.361 Selecting previously unselected package libgbm1:amd64.
2026-10-07T20:20:37.4256579Z #9 8.363 Preparing to unpack .../069-libgbm1_22.3.6-1+deb12u2_amd64.deb ...
2026-10-07T20:20:37.4256943Z #9 8.364 Unpacking libgbm1:amd64 (22.3.6-1+deb12u2) ...
2026-10-07T20:20:37.4257307Z #9 8.378 Selecting previously unselected package libgraphite2-3:amd64.
2026-10-07T20:20:37.5476766Z #9 8.380 Preparing to unpack .../070-libgraphite2-3_1.3.14-1+deb12u1_amd64.deb ...
2026-10-07T20:20:37.5477519Z #9 8.380 Unpacking libgraphite2-3:amd64 (1.3.14-1+deb12u1) ...
2026-10-07T20:20:37.5478196Z #9 8.413 Selecting previously unselected package libharfbuzz0b:amd64.
2026-10-07T20:20:37.5478844Z #9 8.414 Preparing to unpack .../071-libharfbuzz0b_6.0.0+dfsg-3_amd64.deb ...
2026-10-07T20:20:37.5479267Z #9 8.415 Unpacking libharfbuzz0b:amd64 (6.0.0+dfsg-3) ...
2026-10-07T20:20:37.5479666Z #9 8.458 Selecting previously unselected package libharfbuzz-subset0:amd64.
2026-10-07T20:20:37.5480104Z #9 8.460 Preparing to unpack .../072-libharfbuzz-subset0_6.0.0+dfsg-3_amd64.deb ...
2026-10-07T20:20:37.5480501Z #9 8.460 Unpacking libharfbuzz-subset0:amd64 (6.0.0+dfsg-3) ...
2026-10-07T20:20:37.5480870Z #9 8.500 Selecting previously unselected package liblcms2-2:amd64.
2026-10-07T20:20:37.6597482Z #9 8.502 Preparing to unpack .../073-liblcms2-2_2.14-2+deb12u1_amd64.deb ...
2026-10-07T20:20:37.6598150Z #9 8.503 Unpacking liblcms2-2:amd64 (2.14-2+deb12u1) ...
2026-10-07T20:20:37.6598728Z #9 8.523 Selecting previously unselected package libminizip1:amd64.
2026-10-07T20:20:37.6599383Z #9 8.524 Preparing to unpack .../074-libminizip1_1.1-8+deb12u1_amd64.deb ...
2026-10-07T20:20:37.6599953Z #9 8.525 Unpacking libminizip1:amd64 (1.1-8+deb12u1) ...
2026-10-07T20:20:37.6600521Z #9 8.538 Selecting previously unselected package libnspr4:amd64.
2026-10-07T20:20:37.6601107Z #9 8.540 Preparing to unpack .../075-libnspr4_2%3a4.35-1_amd64.deb ...
2026-10-07T20:20:37.6601621Z #9 8.541 Unpacking libnspr4:amd64 (2:4.35-1) ...
2026-10-07T20:20:37.6602141Z #9 8.558 Selecting previously unselected package libsqlite3-0:amd64.
2026-10-07T20:20:37.6602770Z #9 8.560 Preparing to unpack .../076-libsqlite3-0_3.40.1-2+deb12u2_amd64.deb ...
2026-10-07T20:20:37.6603339Z #9 8.569 Unpacking libsqlite3-0:amd64 (3.40.1-2+deb12u2) ...
2026-10-07T20:20:37.6603840Z #9 8.613 Selecting previously unselected package libnss3:amd64.
2026-10-07T20:20:37.7787265Z #9 8.615 Preparing to unpack .../077-libnss3_2%3a3.87.1-1+deb12u4_amd64.deb ...
2026-10-07T20:20:37.7787776Z #9 8.615 Unpacking libnss3:amd64 (2:3.87.1-1+deb12u4) ...
2026-10-07T20:20:37.7788160Z #9 8.696 Selecting previously unselected package libopenh264-7:amd64.
2026-10-07T20:20:37.7788619Z #9 8.697 Preparing to unpack .../078-libopenh264-7_2.3.1+dfsg-3+deb12u2_amd64.deb ...
2026-10-07T20:20:37.7789061Z #9 8.698 Unpacking libopenh264-7:amd64 (2.3.1+dfsg-3+deb12u2) ...
2026-10-07T20:20:37.7789440Z #9 8.731 Selecting previously unselected package libopenjp2-7:amd64.
2026-10-07T20:20:37.9305995Z #9 8.733 Preparing to unpack .../079-libopenjp2-7_2.5.0-2+deb12u3_amd64.deb ...
2026-10-07T20:20:37.9306686Z #9 8.734 Unpacking libopenjp2-7:amd64 (2.5.0-2+deb12u3) ...
2026-10-07T20:20:37.9307273Z #9 8.755 Selecting previously unselected package libopus0:amd64.
2026-10-07T20:20:37.9307914Z #9 8.757 Preparing to unpack .../080-libopus0_1.3.1-3_amd64.deb ...
2026-10-07T20:20:37.9308411Z #9 8.758 Unpacking libopus0:amd64 (1.3.1-3) ...
2026-10-07T20:20:37.9308898Z #9 8.784 Selecting previously unselected package fontconfig.
2026-10-07T20:20:37.9309494Z #9 8.786 Preparing to unpack .../081-fontconfig_2.14.1-4_amd64.deb ...
2026-10-07T20:20:37.9309992Z #9 8.787 Unpacking fontconfig (2.14.1-4) ...
2026-10-07T20:20:37.9310508Z #9 8.808 Selecting previously unselected package libfribidi0:amd64.
2026-10-07T20:20:37.9311401Z #9 8.810 Preparing to unpack .../082-libfribidi0_1.0.8-2.1_amd64.deb ...
2026-10-07T20:20:37.9311910Z #9 8.811 Unpacking libfribidi0:amd64 (1.0.8-2.1) ...
2026-10-07T20:20:37.9312383Z #9 8.825 Selecting previously unselected package libthai-data.
2026-10-07T20:20:37.9312917Z #9 8.827 Preparing to unpack .../083-libthai-data_0.1.29-1_all.deb ...
2026-10-07T20:20:37.9313361Z #9 8.827 Unpacking libthai-data (0.1.29-1) ...
2026-10-07T20:20:37.9313840Z #9 8.883 Selecting previously unselected package libdatrie1:amd64.
2026-10-07T20:20:38.0494437Z #9 8.886 Preparing to unpack .../084-libdatrie1_0.2.13-2+b1_amd64.deb ...
2026-10-07T20:20:38.0494876Z #9 8.886 Unpacking libdatrie1:amd64 (0.2.13-2+b1) ...
2026-10-07T20:20:38.0495681Z #9 8.900 Selecting previously unselected package libthai0:amd64.
2026-10-07T20:20:38.0496364Z #9 8.902 Preparing to unpack .../085-libthai0_0.1.29-1_amd64.deb ...
2026-10-07T20:20:38.0496888Z #9 8.903 Unpacking libthai0:amd64 (0.1.29-1) ...
2026-10-07T20:20:38.0497515Z #9 8.917 Selecting previously unselected package libpango-1.0-0:amd64.
2026-10-07T20:20:38.0498079Z #9 8.919 Preparing to unpack .../086-libpango-1.0-0_1.50.12+ds-1_amd64.deb ...
2026-10-07T20:20:38.0498469Z #9 8.920 Unpacking libpango-1.0-0:amd64 (1.50.12+ds-1) ...
2026-10-07T20:20:38.0498835Z #9 8.943 Selecting previously unselected package libasyncns0:amd64.
2026-10-07T20:20:38.0499226Z #9 8.945 Preparing to unpack .../087-libasyncns0_0.8-6+b3_amd64.deb ...
2026-10-07T20:20:38.0499812Z #9 8.963 Unpacking libasyncns0:amd64 (0.8-6+b3) ...
2026-10-07T20:20:38.0500155Z #9 8.975 Selecting previously unselected package libmp3lame0:amd64.
2026-10-07T20:20:38.0500535Z #9 8.977 Preparing to unpack .../088-libmp3lame0_3.100-6_amd64.deb ...
2026-10-07T20:20:38.0500861Z #9 8.978 Unpacking libmp3lame0:amd64 (3.100-6) ...
2026-10-07T20:20:38.0501204Z #9 9.002 Selecting previously unselected package libmpg123-0:amd64.
2026-10-07T20:20:38.1550789Z #9 9.004 Preparing to unpack .../089-libmpg123-0_1.31.2-1+deb12u1_amd64.deb ...
2026-10-07T20:20:38.1551517Z #9 9.005 Unpacking libmpg123-0:amd64 (1.31.2-1+deb12u1) ...
2026-10-07T20:20:38.1552144Z #9 9.045 Selecting previously unselected package libvorbis0a:amd64.
2026-10-07T20:20:38.1552773Z #9 9.046 Preparing to unpack .../090-libvorbis0a_1.3.7-1_amd64.deb ...
2026-10-07T20:20:38.1553308Z #9 9.047 Unpacking libvorbis0a:amd64 (1.3.7-1) ...
2026-10-07T20:20:38.1553853Z #9 9.064 Selecting previously unselected package libvorbisenc2:amd64.
2026-10-07T20:20:38.1554508Z #9 9.066 Preparing to unpack .../091-libvorbisenc2_1.3.7-1_amd64.deb ...
2026-10-07T20:20:38.1555040Z #9 9.066 Unpacking libvorbisenc2:amd64 (1.3.7-1) ...
2026-10-07T20:20:38.1555749Z #9 9.084 Selecting previously unselected package libsndfile1:amd64.
2026-10-07T20:20:38.1556386Z #9 9.085 Preparing to unpack .../092-libsndfile1_1.2.0-1+deb12u1_amd64.deb ...
2026-10-07T20:20:38.1556952Z #9 9.086 Unpacking libsndfile1:amd64 (1.2.0-1+deb12u1) ...
2026-10-07T20:20:38.1557483Z #9 9.108 Selecting previously unselected package libx11-xcb1:amd64.
2026-10-07T20:20:38.2554240Z #9 9.110 Preparing to unpack .../093-libx11-xcb1_2%3a1.8.4-2+deb12u2_amd64.deb ...
2026-10-07T20:20:38.2555158Z #9 9.111 Unpacking libx11-xcb1:amd64 (2:1.8.4-2+deb12u2) ...
2026-10-07T20:20:38.2556069Z #9 9.128 Selecting previously unselected package libpulse0:amd64.
2026-10-07T20:20:38.2556852Z #9 9.130 Preparing to unpack .../094-libpulse0_16.1+dfsg1-2+b1_amd64.deb ...
2026-10-07T20:20:38.2557480Z #9 9.134 Unpacking libpulse0:amd64 (16.1+dfsg1-2+b1) ...
2026-10-07T20:20:38.2558001Z #9 9.162 Selecting previously unselected package libxcomposite1:amd64.
2026-10-07T20:20:38.2558549Z #9 9.164 Preparing to unpack .../095-libxcomposite1_1%3a0.4.5-1_amd64.deb ...
2026-10-07T20:20:38.2559019Z #9 9.165 Unpacking libxcomposite1:amd64 (1:0.4.5-1) ...
2026-10-07T20:20:38.2559462Z #9 9.178 Selecting previously unselected package libxdamage1:amd64.
2026-10-07T20:20:38.2559996Z #9 9.180 Preparing to unpack .../096-libxdamage1_1%3a1.1.6-1_amd64.deb ...
2026-10-07T20:20:38.2560553Z #9 9.180 Unpacking libxdamage1:amd64 (1:1.1.6-1) ...
2026-10-07T20:20:38.2560899Z #9 9.192 Selecting previously unselected package libxfixes3:amd64.
2026-10-07T20:20:38.2561450Z #9 9.194 Preparing to unpack .../097-libxfixes3_1%3a6.0.0-2_amd64.deb ...
2026-10-07T20:20:38.2562033Z #9 9.195 Unpacking libxfixes3:amd64 (1:6.0.0-2) ...
2026-10-07T20:20:38.2562552Z #9 9.207 Selecting previously unselected package xkb-data.
2026-10-07T20:20:38.2563169Z #9 9.208 Preparing to unpack .../098-xkb-data_2.35.1-1_all.deb ...
2026-10-07T20:20:38.3607157Z #9 9.209 Unpacking xkb-data (2.35.1-1) ...
2026-10-07T20:20:38.3607811Z #9 9.278 Selecting previously unselected package libxkbcommon0:amd64.
2026-10-07T20:20:38.3608486Z #9 9.280 Preparing to unpack .../099-libxkbcommon0_1.5.0-1_amd64.deb ...
2026-10-07T20:20:38.3609041Z #9 9.281 Unpacking libxkbcommon0:amd64 (1.5.0-1) ...
2026-10-07T20:20:38.3609609Z #9 9.298 Selecting previously unselected package libxnvctrl0:amd64.
2026-10-07T20:20:38.3610310Z #9 9.300 Preparing to unpack .../100-libxnvctrl0_525.85.05-3~deb12u1_amd64.deb ...
2026-10-07T20:20:38.3610933Z #9 9.301 Unpacking libxnvctrl0:amd64 (525.85.05-3~deb12u1) ...
2026-10-07T20:20:38.3611504Z #9 9.314 Selecting previously unselected package libxrandr2:amd64.
2026-10-07T20:20:38.4619540Z #9 9.316 Preparing to unpack .../101-libxrandr2_2%3a1.5.2-2+b1_amd64.deb ...
2026-10-07T20:20:38.4620124Z #9 9.317 Unpacking libxrandr2:amd64 (2:1.5.2-2+b1) ...
2026-10-07T20:20:38.4620921Z #9 9.345 Selecting previously unselected package libcairo-gobject2:amd64.
2026-10-07T20:20:38.4621466Z #9 9.347 Preparing to unpack .../102-libcairo-gobject2_1.16.0-7_amd64.deb ...
2026-10-07T20:20:38.4621877Z #9 9.347 Unpacking libcairo-gobject2:amd64 (1.16.0-7) ...
2026-10-07T20:20:38.4622255Z #9 9.365 Selecting previously unselected package libcolord2:amd64.
2026-10-07T20:20:38.4622908Z #9 9.367 Preparing to unpack .../103-libcolord2_1.4.6-2.2_amd64.deb ...
2026-10-07T20:20:38.4623484Z #9 9.368 Unpacking libcolord2:amd64 (1.4.6-2.2) ...
2026-10-07T20:20:38.4624024Z #9 9.388 Selecting previously unselected package libepoxy0:amd64.
2026-10-07T20:20:38.4624574Z #9 9.390 Preparing to unpack .../104-libepoxy0_1.5.10-1_amd64.deb ...
2026-10-07T20:20:38.4625099Z #9 9.390 Unpacking libepoxy0:amd64 (1.5.10-1) ...
2026-10-07T20:20:38.4625926Z #9 9.413 Selecting previously unselected package libpangoft2-1.0-0:amd64.
2026-10-07T20:20:38.4626561Z #9 9.415 Preparing to unpack .../105-libpangoft2-1.0-0_1.50.12+ds-1_amd64.deb ...
2026-10-07T20:20:38.5780264Z #9 9.416 Unpacking libpangoft2-1.0-0:amd64 (1.50.12+ds-1) ...
2026-10-07T20:20:38.5781017Z #9 9.430 Selecting previously unselected package libpangocairo-1.0-0:amd64.
2026-10-07T20:20:38.5781694Z #9 9.432 Preparing to unpack .../106-libpangocairo-1.0-0_1.50.12+ds-1_amd64.deb ...
2026-10-07T20:20:38.5782105Z #9 9.433 Unpacking libpangocairo-1.0-0:amd64 (1.50.12+ds-1) ...
2026-10-07T20:20:38.5782513Z #9 9.447 Selecting previously unselected package libwayland-client0:amd64.
2026-10-07T20:20:38.5782992Z #9 9.449 Preparing to unpack .../107-libwayland-client0_1.21.0-1_amd64.deb ...
2026-10-07T20:20:38.5783405Z #9 9.449 Unpacking libwayland-client0:amd64 (1.21.0-1) ...
2026-10-07T20:20:38.5783790Z #9 9.463 Selecting previously unselected package libwayland-cursor0:amd64.
2026-10-07T20:20:38.5784216Z #9 9.465 Preparing to unpack .../108-libwayland-cursor0_1.21.0-1_amd64.deb ...
2026-10-07T20:20:38.5784620Z #9 9.465 Unpacking libwayland-cursor0:amd64 (1.21.0-1) ...
2026-10-07T20:20:38.5785006Z #9 9.487 Selecting previously unselected package libwayland-egl1:amd64.
2026-10-07T20:20:38.5785617Z #9 9.489 Preparing to unpack .../109-libwayland-egl1_1.21.0-1_amd64.deb ...
2026-10-07T20:20:38.5785989Z #9 9.490 Unpacking libwayland-egl1:amd64 (1.21.0-1) ...
2026-10-07T20:20:38.5786338Z #9 9.502 Selecting previously unselected package libxcursor1:amd64.
2026-10-07T20:20:38.5786727Z #9 9.504 Preparing to unpack .../110-libxcursor1_1%3a1.2.1-1_amd64.deb ...
2026-10-07T20:20:38.5787070Z #9 9.504 Unpacking libxcursor1:amd64 (1:1.2.1-1) ...
2026-10-07T20:20:38.5787697Z #9 9.531 Selecting previously unselected package libxinerama1:amd64.
2026-10-07T20:20:38.8126310Z #9 9.533 Preparing to unpack .../111-libxinerama1_2%3a1.1.4-3_amd64.deb ...
2026-10-07T20:20:38.8126779Z #9 9.534 Unpacking libxinerama1:amd64 (2:1.1.4-3) ...
2026-10-07T20:20:38.8127148Z #9 9.546 Selecting previously unselected package dbus-user-session.
2026-10-07T20:20:38.8127593Z #9 9.548 Preparing to unpack .../112-dbus-user-session_1.14.10-1~deb12u1_amd64.deb ...
2026-10-07T20:20:38.8128059Z #9 9.549 Unpacking dbus-user-session (1.14.10-1~deb12u1) ...
2026-10-07T20:20:38.8128428Z #9 9.564 Selecting previously unselected package libdconf1:amd64.
2026-10-07T20:20:38.8128809Z #9 9.566 Preparing to unpack .../113-libdconf1_0.40.0-4_amd64.deb ...
2026-10-07T20:20:38.8129135Z #9 9.567 Unpacking libdconf1:amd64 (0.40.0-4) ...
2026-10-07T20:20:38.8129464Z #9 9.580 Selecting previously unselected package dconf-service.
2026-10-07T20:20:38.8129859Z #9 9.582 Preparing to unpack .../114-dconf-service_0.40.0-4_amd64.deb ...
2026-10-07T20:20:38.8130188Z #9 9.582 Unpacking dconf-service (0.40.0-4) ...
2026-10-07T20:20:38.8130559Z #9 9.595 Selecting previously unselected package dconf-gsettings-backend:amd64.
2026-10-07T20:20:38.8131010Z #9 9.597 Preparing to unpack .../115-dconf-gsettings-backend_0.40.0-4_amd64.deb ...
2026-10-07T20:20:38.8131430Z #9 9.598 Unpacking dconf-gsettings-backend:amd64 (0.40.0-4) ...
2026-10-07T20:20:38.8132519Z #9 9.613 Selecting previously unselected package libgtk-3-common.
2026-10-07T20:20:38.8133204Z #9 9.614 Preparing to unpack .../116-libgtk-3-common_3.24.38-2~deb12u3_all.deb ...
2026-10-07T20:20:38.8133823Z #9 9.615 Unpacking libgtk-3-common (3.24.38-2~deb12u3) ...
2026-10-07T20:20:38.8760925Z #9 9.829 Selecting previously unselected package libgtk-3-0:amd64.
2026-10-07T20:20:39.0290592Z #9 9.831 Preparing to unpack .../117-libgtk-3-0_3.24.38-2~deb12u3_amd64.deb ...
2026-10-07T20:20:39.0291042Z #9 9.832 Unpacking libgtk-3-0:amd64 (3.24.38-2~deb12u3) ...
2026-10-07T20:20:39.0367247Z #9 9.990 Selecting previously unselected package libfontenc1:amd64.
2026-10-07T20:20:39.1380759Z #9 9.992 Preparing to unpack .../118-libfontenc1_1%3a1.1.4-1_amd64.deb ...
2026-10-07T20:20:39.1381427Z #9 9.992 Unpacking libfontenc1:amd64 (1:1.1.4-1) ...
2026-10-07T20:20:39.1381879Z #9 10.01 Selecting previously unselected package libglvnd0:amd64.
2026-10-07T20:20:39.1382315Z #9 10.01 Preparing to unpack .../119-libglvnd0_1.6.0-1_amd64.deb ...
2026-10-07T20:20:39.1382760Z #9 10.01 Unpacking libglvnd0:amd64 (1.6.0-1) ...
2026-10-07T20:20:39.1383115Z #9 10.03 Selecting previously unselected package libglapi-mesa:amd64.
2026-10-07T20:20:39.1383534Z #9 10.04 Preparing to unpack .../120-libglapi-mesa_22.3.6-1+deb12u2_amd64.deb ...
2026-10-07T20:20:39.1383924Z #9 10.04 Unpacking libglapi-mesa:amd64 (22.3.6-1+deb12u2) ...
2026-10-07T20:20:39.1384289Z #9 10.05 Selecting previously unselected package libxcb-dri2-0:amd64.
2026-10-07T20:20:39.1384682Z #9 10.05 Preparing to unpack .../121-libxcb-dri2-0_1.15-1_amd64.deb ...
2026-10-07T20:20:39.1385006Z #9 10.05 Unpacking libxcb-dri2-0:amd64 (1.15-1) ...
2026-10-07T20:20:39.1385587Z #9 10.09 Selecting previously unselected package libxcb-dri3-0:amd64.
2026-10-07T20:20:39.1386030Z #9 10.09 Preparing to unpack .../122-libxcb-dri3-0_1.15-1_amd64.deb ...
2026-10-07T20:20:39.2383067Z #9 10.09 Unpacking libxcb-dri3-0:amd64 (1.15-1) ...
2026-10-07T20:20:39.2383960Z #9 10.11 Selecting previously unselected package libxcb-glx0:amd64.
2026-10-07T20:20:39.2384701Z #9 10.11 Preparing to unpack .../123-libxcb-glx0_1.15-1_amd64.deb ...
2026-10-07T20:20:39.2385098Z #9 10.11 Unpacking libxcb-glx0:amd64 (1.15-1) ...
2026-10-07T20:20:39.2385766Z #9 10.13 Selecting previously unselected package libxcb-present0:amd64.
2026-10-07T20:20:39.2386196Z #9 10.13 Preparing to unpack .../124-libxcb-present0_1.15-1_amd64.deb ...
2026-10-07T20:20:39.2386559Z #9 10.13 Unpacking libxcb-present0:amd64 (1.15-1) ...
2026-10-07T20:20:39.2815844Z #9 10.15 Selecting previously unselected package libxcb-randr0:amd64.
2026-10-07T20:20:39.2816638Z #9 10.15 Preparing to unpack .../125-libxcb-randr0_1.15-1_amd64.deb ...
2026-10-07T20:20:39.2817112Z #9 10.15 Unpacking libxcb-randr0:amd64 (1.15-1) ...
2026-10-07T20:20:39.2817613Z #9 10.17 Selecting previously unselected package libxcb-sync1:amd64.
2026-10-07T20:20:39.2818240Z #9 10.17 Preparing to unpack .../126-libxcb-sync1_1.15-1_amd64.deb ...
2026-10-07T20:20:39.2818673Z #9 10.17 Unpacking libxcb-sync1:amd64 (1.15-1) ...
2026-10-07T20:20:39.2819266Z #9 10.19 Selecting previously unselected package libxcb-xfixes0:amd64.
2026-10-07T20:20:39.2819900Z #9 10.19 Preparing to unpack .../127-libxcb-xfixes0_1.15-1_amd64.deb ...
2026-10-07T20:20:39.3476617Z #9 10.24 Unpacking libxcb-xfixes0:amd64 (1.15-1) ...
2026-10-07T20:20:39.3477325Z #9 10.27 Selecting previously unselected package libxshmfence1:amd64.
2026-10-07T20:20:39.3477805Z #9 10.27 Preparing to unpack .../128-libxshmfence1_1.3-1_amd64.deb ...
2026-10-07T20:20:39.3478195Z #9 10.27 Unpacking libxshmfence1:amd64 (1.3-1) ...
2026-10-07T20:20:39.3478556Z #9 10.29 Selecting previously unselected package libxxf86vm1:amd64.
2026-10-07T20:20:39.3478967Z #9 10.29 Preparing to unpack .../129-libxxf86vm1_1%3a1.1.4-1+b2_amd64.deb ...
2026-10-07T20:20:39.3479337Z #9 10.29 Unpacking libxxf86vm1:amd64 (1:1.1.4-1+b2) ...
2026-10-07T20:20:39.3479703Z #9 10.30 Selecting previously unselected package libdrm-amdgpu1:amd64.
2026-10-07T20:20:39.4556931Z #9 10.30 Preparing to unpack .../130-libdrm-amdgpu1_2.4.114-1+b1_amd64.deb ...
2026-10-07T20:20:39.4557412Z #9 10.30 Unpacking libdrm-amdgpu1:amd64 (2.4.114-1+b1) ...
2026-10-07T20:20:39.4557806Z #9 10.32 Selecting previously unselected package libpciaccess0:amd64.
2026-10-07T20:20:39.4558236Z #9 10.32 Preparing to unpack .../131-libpciaccess0_0.17-2_amd64.deb ...
2026-10-07T20:20:39.4558610Z #9 10.32 Unpacking libpciaccess0:amd64 (0.17-2) ...
2026-10-07T20:20:39.4558958Z #9 10.33 Selecting previously unselected package libdrm-intel1:amd64.
2026-10-07T20:20:39.4559398Z #9 10.34 Preparing to unpack .../132-libdrm-intel1_2.4.114-1+b1_amd64.deb ...
2026-10-07T20:20:39.4559766Z #9 10.34 Unpacking libdrm-intel1:amd64 (2.4.114-1+b1) ...
2026-10-07T20:20:39.4560133Z #9 10.35 Selecting previously unselected package libdrm-nouveau2:amd64.
2026-10-07T20:20:39.4560550Z #9 10.35 Preparing to unpack .../133-libdrm-nouveau2_2.4.114-1+b1_amd64.deb ...
2026-10-07T20:20:39.4560924Z #9 10.35 Unpacking libdrm-nouveau2:amd64 (2.4.114-1+b1) ...
2026-10-07T20:20:39.4561309Z #9 10.37 Selecting previously unselected package libdrm-radeon1:amd64.
2026-10-07T20:20:39.4561709Z #9 10.37 Preparing to unpack .../134-libdrm-radeon1_2.4.114-1+b1_amd64.deb ...
2026-10-07T20:20:39.4562065Z #9 10.37 Unpacking libdrm-radeon1:amd64 (2.4.114-1+b1) ...
2026-10-07T20:20:39.4562398Z #9 10.38 Selecting previously unselected package libelf1:amd64.
2026-10-07T20:20:39.4562754Z #9 10.39 Preparing to unpack .../135-libelf1_0.188-2.1_amd64.deb ...
2026-10-07T20:20:39.4563072Z #9 10.39 Unpacking libelf1:amd64 (0.188-2.1) ...
2026-10-07T20:20:39.4563405Z #9 10.41 Selecting previously unselected package libedit2:amd64.
2026-10-07T20:20:39.6317390Z #9 10.41 Preparing to unpack .../136-libedit2_3.1-20221030-2_amd64.deb ...
2026-10-07T20:20:39.6318054Z #9 10.41 Unpacking libedit2:amd64 (3.1-20221030-2) ...
2026-10-07T20:20:39.6318649Z #9 10.43 Selecting previously unselected package libz3-4:amd64.
2026-10-07T20:20:39.6319288Z #9 10.43 Preparing to unpack .../137-libz3-4_4.8.12-3.1_amd64.deb ...
2026-10-07T20:20:39.6319968Z #9 10.43 Unpacking libz3-4:amd64 (4.8.12-3.1) ...
2026-10-07T20:20:39.8746799Z #9 10.83 Selecting previously unselected package libllvm15:amd64.
2026-10-07T20:20:40.0277997Z #9 10.83 Preparing to unpack .../138-libllvm15_1%3a15.0.6-4+b1_amd64.deb ...
2026-10-07T20:20:40.5205448Z #9 10.83 Unpacking libllvm15:amd64 (1:15.0.6-4+b1) ...
2026-10-07T20:20:40.5205891Z #9 11.47 Selecting previously unselected package libsensors-config.
2026-10-07T20:20:40.6274747Z #9 11.48 Preparing to unpack .../139-libsensors-config_1%3a3.6.0-7.1_all.deb ...
2026-10-07T20:20:40.6275556Z #9 11.48 Unpacking libsensors-config (1:3.6.0-7.1) ...
2026-10-07T20:20:40.6276147Z #9 11.56 Selecting previously unselected package libsensors5:amd64.
2026-10-07T20:20:40.6276804Z #9 11.56 Preparing to unpack .../140-libsensors5_1%3a3.6.0-7.1_amd64.deb ...
2026-10-07T20:20:40.6277383Z #9 11.57 Unpacking libsensors5:amd64 (1:3.6.0-7.1) ...
2026-10-07T20:20:40.6277949Z #9 11.58 Selecting previously unselected package libgl1-mesa-dri:amd64.
2026-10-07T20:20:40.7843621Z #9 11.58 Preparing to unpack .../141-libgl1-mesa-dri_22.3.6-1+deb12u2_amd64.deb ...
2026-10-07T20:20:40.7844105Z #9 11.59 Unpacking libgl1-mesa-dri:amd64 (22.3.6-1+deb12u2) ...
2026-10-07T20:20:40.9953957Z #9 11.95 Selecting previously unselected package libglx-mesa0:amd64.
2026-10-07T20:20:41.1095503Z #9 11.95 Preparing to unpack .../142-libglx-mesa0_22.3.6-1+deb12u2_amd64.deb ...
2026-10-07T20:20:41.1096206Z #9 11.95 Unpacking libglx-mesa0:amd64 (22.3.6-1+deb12u2) ...
2026-10-07T20:20:41.1096823Z #9 11.97 Selecting previously unselected package libglx0:amd64.
2026-10-07T20:20:41.1097416Z #9 11.97 Preparing to unpack .../143-libglx0_1.6.0-1_amd64.deb ...
2026-10-07T20:20:41.1097911Z #9 11.97 Unpacking libglx0:amd64 (1.6.0-1) ...
2026-10-07T20:20:41.1098427Z #9 11.99 Selecting previously unselected package libgl1:amd64.
2026-10-07T20:20:41.1098991Z #9 11.99 Preparing to unpack .../144-libgl1_1.6.0-1_amd64.deb ...
2026-10-07T20:20:41.1099761Z #9 11.99 Unpacking libgl1:amd64 (1.6.0-1) ...
2026-10-07T20:20:41.1100244Z #9 12.01 Selecting previously unselected package x11-common.
2026-10-07T20:20:41.1100810Z #9 12.01 Preparing to unpack .../145-x11-common_1%3a7.7+23_all.deb ...
2026-10-07T20:20:41.1101310Z #9 12.01 Unpacking x11-common (1:7.7+23) ...
2026-10-07T20:20:41.1101809Z #9 12.03 Selecting previously unselected package libice6:amd64.
2026-10-07T20:20:41.1102384Z #9 12.03 Preparing to unpack .../146-libice6_2%3a1.0.10-1_amd64.deb ...
2026-10-07T20:20:41.1102880Z #9 12.03 Unpacking libice6:amd64 (2:1.0.10-1) ...
2026-10-07T20:20:41.1103366Z #9 12.05 Selecting previously unselected package libsm6:amd64.
2026-10-07T20:20:41.1103903Z #9 12.05 Preparing to unpack .../147-libsm6_2%3a1.2.3-1_amd64.deb ...
2026-10-07T20:20:41.1104384Z #9 12.05 Unpacking libsm6:amd64 (2:1.2.3-1) ...
2026-10-07T20:20:41.1104841Z #9 12.06 Selecting previously unselected package libxt6:amd64.
2026-10-07T20:20:41.2112510Z #9 12.06 Preparing to unpack .../148-libxt6_1%3a1.2.1-1.1_amd64.deb ...
2026-10-07T20:20:41.2113380Z #9 12.07 Unpacking libxt6:amd64 (1:1.2.1-1.1) ...
2026-10-07T20:20:41.2114230Z #9 12.09 Selecting previously unselected package libxmu6:amd64.
2026-10-07T20:20:41.2114680Z #9 12.09 Preparing to unpack .../149-libxmu6_2%3a1.1.3-3_amd64.deb ...
2026-10-07T20:20:41.2115062Z #9 12.09 Unpacking libxmu6:amd64 (2:1.1.3-3) ...
2026-10-07T20:20:41.2116071Z #9 12.10 Selecting previously unselected package libxpm4:amd64.
2026-10-07T20:20:41.2116491Z #9 12.11 Preparing to unpack .../150-libxpm4_1%3a3.5.12-1.1+deb12u1_amd64.deb ...
2026-10-07T20:20:41.2116894Z #9 12.11 Unpacking libxpm4:amd64 (1:3.5.12-1.1+deb12u1) ...
2026-10-07T20:20:41.2117231Z #9 12.14 Selecting previously unselected package libxaw7:amd64.
2026-10-07T20:20:41.2117601Z #9 12.14 Preparing to unpack .../151-libxaw7_2%3a1.0.14-1_amd64.deb ...
2026-10-07T20:20:41.2117932Z #9 12.14 Unpacking libxaw7:amd64 (2:1.0.14-1) ...
2026-10-07T20:20:41.2118272Z #9 12.16 Selecting previously unselected package libxcb-shape0:amd64.
2026-10-07T20:20:41.3143925Z #9 12.17 Preparing to unpack .../152-libxcb-shape0_1.15-1_amd64.deb ...
2026-10-07T20:20:41.3144671Z #9 12.17 Unpacking libxcb-shape0:amd64 (1.15-1) ...
2026-10-07T20:20:41.3145564Z #9 12.18 Selecting previously unselected package libxft2:amd64.
2026-10-07T20:20:41.3146195Z #9 12.19 Preparing to unpack .../153-libxft2_2.3.6-1_amd64.deb ...
2026-10-07T20:20:41.3146623Z #9 12.19 Unpacking libxft2:amd64 (2.3.6-1) ...
2026-10-07T20:20:41.3146970Z #9 12.20 Selecting previously unselected package libxkbfile1:amd64.
2026-10-07T20:20:41.3147613Z #9 12.20 Preparing to unpack .../154-libxkbfile1_1%3a1.1.0-1_amd64.deb ...
2026-10-07T20:20:41.3147971Z #9 12.20 Unpacking libxkbfile1:amd64 (1:1.1.0-1) ...
2026-10-07T20:20:41.3148318Z #9 12.22 Selecting previously unselected package libxmuu1:amd64.
2026-10-07T20:20:41.3148694Z #9 12.22 Preparing to unpack .../155-libxmuu1_2%3a1.1.3-3_amd64.deb ...
2026-10-07T20:20:41.3149018Z #9 12.22 Unpacking libxmuu1:amd64 (2:1.1.3-3) ...
2026-10-07T20:20:41.3149351Z #9 12.24 Selecting previously unselected package libxtst6:amd64.
2026-10-07T20:20:41.3149719Z #9 12.24 Preparing to unpack .../156-libxtst6_2%3a1.2.3-1.1_amd64.deb ...
2026-10-07T20:20:41.3150055Z #9 12.24 Unpacking libxtst6:amd64 (2:1.2.3-1.1) ...
2026-10-07T20:20:41.3150374Z #9 12.25 Selecting previously unselected package libxv1:amd64.
2026-10-07T20:20:41.3150735Z #9 12.25 Preparing to unpack .../157-libxv1_2%3a1.0.11-1.1_amd64.deb ...
2026-10-07T20:20:41.3151057Z #9 12.25 Unpacking libxv1:amd64 (2:1.0.11-1.1) ...
2026-10-07T20:20:41.3151397Z #9 12.27 Selecting previously unselected package libxxf86dga1:amd64.
2026-10-07T20:20:41.5432662Z #9 12.27 Preparing to unpack .../158-libxxf86dga1_2%3a1.1.5-1_amd64.deb ...
2026-10-07T20:20:41.5433684Z #9 12.27 Unpacking libxxf86dga1:amd64 (2:1.1.5-1) ...
2026-10-07T20:20:41.5434515Z #9 12.28 Selecting previously unselected package x11-utils.
2026-10-07T20:20:41.5435482Z #9 12.28 Preparing to unpack .../159-x11-utils_7.7+5_amd64.deb ...
2026-10-07T20:20:41.5437482Z #9 12.29 Unpacking x11-utils (7.7+5) ...
2026-10-07T20:20:41.5438165Z #9 12.33 Selecting previously unselected package xdg-utils.
2026-10-07T20:20:41.5438947Z #9 12.33 Preparing to unpack .../160-xdg-utils_1.1.3-4.1_all.deb ...
2026-10-07T20:20:41.5439634Z #9 12.33 Unpacking xdg-utils (1.1.3-4.1) ...
2026-10-07T20:20:41.5440336Z #9 12.34 Selecting previously unselected package chromium-common.
2026-10-07T20:20:41.5441234Z #9 12.35 Preparing to unpack .../161-chromium-common_154.0.8037.92-1~deb12u1_amd64.deb ...
2026-10-07T20:20:41.5442120Z #9 12.35 Unpacking chromium-common (154.0.8037.92-1~deb12u1) ...
2026-10-07T20:20:41.8890711Z #9 12.84 Selecting previously unselected package chromium.
2026-10-07T20:20:42.0419717Z #9 12.84 Preparing to unpack .../162-chromium_154.0.8037.92-1~deb12u1_amd64.deb ...
2026-10-07T20:20:42.0420415Z #9 12.84 Unpacking chromium (154.0.8037.92-1~deb12u1) ...
2026-10-07T20:20:43.5403561Z #9 14.49 Setting up libexpat1:amd64 (2.5.0-1+deb12u4) ...
2026-10-07T20:20:43.6732672Z #9 14.50 Setting up bubblewrap (0.8.0-2+deb12u1) ...
2026-10-07T20:20:43.6733438Z #9 14.50 sysctl: cannot open "/etc/sysctl.d/99-sysctl.conf": No such file or directory
2026-10-07T20:20:43.6734126Z #9 14.50 Setting up libgraphite2-3:amd64 (1.3.14-1+deb12u1) ...
2026-10-07T20:20:43.6734658Z #9 14.50 Setting up liblcms2-2:amd64 (2.14-2+deb12u1) ...
2026-10-07T20:20:43.6735166Z #9 14.50 Setting up libpixman-1-0:amd64 (0.42.2-1) ...
2026-10-07T20:20:43.6735818Z #9 14.50 Setting up libwayland-server0:amd64 (1.21.0-1) ...
2026-10-07T20:20:43.6736360Z #9 14.50 Setting up libpciaccess0:amd64 (0.17-2) ...
2026-10-07T20:20:43.6736962Z #9 14.51 Setting up systemd-sysv (252.39-1~deb12u2) ...
2026-10-07T20:20:43.6737418Z #9 14.51 Setting up libxau6:amd64 (1:1.0.9-1) ...
2026-10-07T20:20:43.6737912Z #9 14.51 Setting up libdouble-conversion3:amd64 (3.2.1-1) ...
2026-10-07T20:20:43.6738428Z #9 14.51 Setting up libkeyutils1:amd64 (1.6.3-2) ...
2026-10-07T20:20:43.6738926Z #9 14.51 Setting up libicu72:amd64 (72.1-3+deb12u1) ...
2026-10-07T20:20:43.6739473Z #9 14.52 Setting up libmpg123-0:amd64 (1.31.2-1+deb12u1) ...
2026-10-07T20:20:43.6739948Z #9 14.52 Setting up libogg0:amd64 (1.3.5-3) ...
2026-10-07T20:20:43.6740423Z #9 14.52 Setting up liblerc4:amd64 (4.0.0+ds-2) ...
2026-10-07T20:20:43.6740783Z #9 14.52 Setting up hicolor-icon-theme (0.17-2) ...
2026-10-07T20:20:43.6741186Z #9 14.53 Setting up libdatrie1:amd64 (0.2.13-2+b1) ...
2026-10-07T20:20:43.6741500Z #9 14.54 Setting up libminizip1:amd64 (1.1-8+deb12u1) ...
2026-10-07T20:20:43.6742056Z #9 14.54 Setting up libglib2.0-0:amd64 (2.74.6-2+deb12u9) ...
2026-10-07T20:20:43.6742360Z #9 14.56 Setting up libglvnd0:amd64 (1.6.0-1) ...
2026-10-07T20:20:43.6742655Z #9 14.57 Setting up libbrotli1:amd64 (1.0.9-2+b6) ...
2026-10-07T20:20:43.6742975Z #9 14.57 Setting up libsqlite3-0:amd64 (3.40.1-2+deb12u2) ...
2026-10-07T20:20:43.6743373Z #9 14.57 Setting up libgdk-pixbuf2.0-common (2.42.10+dfsg-1+deb12u4) ...
2026-10-07T20:20:43.6743724Z #9 14.57 Setting up x11-common (1:7.7+23) ...
2026-10-07T20:20:43.6744033Z #9 14.63 debconf: unable to initialize frontend: Dialog
2026-10-07T20:20:43.6744414Z #9 14.63 debconf: (TERM is not set, so the dialog frontend is not usable.)
2026-10-07T20:20:43.6744781Z #9 14.63 debconf: falling back to frontend: Readline
2026-10-07T20:20:43.8007823Z #9 14.63 debconf: unable to initialize frontend: Readline
2026-10-07T20:20:43.8010309Z #9 14.63 debconf: (Can't locate Term/ReadLine.pm in @INC (you may need to install the Term::ReadLine module) (@INC contains: /etc/perl /usr/local/lib/x86_64-linux-gnu/perl/5.36.0 /usr/local/share/perl/5.36.0 /usr/lib/x86_64-linux-gnu/perl5/5.36 /usr/share/perl5 /usr/lib/x86_64-linux-gnu/perl-base /usr/lib/x86_64-linux-gnu/perl/5.36 /usr/share/perl/5.36 /usr/local/lib/site_perl) at /usr/share/perl5/Debconf/FrontEnd/Readline.pm line 7.)
2026-10-07T20:20:43.8011985Z #9 14.63 debconf: falling back to frontend: Teletype
2026-10-07T20:20:43.8012343Z #9 14.64 invoke-rc.d: could not determine current runlevel
2026-10-07T20:20:43.8013030Z #9 14.65 invoke-rc.d: policy-rc.d denied execution of restart.
2026-10-07T20:20:43.8013407Z #9 14.65 Setting up libsensors-config (1:3.6.0-7.1) ...
2026-10-07T20:20:43.8013799Z #9 14.65 Setting up libdeflate0:amd64 (1.14-1) ...
2026-10-07T20:20:43.8014075Z #9 14.65 Setting up xkb-data (2.35.1-1) ...
2026-10-07T20:20:43.8014455Z #9 14.65 Setting up libjbig0:amd64 (2.1-6.1) ...
2026-10-07T20:20:43.8014747Z #9 14.66 Setting up libcolord2:amd64 (1.4.6-2.2) ...
2026-10-07T20:20:43.8015069Z #9 14.66 Setting up libkrb5support0:amd64 (1.20.1-2+deb12u5) ...
2026-10-07T20:20:43.8015573Z #9 14.66 Setting up libdconf1:amd64 (0.40.0-4) ...
2026-10-07T20:20:43.8015883Z #9 14.66 Setting up libasound2-data (1.2.8-1) ...
2026-10-07T20:20:43.8016204Z #9 14.66 Setting up libfontenc1:amd64 (1:1.1.4-1) ...
2026-10-07T20:20:43.8016518Z #9 14.66 Setting up libz3-4:amd64 (4.8.12-3.1) ...
2026-10-07T20:20:43.8016818Z #9 14.67 Setting up libflac12:amd64 (1.4.2+ds-2) ...
2026-10-07T20:20:43.8017273Z #9 14.67 Setting up libjpeg62-turbo:amd64 (1:2.1.5-2) ...
2026-10-07T20:20:43.8017587Z #9 14.67 Setting up libx11-data (2:1.8.4-2+deb12u2) ...
2026-10-07T20:20:43.8017916Z #9 14.67 Setting up libepoxy0:amd64 (1.5.10-1) ...
2026-10-07T20:20:43.8018266Z #9 14.67 Setting up libnspr4:amd64 (2:4.35-1) ...
2026-10-07T20:20:43.8018607Z #9 14.67 Setting up libavahi-common-data:amd64 (0.8-10+deb12u1) ...
2026-10-07T20:20:43.8019066Z #9 14.68 Setting up libdbus-1-3:amd64 (1.14.10-1~deb12u1) ...
2026-10-07T20:20:43.8019369Z #9 14.68 Setting up libfribidi0:amd64 (1.0.8-2.1) ...
2026-10-07T20:20:43.8019759Z #9 14.68 Setting up libopus0:amd64 (1.3.1-3) ...
2026-10-07T20:20:43.8026954Z #9 14.68 Setting up libproc2-0:amd64 (2:4.0.2-3) ...
2026-10-07T20:20:43.8027428Z #9 14.68 Setting up libpng16-16:amd64 (1.6.39-2+deb12u6) ...
2026-10-07T20:20:43.8027901Z #9 14.69 Setting up libvorbis0a:amd64 (1.3.7-1) ...
2026-10-07T20:20:43.8028206Z #9 14.69 Setting up fonts-dejavu-core (2.37-6) ...
2026-10-07T20:20:43.8028523Z #9 14.70 Setting up libsensors5:amd64 (1:3.6.0-7.1) ...
2026-10-07T20:20:43.8028843Z #9 14.70 Setting up libncursesw6:amd64 (6.4-4) ...
2026-10-07T20:20:43.8029319Z #9 14.70 Setting up libk5crypto3:amd64 (1.20.1-2+deb12u5) ...
2026-10-07T20:20:43.8029664Z #9 14.70 Setting up libdav1d6:amd64 (1.0.0-2+deb12u1) ...
2026-10-07T20:20:43.8030041Z #9 14.71 Setting up libglapi-mesa:amd64 (22.3.6-1+deb12u2) ...
2026-10-07T20:20:43.8030485Z #9 14.71 Setting up libopenh264-7:amd64 (2.3.1+dfsg-3+deb12u2) ...
2026-10-07T20:20:43.8030829Z #9 14.71 Setting up libwebp7:amd64 (1.2.4-0.2+deb12u1) ...
2026-10-07T20:20:43.8032550Z #9 14.71 Setting up libasyncns0:amd64 (0.8-6+b3) ...
2026-10-07T20:20:43.8032997Z #9 14.72 Setting up libxshmfence1:amd64 (1.3-1) ...
2026-10-07T20:20:43.8033305Z #9 14.72 Setting up at-spi2-common (2.46.0-5) ...
2026-10-07T20:20:43.8033718Z #9 14.72 Setting up libtiff6:amd64 (4.5.0-6+deb12u4) ...
2026-10-07T20:20:43.8034063Z #9 14.72 Setting up dbus-session-bus-common (1.14.10-1~deb12u1) ...
2026-10-07T20:20:43.8034379Z #9 14.72 Setting up procps (2:4.0.2-3) ...
2026-10-07T20:20:43.8034795Z #9 14.75 Setting up libasound2:amd64 (1.2.8-1+b1) ...
2026-10-07T20:20:43.9078002Z #9 14.76 Setting up libopenjp2-7:amd64 (2.5.0-2+deb12u3) ...
2026-10-07T20:20:43.9078867Z #9 14.76 Setting up libthai-data (0.1.29-1) ...
2026-10-07T20:20:43.9079449Z #9 14.76 Setting up libatk1.0-0:amd64 (2.46.0-5) ...
2026-10-07T20:20:43.9079935Z #9 14.76 Setting up libkrb5-3:amd64 (1.20.1-2+deb12u5) ...
2026-10-07T20:20:43.9080303Z #9 14.76 Setting up libwayland-egl1:amd64 (1.21.0-1) ...
2026-10-07T20:20:43.9080810Z #9 14.76 Setting up dbus-system-bus-common (1.14.10-1~deb12u1) ...
2026-10-07T20:20:43.9081240Z #9 14.80 Setting up libbsd0:amd64 (0.11.7-2) ...
2026-10-07T20:20:43.9081547Z #9 14.80 Setting up libdrm-common (2.4.114-1) ...
2026-10-07T20:20:43.9081829Z #9 14.81 Setting up libelf1:amd64 (0.188-2.1) ...
2026-10-07T20:20:43.9082255Z #9 14.81 Setting up libxml2:amd64 (2.9.14+dfsg-1.3~deb12u6) ...
2026-10-07T20:20:43.9082716Z #9 14.81 Setting up xdg-utils (1.1.3-4.1) ...
2026-10-07T20:20:43.9083413Z #9 14.81 update-alternatives: using /usr/bin/xdg-open to provide /usr/bin/open (open) in auto mode
2026-10-07T20:20:43.9084797Z #9 14.81 update-alternatives: warning: skip creation of /usr/share/man/man1/open.1.gz because associated file /usr/share/man/man1/xdg-open.1.gz (of link group open) doesn't exist
2026-10-07T20:20:43.9085685Z #9 14.81 Setting up dbus-bin (1.14.10-1~deb12u1) ...
2026-10-07T20:20:43.9085998Z #9 14.81 Setting up libmp3lame0:amd64 (3.100-6) ...
2026-10-07T20:20:43.9086433Z #9 14.86 Setting up libvorbisenc2:amd64 (1.3.7-1) ...
2026-10-07T20:20:44.0749844Z #9 14.86 Setting up libxkbcommon0:amd64 (1.5.0-1) ...
2026-10-07T20:20:44.0750464Z #9 14.86 Setting up libwayland-client0:amd64 (1.21.0-1) ...
2026-10-07T20:20:44.0750823Z #9 14.87 Setting up libice6:amd64 (2:1.0.10-1) ...
2026-10-07T20:20:44.0751122Z #9 14.87 Setting up libxdmcp6:amd64 (1:1.1.2-3) ...
2026-10-07T20:20:44.0751409Z #9 14.87 Setting up libxcb1:amd64 (1.15-1) ...
2026-10-07T20:20:44.0751729Z #9 14.87 Setting up libxcb-xfixes0:amd64 (1.15-1) ...
2026-10-07T20:20:44.0752031Z #9 14.87 Setting up libxcb-render0:amd64 (1.15-1) ...
2026-10-07T20:20:44.0752328Z #9 14.87 Setting up fontconfig-config (2.14.1-4) ...
2026-10-07T20:20:44.0752699Z #9 14.92 debconf: unable to initialize frontend: Dialog
2026-10-07T20:20:44.0753187Z #9 14.92 debconf: (TERM is not set, so the dialog frontend is not usable.)
2026-10-07T20:20:44.0753540Z #9 14.92 debconf: falling back to frontend: Readline
2026-10-07T20:20:44.0753977Z #9 14.92 debconf: unable to initialize frontend: Readline
2026-10-07T20:20:44.0755928Z #9 14.92 debconf: (Can't locate Term/ReadLine.pm in @INC (you may need to install the Term::ReadLine module) (@INC contains: /etc/perl /usr/local/lib/x86_64-linux-gnu/perl/5.36.0 /usr/local/share/perl/5.36.0 /usr/lib/x86_64-linux-gnu/perl5/5.36 /usr/share/perl5 /usr/lib/x86_64-linux-gnu/perl-base /usr/lib/x86_64-linux-gnu/perl/5.36 /usr/share/perl/5.36 /usr/local/lib/site_perl) at /usr/share/perl5/Debconf/FrontEnd/Readline.pm line 7.)
2026-10-07T20:20:44.0757196Z #9 14.92 debconf: falling back to frontend: Teletype
2026-10-07T20:20:44.0757509Z #9 15.03 Setting up libxcb-glx0:amd64 (1.15-1) ...
2026-10-07T20:20:44.1855094Z #9 15.03 Setting up libedit2:amd64 (3.1-20221030-2) ...
2026-10-07T20:20:44.1855841Z #9 15.03 Setting up libxcb-shape0:amd64 (1.15-1) ...
2026-10-07T20:20:44.1856258Z #9 15.03 Setting up libavahi-common3:amd64 (0.8-10+deb12u1) ...
2026-10-07T20:20:44.1856633Z #9 15.03 Setting up libnss3:amd64 (2:3.87.1-1+deb12u4) ...
2026-10-07T20:20:44.1857361Z #9 15.04 Setting up libxcb-shm0:amd64 (1.15-1) ...
2026-10-07T20:20:44.1857671Z #9 15.04 Setting up dbus-daemon (1.14.10-1~deb12u1) ...
2026-10-07T20:20:44.1857989Z #9 15.05 Setting up libxcb-present0:amd64 (1.15-1) ...
2026-10-07T20:20:44.1858333Z #9 15.14 Setting up libthai0:amd64 (0.1.29-1) ...
2026-10-07T20:20:44.3617284Z #9 15.14 Setting up libfreetype6:amd64 (2.12.1+dfsg-5+deb12u4) ...
2026-10-07T20:20:44.3617700Z #9 15.14 Setting up libxcb-sync1:amd64 (1.15-1) ...
2026-10-07T20:20:44.3618078Z #9 15.14 Setting up dbus (1.14.10-1~deb12u1) ...
2026-10-07T20:20:44.3618405Z #9 15.16 invoke-rc.d: could not determine current runlevel
2026-10-07T20:20:44.3618761Z #9 15.16 invoke-rc.d: policy-rc.d denied execution of start.
2026-10-07T20:20:44.3619130Z #9 15.16 Setting up shared-mime-info (2.2-1) ...
2026-10-07T20:20:44.9028239Z #9 15.86 Setting up libgssapi-krb5-2:amd64 (1.20.1-2+deb12u5) ...
2026-10-07T20:20:45.0058525Z #9 15.86 Setting up libxcb-dri2-0:amd64 (1.15-1) ...
2026-10-07T20:20:45.0058951Z #9 15.86 Setting up libdrm2:amd64 (2.4.114-1+b1) ...
2026-10-07T20:20:45.0059296Z #9 15.86 Setting up libwayland-cursor0:amd64 (1.21.0-1) ...
2026-10-07T20:20:45.0059618Z #9 15.86 Setting up libxcb-randr0:amd64 (1.15-1) ...
2026-10-07T20:20:45.0059929Z #9 15.87 Setting up libllvm15:amd64 (1:15.0.6-4+b1) ...
2026-10-07T20:20:45.0060265Z #9 15.87 Setting up libpam-systemd:amd64 (252.39-1~deb12u2) ...
2026-10-07T20:20:45.0060590Z #9 15.92 debconf: unable to initialize frontend: Dialog
2026-10-07T20:20:45.0061344Z #9 15.92 debconf: (TERM is not set, so the dialog frontend is not usable.)
2026-10-07T20:20:45.0061691Z #9 15.92 debconf: falling back to frontend: Readline
2026-10-07T20:20:45.0062005Z #9 15.92 debconf: unable to initialize frontend: Readline
2026-10-07T20:20:45.0063689Z #9 15.92 debconf: (Can't locate Term/ReadLine.pm in @INC (you may need to install the Term::ReadLine module) (@INC contains: /etc/perl /usr/local/lib/x86_64-linux-gnu/perl/5.36.0 /usr/local/share/perl/5.36.0 /usr/lib/x86_64-linux-gnu/perl5/5.36 /usr/share/perl5 /usr/lib/x86_64-linux-gnu/perl-base /usr/lib/x86_64-linux-gnu/perl/5.36 /usr/share/perl/5.36 /usr/local/lib/site_perl) at /usr/share/perl5/Debconf/FrontEnd/Readline.pm line 7.)
2026-10-07T20:20:45.0064937Z #9 15.92 debconf: falling back to frontend: Teletype
2026-10-07T20:20:45.0065484Z #9 15.96 Setting up libx11-6:amd64 (2:1.8.4-2+deb12u2) ...
2026-10-07T20:20:45.1177340Z #9 15.97 Setting up libharfbuzz0b:amd64 (6.0.0+dfsg-3) ...
2026-10-07T20:20:45.1178044Z #9 15.97 Setting up libgdk-pixbuf-2.0-0:amd64 (2.42.10+dfsg-1+deb12u4) ...
2026-10-07T20:20:45.1178885Z #9 15.98 Setting up libfontconfig1:amd64 (2.14.1-4) ...
2026-10-07T20:20:45.1179494Z #9 15.98 Setting up libsndfile1:amd64 (1.2.0-1+deb12u1) ...
2026-10-07T20:20:45.1179937Z #9 15.99 Setting up libxkbfile1:amd64 (1:1.1.0-1) ...
2026-10-07T20:20:45.1180259Z #9 15.99 Setting up libxcomposite1:amd64 (1:0.4.5-1) ...
2026-10-07T20:20:45.1180557Z #9 15.99 Setting up libsm6:amd64 (2:1.2.3-1) ...
2026-10-07T20:20:45.1181022Z #9 15.99 Setting up libavahi-client3:amd64 (0.8-10+deb12u1) ...
2026-10-07T20:20:45.1181384Z #9 15.99 Setting up libxmuu1:amd64 (2:1.1.3-3) ...
2026-10-07T20:20:45.1181710Z #9 15.99 Setting up libdrm-amdgpu1:amd64 (2.4.114-1+b1) ...
2026-10-07T20:20:45.1182020Z #9 16.00 Setting up libxcb-dri3-0:amd64 (1.15-1) ...
2026-10-07T20:20:45.1182417Z #9 16.00 Setting up gtk-update-icon-cache (3.24.38-2~deb12u3) ...
2026-10-07T20:20:45.1182774Z #9 16.00 Setting up libx11-xcb1:amd64 (2:1.8.4-2+deb12u2) ...
2026-10-07T20:20:45.1183081Z #9 16.07 Setting up fontconfig (2.14.1-4) ...
2026-10-07T20:20:47.1311811Z #9 16.07 Regenerating fonts cache... done.
2026-10-07T20:20:47.2329181Z #9 18.09 Setting up libdrm-nouveau2:amd64 (2.4.114-1+b1) ...
2026-10-07T20:20:47.2329810Z #9 18.09 Setting up libxdamage1:amd64 (1:1.1.6-1) ...
2026-10-07T20:20:47.2330344Z #9 18.09 Setting up libxpm4:amd64 (1:3.5.12-1.1+deb12u1) ...
2026-10-07T20:20:47.2330786Z #9 18.09 Setting up libxrender1:amd64 (1:0.9.10-1.1) ...
2026-10-07T20:20:47.2331404Z #9 18.09 Setting up libgbm1:amd64 (22.3.6-1+deb12u2) ...
2026-10-07T20:20:47.2331901Z #9 18.09 Setting up libpulse0:amd64 (16.1+dfsg1-2+b1) ...
2026-10-07T20:20:47.2332430Z #9 18.10 Setting up libdrm-radeon1:amd64 (2.4.114-1+b1) ...
2026-10-07T20:20:47.2332939Z #9 18.10 Setting up libpango-1.0-0:amd64 (1.50.12+ds-1) ...
2026-10-07T20:20:47.2333333Z #9 18.10 Setting up libdrm-intel1:amd64 (2.4.114-1+b1) ...
2026-10-07T20:20:47.2333683Z #9 18.10 Setting up libgl1-mesa-dri:amd64 (22.3.6-1+deb12u2) ...
2026-10-07T20:20:47.2334150Z #9 18.11 Setting up libxext6:amd64 (2:1.3.4-1+b1) ...
2026-10-07T20:20:47.2334454Z #9 18.11 Setting up libcairo2:amd64 (1.16.0-7) ...
2026-10-07T20:20:47.2334755Z #9 18.11 Setting up libxxf86vm1:amd64 (1:1.1.4-1+b2) ...
2026-10-07T20:20:47.2335087Z #9 18.11 Setting up libxnvctrl0:amd64 (525.85.05-3~deb12u1) ...
2026-10-07T20:20:47.2335640Z #9 18.12 Setting up dbus-user-session (1.14.10-1~deb12u1) ...
2026-10-07T20:20:47.2335971Z #9 18.12 Setting up adwaita-icon-theme (43-1) ...
2026-10-07T20:20:47.2336720Z #9 18.18 update-alternatives: using /usr/share/icons/Adwaita/cursor.theme to provide /usr/share/icons/default/index.theme (x-cursor-theme) in auto mode
2026-10-07T20:20:47.2337407Z #9 18.18 Setting up libxfixes3:amd64 (1:6.0.0-2) ...
2026-10-07T20:20:47.2337904Z #9 18.19 Setting up libxinerama1:amd64 (2:1.1.4-3) ...
2026-10-07T20:20:47.3372806Z #9 18.19 Setting up libxv1:amd64 (2:1.0.11-1.1) ...
2026-10-07T20:20:47.3373396Z #9 18.19 Setting up libxrandr2:amd64 (2:1.5.2-2+b1) ...
2026-10-07T20:20:47.3374959Z #9 18.19 Setting up libxt6:amd64 (1:1.2.1-1.1) ...
2026-10-07T20:20:47.3375592Z #9 18.19 Setting up libcups2:amd64 (2.4.2-3+deb12u9) ...
2026-10-07T20:20:47.3376147Z #9 18.19 Setting up libharfbuzz-subset0:amd64 (6.0.0+dfsg-3) ...
2026-10-07T20:20:47.3376592Z #9 18.20 Setting up libcairo-gobject2:amd64 (1.16.0-7) ...
2026-10-07T20:20:47.3376930Z #9 18.20 Setting up libpangoft2-1.0-0:amd64 (1.50.12+ds-1) ...
2026-10-07T20:20:47.3377286Z #9 18.20 Setting up libpangocairo-1.0-0:amd64 (1.50.12+ds-1) ...
2026-10-07T20:20:47.3377615Z #9 18.20 Setting up libxft2:amd64 (2.3.6-1) ...
2026-10-07T20:20:47.3377900Z #9 18.20 Setting up libxmu6:amd64 (2:1.1.3-3) ...
2026-10-07T20:20:47.3378213Z #9 18.20 Setting up libglx-mesa0:amd64 (22.3.6-1+deb12u2) ...
2026-10-07T20:20:47.3378527Z #9 18.21 Setting up libxi6:amd64 (2:1.8-1+b1) ...
2026-10-07T20:20:47.3378793Z #9 18.21 Setting up libglx0:amd64 (1.6.0-1) ...
2026-10-07T20:20:47.3379068Z #9 18.21 Setting up libxtst6:amd64 (2:1.2.3-1.1) ...
2026-10-07T20:20:47.3379357Z #9 18.21 Setting up libxcursor1:amd64 (1:1.2.1-1) ...
2026-10-07T20:20:47.3379651Z #9 18.21 Setting up libxxf86dga1:amd64 (2:1.1.5-1) ...
2026-10-07T20:20:47.3379934Z #9 18.21 Setting up dconf-service (0.40.0-4) ...
2026-10-07T20:20:47.3380211Z #9 18.22 Setting up libxaw7:amd64 (2:1.0.14-1) ...
2026-10-07T20:20:47.3380519Z #9 18.22 Setting up libatspi2.0-0:amd64 (2.46.0-5) ...
2026-10-07T20:20:47.3380846Z #9 18.25 Setting up libatk-bridge2.0-0:amd64 (2.46.0-5) ...
2026-10-07T20:20:47.3381147Z #9 18.26 Setting up libgl1:amd64 (1.6.0-1) ...
2026-10-07T20:20:47.3381410Z #9 18.26 Setting up x11-utils (7.7+5) ...
2026-10-07T20:20:47.3381725Z #9 18.26 Setting up chromium-common (154.0.8037.92-1~deb12u1) ...
2026-10-07T20:20:47.3382076Z #9 18.27 Setting up dconf-gsettings-backend:amd64 (0.40.0-4) ...
2026-10-07T20:20:47.3382405Z #9 18.27 Setting up libgtk-3-common (3.24.38-2~deb12u3) ...
2026-10-07T20:20:47.3382729Z #9 18.27 Setting up libgtk-3-0:amd64 (3.24.38-2~deb12u3) ...
2026-10-07T20:20:47.3383204Z #9 18.28 Setting up chromium (154.0.8037.92-1~deb12u1) ...
2026-10-07T20:20:47.3384207Z #9 18.29 update-alternatives: using /usr/bin/chromium to provide /usr/bin/x-www-browser (x-www-browser) in auto mode
2026-10-07T20:20:47.4906616Z #9 18.29 update-alternatives: using /usr/bin/chromium to provide /usr/bin/gnome-www-browser (gnome-www-browser) in auto mode
2026-10-07T20:20:47.4907227Z #9 18.29 Processing triggers for libc-bin (2.36-9+deb12u14) ...
2026-10-07T20:20:51.1525403Z #9 DONE 22.1s
2026-10-07T20:20:51.3129731Z 
2026-10-07T20:20:51.3130702Z #10 [5/9] COPY package.json pnpm-lock.yaml pnpm-workspace.yaml ./
2026-10-07T20:20:51.3131213Z #10 DONE 0.0s
2026-10-07T20:20:51.3131322Z 
2026-10-07T20:20:51.3131474Z #11 [6/9] RUN pnpm install --frozen-lockfile
2026-10-07T20:20:51.3132072Z #11 0.149 ! Corepack is about to download https://registry.npmjs.org/pnpm/-/pnpm-10.18.3.tgz
2026-10-07T20:20:52.3002182Z #11 1.136 Lockfile is up to date, resolution step is skipped
2026-10-07T20:20:52.5279164Z #11 1.171 Progress: resolved 1, reused 0, downloaded 0, added 0
2026-10-07T20:20:52.5279678Z #11 1.213 Packages: +408
2026-10-07T20:20:52.5280189Z #11 1.213 ++++++++++++++++++++++++++++++++++++++++++++++++++++++++++++++++++++++++++++++++
2026-10-07T20:20:52.6212893Z #11 1.457 
2026-10-07T20:20:52.6214029Z #11 1.457    ╭───────────────────────────────────────────────╮
2026-10-07T20:20:52.6236465Z #11 1.457    │                                               │
2026-10-07T20:20:52.6237347Z #11 1.457    │     Update available! 10.18.3 → 12.10.1.      │
2026-10-07T20:20:52.6238589Z #11 1.457    │     Changelog: https://pnpm.io/v/12.10.1      │
2026-10-07T20:20:52.6239395Z #11 1.457    │   To update, run: corepack use pnpm@12.10.1   │
2026-10-07T20:20:52.6240107Z #11 1.457    │                                               │
2026-10-07T20:20:52.6241080Z #11 1.457    ╰───────────────────────────────────────────────╯
2026-10-07T20:20:52.6241493Z #11 1.457 
2026-10-07T20:20:53.3360113Z #11 2.172 Progress: resolved 408, reused 0, downloaded 191, added 164
2026-10-07T20:20:54.3416541Z #11 3.175 Progress: resolved 408, reused 0, downloaded 259, added 247
2026-10-07T20:20:55.3466557Z #11 4.183 Progress: resolved 408, reused 0, downloaded 362, added 298
2026-10-07T20:20:56.3438976Z #11 5.176 Progress: resolved 408, reused 0, downloaded 408, added 408, done
2026-10-07T20:20:56.4551435Z #11 5.291 .../esbuild@0.25.12/node_modules/esbuild postinstall$ node install.js
2026-10-07T20:20:56.5605400Z #11 5.292 .../node_modules/workerd postinstall$ node install.js
2026-10-07T20:20:56.5614983Z #11 5.348 .../node_modules/@prisma/engines postinstall$ node scripts/postinstall.js
2026-10-07T20:20:56.5646181Z #11 5.382 .../esbuild@0.25.12/node_modules/esbuild postinstall: Done
2026-10-07T20:20:56.5647174Z #11 5.395 .../esbuild@0.28.2/node_modules/esbuild postinstall$ node install.js
2026-10-07T20:20:56.7109751Z #11 5.396 .../esbuild@0.28.1/node_modules/esbuild postinstall$ node install.js
2026-10-07T20:20:56.8372852Z #11 5.673 .../esbuild@0.28.1/node_modules/esbuild postinstall: Done
2026-10-07T20:20:57.6847949Z #11 6.521 .../node_modules/@prisma/engines postinstall: Done
2026-10-07T20:20:57.8710819Z #11 6.707 .../esbuild@0.28.2/node_modules/esbuild postinstall: Done
2026-10-07T20:20:58.0234500Z #11 6.709 .../node_modules/workerd postinstall: Done
2026-10-07T20:20:58.1451232Z #11 6.981 .../node_modules/prisma preinstall$ node scripts/preinstall-entry.js
2026-10-07T20:20:58.3504954Z #11 7.036 .../node_modules/prisma preinstall: Done
2026-10-07T20:20:58.4650833Z #11 7.301 
2026-10-07T20:20:58.4651192Z #11 7.301 dependencies:
2026-10-07T20:20:58.4651563Z #11 7.301 + @cloudflare/containers 0.3.7
2026-10-07T20:20:58.4651965Z #11 7.301 + @supabase/server 1.8.0
2026-10-07T20:20:58.4652519Z #11 7.301 + @supabase/supabase-js 2.117.0
2026-10-07T20:20:58.4652975Z #11 7.301 + @tiptap/extension-collaboration 3.31.3
2026-10-07T20:20:58.4653497Z #11 7.301 + @tiptap/extension-collaboration-caret 3.31.3
2026-10-07T20:20:58.4653973Z #11 7.301 + @tiptap/react 3.31.3
2026-10-07T20:20:58.4654364Z #11 7.301 + @tiptap/starter-kit 3.31.3
2026-10-07T20:20:58.4654763Z #11 7.301 + @vitejs/plugin-react 5.2.0
2026-10-07T20:20:58.4655409Z #11 7.301 + cross-env 10.1.0
2026-10-07T20:20:58.4655953Z #11 7.301 + dotenv 17.4.2
2026-10-07T20:20:58.4656261Z #11 7.301 + esbuild 0.25.12
2026-10-07T20:20:58.4656661Z #11 7.301 + esbuild-wasm 0.25.12
2026-10-07T20:20:58.4656992Z #11 7.301 + express 5.2.1
2026-10-07T20:20:58.4657315Z #11 7.301 + lucide-react 0.468.0
2026-10-07T20:20:58.4657630Z #11 7.301 + react 19.2.8
2026-10-07T20:20:58.4658236Z #11 7.301 + react-dom 19.2.8
2026-10-07T20:20:58.4658547Z #11 7.301 + vite 7.3.6
2026-10-07T20:20:58.4658840Z #11 7.301 + ws 8.21.3
2026-10-07T20:20:58.4659138Z #11 7.301 + y-protocols 1.0.7
2026-10-07T20:20:58.4659453Z #11 7.301 + yjs 13.6.32
2026-10-07T20:20:58.4659711Z #11 7.301 
2026-10-07T20:20:58.4659973Z #11 7.301 devDependencies:
2026-10-07T20:20:58.4660335Z #11 7.301 + @prisma/adapter-pg 7.10.0
2026-10-07T20:20:58.4660727Z #11 7.301 + @prisma/client 7.10.0
2026-10-07T20:20:58.4661091Z #11 7.301 + @types/express 5.0.6
2026-10-07T20:20:58.4661442Z #11 7.301 + @types/node 22.20.1
2026-10-07T20:20:58.4661766Z #11 7.301 + @types/pg 8.23.1
2026-10-07T20:20:58.4662101Z #11 7.301 + @types/react 19.2.18
2026-10-07T20:20:58.4662458Z #11 7.301 + @types/react-dom 19.2.7
2026-10-07T20:20:58.4662803Z #11 7.301 + @types/ws 8.18.1
2026-10-07T20:20:58.4663095Z #11 7.301 + pg 8.23.0
2026-10-07T20:20:58.4663376Z #11 7.301 + prisma 7.10.0
2026-10-07T20:20:58.4663664Z #11 7.301 + tsx 4.23.13
2026-10-07T20:20:58.4663967Z #11 7.301 + typescript 5.9.3
2026-10-07T20:20:58.4664275Z #11 7.301 + wrangler 4.131.1
2026-10-07T20:20:58.4664547Z #11 7.301 
2026-10-07T20:20:58.5703461Z #11 7.406 Done in 6.5s using pnpm v10.18.3
2026-10-07T20:21:01.8843775Z #11 DONE 10.7s
2026-10-07T20:21:02.0353676Z 
2026-10-07T20:21:02.0354131Z #12 [7/9] COPY . .
2026-10-07T20:21:02.0864412Z #12 DONE 0.2s
2026-10-07T20:21:02.2374530Z 
2026-10-07T20:21:02.2375645Z #13 [8/9] RUN pnpm build
2026-10-07T20:21:02.4242889Z #13 0.337 
2026-10-07T20:21:02.4243299Z #13 0.337 > cocreate@1.0.0 build /app
2026-10-07T20:21:02.4243786Z #13 0.337 > tsc --noEmit && vite build --configLoader runner
2026-10-07T20:21:02.4244139Z #13 0.337 
2026-10-07T20:21:08.2288549Z #13 6.142 vite v7.3.6 building client environment for production...
2026-10-07T20:21:08.4414632Z #13 6.204 transforming...
2026-10-07T20:21:11.2950337Z #13 9.208 ✓ 1749 modules transformed.
2026-10-07T20:21:11.5004369Z #13 9.413 rendering chunks...
2026-10-07T20:21:11.6883521Z #13 9.601 computing gzip size...
2026-10-07T20:21:11.8117903Z #13 9.622 dist/index.html                             0.44 kB │ gzip:   0.30 kB
2026-10-07T20:21:11.8119205Z #13 9.622 dist/assets/App-BqUO_rW7.css                2.56 kB │ gzip:   0.85 kB
2026-10-07T20:21:11.8120172Z #13 9.622 dist/assets/LandingPage-CNj4pefA.css       13.13 kB │ gzip:   2.95 kB
2026-10-07T20:21:11.8121304Z #13 9.622 dist/assets/index-cyLHvudv.css             75.38 kB │ gzip:  14.48 kB
2026-10-07T20:21:11.8122234Z #13 9.622 dist/assets/users-BIdyuxqP.js               0.69 kB │ gzip:   0.39 kB
2026-10-07T20:21:11.8123107Z #13 9.622 dist/assets/createLucideIcon-DcEYS1mU.js    0.89 kB │ gzip:   0.55 kB
2026-10-07T20:21:11.8123768Z #13 9.622 dist/assets/x-DO2zMSIY.js                   1.70 kB │ gzip:   0.78 kB
2026-10-07T20:21:11.8124404Z #13 9.622 dist/assets/LandingPage-DCr6qHiF.js        15.33 kB │ gzip:   4.92 kB
2026-10-07T20:21:11.8124907Z #13 9.622 dist/assets/ProjectApp-DXmAqhy1.js         29.68 kB │ gzip:   9.01 kB
2026-10-07T20:21:11.8125728Z #13 9.622 dist/assets/index-BPNFqXSv.js             421.95 kB │ gzip: 121.32 kB
2026-10-07T20:21:11.8126227Z #13 9.622 dist/assets/App-DhzRZNRs.js               583.75 kB │ gzip: 185.76 kB
2026-10-07T20:21:11.8126525Z #13 9.622 
2026-10-07T20:21:11.8126835Z #13 9.622 (!) Some chunks are larger than 500 kB after minification. Consider:
2026-10-07T20:21:11.8127311Z #13 9.622 - Using dynamic import() to code-split the application
2026-10-07T20:21:11.8128124Z #13 9.622 - Use build.rollupOptions.output.manualChunks to improve chunking: https://rollupjs.org/configuration-options/#output-manualchunks
2026-10-07T20:21:11.8129023Z #13 9.622 - Adjust chunk size limit for this warning via build.chunkSizeWarningLimit.
2026-10-07T20:21:11.8129501Z #13 9.623 ✓ built in 3.45s
2026-10-07T20:21:11.8129711Z #13 DONE 9.7s
2026-10-07T20:21:11.9632792Z 
2026-10-07T20:21:11.9634070Z #14 [9/9] RUN pnpm exec tsx scripts/prepare-isolation.ts --files-only && mkdir -p /app/data /app/generated && chown -R node:node /app/.runtime /app/data /app/generated
2026-10-07T20:21:12.3447170Z #14 0.532 {"policy":"isolated-compile-v1","platform":"linux","scope":"Trusted files prepared; kernel boundary not exercised"}
2026-10-07T20:21:12.5631838Z #14 DONE 0.6s
2026-10-07T20:21:12.5632283Z 
2026-10-07T20:21:12.5632588Z #15 exporting to image
2026-10-07T20:21:12.5633053Z #15 exporting layers
2026-10-07T20:21:19.8673325Z #15 exporting layers 7.5s done
2026-10-07T20:21:19.8816151Z #15 writing image sha256:aac4a59b64c98ada3a9ff275d9d2d23d0bf1792dc4660d6424eabef50152b688 done
2026-10-07T20:21:19.8816932Z #15 naming to docker.io/library/cocreate-check done
2026-10-07T20:21:19.8817406Z #15 DONE 7.5s
2026-10-07T20:21:19.8822413Z 
2026-10-07T20:21:19.8823004Z  [33m4 warnings found (use docker --debug to expand):
2026-10-07T20:21:19.8824067Z [0m - SecretsUsedInArgOrEnv: Do not use ARG or ENV instructions for sensitive data (ARG "VITE_COCREATE_AUTH_MODE") (line 11)
2026-10-07T20:21:19.8827373Z  - SecretsUsedInArgOrEnv: Do not use ARG or ENV instructions for sensitive data (ARG "VITE_SUPABASE_PUBLISHABLE_KEY") (line 14)
2026-10-07T20:21:19.8828528Z  - SecretsUsedInArgOrEnv: Do not use ARG or ENV instructions for sensitive data (ENV "VITE_COCREATE_AUTH_MODE") (line 15)
2026-10-07T20:21:19.8829777Z  - SecretsUsedInArgOrEnv: Do not use ARG or ENV instructions for sensitive data (ENV "VITE_SUPABASE_PUBLISHABLE_KEY") (line 18)
2026-10-07T20:21:19.8952337Z ##[group]Run docker run --rm --network none --cap-drop ALL --security-opt no-new-privileges --security-opt seccomp=unconfined --security-opt apparmor=unconfined --memory 1g --memory-swap 1g --pids-limit 256 cocreate-check node --import tsx scripts/prepare-isolation.ts
2026-10-07T20:21:19.8953917Z [36;1mdocker run --rm --network none --cap-drop ALL --security-opt no-new-privileges --security-opt seccomp=unconfined --security-opt apparmor=unconfined --memory 1g --memory-swap 1g --pids-limit 256 cocreate-check node --import tsx scripts/prepare-isolation.ts[0m
2026-10-07T20:21:19.9017752Z shell: /usr/bin/bash -e {0}
2026-10-07T20:21:19.9017959Z env:
2026-10-07T20:21:19.9018174Z   PNPM_HOME: /home/runner/setup-pnpm/node_modules/.bin
2026-10-07T20:21:19.9018421Z ##[endgroup]
2026-10-07T20:21:20.1403950Z /app/server/isolation.ts:20
2026-10-07T20:21:20.1406550Z const unavailable = () => new IsolationError('isolation_unavailable', 'Generated execution isolation is unavailable. The previous artifact is retained. Ask the operator to prepare or repair the isolated runtime, then explicitly retry; no host execution fallback is allowed.');
2026-10-07T20:21:20.1411819Z                           ^
2026-10-07T20:21:20.1412242Z 
2026-10-07T20:21:20.1413544Z IsolationError: Generated execution isolation is unavailable. The previous artifact is retained. Ask the operator to prepare or repair the isolated runtime, then explicitly retry; no host execution fallback is allowed.
2026-10-07T20:21:20.1414692Z     at unavailable (/app/server/isolation.ts:20:27)
2026-10-07T20:21:20.1415399Z     at ChildProcess.<anonymous> (/app/server/isolation.ts:126:34)
2026-10-07T20:21:20.1415960Z     at Object.onceWrapper (node:events:634:26)
2026-10-07T20:21:20.1416333Z     at ChildProcess.emit (node:events:519:28)
2026-10-07T20:21:20.1416759Z     at maybeClose (node:internal/child_process:1101:16)
2026-10-07T20:21:20.1417775Z     at ChildProcess._handle.onexit (node:internal/child_process:304:5) {
2026-10-07T20:21:20.1418313Z   code: 'isolation_unavailable',
2026-10-07T20:21:20.1418635Z   cause: {
2026-10-07T20:21:20.1418863Z     exitCode: 1,
2026-10-07T20:21:20.1419349Z     diagnostic: "bwrap: Can't mount proc on /newroot/proc: Operation not permitted\n"
2026-10-07T20:21:20.1419688Z   }
2026-10-07T20:21:20.1419838Z }
2026-10-07T20:21:20.1419914Z 
2026-10-07T20:21:20.1419991Z Node.js v22.23.3
2026-10-07T20:21:20.1922249Z ##[error]Process completed with exit code 1.
2026-10-07T20:21:20.1970714Z ##[group]Run docker run --rm --network none --cap-drop ALL --security-opt no-new-privileges --security-opt seccomp=unconfined --security-opt apparmor=unconfined --memory 1g --memory-swap 1g --pids-limit 256 cocreate-check node --import tsx --input-type=module -e 'import {assertVerificationBrowserAvailable} from "./server/isolation/browser.ts"; await assertVerificationBrowserAvailable(); console.log("Actual Linux browser boundary passed; no inference");'
2026-10-07T20:21:20.1973099Z [36;1mdocker run --rm --network none --cap-drop ALL --security-opt no-new-privileges --security-opt seccomp=unconfined --security-opt apparmor=unconfined --memory 1g --memory-swap 1g --pids-limit 256 cocreate-check node --import tsx --input-type=module -e 'import {assertVerificationBrowserAvailable} from "./server/isolation/browser.ts"; await assertVerificationBrowserAvailable(); console.log("Actual Linux browser boundary passed; no inference");'[0m
2026-10-07T20:21:20.2035456Z shell: /usr/bin/bash -e {0}
2026-10-07T20:21:20.2035657Z env:
2026-10-07T20:21:20.2035857Z   PNPM_HOME: /home/runner/setup-pnpm/node_modules/.bin
2026-10-07T20:21:20.2036101Z ##[endgroup]
2026-10-07T20:21:20.4375549Z /app/server/isolation/browser.ts:11
2026-10-07T20:21:20.4377444Z const unavailable = () => new IsolationError('isolation_unavailable', 'Isolated verification browser is unavailable. Prepare the verification runtime, then explicitly retry; the previous artifact is retained.');
2026-10-07T20:21:20.4378883Z                           ^
2026-10-07T20:21:20.4379279Z 
2026-10-07T20:21:20.4380178Z IsolationError: Isolated verification browser is unavailable. Prepare the verification runtime, then explicitly retry; the previous artifact is retained.
2026-10-07T20:21:20.4381450Z     at unavailable (/app/server/isolation/browser.ts:11:27)
2026-10-07T20:21:20.4381999Z     at Socket.<anonymous> (/app/server/isolation/browser.ts:61:47)
2026-10-07T20:21:20.4382472Z     at Socket.emit (node:events:519:28)
2026-10-07T20:21:20.4382907Z     at emitErrorNT (node:internal/streams/destroy:170:8)
2026-10-07T20:21:20.4383390Z     at emitErrorCloseNT (node:internal/streams/destroy:129:3)
2026-10-07T20:21:20.4384013Z     at process.processTicksAndRejections (node:internal/process/task_queues:89:21) {
2026-10-07T20:21:20.4384566Z   code: 'isolation_unavailable'
2026-10-07T20:21:20.4384852Z }
2026-10-07T20:21:20.4384956Z 
2026-10-07T20:21:20.4385075Z Node.js v22.23.3
2026-10-07T20:21:20.4844785Z ##[error]Process completed with exit code 1.
2026-10-07T20:21:20.4916051Z Post job cleanup.
2026-10-07T20:21:20.6115848Z Pruning is unnecessary.
2026-10-07T20:21:20.6277805Z Post job cleanup.
2026-10-07T20:21:20.7062464Z [command]/usr/bin/git version
2026-10-07T20:21:20.7133539Z git version 2.55.0
2026-10-07T20:21:20.7166633Z Temporarily overriding HOME='/home/runner/work/_temp/75732e50-d772-4633-b2ee-29552ff533d5' before making global git config changes
2026-10-07T20:21:20.7167461Z Adding repository directory to the temporary git global config as a safe directory
2026-10-07T20:21:20.7171028Z [command]/usr/bin/git config --global --add safe.directory /home/runner/work/Cocreate/Cocreate
2026-10-07T20:21:20.7207031Z [command]/usr/bin/git config --local --name-only --get-regexp core\.sshCommand
2026-10-07T20:21:20.7244566Z [command]/usr/bin/git submodule foreach --recursive sh -c "git config --local --name-only --get-regexp 'core\.sshCommand' && git config --local --unset-all 'core.sshCommand' || :"
2026-10-07T20:21:20.7479045Z [command]/usr/bin/git config --local --name-only --get-regexp http\.https\:\/\/github\.com\/\.extraheader
2026-10-07T20:21:20.7506065Z http.https://github.com/.extraheader
2026-10-07T20:21:20.7518220Z [command]/usr/bin/git config --local --unset-all http.https://github.com/.extraheader
2026-10-07T20:21:20.7550492Z [command]/usr/bin/git submodule foreach --recursive sh -c "git config --local --name-only --get-regexp 'http\.https\:\/\/github\.com\/\.extraheader' && git config --local --unset-all 'http.https://github.com/.extraheader' || :"
2026-10-07T20:21:20.7794726Z [command]/usr/bin/git config --local --name-only --get-regexp ^includeIf\.gitdir:
2026-10-07T20:21:20.7831367Z [command]/usr/bin/git submodule foreach --recursive git config --local --show-origin --name-only --get-regexp remote.origin.url
2026-10-07T20:21:20.8249612Z Cleaning up orphan processes
2026-10-07T20:21:20.8528968Z ##[warning]Node.js 20 is deprecated. The following actions target Node.js 20 but are being forced to run on Node.js 24: actions/checkout@11d5960a326750d5838078e36cf38b85af677262, actions/setup-node@49933ea5288caeca8642d1e84afbd3f7d6820020, pnpm/action-setup@f40ffcd9367d9f12939873eb1018b921a783ffaa. For more information see: https://github.blog/changelog/2025-09-19-deprecation-of-node-20-on-github-actions-runners/
