2026-10-07T20:17:03.0695357Z Current runner version: '2.337.0'
2026-10-07T20:17:03.0720369Z ##[group]Runner Image Provisioner
2026-10-07T20:17:03.0721396Z Hosted Compute Agent
2026-10-07T20:17:03.0722105Z Version: 20261002.596
2026-10-07T20:17:03.0723259Z Commit: c3d12f3313a95f25162a1503be624f3b0617f8c0
2026-10-07T20:17:03.0724074Z Build Date: 2026-10-02T22:28:27Z
2026-10-07T20:17:03.0724809Z Worker ID: {4562bcda-2595-48f1-aae4-4a99abe19c66}
2026-10-07T20:17:03.0725657Z Region: westus
2026-10-07T20:17:03.0726308Z Cloud: Azure
2026-10-07T20:17:03.0726925Z ##[endgroup]
2026-10-07T20:17:03.0728629Z ##[group]Operating System
2026-10-07T20:17:03.0729352Z Ubuntu
2026-10-07T20:17:03.0730025Z 22.04.5
2026-10-07T20:17:03.0730656Z LTS
2026-10-07T20:17:03.0731627Z ##[endgroup]
2026-10-07T20:17:03.0732278Z ##[group]Runner Image
2026-10-07T20:17:03.0733328Z Image: ubuntu-22.04
2026-10-07T20:17:03.0734028Z Version: 20261004.315.1
2026-10-07T20:17:03.0735441Z Included Software: https://github.com/actions/runner-images/blob/ubuntu22/20261004.315/images/ubuntu/Ubuntu2204-Readme.md
2026-10-07T20:17:03.0737184Z Image Release: https://github.com/actions/runner-images/releases/tag/ubuntu22%2F20261004.315
2026-10-07T20:17:03.0738254Z ##[endgroup]
2026-10-07T20:17:03.0739501Z ##[group]GITHUB_TOKEN Permissions
2026-10-07T20:17:03.0741634Z Contents: read
2026-10-07T20:17:03.0742394Z Metadata: read
2026-10-07T20:17:03.0743293Z ##[endgroup]
2026-10-07T20:17:03.0745353Z Secret source: Actions
2026-10-07T20:17:03.0746548Z Cache mode: write
2026-10-07T20:17:03.0747509Z Prepare workflow directory
2026-10-07T20:17:03.1099538Z Prepare all required actions
2026-10-07T20:17:03.1172397Z Getting action download info
2026-10-07T20:17:03.4640075Z Download action repository 'actions/checkout@11d5960a326750d5838078e36cf38b85af677262' (SHA:11d5960a326750d5838078e36cf38b85af677262)
2026-10-07T20:17:03.5574570Z Download action repository 'pnpm/action-setup@f40ffcd9367d9f12939873eb1018b921a783ffaa' (SHA:f40ffcd9367d9f12939873eb1018b921a783ffaa)
2026-10-07T20:17:03.9856469Z Download action repository 'actions/setup-node@49933ea5288caeca8642d1e84afbd3f7d6820020' (SHA:49933ea5288caeca8642d1e84afbd3f7d6820020)
2026-10-07T20:17:04.1868936Z Complete job name: verify
2026-10-07T20:17:04.2685668Z ##[group]Run actions/checkout@11d5960a326750d5838078e36cf38b85af677262
2026-10-07T20:17:04.2686757Z with:
2026-10-07T20:17:04.2687195Z   repository: DD7780/Cocreate
2026-10-07T20:17:04.2690933Z   token: ***
2026-10-07T20:17:04.2691365Z   ssh-strict: true
2026-10-07T20:17:04.2691791Z   ssh-user: git
2026-10-07T20:17:04.2692260Z   persist-credentials: true
2026-10-07T20:17:04.2693154Z   clean: true
2026-10-07T20:17:04.2693613Z   sparse-checkout-cone-mode: true
2026-10-07T20:17:04.2694131Z   fetch-depth: 1
2026-10-07T20:17:04.2694559Z   fetch-tags: false
2026-10-07T20:17:04.2695018Z   show-progress: true
2026-10-07T20:17:04.2695459Z   lfs: false
2026-10-07T20:17:04.2695873Z   submodules: false
2026-10-07T20:17:04.2696317Z   set-safe-directory: true
2026-10-07T20:17:04.2696814Z   allow-unsafe-pr-checkout: false
2026-10-07T20:17:04.2697661Z ##[endgroup]
2026-10-07T20:17:04.3811251Z Syncing repository: DD7780/Cocreate
2026-10-07T20:17:04.3813707Z ##[group]Getting Git version info
2026-10-07T20:17:04.3814555Z Working directory is '/home/runner/work/Cocreate/Cocreate'
2026-10-07T20:17:04.3815627Z [command]/usr/bin/git version
2026-10-07T20:17:04.3874297Z git version 2.55.0
2026-10-07T20:17:04.3898724Z ##[endgroup]
2026-10-07T20:17:04.3915407Z Temporarily overriding HOME='/home/runner/work/_temp/89d08ee8-28de-44fc-baf0-5568506b8748' before making global git config changes
2026-10-07T20:17:04.3917860Z Adding repository directory to the temporary git global config as a safe directory
2026-10-07T20:17:04.3921025Z [command]/usr/bin/git config --global --add safe.directory /home/runner/work/Cocreate/Cocreate
2026-10-07T20:17:04.3966618Z Deleting the contents of '/home/runner/work/Cocreate/Cocreate'
2026-10-07T20:17:04.3975194Z ##[group]Initializing the repository
2026-10-07T20:17:04.3981793Z [command]/usr/bin/git init /home/runner/work/Cocreate/Cocreate
2026-10-07T20:17:04.4114837Z hint: Using 'master' as the name for the initial branch. This default branch name
2026-10-07T20:17:04.4117080Z hint: will change to "main" in Git 3.0. To configure the initial branch name
2026-10-07T20:17:04.4119285Z hint: to use in all of your new repositories, which will suppress this warning,
2026-10-07T20:17:04.4120765Z hint: call:
2026-10-07T20:17:04.4122181Z hint:
2026-10-07T20:17:04.4123570Z hint: 	git config --global init.defaultBranch <name>
2026-10-07T20:17:04.4124679Z hint:
2026-10-07T20:17:04.4125301Z hint: Names commonly chosen instead of 'master' are 'main', 'trunk' and
2026-10-07T20:17:04.4126260Z hint: 'development'. The just-created branch can be renamed via this command:
2026-10-07T20:17:04.4127142Z hint:
2026-10-07T20:17:04.4127898Z hint: 	git branch -m <name>
2026-10-07T20:17:04.4128784Z hint:
2026-10-07T20:17:04.4129641Z hint: Disable this message with "git config set advice.defaultBranchName false"
2026-10-07T20:17:04.4130679Z Initialized empty Git repository in /home/runner/work/Cocreate/Cocreate/.git/
2026-10-07T20:17:04.4133097Z [command]/usr/bin/git remote add origin https://github.com/DD7780/Cocreate
2026-10-07T20:17:04.4176195Z ##[endgroup]
2026-10-07T20:17:04.4176987Z ##[group]Disabling automatic garbage collection
2026-10-07T20:17:04.4180730Z [command]/usr/bin/git config --local gc.auto 0
2026-10-07T20:17:04.4221488Z ##[endgroup]
2026-10-07T20:17:04.4222923Z ##[group]Setting up auth
2026-10-07T20:17:04.4228707Z [command]/usr/bin/git config --local --name-only --get-regexp core\.sshCommand
2026-10-07T20:17:04.4266440Z [command]/usr/bin/git submodule foreach --recursive sh -c "git config --local --name-only --get-regexp 'core\.sshCommand' && git config --local --unset-all 'core.sshCommand' || :"
2026-10-07T20:17:04.4660429Z [command]/usr/bin/git config --local --name-only --get-regexp http\.https\:\/\/github\.com\/\.extraheader
2026-10-07T20:17:04.4703614Z [command]/usr/bin/git submodule foreach --recursive sh -c "git config --local --name-only --get-regexp 'http\.https\:\/\/github\.com\/\.extraheader' && git config --local --unset-all 'http.https://github.com/.extraheader' || :"
2026-10-07T20:17:04.4991966Z [command]/usr/bin/git config --local --name-only --get-regexp ^includeIf\.gitdir:
2026-10-07T20:17:04.5033611Z [command]/usr/bin/git submodule foreach --recursive git config --local --show-origin --name-only --get-regexp remote.origin.url
2026-10-07T20:17:04.5294199Z [command]/usr/bin/git config --local http.https://github.com/.extraheader AUTHORIZATION: basic ***
2026-10-07T20:17:04.5340070Z ##[endgroup]
2026-10-07T20:17:04.5341438Z ##[group]Fetching the repository
2026-10-07T20:17:04.5351324Z [command]/usr/bin/git -c protocol.version=2 fetch --no-tags --prune --no-recurse-submodules --depth=1 origin +c5693024f9868ec5570acf122f8b31c5288ab90c:refs/remotes/origin/codex/prelaunch-beta
2026-10-07T20:17:05.4389989Z From https://github.com/DD7780/Cocreate
2026-10-07T20:17:05.4391345Z  * [new ref]         c5693024f9868ec5570acf122f8b31c5288ab90c -> origin/codex/prelaunch-beta
2026-10-07T20:17:05.4396022Z ##[endgroup]
2026-10-07T20:17:05.4397139Z ##[group]Determining the checkout info
2026-10-07T20:17:05.4399339Z ##[endgroup]
2026-10-07T20:17:05.4405662Z [command]/usr/bin/git sparse-checkout disable
2026-10-07T20:17:05.4460759Z [command]/usr/bin/git config --local --unset-all extensions.worktreeConfig
2026-10-07T20:17:05.4500231Z ##[group]Checking out the ref
2026-10-07T20:17:05.4506213Z [command]/usr/bin/git checkout --progress --force -B codex/prelaunch-beta refs/remotes/origin/codex/prelaunch-beta
2026-10-07T20:17:05.5374660Z Switched to a new branch 'codex/prelaunch-beta'
2026-10-07T20:17:05.5376770Z branch 'codex/prelaunch-beta' set up to track 'origin/codex/prelaunch-beta'.
2026-10-07T20:17:05.5388419Z ##[endgroup]
2026-10-07T20:17:05.5436310Z [command]/usr/bin/git log -1 --format=%H
2026-10-07T20:17:05.5468813Z c5693024f9868ec5570acf122f8b31c5288ab90c
2026-10-07T20:17:05.5737414Z ##[group]Run pnpm/action-setup@f40ffcd9367d9f12939873eb1018b921a783ffaa
2026-10-07T20:17:05.5738291Z with:
2026-10-07T20:17:05.5738672Z   version: 10.18.3
2026-10-07T20:17:05.5739074Z   dest: ~/setup-pnpm
2026-10-07T20:17:05.5739477Z   run_install: null
2026-10-07T20:17:05.5739881Z   cache: false
2026-10-07T20:17:05.5740300Z   cache_dependency_path: pnpm-lock.yaml
2026-10-07T20:17:05.5740822Z   package_json_file: package.json
2026-10-07T20:17:05.5741284Z   standalone: false
2026-10-07T20:17:05.5741681Z ##[endgroup]
2026-10-07T20:17:05.7343897Z ##[group]Running self-installer...
2026-10-07T20:17:06.1873449Z (node:2024) [DEP0169] DeprecationWarning: `url.parse()` behavior is not standardized and prone to errors that have security implications. Use the WHATWG URL API instead. CVEs are not issued for `url.parse()` vulnerabilities.
2026-10-07T20:17:06.1875608Z (Use `node --trace-deprecation ...` to show where the warning was created)
2026-10-07T20:17:06.4433755Z Progress: resolved 1, reused 0, downloaded 0, added 0
2026-10-07T20:17:06.4526769Z Packages: +1
2026-10-07T20:17:06.4527861Z +
2026-10-07T20:17:06.8920073Z Progress: resolved 1, reused 0, downloaded 1, added 1, done
2026-10-07T20:17:06.9169576Z 
2026-10-07T20:17:06.9170227Z dependencies:
2026-10-07T20:17:06.9171025Z + pnpm 10.18.3 (12.10.1 is available)
2026-10-07T20:17:06.9171463Z 
2026-10-07T20:17:06.9195178Z Done in 969ms
2026-10-07T20:17:06.9415207Z ##[endgroup]
2026-10-07T20:17:06.9415920Z Installation Completed!
2026-10-07T20:17:06.9629438Z ##[group]Run actions/setup-node@49933ea5288caeca8642d1e84afbd3f7d6820020
2026-10-07T20:17:06.9629889Z with:
2026-10-07T20:17:06.9630129Z   node-version: 22
2026-10-07T20:17:06.9630381Z   cache: pnpm
2026-10-07T20:17:06.9630628Z   always-auth: false
2026-10-07T20:17:06.9630892Z   check-latest: false
2026-10-07T20:17:06.9633735Z   token: ***
2026-10-07T20:17:06.9633992Z env:
2026-10-07T20:17:06.9634316Z   PNPM_HOME: /home/runner/setup-pnpm/node_modules/.bin
2026-10-07T20:17:06.9634680Z ##[endgroup]
2026-10-07T20:17:07.1190202Z Found in cache @ /opt/hostedtoolcache/node/22.23.3/x64
2026-10-07T20:17:07.1195297Z (node:2038) [DEP0040] DeprecationWarning: The `punycode` module is deprecated. Please use a userland alternative instead.
2026-10-07T20:17:07.1196261Z (Use `node --trace-deprecation ...` to show where the warning was created)
2026-10-07T20:17:07.1198320Z ##[group]Environment details
2026-10-07T20:17:07.5238178Z node: v22.23.3
2026-10-07T20:17:07.5238770Z npm: 10.9.9
2026-10-07T20:17:07.5239223Z yarn: 1.22.22
2026-10-07T20:17:07.5240042Z ##[endgroup]
2026-10-07T20:17:07.5295090Z [command]/home/runner/setup-pnpm/node_modules/.bin/pnpm store path --silent
2026-10-07T20:17:07.9410820Z /home/runner/setup-pnpm/node_modules/.bin/store/v10
2026-10-07T20:17:08.1953820Z pnpm cache is not found
2026-10-07T20:17:08.2099425Z ##[group]Run pnpm install --frozen-lockfile
2026-10-07T20:17:08.2099851Z [36;1mpnpm install --frozen-lockfile[0m
2026-10-07T20:17:08.2549477Z shell: /usr/bin/bash -e {0}
2026-10-07T20:17:08.2549813Z env:
2026-10-07T20:17:08.2550086Z   PNPM_HOME: /home/runner/setup-pnpm/node_modules/.bin
2026-10-07T20:17:08.2550440Z ##[endgroup]
2026-10-07T20:17:08.6462837Z Lockfile is up to date, resolution step is skipped
2026-10-07T20:17:08.7039187Z Progress: resolved 1, reused 0, downloaded 0, added 0
2026-10-07T20:17:08.7714047Z Packages: +408
2026-10-07T20:17:08.7744015Z ++++++++++++++++++++++++++++++++++++++++++++++++++++++++++++++++++++++++++++++++
2026-10-07T20:17:09.7094800Z Progress: resolved 408, reused 0, downloaded 132, added 72
2026-10-07T20:17:10.7075019Z Progress: resolved 408, reused 0, downloaded 248, added 170
2026-10-07T20:17:11.7066682Z Progress: resolved 408, reused 0, downloaded 319, added 203
2026-10-07T20:17:12.7069923Z Progress: resolved 408, reused 0, downloaded 405, added 251
2026-10-07T20:17:13.5075682Z Progress: resolved 408, reused 0, downloaded 408, added 408, done
2026-10-07T20:17:13.6458978Z .../node_modules/@prisma/engines postinstall$ node scripts/postinstall.js
2026-10-07T20:17:13.6843156Z .../esbuild@0.25.12/node_modules/esbuild postinstall$ node install.js
2026-10-07T20:17:13.6873884Z .../esbuild@0.28.2/node_modules/esbuild postinstall$ node install.js
2026-10-07T20:17:13.6903801Z .../esbuild@0.28.1/node_modules/esbuild postinstall$ node install.js
2026-10-07T20:17:13.7864746Z .../node_modules/workerd postinstall$ node install.js
2026-10-07T20:17:13.8243776Z .../esbuild@0.25.12/node_modules/esbuild postinstall: Done
2026-10-07T20:17:13.8516005Z .../esbuild@0.28.2/node_modules/esbuild postinstall: Done
2026-10-07T20:17:13.9238950Z .../esbuild@0.28.1/node_modules/esbuild postinstall: Done
2026-10-07T20:17:13.9675307Z .../node_modules/workerd postinstall: Done
2026-10-07T20:17:14.6184669Z .../node_modules/@prisma/engines postinstall: Done
2026-10-07T20:17:14.7772419Z .../node_modules/prisma preinstall$ node scripts/preinstall-entry.js
2026-10-07T20:17:14.8462261Z .../node_modules/prisma preinstall: Done
2026-10-07T20:17:15.1429093Z 
2026-10-07T20:17:15.1429736Z dependencies:
2026-10-07T20:17:15.1430260Z + @cloudflare/containers 0.3.7
2026-10-07T20:17:15.1430847Z + @supabase/server 1.8.0
2026-10-07T20:17:15.1431411Z + @supabase/supabase-js 2.117.0
2026-10-07T20:17:15.1432077Z + @tiptap/extension-collaboration 3.31.3
2026-10-07T20:17:15.1433561Z + @tiptap/extension-collaboration-caret 3.31.3
2026-10-07T20:17:15.1434191Z + @tiptap/react 3.31.3
2026-10-07T20:17:15.1434656Z + @tiptap/starter-kit 3.31.3
2026-10-07T20:17:15.1435177Z + @vitejs/plugin-react 5.2.0
2026-10-07T20:17:15.1435649Z + cross-env 10.1.0
2026-10-07T20:17:15.1435983Z + dotenv 17.4.2
2026-10-07T20:17:15.1436380Z + esbuild 0.25.12
2026-10-07T20:17:15.1436872Z + esbuild-wasm 0.25.12
2026-10-07T20:17:15.1437251Z + express 5.2.1
2026-10-07T20:17:15.1437498Z + lucide-react 0.468.0
2026-10-07T20:17:15.1437843Z + react 19.2.8
2026-10-07T20:17:15.1438241Z + react-dom 19.2.8
2026-10-07T20:17:15.1438608Z + vite 7.3.6
2026-10-07T20:17:15.1438951Z + ws 8.21.3
2026-10-07T20:17:15.1439341Z + y-protocols 1.0.7
2026-10-07T20:17:15.1439739Z + yjs 13.6.32
2026-10-07T20:17:15.1439959Z 
2026-10-07T20:17:15.1440128Z devDependencies:
2026-10-07T20:17:15.1440426Z + @prisma/adapter-pg 7.10.0
2026-10-07T20:17:15.1440703Z + @prisma/client 7.10.0
2026-10-07T20:17:15.1440949Z + @types/express 5.0.6
2026-10-07T20:17:15.1441182Z + @types/node 22.20.1
2026-10-07T20:17:15.1441408Z + @types/pg 8.23.1
2026-10-07T20:17:15.1441625Z + @types/react 19.2.18
2026-10-07T20:17:15.1441854Z + @types/react-dom 19.2.7
2026-10-07T20:17:15.1442098Z + @types/ws 8.18.1
2026-10-07T20:17:15.1442294Z + pg 8.23.0
2026-10-07T20:17:15.1442832Z + prisma 7.10.0
2026-10-07T20:17:15.1443206Z + tsx 4.23.13
2026-10-07T20:17:15.1443607Z + typescript 5.9.3
2026-10-07T20:17:15.1444027Z + wrangler 4.131.1
2026-10-07T20:17:15.1444261Z 
2026-10-07T20:17:15.3011014Z Done in 7s using pnpm v10.18.3
2026-10-07T20:17:15.3481371Z ##[group]Run pnpm check:boundaries
2026-10-07T20:17:15.3481706Z [36;1mpnpm check:boundaries[0m
2026-10-07T20:17:15.3554706Z shell: /usr/bin/bash -e {0}
2026-10-07T20:17:15.3554963Z env:
2026-10-07T20:17:15.3555227Z   PNPM_HOME: /home/runner/setup-pnpm/node_modules/.bin
2026-10-07T20:17:15.3555579Z ##[endgroup]
2026-10-07T20:17:15.6615489Z 
2026-10-07T20:17:15.6616405Z > cocreate@1.0.0 check:boundaries /home/runner/work/Cocreate/Cocreate
2026-10-07T20:17:15.6617195Z > tsx scripts/codebase-audit.ts --check
2026-10-07T20:17:15.6617503Z 
2026-10-07T20:17:17.3866934Z Audited 138 files; 1 static candidates; 0 boundary violations.
2026-10-07T20:17:17.3868911Z Jev: 0 physical requests, 0 input tokens with known usage, known-usage estimate $0.000000; unknown requests retain their reservation.
2026-10-07T20:17:17.3870385Z Report: artifacts/codebase-audit/report.json
2026-10-07T20:17:17.4277145Z ##[group]Run pnpm build
2026-10-07T20:17:17.4277426Z [36;1mpnpm build[0m
2026-10-07T20:17:17.4349260Z shell: /usr/bin/bash -e {0}
2026-10-07T20:17:17.4349515Z env:
2026-10-07T20:17:17.4349766Z   PNPM_HOME: /home/runner/setup-pnpm/node_modules/.bin
2026-10-07T20:17:17.4350084Z ##[endgroup]
2026-10-07T20:17:17.7379870Z 
2026-10-07T20:17:17.7380628Z > cocreate@1.0.0 build /home/runner/work/Cocreate/Cocreate
2026-10-07T20:17:17.7381926Z > tsc --noEmit && vite build --configLoader runner
2026-10-07T20:17:17.7382311Z 
2026-10-07T20:17:25.3829755Z [36mvite v7.3.6 [32mbuilding client environment for production...[36m[39m
2026-10-07T20:17:25.4569596Z transforming...
2026-10-07T20:17:29.1934476Z [32m✓[39m 1749 modules transformed.
2026-10-07T20:17:29.4387414Z rendering chunks...
2026-10-07T20:17:29.6945513Z computing gzip size...
2026-10-07T20:17:29.7166280Z [2mdist/[22m[32mindex.html                           [39m[1m[2m  0.44 kB[22m[1m[22m[2m │ gzip:   0.30 kB[22m
2026-10-07T20:17:29.7167655Z [2mdist/[22m[2massets/[22m[35mApp-BqUO_rW7.css              [39m[1m[2m  2.56 kB[22m[1m[22m[2m │ gzip:   0.85 kB[22m
2026-10-07T20:17:29.7168703Z [2mdist/[22m[2massets/[22m[35mLandingPage-CNj4pefA.css      [39m[1m[2m 13.13 kB[22m[1m[22m[2m │ gzip:   2.95 kB[22m
2026-10-07T20:17:29.7170349Z [2mdist/[22m[2massets/[22m[35mindex-cyLHvudv.css            [39m[1m[2m 75.38 kB[22m[1m[22m[2m │ gzip:  14.48 kB[22m
2026-10-07T20:17:29.7171545Z [2mdist/[22m[2massets/[22m[36musers-S0nR_fpD.js             [39m[1m[2m  0.69 kB[22m[1m[22m[2m │ gzip:   0.39 kB[22m
2026-10-07T20:17:29.7173040Z [2mdist/[22m[2massets/[22m[36mcreateLucideIcon-DS0f-70M.js  [39m[1m[2m  0.89 kB[22m[1m[22m[2m │ gzip:   0.55 kB[22m
2026-10-07T20:17:29.7174021Z [2mdist/[22m[2massets/[22m[36mx-CYlEPbUI.js                 [39m[1m[2m  1.70 kB[22m[1m[22m[2m │ gzip:   0.78 kB[22m
2026-10-07T20:17:29.7175001Z [2mdist/[22m[2massets/[22m[36mLandingPage-CklZAjP2.js       [39m[1m[2m 15.33 kB[22m[1m[22m[2m │ gzip:   4.92 kB[22m
2026-10-07T20:17:29.7176108Z [2mdist/[22m[2massets/[22m[36mProjectApp-CEhcL8gy.js        [39m[1m[2m 29.68 kB[22m[1m[22m[2m │ gzip:   9.01 kB[22m
2026-10-07T20:17:29.7177045Z [2mdist/[22m[2massets/[22m[36mindex-5SCWldx6.js             [39m[1m[2m421.72 kB[22m[1m[22m[2m │ gzip: 121.23 kB[22m
2026-10-07T20:17:29.7177953Z [2mdist/[22m[2massets/[22m[36mApp-thYYHyMP.js               [39m[1m[33m583.75 kB[39m[22m[2m │ gzip: 185.76 kB[22m
2026-10-07T20:17:29.7178864Z [33m
2026-10-07T20:17:29.7179472Z (!) Some chunks are larger than 500 kB after minification. Consider:
2026-10-07T20:17:29.7179967Z - Using dynamic import() to code-split the application
2026-10-07T20:17:29.7180830Z - Use build.rollupOptions.output.manualChunks to improve chunking: https://rollupjs.org/configuration-options/#output-manualchunks
2026-10-07T20:17:29.7182104Z - Adjust chunk size limit for this warning via build.chunkSizeWarningLimit.[39m
2026-10-07T20:17:29.7183126Z [32m✓ built in 4.31s[39m
2026-10-07T20:17:29.7874817Z ##[group]Run node --input-type=module <<'NODE'
2026-10-07T20:17:29.7875472Z [36;1mnode --input-type=module <<'NODE'[0m
2026-10-07T20:17:29.7876032Z [36;1mimport fs from 'node:fs';[0m
2026-10-07T20:17:29.7876678Z [36;1mimport {spawnSync} from 'node:child_process';[0m
2026-10-07T20:17:29.7877630Z [36;1mconst {image_vars} = JSON.parse(fs.readFileSync('wrangler.jsonc', 'utf8')).containers[0];[0m
2026-10-07T20:17:29.7879013Z [36;1mconst names = ['VITE_COCREATE_AUTH_MODE', 'VITE_COCREATE_APP_ORIGIN', 'VITE_SUPABASE_URL', 'VITE_SUPABASE_PUBLISHABLE_KEY'];[0m
2026-10-07T20:17:29.7880185Z [36;1mconst args = ['build', '--tag', 'cocreate-check'];[0m
2026-10-07T20:17:29.7880761Z [36;1mfor (const name of names) {[0m
2026-10-07T20:17:29.7881633Z [36;1m  if (typeof image_vars[name] !== 'string') throw new Error(`Missing public build variable: ${name}`);[0m
2026-10-07T20:17:29.7883063Z [36;1m  args.push('--build-arg', `${name}=${image_vars[name]}`);[0m
2026-10-07T20:17:29.7883710Z [36;1m}[0m
2026-10-07T20:17:29.7884285Z [36;1mconst result = spawnSync('docker', [...args, '.'], {stdio: 'inherit'});[0m
2026-10-07T20:17:29.7885036Z [36;1mif (result.error) throw result.error;[0m
2026-10-07T20:17:29.7885640Z [36;1mprocess.exit(result.status ?? 1);[0m
2026-10-07T20:17:29.7886105Z [36;1mNODE[0m
2026-10-07T20:17:29.7991015Z shell: /usr/bin/bash -e {0}
2026-10-07T20:17:29.7991457Z env:
2026-10-07T20:17:29.7991888Z   PNPM_HOME: /home/runner/setup-pnpm/node_modules/.bin
2026-10-07T20:17:29.7992436Z ##[endgroup]
2026-10-07T20:17:30.4422336Z #0 building with "default" instance using docker driver
2026-10-07T20:17:30.4422883Z 
2026-10-07T20:17:30.4423423Z #1 [internal] load build definition from Dockerfile
2026-10-07T20:17:30.4423941Z #1 transferring dockerfile: 974B done
2026-10-07T20:17:30.4424292Z #1 DONE 0.0s
2026-10-07T20:17:30.4424442Z 
2026-10-07T20:17:30.4424815Z #2 [internal] load metadata for docker.io/library/node:22-bookworm-slim
2026-10-07T20:17:30.6801378Z #2 ...
2026-10-07T20:17:30.6801586Z 
2026-10-07T20:17:30.6801889Z #3 [auth] library/node:pull token for registry-1.docker.io
2026-10-07T20:17:30.6802293Z #3 DONE 0.0s
2026-10-07T20:17:30.8305707Z 
2026-10-07T20:17:30.8306548Z #2 [internal] load metadata for docker.io/library/node:22-bookworm-slim
2026-10-07T20:17:31.2500141Z #2 DONE 1.0s
2026-10-07T20:17:31.3671639Z 
2026-10-07T20:17:31.3672414Z #4 [internal] load .dockerignore
2026-10-07T20:17:31.3673456Z #4 transferring context: 248B done
2026-10-07T20:17:31.3674071Z #4 DONE 0.0s
2026-10-07T20:17:31.3674425Z 
2026-10-07T20:17:31.3675652Z #5 [1/9] FROM docker.io/library/node:22-bookworm-slim@sha256:c3de60bf2f9dd0ac6370e6117950ff62d6e339527e7472301c9c78a017978392
2026-10-07T20:17:31.3676709Z #5 resolve docker.io/library/node:22-bookworm-slim@sha256:c3de60bf2f9dd0ac6370e6117950ff62d6e339527e7472301c9c78a017978392 done
2026-10-07T20:17:31.3677696Z #5 sha256:c3de60bf2f9dd0ac6370e6117950ff62d6e339527e7472301c9c78a017978392 5.22kB / 5.22kB done
2026-10-07T20:17:31.3678502Z #5 sha256:efd0ab5780c2d9ab1f0f869571a00d5edb17793bff4cce4a2792e3eb0ffc7562 1.93kB / 1.93kB done
2026-10-07T20:17:31.3679328Z #5 sha256:d0a16be756b6ec6658aecb8b7bcf87fa6c7d0d7fcc6ca53ad14bb49a4c90bdd7 6.77kB / 6.77kB done
2026-10-07T20:17:31.3680084Z #5 sha256:7fd1ebe418b5079d4aa36f416af9b143d127bc75b0155d71cb5fd559b5e04d39 1.51MB / 28.25MB 0.1s
2026-10-07T20:17:31.3680895Z #5 sha256:f0400f4b55b0ad346bf6167a1b64a258e4d73db608c457798ce35e4ffeebfaaf 0B / 3.31kB 0.1s
2026-10-07T20:17:31.3681617Z #5 sha256:d22c69a95cf463f4cb74462bd2899597ce505d82bd4c01ceddf7845e12f13856 0B / 49.84MB 0.1s
2026-10-07T20:17:31.4805010Z #5 ...
2026-10-07T20:17:31.4805625Z 
2026-10-07T20:17:31.4806152Z #6 [internal] load build context
2026-10-07T20:17:31.4806792Z #6 transferring context: 16.69MB 0.2s done
2026-10-07T20:17:31.4807207Z #6 DONE 0.2s
2026-10-07T20:17:31.4807362Z 
2026-10-07T20:17:31.4808380Z #5 [1/9] FROM docker.io/library/node:22-bookworm-slim@sha256:c3de60bf2f9dd0ac6370e6117950ff62d6e339527e7472301c9c78a017978392
2026-10-07T20:17:31.4810702Z #5 sha256:7fd1ebe418b5079d4aa36f416af9b143d127bc75b0155d71cb5fd559b5e04d39 28.25MB / 28.25MB 0.2s done
2026-10-07T20:17:31.4812698Z #5 sha256:f0400f4b55b0ad346bf6167a1b64a258e4d73db608c457798ce35e4ffeebfaaf 3.31kB / 3.31kB 0.2s done
2026-10-07T20:17:31.4813956Z #5 sha256:a8de9fa052209313d8e45435a8486e29b20eebaa820e2e7f63a7c3c94b4fa567 0B / 448B 0.2s
2026-10-07T20:17:31.4814871Z #5 sha256:2cfab517365cfc6b4bd1f8c4cb01754884ef75bc38758b3c41e291c696f019f5 0B / 1.71MB 0.2s
2026-10-07T20:17:31.4815852Z #5 extracting sha256:7fd1ebe418b5079d4aa36f416af9b143d127bc75b0155d71cb5fd559b5e04d39
2026-10-07T20:17:31.5839845Z #5 sha256:d22c69a95cf463f4cb74462bd2899597ce505d82bd4c01ceddf7845e12f13856 25.17MB / 49.84MB 0.3s
2026-10-07T20:17:31.5841268Z #5 sha256:a8de9fa052209313d8e45435a8486e29b20eebaa820e2e7f63a7c3c94b4fa567 448B / 448B 0.3s done
2026-10-07T20:17:31.5842646Z #5 sha256:2cfab517365cfc6b4bd1f8c4cb01754884ef75bc38758b3c41e291c696f019f5 1.71MB / 1.71MB 0.3s done
2026-10-07T20:17:31.6982178Z #5 sha256:d22c69a95cf463f4cb74462bd2899597ce505d82bd4c01ceddf7845e12f13856 49.84MB / 49.84MB 0.4s done
2026-10-07T20:17:32.5643547Z #5 extracting sha256:7fd1ebe418b5079d4aa36f416af9b143d127bc75b0155d71cb5fd559b5e04d39 1.1s done
2026-10-07T20:17:32.7380877Z #5 extracting sha256:f0400f4b55b0ad346bf6167a1b64a258e4d73db608c457798ce35e4ffeebfaaf done
2026-10-07T20:17:34.1573137Z #5 extracting sha256:d22c69a95cf463f4cb74462bd2899597ce505d82bd4c01ceddf7845e12f13856
2026-10-07T20:17:35.5607446Z #5 extracting sha256:d22c69a95cf463f4cb74462bd2899597ce505d82bd4c01ceddf7845e12f13856 1.3s done
2026-10-07T20:17:35.5608777Z #5 extracting sha256:2cfab517365cfc6b4bd1f8c4cb01754884ef75bc38758b3c41e291c696f019f5
2026-10-07T20:17:35.7871342Z #5 extracting sha256:2cfab517365cfc6b4bd1f8c4cb01754884ef75bc38758b3c41e291c696f019f5 0.0s done
2026-10-07T20:17:35.7873138Z #5 extracting sha256:a8de9fa052209313d8e45435a8486e29b20eebaa820e2e7f63a7c3c94b4fa567 done
2026-10-07T20:17:35.7874041Z #5 DONE 4.4s
2026-10-07T20:17:35.7874270Z 
2026-10-07T20:17:35.7874527Z #7 [2/9] WORKDIR /app
2026-10-07T20:17:35.7875072Z #7 DONE 0.0s
2026-10-07T20:17:35.7875398Z 
2026-10-07T20:17:35.7875823Z #8 [3/9] RUN corepack enable
2026-10-07T20:17:35.8653494Z #8 DONE 0.2s
2026-10-07T20:17:36.0161876Z 
2026-10-07T20:17:36.0163481Z #9 [4/9] RUN apt-get update && apt-get install -y --no-install-recommends bubblewrap util-linux chromium && rm -rf /var/lib/apt/lists/*
2026-10-07T20:17:36.0485952Z #9 0.182 Get:1 http://deb.debian.org/debian bookworm InRelease [151 kB]
2026-10-07T20:17:36.1806410Z #9 0.192 Get:2 http://deb.debian.org/debian bookworm-updates InRelease [55.4 kB]
2026-10-07T20:17:36.1807695Z #9 0.192 Get:3 http://deb.debian.org/debian-security bookworm-security InRelease [34.8 kB]
2026-10-07T20:17:36.1808887Z #9 0.254 Get:4 http://deb.debian.org/debian bookworm/main amd64 Packages [8790 kB]
2026-10-07T20:17:36.1810058Z #9 0.314 Get:5 http://deb.debian.org/debian bookworm-updates/main amd64 Packages [6924 B]
2026-10-07T20:17:36.3806225Z #9 0.363 Get:6 http://deb.debian.org/debian-security bookworm-security/main amd64 Packages [349 kB]
2026-10-07T20:17:36.9384865Z #9 1.072 Fetched 9388 kB in 1s (10.5 MB/s)
2026-10-07T20:17:37.3710855Z #9 1.072 Reading package lists...
2026-10-07T20:17:37.8173590Z #9 1.523 Reading package lists...
2026-10-07T20:17:37.9430420Z #9 1.964 Building dependency tree...
2026-10-07T20:17:38.0530341Z #9 2.077 Reading state information...
2026-10-07T20:17:38.0531217Z #9 2.187 util-linux is already the newest version (2.38.1-5+deb12u3).
2026-10-07T20:17:38.0535418Z #9 2.187 util-linux set to manually installed.
2026-10-07T20:17:38.0536488Z #9 2.187 The following additional packages will be installed:
2026-10-07T20:17:38.0537330Z #9 2.187   adwaita-icon-theme at-spi2-common chromium-common dbus dbus-bin dbus-daemon
2026-10-07T20:17:38.0537997Z #9 2.187   dbus-session-bus-common dbus-system-bus-common dbus-user-session
2026-10-07T20:17:38.0538809Z #9 2.187   dconf-gsettings-backend dconf-service dmsetup fontconfig fontconfig-config
2026-10-07T20:17:38.2051368Z #9 2.187   fonts-dejavu-core gtk-update-icon-cache hicolor-icon-theme libapparmor1
2026-10-07T20:17:38.2052973Z #9 2.187   libargon2-1 libasound2 libasound2-data libasyncns0 libatk-bridge2.0-0
2026-10-07T20:17:38.2053828Z #9 2.187   libatk1.0-0 libatspi2.0-0 libavahi-client3 libavahi-common-data
2026-10-07T20:17:38.2054707Z #9 2.187   libavahi-common3 libbrotli1 libbsd0 libcairo-gobject2 libcairo2 libcolord2
2026-10-07T20:17:38.2055537Z #9 2.187   libcryptsetup12 libcups2 libdatrie1 libdav1d6 libdbus-1-3 libdconf1
2026-10-07T20:17:38.2056332Z #9 2.187   libdeflate0 libdevmapper1.02.1 libdouble-conversion3 libdrm-amdgpu1
2026-10-07T20:17:38.2057196Z #9 2.187   libdrm-common libdrm-intel1 libdrm-nouveau2 libdrm-radeon1 libdrm2 libedit2
2026-10-07T20:17:38.2058059Z #9 2.187   libelf1 libepoxy0 libexpat1 libfdisk1 libflac12 libfontconfig1 libfontenc1
2026-10-07T20:17:38.2058935Z #9 2.187   libfreetype6 libfribidi0 libgbm1 libgdk-pixbuf-2.0-0 libgdk-pixbuf2.0-common
2026-10-07T20:17:38.2059684Z #9 2.187   libgl1 libgl1-mesa-dri libglapi-mesa libglib2.0-0 libglvnd0 libglx-mesa0
2026-10-07T20:17:38.2060365Z #9 2.187   libglx0 libgraphite2-3 libgssapi-krb5-2 libgtk-3-0 libgtk-3-common
2026-10-07T20:17:38.2061045Z #9 2.187   libharfbuzz-subset0 libharfbuzz0b libice6 libicu72 libip4tc2 libjbig0
2026-10-07T20:17:38.2061747Z #9 2.187   libjpeg62-turbo libjson-c5 libk5crypto3 libkeyutils1 libkmod2 libkrb5-3
2026-10-07T20:17:38.2062995Z #9 2.187   libkrb5support0 liblcms2-2 liblerc4 libllvm15 libminizip1 libmp3lame0
2026-10-07T20:17:38.2063729Z #9 2.187   libmpg123-0 libncursesw6 libnspr4 libnss3 libogg0 libopenh264-7 libopenjp2-7
2026-10-07T20:17:38.2064479Z #9 2.187   libopus0 libpam-systemd libpango-1.0-0 libpangocairo-1.0-0 libpangoft2-1.0-0
2026-10-07T20:17:38.2065158Z #9 2.187   libpciaccess0 libpixman-1-0 libpng16-16 libproc2-0 libpulse0
2026-10-07T20:17:38.2065807Z #9 2.187   libsensors-config libsensors5 libsm6 libsndfile1 libsqlite3-0 libssl3
2026-10-07T20:17:38.2066523Z #9 2.187   libsystemd-shared libthai-data libthai0 libtiff6 libvorbis0a libvorbisenc2
2026-10-07T20:17:38.2067253Z #9 2.187   libwayland-client0 libwayland-cursor0 libwayland-egl1 libwayland-server0
2026-10-07T20:17:38.2067957Z #9 2.187   libwebp7 libx11-6 libx11-data libx11-xcb1 libxau6 libxaw7 libxcb-dri2-0
2026-10-07T20:17:38.2068654Z #9 2.187   libxcb-dri3-0 libxcb-glx0 libxcb-present0 libxcb-randr0 libxcb-render0
2026-10-07T20:17:38.2069315Z #9 2.187   libxcb-shape0 libxcb-shm0 libxcb-sync1 libxcb-xfixes0 libxcb1 libxcomposite1
2026-10-07T20:17:38.2069948Z #9 2.187   libxcursor1 libxdamage1 libxdmcp6 libxext6 libxfixes3 libxft2 libxi6
2026-10-07T20:17:38.2070559Z #9 2.187   libxinerama1 libxkbcommon0 libxkbfile1 libxml2 libxmu6 libxmuu1 libxnvctrl0
2026-10-07T20:17:38.2071157Z #9 2.187   libxpm4 libxrandr2 libxrender1 libxshmfence1 libxt6 libxtst6 libxv1
2026-10-07T20:17:38.2071720Z #9 2.188   libxxf86dga1 libxxf86vm1 libz3-4 procps shared-mime-info systemd
2026-10-07T20:17:38.2072232Z #9 2.188   systemd-sysv x11-common x11-utils xdg-utils xkb-data
2026-10-07T20:17:38.2072857Z #9 2.189 Suggested packages:
2026-10-07T20:17:38.2073333Z #9 2.189   chromium-l10n chromium-shell chromium-driver libasound2-plugins alsa-utils
2026-10-07T20:17:38.2073969Z #9 2.189   colord cups-common low-memory-monitor krb5-doc krb5-user gvfs liblcms2-utils
2026-10-07T20:17:38.2074604Z #9 2.189   opus-tools pciutils pulseaudio lm-sensors systemd-container systemd-homed
2026-10-07T20:17:38.2075212Z #9 2.189   systemd-userdbd systemd-boot systemd-resolved libfido2-1 libqrencode4
2026-10-07T20:17:38.2075794Z #9 2.189   libtss2-esys-3.0.2-0 libtss2-mu0 libtss2-rc0 polkitd | policykit-1
2026-10-07T20:17:38.2076174Z #9 2.189   mesa-utils
2026-10-07T20:17:38.2076421Z #9 2.189 Recommended packages:
2026-10-07T20:17:38.2076847Z #9 2.189   librsvg2-common upower udev fonts-liberation notification-daemon
2026-10-07T20:17:38.2077432Z #9 2.189   system-config-printer alsa-ucm-conf alsa-topology-conf at-spi2-core
2026-10-07T20:17:38.2078258Z #9 2.189   libgdk-pixbuf2.0-bin libglib2.0-data xdg-user-dirs libgtk-3-bin krb5-locales
2026-10-07T20:17:38.2078859Z #9 2.189   libgpm2 psmisc systemd-timesyncd | time-daemon libnss-systemd
2026-10-07T20:17:38.2079386Z #9 2.189   libfile-mimeinfo-perl libnet-dbus-perl libx11-protocol-perl
2026-10-07T20:17:38.2079772Z #9 2.189   x11-xserver-utils
2026-10-07T20:17:38.6751796Z #9 2.809 The following NEW packages will be installed:
2026-10-07T20:17:38.6753055Z #9 2.809   adwaita-icon-theme at-spi2-common bubblewrap chromium chromium-common dbus
2026-10-07T20:17:38.6754170Z #9 2.809   dbus-bin dbus-daemon dbus-session-bus-common dbus-system-bus-common
2026-10-07T20:17:38.6755252Z #9 2.809   dbus-user-session dconf-gsettings-backend dconf-service dmsetup fontconfig
2026-10-07T20:17:38.8133860Z #9 2.809   fontconfig-config fonts-dejavu-core gtk-update-icon-cache hicolor-icon-theme
2026-10-07T20:17:38.8135369Z #9 2.809   libapparmor1 libargon2-1 libasound2 libasound2-data libasyncns0
2026-10-07T20:17:38.8136671Z #9 2.809   libatk-bridge2.0-0 libatk1.0-0 libatspi2.0-0 libavahi-client3
2026-10-07T20:17:38.8137807Z #9 2.809   libavahi-common-data libavahi-common3 libbrotli1 libbsd0 libcairo-gobject2
2026-10-07T20:17:38.8138607Z #9 2.809   libcairo2 libcolord2 libcryptsetup12 libcups2 libdatrie1 libdav1d6
2026-10-07T20:17:38.8139316Z #9 2.809   libdbus-1-3 libdconf1 libdeflate0 libdevmapper1.02.1 libdouble-conversion3
2026-10-07T20:17:38.8140331Z #9 2.809   libdrm-amdgpu1 libdrm-common libdrm-intel1 libdrm-nouveau2 libdrm-radeon1
2026-10-07T20:17:38.8141022Z #9 2.809   libdrm2 libedit2 libelf1 libepoxy0 libexpat1 libfdisk1 libflac12
2026-10-07T20:17:38.8141585Z #9 2.809   libfontconfig1 libfontenc1 libfreetype6 libfribidi0 libgbm1
2026-10-07T20:17:38.8142139Z #9 2.809   libgdk-pixbuf-2.0-0 libgdk-pixbuf2.0-common libgl1 libgl1-mesa-dri
2026-10-07T20:17:38.8143289Z #9 2.809   libglapi-mesa libglib2.0-0 libglvnd0 libglx-mesa0 libglx0 libgraphite2-3
2026-10-07T20:17:38.8144338Z #9 2.809   libgssapi-krb5-2 libgtk-3-0 libgtk-3-common libharfbuzz-subset0
2026-10-07T20:17:38.8145440Z #9 2.809   libharfbuzz0b libice6 libicu72 libip4tc2 libjbig0 libjpeg62-turbo libjson-c5
2026-10-07T20:17:38.8146562Z #9 2.809   libk5crypto3 libkeyutils1 libkmod2 libkrb5-3 libkrb5support0 liblcms2-2
2026-10-07T20:17:38.8147710Z #9 2.809   liblerc4 libllvm15 libminizip1 libmp3lame0 libmpg123-0 libncursesw6 libnspr4
2026-10-07T20:17:38.8148783Z #9 2.809   libnss3 libogg0 libopenh264-7 libopenjp2-7 libopus0 libpam-systemd
2026-10-07T20:17:38.8149792Z #9 2.809   libpango-1.0-0 libpangocairo-1.0-0 libpangoft2-1.0-0 libpciaccess0
2026-10-07T20:17:38.8150867Z #9 2.810   libpixman-1-0 libpng16-16 libproc2-0 libpulse0 libsensors-config libsensors5
2026-10-07T20:17:38.8151963Z #9 2.810   libsm6 libsndfile1 libsqlite3-0 libssl3 libsystemd-shared libthai-data
2026-10-07T20:17:38.8153149Z #9 2.810   libthai0 libtiff6 libvorbis0a libvorbisenc2 libwayland-client0
2026-10-07T20:17:38.8154198Z #9 2.810   libwayland-cursor0 libwayland-egl1 libwayland-server0 libwebp7 libx11-6
2026-10-07T20:17:38.8155271Z #9 2.810   libx11-data libx11-xcb1 libxau6 libxaw7 libxcb-dri2-0 libxcb-dri3-0
2026-10-07T20:17:38.8156311Z #9 2.810   libxcb-glx0 libxcb-present0 libxcb-randr0 libxcb-render0 libxcb-shape0
2026-10-07T20:17:38.8157418Z #9 2.810   libxcb-shm0 libxcb-sync1 libxcb-xfixes0 libxcb1 libxcomposite1 libxcursor1
2026-10-07T20:17:38.8158332Z #9 2.810   libxdamage1 libxdmcp6 libxext6 libxfixes3 libxft2 libxi6 libxinerama1
2026-10-07T20:17:38.8159596Z #9 2.810   libxkbcommon0 libxkbfile1 libxml2 libxmu6 libxmuu1 libxnvctrl0 libxpm4
2026-10-07T20:17:38.8161321Z #9 2.810   libxrandr2 libxrender1 libxshmfence1 libxt6 libxtst6 libxv1 libxxf86dga1
2026-10-07T20:17:38.8162752Z #9 2.810   libxxf86vm1 libz3-4 procps shared-mime-info systemd systemd-sysv x11-common
2026-10-07T20:17:38.8163320Z #9 2.810   x11-utils xdg-utils xkb-data
2026-10-07T20:17:38.8163839Z #9 2.839 0 upgraded, 175 newly installed, 0 to remove and 1 not upgraded.
2026-10-07T20:17:38.8164271Z #9 2.839 Need to get 206 MB of archives.
2026-10-07T20:17:38.8164936Z #9 2.839 After this operation, 733 MB of additional disk space will be used.
2026-10-07T20:17:38.8165748Z #9 2.839 Get:1 http://deb.debian.org/debian-security bookworm-security/main amd64 libssl3 amd64 3.0.22-1~deb12u1 [2039 kB]
2026-10-07T20:17:38.8166634Z #9 2.850 Get:2 http://deb.debian.org/debian bookworm/main amd64 libargon2-1 amd64 0~20171227-0.3+deb12u1 [19.4 kB]
2026-10-07T20:17:38.8167430Z #9 2.851 Get:3 http://deb.debian.org/debian bookworm/main amd64 dmsetup amd64 2:1.02.185-2 [82.0 kB]
2026-10-07T20:17:38.8168309Z #9 2.852 Get:4 http://deb.debian.org/debian bookworm/main amd64 libdevmapper1.02.1 amd64 2:1.02.185-2 [133 kB]
2026-10-07T20:17:38.8169074Z #9 2.852 Get:5 http://deb.debian.org/debian bookworm/main amd64 libjson-c5 amd64 0.16-2 [44.1 kB]
2026-10-07T20:17:38.8169839Z #9 2.857 Get:6 http://deb.debian.org/debian bookworm/main amd64 libcryptsetup12 amd64 2:2.6.1-4~deb12u2 [223 kB]
2026-10-07T20:17:38.8170620Z #9 2.860 Get:7 http://deb.debian.org/debian bookworm/main amd64 libfdisk1 amd64 2.38.1-5+deb12u3 [194 kB]
2026-10-07T20:17:38.8171379Z #9 2.861 Get:8 http://deb.debian.org/debian bookworm/main amd64 libkmod2 amd64 30+20221128-1 [57.9 kB]
2026-10-07T20:17:38.8172110Z #9 2.862 Get:9 http://deb.debian.org/debian bookworm/main amd64 libapparmor1 amd64 3.0.8-3 [41.2 kB]
2026-10-07T20:17:38.8173094Z #9 2.862 Get:10 http://deb.debian.org/debian bookworm/main amd64 libip4tc2 amd64 1.8.9-2 [19.0 kB]
2026-10-07T20:17:38.8174051Z #9 2.866 Get:11 http://deb.debian.org/debian bookworm/main amd64 libsystemd-shared amd64 252.39-1~deb12u2 [1696 kB]
2026-10-07T20:17:38.8174853Z #9 2.874 Get:12 http://deb.debian.org/debian bookworm/main amd64 systemd amd64 252.39-1~deb12u2 [3044 kB]
2026-10-07T20:17:38.8175627Z #9 2.886 Get:13 http://deb.debian.org/debian bookworm/main amd64 systemd-sysv amd64 252.39-1~deb12u2 [42.9 kB]
2026-10-07T20:17:38.8176408Z #9 2.887 Get:14 http://deb.debian.org/debian bookworm/main amd64 libdbus-1-3 amd64 1.14.10-1~deb12u1 [201 kB]
2026-10-07T20:17:38.8177222Z #9 2.888 Get:15 http://deb.debian.org/debian bookworm/main amd64 dbus-bin amd64 1.14.10-1~deb12u1 [105 kB]
2026-10-07T20:17:38.8178063Z #9 2.888 Get:16 http://deb.debian.org/debian bookworm/main amd64 dbus-session-bus-common all 1.14.10-1~deb12u1 [78.2 kB]
2026-10-07T20:17:38.8179033Z #9 2.889 Get:17 http://deb.debian.org/debian-security bookworm-security/main amd64 libexpat1 amd64 2.5.0-1+deb12u4 [106 kB]
2026-10-07T20:17:38.8179879Z #9 2.890 Get:18 http://deb.debian.org/debian bookworm/main amd64 dbus-daemon amd64 1.14.10-1~deb12u1 [184 kB]
2026-10-07T20:17:38.8180716Z #9 2.891 Get:19 http://deb.debian.org/debian bookworm/main amd64 dbus-system-bus-common all 1.14.10-1~deb12u1 [79.3 kB]
2026-10-07T20:17:38.8181509Z #9 2.891 Get:20 http://deb.debian.org/debian bookworm/main amd64 dbus amd64 1.14.10-1~deb12u1 [97.4 kB]
2026-10-07T20:17:38.8182221Z #9 2.892 Get:21 http://deb.debian.org/debian bookworm/main amd64 libncursesw6 amd64 6.4-4 [134 kB]
2026-10-07T20:17:38.8183200Z #9 2.893 Get:22 http://deb.debian.org/debian bookworm/main amd64 libproc2-0 amd64 2:4.0.2-3 [62.8 kB]
2026-10-07T20:17:38.8183905Z #9 2.893 Get:23 http://deb.debian.org/debian bookworm/main amd64 procps amd64 2:4.0.2-3 [709 kB]
2026-10-07T20:17:38.8184665Z #9 2.897 Get:24 http://deb.debian.org/debian bookworm/main amd64 libpam-systemd amd64 252.39-1~deb12u2 [226 kB]
2026-10-07T20:17:38.8185444Z #9 2.898 Get:25 http://deb.debian.org/debian bookworm/main amd64 hicolor-icon-theme all 0.17-2 [11.4 kB]
2026-10-07T20:17:38.8186289Z #9 2.899 Get:26 http://deb.debian.org/debian bookworm/main amd64 libgdk-pixbuf2.0-common all 2.42.10+dfsg-1+deb12u4 [307 kB]
2026-10-07T20:17:38.8187197Z #9 2.901 Get:27 http://deb.debian.org/debian bookworm/main amd64 libglib2.0-0 amd64 2.74.6-2+deb12u9 [1403 kB]
2026-10-07T20:17:38.8187958Z #9 2.907 Get:28 http://deb.debian.org/debian bookworm/main amd64 libicu72 amd64 72.1-3+deb12u1 [9376 kB]
2026-10-07T20:17:38.8188729Z #9 2.947 Get:29 http://deb.debian.org/debian bookworm/main amd64 libxml2 amd64 2.9.14+dfsg-1.3~deb12u6 [689 kB]
2026-10-07T20:17:38.9139525Z #9 2.950 Get:30 http://deb.debian.org/debian bookworm/main amd64 shared-mime-info amd64 2.2-1 [729 kB]
2026-10-07T20:17:38.9141226Z #9 2.954 Get:31 http://deb.debian.org/debian bookworm/main amd64 libjpeg62-turbo amd64 1:2.1.5-2 [166 kB]
2026-10-07T20:17:38.9143661Z #9 2.955 Get:32 http://deb.debian.org/debian-security bookworm-security/main amd64 libpng16-16 amd64 1.6.39-2+deb12u6 [277 kB]
2026-10-07T20:17:38.9144875Z #9 2.956 Get:33 http://deb.debian.org/debian bookworm/main amd64 libdeflate0 amd64 1.14-1 [61.4 kB]
2026-10-07T20:17:38.9146472Z #9 2.956 Get:34 http://deb.debian.org/debian bookworm/main amd64 libjbig0 amd64 2.1-6.1 [31.7 kB]
2026-10-07T20:17:38.9148211Z #9 2.957 Get:35 http://deb.debian.org/debian bookworm/main amd64 liblerc4 amd64 4.0.0+ds-2 [170 kB]
2026-10-07T20:17:38.9150335Z #9 2.958 Get:36 http://deb.debian.org/debian bookworm/main amd64 libwebp7 amd64 1.2.4-0.2+deb12u1 [286 kB]
2026-10-07T20:17:38.9151730Z #9 2.959 Get:37 http://deb.debian.org/debian bookworm/main amd64 libtiff6 amd64 4.5.0-6+deb12u4 [316 kB]
2026-10-07T20:17:38.9153488Z #9 2.961 Get:38 http://deb.debian.org/debian bookworm/main amd64 libgdk-pixbuf-2.0-0 amd64 2.42.10+dfsg-1+deb12u4 [139 kB]
2026-10-07T20:17:38.9155011Z #9 2.962 Get:39 http://deb.debian.org/debian bookworm/main amd64 gtk-update-icon-cache amd64 3.24.38-2~deb12u3 [44.2 kB]
2026-10-07T20:17:38.9157539Z #9 2.962 Get:40 http://deb.debian.org/debian bookworm/main amd64 adwaita-icon-theme all 43-1 [5124 kB]
2026-10-07T20:17:38.9158349Z #9 2.983 Get:41 http://deb.debian.org/debian bookworm/main amd64 at-spi2-common all 2.46.0-5 [162 kB]
2026-10-07T20:17:38.9159121Z #9 2.984 Get:42 http://deb.debian.org/debian bookworm/main amd64 bubblewrap amd64 0.8.0-2+deb12u1 [47.3 kB]
2026-10-07T20:17:38.9159907Z #9 2.986 Get:43 http://deb.debian.org/debian bookworm/main amd64 libasound2-data all 1.2.8-1 [20.5 kB]
2026-10-07T20:17:38.9160659Z #9 2.986 Get:44 http://deb.debian.org/debian bookworm/main amd64 libasound2 amd64 1.2.8-1+b1 [362 kB]
2026-10-07T20:17:38.9161630Z #9 2.987 Get:45 http://deb.debian.org/debian bookworm/main amd64 libatk1.0-0 amd64 2.46.0-5 [49.6 kB]
2026-10-07T20:17:38.9162409Z #9 2.987 Get:46 http://deb.debian.org/debian bookworm/main amd64 libxau6 amd64 1:1.0.9-1 [19.7 kB]
2026-10-07T20:17:38.9163990Z #9 2.988 Get:47 http://deb.debian.org/debian bookworm/main amd64 libbsd0 amd64 0.11.7-2 [117 kB]
2026-10-07T20:17:38.9165682Z #9 2.989 Get:48 http://deb.debian.org/debian bookworm/main amd64 libxdmcp6 amd64 1:1.1.2-3 [26.3 kB]
2026-10-07T20:17:38.9166638Z #9 2.989 Get:49 http://deb.debian.org/debian bookworm/main amd64 libxcb1 amd64 1.15-1 [144 kB]
2026-10-07T20:17:38.9167392Z #9 2.990 Get:50 http://deb.debian.org/debian bookworm/main amd64 libx11-data all 2:1.8.4-2+deb12u2 [292 kB]
2026-10-07T20:17:38.9168163Z #9 2.991 Get:51 http://deb.debian.org/debian bookworm/main amd64 libx11-6 amd64 2:1.8.4-2+deb12u2 [760 kB]
2026-10-07T20:17:38.9168899Z #9 2.994 Get:52 http://deb.debian.org/debian bookworm/main amd64 libxext6 amd64 2:1.3.4-1+b1 [52.9 kB]
2026-10-07T20:17:38.9170055Z #9 2.997 Get:53 http://deb.debian.org/debian bookworm/main amd64 libxi6 amd64 2:1.8-1+b1 [84.2 kB]
2026-10-07T20:17:38.9171514Z #9 2.998 Get:54 http://deb.debian.org/debian bookworm/main amd64 libatspi2.0-0 amd64 2.46.0-5 [75.4 kB]
2026-10-07T20:17:38.9173108Z #9 3.000 Get:55 http://deb.debian.org/debian bookworm/main amd64 libatk-bridge2.0-0 amd64 2.46.0-5 [64.6 kB]
2026-10-07T20:17:38.9173893Z #9 3.001 Get:56 http://deb.debian.org/debian bookworm/main amd64 libbrotli1 amd64 1.0.9-2+b6 [275 kB]
2026-10-07T20:17:38.9174674Z #9 3.003 Get:57 http://deb.debian.org/debian bookworm/main amd64 libfreetype6 amd64 2.12.1+dfsg-5+deb12u4 [398 kB]
2026-10-07T20:17:38.9175445Z #9 3.013 Get:58 http://deb.debian.org/debian bookworm/main amd64 fonts-dejavu-core all 2.37-6 [1068 kB]
2026-10-07T20:17:38.9176201Z #9 3.030 Get:59 http://deb.debian.org/debian bookworm/main amd64 fontconfig-config amd64 2.14.1-4 [315 kB]
2026-10-07T20:17:38.9177160Z #9 3.032 Get:60 http://deb.debian.org/debian bookworm/main amd64 libfontconfig1 amd64 2.14.1-4 [386 kB]
2026-10-07T20:17:38.9177906Z #9 3.034 Get:61 http://deb.debian.org/debian bookworm/main amd64 libpixman-1-0 amd64 0.42.2-1 [546 kB]
2026-10-07T20:17:38.9178634Z #9 3.037 Get:62 http://deb.debian.org/debian bookworm/main amd64 libxcb-render0 amd64 1.15-1 [115 kB]
2026-10-07T20:17:38.9179344Z #9 3.038 Get:63 http://deb.debian.org/debian bookworm/main amd64 libxcb-shm0 amd64 1.15-1 [105 kB]
2026-10-07T20:17:38.9180090Z #9 3.039 Get:64 http://deb.debian.org/debian bookworm/main amd64 libxrender1 amd64 1:0.9.10-1.1 [33.2 kB]
2026-10-07T20:17:38.9180813Z #9 3.044 Get:65 http://deb.debian.org/debian bookworm/main amd64 libcairo2 amd64 1.16.0-7 [575 kB]
2026-10-07T20:17:38.9181585Z #9 3.047 Get:66 http://deb.debian.org/debian bookworm/main amd64 libavahi-common-data amd64 0.8-10+deb12u1 [107 kB]
2026-10-07T20:17:38.9182684Z #9 3.048 Get:67 http://deb.debian.org/debian bookworm/main amd64 libavahi-common3 amd64 0.8-10+deb12u1 [42.1 kB]
2026-10-07T20:17:39.0189120Z #9 3.049 Get:68 http://deb.debian.org/debian bookworm/main amd64 libavahi-client3 amd64 0.8-10+deb12u1 [45.8 kB]
2026-10-07T20:17:39.0191166Z #9 3.050 Get:69 http://deb.debian.org/debian bookworm/main amd64 libkrb5support0 amd64 1.20.1-2+deb12u5 [33.2 kB]
2026-10-07T20:17:39.0193154Z #9 3.051 Get:70 http://deb.debian.org/debian bookworm/main amd64 libk5crypto3 amd64 1.20.1-2+deb12u5 [79.7 kB]
2026-10-07T20:17:39.0194868Z #9 3.051 Get:71 http://deb.debian.org/debian bookworm/main amd64 libkeyutils1 amd64 1.6.3-2 [8808 B]
2026-10-07T20:17:39.0196317Z #9 3.053 Get:72 http://deb.debian.org/debian bookworm/main amd64 libkrb5-3 amd64 1.20.1-2+deb12u5 [332 kB]
2026-10-07T20:17:39.0197690Z #9 3.053 Get:73 http://deb.debian.org/debian bookworm/main amd64 libgssapi-krb5-2 amd64 1.20.1-2+deb12u5 [135 kB]
2026-10-07T20:17:39.0199147Z #9 3.054 Get:74 http://deb.debian.org/debian bookworm/main amd64 libcups2 amd64 2.4.2-3+deb12u9 [245 kB]
2026-10-07T20:17:39.0200602Z #9 3.056 Get:75 http://deb.debian.org/debian bookworm/main amd64 libdav1d6 amd64 1.0.0-2+deb12u1 [513 kB]
2026-10-07T20:17:39.0201971Z #9 3.059 Get:76 http://deb.debian.org/debian bookworm/main amd64 libdouble-conversion3 amd64 3.2.1-1 [41.5 kB]
2026-10-07T20:17:39.0203598Z #9 3.060 Get:77 http://deb.debian.org/debian bookworm/main amd64 libogg0 amd64 1.3.5-3 [23.4 kB]
2026-10-07T20:17:39.0204832Z #9 3.060 Get:78 http://deb.debian.org/debian bookworm/main amd64 libflac12 amd64 1.4.2+ds-2 [198 kB]
2026-10-07T20:17:39.0206125Z #9 3.061 Get:79 http://deb.debian.org/debian bookworm/main amd64 libdrm-common all 2.4.114-1 [7112 B]
2026-10-07T20:17:39.0207454Z #9 3.061 Get:80 http://deb.debian.org/debian bookworm/main amd64 libdrm2 amd64 2.4.114-1+b1 [37.5 kB]
2026-10-07T20:17:39.0208878Z #9 3.062 Get:81 http://deb.debian.org/debian bookworm/main amd64 libwayland-server0 amd64 1.21.0-1 [35.9 kB]
2026-10-07T20:17:39.0210346Z #9 3.062 Get:82 http://deb.debian.org/debian bookworm/main amd64 libgbm1 amd64 22.3.6-1+deb12u2 [38.1 kB]
2026-10-07T20:17:39.0211765Z #9 3.063 Get:83 http://deb.debian.org/debian bookworm/main amd64 libgraphite2-3 amd64 1.3.14-1+deb12u1 [74.6 kB]
2026-10-07T20:17:39.0213478Z #9 3.064 Get:84 http://deb.debian.org/debian bookworm/main amd64 libharfbuzz0b amd64 6.0.0+dfsg-3 [1945 kB]
2026-10-07T20:17:39.0214966Z #9 3.073 Get:85 http://deb.debian.org/debian bookworm/main amd64 libharfbuzz-subset0 amd64 6.0.0+dfsg-3 [1931 kB]
2026-10-07T20:17:39.0216393Z #9 3.084 Get:86 http://deb.debian.org/debian bookworm/main amd64 liblcms2-2 amd64 2.14-2+deb12u1 [154 kB]
2026-10-07T20:17:39.0217722Z #9 3.085 Get:87 http://deb.debian.org/debian bookworm/main amd64 libminizip1 amd64 1.1-8+deb12u1 [20.1 kB]
2026-10-07T20:17:39.0218994Z #9 3.085 Get:88 http://deb.debian.org/debian bookworm/main amd64 libnspr4 amd64 2:4.35-1 [113 kB]
2026-10-07T20:17:39.0220313Z #9 3.087 Get:89 http://deb.debian.org/debian bookworm/main amd64 libsqlite3-0 amd64 3.40.1-2+deb12u2 [839 kB]
2026-10-07T20:17:39.0222287Z #9 3.091 Get:90 http://deb.debian.org/debian-security bookworm-security/main amd64 libnss3 amd64 2:3.87.1-1+deb12u4 [1331 kB]
2026-10-07T20:17:39.0224217Z #9 3.095 Get:91 http://deb.debian.org/debian bookworm/main amd64 libopenh264-7 amd64 2.3.1+dfsg-3+deb12u2 [393 kB]
2026-10-07T20:17:39.0225631Z #9 3.097 Get:92 http://deb.debian.org/debian bookworm/main amd64 libopenjp2-7 amd64 2.5.0-2+deb12u3 [189 kB]
2026-10-07T20:17:39.0226954Z #9 3.098 Get:93 http://deb.debian.org/debian bookworm/main amd64 libopus0 amd64 1.3.1-3 [195 kB]
2026-10-07T20:17:39.0228143Z #9 3.099 Get:94 http://deb.debian.org/debian bookworm/main amd64 fontconfig amd64 2.14.1-4 [449 kB]
2026-10-07T20:17:39.0229426Z #9 3.102 Get:95 http://deb.debian.org/debian bookworm/main amd64 libfribidi0 amd64 1.0.8-2.1 [65.0 kB]
2026-10-07T20:17:39.0230660Z #9 3.103 Get:96 http://deb.debian.org/debian bookworm/main amd64 libthai-data all 0.1.29-1 [176 kB]
2026-10-07T20:17:39.0232009Z #9 3.104 Get:97 http://deb.debian.org/debian bookworm/main amd64 libdatrie1 amd64 0.2.13-2+b1 [43.3 kB]
2026-10-07T20:17:39.0233561Z #9 3.104 Get:98 http://deb.debian.org/debian bookworm/main amd64 libthai0 amd64 0.1.29-1 [57.5 kB]
2026-10-07T20:17:39.0234951Z #9 3.105 Get:99 http://deb.debian.org/debian bookworm/main amd64 libpango-1.0-0 amd64 1.50.12+ds-1 [212 kB]
2026-10-07T20:17:39.0236323Z #9 3.106 Get:100 http://deb.debian.org/debian bookworm/main amd64 libasyncns0 amd64 0.8-6+b3 [12.9 kB]
2026-10-07T20:17:39.0237841Z #9 3.107 Get:101 http://deb.debian.org/debian bookworm/main amd64 libmp3lame0 amd64 3.100-6 [365 kB]
2026-10-07T20:17:39.0239227Z #9 3.109 Get:102 http://deb.debian.org/debian bookworm/main amd64 libmpg123-0 amd64 1.31.2-1+deb12u1 [147 kB]
2026-10-07T20:17:39.0240676Z #9 3.110 Get:103 http://deb.debian.org/debian bookworm/main amd64 libvorbis0a amd64 1.3.7-1 [93.0 kB]
2026-10-07T20:17:39.0242026Z #9 3.111 Get:104 http://deb.debian.org/debian bookworm/main amd64 libvorbisenc2 amd64 1.3.7-1 [80.6 kB]
2026-10-07T20:17:39.0243726Z #9 3.112 Get:105 http://deb.debian.org/debian bookworm/main amd64 libsndfile1 amd64 1.2.0-1+deb12u1 [197 kB]
2026-10-07T20:17:39.0245131Z #9 3.113 Get:106 http://deb.debian.org/debian bookworm/main amd64 libx11-xcb1 amd64 2:1.8.4-2+deb12u2 [192 kB]
2026-10-07T20:17:39.0271773Z #9 3.114 Get:107 http://deb.debian.org/debian bookworm/main amd64 libpulse0 amd64 16.1+dfsg1-2+b1 [274 kB]
2026-10-07T20:17:39.0273436Z #9 3.116 Get:108 http://deb.debian.org/debian bookworm/main amd64 libxcomposite1 amd64 1:0.4.5-1 [16.6 kB]
2026-10-07T20:17:39.0274802Z #9 3.117 Get:109 http://deb.debian.org/debian bookworm/main amd64 libxdamage1 amd64 1:1.1.6-1 [15.1 kB]
2026-10-07T20:17:39.0276140Z #9 3.117 Get:110 http://deb.debian.org/debian bookworm/main amd64 libxfixes3 amd64 1:6.0.0-2 [22.7 kB]
2026-10-07T20:17:39.0277372Z #9 3.118 Get:111 http://deb.debian.org/debian bookworm/main amd64 xkb-data all 2.35.1-1 [764 kB]
2026-10-07T20:17:39.0278657Z #9 3.121 Get:112 http://deb.debian.org/debian bookworm/main amd64 libxkbcommon0 amd64 1.5.0-1 [106 kB]
2026-10-07T20:17:39.0280104Z #9 3.122 Get:113 http://deb.debian.org/debian bookworm/main amd64 libxnvctrl0 amd64 525.85.05-3~deb12u1 [13.5 kB]
2026-10-07T20:17:39.0281550Z #9 3.122 Get:114 http://deb.debian.org/debian bookworm/main amd64 libxrandr2 amd64 2:1.5.2-2+b1 [39.2 kB]
2026-10-07T20:17:39.0283144Z #9 3.123 Get:115 http://deb.debian.org/debian bookworm/main amd64 libcairo-gobject2 amd64 1.16.0-7 [112 kB]
2026-10-07T20:17:39.0284541Z #9 3.123 Get:116 http://deb.debian.org/debian bookworm/main amd64 libcolord2 amd64 1.4.6-2.2 [137 kB]
2026-10-07T20:17:39.0285817Z #9 3.124 Get:117 http://deb.debian.org/debian bookworm/main amd64 libepoxy0 amd64 1.5.10-1 [189 kB]
2026-10-07T20:17:39.0287285Z #9 3.126 Get:118 http://deb.debian.org/debian bookworm/main amd64 libpangoft2-1.0-0 amd64 1.50.12+ds-1 [47.4 kB]
2026-10-07T20:17:39.0288733Z #9 3.126 Get:119 http://deb.debian.org/debian bookworm/main amd64 libpangocairo-1.0-0 amd64 1.50.12+ds-1 [34.2 kB]
2026-10-07T20:17:39.0290191Z #9 3.127 Get:120 http://deb.debian.org/debian bookworm/main amd64 libwayland-client0 amd64 1.21.0-1 [28.3 kB]
2026-10-07T20:17:39.0291905Z #9 3.127 Get:121 http://deb.debian.org/debian bookworm/main amd64 libwayland-cursor0 amd64 1.21.0-1 [14.4 kB]
2026-10-07T20:17:39.0293587Z #9 3.128 Get:122 http://deb.debian.org/debian bookworm/main amd64 libwayland-egl1 amd64 1.21.0-1 [8640 B]
2026-10-07T20:17:39.0294901Z #9 3.128 Get:123 http://deb.debian.org/debian bookworm/main amd64 libxcursor1 amd64 1:1.2.1-1 [40.9 kB]
2026-10-07T20:17:39.0296245Z #9 3.129 Get:124 http://deb.debian.org/debian bookworm/main amd64 libxinerama1 amd64 2:1.1.4-3 [17.8 kB]
2026-10-07T20:17:39.0297678Z #9 3.130 Get:125 http://deb.debian.org/debian bookworm/main amd64 dbus-user-session amd64 1.14.10-1~deb12u1 [78.1 kB]
2026-10-07T20:17:39.0299107Z #9 3.130 Get:126 http://deb.debian.org/debian bookworm/main amd64 libdconf1 amd64 0.40.0-4 [40.9 kB]
2026-10-07T20:17:39.0300500Z #9 3.131 Get:127 http://deb.debian.org/debian bookworm/main amd64 dconf-service amd64 0.40.0-4 [31.6 kB]
2026-10-07T20:17:39.0301905Z #9 3.131 Get:128 http://deb.debian.org/debian bookworm/main amd64 dconf-gsettings-backend amd64 0.40.0-4 [27.8 kB]
2026-10-07T20:17:39.0303684Z #9 3.132 Get:129 http://deb.debian.org/debian bookworm/main amd64 libgtk-3-common all 3.24.38-2~deb12u3 [3895 kB]
2026-10-07T20:17:39.0305096Z #9 3.153 Get:130 http://deb.debian.org/debian bookworm/main amd64 libgtk-3-0 amd64 3.24.38-2~deb12u3 [2847 kB]
2026-10-07T20:17:39.1659515Z #9 3.168 Get:131 http://deb.debian.org/debian bookworm/main amd64 libfontenc1 amd64 1:1.1.4-1 [24.3 kB]
2026-10-07T20:17:39.1660468Z #9 3.170 Get:132 http://deb.debian.org/debian bookworm/main amd64 libglvnd0 amd64 1.6.0-1 [51.8 kB]
2026-10-07T20:17:39.1662012Z #9 3.170 Get:133 http://deb.debian.org/debian bookworm/main amd64 libglapi-mesa amd64 22.3.6-1+deb12u2 [35.9 kB]
2026-10-07T20:17:39.1663919Z #9 3.170 Get:134 http://deb.debian.org/debian bookworm/main amd64 libxcb-dri2-0 amd64 1.15-1 [107 kB]
2026-10-07T20:17:39.1665264Z #9 3.171 Get:135 http://deb.debian.org/debian bookworm/main amd64 libxcb-dri3-0 amd64 1.15-1 [107 kB]
2026-10-07T20:17:39.1666512Z #9 3.171 Get:136 http://deb.debian.org/debian bookworm/main amd64 libxcb-glx0 amd64 1.15-1 [122 kB]
2026-10-07T20:17:39.1667345Z #9 3.171 Get:137 http://deb.debian.org/debian bookworm/main amd64 libxcb-present0 amd64 1.15-1 [105 kB]
2026-10-07T20:17:39.1668103Z #9 3.172 Get:138 http://deb.debian.org/debian bookworm/main amd64 libxcb-randr0 amd64 1.15-1 [117 kB]
2026-10-07T20:17:39.1668837Z #9 3.173 Get:139 http://deb.debian.org/debian bookworm/main amd64 libxcb-sync1 amd64 1.15-1 [109 kB]
2026-10-07T20:17:39.1669561Z #9 3.173 Get:140 http://deb.debian.org/debian bookworm/main amd64 libxcb-xfixes0 amd64 1.15-1 [109 kB]
2026-10-07T20:17:39.1670276Z #9 3.174 Get:141 http://deb.debian.org/debian bookworm/main amd64 libxshmfence1 amd64 1.3-1 [8820 B]
2026-10-07T20:17:39.1671297Z #9 3.176 Get:142 http://deb.debian.org/debian bookworm/main amd64 libxxf86vm1 amd64 1:1.1.4-1+b2 [20.8 kB]
2026-10-07T20:17:39.1672140Z #9 3.177 Get:143 http://deb.debian.org/debian bookworm/main amd64 libdrm-amdgpu1 amd64 2.4.114-1+b1 [20.9 kB]
2026-10-07T20:17:39.1673183Z #9 3.179 Get:144 http://deb.debian.org/debian bookworm/main amd64 libpciaccess0 amd64 0.17-2 [51.4 kB]
2026-10-07T20:17:39.1674937Z #9 3.179 Get:145 http://deb.debian.org/debian bookworm/main amd64 libdrm-intel1 amd64 2.4.114-1+b1 [64.0 kB]
2026-10-07T20:17:39.1675730Z #9 3.180 Get:146 http://deb.debian.org/debian bookworm/main amd64 libdrm-nouveau2 amd64 2.4.114-1+b1 [19.1 kB]
2026-10-07T20:17:39.1677305Z #9 3.181 Get:147 http://deb.debian.org/debian bookworm/main amd64 libdrm-radeon1 amd64 2.4.114-1+b1 [21.8 kB]
2026-10-07T20:17:39.1678046Z #9 3.181 Get:148 http://deb.debian.org/debian bookworm/main amd64 libelf1 amd64 0.188-2.1 [174 kB]
2026-10-07T20:17:39.1679094Z #9 3.183 Get:149 http://deb.debian.org/debian bookworm/main amd64 libedit2 amd64 3.1-20221030-2 [93.0 kB]
2026-10-07T20:17:39.1679829Z #9 3.183 Get:150 http://deb.debian.org/debian bookworm/main amd64 libz3-4 amd64 4.8.12-3.1 [7216 kB]
2026-10-07T20:17:39.1680925Z #9 3.210 Get:151 http://deb.debian.org/debian bookworm/main amd64 libllvm15 amd64 1:15.0.6-4+b1 [23.1 MB]
2026-10-07T20:17:39.1681724Z #9 3.298 Get:152 http://deb.debian.org/debian bookworm/main amd64 libsensors-config all 1:3.6.0-7.1 [14.3 kB]
2026-10-07T20:17:39.2964020Z #9 3.298 Get:153 http://deb.debian.org/debian bookworm/main amd64 libsensors5 amd64 1:3.6.0-7.1 [34.2 kB]
2026-10-07T20:17:39.2966444Z #9 3.298 Get:154 http://deb.debian.org/debian bookworm/main amd64 libgl1-mesa-dri amd64 22.3.6-1+deb12u2 [7240 kB]
2026-10-07T20:17:39.2968208Z #9 3.326 Get:155 http://deb.debian.org/debian bookworm/main amd64 libglx-mesa0 amd64 22.3.6-1+deb12u2 [148 kB]
2026-10-07T20:17:39.2971346Z #9 3.327 Get:156 http://deb.debian.org/debian bookworm/main amd64 libglx0 amd64 1.6.0-1 [34.4 kB]
2026-10-07T20:17:39.2974286Z #9 3.327 Get:157 http://deb.debian.org/debian bookworm/main amd64 libgl1 amd64 1.6.0-1 [88.4 kB]
2026-10-07T20:17:39.2977040Z #9 3.330 Get:158 http://deb.debian.org/debian bookworm/main amd64 x11-common all 1:7.7+23 [252 kB]
2026-10-07T20:17:39.2978973Z #9 3.332 Get:159 http://deb.debian.org/debian bookworm/main amd64 libice6 amd64 2:1.0.10-1 [58.5 kB]
2026-10-07T20:17:39.2982959Z #9 3.332 Get:160 http://deb.debian.org/debian bookworm/main amd64 libsm6 amd64 2:1.2.3-1 [35.1 kB]
2026-10-07T20:17:39.2985703Z #9 3.333 Get:161 http://deb.debian.org/debian bookworm/main amd64 libxt6 amd64 1:1.2.1-1.1 [186 kB]
2026-10-07T20:17:39.2988729Z #9 3.334 Get:162 http://deb.debian.org/debian bookworm/main amd64 libxmu6 amd64 2:1.1.3-3 [60.1 kB]
2026-10-07T20:17:39.2990694Z #9 3.334 Get:163 http://deb.debian.org/debian bookworm/main amd64 libxpm4 amd64 1:3.5.12-1.1+deb12u1 [48.6 kB]
2026-10-07T20:17:39.2994694Z #9 3.335 Get:164 http://deb.debian.org/debian bookworm/main amd64 libxaw7 amd64 2:1.0.14-1 [201 kB]
2026-10-07T20:17:39.2998484Z #9 3.336 Get:165 http://deb.debian.org/debian bookworm/main amd64 libxcb-shape0 amd64 1.15-1 [106 kB]
2026-10-07T20:17:39.3001377Z #9 3.336 Get:166 http://deb.debian.org/debian bookworm/main amd64 libxft2 amd64 2.3.6-1 [61.8 kB]
2026-10-07T20:17:39.3005211Z #9 3.337 Get:167 http://deb.debian.org/debian bookworm/main amd64 libxkbfile1 amd64 1:1.1.0-1 [75.2 kB]
2026-10-07T20:17:39.3008106Z #9 3.338 Get:168 http://deb.debian.org/debian bookworm/main amd64 libxmuu1 amd64 2:1.1.3-3 [23.9 kB]
2026-10-07T20:17:39.3011156Z #9 3.338 Get:169 http://deb.debian.org/debian bookworm/main amd64 libxtst6 amd64 2:1.2.3-1.1 [28.0 kB]
2026-10-07T20:17:39.3014279Z #9 3.338 Get:170 http://deb.debian.org/debian bookworm/main amd64 libxv1 amd64 2:1.0.11-1.1 [24.8 kB]
2026-10-07T20:17:39.3017455Z #9 3.339 Get:171 http://deb.debian.org/debian bookworm/main amd64 libxxf86dga1 amd64 2:1.1.5-1 [22.1 kB]
2026-10-07T20:17:39.3020210Z #9 3.341 Get:172 http://deb.debian.org/debian bookworm/main amd64 x11-utils amd64 7.7+5 [202 kB]
2026-10-07T20:17:39.3022404Z #9 3.343 Get:173 http://deb.debian.org/debian bookworm/main amd64 xdg-utils all 1.1.3-4.1 [75.5 kB]
2026-10-07T20:17:39.3024619Z #9 3.346 Get:174 http://deb.debian.org/debian-security bookworm-security/main amd64 chromium-common amd64 154.0.8037.92-1~deb12u1 [30.5 MB]
2026-10-07T20:17:39.3027820Z #9 3.430 Get:175 http://deb.debian.org/debian-security bookworm-security/main amd64 chromium amd64 154.0.8037.92-1~deb12u1 [80.3 MB]
2026-10-07T20:17:39.6034716Z #9 3.737 debconf: delaying package configuration, since apt-utils is not installed
2026-10-07T20:17:39.7687416Z #9 3.762 Fetched 206 MB in 1s (258 MB/s)
2026-10-07T20:17:39.7688471Z #9 3.776 Selecting previously unselected package libssl3:amd64.
2026-10-07T20:17:39.7689626Z #9 3.776 (Reading database ... 
2026-10-07T20:17:39.7690076Z (Reading database ... 5%
2026-10-07T20:17:39.7690462Z (Reading database ... 10%
2026-10-07T20:17:39.7690843Z (Reading database ... 15%
2026-10-07T20:17:39.7691226Z (Reading database ... 20%
2026-10-07T20:17:39.7691600Z (Reading database ... 25%
2026-10-07T20:17:39.7691974Z (Reading database ... 30%
2026-10-07T20:17:39.7692338Z (Reading database ... 35%
2026-10-07T20:17:39.7692909Z (Reading database ... 40%
2026-10-07T20:17:39.7693615Z (Reading database ... 45%
2026-10-07T20:17:39.7694001Z (Reading database ... 50%
2026-10-07T20:17:39.7694363Z (Reading database ... 55%
2026-10-07T20:17:39.7694723Z (Reading database ... 60%
2026-10-07T20:17:39.7695094Z (Reading database ... 65%
2026-10-07T20:17:39.7695466Z (Reading database ... 70%
2026-10-07T20:17:39.7695847Z (Reading database ... 75%
2026-10-07T20:17:39.7696217Z (Reading database ... 80%
2026-10-07T20:17:39.7696584Z (Reading database ... 85%
2026-10-07T20:17:39.7696950Z (Reading database ... 90%
2026-10-07T20:17:39.7697318Z (Reading database ... 95%
2026-10-07T20:17:39.7697681Z (Reading database ... 100%
2026-10-07T20:17:39.7698324Z (Reading database ... 6096 files and directories currently installed.)
2026-10-07T20:17:39.7699331Z #9 3.783 Preparing to unpack .../00-libssl3_3.0.22-1~deb12u1_amd64.deb ...
2026-10-07T20:17:39.7700216Z #9 3.784 Unpacking libssl3:amd64 (3.0.22-1~deb12u1) ...
2026-10-07T20:17:39.7701102Z #9 3.903 Selecting previously unselected package libargon2-1:amd64.
2026-10-07T20:17:39.8807874Z #9 3.904 Preparing to unpack .../01-libargon2-1_0~20171227-0.3+deb12u1_amd64.deb ...
2026-10-07T20:17:39.8809006Z #9 3.905 Unpacking libargon2-1:amd64 (0~20171227-0.3+deb12u1) ...
2026-10-07T20:17:39.8810000Z #9 3.919 Selecting previously unselected package dmsetup.
2026-10-07T20:17:39.8810884Z #9 3.920 Preparing to unpack .../02-dmsetup_2%3a1.02.185-2_amd64.deb ...
2026-10-07T20:17:39.8812009Z #9 3.921 Unpacking dmsetup (2:1.02.185-2) ...
2026-10-07T20:17:39.8813087Z #9 3.944 Selecting previously unselected package libdevmapper1.02.1:amd64.
2026-10-07T20:17:39.8814142Z #9 3.945 Preparing to unpack .../03-libdevmapper1.02.1_2%3a1.02.185-2_amd64.deb ...
2026-10-07T20:17:39.8815075Z #9 3.946 Unpacking libdevmapper1.02.1:amd64 (2:1.02.185-2) ...
2026-10-07T20:17:39.8815946Z #9 3.967 Selecting previously unselected package libjson-c5:amd64.
2026-10-07T20:17:39.8816781Z #9 3.969 Preparing to unpack .../04-libjson-c5_0.16-2_amd64.deb ...
2026-10-07T20:17:39.8817228Z #9 3.970 Unpacking libjson-c5:amd64 (0.16-2) ...
2026-10-07T20:17:39.8817706Z #9 3.985 Selecting previously unselected package libcryptsetup12:amd64.
2026-10-07T20:17:39.8818436Z #9 3.987 Preparing to unpack .../05-libcryptsetup12_2%3a2.6.1-4~deb12u2_amd64.deb ...
2026-10-07T20:17:39.8819000Z #9 3.988 Unpacking libcryptsetup12:amd64 (2:2.6.1-4~deb12u2) ...
2026-10-07T20:17:39.8819502Z #9 4.015 Selecting previously unselected package libfdisk1:amd64.
2026-10-07T20:17:40.0816855Z #9 4.016 Preparing to unpack .../06-libfdisk1_2.38.1-5+deb12u3_amd64.deb ...
2026-10-07T20:17:40.0818065Z #9 4.017 Unpacking libfdisk1:amd64 (2.38.1-5+deb12u3) ...
2026-10-07T20:17:40.0819008Z #9 4.044 Selecting previously unselected package libkmod2:amd64.
2026-10-07T20:17:40.0819705Z #9 4.045 Preparing to unpack .../07-libkmod2_30+20221128-1_amd64.deb ...
2026-10-07T20:17:40.0820324Z #9 4.046 Unpacking libkmod2:amd64 (30+20221128-1) ...
2026-10-07T20:17:40.0820949Z #9 4.062 Selecting previously unselected package libapparmor1:amd64.
2026-10-07T20:17:40.0821667Z #9 4.063 Preparing to unpack .../08-libapparmor1_3.0.8-3_amd64.deb ...
2026-10-07T20:17:40.0822686Z #9 4.064 Unpacking libapparmor1:amd64 (3.0.8-3) ...
2026-10-07T20:17:40.0823358Z #9 4.079 Selecting previously unselected package libip4tc2:amd64.
2026-10-07T20:17:40.0824107Z #9 4.080 Preparing to unpack .../09-libip4tc2_1.8.9-2_amd64.deb ...
2026-10-07T20:17:40.0824552Z #9 4.081 Unpacking libip4tc2:amd64 (1.8.9-2) ...
2026-10-07T20:17:40.0825043Z #9 4.094 Selecting previously unselected package libsystemd-shared:amd64.
2026-10-07T20:17:40.0825765Z #9 4.095 Preparing to unpack .../10-libsystemd-shared_252.39-1~deb12u2_amd64.deb ...
2026-10-07T20:17:40.0826361Z #9 4.096 Unpacking libsystemd-shared:amd64 (252.39-1~deb12u2) ...
2026-10-07T20:17:40.0826809Z #9 4.216 Setting up libssl3:amd64 (3.0.22-1~deb12u1) ...
2026-10-07T20:17:40.2701394Z #9 4.233 Selecting previously unselected package systemd.
2026-10-07T20:17:40.2702688Z #9 4.233 (Reading database ... 
2026-10-07T20:17:40.2703746Z (Reading database ... 5%
2026-10-07T20:17:40.2704288Z (Reading database ... 10%
2026-10-07T20:17:40.2704715Z (Reading database ... 15%
2026-10-07T20:17:40.2705042Z (Reading database ... 20%
2026-10-07T20:17:40.2705357Z (Reading database ... 25%
2026-10-07T20:17:40.2705665Z (Reading database ... 30%
2026-10-07T20:17:40.2705971Z (Reading database ... 35%
2026-10-07T20:17:40.2706294Z (Reading database ... 40%
2026-10-07T20:17:40.2706602Z (Reading database ... 45%
2026-10-07T20:17:40.2706911Z (Reading database ... 50%
2026-10-07T20:17:40.2707216Z (Reading database ... 55%
2026-10-07T20:17:40.2707523Z (Reading database ... 60%
2026-10-07T20:17:40.2707918Z (Reading database ... 65%
2026-10-07T20:17:40.2708259Z (Reading database ... 70%
2026-10-07T20:17:40.2708563Z (Reading database ... 75%
2026-10-07T20:17:40.2708869Z (Reading database ... 80%
2026-10-07T20:17:40.2709182Z (Reading database ... 85%
2026-10-07T20:17:40.2709487Z (Reading database ... 90%
2026-10-07T20:17:40.2709795Z (Reading database ... 95%
2026-10-07T20:17:40.2710114Z (Reading database ... 100%
2026-10-07T20:17:40.2710654Z (Reading database ... 6182 files and directories currently installed.)
2026-10-07T20:17:40.2711373Z #9 4.239 Preparing to unpack .../systemd_252.39-1~deb12u2_amd64.deb ...
2026-10-07T20:17:40.2711961Z #9 4.254 Unpacking systemd (252.39-1~deb12u2) ...
2026-10-07T20:17:40.3424558Z #9 4.476 Setting up libargon2-1:amd64 (0~20171227-0.3+deb12u1) ...
2026-10-07T20:17:40.4713734Z #9 4.479 Setting up libjson-c5:amd64 (0.16-2) ...
2026-10-07T20:17:40.4714482Z #9 4.481 Setting up libfdisk1:amd64 (2.38.1-5+deb12u3) ...
2026-10-07T20:17:40.4714936Z #9 4.483 Setting up libkmod2:amd64 (30+20221128-1) ...
2026-10-07T20:17:40.4715348Z #9 4.485 Setting up libapparmor1:amd64 (3.0.8-3) ...
2026-10-07T20:17:40.4715742Z #9 4.487 Setting up libip4tc2:amd64 (1.8.9-2) ...
2026-10-07T20:17:40.4716199Z #9 4.489 Setting up libsystemd-shared:amd64 (252.39-1~deb12u2) ...
2026-10-07T20:17:40.4716703Z #9 4.491 Setting up libdevmapper1.02.1:amd64 (2:1.02.185-2) ...
2026-10-07T20:17:40.4717228Z #9 4.493 Setting up libcryptsetup12:amd64 (2:2.6.1-4~deb12u2) ...
2026-10-07T20:17:40.4717678Z #9 4.495 Setting up systemd (252.39-1~deb12u2) ...
2026-10-07T20:17:40.4718669Z #9 4.508 Created symlink /etc/systemd/system/getty.target.wants/getty@tty1.service → /lib/systemd/system/getty@.service.
2026-10-07T20:17:40.4719445Z 
2026-10-07T20:17:40.4720100Z #9 4.513 Created symlink /etc/systemd/system/multi-user.target.wants/remote-fs.target → /lib/systemd/system/remote-fs.target.
2026-10-07T20:17:40.4720598Z 
2026-10-07T20:17:40.4721281Z #9 4.519 Created symlink /etc/systemd/system/sysinit.target.wants/systemd-pstore.service → /lib/systemd/system/systemd-pstore.service.
2026-10-07T20:17:40.4721823Z 
2026-10-07T20:17:40.4722031Z #9 4.524 Initializing machine ID from random generator.
2026-10-07T20:17:40.4722260Z 
2026-10-07T20:17:40.4722675Z #9 4.545 Creating group 'systemd-journal' with GID 999.
2026-10-07T20:17:40.4722924Z 
2026-10-07T20:17:40.4723133Z #9 4.546 Creating group 'systemd-network' with GID 998.
2026-10-07T20:17:40.4723359Z 
2026-10-07T20:17:40.4723722Z #9 4.546 Creating user 'systemd-network' (systemd Network Management) with UID 998 and GID 998.
2026-10-07T20:17:40.4724086Z 
2026-10-07T20:17:40.4724257Z #9 4.576 Setting up dmsetup (2:1.02.185-2) ...
2026-10-07T20:17:40.4724683Z #9 4.605 Selecting previously unselected package systemd-sysv.
2026-10-07T20:17:40.5845119Z #9 4.605 (Reading database ... 
2026-10-07T20:17:40.5845692Z (Reading database ... 5%
2026-10-07T20:17:40.5846159Z (Reading database ... 10%
2026-10-07T20:17:40.5846596Z (Reading database ... 15%
2026-10-07T20:17:40.5847021Z (Reading database ... 20%
2026-10-07T20:17:40.5847456Z (Reading database ... 25%
2026-10-07T20:17:40.5847868Z (Reading database ... 30%
2026-10-07T20:17:40.5848349Z (Reading database ... 35%
2026-10-07T20:17:40.5848766Z (Reading database ... 40%
2026-10-07T20:17:40.5849185Z (Reading database ... 45%
2026-10-07T20:17:40.5849518Z (Reading database ... 50%
2026-10-07T20:17:40.5849772Z (Reading database ... 55%
2026-10-07T20:17:40.5850317Z (Reading database ... 60%
2026-10-07T20:17:40.5850588Z (Reading database ... 65%
2026-10-07T20:17:40.5850840Z (Reading database ... 70%
2026-10-07T20:17:40.5851092Z (Reading database ... 75%
2026-10-07T20:17:40.5851350Z (Reading database ... 80%
2026-10-07T20:17:40.5851617Z (Reading database ... 85%
2026-10-07T20:17:40.5851880Z (Reading database ... 90%
2026-10-07T20:17:40.5852129Z (Reading database ... 95%
2026-10-07T20:17:40.5852387Z (Reading database ... 100%
2026-10-07T20:17:40.5853143Z (Reading database ... 7031 files and directories currently installed.)
2026-10-07T20:17:40.5853774Z #9 4.612 Preparing to unpack .../000-systemd-sysv_252.39-1~deb12u2_amd64.deb ...
2026-10-07T20:17:40.5854290Z #9 4.612 Unpacking systemd-sysv (252.39-1~deb12u2) ...
2026-10-07T20:17:40.5854761Z #9 4.629 Selecting previously unselected package libdbus-1-3:amd64.
2026-10-07T20:17:40.5855320Z #9 4.631 Preparing to unpack .../001-libdbus-1-3_1.14.10-1~deb12u1_amd64.deb ...
2026-10-07T20:17:40.5855828Z #9 4.631 Unpacking libdbus-1-3:amd64 (1.14.10-1~deb12u1) ...
2026-10-07T20:17:40.5856265Z #9 4.656 Selecting previously unselected package dbus-bin.
2026-10-07T20:17:40.5856776Z #9 4.657 Preparing to unpack .../002-dbus-bin_1.14.10-1~deb12u1_amd64.deb ...
2026-10-07T20:17:40.5857242Z #9 4.658 Unpacking dbus-bin (1.14.10-1~deb12u1) ...
2026-10-07T20:17:40.5857927Z #9 4.677 Selecting previously unselected package dbus-session-bus-common.
2026-10-07T20:17:40.5858568Z #9 4.678 Preparing to unpack .../003-dbus-session-bus-common_1.14.10-1~deb12u1_all.deb ...
2026-10-07T20:17:40.5859151Z #9 4.679 Unpacking dbus-session-bus-common (1.14.10-1~deb12u1) ...
2026-10-07T20:17:40.5859648Z #9 4.696 Selecting previously unselected package libexpat1:amd64.
2026-10-07T20:17:40.5860177Z #9 4.697 Preparing to unpack .../004-libexpat1_2.5.0-1+deb12u4_amd64.deb ...
2026-10-07T20:17:40.5860672Z #9 4.698 Unpacking libexpat1:amd64 (2.5.0-1+deb12u4) ...
2026-10-07T20:17:40.5861128Z #9 4.718 Selecting previously unselected package dbus-daemon.
2026-10-07T20:17:40.6839385Z #9 4.719 Preparing to unpack .../005-dbus-daemon_1.14.10-1~deb12u1_amd64.deb ...
2026-10-07T20:17:40.6840111Z #9 4.721 Unpacking dbus-daemon (1.14.10-1~deb12u1) ...
2026-10-07T20:17:40.6840652Z #9 4.748 Selecting previously unselected package dbus-system-bus-common.
2026-10-07T20:17:40.6841323Z #9 4.750 Preparing to unpack .../006-dbus-system-bus-common_1.14.10-1~deb12u1_all.deb ...
2026-10-07T20:17:40.6841896Z #9 4.750 Unpacking dbus-system-bus-common (1.14.10-1~deb12u1) ...
2026-10-07T20:17:40.6842345Z #9 4.769 Selecting previously unselected package dbus.
2026-10-07T20:17:40.6843186Z #9 4.770 Preparing to unpack .../007-dbus_1.14.10-1~deb12u1_amd64.deb ...
2026-10-07T20:17:40.6843634Z #9 4.772 Unpacking dbus (1.14.10-1~deb12u1) ...
2026-10-07T20:17:40.6844094Z #9 4.792 Selecting previously unselected package libncursesw6:amd64.
2026-10-07T20:17:40.6844614Z #9 4.793 Preparing to unpack .../008-libncursesw6_6.4-4_amd64.deb ...
2026-10-07T20:17:40.6845058Z #9 4.794 Unpacking libncursesw6:amd64 (6.4-4) ...
2026-10-07T20:17:40.6845514Z #9 4.816 Selecting previously unselected package libproc2-0:amd64.
2026-10-07T20:17:40.6846031Z #9 4.817 Preparing to unpack .../009-libproc2-0_2%3a4.0.2-3_amd64.deb ...
2026-10-07T20:17:40.6846506Z #9 4.818 Unpacking libproc2-0:amd64 (2:4.0.2-3) ...
2026-10-07T20:17:40.7987160Z #9 4.836 Selecting previously unselected package procps.
2026-10-07T20:17:40.7988229Z #9 4.837 Preparing to unpack .../010-procps_2%3a4.0.2-3_amd64.deb ...
2026-10-07T20:17:40.7988708Z #9 4.846 Unpacking procps (2:4.0.2-3) ...
2026-10-07T20:17:40.7989207Z #9 4.904 Selecting previously unselected package libpam-systemd:amd64.
2026-10-07T20:17:40.7989849Z #9 4.905 Preparing to unpack .../011-libpam-systemd_252.39-1~deb12u2_amd64.deb ...
2026-10-07T20:17:40.7990431Z #9 4.906 Unpacking libpam-systemd:amd64 (252.39-1~deb12u2) ...
2026-10-07T20:17:40.7990967Z #9 4.933 Selecting previously unselected package hicolor-icon-theme.
2026-10-07T20:17:40.9194786Z #9 4.934 Preparing to unpack .../012-hicolor-icon-theme_0.17-2_all.deb ...
2026-10-07T20:17:40.9196083Z #9 4.935 Unpacking hicolor-icon-theme (0.17-2) ...
2026-10-07T20:17:40.9197257Z #9 5.010 Selecting previously unselected package libgdk-pixbuf2.0-common.
2026-10-07T20:17:40.9198000Z #9 5.011 Preparing to unpack .../013-libgdk-pixbuf2.0-common_2.42.10+dfsg-1+deb12u4_all.deb ...
2026-10-07T20:17:40.9198675Z #9 5.012 Unpacking libgdk-pixbuf2.0-common (2.42.10+dfsg-1+deb12u4) ...
2026-10-07T20:17:40.9199233Z #9 5.053 Selecting previously unselected package libglib2.0-0:amd64.
2026-10-07T20:17:41.0197617Z #9 5.055 Preparing to unpack .../014-libglib2.0-0_2.74.6-2+deb12u9_amd64.deb ...
2026-10-07T20:17:41.0198565Z #9 5.056 Unpacking libglib2.0-0:amd64 (2.74.6-2+deb12u9) ...
2026-10-07T20:17:41.0199335Z #9 5.152 Selecting previously unselected package libicu72:amd64.
2026-10-07T20:17:41.0199884Z #9 5.154 Preparing to unpack .../015-libicu72_72.1-3+deb12u1_amd64.deb ...
2026-10-07T20:17:41.1710973Z #9 5.155 Unpacking libicu72:amd64 (72.1-3+deb12u1) ...
2026-10-07T20:17:41.4818458Z #9 5.616 Selecting previously unselected package libxml2:amd64.
2026-10-07T20:17:41.6029961Z #9 5.617 Preparing to unpack .../016-libxml2_2.9.14+dfsg-1.3~deb12u6_amd64.deb ...
2026-10-07T20:17:41.6030582Z #9 5.618 Unpacking libxml2:amd64 (2.9.14+dfsg-1.3~deb12u6) ...
2026-10-07T20:17:41.6031419Z #9 5.669 Selecting previously unselected package shared-mime-info.
2026-10-07T20:17:41.6031977Z #9 5.670 Preparing to unpack .../017-shared-mime-info_2.2-1_amd64.deb ...
2026-10-07T20:17:41.6032775Z #9 5.671 Unpacking shared-mime-info (2.2-1) ...
2026-10-07T20:17:41.6033912Z #9 5.737 Selecting previously unselected package libjpeg62-turbo:amd64.
2026-10-07T20:17:41.7198520Z #9 5.738 Preparing to unpack .../018-libjpeg62-turbo_1%3a2.1.5-2_amd64.deb ...
2026-10-07T20:17:41.7199340Z #9 5.739 Unpacking libjpeg62-turbo:amd64 (1:2.1.5-2) ...
2026-10-07T20:17:41.7199844Z #9 5.764 Selecting previously unselected package libpng16-16:amd64.
2026-10-07T20:17:41.7200443Z #9 5.765 Preparing to unpack .../019-libpng16-16_1.6.39-2+deb12u6_amd64.deb ...
2026-10-07T20:17:41.7200946Z #9 5.766 Unpacking libpng16-16:amd64 (1.6.39-2+deb12u6) ...
2026-10-07T20:17:41.7201426Z #9 5.792 Selecting previously unselected package libdeflate0:amd64.
2026-10-07T20:17:41.7201950Z #9 5.793 Preparing to unpack .../020-libdeflate0_1.14-1_amd64.deb ...
2026-10-07T20:17:41.7202413Z #9 5.794 Unpacking libdeflate0:amd64 (1.14-1) ...
2026-10-07T20:17:41.7203391Z #9 5.811 Selecting previously unselected package libjbig0:amd64.
2026-10-07T20:17:41.7203901Z #9 5.813 Preparing to unpack .../021-libjbig0_2.1-6.1_amd64.deb ...
2026-10-07T20:17:41.7204340Z #9 5.813 Unpacking libjbig0:amd64 (2.1-6.1) ...
2026-10-07T20:17:41.7204775Z #9 5.828 Selecting previously unselected package liblerc4:amd64.
2026-10-07T20:17:41.7205277Z #9 5.830 Preparing to unpack .../022-liblerc4_4.0.0+ds-2_amd64.deb ...
2026-10-07T20:17:41.7205725Z #9 5.831 Unpacking liblerc4:amd64 (4.0.0+ds-2) ...
2026-10-07T20:17:41.7206182Z #9 5.854 Selecting previously unselected package libwebp7:amd64.
2026-10-07T20:17:41.8311709Z #9 5.855 Preparing to unpack .../023-libwebp7_1.2.4-0.2+deb12u1_amd64.deb ...
2026-10-07T20:17:41.8313074Z #9 5.856 Unpacking libwebp7:amd64 (1.2.4-0.2+deb12u1) ...
2026-10-07T20:17:41.8314197Z #9 5.886 Selecting previously unselected package libtiff6:amd64.
2026-10-07T20:17:41.8315425Z #9 5.888 Preparing to unpack .../024-libtiff6_4.5.0-6+deb12u4_amd64.deb ...
2026-10-07T20:17:41.8316140Z #9 5.888 Unpacking libtiff6:amd64 (4.5.0-6+deb12u4) ...
2026-10-07T20:17:41.8316817Z #9 5.915 Selecting previously unselected package libgdk-pixbuf-2.0-0:amd64.
2026-10-07T20:17:41.8317679Z #9 5.917 Preparing to unpack .../025-libgdk-pixbuf-2.0-0_2.42.10+dfsg-1+deb12u4_amd64.deb ...
2026-10-07T20:17:41.8318503Z #9 5.917 Unpacking libgdk-pixbuf-2.0-0:amd64 (2.42.10+dfsg-1+deb12u4) ...
2026-10-07T20:17:41.8319231Z #9 5.940 Selecting previously unselected package gtk-update-icon-cache.
2026-10-07T20:17:41.8320442Z #9 5.942 Preparing to unpack .../026-gtk-update-icon-cache_3.24.38-2~deb12u3_amd64.deb ...
2026-10-07T20:17:41.8321238Z #9 5.943 Unpacking gtk-update-icon-cache (3.24.38-2~deb12u3) ...
2026-10-07T20:17:41.8321904Z #9 5.965 Selecting previously unselected package adwaita-icon-theme.
2026-10-07T20:17:41.9843265Z #9 5.967 Preparing to unpack .../027-adwaita-icon-theme_43-1_all.deb ...
2026-10-07T20:17:41.9844541Z #9 5.968 Unpacking adwaita-icon-theme (43-1) ...
2026-10-07T20:17:42.8821597Z #9 7.016 Selecting previously unselected package at-spi2-common.
2026-10-07T20:17:43.0138429Z #9 7.020 Preparing to unpack .../028-at-spi2-common_2.46.0-5_all.deb ...
2026-10-07T20:17:43.0139056Z #9 7.021 Unpacking at-spi2-common (2.46.0-5) ...
2026-10-07T20:17:43.0139546Z #9 7.052 Selecting previously unselected package bubblewrap.
2026-10-07T20:17:43.0140139Z #9 7.054 Preparing to unpack .../029-bubblewrap_0.8.0-2+deb12u1_amd64.deb ...
2026-10-07T20:17:43.0140678Z #9 7.054 Unpacking bubblewrap (0.8.0-2+deb12u1) ...
2026-10-07T20:17:43.0141212Z #9 7.071 Selecting previously unselected package libasound2-data.
2026-10-07T20:17:43.0141798Z #9 7.073 Preparing to unpack .../030-libasound2-data_1.2.8-1_all.deb ...
2026-10-07T20:17:43.0142291Z #9 7.073 Unpacking libasound2-data (1.2.8-1) ...
2026-10-07T20:17:43.0143416Z #9 7.108 Selecting previously unselected package libasound2:amd64.
2026-10-07T20:17:43.0144527Z #9 7.110 Preparing to unpack .../031-libasound2_1.2.8-1+b1_amd64.deb ...
2026-10-07T20:17:43.0145053Z #9 7.111 Unpacking libasound2:amd64 (1.2.8-1+b1) ...
2026-10-07T20:17:43.0145564Z #9 7.148 Selecting previously unselected package libatk1.0-0:amd64.
2026-10-07T20:17:43.1174504Z #9 7.150 Preparing to unpack .../032-libatk1.0-0_2.46.0-5_amd64.deb ...
2026-10-07T20:17:43.1180271Z #9 7.151 Unpacking libatk1.0-0:amd64 (2.46.0-5) ...
2026-10-07T20:17:43.1181105Z #9 7.169 Selecting previously unselected package libxau6:amd64.
2026-10-07T20:17:43.1181656Z #9 7.171 Preparing to unpack .../033-libxau6_1%3a1.0.9-1_amd64.deb ...
2026-10-07T20:17:43.1182136Z #9 7.172 Unpacking libxau6:amd64 (1:1.0.9-1) ...
2026-10-07T20:17:43.1183244Z #9 7.186 Selecting previously unselected package libbsd0:amd64.
2026-10-07T20:17:43.1183762Z #9 7.188 Preparing to unpack .../034-libbsd0_0.11.7-2_amd64.deb ...
2026-10-07T20:17:43.1184191Z #9 7.189 Unpacking libbsd0:amd64 (0.11.7-2) ...
2026-10-07T20:17:43.1184663Z #9 7.213 Selecting previously unselected package libxdmcp6:amd64.
2026-10-07T20:17:43.1185187Z #9 7.215 Preparing to unpack .../035-libxdmcp6_1%3a1.1.2-3_amd64.deb ...
2026-10-07T20:17:43.1185642Z #9 7.216 Unpacking libxdmcp6:amd64 (1:1.1.2-3) ...
2026-10-07T20:17:43.1186091Z #9 7.231 Selecting previously unselected package libxcb1:amd64.
2026-10-07T20:17:43.1186554Z #9 7.233 Preparing to unpack .../036-libxcb1_1.15-1_amd64.deb ...
2026-10-07T20:17:43.1186953Z #9 7.234 Unpacking libxcb1:amd64 (1.15-1) ...
2026-10-07T20:17:43.1187380Z #9 7.251 Selecting previously unselected package libx11-data.
2026-10-07T20:17:43.2414100Z #9 7.254 Preparing to unpack .../037-libx11-data_2%3a1.8.4-2+deb12u2_all.deb ...
2026-10-07T20:17:43.2415100Z #9 7.255 Unpacking libx11-data (2:1.8.4-2+deb12u2) ...
2026-10-07T20:17:43.2415784Z #9 7.320 Selecting previously unselected package libx11-6:amd64.
2026-10-07T20:17:43.2416342Z #9 7.323 Preparing to unpack .../038-libx11-6_2%3a1.8.4-2+deb12u2_amd64.deb ...
2026-10-07T20:17:43.2416870Z #9 7.324 Unpacking libx11-6:amd64 (2:1.8.4-2+deb12u2) ...
2026-10-07T20:17:43.2417332Z #9 7.375 Selecting previously unselected package libxext6:amd64.
2026-10-07T20:17:43.3617243Z #9 7.378 Preparing to unpack .../039-libxext6_2%3a1.3.4-1+b1_amd64.deb ...
2026-10-07T20:17:43.3618039Z #9 7.378 Unpacking libxext6:amd64 (2:1.3.4-1+b1) ...
2026-10-07T20:17:43.3618561Z #9 7.395 Selecting previously unselected package libxi6:amd64.
2026-10-07T20:17:43.3619136Z #9 7.397 Preparing to unpack .../040-libxi6_2%3a1.8-1+b1_amd64.deb ...
2026-10-07T20:17:43.3619637Z #9 7.398 Unpacking libxi6:amd64 (2:1.8-1+b1) ...
2026-10-07T20:17:43.3620431Z #9 7.416 Selecting previously unselected package libatspi2.0-0:amd64.
2026-10-07T20:17:43.3621040Z #9 7.418 Preparing to unpack .../041-libatspi2.0-0_2.46.0-5_amd64.deb ...
2026-10-07T20:17:43.3621555Z #9 7.419 Unpacking libatspi2.0-0:amd64 (2.46.0-5) ...
2026-10-07T20:17:43.3622115Z #9 7.439 Selecting previously unselected package libatk-bridge2.0-0:amd64.
2026-10-07T20:17:43.3623113Z #9 7.441 Preparing to unpack .../042-libatk-bridge2.0-0_2.46.0-5_amd64.deb ...
2026-10-07T20:17:43.3623694Z #9 7.442 Unpacking libatk-bridge2.0-0:amd64 (2.46.0-5) ...
2026-10-07T20:17:43.3624235Z #9 7.460 Selecting previously unselected package libbrotli1:amd64.
2026-10-07T20:17:43.3624831Z #9 7.462 Preparing to unpack .../043-libbrotli1_1.0.9-2+b6_amd64.deb ...
2026-10-07T20:17:43.3625337Z #9 7.463 Unpacking libbrotli1:amd64 (1.0.9-2+b6) ...
2026-10-07T20:17:43.3625866Z #9 7.496 Selecting previously unselected package libfreetype6:amd64.
2026-10-07T20:17:43.4897398Z #9 7.498 Preparing to unpack .../044-libfreetype6_2.12.1+dfsg-5+deb12u4_amd64.deb ...
2026-10-07T20:17:43.4898063Z #9 7.499 Unpacking libfreetype6:amd64 (2.12.1+dfsg-5+deb12u4) ...
2026-10-07T20:17:43.4898610Z #9 7.535 Selecting previously unselected package fonts-dejavu-core.
2026-10-07T20:17:43.4899164Z #9 7.537 Preparing to unpack .../045-fonts-dejavu-core_2.37-6_all.deb ...
2026-10-07T20:17:43.4899815Z #9 7.538 Unpacking fonts-dejavu-core (2.37-6) ...
2026-10-07T20:17:43.4900680Z #9 7.624 Selecting previously unselected package fontconfig-config.
2026-10-07T20:17:43.5913668Z #9 7.626 Preparing to unpack .../046-fontconfig-config_2.14.1-4_amd64.deb ...
2026-10-07T20:17:43.5914669Z #9 7.725 Unpacking fontconfig-config (2.14.1-4) ...
2026-10-07T20:17:43.7078053Z #9 7.756 Selecting previously unselected package libfontconfig1:amd64.
2026-10-07T20:17:43.7079192Z #9 7.758 Preparing to unpack .../047-libfontconfig1_2.14.1-4_amd64.deb ...
2026-10-07T20:17:43.7080042Z #9 7.759 Unpacking libfontconfig1:amd64 (2.14.1-4) ...
2026-10-07T20:17:43.7080898Z #9 7.783 Selecting previously unselected package libpixman-1-0:amd64.
2026-10-07T20:17:43.7081894Z #9 7.785 Preparing to unpack .../048-libpixman-1-0_0.42.2-1_amd64.deb ...
2026-10-07T20:17:43.7083343Z #9 7.786 Unpacking libpixman-1-0:amd64 (0.42.2-1) ...
2026-10-07T20:17:43.7083857Z #9 7.819 Selecting previously unselected package libxcb-render0:amd64.
2026-10-07T20:17:43.7084432Z #9 7.821 Preparing to unpack .../049-libxcb-render0_1.15-1_amd64.deb ...
2026-10-07T20:17:43.7084930Z #9 7.822 Unpacking libxcb-render0:amd64 (1.15-1) ...
2026-10-07T20:17:43.7085416Z #9 7.842 Selecting previously unselected package libxcb-shm0:amd64.
2026-10-07T20:17:43.8208963Z #9 7.844 Preparing to unpack .../050-libxcb-shm0_1.15-1_amd64.deb ...
2026-10-07T20:17:43.8209951Z #9 7.845 Unpacking libxcb-shm0:amd64 (1.15-1) ...
2026-10-07T20:17:43.8211080Z #9 7.864 Selecting previously unselected package libxrender1:amd64.
2026-10-07T20:17:43.8212020Z #9 7.866 Preparing to unpack .../051-libxrender1_1%3a0.9.10-1.1_amd64.deb ...
2026-10-07T20:17:43.8213474Z #9 7.867 Unpacking libxrender1:amd64 (1:0.9.10-1.1) ...
2026-10-07T20:17:43.8213978Z #9 7.882 Selecting previously unselected package libcairo2:amd64.
2026-10-07T20:17:43.8214491Z #9 7.884 Preparing to unpack .../052-libcairo2_1.16.0-7_amd64.deb ...
2026-10-07T20:17:43.8214925Z #9 7.885 Unpacking libcairo2:amd64 (1.16.0-7) ...
2026-10-07T20:17:43.8215414Z #9 7.928 Selecting previously unselected package libavahi-common-data:amd64.
2026-10-07T20:17:43.8216045Z #9 7.930 Preparing to unpack .../053-libavahi-common-data_0.8-10+deb12u1_amd64.deb ...
2026-10-07T20:17:43.8216614Z #9 7.931 Unpacking libavahi-common-data:amd64 (0.8-10+deb12u1) ...
2026-10-07T20:17:43.8217161Z #9 7.955 Selecting previously unselected package libavahi-common3:amd64.
2026-10-07T20:17:43.9209465Z #9 7.957 Preparing to unpack .../054-libavahi-common3_0.8-10+deb12u1_amd64.deb ...
2026-10-07T20:17:43.9210646Z #9 7.958 Unpacking libavahi-common3:amd64 (0.8-10+deb12u1) ...
2026-10-07T20:17:43.9211739Z #9 7.974 Selecting previously unselected package libavahi-client3:amd64.
2026-10-07T20:17:43.9213266Z #9 7.976 Preparing to unpack .../055-libavahi-client3_0.8-10+deb12u1_amd64.deb ...
2026-10-07T20:17:43.9213834Z #9 7.977 Unpacking libavahi-client3:amd64 (0.8-10+deb12u1) ...
2026-10-07T20:17:43.9214347Z #9 7.993 Selecting previously unselected package libkrb5support0:amd64.
2026-10-07T20:17:43.9214981Z #9 7.995 Preparing to unpack .../056-libkrb5support0_1.20.1-2+deb12u5_amd64.deb ...
2026-10-07T20:17:43.9215528Z #9 7.996 Unpacking libkrb5support0:amd64 (1.20.1-2+deb12u5) ...
2026-10-07T20:17:43.9216021Z #9 8.016 Selecting previously unselected package libk5crypto3:amd64.
2026-10-07T20:17:43.9216569Z #9 8.017 Preparing to unpack .../057-libk5crypto3_1.20.1-2+deb12u5_amd64.deb ...
2026-10-07T20:17:43.9217075Z #9 8.018 Unpacking libk5crypto3:amd64 (1.20.1-2+deb12u5) ...
2026-10-07T20:17:43.9217550Z #9 8.038 Selecting previously unselected package libkeyutils1:amd64.
2026-10-07T20:17:43.9218057Z #9 8.040 Preparing to unpack .../058-libkeyutils1_1.6.3-2_amd64.deb ...
2026-10-07T20:17:43.9218493Z #9 8.041 Unpacking libkeyutils1:amd64 (1.6.3-2) ...
2026-10-07T20:17:43.9218932Z #9 8.055 Selecting previously unselected package libkrb5-3:amd64.
2026-10-07T20:17:44.0216185Z #9 8.057 Preparing to unpack .../059-libkrb5-3_1.20.1-2+deb12u5_amd64.deb ...
2026-10-07T20:17:44.0218262Z #9 8.058 Unpacking libkrb5-3:amd64 (1.20.1-2+deb12u5) ...
2026-10-07T20:17:44.0219452Z #9 8.094 Selecting previously unselected package libgssapi-krb5-2:amd64.
2026-10-07T20:17:44.0220293Z #9 8.096 Preparing to unpack .../060-libgssapi-krb5-2_1.20.1-2+deb12u5_amd64.deb ...
2026-10-07T20:17:44.0221065Z #9 8.097 Unpacking libgssapi-krb5-2:amd64 (1.20.1-2+deb12u5) ...
2026-10-07T20:17:44.0221751Z #9 8.120 Selecting previously unselected package libcups2:amd64.
2026-10-07T20:17:44.0222745Z #9 8.122 Preparing to unpack .../061-libcups2_2.4.2-3+deb12u9_amd64.deb ...
2026-10-07T20:17:44.0223469Z #9 8.123 Unpacking libcups2:amd64 (2.4.2-3+deb12u9) ...
2026-10-07T20:17:44.0224135Z #9 8.153 Selecting previously unselected package libdav1d6:amd64.
2026-10-07T20:17:44.0224873Z #9 8.155 Preparing to unpack .../062-libdav1d6_1.0.0-2+deb12u1_amd64.deb ...
2026-10-07T20:17:44.0225544Z #9 8.156 Unpacking libdav1d6:amd64 (1.0.0-2+deb12u1) ...
2026-10-07T20:17:44.1332919Z #9 8.203 Selecting previously unselected package libdouble-conversion3:amd64.
2026-10-07T20:17:44.1334247Z #9 8.205 Preparing to unpack .../063-libdouble-conversion3_3.2.1-1_amd64.deb ...
2026-10-07T20:17:44.1335198Z #9 8.206 Unpacking libdouble-conversion3:amd64 (3.2.1-1) ...
2026-10-07T20:17:44.1336017Z #9 8.222 Selecting previously unselected package libogg0:amd64.
2026-10-07T20:17:44.1336856Z #9 8.224 Preparing to unpack .../064-libogg0_1.3.5-3_amd64.deb ...
2026-10-07T20:17:44.1337588Z #9 8.225 Unpacking libogg0:amd64 (1.3.5-3) ...
2026-10-07T20:17:44.1338330Z #9 8.240 Selecting previously unselected package libflac12:amd64.
2026-10-07T20:17:44.1339202Z #9 8.242 Preparing to unpack .../065-libflac12_1.4.2+ds-2_amd64.deb ...
2026-10-07T20:17:44.1339979Z #9 8.243 Unpacking libflac12:amd64 (1.4.2+ds-2) ...
2026-10-07T20:17:44.1340725Z #9 8.267 Selecting previously unselected package libdrm-common.
2026-10-07T20:17:44.2339059Z #9 8.269 Preparing to unpack .../066-libdrm-common_2.4.114-1_all.deb ...
2026-10-07T20:17:44.2340320Z #9 8.270 Unpacking libdrm-common (2.4.114-1) ...
2026-10-07T20:17:44.2341352Z #9 8.284 Selecting previously unselected package libdrm2:amd64.
2026-10-07T20:17:44.2342363Z #9 8.286 Preparing to unpack .../067-libdrm2_2.4.114-1+b1_amd64.deb ...
2026-10-07T20:17:44.2343337Z #9 8.287 Unpacking libdrm2:amd64 (2.4.114-1+b1) ...
2026-10-07T20:17:44.2343887Z #9 8.304 Selecting previously unselected package libwayland-server0:amd64.
2026-10-07T20:17:44.2344510Z #9 8.306 Preparing to unpack .../068-libwayland-server0_1.21.0-1_amd64.deb ...
2026-10-07T20:17:44.2345046Z #9 8.307 Unpacking libwayland-server0:amd64 (1.21.0-1) ...
2026-10-07T20:17:44.2345541Z #9 8.323 Selecting previously unselected package libgbm1:amd64.
2026-10-07T20:17:44.2346357Z #9 8.325 Preparing to unpack .../069-libgbm1_22.3.6-1+deb12u2_amd64.deb ...
2026-10-07T20:17:44.2346875Z #9 8.326 Unpacking libgbm1:amd64 (22.3.6-1+deb12u2) ...
2026-10-07T20:17:44.2347390Z #9 8.342 Selecting previously unselected package libgraphite2-3:amd64.
2026-10-07T20:17:44.2347997Z #9 8.345 Preparing to unpack .../070-libgraphite2-3_1.3.14-1+deb12u1_amd64.deb ...
2026-10-07T20:17:44.2348556Z #9 8.346 Unpacking libgraphite2-3:amd64 (1.3.14-1+deb12u1) ...
2026-10-07T20:17:44.2349084Z #9 8.365 Selecting previously unselected package libharfbuzz0b:amd64.
2026-10-07T20:17:44.2349667Z #9 8.367 Preparing to unpack .../071-libharfbuzz0b_6.0.0+dfsg-3_amd64.deb ...
2026-10-07T20:17:44.2350200Z #9 8.368 Unpacking libharfbuzz0b:amd64 (6.0.0+dfsg-3) ...
2026-10-07T20:17:44.3382673Z #9 8.418 Selecting previously unselected package libharfbuzz-subset0:amd64.
2026-10-07T20:17:44.3383846Z #9 8.420 Preparing to unpack .../072-libharfbuzz-subset0_6.0.0+dfsg-3_amd64.deb ...
2026-10-07T20:17:44.3384823Z #9 8.421 Unpacking libharfbuzz-subset0:amd64 (6.0.0+dfsg-3) ...
2026-10-07T20:17:44.3385674Z #9 8.472 Selecting previously unselected package liblcms2-2:amd64.
2026-10-07T20:17:44.4620243Z #9 8.475 Preparing to unpack .../073-liblcms2-2_2.14-2+deb12u1_amd64.deb ...
2026-10-07T20:17:44.4620932Z #9 8.476 Unpacking liblcms2-2:amd64 (2.14-2+deb12u1) ...
2026-10-07T20:17:44.4621440Z #9 8.500 Selecting previously unselected package libminizip1:amd64.
2026-10-07T20:17:44.4622303Z #9 8.502 Preparing to unpack .../074-libminizip1_1.1-8+deb12u1_amd64.deb ...
2026-10-07T20:17:44.4623293Z #9 8.502 Unpacking libminizip1:amd64 (1.1-8+deb12u1) ...
2026-10-07T20:17:44.4623765Z #9 8.517 Selecting previously unselected package libnspr4:amd64.
2026-10-07T20:17:44.4624261Z #9 8.519 Preparing to unpack .../075-libnspr4_2%3a4.35-1_amd64.deb ...
2026-10-07T20:17:44.4624721Z #9 8.520 Unpacking libnspr4:amd64 (2:4.35-1) ...
2026-10-07T20:17:44.4625204Z #9 8.542 Selecting previously unselected package libsqlite3-0:amd64.
2026-10-07T20:17:44.4625761Z #9 8.544 Preparing to unpack .../076-libsqlite3-0_3.40.1-2+deb12u2_amd64.deb ...
2026-10-07T20:17:44.4626263Z #9 8.545 Unpacking libsqlite3-0:amd64 (3.40.1-2+deb12u2) ...
2026-10-07T20:17:44.4626728Z #9 8.596 Selecting previously unselected package libnss3:amd64.
2026-10-07T20:17:44.5631741Z #9 8.598 Preparing to unpack .../077-libnss3_2%3a3.87.1-1+deb12u4_amd64.deb ...
2026-10-07T20:17:44.5632813Z #9 8.599 Unpacking libnss3:amd64 (2:3.87.1-1+deb12u4) ...
2026-10-07T20:17:44.5633528Z #9 8.695 Selecting previously unselected package libopenh264-7:amd64.
2026-10-07T20:17:44.5634261Z #9 8.697 Preparing to unpack .../078-libopenh264-7_2.3.1+dfsg-3+deb12u2_amd64.deb ...
2026-10-07T20:17:44.6647280Z #9 8.698 Unpacking libopenh264-7:amd64 (2.3.1+dfsg-3+deb12u2) ...
2026-10-07T20:17:44.6647931Z #9 8.736 Selecting previously unselected package libopenjp2-7:amd64.
2026-10-07T20:17:44.6648589Z #9 8.738 Preparing to unpack .../079-libopenjp2-7_2.5.0-2+deb12u3_amd64.deb ...
2026-10-07T20:17:44.6649197Z #9 8.739 Unpacking libopenjp2-7:amd64 (2.5.0-2+deb12u3) ...
2026-10-07T20:17:44.6649820Z #9 8.765 Selecting previously unselected package libopus0:amd64.
2026-10-07T20:17:44.6650419Z #9 8.767 Preparing to unpack .../080-libopus0_1.3.1-3_amd64.deb ...
2026-10-07T20:17:44.6650923Z #9 8.768 Unpacking libopus0:amd64 (1.3.1-3) ...
2026-10-07T20:17:44.6651430Z #9 8.799 Selecting previously unselected package fontconfig.
2026-10-07T20:17:44.7662267Z #9 8.801 Preparing to unpack .../081-fontconfig_2.14.1-4_amd64.deb ...
2026-10-07T20:17:44.7664389Z #9 8.802 Unpacking fontconfig (2.14.1-4) ...
2026-10-07T20:17:44.7665193Z #9 8.826 Selecting previously unselected package libfribidi0:amd64.
2026-10-07T20:17:44.7666135Z #9 8.828 Preparing to unpack .../082-libfribidi0_1.0.8-2.1_amd64.deb ...
2026-10-07T20:17:44.7666655Z #9 8.829 Unpacking libfribidi0:amd64 (1.0.8-2.1) ...
2026-10-07T20:17:44.7667554Z #9 8.846 Selecting previously unselected package libthai-data.
2026-10-07T20:17:44.7668472Z #9 8.848 Preparing to unpack .../083-libthai-data_0.1.29-1_all.deb ...
2026-10-07T20:17:44.7669486Z #9 8.848 Unpacking libthai-data (0.1.29-1) ...
2026-10-07T20:17:44.7670368Z #9 8.898 Selecting previously unselected package libdatrie1:amd64.
2026-10-07T20:17:44.7671108Z #9 8.900 Preparing to unpack .../084-libdatrie1_0.2.13-2+b1_amd64.deb ...
2026-10-07T20:17:44.8870225Z #9 8.901 Unpacking libdatrie1:amd64 (0.2.13-2+b1) ...
2026-10-07T20:17:44.8871410Z #9 8.918 Selecting previously unselected package libthai0:amd64.
2026-10-07T20:17:44.8872822Z #9 8.920 Preparing to unpack .../085-libthai0_0.1.29-1_amd64.deb ...
2026-10-07T20:17:44.8873807Z #9 8.921 Unpacking libthai0:amd64 (0.1.29-1) ...
2026-10-07T20:17:44.8874844Z #9 8.938 Selecting previously unselected package libpango-1.0-0:amd64.
2026-10-07T20:17:44.8875487Z #9 8.940 Preparing to unpack .../086-libpango-1.0-0_1.50.12+ds-1_amd64.deb ...
2026-10-07T20:17:44.8876011Z #9 8.941 Unpacking libpango-1.0-0:amd64 (1.50.12+ds-1) ...
2026-10-07T20:17:44.8876513Z #9 8.970 Selecting previously unselected package libasyncns0:amd64.
2026-10-07T20:17:44.8877066Z #9 8.972 Preparing to unpack .../087-libasyncns0_0.8-6+b3_amd64.deb ...
2026-10-07T20:17:44.8877523Z #9 8.973 Unpacking libasyncns0:amd64 (0.8-6+b3) ...
2026-10-07T20:17:44.8877980Z #9 8.989 Selecting previously unselected package libmp3lame0:amd64.
2026-10-07T20:17:44.8878493Z #9 8.991 Preparing to unpack .../088-libmp3lame0_3.100-6_amd64.deb ...
2026-10-07T20:17:44.8879211Z #9 8.992 Unpacking libmp3lame0:amd64 (3.100-6) ...
2026-10-07T20:17:44.8879667Z #9 9.021 Selecting previously unselected package libmpg123-0:amd64.
2026-10-07T20:17:44.9884102Z #9 9.023 Preparing to unpack .../089-libmpg123-0_1.31.2-1+deb12u1_amd64.deb ...
2026-10-07T20:17:44.9885059Z #9 9.024 Unpacking libmpg123-0:amd64 (1.31.2-1+deb12u1) ...
2026-10-07T20:17:44.9885895Z #9 9.048 Selecting previously unselected package libvorbis0a:amd64.
2026-10-07T20:17:44.9886803Z #9 9.050 Preparing to unpack .../090-libvorbis0a_1.3.7-1_amd64.deb ...
2026-10-07T20:17:44.9887573Z #9 9.051 Unpacking libvorbis0a:amd64 (1.3.7-1) ...
2026-10-07T20:17:44.9888409Z #9 9.071 Selecting previously unselected package libvorbisenc2:amd64.
2026-10-07T20:17:44.9889330Z #9 9.073 Preparing to unpack .../091-libvorbisenc2_1.3.7-1_amd64.deb ...
2026-10-07T20:17:44.9890099Z #9 9.074 Unpacking libvorbisenc2:amd64 (1.3.7-1) ...
2026-10-07T20:17:44.9890870Z #9 9.094 Selecting previously unselected package libsndfile1:amd64.
2026-10-07T20:17:44.9891809Z #9 9.096 Preparing to unpack .../092-libsndfile1_1.2.0-1+deb12u1_amd64.deb ...
2026-10-07T20:17:44.9892844Z #9 9.097 Unpacking libsndfile1:amd64 (1.2.0-1+deb12u1) ...
2026-10-07T20:17:44.9893609Z #9 9.122 Selecting previously unselected package libx11-xcb1:amd64.
2026-10-07T20:17:45.0922176Z #9 9.125 Preparing to unpack .../093-libx11-xcb1_2%3a1.8.4-2+deb12u2_amd64.deb ...
2026-10-07T20:17:45.0923792Z #9 9.126 Unpacking libx11-xcb1:amd64 (2:1.8.4-2+deb12u2) ...
2026-10-07T20:17:45.0924466Z #9 9.146 Selecting previously unselected package libpulse0:amd64.
2026-10-07T20:17:45.0925083Z #9 9.148 Preparing to unpack .../094-libpulse0_16.1+dfsg1-2+b1_amd64.deb ...
2026-10-07T20:17:45.0925605Z #9 9.154 Unpacking libpulse0:amd64 (16.1+dfsg1-2+b1) ...
2026-10-07T20:17:45.0926114Z #9 9.187 Selecting previously unselected package libxcomposite1:amd64.
2026-10-07T20:17:45.0926722Z #9 9.189 Preparing to unpack .../095-libxcomposite1_1%3a0.4.5-1_amd64.deb ...
2026-10-07T20:17:45.0927299Z #9 9.190 Unpacking libxcomposite1:amd64 (1:0.4.5-1) ...
2026-10-07T20:17:45.0927839Z #9 9.207 Selecting previously unselected package libxdamage1:amd64.
2026-10-07T20:17:45.0928454Z #9 9.210 Preparing to unpack .../096-libxdamage1_1%3a1.1.6-1_amd64.deb ...
2026-10-07T20:17:45.0928979Z #9 9.211 Unpacking libxdamage1:amd64 (1:1.1.6-1) ...
2026-10-07T20:17:45.0929489Z #9 9.226 Selecting previously unselected package libxfixes3:amd64.
2026-10-07T20:17:45.2087602Z #9 9.229 Preparing to unpack .../097-libxfixes3_1%3a6.0.0-2_amd64.deb ...
2026-10-07T20:17:45.2088177Z #9 9.229 Unpacking libxfixes3:amd64 (1:6.0.0-2) ...
2026-10-07T20:17:45.2088943Z #9 9.244 Selecting previously unselected package xkb-data.
2026-10-07T20:17:45.2089476Z #9 9.246 Preparing to unpack .../098-xkb-data_2.35.1-1_all.deb ...
2026-10-07T20:17:45.2089900Z #9 9.247 Unpacking xkb-data (2.35.1-1) ...
2026-10-07T20:17:45.2090375Z #9 9.343 Selecting previously unselected package libxkbcommon0:amd64.
2026-10-07T20:17:45.3236871Z #9 9.345 Preparing to unpack .../099-libxkbcommon0_1.5.0-1_amd64.deb ...
2026-10-07T20:17:45.3237999Z #9 9.346 Unpacking libxkbcommon0:amd64 (1.5.0-1) ...
2026-10-07T20:17:45.3239013Z #9 9.369 Selecting previously unselected package libxnvctrl0:amd64.
2026-10-07T20:17:45.3240021Z #9 9.371 Preparing to unpack .../100-libxnvctrl0_525.85.05-3~deb12u1_amd64.deb ...
2026-10-07T20:17:45.3240900Z #9 9.372 Unpacking libxnvctrl0:amd64 (525.85.05-3~deb12u1) ...
2026-10-07T20:17:45.3241860Z #9 9.388 Selecting previously unselected package libxrandr2:amd64.
2026-10-07T20:17:45.3243043Z #9 9.390 Preparing to unpack .../101-libxrandr2_2%3a1.5.2-2+b1_amd64.deb ...
2026-10-07T20:17:45.3244009Z #9 9.391 Unpacking libxrandr2:amd64 (2:1.5.2-2+b1) ...
2026-10-07T20:17:45.3244916Z #9 9.407 Selecting previously unselected package libcairo-gobject2:amd64.
2026-10-07T20:17:45.3245876Z #9 9.410 Preparing to unpack .../102-libcairo-gobject2_1.16.0-7_amd64.deb ...
2026-10-07T20:17:45.3246780Z #9 9.411 Unpacking libcairo-gobject2:amd64 (1.16.0-7) ...
2026-10-07T20:17:45.3248042Z #9 9.431 Selecting previously unselected package libcolord2:amd64.
2026-10-07T20:17:45.3249000Z #9 9.433 Preparing to unpack .../103-libcolord2_1.4.6-2.2_amd64.deb ...
2026-10-07T20:17:45.3249817Z #9 9.434 Unpacking libcolord2:amd64 (1.4.6-2.2) ...
2026-10-07T20:17:45.3250634Z #9 9.458 Selecting previously unselected package libepoxy0:amd64.
2026-10-07T20:17:45.4367089Z #9 9.460 Preparing to unpack .../104-libepoxy0_1.5.10-1_amd64.deb ...
2026-10-07T20:17:45.4367972Z #9 9.461 Unpacking libepoxy0:amd64 (1.5.10-1) ...
2026-10-07T20:17:45.4368829Z #9 9.490 Selecting previously unselected package libpangoft2-1.0-0:amd64.
2026-10-07T20:17:45.4369879Z #9 9.493 Preparing to unpack .../105-libpangoft2-1.0-0_1.50.12+ds-1_amd64.deb ...
2026-10-07T20:17:45.4370759Z #9 9.494 Unpacking libpangoft2-1.0-0:amd64 (1.50.12+ds-1) ...
2026-10-07T20:17:45.4371642Z #9 9.511 Selecting previously unselected package libpangocairo-1.0-0:amd64.
2026-10-07T20:17:45.4372845Z #9 9.513 Preparing to unpack .../106-libpangocairo-1.0-0_1.50.12+ds-1_amd64.deb ...
2026-10-07T20:17:45.4373748Z #9 9.514 Unpacking libpangocairo-1.0-0:amd64 (1.50.12+ds-1) ...
2026-10-07T20:17:45.4374615Z #9 9.531 Selecting previously unselected package libwayland-client0:amd64.
2026-10-07T20:17:45.4375552Z #9 9.533 Preparing to unpack .../107-libwayland-client0_1.21.0-1_amd64.deb ...
2026-10-07T20:17:45.4376353Z #9 9.534 Unpacking libwayland-client0:amd64 (1.21.0-1) ...
2026-10-07T20:17:45.4377160Z #9 9.553 Selecting previously unselected package libwayland-cursor0:amd64.
2026-10-07T20:17:45.4378057Z #9 9.555 Preparing to unpack .../108-libwayland-cursor0_1.21.0-1_amd64.deb ...
2026-10-07T20:17:45.4378820Z #9 9.555 Unpacking libwayland-cursor0:amd64 (1.21.0-1) ...
2026-10-07T20:17:45.4379581Z #9 9.571 Selecting previously unselected package libwayland-egl1:amd64.
2026-10-07T20:17:45.5511864Z #9 9.573 Preparing to unpack .../109-libwayland-egl1_1.21.0-1_amd64.deb ...
2026-10-07T20:17:45.5513226Z #9 9.574 Unpacking libwayland-egl1:amd64 (1.21.0-1) ...
2026-10-07T20:17:45.5514304Z #9 9.590 Selecting previously unselected package libxcursor1:amd64.
2026-10-07T20:17:45.5515308Z #9 9.593 Preparing to unpack .../110-libxcursor1_1%3a1.2.1-1_amd64.deb ...
2026-10-07T20:17:45.5516151Z #9 9.593 Unpacking libxcursor1:amd64 (1:1.2.1-1) ...
2026-10-07T20:17:45.5516998Z #9 9.609 Selecting previously unselected package libxinerama1:amd64.
2026-10-07T20:17:45.5517973Z #9 9.612 Preparing to unpack .../111-libxinerama1_2%3a1.1.4-3_amd64.deb ...
2026-10-07T20:17:45.5518657Z #9 9.612 Unpacking libxinerama1:amd64 (2:1.1.4-3) ...
2026-10-07T20:17:45.5519422Z #9 9.626 Selecting previously unselected package dbus-user-session.
2026-10-07T20:17:45.5520073Z #9 9.629 Preparing to unpack .../112-dbus-user-session_1.14.10-1~deb12u1_amd64.deb ...
2026-10-07T20:17:45.5520651Z #9 9.630 Unpacking dbus-user-session (1.14.10-1~deb12u1) ...
2026-10-07T20:17:45.5521176Z #9 9.648 Selecting previously unselected package libdconf1:amd64.
2026-10-07T20:17:45.5521719Z #9 9.650 Preparing to unpack .../113-libdconf1_0.40.0-4_amd64.deb ...
2026-10-07T20:17:45.5522179Z #9 9.651 Unpacking libdconf1:amd64 (0.40.0-4) ...
2026-10-07T20:17:45.5522978Z #9 9.667 Selecting previously unselected package dconf-service.
2026-10-07T20:17:45.5523520Z #9 9.669 Preparing to unpack .../114-dconf-service_0.40.0-4_amd64.deb ...
2026-10-07T20:17:45.5523983Z #9 9.669 Unpacking dconf-service (0.40.0-4) ...
2026-10-07T20:17:45.5524520Z #9 9.685 Selecting previously unselected package dconf-gsettings-backend:amd64.
2026-10-07T20:17:45.7251948Z #9 9.687 Preparing to unpack .../115-dconf-gsettings-backend_0.40.0-4_amd64.deb ...
2026-10-07T20:17:45.7253272Z #9 9.688 Unpacking dconf-gsettings-backend:amd64 (0.40.0-4) ...
2026-10-07T20:17:45.7254177Z #9 9.706 Selecting previously unselected package libgtk-3-common.
2026-10-07T20:17:45.7255192Z #9 9.708 Preparing to unpack .../116-libgtk-3-common_3.24.38-2~deb12u3_all.deb ...
2026-10-07T20:17:45.7256105Z #9 9.709 Unpacking libgtk-3-common (3.24.38-2~deb12u3) ...
2026-10-07T20:17:45.8335568Z #9 9.968 Selecting previously unselected package libgtk-3-0:amd64.
2026-10-07T20:17:45.9872635Z #9 9.970 Preparing to unpack .../117-libgtk-3-0_3.24.38-2~deb12u3_amd64.deb ...
2026-10-07T20:17:45.9873542Z #9 9.971 Unpacking libgtk-3-0:amd64 (3.24.38-2~deb12u3) ...
2026-10-07T20:17:46.0353635Z #9 10.17 Selecting previously unselected package libfontenc1:amd64.
2026-10-07T20:17:46.1496635Z #9 10.17 Preparing to unpack .../118-libfontenc1_1%3a1.1.4-1_amd64.deb ...
2026-10-07T20:17:46.1498904Z #9 10.17 Unpacking libfontenc1:amd64 (1:1.1.4-1) ...
2026-10-07T20:17:46.1500534Z #9 10.19 Selecting previously unselected package libglvnd0:amd64.
2026-10-07T20:17:46.1501665Z #9 10.19 Preparing to unpack .../119-libglvnd0_1.6.0-1_amd64.deb ...
2026-10-07T20:17:46.1502900Z #9 10.19 Unpacking libglvnd0:amd64 (1.6.0-1) ...
2026-10-07T20:17:46.1503823Z #9 10.21 Selecting previously unselected package libglapi-mesa:amd64.
2026-10-07T20:17:46.1504490Z #9 10.22 Preparing to unpack .../120-libglapi-mesa_22.3.6-1+deb12u2_amd64.deb ...
2026-10-07T20:17:46.1505085Z #9 10.22 Unpacking libglapi-mesa:amd64 (22.3.6-1+deb12u2) ...
2026-10-07T20:17:46.1505623Z #9 10.23 Selecting previously unselected package libxcb-dri2-0:amd64.
2026-10-07T20:17:46.1506186Z #9 10.24 Preparing to unpack .../121-libxcb-dri2-0_1.15-1_amd64.deb ...
2026-10-07T20:17:46.1506656Z #9 10.24 Unpacking libxcb-dri2-0:amd64 (1.15-1) ...
2026-10-07T20:17:46.1507139Z #9 10.26 Selecting previously unselected package libxcb-dri3-0:amd64.
2026-10-07T20:17:46.1507680Z #9 10.26 Preparing to unpack .../122-libxcb-dri3-0_1.15-1_amd64.deb ...
2026-10-07T20:17:46.1508129Z #9 10.26 Unpacking libxcb-dri3-0:amd64 (1.15-1) ...
2026-10-07T20:17:46.1508579Z #9 10.28 Selecting previously unselected package libxcb-glx0:amd64.
2026-10-07T20:17:46.2516652Z #9 10.29 Preparing to unpack .../123-libxcb-glx0_1.15-1_amd64.deb ...
2026-10-07T20:17:46.2517768Z #9 10.29 Unpacking libxcb-glx0:amd64 (1.15-1) ...
2026-10-07T20:17:46.2518784Z #9 10.31 Selecting previously unselected package libxcb-present0:amd64.
2026-10-07T20:17:46.2519467Z #9 10.31 Preparing to unpack .../124-libxcb-present0_1.15-1_amd64.deb ...
2026-10-07T20:17:46.2519991Z #9 10.31 Unpacking libxcb-present0:amd64 (1.15-1) ...
2026-10-07T20:17:46.2520489Z #9 10.33 Selecting previously unselected package libxcb-randr0:amd64.
2026-10-07T20:17:46.2521049Z #9 10.33 Preparing to unpack .../125-libxcb-randr0_1.15-1_amd64.deb ...
2026-10-07T20:17:46.2521530Z #9 10.33 Unpacking libxcb-randr0:amd64 (1.15-1) ...
2026-10-07T20:17:46.2522022Z #9 10.36 Selecting previously unselected package libxcb-sync1:amd64.
2026-10-07T20:17:46.2523369Z #9 10.36 Preparing to unpack .../126-libxcb-sync1_1.15-1_amd64.deb ...
2026-10-07T20:17:46.2524021Z #9 10.36 Unpacking libxcb-sync1:amd64 (1.15-1) ...
2026-10-07T20:17:46.2524519Z #9 10.39 Selecting previously unselected package libxcb-xfixes0:amd64.
2026-10-07T20:17:46.3526130Z #9 10.39 Preparing to unpack .../127-libxcb-xfixes0_1.15-1_amd64.deb ...
2026-10-07T20:17:46.3526964Z #9 10.39 Unpacking libxcb-xfixes0:amd64 (1.15-1) ...
2026-10-07T20:17:46.3527512Z #9 10.41 Selecting previously unselected package libxshmfence1:amd64.
2026-10-07T20:17:46.3528679Z #9 10.41 Preparing to unpack .../128-libxshmfence1_1.3-1_amd64.deb ...
2026-10-07T20:17:46.3529225Z #9 10.41 Unpacking libxshmfence1:amd64 (1.3-1) ...
2026-10-07T20:17:46.3529946Z #9 10.43 Selecting previously unselected package libxxf86vm1:amd64.
2026-10-07T20:17:46.3531266Z #9 10.43 Preparing to unpack .../129-libxxf86vm1_1%3a1.1.4-1+b2_amd64.deb ...
2026-10-07T20:17:46.3532114Z #9 10.43 Unpacking libxxf86vm1:amd64 (1:1.1.4-1+b2) ...
2026-10-07T20:17:46.3533313Z #9 10.44 Selecting previously unselected package libdrm-amdgpu1:amd64.
2026-10-07T20:17:46.3534080Z #9 10.45 Preparing to unpack .../130-libdrm-amdgpu1_2.4.114-1+b1_amd64.deb ...
2026-10-07T20:17:46.3534672Z #9 10.45 Unpacking libdrm-amdgpu1:amd64 (2.4.114-1+b1) ...
2026-10-07T20:17:46.3535246Z #9 10.46 Selecting previously unselected package libpciaccess0:amd64.
2026-10-07T20:17:46.3536137Z #9 10.47 Preparing to unpack .../131-libpciaccess0_0.17-2_amd64.deb ...
2026-10-07T20:17:46.3536680Z #9 10.47 Unpacking libpciaccess0:amd64 (0.17-2) ...
2026-10-07T20:17:46.3537236Z #9 10.48 Selecting previously unselected package libdrm-intel1:amd64.
2026-10-07T20:17:46.3537888Z #9 10.49 Preparing to unpack .../132-libdrm-intel1_2.4.114-1+b1_amd64.deb ...
2026-10-07T20:17:46.4614973Z #9 10.49 Unpacking libdrm-intel1:amd64 (2.4.114-1+b1) ...
2026-10-07T20:17:46.4615582Z #9 10.51 Selecting previously unselected package libdrm-nouveau2:amd64.
2026-10-07T20:17:46.4616184Z #9 10.51 Preparing to unpack .../133-libdrm-nouveau2_2.4.114-1+b1_amd64.deb ...
2026-10-07T20:17:46.4616736Z #9 10.51 Unpacking libdrm-nouveau2:amd64 (2.4.114-1+b1) ...
2026-10-07T20:17:46.4617249Z #9 10.53 Selecting previously unselected package libdrm-radeon1:amd64.
2026-10-07T20:17:46.4617820Z #9 10.53 Preparing to unpack .../134-libdrm-radeon1_2.4.114-1+b1_amd64.deb ...
2026-10-07T20:17:46.4618326Z #9 10.53 Unpacking libdrm-radeon1:amd64 (2.4.114-1+b1) ...
2026-10-07T20:17:46.4618807Z #9 10.54 Selecting previously unselected package libelf1:amd64.
2026-10-07T20:17:46.4619308Z #9 10.55 Preparing to unpack .../135-libelf1_0.188-2.1_amd64.deb ...
2026-10-07T20:17:46.4619755Z #9 10.55 Unpacking libelf1:amd64 (0.188-2.1) ...
2026-10-07T20:17:46.4627437Z #9 10.57 Selecting previously unselected package libedit2:amd64.
2026-10-07T20:17:46.4627995Z #9 10.57 Preparing to unpack .../136-libedit2_3.1-20221030-2_amd64.deb ...
2026-10-07T20:17:46.4628471Z #9 10.58 Unpacking libedit2:amd64 (3.1-20221030-2) ...
2026-10-07T20:17:46.4628914Z #9 10.60 Selecting previously unselected package libz3-4:amd64.
2026-10-07T20:17:46.6148526Z #9 10.60 Preparing to unpack .../137-libz3-4_4.8.12-3.1_amd64.deb ...
2026-10-07T20:17:46.6149376Z #9 10.60 Unpacking libz3-4:amd64 (4.8.12-3.1) ...
2026-10-07T20:17:46.9082221Z #9 11.04 Selecting previously unselected package libllvm15:amd64.
2026-10-07T20:17:47.0619611Z #9 11.04 Preparing to unpack .../138-libllvm15_1%3a15.0.6-4+b1_amd64.deb ...
2026-10-07T20:17:47.0620740Z #9 11.05 Unpacking libllvm15:amd64 (1:15.0.6-4+b1) ...
2026-10-07T20:17:47.6859841Z #9 11.82 Selecting previously unselected package libsensors-config.
2026-10-07T20:17:47.8874228Z #9 11.82 Preparing to unpack .../139-libsensors-config_1%3a3.6.0-7.1_all.deb ...
2026-10-07T20:17:47.8875219Z #9 11.82 Unpacking libsensors-config (1:3.6.0-7.1) ...
2026-10-07T20:17:47.8876236Z #9 11.84 Selecting previously unselected package libsensors5:amd64.
2026-10-07T20:17:47.8877305Z #9 11.84 Preparing to unpack .../140-libsensors5_1%3a3.6.0-7.1_amd64.deb ...
2026-10-07T20:17:47.8878567Z #9 11.85 Unpacking libsensors5:amd64 (1:3.6.0-7.1) ...
2026-10-07T20:17:47.8879466Z #9 11.86 Selecting previously unselected package libgl1-mesa-dri:amd64.
2026-10-07T20:17:47.8880531Z #9 11.87 Preparing to unpack .../141-libgl1-mesa-dri_22.3.6-1+deb12u2_amd64.deb ...
2026-10-07T20:17:47.8881490Z #9 11.87 Unpacking libgl1-mesa-dri:amd64 (22.3.6-1+deb12u2) ...
2026-10-07T20:17:48.1793847Z #9 12.31 Selecting previously unselected package libglx-mesa0:amd64.
2026-10-07T20:17:48.2781586Z #9 12.31 Preparing to unpack .../142-libglx-mesa0_22.3.6-1+deb12u2_amd64.deb ...
2026-10-07T20:17:48.2782347Z #9 12.32 Unpacking libglx-mesa0:amd64 (22.3.6-1+deb12u2) ...
2026-10-07T20:17:48.2783454Z #9 12.34 Selecting previously unselected package libglx0:amd64.
2026-10-07T20:17:48.2784368Z #9 12.34 Preparing to unpack .../143-libglx0_1.6.0-1_amd64.deb ...
2026-10-07T20:17:48.2785112Z #9 12.34 Unpacking libglx0:amd64 (1.6.0-1) ...
2026-10-07T20:17:48.2785934Z #9 12.36 Selecting previously unselected package libgl1:amd64.
2026-10-07T20:17:48.2786882Z #9 12.36 Preparing to unpack .../144-libgl1_1.6.0-1_amd64.deb ...
2026-10-07T20:17:48.2787659Z #9 12.36 Unpacking libgl1:amd64 (1.6.0-1) ...
2026-10-07T20:17:48.2788394Z #9 12.38 Selecting previously unselected package x11-common.
2026-10-07T20:17:48.2789274Z #9 12.39 Preparing to unpack .../145-x11-common_1%3a7.7+23_all.deb ...
2026-10-07T20:17:48.2790399Z #9 12.39 Unpacking x11-common (1:7.7+23) ...
2026-10-07T20:17:48.2791153Z #9 12.41 Selecting previously unselected package libice6:amd64.
2026-10-07T20:17:48.2791825Z #9 12.41 Preparing to unpack .../146-libice6_2%3a1.0.10-1_amd64.deb ...
2026-10-07T20:17:48.3881378Z #9 12.41 Unpacking libice6:amd64 (2:1.0.10-1) ...
2026-10-07T20:17:48.3881925Z #9 12.43 Selecting previously unselected package libsm6:amd64.
2026-10-07T20:17:48.3882674Z #9 12.43 Preparing to unpack .../147-libsm6_2%3a1.2.3-1_amd64.deb ...
2026-10-07T20:17:48.3883593Z #9 12.43 Unpacking libsm6:amd64 (2:1.2.3-1) ...
2026-10-07T20:17:48.3884072Z #9 12.45 Selecting previously unselected package libxt6:amd64.
2026-10-07T20:17:48.3884693Z #9 12.45 Preparing to unpack .../148-libxt6_1%3a1.2.1-1.1_amd64.deb ...
2026-10-07T20:17:48.3885230Z #9 12.45 Unpacking libxt6:amd64 (1:1.2.1-1.1) ...
2026-10-07T20:17:48.3885726Z #9 12.48 Selecting previously unselected package libxmu6:amd64.
2026-10-07T20:17:48.3886281Z #9 12.48 Preparing to unpack .../149-libxmu6_2%3a1.1.3-3_amd64.deb ...
2026-10-07T20:17:48.3886779Z #9 12.49 Unpacking libxmu6:amd64 (2:1.1.3-3) ...
2026-10-07T20:17:48.3887271Z #9 12.50 Selecting previously unselected package libxpm4:amd64.
2026-10-07T20:17:48.3887981Z #9 12.50 Preparing to unpack .../150-libxpm4_1%3a3.5.12-1.1+deb12u1_amd64.deb ...
2026-10-07T20:17:48.3888540Z #9 12.51 Unpacking libxpm4:amd64 (1:3.5.12-1.1+deb12u1) ...
2026-10-07T20:17:48.3889050Z #9 12.52 Selecting previously unselected package libxaw7:amd64.
2026-10-07T20:17:48.5022184Z #9 12.52 Preparing to unpack .../151-libxaw7_2%3a1.0.14-1_amd64.deb ...
2026-10-07T20:17:48.5024339Z #9 12.53 Unpacking libxaw7:amd64 (2:1.0.14-1) ...
2026-10-07T20:17:48.5025480Z #9 12.55 Selecting previously unselected package libxcb-shape0:amd64.
2026-10-07T20:17:48.5026627Z #9 12.55 Preparing to unpack .../152-libxcb-shape0_1.15-1_amd64.deb ...
2026-10-07T20:17:48.5027623Z #9 12.56 Unpacking libxcb-shape0:amd64 (1.15-1) ...
2026-10-07T20:17:48.5028662Z #9 12.57 Selecting previously unselected package libxft2:amd64.
2026-10-07T20:17:48.5029631Z #9 12.58 Preparing to unpack .../153-libxft2_2.3.6-1_amd64.deb ...
2026-10-07T20:17:48.5030154Z #9 12.58 Unpacking libxft2:amd64 (2.3.6-1) ...
2026-10-07T20:17:48.5030652Z #9 12.60 Selecting previously unselected package libxkbfile1:amd64.
2026-10-07T20:17:48.5031239Z #9 12.60 Preparing to unpack .../154-libxkbfile1_1%3a1.1.0-1_amd64.deb ...
2026-10-07T20:17:48.5031747Z #9 12.60 Unpacking libxkbfile1:amd64 (1:1.1.0-1) ...
2026-10-07T20:17:48.5032227Z #9 12.62 Selecting previously unselected package libxmuu1:amd64.
2026-10-07T20:17:48.5033159Z #9 12.62 Preparing to unpack .../155-libxmuu1_2%3a1.1.3-3_amd64.deb ...
2026-10-07T20:17:48.5033882Z #9 12.62 Unpacking libxmuu1:amd64 (2:1.1.3-3) ...
2026-10-07T20:17:48.5034358Z #9 12.64 Selecting previously unselected package libxtst6:amd64.
2026-10-07T20:17:48.6129267Z #9 12.64 Preparing to unpack .../156-libxtst6_2%3a1.2.3-1.1_amd64.deb ...
2026-10-07T20:17:48.6130147Z #9 12.64 Unpacking libxtst6:amd64 (2:1.2.3-1.1) ...
2026-10-07T20:17:48.6130934Z #9 12.65 Selecting previously unselected package libxv1:amd64.
2026-10-07T20:17:48.6131794Z #9 12.66 Preparing to unpack .../157-libxv1_2%3a1.0.11-1.1_amd64.deb ...
2026-10-07T20:17:48.6132765Z #9 12.66 Unpacking libxv1:amd64 (2:1.0.11-1.1) ...
2026-10-07T20:17:48.6133547Z #9 12.67 Selecting previously unselected package libxxf86dga1:amd64.
2026-10-07T20:17:48.6134451Z #9 12.67 Preparing to unpack .../158-libxxf86dga1_2%3a1.1.5-1_amd64.deb ...
2026-10-07T20:17:48.6135230Z #9 12.68 Unpacking libxxf86dga1:amd64 (2:1.1.5-1) ...
2026-10-07T20:17:48.6135931Z #9 12.69 Selecting previously unselected package x11-utils.
2026-10-07T20:17:48.6136708Z #9 12.69 Preparing to unpack .../159-x11-utils_7.7+5_amd64.deb ...
2026-10-07T20:17:48.6137350Z #9 12.69 Unpacking x11-utils (7.7+5) ...
2026-10-07T20:17:48.6137983Z #9 12.72 Selecting previously unselected package xdg-utils.
2026-10-07T20:17:48.6138767Z #9 12.73 Preparing to unpack .../160-xdg-utils_1.1.3-4.1_all.deb ...
2026-10-07T20:17:48.6139761Z #9 12.73 Unpacking xdg-utils (1.1.3-4.1) ...
2026-10-07T20:17:48.6140422Z #9 12.75 Selecting previously unselected package chromium-common.
2026-10-07T20:17:48.7670742Z #9 12.75 Preparing to unpack .../161-chromium-common_154.0.8037.92-1~deb12u1_amd64.deb ...
2026-10-07T20:17:48.7671819Z #9 12.75 Unpacking chromium-common (154.0.8037.92-1~deb12u1) ...
2026-10-07T20:17:49.1765592Z #9 13.31 Selecting previously unselected package chromium.
2026-10-07T20:17:49.3308217Z #9 13.31 Preparing to unpack .../162-chromium_154.0.8037.92-1~deb12u1_amd64.deb ...
2026-10-07T20:17:49.3309168Z #9 13.31 Unpacking chromium (154.0.8037.92-1~deb12u1) ...
2026-10-07T20:17:51.2332324Z #9 15.37 Setting up libexpat1:amd64 (2.5.0-1+deb12u4) ...
2026-10-07T20:17:51.3781317Z #9 15.37 Setting up bubblewrap (0.8.0-2+deb12u1) ...
2026-10-07T20:17:51.3782712Z #9 15.37 sysctl: cannot open "/etc/sysctl.d/99-sysctl.conf": No such file or directory
2026-10-07T20:17:51.3783810Z #9 15.37 Setting up libgraphite2-3:amd64 (1.3.14-1+deb12u1) ...
2026-10-07T20:17:51.3784719Z #9 15.38 Setting up liblcms2-2:amd64 (2.14-2+deb12u1) ...
2026-10-07T20:17:51.3785471Z #9 15.38 Setting up libpixman-1-0:amd64 (0.42.2-1) ...
2026-10-07T20:17:51.3786216Z #9 15.38 Setting up libwayland-server0:amd64 (1.21.0-1) ...
2026-10-07T20:17:51.3786949Z #9 15.38 Setting up libpciaccess0:amd64 (0.17-2) ...
2026-10-07T20:17:51.3787658Z #9 15.38 Setting up systemd-sysv (252.39-1~deb12u2) ...
2026-10-07T20:17:51.3788342Z #9 15.39 Setting up libxau6:amd64 (1:1.0.9-1) ...
2026-10-07T20:17:51.3788786Z #9 15.39 Setting up libdouble-conversion3:amd64 (3.2.1-1) ...
2026-10-07T20:17:51.3789228Z #9 15.39 Setting up libkeyutils1:amd64 (1.6.3-2) ...
2026-10-07T20:17:51.3789655Z #9 15.39 Setting up libicu72:amd64 (72.1-3+deb12u1) ...
2026-10-07T20:17:51.3790069Z #9 15.40 Setting up libmpg123-0:amd64 (1.31.2-1+deb12u1) ...
2026-10-07T20:17:51.3790452Z #9 15.40 Setting up libogg0:amd64 (1.3.5-3) ...
2026-10-07T20:17:51.3790841Z #9 15.40 Setting up liblerc4:amd64 (4.0.0+ds-2) ...
2026-10-07T20:17:51.3791255Z #9 15.40 Setting up hicolor-icon-theme (0.17-2) ...
2026-10-07T20:17:51.3791650Z #9 15.42 Setting up libdatrie1:amd64 (0.2.13-2+b1) ...
2026-10-07T20:17:51.3792053Z #9 15.42 Setting up libminizip1:amd64 (1.1-8+deb12u1) ...
2026-10-07T20:17:51.3792755Z #9 15.42 Setting up libglib2.0-0:amd64 (2.74.6-2+deb12u9) ...
2026-10-07T20:17:51.3793189Z #9 15.43 Setting up libglvnd0:amd64 (1.6.0-1) ...
2026-10-07T20:17:51.3793844Z #9 15.43 Setting up libbrotli1:amd64 (1.0.9-2+b6) ...
2026-10-07T20:17:51.3794326Z #9 15.44 Setting up libsqlite3-0:amd64 (3.40.1-2+deb12u2) ...
2026-10-07T20:17:51.3795086Z #9 15.44 Setting up libgdk-pixbuf2.0-common (2.42.10+dfsg-1+deb12u4) ...
2026-10-07T20:17:51.3795561Z #9 15.44 Setting up x11-common (1:7.7+23) ...
2026-10-07T20:17:51.3795964Z #9 15.51 debconf: unable to initialize frontend: Dialog
2026-10-07T20:17:51.3796449Z #9 15.51 debconf: (TERM is not set, so the dialog frontend is not usable.)
2026-10-07T20:17:51.3796909Z #9 15.51 debconf: falling back to frontend: Readline
2026-10-07T20:17:51.4799591Z #9 15.51 debconf: unable to initialize frontend: Readline
2026-10-07T20:17:51.4803159Z #9 15.51 debconf: (Can't locate Term/ReadLine.pm in @INC (you may need to install the Term::ReadLine module) (@INC contains: /etc/perl /usr/local/lib/x86_64-linux-gnu/perl/5.36.0 /usr/local/share/perl/5.36.0 /usr/lib/x86_64-linux-gnu/perl5/5.36 /usr/share/perl5 /usr/lib/x86_64-linux-gnu/perl-base /usr/lib/x86_64-linux-gnu/perl/5.36 /usr/share/perl/5.36 /usr/local/lib/site_perl) at /usr/share/perl5/Debconf/FrontEnd/Readline.pm line 7.)
2026-10-07T20:17:51.4805956Z #9 15.51 debconf: falling back to frontend: Teletype
2026-10-07T20:17:51.4806565Z #9 15.53 invoke-rc.d: could not determine current runlevel
2026-10-07T20:17:51.4807315Z #9 15.54 invoke-rc.d: policy-rc.d denied execution of restart.
2026-10-07T20:17:51.4807870Z #9 15.54 Setting up libsensors-config (1:3.6.0-7.1) ...
2026-10-07T20:17:51.4808286Z #9 15.54 Setting up libdeflate0:amd64 (1.14-1) ...
2026-10-07T20:17:51.4808937Z #9 15.55 Setting up xkb-data (2.35.1-1) ...
2026-10-07T20:17:51.4809511Z #9 15.55 Setting up libjbig0:amd64 (2.1-6.1) ...
2026-10-07T20:17:51.4809889Z #9 15.55 Setting up libcolord2:amd64 (1.4.6-2.2) ...
2026-10-07T20:17:51.4810319Z #9 15.55 Setting up libkrb5support0:amd64 (1.20.1-2+deb12u5) ...
2026-10-07T20:17:51.4810950Z #9 15.55 Setting up libdconf1:amd64 (0.40.0-4) ...
2026-10-07T20:17:51.4811316Z #9 15.56 Setting up libasound2-data (1.2.8-1) ...
2026-10-07T20:17:51.4811695Z #9 15.56 Setting up libfontenc1:amd64 (1:1.1.4-1) ...
2026-10-07T20:17:51.4812290Z #9 15.56 Setting up libz3-4:amd64 (4.8.12-3.1) ...
2026-10-07T20:17:51.4812982Z #9 15.56 Setting up libflac12:amd64 (1.4.2+ds-2) ...
2026-10-07T20:17:51.4813384Z #9 15.56 Setting up libjpeg62-turbo:amd64 (1:2.1.5-2) ...
2026-10-07T20:17:51.4814053Z #9 15.57 Setting up libx11-data (2:1.8.4-2+deb12u2) ...
2026-10-07T20:17:51.4814428Z #9 15.57 Setting up libepoxy0:amd64 (1.5.10-1) ...
2026-10-07T20:17:51.4814786Z #9 15.57 Setting up libnspr4:amd64 (2:4.35-1) ...
2026-10-07T20:17:51.4815219Z #9 15.57 Setting up libavahi-common-data:amd64 (0.8-10+deb12u1) ...
2026-10-07T20:17:51.4815790Z #9 15.57 Setting up libdbus-1-3:amd64 (1.14.10-1~deb12u1) ...
2026-10-07T20:17:51.4816321Z #9 15.58 Setting up libfribidi0:amd64 (1.0.8-2.1) ...
2026-10-07T20:17:51.4816683Z #9 15.58 Setting up libopus0:amd64 (1.3.1-3) ...
2026-10-07T20:17:51.4817158Z #9 15.58 Setting up libproc2-0:amd64 (2:4.0.2-3) ...
2026-10-07T20:17:51.4817819Z #9 15.58 Setting up libpng16-16:amd64 (1.6.39-2+deb12u6) ...
2026-10-07T20:17:51.4818584Z #9 15.59 Setting up libvorbis0a:amd64 (1.3.7-1) ...
2026-10-07T20:17:51.4819347Z #9 15.59 Setting up fonts-dejavu-core (2.37-6) ...
2026-10-07T20:17:51.4820098Z #9 15.60 Setting up libsensors5:amd64 (1:3.6.0-7.1) ...
2026-10-07T20:17:51.4820817Z #9 15.61 Setting up libncursesw6:amd64 (6.4-4) ...
2026-10-07T20:17:51.4821227Z #9 15.61 Setting up libk5crypto3:amd64 (1.20.1-2+deb12u5) ...
2026-10-07T20:17:51.4821872Z #9 15.61 Setting up libdav1d6:amd64 (1.0.0-2+deb12u1) ...
2026-10-07T20:17:51.4822305Z #9 15.61 Setting up libglapi-mesa:amd64 (22.3.6-1+deb12u2) ...
2026-10-07T20:17:51.4823234Z #9 15.61 Setting up libopenh264-7:amd64 (2.3.1+dfsg-3+deb12u2) ...
2026-10-07T20:17:51.5802949Z #9 15.62 Setting up libwebp7:amd64 (1.2.4-0.2+deb12u1) ...
2026-10-07T20:17:51.5803664Z #9 15.62 Setting up libasyncns0:amd64 (0.8-6+b3) ...
2026-10-07T20:17:51.5804085Z #9 15.62 Setting up libxshmfence1:amd64 (1.3-1) ...
2026-10-07T20:17:51.5804561Z #9 15.62 Setting up at-spi2-common (2.46.0-5) ...
2026-10-07T20:17:51.5805094Z #9 15.62 Setting up libtiff6:amd64 (4.5.0-6+deb12u4) ...
2026-10-07T20:17:51.5805900Z #9 15.63 Setting up dbus-session-bus-common (1.14.10-1~deb12u1) ...
2026-10-07T20:17:51.5806452Z #9 15.63 Setting up procps (2:4.0.2-3) ...
2026-10-07T20:17:51.5806832Z #9 15.65 Setting up libasound2:amd64 (1.2.8-1+b1) ...
2026-10-07T20:17:51.5807413Z #9 15.65 Setting up libopenjp2-7:amd64 (2.5.0-2+deb12u3) ...
2026-10-07T20:17:51.5807808Z #9 15.65 Setting up libthai-data (0.1.29-1) ...
2026-10-07T20:17:51.5808296Z #9 15.66 Setting up libatk1.0-0:amd64 (2.46.0-5) ...
2026-10-07T20:17:51.5808766Z #9 15.66 Setting up libkrb5-3:amd64 (1.20.1-2+deb12u5) ...
2026-10-07T20:17:51.5809187Z #9 15.66 Setting up libwayland-egl1:amd64 (1.21.0-1) ...
2026-10-07T20:17:51.5809807Z #9 15.66 Setting up dbus-system-bus-common (1.14.10-1~deb12u1) ...
2026-10-07T20:17:51.5810236Z #9 15.71 Setting up libbsd0:amd64 (0.11.7-2) ...
2026-10-07T20:17:51.5810738Z #9 15.71 Setting up libdrm-common (2.4.114-1) ...
2026-10-07T20:17:51.5811159Z #9 15.71 Setting up libelf1:amd64 (0.188-2.1) ...
2026-10-07T20:17:51.7015225Z #9 15.72 Setting up libxml2:amd64 (2.9.14+dfsg-1.3~deb12u6) ...
2026-10-07T20:17:51.7016007Z #9 15.72 Setting up xdg-utils (1.1.3-4.1) ...
2026-10-07T20:17:51.7016706Z #9 15.73 update-alternatives: using /usr/bin/xdg-open to provide /usr/bin/open (open) in auto mode
2026-10-07T20:17:51.7018020Z #9 15.73 update-alternatives: warning: skip creation of /usr/share/man/man1/open.1.gz because associated file /usr/share/man/man1/xdg-open.1.gz (of link group open) doesn't exist
2026-10-07T20:17:51.7019282Z #9 15.73 Setting up dbus-bin (1.14.10-1~deb12u1) ...
2026-10-07T20:17:51.7019729Z #9 15.73 Setting up libmp3lame0:amd64 (3.100-6) ...
2026-10-07T20:17:51.7020190Z #9 15.75 Setting up libvorbisenc2:amd64 (1.3.7-1) ...
2026-10-07T20:17:51.7020631Z #9 15.76 Setting up libxkbcommon0:amd64 (1.5.0-1) ...
2026-10-07T20:17:51.7021108Z #9 15.76 Setting up libwayland-client0:amd64 (1.21.0-1) ...
2026-10-07T20:17:51.7021564Z #9 15.76 Setting up libice6:amd64 (2:1.0.10-1) ...
2026-10-07T20:17:51.7022076Z #9 15.76 Setting up libxdmcp6:amd64 (1:1.1.2-3) ...
2026-10-07T20:17:51.7023051Z #9 15.76 Setting up libxcb1:amd64 (1.15-1) ...
2026-10-07T20:17:51.7023499Z #9 15.77 Setting up libxcb-xfixes0:amd64 (1.15-1) ...
2026-10-07T20:17:51.7024024Z #9 15.77 Setting up libxcb-render0:amd64 (1.15-1) ...
2026-10-07T20:17:51.7024786Z #9 15.77 Setting up fontconfig-config (2.14.1-4) ...
2026-10-07T20:17:51.7025594Z #9 15.84 debconf: unable to initialize frontend: Dialog
2026-10-07T20:17:51.7026199Z #9 15.84 debconf: (TERM is not set, so the dialog frontend is not usable.)
2026-10-07T20:17:51.7026676Z #9 15.84 debconf: falling back to frontend: Readline
2026-10-07T20:17:51.8310484Z #9 15.84 debconf: unable to initialize frontend: Readline
2026-10-07T20:17:51.8314616Z #9 15.84 debconf: (Can't locate Term/ReadLine.pm in @INC (you may need to install the Term::ReadLine module) (@INC contains: /etc/perl /usr/local/lib/x86_64-linux-gnu/perl/5.36.0 /usr/local/share/perl/5.36.0 /usr/lib/x86_64-linux-gnu/perl5/5.36 /usr/share/perl5 /usr/lib/x86_64-linux-gnu/perl-base /usr/lib/x86_64-linux-gnu/perl/5.36 /usr/share/perl/5.36 /usr/local/lib/site_perl) at /usr/share/perl5/Debconf/FrontEnd/Readline.pm line 7.)
2026-10-07T20:17:51.8317317Z #9 15.84 debconf: falling back to frontend: Teletype
2026-10-07T20:17:51.8318191Z #9 15.96 Setting up libxcb-glx0:amd64 (1.15-1) ...
2026-10-07T20:17:52.0387148Z #9 15.97 Setting up libedit2:amd64 (3.1-20221030-2) ...
2026-10-07T20:17:52.0387907Z #9 15.97 Setting up libxcb-shape0:amd64 (1.15-1) ...
2026-10-07T20:17:52.0388631Z #9 15.97 Setting up libavahi-common3:amd64 (0.8-10+deb12u1) ...
2026-10-07T20:17:52.0389359Z #9 15.97 Setting up libnss3:amd64 (2:3.87.1-1+deb12u4) ...
2026-10-07T20:17:52.0390021Z #9 15.98 Setting up libxcb-shm0:amd64 (1.15-1) ...
2026-10-07T20:17:52.0390652Z #9 15.98 Setting up dbus-daemon (1.14.10-1~deb12u1) ...
2026-10-07T20:17:52.0391290Z #9 15.99 Setting up libxcb-present0:amd64 (1.15-1) ...
2026-10-07T20:17:52.0391919Z #9 15.99 Setting up libthai0:amd64 (0.1.29-1) ...
2026-10-07T20:17:52.0393228Z #9 15.99 Setting up libfreetype6:amd64 (2.12.1+dfsg-5+deb12u4) ...
2026-10-07T20:17:52.0393925Z #9 16.00 Setting up libxcb-sync1:amd64 (1.15-1) ...
2026-10-07T20:17:52.0394513Z #9 16.00 Setting up dbus (1.14.10-1~deb12u1) ...
2026-10-07T20:17:52.0395147Z #9 16.02 invoke-rc.d: could not determine current runlevel
2026-10-07T20:17:52.0395851Z #9 16.02 invoke-rc.d: policy-rc.d denied execution of start.
2026-10-07T20:17:52.0396514Z #9 16.02 Setting up shared-mime-info (2.2-1) ...
2026-10-07T20:17:52.4594564Z #9 16.59 Setting up libgssapi-krb5-2:amd64 (1.20.1-2+deb12u5) ...
2026-10-07T20:17:52.5920613Z #9 16.60 Setting up libxcb-dri2-0:amd64 (1.15-1) ...
2026-10-07T20:17:52.5921203Z #9 16.60 Setting up libdrm2:amd64 (2.4.114-1+b1) ...
2026-10-07T20:17:52.5921932Z #9 16.60 Setting up libwayland-cursor0:amd64 (1.21.0-1) ...
2026-10-07T20:17:52.5922967Z #9 16.60 Setting up libxcb-randr0:amd64 (1.15-1) ...
2026-10-07T20:17:52.5923774Z #9 16.60 Setting up libllvm15:amd64 (1:15.0.6-4+b1) ...
2026-10-07T20:17:52.5924401Z #9 16.61 Setting up libpam-systemd:amd64 (252.39-1~deb12u2) ...
2026-10-07T20:17:52.5924937Z #9 16.67 debconf: unable to initialize frontend: Dialog
2026-10-07T20:17:52.5925663Z #9 16.67 debconf: (TERM is not set, so the dialog frontend is not usable.)
2026-10-07T20:17:52.5926258Z #9 16.67 debconf: falling back to frontend: Readline
2026-10-07T20:17:52.5926880Z #9 16.68 debconf: unable to initialize frontend: Readline
2026-10-07T20:17:52.5930438Z #9 16.68 debconf: (Can't locate Term/ReadLine.pm in @INC (you may need to install the Term::ReadLine module) (@INC contains: /etc/perl /usr/local/lib/x86_64-linux-gnu/perl/5.36.0 /usr/local/share/perl/5.36.0 /usr/lib/x86_64-linux-gnu/perl5/5.36 /usr/share/perl5 /usr/lib/x86_64-linux-gnu/perl-base /usr/lib/x86_64-linux-gnu/perl/5.36 /usr/share/perl/5.36 /usr/local/lib/site_perl) at /usr/share/perl5/Debconf/FrontEnd/Readline.pm line 7.)
2026-10-07T20:17:52.5932722Z #9 16.68 debconf: falling back to frontend: Teletype
2026-10-07T20:17:52.5933242Z #9 16.73 Setting up libx11-6:amd64 (2:1.8.4-2+deb12u2) ...
2026-10-07T20:17:52.7867921Z #9 16.73 Setting up libharfbuzz0b:amd64 (6.0.0+dfsg-3) ...
2026-10-07T20:17:52.7869090Z #9 16.73 Setting up libgdk-pixbuf-2.0-0:amd64 (2.42.10+dfsg-1+deb12u4) ...
2026-10-07T20:17:52.7869857Z #9 16.75 Setting up libfontconfig1:amd64 (2.14.1-4) ...
2026-10-07T20:17:52.7870505Z #9 16.75 Setting up libsndfile1:amd64 (1.2.0-1+deb12u1) ...
2026-10-07T20:17:52.7871155Z #9 16.75 Setting up libxkbfile1:amd64 (1:1.1.0-1) ...
2026-10-07T20:17:52.7871726Z #9 16.75 Setting up libxcomposite1:amd64 (1:0.4.5-1) ...
2026-10-07T20:17:52.7872189Z #9 16.75 Setting up libsm6:amd64 (2:1.2.3-1) ...
2026-10-07T20:17:52.7872990Z #9 16.76 Setting up libavahi-client3:amd64 (0.8-10+deb12u1) ...
2026-10-07T20:17:52.7873495Z #9 16.76 Setting up libxmuu1:amd64 (2:1.1.3-3) ...
2026-10-07T20:17:52.7873982Z #9 16.76 Setting up libdrm-amdgpu1:amd64 (2.4.114-1+b1) ...
2026-10-07T20:17:52.7874470Z #9 16.76 Setting up libxcb-dri3-0:amd64 (1.15-1) ...
2026-10-07T20:17:52.7875008Z #9 16.76 Setting up gtk-update-icon-cache (3.24.38-2~deb12u3) ...
2026-10-07T20:17:52.7875565Z #9 16.77 Setting up libx11-xcb1:amd64 (2:1.8.4-2+deb12u2) ...
2026-10-07T20:17:52.7876041Z #9 16.77 Setting up fontconfig (2.14.1-4) ...
2026-10-07T20:17:54.6496725Z #9 16.77 Regenerating fonts cache... done.
2026-10-07T20:17:54.7697433Z #9 18.79 Setting up libdrm-nouveau2:amd64 (2.4.114-1+b1) ...
2026-10-07T20:17:54.7698515Z #9 18.79 Setting up libxdamage1:amd64 (1:1.1.6-1) ...
2026-10-07T20:17:54.7699673Z #9 18.79 Setting up libxpm4:amd64 (1:3.5.12-1.1+deb12u1) ...
2026-10-07T20:17:54.7700724Z #9 18.79 Setting up libxrender1:amd64 (1:0.9.10-1.1) ...
2026-10-07T20:17:54.7701581Z #9 18.79 Setting up libgbm1:amd64 (22.3.6-1+deb12u2) ...
2026-10-07T20:17:54.7702393Z #9 18.80 Setting up libpulse0:amd64 (16.1+dfsg1-2+b1) ...
2026-10-07T20:17:54.7703436Z #9 18.80 Setting up libdrm-radeon1:amd64 (2.4.114-1+b1) ...
2026-10-07T20:17:54.7704125Z #9 18.80 Setting up libpango-1.0-0:amd64 (1.50.12+ds-1) ...
2026-10-07T20:17:54.7704876Z #9 18.81 Setting up libdrm-intel1:amd64 (2.4.114-1+b1) ...
2026-10-07T20:17:54.7705764Z #9 18.81 Setting up libgl1-mesa-dri:amd64 (22.3.6-1+deb12u2) ...
2026-10-07T20:17:54.7706236Z #9 18.82 Setting up libxext6:amd64 (2:1.3.4-1+b1) ...
2026-10-07T20:17:54.7706853Z #9 18.82 Setting up libcairo2:amd64 (1.16.0-7) ...
2026-10-07T20:17:54.7707252Z #9 18.82 Setting up libxxf86vm1:amd64 (1:1.1.4-1+b2) ...
2026-10-07T20:17:54.7707837Z #9 18.82 Setting up libxnvctrl0:amd64 (525.85.05-3~deb12u1) ...
2026-10-07T20:17:54.7708408Z #9 18.82 Setting up dbus-user-session (1.14.10-1~deb12u1) ...
2026-10-07T20:17:54.7708957Z #9 18.83 Setting up adwaita-icon-theme (43-1) ...
2026-10-07T20:17:54.7709781Z #9 18.90 update-alternatives: using /usr/share/icons/Adwaita/cursor.theme to provide /usr/share/icons/default/index.theme (x-cursor-theme) in auto mode
2026-10-07T20:17:54.8815962Z #9 18.91 Setting up libxfixes3:amd64 (1:6.0.0-2) ...
2026-10-07T20:17:54.8816759Z #9 18.91 Setting up libxinerama1:amd64 (2:1.1.4-3) ...
2026-10-07T20:17:54.8817414Z #9 18.91 Setting up libxv1:amd64 (2:1.0.11-1.1) ...
2026-10-07T20:17:54.8817951Z #9 18.91 Setting up libxrandr2:amd64 (2:1.5.2-2+b1) ...
2026-10-07T20:17:54.8818342Z #9 18.91 Setting up libxt6:amd64 (1:1.2.1-1.1) ...
2026-10-07T20:17:54.8818764Z #9 18.92 Setting up libcups2:amd64 (2.4.2-3+deb12u9) ...
2026-10-07T20:17:54.8819240Z #9 18.92 Setting up libharfbuzz-subset0:amd64 (6.0.0+dfsg-3) ...
2026-10-07T20:17:54.8819972Z #9 18.92 Setting up libcairo-gobject2:amd64 (1.16.0-7) ...
2026-10-07T20:17:54.8820397Z #9 18.92 Setting up libpangoft2-1.0-0:amd64 (1.50.12+ds-1) ...
2026-10-07T20:17:54.8820836Z #9 18.93 Setting up libpangocairo-1.0-0:amd64 (1.50.12+ds-1) ...
2026-10-07T20:17:54.8821235Z #9 18.93 Setting up libxft2:amd64 (2.3.6-1) ...
2026-10-07T20:17:54.8821600Z #9 18.93 Setting up libxmu6:amd64 (2:1.1.3-3) ...
2026-10-07T20:17:54.8822003Z #9 18.93 Setting up libglx-mesa0:amd64 (22.3.6-1+deb12u2) ...
2026-10-07T20:17:54.8822413Z #9 18.93 Setting up libxi6:amd64 (2:1.8-1+b1) ...
2026-10-07T20:17:54.8823089Z #9 18.94 Setting up libglx0:amd64 (1.6.0-1) ...
2026-10-07T20:17:54.8823456Z #9 18.94 Setting up libxtst6:amd64 (2:1.2.3-1.1) ...
2026-10-07T20:17:54.8823843Z #9 18.94 Setting up libxcursor1:amd64 (1:1.2.1-1) ...
2026-10-07T20:17:54.8824230Z #9 18.94 Setting up libxxf86dga1:amd64 (2:1.1.5-1) ...
2026-10-07T20:17:54.8824598Z #9 18.94 Setting up dconf-service (0.40.0-4) ...
2026-10-07T20:17:54.8824961Z #9 18.95 Setting up libxaw7:amd64 (2:1.0.14-1) ...
2026-10-07T20:17:54.8825332Z #9 18.95 Setting up libatspi2.0-0:amd64 (2.46.0-5) ...
2026-10-07T20:17:54.8825729Z #9 18.98 Setting up libatk-bridge2.0-0:amd64 (2.46.0-5) ...
2026-10-07T20:17:54.8826111Z #9 18.98 Setting up libgl1:amd64 (1.6.0-1) ...
2026-10-07T20:17:54.8826440Z #9 18.98 Setting up x11-utils (7.7+5) ...
2026-10-07T20:17:54.8826837Z #9 18.99 Setting up chromium-common (154.0.8037.92-1~deb12u1) ...
2026-10-07T20:17:54.8827297Z #9 18.99 Setting up dconf-gsettings-backend:amd64 (0.40.0-4) ...
2026-10-07T20:17:54.8827729Z #9 18.99 Setting up libgtk-3-common (3.24.38-2~deb12u3) ...
2026-10-07T20:17:54.8828160Z #9 19.00 Setting up libgtk-3-0:amd64 (3.24.38-2~deb12u3) ...
2026-10-07T20:17:54.8828568Z #9 19.02 Setting up chromium (154.0.8037.92-1~deb12u1) ...
2026-10-07T20:17:55.0442008Z #9 19.02 update-alternatives: using /usr/bin/chromium to provide /usr/bin/x-www-browser (x-www-browser) in auto mode
2026-10-07T20:17:55.0449963Z #9 19.03 update-alternatives: using /usr/bin/chromium to provide /usr/bin/gnome-www-browser (gnome-www-browser) in auto mode
2026-10-07T20:17:55.0451291Z #9 19.03 Processing triggers for libc-bin (2.36-9+deb12u14) ...
2026-10-07T20:17:56.4545608Z #9 DONE 20.6s
2026-10-07T20:17:56.6210582Z 
2026-10-07T20:17:56.6211448Z #10 [5/9] COPY package.json pnpm-lock.yaml pnpm-workspace.yaml ./
2026-10-07T20:17:56.6211944Z #10 DONE 0.0s
2026-10-07T20:17:56.6212094Z 
2026-10-07T20:17:56.6212300Z #11 [6/9] RUN pnpm install --frozen-lockfile
2026-10-07T20:17:56.6502298Z #11 0.180 ! Corepack is about to download https://registry.npmjs.org/pnpm/-/pnpm-10.18.3.tgz
2026-10-07T20:17:57.9791897Z #11 1.509 Lockfile is up to date, resolution step is skipped
2026-10-07T20:17:58.0944220Z #11 1.563 Progress: resolved 1, reused 0, downloaded 0, added 0
2026-10-07T20:17:58.0945114Z #11 1.624 Packages: +408
2026-10-07T20:17:58.0945884Z #11 1.624 ++++++++++++++++++++++++++++++++++++++++++++++++++++++++++++++++++++++++++++++++
2026-10-07T20:17:58.2935389Z #11 1.823 
2026-10-07T20:17:58.2936500Z #11 1.823    ╭───────────────────────────────────────────────╮
2026-10-07T20:17:58.2937364Z #11 1.823    │                                               │
2026-10-07T20:17:58.2938210Z #11 1.823    │     Update available! 10.18.3 → 12.10.1.      │
2026-10-07T20:17:58.2939101Z #11 1.823    │     Changelog: https://pnpm.io/v/12.10.1      │
2026-10-07T20:17:58.2939988Z #11 1.823    │   To update, run: corepack use pnpm@12.10.1   │
2026-10-07T20:17:58.2940567Z #11 1.823    │                                               │
2026-10-07T20:17:58.2941124Z #11 1.823    ╰───────────────────────────────────────────────╯
2026-10-07T20:17:58.2941488Z #11 1.823 
2026-10-07T20:17:59.0347295Z #11 2.564 Progress: resolved 408, reused 0, downloaded 129, added 72
2026-10-07T20:18:00.0364475Z #11 3.565 Progress: resolved 408, reused 0, downloaded 247, added 169
2026-10-07T20:18:01.0354673Z #11 4.565 Progress: resolved 408, reused 0, downloaded 324, added 201
2026-10-07T20:18:02.0399411Z #11 5.569 Progress: resolved 408, reused 0, downloaded 407, added 257
2026-10-07T20:18:02.6584258Z #11 6.184 Progress: resolved 408, reused 0, downloaded 408, added 408, done
2026-10-07T20:18:02.7859967Z #11 6.315 .../node_modules/@prisma/engines postinstall$ node scripts/postinstall.js
2026-10-07T20:18:02.9676900Z #11 6.350 .../esbuild@0.25.12/node_modules/esbuild postinstall$ node install.js
2026-10-07T20:18:02.9678056Z #11 6.351 .../esbuild@0.28.1/node_modules/esbuild postinstall$ node install.js
2026-10-07T20:18:02.9679138Z #11 6.352 .../esbuild@0.28.2/node_modules/esbuild postinstall$ node install.js
2026-10-07T20:18:02.9680153Z #11 6.353 .../node_modules/workerd postinstall$ node install.js
2026-10-07T20:18:02.9681104Z #11 6.497 .../esbuild@0.25.12/node_modules/esbuild postinstall: Done
2026-10-07T20:18:03.1256027Z #11 6.508 .../esbuild@0.28.1/node_modules/esbuild postinstall: Done
2026-10-07T20:18:03.1256995Z #11 6.542 .../esbuild@0.28.2/node_modules/esbuild postinstall: Done
2026-10-07T20:18:03.1257823Z #11 6.655 .../node_modules/workerd postinstall: Done
2026-10-07T20:18:03.4544514Z #11 6.984 .../node_modules/@prisma/engines postinstall: Done
2026-10-07T20:18:03.6201016Z #11 7.082 .../node_modules/prisma preinstall$ node scripts/preinstall-entry.js
2026-10-07T20:18:03.6202245Z #11 7.150 .../node_modules/prisma preinstall: Done
2026-10-07T20:18:03.9426202Z #11 7.472 
2026-10-07T20:18:03.9426702Z #11 7.472 dependencies:
2026-10-07T20:18:03.9427263Z #11 7.472 + @cloudflare/containers 0.3.7
2026-10-07T20:18:03.9427867Z #11 7.472 + @supabase/server 1.8.0
2026-10-07T20:18:03.9428501Z #11 7.472 + @supabase/supabase-js 2.117.0
2026-10-07T20:18:03.9428994Z #11 7.472 + @tiptap/extension-collaboration 3.31.3
2026-10-07T20:18:03.9429828Z #11 7.472 + @tiptap/extension-collaboration-caret 3.31.3
2026-10-07T20:18:03.9430557Z #11 7.472 + @tiptap/react 3.31.3
2026-10-07T20:18:03.9431163Z #11 7.472 + @tiptap/starter-kit 3.31.3
2026-10-07T20:18:03.9431784Z #11 7.472 + @vitejs/plugin-react 5.2.0
2026-10-07T20:18:03.9432359Z #11 7.472 + cross-env 10.1.0
2026-10-07T20:18:03.9433120Z #11 7.472 + dotenv 17.4.2
2026-10-07T20:18:03.9433588Z #11 7.472 + esbuild 0.25.12
2026-10-07T20:18:03.9434114Z #11 7.472 + esbuild-wasm 0.25.12
2026-10-07T20:18:03.9434612Z #11 7.472 + express 5.2.1
2026-10-07T20:18:03.9435103Z #11 7.472 + lucide-react 0.468.0
2026-10-07T20:18:03.9435562Z #11 7.472 + react 19.2.8
2026-10-07T20:18:03.9435974Z #11 7.472 + react-dom 19.2.8
2026-10-07T20:18:03.9436410Z #11 7.472 + vite 7.3.6
2026-10-07T20:18:03.9436848Z #11 7.472 + ws 8.21.3
2026-10-07T20:18:03.9437342Z #11 7.472 + y-protocols 1.0.7
2026-10-07T20:18:03.9437810Z #11 7.472 + yjs 13.6.32
2026-10-07T20:18:03.9438562Z #11 7.472 
2026-10-07T20:18:03.9438997Z #11 7.472 devDependencies:
2026-10-07T20:18:03.9439544Z #11 7.472 + @prisma/adapter-pg 7.10.0
2026-10-07T20:18:03.9440142Z #11 7.472 + @prisma/client 7.10.0
2026-10-07T20:18:03.9440686Z #11 7.472 + @types/express 5.0.6
2026-10-07T20:18:03.9441231Z #11 7.472 + @types/node 22.20.1
2026-10-07T20:18:03.9441732Z #11 7.472 + @types/pg 8.23.1
2026-10-07T20:18:03.9442251Z #11 7.472 + @types/react 19.2.18
2026-10-07T20:18:03.9443045Z #11 7.472 + @types/react-dom 19.2.7
2026-10-07T20:18:03.9443565Z #11 7.472 + @types/ws 8.18.1
2026-10-07T20:18:03.9444023Z #11 7.472 + pg 8.23.0
2026-10-07T20:18:03.9444452Z #11 7.472 + prisma 7.10.0
2026-10-07T20:18:03.9444889Z #11 7.472 + tsx 4.23.13
2026-10-07T20:18:03.9445340Z #11 7.472 + typescript 5.9.3
2026-10-07T20:18:03.9445831Z #11 7.472 + wrangler 4.131.1
2026-10-07T20:18:03.9446246Z #11 7.472 
2026-10-07T20:18:04.0677779Z #11 7.597 Done in 6.5s using pnpm v10.18.3
2026-10-07T20:18:05.1455301Z #11 DONE 8.7s
2026-10-07T20:18:05.2616191Z 
2026-10-07T20:18:05.2616906Z #12 [7/9] COPY . .
2026-10-07T20:18:05.2617339Z #12 DONE 0.1s
2026-10-07T20:18:05.4133688Z 
2026-10-07T20:18:05.4134210Z #13 [8/9] RUN pnpm build
2026-10-07T20:18:05.6833588Z #13 0.421 
2026-10-07T20:18:05.6834396Z #13 0.421 > cocreate@1.0.0 build /app
2026-10-07T20:18:05.6835676Z #13 0.421 > tsc --noEmit && vite build --configLoader runner
2026-10-07T20:18:05.6836795Z #13 0.421 
2026-10-07T20:18:13.2828763Z #13 8.020 vite v7.3.6 building client environment for production...
2026-10-07T20:18:13.5146902Z #13 8.101 transforming...
2026-10-07T20:18:17.3883613Z #13 12.13 ✓ 1749 modules transformed.
2026-10-07T20:18:17.6588554Z #13 12.40 rendering chunks...
2026-10-07T20:18:17.9753675Z #13 12.71 computing gzip size...
2026-10-07T20:18:18.0789576Z #13 12.74 dist/index.html                             0.44 kB │ gzip:   0.30 kB
2026-10-07T20:18:18.0790884Z #13 12.74 dist/assets/App-BqUO_rW7.css                2.56 kB │ gzip:   0.85 kB
2026-10-07T20:18:18.0795463Z #13 12.74 dist/assets/LandingPage-CNj4pefA.css       13.13 kB │ gzip:   2.95 kB
2026-10-07T20:18:18.0796829Z #13 12.74 dist/assets/index-cyLHvudv.css             75.38 kB │ gzip:  14.48 kB
2026-10-07T20:18:18.0798061Z #13 12.74 dist/assets/users-BIdyuxqP.js               0.69 kB │ gzip:   0.39 kB
2026-10-07T20:18:18.0798881Z #13 12.74 dist/assets/createLucideIcon-DcEYS1mU.js    0.89 kB │ gzip:   0.55 kB
2026-10-07T20:18:18.0799823Z #13 12.74 dist/assets/x-DO2zMSIY.js                   1.70 kB │ gzip:   0.78 kB
2026-10-07T20:18:18.0800663Z #13 12.74 dist/assets/LandingPage-DCr6qHiF.js        15.33 kB │ gzip:   4.92 kB
2026-10-07T20:18:18.0801361Z #13 12.74 dist/assets/ProjectApp-DXmAqhy1.js         29.68 kB │ gzip:   9.01 kB
2026-10-07T20:18:18.0802225Z #13 12.74 dist/assets/index-BPNFqXSv.js             421.95 kB │ gzip: 121.32 kB
2026-10-07T20:18:18.0803545Z #13 12.74 dist/assets/App-DhzRZNRs.js               583.75 kB │ gzip: 185.76 kB
2026-10-07T20:18:18.0803986Z #13 12.74 
2026-10-07T20:18:18.0804546Z #13 12.74 (!) Some chunks are larger than 500 kB after minification. Consider:
2026-10-07T20:18:18.0805076Z #13 12.74 - Using dynamic import() to code-split the application
2026-10-07T20:18:18.0806154Z #13 12.74 - Use build.rollupOptions.output.manualChunks to improve chunking: https://rollupjs.org/configuration-options/#output-manualchunks
2026-10-07T20:18:18.0807252Z #13 12.74 - Adjust chunk size limit for this warning via build.chunkSizeWarningLimit.
2026-10-07T20:18:18.0807910Z #13 12.74 ✓ built in 4.68s
2026-10-07T20:18:18.0808157Z #13 DONE 12.8s
2026-10-07T20:18:18.2295753Z 
2026-10-07T20:18:18.2314990Z #14 [9/9] RUN pnpm exec tsx scripts/prepare-isolation.ts --files-only && mkdir -p /app/data /app/generated && chown -R node:node /app/.runtime /app/data /app/generated
2026-10-07T20:18:18.8066435Z #14 0.727 {"policy":"isolated-compile-v1","platform":"linux","scope":"Trusted files prepared; kernel boundary not exercised"}
2026-10-07T20:18:18.9999261Z #14 DONE 0.8s
2026-10-07T20:18:18.9999546Z 
2026-10-07T20:18:19.0000173Z #15 exporting to image
2026-10-07T20:18:19.0000648Z #15 exporting layers
2026-10-07T20:18:28.3032704Z #15 exporting layers 9.5s done
2026-10-07T20:18:28.3233439Z #15 writing image sha256:3eb10a8501c09042a38b51df0c5f4efac025541d68a4bba744b2ba8fff934412 done
2026-10-07T20:18:28.3234518Z #15 naming to docker.io/library/cocreate-check done
2026-10-07T20:18:28.3243826Z #15 DONE 9.5s
2026-10-07T20:18:28.3244079Z 
2026-10-07T20:18:28.3244691Z  [33m4 warnings found (use docker --debug to expand):
2026-10-07T20:18:28.3245874Z [0m - SecretsUsedInArgOrEnv: Do not use ARG or ENV instructions for sensitive data (ARG "VITE_COCREATE_AUTH_MODE") (line 11)
2026-10-07T20:18:28.3246824Z  - SecretsUsedInArgOrEnv: Do not use ARG or ENV instructions for sensitive data (ARG "VITE_SUPABASE_PUBLISHABLE_KEY") (line 14)
2026-10-07T20:18:28.3247983Z  - SecretsUsedInArgOrEnv: Do not use ARG or ENV instructions for sensitive data (ENV "VITE_COCREATE_AUTH_MODE") (line 15)
2026-10-07T20:18:28.3250810Z  - SecretsUsedInArgOrEnv: Do not use ARG or ENV instructions for sensitive data (ENV "VITE_SUPABASE_PUBLISHABLE_KEY") (line 18)
2026-10-07T20:18:28.3394547Z ##[group]Run docker run --rm --network none --cap-drop ALL --security-opt no-new-privileges --security-opt seccomp=unconfined --memory 1g --memory-swap 1g --pids-limit 256 cocreate-check node --import tsx scripts/prepare-isolation.ts
2026-10-07T20:18:28.3396375Z [36;1mdocker run --rm --network none --cap-drop ALL --security-opt no-new-privileges --security-opt seccomp=unconfined --memory 1g --memory-swap 1g --pids-limit 256 cocreate-check node --import tsx scripts/prepare-isolation.ts[0m
2026-10-07T20:18:28.3467697Z shell: /usr/bin/bash -e {0}
2026-10-07T20:18:28.3467949Z env:
2026-10-07T20:18:28.3468199Z   PNPM_HOME: /home/runner/setup-pnpm/node_modules/.bin
2026-10-07T20:18:28.3468510Z ##[endgroup]
2026-10-07T20:18:29.3636734Z /app/server/isolation.ts:20
2026-10-07T20:18:29.3639734Z const unavailable = () => new IsolationError('isolation_unavailable', 'Generated execution isolation is unavailable. The previous artifact is retained. Ask the operator to prepare or repair the isolated runtime, then explicitly retry; no host execution fallback is allowed.');
2026-10-07T20:18:29.3642012Z                           ^
2026-10-07T20:18:29.3642389Z 
2026-10-07T20:18:29.3644316Z IsolationError: Generated execution isolation is unavailable. The previous artifact is retained. Ask the operator to prepare or repair the isolated runtime, then explicitly retry; no host execution fallback is allowed.
2026-10-07T20:18:29.3646448Z     at unavailable (/app/server/isolation.ts:20:27)
2026-10-07T20:18:29.3647772Z     at ChildProcess.<anonymous> (/app/server/isolation.ts:126:34)
2026-10-07T20:18:29.3649059Z     at Object.onceWrapper (node:events:634:26)
2026-10-07T20:18:29.3650138Z     at ChildProcess.emit (node:events:519:28)
2026-10-07T20:18:29.3651120Z     at maybeClose (node:internal/child_process:1101:16)
2026-10-07T20:18:29.3652233Z     at Socket.<anonymous> (node:internal/child_process:456:11)
2026-10-07T20:18:29.3653402Z     at Socket.emit (node:events:519:28)
2026-10-07T20:18:29.3654215Z     at Pipe.<anonymous> (node:net:347:12) {
2026-10-07T20:18:29.3654987Z   code: 'isolation_unavailable',
2026-10-07T20:18:29.3655427Z   cause: {
2026-10-07T20:18:29.3655745Z     exitCode: 1,
2026-10-07T20:18:29.3656352Z     diagnostic: 'bwrap: Failed to make / slave: Permission denied\n'
2026-10-07T20:18:29.3656802Z   }
2026-10-07T20:18:29.3656979Z }
2026-10-07T20:18:29.3657080Z 
2026-10-07T20:18:29.3657164Z Node.js v22.23.3
2026-10-07T20:18:29.4315866Z ##[error]Process completed with exit code 1.
2026-10-07T20:18:29.4375213Z ##[group]Run docker run --rm --network none --cap-drop ALL --security-opt no-new-privileges --security-opt seccomp=unconfined --memory 1g --memory-swap 1g --pids-limit 256 cocreate-check node --import tsx --input-type=module -e 'import {assertVerificationBrowserAvailable} from "./server/isolation/browser.ts"; await assertVerificationBrowserAvailable(); console.log("Actual Linux browser boundary passed; no inference");'
2026-10-07T20:18:29.4378206Z [36;1mdocker run --rm --network none --cap-drop ALL --security-opt no-new-privileges --security-opt seccomp=unconfined --memory 1g --memory-swap 1g --pids-limit 256 cocreate-check node --import tsx --input-type=module -e 'import {assertVerificationBrowserAvailable} from "./server/isolation/browser.ts"; await assertVerificationBrowserAvailable(); console.log("Actual Linux browser boundary passed; no inference");'[0m
2026-10-07T20:18:29.4449307Z shell: /usr/bin/bash -e {0}
2026-10-07T20:18:29.4449550Z env:
2026-10-07T20:18:29.4449848Z   PNPM_HOME: /home/runner/setup-pnpm/node_modules/.bin
2026-10-07T20:18:29.4450157Z ##[endgroup]
2026-10-07T20:18:29.7255725Z /app/server/isolation/browser.ts:11
2026-10-07T20:18:29.7258448Z const unavailable = () => new IsolationError('isolation_unavailable', 'Isolated verification browser is unavailable. Prepare the verification runtime, then explicitly retry; the previous artifact is retained.');
2026-10-07T20:18:29.7260296Z                           ^
2026-10-07T20:18:29.7260823Z 
2026-10-07T20:18:29.7262696Z IsolationError: Isolated verification browser is unavailable. Prepare the verification runtime, then explicitly retry; the previous artifact is retained.
2026-10-07T20:18:29.7274903Z     at unavailable (/app/server/isolation/browser.ts:11:27)
2026-10-07T20:18:29.7276492Z     at Socket.<anonymous> (/app/server/isolation/browser.ts:61:47)
2026-10-07T20:18:29.7277925Z     at Socket.emit (node:events:519:28)
2026-10-07T20:18:29.7279938Z     at emitErrorNT (node:internal/streams/destroy:170:8)
2026-10-07T20:18:29.7280864Z     at emitErrorCloseNT (node:internal/streams/destroy:129:3)
2026-10-07T20:18:29.7281982Z     at process.processTicksAndRejections (node:internal/process/task_queues:89:21) {
2026-10-07T20:18:29.7283241Z   code: 'isolation_unavailable'
2026-10-07T20:18:29.7283682Z }
2026-10-07T20:18:29.7283940Z 
2026-10-07T20:18:29.7284168Z Node.js v22.23.3
2026-10-07T20:18:29.7836961Z ##[error]Process completed with exit code 1.
2026-10-07T20:18:29.7924118Z Post job cleanup.
2026-10-07T20:18:29.9459603Z Pruning is unnecessary.
2026-10-07T20:18:29.9641860Z Post job cleanup.
2026-10-07T20:18:30.0716311Z [command]/usr/bin/git version
2026-10-07T20:18:30.0765725Z git version 2.55.0
2026-10-07T20:18:30.0811514Z Temporarily overriding HOME='/home/runner/work/_temp/3c3a6414-cd4b-4cf5-88e3-d6df0ecbc893' before making global git config changes
2026-10-07T20:18:30.0813962Z Adding repository directory to the temporary git global config as a safe directory
2026-10-07T20:18:30.0817999Z [command]/usr/bin/git config --global --add safe.directory /home/runner/work/Cocreate/Cocreate
2026-10-07T20:18:30.0868437Z [command]/usr/bin/git config --local --name-only --get-regexp core\.sshCommand
2026-10-07T20:18:30.0913691Z [command]/usr/bin/git submodule foreach --recursive sh -c "git config --local --name-only --get-regexp 'core\.sshCommand' && git config --local --unset-all 'core.sshCommand' || :"
2026-10-07T20:18:30.1246748Z [command]/usr/bin/git config --local --name-only --get-regexp http\.https\:\/\/github\.com\/\.extraheader
2026-10-07T20:18:30.1275130Z http.https://github.com/.extraheader
2026-10-07T20:18:30.1287302Z [command]/usr/bin/git config --local --unset-all http.https://github.com/.extraheader
2026-10-07T20:18:30.1326410Z [command]/usr/bin/git submodule foreach --recursive sh -c "git config --local --name-only --get-regexp 'http\.https\:\/\/github\.com\/\.extraheader' && git config --local --unset-all 'http.https://github.com/.extraheader' || :"
2026-10-07T20:18:30.1631716Z [command]/usr/bin/git config --local --name-only --get-regexp ^includeIf\.gitdir:
2026-10-07T20:18:30.1673489Z [command]/usr/bin/git submodule foreach --recursive git config --local --show-origin --name-only --get-regexp remote.origin.url
2026-10-07T20:18:30.2129176Z Cleaning up orphan processes
2026-10-07T20:18:30.2467586Z ##[warning]Node.js 20 is deprecated. The following actions target Node.js 20 but are being forced to run on Node.js 24: actions/checkout@11d5960a326750d5838078e36cf38b85af677262, actions/setup-node@49933ea5288caeca8642d1e84afbd3f7d6820020, pnpm/action-setup@f40ffcd9367d9f12939873eb1018b921a783ffaa. For more information see: https://github.blog/changelog/2025-09-19-deprecation-of-node-20-on-github-actions-runners/
