2026-10-07T21:32:11.0192475Z Current runner version: '2.337.0'
2026-10-07T21:32:11.0220343Z ##[group]Runner Image Provisioner
2026-10-07T21:32:11.0221329Z Hosted Compute Agent
2026-10-07T21:32:11.0222016Z Version: 20261002.596
2026-10-07T21:32:11.0223145Z Commit: c3d12f3313a95f25162a1503be624f3b0617f8c0
2026-10-07T21:32:11.0223978Z Build Date: 2026-10-02T22:28:27Z
2026-10-07T21:32:11.0224711Z Worker ID: {58ac940d-21ff-4fd3-9220-a16857b875f2}
2026-10-07T21:32:11.0225519Z Region: eastus2
2026-10-07T21:32:11.0226122Z Cloud: Azure
2026-10-07T21:32:11.0226680Z ##[endgroup]
2026-10-07T21:32:11.0228424Z ##[group]Operating System
2026-10-07T21:32:11.0229129Z Ubuntu
2026-10-07T21:32:11.0229773Z 22.04.5
2026-10-07T21:32:11.0230402Z LTS
2026-10-07T21:32:11.0230923Z ##[endgroup]
2026-10-07T21:32:11.0231603Z ##[group]Runner Image
2026-10-07T21:32:11.0232248Z Image: ubuntu-22.04
2026-10-07T21:32:11.0233799Z Version: 20261004.315.1
2026-10-07T21:32:11.0235232Z Included Software: https://github.com/actions/runner-images/blob/ubuntu22/20261004.315/images/ubuntu/Ubuntu2204-Readme.md
2026-10-07T21:32:11.0236990Z Image Release: https://github.com/actions/runner-images/releases/tag/ubuntu22%2F20261004.315
2026-10-07T21:32:11.0238016Z ##[endgroup]
2026-10-07T21:32:11.0239272Z ##[group]GITHUB_TOKEN Permissions
2026-10-07T21:32:11.0241557Z Contents: read
2026-10-07T21:32:11.0242290Z Metadata: read
2026-10-07T21:32:11.0243157Z ##[endgroup]
2026-10-07T21:32:11.0245378Z Secret source: Actions
2026-10-07T21:32:11.0246566Z Cache mode: write
2026-10-07T21:32:11.0247907Z Prepare workflow directory
2026-10-07T21:32:11.0603343Z Prepare all required actions
2026-10-07T21:32:11.0655264Z Getting action download info
2026-10-07T21:32:11.2747169Z Download action repository 'actions/checkout@11d5960a326750d5838078e36cf38b85af677262' (SHA:11d5960a326750d5838078e36cf38b85af677262)
2026-10-07T21:32:11.3643648Z Download action repository 'pnpm/action-setup@f40ffcd9367d9f12939873eb1018b921a783ffaa' (SHA:f40ffcd9367d9f12939873eb1018b921a783ffaa)
2026-10-07T21:32:11.5711066Z Download action repository 'actions/setup-node@49933ea5288caeca8642d1e84afbd3f7d6820020' (SHA:49933ea5288caeca8642d1e84afbd3f7d6820020)
2026-10-07T21:32:11.8253872Z Complete job name: verify
2026-10-07T21:32:11.9073146Z ##[group]Run actions/checkout@11d5960a326750d5838078e36cf38b85af677262
2026-10-07T21:32:11.9074350Z with:
2026-10-07T21:32:11.9074790Z   repository: DD7780/Cocreate
2026-10-07T21:32:11.9079191Z   token: ***
2026-10-07T21:32:11.9079633Z   ssh-strict: true
2026-10-07T21:32:11.9080070Z   ssh-user: git
2026-10-07T21:32:11.9080510Z   persist-credentials: true
2026-10-07T21:32:11.9080999Z   clean: true
2026-10-07T21:32:11.9081440Z   sparse-checkout-cone-mode: true
2026-10-07T21:32:11.9081969Z   fetch-depth: 1
2026-10-07T21:32:11.9082403Z   fetch-tags: false
2026-10-07T21:32:11.9083052Z   show-progress: true
2026-10-07T21:32:11.9083507Z   lfs: false
2026-10-07T21:32:11.9083914Z   submodules: false
2026-10-07T21:32:11.9084366Z   set-safe-directory: true
2026-10-07T21:32:11.9084885Z   allow-unsafe-pr-checkout: false
2026-10-07T21:32:11.9085699Z ##[endgroup]
2026-10-07T21:32:12.0256642Z Syncing repository: DD7780/Cocreate
2026-10-07T21:32:12.0259218Z ##[group]Getting Git version info
2026-10-07T21:32:12.0260465Z Working directory is '/home/runner/work/Cocreate/Cocreate'
2026-10-07T21:32:12.0262402Z [command]/usr/bin/git version
2026-10-07T21:32:12.0374066Z git version 2.55.0
2026-10-07T21:32:12.0393832Z ##[endgroup]
2026-10-07T21:32:12.0411289Z Temporarily overriding HOME='/home/runner/work/_temp/ec536758-bbd8-490f-87b5-ab4d187a1878' before making global git config changes
2026-10-07T21:32:12.0414424Z Adding repository directory to the temporary git global config as a safe directory
2026-10-07T21:32:12.0419574Z [command]/usr/bin/git config --global --add safe.directory /home/runner/work/Cocreate/Cocreate
2026-10-07T21:32:12.0466489Z Deleting the contents of '/home/runner/work/Cocreate/Cocreate'
2026-10-07T21:32:12.0472121Z ##[group]Initializing the repository
2026-10-07T21:32:12.0494209Z [command]/usr/bin/git init /home/runner/work/Cocreate/Cocreate
2026-10-07T21:32:12.0636418Z hint: Using 'master' as the name for the initial branch. This default branch name
2026-10-07T21:32:12.0644761Z hint: will change to "main" in Git 3.0. To configure the initial branch name
2026-10-07T21:32:12.0646941Z hint: to use in all of your new repositories, which will suppress this warning,
2026-10-07T21:32:12.0648664Z hint: call:
2026-10-07T21:32:12.0649583Z hint:
2026-10-07T21:32:12.0650651Z hint: 	git config --global init.defaultBranch <name>
2026-10-07T21:32:12.0652400Z hint:
2026-10-07T21:32:12.0654069Z hint: Names commonly chosen instead of 'master' are 'main', 'trunk' and
2026-10-07T21:32:12.0656062Z hint: 'development'. The just-created branch can be renamed via this command:
2026-10-07T21:32:12.0657874Z hint:
2026-10-07T21:32:12.0658946Z hint: 	git branch -m <name>
2026-10-07T21:32:12.0660095Z hint:
2026-10-07T21:32:12.0661452Z hint: Disable this message with "git config set advice.defaultBranchName false"
2026-10-07T21:32:12.0663832Z Initialized empty Git repository in /home/runner/work/Cocreate/Cocreate/.git/
2026-10-07T21:32:12.0667214Z [command]/usr/bin/git remote add origin https://github.com/DD7780/Cocreate
2026-10-07T21:32:12.0707743Z ##[endgroup]
2026-10-07T21:32:12.0709275Z ##[group]Disabling automatic garbage collection
2026-10-07T21:32:12.0712100Z [command]/usr/bin/git config --local gc.auto 0
2026-10-07T21:32:12.0756501Z ##[endgroup]
2026-10-07T21:32:12.0758056Z ##[group]Setting up auth
2026-10-07T21:32:12.0761511Z [command]/usr/bin/git config --local --name-only --get-regexp core\.sshCommand
2026-10-07T21:32:12.0808481Z [command]/usr/bin/git submodule foreach --recursive sh -c "git config --local --name-only --get-regexp 'core\.sshCommand' && git config --local --unset-all 'core.sshCommand' || :"
2026-10-07T21:32:12.1251345Z [command]/usr/bin/git config --local --name-only --get-regexp http\.https\:\/\/github\.com\/\.extraheader
2026-10-07T21:32:12.1297938Z [command]/usr/bin/git submodule foreach --recursive sh -c "git config --local --name-only --get-regexp 'http\.https\:\/\/github\.com\/\.extraheader' && git config --local --unset-all 'http.https://github.com/.extraheader' || :"
2026-10-07T21:32:12.1625390Z [command]/usr/bin/git config --local --name-only --get-regexp ^includeIf\.gitdir:
2026-10-07T21:32:12.1670087Z [command]/usr/bin/git submodule foreach --recursive git config --local --show-origin --name-only --get-regexp remote.origin.url
2026-10-07T21:32:12.1975491Z [command]/usr/bin/git config --local http.https://github.com/.extraheader AUTHORIZATION: basic ***
2026-10-07T21:32:12.2021729Z ##[endgroup]
2026-10-07T21:32:12.2033081Z ##[group]Fetching the repository
2026-10-07T21:32:12.2035759Z [command]/usr/bin/git -c protocol.version=2 fetch --no-tags --prune --no-recurse-submodules --depth=1 origin +827f62752acf596a8a669dd6a4d128f12a2a0546:refs/remotes/origin/codex/prelaunch-beta
2026-10-07T21:32:12.9099121Z From https://github.com/DD7780/Cocreate
2026-10-07T21:32:12.9101211Z  * [new ref]         827f62752acf596a8a669dd6a4d128f12a2a0546 -> origin/codex/prelaunch-beta
2026-10-07T21:32:12.9113301Z ##[endgroup]
2026-10-07T21:32:12.9114124Z ##[group]Determining the checkout info
2026-10-07T21:32:12.9115017Z ##[endgroup]
2026-10-07T21:32:12.9115541Z [command]/usr/bin/git sparse-checkout disable
2026-10-07T21:32:12.9170848Z [command]/usr/bin/git config --local --unset-all extensions.worktreeConfig
2026-10-07T21:32:12.9211768Z ##[group]Checking out the ref
2026-10-07T21:32:12.9218229Z [command]/usr/bin/git checkout --progress --force -B codex/prelaunch-beta refs/remotes/origin/codex/prelaunch-beta
2026-10-07T21:32:13.0141771Z Switched to a new branch 'codex/prelaunch-beta'
2026-10-07T21:32:13.0144620Z branch 'codex/prelaunch-beta' set up to track 'origin/codex/prelaunch-beta'.
2026-10-07T21:32:13.0153744Z ##[endgroup]
2026-10-07T21:32:13.0201724Z [command]/usr/bin/git log -1 --format=%H
2026-10-07T21:32:13.0233757Z 827f62752acf596a8a669dd6a4d128f12a2a0546
2026-10-07T21:32:13.0576105Z ##[group]Run pnpm/action-setup@f40ffcd9367d9f12939873eb1018b921a783ffaa
2026-10-07T21:32:13.0578075Z with:
2026-10-07T21:32:13.0661569Z   version: 10.18.3
2026-10-07T21:32:13.0662946Z   dest: ~/setup-pnpm
2026-10-07T21:32:13.0664088Z   run_install: null
2026-10-07T21:32:13.0665142Z   cache: false
2026-10-07T21:32:13.0666255Z   cache_dependency_path: pnpm-lock.yaml
2026-10-07T21:32:13.0667612Z   package_json_file: package.json
2026-10-07T21:32:13.0668860Z   standalone: false
2026-10-07T21:32:13.0669918Z ##[endgroup]
2026-10-07T21:32:13.2233290Z ##[group]Running self-installer...
2026-10-07T21:32:13.6709331Z (node:2050) [DEP0169] DeprecationWarning: `url.parse()` behavior is not standardized and prone to errors that have security implications. Use the WHATWG URL API instead. CVEs are not issued for `url.parse()` vulnerabilities.
2026-10-07T21:32:13.6712209Z (Use `node --trace-deprecation ...` to show where the warning was created)
2026-10-07T21:32:13.8425090Z Progress: resolved 1, reused 0, downloaded 0, added 0
2026-10-07T21:32:13.8526128Z Packages: +1
2026-10-07T21:32:13.8526780Z +
2026-10-07T21:32:14.3763482Z Progress: resolved 1, reused 0, downloaded 1, added 1, done
2026-10-07T21:32:14.4005254Z 
2026-10-07T21:32:14.4005710Z dependencies:
2026-10-07T21:32:14.4006350Z + pnpm 10.18.3 (12.10.1 is available)
2026-10-07T21:32:14.4006819Z 
2026-10-07T21:32:14.4032118Z Done in 980ms
2026-10-07T21:32:14.4262387Z ##[endgroup]
2026-10-07T21:32:14.4263747Z Installation Completed!
2026-10-07T21:32:14.4488003Z ##[group]Run actions/setup-node@49933ea5288caeca8642d1e84afbd3f7d6820020
2026-10-07T21:32:14.4488431Z with:
2026-10-07T21:32:14.4488632Z   node-version: 22
2026-10-07T21:32:14.4488839Z   cache: pnpm
2026-10-07T21:32:14.4489046Z   always-auth: false
2026-10-07T21:32:14.4489263Z   check-latest: false
2026-10-07T21:32:14.4491816Z   token: ***
2026-10-07T21:32:14.4492043Z env:
2026-10-07T21:32:14.4492305Z   PNPM_HOME: /home/runner/setup-pnpm/node_modules/.bin
2026-10-07T21:32:14.4492952Z ##[endgroup]
2026-10-07T21:32:14.6033807Z Found in cache @ /opt/hostedtoolcache/node/22.23.3/x64
2026-10-07T21:32:14.6036517Z (node:2064) [DEP0040] DeprecationWarning: The `punycode` module is deprecated. Please use a userland alternative instead.
2026-10-07T21:32:14.6037457Z (Use `node --trace-deprecation ...` to show where the warning was created)
2026-10-07T21:32:14.6039940Z ##[group]Environment details
2026-10-07T21:32:17.2512016Z node: v22.23.3
2026-10-07T21:32:17.2512771Z npm: 10.9.9
2026-10-07T21:32:17.2513219Z yarn: 1.22.22
2026-10-07T21:32:17.2514335Z ##[endgroup]
2026-10-07T21:32:17.2596272Z [command]/home/runner/setup-pnpm/node_modules/.bin/pnpm store path --silent
2026-10-07T21:32:17.8226625Z /home/runner/setup-pnpm/node_modules/.bin/store/v10
2026-10-07T21:32:17.9172175Z pnpm cache is not found
2026-10-07T21:32:17.9315600Z ##[group]Run pnpm install --frozen-lockfile
2026-10-07T21:32:17.9316095Z [36;1mpnpm install --frozen-lockfile[0m
2026-10-07T21:32:17.9690221Z shell: /usr/bin/bash -e {0}
2026-10-07T21:32:17.9690566Z env:
2026-10-07T21:32:17.9690846Z   PNPM_HOME: /home/runner/setup-pnpm/node_modules/.bin
2026-10-07T21:32:17.9691223Z ##[endgroup]
2026-10-07T21:32:18.3482511Z Lockfile is up to date, resolution step is skipped
2026-10-07T21:32:18.4034822Z Progress: resolved 1, reused 0, downloaded 0, added 0
2026-10-07T21:32:18.4672313Z Packages: +408
2026-10-07T21:32:18.4679483Z ++++++++++++++++++++++++++++++++++++++++++++++++++++++++++++++++++++++++++++++++
2026-10-07T21:32:19.4094541Z Progress: resolved 408, reused 0, downloaded 141, added 132
2026-10-07T21:32:20.4087998Z Progress: resolved 408, reused 0, downloaded 248, added 236
2026-10-07T21:32:21.4090630Z Progress: resolved 408, reused 0, downloaded 348, added 328
2026-10-07T21:32:22.4095300Z Progress: resolved 408, reused 0, downloaded 407, added 407
2026-10-07T21:32:22.6430686Z Progress: resolved 408, reused 0, downloaded 408, added 408, done
2026-10-07T21:32:22.7784971Z .../node_modules/@prisma/engines postinstall$ node scripts/postinstall.js
2026-10-07T21:32:22.8114054Z .../esbuild@0.28.2/node_modules/esbuild postinstall$ node install.js
2026-10-07T21:32:22.8127235Z .../esbuild@0.25.12/node_modules/esbuild postinstall$ node install.js
2026-10-07T21:32:22.8133470Z .../node_modules/workerd postinstall$ node install.js
2026-10-07T21:32:22.8144486Z .../esbuild@0.28.1/node_modules/esbuild postinstall$ node install.js
2026-10-07T21:32:22.9464221Z .../esbuild@0.25.12/node_modules/esbuild postinstall: Done
2026-10-07T21:32:22.9486190Z .../esbuild@0.28.2/node_modules/esbuild postinstall: Done
2026-10-07T21:32:22.9933331Z .../esbuild@0.28.1/node_modules/esbuild postinstall: Done
2026-10-07T21:32:23.0792836Z .../node_modules/workerd postinstall: Done
2026-10-07T21:32:23.5331367Z .../node_modules/@prisma/engines postinstall: Done
2026-10-07T21:32:23.6108861Z .../node_modules/prisma preinstall$ node scripts/preinstall-entry.js
2026-10-07T21:32:23.7049899Z .../node_modules/prisma preinstall: Done
2026-10-07T21:32:23.9330594Z 
2026-10-07T21:32:23.9331175Z dependencies:
2026-10-07T21:32:23.9331716Z + @cloudflare/containers 0.3.7
2026-10-07T21:32:23.9332259Z + @supabase/server 1.8.0
2026-10-07T21:32:23.9333067Z + @supabase/supabase-js 2.117.0
2026-10-07T21:32:23.9333682Z + @tiptap/extension-collaboration 3.31.3
2026-10-07T21:32:23.9334381Z + @tiptap/extension-collaboration-caret 3.31.3
2026-10-07T21:32:23.9334937Z + @tiptap/react 3.31.3
2026-10-07T21:32:23.9335369Z + @tiptap/starter-kit 3.31.3
2026-10-07T21:32:23.9335847Z + @vitejs/plugin-react 5.2.0
2026-10-07T21:32:23.9336300Z + cross-env 10.1.0
2026-10-07T21:32:23.9336647Z + dotenv 17.4.2
2026-10-07T21:32:23.9337010Z + esbuild 0.25.12
2026-10-07T21:32:23.9337474Z + esbuild-wasm 0.25.12
2026-10-07T21:32:23.9337851Z + express 5.2.1
2026-10-07T21:32:23.9338094Z + lucide-react 0.468.0
2026-10-07T21:32:23.9338343Z + react 19.2.8
2026-10-07T21:32:23.9338577Z + react-dom 19.2.8
2026-10-07T21:32:23.9339006Z + vite 7.3.6
2026-10-07T21:32:23.9339346Z + ws 8.21.3
2026-10-07T21:32:23.9339802Z + y-protocols 1.0.7
2026-10-07T21:32:23.9340079Z + yjs 13.6.32
2026-10-07T21:32:23.9340205Z 
2026-10-07T21:32:23.9340320Z devDependencies:
2026-10-07T21:32:23.9340660Z + @prisma/adapter-pg 7.10.0
2026-10-07T21:32:23.9340923Z + @prisma/client 7.10.0
2026-10-07T21:32:23.9341162Z + @types/express 5.0.6
2026-10-07T21:32:23.9341393Z + @types/node 22.20.1
2026-10-07T21:32:23.9341612Z + @types/pg 8.23.1
2026-10-07T21:32:23.9341829Z + @types/react 19.2.18
2026-10-07T21:32:23.9342243Z + @types/react-dom 19.2.7
2026-10-07T21:32:23.9342871Z + @types/ws 8.18.1
2026-10-07T21:32:23.9343247Z + pg 8.23.0
2026-10-07T21:32:23.9343590Z + prisma 7.10.0
2026-10-07T21:32:23.9343944Z + tsx 4.23.13
2026-10-07T21:32:23.9344306Z + typescript 5.9.3
2026-10-07T21:32:23.9344536Z + wrangler 4.131.1
2026-10-07T21:32:23.9344654Z 
2026-10-07T21:32:24.0578509Z Done in 6s using pnpm v10.18.3
2026-10-07T21:32:24.1096137Z ##[group]Run pnpm check:boundaries
2026-10-07T21:32:24.1096480Z [36;1mpnpm check:boundaries[0m
2026-10-07T21:32:24.1171655Z shell: /usr/bin/bash -e {0}
2026-10-07T21:32:24.1171951Z env:
2026-10-07T21:32:24.1172256Z   PNPM_HOME: /home/runner/setup-pnpm/node_modules/.bin
2026-10-07T21:32:24.1172798Z ##[endgroup]
2026-10-07T21:32:24.4258390Z 
2026-10-07T21:32:24.4259415Z > cocreate@1.0.0 check:boundaries /home/runner/work/Cocreate/Cocreate
2026-10-07T21:32:24.4260335Z > tsx scripts/codebase-audit.ts --check
2026-10-07T21:32:24.4260713Z 
2026-10-07T21:32:26.1715686Z Audited 139 files; 1 static candidates; 0 boundary violations.
2026-10-07T21:32:26.1717845Z Jev: 0 physical requests, 0 input tokens with known usage, known-usage estimate $0.000000; unknown requests retain their reservation.
2026-10-07T21:32:26.1719073Z Report: artifacts/codebase-audit/report.json
2026-10-07T21:32:26.2123692Z ##[group]Run pnpm build
2026-10-07T21:32:26.2123979Z [36;1mpnpm build[0m
2026-10-07T21:32:26.2197360Z shell: /usr/bin/bash -e {0}
2026-10-07T21:32:26.2197628Z env:
2026-10-07T21:32:26.2197908Z   PNPM_HOME: /home/runner/setup-pnpm/node_modules/.bin
2026-10-07T21:32:26.2198239Z ##[endgroup]
2026-10-07T21:32:26.5228833Z 
2026-10-07T21:32:26.5229584Z > cocreate@1.0.0 build /home/runner/work/Cocreate/Cocreate
2026-10-07T21:32:26.5230618Z > tsc --noEmit && vite build --configLoader runner
2026-10-07T21:32:26.5230926Z 
2026-10-07T21:32:34.6647346Z [36mvite v7.3.6 [32mbuilding client environment for production...[36m[39m
2026-10-07T21:32:34.7311744Z transforming...
2026-10-07T21:32:38.6943541Z [32m✓[39m 1749 modules transformed.
2026-10-07T21:32:38.9929197Z rendering chunks...
2026-10-07T21:32:39.2880883Z computing gzip size...
2026-10-07T21:32:39.3126752Z [2mdist/[22m[32mindex.html                           [39m[1m[2m  0.44 kB[22m[1m[22m[2m │ gzip:   0.30 kB[22m
2026-10-07T21:32:39.3128554Z [2mdist/[22m[2massets/[22m[35mApp-BqUO_rW7.css              [39m[1m[2m  2.56 kB[22m[1m[22m[2m │ gzip:   0.85 kB[22m
2026-10-07T21:32:39.3130337Z [2mdist/[22m[2massets/[22m[35mLandingPage-CNj4pefA.css      [39m[1m[2m 13.13 kB[22m[1m[22m[2m │ gzip:   2.95 kB[22m
2026-10-07T21:32:39.3132109Z [2mdist/[22m[2massets/[22m[35mindex-cyLHvudv.css            [39m[1m[2m 75.38 kB[22m[1m[22m[2m │ gzip:  14.48 kB[22m
2026-10-07T21:32:39.3134027Z [2mdist/[22m[2massets/[22m[36musers-S0nR_fpD.js             [39m[1m[2m  0.69 kB[22m[1m[22m[2m │ gzip:   0.39 kB[22m
2026-10-07T21:32:39.3135966Z [2mdist/[22m[2massets/[22m[36mcreateLucideIcon-DS0f-70M.js  [39m[1m[2m  0.89 kB[22m[1m[22m[2m │ gzip:   0.55 kB[22m
2026-10-07T21:32:39.3137711Z [2mdist/[22m[2massets/[22m[36mx-CYlEPbUI.js                 [39m[1m[2m  1.70 kB[22m[1m[22m[2m │ gzip:   0.78 kB[22m
2026-10-07T21:32:39.3139188Z [2mdist/[22m[2massets/[22m[36mLandingPage-CklZAjP2.js       [39m[1m[2m 15.33 kB[22m[1m[22m[2m │ gzip:   4.92 kB[22m
2026-10-07T21:32:39.3140227Z [2mdist/[22m[2massets/[22m[36mProjectApp-CEhcL8gy.js        [39m[1m[2m 29.68 kB[22m[1m[22m[2m │ gzip:   9.01 kB[22m
2026-10-07T21:32:39.3141227Z [2mdist/[22m[2massets/[22m[36mindex-5SCWldx6.js             [39m[1m[2m421.72 kB[22m[1m[22m[2m │ gzip: 121.23 kB[22m
2026-10-07T21:32:39.3142179Z [2mdist/[22m[2massets/[22m[36mApp-thYYHyMP.js               [39m[1m[33m583.75 kB[39m[22m[2m │ gzip: 185.76 kB[22m
2026-10-07T21:32:39.3143177Z [33m
2026-10-07T21:32:39.3146265Z [32m✓ built in 4.62s[39m
2026-10-07T21:32:39.3147083Z (!) Some chunks are larger than 500 kB after minification. Consider:
2026-10-07T21:32:39.3147822Z - Using dynamic import() to code-split the application
2026-10-07T21:32:39.3148719Z - Use build.rollupOptions.output.manualChunks to improve chunking: https://rollupjs.org/configuration-options/#output-manualchunks
2026-10-07T21:32:39.3149786Z - Adjust chunk size limit for this warning via build.chunkSizeWarningLimit.[39m
2026-10-07T21:32:39.3914954Z ##[group]Run node --input-type=module <<'NODE'
2026-10-07T21:32:39.3915627Z [36;1mnode --input-type=module <<'NODE'[0m
2026-10-07T21:32:39.3916149Z [36;1mimport fs from 'node:fs';[0m
2026-10-07T21:32:39.3916695Z [36;1mimport {spawnSync} from 'node:child_process';[0m
2026-10-07T21:32:39.3917617Z [36;1mconst {image_vars} = JSON.parse(fs.readFileSync('wrangler.jsonc', 'utf8')).containers[0];[0m
2026-10-07T21:32:39.3919065Z [36;1mconst names = ['VITE_COCREATE_AUTH_MODE', 'VITE_COCREATE_APP_ORIGIN', 'VITE_SUPABASE_URL', 'VITE_SUPABASE_PUBLISHABLE_KEY'];[0m
2026-10-07T21:32:39.3920287Z [36;1mconst args = ['build', '--tag', 'cocreate-check'];[0m
2026-10-07T21:32:39.3920900Z [36;1mfor (const name of names) {[0m
2026-10-07T21:32:39.3921739Z [36;1m  if (typeof image_vars[name] !== 'string') throw new Error(`Missing public build variable: ${name}`);[0m
2026-10-07T21:32:39.3923030Z [36;1m  args.push('--build-arg', `${name}=${image_vars[name]}`);[0m
2026-10-07T21:32:39.3923690Z [36;1m}[0m
2026-10-07T21:32:39.3924259Z [36;1mconst result = spawnSync('docker', [...args, '.'], {stdio: 'inherit'});[0m
2026-10-07T21:32:39.3925028Z [36;1mif (result.error) throw result.error;[0m
2026-10-07T21:32:39.3925607Z [36;1mprocess.exit(result.status ?? 1);[0m
2026-10-07T21:32:39.3926103Z [36;1mNODE[0m
2026-10-07T21:32:39.4029300Z shell: /usr/bin/bash -e {0}
2026-10-07T21:32:39.4029755Z env:
2026-10-07T21:32:39.4030188Z   PNPM_HOME: /home/runner/setup-pnpm/node_modules/.bin
2026-10-07T21:32:39.4088063Z ##[endgroup]
2026-10-07T21:32:40.1227882Z #0 building with "default" instance using docker driver
2026-10-07T21:32:40.1228751Z 
2026-10-07T21:32:40.1229524Z #1 [internal] load build definition from Dockerfile
2026-10-07T21:32:40.1230281Z #1 transferring dockerfile: 1.02kB done
2026-10-07T21:32:40.1230867Z #1 DONE 0.0s
2026-10-07T21:32:40.1231120Z 
2026-10-07T21:32:40.1231640Z #2 [auth] library/node:pull token for registry-1.docker.io
2026-10-07T21:32:40.1232381Z #2 DONE 0.0s
2026-10-07T21:32:40.1232900Z 
2026-10-07T21:32:40.1233606Z #3 [internal] load metadata for docker.io/library/node:22-bookworm-slim
2026-10-07T21:32:40.3601232Z #3 DONE 0.4s
2026-10-07T21:32:40.5046762Z 
2026-10-07T21:32:40.5048158Z #4 [internal] load .dockerignore
2026-10-07T21:32:40.5051454Z #4 transferring context: 248B done
2026-10-07T21:32:40.5052754Z #4 DONE 0.0s
2026-10-07T21:32:40.5054403Z 
2026-10-07T21:32:40.5056819Z #5 [1/9] FROM docker.io/library/node:22-bookworm-slim@sha256:c3de60bf2f9dd0ac6370e6117950ff62d6e339527e7472301c9c78a017978392
2026-10-07T21:32:40.5060309Z #5 resolve docker.io/library/node:22-bookworm-slim@sha256:c3de60bf2f9dd0ac6370e6117950ff62d6e339527e7472301c9c78a017978392 done
2026-10-07T21:32:40.5062244Z #5 sha256:7fd1ebe418b5079d4aa36f416af9b143d127bc75b0155d71cb5fd559b5e04d39 2.19MB / 28.25MB 0.1s
2026-10-07T21:32:40.5065127Z #5 sha256:f0400f4b55b0ad346bf6167a1b64a258e4d73db608c457798ce35e4ffeebfaaf 3.31kB / 3.31kB 0.1s done
2026-10-07T21:32:40.5067411Z #5 sha256:d22c69a95cf463f4cb74462bd2899597ce505d82bd4c01ceddf7845e12f13856 13.63MB / 49.84MB 0.1s
2026-10-07T21:32:40.5068849Z #5 sha256:2cfab517365cfc6b4bd1f8c4cb01754884ef75bc38758b3c41e291c696f019f5 0B / 1.71MB 0.1s
2026-10-07T21:32:40.5084043Z #5 sha256:c3de60bf2f9dd0ac6370e6117950ff62d6e339527e7472301c9c78a017978392 5.22kB / 5.22kB done
2026-10-07T21:32:40.5085731Z #5 sha256:efd0ab5780c2d9ab1f0f869571a00d5edb17793bff4cce4a2792e3eb0ffc7562 1.93kB / 1.93kB done
2026-10-07T21:32:40.5087344Z #5 sha256:d0a16be756b6ec6658aecb8b7bcf87fa6c7d0d7fcc6ca53ad14bb49a4c90bdd7 6.77kB / 6.77kB done
2026-10-07T21:32:40.6873758Z #5 sha256:7fd1ebe418b5079d4aa36f416af9b143d127bc75b0155d71cb5fd559b5e04d39 20.96MB / 28.25MB 0.2s
2026-10-07T21:32:40.6875666Z #5 sha256:d22c69a95cf463f4cb74462bd2899597ce505d82bd4c01ceddf7845e12f13856 39.58MB / 49.84MB 0.2s
2026-10-07T21:32:40.6879432Z #5 sha256:2cfab517365cfc6b4bd1f8c4cb01754884ef75bc38758b3c41e291c696f019f5 1.71MB / 1.71MB 0.2s done
2026-10-07T21:32:40.6882237Z #5 sha256:a8de9fa052209313d8e45435a8486e29b20eebaa820e2e7f63a7c3c94b4fa567 448B / 448B 0.2s done
2026-10-07T21:32:40.8022822Z #5 ...
2026-10-07T21:32:40.8024883Z 
2026-10-07T21:32:40.8025310Z #6 [internal] load build context
2026-10-07T21:32:40.8025924Z #6 transferring context: 17.85MB 0.3s done
2026-10-07T21:32:40.8027027Z #6 DONE 0.3s
2026-10-07T21:32:40.8027237Z 
2026-10-07T21:32:40.8028625Z #5 [1/9] FROM docker.io/library/node:22-bookworm-slim@sha256:c3de60bf2f9dd0ac6370e6117950ff62d6e339527e7472301c9c78a017978392
2026-10-07T21:32:40.8030233Z #5 sha256:7fd1ebe418b5079d4aa36f416af9b143d127bc75b0155d71cb5fd559b5e04d39 28.25MB / 28.25MB 0.3s done
2026-10-07T21:32:40.8032968Z #5 sha256:d22c69a95cf463f4cb74462bd2899597ce505d82bd4c01ceddf7845e12f13856 49.84MB / 49.84MB 0.3s done
2026-10-07T21:32:40.8033954Z #5 extracting sha256:7fd1ebe418b5079d4aa36f416af9b143d127bc75b0155d71cb5fd559b5e04d39 0.1s
2026-10-07T21:32:41.8150311Z #5 extracting sha256:7fd1ebe418b5079d4aa36f416af9b143d127bc75b0155d71cb5fd559b5e04d39 1.1s done
2026-10-07T21:32:41.9887952Z #5 extracting sha256:f0400f4b55b0ad346bf6167a1b64a258e4d73db608c457798ce35e4ffeebfaaf done
2026-10-07T21:32:43.3585266Z #5 extracting sha256:d22c69a95cf463f4cb74462bd2899597ce505d82bd4c01ceddf7845e12f13856
2026-10-07T21:32:44.7680738Z #5 extracting sha256:d22c69a95cf463f4cb74462bd2899597ce505d82bd4c01ceddf7845e12f13856 1.3s done
2026-10-07T21:32:44.7724980Z #5 extracting sha256:2cfab517365cfc6b4bd1f8c4cb01754884ef75bc38758b3c41e291c696f019f5
2026-10-07T21:32:45.0045732Z #5 extracting sha256:2cfab517365cfc6b4bd1f8c4cb01754884ef75bc38758b3c41e291c696f019f5 0.0s done
2026-10-07T21:32:45.0047186Z #5 extracting sha256:a8de9fa052209313d8e45435a8486e29b20eebaa820e2e7f63a7c3c94b4fa567 done
2026-10-07T21:32:45.0047938Z #5 DONE 4.5s
2026-10-07T21:32:45.0048324Z 
2026-10-07T21:32:45.0048752Z #7 [2/9] WORKDIR /app
2026-10-07T21:32:45.0049098Z #7 DONE 0.0s
2026-10-07T21:32:45.0049322Z 
2026-10-07T21:32:45.0049482Z #8 [3/9] RUN corepack enable
2026-10-07T21:32:45.0745242Z #8 DONE 0.2s
2026-10-07T21:32:45.2260748Z 
2026-10-07T21:32:45.2262271Z #9 [4/9] RUN apt-get update && apt-get install -y --no-install-recommends bubblewrap util-linux chromium tini && rm -rf /var/lib/apt/lists/*
2026-10-07T21:32:45.2579214Z #9 0.182 Get:1 http://deb.debian.org/debian bookworm InRelease [151 kB]
2026-10-07T21:32:45.4022193Z #9 0.200 Get:2 http://deb.debian.org/debian bookworm-updates InRelease [55.4 kB]
2026-10-07T21:32:45.4024129Z #9 0.206 Get:3 http://deb.debian.org/debian-security bookworm-security InRelease [34.8 kB]
2026-10-07T21:32:45.4025360Z #9 0.266 Get:4 http://deb.debian.org/debian bookworm/main amd64 Packages [8790 kB]
2026-10-07T21:32:45.4026552Z #9 0.327 Get:5 http://deb.debian.org/debian bookworm-updates/main amd64 Packages [6924 B]
2026-10-07T21:32:45.6022208Z #9 0.376 Get:6 http://deb.debian.org/debian-security bookworm-security/main amd64 Packages [349 kB]
2026-10-07T21:32:46.1763720Z #9 1.101 Fetched 9387 kB in 1s (10.0 MB/s)
2026-10-07T21:32:46.6247106Z #9 1.101 Reading package lists...
2026-10-07T21:32:47.0667767Z #9 1.567 Reading package lists...
2026-10-07T21:32:47.1716969Z #9 2.004 Building dependency tree...
2026-10-07T21:32:47.1717822Z #9 2.096 Reading state information...
2026-10-07T21:32:47.2791587Z #9 2.203 util-linux is already the newest version (2.38.1-5+deb12u3).
2026-10-07T21:32:47.2793325Z #9 2.203 util-linux set to manually installed.
2026-10-07T21:32:47.2794629Z #9 2.203 The following additional packages will be installed:
2026-10-07T21:32:47.2796335Z #9 2.203   adwaita-icon-theme at-spi2-common chromium-common dbus dbus-bin dbus-daemon
2026-10-07T21:32:47.2797858Z #9 2.203   dbus-session-bus-common dbus-system-bus-common dbus-user-session
2026-10-07T21:32:47.2798821Z #9 2.203   dconf-gsettings-backend dconf-service dmsetup fontconfig fontconfig-config
2026-10-07T21:32:47.4313042Z #9 2.204   fonts-dejavu-core gtk-update-icon-cache hicolor-icon-theme libapparmor1
2026-10-07T21:32:47.4314051Z #9 2.204   libargon2-1 libasound2 libasound2-data libasyncns0 libatk-bridge2.0-0
2026-10-07T21:32:47.4315403Z #9 2.204   libatk1.0-0 libatspi2.0-0 libavahi-client3 libavahi-common-data
2026-10-07T21:32:47.4316321Z #9 2.205   libavahi-common3 libbrotli1 libbsd0 libcairo-gobject2 libcairo2 libcolord2
2026-10-07T21:32:47.4317773Z #9 2.205   libcryptsetup12 libcups2 libdatrie1 libdav1d6 libdbus-1-3 libdconf1
2026-10-07T21:32:47.4319112Z #9 2.205   libdeflate0 libdevmapper1.02.1 libdouble-conversion3 libdrm-amdgpu1
2026-10-07T21:32:47.4320657Z #9 2.205   libdrm-common libdrm-intel1 libdrm-nouveau2 libdrm-radeon1 libdrm2 libedit2
2026-10-07T21:32:47.4321881Z #9 2.205   libelf1 libepoxy0 libexpat1 libfdisk1 libflac12 libfontconfig1 libfontenc1
2026-10-07T21:32:47.4323194Z #9 2.205   libfreetype6 libfribidi0 libgbm1 libgdk-pixbuf-2.0-0 libgdk-pixbuf2.0-common
2026-10-07T21:32:47.4324251Z #9 2.205   libgl1 libgl1-mesa-dri libglapi-mesa libglib2.0-0 libglvnd0 libglx-mesa0
2026-10-07T21:32:47.4325196Z #9 2.205   libglx0 libgraphite2-3 libgssapi-krb5-2 libgtk-3-0 libgtk-3-common
2026-10-07T21:32:47.4326121Z #9 2.205   libharfbuzz-subset0 libharfbuzz0b libice6 libicu72 libip4tc2 libjbig0
2026-10-07T21:32:47.4327065Z #9 2.205   libjpeg62-turbo libjson-c5 libk5crypto3 libkeyutils1 libkmod2 libkrb5-3
2026-10-07T21:32:47.4328006Z #9 2.205   libkrb5support0 liblcms2-2 liblerc4 libllvm15 libminizip1 libmp3lame0
2026-10-07T21:32:47.4329038Z #9 2.205   libmpg123-0 libncursesw6 libnspr4 libnss3 libogg0 libopenh264-7 libopenjp2-7
2026-10-07T21:32:47.4330807Z #9 2.205   libopus0 libpam-systemd libpango-1.0-0 libpangocairo-1.0-0 libpangoft2-1.0-0
2026-10-07T21:32:47.4332053Z #9 2.205   libpciaccess0 libpixman-1-0 libpng16-16 libproc2-0 libpulse0
2026-10-07T21:32:47.4333800Z #9 2.205   libsensors-config libsensors5 libsm6 libsndfile1 libsqlite3-0 libssl3
2026-10-07T21:32:47.4335125Z #9 2.205   libsystemd-shared libthai-data libthai0 libtiff6 libvorbis0a libvorbisenc2
2026-10-07T21:32:47.4336437Z #9 2.205   libwayland-client0 libwayland-cursor0 libwayland-egl1 libwayland-server0
2026-10-07T21:32:47.4337745Z #9 2.205   libwebp7 libx11-6 libx11-data libx11-xcb1 libxau6 libxaw7 libxcb-dri2-0
2026-10-07T21:32:47.4338972Z #9 2.205   libxcb-dri3-0 libxcb-glx0 libxcb-present0 libxcb-randr0 libxcb-render0
2026-10-07T21:32:47.4340326Z #9 2.205   libxcb-shape0 libxcb-shm0 libxcb-sync1 libxcb-xfixes0 libxcb1 libxcomposite1
2026-10-07T21:32:47.4341659Z #9 2.205   libxcursor1 libxdamage1 libxdmcp6 libxext6 libxfixes3 libxft2 libxi6
2026-10-07T21:32:47.4343270Z #9 2.205   libxinerama1 libxkbcommon0 libxkbfile1 libxml2 libxmu6 libxmuu1 libxnvctrl0
2026-10-07T21:32:47.4344580Z #9 2.205   libxpm4 libxrandr2 libxrender1 libxshmfence1 libxt6 libxtst6 libxv1
2026-10-07T21:32:47.4345737Z #9 2.205   libxxf86dga1 libxxf86vm1 libz3-4 procps shared-mime-info systemd
2026-10-07T21:32:47.4346793Z #9 2.205   systemd-sysv x11-common x11-utils xdg-utils xkb-data
2026-10-07T21:32:47.4347508Z #9 2.205 Suggested packages:
2026-10-07T21:32:47.4348445Z #9 2.205   chromium-l10n chromium-shell chromium-driver libasound2-plugins alsa-utils
2026-10-07T21:32:47.4349733Z #9 2.205   colord cups-common low-memory-monitor krb5-doc krb5-user gvfs liblcms2-utils
2026-10-07T21:32:47.4351041Z #9 2.205   opus-tools pciutils pulseaudio lm-sensors systemd-container systemd-homed
2026-10-07T21:32:47.4352266Z #9 2.205   systemd-userdbd systemd-boot systemd-resolved libfido2-1 libqrencode4
2026-10-07T21:32:47.4353685Z #9 2.205   libtss2-esys-3.0.2-0 libtss2-mu0 libtss2-rc0 polkitd | policykit-1
2026-10-07T21:32:47.4354529Z #9 2.205   mesa-utils
2026-10-07T21:32:47.4355066Z #9 2.205 Recommended packages:
2026-10-07T21:32:47.4355951Z #9 2.205   librsvg2-common upower udev fonts-liberation notification-daemon
2026-10-07T21:32:47.4358156Z #9 2.205   system-config-printer alsa-ucm-conf alsa-topology-conf at-spi2-core
2026-10-07T21:32:47.4359365Z #9 2.205   libgdk-pixbuf2.0-bin libglib2.0-data xdg-user-dirs libgtk-3-bin krb5-locales
2026-10-07T21:32:47.4360470Z #9 2.205   libgpm2 psmisc systemd-timesyncd | time-daemon libnss-systemd
2026-10-07T21:32:47.4361453Z #9 2.205   libfile-mimeinfo-perl libnet-dbus-perl libx11-protocol-perl
2026-10-07T21:32:47.4362426Z #9 2.205   x11-xserver-utils
2026-10-07T21:32:47.9138711Z #9 2.838 The following NEW packages will be installed:
2026-10-07T21:32:47.9140485Z #9 2.838   adwaita-icon-theme at-spi2-common bubblewrap chromium chromium-common dbus
2026-10-07T21:32:47.9141891Z #9 2.838   dbus-bin dbus-daemon dbus-session-bus-common dbus-system-bus-common
2026-10-07T21:32:48.0141052Z #9 2.838   dbus-user-session dconf-gsettings-backend dconf-service dmsetup fontconfig
2026-10-07T21:32:48.0142076Z #9 2.838   fontconfig-config fonts-dejavu-core gtk-update-icon-cache hicolor-icon-theme
2026-10-07T21:32:48.0143240Z #9 2.838   libapparmor1 libargon2-1 libasound2 libasound2-data libasyncns0
2026-10-07T21:32:48.0143930Z #9 2.838   libatk-bridge2.0-0 libatk1.0-0 libatspi2.0-0 libavahi-client3
2026-10-07T21:32:48.0144667Z #9 2.838   libavahi-common-data libavahi-common3 libbrotli1 libbsd0 libcairo-gobject2
2026-10-07T21:32:48.0145507Z #9 2.839   libcairo2 libcolord2 libcryptsetup12 libcups2 libdatrie1 libdav1d6
2026-10-07T21:32:48.0146732Z #9 2.839   libdbus-1-3 libdconf1 libdeflate0 libdevmapper1.02.1 libdouble-conversion3
2026-10-07T21:32:48.0148033Z #9 2.839   libdrm-amdgpu1 libdrm-common libdrm-intel1 libdrm-nouveau2 libdrm-radeon1
2026-10-07T21:32:48.0149225Z #9 2.839   libdrm2 libedit2 libelf1 libepoxy0 libexpat1 libfdisk1 libflac12
2026-10-07T21:32:48.0150723Z #9 2.839   libfontconfig1 libfontenc1 libfreetype6 libfribidi0 libgbm1
2026-10-07T21:32:48.0151476Z #9 2.839   libgdk-pixbuf-2.0-0 libgdk-pixbuf2.0-common libgl1 libgl1-mesa-dri
2026-10-07T21:32:48.0152496Z #9 2.839   libglapi-mesa libglib2.0-0 libglvnd0 libglx-mesa0 libglx0 libgraphite2-3
2026-10-07T21:32:48.0153859Z #9 2.839   libgssapi-krb5-2 libgtk-3-0 libgtk-3-common libharfbuzz-subset0
2026-10-07T21:32:48.0155098Z #9 2.839   libharfbuzz0b libice6 libicu72 libip4tc2 libjbig0 libjpeg62-turbo libjson-c5
2026-10-07T21:32:48.0156360Z #9 2.839   libk5crypto3 libkeyutils1 libkmod2 libkrb5-3 libkrb5support0 liblcms2-2
2026-10-07T21:32:48.0157230Z #9 2.839   liblerc4 libllvm15 libminizip1 libmp3lame0 libmpg123-0 libncursesw6 libnspr4
2026-10-07T21:32:48.0157946Z #9 2.839   libnss3 libogg0 libopenh264-7 libopenjp2-7 libopus0 libpam-systemd
2026-10-07T21:32:48.0158682Z #9 2.839   libpango-1.0-0 libpangocairo-1.0-0 libpangoft2-1.0-0 libpciaccess0
2026-10-07T21:32:48.0159297Z #9 2.839   libpixman-1-0 libpng16-16 libproc2-0 libpulse0 libsensors-config libsensors5
2026-10-07T21:32:48.0160369Z #9 2.839   libsm6 libsndfile1 libsqlite3-0 libssl3 libsystemd-shared libthai-data
2026-10-07T21:32:48.0162374Z #9 2.840   libthai0 libtiff6 libvorbis0a libvorbisenc2 libwayland-client0
2026-10-07T21:32:48.0163532Z #9 2.840   libwayland-cursor0 libwayland-egl1 libwayland-server0 libwebp7 libx11-6
2026-10-07T21:32:48.0164448Z #9 2.840   libx11-data libx11-xcb1 libxau6 libxaw7 libxcb-dri2-0 libxcb-dri3-0
2026-10-07T21:32:48.0165223Z #9 2.840   libxcb-glx0 libxcb-present0 libxcb-randr0 libxcb-render0 libxcb-shape0
2026-10-07T21:32:48.0166315Z #9 2.840   libxcb-shm0 libxcb-sync1 libxcb-xfixes0 libxcb1 libxcomposite1 libxcursor1
2026-10-07T21:32:48.0166971Z #9 2.840   libxdamage1 libxdmcp6 libxext6 libxfixes3 libxft2 libxi6 libxinerama1
2026-10-07T21:32:48.0167732Z #9 2.840   libxkbcommon0 libxkbfile1 libxml2 libxmu6 libxmuu1 libxnvctrl0 libxpm4
2026-10-07T21:32:48.0169298Z #9 2.840   libxrandr2 libxrender1 libxshmfence1 libxt6 libxtst6 libxv1 libxxf86dga1
2026-10-07T21:32:48.0170559Z #9 2.840   libxxf86vm1 libz3-4 procps shared-mime-info systemd systemd-sysv tini
2026-10-07T21:32:48.0171545Z #9 2.840   x11-common x11-utils xdg-utils xkb-data
2026-10-07T21:32:48.0172047Z #9 2.877 0 upgraded, 176 newly installed, 0 to remove and 1 not upgraded.
2026-10-07T21:32:48.0172798Z #9 2.877 Need to get 207 MB of archives.
2026-10-07T21:32:48.0173326Z #9 2.877 After this operation, 734 MB of additional disk space will be used.
2026-10-07T21:32:48.0174322Z #9 2.877 Get:1 http://deb.debian.org/debian-security bookworm-security/main amd64 libssl3 amd64 3.0.22-1~deb12u1 [2039 kB]
2026-10-07T21:32:48.0175598Z #9 2.911 Get:2 http://deb.debian.org/debian bookworm/main amd64 libargon2-1 amd64 0~20171227-0.3+deb12u1 [19.4 kB]
2026-10-07T21:32:48.0176596Z #9 2.912 Get:3 http://deb.debian.org/debian bookworm/main amd64 dmsetup amd64 2:1.02.185-2 [82.0 kB]
2026-10-07T21:32:48.0177554Z #9 2.912 Get:4 http://deb.debian.org/debian bookworm/main amd64 libdevmapper1.02.1 amd64 2:1.02.185-2 [133 kB]
2026-10-07T21:32:48.0178426Z #9 2.913 Get:5 http://deb.debian.org/debian bookworm/main amd64 libjson-c5 amd64 0.16-2 [44.1 kB]
2026-10-07T21:32:48.0179248Z #9 2.914 Get:6 http://deb.debian.org/debian bookworm/main amd64 libcryptsetup12 amd64 2:2.6.1-4~deb12u2 [223 kB]
2026-10-07T21:32:48.0180187Z #9 2.915 Get:7 http://deb.debian.org/debian bookworm/main amd64 libfdisk1 amd64 2.38.1-5+deb12u3 [194 kB]
2026-10-07T21:32:48.0181096Z #9 2.916 Get:8 http://deb.debian.org/debian bookworm/main amd64 libkmod2 amd64 30+20221128-1 [57.9 kB]
2026-10-07T21:32:48.0181986Z #9 2.916 Get:9 http://deb.debian.org/debian bookworm/main amd64 libapparmor1 amd64 3.0.8-3 [41.2 kB]
2026-10-07T21:32:48.0182839Z #9 2.917 Get:10 http://deb.debian.org/debian bookworm/main amd64 libip4tc2 amd64 1.8.9-2 [19.0 kB]
2026-10-07T21:32:48.0183802Z #9 2.917 Get:11 http://deb.debian.org/debian bookworm/main amd64 libsystemd-shared amd64 252.39-1~deb12u2 [1696 kB]
2026-10-07T21:32:48.0184738Z #9 2.924 Get:12 http://deb.debian.org/debian bookworm/main amd64 systemd amd64 252.39-1~deb12u2 [3044 kB]
2026-10-07T21:32:48.0185873Z #9 2.935 Get:13 http://deb.debian.org/debian bookworm/main amd64 systemd-sysv amd64 252.39-1~deb12u2 [42.9 kB]
2026-10-07T21:32:48.0186802Z #9 2.936 Get:14 http://deb.debian.org/debian bookworm/main amd64 libdbus-1-3 amd64 1.14.10-1~deb12u1 [201 kB]
2026-10-07T21:32:48.0187583Z #9 2.937 Get:15 http://deb.debian.org/debian bookworm/main amd64 dbus-bin amd64 1.14.10-1~deb12u1 [105 kB]
2026-10-07T21:32:48.0188555Z #9 2.937 Get:16 http://deb.debian.org/debian bookworm/main amd64 dbus-session-bus-common all 1.14.10-1~deb12u1 [78.2 kB]
2026-10-07T21:32:48.0189610Z #9 2.938 Get:17 http://deb.debian.org/debian-security bookworm-security/main amd64 libexpat1 amd64 2.5.0-1+deb12u4 [106 kB]
2026-10-07T21:32:48.0190575Z #9 2.939 Get:18 http://deb.debian.org/debian bookworm/main amd64 dbus-daemon amd64 1.14.10-1~deb12u1 [184 kB]
2026-10-07T21:32:48.1196368Z #9 2.940 Get:19 http://deb.debian.org/debian bookworm/main amd64 dbus-system-bus-common all 1.14.10-1~deb12u1 [79.3 kB]
2026-10-07T21:32:48.1198087Z #9 2.940 Get:20 http://deb.debian.org/debian bookworm/main amd64 dbus amd64 1.14.10-1~deb12u1 [97.4 kB]
2026-10-07T21:32:48.1199422Z #9 2.941 Get:21 http://deb.debian.org/debian bookworm/main amd64 libncursesw6 amd64 6.4-4 [134 kB]
2026-10-07T21:32:48.1200864Z #9 2.942 Get:22 http://deb.debian.org/debian bookworm/main amd64 libproc2-0 amd64 2:4.0.2-3 [62.8 kB]
2026-10-07T21:32:48.1202479Z #9 2.947 Get:23 http://deb.debian.org/debian bookworm/main amd64 procps amd64 2:4.0.2-3 [709 kB]
2026-10-07T21:32:48.1204054Z #9 2.955 Get:24 http://deb.debian.org/debian bookworm/main amd64 libpam-systemd amd64 252.39-1~deb12u2 [226 kB]
2026-10-07T21:32:48.1205470Z #9 2.958 Get:25 http://deb.debian.org/debian bookworm/main amd64 hicolor-icon-theme all 0.17-2 [11.4 kB]
2026-10-07T21:32:48.1206945Z #9 2.958 Get:26 http://deb.debian.org/debian bookworm/main amd64 libgdk-pixbuf2.0-common all 2.42.10+dfsg-1+deb12u4 [307 kB]
2026-10-07T21:32:48.1208428Z #9 2.960 Get:27 http://deb.debian.org/debian bookworm/main amd64 libglib2.0-0 amd64 2.74.6-2+deb12u9 [1403 kB]
2026-10-07T21:32:48.1209811Z #9 2.966 Get:28 http://deb.debian.org/debian bookworm/main amd64 libicu72 amd64 72.1-3+deb12u1 [9376 kB]
2026-10-07T21:32:48.1211185Z #9 3.003 Get:29 http://deb.debian.org/debian bookworm/main amd64 libxml2 amd64 2.9.14+dfsg-1.3~deb12u6 [689 kB]
2026-10-07T21:32:48.1212752Z #9 3.005 Get:30 http://deb.debian.org/debian bookworm/main amd64 shared-mime-info amd64 2.2-1 [729 kB]
2026-10-07T21:32:48.1214083Z #9 3.008 Get:31 http://deb.debian.org/debian bookworm/main amd64 libjpeg62-turbo amd64 1:2.1.5-2 [166 kB]
2026-10-07T21:32:48.1215865Z #9 3.009 Get:32 http://deb.debian.org/debian-security bookworm-security/main amd64 libpng16-16 amd64 1.6.39-2+deb12u6 [277 kB]
2026-10-07T21:32:48.1217356Z #9 3.010 Get:33 http://deb.debian.org/debian bookworm/main amd64 libdeflate0 amd64 1.14-1 [61.4 kB]
2026-10-07T21:32:48.1218704Z #9 3.011 Get:34 http://deb.debian.org/debian bookworm/main amd64 libjbig0 amd64 2.1-6.1 [31.7 kB]
2026-10-07T21:32:48.1220028Z #9 3.011 Get:35 http://deb.debian.org/debian bookworm/main amd64 liblerc4 amd64 4.0.0+ds-2 [170 kB]
2026-10-07T21:32:48.1225203Z #9 3.012 Get:36 http://deb.debian.org/debian bookworm/main amd64 libwebp7 amd64 1.2.4-0.2+deb12u1 [286 kB]
2026-10-07T21:32:48.1226992Z #9 3.014 Get:37 http://deb.debian.org/debian bookworm/main amd64 libtiff6 amd64 4.5.0-6+deb12u4 [316 kB]
2026-10-07T21:32:48.1228587Z #9 3.015 Get:38 http://deb.debian.org/debian bookworm/main amd64 libgdk-pixbuf-2.0-0 amd64 2.42.10+dfsg-1+deb12u4 [139 kB]
2026-10-07T21:32:48.1230181Z #9 3.016 Get:39 http://deb.debian.org/debian bookworm/main amd64 gtk-update-icon-cache amd64 3.24.38-2~deb12u3 [44.2 kB]
2026-10-07T21:32:48.1231567Z #9 3.019 Get:40 http://deb.debian.org/debian bookworm/main amd64 adwaita-icon-theme all 43-1 [5124 kB]
2026-10-07T21:32:48.1233193Z #9 3.043 Get:41 http://deb.debian.org/debian bookworm/main amd64 at-spi2-common all 2.46.0-5 [162 kB]
2026-10-07T21:32:48.2194545Z #9 3.044 Get:42 http://deb.debian.org/debian bookworm/main amd64 bubblewrap amd64 0.8.0-2+deb12u1 [47.3 kB]
2026-10-07T21:32:48.2197380Z #9 3.045 Get:43 http://deb.debian.org/debian bookworm/main amd64 libasound2-data all 1.2.8-1 [20.5 kB]
2026-10-07T21:32:48.2199247Z #9 3.045 Get:44 http://deb.debian.org/debian bookworm/main amd64 libasound2 amd64 1.2.8-1+b1 [362 kB]
2026-10-07T21:32:48.2201217Z #9 3.047 Get:45 http://deb.debian.org/debian bookworm/main amd64 libatk1.0-0 amd64 2.46.0-5 [49.6 kB]
2026-10-07T21:32:48.2204700Z #9 3.048 Get:46 http://deb.debian.org/debian bookworm/main amd64 libxau6 amd64 1:1.0.9-1 [19.7 kB]
2026-10-07T21:32:48.2206111Z #9 3.048 Get:47 http://deb.debian.org/debian bookworm/main amd64 libbsd0 amd64 0.11.7-2 [117 kB]
2026-10-07T21:32:48.2207685Z #9 3.049 Get:48 http://deb.debian.org/debian bookworm/main amd64 libxdmcp6 amd64 1:1.1.2-3 [26.3 kB]
2026-10-07T21:32:48.2209605Z #9 3.049 Get:49 http://deb.debian.org/debian bookworm/main amd64 libxcb1 amd64 1.15-1 [144 kB]
2026-10-07T21:32:48.2210983Z #9 3.051 Get:50 http://deb.debian.org/debian bookworm/main amd64 libx11-data all 2:1.8.4-2+deb12u2 [292 kB]
2026-10-07T21:32:48.2212901Z #9 3.055 Get:51 http://deb.debian.org/debian bookworm/main amd64 libx11-6 amd64 2:1.8.4-2+deb12u2 [760 kB]
2026-10-07T21:32:48.2214974Z #9 3.059 Get:52 http://deb.debian.org/debian bookworm/main amd64 libxext6 amd64 2:1.3.4-1+b1 [52.9 kB]
2026-10-07T21:32:48.2216341Z #9 3.059 Get:53 http://deb.debian.org/debian bookworm/main amd64 libxi6 amd64 2:1.8-1+b1 [84.2 kB]
2026-10-07T21:32:48.2217704Z #9 3.060 Get:54 http://deb.debian.org/debian bookworm/main amd64 libatspi2.0-0 amd64 2.46.0-5 [75.4 kB]
2026-10-07T21:32:48.2219218Z #9 3.060 Get:55 http://deb.debian.org/debian bookworm/main amd64 libatk-bridge2.0-0 amd64 2.46.0-5 [64.6 kB]
2026-10-07T21:32:48.2220674Z #9 3.061 Get:56 http://deb.debian.org/debian bookworm/main amd64 libbrotli1 amd64 1.0.9-2+b6 [275 kB]
2026-10-07T21:32:48.2223750Z #9 3.063 Get:57 http://deb.debian.org/debian bookworm/main amd64 libfreetype6 amd64 2.12.1+dfsg-5+deb12u4 [398 kB]
2026-10-07T21:32:48.2226345Z #9 3.065 Get:58 http://deb.debian.org/debian bookworm/main amd64 fonts-dejavu-core all 2.37-6 [1068 kB]
2026-10-07T21:32:48.2227836Z #9 3.069 Get:59 http://deb.debian.org/debian bookworm/main amd64 fontconfig-config amd64 2.14.1-4 [315 kB]
2026-10-07T21:32:48.2229229Z #9 3.070 Get:60 http://deb.debian.org/debian bookworm/main amd64 libfontconfig1 amd64 2.14.1-4 [386 kB]
2026-10-07T21:32:48.2230530Z #9 3.072 Get:61 http://deb.debian.org/debian bookworm/main amd64 libpixman-1-0 amd64 0.42.2-1 [546 kB]
2026-10-07T21:32:48.2232044Z #9 3.075 Get:62 http://deb.debian.org/debian bookworm/main amd64 libxcb-render0 amd64 1.15-1 [115 kB]
2026-10-07T21:32:48.2233654Z #9 3.075 Get:63 http://deb.debian.org/debian bookworm/main amd64 libxcb-shm0 amd64 1.15-1 [105 kB]
2026-10-07T21:32:48.2234953Z #9 3.076 Get:64 http://deb.debian.org/debian bookworm/main amd64 libxrender1 amd64 1:0.9.10-1.1 [33.2 kB]
2026-10-07T21:32:48.2236280Z #9 3.077 Get:65 http://deb.debian.org/debian bookworm/main amd64 libcairo2 amd64 1.16.0-7 [575 kB]
2026-10-07T21:32:48.2238602Z #9 3.079 Get:66 http://deb.debian.org/debian bookworm/main amd64 libavahi-common-data amd64 0.8-10+deb12u1 [107 kB]
2026-10-07T21:32:48.2240269Z #9 3.080 Get:67 http://deb.debian.org/debian bookworm/main amd64 libavahi-common3 amd64 0.8-10+deb12u1 [42.1 kB]
2026-10-07T21:32:48.2241830Z #9 3.080 Get:68 http://deb.debian.org/debian bookworm/main amd64 libavahi-client3 amd64 0.8-10+deb12u1 [45.8 kB]
2026-10-07T21:32:48.2243443Z #9 3.081 Get:69 http://deb.debian.org/debian bookworm/main amd64 libkrb5support0 amd64 1.20.1-2+deb12u5 [33.2 kB]
2026-10-07T21:32:48.2244518Z #9 3.084 Get:70 http://deb.debian.org/debian bookworm/main amd64 libk5crypto3 amd64 1.20.1-2+deb12u5 [79.7 kB]
2026-10-07T21:32:48.2245642Z #9 3.089 Get:71 http://deb.debian.org/debian bookworm/main amd64 libkeyutils1 amd64 1.6.3-2 [8808 B]
2026-10-07T21:32:48.2246535Z #9 3.092 Get:72 http://deb.debian.org/debian bookworm/main amd64 libkrb5-3 amd64 1.20.1-2+deb12u5 [332 kB]
2026-10-07T21:32:48.2247734Z #9 3.094 Get:73 http://deb.debian.org/debian bookworm/main amd64 libgssapi-krb5-2 amd64 1.20.1-2+deb12u5 [135 kB]
2026-10-07T21:32:48.2248931Z #9 3.095 Get:74 http://deb.debian.org/debian bookworm/main amd64 libcups2 amd64 2.4.2-3+deb12u9 [245 kB]
2026-10-07T21:32:48.2249692Z #9 3.098 Get:75 http://deb.debian.org/debian bookworm/main amd64 libdav1d6 amd64 1.0.0-2+deb12u1 [513 kB]
2026-10-07T21:32:48.2250469Z #9 3.100 Get:76 http://deb.debian.org/debian bookworm/main amd64 libdouble-conversion3 amd64 3.2.1-1 [41.5 kB]
2026-10-07T21:32:48.2251208Z #9 3.102 Get:77 http://deb.debian.org/debian bookworm/main amd64 libogg0 amd64 1.3.5-3 [23.4 kB]
2026-10-07T21:32:48.2251905Z #9 3.106 Get:78 http://deb.debian.org/debian bookworm/main amd64 libflac12 amd64 1.4.2+ds-2 [198 kB]
2026-10-07T21:32:48.2253187Z #9 3.108 Get:79 http://deb.debian.org/debian bookworm/main amd64 libdrm-common all 2.4.114-1 [7112 B]
2026-10-07T21:32:48.2254665Z #9 3.108 Get:80 http://deb.debian.org/debian bookworm/main amd64 libdrm2 amd64 2.4.114-1+b1 [37.5 kB]
2026-10-07T21:32:48.2258787Z #9 3.110 Get:81 http://deb.debian.org/debian bookworm/main amd64 libwayland-server0 amd64 1.21.0-1 [35.9 kB]
2026-10-07T21:32:48.2259926Z #9 3.113 Get:82 http://deb.debian.org/debian bookworm/main amd64 libgbm1 amd64 22.3.6-1+deb12u2 [38.1 kB]
2026-10-07T21:32:48.2260773Z #9 3.113 Get:83 http://deb.debian.org/debian bookworm/main amd64 libgraphite2-3 amd64 1.3.14-1+deb12u1 [74.6 kB]
2026-10-07T21:32:48.2261630Z #9 3.114 Get:84 http://deb.debian.org/debian bookworm/main amd64 libharfbuzz0b amd64 6.0.0+dfsg-3 [1945 kB]
2026-10-07T21:32:48.2262921Z #9 3.122 Get:85 http://deb.debian.org/debian bookworm/main amd64 libharfbuzz-subset0 amd64 6.0.0+dfsg-3 [1931 kB]
2026-10-07T21:32:48.2263742Z #9 3.129 Get:86 http://deb.debian.org/debian bookworm/main amd64 liblcms2-2 amd64 2.14-2+deb12u1 [154 kB]
2026-10-07T21:32:48.2264756Z #9 3.130 Get:87 http://deb.debian.org/debian bookworm/main amd64 libminizip1 amd64 1.1-8+deb12u1 [20.1 kB]
2026-10-07T21:32:48.2265787Z #9 3.131 Get:88 http://deb.debian.org/debian bookworm/main amd64 libnspr4 amd64 2:4.35-1 [113 kB]
2026-10-07T21:32:48.2267214Z #9 3.132 Get:89 http://deb.debian.org/debian bookworm/main amd64 libsqlite3-0 amd64 3.40.1-2+deb12u2 [839 kB]
2026-10-07T21:32:48.2268176Z #9 3.135 Get:90 http://deb.debian.org/debian-security bookworm-security/main amd64 libnss3 amd64 2:3.87.1-1+deb12u4 [1331 kB]
2026-10-07T21:32:48.2269052Z #9 3.138 Get:91 http://deb.debian.org/debian bookworm/main amd64 libopenh264-7 amd64 2.3.1+dfsg-3+deb12u2 [393 kB]
2026-10-07T21:32:48.2270408Z #9 3.140 Get:92 http://deb.debian.org/debian bookworm/main amd64 libopenjp2-7 amd64 2.5.0-2+deb12u3 [189 kB]
2026-10-07T21:32:48.2271231Z #9 3.141 Get:93 http://deb.debian.org/debian bookworm/main amd64 libopus0 amd64 1.3.1-3 [195 kB]
2026-10-07T21:32:48.2272241Z #9 3.142 Get:94 http://deb.debian.org/debian bookworm/main amd64 fontconfig amd64 2.14.1-4 [449 kB]
2026-10-07T21:32:48.2273492Z #9 3.144 Get:95 http://deb.debian.org/debian bookworm/main amd64 libfribidi0 amd64 1.0.8-2.1 [65.0 kB]
2026-10-07T21:32:48.3204581Z #9 3.145 Get:96 http://deb.debian.org/debian bookworm/main amd64 libthai-data all 0.1.29-1 [176 kB]
2026-10-07T21:32:48.3206185Z #9 3.147 Get:97 http://deb.debian.org/debian bookworm/main amd64 libdatrie1 amd64 0.2.13-2+b1 [43.3 kB]
2026-10-07T21:32:48.3207517Z #9 3.147 Get:98 http://deb.debian.org/debian bookworm/main amd64 libthai0 amd64 0.1.29-1 [57.5 kB]
2026-10-07T21:32:48.3208738Z #9 3.148 Get:99 http://deb.debian.org/debian bookworm/main amd64 libpango-1.0-0 amd64 1.50.12+ds-1 [212 kB]
2026-10-07T21:32:48.3209590Z #9 3.149 Get:100 http://deb.debian.org/debian bookworm/main amd64 libasyncns0 amd64 0.8-6+b3 [12.9 kB]
2026-10-07T21:32:48.3210370Z #9 3.150 Get:101 http://deb.debian.org/debian bookworm/main amd64 libmp3lame0 amd64 3.100-6 [365 kB]
2026-10-07T21:32:48.3211211Z #9 3.152 Get:102 http://deb.debian.org/debian bookworm/main amd64 libmpg123-0 amd64 1.31.2-1+deb12u1 [147 kB]
2026-10-07T21:32:48.3212318Z #9 3.153 Get:103 http://deb.debian.org/debian bookworm/main amd64 libvorbis0a amd64 1.3.7-1 [93.0 kB]
2026-10-07T21:32:48.3213408Z #9 3.154 Get:104 http://deb.debian.org/debian bookworm/main amd64 libvorbisenc2 amd64 1.3.7-1 [80.6 kB]
2026-10-07T21:32:48.3214211Z #9 3.155 Get:105 http://deb.debian.org/debian bookworm/main amd64 libsndfile1 amd64 1.2.0-1+deb12u1 [197 kB]
2026-10-07T21:32:48.3215028Z #9 3.156 Get:106 http://deb.debian.org/debian bookworm/main amd64 libx11-xcb1 amd64 2:1.8.4-2+deb12u2 [192 kB]
2026-10-07T21:32:48.3215918Z #9 3.158 Get:107 http://deb.debian.org/debian bookworm/main amd64 libpulse0 amd64 16.1+dfsg1-2+b1 [274 kB]
2026-10-07T21:32:48.3217252Z #9 3.159 Get:108 http://deb.debian.org/debian bookworm/main amd64 libxcomposite1 amd64 1:0.4.5-1 [16.6 kB]
2026-10-07T21:32:48.3218827Z #9 3.159 Get:109 http://deb.debian.org/debian bookworm/main amd64 libxdamage1 amd64 1:1.1.6-1 [15.1 kB]
2026-10-07T21:32:48.3220111Z #9 3.160 Get:110 http://deb.debian.org/debian bookworm/main amd64 libxfixes3 amd64 1:6.0.0-2 [22.7 kB]
2026-10-07T21:32:48.3221029Z #9 3.162 Get:111 http://deb.debian.org/debian bookworm/main amd64 xkb-data all 2.35.1-1 [764 kB]
2026-10-07T21:32:48.3221760Z #9 3.166 Get:112 http://deb.debian.org/debian bookworm/main amd64 libxkbcommon0 amd64 1.5.0-1 [106 kB]
2026-10-07T21:32:48.3222870Z #9 3.167 Get:113 http://deb.debian.org/debian bookworm/main amd64 libxnvctrl0 amd64 525.85.05-3~deb12u1 [13.5 kB]
2026-10-07T21:32:48.3223919Z #9 3.173 Get:114 http://deb.debian.org/debian bookworm/main amd64 libxrandr2 amd64 2:1.5.2-2+b1 [39.2 kB]
2026-10-07T21:32:48.3224728Z #9 3.174 Get:115 http://deb.debian.org/debian bookworm/main amd64 libcairo-gobject2 amd64 1.16.0-7 [112 kB]
2026-10-07T21:32:48.3225489Z #9 3.176 Get:116 http://deb.debian.org/debian bookworm/main amd64 libcolord2 amd64 1.4.6-2.2 [137 kB]
2026-10-07T21:32:48.3226554Z #9 3.177 Get:117 http://deb.debian.org/debian bookworm/main amd64 libepoxy0 amd64 1.5.10-1 [189 kB]
2026-10-07T21:32:48.3227848Z #9 3.178 Get:118 http://deb.debian.org/debian bookworm/main amd64 libpangoft2-1.0-0 amd64 1.50.12+ds-1 [47.4 kB]
2026-10-07T21:32:48.3229738Z #9 3.179 Get:119 http://deb.debian.org/debian bookworm/main amd64 libpangocairo-1.0-0 amd64 1.50.12+ds-1 [34.2 kB]
2026-10-07T21:32:48.3230879Z #9 3.179 Get:120 http://deb.debian.org/debian bookworm/main amd64 libwayland-client0 amd64 1.21.0-1 [28.3 kB]
2026-10-07T21:32:48.3231682Z #9 3.180 Get:121 http://deb.debian.org/debian bookworm/main amd64 libwayland-cursor0 amd64 1.21.0-1 [14.4 kB]
2026-10-07T21:32:48.3232459Z #9 3.180 Get:122 http://deb.debian.org/debian bookworm/main amd64 libwayland-egl1 amd64 1.21.0-1 [8640 B]
2026-10-07T21:32:48.3233822Z #9 3.181 Get:123 http://deb.debian.org/debian bookworm/main amd64 libxcursor1 amd64 1:1.2.1-1 [40.9 kB]
2026-10-07T21:32:48.3234702Z #9 3.181 Get:124 http://deb.debian.org/debian bookworm/main amd64 libxinerama1 amd64 2:1.1.4-3 [17.8 kB]
2026-10-07T21:32:48.3235545Z #9 3.186 Get:125 http://deb.debian.org/debian bookworm/main amd64 dbus-user-session amd64 1.14.10-1~deb12u1 [78.1 kB]
2026-10-07T21:32:48.3236395Z #9 3.186 Get:126 http://deb.debian.org/debian bookworm/main amd64 libdconf1 amd64 0.40.0-4 [40.9 kB]
2026-10-07T21:32:48.3237131Z #9 3.187 Get:127 http://deb.debian.org/debian bookworm/main amd64 dconf-service amd64 0.40.0-4 [31.6 kB]
2026-10-07T21:32:48.3237987Z #9 3.188 Get:128 http://deb.debian.org/debian bookworm/main amd64 dconf-gsettings-backend amd64 0.40.0-4 [27.8 kB]
2026-10-07T21:32:48.3238815Z #9 3.188 Get:129 http://deb.debian.org/debian bookworm/main amd64 libgtk-3-common all 3.24.38-2~deb12u3 [3895 kB]
2026-10-07T21:32:48.3239666Z #9 3.208 Get:130 http://deb.debian.org/debian bookworm/main amd64 libgtk-3-0 amd64 3.24.38-2~deb12u3 [2847 kB]
2026-10-07T21:32:48.3240434Z #9 3.219 Get:131 http://deb.debian.org/debian bookworm/main amd64 libfontenc1 amd64 1:1.1.4-1 [24.3 kB]
2026-10-07T21:32:48.3241193Z #9 3.220 Get:132 http://deb.debian.org/debian bookworm/main amd64 libglvnd0 amd64 1.6.0-1 [51.8 kB]
2026-10-07T21:32:48.3242207Z #9 3.220 Get:133 http://deb.debian.org/debian bookworm/main amd64 libglapi-mesa amd64 22.3.6-1+deb12u2 [35.9 kB]
2026-10-07T21:32:48.3243370Z #9 3.221 Get:134 http://deb.debian.org/debian bookworm/main amd64 libxcb-dri2-0 amd64 1.15-1 [107 kB]
2026-10-07T21:32:48.3244095Z #9 3.221 Get:135 http://deb.debian.org/debian bookworm/main amd64 libxcb-dri3-0 amd64 1.15-1 [107 kB]
2026-10-07T21:32:48.3244801Z #9 3.222 Get:136 http://deb.debian.org/debian bookworm/main amd64 libxcb-glx0 amd64 1.15-1 [122 kB]
2026-10-07T21:32:48.3245527Z #9 3.223 Get:137 http://deb.debian.org/debian bookworm/main amd64 libxcb-present0 amd64 1.15-1 [105 kB]
2026-10-07T21:32:48.3246315Z #9 3.223 Get:138 http://deb.debian.org/debian bookworm/main amd64 libxcb-randr0 amd64 1.15-1 [117 kB]
2026-10-07T21:32:48.3247059Z #9 3.224 Get:139 http://deb.debian.org/debian bookworm/main amd64 libxcb-sync1 amd64 1.15-1 [109 kB]
2026-10-07T21:32:48.3247836Z #9 3.228 Get:140 http://deb.debian.org/debian bookworm/main amd64 libxcb-xfixes0 amd64 1.15-1 [109 kB]
2026-10-07T21:32:48.3248565Z #9 3.234 Get:141 http://deb.debian.org/debian bookworm/main amd64 libxshmfence1 amd64 1.3-1 [8820 B]
2026-10-07T21:32:48.3249308Z #9 3.236 Get:142 http://deb.debian.org/debian bookworm/main amd64 libxxf86vm1 amd64 1:1.1.4-1+b2 [20.8 kB]
2026-10-07T21:32:48.3250381Z #9 3.240 Get:143 http://deb.debian.org/debian bookworm/main amd64 libdrm-amdgpu1 amd64 2.4.114-1+b1 [20.9 kB]
2026-10-07T21:32:48.3251224Z #9 3.242 Get:144 http://deb.debian.org/debian bookworm/main amd64 libpciaccess0 amd64 0.17-2 [51.4 kB]
2026-10-07T21:32:48.3252009Z #9 3.243 Get:145 http://deb.debian.org/debian bookworm/main amd64 libdrm-intel1 amd64 2.4.114-1+b1 [64.0 kB]
2026-10-07T21:32:48.3253065Z #9 3.244 Get:146 http://deb.debian.org/debian bookworm/main amd64 libdrm-nouveau2 amd64 2.4.114-1+b1 [19.1 kB]
2026-10-07T21:32:48.3253874Z #9 3.244 Get:147 http://deb.debian.org/debian bookworm/main amd64 libdrm-radeon1 amd64 2.4.114-1+b1 [21.8 kB]
2026-10-07T21:32:48.3254619Z #9 3.245 Get:148 http://deb.debian.org/debian bookworm/main amd64 libelf1 amd64 0.188-2.1 [174 kB]
2026-10-07T21:32:48.4598734Z #9 3.247 Get:149 http://deb.debian.org/debian bookworm/main amd64 libedit2 amd64 3.1-20221030-2 [93.0 kB]
2026-10-07T21:32:48.4600150Z #9 3.248 Get:150 http://deb.debian.org/debian bookworm/main amd64 libz3-4 amd64 4.8.12-3.1 [7216 kB]
2026-10-07T21:32:48.4601507Z #9 3.282 Get:151 http://deb.debian.org/debian bookworm/main amd64 libllvm15 amd64 1:15.0.6-4+b1 [23.1 MB]
2026-10-07T21:32:48.4602908Z #9 3.383 Get:152 http://deb.debian.org/debian bookworm/main amd64 libsensors-config all 1:3.6.0-7.1 [14.3 kB]
2026-10-07T21:32:48.5794335Z #9 3.383 Get:153 http://deb.debian.org/debian bookworm/main amd64 libsensors5 amd64 1:3.6.0-7.1 [34.2 kB]
2026-10-07T21:32:48.5795927Z #9 3.384 Get:154 http://deb.debian.org/debian bookworm/main amd64 libgl1-mesa-dri amd64 22.3.6-1+deb12u2 [7240 kB]
2026-10-07T21:32:48.5797455Z #9 3.414 Get:155 http://deb.debian.org/debian bookworm/main amd64 libglx-mesa0 amd64 22.3.6-1+deb12u2 [148 kB]
2026-10-07T21:32:48.5798818Z #9 3.415 Get:156 http://deb.debian.org/debian bookworm/main amd64 libglx0 amd64 1.6.0-1 [34.4 kB]
2026-10-07T21:32:48.5800049Z #9 3.415 Get:157 http://deb.debian.org/debian bookworm/main amd64 libgl1 amd64 1.6.0-1 [88.4 kB]
2026-10-07T21:32:48.5801257Z #9 3.416 Get:158 http://deb.debian.org/debian bookworm/main amd64 x11-common all 1:7.7+23 [252 kB]
2026-10-07T21:32:48.5802719Z #9 3.417 Get:159 http://deb.debian.org/debian bookworm/main amd64 libice6 amd64 2:1.0.10-1 [58.5 kB]
2026-10-07T21:32:48.5804022Z #9 3.418 Get:160 http://deb.debian.org/debian bookworm/main amd64 libsm6 amd64 2:1.2.3-1 [35.1 kB]
2026-10-07T21:32:48.5805281Z #9 3.418 Get:161 http://deb.debian.org/debian bookworm/main amd64 libxt6 amd64 1:1.2.1-1.1 [186 kB]
2026-10-07T21:32:48.5806527Z #9 3.419 Get:162 http://deb.debian.org/debian bookworm/main amd64 libxmu6 amd64 2:1.1.3-3 [60.1 kB]
2026-10-07T21:32:48.5807870Z #9 3.419 Get:163 http://deb.debian.org/debian bookworm/main amd64 libxpm4 amd64 1:3.5.12-1.1+deb12u1 [48.6 kB]
2026-10-07T21:32:48.5809405Z #9 3.421 Get:164 http://deb.debian.org/debian bookworm/main amd64 libxaw7 amd64 2:1.0.14-1 [201 kB]
2026-10-07T21:32:48.5810689Z #9 3.426 Get:165 http://deb.debian.org/debian bookworm/main amd64 libxcb-shape0 amd64 1.15-1 [106 kB]
2026-10-07T21:32:48.5811958Z #9 3.427 Get:166 http://deb.debian.org/debian bookworm/main amd64 libxft2 amd64 2.3.6-1 [61.8 kB]
2026-10-07T21:32:48.5813498Z #9 3.428 Get:167 http://deb.debian.org/debian bookworm/main amd64 libxkbfile1 amd64 1:1.1.0-1 [75.2 kB]
2026-10-07T21:32:48.5814841Z #9 3.429 Get:168 http://deb.debian.org/debian bookworm/main amd64 libxmuu1 amd64 2:1.1.3-3 [23.9 kB]
2026-10-07T21:32:48.5816141Z #9 3.429 Get:169 http://deb.debian.org/debian bookworm/main amd64 libxtst6 amd64 2:1.2.3-1.1 [28.0 kB]
2026-10-07T21:32:48.5817421Z #9 3.429 Get:170 http://deb.debian.org/debian bookworm/main amd64 libxv1 amd64 2:1.0.11-1.1 [24.8 kB]
2026-10-07T21:32:48.5818721Z #9 3.430 Get:171 http://deb.debian.org/debian bookworm/main amd64 libxxf86dga1 amd64 2:1.1.5-1 [22.1 kB]
2026-10-07T21:32:48.5820008Z #9 3.432 Get:172 http://deb.debian.org/debian bookworm/main amd64 x11-utils amd64 7.7+5 [202 kB]
2026-10-07T21:32:48.5821423Z #9 3.433 Get:173 http://deb.debian.org/debian bookworm/main amd64 xdg-utils all 1.1.3-4.1 [75.5 kB]
2026-10-07T21:32:48.5823246Z #9 3.440 Get:174 http://deb.debian.org/debian-security bookworm-security/main amd64 chromium-common amd64 154.0.8037.92-1~deb12u1 [30.5 MB]
2026-10-07T21:32:48.5825071Z #9 3.504 Get:175 http://deb.debian.org/debian-security bookworm-security/main amd64 chromium amd64 154.0.8037.92-1~deb12u1 [80.3 MB]
2026-10-07T21:32:48.7702831Z #9 3.695 Get:176 http://deb.debian.org/debian bookworm/main amd64 tini amd64 0.19.0-1+b3 [267 kB]
2026-10-07T21:32:48.8848362Z #9 3.809 debconf: delaying package configuration, since apt-utils is not installed
2026-10-07T21:32:49.0574541Z #9 3.832 Fetched 207 MB in 1s (246 MB/s)
2026-10-07T21:32:49.0575419Z #9 3.846 Selecting previously unselected package libssl3:amd64.
2026-10-07T21:32:49.0576293Z #9 3.846 (Reading database ... 
2026-10-07T21:32:49.0576843Z (Reading database ... 5%
2026-10-07T21:32:49.0577596Z (Reading database ... 10%
2026-10-07T21:32:49.0578121Z (Reading database ... 15%
2026-10-07T21:32:49.0578637Z (Reading database ... 20%
2026-10-07T21:32:49.0579161Z (Reading database ... 25%
2026-10-07T21:32:49.0579702Z (Reading database ... 30%
2026-10-07T21:32:49.0580050Z (Reading database ... 35%
2026-10-07T21:32:49.0580390Z (Reading database ... 40%
2026-10-07T21:32:49.0580734Z (Reading database ... 45%
2026-10-07T21:32:49.0581077Z (Reading database ... 50%
2026-10-07T21:32:49.0581734Z (Reading database ... 55%
2026-10-07T21:32:49.0582089Z (Reading database ... 60%
2026-10-07T21:32:49.0582433Z (Reading database ... 65%
2026-10-07T21:32:49.0583280Z (Reading database ... 70%
2026-10-07T21:32:49.0583653Z (Reading database ... 75%
2026-10-07T21:32:49.0584003Z (Reading database ... 80%
2026-10-07T21:32:49.0584396Z (Reading database ... 85%
2026-10-07T21:32:49.0584950Z (Reading database ... 90%
2026-10-07T21:32:49.0585529Z (Reading database ... 95%
2026-10-07T21:32:49.0586064Z (Reading database ... 100%
2026-10-07T21:32:49.0586667Z (Reading database ... 6096 files and directories currently installed.)
2026-10-07T21:32:49.0587911Z #9 3.853 Preparing to unpack .../00-libssl3_3.0.22-1~deb12u1_amd64.deb ...
2026-10-07T21:32:49.0589078Z #9 3.856 Unpacking libssl3:amd64 (3.0.22-1~deb12u1) ...
2026-10-07T21:32:49.0590353Z #9 3.981 Selecting previously unselected package libargon2-1:amd64.
2026-10-07T21:32:49.1641725Z #9 3.983 Preparing to unpack .../01-libargon2-1_0~20171227-0.3+deb12u1_amd64.deb ...
2026-10-07T21:32:49.1643224Z #9 3.984 Unpacking libargon2-1:amd64 (0~20171227-0.3+deb12u1) ...
2026-10-07T21:32:49.1644566Z #9 3.998 Selecting previously unselected package dmsetup.
2026-10-07T21:32:49.1645846Z #9 3.999 Preparing to unpack .../02-dmsetup_2%3a1.02.185-2_amd64.deb ...
2026-10-07T21:32:49.1646971Z #9 4.000 Unpacking dmsetup (2:1.02.185-2) ...
2026-10-07T21:32:49.1648521Z #9 4.019 Selecting previously unselected package libdevmapper1.02.1:amd64.
2026-10-07T21:32:49.1650018Z #9 4.020 Preparing to unpack .../03-libdevmapper1.02.1_2%3a1.02.185-2_amd64.deb ...
2026-10-07T21:32:49.1651350Z #9 4.021 Unpacking libdevmapper1.02.1:amd64 (2:1.02.185-2) ...
2026-10-07T21:32:49.1652397Z #9 4.043 Selecting previously unselected package libjson-c5:amd64.
2026-10-07T21:32:49.1653723Z #9 4.044 Preparing to unpack .../04-libjson-c5_0.16-2_amd64.deb ...
2026-10-07T21:32:49.1654548Z #9 4.045 Unpacking libjson-c5:amd64 (0.16-2) ...
2026-10-07T21:32:49.1655258Z #9 4.061 Selecting previously unselected package libcryptsetup12:amd64.
2026-10-07T21:32:49.1655998Z #9 4.062 Preparing to unpack .../05-libcryptsetup12_2%3a2.6.1-4~deb12u2_amd64.deb ...
2026-10-07T21:32:49.1656662Z #9 4.063 Unpacking libcryptsetup12:amd64 (2:2.6.1-4~deb12u2) ...
2026-10-07T21:32:49.1657253Z #9 4.089 Selecting previously unselected package libfdisk1:amd64.
2026-10-07T21:32:49.3670938Z #9 4.090 Preparing to unpack .../06-libfdisk1_2.38.1-5+deb12u3_amd64.deb ...
2026-10-07T21:32:49.3672555Z #9 4.091 Unpacking libfdisk1:amd64 (2.38.1-5+deb12u3) ...
2026-10-07T21:32:49.3673937Z #9 4.116 Selecting previously unselected package libkmod2:amd64.
2026-10-07T21:32:49.3675079Z #9 4.117 Preparing to unpack .../07-libkmod2_30+20221128-1_amd64.deb ...
2026-10-07T21:32:49.3676077Z #9 4.118 Unpacking libkmod2:amd64 (30+20221128-1) ...
2026-10-07T21:32:49.3677085Z #9 4.134 Selecting previously unselected package libapparmor1:amd64.
2026-10-07T21:32:49.3678227Z #9 4.135 Preparing to unpack .../08-libapparmor1_3.0.8-3_amd64.deb ...
2026-10-07T21:32:49.3679149Z #9 4.136 Unpacking libapparmor1:amd64 (3.0.8-3) ...
2026-10-07T21:32:49.3679757Z #9 4.151 Selecting previously unselected package libip4tc2:amd64.
2026-10-07T21:32:49.3680418Z #9 4.152 Preparing to unpack .../09-libip4tc2_1.8.9-2_amd64.deb ...
2026-10-07T21:32:49.3680974Z #9 4.153 Unpacking libip4tc2:amd64 (1.8.9-2) ...
2026-10-07T21:32:49.3681749Z #9 4.166 Selecting previously unselected package libsystemd-shared:amd64.
2026-10-07T21:32:49.3683336Z #9 4.167 Preparing to unpack .../10-libsystemd-shared_252.39-1~deb12u2_amd64.deb ...
2026-10-07T21:32:49.3684403Z #9 4.167 Unpacking libsystemd-shared:amd64 (252.39-1~deb12u2) ...
2026-10-07T21:32:49.3685250Z #9 4.292 Setting up libssl3:amd64 (3.0.22-1~deb12u1) ...
2026-10-07T21:32:49.5571408Z #9 4.310 Selecting previously unselected package systemd.
2026-10-07T21:32:49.5572296Z #9 4.310 (Reading database ... 
2026-10-07T21:32:49.5573077Z (Reading database ... 5%
2026-10-07T21:32:49.5573663Z (Reading database ... 10%
2026-10-07T21:32:49.5574217Z (Reading database ... 15%
2026-10-07T21:32:49.5575099Z (Reading database ... 20%
2026-10-07T21:32:49.5575630Z (Reading database ... 25%
2026-10-07T21:32:49.5576133Z (Reading database ... 30%
2026-10-07T21:32:49.5576629Z (Reading database ... 35%
2026-10-07T21:32:49.5577122Z (Reading database ... 40%
2026-10-07T21:32:49.5577607Z (Reading database ... 45%
2026-10-07T21:32:49.5578104Z (Reading database ... 50%
2026-10-07T21:32:49.5578616Z (Reading database ... 55%
2026-10-07T21:32:49.5579098Z (Reading database ... 60%
2026-10-07T21:32:49.5579585Z (Reading database ... 65%
2026-10-07T21:32:49.5580051Z (Reading database ... 70%
2026-10-07T21:32:49.5580509Z (Reading database ... 75%
2026-10-07T21:32:49.5580979Z (Reading database ... 80%
2026-10-07T21:32:49.5581440Z (Reading database ... 85%
2026-10-07T21:32:49.5581898Z (Reading database ... 90%
2026-10-07T21:32:49.5582473Z (Reading database ... 95%
2026-10-07T21:32:49.5583196Z (Reading database ... 100%
2026-10-07T21:32:49.5583985Z (Reading database ... 6182 files and directories currently installed.)
2026-10-07T21:32:49.5584936Z #9 4.316 Preparing to unpack .../systemd_252.39-1~deb12u2_amd64.deb ...
2026-10-07T21:32:49.5585710Z #9 4.331 Unpacking systemd (252.39-1~deb12u2) ...
2026-10-07T21:32:49.6361601Z #9 4.561 Setting up libargon2-1:amd64 (0~20171227-0.3+deb12u1) ...
2026-10-07T21:32:49.7629381Z #9 4.563 Setting up libjson-c5:amd64 (0.16-2) ...
2026-10-07T21:32:49.7630392Z #9 4.565 Setting up libfdisk1:amd64 (2.38.1-5+deb12u3) ...
2026-10-07T21:32:49.7630912Z #9 4.567 Setting up libkmod2:amd64 (30+20221128-1) ...
2026-10-07T21:32:49.7631391Z #9 4.569 Setting up libapparmor1:amd64 (3.0.8-3) ...
2026-10-07T21:32:49.7631884Z #9 4.571 Setting up libip4tc2:amd64 (1.8.9-2) ...
2026-10-07T21:32:49.7632420Z #9 4.572 Setting up libsystemd-shared:amd64 (252.39-1~deb12u2) ...
2026-10-07T21:32:49.7633307Z #9 4.575 Setting up libdevmapper1.02.1:amd64 (2:1.02.185-2) ...
2026-10-07T21:32:49.7633903Z #9 4.577 Setting up libcryptsetup12:amd64 (2:2.6.1-4~deb12u2) ...
2026-10-07T21:32:49.7634426Z #9 4.579 Setting up systemd (252.39-1~deb12u2) ...
2026-10-07T21:32:49.7635572Z #9 4.591 Created symlink /etc/systemd/system/getty.target.wants/getty@tty1.service → /lib/systemd/system/getty@.service.
2026-10-07T21:32:49.7636378Z 
2026-10-07T21:32:49.7637578Z #9 4.596 Created symlink /etc/systemd/system/multi-user.target.wants/remote-fs.target → /lib/systemd/system/remote-fs.target.
2026-10-07T21:32:49.7638429Z 
2026-10-07T21:32:49.7639696Z #9 4.601 Created symlink /etc/systemd/system/sysinit.target.wants/systemd-pstore.service → /lib/systemd/system/systemd-pstore.service.
2026-10-07T21:32:49.7640605Z 
2026-10-07T21:32:49.7640861Z #9 4.606 Initializing machine ID from random generator.
2026-10-07T21:32:49.7641139Z 
2026-10-07T21:32:49.7641384Z #9 4.628 Creating group 'systemd-journal' with GID 999.
2026-10-07T21:32:49.7641661Z 
2026-10-07T21:32:49.7641887Z #9 4.628 Creating group 'systemd-network' with GID 998.
2026-10-07T21:32:49.7642154Z 
2026-10-07T21:32:49.7642908Z #9 4.629 Creating user 'systemd-network' (systemd Network Management) with UID 998 and GID 998.
2026-10-07T21:32:49.7643383Z 
2026-10-07T21:32:49.7643591Z #9 4.658 Setting up dmsetup (2:1.02.185-2) ...
2026-10-07T21:32:49.7644030Z #9 4.687 Selecting previously unselected package systemd-sysv.
2026-10-07T21:32:49.8727114Z #9 4.687 (Reading database ... 
2026-10-07T21:32:49.8727665Z (Reading database ... 5%
2026-10-07T21:32:49.8728143Z (Reading database ... 10%
2026-10-07T21:32:49.8728564Z (Reading database ... 15%
2026-10-07T21:32:49.8728970Z (Reading database ... 20%
2026-10-07T21:32:49.8729371Z (Reading database ... 25%
2026-10-07T21:32:49.8729773Z (Reading database ... 30%
2026-10-07T21:32:49.8730167Z (Reading database ... 35%
2026-10-07T21:32:49.8730561Z (Reading database ... 40%
2026-10-07T21:32:49.8730949Z (Reading database ... 45%
2026-10-07T21:32:49.8731338Z (Reading database ... 50%
2026-10-07T21:32:49.8731730Z (Reading database ... 55%
2026-10-07T21:32:49.8732129Z (Reading database ... 60%
2026-10-07T21:32:49.8732710Z (Reading database ... 65%
2026-10-07T21:32:49.8733430Z (Reading database ... 70%
2026-10-07T21:32:49.8733837Z (Reading database ... 75%
2026-10-07T21:32:49.8734227Z (Reading database ... 80%
2026-10-07T21:32:49.8734614Z (Reading database ... 85%
2026-10-07T21:32:49.8735006Z (Reading database ... 90%
2026-10-07T21:32:49.8735403Z (Reading database ... 95%
2026-10-07T21:32:49.8735803Z (Reading database ... 100%
2026-10-07T21:32:49.8736493Z (Reading database ... 7031 files and directories currently installed.)
2026-10-07T21:32:49.8738150Z #9 4.694 Preparing to unpack .../000-systemd-sysv_252.39-1~deb12u2_amd64.deb ...
2026-10-07T21:32:49.8739378Z #9 4.695 Unpacking systemd-sysv (252.39-1~deb12u2) ...
2026-10-07T21:32:49.8740223Z #9 4.711 Selecting previously unselected package libdbus-1-3:amd64.
2026-10-07T21:32:49.8740816Z #9 4.712 Preparing to unpack .../001-libdbus-1-3_1.14.10-1~deb12u1_amd64.deb ...
2026-10-07T21:32:49.8741582Z #9 4.713 Unpacking libdbus-1-3:amd64 (1.14.10-1~deb12u1) ...
2026-10-07T21:32:49.8742244Z #9 4.736 Selecting previously unselected package dbus-bin.
2026-10-07T21:32:49.8743251Z #9 4.737 Preparing to unpack .../002-dbus-bin_1.14.10-1~deb12u1_amd64.deb ...
2026-10-07T21:32:49.8744119Z #9 4.739 Unpacking dbus-bin (1.14.10-1~deb12u1) ...
2026-10-07T21:32:49.8745018Z #9 4.757 Selecting previously unselected package dbus-session-bus-common.
2026-10-07T21:32:49.8746428Z #9 4.758 Preparing to unpack .../003-dbus-session-bus-common_1.14.10-1~deb12u1_all.deb ...
2026-10-07T21:32:49.8747302Z #9 4.759 Unpacking dbus-session-bus-common (1.14.10-1~deb12u1) ...
2026-10-07T21:32:49.8748036Z #9 4.776 Selecting previously unselected package libexpat1:amd64.
2026-10-07T21:32:49.8748555Z #9 4.777 Preparing to unpack .../004-libexpat1_2.5.0-1+deb12u4_amd64.deb ...
2026-10-07T21:32:49.8749034Z #9 4.778 Unpacking libexpat1:amd64 (2.5.0-1+deb12u4) ...
2026-10-07T21:32:49.8749466Z #9 4.797 Selecting previously unselected package dbus-daemon.
2026-10-07T21:32:49.9848299Z #9 4.799 Preparing to unpack .../005-dbus-daemon_1.14.10-1~deb12u1_amd64.deb ...
2026-10-07T21:32:49.9849311Z #9 4.799 Unpacking dbus-daemon (1.14.10-1~deb12u1) ...
2026-10-07T21:32:49.9850198Z #9 4.823 Selecting previously unselected package dbus-system-bus-common.
2026-10-07T21:32:49.9851311Z #9 4.824 Preparing to unpack .../006-dbus-system-bus-common_1.14.10-1~deb12u1_all.deb ...
2026-10-07T21:32:49.9852314Z #9 4.824 Unpacking dbus-system-bus-common (1.14.10-1~deb12u1) ...
2026-10-07T21:32:49.9853235Z #9 4.843 Selecting previously unselected package dbus.
2026-10-07T21:32:49.9853802Z #9 4.844 Preparing to unpack .../007-dbus_1.14.10-1~deb12u1_amd64.deb ...
2026-10-07T21:32:49.9854576Z #9 4.846 Unpacking dbus (1.14.10-1~deb12u1) ...
2026-10-07T21:32:49.9855394Z #9 4.867 Selecting previously unselected package libncursesw6:amd64.
2026-10-07T21:32:49.9856265Z #9 4.868 Preparing to unpack .../008-libncursesw6_6.4-4_amd64.deb ...
2026-10-07T21:32:49.9856969Z #9 4.868 Unpacking libncursesw6:amd64 (6.4-4) ...
2026-10-07T21:32:49.9857794Z #9 4.890 Selecting previously unselected package libproc2-0:amd64.
2026-10-07T21:32:49.9858525Z #9 4.891 Preparing to unpack .../009-libproc2-0_2%3a4.0.2-3_amd64.deb ...
2026-10-07T21:32:49.9859385Z #9 4.892 Unpacking libproc2-0:amd64 (2:4.0.2-3) ...
2026-10-07T21:32:49.9860004Z #9 4.909 Selecting previously unselected package procps.
2026-10-07T21:32:50.1570046Z #9 4.910 Preparing to unpack .../010-procps_2%3a4.0.2-3_amd64.deb ...
2026-10-07T21:32:50.1570883Z #9 4.919 Unpacking procps (2:4.0.2-3) ...
2026-10-07T21:32:50.1571678Z #9 4.976 Selecting previously unselected package libpam-systemd:amd64.
2026-10-07T21:32:50.1572990Z #9 4.978 Preparing to unpack .../011-libpam-systemd_252.39-1~deb12u2_amd64.deb ...
2026-10-07T21:32:50.1573883Z #9 4.979 Unpacking libpam-systemd:amd64 (252.39-1~deb12u2) ...
2026-10-07T21:32:50.1574671Z #9 5.006 Selecting previously unselected package hicolor-icon-theme.
2026-10-07T21:32:50.1575499Z #9 5.007 Preparing to unpack .../012-hicolor-icon-theme_0.17-2_all.deb ...
2026-10-07T21:32:50.1576536Z #9 5.008 Unpacking hicolor-icon-theme (0.17-2) ...
2026-10-07T21:32:50.1577308Z #9 5.082 Selecting previously unselected package libgdk-pixbuf2.0-common.
2026-10-07T21:32:50.3009732Z #9 5.083 Preparing to unpack .../013-libgdk-pixbuf2.0-common_2.42.10+dfsg-1+deb12u4_all.deb ...
2026-10-07T21:32:50.3010629Z #9 5.084 Unpacking libgdk-pixbuf2.0-common (2.42.10+dfsg-1+deb12u4) ...
2026-10-07T21:32:50.3011292Z #9 5.127 Selecting previously unselected package libglib2.0-0:amd64.
2026-10-07T21:32:50.3011929Z #9 5.129 Preparing to unpack .../014-libglib2.0-0_2.74.6-2+deb12u9_amd64.deb ...
2026-10-07T21:32:50.3013164Z #9 5.129 Unpacking libglib2.0-0:amd64 (2.74.6-2+deb12u9) ...
2026-10-07T21:32:50.3013721Z #9 5.225 Selecting previously unselected package libicu72:amd64.
2026-10-07T21:32:50.4536155Z #9 5.227 Preparing to unpack .../015-libicu72_72.1-3+deb12u1_amd64.deb ...
2026-10-07T21:32:50.4537069Z #9 5.228 Unpacking libicu72:amd64 (72.1-3+deb12u1) ...
2026-10-07T21:32:50.7645337Z #9 5.689 Selecting previously unselected package libxml2:amd64.
2026-10-07T21:32:50.8856342Z #9 5.690 Preparing to unpack .../016-libxml2_2.9.14+dfsg-1.3~deb12u6_amd64.deb ...
2026-10-07T21:32:50.8857611Z #9 5.691 Unpacking libxml2:amd64 (2.9.14+dfsg-1.3~deb12u6) ...
2026-10-07T21:32:50.8858453Z #9 5.743 Selecting previously unselected package shared-mime-info.
2026-10-07T21:32:50.8859136Z #9 5.745 Preparing to unpack .../017-shared-mime-info_2.2-1_amd64.deb ...
2026-10-07T21:32:50.8860148Z #9 5.745 Unpacking shared-mime-info (2.2-1) ...
2026-10-07T21:32:50.8860861Z #9 5.810 Selecting previously unselected package libjpeg62-turbo:amd64.
2026-10-07T21:32:50.9995989Z #9 5.812 Preparing to unpack .../018-libjpeg62-turbo_1%3a2.1.5-2_amd64.deb ...
2026-10-07T21:32:50.9997114Z #9 5.812 Unpacking libjpeg62-turbo:amd64 (1:2.1.5-2) ...
2026-10-07T21:32:50.9997900Z #9 5.836 Selecting previously unselected package libpng16-16:amd64.
2026-10-07T21:32:50.9998765Z #9 5.837 Preparing to unpack .../019-libpng16-16_1.6.39-2+deb12u6_amd64.deb ...
2026-10-07T21:32:50.9999593Z #9 5.838 Unpacking libpng16-16:amd64 (1.6.39-2+deb12u6) ...
2026-10-07T21:32:51.0000326Z #9 5.863 Selecting previously unselected package libdeflate0:amd64.
2026-10-07T21:32:51.0001156Z #9 5.864 Preparing to unpack .../020-libdeflate0_1.14-1_amd64.deb ...
2026-10-07T21:32:51.0001828Z #9 5.865 Unpacking libdeflate0:amd64 (1.14-1) ...
2026-10-07T21:32:51.0002730Z #9 5.882 Selecting previously unselected package libjbig0:amd64.
2026-10-07T21:32:51.0003493Z #9 5.883 Preparing to unpack .../021-libjbig0_2.1-6.1_amd64.deb ...
2026-10-07T21:32:51.0004140Z #9 5.884 Unpacking libjbig0:amd64 (2.1-6.1) ...
2026-10-07T21:32:51.0004799Z #9 5.899 Selecting previously unselected package liblerc4:amd64.
2026-10-07T21:32:51.0005579Z #9 5.900 Preparing to unpack .../022-liblerc4_4.0.0+ds-2_amd64.deb ...
2026-10-07T21:32:51.0006256Z #9 5.901 Unpacking liblerc4:amd64 (4.0.0+ds-2) ...
2026-10-07T21:32:51.0006937Z #9 5.924 Selecting previously unselected package libwebp7:amd64.
2026-10-07T21:32:51.1129188Z #9 5.926 Preparing to unpack .../023-libwebp7_1.2.4-0.2+deb12u1_amd64.deb ...
2026-10-07T21:32:51.1130413Z #9 5.927 Unpacking libwebp7:amd64 (1.2.4-0.2+deb12u1) ...
2026-10-07T21:32:51.1131739Z #9 5.959 Selecting previously unselected package libtiff6:amd64.
2026-10-07T21:32:51.1133249Z #9 5.961 Preparing to unpack .../024-libtiff6_4.5.0-6+deb12u4_amd64.deb ...
2026-10-07T21:32:51.1134436Z #9 5.961 Unpacking libtiff6:amd64 (4.5.0-6+deb12u4) ...
2026-10-07T21:32:51.1135571Z #9 5.987 Selecting previously unselected package libgdk-pixbuf-2.0-0:amd64.
2026-10-07T21:32:51.1136981Z #9 5.989 Preparing to unpack .../025-libgdk-pixbuf-2.0-0_2.42.10+dfsg-1+deb12u4_amd64.deb ...
2026-10-07T21:32:51.1138326Z #9 5.990 Unpacking libgdk-pixbuf-2.0-0:amd64 (2.42.10+dfsg-1+deb12u4) ...
2026-10-07T21:32:51.1139569Z #9 6.012 Selecting previously unselected package gtk-update-icon-cache.
2026-10-07T21:32:51.1140705Z #9 6.014 Preparing to unpack .../026-gtk-update-icon-cache_3.24.38-2~deb12u3_amd64.deb ...
2026-10-07T21:32:51.1142210Z #9 6.015 Unpacking gtk-update-icon-cache (3.24.38-2~deb12u3) ...
2026-10-07T21:32:51.1143430Z #9 6.037 Selecting previously unselected package adwaita-icon-theme.
2026-10-07T21:32:51.2664751Z #9 6.039 Preparing to unpack .../027-adwaita-icon-theme_43-1_all.deb ...
2026-10-07T21:32:51.2665882Z #9 6.040 Unpacking adwaita-icon-theme (43-1) ...
2026-10-07T21:32:52.1696768Z #9 7.094 Selecting previously unselected package at-spi2-common.
2026-10-07T21:32:52.2946354Z #9 7.098 Preparing to unpack .../028-at-spi2-common_2.46.0-5_all.deb ...
2026-10-07T21:32:52.2946965Z #9 7.099 Unpacking at-spi2-common (2.46.0-5) ...
2026-10-07T21:32:52.2947485Z #9 7.130 Selecting previously unselected package bubblewrap.
2026-10-07T21:32:52.2948166Z #9 7.132 Preparing to unpack .../029-bubblewrap_0.8.0-2+deb12u1_amd64.deb ...
2026-10-07T21:32:52.2949259Z #9 7.133 Unpacking bubblewrap (0.8.0-2+deb12u1) ...
2026-10-07T21:32:52.2950164Z #9 7.150 Selecting previously unselected package libasound2-data.
2026-10-07T21:32:52.2951021Z #9 7.152 Preparing to unpack .../030-libasound2-data_1.2.8-1_all.deb ...
2026-10-07T21:32:52.2951787Z #9 7.153 Unpacking libasound2-data (1.2.8-1) ...
2026-10-07T21:32:52.2953002Z #9 7.180 Selecting previously unselected package libasound2:amd64.
2026-10-07T21:32:52.2953860Z #9 7.182 Preparing to unpack .../031-libasound2_1.2.8-1+b1_amd64.deb ...
2026-10-07T21:32:52.2954434Z #9 7.183 Unpacking libasound2:amd64 (1.2.8-1+b1) ...
2026-10-07T21:32:52.2955579Z #9 7.218 Selecting previously unselected package libatk1.0-0:amd64.
2026-10-07T21:32:52.3940399Z #9 7.220 Preparing to unpack .../032-libatk1.0-0_2.46.0-5_amd64.deb ...
2026-10-07T21:32:52.3941434Z #9 7.221 Unpacking libatk1.0-0:amd64 (2.46.0-5) ...
2026-10-07T21:32:52.3942298Z #9 7.237 Selecting previously unselected package libxau6:amd64.
2026-10-07T21:32:52.3943680Z #9 7.239 Preparing to unpack .../033-libxau6_1%3a1.0.9-1_amd64.deb ...
2026-10-07T21:32:52.3944569Z #9 7.240 Unpacking libxau6:amd64 (1:1.0.9-1) ...
2026-10-07T21:32:52.3945412Z #9 7.255 Selecting previously unselected package libbsd0:amd64.
2026-10-07T21:32:52.3946418Z #9 7.256 Preparing to unpack .../034-libbsd0_0.11.7-2_amd64.deb ...
2026-10-07T21:32:52.3947248Z #9 7.257 Unpacking libbsd0:amd64 (0.11.7-2) ...
2026-10-07T21:32:52.3948106Z #9 7.277 Selecting previously unselected package libxdmcp6:amd64.
2026-10-07T21:32:52.3949191Z #9 7.279 Preparing to unpack .../035-libxdmcp6_1%3a1.1.2-3_amd64.deb ...
2026-10-07T21:32:52.3950187Z #9 7.279 Unpacking libxdmcp6:amd64 (1:1.1.2-3) ...
2026-10-07T21:32:52.3951060Z #9 7.296 Selecting previously unselected package libxcb1:amd64.
2026-10-07T21:32:52.3952031Z #9 7.298 Preparing to unpack .../036-libxcb1_1.15-1_amd64.deb ...
2026-10-07T21:32:52.3953435Z #9 7.298 Unpacking libxcb1:amd64 (1.15-1) ...
2026-10-07T21:32:52.3954213Z #9 7.316 Selecting previously unselected package libx11-data.
2026-10-07T21:32:52.3955166Z #9 7.318 Preparing to unpack .../037-libx11-data_2%3a1.8.4-2+deb12u2_all.deb ...
2026-10-07T21:32:52.3955872Z #9 7.319 Unpacking libx11-data (2:1.8.4-2+deb12u2) ...
2026-10-07T21:32:52.5129281Z #9 7.382 Selecting previously unselected package libx11-6:amd64.
2026-10-07T21:32:52.5150503Z #9 7.384 Preparing to unpack .../038-libx11-6_2%3a1.8.4-2+deb12u2_amd64.deb ...
2026-10-07T21:32:52.5151704Z #9 7.385 Unpacking libx11-6:amd64 (2:1.8.4-2+deb12u2) ...
2026-10-07T21:32:52.5152488Z #9 7.437 Selecting previously unselected package libxext6:amd64.
2026-10-07T21:32:52.6273115Z #9 7.440 Preparing to unpack .../039-libxext6_2%3a1.3.4-1+b1_amd64.deb ...
2026-10-07T21:32:52.6274537Z #9 7.441 Unpacking libxext6:amd64 (2:1.3.4-1+b1) ...
2026-10-07T21:32:52.6275357Z #9 7.457 Selecting previously unselected package libxi6:amd64.
2026-10-07T21:32:52.6276259Z #9 7.459 Preparing to unpack .../040-libxi6_2%3a1.8-1+b1_amd64.deb ...
2026-10-07T21:32:52.6277033Z #9 7.460 Unpacking libxi6:amd64 (2:1.8-1+b1) ...
2026-10-07T21:32:52.6277853Z #9 7.477 Selecting previously unselected package libatspi2.0-0:amd64.
2026-10-07T21:32:52.6278788Z #9 7.479 Preparing to unpack .../041-libatspi2.0-0_2.46.0-5_amd64.deb ...
2026-10-07T21:32:52.6280001Z #9 7.480 Unpacking libatspi2.0-0:amd64 (2.46.0-5) ...
2026-10-07T21:32:52.6280853Z #9 7.498 Selecting previously unselected package libatk-bridge2.0-0:amd64.
2026-10-07T21:32:52.6281852Z #9 7.500 Preparing to unpack .../042-libatk-bridge2.0-0_2.46.0-5_amd64.deb ...
2026-10-07T21:32:52.6282899Z #9 7.500 Unpacking libatk-bridge2.0-0:amd64 (2.46.0-5) ...
2026-10-07T21:32:52.6283713Z #9 7.518 Selecting previously unselected package libbrotli1:amd64.
2026-10-07T21:32:52.6284598Z #9 7.520 Preparing to unpack .../043-libbrotli1_1.0.9-2+b6_amd64.deb ...
2026-10-07T21:32:52.6285347Z #9 7.521 Unpacking libbrotli1:amd64 (1.0.9-2+b6) ...
2026-10-07T21:32:52.6286122Z #9 7.552 Selecting previously unselected package libfreetype6:amd64.
2026-10-07T21:32:52.7549085Z #9 7.554 Preparing to unpack .../044-libfreetype6_2.12.1+dfsg-5+deb12u4_amd64.deb ...
2026-10-07T21:32:52.7550061Z #9 7.555 Unpacking libfreetype6:amd64 (2.12.1+dfsg-5+deb12u4) ...
2026-10-07T21:32:52.7551176Z #9 7.592 Selecting previously unselected package fonts-dejavu-core.
2026-10-07T21:32:52.7552326Z #9 7.594 Preparing to unpack .../045-fonts-dejavu-core_2.37-6_all.deb ...
2026-10-07T21:32:52.7553516Z #9 7.595 Unpacking fonts-dejavu-core (2.37-6) ...
2026-10-07T21:32:52.7554441Z #9 7.679 Selecting previously unselected package fontconfig-config.
2026-10-07T21:32:52.8569486Z #9 7.682 Preparing to unpack .../046-fontconfig-config_2.14.1-4_amd64.deb ...
2026-10-07T21:32:52.8571063Z #9 7.782 Unpacking fontconfig-config (2.14.1-4) ...
2026-10-07T21:32:52.9706882Z #9 7.811 Selecting previously unselected package libfontconfig1:amd64.
2026-10-07T21:32:52.9708005Z #9 7.813 Preparing to unpack .../047-libfontconfig1_2.14.1-4_amd64.deb ...
2026-10-07T21:32:52.9709094Z #9 7.814 Unpacking libfontconfig1:amd64 (2.14.1-4) ...
2026-10-07T21:32:52.9710115Z #9 7.837 Selecting previously unselected package libpixman-1-0:amd64.
2026-10-07T21:32:52.9711220Z #9 7.839 Preparing to unpack .../048-libpixman-1-0_0.42.2-1_amd64.deb ...
2026-10-07T21:32:52.9712200Z #9 7.840 Unpacking libpixman-1-0:amd64 (0.42.2-1) ...
2026-10-07T21:32:52.9714500Z #9 7.872 Selecting previously unselected package libxcb-render0:amd64.
2026-10-07T21:32:52.9715429Z #9 7.874 Preparing to unpack .../049-libxcb-render0_1.15-1_amd64.deb ...
2026-10-07T21:32:52.9716273Z #9 7.875 Unpacking libxcb-render0:amd64 (1.15-1) ...
2026-10-07T21:32:52.9717053Z #9 7.895 Selecting previously unselected package libxcb-shm0:amd64.
2026-10-07T21:32:53.0821453Z #9 7.897 Preparing to unpack .../050-libxcb-shm0_1.15-1_amd64.deb ...
2026-10-07T21:32:53.0822191Z #9 7.898 Unpacking libxcb-shm0:amd64 (1.15-1) ...
2026-10-07T21:32:53.0823065Z #9 7.918 Selecting previously unselected package libxrender1:amd64.
2026-10-07T21:32:53.0823736Z #9 7.920 Preparing to unpack .../051-libxrender1_1%3a0.9.10-1.1_amd64.deb ...
2026-10-07T21:32:53.0824437Z #9 7.920 Unpacking libxrender1:amd64 (1:0.9.10-1.1) ...
2026-10-07T21:32:53.0824964Z #9 7.936 Selecting previously unselected package libcairo2:amd64.
2026-10-07T21:32:53.0825719Z #9 7.938 Preparing to unpack .../052-libcairo2_1.16.0-7_amd64.deb ...
2026-10-07T21:32:53.0826214Z #9 7.939 Unpacking libcairo2:amd64 (1.16.0-7) ...
2026-10-07T21:32:53.0827027Z #9 7.980 Selecting previously unselected package libavahi-common-data:amd64.
2026-10-07T21:32:53.0827768Z #9 7.982 Preparing to unpack .../053-libavahi-common-data_0.8-10+deb12u1_amd64.deb ...
2026-10-07T21:32:53.0828700Z #9 7.983 Unpacking libavahi-common-data:amd64 (0.8-10+deb12u1) ...
2026-10-07T21:32:53.0829674Z #9 8.007 Selecting previously unselected package libavahi-common3:amd64.
2026-10-07T21:32:53.1829244Z #9 8.009 Preparing to unpack .../054-libavahi-common3_0.8-10+deb12u1_amd64.deb ...
2026-10-07T21:32:53.1830341Z #9 8.010 Unpacking libavahi-common3:amd64 (0.8-10+deb12u1) ...
2026-10-07T21:32:53.1831288Z #9 8.025 Selecting previously unselected package libavahi-client3:amd64.
2026-10-07T21:32:53.1832382Z #9 8.027 Preparing to unpack .../055-libavahi-client3_0.8-10+deb12u1_amd64.deb ...
2026-10-07T21:32:53.1834360Z #9 8.028 Unpacking libavahi-client3:amd64 (0.8-10+deb12u1) ...
2026-10-07T21:32:53.1834981Z #9 8.044 Selecting previously unselected package libkrb5support0:amd64.
2026-10-07T21:32:53.1835671Z #9 8.046 Preparing to unpack .../056-libkrb5support0_1.20.1-2+deb12u5_amd64.deb ...
2026-10-07T21:32:53.1836279Z #9 8.046 Unpacking libkrb5support0:amd64 (1.20.1-2+deb12u5) ...
2026-10-07T21:32:53.1836861Z #9 8.065 Selecting previously unselected package libk5crypto3:amd64.
2026-10-07T21:32:53.1837497Z #9 8.067 Preparing to unpack .../057-libk5crypto3_1.20.1-2+deb12u5_amd64.deb ...
2026-10-07T21:32:53.1838066Z #9 8.068 Unpacking libk5crypto3:amd64 (1.20.1-2+deb12u5) ...
2026-10-07T21:32:53.1838605Z #9 8.087 Selecting previously unselected package libkeyutils1:amd64.
2026-10-07T21:32:53.1839172Z #9 8.089 Preparing to unpack .../058-libkeyutils1_1.6.3-2_amd64.deb ...
2026-10-07T21:32:53.1839642Z #9 8.090 Unpacking libkeyutils1:amd64 (1.6.3-2) ...
2026-10-07T21:32:53.1840123Z #9 8.105 Selecting previously unselected package libkrb5-3:amd64.
2026-10-07T21:32:53.1840654Z #9 8.107 Preparing to unpack .../059-libkrb5-3_1.20.1-2+deb12u5_amd64.deb ...
2026-10-07T21:32:53.1841135Z #9 8.108 Unpacking libkrb5-3:amd64 (1.20.1-2+deb12u5) ...
2026-10-07T21:32:53.3278056Z #9 8.145 Selecting previously unselected package libgssapi-krb5-2:amd64.
2026-10-07T21:32:53.3279139Z #9 8.147 Preparing to unpack .../060-libgssapi-krb5-2_1.20.1-2+deb12u5_amd64.deb ...
2026-10-07T21:32:53.3279794Z #9 8.148 Unpacking libgssapi-krb5-2:amd64 (1.20.1-2+deb12u5) ...
2026-10-07T21:32:53.3280384Z #9 8.170 Selecting previously unselected package libcups2:amd64.
2026-10-07T21:32:53.3281045Z #9 8.173 Preparing to unpack .../061-libcups2_2.4.2-3+deb12u9_amd64.deb ...
2026-10-07T21:32:53.3281630Z #9 8.173 Unpacking libcups2:amd64 (2.4.2-3+deb12u9) ...
2026-10-07T21:32:53.3282190Z #9 8.203 Selecting previously unselected package libdav1d6:amd64.
2026-10-07T21:32:53.3283156Z #9 8.205 Preparing to unpack .../062-libdav1d6_1.0.0-2+deb12u1_amd64.deb ...
2026-10-07T21:32:53.3283771Z #9 8.206 Unpacking libdav1d6:amd64 (1.0.0-2+deb12u1) ...
2026-10-07T21:32:53.3284395Z #9 8.252 Selecting previously unselected package libdouble-conversion3:amd64.
2026-10-07T21:32:53.4285847Z #9 8.254 Preparing to unpack .../063-libdouble-conversion3_3.2.1-1_amd64.deb ...
2026-10-07T21:32:53.4286751Z #9 8.255 Unpacking libdouble-conversion3:amd64 (3.2.1-1) ...
2026-10-07T21:32:53.4287768Z #9 8.271 Selecting previously unselected package libogg0:amd64.
2026-10-07T21:32:53.4288747Z #9 8.273 Preparing to unpack .../064-libogg0_1.3.5-3_amd64.deb ...
2026-10-07T21:32:53.4289563Z #9 8.274 Unpacking libogg0:amd64 (1.3.5-3) ...
2026-10-07T21:32:53.4290399Z #9 8.290 Selecting previously unselected package libflac12:amd64.
2026-10-07T21:32:53.4291368Z #9 8.292 Preparing to unpack .../065-libflac12_1.4.2+ds-2_amd64.deb ...
2026-10-07T21:32:53.4292202Z #9 8.293 Unpacking libflac12:amd64 (1.4.2+ds-2) ...
2026-10-07T21:32:53.4293286Z #9 8.318 Selecting previously unselected package libdrm-common.
2026-10-07T21:32:53.4294190Z #9 8.319 Preparing to unpack .../066-libdrm-common_2.4.114-1_all.deb ...
2026-10-07T21:32:53.4294954Z #9 8.320 Unpacking libdrm-common (2.4.114-1) ...
2026-10-07T21:32:53.4295673Z #9 8.334 Selecting previously unselected package libdrm2:amd64.
2026-10-07T21:32:53.4296495Z #9 8.336 Preparing to unpack .../067-libdrm2_2.4.114-1+b1_amd64.deb ...
2026-10-07T21:32:53.4297209Z #9 8.337 Unpacking libdrm2:amd64 (2.4.114-1+b1) ...
2026-10-07T21:32:53.4297990Z #9 8.353 Selecting previously unselected package libwayland-server0:amd64.
2026-10-07T21:32:53.5435718Z #9 8.355 Preparing to unpack .../068-libwayland-server0_1.21.0-1_amd64.deb ...
2026-10-07T21:32:53.5436755Z #9 8.356 Unpacking libwayland-server0:amd64 (1.21.0-1) ...
2026-10-07T21:32:53.5437636Z #9 8.372 Selecting previously unselected package libgbm1:amd64.
2026-10-07T21:32:53.5438633Z #9 8.374 Preparing to unpack .../069-libgbm1_22.3.6-1+deb12u2_amd64.deb ...
2026-10-07T21:32:53.5439510Z #9 8.375 Unpacking libgbm1:amd64 (22.3.6-1+deb12u2) ...
2026-10-07T21:32:53.5440712Z #9 8.394 Selecting previously unselected package libgraphite2-3:amd64.
2026-10-07T21:32:53.5441801Z #9 8.396 Preparing to unpack .../070-libgraphite2-3_1.3.14-1+deb12u1_amd64.deb ...
2026-10-07T21:32:53.5442990Z #9 8.397 Unpacking libgraphite2-3:amd64 (1.3.14-1+deb12u1) ...
2026-10-07T21:32:53.5443902Z #9 8.415 Selecting previously unselected package libharfbuzz0b:amd64.
2026-10-07T21:32:53.5444913Z #9 8.417 Preparing to unpack .../071-libharfbuzz0b_6.0.0+dfsg-3_amd64.deb ...
2026-10-07T21:32:53.5445761Z #9 8.418 Unpacking libharfbuzz0b:amd64 (6.0.0+dfsg-3) ...
2026-10-07T21:32:53.5446575Z #9 8.468 Selecting previously unselected package libharfbuzz-subset0:amd64.
2026-10-07T21:32:53.6644739Z #9 8.470 Preparing to unpack .../072-libharfbuzz-subset0_6.0.0+dfsg-3_amd64.deb ...
2026-10-07T21:32:53.6645775Z #9 8.471 Unpacking libharfbuzz-subset0:amd64 (6.0.0+dfsg-3) ...
2026-10-07T21:32:53.6646674Z #9 8.520 Selecting previously unselected package liblcms2-2:amd64.
2026-10-07T21:32:53.6647668Z #9 8.522 Preparing to unpack .../073-liblcms2-2_2.14-2+deb12u1_amd64.deb ...
2026-10-07T21:32:53.6648517Z #9 8.523 Unpacking liblcms2-2:amd64 (2.14-2+deb12u1) ...
2026-10-07T21:32:53.6649348Z #9 8.546 Selecting previously unselected package libminizip1:amd64.
2026-10-07T21:32:53.6650300Z #9 8.548 Preparing to unpack .../074-libminizip1_1.1-8+deb12u1_amd64.deb ...
2026-10-07T21:32:53.6651460Z #9 8.550 Unpacking libminizip1:amd64 (1.1-8+deb12u1) ...
2026-10-07T21:32:53.6652260Z #9 8.565 Selecting previously unselected package libnspr4:amd64.
2026-10-07T21:32:53.6653330Z #9 8.567 Preparing to unpack .../075-libnspr4_2%3a4.35-1_amd64.deb ...
2026-10-07T21:32:53.6654075Z #9 8.567 Unpacking libnspr4:amd64 (2:4.35-1) ...
2026-10-07T21:32:53.6654827Z #9 8.589 Selecting previously unselected package libsqlite3-0:amd64.
2026-10-07T21:32:53.8193996Z #9 8.591 Preparing to unpack .../076-libsqlite3-0_3.40.1-2+deb12u2_amd64.deb ...
2026-10-07T21:32:53.8195390Z #9 8.593 Unpacking libsqlite3-0:amd64 (3.40.1-2+deb12u2) ...
2026-10-07T21:32:53.8196625Z #9 8.643 Selecting previously unselected package libnss3:amd64.
2026-10-07T21:32:53.8197771Z #9 8.645 Preparing to unpack .../077-libnss3_2%3a3.87.1-1+deb12u4_amd64.deb ...
2026-10-07T21:32:53.8198824Z #9 8.646 Unpacking libnss3:amd64 (2:3.87.1-1+deb12u4) ...
2026-10-07T21:32:53.8199779Z #9 8.744 Selecting previously unselected package libopenh264-7:amd64.
2026-10-07T21:32:53.9204273Z #9 8.746 Preparing to unpack .../078-libopenh264-7_2.3.1+dfsg-3+deb12u2_amd64.deb ...
2026-10-07T21:32:53.9205693Z #9 8.747 Unpacking libopenh264-7:amd64 (2.3.1+dfsg-3+deb12u2) ...
2026-10-07T21:32:53.9206879Z #9 8.786 Selecting previously unselected package libopenjp2-7:amd64.
2026-10-07T21:32:53.9208083Z #9 8.788 Preparing to unpack .../079-libopenjp2-7_2.5.0-2+deb12u3_amd64.deb ...
2026-10-07T21:32:53.9209174Z #9 8.789 Unpacking libopenjp2-7:amd64 (2.5.0-2+deb12u3) ...
2026-10-07T21:32:53.9210188Z #9 8.815 Selecting previously unselected package libopus0:amd64.
2026-10-07T21:32:53.9211258Z #9 8.817 Preparing to unpack .../080-libopus0_1.3.1-3_amd64.deb ...
2026-10-07T21:32:53.9212180Z #9 8.818 Unpacking libopus0:amd64 (1.3.1-3) ...
2026-10-07T21:32:53.9213222Z #9 8.845 Selecting previously unselected package fontconfig.
2026-10-07T21:32:54.0217343Z #9 8.847 Preparing to unpack .../081-fontconfig_2.14.1-4_amd64.deb ...
2026-10-07T21:32:54.0218297Z #9 8.848 Unpacking fontconfig (2.14.1-4) ...
2026-10-07T21:32:54.0218925Z #9 8.873 Selecting previously unselected package libfribidi0:amd64.
2026-10-07T21:32:54.0219570Z #9 8.875 Preparing to unpack .../082-libfribidi0_1.0.8-2.1_amd64.deb ...
2026-10-07T21:32:54.0220134Z #9 8.876 Unpacking libfribidi0:amd64 (1.0.8-2.1) ...
2026-10-07T21:32:54.0220669Z #9 8.893 Selecting previously unselected package libthai-data.
2026-10-07T21:32:54.0221280Z #9 8.894 Preparing to unpack .../083-libthai-data_0.1.29-1_all.deb ...
2026-10-07T21:32:54.0221804Z #9 8.895 Unpacking libthai-data (0.1.29-1) ...
2026-10-07T21:32:54.0222904Z #9 8.944 Selecting previously unselected package libdatrie1:amd64.
2026-10-07T21:32:54.0223712Z #9 8.946 Preparing to unpack .../084-libdatrie1_0.2.13-2+b1_amd64.deb ...
2026-10-07T21:32:54.1427053Z #9 8.949 Unpacking libdatrie1:amd64 (0.2.13-2+b1) ...
2026-10-07T21:32:54.1427969Z #9 8.966 Selecting previously unselected package libthai0:amd64.
2026-10-07T21:32:54.1428908Z #9 8.968 Preparing to unpack .../085-libthai0_0.1.29-1_amd64.deb ...
2026-10-07T21:32:54.1429666Z #9 8.969 Unpacking libthai0:amd64 (0.1.29-1) ...
2026-10-07T21:32:54.1430486Z #9 8.986 Selecting previously unselected package libpango-1.0-0:amd64.
2026-10-07T21:32:54.1431475Z #9 8.989 Preparing to unpack .../086-libpango-1.0-0_1.50.12+ds-1_amd64.deb ...
2026-10-07T21:32:54.1432370Z #9 8.989 Unpacking libpango-1.0-0:amd64 (1.50.12+ds-1) ...
2026-10-07T21:32:54.1433546Z #9 9.017 Selecting previously unselected package libasyncns0:amd64.
2026-10-07T21:32:54.1434445Z #9 9.019 Preparing to unpack .../087-libasyncns0_0.8-6+b3_amd64.deb ...
2026-10-07T21:32:54.1435224Z #9 9.020 Unpacking libasyncns0:amd64 (0.8-6+b3) ...
2026-10-07T21:32:54.1436030Z #9 9.035 Selecting previously unselected package libmp3lame0:amd64.
2026-10-07T21:32:54.1436878Z #9 9.036 Preparing to unpack .../088-libmp3lame0_3.100-6_amd64.deb ...
2026-10-07T21:32:54.1437576Z #9 9.037 Unpacking libmp3lame0:amd64 (3.100-6) ...
2026-10-07T21:32:54.1438728Z #9 9.067 Selecting previously unselected package libmpg123-0:amd64.
2026-10-07T21:32:54.2440791Z #9 9.070 Preparing to unpack .../089-libmpg123-0_1.31.2-1+deb12u1_amd64.deb ...
2026-10-07T21:32:54.2441975Z #9 9.070 Unpacking libmpg123-0:amd64 (1.31.2-1+deb12u1) ...
2026-10-07T21:32:54.2443181Z #9 9.094 Selecting previously unselected package libvorbis0a:amd64.
2026-10-07T21:32:54.2444217Z #9 9.096 Preparing to unpack .../090-libvorbis0a_1.3.7-1_amd64.deb ...
2026-10-07T21:32:54.2445099Z #9 9.097 Unpacking libvorbis0a:amd64 (1.3.7-1) ...
2026-10-07T21:32:54.2446049Z #9 9.116 Selecting previously unselected package libvorbisenc2:amd64.
2026-10-07T21:32:54.2447119Z #9 9.118 Preparing to unpack .../091-libvorbisenc2_1.3.7-1_amd64.deb ...
2026-10-07T21:32:54.2448113Z #9 9.119 Unpacking libvorbisenc2:amd64 (1.3.7-1) ...
2026-10-07T21:32:54.2448994Z #9 9.139 Selecting previously unselected package libsndfile1:amd64.
2026-10-07T21:32:54.2449998Z #9 9.141 Preparing to unpack .../092-libsndfile1_1.2.0-1+deb12u1_amd64.deb ...
2026-10-07T21:32:54.2450897Z #9 9.141 Unpacking libsndfile1:amd64 (1.2.0-1+deb12u1) ...
2026-10-07T21:32:54.2451733Z #9 9.169 Selecting previously unselected package libx11-xcb1:amd64.
2026-10-07T21:32:54.3441468Z #9 9.171 Preparing to unpack .../093-libx11-xcb1_2%3a1.8.4-2+deb12u2_amd64.deb ...
2026-10-07T21:32:54.3442789Z #9 9.171 Unpacking libx11-xcb1:amd64 (2:1.8.4-2+deb12u2) ...
2026-10-07T21:32:54.3443479Z #9 9.192 Selecting previously unselected package libpulse0:amd64.
2026-10-07T21:32:54.3444157Z #9 9.194 Preparing to unpack .../094-libpulse0_16.1+dfsg1-2+b1_amd64.deb ...
2026-10-07T21:32:54.3444752Z #9 9.199 Unpacking libpulse0:amd64 (16.1+dfsg1-2+b1) ...
2026-10-07T21:32:54.3445368Z #9 9.231 Selecting previously unselected package libxcomposite1:amd64.
2026-10-07T21:32:54.3446050Z #9 9.233 Preparing to unpack .../095-libxcomposite1_1%3a0.4.5-1_amd64.deb ...
2026-10-07T21:32:54.3446659Z #9 9.234 Unpacking libxcomposite1:amd64 (1:0.4.5-1) ...
2026-10-07T21:32:54.3447221Z #9 9.249 Selecting previously unselected package libxdamage1:amd64.
2026-10-07T21:32:54.3447886Z #9 9.251 Preparing to unpack .../096-libxdamage1_1%3a1.1.6-1_amd64.deb ...
2026-10-07T21:32:54.3448453Z #9 9.251 Unpacking libxdamage1:amd64 (1:1.1.6-1) ...
2026-10-07T21:32:54.3449005Z #9 9.267 Selecting previously unselected package libxfixes3:amd64.
2026-10-07T21:32:54.3449648Z #9 9.269 Preparing to unpack .../097-libxfixes3_1%3a6.0.0-2_amd64.deb ...
2026-10-07T21:32:54.4586741Z #9 9.271 Unpacking libxfixes3:amd64 (1:6.0.0-2) ...
2026-10-07T21:32:54.4587605Z #9 9.287 Selecting previously unselected package xkb-data.
2026-10-07T21:32:54.4588807Z #9 9.289 Preparing to unpack .../098-xkb-data_2.35.1-1_all.deb ...
2026-10-07T21:32:54.4589561Z #9 9.290 Unpacking xkb-data (2.35.1-1) ...
2026-10-07T21:32:54.4590373Z #9 9.383 Selecting previously unselected package libxkbcommon0:amd64.
2026-10-07T21:32:54.5700950Z #9 9.386 Preparing to unpack .../099-libxkbcommon0_1.5.0-1_amd64.deb ...
2026-10-07T21:32:54.5701873Z #9 9.386 Unpacking libxkbcommon0:amd64 (1.5.0-1) ...
2026-10-07T21:32:54.5702933Z #9 9.407 Selecting previously unselected package libxnvctrl0:amd64.
2026-10-07T21:32:54.5703953Z #9 9.409 Preparing to unpack .../100-libxnvctrl0_525.85.05-3~deb12u1_amd64.deb ...
2026-10-07T21:32:54.5704907Z #9 9.410 Unpacking libxnvctrl0:amd64 (525.85.05-3~deb12u1) ...
2026-10-07T21:32:54.5705517Z #9 9.425 Selecting previously unselected package libxrandr2:amd64.
2026-10-07T21:32:54.5706136Z #9 9.427 Preparing to unpack .../101-libxrandr2_2%3a1.5.2-2+b1_amd64.deb ...
2026-10-07T21:32:54.5706677Z #9 9.428 Unpacking libxrandr2:amd64 (2:1.5.2-2+b1) ...
2026-10-07T21:32:54.5707243Z #9 9.445 Selecting previously unselected package libcairo-gobject2:amd64.
2026-10-07T21:32:54.5707888Z #9 9.447 Preparing to unpack .../102-libcairo-gobject2_1.16.0-7_amd64.deb ...
2026-10-07T21:32:54.5708439Z #9 9.448 Unpacking libcairo-gobject2:amd64 (1.16.0-7) ...
2026-10-07T21:32:54.5708963Z #9 9.468 Selecting previously unselected package libcolord2:amd64.
2026-10-07T21:32:54.5709810Z #9 9.470 Preparing to unpack .../103-libcolord2_1.4.6-2.2_amd64.deb ...
2026-10-07T21:32:54.5710320Z #9 9.471 Unpacking libcolord2:amd64 (1.4.6-2.2) ...
2026-10-07T21:32:54.5710828Z #9 9.495 Selecting previously unselected package libepoxy0:amd64.
2026-10-07T21:32:54.6763346Z #9 9.497 Preparing to unpack .../104-libepoxy0_1.5.10-1_amd64.deb ...
2026-10-07T21:32:54.6764307Z #9 9.497 Unpacking libepoxy0:amd64 (1.5.10-1) ...
2026-10-07T21:32:54.6765185Z #9 9.524 Selecting previously unselected package libpangoft2-1.0-0:amd64.
2026-10-07T21:32:54.6766151Z #9 9.526 Preparing to unpack .../105-libpangoft2-1.0-0_1.50.12+ds-1_amd64.deb ...
2026-10-07T21:32:54.6767029Z #9 9.527 Unpacking libpangoft2-1.0-0:amd64 (1.50.12+ds-1) ...
2026-10-07T21:32:54.6767921Z #9 9.544 Selecting previously unselected package libpangocairo-1.0-0:amd64.
2026-10-07T21:32:54.6768869Z #9 9.546 Preparing to unpack .../106-libpangocairo-1.0-0_1.50.12+ds-1_amd64.deb ...
2026-10-07T21:32:54.6769750Z #9 9.547 Unpacking libpangocairo-1.0-0:amd64 (1.50.12+ds-1) ...
2026-10-07T21:32:54.6770648Z #9 9.563 Selecting previously unselected package libwayland-client0:amd64.
2026-10-07T21:32:54.6771616Z #9 9.565 Preparing to unpack .../107-libwayland-client0_1.21.0-1_amd64.deb ...
2026-10-07T21:32:54.6772426Z #9 9.566 Unpacking libwayland-client0:amd64 (1.21.0-1) ...
2026-10-07T21:32:54.6773646Z #9 9.582 Selecting previously unselected package libwayland-cursor0:amd64.
2026-10-07T21:32:54.6774575Z #9 9.583 Preparing to unpack .../108-libwayland-cursor0_1.21.0-1_amd64.deb ...
2026-10-07T21:32:54.6775400Z #9 9.584 Unpacking libwayland-cursor0:amd64 (1.21.0-1) ...
2026-10-07T21:32:54.6776426Z #9 9.601 Selecting previously unselected package libwayland-egl1:amd64.
2026-10-07T21:32:54.7853003Z #9 9.603 Preparing to unpack .../109-libwayland-egl1_1.21.0-1_amd64.deb ...
2026-10-07T21:32:54.7854209Z #9 9.603 Unpacking libwayland-egl1:amd64 (1.21.0-1) ...
2026-10-07T21:32:54.7855289Z #9 9.619 Selecting previously unselected package libxcursor1:amd64.
2026-10-07T21:32:54.7855995Z #9 9.620 Preparing to unpack .../110-libxcursor1_1%3a1.2.1-1_amd64.deb ...
2026-10-07T21:32:54.7856565Z #9 9.621 Unpacking libxcursor1:amd64 (1:1.2.1-1) ...
2026-10-07T21:32:54.7857100Z #9 9.637 Selecting previously unselected package libxinerama1:amd64.
2026-10-07T21:32:54.7857724Z #9 9.638 Preparing to unpack .../111-libxinerama1_2%3a1.1.4-3_amd64.deb ...
2026-10-07T21:32:54.7858277Z #9 9.639 Unpacking libxinerama1:amd64 (2:1.1.4-3) ...
2026-10-07T21:32:54.7858814Z #9 9.653 Selecting previously unselected package dbus-user-session.
2026-10-07T21:32:54.7859490Z #9 9.655 Preparing to unpack .../112-dbus-user-session_1.14.10-1~deb12u1_amd64.deb ...
2026-10-07T21:32:54.7860378Z #9 9.656 Unpacking dbus-user-session (1.14.10-1~deb12u1) ...
2026-10-07T21:32:54.7860943Z #9 9.674 Selecting previously unselected package libdconf1:amd64.
2026-10-07T21:32:54.7861542Z #9 9.676 Preparing to unpack .../113-libdconf1_0.40.0-4_amd64.deb ...
2026-10-07T21:32:54.7862055Z #9 9.676 Unpacking libdconf1:amd64 (0.40.0-4) ...
2026-10-07T21:32:54.7862872Z #9 9.692 Selecting previously unselected package dconf-service.
2026-10-07T21:32:54.7863503Z #9 9.694 Preparing to unpack .../114-dconf-service_0.40.0-4_amd64.deb ...
2026-10-07T21:32:54.7864019Z #9 9.695 Unpacking dconf-service (0.40.0-4) ...
2026-10-07T21:32:54.7864598Z #9 9.710 Selecting previously unselected package dconf-gsettings-backend:amd64.
2026-10-07T21:32:54.9559540Z #9 9.711 Preparing to unpack .../115-dconf-gsettings-backend_0.40.0-4_amd64.deb ...
2026-10-07T21:32:54.9560491Z #9 9.712 Unpacking dconf-gsettings-backend:amd64 (0.40.0-4) ...
2026-10-07T21:32:54.9561291Z #9 9.728 Selecting previously unselected package libgtk-3-common.
2026-10-07T21:32:54.9562142Z #9 9.729 Preparing to unpack .../116-libgtk-3-common_3.24.38-2~deb12u3_all.deb ...
2026-10-07T21:32:54.9563178Z #9 9.730 Unpacking libgtk-3-common (3.24.38-2~deb12u3) ...
2026-10-07T21:32:55.0640448Z #9 9.988 Selecting previously unselected package libgtk-3-0:amd64.
2026-10-07T21:32:55.2178819Z #9 9.991 Preparing to unpack .../117-libgtk-3-0_3.24.38-2~deb12u3_amd64.deb ...
2026-10-07T21:32:55.2179674Z #9 9.992 Unpacking libgtk-3-0:amd64 (3.24.38-2~deb12u3) ...
2026-10-07T21:32:55.2576093Z #9 10.18 Selecting previously unselected package libfontenc1:amd64.
2026-10-07T21:32:55.3729285Z #9 10.18 Preparing to unpack .../118-libfontenc1_1%3a1.1.4-1_amd64.deb ...
2026-10-07T21:32:55.3730200Z #9 10.19 Unpacking libfontenc1:amd64 (1:1.1.4-1) ...
2026-10-07T21:32:55.3730756Z #9 10.20 Selecting previously unselected package libglvnd0:amd64.
2026-10-07T21:32:55.3731342Z #9 10.20 Preparing to unpack .../119-libglvnd0_1.6.0-1_amd64.deb ...
2026-10-07T21:32:55.3731881Z #9 10.20 Unpacking libglvnd0:amd64 (1.6.0-1) ...
2026-10-07T21:32:55.3732411Z #9 10.23 Selecting previously unselected package libglapi-mesa:amd64.
2026-10-07T21:32:55.3733464Z #9 10.23 Preparing to unpack .../120-libglapi-mesa_22.3.6-1+deb12u2_amd64.deb ...
2026-10-07T21:32:55.3734072Z #9 10.23 Unpacking libglapi-mesa:amd64 (22.3.6-1+deb12u2) ...
2026-10-07T21:32:55.3734656Z #9 10.25 Selecting previously unselected package libxcb-dri2-0:amd64.
2026-10-07T21:32:55.3735244Z #9 10.25 Preparing to unpack .../121-libxcb-dri2-0_1.15-1_amd64.deb ...
2026-10-07T21:32:55.3735775Z #9 10.25 Unpacking libxcb-dri2-0:amd64 (1.15-1) ...
2026-10-07T21:32:55.3736309Z #9 10.27 Selecting previously unselected package libxcb-dri3-0:amd64.
2026-10-07T21:32:55.3736884Z #9 10.28 Preparing to unpack .../122-libxcb-dri3-0_1.15-1_amd64.deb ...
2026-10-07T21:32:55.3737382Z #9 10.28 Unpacking libxcb-dri3-0:amd64 (1.15-1) ...
2026-10-07T21:32:55.3737893Z #9 10.30 Selecting previously unselected package libxcb-glx0:amd64.
2026-10-07T21:32:55.4747054Z #9 10.30 Preparing to unpack .../123-libxcb-glx0_1.15-1_amd64.deb ...
2026-10-07T21:32:55.4747739Z #9 10.30 Unpacking libxcb-glx0:amd64 (1.15-1) ...
2026-10-07T21:32:55.4748368Z #9 10.32 Selecting previously unselected package libxcb-present0:amd64.
2026-10-07T21:32:55.4749075Z #9 10.32 Preparing to unpack .../124-libxcb-present0_1.15-1_amd64.deb ...
2026-10-07T21:32:55.4749689Z #9 10.33 Unpacking libxcb-present0:amd64 (1.15-1) ...
2026-10-07T21:32:55.4750286Z #9 10.35 Selecting previously unselected package libxcb-randr0:amd64.
2026-10-07T21:32:55.4750957Z #9 10.35 Preparing to unpack .../125-libxcb-randr0_1.15-1_amd64.deb ...
2026-10-07T21:32:55.4751523Z #9 10.35 Unpacking libxcb-randr0:amd64 (1.15-1) ...
2026-10-07T21:32:55.4752106Z #9 10.37 Selecting previously unselected package libxcb-sync1:amd64.
2026-10-07T21:32:55.4753115Z #9 10.37 Preparing to unpack .../126-libxcb-sync1_1.15-1_amd64.deb ...
2026-10-07T21:32:55.4753680Z #9 10.38 Unpacking libxcb-sync1:amd64 (1.15-1) ...
2026-10-07T21:32:55.4754551Z #9 10.40 Selecting previously unselected package libxcb-xfixes0:amd64.
2026-10-07T21:32:55.4755243Z #9 10.40 Preparing to unpack .../127-libxcb-xfixes0_1.15-1_amd64.deb ...
2026-10-07T21:32:55.5806577Z #9 10.40 Unpacking libxcb-xfixes0:amd64 (1.15-1) ...
2026-10-07T21:32:55.5807368Z #9 10.43 Selecting previously unselected package libxshmfence1:amd64.
2026-10-07T21:32:55.5808068Z #9 10.43 Preparing to unpack .../128-libxshmfence1_1.3-1_amd64.deb ...
2026-10-07T21:32:55.5808627Z #9 10.43 Unpacking libxshmfence1:amd64 (1.3-1) ...
2026-10-07T21:32:55.5809196Z #9 10.45 Selecting previously unselected package libxxf86vm1:amd64.
2026-10-07T21:32:55.5809837Z #9 10.45 Preparing to unpack .../129-libxxf86vm1_1%3a1.1.4-1+b2_amd64.deb ...
2026-10-07T21:32:55.5810411Z #9 10.45 Unpacking libxxf86vm1:amd64 (1:1.1.4-1+b2) ...
2026-10-07T21:32:55.5810986Z #9 10.47 Selecting previously unselected package libdrm-amdgpu1:amd64.
2026-10-07T21:32:55.5811653Z #9 10.47 Preparing to unpack .../130-libdrm-amdgpu1_2.4.114-1+b1_amd64.deb ...
2026-10-07T21:32:55.5812236Z #9 10.47 Unpacking libdrm-amdgpu1:amd64 (2.4.114-1+b1) ...
2026-10-07T21:32:55.5813560Z #9 10.48 Selecting previously unselected package libpciaccess0:amd64.
2026-10-07T21:32:55.5814224Z #9 10.49 Preparing to unpack .../131-libpciaccess0_0.17-2_amd64.deb ...
2026-10-07T21:32:55.5814777Z #9 10.49 Unpacking libpciaccess0:amd64 (0.17-2) ...
2026-10-07T21:32:55.5815634Z #9 10.51 Selecting previously unselected package libdrm-intel1:amd64.
2026-10-07T21:32:55.6957541Z #9 10.51 Preparing to unpack .../132-libdrm-intel1_2.4.114-1+b1_amd64.deb ...
2026-10-07T21:32:55.6959034Z #9 10.51 Unpacking libdrm-intel1:amd64 (2.4.114-1+b1) ...
2026-10-07T21:32:55.6960155Z #9 10.53 Selecting previously unselected package libdrm-nouveau2:amd64.
2026-10-07T21:32:55.6961137Z #9 10.53 Preparing to unpack .../133-libdrm-nouveau2_2.4.114-1+b1_amd64.deb ...
2026-10-07T21:32:55.6961709Z #9 10.53 Unpacking libdrm-nouveau2:amd64 (2.4.114-1+b1) ...
2026-10-07T21:32:55.6962303Z #9 10.55 Selecting previously unselected package libdrm-radeon1:amd64.
2026-10-07T21:32:55.6963289Z #9 10.55 Preparing to unpack .../134-libdrm-radeon1_2.4.114-1+b1_amd64.deb ...
2026-10-07T21:32:55.6963858Z #9 10.55 Unpacking libdrm-radeon1:amd64 (2.4.114-1+b1) ...
2026-10-07T21:32:55.6964360Z #9 10.57 Selecting previously unselected package libelf1:amd64.
2026-10-07T21:32:55.6964928Z #9 10.57 Preparing to unpack .../135-libelf1_0.188-2.1_amd64.deb ...
2026-10-07T21:32:55.6965407Z #9 10.57 Unpacking libelf1:amd64 (0.188-2.1) ...
2026-10-07T21:32:55.6965849Z #9 10.60 Selecting previously unselected package libedit2:amd64.
2026-10-07T21:32:55.6966367Z #9 10.60 Preparing to unpack .../136-libedit2_3.1-20221030-2_amd64.deb ...
2026-10-07T21:32:55.6966835Z #9 10.60 Unpacking libedit2:amd64 (3.1-20221030-2) ...
2026-10-07T21:32:55.6967270Z #9 10.62 Selecting previously unselected package libz3-4:amd64.
2026-10-07T21:32:55.8494713Z #9 10.62 Preparing to unpack .../137-libz3-4_4.8.12-3.1_amd64.deb ...
2026-10-07T21:32:55.8495499Z #9 10.62 Unpacking libz3-4:amd64 (4.8.12-3.1) ...
2026-10-07T21:32:56.1639861Z #9 11.09 Selecting previously unselected package libllvm15:amd64.
2026-10-07T21:32:56.3195505Z #9 11.09 Preparing to unpack .../138-libllvm15_1%3a15.0.6-4+b1_amd64.deb ...
2026-10-07T21:32:56.3196440Z #9 11.09 Unpacking libllvm15:amd64 (1:15.0.6-4+b1) ...
2026-10-07T21:32:56.9487177Z #9 11.87 Selecting previously unselected package libsensors-config.
2026-10-07T21:32:57.1484421Z #9 11.88 Preparing to unpack .../139-libsensors-config_1%3a3.6.0-7.1_all.deb ...
2026-10-07T21:32:57.1485711Z #9 11.88 Unpacking libsensors-config (1:3.6.0-7.1) ...
2026-10-07T21:32:57.1486859Z #9 11.89 Selecting previously unselected package libsensors5:amd64.
2026-10-07T21:32:57.1488160Z #9 11.89 Preparing to unpack .../140-libsensors5_1%3a3.6.0-7.1_amd64.deb ...
2026-10-07T21:32:57.1489033Z #9 11.90 Unpacking libsensors5:amd64 (1:3.6.0-7.1) ...
2026-10-07T21:32:57.1489762Z #9 11.92 Selecting previously unselected package libgl1-mesa-dri:amd64.
2026-10-07T21:32:57.1490915Z #9 11.92 Preparing to unpack .../141-libgl1-mesa-dri_22.3.6-1+deb12u2_amd64.deb ...
2026-10-07T21:32:57.1491724Z #9 11.92 Unpacking libgl1-mesa-dri:amd64 (22.3.6-1+deb12u2) ...
2026-10-07T21:32:57.4283416Z #9 12.35 Selecting previously unselected package libglx-mesa0:amd64.
2026-10-07T21:32:57.5297106Z #9 12.36 Preparing to unpack .../142-libglx-mesa0_22.3.6-1+deb12u2_amd64.deb ...
2026-10-07T21:32:57.5297908Z #9 12.36 Unpacking libglx-mesa0:amd64 (22.3.6-1+deb12u2) ...
2026-10-07T21:32:57.5298517Z #9 12.38 Selecting previously unselected package libglx0:amd64.
2026-10-07T21:32:57.5299132Z #9 12.38 Preparing to unpack .../143-libglx0_1.6.0-1_amd64.deb ...
2026-10-07T21:32:57.5299670Z #9 12.38 Unpacking libglx0:amd64 (1.6.0-1) ...
2026-10-07T21:32:57.5300207Z #9 12.40 Selecting previously unselected package libgl1:amd64.
2026-10-07T21:32:57.5300807Z #9 12.41 Preparing to unpack .../144-libgl1_1.6.0-1_amd64.deb ...
2026-10-07T21:32:57.5301325Z #9 12.41 Unpacking libgl1:amd64 (1.6.0-1) ...
2026-10-07T21:32:57.5301859Z #9 12.43 Selecting previously unselected package x11-common.
2026-10-07T21:32:57.5302467Z #9 12.43 Preparing to unpack .../145-x11-common_1%3a7.7+23_all.deb ...
2026-10-07T21:32:57.5303526Z #9 12.43 Unpacking x11-common (1:7.7+23) ...
2026-10-07T21:32:57.5304255Z #9 12.45 Selecting previously unselected package libice6:amd64.
2026-10-07T21:32:57.6383299Z #9 12.46 Preparing to unpack .../146-libice6_2%3a1.0.10-1_amd64.deb ...
2026-10-07T21:32:57.6384388Z #9 12.46 Unpacking libice6:amd64 (2:1.0.10-1) ...
2026-10-07T21:32:57.6385333Z #9 12.47 Selecting previously unselected package libsm6:amd64.
2026-10-07T21:32:57.6386380Z #9 12.48 Preparing to unpack .../147-libsm6_2%3a1.2.3-1_amd64.deb ...
2026-10-07T21:32:57.6387301Z #9 12.48 Unpacking libsm6:amd64 (2:1.2.3-1) ...
2026-10-07T21:32:57.6388203Z #9 12.49 Selecting previously unselected package libxt6:amd64.
2026-10-07T21:32:57.6389239Z #9 12.50 Preparing to unpack .../148-libxt6_1%3a1.2.1-1.1_amd64.deb ...
2026-10-07T21:32:57.6390202Z #9 12.50 Unpacking libxt6:amd64 (1:1.2.1-1.1) ...
2026-10-07T21:32:57.6391128Z #9 12.52 Selecting previously unselected package libxmu6:amd64.
2026-10-07T21:32:57.6392173Z #9 12.52 Preparing to unpack .../149-libxmu6_2%3a1.1.3-3_amd64.deb ...
2026-10-07T21:32:57.6393205Z #9 12.53 Unpacking libxmu6:amd64 (2:1.1.3-3) ...
2026-10-07T21:32:57.6394055Z #9 12.54 Selecting previously unselected package libxpm4:amd64.
2026-10-07T21:32:57.6395062Z #9 12.54 Preparing to unpack .../150-libxpm4_1%3a3.5.12-1.1+deb12u1_amd64.deb ...
2026-10-07T21:32:57.6396022Z #9 12.55 Unpacking libxpm4:amd64 (1:3.5.12-1.1+deb12u1) ...
2026-10-07T21:32:57.6396892Z #9 12.56 Selecting previously unselected package libxaw7:amd64.
2026-10-07T21:32:57.7502141Z #9 12.57 Preparing to unpack .../151-libxaw7_2%3a1.0.14-1_amd64.deb ...
2026-10-07T21:32:57.7503477Z #9 12.57 Unpacking libxaw7:amd64 (2:1.0.14-1) ...
2026-10-07T21:32:57.7504526Z #9 12.59 Selecting previously unselected package libxcb-shape0:amd64.
2026-10-07T21:32:57.7505528Z #9 12.60 Preparing to unpack .../152-libxcb-shape0_1.15-1_amd64.deb ...
2026-10-07T21:32:57.7506079Z #9 12.60 Unpacking libxcb-shape0:amd64 (1.15-1) ...
2026-10-07T21:32:57.7506608Z #9 12.62 Selecting previously unselected package libxft2:amd64.
2026-10-07T21:32:57.7507188Z #9 12.62 Preparing to unpack .../153-libxft2_2.3.6-1_amd64.deb ...
2026-10-07T21:32:57.7507696Z #9 12.62 Unpacking libxft2:amd64 (2.3.6-1) ...
2026-10-07T21:32:57.7508227Z #9 12.64 Selecting previously unselected package libxkbfile1:amd64.
2026-10-07T21:32:57.7508841Z #9 12.64 Preparing to unpack .../154-libxkbfile1_1%3a1.1.0-1_amd64.deb ...
2026-10-07T21:32:57.7509392Z #9 12.64 Unpacking libxkbfile1:amd64 (1:1.1.0-1) ...
2026-10-07T21:32:57.7509955Z #9 12.66 Selecting previously unselected package libxmuu1:amd64.
2026-10-07T21:32:57.7510561Z #9 12.66 Preparing to unpack .../155-libxmuu1_2%3a1.1.3-3_amd64.deb ...
2026-10-07T21:32:57.7511097Z #9 12.66 Unpacking libxmuu1:amd64 (2:1.1.3-3) ...
2026-10-07T21:32:57.7511863Z #9 12.67 Selecting previously unselected package libxtst6:amd64.
2026-10-07T21:32:57.8614686Z #9 12.68 Preparing to unpack .../156-libxtst6_2%3a1.2.3-1.1_amd64.deb ...
2026-10-07T21:32:57.8615285Z #9 12.68 Unpacking libxtst6:amd64 (2:1.2.3-1.1) ...
2026-10-07T21:32:57.8616080Z #9 12.69 Selecting previously unselected package libxv1:amd64.
2026-10-07T21:32:57.8617110Z #9 12.69 Preparing to unpack .../157-libxv1_2%3a1.0.11-1.1_amd64.deb ...
2026-10-07T21:32:57.8617933Z #9 12.70 Unpacking libxv1:amd64 (2:1.0.11-1.1) ...
2026-10-07T21:32:57.8618739Z #9 12.71 Selecting previously unselected package libxxf86dga1:amd64.
2026-10-07T21:32:57.8619665Z #9 12.71 Preparing to unpack .../158-libxxf86dga1_2%3a1.1.5-1_amd64.deb ...
2026-10-07T21:32:57.8620465Z #9 12.71 Unpacking libxxf86dga1:amd64 (2:1.1.5-1) ...
2026-10-07T21:32:57.8621181Z #9 12.73 Selecting previously unselected package x11-utils.
2026-10-07T21:32:57.8621953Z #9 12.73 Preparing to unpack .../159-x11-utils_7.7+5_amd64.deb ...
2026-10-07T21:32:57.8622830Z #9 12.73 Unpacking x11-utils (7.7+5) ...
2026-10-07T21:32:57.8623497Z #9 12.76 Selecting previously unselected package xdg-utils.
2026-10-07T21:32:57.8624271Z #9 12.77 Preparing to unpack .../160-xdg-utils_1.1.3-4.1_all.deb ...
2026-10-07T21:32:57.8624964Z #9 12.77 Unpacking xdg-utils (1.1.3-4.1) ...
2026-10-07T21:32:57.8625630Z #9 12.79 Selecting previously unselected package chromium-common.
2026-10-07T21:32:58.0156579Z #9 12.79 Preparing to unpack .../161-chromium-common_154.0.8037.92-1~deb12u1_amd64.deb ...
2026-10-07T21:32:58.0157911Z #9 12.79 Unpacking chromium-common (154.0.8037.92-1~deb12u1) ...
2026-10-07T21:32:58.4170821Z #9 13.34 Selecting previously unselected package chromium.
2026-10-07T21:32:58.5708442Z #9 13.34 Preparing to unpack .../162-chromium_154.0.8037.92-1~deb12u1_amd64.deb ...
2026-10-07T21:32:58.5709424Z #9 13.34 Unpacking chromium (154.0.8037.92-1~deb12u1) ...
2026-10-07T21:33:00.4114395Z #9 15.34 Selecting previously unselected package tini.
2026-10-07T21:33:00.5239260Z #9 15.34 Preparing to unpack .../163-tini_0.19.0-1+b3_amd64.deb ...
2026-10-07T21:33:00.5239820Z #9 15.34 Unpacking tini (0.19.0-1+b3) ...
2026-10-07T21:33:00.5240319Z #9 15.40 Setting up libexpat1:amd64 (2.5.0-1+deb12u4) ...
2026-10-07T21:33:00.5240997Z #9 15.40 Setting up bubblewrap (0.8.0-2+deb12u1) ...
2026-10-07T21:33:00.5241830Z #9 15.40 sysctl: cannot open "/etc/sysctl.d/99-sysctl.conf": No such file or directory
2026-10-07T21:33:00.5242787Z #9 15.40 Setting up libgraphite2-3:amd64 (1.3.14-1+deb12u1) ...
2026-10-07T21:33:00.5243492Z #9 15.41 Setting up liblcms2-2:amd64 (2.14-2+deb12u1) ...
2026-10-07T21:33:00.5243962Z #9 15.41 Setting up libpixman-1-0:amd64 (0.42.2-1) ...
2026-10-07T21:33:00.5244757Z #9 15.41 Setting up libwayland-server0:amd64 (1.21.0-1) ...
2026-10-07T21:33:00.5245358Z #9 15.41 Setting up libpciaccess0:amd64 (0.17-2) ...
2026-10-07T21:33:00.5245925Z #9 15.41 Setting up systemd-sysv (252.39-1~deb12u2) ...
2026-10-07T21:33:00.5246437Z #9 15.42 Setting up libxau6:amd64 (1:1.0.9-1) ...
2026-10-07T21:33:00.5247106Z #9 15.42 Setting up libdouble-conversion3:amd64 (3.2.1-1) ...
2026-10-07T21:33:00.5247596Z #9 15.42 Setting up libkeyutils1:amd64 (1.6.3-2) ...
2026-10-07T21:33:00.5248123Z #9 15.42 Setting up libicu72:amd64 (72.1-3+deb12u1) ...
2026-10-07T21:33:00.5248547Z #9 15.43 Setting up libmpg123-0:amd64 (1.31.2-1+deb12u1) ...
2026-10-07T21:33:00.5249052Z #9 15.43 Setting up libogg0:amd64 (1.3.5-3) ...
2026-10-07T21:33:00.5249528Z #9 15.43 Setting up liblerc4:amd64 (4.0.0+ds-2) ...
2026-10-07T21:33:00.5249905Z #9 15.43 Setting up hicolor-icon-theme (0.17-2) ...
2026-10-07T21:33:00.5250422Z #9 15.45 Setting up libdatrie1:amd64 (0.2.13-2+b1) ...
2026-10-07T21:33:00.6395666Z #9 15.45 Setting up libminizip1:amd64 (1.1-8+deb12u1) ...
2026-10-07T21:33:00.6396709Z #9 15.45 Setting up libglib2.0-0:amd64 (2.74.6-2+deb12u9) ...
2026-10-07T21:33:00.6397714Z #9 15.46 Setting up libglvnd0:amd64 (1.6.0-1) ...
2026-10-07T21:33:00.6398423Z #9 15.46 Setting up libbrotli1:amd64 (1.0.9-2+b6) ...
2026-10-07T21:33:00.6399290Z #9 15.47 Setting up libsqlite3-0:amd64 (3.40.1-2+deb12u2) ...
2026-10-07T21:33:00.6399879Z #9 15.47 Setting up libgdk-pixbuf2.0-common (2.42.10+dfsg-1+deb12u4) ...
2026-10-07T21:33:00.6400380Z #9 15.47 Setting up x11-common (1:7.7+23) ...
2026-10-07T21:33:00.6400803Z #9 15.54 debconf: unable to initialize frontend: Dialog
2026-10-07T21:33:00.6401511Z #9 15.54 debconf: (TERM is not set, so the dialog frontend is not usable.)
2026-10-07T21:33:00.6402394Z #9 15.54 debconf: falling back to frontend: Readline
2026-10-07T21:33:00.6403321Z #9 15.54 debconf: unable to initialize frontend: Readline
2026-10-07T21:33:00.6405668Z #9 15.54 debconf: (Can't locate Term/ReadLine.pm in @INC (you may need to install the Term::ReadLine module) (@INC contains: /etc/perl /usr/local/lib/x86_64-linux-gnu/perl/5.36.0 /usr/local/share/perl/5.36.0 /usr/lib/x86_64-linux-gnu/perl5/5.36 /usr/share/perl5 /usr/lib/x86_64-linux-gnu/perl-base /usr/lib/x86_64-linux-gnu/perl/5.36 /usr/share/perl/5.36 /usr/local/lib/site_perl) at /usr/share/perl5/Debconf/FrontEnd/Readline.pm line 7.)
2026-10-07T21:33:00.6408411Z #9 15.54 debconf: falling back to frontend: Teletype
2026-10-07T21:33:00.6408892Z #9 15.56 invoke-rc.d: could not determine current runlevel
2026-10-07T21:33:00.7551231Z #9 15.57 invoke-rc.d: policy-rc.d denied execution of restart.
2026-10-07T21:33:00.7551910Z #9 15.57 Setting up libsensors-config (1:3.6.0-7.1) ...
2026-10-07T21:33:00.7553696Z #9 15.58 Setting up libdeflate0:amd64 (1.14-1) ...
2026-10-07T21:33:00.7554372Z #9 15.58 Setting up xkb-data (2.35.1-1) ...
2026-10-07T21:33:00.7555192Z #9 15.58 Setting up libjbig0:amd64 (2.1-6.1) ...
2026-10-07T21:33:00.7555883Z #9 15.58 Setting up libcolord2:amd64 (1.4.6-2.2) ...
2026-10-07T21:33:00.7556661Z #9 15.58 Setting up libkrb5support0:amd64 (1.20.1-2+deb12u5) ...
2026-10-07T21:33:00.7557403Z #9 15.59 Setting up libdconf1:amd64 (0.40.0-4) ...
2026-10-07T21:33:00.7558195Z #9 15.59 Setting up libasound2-data (1.2.8-1) ...
2026-10-07T21:33:00.7558924Z #9 15.59 Setting up libfontenc1:amd64 (1:1.1.4-1) ...
2026-10-07T21:33:00.7559781Z #9 15.59 Setting up libz3-4:amd64 (4.8.12-3.1) ...
2026-10-07T21:33:00.7560491Z #9 15.59 Setting up libflac12:amd64 (1.4.2+ds-2) ...
2026-10-07T21:33:00.7561012Z #9 15.60 Setting up libjpeg62-turbo:amd64 (1:2.1.5-2) ...
2026-10-07T21:33:00.7561802Z #9 15.60 Setting up libx11-data (2:1.8.4-2+deb12u2) ...
2026-10-07T21:33:00.7562432Z #9 15.60 Setting up libepoxy0:amd64 (1.5.10-1) ...
2026-10-07T21:33:00.7563510Z #9 15.60 Setting up libnspr4:amd64 (2:4.35-1) ...
2026-10-07T21:33:00.7564399Z #9 15.60 Setting up libavahi-common-data:amd64 (0.8-10+deb12u1) ...
2026-10-07T21:33:00.7565394Z #9 15.61 Setting up libdbus-1-3:amd64 (1.14.10-1~deb12u1) ...
2026-10-07T21:33:00.7566039Z #9 15.61 Setting up libfribidi0:amd64 (1.0.8-2.1) ...
2026-10-07T21:33:00.7566587Z #9 15.61 Setting up libopus0:amd64 (1.3.1-3) ...
2026-10-07T21:33:00.7567175Z #9 15.61 Setting up libproc2-0:amd64 (2:4.0.2-3) ...
2026-10-07T21:33:00.7567654Z #9 15.61 Setting up libpng16-16:amd64 (1.6.39-2+deb12u6) ...
2026-10-07T21:33:00.7568417Z #9 15.62 Setting up libvorbis0a:amd64 (1.3.7-1) ...
2026-10-07T21:33:00.7569080Z #9 15.62 Setting up tini (0.19.0-1+b3) ...
2026-10-07T21:33:00.7569608Z #9 15.62 Setting up fonts-dejavu-core (2.37-6) ...
2026-10-07T21:33:00.7570186Z #9 15.63 Setting up libsensors5:amd64 (1:3.6.0-7.1) ...
2026-10-07T21:33:00.7570947Z #9 15.63 Setting up libncursesw6:amd64 (6.4-4) ...
2026-10-07T21:33:00.7571748Z #9 15.64 Setting up libk5crypto3:amd64 (1.20.1-2+deb12u5) ...
2026-10-07T21:33:00.7572806Z #9 15.64 Setting up libdav1d6:amd64 (1.0.0-2+deb12u1) ...
2026-10-07T21:33:00.7573681Z #9 15.64 Setting up libglapi-mesa:amd64 (22.3.6-1+deb12u2) ...
2026-10-07T21:33:00.7574695Z #9 15.64 Setting up libopenh264-7:amd64 (2.3.1+dfsg-3+deb12u2) ...
2026-10-07T21:33:00.7575600Z #9 15.64 Setting up libwebp7:amd64 (1.2.4-0.2+deb12u1) ...
2026-10-07T21:33:00.7576088Z #9 15.65 Setting up libasyncns0:amd64 (0.8-6+b3) ...
2026-10-07T21:33:00.7576859Z #9 15.65 Setting up libxshmfence1:amd64 (1.3-1) ...
2026-10-07T21:33:00.7577520Z #9 15.65 Setting up at-spi2-common (2.46.0-5) ...
2026-10-07T21:33:00.7577982Z #9 15.65 Setting up libtiff6:amd64 (4.5.0-6+deb12u4) ...
2026-10-07T21:33:00.7578672Z #9 15.65 Setting up dbus-session-bus-common (1.14.10-1~deb12u1) ...
2026-10-07T21:33:00.7579175Z #9 15.66 Setting up procps (2:4.0.2-3) ...
2026-10-07T21:33:00.7579590Z #9 15.68 Setting up libasound2:amd64 (1.2.8-1+b1) ...
2026-10-07T21:33:00.8563965Z #9 15.68 Setting up libopenjp2-7:amd64 (2.5.0-2+deb12u3) ...
2026-10-07T21:33:00.8564808Z #9 15.68 Setting up libthai-data (0.1.29-1) ...
2026-10-07T21:33:00.8565354Z #9 15.69 Setting up libatk1.0-0:amd64 (2.46.0-5) ...
2026-10-07T21:33:00.8566065Z #9 15.69 Setting up libkrb5-3:amd64 (1.20.1-2+deb12u5) ...
2026-10-07T21:33:00.8566931Z #9 15.69 Setting up libwayland-egl1:amd64 (1.21.0-1) ...
2026-10-07T21:33:00.8567849Z #9 15.69 Setting up dbus-system-bus-common (1.14.10-1~deb12u1) ...
2026-10-07T21:33:00.8568402Z #9 15.74 Setting up libbsd0:amd64 (0.11.7-2) ...
2026-10-07T21:33:00.8569216Z #9 15.74 Setting up libdrm-common (2.4.114-1) ...
2026-10-07T21:33:00.8569793Z #9 15.74 Setting up libelf1:amd64 (0.188-2.1) ...
2026-10-07T21:33:00.8570496Z #9 15.75 Setting up libxml2:amd64 (2.9.14+dfsg-1.3~deb12u6) ...
2026-10-07T21:33:00.8571109Z #9 15.75 Setting up xdg-utils (1.1.3-4.1) ...
2026-10-07T21:33:00.8572014Z #9 15.75 update-alternatives: using /usr/bin/xdg-open to provide /usr/bin/open (open) in auto mode
2026-10-07T21:33:00.8574171Z #9 15.75 update-alternatives: warning: skip creation of /usr/share/man/man1/open.1.gz because associated file /usr/share/man/man1/xdg-open.1.gz (of link group open) doesn't exist
2026-10-07T21:33:00.8575081Z #9 15.75 Setting up dbus-bin (1.14.10-1~deb12u1) ...
2026-10-07T21:33:00.8575604Z #9 15.78 Setting up libmp3lame0:amd64 (3.100-6) ...
2026-10-07T21:33:00.8576227Z #9 15.78 Setting up libvorbisenc2:amd64 (1.3.7-1) ...
2026-10-07T21:33:01.0721585Z #9 15.78 Setting up libxkbcommon0:amd64 (1.5.0-1) ...
2026-10-07T21:33:01.0722366Z #9 15.79 Setting up libwayland-client0:amd64 (1.21.0-1) ...
2026-10-07T21:33:01.0723397Z #9 15.79 Setting up libice6:amd64 (2:1.0.10-1) ...
2026-10-07T21:33:01.0723908Z #9 15.79 Setting up libxdmcp6:amd64 (1:1.1.2-3) ...
2026-10-07T21:33:01.0724387Z #9 15.79 Setting up libxcb1:amd64 (1.15-1) ...
2026-10-07T21:33:01.0724882Z #9 15.80 Setting up libxcb-xfixes0:amd64 (1.15-1) ...
2026-10-07T21:33:01.0725411Z #9 15.80 Setting up libxcb-render0:amd64 (1.15-1) ...
2026-10-07T21:33:01.0725916Z #9 15.80 Setting up fontconfig-config (2.14.1-4) ...
2026-10-07T21:33:01.0726663Z #9 15.86 debconf: unable to initialize frontend: Dialog
2026-10-07T21:33:01.0727360Z #9 15.86 debconf: (TERM is not set, so the dialog frontend is not usable.)
2026-10-07T21:33:01.0728027Z #9 15.86 debconf: falling back to frontend: Readline
2026-10-07T21:33:01.0728548Z #9 15.86 debconf: unable to initialize frontend: Readline
2026-10-07T21:33:01.0731221Z #9 15.86 debconf: (Can't locate Term/ReadLine.pm in @INC (you may need to install the Term::ReadLine module) (@INC contains: /etc/perl /usr/local/lib/x86_64-linux-gnu/perl/5.36.0 /usr/local/share/perl/5.36.0 /usr/lib/x86_64-linux-gnu/perl5/5.36 /usr/share/perl5 /usr/lib/x86_64-linux-gnu/perl-base /usr/lib/x86_64-linux-gnu/perl/5.36 /usr/share/perl/5.36 /usr/local/lib/site_perl) at /usr/share/perl5/Debconf/FrontEnd/Readline.pm line 7.)
2026-10-07T21:33:01.0733701Z #9 15.86 debconf: falling back to frontend: Teletype
2026-10-07T21:33:01.0734166Z #9 16.00 Setting up libxcb-glx0:amd64 (1.15-1) ...
2026-10-07T21:33:01.2819791Z #9 16.00 Setting up libedit2:amd64 (3.1-20221030-2) ...
2026-10-07T21:33:01.2820455Z #9 16.00 Setting up libxcb-shape0:amd64 (1.15-1) ...
2026-10-07T21:33:01.2821104Z #9 16.00 Setting up libavahi-common3:amd64 (0.8-10+deb12u1) ...
2026-10-07T21:33:01.2821942Z #9 16.01 Setting up libnss3:amd64 (2:3.87.1-1+deb12u4) ...
2026-10-07T21:33:01.2822793Z #9 16.01 Setting up libxcb-shm0:amd64 (1.15-1) ...
2026-10-07T21:33:01.2823372Z #9 16.01 Setting up dbus-daemon (1.14.10-1~deb12u1) ...
2026-10-07T21:33:01.2824314Z #9 16.02 Setting up libxcb-present0:amd64 (1.15-1) ...
2026-10-07T21:33:01.2824879Z #9 16.03 Setting up libthai0:amd64 (0.1.29-1) ...
2026-10-07T21:33:01.2825507Z #9 16.03 Setting up libfreetype6:amd64 (2.12.1+dfsg-5+deb12u4) ...
2026-10-07T21:33:01.2826124Z #9 16.03 Setting up libxcb-sync1:amd64 (1.15-1) ...
2026-10-07T21:33:01.2826849Z #9 16.03 Setting up dbus (1.14.10-1~deb12u1) ...
2026-10-07T21:33:01.2827519Z #9 16.05 invoke-rc.d: could not determine current runlevel
2026-10-07T21:33:01.2828241Z #9 16.05 invoke-rc.d: policy-rc.d denied execution of start.
2026-10-07T21:33:01.2828873Z #9 16.06 Setting up shared-mime-info (2.2-1) ...
2026-10-07T21:33:01.7170131Z #9 16.64 Setting up libgssapi-krb5-2:amd64 (1.20.1-2+deb12u5) ...
2026-10-07T21:33:01.8486258Z #9 16.64 Setting up libxcb-dri2-0:amd64 (1.15-1) ...
2026-10-07T21:33:01.8487118Z #9 16.65 Setting up libdrm2:amd64 (2.4.114-1+b1) ...
2026-10-07T21:33:01.8487883Z #9 16.65 Setting up libwayland-cursor0:amd64 (1.21.0-1) ...
2026-10-07T21:33:01.8488540Z #9 16.65 Setting up libxcb-randr0:amd64 (1.15-1) ...
2026-10-07T21:33:01.8489056Z #9 16.65 Setting up libllvm15:amd64 (1:15.0.6-4+b1) ...
2026-10-07T21:33:01.8489709Z #9 16.66 Setting up libpam-systemd:amd64 (252.39-1~deb12u2) ...
2026-10-07T21:33:01.8490204Z #9 16.72 debconf: unable to initialize frontend: Dialog
2026-10-07T21:33:01.8491044Z #9 16.72 debconf: (TERM is not set, so the dialog frontend is not usable.)
2026-10-07T21:33:01.8492246Z #9 16.72 debconf: falling back to frontend: Readline
2026-10-07T21:33:01.8493263Z #9 16.72 debconf: unable to initialize frontend: Readline
2026-10-07T21:33:01.8496081Z #9 16.72 debconf: (Can't locate Term/ReadLine.pm in @INC (you may need to install the Term::ReadLine module) (@INC contains: /etc/perl /usr/local/lib/x86_64-linux-gnu/perl/5.36.0 /usr/local/share/perl/5.36.0 /usr/lib/x86_64-linux-gnu/perl5/5.36 /usr/share/perl5 /usr/lib/x86_64-linux-gnu/perl-base /usr/lib/x86_64-linux-gnu/perl/5.36 /usr/share/perl/5.36 /usr/local/lib/site_perl) at /usr/share/perl5/Debconf/FrontEnd/Readline.pm line 7.)
2026-10-07T21:33:01.8498000Z #9 16.72 debconf: falling back to frontend: Teletype
2026-10-07T21:33:01.8498543Z #9 16.77 Setting up libx11-6:amd64 (2:1.8.4-2+deb12u2) ...
2026-10-07T21:33:02.0492785Z #9 16.78 Setting up libharfbuzz0b:amd64 (6.0.0+dfsg-3) ...
2026-10-07T21:33:02.0493785Z #9 16.78 Setting up libgdk-pixbuf-2.0-0:amd64 (2.42.10+dfsg-1+deb12u4) ...
2026-10-07T21:33:02.0494572Z #9 16.80 Setting up libfontconfig1:amd64 (2.14.1-4) ...
2026-10-07T21:33:02.0495195Z #9 16.80 Setting up libsndfile1:amd64 (1.2.0-1+deb12u1) ...
2026-10-07T21:33:02.0495772Z #9 16.80 Setting up libxkbfile1:amd64 (1:1.1.0-1) ...
2026-10-07T21:33:02.0496314Z #9 16.80 Setting up libxcomposite1:amd64 (1:0.4.5-1) ...
2026-10-07T21:33:02.0496827Z #9 16.80 Setting up libsm6:amd64 (2:1.2.3-1) ...
2026-10-07T21:33:02.0497372Z #9 16.81 Setting up libavahi-client3:amd64 (0.8-10+deb12u1) ...
2026-10-07T21:33:02.0497910Z #9 16.81 Setting up libxmuu1:amd64 (2:1.1.3-3) ...
2026-10-07T21:33:02.0498450Z #9 16.81 Setting up libdrm-amdgpu1:amd64 (2.4.114-1+b1) ...
2026-10-07T21:33:02.0498977Z #9 16.81 Setting up libxcb-dri3-0:amd64 (1.15-1) ...
2026-10-07T21:33:02.0499546Z #9 16.82 Setting up gtk-update-icon-cache (3.24.38-2~deb12u3) ...
2026-10-07T21:33:02.0500149Z #9 16.82 Setting up libx11-xcb1:amd64 (2:1.8.4-2+deb12u2) ...
2026-10-07T21:33:02.0500655Z #9 16.82 Setting up fontconfig (2.14.1-4) ...
2026-10-07T21:33:03.9121414Z #9 16.82 Regenerating fonts cache... done.
2026-10-07T21:33:04.0326223Z #9 18.84 Setting up libdrm-nouveau2:amd64 (2.4.114-1+b1) ...
2026-10-07T21:33:04.0326985Z #9 18.84 Setting up libxdamage1:amd64 (1:1.1.6-1) ...
2026-10-07T21:33:04.0327530Z #9 18.84 Setting up libxpm4:amd64 (1:3.5.12-1.1+deb12u1) ...
2026-10-07T21:33:04.0328091Z #9 18.84 Setting up libxrender1:amd64 (1:0.9.10-1.1) ...
2026-10-07T21:33:04.0328754Z #9 18.85 Setting up libgbm1:amd64 (22.3.6-1+deb12u2) ...
2026-10-07T21:33:04.0329631Z #9 18.85 Setting up libpulse0:amd64 (16.1+dfsg1-2+b1) ...
2026-10-07T21:33:04.0330871Z #9 18.86 Setting up libdrm-radeon1:amd64 (2.4.114-1+b1) ...
2026-10-07T21:33:04.0331617Z #9 18.86 Setting up libpango-1.0-0:amd64 (1.50.12+ds-1) ...
2026-10-07T21:33:04.0332129Z #9 18.86 Setting up libdrm-intel1:amd64 (2.4.114-1+b1) ...
2026-10-07T21:33:04.0333141Z #9 18.86 Setting up libgl1-mesa-dri:amd64 (22.3.6-1+deb12u2) ...
2026-10-07T21:33:04.0334001Z #9 18.87 Setting up libxext6:amd64 (2:1.3.4-1+b1) ...
2026-10-07T21:33:04.0334599Z #9 18.87 Setting up libcairo2:amd64 (1.16.0-7) ...
2026-10-07T21:33:04.0335035Z #9 18.87 Setting up libxxf86vm1:amd64 (1:1.1.4-1+b2) ...
2026-10-07T21:33:04.0335495Z #9 18.88 Setting up libxnvctrl0:amd64 (525.85.05-3~deb12u1) ...
2026-10-07T21:33:04.0335972Z #9 18.88 Setting up dbus-user-session (1.14.10-1~deb12u1) ...
2026-10-07T21:33:04.0336572Z #9 18.88 Setting up adwaita-icon-theme (43-1) ...
2026-10-07T21:33:04.0337492Z #9 18.96 update-alternatives: using /usr/share/icons/Adwaita/cursor.theme to provide /usr/share/icons/default/index.theme (x-cursor-theme) in auto mode
2026-10-07T21:33:04.1489059Z #9 18.96 Setting up libxfixes3:amd64 (1:6.0.0-2) ...
2026-10-07T21:33:04.1489998Z #9 18.96 Setting up libxinerama1:amd64 (2:1.1.4-3) ...
2026-10-07T21:33:04.1490573Z #9 18.96 Setting up libxv1:amd64 (2:1.0.11-1.1) ...
2026-10-07T21:33:04.1491146Z #9 18.97 Setting up libxrandr2:amd64 (2:1.5.2-2+b1) ...
2026-10-07T21:33:04.1491707Z #9 18.97 Setting up libxt6:amd64 (1:1.2.1-1.1) ...
2026-10-07T21:33:04.1492796Z #9 18.97 Setting up libcups2:amd64 (2.4.2-3+deb12u9) ...
2026-10-07T21:33:04.1493453Z #9 18.97 Setting up libharfbuzz-subset0:amd64 (6.0.0+dfsg-3) ...
2026-10-07T21:33:04.1494116Z #9 18.98 Setting up libcairo-gobject2:amd64 (1.16.0-7) ...
2026-10-07T21:33:04.1494741Z #9 18.98 Setting up libpangoft2-1.0-0:amd64 (1.50.12+ds-1) ...
2026-10-07T21:33:04.1495329Z #9 18.98 Setting up libpangocairo-1.0-0:amd64 (1.50.12+ds-1) ...
2026-10-07T21:33:04.1495811Z #9 18.98 Setting up libxft2:amd64 (2.3.6-1) ...
2026-10-07T21:33:04.1496251Z #9 18.98 Setting up libxmu6:amd64 (2:1.1.3-3) ...
2026-10-07T21:33:04.1496760Z #9 18.99 Setting up libglx-mesa0:amd64 (22.3.6-1+deb12u2) ...
2026-10-07T21:33:04.1497250Z #9 18.99 Setting up libxi6:amd64 (2:1.8-1+b1) ...
2026-10-07T21:33:04.1497679Z #9 18.99 Setting up libglx0:amd64 (1.6.0-1) ...
2026-10-07T21:33:04.1498130Z #9 19.00 Setting up libxtst6:amd64 (2:1.2.3-1.1) ...
2026-10-07T21:33:04.1498594Z #9 19.00 Setting up libxcursor1:amd64 (1:1.2.1-1) ...
2026-10-07T21:33:04.1499071Z #9 19.00 Setting up libxxf86dga1:amd64 (2:1.1.5-1) ...
2026-10-07T21:33:04.1499519Z #9 19.00 Setting up dconf-service (0.40.0-4) ...
2026-10-07T21:33:04.1499960Z #9 19.00 Setting up libxaw7:amd64 (2:1.0.14-1) ...
2026-10-07T21:33:04.1500418Z #9 19.03 Setting up libatspi2.0-0:amd64 (2.46.0-5) ...
2026-10-07T21:33:04.1500918Z #9 19.03 Setting up libatk-bridge2.0-0:amd64 (2.46.0-5) ...
2026-10-07T21:33:04.1501376Z #9 19.04 Setting up libgl1:amd64 (1.6.0-1) ...
2026-10-07T21:33:04.1501777Z #9 19.04 Setting up x11-utils (7.7+5) ...
2026-10-07T21:33:04.1502267Z #9 19.05 Setting up chromium-common (154.0.8037.92-1~deb12u1) ...
2026-10-07T21:33:04.1503269Z #9 19.05 Setting up dconf-gsettings-backend:amd64 (0.40.0-4) ...
2026-10-07T21:33:04.1503957Z #9 19.05 Setting up libgtk-3-common (3.24.38-2~deb12u3) ...
2026-10-07T21:33:04.1504591Z #9 19.05 Setting up libgtk-3-0:amd64 (3.24.38-2~deb12u3) ...
2026-10-07T21:33:04.1505204Z #9 19.07 Setting up chromium (154.0.8037.92-1~deb12u1) ...
2026-10-07T21:33:04.3134337Z #9 19.08 update-alternatives: using /usr/bin/chromium to provide /usr/bin/x-www-browser (x-www-browser) in auto mode
2026-10-07T21:33:04.3137755Z #9 19.08 update-alternatives: using /usr/bin/chromium to provide /usr/bin/gnome-www-browser (gnome-www-browser) in auto mode
2026-10-07T21:33:04.3144405Z #9 19.09 Processing triggers for libc-bin (2.36-9+deb12u14) ...
2026-10-07T21:33:05.7441912Z #9 DONE 20.7s
2026-10-07T21:33:05.9144000Z 
2026-10-07T21:33:05.9145300Z #10 [5/9] COPY package.json pnpm-lock.yaml pnpm-workspace.yaml ./
2026-10-07T21:33:05.9146015Z #10 DONE 0.0s
2026-10-07T21:33:05.9146246Z 
2026-10-07T21:33:05.9147020Z #11 [6/9] RUN pnpm install --frozen-lockfile
2026-10-07T21:33:05.9346215Z #11 0.171 ! Corepack is about to download https://registry.npmjs.org/pnpm/-/pnpm-10.18.3.tgz
2026-10-07T21:33:07.2708382Z #11 1.507 Lockfile is up to date, resolution step is skipped
2026-10-07T21:33:07.3808178Z #11 1.553 Progress: resolved 1, reused 0, downloaded 0, added 0
2026-10-07T21:33:07.3809291Z #11 1.617 Packages: +408
2026-10-07T21:33:07.3810142Z #11 1.617 ++++++++++++++++++++++++++++++++++++++++++++++++++++++++++++++++++++++++++++++++
2026-10-07T21:33:07.6182144Z #11 1.854 
2026-10-07T21:33:07.6184021Z #11 1.854    ╭───────────────────────────────────────────────╮
2026-10-07T21:33:07.6185030Z #11 1.854    │                                               │
2026-10-07T21:33:07.6186002Z #11 1.854    │     Update available! 10.18.3 → 12.10.1.      │
2026-10-07T21:33:07.6187326Z #11 1.854    │     Changelog: https://pnpm.io/v/12.10.1      │
2026-10-07T21:33:07.6188675Z #11 1.854    │   To update, run: corepack use pnpm@12.10.1   │
2026-10-07T21:33:07.6189600Z #11 1.854    │                                               │
2026-10-07T21:33:07.6190267Z #11 1.854    ╰───────────────────────────────────────────────╯
2026-10-07T21:33:07.6190591Z #11 1.854 
2026-10-07T21:33:08.3174325Z #11 2.554 Progress: resolved 408, reused 0, downloaded 145, added 103
2026-10-07T21:33:09.3179809Z #11 3.553 Progress: resolved 408, reused 0, downloaded 249, added 185
2026-10-07T21:33:10.3204801Z #11 4.556 Progress: resolved 408, reused 0, downloaded 331, added 234
2026-10-07T21:33:11.3191115Z #11 5.555 Progress: resolved 408, reused 0, downloaded 406, added 283
2026-10-07T21:33:11.7214889Z #11 5.957 Progress: resolved 408, reused 0, downloaded 408, added 408, done
2026-10-07T21:33:11.8508774Z #11 6.087 .../node_modules/@prisma/engines postinstall$ node scripts/postinstall.js
2026-10-07T21:33:12.0113835Z #11 6.119 .../esbuild@0.25.12/node_modules/esbuild postinstall$ node install.js
2026-10-07T21:33:12.0115102Z #11 6.120 .../esbuild@0.28.1/node_modules/esbuild postinstall$ node install.js
2026-10-07T21:33:12.0116498Z #11 6.121 .../esbuild@0.28.2/node_modules/esbuild postinstall$ node install.js
2026-10-07T21:33:12.0117688Z #11 6.176 .../node_modules/workerd postinstall$ node install.js
2026-10-07T21:33:12.0118843Z #11 6.247 .../esbuild@0.25.12/node_modules/esbuild postinstall: Done
2026-10-07T21:33:12.1510785Z #11 6.265 .../esbuild@0.28.1/node_modules/esbuild postinstall: Done
2026-10-07T21:33:12.1513466Z #11 6.387 .../esbuild@0.28.2/node_modules/esbuild postinstall: Done
2026-10-07T21:33:12.3045881Z #11 6.390 .../node_modules/workerd postinstall: Done
2026-10-07T21:33:12.7948743Z #11 7.031 .../node_modules/@prisma/engines postinstall: Done
2026-10-07T21:33:13.0084215Z #11 7.242 .../node_modules/prisma preinstall$ node scripts/preinstall-entry.js
2026-10-07T21:33:13.2321673Z #11 7.318 .../node_modules/prisma preinstall: Done
2026-10-07T21:33:13.3580809Z #11 7.594 
2026-10-07T21:33:13.3581272Z #11 7.594 dependencies:
2026-10-07T21:33:13.3581844Z #11 7.594 + @cloudflare/containers 0.3.7
2026-10-07T21:33:13.3582420Z #11 7.594 + @supabase/server 1.8.0
2026-10-07T21:33:13.3583275Z #11 7.594 + @supabase/supabase-js 2.117.0
2026-10-07T21:33:13.3583921Z #11 7.594 + @tiptap/extension-collaboration 3.31.3
2026-10-07T21:33:13.3584709Z #11 7.594 + @tiptap/extension-collaboration-caret 3.31.3
2026-10-07T21:33:13.3585362Z #11 7.594 + @tiptap/react 3.31.3
2026-10-07T21:33:13.3585878Z #11 7.594 + @tiptap/starter-kit 3.31.3
2026-10-07T21:33:13.3586431Z #11 7.594 + @vitejs/plugin-react 5.2.0
2026-10-07T21:33:13.3586900Z #11 7.594 + cross-env 10.1.0
2026-10-07T21:33:13.3587313Z #11 7.594 + dotenv 17.4.2
2026-10-07T21:33:13.3587714Z #11 7.594 + esbuild 0.25.12
2026-10-07T21:33:13.3588169Z #11 7.594 + esbuild-wasm 0.25.12
2026-10-07T21:33:13.3588601Z #11 7.594 + express 5.2.1
2026-10-07T21:33:13.3589049Z #11 7.594 + lucide-react 0.468.0
2026-10-07T21:33:13.3589474Z #11 7.594 + react 19.2.8
2026-10-07T21:33:13.3589872Z #11 7.594 + react-dom 19.2.8
2026-10-07T21:33:13.3590571Z #11 7.594 + vite 7.3.6
2026-10-07T21:33:13.3590956Z #11 7.594 + ws 8.21.3
2026-10-07T21:33:13.3591350Z #11 7.594 + y-protocols 1.0.7
2026-10-07T21:33:13.3591770Z #11 7.594 + yjs 13.6.32
2026-10-07T21:33:13.3592122Z #11 7.594 
2026-10-07T21:33:13.3592468Z #11 7.594 devDependencies:
2026-10-07T21:33:13.3593196Z #11 7.594 + @prisma/adapter-pg 7.10.0
2026-10-07T21:33:13.3593737Z #11 7.594 + @prisma/client 7.10.0
2026-10-07T21:33:13.3594232Z #11 7.594 + @types/express 5.0.6
2026-10-07T21:33:13.3594704Z #11 7.594 + @types/node 22.20.1
2026-10-07T21:33:13.3595140Z #11 7.594 + @types/pg 8.23.1
2026-10-07T21:33:13.3595598Z #11 7.594 + @types/react 19.2.18
2026-10-07T21:33:13.3596086Z #11 7.594 + @types/react-dom 19.2.7
2026-10-07T21:33:13.3596541Z #11 7.594 + @types/ws 8.18.1
2026-10-07T21:33:13.3596943Z #11 7.594 + pg 8.23.0
2026-10-07T21:33:13.3597318Z #11 7.594 + prisma 7.10.0
2026-10-07T21:33:13.3597713Z #11 7.594 + tsx 4.23.13
2026-10-07T21:33:13.3598103Z #11 7.594 + typescript 5.9.3
2026-10-07T21:33:13.3598540Z #11 7.594 + wrangler 4.131.1
2026-10-07T21:33:13.3598909Z #11 7.594 
2026-10-07T21:33:13.5015649Z #11 7.737 Done in 6.6s using pnpm v10.18.3
2026-10-07T21:33:13.7133953Z #11 DONE 7.8s
2026-10-07T21:33:13.7134673Z 
2026-10-07T21:33:13.7135089Z #12 [7/9] COPY . .
2026-10-07T21:33:14.7978629Z #12 DONE 1.2s
2026-10-07T21:33:14.9484827Z 
2026-10-07T21:33:14.9485570Z #13 [8/9] RUN pnpm build
2026-10-07T21:33:15.2511905Z #13 0.453 
2026-10-07T21:33:15.2512802Z #13 0.453 > cocreate@1.0.0 build /app
2026-10-07T21:33:15.2513581Z #13 0.453 > tsc --noEmit && vite build --configLoader runner
2026-10-07T21:33:15.2514158Z #13 0.453 
2026-10-07T21:33:22.8962709Z #13 8.098 vite v7.3.6 building client environment for production...
2026-10-07T21:33:23.1154273Z #13 8.167 transforming...
2026-10-07T21:33:26.7603743Z #13 11.96 ✓ 1749 modules transformed.
2026-10-07T21:33:27.0083523Z #13 12.21 rendering chunks...
2026-10-07T21:33:27.2688579Z #13 12.47 computing gzip size...
2026-10-07T21:33:27.3846809Z #13 12.49 dist/index.html                             0.44 kB │ gzip:   0.30 kB
2026-10-07T21:33:27.3853148Z #13 12.49 dist/assets/App-BqUO_rW7.css                2.56 kB │ gzip:   0.85 kB
2026-10-07T21:33:27.3854567Z #13 12.49 dist/assets/LandingPage-CNj4pefA.css       13.13 kB │ gzip:   2.95 kB
2026-10-07T21:33:27.3855774Z #13 12.49 dist/assets/index-cyLHvudv.css             75.38 kB │ gzip:  14.48 kB
2026-10-07T21:33:27.3856956Z #13 12.49 dist/assets/users-BIdyuxqP.js               0.69 kB │ gzip:   0.39 kB
2026-10-07T21:33:27.3858109Z #13 12.49 dist/assets/createLucideIcon-DcEYS1mU.js    0.89 kB │ gzip:   0.55 kB
2026-10-07T21:33:27.3859234Z #13 12.49 dist/assets/x-DO2zMSIY.js                   1.70 kB │ gzip:   0.78 kB
2026-10-07T21:33:27.3860346Z #13 12.49 dist/assets/LandingPage-DCr6qHiF.js        15.33 kB │ gzip:   4.92 kB
2026-10-07T21:33:27.3861334Z #13 12.49 dist/assets/ProjectApp-DXmAqhy1.js         29.68 kB │ gzip:   9.01 kB
2026-10-07T21:33:27.3863342Z #13 12.49 dist/assets/index-BPNFqXSv.js             421.95 kB │ gzip: 121.32 kB
2026-10-07T21:33:27.3864258Z #13 12.49 dist/assets/App-DhzRZNRs.js               583.75 kB │ gzip: 185.76 kB
2026-10-07T21:33:27.3864630Z #13 12.49 
2026-10-07T21:33:27.3865025Z #13 12.49 (!) Some chunks are larger than 500 kB after minification. Consider:
2026-10-07T21:33:27.3865543Z #13 12.49 - Using dynamic import() to code-split the application
2026-10-07T21:33:27.3866410Z #13 12.49 - Use build.rollupOptions.output.manualChunks to improve chunking: https://rollupjs.org/configuration-options/#output-manualchunks
2026-10-07T21:33:27.3867282Z #13 12.49 - Adjust chunk size limit for this warning via build.chunkSizeWarningLimit.
2026-10-07T21:33:27.3867882Z #13 12.49 ✓ built in 4.37s
2026-10-07T21:33:27.3868263Z #13 DONE 12.6s
2026-10-07T21:33:27.5357658Z 
2026-10-07T21:33:27.5358935Z #14 [9/9] RUN pnpm exec tsx scripts/prepare-isolation.ts --files-only && mkdir -p /app/data /app/generated && chown -R node:node /app/.runtime /app/data /app/generated
2026-10-07T21:33:28.0567602Z #14 0.671 {"policy":"isolated-compile-v1","platform":"linux","scope":"Trusted files prepared; kernel boundary not exercised"}
2026-10-07T21:33:28.2481810Z #14 DONE 0.7s
2026-10-07T21:33:28.2482104Z 
2026-10-07T21:33:28.2482313Z #15 exporting to image
2026-10-07T21:33:28.2482960Z #15 exporting layers
2026-10-07T21:33:37.5396623Z #15 exporting layers 9.4s done
2026-10-07T21:33:37.5597284Z #15 writing image sha256:a48a4b4e7ceb8b1de45b4a8577216f9161f4fdabe302521a29f10e9c5f509009 done
2026-10-07T21:33:37.5598267Z #15 naming to docker.io/library/cocreate-check done
2026-10-07T21:33:37.5598683Z #15 DONE 9.5s
2026-10-07T21:33:37.5606112Z 
2026-10-07T21:33:37.5606961Z  [33m4 warnings found (use docker --debug to expand):
2026-10-07T21:33:37.5608464Z [0m - SecretsUsedInArgOrEnv: Do not use ARG or ENV instructions for sensitive data (ARG "VITE_COCREATE_AUTH_MODE") (line 11)
2026-10-07T21:33:37.5610145Z  - SecretsUsedInArgOrEnv: Do not use ARG or ENV instructions for sensitive data (ARG "VITE_SUPABASE_PUBLISHABLE_KEY") (line 14)
2026-10-07T21:33:37.5611803Z  - SecretsUsedInArgOrEnv: Do not use ARG or ENV instructions for sensitive data (ENV "VITE_COCREATE_AUTH_MODE") (line 15)
2026-10-07T21:33:37.5613678Z  - SecretsUsedInArgOrEnv: Do not use ARG or ENV instructions for sensitive data (ENV "VITE_SUPABASE_PUBLISHABLE_KEY") (line 18)
2026-10-07T21:33:37.5768514Z ##[group]Run docker run --rm --network none --cap-drop ALL --security-opt no-new-privileges --security-opt seccomp=unconfined --security-opt apparmor=unconfined --security-opt systempaths=unconfined --memory 1g --memory-swap 1g --pids-limit 256 cocreate-check node --import tsx scripts/prepare-isolation.ts
2026-10-07T21:33:37.5770891Z [36;1mdocker run --rm --network none --cap-drop ALL --security-opt no-new-privileges --security-opt seccomp=unconfined --security-opt apparmor=unconfined --security-opt systempaths=unconfined --memory 1g --memory-swap 1g --pids-limit 256 cocreate-check node --import tsx scripts/prepare-isolation.ts[0m
2026-10-07T21:33:37.5844246Z shell: /usr/bin/bash -e {0}
2026-10-07T21:33:37.5844484Z env:
2026-10-07T21:33:37.5844751Z   PNPM_HOME: /home/runner/setup-pnpm/node_modules/.bin
2026-10-07T21:33:37.5845061Z ##[endgroup]
2026-10-07T21:33:37.9345871Z {"policy":"isolated-compile-v1","platform":"linux","scope":"Actual OS boundary preflight passed; no inference"}
2026-10-07T21:33:37.9907142Z ##[group]Run docker run --rm --network none --cap-drop ALL --security-opt no-new-privileges --security-opt seccomp=unconfined --security-opt apparmor=unconfined --security-opt systempaths=unconfined --memory 1g --memory-swap 1g --pids-limit 256 cocreate-check node --import tsx --input-type=module -e 'import {assertVerificationBrowserAvailable} from "./server/isolation/browser.ts"; await assertVerificationBrowserAvailable(); console.log("Actual Linux browser boundary passed; no inference");'
2026-10-07T21:33:37.9910737Z [36;1mdocker run --rm --network none --cap-drop ALL --security-opt no-new-privileges --security-opt seccomp=unconfined --security-opt apparmor=unconfined --security-opt systempaths=unconfined --memory 1g --memory-swap 1g --pids-limit 256 cocreate-check node --import tsx --input-type=module -e 'import {assertVerificationBrowserAvailable} from "./server/isolation/browser.ts"; await assertVerificationBrowserAvailable(); console.log("Actual Linux browser boundary passed; no inference");'[0m
2026-10-07T21:33:37.9983875Z shell: /usr/bin/bash -e {0}
2026-10-07T21:33:37.9984163Z env:
2026-10-07T21:33:37.9984439Z   PNPM_HOME: /home/runner/setup-pnpm/node_modules/.bin
2026-10-07T21:33:37.9984774Z ##[endgroup]
2026-10-07T21:33:38.8644555Z /app/server/isolation/browser.ts:11
2026-10-07T21:33:38.8646142Z const unavailable = () => new IsolationError('isolation_unavailable', 'Isolated verification browser is unavailable. Prepare the verification runtime, then explicitly retry; the previous artifact is retained.');
2026-10-07T21:33:38.8647795Z                           ^
2026-10-07T21:33:38.8648077Z 
2026-10-07T21:33:38.8648996Z IsolationError: Isolated verification browser is unavailable. Prepare the verification runtime, then explicitly retry; the previous artifact is retained.
2026-10-07T21:33:38.8649825Z     at unavailable (/app/server/isolation/browser.ts:11:27)
2026-10-07T21:33:38.8650331Z     at Socket.<anonymous> (/app/server/isolation/browser.ts:62:47)
2026-10-07T21:33:38.8650777Z     at Socket.emit (node:events:519:28)
2026-10-07T21:33:38.8651170Z     at emitErrorNT (node:internal/streams/destroy:170:8)
2026-10-07T21:33:38.8651615Z     at emitErrorCloseNT (node:internal/streams/destroy:129:3)
2026-10-07T21:33:38.8652287Z     at process.processTicksAndRejections (node:internal/process/task_queues:89:21) {
2026-10-07T21:33:38.8653126Z   code: 'isolation_unavailable',
2026-10-07T21:33:38.8653712Z   cause: { exitCode: 133, phase: 'cleanup', diagnostic: '' }
2026-10-07T21:33:38.8654073Z }
2026-10-07T21:33:38.8654191Z 
2026-10-07T21:33:38.8654293Z Node.js v22.23.3
2026-10-07T21:33:38.9148477Z ##[error]Process completed with exit code 1.
2026-10-07T21:33:38.9204855Z ##[group]Run docker run --rm --network none --cap-drop ALL --security-opt no-new-privileges --security-opt seccomp=unconfined --security-opt apparmor=unconfined --security-opt systempaths=unconfined --memory 1g --memory-swap 1g --pids-limit 256 cocreate-check node --import tsx scripts/diagnose-linux-browser.ts
2026-10-07T21:33:38.9207047Z [36;1mdocker run --rm --network none --cap-drop ALL --security-opt no-new-privileges --security-opt seccomp=unconfined --security-opt apparmor=unconfined --security-opt systempaths=unconfined --memory 1g --memory-swap 1g --pids-limit 256 cocreate-check node --import tsx scripts/diagnose-linux-browser.ts[0m
2026-10-07T21:33:38.9279298Z shell: /usr/bin/bash -e {0}
2026-10-07T21:33:38.9279549Z env:
2026-10-07T21:33:38.9279810Z   PNPM_HOME: /home/runner/setup-pnpm/node_modules/.bin
2026-10-07T21:33:38.9280156Z ##[endgroup]
2026-10-07T21:33:39.4639852Z {"scope":"Trusted version metadata only","addressSpace":2147483648,"status":133,"signal":null,"stdout":"","stderr":""}
2026-10-07T21:33:39.5066116Z {"scope":"Trusted version metadata only","addressSpace":"CI cgroup only","status":0,"signal":null,"stdout":"Chromium 154.0.8037.92 \n","stderr":""}
2026-10-07T21:33:39.5628631Z ##[group]Run docker run --rm --network none --cap-drop ALL --security-opt no-new-privileges --security-opt seccomp=unconfined --security-opt apparmor=unconfined --security-opt systempaths=unconfined --memory 1g --memory-swap 1g --pids-limit 256 cocreate-check node --import tsx --test --test-concurrency=1 tests/generated-isolation.test.ts
2026-10-07T21:33:39.5631044Z [36;1mdocker run --rm --network none --cap-drop ALL --security-opt no-new-privileges --security-opt seccomp=unconfined --security-opt apparmor=unconfined --security-opt systempaths=unconfined --memory 1g --memory-swap 1g --pids-limit 256 cocreate-check node --import tsx --test --test-concurrency=1 tests/generated-isolation.test.ts[0m
2026-10-07T21:33:39.5703215Z shell: /usr/bin/bash -e {0}
2026-10-07T21:33:39.5703484Z env:
2026-10-07T21:33:39.5703768Z   PNPM_HOME: /home/runner/setup-pnpm/node_modules/.bin
2026-10-07T21:33:39.5704123Z ##[endgroup]
2026-10-07T21:33:39.7115776Z TAP version 13
2026-10-07T21:33:43.9180304Z # Subtest: ordinary compilation runs in the real OS boundary and never evaluates candidate top-level code
2026-10-07T21:33:43.9190724Z ok 1 - ordinary compilation runs in the real OS boundary and never evaluates candidate top-level code
2026-10-07T21:33:43.9192175Z   ---
2026-10-07T21:33:43.9192466Z   duration_ms: 4016.531207
2026-10-07T21:33:43.9193152Z   type: 'test'
2026-10-07T21:33:43.9193418Z   ...
2026-10-07T21:33:43.9656390Z # Subtest: OS boundary without Node permissions denies an existing private host file, writes and live loopback network
2026-10-07T21:33:43.9660064Z ok 2 - OS boundary without Node permissions denies an existing private host file, writes and live loopback network
2026-10-07T21:33:43.9662494Z   ---
2026-10-07T21:33:43.9663146Z   duration_ms: 51.4163
2026-10-07T21:33:43.9663575Z   type: 'test'
2026-10-07T21:33:43.9663925Z   ...
2026-10-07T21:33:44.0267093Z # Subtest: restricted process strips injection/secrets and denies subprocesses, workers and cross-workspace reads
2026-10-07T21:33:44.0269083Z ok 3 - restricted process strips injection/secrets and denies subprocesses, workers and cross-workspace reads
2026-10-07T21:33:44.0270196Z   ---
2026-10-07T21:33:44.0270657Z   duration_ms: 52.258383
2026-10-07T21:33:44.0271155Z   type: 'test'
2026-10-07T21:33:44.0271565Z   ...
2026-10-07T21:33:50.1294355Z # Subtest: candidate imports cannot read absolute files, traverse workspaces or download packages/styles
2026-10-07T21:33:50.1295890Z ok 4 - candidate imports cannot read absolute files, traverse workspaces or download packages/styles
2026-10-07T21:33:50.1296721Z   ---
2026-10-07T21:33:50.1297067Z   duration_ms: 6109.717173
2026-10-07T21:33:50.1297468Z   type: 'test'
2026-10-07T21:33:50.1297824Z   ...
2026-10-07T21:33:51.1346791Z # Subtest: wall timeout terminates a running child and cleans its private input
2026-10-07T21:33:51.1348072Z ok 5 - wall timeout terminates a running child and cleans its private input
2026-10-07T21:33:51.1348994Z   ---
2026-10-07T21:33:51.1349690Z   duration_ms: 1007.436258
2026-10-07T21:33:51.1350343Z   type: 'test'
2026-10-07T21:33:51.1350898Z   ...
2026-10-07T21:33:51.1410813Z # Subtest: cancellation waits for real child termination and cleanup; pre-abort starts nothing
2026-10-07T21:33:51.1412895Z ok 6 - cancellation waits for real child termination and cleanup; pre-abort starts nothing
2026-10-07T21:33:51.1413669Z   ---
2026-10-07T21:33:51.1413944Z   duration_ms: 7.611773
2026-10-07T21:33:51.1414332Z   type: 'test'
2026-10-07T21:33:51.1414586Z   ...
2026-10-07T21:33:51.8128018Z # Subtest: memory exhaustion cannot escape the OS bound and leaves no child work
2026-10-07T21:33:51.8128819Z ok 7 - memory exhaustion cannot escape the OS bound and leaves no child work
2026-10-07T21:33:51.8129266Z   ---
2026-10-07T21:33:51.8129526Z   duration_ms: 669.535002
2026-10-07T21:33:51.8129810Z   type: 'test'
2026-10-07T21:33:51.8130073Z   ...
2026-10-07T21:33:51.8130599Z # Subtest: unavailable isolation fails explicitly and cannot fall back to host compilation
2026-10-07T21:33:51.8131672Z ok 8 - unavailable isolation fails explicitly and cannot fall back to host compilation
2026-10-07T21:33:51.8132167Z   ---
2026-10-07T21:33:51.8132425Z   duration_ms: 0.608181
2026-10-07T21:33:51.8133039Z   type: 'test'
2026-10-07T21:33:51.8133276Z   ...
2026-10-07T21:34:01.8238022Z # Subtest: CPU bound stops a busy child before the longer wall deadline
2026-10-07T21:34:01.8241484Z ok 9 - CPU bound stops a busy child before the longer wall deadline
2026-10-07T21:34:01.8242851Z   ---
2026-10-07T21:34:01.8243276Z   duration_ms: 10011.072602
2026-10-07T21:34:01.8243697Z   type: 'test'
2026-10-07T21:34:01.8244040Z   ...
2026-10-07T21:34:01.9947634Z # Subtest: untrusted output is bounded before it reaches application memory or artifacts
2026-10-07T21:34:01.9951297Z ok 10 - untrusted output is bounded before it reaches application memory or artifacts
2026-10-07T21:34:01.9952425Z   ---
2026-10-07T21:34:01.9953298Z   duration_ms: 173.710148
2026-10-07T21:34:01.9953774Z   type: 'test'
2026-10-07T21:34:01.9954177Z   ...
2026-10-07T21:34:02.0091930Z 1..10
2026-10-07T21:34:02.0092313Z # tests 10
2026-10-07T21:34:02.0093924Z # suites 0
2026-10-07T21:34:02.0105948Z # pass 10
2026-10-07T21:34:02.0106286Z # fail 0
2026-10-07T21:34:02.0106548Z # cancelled 0
2026-10-07T21:34:02.0106820Z # skipped 0
2026-10-07T21:34:02.0107071Z # todo 0
2026-10-07T21:34:02.0107373Z # duration_ms 22309.410816
2026-10-07T21:34:02.0747787Z Post job cleanup.
2026-10-07T21:34:02.2355775Z Pruning is unnecessary.
2026-10-07T21:34:02.2531713Z Post job cleanup.
2026-10-07T21:34:02.3649137Z [command]/usr/bin/git version
2026-10-07T21:34:02.3743448Z git version 2.55.0
2026-10-07T21:34:02.3797660Z Temporarily overriding HOME='/home/runner/work/_temp/33e900d1-9809-4aaf-925a-a9434fff69b1' before making global git config changes
2026-10-07T21:34:02.3799535Z Adding repository directory to the temporary git global config as a safe directory
2026-10-07T21:34:02.3804034Z [command]/usr/bin/git config --global --add safe.directory /home/runner/work/Cocreate/Cocreate
2026-10-07T21:34:02.3849698Z [command]/usr/bin/git config --local --name-only --get-regexp core\.sshCommand
2026-10-07T21:34:02.3889834Z [command]/usr/bin/git submodule foreach --recursive sh -c "git config --local --name-only --get-regexp 'core\.sshCommand' && git config --local --unset-all 'core.sshCommand' || :"
2026-10-07T21:34:02.4191860Z [command]/usr/bin/git config --local --name-only --get-regexp http\.https\:\/\/github\.com\/\.extraheader
2026-10-07T21:34:02.4220966Z http.https://github.com/.extraheader
2026-10-07T21:34:02.4234502Z [command]/usr/bin/git config --local --unset-all http.https://github.com/.extraheader
2026-10-07T21:34:02.4276260Z [command]/usr/bin/git submodule foreach --recursive sh -c "git config --local --name-only --get-regexp 'http\.https\:\/\/github\.com\/\.extraheader' && git config --local --unset-all 'http.https://github.com/.extraheader' || :"
2026-10-07T21:34:02.4590038Z [command]/usr/bin/git config --local --name-only --get-regexp ^includeIf\.gitdir:
2026-10-07T21:34:02.4651735Z [command]/usr/bin/git submodule foreach --recursive git config --local --show-origin --name-only --get-regexp remote.origin.url
2026-10-07T21:34:02.5120486Z Cleaning up orphan processes
2026-10-07T21:34:02.5515157Z ##[warning]Node.js 20 is deprecated. The following actions target Node.js 20 but are being forced to run on Node.js 24: actions/checkout@11d5960a326750d5838078e36cf38b85af677262, actions/setup-node@49933ea5288caeca8642d1e84afbd3f7d6820020, pnpm/action-setup@f40ffcd9367d9f12939873eb1018b921a783ffaa. For more information see: https://github.blog/changelog/2025-09-19-deprecation-of-node-20-on-github-actions-runners/
