2026-10-07T21:23:32.7759648Z Current runner version: '2.337.0'
2026-10-07T21:23:32.7777047Z ##[group]Runner Image Provisioner
2026-10-07T21:23:32.7777567Z Hosted Compute Agent
2026-10-07T21:23:32.7777887Z Version: 20261002.596
2026-10-07T21:23:32.7778258Z Commit: c3d12f3313a95f25162a1503be624f3b0617f8c0
2026-10-07T21:23:32.7778656Z Build Date: 2026-10-02T22:28:27Z
2026-10-07T21:23:32.7779068Z Worker ID: {0b1ecf3f-cbf0-4c30-827b-1c20d253cc17}
2026-10-07T21:23:32.7779459Z Region: westus2
2026-10-07T21:23:32.7779762Z Cloud: Azure
2026-10-07T21:23:32.7780085Z ##[endgroup]
2026-10-07T21:23:32.7780857Z ##[group]Operating System
2026-10-07T21:23:32.7781181Z Ubuntu
2026-10-07T21:23:32.7781496Z 22.04.5
2026-10-07T21:23:32.7781780Z LTS
2026-10-07T21:23:32.7782070Z ##[endgroup]
2026-10-07T21:23:32.7782371Z ##[group]Runner Image
2026-10-07T21:23:32.7782721Z Image: ubuntu-22.04
2026-10-07T21:23:32.7783049Z Version: 20261004.315.1
2026-10-07T21:23:32.7783729Z Included Software: https://github.com/actions/runner-images/blob/ubuntu22/20261004.315/images/ubuntu/Ubuntu2204-Readme.md
2026-10-07T21:23:32.7785137Z Image Release: https://github.com/actions/runner-images/releases/tag/ubuntu22%2F20261004.315
2026-10-07T21:23:32.7785661Z ##[endgroup]
2026-10-07T21:23:32.7786298Z ##[group]GITHUB_TOKEN Permissions
2026-10-07T21:23:32.7787485Z Contents: read
2026-10-07T21:23:32.7787827Z Metadata: read
2026-10-07T21:23:32.7788129Z ##[endgroup]
2026-10-07T21:23:32.7789437Z Secret source: Actions
2026-10-07T21:23:32.7789948Z Cache mode: write
2026-10-07T21:23:32.7790367Z Prepare workflow directory
2026-10-07T21:23:32.7991368Z Prepare all required actions
2026-10-07T21:23:32.8021627Z Getting action download info
2026-10-07T21:23:33.1689896Z Download action repository 'actions/checkout@11d5960a326750d5838078e36cf38b85af677262' (SHA:11d5960a326750d5838078e36cf38b85af677262)
2026-10-07T21:23:33.2304295Z Download action repository 'pnpm/action-setup@f40ffcd9367d9f12939873eb1018b921a783ffaa' (SHA:f40ffcd9367d9f12939873eb1018b921a783ffaa)
2026-10-07T21:23:33.5026339Z Download action repository 'actions/setup-node@49933ea5288caeca8642d1e84afbd3f7d6820020' (SHA:49933ea5288caeca8642d1e84afbd3f7d6820020)
2026-10-07T21:23:33.7520793Z Complete job name: verify
2026-10-07T21:23:33.8034455Z ##[group]Run actions/checkout@11d5960a326750d5838078e36cf38b85af677262
2026-10-07T21:23:33.8035387Z with:
2026-10-07T21:23:33.8035842Z   repository: DD7780/Cocreate
2026-10-07T21:23:33.8041127Z   token: ***
2026-10-07T21:23:33.8041581Z   ssh-strict: true
2026-10-07T21:23:33.8042056Z   ssh-user: git
2026-10-07T21:23:33.8042535Z   persist-credentials: true
2026-10-07T21:23:33.8043055Z   clean: true
2026-10-07T21:23:33.8043560Z   sparse-checkout-cone-mode: true
2026-10-07T21:23:33.8044194Z   fetch-depth: 1
2026-10-07T21:23:33.8044654Z   fetch-tags: false
2026-10-07T21:23:33.8045134Z   show-progress: true
2026-10-07T21:23:33.8045626Z   lfs: false
2026-10-07T21:23:33.8046079Z   submodules: false
2026-10-07T21:23:33.8046576Z   set-safe-directory: true
2026-10-07T21:23:33.8047133Z   allow-unsafe-pr-checkout: false
2026-10-07T21:23:33.8047799Z ##[endgroup]
2026-10-07T21:23:33.8688299Z Syncing repository: DD7780/Cocreate
2026-10-07T21:23:33.8690087Z ##[group]Getting Git version info
2026-10-07T21:23:33.8691122Z Working directory is '/home/runner/work/Cocreate/Cocreate'
2026-10-07T21:23:33.8692529Z [command]/usr/bin/git version
2026-10-07T21:23:33.8706104Z git version 2.55.0
2026-10-07T21:23:33.8720676Z ##[endgroup]
2026-10-07T21:23:33.8732573Z Temporarily overriding HOME='/home/runner/work/_temp/032bf7d2-e643-47c2-b227-9bdcb0a8622b' before making global git config changes
2026-10-07T21:23:33.8736022Z Adding repository directory to the temporary git global config as a safe directory
2026-10-07T21:23:33.8740298Z [command]/usr/bin/git config --global --add safe.directory /home/runner/work/Cocreate/Cocreate
2026-10-07T21:23:33.8762798Z Deleting the contents of '/home/runner/work/Cocreate/Cocreate'
2026-10-07T21:23:33.8777975Z ##[group]Initializing the repository
2026-10-07T21:23:33.8779255Z [command]/usr/bin/git init /home/runner/work/Cocreate/Cocreate
2026-10-07T21:23:33.8847588Z hint: Using 'master' as the name for the initial branch. This default branch name
2026-10-07T21:23:33.8848860Z hint: will change to "main" in Git 3.0. To configure the initial branch name
2026-10-07T21:23:33.8850297Z hint: to use in all of your new repositories, which will suppress this warning,
2026-10-07T21:23:33.8851185Z hint: call:
2026-10-07T21:23:33.8851827Z hint:
2026-10-07T21:23:33.8852612Z hint: 	git config --global init.defaultBranch <name>
2026-10-07T21:23:33.8853592Z hint:
2026-10-07T21:23:33.8854374Z hint: Names commonly chosen instead of 'master' are 'main', 'trunk' and
2026-10-07T21:23:33.8855520Z hint: 'development'. The just-created branch can be renamed via this command:
2026-10-07T21:23:33.8856348Z hint:
2026-10-07T21:23:33.8856926Z hint: 	git branch -m <name>
2026-10-07T21:23:33.8857693Z hint:
2026-10-07T21:23:33.8858786Z hint: Disable this message with "git config set advice.defaultBranchName false"
2026-10-07T21:23:33.8860092Z Initialized empty Git repository in /home/runner/work/Cocreate/Cocreate/.git/
2026-10-07T21:23:33.8862119Z [command]/usr/bin/git remote add origin https://github.com/DD7780/Cocreate
2026-10-07T21:23:33.8932328Z ##[endgroup]
2026-10-07T21:23:33.8933413Z ##[group]Disabling automatic garbage collection
2026-10-07T21:23:33.8936241Z [command]/usr/bin/git config --local gc.auto 0
2026-10-07T21:23:33.8968780Z ##[endgroup]
2026-10-07T21:23:33.8970127Z ##[group]Setting up auth
2026-10-07T21:23:33.8974297Z [command]/usr/bin/git config --local --name-only --get-regexp core\.sshCommand
2026-10-07T21:23:33.8996771Z [command]/usr/bin/git submodule foreach --recursive sh -c "git config --local --name-only --get-regexp 'core\.sshCommand' && git config --local --unset-all 'core.sshCommand' || :"
2026-10-07T21:23:33.9178393Z [command]/usr/bin/git config --local --name-only --get-regexp http\.https\:\/\/github\.com\/\.extraheader
2026-10-07T21:23:33.9197629Z [command]/usr/bin/git submodule foreach --recursive sh -c "git config --local --name-only --get-regexp 'http\.https\:\/\/github\.com\/\.extraheader' && git config --local --unset-all 'http.https://github.com/.extraheader' || :"
2026-10-07T21:23:33.9301600Z [command]/usr/bin/git config --local --name-only --get-regexp ^includeIf\.gitdir:
2026-10-07T21:23:33.9319188Z [command]/usr/bin/git submodule foreach --recursive git config --local --show-origin --name-only --get-regexp remote.origin.url
2026-10-07T21:23:33.9419999Z [command]/usr/bin/git config --local http.https://github.com/.extraheader AUTHORIZATION: basic ***
2026-10-07T21:23:33.9443311Z ##[endgroup]
2026-10-07T21:23:33.9444850Z ##[group]Fetching the repository
2026-10-07T21:23:33.9450970Z [command]/usr/bin/git -c protocol.version=2 fetch --no-tags --prune --no-recurse-submodules --depth=1 origin +b124935504b8615c4e0669e37d8cdf199f9961e8:refs/remotes/origin/codex/prelaunch-beta
2026-10-07T21:23:35.1960474Z From https://github.com/DD7780/Cocreate
2026-10-07T21:23:35.1960984Z  * [new ref]         b124935504b8615c4e0669e37d8cdf199f9961e8 -> origin/codex/prelaunch-beta
2026-10-07T21:23:35.1962823Z ##[endgroup]
2026-10-07T21:23:35.1963151Z ##[group]Determining the checkout info
2026-10-07T21:23:35.1965034Z ##[endgroup]
2026-10-07T21:23:35.1968784Z [command]/usr/bin/git sparse-checkout disable
2026-10-07T21:23:35.1994850Z [command]/usr/bin/git config --local --unset-all extensions.worktreeConfig
2026-10-07T21:23:35.2012796Z ##[group]Checking out the ref
2026-10-07T21:23:35.2016055Z [command]/usr/bin/git checkout --progress --force -B codex/prelaunch-beta refs/remotes/origin/codex/prelaunch-beta
2026-10-07T21:23:35.2489472Z Switched to a new branch 'codex/prelaunch-beta'
2026-10-07T21:23:35.2490275Z branch 'codex/prelaunch-beta' set up to track 'origin/codex/prelaunch-beta'.
2026-10-07T21:23:35.2496344Z ##[endgroup]
2026-10-07T21:23:35.2524539Z [command]/usr/bin/git log -1 --format=%H
2026-10-07T21:23:35.2546822Z b124935504b8615c4e0669e37d8cdf199f9961e8
2026-10-07T21:23:35.2744407Z ##[group]Run pnpm/action-setup@f40ffcd9367d9f12939873eb1018b921a783ffaa
2026-10-07T21:23:35.2744904Z with:
2026-10-07T21:23:35.2745051Z   version: 10.18.3
2026-10-07T21:23:35.2745200Z   dest: ~/setup-pnpm
2026-10-07T21:23:35.2810243Z   run_install: null
2026-10-07T21:23:35.2810475Z   cache: false
2026-10-07T21:23:35.2810643Z   cache_dependency_path: pnpm-lock.yaml
2026-10-07T21:23:35.2810861Z   package_json_file: package.json
2026-10-07T21:23:35.2811037Z   standalone: false
2026-10-07T21:23:35.2811217Z ##[endgroup]
2026-10-07T21:23:35.3745663Z ##[group]Running self-installer...
2026-10-07T21:23:35.6271334Z (node:1904) [DEP0169] DeprecationWarning: `url.parse()` behavior is not standardized and prone to errors that have security implications. Use the WHATWG URL API instead. CVEs are not issued for `url.parse()` vulnerabilities.
2026-10-07T21:23:35.6272156Z (Use `node --trace-deprecation ...` to show where the warning was created)
2026-10-07T21:23:35.7654574Z Progress: resolved 1, reused 0, downloaded 0, added 0
2026-10-07T21:23:35.7723863Z Packages: +1
2026-10-07T21:23:35.7724784Z +
2026-10-07T21:23:35.9809806Z Progress: resolved 1, reused 0, downloaded 1, added 1, done
2026-10-07T21:23:36.0269400Z 
2026-10-07T21:23:36.0270207Z dependencies:
2026-10-07T21:23:36.0270599Z + pnpm 10.18.3 (12.10.1 is available)
2026-10-07T21:23:36.0270928Z 
2026-10-07T21:23:36.0288967Z Done in 550ms
2026-10-07T21:23:36.0392295Z ##[endgroup]
2026-10-07T21:23:36.0392603Z Installation Completed!
2026-10-07T21:23:36.0527492Z ##[group]Run actions/setup-node@49933ea5288caeca8642d1e84afbd3f7d6820020
2026-10-07T21:23:36.0527725Z with:
2026-10-07T21:23:36.0527840Z   node-version: 22
2026-10-07T21:23:36.0527957Z   cache: pnpm
2026-10-07T21:23:36.0528070Z   always-auth: false
2026-10-07T21:23:36.0528191Z   check-latest: false
2026-10-07T21:23:36.0529626Z   token: ***
2026-10-07T21:23:36.0529739Z env:
2026-10-07T21:23:36.0529895Z   PNPM_HOME: /home/runner/setup-pnpm/node_modules/.bin
2026-10-07T21:23:36.0530067Z ##[endgroup]
2026-10-07T21:23:36.1530805Z Found in cache @ /opt/hostedtoolcache/node/22.23.3/x64
2026-10-07T21:23:36.1534345Z (node:1918) [DEP0040] DeprecationWarning: The `punycode` module is deprecated. Please use a userland alternative instead.
2026-10-07T21:23:36.1534764Z (Use `node --trace-deprecation ...` to show where the warning was created)
2026-10-07T21:23:36.1536451Z ##[group]Environment details
2026-10-07T21:23:39.0956872Z node: v22.23.3
2026-10-07T21:23:39.0957149Z npm: 10.9.9
2026-10-07T21:23:39.0957418Z yarn: 1.22.22
2026-10-07T21:23:39.0958345Z ##[endgroup]
2026-10-07T21:23:39.0985260Z [command]/home/runner/setup-pnpm/node_modules/.bin/pnpm store path --silent
2026-10-07T21:23:39.2980180Z /home/runner/setup-pnpm/node_modules/.bin/store/v10
2026-10-07T21:23:39.5550834Z pnpm cache is not found
2026-10-07T21:23:39.5632351Z ##[group]Run pnpm install --frozen-lockfile
2026-10-07T21:23:39.5632590Z [36;1mpnpm install --frozen-lockfile[0m
2026-10-07T21:23:39.5865976Z shell: /usr/bin/bash -e {0}
2026-10-07T21:23:39.5866154Z env:
2026-10-07T21:23:39.5866313Z   PNPM_HOME: /home/runner/setup-pnpm/node_modules/.bin
2026-10-07T21:23:39.5866515Z ##[endgroup]
2026-10-07T21:23:39.7688666Z Lockfile is up to date, resolution step is skipped
2026-10-07T21:23:39.8005338Z Progress: resolved 1, reused 0, downloaded 0, added 0
2026-10-07T21:23:39.8265256Z Packages: +408
2026-10-07T21:23:39.8265741Z ++++++++++++++++++++++++++++++++++++++++++++++++++++++++++++++++++++++++++++++++
2026-10-07T21:23:40.8015358Z Progress: resolved 408, reused 0, downloaded 251, added 245
2026-10-07T21:23:41.8085521Z Progress: resolved 408, reused 0, downloaded 403, added 390
2026-10-07T21:23:42.2084332Z Progress: resolved 408, reused 0, downloaded 408, added 408, done
2026-10-07T21:23:42.3016356Z .../node_modules/@prisma/engines postinstall$ node scripts/postinstall.js
2026-10-07T21:23:42.3151603Z .../esbuild@0.28.1/node_modules/esbuild postinstall$ node install.js
2026-10-07T21:23:42.3159629Z .../esbuild@0.28.2/node_modules/esbuild postinstall$ node install.js
2026-10-07T21:23:42.3162526Z .../node_modules/workerd postinstall$ node install.js
2026-10-07T21:23:42.3265955Z .../esbuild@0.25.12/node_modules/esbuild postinstall$ node install.js
2026-10-07T21:23:42.4085404Z .../esbuild@0.28.1/node_modules/esbuild postinstall: Done
2026-10-07T21:23:42.4670228Z .../esbuild@0.28.2/node_modules/esbuild postinstall: Done
2026-10-07T21:23:43.3557572Z .../node_modules/@prisma/engines postinstall: Done
2026-10-07T21:23:43.4947254Z .../node_modules/workerd postinstall: Done
2026-10-07T21:23:43.6133282Z .../esbuild@0.25.12/node_modules/esbuild postinstall: Done
2026-10-07T21:23:43.8420205Z .../node_modules/prisma preinstall$ node scripts/preinstall-entry.js
2026-10-07T21:23:43.8791039Z .../node_modules/prisma preinstall: Done
2026-10-07T21:23:44.0421620Z 
2026-10-07T21:23:44.0422190Z dependencies:
2026-10-07T21:23:44.0422448Z + @cloudflare/containers 0.3.7
2026-10-07T21:23:44.0422623Z + @supabase/server 1.8.0
2026-10-07T21:23:44.0422794Z + @supabase/supabase-js 2.117.0
2026-10-07T21:23:44.0422983Z + @tiptap/extension-collaboration 3.31.3
2026-10-07T21:23:44.0423239Z + @tiptap/extension-collaboration-caret 3.31.3
2026-10-07T21:23:44.0423433Z + @tiptap/react 3.31.3
2026-10-07T21:23:44.0423642Z + @tiptap/starter-kit 3.31.3
2026-10-07T21:23:44.0423793Z + @vitejs/plugin-react 5.2.0
2026-10-07T21:23:44.0424063Z + cross-env 10.1.0
2026-10-07T21:23:44.0424196Z + dotenv 17.4.2
2026-10-07T21:23:44.0424334Z + esbuild 0.25.12
2026-10-07T21:23:44.0424463Z + esbuild-wasm 0.25.12
2026-10-07T21:23:44.0424586Z + express 5.2.1
2026-10-07T21:23:44.0424769Z + lucide-react 0.468.0
2026-10-07T21:23:44.0424896Z + react 19.2.8
2026-10-07T21:23:44.0425014Z + react-dom 19.2.8
2026-10-07T21:23:44.0425130Z + vite 7.3.6
2026-10-07T21:23:44.0425238Z + ws 8.21.3
2026-10-07T21:23:44.0425358Z + y-protocols 1.0.7
2026-10-07T21:23:44.0425475Z + yjs 13.6.32
2026-10-07T21:23:44.0425543Z 
2026-10-07T21:23:44.0425595Z devDependencies:
2026-10-07T21:23:44.0425730Z + @prisma/adapter-pg 7.10.0
2026-10-07T21:23:44.0425873Z + @prisma/client 7.10.0
2026-10-07T21:23:44.0426007Z + @types/express 5.0.6
2026-10-07T21:23:44.0426142Z + @types/node 22.20.1
2026-10-07T21:23:44.0426295Z + @types/pg 8.23.1
2026-10-07T21:23:44.0426493Z + @types/react 19.2.18
2026-10-07T21:23:44.0426692Z + @types/react-dom 19.2.7
2026-10-07T21:23:44.0426904Z + @types/ws 8.18.1
2026-10-07T21:23:44.0427085Z + pg 8.23.0
2026-10-07T21:23:44.0427253Z + prisma 7.10.0
2026-10-07T21:23:44.0427425Z + tsx 4.23.13
2026-10-07T21:23:44.0427611Z + typescript 5.9.3
2026-10-07T21:23:44.0427806Z + wrangler 4.131.1
2026-10-07T21:23:44.0427912Z 
2026-10-07T21:23:44.1276984Z Done in 4.5s using pnpm v10.18.3
2026-10-07T21:23:44.1454829Z ##[group]Run pnpm check:boundaries
2026-10-07T21:23:44.1455114Z [36;1mpnpm check:boundaries[0m
2026-10-07T21:23:44.1485854Z shell: /usr/bin/bash -e {0}
2026-10-07T21:23:44.1486000Z env:
2026-10-07T21:23:44.1486152Z   PNPM_HOME: /home/runner/setup-pnpm/node_modules/.bin
2026-10-07T21:23:44.1486334Z ##[endgroup]
2026-10-07T21:23:44.3189268Z 
2026-10-07T21:23:44.3190088Z > cocreate@1.0.0 check:boundaries /home/runner/work/Cocreate/Cocreate
2026-10-07T21:23:44.3190620Z > tsx scripts/codebase-audit.ts --check
2026-10-07T21:23:44.3190799Z 
2026-10-07T21:23:45.2690434Z Audited 139 files; 1 static candidates; 0 boundary violations.
2026-10-07T21:23:45.2691153Z Jev: 0 physical requests, 0 input tokens with known usage, known-usage estimate $0.000000; unknown requests retain their reservation.
2026-10-07T21:23:45.2691703Z Report: artifacts/codebase-audit/report.json
2026-10-07T21:23:45.2878315Z ##[group]Run pnpm build
2026-10-07T21:23:45.2878483Z [36;1mpnpm build[0m
2026-10-07T21:23:45.2907640Z shell: /usr/bin/bash -e {0}
2026-10-07T21:23:45.2907782Z env:
2026-10-07T21:23:45.2907919Z   PNPM_HOME: /home/runner/setup-pnpm/node_modules/.bin
2026-10-07T21:23:45.2908088Z ##[endgroup]
2026-10-07T21:23:45.4469318Z 
2026-10-07T21:23:45.4470067Z > cocreate@1.0.0 build /home/runner/work/Cocreate/Cocreate
2026-10-07T21:23:45.4470527Z > tsc --noEmit && vite build --configLoader runner
2026-10-07T21:23:45.4470728Z 
2026-10-07T21:23:50.3005621Z [36mvite v7.3.6 [32mbuilding client environment for production...[36m[39m
2026-10-07T21:23:50.3445570Z transforming...
2026-10-07T21:23:52.7023327Z [32m✓[39m 1749 modules transformed.
2026-10-07T21:23:52.8804528Z rendering chunks...
2026-10-07T21:23:53.0312908Z computing gzip size...
2026-10-07T21:23:53.0465275Z [2mdist/[22m[32mindex.html                           [39m[1m[2m  0.44 kB[22m[1m[22m[2m │ gzip:   0.30 kB[22m
2026-10-07T21:23:53.0466404Z [2mdist/[22m[2massets/[22m[35mApp-BqUO_rW7.css              [39m[1m[2m  2.56 kB[22m[1m[22m[2m │ gzip:   0.85 kB[22m
2026-10-07T21:23:53.0467246Z [2mdist/[22m[2massets/[22m[35mLandingPage-CNj4pefA.css      [39m[1m[2m 13.13 kB[22m[1m[22m[2m │ gzip:   2.95 kB[22m
2026-10-07T21:23:53.0468065Z [2mdist/[22m[2massets/[22m[35mindex-cyLHvudv.css            [39m[1m[2m 75.38 kB[22m[1m[22m[2m │ gzip:  14.48 kB[22m
2026-10-07T21:23:53.0468569Z [33m
2026-10-07T21:23:53.0468919Z (!) Some chunks are larger than 500 kB after minification. Consider:
2026-10-07T21:23:53.0469355Z - Using dynamic import() to code-split the application
2026-10-07T21:23:53.0470101Z - Use build.rollupOptions.output.manualChunks to improve chunking: https://rollupjs.org/configuration-options/#output-manualchunks
2026-10-07T21:23:53.0470863Z - Adjust chunk size limit for this warning via build.chunkSizeWarningLimit.[39m
2026-10-07T21:23:53.0471609Z [2mdist/[22m[2massets/[22m[36musers-S0nR_fpD.js             [39m[1m[2m  0.69 kB[22m[1m[22m[2m │ gzip:   0.39 kB[22m
2026-10-07T21:23:53.0472419Z [2mdist/[22m[2massets/[22m[36mcreateLucideIcon-DS0f-70M.js  [39m[1m[2m  0.89 kB[22m[1m[22m[2m │ gzip:   0.55 kB[22m
2026-10-07T21:23:53.0473191Z [2mdist/[22m[2massets/[22m[36mx-CYlEPbUI.js                 [39m[1m[2m  1.70 kB[22m[1m[22m[2m │ gzip:   0.78 kB[22m
2026-10-07T21:23:53.0474076Z [2mdist/[22m[2massets/[22m[36mLandingPage-CklZAjP2.js       [39m[1m[2m 15.33 kB[22m[1m[22m[2m │ gzip:   4.92 kB[22m
2026-10-07T21:23:53.0474851Z [2mdist/[22m[2massets/[22m[36mProjectApp-CEhcL8gy.js        [39m[1m[2m 29.68 kB[22m[1m[22m[2m │ gzip:   9.01 kB[22m
2026-10-07T21:23:53.0475581Z [2mdist/[22m[2massets/[22m[36mindex-5SCWldx6.js             [39m[1m[2m421.72 kB[22m[1m[22m[2m │ gzip: 121.23 kB[22m
2026-10-07T21:23:53.0476351Z [2mdist/[22m[2massets/[22m[36mApp-thYYHyMP.js               [39m[1m[33m583.75 kB[39m[22m[2m │ gzip: 185.76 kB[22m
2026-10-07T21:23:53.0477335Z [32m✓ built in 2.73s[39m
2026-10-07T21:23:53.0806316Z ##[group]Run node --input-type=module <<'NODE'
2026-10-07T21:23:53.0806559Z [36;1mnode --input-type=module <<'NODE'[0m
2026-10-07T21:23:53.0806718Z [36;1mimport fs from 'node:fs';[0m
2026-10-07T21:23:53.0806888Z [36;1mimport {spawnSync} from 'node:child_process';[0m
2026-10-07T21:23:53.0807185Z [36;1mconst {image_vars} = JSON.parse(fs.readFileSync('wrangler.jsonc', 'utf8')).containers[0];[0m
2026-10-07T21:23:53.0807597Z [36;1mconst names = ['VITE_COCREATE_AUTH_MODE', 'VITE_COCREATE_APP_ORIGIN', 'VITE_SUPABASE_URL', 'VITE_SUPABASE_PUBLISHABLE_KEY'];[0m
2026-10-07T21:23:53.0807961Z [36;1mconst args = ['build', '--tag', 'cocreate-check'];[0m
2026-10-07T21:23:53.0808152Z [36;1mfor (const name of names) {[0m
2026-10-07T21:23:53.0808405Z [36;1m  if (typeof image_vars[name] !== 'string') throw new Error(`Missing public build variable: ${name}`);[0m
2026-10-07T21:23:53.0808695Z [36;1m  args.push('--build-arg', `${name}=${image_vars[name]}`);[0m
2026-10-07T21:23:53.0808910Z [36;1m}[0m
2026-10-07T21:23:53.0809090Z [36;1mconst result = spawnSync('docker', [...args, '.'], {stdio: 'inherit'});[0m
2026-10-07T21:23:53.0809325Z [36;1mif (result.error) throw result.error;[0m
2026-10-07T21:23:53.0809504Z [36;1mprocess.exit(result.status ?? 1);[0m
2026-10-07T21:23:53.0809660Z [36;1mNODE[0m
2026-10-07T21:23:53.0841212Z shell: /usr/bin/bash -e {0}
2026-10-07T21:23:53.0841369Z env:
2026-10-07T21:23:53.0841523Z   PNPM_HOME: /home/runner/setup-pnpm/node_modules/.bin
2026-10-07T21:23:53.0841807Z ##[endgroup]
2026-10-07T21:23:53.3880297Z #0 building with "default" instance using docker driver
2026-10-07T21:23:53.3880494Z 
2026-10-07T21:23:53.3880601Z #1 [internal] load build definition from Dockerfile
2026-10-07T21:23:53.3880828Z #1 transferring dockerfile: 974B done
2026-10-07T21:23:53.3880987Z #1 DONE 0.0s
2026-10-07T21:23:53.3881051Z 
2026-10-07T21:23:53.3881204Z #2 [internal] load metadata for docker.io/library/node:22-bookworm-slim
2026-10-07T21:23:53.6050104Z #2 ...
2026-10-07T21:23:53.6050265Z 
2026-10-07T21:23:53.6050476Z #3 [auth] library/node:pull token for registry-1.docker.io
2026-10-07T21:23:53.6050665Z #3 DONE 0.0s
2026-10-07T21:23:53.7548904Z 
2026-10-07T21:23:53.7549512Z #2 [internal] load metadata for docker.io/library/node:22-bookworm-slim
2026-10-07T21:23:54.2055520Z #2 DONE 1.0s
2026-10-07T21:23:54.3327176Z 
2026-10-07T21:23:54.3327675Z #4 [internal] load .dockerignore
2026-10-07T21:23:54.3327937Z #4 transferring context: 248B done
2026-10-07T21:23:54.3328126Z #4 DONE 0.0s
2026-10-07T21:23:54.3328198Z 
2026-10-07T21:23:54.3328276Z #5 [internal] load build context
2026-10-07T21:23:54.3328452Z #5 transferring context: 17.67MB 0.1s done
2026-10-07T21:23:54.3328600Z #5 DONE 0.1s
2026-10-07T21:23:54.3328664Z 
2026-10-07T21:23:54.3328958Z #6 [1/9] FROM docker.io/library/node:22-bookworm-slim@sha256:c3de60bf2f9dd0ac6370e6117950ff62d6e339527e7472301c9c78a017978392
2026-10-07T21:23:54.3329488Z #6 resolve docker.io/library/node:22-bookworm-slim@sha256:c3de60bf2f9dd0ac6370e6117950ff62d6e339527e7472301c9c78a017978392 0.0s done
2026-10-07T21:23:54.3329937Z #6 sha256:d0a16be756b6ec6658aecb8b7bcf87fa6c7d0d7fcc6ca53ad14bb49a4c90bdd7 6.77kB / 6.77kB done
2026-10-07T21:23:54.3330323Z #6 sha256:7fd1ebe418b5079d4aa36f416af9b143d127bc75b0155d71cb5fd559b5e04d39 0B / 28.25MB 0.1s
2026-10-07T21:23:54.3330693Z #6 sha256:f0400f4b55b0ad346bf6167a1b64a258e4d73db608c457798ce35e4ffeebfaaf 0B / 3.31kB 0.1s
2026-10-07T21:23:54.3331063Z #6 sha256:d22c69a95cf463f4cb74462bd2899597ce505d82bd4c01ceddf7845e12f13856 0B / 49.84MB 0.1s
2026-10-07T21:23:54.3331430Z #6 sha256:c3de60bf2f9dd0ac6370e6117950ff62d6e339527e7472301c9c78a017978392 5.22kB / 5.22kB done
2026-10-07T21:23:54.3331800Z #6 sha256:efd0ab5780c2d9ab1f0f869571a00d5edb17793bff4cce4a2792e3eb0ffc7562 1.93kB / 1.93kB done
2026-10-07T21:23:54.4333437Z #6 sha256:7fd1ebe418b5079d4aa36f416af9b143d127bc75b0155d71cb5fd559b5e04d39 28.25MB / 28.25MB 0.2s
2026-10-07T21:23:54.4334467Z #6 sha256:f0400f4b55b0ad346bf6167a1b64a258e4d73db608c457798ce35e4ffeebfaaf 3.31kB / 3.31kB 0.2s done
2026-10-07T21:23:54.4334883Z #6 sha256:2cfab517365cfc6b4bd1f8c4cb01754884ef75bc38758b3c41e291c696f019f5 0B / 1.71MB 0.2s
2026-10-07T21:23:54.6329019Z #6 sha256:d22c69a95cf463f4cb74462bd2899597ce505d82bd4c01ceddf7845e12f13856 49.84MB / 49.84MB 0.4s
2026-10-07T21:23:54.6329494Z #6 sha256:2cfab517365cfc6b4bd1f8c4cb01754884ef75bc38758b3c41e291c696f019f5 1.71MB / 1.71MB 0.4s
2026-10-07T21:23:54.8739584Z #6 sha256:7fd1ebe418b5079d4aa36f416af9b143d127bc75b0155d71cb5fd559b5e04d39 28.25MB / 28.25MB 0.5s done
2026-10-07T21:23:54.8740167Z #6 extracting sha256:7fd1ebe418b5079d4aa36f416af9b143d127bc75b0155d71cb5fd559b5e04d39
2026-10-07T21:23:54.9769817Z #6 sha256:d22c69a95cf463f4cb74462bd2899597ce505d82bd4c01ceddf7845e12f13856 49.84MB / 49.84MB 0.6s done
2026-10-07T21:23:54.9770408Z #6 sha256:2cfab517365cfc6b4bd1f8c4cb01754884ef75bc38758b3c41e291c696f019f5 1.71MB / 1.71MB 0.6s done
2026-10-07T21:23:54.9770784Z #6 sha256:a8de9fa052209313d8e45435a8486e29b20eebaa820e2e7f63a7c3c94b4fa567 0B / 448B 0.7s
2026-10-07T21:23:55.0798695Z #6 sha256:a8de9fa052209313d8e45435a8486e29b20eebaa820e2e7f63a7c3c94b4fa567 448B / 448B 0.7s done
2026-10-07T21:23:55.4829179Z #6 extracting sha256:7fd1ebe418b5079d4aa36f416af9b143d127bc75b0155d71cb5fd559b5e04d39 0.4s done
2026-10-07T21:23:55.4829609Z #6 extracting sha256:f0400f4b55b0ad346bf6167a1b64a258e4d73db608c457798ce35e4ffeebfaaf done
2026-10-07T21:23:59.6927910Z #6 extracting sha256:d22c69a95cf463f4cb74462bd2899597ce505d82bd4c01ceddf7845e12f13856
2026-10-07T21:24:00.4812621Z #6 extracting sha256:d22c69a95cf463f4cb74462bd2899597ce505d82bd4c01ceddf7845e12f13856 0.6s done
2026-10-07T21:24:01.1916495Z #6 extracting sha256:2cfab517365cfc6b4bd1f8c4cb01754884ef75bc38758b3c41e291c696f019f5
2026-10-07T21:24:01.3939589Z #6 extracting sha256:2cfab517365cfc6b4bd1f8c4cb01754884ef75bc38758b3c41e291c696f019f5 0.0s done
2026-10-07T21:24:01.3940284Z #6 extracting sha256:a8de9fa052209313d8e45435a8486e29b20eebaa820e2e7f63a7c3c94b4fa567 done
2026-10-07T21:24:01.3940670Z #6 DONE 7.1s
2026-10-07T21:24:01.3940822Z 
2026-10-07T21:24:01.3940920Z #7 [2/9] WORKDIR /app
2026-10-07T21:24:01.3941109Z #7 DONE 0.0s
2026-10-07T21:24:01.3941212Z 
2026-10-07T21:24:01.3941313Z #8 [3/9] RUN corepack enable
2026-10-07T21:24:01.3941511Z #8 DONE 0.1s
2026-10-07T21:24:01.5110949Z 
2026-10-07T21:24:01.5111799Z #9 [4/9] RUN apt-get update && apt-get install -y --no-install-recommends bubblewrap util-linux chromium && rm -rf /var/lib/apt/lists/*
2026-10-07T21:24:01.5112255Z #9 0.117 Get:1 http://deb.debian.org/debian bookworm InRelease [151 kB]
2026-10-07T21:24:01.6135827Z #9 0.133 Get:2 http://deb.debian.org/debian bookworm-updates InRelease [55.4 kB]
2026-10-07T21:24:01.6136521Z #9 0.140 Get:3 http://deb.debian.org/debian-security bookworm-security InRelease [34.8 kB]
2026-10-07T21:24:01.6137056Z #9 0.167 Get:4 http://deb.debian.org/debian bookworm/main amd64 Packages [8790 kB]
2026-10-07T21:24:01.6137583Z #9 0.211 Get:5 http://deb.debian.org/debian bookworm-updates/main amd64 Packages [6924 B]
2026-10-07T21:24:01.6138187Z #9 0.219 Get:6 http://deb.debian.org/debian-security bookworm-security/main amd64 Packages [349 kB]
2026-10-07T21:24:02.1808765Z #9 0.786 Fetched 9387 kB in 1s (13.7 MB/s)
2026-10-07T21:24:02.4540085Z #9 0.786 Reading package lists...
2026-10-07T21:24:02.7623712Z #9 1.069 Reading package lists...
2026-10-07T21:24:02.8752561Z #9 1.376 Building dependency tree...
2026-10-07T21:24:02.8752912Z #9 1.481 Reading state information...
2026-10-07T21:24:02.9766131Z #9 1.582 util-linux is already the newest version (2.38.1-5+deb12u3).
2026-10-07T21:24:02.9766821Z #9 1.582 util-linux set to manually installed.
2026-10-07T21:24:02.9767341Z #9 1.582 The following additional packages will be installed:
2026-10-07T21:24:02.9768363Z #9 1.582   adwaita-icon-theme at-spi2-common chromium-common dbus dbus-bin dbus-daemon
2026-10-07T21:24:02.9769016Z #9 1.582   dbus-session-bus-common dbus-system-bus-common dbus-user-session
2026-10-07T21:24:02.9770107Z #9 1.582   dconf-gsettings-backend dconf-service dmsetup fontconfig fontconfig-config
2026-10-07T21:24:03.1282561Z #9 1.582   fonts-dejavu-core gtk-update-icon-cache hicolor-icon-theme libapparmor1
2026-10-07T21:24:03.1283041Z #9 1.582   libargon2-1 libasound2 libasound2-data libasyncns0 libatk-bridge2.0-0
2026-10-07T21:24:03.1283465Z #9 1.582   libatk1.0-0 libatspi2.0-0 libavahi-client3 libavahi-common-data
2026-10-07T21:24:03.1283839Z #9 1.582   libavahi-common3 libbrotli1 libbsd0 libcairo-gobject2 libcairo2 libcolord2
2026-10-07T21:24:03.1284362Z #9 1.582   libcryptsetup12 libcups2 libdatrie1 libdav1d6 libdbus-1-3 libdconf1
2026-10-07T21:24:03.1284750Z #9 1.582   libdeflate0 libdevmapper1.02.1 libdouble-conversion3 libdrm-amdgpu1
2026-10-07T21:24:03.1285145Z #9 1.582   libdrm-common libdrm-intel1 libdrm-nouveau2 libdrm-radeon1 libdrm2 libedit2
2026-10-07T21:24:03.1285527Z #9 1.582   libelf1 libepoxy0 libexpat1 libfdisk1 libflac12 libfontconfig1 libfontenc1
2026-10-07T21:24:03.1285924Z #9 1.582   libfreetype6 libfribidi0 libgbm1 libgdk-pixbuf-2.0-0 libgdk-pixbuf2.0-common
2026-10-07T21:24:03.1286339Z #9 1.582   libgl1 libgl1-mesa-dri libglapi-mesa libglib2.0-0 libglvnd0 libglx-mesa0
2026-10-07T21:24:03.1286712Z #9 1.582   libglx0 libgraphite2-3 libgssapi-krb5-2 libgtk-3-0 libgtk-3-common
2026-10-07T21:24:03.1287067Z #9 1.582   libharfbuzz-subset0 libharfbuzz0b libice6 libicu72 libip4tc2 libjbig0
2026-10-07T21:24:03.1287439Z #9 1.582   libjpeg62-turbo libjson-c5 libk5crypto3 libkeyutils1 libkmod2 libkrb5-3
2026-10-07T21:24:03.1287809Z #9 1.582   libkrb5support0 liblcms2-2 liblerc4 libllvm15 libminizip1 libmp3lame0
2026-10-07T21:24:03.1288636Z #9 1.582   libmpg123-0 libncursesw6 libnspr4 libnss3 libogg0 libopenh264-7 libopenjp2-7
2026-10-07T21:24:03.1289018Z #9 1.582   libopus0 libpam-systemd libpango-1.0-0 libpangocairo-1.0-0 libpangoft2-1.0-0
2026-10-07T21:24:03.1289334Z #9 1.582   libpciaccess0 libpixman-1-0 libpng16-16 libproc2-0 libpulse0
2026-10-07T21:24:03.1289642Z #9 1.582   libsensors-config libsensors5 libsm6 libsndfile1 libsqlite3-0 libssl3
2026-10-07T21:24:03.1289965Z #9 1.582   libsystemd-shared libthai-data libthai0 libtiff6 libvorbis0a libvorbisenc2
2026-10-07T21:24:03.1290328Z #9 1.582   libwayland-client0 libwayland-cursor0 libwayland-egl1 libwayland-server0
2026-10-07T21:24:03.1290703Z #9 1.582   libwebp7 libx11-6 libx11-data libx11-xcb1 libxau6 libxaw7 libxcb-dri2-0
2026-10-07T21:24:03.1291077Z #9 1.582   libxcb-dri3-0 libxcb-glx0 libxcb-present0 libxcb-randr0 libxcb-render0
2026-10-07T21:24:03.1291463Z #9 1.582   libxcb-shape0 libxcb-shm0 libxcb-sync1 libxcb-xfixes0 libxcb1 libxcomposite1
2026-10-07T21:24:03.1291838Z #9 1.582   libxcursor1 libxdamage1 libxdmcp6 libxext6 libxfixes3 libxft2 libxi6
2026-10-07T21:24:03.1292224Z #9 1.582   libxinerama1 libxkbcommon0 libxkbfile1 libxml2 libxmu6 libxmuu1 libxnvctrl0
2026-10-07T21:24:03.1292635Z #9 1.582   libxpm4 libxrandr2 libxrender1 libxshmfence1 libxt6 libxtst6 libxv1
2026-10-07T21:24:03.1293013Z #9 1.583   libxxf86dga1 libxxf86vm1 libz3-4 procps shared-mime-info systemd
2026-10-07T21:24:03.1293355Z #9 1.583   systemd-sysv x11-common x11-utils xdg-utils xkb-data
2026-10-07T21:24:03.1293605Z #9 1.584 Suggested packages:
2026-10-07T21:24:03.1294419Z #9 1.584   chromium-l10n chromium-shell chromium-driver libasound2-plugins alsa-utils
2026-10-07T21:24:03.1295185Z #9 1.584   colord cups-common low-memory-monitor krb5-doc krb5-user gvfs liblcms2-utils
2026-10-07T21:24:03.1295689Z #9 1.584   opus-tools pciutils pulseaudio lm-sensors systemd-container systemd-homed
2026-10-07T21:24:03.1296132Z #9 1.584   systemd-userdbd systemd-boot systemd-resolved libfido2-1 libqrencode4
2026-10-07T21:24:03.1296574Z #9 1.584   libtss2-esys-3.0.2-0 libtss2-mu0 libtss2-rc0 polkitd | policykit-1
2026-10-07T21:24:03.1296871Z #9 1.584   mesa-utils
2026-10-07T21:24:03.1297076Z #9 1.584 Recommended packages:
2026-10-07T21:24:03.1297392Z #9 1.584   librsvg2-common upower udev fonts-liberation notification-daemon
2026-10-07T21:24:03.1297854Z #9 1.584   system-config-printer alsa-ucm-conf alsa-topology-conf at-spi2-core
2026-10-07T21:24:03.1298507Z #9 1.584   libgdk-pixbuf2.0-bin libglib2.0-data xdg-user-dirs libgtk-3-bin krb5-locales
2026-10-07T21:24:03.1298969Z #9 1.584   libgpm2 psmisc systemd-timesyncd | time-daemon libnss-systemd
2026-10-07T21:24:03.1299377Z #9 1.584   libfile-mimeinfo-perl libnet-dbus-perl libx11-protocol-perl
2026-10-07T21:24:03.1299642Z #9 1.584   x11-xserver-utils
2026-10-07T21:24:03.3837743Z #9 1.989 The following NEW packages will be installed:
2026-10-07T21:24:03.3838377Z #9 1.989   adwaita-icon-theme at-spi2-common bubblewrap chromium chromium-common dbus
2026-10-07T21:24:03.3839011Z #9 1.989   dbus-bin dbus-daemon dbus-session-bus-common dbus-system-bus-common
2026-10-07T21:24:03.4861643Z #9 1.989   dbus-user-session dconf-gsettings-backend dconf-service dmsetup fontconfig
2026-10-07T21:24:03.4862244Z #9 1.989   fontconfig-config fonts-dejavu-core gtk-update-icon-cache hicolor-icon-theme
2026-10-07T21:24:03.4862751Z #9 1.989   libapparmor1 libargon2-1 libasound2 libasound2-data libasyncns0
2026-10-07T21:24:03.4863210Z #9 1.989   libatk-bridge2.0-0 libatk1.0-0 libatspi2.0-0 libavahi-client3
2026-10-07T21:24:03.4863689Z #9 1.990   libavahi-common-data libavahi-common3 libbrotli1 libbsd0 libcairo-gobject2
2026-10-07T21:24:03.4864140Z #9 1.990   libcairo2 libcolord2 libcryptsetup12 libcups2 libdatrie1 libdav1d6
2026-10-07T21:24:03.4864443Z #9 1.990   libdbus-1-3 libdconf1 libdeflate0 libdevmapper1.02.1 libdouble-conversion3
2026-10-07T21:24:03.4864756Z #9 1.990   libdrm-amdgpu1 libdrm-common libdrm-intel1 libdrm-nouveau2 libdrm-radeon1
2026-10-07T21:24:03.4865229Z #9 1.990   libdrm2 libedit2 libelf1 libepoxy0 libexpat1 libfdisk1 libflac12
2026-10-07T21:24:03.4865497Z #9 1.990   libfontconfig1 libfontenc1 libfreetype6 libfribidi0 libgbm1
2026-10-07T21:24:03.4865778Z #9 1.990   libgdk-pixbuf-2.0-0 libgdk-pixbuf2.0-common libgl1 libgl1-mesa-dri
2026-10-07T21:24:03.4866081Z #9 1.990   libglapi-mesa libglib2.0-0 libglvnd0 libglx-mesa0 libglx0 libgraphite2-3
2026-10-07T21:24:03.4866378Z #9 1.990   libgssapi-krb5-2 libgtk-3-0 libgtk-3-common libharfbuzz-subset0
2026-10-07T21:24:03.4866686Z #9 1.990   libharfbuzz0b libice6 libicu72 libip4tc2 libjbig0 libjpeg62-turbo libjson-c5
2026-10-07T21:24:03.4866998Z #9 1.990   libk5crypto3 libkeyutils1 libkmod2 libkrb5-3 libkrb5support0 liblcms2-2
2026-10-07T21:24:03.4867309Z #9 1.990   liblerc4 libllvm15 libminizip1 libmp3lame0 libmpg123-0 libncursesw6 libnspr4
2026-10-07T21:24:03.4867606Z #9 1.990   libnss3 libogg0 libopenh264-7 libopenjp2-7 libopus0 libpam-systemd
2026-10-07T21:24:03.4867885Z #9 1.990   libpango-1.0-0 libpangocairo-1.0-0 libpangoft2-1.0-0 libpciaccess0
2026-10-07T21:24:03.4868185Z #9 1.990   libpixman-1-0 libpng16-16 libproc2-0 libpulse0 libsensors-config libsensors5
2026-10-07T21:24:03.4868493Z #9 1.990   libsm6 libsndfile1 libsqlite3-0 libssl3 libsystemd-shared libthai-data
2026-10-07T21:24:03.4868774Z #9 1.990   libthai0 libtiff6 libvorbis0a libvorbisenc2 libwayland-client0
2026-10-07T21:24:03.4869071Z #9 1.990   libwayland-cursor0 libwayland-egl1 libwayland-server0 libwebp7 libx11-6
2026-10-07T21:24:03.4869372Z #9 1.990   libx11-data libx11-xcb1 libxau6 libxaw7 libxcb-dri2-0 libxcb-dri3-0
2026-10-07T21:24:03.4869667Z #9 1.990   libxcb-glx0 libxcb-present0 libxcb-randr0 libxcb-render0 libxcb-shape0
2026-10-07T21:24:03.4869977Z #9 1.990   libxcb-shm0 libxcb-sync1 libxcb-xfixes0 libxcb1 libxcomposite1 libxcursor1
2026-10-07T21:24:03.4870280Z #9 1.990   libxdamage1 libxdmcp6 libxext6 libxfixes3 libxft2 libxi6 libxinerama1
2026-10-07T21:24:03.4870572Z #9 1.990   libxkbcommon0 libxkbfile1 libxml2 libxmu6 libxmuu1 libxnvctrl0 libxpm4
2026-10-07T21:24:03.4870872Z #9 1.990   libxrandr2 libxrender1 libxshmfence1 libxt6 libxtst6 libxv1 libxxf86dga1
2026-10-07T21:24:03.4871181Z #9 1.990   libxxf86vm1 libz3-4 procps shared-mime-info systemd systemd-sysv x11-common
2026-10-07T21:24:03.4871422Z #9 1.990   x11-utils xdg-utils xkb-data
2026-10-07T21:24:03.4871650Z #9 2.030 0 upgraded, 175 newly installed, 0 to remove and 1 not upgraded.
2026-10-07T21:24:03.4871860Z #9 2.030 Need to get 206 MB of archives.
2026-10-07T21:24:03.4872169Z #9 2.030 After this operation, 733 MB of additional disk space will be used.
2026-10-07T21:24:03.4872565Z #9 2.030 Get:1 http://deb.debian.org/debian-security bookworm-security/main amd64 libssl3 amd64 3.0.22-1~deb12u1 [2039 kB]
2026-10-07T21:24:03.4873004Z #9 2.063 Get:2 http://deb.debian.org/debian bookworm/main amd64 libargon2-1 amd64 0~20171227-0.3+deb12u1 [19.4 kB]
2026-10-07T21:24:03.4873386Z #9 2.063 Get:3 http://deb.debian.org/debian bookworm/main amd64 dmsetup amd64 2:1.02.185-2 [82.0 kB]
2026-10-07T21:24:03.4873764Z #9 2.069 Get:4 http://deb.debian.org/debian bookworm/main amd64 libdevmapper1.02.1 amd64 2:1.02.185-2 [133 kB]
2026-10-07T21:24:03.4874282Z #9 2.069 Get:5 http://deb.debian.org/debian bookworm/main amd64 libjson-c5 amd64 0.16-2 [44.1 kB]
2026-10-07T21:24:03.4874657Z #9 2.070 Get:6 http://deb.debian.org/debian bookworm/main amd64 libcryptsetup12 amd64 2:2.6.1-4~deb12u2 [223 kB]
2026-10-07T21:24:03.4875101Z #9 2.071 Get:7 http://deb.debian.org/debian bookworm/main amd64 libfdisk1 amd64 2.38.1-5+deb12u3 [194 kB]
2026-10-07T21:24:03.4875470Z #9 2.071 Get:8 http://deb.debian.org/debian bookworm/main amd64 libkmod2 amd64 30+20221128-1 [57.9 kB]
2026-10-07T21:24:03.4875829Z #9 2.072 Get:9 http://deb.debian.org/debian bookworm/main amd64 libapparmor1 amd64 3.0.8-3 [41.2 kB]
2026-10-07T21:24:03.4876184Z #9 2.072 Get:10 http://deb.debian.org/debian bookworm/main amd64 libip4tc2 amd64 1.8.9-2 [19.0 kB]
2026-10-07T21:24:03.4876573Z #9 2.072 Get:11 http://deb.debian.org/debian bookworm/main amd64 libsystemd-shared amd64 252.39-1~deb12u2 [1696 kB]
2026-10-07T21:24:03.4877012Z #9 2.077 Get:12 http://deb.debian.org/debian bookworm/main amd64 systemd amd64 252.39-1~deb12u2 [3044 kB]
2026-10-07T21:24:03.4877390Z #9 2.086 Get:13 http://deb.debian.org/debian bookworm/main amd64 systemd-sysv amd64 252.39-1~deb12u2 [42.9 kB]
2026-10-07T21:24:03.4877775Z #9 2.086 Get:14 http://deb.debian.org/debian bookworm/main amd64 libdbus-1-3 amd64 1.14.10-1~deb12u1 [201 kB]
2026-10-07T21:24:03.4878154Z #9 2.087 Get:15 http://deb.debian.org/debian bookworm/main amd64 dbus-bin amd64 1.14.10-1~deb12u1 [105 kB]
2026-10-07T21:24:03.4878564Z #9 2.087 Get:16 http://deb.debian.org/debian bookworm/main amd64 dbus-session-bus-common all 1.14.10-1~deb12u1 [78.2 kB]
2026-10-07T21:24:03.4879008Z #9 2.087 Get:17 http://deb.debian.org/debian-security bookworm-security/main amd64 libexpat1 amd64 2.5.0-1+deb12u4 [106 kB]
2026-10-07T21:24:03.4879427Z #9 2.088 Get:18 http://deb.debian.org/debian bookworm/main amd64 dbus-daemon amd64 1.14.10-1~deb12u1 [184 kB]
2026-10-07T21:24:03.4879840Z #9 2.088 Get:19 http://deb.debian.org/debian bookworm/main amd64 dbus-system-bus-common all 1.14.10-1~deb12u1 [79.3 kB]
2026-10-07T21:24:03.4880232Z #9 2.088 Get:20 http://deb.debian.org/debian bookworm/main amd64 dbus amd64 1.14.10-1~deb12u1 [97.4 kB]
2026-10-07T21:24:03.4880587Z #9 2.089 Get:21 http://deb.debian.org/debian bookworm/main amd64 libncursesw6 amd64 6.4-4 [134 kB]
2026-10-07T21:24:03.4880942Z #9 2.092 Get:22 http://deb.debian.org/debian bookworm/main amd64 libproc2-0 amd64 2:4.0.2-3 [62.8 kB]
2026-10-07T21:24:03.5878883Z #9 2.097 Get:23 http://deb.debian.org/debian bookworm/main amd64 procps amd64 2:4.0.2-3 [709 kB]
2026-10-07T21:24:03.5879611Z #9 2.099 Get:24 http://deb.debian.org/debian bookworm/main amd64 libpam-systemd amd64 252.39-1~deb12u2 [226 kB]
2026-10-07T21:24:03.5880255Z #9 2.100 Get:25 http://deb.debian.org/debian bookworm/main amd64 hicolor-icon-theme all 0.17-2 [11.4 kB]
2026-10-07T21:24:03.5881002Z #9 2.100 Get:26 http://deb.debian.org/debian bookworm/main amd64 libgdk-pixbuf2.0-common all 2.42.10+dfsg-1+deb12u4 [307 kB]
2026-10-07T21:24:03.5881757Z #9 2.101 Get:27 http://deb.debian.org/debian bookworm/main amd64 libglib2.0-0 amd64 2.74.6-2+deb12u9 [1403 kB]
2026-10-07T21:24:03.5882361Z #9 2.105 Get:28 http://deb.debian.org/debian bookworm/main amd64 libicu72 amd64 72.1-3+deb12u1 [9376 kB]
2026-10-07T21:24:03.5883242Z #9 2.132 Get:29 http://deb.debian.org/debian bookworm/main amd64 libxml2 amd64 2.9.14+dfsg-1.3~deb12u6 [689 kB]
2026-10-07T21:24:03.5883789Z #9 2.135 Get:30 http://deb.debian.org/debian bookworm/main amd64 shared-mime-info amd64 2.2-1 [729 kB]
2026-10-07T21:24:03.5884329Z #9 2.136 Get:31 http://deb.debian.org/debian bookworm/main amd64 libjpeg62-turbo amd64 1:2.1.5-2 [166 kB]
2026-10-07T21:24:03.5884816Z #9 2.137 Get:32 http://deb.debian.org/debian-security bookworm-security/main amd64 libpng16-16 amd64 1.6.39-2+deb12u6 [277 kB]
2026-10-07T21:24:03.5885218Z #9 2.137 Get:33 http://deb.debian.org/debian bookworm/main amd64 libdeflate0 amd64 1.14-1 [61.4 kB]
2026-10-07T21:24:03.5885568Z #9 2.137 Get:34 http://deb.debian.org/debian bookworm/main amd64 libjbig0 amd64 2.1-6.1 [31.7 kB]
2026-10-07T21:24:03.5885910Z #9 2.137 Get:35 http://deb.debian.org/debian bookworm/main amd64 liblerc4 amd64 4.0.0+ds-2 [170 kB]
2026-10-07T21:24:03.5886272Z #9 2.138 Get:36 http://deb.debian.org/debian bookworm/main amd64 libwebp7 amd64 1.2.4-0.2+deb12u1 [286 kB]
2026-10-07T21:24:03.5886652Z #9 2.139 Get:37 http://deb.debian.org/debian bookworm/main amd64 libtiff6 amd64 4.5.0-6+deb12u4 [316 kB]
2026-10-07T21:24:03.5887058Z #9 2.140 Get:38 http://deb.debian.org/debian bookworm/main amd64 libgdk-pixbuf-2.0-0 amd64 2.42.10+dfsg-1+deb12u4 [139 kB]
2026-10-07T21:24:03.5887496Z #9 2.143 Get:39 http://deb.debian.org/debian bookworm/main amd64 gtk-update-icon-cache amd64 3.24.38-2~deb12u3 [44.2 kB]
2026-10-07T21:24:03.5887975Z #9 2.144 Get:40 http://deb.debian.org/debian bookworm/main amd64 adwaita-icon-theme all 43-1 [5124 kB]
2026-10-07T21:24:03.5888422Z #9 2.157 Get:41 http://deb.debian.org/debian bookworm/main amd64 at-spi2-common all 2.46.0-5 [162 kB]
2026-10-07T21:24:03.5888800Z #9 2.157 Get:42 http://deb.debian.org/debian bookworm/main amd64 bubblewrap amd64 0.8.0-2+deb12u1 [47.3 kB]
2026-10-07T21:24:03.5889170Z #9 2.158 Get:43 http://deb.debian.org/debian bookworm/main amd64 libasound2-data all 1.2.8-1 [20.5 kB]
2026-10-07T21:24:03.5889533Z #9 2.158 Get:44 http://deb.debian.org/debian bookworm/main amd64 libasound2 amd64 1.2.8-1+b1 [362 kB]
2026-10-07T21:24:03.5889885Z #9 2.159 Get:45 http://deb.debian.org/debian bookworm/main amd64 libatk1.0-0 amd64 2.46.0-5 [49.6 kB]
2026-10-07T21:24:03.5890237Z #9 2.159 Get:46 http://deb.debian.org/debian bookworm/main amd64 libxau6 amd64 1:1.0.9-1 [19.7 kB]
2026-10-07T21:24:03.5890577Z #9 2.159 Get:47 http://deb.debian.org/debian bookworm/main amd64 libbsd0 amd64 0.11.7-2 [117 kB]
2026-10-07T21:24:03.5890920Z #9 2.159 Get:48 http://deb.debian.org/debian bookworm/main amd64 libxdmcp6 amd64 1:1.1.2-3 [26.3 kB]
2026-10-07T21:24:03.5891261Z #9 2.160 Get:49 http://deb.debian.org/debian bookworm/main amd64 libxcb1 amd64 1.15-1 [144 kB]
2026-10-07T21:24:03.5891620Z #9 2.163 Get:50 http://deb.debian.org/debian bookworm/main amd64 libx11-data all 2:1.8.4-2+deb12u2 [292 kB]
2026-10-07T21:24:03.5892001Z #9 2.168 Get:51 http://deb.debian.org/debian bookworm/main amd64 libx11-6 amd64 2:1.8.4-2+deb12u2 [760 kB]
2026-10-07T21:24:03.5892364Z #9 2.170 Get:52 http://deb.debian.org/debian bookworm/main amd64 libxext6 amd64 2:1.3.4-1+b1 [52.9 kB]
2026-10-07T21:24:03.5892711Z #9 2.170 Get:53 http://deb.debian.org/debian bookworm/main amd64 libxi6 amd64 2:1.8-1+b1 [84.2 kB]
2026-10-07T21:24:03.5893063Z #9 2.171 Get:54 http://deb.debian.org/debian bookworm/main amd64 libatspi2.0-0 amd64 2.46.0-5 [75.4 kB]
2026-10-07T21:24:03.5893441Z #9 2.171 Get:55 http://deb.debian.org/debian bookworm/main amd64 libatk-bridge2.0-0 amd64 2.46.0-5 [64.6 kB]
2026-10-07T21:24:03.5893807Z #9 2.171 Get:56 http://deb.debian.org/debian bookworm/main amd64 libbrotli1 amd64 1.0.9-2+b6 [275 kB]
2026-10-07T21:24:03.5894326Z #9 2.172 Get:57 http://deb.debian.org/debian bookworm/main amd64 libfreetype6 amd64 2.12.1+dfsg-5+deb12u4 [398 kB]
2026-10-07T21:24:03.5894704Z #9 2.174 Get:58 http://deb.debian.org/debian bookworm/main amd64 fonts-dejavu-core all 2.37-6 [1068 kB]
2026-10-07T21:24:03.5895072Z #9 2.176 Get:59 http://deb.debian.org/debian bookworm/main amd64 fontconfig-config amd64 2.14.1-4 [315 kB]
2026-10-07T21:24:03.5895498Z #9 2.177 Get:60 http://deb.debian.org/debian bookworm/main amd64 libfontconfig1 amd64 2.14.1-4 [386 kB]
2026-10-07T21:24:03.5895855Z #9 2.179 Get:61 http://deb.debian.org/debian bookworm/main amd64 libpixman-1-0 amd64 0.42.2-1 [546 kB]
2026-10-07T21:24:03.5896208Z #9 2.181 Get:62 http://deb.debian.org/debian bookworm/main amd64 libxcb-render0 amd64 1.15-1 [115 kB]
2026-10-07T21:24:03.5896554Z #9 2.181 Get:63 http://deb.debian.org/debian bookworm/main amd64 libxcb-shm0 amd64 1.15-1 [105 kB]
2026-10-07T21:24:03.5896922Z #9 2.181 Get:64 http://deb.debian.org/debian bookworm/main amd64 libxrender1 amd64 1:0.9.10-1.1 [33.2 kB]
2026-10-07T21:24:03.5897504Z #9 2.190 Get:65 http://deb.debian.org/debian bookworm/main amd64 libcairo2 amd64 1.16.0-7 [575 kB]
2026-10-07T21:24:03.5898112Z #9 2.194 Get:66 http://deb.debian.org/debian bookworm/main amd64 libavahi-common-data amd64 0.8-10+deb12u1 [107 kB]
2026-10-07T21:24:03.7389918Z #9 2.194 Get:67 http://deb.debian.org/debian bookworm/main amd64 libavahi-common3 amd64 0.8-10+deb12u1 [42.1 kB]
2026-10-07T21:24:03.8170150Z #9 2.423 Get:68 http://deb.debian.org/debian bookworm/main amd64 libavahi-client3 amd64 0.8-10+deb12u1 [45.8 kB]
2026-10-07T21:24:03.9232836Z #9 2.444 Get:69 http://deb.debian.org/debian bookworm/main amd64 libkrb5support0 amd64 1.20.1-2+deb12u5 [33.2 kB]
2026-10-07T21:24:03.9233851Z #9 2.445 Get:70 http://deb.debian.org/debian bookworm/main amd64 libk5crypto3 amd64 1.20.1-2+deb12u5 [79.7 kB]
2026-10-07T21:24:03.9234852Z #9 2.450 Get:71 http://deb.debian.org/debian bookworm/main amd64 libkeyutils1 amd64 1.6.3-2 [8808 B]
2026-10-07T21:24:03.9235984Z #9 2.450 Get:72 http://deb.debian.org/debian bookworm/main amd64 libkrb5-3 amd64 1.20.1-2+deb12u5 [332 kB]
2026-10-07T21:24:03.9236851Z #9 2.461 Get:73 http://deb.debian.org/debian bookworm/main amd64 libgssapi-krb5-2 amd64 1.20.1-2+deb12u5 [135 kB]
2026-10-07T21:24:03.9237602Z #9 2.462 Get:74 http://deb.debian.org/debian bookworm/main amd64 libcups2 amd64 2.4.2-3+deb12u9 [245 kB]
2026-10-07T21:24:03.9238352Z #9 2.462 Get:75 http://deb.debian.org/debian bookworm/main amd64 libdav1d6 amd64 1.0.0-2+deb12u1 [513 kB]
2026-10-07T21:24:03.9238890Z #9 2.463 Get:76 http://deb.debian.org/debian bookworm/main amd64 libdouble-conversion3 amd64 3.2.1-1 [41.5 kB]
2026-10-07T21:24:03.9239592Z #9 2.464 Get:77 http://deb.debian.org/debian bookworm/main amd64 libogg0 amd64 1.3.5-3 [23.4 kB]
2026-10-07T21:24:03.9240267Z #9 2.464 Get:78 http://deb.debian.org/debian bookworm/main amd64 libflac12 amd64 1.4.2+ds-2 [198 kB]
2026-10-07T21:24:03.9240742Z #9 2.464 Get:79 http://deb.debian.org/debian bookworm/main amd64 libdrm-common all 2.4.114-1 [7112 B]
2026-10-07T21:24:03.9241237Z #9 2.464 Get:80 http://deb.debian.org/debian bookworm/main amd64 libdrm2 amd64 2.4.114-1+b1 [37.5 kB]
2026-10-07T21:24:03.9241700Z #9 2.466 Get:81 http://deb.debian.org/debian bookworm/main amd64 libwayland-server0 amd64 1.21.0-1 [35.9 kB]
2026-10-07T21:24:03.9242153Z #9 2.468 Get:82 http://deb.debian.org/debian bookworm/main amd64 libgbm1 amd64 22.3.6-1+deb12u2 [38.1 kB]
2026-10-07T21:24:03.9242633Z #9 2.473 Get:83 http://deb.debian.org/debian bookworm/main amd64 libgraphite2-3 amd64 1.3.14-1+deb12u1 [74.6 kB]
2026-10-07T21:24:03.9243112Z #9 2.473 Get:84 http://deb.debian.org/debian bookworm/main amd64 libharfbuzz0b amd64 6.0.0+dfsg-3 [1945 kB]
2026-10-07T21:24:03.9243599Z #9 2.482 Get:85 http://deb.debian.org/debian bookworm/main amd64 libharfbuzz-subset0 amd64 6.0.0+dfsg-3 [1931 kB]
2026-10-07T21:24:03.9244293Z #9 2.488 Get:86 http://deb.debian.org/debian bookworm/main amd64 liblcms2-2 amd64 2.14-2+deb12u1 [154 kB]
2026-10-07T21:24:03.9244953Z #9 2.488 Get:87 http://deb.debian.org/debian bookworm/main amd64 libminizip1 amd64 1.1-8+deb12u1 [20.1 kB]
2026-10-07T21:24:03.9245561Z #9 2.488 Get:88 http://deb.debian.org/debian bookworm/main amd64 libnspr4 amd64 2:4.35-1 [113 kB]
2026-10-07T21:24:03.9246202Z #9 2.488 Get:89 http://deb.debian.org/debian bookworm/main amd64 libsqlite3-0 amd64 3.40.1-2+deb12u2 [839 kB]
2026-10-07T21:24:03.9247169Z #9 2.490 Get:90 http://deb.debian.org/debian-security bookworm-security/main amd64 libnss3 amd64 2:3.87.1-1+deb12u4 [1331 kB]
2026-10-07T21:24:03.9247831Z #9 2.492 Get:91 http://deb.debian.org/debian bookworm/main amd64 libopenh264-7 amd64 2.3.1+dfsg-3+deb12u2 [393 kB]
2026-10-07T21:24:03.9248486Z #9 2.493 Get:92 http://deb.debian.org/debian bookworm/main amd64 libopenjp2-7 amd64 2.5.0-2+deb12u3 [189 kB]
2026-10-07T21:24:03.9249078Z #9 2.493 Get:93 http://deb.debian.org/debian bookworm/main amd64 libopus0 amd64 1.3.1-3 [195 kB]
2026-10-07T21:24:03.9249677Z #9 2.494 Get:94 http://deb.debian.org/debian bookworm/main amd64 fontconfig amd64 2.14.1-4 [449 kB]
2026-10-07T21:24:03.9250299Z #9 2.496 Get:95 http://deb.debian.org/debian bookworm/main amd64 libfribidi0 amd64 1.0.8-2.1 [65.0 kB]
2026-10-07T21:24:03.9250902Z #9 2.498 Get:96 http://deb.debian.org/debian bookworm/main amd64 libthai-data all 0.1.29-1 [176 kB]
2026-10-07T21:24:03.9251543Z #9 2.499 Get:97 http://deb.debian.org/debian bookworm/main amd64 libdatrie1 amd64 0.2.13-2+b1 [43.3 kB]
2026-10-07T21:24:03.9252138Z #9 2.499 Get:98 http://deb.debian.org/debian bookworm/main amd64 libthai0 amd64 0.1.29-1 [57.5 kB]
2026-10-07T21:24:03.9252767Z #9 2.500 Get:99 http://deb.debian.org/debian bookworm/main amd64 libpango-1.0-0 amd64 1.50.12+ds-1 [212 kB]
2026-10-07T21:24:03.9253379Z #9 2.501 Get:100 http://deb.debian.org/debian bookworm/main amd64 libasyncns0 amd64 0.8-6+b3 [12.9 kB]
2026-10-07T21:24:03.9254066Z #9 2.501 Get:101 http://deb.debian.org/debian bookworm/main amd64 libmp3lame0 amd64 3.100-6 [365 kB]
2026-10-07T21:24:03.9254728Z #9 2.502 Get:102 http://deb.debian.org/debian bookworm/main amd64 libmpg123-0 amd64 1.31.2-1+deb12u1 [147 kB]
2026-10-07T21:24:03.9255339Z #9 2.502 Get:103 http://deb.debian.org/debian bookworm/main amd64 libvorbis0a amd64 1.3.7-1 [93.0 kB]
2026-10-07T21:24:03.9255951Z #9 2.506 Get:104 http://deb.debian.org/debian bookworm/main amd64 libvorbisenc2 amd64 1.3.7-1 [80.6 kB]
2026-10-07T21:24:03.9256587Z #9 2.506 Get:105 http://deb.debian.org/debian bookworm/main amd64 libsndfile1 amd64 1.2.0-1+deb12u1 [197 kB]
2026-10-07T21:24:03.9257226Z #9 2.507 Get:106 http://deb.debian.org/debian bookworm/main amd64 libx11-xcb1 amd64 2:1.8.4-2+deb12u2 [192 kB]
2026-10-07T21:24:03.9257868Z #9 2.507 Get:107 http://deb.debian.org/debian bookworm/main amd64 libpulse0 amd64 16.1+dfsg1-2+b1 [274 kB]
2026-10-07T21:24:03.9258503Z #9 2.508 Get:108 http://deb.debian.org/debian bookworm/main amd64 libxcomposite1 amd64 1:0.4.5-1 [16.6 kB]
2026-10-07T21:24:03.9259112Z #9 2.512 Get:109 http://deb.debian.org/debian bookworm/main amd64 libxdamage1 amd64 1:1.1.6-1 [15.1 kB]
2026-10-07T21:24:03.9259756Z #9 2.512 Get:110 http://deb.debian.org/debian bookworm/main amd64 libxfixes3 amd64 1:6.0.0-2 [22.7 kB]
2026-10-07T21:24:03.9260346Z #9 2.512 Get:111 http://deb.debian.org/debian bookworm/main amd64 xkb-data all 2.35.1-1 [764 kB]
2026-10-07T21:24:03.9260957Z #9 2.514 Get:112 http://deb.debian.org/debian bookworm/main amd64 libxkbcommon0 amd64 1.5.0-1 [106 kB]
2026-10-07T21:24:03.9261605Z #9 2.514 Get:113 http://deb.debian.org/debian bookworm/main amd64 libxnvctrl0 amd64 525.85.05-3~deb12u1 [13.5 kB]
2026-10-07T21:24:03.9262225Z #9 2.517 Get:114 http://deb.debian.org/debian bookworm/main amd64 libxrandr2 amd64 2:1.5.2-2+b1 [39.2 kB]
2026-10-07T21:24:03.9262854Z #9 2.519 Get:115 http://deb.debian.org/debian bookworm/main amd64 libcairo-gobject2 amd64 1.16.0-7 [112 kB]
2026-10-07T21:24:03.9263461Z #9 2.519 Get:116 http://deb.debian.org/debian bookworm/main amd64 libcolord2 amd64 1.4.6-2.2 [137 kB]
2026-10-07T21:24:03.9264133Z #9 2.529 Get:117 http://deb.debian.org/debian bookworm/main amd64 libepoxy0 amd64 1.5.10-1 [189 kB]
2026-10-07T21:24:04.0288686Z #9 2.530 Get:118 http://deb.debian.org/debian bookworm/main amd64 libpangoft2-1.0-0 amd64 1.50.12+ds-1 [47.4 kB]
2026-10-07T21:24:04.0289337Z #9 2.537 Get:119 http://deb.debian.org/debian bookworm/main amd64 libpangocairo-1.0-0 amd64 1.50.12+ds-1 [34.2 kB]
2026-10-07T21:24:04.0290160Z #9 2.538 Get:120 http://deb.debian.org/debian bookworm/main amd64 libwayland-client0 amd64 1.21.0-1 [28.3 kB]
2026-10-07T21:24:04.0290871Z #9 2.539 Get:121 http://deb.debian.org/debian bookworm/main amd64 libwayland-cursor0 amd64 1.21.0-1 [14.4 kB]
2026-10-07T21:24:04.0291418Z #9 2.541 Get:122 http://deb.debian.org/debian bookworm/main amd64 libwayland-egl1 amd64 1.21.0-1 [8640 B]
2026-10-07T21:24:04.0292026Z #9 2.541 Get:123 http://deb.debian.org/debian bookworm/main amd64 libxcursor1 amd64 1:1.2.1-1 [40.9 kB]
2026-10-07T21:24:04.0292690Z #9 2.542 Get:124 http://deb.debian.org/debian bookworm/main amd64 libxinerama1 amd64 2:1.1.4-3 [17.8 kB]
2026-10-07T21:24:04.0293267Z #9 2.542 Get:125 http://deb.debian.org/debian bookworm/main amd64 dbus-user-session amd64 1.14.10-1~deb12u1 [78.1 kB]
2026-10-07T21:24:04.0294053Z #9 2.543 Get:126 http://deb.debian.org/debian bookworm/main amd64 libdconf1 amd64 0.40.0-4 [40.9 kB]
2026-10-07T21:24:04.0294488Z #9 2.543 Get:127 http://deb.debian.org/debian bookworm/main amd64 dconf-service amd64 0.40.0-4 [31.6 kB]
2026-10-07T21:24:04.0294878Z #9 2.544 Get:128 http://deb.debian.org/debian bookworm/main amd64 dconf-gsettings-backend amd64 0.40.0-4 [27.8 kB]
2026-10-07T21:24:04.0295290Z #9 2.554 Get:129 http://deb.debian.org/debian bookworm/main amd64 libgtk-3-common all 3.24.38-2~deb12u3 [3895 kB]
2026-10-07T21:24:04.0295699Z #9 2.562 Get:130 http://deb.debian.org/debian bookworm/main amd64 libgtk-3-0 amd64 3.24.38-2~deb12u3 [2847 kB]
2026-10-07T21:24:04.0296072Z #9 2.568 Get:131 http://deb.debian.org/debian bookworm/main amd64 libfontenc1 amd64 1:1.1.4-1 [24.3 kB]
2026-10-07T21:24:04.0296514Z #9 2.568 Get:132 http://deb.debian.org/debian bookworm/main amd64 libglvnd0 amd64 1.6.0-1 [51.8 kB]
2026-10-07T21:24:04.0296889Z #9 2.569 Get:133 http://deb.debian.org/debian bookworm/main amd64 libglapi-mesa amd64 22.3.6-1+deb12u2 [35.9 kB]
2026-10-07T21:24:04.0297266Z #9 2.569 Get:134 http://deb.debian.org/debian bookworm/main amd64 libxcb-dri2-0 amd64 1.15-1 [107 kB]
2026-10-07T21:24:04.0297622Z #9 2.569 Get:135 http://deb.debian.org/debian bookworm/main amd64 libxcb-dri3-0 amd64 1.15-1 [107 kB]
2026-10-07T21:24:04.0297976Z #9 2.569 Get:136 http://deb.debian.org/debian bookworm/main amd64 libxcb-glx0 amd64 1.15-1 [122 kB]
2026-10-07T21:24:04.0298337Z #9 2.570 Get:137 http://deb.debian.org/debian bookworm/main amd64 libxcb-present0 amd64 1.15-1 [105 kB]
2026-10-07T21:24:04.0298695Z #9 2.570 Get:138 http://deb.debian.org/debian bookworm/main amd64 libxcb-randr0 amd64 1.15-1 [117 kB]
2026-10-07T21:24:04.0299045Z #9 2.570 Get:139 http://deb.debian.org/debian bookworm/main amd64 libxcb-sync1 amd64 1.15-1 [109 kB]
2026-10-07T21:24:04.0299405Z #9 2.580 Get:140 http://deb.debian.org/debian bookworm/main amd64 libxcb-xfixes0 amd64 1.15-1 [109 kB]
2026-10-07T21:24:04.0299761Z #9 2.580 Get:141 http://deb.debian.org/debian bookworm/main amd64 libxshmfence1 amd64 1.3-1 [8820 B]
2026-10-07T21:24:04.0300125Z #9 2.581 Get:142 http://deb.debian.org/debian bookworm/main amd64 libxxf86vm1 amd64 1:1.1.4-1+b2 [20.8 kB]
2026-10-07T21:24:04.0300508Z #9 2.582 Get:143 http://deb.debian.org/debian bookworm/main amd64 libdrm-amdgpu1 amd64 2.4.114-1+b1 [20.9 kB]
2026-10-07T21:24:04.0300879Z #9 2.582 Get:144 http://deb.debian.org/debian bookworm/main amd64 libpciaccess0 amd64 0.17-2 [51.4 kB]
2026-10-07T21:24:04.0301254Z #9 2.583 Get:145 http://deb.debian.org/debian bookworm/main amd64 libdrm-intel1 amd64 2.4.114-1+b1 [64.0 kB]
2026-10-07T21:24:04.0301642Z #9 2.583 Get:146 http://deb.debian.org/debian bookworm/main amd64 libdrm-nouveau2 amd64 2.4.114-1+b1 [19.1 kB]
2026-10-07T21:24:04.0302028Z #9 2.584 Get:147 http://deb.debian.org/debian bookworm/main amd64 libdrm-radeon1 amd64 2.4.114-1+b1 [21.8 kB]
2026-10-07T21:24:04.0302393Z #9 2.584 Get:148 http://deb.debian.org/debian bookworm/main amd64 libelf1 amd64 0.188-2.1 [174 kB]
2026-10-07T21:24:04.0302753Z #9 2.592 Get:149 http://deb.debian.org/debian bookworm/main amd64 libedit2 amd64 3.1-20221030-2 [93.0 kB]
2026-10-07T21:24:04.0303108Z #9 2.595 Get:150 http://deb.debian.org/debian bookworm/main amd64 libz3-4 amd64 4.8.12-3.1 [7216 kB]
2026-10-07T21:24:04.0303512Z #9 2.634 Get:151 http://deb.debian.org/debian bookworm/main amd64 libllvm15 amd64 1:15.0.6-4+b1 [23.1 MB]
2026-10-07T21:24:04.1955533Z #9 2.704 Get:152 http://deb.debian.org/debian bookworm/main amd64 libsensors-config all 1:3.6.0-7.1 [14.3 kB]
2026-10-07T21:24:04.1955995Z #9 2.704 Get:153 http://deb.debian.org/debian bookworm/main amd64 libsensors5 amd64 1:3.6.0-7.1 [34.2 kB]
2026-10-07T21:24:04.1956395Z #9 2.705 Get:154 http://deb.debian.org/debian bookworm/main amd64 libgl1-mesa-dri amd64 22.3.6-1+deb12u2 [7240 kB]
2026-10-07T21:24:04.1957154Z #9 2.801 Get:155 http://deb.debian.org/debian bookworm/main amd64 libglx-mesa0 amd64 22.3.6-1+deb12u2 [148 kB]
2026-10-07T21:24:04.3699668Z #9 2.802 Get:156 http://deb.debian.org/debian bookworm/main amd64 libglx0 amd64 1.6.0-1 [34.4 kB]
2026-10-07T21:24:04.3700274Z #9 2.802 Get:157 http://deb.debian.org/debian bookworm/main amd64 libgl1 amd64 1.6.0-1 [88.4 kB]
2026-10-07T21:24:04.3700829Z #9 2.802 Get:158 http://deb.debian.org/debian bookworm/main amd64 x11-common all 1:7.7+23 [252 kB]
2026-10-07T21:24:04.3701361Z #9 2.803 Get:159 http://deb.debian.org/debian bookworm/main amd64 libice6 amd64 2:1.0.10-1 [58.5 kB]
2026-10-07T21:24:04.3701881Z #9 2.803 Get:160 http://deb.debian.org/debian bookworm/main amd64 libsm6 amd64 2:1.2.3-1 [35.1 kB]
2026-10-07T21:24:04.3702388Z #9 2.803 Get:161 http://deb.debian.org/debian bookworm/main amd64 libxt6 amd64 1:1.2.1-1.1 [186 kB]
2026-10-07T21:24:04.3702752Z #9 2.803 Get:162 http://deb.debian.org/debian bookworm/main amd64 libxmu6 amd64 2:1.1.3-3 [60.1 kB]
2026-10-07T21:24:04.3703580Z #9 2.804 Get:163 http://deb.debian.org/debian bookworm/main amd64 libxpm4 amd64 1:3.5.12-1.1+deb12u1 [48.6 kB]
2026-10-07T21:24:04.3704163Z #9 2.807 Get:164 http://deb.debian.org/debian bookworm/main amd64 libxaw7 amd64 2:1.0.14-1 [201 kB]
2026-10-07T21:24:04.3704521Z #9 2.813 Get:165 http://deb.debian.org/debian bookworm/main amd64 libxcb-shape0 amd64 1.15-1 [106 kB]
2026-10-07T21:24:04.3704888Z #9 2.813 Get:166 http://deb.debian.org/debian bookworm/main amd64 libxft2 amd64 2.3.6-1 [61.8 kB]
2026-10-07T21:24:04.3705246Z #9 2.814 Get:167 http://deb.debian.org/debian bookworm/main amd64 libxkbfile1 amd64 1:1.1.0-1 [75.2 kB]
2026-10-07T21:24:04.3705604Z #9 2.815 Get:168 http://deb.debian.org/debian bookworm/main amd64 libxmuu1 amd64 2:1.1.3-3 [23.9 kB]
2026-10-07T21:24:04.3705960Z #9 2.815 Get:169 http://deb.debian.org/debian bookworm/main amd64 libxtst6 amd64 2:1.2.3-1.1 [28.0 kB]
2026-10-07T21:24:04.3706311Z #9 2.815 Get:170 http://deb.debian.org/debian bookworm/main amd64 libxv1 amd64 2:1.0.11-1.1 [24.8 kB]
2026-10-07T21:24:04.3706685Z #9 2.816 Get:171 http://deb.debian.org/debian bookworm/main amd64 libxxf86dga1 amd64 2:1.1.5-1 [22.1 kB]
2026-10-07T21:24:04.3707039Z #9 2.816 Get:172 http://deb.debian.org/debian bookworm/main amd64 x11-utils amd64 7.7+5 [202 kB]
2026-10-07T21:24:04.3707385Z #9 2.817 Get:173 http://deb.debian.org/debian bookworm/main amd64 xdg-utils all 1.1.3-4.1 [75.5 kB]
2026-10-07T21:24:04.3707830Z #9 2.825 Get:174 http://deb.debian.org/debian-security bookworm-security/main amd64 chromium-common amd64 154.0.8037.92-1~deb12u1 [30.5 MB]
2026-10-07T21:24:04.3765979Z #9 2.982 Get:175 http://deb.debian.org/debian-security bookworm-security/main amd64 chromium amd64 154.0.8037.92-1~deb12u1 [80.3 MB]
2026-10-07T21:24:05.1208225Z #9 3.726 debconf: delaying package configuration, since apt-utils is not installed
2026-10-07T21:24:05.2354765Z #9 3.743 Fetched 206 MB in 2s (125 MB/s)
2026-10-07T21:24:05.2355138Z #9 3.750 Selecting previously unselected package libssl3:amd64.
2026-10-07T21:24:05.2355500Z #9 3.750 (Reading database ... 
2026-10-07T21:24:05.2355694Z (Reading database ... 5%
2026-10-07T21:24:05.2355874Z (Reading database ... 10%
2026-10-07T21:24:05.2356041Z (Reading database ... 15%
2026-10-07T21:24:05.2356207Z (Reading database ... 20%
2026-10-07T21:24:05.2356361Z (Reading database ... 25%
2026-10-07T21:24:05.2356521Z (Reading database ... 30%
2026-10-07T21:24:05.2356690Z (Reading database ... 35%
2026-10-07T21:24:05.2357035Z (Reading database ... 40%
2026-10-07T21:24:05.2357191Z (Reading database ... 45%
2026-10-07T21:24:05.2357344Z (Reading database ... 50%
2026-10-07T21:24:05.2357518Z (Reading database ... 55%
2026-10-07T21:24:05.2357690Z (Reading database ... 60%
2026-10-07T21:24:05.2357866Z (Reading database ... 65%
2026-10-07T21:24:05.2358031Z (Reading database ... 70%
2026-10-07T21:24:05.2358218Z (Reading database ... 75%
2026-10-07T21:24:05.2358507Z (Reading database ... 80%
2026-10-07T21:24:05.2358925Z (Reading database ... 85%
2026-10-07T21:24:05.2359205Z (Reading database ... 90%
2026-10-07T21:24:05.2359654Z (Reading database ... 95%
2026-10-07T21:24:05.2359951Z (Reading database ... 100%
2026-10-07T21:24:05.2360534Z (Reading database ... 6096 files and directories currently installed.)
2026-10-07T21:24:05.2361118Z #9 3.752 Preparing to unpack .../00-libssl3_3.0.22-1~deb12u1_amd64.deb ...
2026-10-07T21:24:05.2361459Z #9 3.753 Unpacking libssl3:amd64 (3.0.22-1~deb12u1) ...
2026-10-07T21:24:05.2361743Z #9 3.841 Selecting previously unselected package libargon2-1:amd64.
2026-10-07T21:24:05.3436151Z #9 3.842 Preparing to unpack .../01-libargon2-1_0~20171227-0.3+deb12u1_amd64.deb ...
2026-10-07T21:24:05.3436687Z #9 3.842 Unpacking libargon2-1:amd64 (0~20171227-0.3+deb12u1) ...
2026-10-07T21:24:05.3437057Z #9 3.851 Selecting previously unselected package dmsetup.
2026-10-07T21:24:05.3437466Z #9 3.851 Preparing to unpack .../02-dmsetup_2%3a1.02.185-2_amd64.deb ...
2026-10-07T21:24:05.3437844Z #9 3.852 Unpacking dmsetup (2:1.02.185-2) ...
2026-10-07T21:24:05.3438474Z #9 3.863 Selecting previously unselected package libdevmapper1.02.1:amd64.
2026-10-07T21:24:05.3438959Z #9 3.864 Preparing to unpack .../03-libdevmapper1.02.1_2%3a1.02.185-2_amd64.deb ...
2026-10-07T21:24:05.3439812Z #9 3.864 Unpacking libdevmapper1.02.1:amd64 (2:1.02.185-2) ...
2026-10-07T21:24:05.3440211Z #9 3.878 Selecting previously unselected package libjson-c5:amd64.
2026-10-07T21:24:05.3440608Z #9 3.879 Preparing to unpack .../04-libjson-c5_0.16-2_amd64.deb ...
2026-10-07T21:24:05.3440955Z #9 3.884 Unpacking libjson-c5:amd64 (0.16-2) ...
2026-10-07T21:24:05.3441363Z #9 3.894 Selecting previously unselected package libcryptsetup12:amd64.
2026-10-07T21:24:05.3442068Z #9 3.895 Preparing to unpack .../05-libcryptsetup12_2%3a2.6.1-4~deb12u2_amd64.deb ...
2026-10-07T21:24:05.3442683Z #9 3.895 Unpacking libcryptsetup12:amd64 (2:2.6.1-4~deb12u2) ...
2026-10-07T21:24:05.3443183Z #9 3.931 Selecting previously unselected package libfdisk1:amd64.
2026-10-07T21:24:05.3443707Z #9 3.931 Preparing to unpack .../06-libfdisk1_2.38.1-5+deb12u3_amd64.deb ...
2026-10-07T21:24:05.3444164Z #9 3.932 Unpacking libfdisk1:amd64 (2.38.1-5+deb12u3) ...
2026-10-07T21:24:05.3444489Z #9 3.949 Selecting previously unselected package libkmod2:amd64.
2026-10-07T21:24:05.4682865Z #9 3.950 Preparing to unpack .../07-libkmod2_30+20221128-1_amd64.deb ...
2026-10-07T21:24:05.4683214Z #9 3.951 Unpacking libkmod2:amd64 (30+20221128-1) ...
2026-10-07T21:24:05.4683511Z #9 3.961 Selecting previously unselected package libapparmor1:amd64.
2026-10-07T21:24:05.4683790Z #9 3.962 Preparing to unpack .../08-libapparmor1_3.0.8-3_amd64.deb ...
2026-10-07T21:24:05.4684270Z #9 3.962 Unpacking libapparmor1:amd64 (3.0.8-3) ...
2026-10-07T21:24:05.4684517Z #9 3.972 Selecting previously unselected package libip4tc2:amd64.
2026-10-07T21:24:05.4684803Z #9 3.973 Preparing to unpack .../09-libip4tc2_1.8.9-2_amd64.deb ...
2026-10-07T21:24:05.4685049Z #9 3.973 Unpacking libip4tc2:amd64 (1.8.9-2) ...
2026-10-07T21:24:05.4685325Z #9 3.980 Selecting previously unselected package libsystemd-shared:amd64.
2026-10-07T21:24:05.4685725Z #9 3.981 Preparing to unpack .../10-libsystemd-shared_252.39-1~deb12u2_amd64.deb ...
2026-10-07T21:24:05.4686158Z #9 3.982 Unpacking libsystemd-shared:amd64 (252.39-1~deb12u2) ...
2026-10-07T21:24:05.4686398Z #9 4.074 Setting up libssl3:amd64 (3.0.22-1~deb12u1) ...
2026-10-07T21:24:05.6402394Z #9 4.086 Selecting previously unselected package systemd.
2026-10-07T21:24:05.6402664Z #9 4.086 (Reading database ... 
2026-10-07T21:24:05.6403001Z (Reading database ... 5%
2026-10-07T21:24:05.6403147Z (Reading database ... 10%
2026-10-07T21:24:05.6403297Z (Reading database ... 15%
2026-10-07T21:24:05.6403426Z (Reading database ... 20%
2026-10-07T21:24:05.6403556Z (Reading database ... 25%
2026-10-07T21:24:05.6403683Z (Reading database ... 30%
2026-10-07T21:24:05.6403812Z (Reading database ... 35%
2026-10-07T21:24:05.6404067Z (Reading database ... 40%
2026-10-07T21:24:05.6404196Z (Reading database ... 45%
2026-10-07T21:24:05.6404339Z (Reading database ... 50%
2026-10-07T21:24:05.6404465Z (Reading database ... 55%
2026-10-07T21:24:05.6404591Z (Reading database ... 60%
2026-10-07T21:24:05.6419122Z (Reading database ... 65%
2026-10-07T21:24:05.6419287Z (Reading database ... 70%
2026-10-07T21:24:05.6419501Z (Reading database ... 75%
2026-10-07T21:24:05.6419689Z (Reading database ... 80%
2026-10-07T21:24:05.6419875Z (Reading database ... 85%
2026-10-07T21:24:05.6420069Z (Reading database ... 90%
2026-10-07T21:24:05.6420265Z (Reading database ... 95%
2026-10-07T21:24:05.6420458Z (Reading database ... 100%
2026-10-07T21:24:05.6420788Z (Reading database ... 6182 files and directories currently installed.)
2026-10-07T21:24:05.6421219Z #9 4.088 Preparing to unpack .../systemd_252.39-1~deb12u2_amd64.deb ...
2026-10-07T21:24:05.6421576Z #9 4.095 Unpacking systemd (252.39-1~deb12u2) ...
2026-10-07T21:24:05.6770378Z #9 4.283 Setting up libargon2-1:amd64 (0~20171227-0.3+deb12u1) ...
2026-10-07T21:24:05.8237754Z #9 4.284 Setting up libjson-c5:amd64 (0.16-2) ...
2026-10-07T21:24:05.8238304Z #9 4.294 Setting up libfdisk1:amd64 (2.38.1-5+deb12u3) ...
2026-10-07T21:24:05.8238527Z #9 4.296 Setting up libkmod2:amd64 (30+20221128-1) ...
2026-10-07T21:24:05.8238737Z #9 4.311 Setting up libapparmor1:amd64 (3.0.8-3) ...
2026-10-07T21:24:05.8238998Z #9 4.328 Setting up libip4tc2:amd64 (1.8.9-2) ...
2026-10-07T21:24:05.8239286Z #9 4.346 Setting up libsystemd-shared:amd64 (252.39-1~deb12u2) ...
2026-10-07T21:24:05.8239651Z #9 4.429 Setting up libdevmapper1.02.1:amd64 (2:1.02.185-2) ...
2026-10-07T21:24:05.9380708Z #9 4.431 Setting up libcryptsetup12:amd64 (2:2.6.1-4~deb12u2) ...
2026-10-07T21:24:05.9381145Z #9 4.461 Setting up systemd (252.39-1~deb12u2) ...
2026-10-07T21:24:05.9382093Z #9 4.501 Created symlink /etc/systemd/system/getty.target.wants/getty@tty1.service → /lib/systemd/system/getty@.service.
2026-10-07T21:24:05.9382481Z 
2026-10-07T21:24:05.9383014Z #9 4.502 Created symlink /etc/systemd/system/multi-user.target.wants/remote-fs.target → /lib/systemd/system/remote-fs.target.
2026-10-07T21:24:05.9383450Z 
2026-10-07T21:24:05.9384123Z #9 4.505 Created symlink /etc/systemd/system/sysinit.target.wants/systemd-pstore.service → /lib/systemd/system/systemd-pstore.service.
2026-10-07T21:24:05.9384554Z 
2026-10-07T21:24:05.9384726Z #9 4.507 Initializing machine ID from random generator.
2026-10-07T21:24:05.9384922Z 
2026-10-07T21:24:05.9385089Z #9 4.515 Creating group 'systemd-journal' with GID 999.
2026-10-07T21:24:05.9385282Z 
2026-10-07T21:24:05.9385466Z #9 4.515 Creating group 'systemd-network' with GID 998.
2026-10-07T21:24:05.9385651Z 
2026-10-07T21:24:05.9385971Z #9 4.515 Creating user 'systemd-network' (systemd Network Management) with UID 998 and GID 998.
2026-10-07T21:24:05.9386280Z 
2026-10-07T21:24:05.9386426Z #9 4.528 Setting up dmsetup (2:1.02.185-2) ...
2026-10-07T21:24:05.9386791Z #9 4.544 Selecting previously unselected package systemd-sysv.
2026-10-07T21:24:06.0382115Z #9 4.544 (Reading database ... 
2026-10-07T21:24:06.0382689Z (Reading database ... 5%
2026-10-07T21:24:06.0383006Z (Reading database ... 10%
2026-10-07T21:24:06.0383277Z (Reading database ... 15%
2026-10-07T21:24:06.0383544Z (Reading database ... 20%
2026-10-07T21:24:06.0383807Z (Reading database ... 25%
2026-10-07T21:24:06.0384168Z (Reading database ... 30%
2026-10-07T21:24:06.0384405Z (Reading database ... 35%
2026-10-07T21:24:06.0384644Z (Reading database ... 40%
2026-10-07T21:24:06.0384864Z (Reading database ... 45%
2026-10-07T21:24:06.0385089Z (Reading database ... 50%
2026-10-07T21:24:06.0385532Z (Reading database ... 55%
2026-10-07T21:24:06.0385765Z (Reading database ... 60%
2026-10-07T21:24:06.0385983Z (Reading database ... 65%
2026-10-07T21:24:06.0386207Z (Reading database ... 70%
2026-10-07T21:24:06.0386425Z (Reading database ... 75%
2026-10-07T21:24:06.0386645Z (Reading database ... 80%
2026-10-07T21:24:06.0386855Z (Reading database ... 85%
2026-10-07T21:24:06.0387062Z (Reading database ... 90%
2026-10-07T21:24:06.0387283Z (Reading database ... 95%
2026-10-07T21:24:06.0387508Z (Reading database ... 100%
2026-10-07T21:24:06.0387917Z (Reading database ... 7031 files and directories currently installed.)
2026-10-07T21:24:06.0388524Z #9 4.546 Preparing to unpack .../000-systemd-sysv_252.39-1~deb12u2_amd64.deb ...
2026-10-07T21:24:06.0388886Z #9 4.547 Unpacking systemd-sysv (252.39-1~deb12u2) ...
2026-10-07T21:24:06.0389194Z #9 4.555 Selecting previously unselected package libdbus-1-3:amd64.
2026-10-07T21:24:06.0389809Z #9 4.555 Preparing to unpack .../001-libdbus-1-3_1.14.10-1~deb12u1_amd64.deb ...
2026-10-07T21:24:06.0390395Z #9 4.556 Unpacking libdbus-1-3:amd64 (1.14.10-1~deb12u1) ...
2026-10-07T21:24:06.0390709Z #9 4.571 Selecting previously unselected package dbus-bin.
2026-10-07T21:24:06.0391073Z #9 4.571 Preparing to unpack .../002-dbus-bin_1.14.10-1~deb12u1_amd64.deb ...
2026-10-07T21:24:06.0391397Z #9 4.571 Unpacking dbus-bin (1.14.10-1~deb12u1) ...
2026-10-07T21:24:06.0391738Z #9 4.582 Selecting previously unselected package dbus-session-bus-common.
2026-10-07T21:24:06.0392288Z #9 4.583 Preparing to unpack .../003-dbus-session-bus-common_1.14.10-1~deb12u1_all.deb ...
2026-10-07T21:24:06.0392655Z #9 4.583 Unpacking dbus-session-bus-common (1.14.10-1~deb12u1) ...
2026-10-07T21:24:06.0392979Z #9 4.594 Selecting previously unselected package libexpat1:amd64.
2026-10-07T21:24:06.0393337Z #9 4.595 Preparing to unpack .../004-libexpat1_2.5.0-1+deb12u4_amd64.deb ...
2026-10-07T21:24:06.0393686Z #9 4.595 Unpacking libexpat1:amd64 (2.5.0-1+deb12u4) ...
2026-10-07T21:24:06.0394154Z #9 4.607 Selecting previously unselected package dbus-daemon.
2026-10-07T21:24:06.0394549Z #9 4.608 Preparing to unpack .../005-dbus-daemon_1.14.10-1~deb12u1_amd64.deb ...
2026-10-07T21:24:06.0394878Z #9 4.608 Unpacking dbus-daemon (1.14.10-1~deb12u1) ...
2026-10-07T21:24:06.0395232Z #9 4.642 Selecting previously unselected package dbus-system-bus-common.
2026-10-07T21:24:06.0395683Z #9 4.643 Preparing to unpack .../006-dbus-system-bus-common_1.14.10-1~deb12u1_all.deb ...
2026-10-07T21:24:06.0396107Z #9 4.644 Unpacking dbus-system-bus-common (1.14.10-1~deb12u1) ...
2026-10-07T21:24:06.1438331Z #9 4.657 Selecting previously unselected package dbus.
2026-10-07T21:24:06.1438893Z #9 4.658 Preparing to unpack .../007-dbus_1.14.10-1~deb12u1_amd64.deb ...
2026-10-07T21:24:06.1439292Z #9 4.659 Unpacking dbus (1.14.10-1~deb12u1) ...
2026-10-07T21:24:06.1439588Z #9 4.673 Selecting previously unselected package libncursesw6:amd64.
2026-10-07T21:24:06.1439911Z #9 4.673 Preparing to unpack .../008-libncursesw6_6.4-4_amd64.deb ...
2026-10-07T21:24:06.1440219Z #9 4.674 Unpacking libncursesw6:amd64 (6.4-4) ...
2026-10-07T21:24:06.1440515Z #9 4.687 Selecting previously unselected package libproc2-0:amd64.
2026-10-07T21:24:06.1440847Z #9 4.688 Preparing to unpack .../009-libproc2-0_2%3a4.0.2-3_amd64.deb ...
2026-10-07T21:24:06.1441117Z #9 4.689 Unpacking libproc2-0:amd64 (2:4.0.2-3) ...
2026-10-07T21:24:06.1441374Z #9 4.700 Selecting previously unselected package procps.
2026-10-07T21:24:06.1441649Z #9 4.701 Preparing to unpack .../010-procps_2%3a4.0.2-3_amd64.deb ...
2026-10-07T21:24:06.1441899Z #9 4.706 Unpacking procps (2:4.0.2-3) ...
2026-10-07T21:24:06.1442170Z #9 4.749 Selecting previously unselected package libpam-systemd:amd64.
2026-10-07T21:24:06.2825269Z #9 4.750 Preparing to unpack .../011-libpam-systemd_252.39-1~deb12u2_amd64.deb ...
2026-10-07T21:24:06.2825780Z #9 4.751 Unpacking libpam-systemd:amd64 (252.39-1~deb12u2) ...
2026-10-07T21:24:06.2826190Z #9 4.769 Selecting previously unselected package hicolor-icon-theme.
2026-10-07T21:24:06.2826884Z #9 4.770 Preparing to unpack .../012-hicolor-icon-theme_0.17-2_all.deb ...
2026-10-07T21:24:06.2827134Z #9 4.771 Unpacking hicolor-icon-theme (0.17-2) ...
2026-10-07T21:24:06.2827380Z #9 4.793 Selecting previously unselected package libgdk-pixbuf2.0-common.
2026-10-07T21:24:06.2827710Z #9 4.794 Preparing to unpack .../013-libgdk-pixbuf2.0-common_2.42.10+dfsg-1+deb12u4_all.deb ...
2026-10-07T21:24:06.2828016Z #9 4.795 Unpacking libgdk-pixbuf2.0-common (2.42.10+dfsg-1+deb12u4) ...
2026-10-07T21:24:06.2828288Z #9 4.820 Selecting previously unselected package libglib2.0-0:amd64.
2026-10-07T21:24:06.2828560Z #9 4.821 Preparing to unpack .../014-libglib2.0-0_2.74.6-2+deb12u9_amd64.deb ...
2026-10-07T21:24:06.2828811Z #9 4.821 Unpacking libglib2.0-0:amd64 (2.74.6-2+deb12u9) ...
2026-10-07T21:24:06.2829047Z #9 4.888 Selecting previously unselected package libicu72:amd64.
2026-10-07T21:24:06.4343227Z #9 4.889 Preparing to unpack .../015-libicu72_72.1-3+deb12u1_amd64.deb ...
2026-10-07T21:24:06.4343580Z #9 4.889 Unpacking libicu72:amd64 (72.1-3+deb12u1) ...
2026-10-07T21:24:06.6082274Z #9 5.214 Selecting previously unselected package libxml2:amd64.
2026-10-07T21:24:06.7228080Z #9 5.215 Preparing to unpack .../016-libxml2_2.9.14+dfsg-1.3~deb12u6_amd64.deb ...
2026-10-07T21:24:06.7228420Z #9 5.215 Unpacking libxml2:amd64 (2.9.14+dfsg-1.3~deb12u6) ...
2026-10-07T21:24:06.7228678Z #9 5.254 Selecting previously unselected package shared-mime-info.
2026-10-07T21:24:06.7228953Z #9 5.255 Preparing to unpack .../017-shared-mime-info_2.2-1_amd64.deb ...
2026-10-07T21:24:06.7229400Z #9 5.256 Unpacking shared-mime-info (2.2-1) ...
2026-10-07T21:24:06.7229641Z #9 5.295 Selecting previously unselected package libjpeg62-turbo:amd64.
2026-10-07T21:24:06.7229921Z #9 5.296 Preparing to unpack .../018-libjpeg62-turbo_1%3a2.1.5-2_amd64.deb ...
2026-10-07T21:24:06.7230171Z #9 5.297 Unpacking libjpeg62-turbo:amd64 (1:2.1.5-2) ...
2026-10-07T21:24:06.7230403Z #9 5.311 Selecting previously unselected package libpng16-16:amd64.
2026-10-07T21:24:06.7230676Z #9 5.312 Preparing to unpack .../019-libpng16-16_1.6.39-2+deb12u6_amd64.deb ...
2026-10-07T21:24:06.7230921Z #9 5.312 Unpacking libpng16-16:amd64 (1.6.39-2+deb12u6) ...
2026-10-07T21:24:06.7231157Z #9 5.328 Selecting previously unselected package libdeflate0:amd64.
2026-10-07T21:24:06.8307954Z #9 5.329 Preparing to unpack .../020-libdeflate0_1.14-1_amd64.deb ...
2026-10-07T21:24:06.8308377Z #9 5.330 Unpacking libdeflate0:amd64 (1.14-1) ...
2026-10-07T21:24:06.8308730Z #9 5.339 Selecting previously unselected package libjbig0:amd64.
2026-10-07T21:24:06.8309147Z #9 5.340 Preparing to unpack .../021-libjbig0_2.1-6.1_amd64.deb ...
2026-10-07T21:24:06.8309469Z #9 5.340 Unpacking libjbig0:amd64 (2.1-6.1) ...
2026-10-07T21:24:06.8309955Z #9 5.348 Selecting previously unselected package liblerc4:amd64.
2026-10-07T21:24:06.8310385Z #9 5.349 Preparing to unpack .../022-liblerc4_4.0.0+ds-2_amd64.deb ...
2026-10-07T21:24:06.8310751Z #9 5.349 Unpacking liblerc4:amd64 (4.0.0+ds-2) ...
2026-10-07T21:24:06.8311187Z #9 5.364 Selecting previously unselected package libwebp7:amd64.
2026-10-07T21:24:06.8311629Z #9 5.365 Preparing to unpack .../023-libwebp7_1.2.4-0.2+deb12u1_amd64.deb ...
2026-10-07T21:24:06.8312031Z #9 5.365 Unpacking libwebp7:amd64 (1.2.4-0.2+deb12u1) ...
2026-10-07T21:24:06.8312405Z #9 5.386 Selecting previously unselected package libtiff6:amd64.
2026-10-07T21:24:06.8312840Z #9 5.387 Preparing to unpack .../024-libtiff6_4.5.0-6+deb12u4_amd64.deb ...
2026-10-07T21:24:06.8313232Z #9 5.388 Unpacking libtiff6:amd64 (4.5.0-6+deb12u4) ...
2026-10-07T21:24:06.8313651Z #9 5.405 Selecting previously unselected package libgdk-pixbuf-2.0-0:amd64.
2026-10-07T21:24:06.8314287Z #9 5.406 Preparing to unpack .../025-libgdk-pixbuf-2.0-0_2.42.10+dfsg-1+deb12u4_amd64.deb ...
2026-10-07T21:24:06.8314808Z #9 5.406 Unpacking libgdk-pixbuf-2.0-0:amd64 (2.42.10+dfsg-1+deb12u4) ...
2026-10-07T21:24:06.8315302Z #9 5.420 Selecting previously unselected package gtk-update-icon-cache.
2026-10-07T21:24:06.8316157Z #9 5.421 Preparing to unpack .../026-gtk-update-icon-cache_3.24.38-2~deb12u3_amd64.deb ...
2026-10-07T21:24:06.8316649Z #9 5.421 Unpacking gtk-update-icon-cache (3.24.38-2~deb12u3) ...
2026-10-07T21:24:06.8317348Z #9 5.436 Selecting previously unselected package adwaita-icon-theme.
2026-10-07T21:24:06.9836022Z #9 5.438 Preparing to unpack .../027-adwaita-icon-theme_43-1_all.deb ...
2026-10-07T21:24:06.9836649Z #9 5.439 Unpacking adwaita-icon-theme (43-1) ...
2026-10-07T21:24:07.1580081Z #9 5.763 Selecting previously unselected package at-spi2-common.
2026-10-07T21:24:07.2798909Z #9 5.766 Preparing to unpack .../028-at-spi2-common_2.46.0-5_all.deb ...
2026-10-07T21:24:07.2799234Z #9 5.767 Unpacking at-spi2-common (2.46.0-5) ...
2026-10-07T21:24:07.2799464Z #9 5.797 Selecting previously unselected package bubblewrap.
2026-10-07T21:24:07.2799735Z #9 5.799 Preparing to unpack .../029-bubblewrap_0.8.0-2+deb12u1_amd64.deb ...
2026-10-07T21:24:07.2799982Z #9 5.800 Unpacking bubblewrap (0.8.0-2+deb12u1) ...
2026-10-07T21:24:07.2800253Z #9 5.827 Selecting previously unselected package libasound2-data.
2026-10-07T21:24:07.2800522Z #9 5.830 Preparing to unpack .../030-libasound2-data_1.2.8-1_all.deb ...
2026-10-07T21:24:07.2800750Z #9 5.833 Unpacking libasound2-data (1.2.8-1) ...
2026-10-07T21:24:07.2800978Z #9 5.856 Selecting previously unselected package libasound2:amd64.
2026-10-07T21:24:07.2801236Z #9 5.857 Preparing to unpack .../031-libasound2_1.2.8-1+b1_amd64.deb ...
2026-10-07T21:24:07.2801463Z #9 5.858 Unpacking libasound2:amd64 (1.2.8-1+b1) ...
2026-10-07T21:24:07.2801893Z #9 5.885 Selecting previously unselected package libatk1.0-0:amd64.
2026-10-07T21:24:07.4002633Z #9 5.887 Preparing to unpack .../032-libatk1.0-0_2.46.0-5_amd64.deb ...
2026-10-07T21:24:07.4003041Z #9 5.887 Unpacking libatk1.0-0:amd64 (2.46.0-5) ...
2026-10-07T21:24:07.4003448Z #9 5.896 Selecting previously unselected package libxau6:amd64.
2026-10-07T21:24:07.4003725Z #9 5.898 Preparing to unpack .../033-libxau6_1%3a1.0.9-1_amd64.deb ...
2026-10-07T21:24:07.4004166Z #9 5.898 Unpacking libxau6:amd64 (1:1.0.9-1) ...
2026-10-07T21:24:07.4004519Z #9 5.906 Selecting previously unselected package libbsd0:amd64.
2026-10-07T21:24:07.4004840Z #9 5.907 Preparing to unpack .../034-libbsd0_0.11.7-2_amd64.deb ...
2026-10-07T21:24:07.4005109Z #9 5.907 Unpacking libbsd0:amd64 (0.11.7-2) ...
2026-10-07T21:24:07.4005485Z #9 5.921 Selecting previously unselected package libxdmcp6:amd64.
2026-10-07T21:24:07.4005918Z #9 5.922 Preparing to unpack .../035-libxdmcp6_1%3a1.1.2-3_amd64.deb ...
2026-10-07T21:24:07.4006305Z #9 5.922 Unpacking libxdmcp6:amd64 (1:1.1.2-3) ...
2026-10-07T21:24:07.4006689Z #9 5.931 Selecting previously unselected package libxcb1:amd64.
2026-10-07T21:24:07.4007075Z #9 5.932 Preparing to unpack .../036-libxcb1_1.15-1_amd64.deb ...
2026-10-07T21:24:07.4007291Z #9 5.932 Unpacking libxcb1:amd64 (1.15-1) ...
2026-10-07T21:24:07.4007581Z #9 5.943 Selecting previously unselected package libx11-data.
2026-10-07T21:24:07.4007865Z #9 5.944 Preparing to unpack .../037-libx11-data_2%3a1.8.4-2+deb12u2_all.deb ...
2026-10-07T21:24:07.4008120Z #9 5.945 Unpacking libx11-data (2:1.8.4-2+deb12u2) ...
2026-10-07T21:24:07.4008411Z #9 5.966 Selecting previously unselected package libx11-6:amd64.
2026-10-07T21:24:07.4008681Z #9 5.967 Preparing to unpack .../038-libx11-6_2%3a1.8.4-2+deb12u2_amd64.deb ...
2026-10-07T21:24:07.4008954Z #9 5.968 Unpacking libx11-6:amd64 (2:1.8.4-2+deb12u2) ...
2026-10-07T21:24:07.4009230Z #9 6.005 Selecting previously unselected package libxext6:amd64.
2026-10-07T21:24:07.5088507Z #9 6.006 Preparing to unpack .../039-libxext6_2%3a1.3.4-1+b1_amd64.deb ...
2026-10-07T21:24:07.5089137Z #9 6.007 Unpacking libxext6:amd64 (2:1.3.4-1+b1) ...
2026-10-07T21:24:07.5089601Z #9 6.016 Selecting previously unselected package libxi6:amd64.
2026-10-07T21:24:07.5090059Z #9 6.017 Preparing to unpack .../040-libxi6_2%3a1.8-1+b1_amd64.deb ...
2026-10-07T21:24:07.5090453Z #9 6.018 Unpacking libxi6:amd64 (2:1.8-1+b1) ...
2026-10-07T21:24:07.5091105Z #9 6.028 Selecting previously unselected package libatspi2.0-0:amd64.
2026-10-07T21:24:07.5091569Z #9 6.029 Preparing to unpack .../041-libatspi2.0-0_2.46.0-5_amd64.deb ...
2026-10-07T21:24:07.5091980Z #9 6.030 Unpacking libatspi2.0-0:amd64 (2.46.0-5) ...
2026-10-07T21:24:07.5092412Z #9 6.040 Selecting previously unselected package libatk-bridge2.0-0:amd64.
2026-10-07T21:24:07.5092898Z #9 6.042 Preparing to unpack .../042-libatk-bridge2.0-0_2.46.0-5_amd64.deb ...
2026-10-07T21:24:07.5093331Z #9 6.042 Unpacking libatk-bridge2.0-0:amd64 (2.46.0-5) ...
2026-10-07T21:24:07.5093757Z #9 6.052 Selecting previously unselected package libbrotli1:amd64.
2026-10-07T21:24:07.5094310Z #9 6.053 Preparing to unpack .../043-libbrotli1_1.0.9-2+b6_amd64.deb ...
2026-10-07T21:24:07.5094711Z #9 6.053 Unpacking libbrotli1:amd64 (1.0.9-2+b6) ...
2026-10-07T21:24:07.5095206Z #9 6.074 Selecting previously unselected package libfreetype6:amd64.
2026-10-07T21:24:07.5095696Z #9 6.075 Preparing to unpack .../044-libfreetype6_2.12.1+dfsg-5+deb12u4_amd64.deb ...
2026-10-07T21:24:07.5096158Z #9 6.090 Unpacking libfreetype6:amd64 (2.12.1+dfsg-5+deb12u4) ...
2026-10-07T21:24:07.5096589Z #9 6.114 Selecting previously unselected package fonts-dejavu-core.
2026-10-07T21:24:07.6220315Z #9 6.116 Preparing to unpack .../045-fonts-dejavu-core_2.37-6_all.deb ...
2026-10-07T21:24:07.6220634Z #9 6.117 Unpacking fonts-dejavu-core (2.37-6) ...
2026-10-07T21:24:07.6220888Z #9 6.173 Selecting previously unselected package fontconfig-config.
2026-10-07T21:24:07.6221365Z #9 6.174 Preparing to unpack .../046-fontconfig-config_2.14.1-4_amd64.deb ...
2026-10-07T21:24:07.6221611Z #9 6.213 Unpacking fontconfig-config (2.14.1-4) ...
2026-10-07T21:24:07.6221854Z #9 6.228 Selecting previously unselected package libfontconfig1:amd64.
2026-10-07T21:24:07.7225174Z #9 6.229 Preparing to unpack .../047-libfontconfig1_2.14.1-4_amd64.deb ...
2026-10-07T21:24:07.7225657Z #9 6.230 Unpacking libfontconfig1:amd64 (2.14.1-4) ...
2026-10-07T21:24:07.7226493Z #9 6.244 Selecting previously unselected package libpixman-1-0:amd64.
2026-10-07T21:24:07.7227029Z #9 6.245 Preparing to unpack .../048-libpixman-1-0_0.42.2-1_amd64.deb ...
2026-10-07T21:24:07.7227429Z #9 6.245 Unpacking libpixman-1-0:amd64 (0.42.2-1) ...
2026-10-07T21:24:07.7227817Z #9 6.266 Selecting previously unselected package libxcb-render0:amd64.
2026-10-07T21:24:07.7228253Z #9 6.267 Preparing to unpack .../049-libxcb-render0_1.15-1_amd64.deb ...
2026-10-07T21:24:07.7228637Z #9 6.268 Unpacking libxcb-render0:amd64 (1.15-1) ...
2026-10-07T21:24:07.7229029Z #9 6.301 Selecting previously unselected package libxcb-shm0:amd64.
2026-10-07T21:24:07.7229455Z #9 6.302 Preparing to unpack .../050-libxcb-shm0_1.15-1_amd64.deb ...
2026-10-07T21:24:07.7229841Z #9 6.303 Unpacking libxcb-shm0:amd64 (1.15-1) ...
2026-10-07T21:24:07.7230206Z #9 6.316 Selecting previously unselected package libxrender1:amd64.
2026-10-07T21:24:07.7230632Z #9 6.317 Preparing to unpack .../051-libxrender1_1%3a0.9.10-1.1_amd64.deb ...
2026-10-07T21:24:07.7231029Z #9 6.317 Unpacking libxrender1:amd64 (1:0.9.10-1.1) ...
2026-10-07T21:24:07.7231387Z #9 6.326 Selecting previously unselected package libcairo2:amd64.
2026-10-07T21:24:07.7231813Z #9 6.328 Preparing to unpack .../052-libcairo2_1.16.0-7_amd64.deb ...
2026-10-07T21:24:07.7232174Z #9 6.328 Unpacking libcairo2:amd64 (1.16.0-7) ...
2026-10-07T21:24:07.8430490Z #9 6.358 Selecting previously unselected package libavahi-common-data:amd64.
2026-10-07T21:24:07.8430869Z #9 6.359 Preparing to unpack .../053-libavahi-common-data_0.8-10+deb12u1_amd64.deb ...
2026-10-07T21:24:07.8431195Z #9 6.360 Unpacking libavahi-common-data:amd64 (0.8-10+deb12u1) ...
2026-10-07T21:24:07.8431479Z #9 6.372 Selecting previously unselected package libavahi-common3:amd64.
2026-10-07T21:24:07.8431769Z #9 6.373 Preparing to unpack .../054-libavahi-common3_0.8-10+deb12u1_amd64.deb ...
2026-10-07T21:24:07.8432033Z #9 6.373 Unpacking libavahi-common3:amd64 (0.8-10+deb12u1) ...
2026-10-07T21:24:07.8432437Z #9 6.382 Selecting previously unselected package libavahi-client3:amd64.
2026-10-07T21:24:07.8432720Z #9 6.383 Preparing to unpack .../055-libavahi-client3_0.8-10+deb12u1_amd64.deb ...
2026-10-07T21:24:07.8432977Z #9 6.384 Unpacking libavahi-client3:amd64 (0.8-10+deb12u1) ...
2026-10-07T21:24:07.8433230Z #9 6.392 Selecting previously unselected package libkrb5support0:amd64.
2026-10-07T21:24:07.8433513Z #9 6.393 Preparing to unpack .../056-libkrb5support0_1.20.1-2+deb12u5_amd64.deb ...
2026-10-07T21:24:07.8433776Z #9 6.394 Unpacking libkrb5support0:amd64 (1.20.1-2+deb12u5) ...
2026-10-07T21:24:07.8434188Z #9 6.402 Selecting previously unselected package libk5crypto3:amd64.
2026-10-07T21:24:07.8434457Z #9 6.403 Preparing to unpack .../057-libk5crypto3_1.20.1-2+deb12u5_amd64.deb ...
2026-10-07T21:24:07.8434708Z #9 6.403 Unpacking libk5crypto3:amd64 (1.20.1-2+deb12u5) ...
2026-10-07T21:24:07.8434945Z #9 6.414 Selecting previously unselected package libkeyutils1:amd64.
2026-10-07T21:24:07.8435200Z #9 6.415 Preparing to unpack .../058-libkeyutils1_1.6.3-2_amd64.deb ...
2026-10-07T21:24:07.8435424Z #9 6.416 Unpacking libkeyutils1:amd64 (1.6.3-2) ...
2026-10-07T21:24:07.8435646Z #9 6.424 Selecting previously unselected package libkrb5-3:amd64.
2026-10-07T21:24:07.8435910Z #9 6.425 Preparing to unpack .../059-libkrb5-3_1.20.1-2+deb12u5_amd64.deb ...
2026-10-07T21:24:07.8436153Z #9 6.426 Unpacking libkrb5-3:amd64 (1.20.1-2+deb12u5) ...
2026-10-07T21:24:07.8436395Z #9 6.449 Selecting previously unselected package libgssapi-krb5-2:amd64.
2026-10-07T21:24:07.9495329Z #9 6.450 Preparing to unpack .../060-libgssapi-krb5-2_1.20.1-2+deb12u5_amd64.deb ...
2026-10-07T21:24:07.9495890Z #9 6.451 Unpacking libgssapi-krb5-2:amd64 (1.20.1-2+deb12u5) ...
2026-10-07T21:24:07.9496145Z #9 6.464 Selecting previously unselected package libcups2:amd64.
2026-10-07T21:24:07.9496409Z #9 6.465 Preparing to unpack .../061-libcups2_2.4.2-3+deb12u9_amd64.deb ...
2026-10-07T21:24:07.9496648Z #9 6.466 Unpacking libcups2:amd64 (2.4.2-3+deb12u9) ...
2026-10-07T21:24:07.9496888Z #9 6.485 Selecting previously unselected package libdav1d6:amd64.
2026-10-07T21:24:07.9497151Z #9 6.486 Preparing to unpack .../062-libdav1d6_1.0.0-2+deb12u1_amd64.deb ...
2026-10-07T21:24:07.9497392Z #9 6.486 Unpacking libdav1d6:amd64 (1.0.0-2+deb12u1) ...
2026-10-07T21:24:07.9497651Z #9 6.518 Selecting previously unselected package libdouble-conversion3:amd64.
2026-10-07T21:24:07.9497949Z #9 6.519 Preparing to unpack .../063-libdouble-conversion3_3.2.1-1_amd64.deb ...
2026-10-07T21:24:07.9498205Z #9 6.520 Unpacking libdouble-conversion3:amd64 (3.2.1-1) ...
2026-10-07T21:24:07.9498440Z #9 6.529 Selecting previously unselected package libogg0:amd64.
2026-10-07T21:24:07.9498682Z #9 6.530 Preparing to unpack .../064-libogg0_1.3.5-3_amd64.deb ...
2026-10-07T21:24:07.9498893Z #9 6.531 Unpacking libogg0:amd64 (1.3.5-3) ...
2026-10-07T21:24:07.9499110Z #9 6.538 Selecting previously unselected package libflac12:amd64.
2026-10-07T21:24:07.9499361Z #9 6.539 Preparing to unpack .../065-libflac12_1.4.2+ds-2_amd64.deb ...
2026-10-07T21:24:07.9499587Z #9 6.540 Unpacking libflac12:amd64 (1.4.2+ds-2) ...
2026-10-07T21:24:07.9499805Z #9 6.555 Selecting previously unselected package libdrm-common.
2026-10-07T21:24:08.0721351Z #9 6.556 Preparing to unpack .../066-libdrm-common_2.4.114-1_all.deb ...
2026-10-07T21:24:08.0721673Z #9 6.557 Unpacking libdrm-common (2.4.114-1) ...
2026-10-07T21:24:08.0721983Z #9 6.565 Selecting previously unselected package libdrm2:amd64.
2026-10-07T21:24:08.0722253Z #9 6.566 Preparing to unpack .../067-libdrm2_2.4.114-1+b1_amd64.deb ...
2026-10-07T21:24:08.0722558Z #9 6.567 Unpacking libdrm2:amd64 (2.4.114-1+b1) ...
2026-10-07T21:24:08.0722834Z #9 6.576 Selecting previously unselected package libwayland-server0:amd64.
2026-10-07T21:24:08.0723124Z #9 6.577 Preparing to unpack .../068-libwayland-server0_1.21.0-1_amd64.deb ...
2026-10-07T21:24:08.0723434Z #9 6.577 Unpacking libwayland-server0:amd64 (1.21.0-1) ...
2026-10-07T21:24:08.0723665Z #9 6.586 Selecting previously unselected package libgbm1:amd64.
2026-10-07T21:24:08.0724219Z #9 6.587 Preparing to unpack .../069-libgbm1_22.3.6-1+deb12u2_amd64.deb ...
2026-10-07T21:24:08.0724459Z #9 6.587 Unpacking libgbm1:amd64 (22.3.6-1+deb12u2) ...
2026-10-07T21:24:08.0724718Z #9 6.596 Selecting previously unselected package libgraphite2-3:amd64.
2026-10-07T21:24:08.0725041Z #9 6.597 Preparing to unpack .../070-libgraphite2-3_1.3.14-1+deb12u1_amd64.deb ...
2026-10-07T21:24:08.0725298Z #9 6.598 Unpacking libgraphite2-3:amd64 (1.3.14-1+deb12u1) ...
2026-10-07T21:24:08.0725607Z #9 6.608 Selecting previously unselected package libharfbuzz0b:amd64.
2026-10-07T21:24:08.0725887Z #9 6.609 Preparing to unpack .../071-libharfbuzz0b_6.0.0+dfsg-3_amd64.deb ...
2026-10-07T21:24:08.0726133Z #9 6.610 Unpacking libharfbuzz0b:amd64 (6.0.0+dfsg-3) ...
2026-10-07T21:24:08.0726441Z #9 6.643 Selecting previously unselected package libharfbuzz-subset0:amd64.
2026-10-07T21:24:08.0726731Z #9 6.644 Preparing to unpack .../072-libharfbuzz-subset0_6.0.0+dfsg-3_amd64.deb ...
2026-10-07T21:24:08.0727044Z #9 6.645 Unpacking libharfbuzz-subset0:amd64 (6.0.0+dfsg-3) ...
2026-10-07T21:24:08.0727323Z #9 6.678 Selecting previously unselected package liblcms2-2:amd64.
2026-10-07T21:24:08.1722595Z #9 6.679 Preparing to unpack .../073-liblcms2-2_2.14-2+deb12u1_amd64.deb ...
2026-10-07T21:24:08.1722912Z #9 6.681 Unpacking liblcms2-2:amd64 (2.14-2+deb12u1) ...
2026-10-07T21:24:08.1723171Z #9 6.696 Selecting previously unselected package libminizip1:amd64.
2026-10-07T21:24:08.1723448Z #9 6.697 Preparing to unpack .../074-libminizip1_1.1-8+deb12u1_amd64.deb ...
2026-10-07T21:24:08.1724128Z #9 6.711 Unpacking libminizip1:amd64 (1.1-8+deb12u1) ...
2026-10-07T21:24:08.1724365Z #9 6.722 Selecting previously unselected package libnspr4:amd64.
2026-10-07T21:24:08.1724615Z #9 6.723 Preparing to unpack .../075-libnspr4_2%3a4.35-1_amd64.deb ...
2026-10-07T21:24:08.1724843Z #9 6.724 Unpacking libnspr4:amd64 (2:4.35-1) ...
2026-10-07T21:24:08.1725079Z #9 6.738 Selecting previously unselected package libsqlite3-0:amd64.
2026-10-07T21:24:08.1725366Z #9 6.739 Preparing to unpack .../076-libsqlite3-0_3.40.1-2+deb12u2_amd64.deb ...
2026-10-07T21:24:08.1725744Z #9 6.741 Unpacking libsqlite3-0:amd64 (3.40.1-2+deb12u2) ...
2026-10-07T21:24:08.1726097Z #9 6.777 Selecting previously unselected package libnss3:amd64.
2026-10-07T21:24:08.1726364Z #9 6.778 Preparing to unpack .../077-libnss3_2%3a3.87.1-1+deb12u4_amd64.deb ...
2026-10-07T21:24:08.2877568Z #9 6.779 Unpacking libnss3:amd64 (2:3.87.1-1+deb12u4) ...
2026-10-07T21:24:08.2878011Z #9 6.847 Selecting previously unselected package libopenh264-7:amd64.
2026-10-07T21:24:08.2878488Z #9 6.849 Preparing to unpack .../078-libopenh264-7_2.3.1+dfsg-3+deb12u2_amd64.deb ...
2026-10-07T21:24:08.2878911Z #9 6.849 Unpacking libopenh264-7:amd64 (2.3.1+dfsg-3+deb12u2) ...
2026-10-07T21:24:08.2879286Z #9 6.876 Selecting previously unselected package libopenjp2-7:amd64.
2026-10-07T21:24:08.2879694Z #9 6.877 Preparing to unpack .../079-libopenjp2-7_2.5.0-2+deb12u3_amd64.deb ...
2026-10-07T21:24:08.2880075Z #9 6.877 Unpacking libopenjp2-7:amd64 (2.5.0-2+deb12u3) ...
2026-10-07T21:24:08.2880419Z #9 6.893 Selecting previously unselected package libopus0:amd64.
2026-10-07T21:24:08.3978706Z #9 6.895 Preparing to unpack .../080-libopus0_1.3.1-3_amd64.deb ...
2026-10-07T21:24:08.3979325Z #9 6.895 Unpacking libopus0:amd64 (1.3.1-3) ...
2026-10-07T21:24:08.3979744Z #9 6.928 Selecting previously unselected package fontconfig.
2026-10-07T21:24:08.3980292Z #9 6.928 Preparing to unpack .../081-fontconfig_2.14.1-4_amd64.deb ...
2026-10-07T21:24:08.3980749Z #9 6.928 Unpacking fontconfig (2.14.1-4) ...
2026-10-07T21:24:08.3981205Z #9 6.946 Selecting previously unselected package libfribidi0:amd64.
2026-10-07T21:24:08.3981678Z #9 6.948 Preparing to unpack .../082-libfribidi0_1.0.8-2.1_amd64.deb ...
2026-10-07T21:24:08.3982109Z #9 6.948 Unpacking libfribidi0:amd64 (1.0.8-2.1) ...
2026-10-07T21:24:08.3982663Z #9 6.957 Selecting previously unselected package libthai-data.
2026-10-07T21:24:08.3983206Z #9 6.959 Preparing to unpack .../083-libthai-data_0.1.29-1_all.deb ...
2026-10-07T21:24:08.3983439Z #9 6.960 Unpacking libthai-data (0.1.29-1) ...
2026-10-07T21:24:08.3983747Z #9 7.003 Selecting previously unselected package libdatrie1:amd64.
2026-10-07T21:24:08.4986029Z #9 7.005 Preparing to unpack .../084-libdatrie1_0.2.13-2+b1_amd64.deb ...
2026-10-07T21:24:08.4986349Z #9 7.005 Unpacking libdatrie1:amd64 (0.2.13-2+b1) ...
2026-10-07T21:24:08.4986593Z #9 7.015 Selecting previously unselected package libthai0:amd64.
2026-10-07T21:24:08.4986849Z #9 7.017 Preparing to unpack .../085-libthai0_0.1.29-1_amd64.deb ...
2026-10-07T21:24:08.4987103Z #9 7.017 Unpacking libthai0:amd64 (0.1.29-1) ...
2026-10-07T21:24:08.4987338Z #9 7.026 Selecting previously unselected package libpango-1.0-0:amd64.
2026-10-07T21:24:08.4987614Z #9 7.028 Preparing to unpack .../086-libpango-1.0-0_1.50.12+ds-1_amd64.deb ...
2026-10-07T21:24:08.4987863Z #9 7.028 Unpacking libpango-1.0-0:amd64 (1.50.12+ds-1) ...
2026-10-07T21:24:08.4988116Z #9 7.045 Selecting previously unselected package libasyncns0:amd64.
2026-10-07T21:24:08.4988379Z #9 7.046 Preparing to unpack .../087-libasyncns0_0.8-6+b3_amd64.deb ...
2026-10-07T21:24:08.4988609Z #9 7.047 Unpacking libasyncns0:amd64 (0.8-6+b3) ...
2026-10-07T21:24:08.4988834Z #9 7.055 Selecting previously unselected package libmp3lame0:amd64.
2026-10-07T21:24:08.4989092Z #9 7.056 Preparing to unpack .../088-libmp3lame0_3.100-6_amd64.deb ...
2026-10-07T21:24:08.4989314Z #9 7.056 Unpacking libmp3lame0:amd64 (3.100-6) ...
2026-10-07T21:24:08.4989538Z #9 7.075 Selecting previously unselected package libmpg123-0:amd64.
2026-10-07T21:24:08.4989995Z #9 7.076 Preparing to unpack .../089-libmpg123-0_1.31.2-1+deb12u1_amd64.deb ...
2026-10-07T21:24:08.4990245Z #9 7.076 Unpacking libmpg123-0:amd64 (1.31.2-1+deb12u1) ...
2026-10-07T21:24:08.4990479Z #9 7.091 Selecting previously unselected package libvorbis0a:amd64.
2026-10-07T21:24:08.4990730Z #9 7.092 Preparing to unpack .../090-libvorbis0a_1.3.7-1_amd64.deb ...
2026-10-07T21:24:08.4990954Z #9 7.093 Unpacking libvorbis0a:amd64 (1.3.7-1) ...
2026-10-07T21:24:08.4991184Z #9 7.104 Selecting previously unselected package libvorbisenc2:amd64.
2026-10-07T21:24:08.6060370Z #9 7.105 Preparing to unpack .../091-libvorbisenc2_1.3.7-1_amd64.deb ...
2026-10-07T21:24:08.6060825Z #9 7.106 Unpacking libvorbisenc2:amd64 (1.3.7-1) ...
2026-10-07T21:24:08.6061192Z #9 7.136 Selecting previously unselected package libsndfile1:amd64.
2026-10-07T21:24:08.6061471Z #9 7.137 Preparing to unpack .../092-libsndfile1_1.2.0-1+deb12u1_amd64.deb ...
2026-10-07T21:24:08.6061768Z #9 7.137 Unpacking libsndfile1:amd64 (1.2.0-1+deb12u1) ...
2026-10-07T21:24:08.6062004Z #9 7.154 Selecting previously unselected package libx11-xcb1:amd64.
2026-10-07T21:24:08.6062279Z #9 7.156 Preparing to unpack .../093-libx11-xcb1_2%3a1.8.4-2+deb12u2_amd64.deb ...
2026-10-07T21:24:08.6062538Z #9 7.156 Unpacking libx11-xcb1:amd64 (2:1.8.4-2+deb12u2) ...
2026-10-07T21:24:08.6062773Z #9 7.168 Selecting previously unselected package libpulse0:amd64.
2026-10-07T21:24:08.6063044Z #9 7.169 Preparing to unpack .../094-libpulse0_16.1+dfsg1-2+b1_amd64.deb ...
2026-10-07T21:24:08.6063287Z #9 7.171 Unpacking libpulse0:amd64 (16.1+dfsg1-2+b1) ...
2026-10-07T21:24:08.6063524Z #9 7.192 Selecting previously unselected package libxcomposite1:amd64.
2026-10-07T21:24:08.6063799Z #9 7.193 Preparing to unpack .../095-libxcomposite1_1%3a0.4.5-1_amd64.deb ...
2026-10-07T21:24:08.6064265Z #9 7.194 Unpacking libxcomposite1:amd64 (1:0.4.5-1) ...
2026-10-07T21:24:08.6064537Z #9 7.202 Selecting previously unselected package libxdamage1:amd64.
2026-10-07T21:24:08.6064800Z #9 7.203 Preparing to unpack .../096-libxdamage1_1%3a1.1.6-1_amd64.deb ...
2026-10-07T21:24:08.6065033Z #9 7.203 Unpacking libxdamage1:amd64 (1:1.1.6-1) ...
2026-10-07T21:24:08.6065259Z #9 7.212 Selecting previously unselected package libxfixes3:amd64.
2026-10-07T21:24:08.7359285Z #9 7.213 Preparing to unpack .../097-libxfixes3_1%3a6.0.0-2_amd64.deb ...
2026-10-07T21:24:08.7359818Z #9 7.213 Unpacking libxfixes3:amd64 (1:6.0.0-2) ...
2026-10-07T21:24:08.7360459Z #9 7.221 Selecting previously unselected package xkb-data.
2026-10-07T21:24:08.7360876Z #9 7.222 Preparing to unpack .../098-xkb-data_2.35.1-1_all.deb ...
2026-10-07T21:24:08.7361182Z #9 7.222 Unpacking xkb-data (2.35.1-1) ...
2026-10-07T21:24:08.7361515Z #9 7.272 Selecting previously unselected package libxkbcommon0:amd64.
2026-10-07T21:24:08.7361910Z #9 7.273 Preparing to unpack .../099-libxkbcommon0_1.5.0-1_amd64.deb ...
2026-10-07T21:24:08.7362256Z #9 7.273 Unpacking libxkbcommon0:amd64 (1.5.0-1) ...
2026-10-07T21:24:08.7362613Z #9 7.286 Selecting previously unselected package libxnvctrl0:amd64.
2026-10-07T21:24:08.7363021Z #9 7.287 Preparing to unpack .../100-libxnvctrl0_525.85.05-3~deb12u1_amd64.deb ...
2026-10-07T21:24:08.7363405Z #9 7.288 Unpacking libxnvctrl0:amd64 (525.85.05-3~deb12u1) ...
2026-10-07T21:24:08.7363755Z #9 7.297 Selecting previously unselected package libxrandr2:amd64.
2026-10-07T21:24:08.7364261Z #9 7.298 Preparing to unpack .../101-libxrandr2_2%3a1.5.2-2+b1_amd64.deb ...
2026-10-07T21:24:08.7364608Z #9 7.298 Unpacking libxrandr2:amd64 (2:1.5.2-2+b1) ...
2026-10-07T21:24:08.7364968Z #9 7.307 Selecting previously unselected package libcairo-gobject2:amd64.
2026-10-07T21:24:08.7365376Z #9 7.309 Preparing to unpack .../102-libcairo-gobject2_1.16.0-7_amd64.deb ...
2026-10-07T21:24:08.7365734Z #9 7.309 Unpacking libcairo-gobject2:amd64 (1.16.0-7) ...
2026-10-07T21:24:08.7366080Z #9 7.341 Selecting previously unselected package libcolord2:amd64.
2026-10-07T21:24:08.8361036Z #9 7.343 Preparing to unpack .../103-libcolord2_1.4.6-2.2_amd64.deb ...
2026-10-07T21:24:08.8361541Z #9 7.344 Unpacking libcolord2:amd64 (1.4.6-2.2) ...
2026-10-07T21:24:08.8361993Z #9 7.359 Selecting previously unselected package libepoxy0:amd64.
2026-10-07T21:24:08.8362514Z #9 7.360 Preparing to unpack .../104-libepoxy0_1.5.10-1_amd64.deb ...
2026-10-07T21:24:08.8362933Z #9 7.361 Unpacking libepoxy0:amd64 (1.5.10-1) ...
2026-10-07T21:24:08.8363378Z #9 7.378 Selecting previously unselected package libpangoft2-1.0-0:amd64.
2026-10-07T21:24:08.8363858Z #9 7.380 Preparing to unpack .../105-libpangoft2-1.0-0_1.50.12+ds-1_amd64.deb ...
2026-10-07T21:24:08.8364481Z #9 7.381 Unpacking libpangoft2-1.0-0:amd64 (1.50.12+ds-1) ...
2026-10-07T21:24:08.8364935Z #9 7.391 Selecting previously unselected package libpangocairo-1.0-0:amd64.
2026-10-07T21:24:08.8365409Z #9 7.392 Preparing to unpack .../106-libpangocairo-1.0-0_1.50.12+ds-1_amd64.deb ...
2026-10-07T21:24:08.8365843Z #9 7.393 Unpacking libpangocairo-1.0-0:amd64 (1.50.12+ds-1) ...
2026-10-07T21:24:08.8366264Z #9 7.402 Selecting previously unselected package libwayland-client0:amd64.
2026-10-07T21:24:08.8366697Z #9 7.403 Preparing to unpack .../107-libwayland-client0_1.21.0-1_amd64.deb ...
2026-10-07T21:24:08.8367068Z #9 7.404 Unpacking libwayland-client0:amd64 (1.21.0-1) ...
2026-10-07T21:24:08.8367444Z #9 7.413 Selecting previously unselected package libwayland-cursor0:amd64.
2026-10-07T21:24:08.8367879Z #9 7.414 Preparing to unpack .../108-libwayland-cursor0_1.21.0-1_amd64.deb ...
2026-10-07T21:24:08.8368246Z #9 7.414 Unpacking libwayland-cursor0:amd64 (1.21.0-1) ...
2026-10-07T21:24:08.8368619Z #9 7.432 Selecting previously unselected package libwayland-egl1:amd64.
2026-10-07T21:24:08.8369017Z #9 7.434 Preparing to unpack .../109-libwayland-egl1_1.21.0-1_amd64.deb ...
2026-10-07T21:24:08.8369365Z #9 7.434 Unpacking libwayland-egl1:amd64 (1.21.0-1) ...
2026-10-07T21:24:08.8369715Z #9 7.442 Selecting previously unselected package libxcursor1:amd64.
2026-10-07T21:24:09.0518838Z #9 7.443 Preparing to unpack .../110-libxcursor1_1%3a1.2.1-1_amd64.deb ...
2026-10-07T21:24:09.0519321Z #9 7.444 Unpacking libxcursor1:amd64 (1:1.2.1-1) ...
2026-10-07T21:24:09.0519717Z #9 7.452 Selecting previously unselected package libxinerama1:amd64.
2026-10-07T21:24:09.0520174Z #9 7.454 Preparing to unpack .../111-libxinerama1_2%3a1.1.4-3_amd64.deb ...
2026-10-07T21:24:09.0520570Z #9 7.454 Unpacking libxinerama1:amd64 (2:1.1.4-3) ...
2026-10-07T21:24:09.0521370Z #9 7.461 Selecting previously unselected package dbus-user-session.
2026-10-07T21:24:09.0521856Z #9 7.463 Preparing to unpack .../112-dbus-user-session_1.14.10-1~deb12u1_amd64.deb ...
2026-10-07T21:24:09.0522300Z #9 7.463 Unpacking dbus-user-session (1.14.10-1~deb12u1) ...
2026-10-07T21:24:09.0522697Z #9 7.474 Selecting previously unselected package libdconf1:amd64.
2026-10-07T21:24:09.0523112Z #9 7.475 Preparing to unpack .../113-libdconf1_0.40.0-4_amd64.deb ...
2026-10-07T21:24:09.0523468Z #9 7.476 Unpacking libdconf1:amd64 (0.40.0-4) ...
2026-10-07T21:24:09.0523840Z #9 7.485 Selecting previously unselected package dconf-service.
2026-10-07T21:24:09.0524360Z #9 7.486 Preparing to unpack .../114-dconf-service_0.40.0-4_amd64.deb ...
2026-10-07T21:24:09.0524726Z #9 7.487 Unpacking dconf-service (0.40.0-4) ...
2026-10-07T21:24:09.0525134Z #9 7.495 Selecting previously unselected package dconf-gsettings-backend:amd64.
2026-10-07T21:24:09.0525631Z #9 7.496 Preparing to unpack .../115-dconf-gsettings-backend_0.40.0-4_amd64.deb ...
2026-10-07T21:24:09.0526075Z #9 7.497 Unpacking dconf-gsettings-backend:amd64 (0.40.0-4) ...
2026-10-07T21:24:09.0526472Z #9 7.505 Selecting previously unselected package libgtk-3-common.
2026-10-07T21:24:09.0526916Z #9 7.506 Preparing to unpack .../116-libgtk-3-common_3.24.38-2~deb12u3_all.deb ...
2026-10-07T21:24:09.0527331Z #9 7.507 Unpacking libgtk-3-common (3.24.38-2~deb12u3) ...
2026-10-07T21:24:09.0777516Z #9 7.683 Selecting previously unselected package libgtk-3-0:amd64.
2026-10-07T21:24:09.2234954Z #9 7.685 Preparing to unpack .../117-libgtk-3-0_3.24.38-2~deb12u3_amd64.deb ...
2026-10-07T21:24:09.2235513Z #9 7.685 Unpacking libgtk-3-0:amd64 (3.24.38-2~deb12u3) ...
2026-10-07T21:24:09.2235774Z #9 7.829 Selecting previously unselected package libfontenc1:amd64.
2026-10-07T21:24:09.3256864Z #9 7.830 Preparing to unpack .../118-libfontenc1_1%3a1.1.4-1_amd64.deb ...
2026-10-07T21:24:09.3257180Z #9 7.831 Unpacking libfontenc1:amd64 (1:1.1.4-1) ...
2026-10-07T21:24:09.3257450Z #9 7.839 Selecting previously unselected package libglvnd0:amd64.
2026-10-07T21:24:09.3257710Z #9 7.841 Preparing to unpack .../119-libglvnd0_1.6.0-1_amd64.deb ...
2026-10-07T21:24:09.3257933Z #9 7.841 Unpacking libglvnd0:amd64 (1.6.0-1) ...
2026-10-07T21:24:09.3258164Z #9 7.852 Selecting previously unselected package libglapi-mesa:amd64.
2026-10-07T21:24:09.3258444Z #9 7.853 Preparing to unpack .../120-libglapi-mesa_22.3.6-1+deb12u2_amd64.deb ...
2026-10-07T21:24:09.3258702Z #9 7.853 Unpacking libglapi-mesa:amd64 (22.3.6-1+deb12u2) ...
2026-10-07T21:24:09.3258950Z #9 7.885 Selecting previously unselected package libxcb-dri2-0:amd64.
2026-10-07T21:24:09.3259208Z #9 7.887 Preparing to unpack .../121-libxcb-dri2-0_1.15-1_amd64.deb ...
2026-10-07T21:24:09.3259434Z #9 7.887 Unpacking libxcb-dri2-0:amd64 (1.15-1) ...
2026-10-07T21:24:09.3259666Z #9 7.901 Selecting previously unselected package libxcb-dri3-0:amd64.
2026-10-07T21:24:09.3259917Z #9 7.902 Preparing to unpack .../122-libxcb-dri3-0_1.15-1_amd64.deb ...
2026-10-07T21:24:09.3260140Z #9 7.903 Unpacking libxcb-dri3-0:amd64 (1.15-1) ...
2026-10-07T21:24:09.3260366Z #9 7.916 Selecting previously unselected package libxcb-glx0:amd64.
2026-10-07T21:24:09.3260614Z #9 7.917 Preparing to unpack .../123-libxcb-glx0_1.15-1_amd64.deb ...
2026-10-07T21:24:09.3260832Z #9 7.917 Unpacking libxcb-glx0:amd64 (1.15-1) ...
2026-10-07T21:24:09.3261066Z #9 7.931 Selecting previously unselected package libxcb-present0:amd64.
2026-10-07T21:24:09.4315828Z #9 7.933 Preparing to unpack .../124-libxcb-present0_1.15-1_amd64.deb ...
2026-10-07T21:24:09.4316261Z #9 7.933 Unpacking libxcb-present0:amd64 (1.15-1) ...
2026-10-07T21:24:09.4316674Z #9 7.963 Selecting previously unselected package libxcb-randr0:amd64.
2026-10-07T21:24:09.4317068Z #9 7.964 Preparing to unpack .../125-libxcb-randr0_1.15-1_amd64.deb ...
2026-10-07T21:24:09.4317299Z #9 7.964 Unpacking libxcb-randr0:amd64 (1.15-1) ...
2026-10-07T21:24:09.4317625Z #9 7.978 Selecting previously unselected package libxcb-sync1:amd64.
2026-10-07T21:24:09.4318271Z #9 7.979 Preparing to unpack .../126-libxcb-sync1_1.15-1_amd64.deb ...
2026-10-07T21:24:09.4318640Z #9 7.980 Unpacking libxcb-sync1:amd64 (1.15-1) ...
2026-10-07T21:24:09.4319024Z #9 7.992 Selecting previously unselected package libxcb-xfixes0:amd64.
2026-10-07T21:24:09.4319443Z #9 7.993 Preparing to unpack .../127-libxcb-xfixes0_1.15-1_amd64.deb ...
2026-10-07T21:24:09.4319809Z #9 7.994 Unpacking libxcb-xfixes0:amd64 (1.15-1) ...
2026-10-07T21:24:09.4320342Z #9 8.036 Selecting previously unselected package libxshmfence1:amd64.
2026-10-07T21:24:09.5426526Z #9 8.037 Preparing to unpack .../128-libxshmfence1_1.3-1_amd64.deb ...
2026-10-07T21:24:09.5426989Z #9 8.038 Unpacking libxshmfence1:amd64 (1.3-1) ...
2026-10-07T21:24:09.5427382Z #9 8.046 Selecting previously unselected package libxxf86vm1:amd64.
2026-10-07T21:24:09.5427776Z #9 8.047 Preparing to unpack .../129-libxxf86vm1_1%3a1.1.4-1+b2_amd64.deb ...
2026-10-07T21:24:09.5428034Z #9 8.047 Unpacking libxxf86vm1:amd64 (1:1.1.4-1+b2) ...
2026-10-07T21:24:09.5428315Z #9 8.056 Selecting previously unselected package libdrm-amdgpu1:amd64.
2026-10-07T21:24:09.5428597Z #9 8.057 Preparing to unpack .../130-libdrm-amdgpu1_2.4.114-1+b1_amd64.deb ...
2026-10-07T21:24:09.5428853Z #9 8.058 Unpacking libdrm-amdgpu1:amd64 (2.4.114-1+b1) ...
2026-10-07T21:24:09.5429101Z #9 8.066 Selecting previously unselected package libpciaccess0:amd64.
2026-10-07T21:24:09.5429365Z #9 8.067 Preparing to unpack .../131-libpciaccess0_0.17-2_amd64.deb ...
2026-10-07T21:24:09.5429604Z #9 8.068 Unpacking libpciaccess0:amd64 (0.17-2) ...
2026-10-07T21:24:09.5430018Z #9 8.078 Selecting previously unselected package libdrm-intel1:amd64.
2026-10-07T21:24:09.5430299Z #9 8.079 Preparing to unpack .../132-libdrm-intel1_2.4.114-1+b1_amd64.deb ...
2026-10-07T21:24:09.5430557Z #9 8.079 Unpacking libdrm-intel1:amd64 (2.4.114-1+b1) ...
2026-10-07T21:24:09.5430805Z #9 8.090 Selecting previously unselected package libdrm-nouveau2:amd64.
2026-10-07T21:24:09.5431095Z #9 8.091 Preparing to unpack .../133-libdrm-nouveau2_2.4.114-1+b1_amd64.deb ...
2026-10-07T21:24:09.5431352Z #9 8.092 Unpacking libdrm-nouveau2:amd64 (2.4.114-1+b1) ...
2026-10-07T21:24:09.5431625Z #9 8.102 Selecting previously unselected package libdrm-radeon1:amd64.
2026-10-07T21:24:09.5431902Z #9 8.103 Preparing to unpack .../134-libdrm-radeon1_2.4.114-1+b1_amd64.deb ...
2026-10-07T21:24:09.5432154Z #9 8.104 Unpacking libdrm-radeon1:amd64 (2.4.114-1+b1) ...
2026-10-07T21:24:09.5432387Z #9 8.113 Selecting previously unselected package libelf1:amd64.
2026-10-07T21:24:09.5432640Z #9 8.115 Preparing to unpack .../135-libelf1_0.188-2.1_amd64.deb ...
2026-10-07T21:24:09.5432859Z #9 8.115 Unpacking libelf1:amd64 (0.188-2.1) ...
2026-10-07T21:24:09.5433080Z #9 8.133 Selecting previously unselected package libedit2:amd64.
2026-10-07T21:24:09.5433340Z #9 8.134 Preparing to unpack .../136-libedit2_3.1-20221030-2_amd64.deb ...
2026-10-07T21:24:09.5433599Z #9 8.135 Unpacking libedit2:amd64 (3.1-20221030-2) ...
2026-10-07T21:24:09.5433826Z #9 8.148 Selecting previously unselected package libz3-4:amd64.
2026-10-07T21:24:09.6947776Z #9 8.149 Preparing to unpack .../137-libz3-4_4.8.12-3.1_amd64.deb ...
2026-10-07T21:24:09.6948372Z #9 8.150 Unpacking libz3-4:amd64 (4.8.12-3.1) ...
2026-10-07T21:24:09.8707178Z #9 8.476 Selecting previously unselected package libllvm15:amd64.
2026-10-07T21:24:10.0225401Z #9 8.478 Preparing to unpack .../138-libllvm15_1%3a15.0.6-4+b1_amd64.deb ...
2026-10-07T21:24:10.0225871Z #9 8.478 Unpacking libllvm15:amd64 (1:15.0.6-4+b1) ...
2026-10-07T21:24:10.3613974Z #9 8.967 Selecting previously unselected package libsensors-config.
2026-10-07T21:24:10.5590744Z #9 8.968 Preparing to unpack .../139-libsensors-config_1%3a3.6.0-7.1_all.deb ...
2026-10-07T21:24:10.5591246Z #9 8.969 Unpacking libsensors-config (1:3.6.0-7.1) ...
2026-10-07T21:24:10.5591659Z #9 8.978 Selecting previously unselected package libsensors5:amd64.
2026-10-07T21:24:10.5592115Z #9 8.980 Preparing to unpack .../140-libsensors5_1%3a3.6.0-7.1_amd64.deb ...
2026-10-07T21:24:10.5592805Z #9 8.982 Unpacking libsensors5:amd64 (1:3.6.0-7.1) ...
2026-10-07T21:24:10.5593213Z #9 9.010 Selecting previously unselected package libgl1-mesa-dri:amd64.
2026-10-07T21:24:10.5593702Z #9 9.011 Preparing to unpack .../141-libgl1-mesa-dri_22.3.6-1+deb12u2_amd64.deb ...
2026-10-07T21:24:10.5594264Z #9 9.014 Unpacking libgl1-mesa-dri:amd64 (22.3.6-1+deb12u2) ...
2026-10-07T21:24:10.7222889Z #9 9.328 Selecting previously unselected package libglx-mesa0:amd64.
2026-10-07T21:24:10.8321823Z #9 9.329 Preparing to unpack .../142-libglx-mesa0_22.3.6-1+deb12u2_amd64.deb ...
2026-10-07T21:24:10.8322191Z #9 9.330 Unpacking libglx-mesa0:amd64 (22.3.6-1+deb12u2) ...
2026-10-07T21:24:10.8322441Z #9 9.343 Selecting previously unselected package libglx0:amd64.
2026-10-07T21:24:10.8322693Z #9 9.344 Preparing to unpack .../143-libglx0_1.6.0-1_amd64.deb ...
2026-10-07T21:24:10.8322907Z #9 9.345 Unpacking libglx0:amd64 (1.6.0-1) ...
2026-10-07T21:24:10.8323125Z #9 9.354 Selecting previously unselected package libgl1:amd64.
2026-10-07T21:24:10.8323373Z #9 9.355 Preparing to unpack .../144-libgl1_1.6.0-1_amd64.deb ...
2026-10-07T21:24:10.8323583Z #9 9.356 Unpacking libgl1:amd64 (1.6.0-1) ...
2026-10-07T21:24:10.8323789Z #9 9.367 Selecting previously unselected package x11-common.
2026-10-07T21:24:10.8324151Z #9 9.369 Preparing to unpack .../145-x11-common_1%3a7.7+23_all.deb ...
2026-10-07T21:24:10.8324371Z #9 9.369 Unpacking x11-common (1:7.7+23) ...
2026-10-07T21:24:10.8324586Z #9 9.383 Selecting previously unselected package libice6:amd64.
2026-10-07T21:24:10.8325009Z #9 9.384 Preparing to unpack .../146-libice6_2%3a1.0.10-1_amd64.deb ...
2026-10-07T21:24:10.8325232Z #9 9.385 Unpacking libice6:amd64 (2:1.0.10-1) ...
2026-10-07T21:24:10.8325446Z #9 9.394 Selecting previously unselected package libsm6:amd64.
2026-10-07T21:24:10.8325687Z #9 9.395 Preparing to unpack .../147-libsm6_2%3a1.2.3-1_amd64.deb ...
2026-10-07T21:24:10.8325904Z #9 9.395 Unpacking libsm6:amd64 (2:1.2.3-1) ...
2026-10-07T21:24:10.8326120Z #9 9.421 Selecting previously unselected package libxt6:amd64.
2026-10-07T21:24:10.8326367Z #9 9.422 Preparing to unpack .../148-libxt6_1%3a1.2.1-1.1_amd64.deb ...
2026-10-07T21:24:10.8326583Z #9 9.423 Unpacking libxt6:amd64 (1:1.2.1-1.1) ...
2026-10-07T21:24:10.8326796Z #9 9.438 Selecting previously unselected package libxmu6:amd64.
2026-10-07T21:24:10.9328371Z #9 9.439 Preparing to unpack .../149-libxmu6_2%3a1.1.3-3_amd64.deb ...
2026-10-07T21:24:10.9328679Z #9 9.440 Unpacking libxmu6:amd64 (2:1.1.3-3) ...
2026-10-07T21:24:10.9328914Z #9 9.449 Selecting previously unselected package libxpm4:amd64.
2026-10-07T21:24:10.9329242Z #9 9.450 Preparing to unpack .../150-libxpm4_1%3a3.5.12-1.1+deb12u1_amd64.deb ...
2026-10-07T21:24:10.9329512Z #9 9.451 Unpacking libxpm4:amd64 (1:3.5.12-1.1+deb12u1) ...
2026-10-07T21:24:10.9329743Z #9 9.463 Selecting previously unselected package libxaw7:amd64.
2026-10-07T21:24:10.9329992Z #9 9.464 Preparing to unpack .../151-libxaw7_2%3a1.0.14-1_amd64.deb ...
2026-10-07T21:24:10.9330220Z #9 9.465 Unpacking libxaw7:amd64 (2:1.0.14-1) ...
2026-10-07T21:24:10.9330450Z #9 9.481 Selecting previously unselected package libxcb-shape0:amd64.
2026-10-07T21:24:10.9330706Z #9 9.482 Preparing to unpack .../152-libxcb-shape0_1.15-1_amd64.deb ...
2026-10-07T21:24:10.9330927Z #9 9.483 Unpacking libxcb-shape0:amd64 (1.15-1) ...
2026-10-07T21:24:10.9331146Z #9 9.496 Selecting previously unselected package libxft2:amd64.
2026-10-07T21:24:10.9331386Z #9 9.497 Preparing to unpack .../153-libxft2_2.3.6-1_amd64.deb ...
2026-10-07T21:24:10.9331597Z #9 9.498 Unpacking libxft2:amd64 (2.3.6-1) ...
2026-10-07T21:24:10.9331821Z #9 9.508 Selecting previously unselected package libxkbfile1:amd64.
2026-10-07T21:24:10.9332077Z #9 9.509 Preparing to unpack .../154-libxkbfile1_1%3a1.1.0-1_amd64.deb ...
2026-10-07T21:24:10.9332312Z #9 9.510 Unpacking libxkbfile1:amd64 (1:1.1.0-1) ...
2026-10-07T21:24:10.9332534Z #9 9.519 Selecting previously unselected package libxmuu1:amd64.
2026-10-07T21:24:10.9332940Z #9 9.520 Preparing to unpack .../155-libxmuu1_2%3a1.1.3-3_amd64.deb ...
2026-10-07T21:24:10.9333165Z #9 9.521 Unpacking libxmuu1:amd64 (2:1.1.3-3) ...
2026-10-07T21:24:10.9333383Z #9 9.528 Selecting previously unselected package libxtst6:amd64.
2026-10-07T21:24:10.9333632Z #9 9.529 Preparing to unpack .../156-libxtst6_2%3a1.2.3-1.1_amd64.deb ...
2026-10-07T21:24:10.9333862Z #9 9.530 Unpacking libxtst6:amd64 (2:1.2.3-1.1) ...
2026-10-07T21:24:10.9334249Z #9 9.537 Selecting previously unselected package libxv1:amd64.
2026-10-07T21:24:10.9334496Z #9 9.539 Preparing to unpack .../157-libxv1_2%3a1.0.11-1.1_amd64.deb ...
2026-10-07T21:24:11.1355584Z #9 9.540 Unpacking libxv1:amd64 (2:1.0.11-1.1) ...
2026-10-07T21:24:11.1356235Z #9 9.548 Selecting previously unselected package libxxf86dga1:amd64.
2026-10-07T21:24:11.1356812Z #9 9.549 Preparing to unpack .../158-libxxf86dga1_2%3a1.1.5-1_amd64.deb ...
2026-10-07T21:24:11.1357383Z #9 9.550 Unpacking libxxf86dga1:amd64 (2:1.1.5-1) ...
2026-10-07T21:24:11.1357873Z #9 9.557 Selecting previously unselected package x11-utils.
2026-10-07T21:24:11.1358396Z #9 9.558 Preparing to unpack .../159-x11-utils_7.7+5_amd64.deb ...
2026-10-07T21:24:11.1359443Z #9 9.559 Unpacking x11-utils (7.7+5) ...
2026-10-07T21:24:11.1359860Z #9 9.576 Selecting previously unselected package xdg-utils.
2026-10-07T21:24:11.1360341Z #9 9.577 Preparing to unpack .../160-xdg-utils_1.1.3-4.1_all.deb ...
2026-10-07T21:24:11.1360781Z #9 9.577 Unpacking xdg-utils (1.1.3-4.1) ...
2026-10-07T21:24:11.1361233Z #9 9.587 Selecting previously unselected package chromium-common.
2026-10-07T21:24:11.1361990Z #9 9.589 Preparing to unpack .../161-chromium-common_154.0.8037.92-1~deb12u1_amd64.deb ...
2026-10-07T21:24:11.1362534Z #9 9.589 Unpacking chromium-common (154.0.8037.92-1~deb12u1) ...
2026-10-07T21:24:11.3877565Z #9 9.993 Selecting previously unselected package chromium.
2026-10-07T21:24:11.5398281Z #9 9.995 Preparing to unpack .../162-chromium_154.0.8037.92-1~deb12u1_amd64.deb ...
2026-10-07T21:24:11.5416392Z #9 9.995 Unpacking chromium (154.0.8037.92-1~deb12u1) ...
2026-10-07T21:24:12.8322595Z #9 11.44 Setting up libexpat1:amd64 (2.5.0-1+deb12u4) ...
2026-10-07T21:24:12.9418251Z #9 11.44 Setting up bubblewrap (0.8.0-2+deb12u1) ...
2026-10-07T21:24:12.9418773Z #9 11.44 sysctl: cannot open "/etc/sysctl.d/99-sysctl.conf": No such file or directory
2026-10-07T21:24:12.9419077Z #9 11.44 Setting up libgraphite2-3:amd64 (1.3.14-1+deb12u1) ...
2026-10-07T21:24:12.9419306Z #9 11.44 Setting up liblcms2-2:amd64 (2.14-2+deb12u1) ...
2026-10-07T21:24:12.9419531Z #9 11.44 Setting up libpixman-1-0:amd64 (0.42.2-1) ...
2026-10-07T21:24:12.9419867Z #9 11.45 Setting up libwayland-server0:amd64 (1.21.0-1) ...
2026-10-07T21:24:12.9420194Z #9 11.45 Setting up libpciaccess0:amd64 (0.17-2) ...
2026-10-07T21:24:12.9420448Z #9 11.45 Setting up systemd-sysv (252.39-1~deb12u2) ...
2026-10-07T21:24:12.9420646Z #9 11.45 Setting up libxau6:amd64 (1:1.0.9-1) ...
2026-10-07T21:24:12.9420858Z #9 11.45 Setting up libdouble-conversion3:amd64 (3.2.1-1) ...
2026-10-07T21:24:12.9421078Z #9 11.45 Setting up libkeyutils1:amd64 (1.6.3-2) ...
2026-10-07T21:24:12.9421278Z #9 11.45 Setting up libicu72:amd64 (72.1-3+deb12u1) ...
2026-10-07T21:24:12.9421489Z #9 11.46 Setting up libmpg123-0:amd64 (1.31.2-1+deb12u1) ...
2026-10-07T21:24:12.9421707Z #9 11.46 Setting up libogg0:amd64 (1.3.5-3) ...
2026-10-07T21:24:12.9421897Z #9 11.46 Setting up liblerc4:amd64 (4.0.0+ds-2) ...
2026-10-07T21:24:12.9422096Z #9 11.46 Setting up hicolor-icon-theme (0.17-2) ...
2026-10-07T21:24:12.9422297Z #9 11.47 Setting up libdatrie1:amd64 (0.2.13-2+b1) ...
2026-10-07T21:24:12.9422507Z #9 11.47 Setting up libminizip1:amd64 (1.1-8+deb12u1) ...
2026-10-07T21:24:12.9422724Z #9 11.47 Setting up libglib2.0-0:amd64 (2.74.6-2+deb12u9) ...
2026-10-07T21:24:12.9422924Z #9 11.49 Setting up libglvnd0:amd64 (1.6.0-1) ...
2026-10-07T21:24:12.9423118Z #9 11.50 Setting up libbrotli1:amd64 (1.0.9-2+b6) ...
2026-10-07T21:24:12.9423330Z #9 11.50 Setting up libsqlite3-0:amd64 (3.40.1-2+deb12u2) ...
2026-10-07T21:24:12.9423797Z #9 11.50 Setting up libgdk-pixbuf2.0-common (2.42.10+dfsg-1+deb12u4) ...
2026-10-07T21:24:12.9424162Z #9 11.50 Setting up x11-common (1:7.7+23) ...
2026-10-07T21:24:12.9424360Z #9 11.54 debconf: unable to initialize frontend: Dialog
2026-10-07T21:24:12.9424601Z #9 11.54 debconf: (TERM is not set, so the dialog frontend is not usable.)
2026-10-07T21:24:12.9424919Z #9 11.54 debconf: falling back to frontend: Readline
2026-10-07T21:24:12.9425253Z #9 11.54 debconf: unable to initialize frontend: Readline
2026-10-07T21:24:12.9426406Z #9 11.54 debconf: (Can't locate Term/ReadLine.pm in @INC (you may need to install the Term::ReadLine module) (@INC contains: /etc/perl /usr/local/lib/x86_64-linux-gnu/perl/5.36.0 /usr/local/share/perl/5.36.0 /usr/lib/x86_64-linux-gnu/perl5/5.36 /usr/share/perl5 /usr/lib/x86_64-linux-gnu/perl-base /usr/lib/x86_64-linux-gnu/perl/5.36 /usr/share/perl/5.36 /usr/local/lib/site_perl) at /usr/share/perl5/Debconf/FrontEnd/Readline.pm line 7.)
2026-10-07T21:24:12.9428146Z #9 11.54 debconf: falling back to frontend: Teletype
2026-10-07T21:24:12.9428476Z #9 11.55 invoke-rc.d: could not determine current runlevel
2026-10-07T21:24:13.0435677Z #9 11.55 invoke-rc.d: policy-rc.d denied execution of restart.
2026-10-07T21:24:13.0435979Z #9 11.55 Setting up libsensors-config (1:3.6.0-7.1) ...
2026-10-07T21:24:13.0436205Z #9 11.55 Setting up libdeflate0:amd64 (1.14-1) ...
2026-10-07T21:24:13.0436392Z #9 11.56 Setting up xkb-data (2.35.1-1) ...
2026-10-07T21:24:13.0436579Z #9 11.56 Setting up libjbig0:amd64 (2.1-6.1) ...
2026-10-07T21:24:13.0436946Z #9 11.56 Setting up libcolord2:amd64 (1.4.6-2.2) ...
2026-10-07T21:24:13.0437166Z #9 11.56 Setting up libkrb5support0:amd64 (1.20.1-2+deb12u5) ...
2026-10-07T21:24:13.0437380Z #9 11.56 Setting up libdconf1:amd64 (0.40.0-4) ...
2026-10-07T21:24:13.0437570Z #9 11.56 Setting up libasound2-data (1.2.8-1) ...
2026-10-07T21:24:13.0437769Z #9 11.56 Setting up libfontenc1:amd64 (1:1.1.4-1) ...
2026-10-07T21:24:13.0437962Z #9 11.56 Setting up libz3-4:amd64 (4.8.12-3.1) ...
2026-10-07T21:24:13.0438159Z #9 11.57 Setting up libflac12:amd64 (1.4.2+ds-2) ...
2026-10-07T21:24:13.0438366Z #9 11.57 Setting up libjpeg62-turbo:amd64 (1:2.1.5-2) ...
2026-10-07T21:24:13.0438575Z #9 11.57 Setting up libx11-data (2:1.8.4-2+deb12u2) ...
2026-10-07T21:24:13.0438767Z #9 11.57 Setting up libepoxy0:amd64 (1.5.10-1) ...
2026-10-07T21:24:13.0438956Z #9 11.57 Setting up libnspr4:amd64 (2:4.35-1) ...
2026-10-07T21:24:13.0439177Z #9 11.57 Setting up libavahi-common-data:amd64 (0.8-10+deb12u1) ...
2026-10-07T21:24:13.0439416Z #9 11.57 Setting up libdbus-1-3:amd64 (1.14.10-1~deb12u1) ...
2026-10-07T21:24:13.0439625Z #9 11.57 Setting up libfribidi0:amd64 (1.0.8-2.1) ...
2026-10-07T21:24:13.0439817Z #9 11.58 Setting up libopus0:amd64 (1.3.1-3) ...
2026-10-07T21:24:13.0440008Z #9 11.58 Setting up libproc2-0:amd64 (2:4.0.2-3) ...
2026-10-07T21:24:13.0440214Z #9 11.58 Setting up libpng16-16:amd64 (1.6.39-2+deb12u6) ...
2026-10-07T21:24:13.0440415Z #9 11.58 Setting up libvorbis0a:amd64 (1.3.7-1) ...
2026-10-07T21:24:13.0440609Z #9 11.58 Setting up fonts-dejavu-core (2.37-6) ...
2026-10-07T21:24:13.0440810Z #9 11.59 Setting up libsensors5:amd64 (1:3.6.0-7.1) ...
2026-10-07T21:24:13.0441002Z #9 11.59 Setting up libncursesw6:amd64 (6.4-4) ...
2026-10-07T21:24:13.0441208Z #9 11.59 Setting up libk5crypto3:amd64 (1.20.1-2+deb12u5) ...
2026-10-07T21:24:13.0441419Z #9 11.59 Setting up libdav1d6:amd64 (1.0.0-2+deb12u1) ...
2026-10-07T21:24:13.0441634Z #9 11.59 Setting up libglapi-mesa:amd64 (22.3.6-1+deb12u2) ...
2026-10-07T21:24:13.0441868Z #9 11.59 Setting up libopenh264-7:amd64 (2.3.1+dfsg-3+deb12u2) ...
2026-10-07T21:24:13.0442096Z #9 11.60 Setting up libwebp7:amd64 (1.2.4-0.2+deb12u1) ...
2026-10-07T21:24:13.0448196Z #9 11.60 Setting up libasyncns0:amd64 (0.8-6+b3) ...
2026-10-07T21:24:13.0448424Z #9 11.60 Setting up libxshmfence1:amd64 (1.3-1) ...
2026-10-07T21:24:13.0448625Z #9 11.60 Setting up at-spi2-common (2.46.0-5) ...
2026-10-07T21:24:13.0448831Z #9 11.60 Setting up libtiff6:amd64 (4.5.0-6+deb12u4) ...
2026-10-07T21:24:13.0449196Z #9 11.60 Setting up dbus-session-bus-common (1.14.10-1~deb12u1) ...
2026-10-07T21:24:13.0449414Z #9 11.60 Setting up procps (2:4.0.2-3) ...
2026-10-07T21:24:13.0449609Z #9 11.62 Setting up libasound2:amd64 (1.2.8-1+b1) ...
2026-10-07T21:24:13.0449822Z #9 11.62 Setting up libopenjp2-7:amd64 (2.5.0-2+deb12u3) ...
2026-10-07T21:24:13.0450025Z #9 11.62 Setting up libthai-data (0.1.29-1) ...
2026-10-07T21:24:13.0450221Z #9 11.62 Setting up libatk1.0-0:amd64 (2.46.0-5) ...
2026-10-07T21:24:13.0450426Z #9 11.62 Setting up libkrb5-3:amd64 (1.20.1-2+deb12u5) ...
2026-10-07T21:24:13.0450643Z #9 11.62 Setting up libwayland-egl1:amd64 (1.21.0-1) ...
2026-10-07T21:24:13.0450877Z #9 11.62 Setting up dbus-system-bus-common (1.14.10-1~deb12u1) ...
2026-10-07T21:24:13.0451088Z #9 11.65 Setting up libbsd0:amd64 (0.11.7-2) ...
2026-10-07T21:24:13.1452802Z #9 11.65 Setting up libdrm-common (2.4.114-1) ...
2026-10-07T21:24:13.1453218Z #9 11.65 Setting up libelf1:amd64 (0.188-2.1) ...
2026-10-07T21:24:13.1453610Z #9 11.66 Setting up libxml2:amd64 (2.9.14+dfsg-1.3~deb12u6) ...
2026-10-07T21:24:13.1453998Z #9 11.66 Setting up xdg-utils (1.1.3-4.1) ...
2026-10-07T21:24:13.1454359Z #9 11.66 update-alternatives: using /usr/bin/xdg-open to provide /usr/bin/open (open) in auto mode
2026-10-07T21:24:13.1454972Z #9 11.66 update-alternatives: warning: skip creation of /usr/share/man/man1/open.1.gz because associated file /usr/share/man/man1/xdg-open.1.gz (of link group open) doesn't exist
2026-10-07T21:24:13.1455378Z #9 11.66 Setting up dbus-bin (1.14.10-1~deb12u1) ...
2026-10-07T21:24:13.1455764Z #9 11.66 Setting up libmp3lame0:amd64 (3.100-6) ...
2026-10-07T21:24:13.1455972Z #9 11.71 Setting up libvorbisenc2:amd64 (1.3.7-1) ...
2026-10-07T21:24:13.1456172Z #9 11.71 Setting up libxkbcommon0:amd64 (1.5.0-1) ...
2026-10-07T21:24:13.1456388Z #9 11.71 Setting up libwayland-client0:amd64 (1.21.0-1) ...
2026-10-07T21:24:13.1456600Z #9 11.71 Setting up libice6:amd64 (2:1.0.10-1) ...
2026-10-07T21:24:13.1456796Z #9 11.71 Setting up libxdmcp6:amd64 (1:1.1.2-3) ...
2026-10-07T21:24:13.1456993Z #9 11.71 Setting up libxcb1:amd64 (1.15-1) ...
2026-10-07T21:24:13.1457189Z #9 11.71 Setting up libxcb-xfixes0:amd64 (1.15-1) ...
2026-10-07T21:24:13.1457388Z #9 11.72 Setting up libxcb-render0:amd64 (1.15-1) ...
2026-10-07T21:24:13.1457586Z #9 11.72 Setting up fontconfig-config (2.14.1-4) ...
2026-10-07T21:24:13.1457793Z #9 11.75 debconf: unable to initialize frontend: Dialog
2026-10-07T21:24:13.1458038Z #9 11.75 debconf: (TERM is not set, so the dialog frontend is not usable.)
2026-10-07T21:24:13.1458284Z #9 11.75 debconf: falling back to frontend: Readline
2026-10-07T21:24:13.3854167Z #9 11.75 debconf: unable to initialize frontend: Readline
2026-10-07T21:24:13.3855450Z #9 11.75 debconf: (Can't locate Term/ReadLine.pm in @INC (you may need to install the Term::ReadLine module) (@INC contains: /etc/perl /usr/local/lib/x86_64-linux-gnu/perl/5.36.0 /usr/local/share/perl/5.36.0 /usr/lib/x86_64-linux-gnu/perl5/5.36 /usr/share/perl5 /usr/lib/x86_64-linux-gnu/perl-base /usr/lib/x86_64-linux-gnu/perl/5.36 /usr/share/perl/5.36 /usr/local/lib/site_perl) at /usr/share/perl5/Debconf/FrontEnd/Readline.pm line 7.)
2026-10-07T21:24:13.3856440Z #9 11.75 debconf: falling back to frontend: Teletype
2026-10-07T21:24:13.3856653Z #9 11.81 Setting up libxcb-glx0:amd64 (1.15-1) ...
2026-10-07T21:24:13.3856938Z #9 11.81 Setting up libedit2:amd64 (3.1-20221030-2) ...
2026-10-07T21:24:13.3857156Z #9 11.81 Setting up libxcb-shape0:amd64 (1.15-1) ...
2026-10-07T21:24:13.3857380Z #9 11.81 Setting up libavahi-common3:amd64 (0.8-10+deb12u1) ...
2026-10-07T21:24:13.3857617Z #9 11.81 Setting up libnss3:amd64 (2:3.87.1-1+deb12u4) ...
2026-10-07T21:24:13.3857906Z #9 11.81 Setting up libxcb-shm0:amd64 (1.15-1) ...
2026-10-07T21:24:13.3858111Z #9 11.82 Setting up dbus-daemon (1.14.10-1~deb12u1) ...
2026-10-07T21:24:13.3858317Z #9 11.82 Setting up libxcb-present0:amd64 (1.15-1) ...
2026-10-07T21:24:13.3858515Z #9 11.82 Setting up libthai0:amd64 (0.1.29-1) ...
2026-10-07T21:24:13.3858923Z #9 11.83 Setting up libfreetype6:amd64 (2.12.1+dfsg-5+deb12u4) ...
2026-10-07T21:24:13.3859143Z #9 11.83 Setting up libxcb-sync1:amd64 (1.15-1) ...
2026-10-07T21:24:13.3859378Z #9 11.83 Setting up dbus (1.14.10-1~deb12u1) ...
2026-10-07T21:24:13.3859644Z #9 11.84 invoke-rc.d: could not determine current runlevel
2026-10-07T21:24:13.3859871Z #9 11.84 invoke-rc.d: policy-rc.d denied execution of start.
2026-10-07T21:24:13.3860082Z #9 11.84 Setting up shared-mime-info (2.2-1) ...
2026-10-07T21:24:13.6135725Z #9 12.22 Setting up libgssapi-krb5-2:amd64 (1.20.1-2+deb12u5) ...
2026-10-07T21:24:13.7195523Z #9 12.22 Setting up libxcb-dri2-0:amd64 (1.15-1) ...
2026-10-07T21:24:13.7195957Z #9 12.22 Setting up libdrm2:amd64 (2.4.114-1+b1) ...
2026-10-07T21:24:13.7196200Z #9 12.22 Setting up libwayland-cursor0:amd64 (1.21.0-1) ...
2026-10-07T21:24:13.7196422Z #9 12.23 Setting up libxcb-randr0:amd64 (1.15-1) ...
2026-10-07T21:24:13.7196640Z #9 12.23 Setting up libllvm15:amd64 (1:15.0.6-4+b1) ...
2026-10-07T21:24:13.7196958Z #9 12.23 Setting up libpam-systemd:amd64 (252.39-1~deb12u2) ...
2026-10-07T21:24:13.7197184Z #9 12.26 debconf: unable to initialize frontend: Dialog
2026-10-07T21:24:13.7197428Z #9 12.26 debconf: (TERM is not set, so the dialog frontend is not usable.)
2026-10-07T21:24:13.7197667Z #9 12.26 debconf: falling back to frontend: Readline
2026-10-07T21:24:13.7197881Z #9 12.26 debconf: unable to initialize frontend: Readline
2026-10-07T21:24:13.7198997Z #9 12.26 debconf: (Can't locate Term/ReadLine.pm in @INC (you may need to install the Term::ReadLine module) (@INC contains: /etc/perl /usr/local/lib/x86_64-linux-gnu/perl/5.36.0 /usr/local/share/perl/5.36.0 /usr/lib/x86_64-linux-gnu/perl5/5.36 /usr/share/perl5 /usr/lib/x86_64-linux-gnu/perl-base /usr/lib/x86_64-linux-gnu/perl/5.36 /usr/share/perl/5.36 /usr/local/lib/site_perl) at /usr/share/perl5/Debconf/FrontEnd/Readline.pm line 7.)
2026-10-07T21:24:13.7199991Z #9 12.26 debconf: falling back to frontend: Teletype
2026-10-07T21:24:13.7200212Z #9 12.29 Setting up libx11-6:amd64 (2:1.8.4-2+deb12u2) ...
2026-10-07T21:24:13.7200435Z #9 12.29 Setting up libharfbuzz0b:amd64 (6.0.0+dfsg-3) ...
2026-10-07T21:24:13.7200711Z #9 12.29 Setting up libgdk-pixbuf-2.0-0:amd64 (2.42.10+dfsg-1+deb12u4) ...
2026-10-07T21:24:13.7200975Z #9 12.30 Setting up libfontconfig1:amd64 (2.14.1-4) ...
2026-10-07T21:24:13.7201189Z #9 12.30 Setting up libsndfile1:amd64 (1.2.0-1+deb12u1) ...
2026-10-07T21:24:13.7201410Z #9 12.30 Setting up libxkbfile1:amd64 (1:1.1.0-1) ...
2026-10-07T21:24:13.7201615Z #9 12.30 Setting up libxcomposite1:amd64 (1:0.4.5-1) ...
2026-10-07T21:24:13.7201812Z #9 12.30 Setting up libsm6:amd64 (2:1.2.3-1) ...
2026-10-07T21:24:13.7202024Z #9 12.30 Setting up libavahi-client3:amd64 (0.8-10+deb12u1) ...
2026-10-07T21:24:13.7202238Z #9 12.33 Setting up libxmuu1:amd64 (2:1.1.3-3) ...
2026-10-07T21:24:13.8789921Z #9 12.33 Setting up libdrm-amdgpu1:amd64 (2.4.114-1+b1) ...
2026-10-07T21:24:13.8790223Z #9 12.33 Setting up libxcb-dri3-0:amd64 (1.15-1) ...
2026-10-07T21:24:13.8790520Z #9 12.33 Setting up gtk-update-icon-cache (3.24.38-2~deb12u3) ...
2026-10-07T21:24:13.8790797Z #9 12.33 Setting up libx11-xcb1:amd64 (2:1.8.4-2+deb12u2) ...
2026-10-07T21:24:13.8791030Z #9 12.33 Setting up fontconfig (2.14.1-4) ...
2026-10-07T21:24:15.7342872Z #9 12.33 Regenerating fonts cache... done.
2026-10-07T21:24:15.8549373Z #9 14.34 Setting up libdrm-nouveau2:amd64 (2.4.114-1+b1) ...
2026-10-07T21:24:15.8549682Z #9 14.34 Setting up libxdamage1:amd64 (1:1.1.6-1) ...
2026-10-07T21:24:15.8549910Z #9 14.34 Setting up libxpm4:amd64 (1:3.5.12-1.1+deb12u1) ...
2026-10-07T21:24:15.8550174Z #9 14.34 Setting up libxrender1:amd64 (1:0.9.10-1.1) ...
2026-10-07T21:24:15.8550395Z #9 14.35 Setting up libgbm1:amd64 (22.3.6-1+deb12u2) ...
2026-10-07T21:24:15.8550605Z #9 14.35 Setting up libpulse0:amd64 (16.1+dfsg1-2+b1) ...
2026-10-07T21:24:15.8550820Z #9 14.35 Setting up libdrm-radeon1:amd64 (2.4.114-1+b1) ...
2026-10-07T21:24:15.8551038Z #9 14.35 Setting up libpango-1.0-0:amd64 (1.50.12+ds-1) ...
2026-10-07T21:24:15.8551413Z #9 14.35 Setting up libdrm-intel1:amd64 (2.4.114-1+b1) ...
2026-10-07T21:24:15.8551782Z #9 14.36 Setting up libgl1-mesa-dri:amd64 (22.3.6-1+deb12u2) ...
2026-10-07T21:24:15.8551999Z #9 14.36 Setting up libxext6:amd64 (2:1.3.4-1+b1) ...
2026-10-07T21:24:15.8552199Z #9 14.36 Setting up libcairo2:amd64 (1.16.0-7) ...
2026-10-07T21:24:15.8552399Z #9 14.36 Setting up libxxf86vm1:amd64 (1:1.1.4-1+b2) ...
2026-10-07T21:24:15.8552618Z #9 14.36 Setting up libxnvctrl0:amd64 (525.85.05-3~deb12u1) ...
2026-10-07T21:24:15.8552980Z #9 14.36 Setting up dbus-user-session (1.14.10-1~deb12u1) ...
2026-10-07T21:24:15.8553287Z #9 14.37 Setting up adwaita-icon-theme (43-1) ...
2026-10-07T21:24:15.8553709Z #9 14.40 update-alternatives: using /usr/share/icons/Adwaita/cursor.theme to provide /usr/share/icons/default/index.theme (x-cursor-theme) in auto mode
2026-10-07T21:24:15.8554365Z #9 14.40 Setting up libxfixes3:amd64 (1:6.0.0-2) ...
2026-10-07T21:24:15.8554691Z #9 14.40 Setting up libxinerama1:amd64 (2:1.1.4-3) ...
2026-10-07T21:24:15.8555030Z #9 14.40 Setting up libxv1:amd64 (2:1.0.11-1.1) ...
2026-10-07T21:24:15.8555337Z #9 14.40 Setting up libxrandr2:amd64 (2:1.5.2-2+b1) ...
2026-10-07T21:24:15.8555531Z #9 14.41 Setting up libxt6:amd64 (1:1.2.1-1.1) ...
2026-10-07T21:24:15.8555731Z #9 14.41 Setting up libcups2:amd64 (2.4.2-3+deb12u9) ...
2026-10-07T21:24:15.8555954Z #9 14.41 Setting up libharfbuzz-subset0:amd64 (6.0.0+dfsg-3) ...
2026-10-07T21:24:15.8556180Z #9 14.41 Setting up libcairo-gobject2:amd64 (1.16.0-7) ...
2026-10-07T21:24:15.8556638Z #9 14.41 Setting up libpangoft2-1.0-0:amd64 (1.50.12+ds-1) ...
2026-10-07T21:24:15.8556867Z #9 14.41 Setting up libpangocairo-1.0-0:amd64 (1.50.12+ds-1) ...
2026-10-07T21:24:15.8557073Z #9 14.41 Setting up libxft2:amd64 (2.3.6-1) ...
2026-10-07T21:24:15.8557260Z #9 14.42 Setting up libxmu6:amd64 (2:1.1.3-3) ...
2026-10-07T21:24:15.8557510Z #9 14.42 Setting up libglx-mesa0:amd64 (22.3.6-1+deb12u2) ...
2026-10-07T21:24:15.8557873Z #9 14.42 Setting up libxi6:amd64 (2:1.8-1+b1) ...
2026-10-07T21:24:15.8558103Z #9 14.42 Setting up libglx0:amd64 (1.6.0-1) ...
2026-10-07T21:24:15.8558297Z #9 14.42 Setting up libxtst6:amd64 (2:1.2.3-1.1) ...
2026-10-07T21:24:15.8558498Z #9 14.42 Setting up libxcursor1:amd64 (1:1.2.1-1) ...
2026-10-07T21:24:15.8558715Z #9 14.42 Setting up libxxf86dga1:amd64 (2:1.1.5-1) ...
2026-10-07T21:24:15.8558992Z #9 14.43 Setting up dconf-service (0.40.0-4) ...
2026-10-07T21:24:15.8559302Z #9 14.43 Setting up libxaw7:amd64 (2:1.0.14-1) ...
2026-10-07T21:24:15.8559617Z #9 14.43 Setting up libatspi2.0-0:amd64 (2.46.0-5) ...
2026-10-07T21:24:15.8560035Z #9 14.46 Setting up libatk-bridge2.0-0:amd64 (2.46.0-5) ...
2026-10-07T21:24:16.0346757Z #9 14.46 Setting up libgl1:amd64 (1.6.0-1) ...
2026-10-07T21:24:16.0346983Z #9 14.46 Setting up x11-utils (7.7+5) ...
2026-10-07T21:24:16.0347199Z #9 14.47 Setting up chromium-common (154.0.8037.92-1~deb12u1) ...
2026-10-07T21:24:16.0347448Z #9 14.47 Setting up dconf-gsettings-backend:amd64 (0.40.0-4) ...
2026-10-07T21:24:16.0347701Z #9 14.47 Setting up libgtk-3-common (3.24.38-2~deb12u3) ...
2026-10-07T21:24:16.0347924Z #9 14.47 Setting up libgtk-3-0:amd64 (3.24.38-2~deb12u3) ...
2026-10-07T21:24:16.0348139Z #9 14.48 Setting up chromium (154.0.8037.92-1~deb12u1) ...
2026-10-07T21:24:16.0348485Z #9 14.49 update-alternatives: using /usr/bin/chromium to provide /usr/bin/x-www-browser (x-www-browser) in auto mode
2026-10-07T21:24:16.0348940Z #9 14.49 update-alternatives: using /usr/bin/chromium to provide /usr/bin/gnome-www-browser (gnome-www-browser) in auto mode
2026-10-07T21:24:16.0349292Z #9 14.49 Processing triggers for libc-bin (2.36-9+deb12u14) ...
2026-10-07T21:24:19.3648273Z #9 DONE 18.0s
2026-10-07T21:24:19.4688764Z 
2026-10-07T21:24:19.4689315Z #10 [5/9] COPY package.json pnpm-lock.yaml pnpm-workspace.yaml ./
2026-10-07T21:24:19.4689565Z #10 DONE 0.0s
2026-10-07T21:24:19.4689631Z 
2026-10-07T21:24:19.4689731Z #11 [6/9] RUN pnpm install --frozen-lockfile
2026-10-07T21:24:19.4690346Z #11 0.096 ! Corepack is about to download https://registry.npmjs.org/pnpm/-/pnpm-10.18.3.tgz
2026-10-07T21:24:20.1170077Z #11 0.744 Lockfile is up to date, resolution step is skipped
2026-10-07T21:24:20.3245055Z #11 0.775 Progress: resolved 1, reused 0, downloaded 0, added 0
2026-10-07T21:24:20.3245485Z #11 0.801 Packages: +408
2026-10-07T21:24:20.3245853Z #11 0.801 ++++++++++++++++++++++++++++++++++++++++++++++++++++++++++++++++++++++++++++++++
2026-10-07T21:24:20.3712108Z #11 0.998 
2026-10-07T21:24:20.3714840Z #11 0.998    ╭───────────────────────────────────────────────╮
2026-10-07T21:24:20.3715756Z #11 0.998    │                                               │
2026-10-07T21:24:20.3716331Z #11 0.998    │     Update available! 10.18.3 → 12.10.1.      │
2026-10-07T21:24:20.3716882Z #11 0.998    │     Changelog: https://pnpm.io/v/12.10.1      │
2026-10-07T21:24:20.3717432Z #11 0.998    │   To update, run: corepack use pnpm@12.10.1   │
2026-10-07T21:24:20.3717958Z #11 0.998    │                                               │
2026-10-07T21:24:20.3718535Z #11 0.998    ╰───────────────────────────────────────────────╯
2026-10-07T21:24:20.3718888Z #11 0.998 
2026-10-07T21:24:21.1492450Z #11 1.777 Progress: resolved 408, reused 0, downloaded 248, added 244
2026-10-07T21:24:22.1509899Z #11 2.778 Progress: resolved 408, reused 0, downloaded 374, added 365
2026-10-07T21:24:22.7108776Z #11 3.336 Progress: resolved 408, reused 0, downloaded 408, added 408, done
2026-10-07T21:24:22.8355524Z #11 3.463 .../esbuild@0.28.2/node_modules/esbuild postinstall$ node install.js
2026-10-07T21:24:23.0584277Z #11 3.464 .../esbuild@0.25.12/node_modules/esbuild postinstall$ node install.js
2026-10-07T21:24:23.0584773Z #11 3.490 .../node_modules/@prisma/engines postinstall$ node scripts/postinstall.js
2026-10-07T21:24:23.0585062Z #11 3.507 .../node_modules/workerd postinstall$ node install.js
2026-10-07T21:24:23.0585336Z #11 3.519 .../esbuild@0.28.1/node_modules/esbuild postinstall$ node install.js
2026-10-07T21:24:23.0585605Z #11 3.533 .../esbuild@0.28.2/node_modules/esbuild postinstall: Done
2026-10-07T21:24:23.0585892Z #11 3.536 .../esbuild@0.25.12/node_modules/esbuild postinstall: Done
2026-10-07T21:24:23.6938427Z #11 4.321 .../node_modules/@prisma/engines postinstall: Done
2026-10-07T21:24:23.9520148Z #11 4.580 .../node_modules/workerd postinstall: Done
2026-10-07T21:24:24.0669967Z #11 4.694 .../esbuild@0.28.1/node_modules/esbuild postinstall: Done
2026-10-07T21:24:24.3139697Z #11 4.759 .../node_modules/prisma preinstall$ node scripts/preinstall-entry.js
2026-10-07T21:24:24.3140478Z #11 4.791 .../node_modules/prisma preinstall: Done
2026-10-07T21:24:24.3422754Z #11 4.970 
2026-10-07T21:24:24.3422963Z #11 4.970 dependencies:
2026-10-07T21:24:24.3423154Z #11 4.970 + @cloudflare/containers 0.3.7
2026-10-07T21:24:24.3423333Z #11 4.970 + @supabase/server 1.8.0
2026-10-07T21:24:24.3423604Z #11 4.970 + @supabase/supabase-js 2.117.0
2026-10-07T21:24:24.3423998Z #11 4.970 + @tiptap/extension-collaboration 3.31.3
2026-10-07T21:24:24.3424246Z #11 4.970 + @tiptap/extension-collaboration-caret 3.31.3
2026-10-07T21:24:24.3424488Z #11 4.970 + @tiptap/react 3.31.3
2026-10-07T21:24:24.3424645Z #11 4.970 + @tiptap/starter-kit 3.31.3
2026-10-07T21:24:24.3424815Z #11 4.970 + @vitejs/plugin-react 5.2.0
2026-10-07T21:24:24.3424964Z #11 4.970 + cross-env 10.1.0
2026-10-07T21:24:24.3425151Z #11 4.970 + dotenv 17.4.2
2026-10-07T21:24:24.3425347Z #11 4.970 + esbuild 0.25.12
2026-10-07T21:24:24.3425571Z #11 4.970 + esbuild-wasm 0.25.12
2026-10-07T21:24:24.3425789Z #11 4.970 + express 5.2.1
2026-10-07T21:24:24.3425930Z #11 4.970 + lucide-react 0.468.0
2026-10-07T21:24:24.3426079Z #11 4.970 + react 19.2.8
2026-10-07T21:24:24.3426205Z #11 4.970 + react-dom 19.2.8
2026-10-07T21:24:24.3426330Z #11 4.970 + vite 7.3.6
2026-10-07T21:24:24.3426453Z #11 4.970 + ws 8.21.3
2026-10-07T21:24:24.3426579Z #11 4.970 + y-protocols 1.0.7
2026-10-07T21:24:24.3426707Z #11 4.970 + yjs 13.6.32
2026-10-07T21:24:24.3426817Z #11 4.970 
2026-10-07T21:24:24.3426931Z #11 4.970 devDependencies:
2026-10-07T21:24:24.3427083Z #11 4.970 + @prisma/adapter-pg 7.10.0
2026-10-07T21:24:24.3427412Z #11 4.970 + @prisma/client 7.10.0
2026-10-07T21:24:24.3427561Z #11 4.970 + @types/express 5.0.6
2026-10-07T21:24:24.3427776Z #11 4.970 + @types/node 22.20.1
2026-10-07T21:24:24.3427991Z #11 4.970 + @types/pg 8.23.1
2026-10-07T21:24:24.3428205Z #11 4.970 + @types/react 19.2.18
2026-10-07T21:24:24.3428428Z #11 4.970 + @types/react-dom 19.2.7
2026-10-07T21:24:24.3428636Z #11 4.970 + @types/ws 8.18.1
2026-10-07T21:24:24.3428825Z #11 4.970 + pg 8.23.0
2026-10-07T21:24:24.3429006Z #11 4.970 + prisma 7.10.0
2026-10-07T21:24:24.3429193Z #11 4.970 + tsx 4.23.13
2026-10-07T21:24:24.3429376Z #11 4.970 + typescript 5.9.3
2026-10-07T21:24:24.3429584Z #11 4.970 + wrangler 4.131.1
2026-10-07T21:24:24.3429767Z #11 4.970 
2026-10-07T21:24:24.5797412Z #11 5.057 Done in 4.5s using pnpm v10.18.3
2026-10-07T21:24:27.6424624Z #11 DONE 8.3s
2026-10-07T21:24:27.7823989Z 
2026-10-07T21:24:27.7824610Z #12 [7/9] COPY . .
2026-10-07T21:24:27.7824936Z #12 DONE 0.1s
2026-10-07T21:24:27.9332384Z 
2026-10-07T21:24:27.9332893Z #13 [8/9] RUN pnpm build
2026-10-07T21:24:28.0216607Z #13 0.239 
2026-10-07T21:24:28.0216938Z #13 0.239 > cocreate@1.0.0 build /app
2026-10-07T21:24:28.0217355Z #13 0.239 > tsc --noEmit && vite build --configLoader runner
2026-10-07T21:24:28.0217644Z #13 0.239 
2026-10-07T21:24:33.0438482Z #13 5.261 vite v7.3.6 building client environment for production...
2026-10-07T21:24:33.2344768Z #13 5.301 transforming...
2026-10-07T21:24:35.2765843Z #13 7.494 ✓ 1749 modules transformed.
2026-10-07T21:24:35.4481853Z #13 7.665 rendering chunks...
2026-10-07T21:24:35.5858606Z #13 7.803 computing gzip size...
2026-10-07T21:24:35.6862722Z #13 7.817 dist/index.html                             0.44 kB │ gzip:   0.30 kB
2026-10-07T21:24:35.6863138Z #13 7.817 dist/assets/App-BqUO_rW7.css                2.56 kB │ gzip:   0.85 kB
2026-10-07T21:24:35.6863536Z #13 7.817 dist/assets/LandingPage-CNj4pefA.css       13.13 kB │ gzip:   2.95 kB
2026-10-07T21:24:35.6864051Z #13 7.817 dist/assets/index-cyLHvudv.css             75.38 kB │ gzip:  14.48 kB
2026-10-07T21:24:35.6864392Z #13 7.817 dist/assets/users-BIdyuxqP.js               0.69 kB │ gzip:   0.39 kB
2026-10-07T21:24:35.6864717Z #13 7.817 dist/assets/createLucideIcon-DcEYS1mU.js    0.89 kB │ gzip:   0.55 kB
2026-10-07T21:24:35.6865102Z #13 7.817 dist/assets/x-DO2zMSIY.js                   1.70 kB │ gzip:   0.78 kB
2026-10-07T21:24:35.6865554Z #13 7.817 dist/assets/LandingPage-DCr6qHiF.js        15.33 kB │ gzip:   4.92 kB
2026-10-07T21:24:35.6866106Z #13 7.817 dist/assets/ProjectApp-DXmAqhy1.js         29.68 kB │ gzip:   9.01 kB
2026-10-07T21:24:35.6866609Z #13 7.817 dist/assets/index-BPNFqXSv.js             421.95 kB │ gzip: 121.32 kB
2026-10-07T21:24:35.6867120Z #13 7.817 dist/assets/App-DhzRZNRs.js               583.75 kB │ gzip: 185.76 kB
2026-10-07T21:24:35.6867388Z #13 7.817 
2026-10-07T21:24:35.6867609Z #13 7.817 (!) Some chunks are larger than 500 kB after minification. Consider:
2026-10-07T21:24:35.6867881Z #13 7.817 - Using dynamic import() to code-split the application
2026-10-07T21:24:35.6868392Z #13 7.817 - Use build.rollupOptions.output.manualChunks to improve chunking: https://rollupjs.org/configuration-options/#output-manualchunks
2026-10-07T21:24:35.6868856Z #13 7.817 - Adjust chunk size limit for this warning via build.chunkSizeWarningLimit.
2026-10-07T21:24:35.6869137Z #13 7.817 ✓ built in 2.54s
2026-10-07T21:24:35.6869264Z #13 DONE 7.9s
2026-10-07T21:24:35.8371917Z 
2026-10-07T21:24:35.8372876Z #14 [9/9] RUN pnpm exec tsx scripts/prepare-isolation.ts --files-only && mkdir -p /app/data /app/generated && chown -R node:node /app/.runtime /app/data /app/generated
2026-10-07T21:24:36.0570020Z #14 0.370 {"policy":"isolated-compile-v1","platform":"linux","scope":"Trusted files prepared; kernel boundary not exercised"}
2026-10-07T21:24:36.2706048Z #14 DONE 0.4s
2026-10-07T21:24:36.2734393Z 
2026-10-07T21:24:36.2734761Z #15 exporting to image
2026-10-07T21:24:36.2735012Z #15 exporting layers
2026-10-07T21:24:40.3576122Z #15 exporting layers 4.2s done
2026-10-07T21:24:40.3719710Z #15 writing image sha256:f1ee9bf3494226444c04bf2719a89f58b565b05104b7055c56e26c614d866ef3 done
2026-10-07T21:24:40.3720236Z #15 naming to docker.io/library/cocreate-check done
2026-10-07T21:24:40.3720500Z #15 DONE 4.2s
2026-10-07T21:24:40.3722669Z 
2026-10-07T21:24:40.3723234Z  [33m4 warnings found (use docker --debug to expand):
2026-10-07T21:24:40.3724078Z [0m - SecretsUsedInArgOrEnv: Do not use ARG or ENV instructions for sensitive data (ARG "VITE_SUPABASE_PUBLISHABLE_KEY") (line 14)
2026-10-07T21:24:40.3724583Z  - SecretsUsedInArgOrEnv: Do not use ARG or ENV instructions for sensitive data (ENV "VITE_COCREATE_AUTH_MODE") (line 15)
2026-10-07T21:24:40.3725018Z  - SecretsUsedInArgOrEnv: Do not use ARG or ENV instructions for sensitive data (ENV "VITE_SUPABASE_PUBLISHABLE_KEY") (line 18)
2026-10-07T21:24:40.3725442Z  - SecretsUsedInArgOrEnv: Do not use ARG or ENV instructions for sensitive data (ARG "VITE_COCREATE_AUTH_MODE") (line 11)
2026-10-07T21:24:40.3809824Z ##[group]Run docker run --rm --network none --cap-drop ALL --security-opt no-new-privileges --security-opt seccomp=unconfined --security-opt apparmor=unconfined --security-opt systempaths=unconfined --memory 1g --memory-swap 1g --pids-limit 256 cocreate-check node --import tsx scripts/prepare-isolation.ts
2026-10-07T21:24:40.3810930Z [36;1mdocker run --rm --network none --cap-drop ALL --security-opt no-new-privileges --security-opt seccomp=unconfined --security-opt apparmor=unconfined --security-opt systempaths=unconfined --memory 1g --memory-swap 1g --pids-limit 256 cocreate-check node --import tsx scripts/prepare-isolation.ts[0m
2026-10-07T21:24:40.3841073Z shell: /usr/bin/bash -e {0}
2026-10-07T21:24:40.3841212Z env:
2026-10-07T21:24:40.3841353Z   PNPM_HOME: /home/runner/setup-pnpm/node_modules/.bin
2026-10-07T21:24:40.3841517Z ##[endgroup]
2026-10-07T21:24:40.5658153Z {"policy":"isolated-compile-v1","platform":"linux","scope":"Actual OS boundary preflight passed; no inference"}
2026-10-07T21:24:40.6023697Z ##[group]Run docker run --rm --network none --cap-drop ALL --security-opt no-new-privileges --security-opt seccomp=unconfined --security-opt apparmor=unconfined --security-opt systempaths=unconfined --memory 1g --memory-swap 1g --pids-limit 256 cocreate-check node --import tsx --input-type=module -e 'import {assertVerificationBrowserAvailable} from "./server/isolation/browser.ts"; await assertVerificationBrowserAvailable(); console.log("Actual Linux browser boundary passed; no inference");'
2026-10-07T21:24:40.6025766Z [36;1mdocker run --rm --network none --cap-drop ALL --security-opt no-new-privileges --security-opt seccomp=unconfined --security-opt apparmor=unconfined --security-opt systempaths=unconfined --memory 1g --memory-swap 1g --pids-limit 256 cocreate-check node --import tsx --input-type=module -e 'import {assertVerificationBrowserAvailable} from "./server/isolation/browser.ts"; await assertVerificationBrowserAvailable(); console.log("Actual Linux browser boundary passed; no inference");'[0m
2026-10-07T21:24:40.6054834Z shell: /usr/bin/bash -e {0}
2026-10-07T21:24:40.6054963Z env:
2026-10-07T21:24:40.6055098Z   PNPM_HOME: /home/runner/setup-pnpm/node_modules/.bin
2026-10-07T21:24:40.6055262Z ##[endgroup]
2026-10-07T21:24:40.9635101Z /app/server/isolation/browser.ts:11
2026-10-07T21:24:40.9636130Z const unavailable = () => new IsolationError('isolation_unavailable', 'Isolated verification browser is unavailable. Prepare the verification runtime, then explicitly retry; the previous artifact is retained.');
2026-10-07T21:24:40.9636886Z                           ^
2026-10-07T21:24:40.9637017Z 
2026-10-07T21:24:40.9637571Z IsolationError: Isolated verification browser is unavailable. Prepare the verification runtime, then explicitly retry; the previous artifact is retained.
2026-10-07T21:24:40.9638218Z     at unavailable (/app/server/isolation/browser.ts:11:27)
2026-10-07T21:24:40.9638636Z     at Socket.<anonymous> (/app/server/isolation/browser.ts:62:47)
2026-10-07T21:24:40.9638981Z     at Socket.emit (node:events:519:28)
2026-10-07T21:24:40.9639277Z     at emitErrorNT (node:internal/streams/destroy:170:8)
2026-10-07T21:24:40.9639637Z     at emitErrorCloseNT (node:internal/streams/destroy:129:3)
2026-10-07T21:24:40.9640076Z     at process.processTicksAndRejections (node:internal/process/task_queues:89:21) {
2026-10-07T21:24:40.9640462Z   code: 'isolation_unavailable',
2026-10-07T21:24:40.9640767Z   cause: { exitCode: 133, phase: 'cleanup', diagnostic: '' }
2026-10-07T21:24:40.9641043Z }
2026-10-07T21:24:40.9641128Z 
2026-10-07T21:24:40.9641212Z Node.js v22.23.3
2026-10-07T21:24:40.9923827Z ##[error]Process completed with exit code 1.
2026-10-07T21:24:40.9956740Z ##[group]Run docker run --rm --network none --cap-drop ALL --security-opt no-new-privileges --security-opt seccomp=unconfined --security-opt apparmor=unconfined --security-opt systempaths=unconfined --memory 1g --memory-swap 1g --pids-limit 256 cocreate-check node --import tsx scripts/diagnose-linux-browser.ts
2026-10-07T21:24:40.9957793Z [36;1mdocker run --rm --network none --cap-drop ALL --security-opt no-new-privileges --security-opt seccomp=unconfined --security-opt apparmor=unconfined --security-opt systempaths=unconfined --memory 1g --memory-swap 1g --pids-limit 256 cocreate-check node --import tsx scripts/diagnose-linux-browser.ts[0m
2026-10-07T21:24:40.9986809Z shell: /usr/bin/bash -e {0}
2026-10-07T21:24:40.9986939Z env:
2026-10-07T21:24:40.9987072Z   PNPM_HOME: /home/runner/setup-pnpm/node_modules/.bin
2026-10-07T21:24:40.9987238Z ##[endgroup]
2026-10-07T21:24:41.2740310Z {"scope":"Trusted version metadata only","addressSpace":2147483648,"status":133,"signal":null,"stdout":"","stderr":""}
2026-10-07T21:24:41.2978310Z {"scope":"Trusted version metadata only","addressSpace":"CI cgroup only","status":0,"signal":null,"stdout":"Chromium 154.0.8037.92 \n","stderr":""}
2026-10-07T21:24:41.3368124Z ##[group]Run docker run --rm --network none --cap-drop ALL --security-opt no-new-privileges --security-opt seccomp=unconfined --security-opt apparmor=unconfined --security-opt systempaths=unconfined --memory 1g --memory-swap 1g --pids-limit 256 cocreate-check node --import tsx --test --test-concurrency=1 tests/generated-isolation.test.ts
2026-10-07T21:24:41.3369282Z [36;1mdocker run --rm --network none --cap-drop ALL --security-opt no-new-privileges --security-opt seccomp=unconfined --security-opt apparmor=unconfined --security-opt systempaths=unconfined --memory 1g --memory-swap 1g --pids-limit 256 cocreate-check node --import tsx --test --test-concurrency=1 tests/generated-isolation.test.ts[0m
2026-10-07T21:24:41.3398643Z shell: /usr/bin/bash -e {0}
2026-10-07T21:24:41.3398782Z env:
2026-10-07T21:24:41.3398920Z   PNPM_HOME: /home/runner/setup-pnpm/node_modules/.bin
2026-10-07T21:24:41.3399085Z ##[endgroup]
2026-10-07T21:24:41.4154532Z TAP version 13
2026-10-07T21:24:44.1392049Z # Subtest: ordinary compilation runs in the real OS boundary and never evaluates candidate top-level code
2026-10-07T21:24:44.1396952Z ok 1 - ordinary compilation runs in the real OS boundary and never evaluates candidate top-level code
2026-10-07T21:24:44.1397287Z   ---
2026-10-07T21:24:44.1397437Z   duration_ms: 2618.029396
2026-10-07T21:24:44.1397584Z   type: 'test'
2026-10-07T21:24:44.1397706Z   ...
2026-10-07T21:24:44.1721984Z # Subtest: OS boundary without Node permissions denies an existing private host file, writes and live loopback network
2026-10-07T21:24:44.1731108Z not ok 2 - OS boundary without Node permissions denies an existing private host file, writes and live loopback network
2026-10-07T21:24:44.1731605Z   ---
2026-10-07T21:24:44.1731777Z   duration_ms: 35.847435
2026-10-07T21:24:44.1731962Z   type: 'test'
2026-10-07T21:24:44.1732226Z   location: '/app/tests/generated-isolation.test.ts:1:1550'
2026-10-07T21:24:44.1732561Z   failureType: 'testCodeFailure'
2026-10-07T21:24:44.1732833Z   error: 'Missing expected exception.'
2026-10-07T21:24:44.1733079Z   code: 'ERR_ASSERTION'
2026-10-07T21:24:44.1733292Z   name: 'AssertionError'
2026-10-07T21:24:44.1733488Z   expected:
2026-10-07T21:24:44.1733663Z     code: 'ESRCH'
2026-10-07T21:24:44.1733853Z   operator: 'throws'
2026-10-07T21:24:44.1734184Z   stack: |-
2026-10-07T21:24:44.1734443Z     noChild (/app/tests/generated-isolation.test.ts:13:37)
2026-10-07T21:24:44.1735060Z     TestContext.<anonymous> (/app/tests/generated-isolation.test.ts:33:94)
2026-10-07T21:24:44.1735527Z     async Test.run (node:internal/test_runner/test:1054:7)
2026-10-07T21:24:44.1736007Z     async Test.processPendingSubtests (node:internal/test_runner/test:744:7)
2026-10-07T21:24:44.1736391Z   ...
2026-10-07T21:24:44.2099130Z # Subtest: restricted process strips injection/secrets and denies subprocesses, workers and cross-workspace reads
2026-10-07T21:24:44.2099714Z not ok 3 - restricted process strips injection/secrets and denies subprocesses, workers and cross-workspace reads
2026-10-07T21:24:44.2100015Z   ---
2026-10-07T21:24:44.2100157Z   duration_ms: 33.63092
2026-10-07T21:24:44.2100298Z   type: 'test'
2026-10-07T21:24:44.2100493Z   location: '/app/tests/generated-isolation.test.ts:1:2983'
2026-10-07T21:24:44.2100709Z   failureType: 'testCodeFailure'
2026-10-07T21:24:44.2100894Z   error: 'Missing expected exception.'
2026-10-07T21:24:44.2101066Z   code: 'ERR_ASSERTION'
2026-10-07T21:24:44.2101209Z   name: 'AssertionError'
2026-10-07T21:24:44.2101350Z   expected:
2026-10-07T21:24:44.2101473Z     code: 'ESRCH'
2026-10-07T21:24:44.2101605Z   operator: 'throws'
2026-10-07T21:24:44.2101729Z   stack: |-
2026-10-07T21:24:44.2101910Z     noChild (/app/tests/generated-isolation.test.ts:13:37)
2026-10-07T21:24:44.2102417Z     TestContext.<anonymous> (/app/tests/generated-isolation.test.ts:44:82)
2026-10-07T21:24:44.2102690Z     async Test.run (node:internal/test_runner/test:1054:7)
2026-10-07T21:24:44.2103114Z     async Test.processPendingSubtests (node:internal/test_runner/test:744:7)
2026-10-07T21:24:44.2103325Z   ...
2026-10-07T21:24:47.5929237Z # Subtest: candidate imports cannot read absolute files, traverse workspaces or download packages/styles
2026-10-07T21:24:47.5930299Z ok 4 - candidate imports cannot read absolute files, traverse workspaces or download packages/styles
2026-10-07T21:24:47.5930618Z   ---
2026-10-07T21:24:47.5930743Z   duration_ms: 3387.949179
2026-10-07T21:24:47.5930877Z   type: 'test'
2026-10-07T21:24:47.5930992Z   ...
2026-10-07T21:24:48.5980132Z # Subtest: wall timeout terminates a running child and cleans its private input
2026-10-07T21:24:48.5980700Z not ok 5 - wall timeout terminates a running child and cleans its private input
2026-10-07T21:24:48.5981020Z   ---
2026-10-07T21:24:48.5981240Z   duration_ms: 1005.302247
2026-10-07T21:24:48.5981443Z   type: 'test'
2026-10-07T21:24:48.5981709Z   location: '/app/tests/generated-isolation.test.ts:1:4981'
2026-10-07T21:24:48.5982011Z   failureType: 'testCodeFailure'
2026-10-07T21:24:48.5982285Z   error: 'Missing expected exception.'
2026-10-07T21:24:48.5982515Z   code: 'ERR_ASSERTION'
2026-10-07T21:24:48.5982713Z   name: 'AssertionError'
2026-10-07T21:24:48.5982897Z   expected:
2026-10-07T21:24:48.5983064Z     code: 'ESRCH'
2026-10-07T21:24:48.5983247Z   operator: 'throws'
2026-10-07T21:24:48.5983441Z   stack: |-
2026-10-07T21:24:48.5983696Z     noChild (/app/tests/generated-isolation.test.ts:13:37)
2026-10-07T21:24:48.5984195Z     TestContext.<anonymous> (/app/tests/generated-isolation.test.ts:58:18)
2026-10-07T21:24:48.5984501Z     async Test.run (node:internal/test_runner/test:1054:7)
2026-10-07T21:24:48.5984765Z     async Test.processPendingSubtests (node:internal/test_runner/test:744:7)
2026-10-07T21:24:48.5985031Z   ...
2026-10-07T21:24:48.6017039Z # Subtest: cancellation waits for real child termination and cleanup; pre-abort starts nothing
2026-10-07T21:24:48.6017915Z not ok 6 - cancellation waits for real child termination and cleanup; pre-abort starts nothing
2026-10-07T21:24:48.6018333Z   ---
2026-10-07T21:24:48.6018556Z   duration_ms: 3.969512
2026-10-07T21:24:48.6018756Z   type: 'test'
2026-10-07T21:24:48.6019045Z   location: '/app/tests/generated-isolation.test.ts:1:5270'
2026-10-07T21:24:48.6019267Z   failureType: 'testCodeFailure'
2026-10-07T21:24:48.6019437Z   error: 'Missing expected exception.'
2026-10-07T21:24:48.6019592Z   code: 'ERR_ASSERTION'
2026-10-07T21:24:48.6019721Z   name: 'AssertionError'
2026-10-07T21:24:48.6019847Z   expected:
2026-10-07T21:24:48.6019956Z     code: 'ESRCH'
2026-10-07T21:24:48.6020073Z   operator: 'throws'
2026-10-07T21:24:48.6020190Z   stack: |-
2026-10-07T21:24:48.6020359Z     noChild (/app/tests/generated-isolation.test.ts:13:37)
2026-10-07T21:24:48.6020621Z     TestContext.<anonymous> (/app/tests/generated-isolation.test.ts:64:18)
2026-10-07T21:24:48.6020883Z     async Test.run (node:internal/test_runner/test:1054:7)
2026-10-07T21:24:48.6021270Z     async Test.processPendingSubtests (node:internal/test_runner/test:744:7)
2026-10-07T21:24:48.6021570Z   ...
2026-10-07T21:24:48.8612663Z # Subtest: memory exhaustion cannot escape the OS bound and leaves no child work
2026-10-07T21:24:48.8615029Z not ok 7 - memory exhaustion cannot escape the OS bound and leaves no child work
2026-10-07T21:24:48.8615562Z   ---
2026-10-07T21:24:48.8615764Z   duration_ms: 258.634631
2026-10-07T21:24:48.8615950Z   type: 'test'
2026-10-07T21:24:48.8616161Z   location: '/app/tests/generated-isolation.test.ts:1:5801'
2026-10-07T21:24:48.8616402Z   failureType: 'testCodeFailure'
2026-10-07T21:24:48.8616601Z   error: 'Missing expected exception.'
2026-10-07T21:24:48.8616777Z   code: 'ERR_ASSERTION'
2026-10-07T21:24:48.8616934Z   name: 'AssertionError'
2026-10-07T21:24:48.8617071Z   expected:
2026-10-07T21:24:48.8617381Z     code: 'ESRCH'
2026-10-07T21:24:48.8617513Z   operator: 'throws'
2026-10-07T21:24:48.8617662Z   stack: |-
2026-10-07T21:24:48.8617856Z     noChild (/app/tests/generated-isolation.test.ts:13:37)
2026-10-07T21:24:48.8618295Z     TestContext.<anonymous> (/app/tests/generated-isolation.test.ts:71:81)
2026-10-07T21:24:48.8618591Z     async Test.run (node:internal/test_runner/test:1054:7)
2026-10-07T21:24:48.8618881Z     async Test.processPendingSubtests (node:internal/test_runner/test:744:7)
2026-10-07T21:24:48.8619100Z   ...
2026-10-07T21:24:48.8619346Z # Subtest: unavailable isolation fails explicitly and cannot fall back to host compilation
2026-10-07T21:24:48.8619733Z ok 8 - unavailable isolation fails explicitly and cannot fall back to host compilation
2026-10-07T21:24:48.8619987Z   ---
2026-10-07T21:24:48.8620112Z   duration_ms: 0.581135
2026-10-07T21:24:48.8620255Z   type: 'test'
2026-10-07T21:24:48.8620391Z   ...
2026-10-07T21:24:58.8668867Z # Subtest: CPU bound stops a busy child before the longer wall deadline
2026-10-07T21:24:58.8669261Z not ok 9 - CPU bound stops a busy child before the longer wall deadline
2026-10-07T21:24:58.8669562Z   ---
2026-10-07T21:24:58.8669731Z   duration_ms: 10005.147423
2026-10-07T21:24:58.8669926Z   type: 'test'
2026-10-07T21:24:58.8670193Z   location: '/app/tests/generated-isolation.test.ts:1:6668'
2026-10-07T21:24:58.8670492Z   failureType: 'testCodeFailure'
2026-10-07T21:24:58.8670735Z   error: 'Missing expected exception.'
2026-10-07T21:24:58.8670930Z   code: 'ERR_ASSERTION'
2026-10-07T21:24:58.8671061Z   name: 'AssertionError'
2026-10-07T21:24:58.8671183Z   expected:
2026-10-07T21:24:58.8671287Z     code: 'ESRCH'
2026-10-07T21:24:58.8671398Z   operator: 'throws'
2026-10-07T21:24:58.8671509Z   stack: |-
2026-10-07T21:24:58.8671666Z     noChild (/app/tests/generated-isolation.test.ts:13:37)
2026-10-07T21:24:58.8671914Z     TestContext.<anonymous> (/app/tests/generated-isolation.test.ts:96:71)
2026-10-07T21:24:58.8672158Z     async Test.run (node:internal/test_runner/test:1054:7)
2026-10-07T21:24:58.8672408Z     async Test.processPendingSubtests (node:internal/test_runner/test:744:7)
2026-10-07T21:24:58.8672610Z   ...
2026-10-07T21:24:58.9511994Z # Subtest: untrusted output is bounded before it reaches application memory or artifacts
2026-10-07T21:24:58.9512744Z not ok 10 - untrusted output is bounded before it reaches application memory or artifacts
2026-10-07T21:24:58.9513104Z   ---
2026-10-07T21:24:58.9513280Z   duration_ms: 85.940993
2026-10-07T21:24:58.9513476Z   type: 'test'
2026-10-07T21:24:58.9513743Z   location: '/app/tests/generated-isolation.test.ts:1:7534'
2026-10-07T21:24:58.9514211Z   failureType: 'testCodeFailure'
2026-10-07T21:24:58.9514468Z   error: 'Missing expected exception.'
2026-10-07T21:24:58.9514701Z   code: 'ERR_ASSERTION'
2026-10-07T21:24:58.9514892Z   name: 'AssertionError'
2026-10-07T21:24:58.9515076Z   expected:
2026-10-07T21:24:58.9515240Z     code: 'ESRCH'
2026-10-07T21:24:58.9515422Z   operator: 'throws'
2026-10-07T21:24:58.9515604Z   stack: |-
2026-10-07T21:24:58.9515877Z     noChild (/app/tests/generated-isolation.test.ts:13:37)
2026-10-07T21:24:58.9516287Z     TestContext.<anonymous> (/app/tests/generated-isolation.test.ts:102:18)
2026-10-07T21:24:58.9516677Z     async Test.run (node:internal/test_runner/test:1054:7)
2026-10-07T21:24:58.9517083Z     async Test.processPendingSubtests (node:internal/test_runner/test:744:7)
2026-10-07T21:24:58.9517403Z   ...
2026-10-07T21:24:58.9602945Z 1..10
2026-10-07T21:24:58.9604112Z # tests 10
2026-10-07T21:24:58.9604285Z # suites 0
2026-10-07T21:24:58.9604504Z # pass 3
2026-10-07T21:24:58.9604660Z # fail 7
2026-10-07T21:24:58.9606968Z # cancelled 0
2026-10-07T21:24:58.9607320Z # skipped 0
2026-10-07T21:24:58.9607613Z # todo 0
2026-10-07T21:24:58.9607940Z # duration_ms 17551.147968
2026-10-07T21:24:59.0935366Z ##[error]Process completed with exit code 1.
2026-10-07T21:24:59.0989696Z Post job cleanup.
2026-10-07T21:24:59.1880900Z Pruning is unnecessary.
2026-10-07T21:24:59.1984354Z Post job cleanup.
2026-10-07T21:24:59.2514094Z [command]/usr/bin/git version
2026-10-07T21:24:59.2539095Z git version 2.55.0
2026-10-07T21:24:59.2559699Z Temporarily overriding HOME='/home/runner/work/_temp/7af88eec-8442-4473-ab90-f7c76aba7163' before making global git config changes
2026-10-07T21:24:59.2560471Z Adding repository directory to the temporary git global config as a safe directory
2026-10-07T21:24:59.2563231Z [command]/usr/bin/git config --global --add safe.directory /home/runner/work/Cocreate/Cocreate
2026-10-07T21:24:59.2586511Z [command]/usr/bin/git config --local --name-only --get-regexp core\.sshCommand
2026-10-07T21:24:59.2605603Z [command]/usr/bin/git submodule foreach --recursive sh -c "git config --local --name-only --get-regexp 'core\.sshCommand' && git config --local --unset-all 'core.sshCommand' || :"
2026-10-07T21:24:59.2721102Z [command]/usr/bin/git config --local --name-only --get-regexp http\.https\:\/\/github\.com\/\.extraheader
2026-10-07T21:24:59.2753330Z http.https://github.com/.extraheader
2026-10-07T21:24:59.2754357Z [command]/usr/bin/git config --local --unset-all http.https://github.com/.extraheader
2026-10-07T21:24:59.2775429Z [command]/usr/bin/git submodule foreach --recursive sh -c "git config --local --name-only --get-regexp 'http\.https\:\/\/github\.com\/\.extraheader' && git config --local --unset-all 'http.https://github.com/.extraheader' || :"
2026-10-07T21:24:59.2905181Z [command]/usr/bin/git config --local --name-only --get-regexp ^includeIf\.gitdir:
2026-10-07T21:24:59.2938099Z [command]/usr/bin/git submodule foreach --recursive git config --local --show-origin --name-only --get-regexp remote.origin.url
2026-10-07T21:24:59.3190079Z Cleaning up orphan processes
2026-10-07T21:24:59.3364428Z ##[warning]Node.js 20 is deprecated. The following actions target Node.js 20 but are being forced to run on Node.js 24: actions/checkout@11d5960a326750d5838078e36cf38b85af677262, actions/setup-node@49933ea5288caeca8642d1e84afbd3f7d6820020, pnpm/action-setup@f40ffcd9367d9f12939873eb1018b921a783ffaa. For more information see: https://github.blog/changelog/2025-09-19-deprecation-of-node-20-on-github-actions-runners/
