2026-10-08T12:54:02.2115922Z Current runner version: '2.337.0'
2026-10-08T12:54:02.2133887Z ##[group]Runner Image Provisioner
2026-10-08T12:54:02.2134463Z Hosted Compute Agent
2026-10-08T12:54:02.2134798Z Version: 20261002.596
2026-10-08T12:54:02.2135167Z Commit: c3d12f3313a95f25162a1503be624f3b0617f8c0
2026-10-08T12:54:02.2135606Z Build Date: 2026-10-02T22:28:27Z
2026-10-08T12:54:02.2135998Z Worker ID: {f5006b22-6278-49b7-b90f-1fb69355fb75}
2026-10-08T12:54:02.2136399Z Region: centralus
2026-10-08T12:54:02.2136726Z Cloud: Azure
2026-10-08T12:54:02.2137029Z ##[endgroup]
2026-10-08T12:54:02.2137801Z ##[group]Operating System
2026-10-08T12:54:02.2138148Z Ubuntu
2026-10-08T12:54:02.2138433Z 22.04.5
2026-10-08T12:54:02.2138761Z LTS
2026-10-08T12:54:02.2139062Z ##[endgroup]
2026-10-08T12:54:02.2139588Z ##[group]Runner Image
2026-10-08T12:54:02.2139914Z Image: ubuntu-22.04
2026-10-08T12:54:02.2140230Z Version: 20261004.315.1
2026-10-08T12:54:02.2141151Z Included Software: https://github.com/actions/runner-images/blob/ubuntu22/20261004.315/images/ubuntu/Ubuntu2204-Readme.md
2026-10-08T12:54:02.2142024Z Image Release: https://github.com/actions/runner-images/releases/tag/ubuntu22%2F20261004.315
2026-10-08T12:54:02.2142573Z ##[endgroup]
2026-10-08T12:54:02.2143219Z ##[group]GITHUB_TOKEN Permissions
2026-10-08T12:54:02.2144506Z Contents: read
2026-10-08T12:54:02.2144822Z Metadata: read
2026-10-08T12:54:02.2145197Z ##[endgroup]
2026-10-08T12:54:02.2146530Z Secret source: Actions
2026-10-08T12:54:02.2147095Z Cache mode: write
2026-10-08T12:54:02.2147495Z Prepare workflow directory
2026-10-08T12:54:02.2352663Z Prepare all required actions
2026-10-08T12:54:02.2385507Z Getting action download info
2026-10-08T12:54:02.4983233Z Download action repository 'actions/checkout@11d5960a326750d5838078e36cf38b85af677262' (SHA:11d5960a326750d5838078e36cf38b85af677262)
2026-10-08T12:54:02.5656329Z Download action repository 'pnpm/action-setup@f40ffcd9367d9f12939873eb1018b921a783ffaa' (SHA:f40ffcd9367d9f12939873eb1018b921a783ffaa)
2026-10-08T12:54:03.0461937Z Download action repository 'actions/setup-node@49933ea5288caeca8642d1e84afbd3f7d6820020' (SHA:49933ea5288caeca8642d1e84afbd3f7d6820020)
2026-10-08T12:54:03.2133444Z Complete job name: verify
2026-10-08T12:54:03.2602444Z ##[group]Run actions/checkout@11d5960a326750d5838078e36cf38b85af677262
2026-10-08T12:54:03.2602983Z with:
2026-10-08T12:54:03.2603223Z   repository: DD7780/Cocreate
2026-10-08T12:54:03.2605285Z   token: ***
2026-10-08T12:54:03.2605520Z   ssh-strict: true
2026-10-08T12:54:03.2605761Z   ssh-user: git
2026-10-08T12:54:03.2606008Z   persist-credentials: true
2026-10-08T12:54:03.2606275Z   clean: true
2026-10-08T12:54:03.2606523Z   sparse-checkout-cone-mode: true
2026-10-08T12:54:03.2606813Z   fetch-depth: 1
2026-10-08T12:54:03.2607052Z   fetch-tags: false
2026-10-08T12:54:03.2607296Z   show-progress: true
2026-10-08T12:54:03.2607542Z   lfs: false
2026-10-08T12:54:03.2607768Z   submodules: false
2026-10-08T12:54:03.2608018Z   set-safe-directory: true
2026-10-08T12:54:03.2608294Z   allow-unsafe-pr-checkout: false
2026-10-08T12:54:03.2608667Z ##[endgroup]
2026-10-08T12:54:03.3249234Z Syncing repository: DD7780/Cocreate
2026-10-08T12:54:03.3251119Z ##[group]Getting Git version info
2026-10-08T12:54:03.3251883Z Working directory is '/home/runner/work/Cocreate/Cocreate'
2026-10-08T12:54:03.3252878Z [command]/usr/bin/git version
2026-10-08T12:54:03.3263151Z git version 2.55.0
2026-10-08T12:54:03.3278153Z ##[endgroup]
2026-10-08T12:54:03.3288306Z Temporarily overriding HOME='/home/runner/work/_temp/e2ad1bfa-8155-49b2-895b-5ed348ebe132' before making global git config changes
2026-10-08T12:54:03.3289617Z Adding repository directory to the temporary git global config as a safe directory
2026-10-08T12:54:03.3297743Z [command]/usr/bin/git config --global --add safe.directory /home/runner/work/Cocreate/Cocreate
2026-10-08T12:54:03.3324910Z Deleting the contents of '/home/runner/work/Cocreate/Cocreate'
2026-10-08T12:54:03.3328915Z ##[group]Initializing the repository
2026-10-08T12:54:03.3332796Z [command]/usr/bin/git init /home/runner/work/Cocreate/Cocreate
2026-10-08T12:54:03.3411901Z hint: Using 'master' as the name for the initial branch. This default branch name
2026-10-08T12:54:03.3413273Z hint: will change to "main" in Git 3.0. To configure the initial branch name
2026-10-08T12:54:03.3415917Z hint: to use in all of your new repositories, which will suppress this warning,
2026-10-08T12:54:03.3417195Z hint: call:
2026-10-08T12:54:03.3417646Z hint:
2026-10-08T12:54:03.3418202Z hint: 	git config --global init.defaultBranch <name>
2026-10-08T12:54:03.3418821Z hint:
2026-10-08T12:54:03.3419998Z hint: Names commonly chosen instead of 'master' are 'main', 'trunk' and
2026-10-08T12:54:03.3421143Z hint: 'development'. The just-created branch can be renamed via this command:
2026-10-08T12:54:03.3421899Z hint:
2026-10-08T12:54:03.3422368Z hint: 	git branch -m <name>
2026-10-08T12:54:03.3422858Z hint:
2026-10-08T12:54:03.3423466Z hint: Disable this message with "git config set advice.defaultBranchName false"
2026-10-08T12:54:03.3424596Z Initialized empty Git repository in /home/runner/work/Cocreate/Cocreate/.git/
2026-10-08T12:54:03.3426403Z [command]/usr/bin/git remote add origin https://github.com/DD7780/Cocreate
2026-10-08T12:54:03.3447233Z ##[endgroup]
2026-10-08T12:54:03.3447909Z ##[group]Disabling automatic garbage collection
2026-10-08T12:54:03.3450340Z [command]/usr/bin/git config --local gc.auto 0
2026-10-08T12:54:03.3475116Z ##[endgroup]
2026-10-08T12:54:03.3475766Z ##[group]Setting up auth
2026-10-08T12:54:03.3480547Z [command]/usr/bin/git config --local --name-only --get-regexp core\.sshCommand
2026-10-08T12:54:03.3501814Z [command]/usr/bin/git submodule foreach --recursive sh -c "git config --local --name-only --get-regexp 'core\.sshCommand' && git config --local --unset-all 'core.sshCommand' || :"
2026-10-08T12:54:03.3690269Z [command]/usr/bin/git config --local --name-only --get-regexp http\.https\:\/\/github\.com\/\.extraheader
2026-10-08T12:54:03.3715785Z [command]/usr/bin/git submodule foreach --recursive sh -c "git config --local --name-only --get-regexp 'http\.https\:\/\/github\.com\/\.extraheader' && git config --local --unset-all 'http.https://github.com/.extraheader' || :"
2026-10-08T12:54:03.3839714Z [command]/usr/bin/git config --local --name-only --get-regexp ^includeIf\.gitdir:
2026-10-08T12:54:03.3860156Z [command]/usr/bin/git submodule foreach --recursive git config --local --show-origin --name-only --get-regexp remote.origin.url
2026-10-08T12:54:03.3972763Z [command]/usr/bin/git config --local http.https://github.com/.extraheader AUTHORIZATION: basic ***
2026-10-08T12:54:03.3997613Z ##[endgroup]
2026-10-08T12:54:03.4003718Z ##[group]Fetching the repository
2026-10-08T12:54:03.4004562Z [command]/usr/bin/git -c protocol.version=2 fetch --no-tags --prune --no-recurse-submodules --depth=1 origin +7bec2f14914411f9e33e98923bf3dee58c7661b1:refs/remotes/origin/codex/prelaunch-beta
2026-10-08T12:54:04.4361706Z From https://github.com/DD7780/Cocreate
2026-10-08T12:54:04.4363617Z  * [new ref]         7bec2f14914411f9e33e98923bf3dee58c7661b1 -> origin/codex/prelaunch-beta
2026-10-08T12:54:04.4366562Z ##[endgroup]
2026-10-08T12:54:04.4367503Z ##[group]Determining the checkout info
2026-10-08T12:54:04.4368668Z ##[endgroup]
2026-10-08T12:54:04.4369505Z [command]/usr/bin/git sparse-checkout disable
2026-10-08T12:54:04.4398573Z [command]/usr/bin/git config --local --unset-all extensions.worktreeConfig
2026-10-08T12:54:04.4419789Z ##[group]Checking out the ref
2026-10-08T12:54:04.4423127Z [command]/usr/bin/git checkout --progress --force -B codex/prelaunch-beta refs/remotes/origin/codex/prelaunch-beta
2026-10-08T12:54:04.4956396Z Switched to a new branch 'codex/prelaunch-beta'
2026-10-08T12:54:04.4957946Z branch 'codex/prelaunch-beta' set up to track 'origin/codex/prelaunch-beta'.
2026-10-08T12:54:04.4961242Z ##[endgroup]
2026-10-08T12:54:04.4986084Z [command]/usr/bin/git log -1 --format=%H
2026-10-08T12:54:04.5000103Z 7bec2f14914411f9e33e98923bf3dee58c7661b1
2026-10-08T12:54:04.5286146Z ##[group]Run pnpm/action-setup@f40ffcd9367d9f12939873eb1018b921a783ffaa
2026-10-08T12:54:04.5287372Z with:
2026-10-08T12:54:04.5287914Z   version: 10.18.3
2026-10-08T12:54:04.5288504Z   dest: ~/setup-pnpm
2026-10-08T12:54:04.5289104Z   run_install: null
2026-10-08T12:54:04.5289705Z   cache: false
2026-10-08T12:54:04.5290315Z   cache_dependency_path: pnpm-lock.yaml
2026-10-08T12:54:04.5291253Z   package_json_file: package.json
2026-10-08T12:54:04.5291966Z   standalone: false
2026-10-08T12:54:04.5292542Z ##[endgroup]
2026-10-08T12:54:04.6165583Z ##[group]Running self-installer...
2026-10-08T12:54:04.8783673Z (node:1829) [DEP0169] DeprecationWarning: `url.parse()` behavior is not standardized and prone to errors that have security implications. Use the WHATWG URL API instead. CVEs are not issued for `url.parse()` vulnerabilities.
2026-10-08T12:54:04.8784802Z (Use `node --trace-deprecation ...` to show where the warning was created)
2026-10-08T12:54:05.0820065Z Progress: resolved 1, reused 0, downloaded 0, added 0
2026-10-08T12:54:05.0876812Z Packages: +1
2026-10-08T12:54:05.0877380Z +
2026-10-08T12:54:05.3767839Z Progress: resolved 1, reused 0, downloaded 1, added 1, done
2026-10-08T12:54:05.4014066Z 
2026-10-08T12:54:05.4014563Z dependencies:
2026-10-08T12:54:05.4014837Z + pnpm 10.18.3 (12.10.1 is available)
2026-10-08T12:54:05.4014980Z 
2026-10-08T12:54:05.4031854Z Done in 660ms
2026-10-08T12:54:05.4138577Z ##[endgroup]
2026-10-08T12:54:05.4139018Z Installation Completed!
2026-10-08T12:54:05.4276335Z ##[group]Run actions/setup-node@49933ea5288caeca8642d1e84afbd3f7d6820020
2026-10-08T12:54:05.4276589Z with:
2026-10-08T12:54:05.4276711Z   node-version: 22
2026-10-08T12:54:05.4276831Z   cache: pnpm
2026-10-08T12:54:05.4276950Z   always-auth: false
2026-10-08T12:54:05.4277076Z   check-latest: false
2026-10-08T12:54:05.4278383Z   token: ***
2026-10-08T12:54:05.4278529Z env:
2026-10-08T12:54:05.4278707Z   PNPM_HOME: /home/runner/setup-pnpm/node_modules/.bin
2026-10-08T12:54:05.4278889Z ##[endgroup]
2026-10-08T12:54:05.5305593Z Found in cache @ /opt/hostedtoolcache/node/22.23.3/x64
2026-10-08T12:54:05.5309816Z (node:1843) [DEP0040] DeprecationWarning: The `punycode` module is deprecated. Please use a userland alternative instead.
2026-10-08T12:54:05.5310508Z (Use `node --trace-deprecation ...` to show where the warning was created)
2026-10-08T12:54:05.5311555Z ##[group]Environment details
2026-10-08T12:54:05.7544549Z node: v22.23.3
2026-10-08T12:54:05.7544852Z npm: 10.9.9
2026-10-08T12:54:05.7545152Z yarn: 1.22.22
2026-10-08T12:54:05.7545717Z ##[endgroup]
2026-10-08T12:54:05.7573960Z [command]/home/runner/setup-pnpm/node_modules/.bin/pnpm store path --silent
2026-10-08T12:54:05.9819288Z /home/runner/setup-pnpm/node_modules/.bin/store/v10
2026-10-08T12:54:06.1583742Z pnpm cache is not found
2026-10-08T12:54:06.1668861Z ##[group]Run pnpm install --frozen-lockfile
2026-10-08T12:54:06.1669144Z [36;1mpnpm install --frozen-lockfile[0m
2026-10-08T12:54:06.1908547Z shell: /usr/bin/bash -e {0}
2026-10-08T12:54:06.1908818Z env:
2026-10-08T12:54:06.1909003Z   PNPM_HOME: /home/runner/setup-pnpm/node_modules/.bin
2026-10-08T12:54:06.1909230Z ##[endgroup]
2026-10-08T12:54:06.4131115Z Lockfile is up to date, resolution step is skipped
2026-10-08T12:54:06.4540545Z Progress: resolved 1, reused 0, downloaded 0, added 0
2026-10-08T12:54:06.4852221Z Packages: +408
2026-10-08T12:54:06.4852992Z ++++++++++++++++++++++++++++++++++++++++++++++++++++++++++++++++++++++++++++++++
2026-10-08T12:54:07.4623059Z Progress: resolved 408, reused 0, downloaded 250, added 246
2026-10-08T12:54:08.4543003Z Progress: resolved 408, reused 0, downloaded 349, added 347
2026-10-08T12:54:09.4522409Z Progress: resolved 408, reused 0, downloaded 408, added 408, done
2026-10-08T12:54:09.5388424Z .../node_modules/@prisma/engines postinstall$ node scripts/postinstall.js
2026-10-08T12:54:09.5576594Z .../esbuild@0.28.2/node_modules/esbuild postinstall$ node install.js
2026-10-08T12:54:09.5585148Z .../esbuild@0.25.12/node_modules/esbuild postinstall$ node install.js
2026-10-08T12:54:09.5590258Z .../esbuild@0.28.1/node_modules/esbuild postinstall$ node install.js
2026-10-08T12:54:09.5766343Z .../node_modules/workerd postinstall$ node install.js
2026-10-08T12:54:09.6533140Z .../esbuild@0.28.2/node_modules/esbuild postinstall: Done
2026-10-08T12:54:09.6853813Z .../esbuild@0.25.12/node_modules/esbuild postinstall: Done
2026-10-08T12:54:09.7853077Z .../esbuild@0.28.1/node_modules/esbuild postinstall: Done
2026-10-08T12:54:10.7663888Z .../node_modules/@prisma/engines postinstall: Done
2026-10-08T12:54:10.7827221Z .../node_modules/workerd postinstall: Done
2026-10-08T12:54:11.1330253Z .../node_modules/prisma preinstall$ node scripts/preinstall-entry.js
2026-10-08T12:54:11.1761329Z .../node_modules/prisma preinstall: Done
2026-10-08T12:54:11.3850371Z 
2026-10-08T12:54:11.3851609Z dependencies:
2026-10-08T12:54:11.3852021Z + @cloudflare/containers 0.3.7
2026-10-08T12:54:11.3853275Z + @supabase/server 1.8.0
2026-10-08T12:54:11.3853594Z + @supabase/supabase-js 2.117.0
2026-10-08T12:54:11.3853910Z + @tiptap/extension-collaboration 3.31.3
2026-10-08T12:54:11.3854294Z + @tiptap/extension-collaboration-caret 3.31.3
2026-10-08T12:54:11.3854889Z + @tiptap/react 3.31.3
2026-10-08T12:54:11.3855174Z + @tiptap/starter-kit 3.31.3
2026-10-08T12:54:11.3855420Z + @vitejs/plugin-react 5.2.0
2026-10-08T12:54:11.3855642Z + cross-env 10.1.0
2026-10-08T12:54:11.3855821Z + dotenv 17.4.2
2026-10-08T12:54:11.3855999Z + esbuild 0.25.12
2026-10-08T12:54:11.3856133Z + esbuild-wasm 0.25.12
2026-10-08T12:54:11.3856273Z + express 5.2.1
2026-10-08T12:54:11.3856618Z + lucide-react 0.468.0
2026-10-08T12:54:11.3856757Z + react 19.2.8
2026-10-08T12:54:11.3856877Z + react-dom 19.2.8
2026-10-08T12:54:11.3856997Z + vite 7.3.6
2026-10-08T12:54:11.3857112Z + ws 8.21.3
2026-10-08T12:54:11.3857247Z + y-protocols 1.0.7
2026-10-08T12:54:11.3857364Z + yjs 13.6.32
2026-10-08T12:54:11.3857436Z 
2026-10-08T12:54:11.3857489Z devDependencies:
2026-10-08T12:54:11.3857631Z + @prisma/adapter-pg 7.10.0
2026-10-08T12:54:11.3857782Z + @prisma/client 7.10.0
2026-10-08T12:54:11.3857923Z + @types/express 5.0.6
2026-10-08T12:54:11.3858059Z + @types/node 22.20.1
2026-10-08T12:54:11.3858189Z + @types/pg 8.23.1
2026-10-08T12:54:11.3858312Z + @types/react 19.2.18
2026-10-08T12:54:11.3858447Z + @types/react-dom 19.2.7
2026-10-08T12:54:11.3858581Z + @types/ws 8.18.1
2026-10-08T12:54:11.3858698Z + pg 8.23.0
2026-10-08T12:54:11.3858808Z + prisma 7.10.0
2026-10-08T12:54:11.3858921Z + tsx 4.23.13
2026-10-08T12:54:11.3859045Z + typescript 5.9.3
2026-10-08T12:54:11.3859166Z + wrangler 4.131.1
2026-10-08T12:54:11.3859237Z 
2026-10-08T12:54:11.4654861Z Done in 5.2s using pnpm v10.18.3
2026-10-08T12:54:11.4868410Z ##[group]Run pnpm check:boundaries
2026-10-08T12:54:11.4868651Z [36;1mpnpm check:boundaries[0m
2026-10-08T12:54:11.4907982Z shell: /usr/bin/bash -e {0}
2026-10-08T12:54:11.4908550Z env:
2026-10-08T12:54:11.4908702Z   PNPM_HOME: /home/runner/setup-pnpm/node_modules/.bin
2026-10-08T12:54:11.4911190Z ##[endgroup]
2026-10-08T12:54:11.6523930Z 
2026-10-08T12:54:11.6524724Z > cocreate@1.0.0 check:boundaries /home/runner/work/Cocreate/Cocreate
2026-10-08T12:54:11.6525113Z > tsx scripts/codebase-audit.ts --check
2026-10-08T12:54:11.6525226Z 
2026-10-08T12:54:12.6881723Z Audited 143 files; 1 static candidates; 0 boundary violations.
2026-10-08T12:54:12.6882805Z Jev: 0 physical requests, 0 input tokens with known usage, known-usage estimate $0.000000; unknown requests retain their reservation.
2026-10-08T12:54:12.6883422Z Report: artifacts/codebase-audit/report.json
2026-10-08T12:54:12.7093269Z ##[group]Run pnpm build
2026-10-08T12:54:12.7093436Z [36;1mpnpm build[0m
2026-10-08T12:54:12.7123350Z shell: /usr/bin/bash -e {0}
2026-10-08T12:54:12.7123502Z env:
2026-10-08T12:54:12.7123647Z   PNPM_HOME: /home/runner/setup-pnpm/node_modules/.bin
2026-10-08T12:54:12.7123828Z ##[endgroup]
2026-10-08T12:54:12.8809735Z 
2026-10-08T12:54:12.8810562Z > cocreate@1.0.0 build /home/runner/work/Cocreate/Cocreate
2026-10-08T12:54:12.8811715Z > tsc --noEmit && vite build --configLoader runner
2026-10-08T12:54:12.8812041Z 
2026-10-08T12:54:18.0540581Z [36mvite v7.3.6 [32mbuilding client environment for production...[36m[39m
2026-10-08T12:54:18.0967439Z transforming...
2026-10-08T12:54:20.4072800Z [32m✓[39m 1749 modules transformed.
2026-10-08T12:54:20.5877974Z rendering chunks...
2026-10-08T12:54:20.7325279Z computing gzip size...
2026-10-08T12:54:20.7468169Z [2mdist/[22m[32mindex.html                           [39m[1m[2m  0.44 kB[22m[1m[22m[2m │ gzip:   0.30 kB[22m
2026-10-08T12:54:20.7469232Z [2mdist/[22m[2massets/[22m[35mApp-BqUO_rW7.css              [39m[1m[2m  2.56 kB[22m[1m[22m[2m │ gzip:   0.85 kB[22m
2026-10-08T12:54:20.7470122Z [2mdist/[22m[2massets/[22m[35mLandingPage-CNj4pefA.css      [39m[1m[2m 13.13 kB[22m[1m[22m[2m │ gzip:   2.95 kB[22m
2026-10-08T12:54:20.7471157Z [2mdist/[22m[2massets/[22m[35mindex-cyLHvudv.css            [39m[1m[2m 75.38 kB[22m[1m[22m[2m │ gzip:  14.48 kB[22m
2026-10-08T12:54:20.7471793Z [33m
2026-10-08T12:54:20.7472158Z (!) Some chunks are larger than 500 kB after minification. Consider:
2026-10-08T12:54:20.7472609Z - Using dynamic import() to code-split the application
2026-10-08T12:54:20.7473361Z - Use build.rollupOptions.output.manualChunks to improve chunking: https://rollupjs.org/configuration-options/#output-manualchunks
2026-10-08T12:54:20.7474174Z - Adjust chunk size limit for this warning via build.chunkSizeWarningLimit.[39m
2026-10-08T12:54:20.7474904Z [2mdist/[22m[2massets/[22m[36musers-S0nR_fpD.js             [39m[1m[2m  0.69 kB[22m[1m[22m[2m │ gzip:   0.39 kB[22m
2026-10-08T12:54:20.7475754Z [2mdist/[22m[2massets/[22m[36mcreateLucideIcon-DS0f-70M.js  [39m[1m[2m  0.89 kB[22m[1m[22m[2m │ gzip:   0.55 kB[22m
2026-10-08T12:54:20.7476544Z [2mdist/[22m[2massets/[22m[36mx-CYlEPbUI.js                 [39m[1m[2m  1.70 kB[22m[1m[22m[2m │ gzip:   0.78 kB[22m
2026-10-08T12:54:20.7477317Z [2mdist/[22m[2massets/[22m[36mLandingPage-CklZAjP2.js       [39m[1m[2m 15.33 kB[22m[1m[22m[2m │ gzip:   4.92 kB[22m
2026-10-08T12:54:20.7478193Z [2mdist/[22m[2massets/[22m[36mProjectApp-CEhcL8gy.js        [39m[1m[2m 29.68 kB[22m[1m[22m[2m │ gzip:   9.01 kB[22m
2026-10-08T12:54:20.7479068Z [2mdist/[22m[2massets/[22m[36mindex-5SCWldx6.js             [39m[1m[2m421.72 kB[22m[1m[22m[2m │ gzip: 121.23 kB[22m
2026-10-08T12:54:20.7479931Z [2mdist/[22m[2massets/[22m[36mApp-thYYHyMP.js               [39m[1m[33m583.75 kB[39m[22m[2m │ gzip: 185.76 kB[22m
2026-10-08T12:54:20.7480470Z [32m✓ built in 2.68s[39m
2026-10-08T12:54:20.7836589Z ##[group]Run node --input-type=module <<'NODE'
2026-10-08T12:54:20.7836823Z [36;1mnode --input-type=module <<'NODE'[0m
2026-10-08T12:54:20.7836983Z [36;1mimport fs from 'node:fs';[0m
2026-10-08T12:54:20.7837177Z [36;1mimport {spawnSync} from 'node:child_process';[0m
2026-10-08T12:54:20.7837449Z [36;1mconst {image_vars} = JSON.parse(fs.readFileSync('wrangler.jsonc', 'utf8')).containers[0];[0m
2026-10-08T12:54:20.7837837Z [36;1mconst names = ['VITE_COCREATE_AUTH_MODE', 'VITE_COCREATE_APP_ORIGIN', 'VITE_SUPABASE_URL', 'VITE_SUPABASE_PUBLISHABLE_KEY'];[0m
2026-10-08T12:54:20.7838174Z [36;1mconst args = ['build', '--tag', 'cocreate-check'];[0m
2026-10-08T12:54:20.7838362Z [36;1mfor (const name of names) {[0m
2026-10-08T12:54:20.7838618Z [36;1m  if (typeof image_vars[name] !== 'string') throw new Error(`Missing public build variable: ${name}`);[0m
2026-10-08T12:54:20.7838917Z [36;1m  args.push('--build-arg', `${name}=${image_vars[name]}`);[0m
2026-10-08T12:54:20.7839116Z [36;1m}[0m
2026-10-08T12:54:20.7839292Z [36;1mconst result = spawnSync('docker', [...args, '.'], {stdio: 'inherit'});[0m
2026-10-08T12:54:20.7839517Z [36;1mif (result.error) throw result.error;[0m
2026-10-08T12:54:20.7839686Z [36;1mprocess.exit(result.status ?? 1);[0m
2026-10-08T12:54:20.7839843Z [36;1mNODE[0m
2026-10-08T12:54:20.7870857Z shell: /usr/bin/bash -e {0}
2026-10-08T12:54:20.7871101Z env:
2026-10-08T12:54:20.7871249Z   PNPM_HOME: /home/runner/setup-pnpm/node_modules/.bin
2026-10-08T12:54:20.7871528Z ##[endgroup]
2026-10-08T12:54:21.1688382Z #0 building with "default" instance using docker driver
2026-10-08T12:54:21.1688600Z 
2026-10-08T12:54:21.1688736Z #1 [internal] load build definition from Dockerfile
2026-10-08T12:54:21.1689127Z #1 transferring dockerfile: 1.37kB done
2026-10-08T12:54:21.1689283Z #1 DONE 0.0s
2026-10-08T12:54:21.1689350Z 
2026-10-08T12:54:21.1689479Z #2 [auth] library/node:pull token for registry-1.docker.io
2026-10-08T12:54:21.1689661Z #2 DONE 0.0s
2026-10-08T12:54:21.1689765Z 
2026-10-08T12:54:21.1689916Z #3 [internal] load metadata for docker.io/library/node:22-bookworm-slim
2026-10-08T12:54:21.4927451Z #3 DONE 0.6s
2026-10-08T12:54:21.6038721Z 
2026-10-08T12:54:21.6039144Z #4 [internal] load .dockerignore
2026-10-08T12:54:21.6039400Z #4 transferring context: 248B done
2026-10-08T12:54:21.6039564Z #4 DONE 0.0s
2026-10-08T12:54:21.6039634Z 
2026-10-08T12:54:21.6039712Z #5 [internal] load build context
2026-10-08T12:54:21.6039891Z #5 transferring context: 19.94MB 0.1s done
2026-10-08T12:54:21.6040074Z #5 DONE 0.1s
2026-10-08T12:54:21.6040142Z 
2026-10-08T12:54:21.6040503Z #6 [ 1/11] FROM docker.io/library/node:22-bookworm-slim@sha256:c3de60bf2f9dd0ac6370e6117950ff62d6e339527e7472301c9c78a017978392
2026-10-08T12:54:21.6041399Z #6 resolve docker.io/library/node:22-bookworm-slim@sha256:c3de60bf2f9dd0ac6370e6117950ff62d6e339527e7472301c9c78a017978392 done
2026-10-08T12:54:21.6042116Z #6 sha256:c3de60bf2f9dd0ac6370e6117950ff62d6e339527e7472301c9c78a017978392 5.22kB / 5.22kB done
2026-10-08T12:54:21.6042759Z #6 sha256:efd0ab5780c2d9ab1f0f869571a00d5edb17793bff4cce4a2792e3eb0ffc7562 1.93kB / 1.93kB done
2026-10-08T12:54:21.6043157Z #6 sha256:d0a16be756b6ec6658aecb8b7bcf87fa6c7d0d7fcc6ca53ad14bb49a4c90bdd7 6.77kB / 6.77kB done
2026-10-08T12:54:21.6043549Z #6 sha256:7fd1ebe418b5079d4aa36f416af9b143d127bc75b0155d71cb5fd559b5e04d39 0B / 28.25MB 0.1s
2026-10-08T12:54:21.6043925Z #6 sha256:f0400f4b55b0ad346bf6167a1b64a258e4d73db608c457798ce35e4ffeebfaaf 0B / 3.31kB 0.1s
2026-10-08T12:54:21.6044305Z #6 sha256:d22c69a95cf463f4cb74462bd2899597ce505d82bd4c01ceddf7845e12f13856 0B / 49.84MB 0.1s
2026-10-08T12:54:21.7050680Z #6 sha256:7fd1ebe418b5079d4aa36f416af9b143d127bc75b0155d71cb5fd559b5e04d39 28.25MB / 28.25MB 0.2s
2026-10-08T12:54:21.7051907Z #6 sha256:f0400f4b55b0ad346bf6167a1b64a258e4d73db608c457798ce35e4ffeebfaaf 3.31kB / 3.31kB 0.1s done
2026-10-08T12:54:21.7052667Z #6 sha256:d22c69a95cf463f4cb74462bd2899597ce505d82bd4c01ceddf7845e12f13856 4.19MB / 49.84MB 0.2s
2026-10-08T12:54:21.7054284Z #6 sha256:2cfab517365cfc6b4bd1f8c4cb01754884ef75bc38758b3c41e291c696f019f5 1.05MB / 1.71MB 0.2s
2026-10-08T12:54:21.9042162Z #6 sha256:d22c69a95cf463f4cb74462bd2899597ce505d82bd4c01ceddf7845e12f13856 49.84MB / 49.84MB 0.4s
2026-10-08T12:54:21.9042653Z #6 sha256:2cfab517365cfc6b4bd1f8c4cb01754884ef75bc38758b3c41e291c696f019f5 1.71MB / 1.71MB 0.4s
2026-10-08T12:54:22.1036925Z #6 sha256:7fd1ebe418b5079d4aa36f416af9b143d127bc75b0155d71cb5fd559b5e04d39 28.25MB / 28.25MB 0.5s done
2026-10-08T12:54:22.1037770Z #6 sha256:d22c69a95cf463f4cb74462bd2899597ce505d82bd4c01ceddf7845e12f13856 49.84MB / 49.84MB 0.6s done
2026-10-08T12:54:22.1038552Z #6 sha256:2cfab517365cfc6b4bd1f8c4cb01754884ef75bc38758b3c41e291c696f019f5 1.71MB / 1.71MB 0.6s done
2026-10-08T12:54:22.1039285Z #6 sha256:a8de9fa052209313d8e45435a8486e29b20eebaa820e2e7f63a7c3c94b4fa567 0B / 448B 0.6s
2026-10-08T12:54:22.2037227Z #6 sha256:a8de9fa052209313d8e45435a8486e29b20eebaa820e2e7f63a7c3c94b4fa567 448B / 448B 0.6s done
2026-10-08T12:54:22.2037786Z #6 extracting sha256:7fd1ebe418b5079d4aa36f416af9b143d127bc75b0155d71cb5fd559b5e04d39
2026-10-08T12:54:22.7594001Z #6 extracting sha256:7fd1ebe418b5079d4aa36f416af9b143d127bc75b0155d71cb5fd559b5e04d39 0.5s done
2026-10-08T12:54:22.7594462Z #6 extracting sha256:f0400f4b55b0ad346bf6167a1b64a258e4d73db608c457798ce35e4ffeebfaaf done
2026-10-08T12:54:26.6034988Z #6 extracting sha256:d22c69a95cf463f4cb74462bd2899597ce505d82bd4c01ceddf7845e12f13856
2026-10-08T12:54:27.4089728Z #6 extracting sha256:d22c69a95cf463f4cb74462bd2899597ce505d82bd4c01ceddf7845e12f13856 0.7s done
2026-10-08T12:54:28.0923984Z #6 extracting sha256:2cfab517365cfc6b4bd1f8c4cb01754884ef75bc38758b3c41e291c696f019f5
2026-10-08T12:54:28.3061260Z #6 extracting sha256:2cfab517365cfc6b4bd1f8c4cb01754884ef75bc38758b3c41e291c696f019f5 0.0s done
2026-10-08T12:54:28.3062105Z #6 extracting sha256:a8de9fa052209313d8e45435a8486e29b20eebaa820e2e7f63a7c3c94b4fa567 done
2026-10-08T12:54:28.3062534Z #6 DONE 6.7s
2026-10-08T12:54:28.3062647Z 
2026-10-08T12:54:28.3062796Z #7 [ 2/11] WORKDIR /app
2026-10-08T12:54:28.3063007Z #7 DONE 0.0s
2026-10-08T12:54:28.3063115Z 
2026-10-08T12:54:28.3063243Z #8 [ 3/11] RUN corepack enable
2026-10-08T12:54:28.3063474Z #8 DONE 0.1s
2026-10-08T12:54:28.4569706Z 
2026-10-08T12:54:28.4570604Z #9 [ 4/11] RUN apt-get update && apt-get install -y --no-install-recommends bubblewrap util-linux chromium tini && rm -rf /var/lib/apt/lists/*
2026-10-08T12:54:28.4851817Z #9 0.178 Get:1 http://deb.debian.org/debian bookworm InRelease [151 kB]
2026-10-08T12:54:28.6109017Z #9 0.206 Get:2 http://deb.debian.org/debian bookworm-updates InRelease [55.4 kB]
2026-10-08T12:54:28.6109726Z #9 0.216 Get:3 http://deb.debian.org/debian-security bookworm-security InRelease [34.8 kB]
2026-10-08T12:54:28.6110335Z #9 0.241 Get:4 http://deb.debian.org/debian bookworm/main amd64 Packages [8790 kB]
2026-10-08T12:54:28.6111064Z #9 0.304 Get:5 http://deb.debian.org/debian bookworm-updates/main amd64 Packages [6924 B]
2026-10-08T12:54:28.7621396Z #9 0.305 Get:6 http://deb.debian.org/debian-security bookworm-security/main amd64 Packages [349 kB]
2026-10-08T12:54:29.2218549Z #9 0.915 Fetched 9388 kB in 1s (12.2 MB/s)
2026-10-08T12:54:29.5142811Z #9 0.915 Reading package lists...
2026-10-08T12:54:29.8450401Z #9 1.218 Reading package lists...
2026-10-08T12:54:29.9527636Z #9 1.545 Building dependency tree...
2026-10-08T12:54:29.9528039Z #9 1.646 Reading state information...
2026-10-08T12:54:30.1963944Z #9 1.738 util-linux is already the newest version (2.38.1-5+deb12u3).
2026-10-08T12:54:30.1964297Z #9 1.738 util-linux set to manually installed.
2026-10-08T12:54:30.1964558Z #9 1.738 The following additional packages will be installed:
2026-10-08T12:54:30.1964906Z #9 1.738   adwaita-icon-theme at-spi2-common chromium-common dbus dbus-bin dbus-daemon
2026-10-08T12:54:30.4836357Z #9 1.738   dbus-session-bus-common dbus-system-bus-common dbus-user-session
2026-10-08T12:54:30.4837178Z #9 1.738   dconf-gsettings-backend dconf-service dmsetup fontconfig fontconfig-config
2026-10-08T12:54:30.4838483Z #9 1.738   fonts-dejavu-core gtk-update-icon-cache hicolor-icon-theme libapparmor1
2026-10-08T12:54:30.4839224Z #9 1.738   libargon2-1 libasound2 libasound2-data libasyncns0 libatk-bridge2.0-0
2026-10-08T12:54:30.4839812Z #9 1.738   libatk1.0-0 libatspi2.0-0 libavahi-client3 libavahi-common-data
2026-10-08T12:54:30.4840477Z #9 1.738   libavahi-common3 libbrotli1 libbsd0 libcairo-gobject2 libcairo2 libcolord2
2026-10-08T12:54:30.4841325Z #9 1.739   libcryptsetup12 libcups2 libdatrie1 libdav1d6 libdbus-1-3 libdconf1
2026-10-08T12:54:30.4842020Z #9 1.739   libdeflate0 libdevmapper1.02.1 libdouble-conversion3 libdrm-amdgpu1
2026-10-08T12:54:30.4842739Z #9 1.739   libdrm-common libdrm-intel1 libdrm-nouveau2 libdrm-radeon1 libdrm2 libedit2
2026-10-08T12:54:30.4843481Z #9 1.739   libelf1 libepoxy0 libexpat1 libfdisk1 libflac12 libfontconfig1 libfontenc1
2026-10-08T12:54:30.4844138Z #9 1.739   libfreetype6 libfribidi0 libgbm1 libgdk-pixbuf-2.0-0 libgdk-pixbuf2.0-common
2026-10-08T12:54:30.4844736Z #9 1.739   libgl1 libgl1-mesa-dri libglapi-mesa libglib2.0-0 libglvnd0 libglx-mesa0
2026-10-08T12:54:30.4845287Z #9 1.739   libglx0 libgraphite2-3 libgssapi-krb5-2 libgtk-3-0 libgtk-3-common
2026-10-08T12:54:30.4845834Z #9 1.739   libharfbuzz-subset0 libharfbuzz0b libice6 libicu72 libip4tc2 libjbig0
2026-10-08T12:54:30.4846396Z #9 1.739   libjpeg62-turbo libjson-c5 libk5crypto3 libkeyutils1 libkmod2 libkrb5-3
2026-10-08T12:54:30.4846951Z #9 1.739   libkrb5support0 liblcms2-2 liblerc4 libllvm15 libminizip1 libmp3lame0
2026-10-08T12:54:30.4847791Z #9 1.739   libmpg123-0 libncursesw6 libnspr4 libnss3 libogg0 libopenh264-7 libopenjp2-7
2026-10-08T12:54:30.4848393Z #9 1.739   libopus0 libpam-systemd libpango-1.0-0 libpangocairo-1.0-0 libpangoft2-1.0-0
2026-10-08T12:54:30.4849014Z #9 1.739   libpciaccess0 libpixman-1-0 libpng16-16 libproc2-0 libpulse0
2026-10-08T12:54:30.4849720Z #9 1.739   libsensors-config libsensors5 libsm6 libsndfile1 libsqlite3-0 libssl3
2026-10-08T12:54:30.4850505Z #9 1.739   libsystemd-shared libthai-data libthai0 libtiff6 libvorbis0a libvorbisenc2
2026-10-08T12:54:30.4851411Z #9 1.739   libwayland-client0 libwayland-cursor0 libwayland-egl1 libwayland-server0
2026-10-08T12:54:30.4852183Z #9 1.739   libwebp7 libx11-6 libx11-data libx11-xcb1 libxau6 libxaw7 libxcb-dri2-0
2026-10-08T12:54:30.4852907Z #9 1.739   libxcb-dri3-0 libxcb-glx0 libxcb-present0 libxcb-randr0 libxcb-render0
2026-10-08T12:54:30.4853643Z #9 1.739   libxcb-shape0 libxcb-shm0 libxcb-sync1 libxcb-xfixes0 libxcb1 libxcomposite1
2026-10-08T12:54:30.4854358Z #9 1.739   libxcursor1 libxdamage1 libxdmcp6 libxext6 libxfixes3 libxft2 libxi6
2026-10-08T12:54:30.4855115Z #9 1.739   libxinerama1 libxkbcommon0 libxkbfile1 libxml2 libxmu6 libxmuu1 libxnvctrl0
2026-10-08T12:54:30.4855864Z #9 1.739   libxpm4 libxrandr2 libxrender1 libxshmfence1 libxt6 libxtst6 libxv1
2026-10-08T12:54:30.4856571Z #9 1.739   libxxf86dga1 libxxf86vm1 libz3-4 procps shared-mime-info systemd
2026-10-08T12:54:30.4857200Z #9 1.739   systemd-sysv x11-common x11-utils xdg-utils xkb-data
2026-10-08T12:54:30.4857656Z #9 1.739 Suggested packages:
2026-10-08T12:54:30.4858239Z #9 1.739   chromium-l10n chromium-shell chromium-driver libasound2-plugins alsa-utils
2026-10-08T12:54:30.4859056Z #9 1.739   colord cups-common low-memory-monitor krb5-doc krb5-user gvfs liblcms2-utils
2026-10-08T12:54:30.4859878Z #9 1.739   opus-tools pciutils pulseaudio lm-sensors systemd-container systemd-homed
2026-10-08T12:54:30.4860629Z #9 1.739   systemd-userdbd systemd-boot systemd-resolved libfido2-1 libqrencode4
2026-10-08T12:54:30.4861595Z #9 1.739   libtss2-esys-3.0.2-0 libtss2-mu0 libtss2-rc0 polkitd | policykit-1
2026-10-08T12:54:30.4862159Z #9 1.739   mesa-utils
2026-10-08T12:54:30.4862474Z #9 1.739 Recommended packages:
2026-10-08T12:54:30.4862899Z #9 1.739   librsvg2-common upower udev fonts-liberation notification-daemon
2026-10-08T12:54:30.4863471Z #9 1.739   system-config-printer alsa-ucm-conf alsa-topology-conf at-spi2-core
2026-10-08T12:54:30.4864298Z #9 1.739   libgdk-pixbuf2.0-bin libglib2.0-data xdg-user-dirs libgtk-3-bin krb5-locales
2026-10-08T12:54:30.4864860Z #9 1.739   libgpm2 psmisc systemd-timesyncd | time-daemon libnss-systemd
2026-10-08T12:54:30.4865331Z #9 1.739   libfile-mimeinfo-perl libnet-dbus-perl libx11-protocol-perl
2026-10-08T12:54:30.4865662Z #9 1.739   x11-xserver-utils
2026-10-08T12:54:30.4865961Z #9 2.177 The following NEW packages will be installed:
2026-10-08T12:54:30.4866463Z #9 2.177   adwaita-icon-theme at-spi2-common bubblewrap chromium chromium-common dbus
2026-10-08T12:54:30.4867007Z #9 2.177   dbus-bin dbus-daemon dbus-session-bus-common dbus-system-bus-common
2026-10-08T12:54:30.6188650Z #9 2.177   dbus-user-session dconf-gsettings-backend dconf-service dmsetup fontconfig
2026-10-08T12:54:30.6189090Z #9 2.177   fontconfig-config fonts-dejavu-core gtk-update-icon-cache hicolor-icon-theme
2026-10-08T12:54:30.6189434Z #9 2.177   libapparmor1 libargon2-1 libasound2 libasound2-data libasyncns0
2026-10-08T12:54:30.6189772Z #9 2.177   libatk-bridge2.0-0 libatk1.0-0 libatspi2.0-0 libavahi-client3
2026-10-08T12:54:30.6190099Z #9 2.177   libavahi-common-data libavahi-common3 libbrotli1 libbsd0 libcairo-gobject2
2026-10-08T12:54:30.6190454Z #9 2.177   libcairo2 libcolord2 libcryptsetup12 libcups2 libdatrie1 libdav1d6
2026-10-08T12:54:30.6190778Z #9 2.177   libdbus-1-3 libdconf1 libdeflate0 libdevmapper1.02.1 libdouble-conversion3
2026-10-08T12:54:30.6192816Z #9 2.177   libdrm-amdgpu1 libdrm-common libdrm-intel1 libdrm-nouveau2 libdrm-radeon1
2026-10-08T12:54:30.6194178Z #9 2.177   libdrm2 libedit2 libelf1 libepoxy0 libexpat1 libfdisk1 libflac12
2026-10-08T12:54:30.6194717Z #9 2.177   libfontconfig1 libfontenc1 libfreetype6 libfribidi0 libgbm1
2026-10-08T12:54:30.6195208Z #9 2.177   libgdk-pixbuf-2.0-0 libgdk-pixbuf2.0-common libgl1 libgl1-mesa-dri
2026-10-08T12:54:30.6195739Z #9 2.177   libglapi-mesa libglib2.0-0 libglvnd0 libglx-mesa0 libglx0 libgraphite2-3
2026-10-08T12:54:30.6196060Z #9 2.177   libgssapi-krb5-2 libgtk-3-0 libgtk-3-common libharfbuzz-subset0
2026-10-08T12:54:30.6196450Z #9 2.177   libharfbuzz0b libice6 libicu72 libip4tc2 libjbig0 libjpeg62-turbo libjson-c5
2026-10-08T12:54:30.6197054Z #9 2.177   libk5crypto3 libkeyutils1 libkmod2 libkrb5-3 libkrb5support0 liblcms2-2
2026-10-08T12:54:30.6197552Z #9 2.177   liblerc4 libllvm15 libminizip1 libmp3lame0 libmpg123-0 libncursesw6 libnspr4
2026-10-08T12:54:30.6197954Z #9 2.177   libnss3 libogg0 libopenh264-7 libopenjp2-7 libopus0 libpam-systemd
2026-10-08T12:54:30.6198257Z #9 2.177   libpango-1.0-0 libpangocairo-1.0-0 libpangoft2-1.0-0 libpciaccess0
2026-10-08T12:54:30.6198590Z #9 2.178   libpixman-1-0 libpng16-16 libproc2-0 libpulse0 libsensors-config libsensors5
2026-10-08T12:54:30.6198922Z #9 2.178   libsm6 libsndfile1 libsqlite3-0 libssl3 libsystemd-shared libthai-data
2026-10-08T12:54:30.6199225Z #9 2.178   libthai0 libtiff6 libvorbis0a libvorbisenc2 libwayland-client0
2026-10-08T12:54:30.6199539Z #9 2.178   libwayland-cursor0 libwayland-egl1 libwayland-server0 libwebp7 libx11-6
2026-10-08T12:54:30.6199863Z #9 2.178   libx11-data libx11-xcb1 libxau6 libxaw7 libxcb-dri2-0 libxcb-dri3-0
2026-10-08T12:54:30.6200181Z #9 2.178   libxcb-glx0 libxcb-present0 libxcb-randr0 libxcb-render0 libxcb-shape0
2026-10-08T12:54:30.6200515Z #9 2.178   libxcb-shm0 libxcb-sync1 libxcb-xfixes0 libxcb1 libxcomposite1 libxcursor1
2026-10-08T12:54:30.6200842Z #9 2.178   libxdamage1 libxdmcp6 libxext6 libxfixes3 libxft2 libxi6 libxinerama1
2026-10-08T12:54:30.6201306Z #9 2.178   libxkbcommon0 libxkbfile1 libxml2 libxmu6 libxmuu1 libxnvctrl0 libxpm4
2026-10-08T12:54:30.6201629Z #9 2.178   libxrandr2 libxrender1 libxshmfence1 libxt6 libxtst6 libxv1 libxxf86dga1
2026-10-08T12:54:30.6201947Z #9 2.178   libxxf86vm1 libz3-4 procps shared-mime-info systemd systemd-sysv tini
2026-10-08T12:54:30.6202206Z #9 2.178   x11-common x11-utils xdg-utils xkb-data
2026-10-08T12:54:30.6202461Z #9 2.221 0 upgraded, 176 newly installed, 0 to remove and 1 not upgraded.
2026-10-08T12:54:30.6202691Z #9 2.221 Need to get 207 MB of archives.
2026-10-08T12:54:30.6203071Z #9 2.221 After this operation, 734 MB of additional disk space will be used.
2026-10-08T12:54:30.6203502Z #9 2.221 Get:1 http://deb.debian.org/debian-security bookworm-security/main amd64 libssl3 amd64 3.0.22-1~deb12u1 [2039 kB]
2026-10-08T12:54:30.6203971Z #9 2.312 Get:2 http://deb.debian.org/debian bookworm/main amd64 libargon2-1 amd64 0~20171227-0.3+deb12u1 [19.4 kB]
2026-10-08T12:54:30.7392464Z #9 2.313 Get:3 http://deb.debian.org/debian bookworm/main amd64 dmsetup amd64 2:1.02.185-2 [82.0 kB]
2026-10-08T12:54:30.7393359Z #9 2.314 Get:4 http://deb.debian.org/debian bookworm/main amd64 libdevmapper1.02.1 amd64 2:1.02.185-2 [133 kB]
2026-10-08T12:54:30.7394076Z #9 2.315 Get:5 http://deb.debian.org/debian bookworm/main amd64 libjson-c5 amd64 0.16-2 [44.1 kB]
2026-10-08T12:54:30.7394793Z #9 2.315 Get:6 http://deb.debian.org/debian bookworm/main amd64 libcryptsetup12 amd64 2:2.6.1-4~deb12u2 [223 kB]
2026-10-08T12:54:30.7395552Z #9 2.332 Get:7 http://deb.debian.org/debian bookworm/main amd64 libfdisk1 amd64 2.38.1-5+deb12u3 [194 kB]
2026-10-08T12:54:30.7396252Z #9 2.333 Get:8 http://deb.debian.org/debian bookworm/main amd64 libkmod2 amd64 30+20221128-1 [57.9 kB]
2026-10-08T12:54:30.7396948Z #9 2.333 Get:9 http://deb.debian.org/debian bookworm/main amd64 libapparmor1 amd64 3.0.8-3 [41.2 kB]
2026-10-08T12:54:30.7397613Z #9 2.334 Get:10 http://deb.debian.org/debian bookworm/main amd64 libip4tc2 amd64 1.8.9-2 [19.0 kB]
2026-10-08T12:54:30.7398356Z #9 2.335 Get:11 http://deb.debian.org/debian bookworm/main amd64 libsystemd-shared amd64 252.39-1~deb12u2 [1696 kB]
2026-10-08T12:54:30.7399349Z #9 2.342 Get:12 http://deb.debian.org/debian bookworm/main amd64 systemd amd64 252.39-1~deb12u2 [3044 kB]
2026-10-08T12:54:30.7400080Z #9 2.356 Get:13 http://deb.debian.org/debian bookworm/main amd64 systemd-sysv amd64 252.39-1~deb12u2 [42.9 kB]
2026-10-08T12:54:30.7400821Z #9 2.356 Get:14 http://deb.debian.org/debian bookworm/main amd64 libdbus-1-3 amd64 1.14.10-1~deb12u1 [201 kB]
2026-10-08T12:54:30.7401652Z #9 2.357 Get:15 http://deb.debian.org/debian bookworm/main amd64 dbus-bin amd64 1.14.10-1~deb12u1 [105 kB]
2026-10-08T12:54:30.7402432Z #9 2.357 Get:16 http://deb.debian.org/debian bookworm/main amd64 dbus-session-bus-common all 1.14.10-1~deb12u1 [78.2 kB]
2026-10-08T12:54:30.7403255Z #9 2.357 Get:17 http://deb.debian.org/debian-security bookworm-security/main amd64 libexpat1 amd64 2.5.0-1+deb12u4 [106 kB]
2026-10-08T12:54:30.7403976Z #9 2.357 Get:18 http://deb.debian.org/debian bookworm/main amd64 dbus-daemon amd64 1.14.10-1~deb12u1 [184 kB]
2026-10-08T12:54:30.7404689Z #9 2.358 Get:19 http://deb.debian.org/debian bookworm/main amd64 dbus-system-bus-common all 1.14.10-1~deb12u1 [79.3 kB]
2026-10-08T12:54:30.7405392Z #9 2.358 Get:20 http://deb.debian.org/debian bookworm/main amd64 dbus amd64 1.14.10-1~deb12u1 [97.4 kB]
2026-10-08T12:54:30.7406057Z #9 2.370 Get:21 http://deb.debian.org/debian bookworm/main amd64 libncursesw6 amd64 6.4-4 [134 kB]
2026-10-08T12:54:30.7406745Z #9 2.385 Get:22 http://deb.debian.org/debian bookworm/main amd64 libproc2-0 amd64 2:4.0.2-3 [62.8 kB]
2026-10-08T12:54:30.7407404Z #9 2.385 Get:23 http://deb.debian.org/debian bookworm/main amd64 procps amd64 2:4.0.2-3 [709 kB]
2026-10-08T12:54:30.7408110Z #9 2.387 Get:24 http://deb.debian.org/debian bookworm/main amd64 libpam-systemd amd64 252.39-1~deb12u2 [226 kB]
2026-10-08T12:54:30.7408645Z #9 2.388 Get:25 http://deb.debian.org/debian bookworm/main amd64 hicolor-icon-theme all 0.17-2 [11.4 kB]
2026-10-08T12:54:30.7409089Z #9 2.388 Get:26 http://deb.debian.org/debian bookworm/main amd64 libgdk-pixbuf2.0-common all 2.42.10+dfsg-1+deb12u4 [307 kB]
2026-10-08T12:54:30.7409551Z #9 2.389 Get:27 http://deb.debian.org/debian bookworm/main amd64 libglib2.0-0 amd64 2.74.6-2+deb12u9 [1403 kB]
2026-10-08T12:54:30.7409952Z #9 2.392 Get:28 http://deb.debian.org/debian bookworm/main amd64 libicu72 amd64 72.1-3+deb12u1 [9376 kB]
2026-10-08T12:54:30.7410354Z #9 2.432 Get:29 http://deb.debian.org/debian bookworm/main amd64 libxml2 amd64 2.9.14+dfsg-1.3~deb12u6 [689 kB]
2026-10-08T12:54:30.8398347Z #9 2.434 Get:30 http://deb.debian.org/debian bookworm/main amd64 shared-mime-info amd64 2.2-1 [729 kB]
2026-10-08T12:54:30.8398914Z #9 2.441 Get:31 http://deb.debian.org/debian bookworm/main amd64 libjpeg62-turbo amd64 1:2.1.5-2 [166 kB]
2026-10-08T12:54:30.8399396Z #9 2.442 Get:32 http://deb.debian.org/debian-security bookworm-security/main amd64 libpng16-16 amd64 1.6.39-2+deb12u6 [277 kB]
2026-10-08T12:54:30.8399844Z #9 2.442 Get:33 http://deb.debian.org/debian bookworm/main amd64 libdeflate0 amd64 1.14-1 [61.4 kB]
2026-10-08T12:54:30.8400241Z #9 2.443 Get:34 http://deb.debian.org/debian bookworm/main amd64 libjbig0 amd64 2.1-6.1 [31.7 kB]
2026-10-08T12:54:30.8401267Z #9 2.443 Get:35 http://deb.debian.org/debian bookworm/main amd64 liblerc4 amd64 4.0.0+ds-2 [170 kB]
2026-10-08T12:54:30.8402333Z #9 2.443 Get:36 http://deb.debian.org/debian bookworm/main amd64 libwebp7 amd64 1.2.4-0.2+deb12u1 [286 kB]
2026-10-08T12:54:30.8403170Z #9 2.444 Get:37 http://deb.debian.org/debian bookworm/main amd64 libtiff6 amd64 4.5.0-6+deb12u4 [316 kB]
2026-10-08T12:54:30.8403934Z #9 2.447 Get:38 http://deb.debian.org/debian bookworm/main amd64 libgdk-pixbuf-2.0-0 amd64 2.42.10+dfsg-1+deb12u4 [139 kB]
2026-10-08T12:54:30.8404661Z #9 2.462 Get:39 http://deb.debian.org/debian bookworm/main amd64 gtk-update-icon-cache amd64 3.24.38-2~deb12u3 [44.2 kB]
2026-10-08T12:54:30.8405102Z #9 2.463 Get:40 http://deb.debian.org/debian bookworm/main amd64 adwaita-icon-theme all 43-1 [5124 kB]
2026-10-08T12:54:30.8405666Z #9 2.480 Get:41 http://deb.debian.org/debian bookworm/main amd64 at-spi2-common all 2.46.0-5 [162 kB]
2026-10-08T12:54:30.8406069Z #9 2.481 Get:42 http://deb.debian.org/debian bookworm/main amd64 bubblewrap amd64 0.8.0-2+deb12u1 [47.3 kB]
2026-10-08T12:54:30.8406471Z #9 2.481 Get:43 http://deb.debian.org/debian bookworm/main amd64 libasound2-data all 1.2.8-1 [20.5 kB]
2026-10-08T12:54:30.8406861Z #9 2.481 Get:44 http://deb.debian.org/debian bookworm/main amd64 libasound2 amd64 1.2.8-1+b1 [362 kB]
2026-10-08T12:54:30.8407250Z #9 2.482 Get:45 http://deb.debian.org/debian bookworm/main amd64 libatk1.0-0 amd64 2.46.0-5 [49.6 kB]
2026-10-08T12:54:30.8407630Z #9 2.482 Get:46 http://deb.debian.org/debian bookworm/main amd64 libxau6 amd64 1:1.0.9-1 [19.7 kB]
2026-10-08T12:54:30.8407999Z #9 2.483 Get:47 http://deb.debian.org/debian bookworm/main amd64 libbsd0 amd64 0.11.7-2 [117 kB]
2026-10-08T12:54:30.8408374Z #9 2.489 Get:48 http://deb.debian.org/debian bookworm/main amd64 libxdmcp6 amd64 1:1.1.2-3 [26.3 kB]
2026-10-08T12:54:30.8408750Z #9 2.489 Get:49 http://deb.debian.org/debian bookworm/main amd64 libxcb1 amd64 1.15-1 [144 kB]
2026-10-08T12:54:30.8409140Z #9 2.503 Get:50 http://deb.debian.org/debian bookworm/main amd64 libx11-data all 2:1.8.4-2+deb12u2 [292 kB]
2026-10-08T12:54:30.8409551Z #9 2.504 Get:51 http://deb.debian.org/debian bookworm/main amd64 libx11-6 amd64 2:1.8.4-2+deb12u2 [760 kB]
2026-10-08T12:54:30.8409951Z #9 2.505 Get:52 http://deb.debian.org/debian bookworm/main amd64 libxext6 amd64 2:1.3.4-1+b1 [52.9 kB]
2026-10-08T12:54:30.8410335Z #9 2.506 Get:53 http://deb.debian.org/debian bookworm/main amd64 libxi6 amd64 2:1.8-1+b1 [84.2 kB]
2026-10-08T12:54:30.8410720Z #9 2.506 Get:54 http://deb.debian.org/debian bookworm/main amd64 libatspi2.0-0 amd64 2.46.0-5 [75.4 kB]
2026-10-08T12:54:30.8411264Z #9 2.506 Get:55 http://deb.debian.org/debian bookworm/main amd64 libatk-bridge2.0-0 amd64 2.46.0-5 [64.6 kB]
2026-10-08T12:54:30.8411664Z #9 2.507 Get:56 http://deb.debian.org/debian bookworm/main amd64 libbrotli1 amd64 1.0.9-2+b6 [275 kB]
2026-10-08T12:54:30.8412083Z #9 2.517 Get:57 http://deb.debian.org/debian bookworm/main amd64 libfreetype6 amd64 2.12.1+dfsg-5+deb12u4 [398 kB]
2026-10-08T12:54:30.8412505Z #9 2.519 Get:58 http://deb.debian.org/debian bookworm/main amd64 fonts-dejavu-core all 2.37-6 [1068 kB]
2026-10-08T12:54:30.8412907Z #9 2.521 Get:59 http://deb.debian.org/debian bookworm/main amd64 fontconfig-config amd64 2.14.1-4 [315 kB]
2026-10-08T12:54:30.8413377Z #9 2.530 Get:60 http://deb.debian.org/debian bookworm/main amd64 libfontconfig1 amd64 2.14.1-4 [386 kB]
2026-10-08T12:54:30.8413772Z #9 2.532 Get:61 http://deb.debian.org/debian bookworm/main amd64 libpixman-1-0 amd64 0.42.2-1 [546 kB]
2026-10-08T12:54:30.8414161Z #9 2.533 Get:62 http://deb.debian.org/debian bookworm/main amd64 libxcb-render0 amd64 1.15-1 [115 kB]
2026-10-08T12:54:30.9465831Z #9 2.533 Get:63 http://deb.debian.org/debian bookworm/main amd64 libxcb-shm0 amd64 1.15-1 [105 kB]
2026-10-08T12:54:30.9467039Z #9 2.534 Get:64 http://deb.debian.org/debian bookworm/main amd64 libxrender1 amd64 1:0.9.10-1.1 [33.2 kB]
2026-10-08T12:54:30.9468682Z #9 2.534 Get:65 http://deb.debian.org/debian bookworm/main amd64 libcairo2 amd64 1.16.0-7 [575 kB]
2026-10-08T12:54:30.9470336Z #9 2.535 Get:66 http://deb.debian.org/debian bookworm/main amd64 libavahi-common-data amd64 0.8-10+deb12u1 [107 kB]
2026-10-08T12:54:30.9470876Z #9 2.544 Get:67 http://deb.debian.org/debian bookworm/main amd64 libavahi-common3 amd64 0.8-10+deb12u1 [42.1 kB]
2026-10-08T12:54:30.9471491Z #9 2.545 Get:68 http://deb.debian.org/debian bookworm/main amd64 libavahi-client3 amd64 0.8-10+deb12u1 [45.8 kB]
2026-10-08T12:54:30.9471923Z #9 2.545 Get:69 http://deb.debian.org/debian bookworm/main amd64 libkrb5support0 amd64 1.20.1-2+deb12u5 [33.2 kB]
2026-10-08T12:54:30.9472345Z #9 2.558 Get:70 http://deb.debian.org/debian bookworm/main amd64 libk5crypto3 amd64 1.20.1-2+deb12u5 [79.7 kB]
2026-10-08T12:54:30.9472742Z #9 2.558 Get:71 http://deb.debian.org/debian bookworm/main amd64 libkeyutils1 amd64 1.6.3-2 [8808 B]
2026-10-08T12:54:30.9473284Z #9 2.559 Get:72 http://deb.debian.org/debian bookworm/main amd64 libkrb5-3 amd64 1.20.1-2+deb12u5 [332 kB]
2026-10-08T12:54:30.9473726Z #9 2.560 Get:73 http://deb.debian.org/debian bookworm/main amd64 libgssapi-krb5-2 amd64 1.20.1-2+deb12u5 [135 kB]
2026-10-08T12:54:30.9474135Z #9 2.560 Get:74 http://deb.debian.org/debian bookworm/main amd64 libcups2 amd64 2.4.2-3+deb12u9 [245 kB]
2026-10-08T12:54:30.9474533Z #9 2.576 Get:75 http://deb.debian.org/debian bookworm/main amd64 libdav1d6 amd64 1.0.0-2+deb12u1 [513 kB]
2026-10-08T12:54:30.9474940Z #9 2.578 Get:76 http://deb.debian.org/debian bookworm/main amd64 libdouble-conversion3 amd64 3.2.1-1 [41.5 kB]
2026-10-08T12:54:30.9475330Z #9 2.578 Get:77 http://deb.debian.org/debian bookworm/main amd64 libogg0 amd64 1.3.5-3 [23.4 kB]
2026-10-08T12:54:30.9475708Z #9 2.578 Get:78 http://deb.debian.org/debian bookworm/main amd64 libflac12 amd64 1.4.2+ds-2 [198 kB]
2026-10-08T12:54:30.9476088Z #9 2.579 Get:79 http://deb.debian.org/debian bookworm/main amd64 libdrm-common all 2.4.114-1 [7112 B]
2026-10-08T12:54:30.9476472Z #9 2.585 Get:80 http://deb.debian.org/debian bookworm/main amd64 libdrm2 amd64 2.4.114-1+b1 [37.5 kB]
2026-10-08T12:54:30.9476866Z #9 2.585 Get:81 http://deb.debian.org/debian bookworm/main amd64 libwayland-server0 amd64 1.21.0-1 [35.9 kB]
2026-10-08T12:54:30.9477268Z #9 2.586 Get:82 http://deb.debian.org/debian bookworm/main amd64 libgbm1 amd64 22.3.6-1+deb12u2 [38.1 kB]
2026-10-08T12:54:30.9477681Z #9 2.586 Get:83 http://deb.debian.org/debian bookworm/main amd64 libgraphite2-3 amd64 1.3.14-1+deb12u1 [74.6 kB]
2026-10-08T12:54:30.9478096Z #9 2.587 Get:84 http://deb.debian.org/debian bookworm/main amd64 libharfbuzz0b amd64 6.0.0+dfsg-3 [1945 kB]
2026-10-08T12:54:30.9478513Z #9 2.599 Get:85 http://deb.debian.org/debian bookworm/main amd64 libharfbuzz-subset0 amd64 6.0.0+dfsg-3 [1931 kB]
2026-10-08T12:54:30.9478922Z #9 2.604 Get:86 http://deb.debian.org/debian bookworm/main amd64 liblcms2-2 amd64 2.14-2+deb12u1 [154 kB]
2026-10-08T12:54:30.9479323Z #9 2.604 Get:87 http://deb.debian.org/debian bookworm/main amd64 libminizip1 amd64 1.1-8+deb12u1 [20.1 kB]
2026-10-08T12:54:30.9479704Z #9 2.604 Get:88 http://deb.debian.org/debian bookworm/main amd64 libnspr4 amd64 2:4.35-1 [113 kB]
2026-10-08T12:54:30.9480095Z #9 2.605 Get:89 http://deb.debian.org/debian bookworm/main amd64 libsqlite3-0 amd64 3.40.1-2+deb12u2 [839 kB]
2026-10-08T12:54:30.9480736Z #9 2.621 Get:90 http://deb.debian.org/debian-security bookworm-security/main amd64 libnss3 amd64 2:3.87.1-1+deb12u4 [1331 kB]
2026-10-08T12:54:30.9481347Z #9 2.640 Get:91 http://deb.debian.org/debian bookworm/main amd64 libopenh264-7 amd64 2.3.1+dfsg-3+deb12u2 [393 kB]
2026-10-08T12:54:31.0492485Z #9 2.644 Get:92 http://deb.debian.org/debian bookworm/main amd64 libopenjp2-7 amd64 2.5.0-2+deb12u3 [189 kB]
2026-10-08T12:54:31.0492973Z #9 2.645 Get:93 http://deb.debian.org/debian bookworm/main amd64 libopus0 amd64 1.3.1-3 [195 kB]
2026-10-08T12:54:31.0493367Z #9 2.645 Get:94 http://deb.debian.org/debian bookworm/main amd64 fontconfig amd64 2.14.1-4 [449 kB]
2026-10-08T12:54:31.0493831Z #9 2.646 Get:95 http://deb.debian.org/debian bookworm/main amd64 libfribidi0 amd64 1.0.8-2.1 [65.0 kB]
2026-10-08T12:54:31.0494363Z #9 2.647 Get:96 http://deb.debian.org/debian bookworm/main amd64 libthai-data all 0.1.29-1 [176 kB]
2026-10-08T12:54:31.0494758Z #9 2.647 Get:97 http://deb.debian.org/debian bookworm/main amd64 libdatrie1 amd64 0.2.13-2+b1 [43.3 kB]
2026-10-08T12:54:31.0495158Z #9 2.647 Get:98 http://deb.debian.org/debian bookworm/main amd64 libthai0 amd64 0.1.29-1 [57.5 kB]
2026-10-08T12:54:31.0495577Z #9 2.647 Get:99 http://deb.debian.org/debian bookworm/main amd64 libpango-1.0-0 amd64 1.50.12+ds-1 [212 kB]
2026-10-08T12:54:31.0495989Z #9 2.656 Get:100 http://deb.debian.org/debian bookworm/main amd64 libasyncns0 amd64 0.8-6+b3 [12.9 kB]
2026-10-08T12:54:31.0496399Z #9 2.668 Get:101 http://deb.debian.org/debian bookworm/main amd64 libmp3lame0 amd64 3.100-6 [365 kB]
2026-10-08T12:54:31.0497322Z #9 2.670 Get:102 http://deb.debian.org/debian bookworm/main amd64 libmpg123-0 amd64 1.31.2-1+deb12u1 [147 kB]
2026-10-08T12:54:31.0497728Z #9 2.670 Get:103 http://deb.debian.org/debian bookworm/main amd64 libvorbis0a amd64 1.3.7-1 [93.0 kB]
2026-10-08T12:54:31.0498115Z #9 2.670 Get:104 http://deb.debian.org/debian bookworm/main amd64 libvorbisenc2 amd64 1.3.7-1 [80.6 kB]
2026-10-08T12:54:31.0498536Z #9 2.671 Get:105 http://deb.debian.org/debian bookworm/main amd64 libsndfile1 amd64 1.2.0-1+deb12u1 [197 kB]
2026-10-08T12:54:31.0498977Z #9 2.671 Get:106 http://deb.debian.org/debian bookworm/main amd64 libx11-xcb1 amd64 2:1.8.4-2+deb12u2 [192 kB]
2026-10-08T12:54:31.0499408Z #9 2.672 Get:107 http://deb.debian.org/debian bookworm/main amd64 libpulse0 amd64 16.1+dfsg1-2+b1 [274 kB]
2026-10-08T12:54:31.0499837Z #9 2.673 Get:108 http://deb.debian.org/debian bookworm/main amd64 libxcomposite1 amd64 1:0.4.5-1 [16.6 kB]
2026-10-08T12:54:31.0500265Z #9 2.673 Get:109 http://deb.debian.org/debian bookworm/main amd64 libxdamage1 amd64 1:1.1.6-1 [15.1 kB]
2026-10-08T12:54:31.0500701Z #9 2.683 Get:110 http://deb.debian.org/debian bookworm/main amd64 libxfixes3 amd64 1:6.0.0-2 [22.7 kB]
2026-10-08T12:54:31.0501248Z #9 2.696 Get:111 http://deb.debian.org/debian bookworm/main amd64 xkb-data all 2.35.1-1 [764 kB]
2026-10-08T12:54:31.0501852Z #9 2.698 Get:112 http://deb.debian.org/debian bookworm/main amd64 libxkbcommon0 amd64 1.5.0-1 [106 kB]
2026-10-08T12:54:31.0502391Z #9 2.699 Get:113 http://deb.debian.org/debian bookworm/main amd64 libxnvctrl0 amd64 525.85.05-3~deb12u1 [13.5 kB]
2026-10-08T12:54:31.0502818Z #9 2.699 Get:114 http://deb.debian.org/debian bookworm/main amd64 libxrandr2 amd64 2:1.5.2-2+b1 [39.2 kB]
2026-10-08T12:54:31.0503232Z #9 2.699 Get:115 http://deb.debian.org/debian bookworm/main amd64 libcairo-gobject2 amd64 1.16.0-7 [112 kB]
2026-10-08T12:54:31.0503644Z #9 2.700 Get:116 http://deb.debian.org/debian bookworm/main amd64 libcolord2 amd64 1.4.6-2.2 [137 kB]
2026-10-08T12:54:31.0504031Z #9 2.700 Get:117 http://deb.debian.org/debian bookworm/main amd64 libepoxy0 amd64 1.5.10-1 [189 kB]
2026-10-08T12:54:31.0504464Z #9 2.701 Get:118 http://deb.debian.org/debian bookworm/main amd64 libpangoft2-1.0-0 amd64 1.50.12+ds-1 [47.4 kB]
2026-10-08T12:54:31.0504930Z #9 2.701 Get:119 http://deb.debian.org/debian bookworm/main amd64 libpangocairo-1.0-0 amd64 1.50.12+ds-1 [34.2 kB]
2026-10-08T12:54:31.0505379Z #9 2.711 Get:120 http://deb.debian.org/debian bookworm/main amd64 libwayland-client0 amd64 1.21.0-1 [28.3 kB]
2026-10-08T12:54:31.0505907Z #9 2.725 Get:121 http://deb.debian.org/debian bookworm/main amd64 libwayland-cursor0 amd64 1.21.0-1 [14.4 kB]
2026-10-08T12:54:31.0506353Z #9 2.725 Get:122 http://deb.debian.org/debian bookworm/main amd64 libwayland-egl1 amd64 1.21.0-1 [8640 B]
2026-10-08T12:54:31.0506765Z #9 2.725 Get:123 http://deb.debian.org/debian bookworm/main amd64 libxcursor1 amd64 1:1.2.1-1 [40.9 kB]
2026-10-08T12:54:31.0507180Z #9 2.726 Get:124 http://deb.debian.org/debian bookworm/main amd64 libxinerama1 amd64 2:1.1.4-3 [17.8 kB]
2026-10-08T12:54:31.0507630Z #9 2.726 Get:125 http://deb.debian.org/debian bookworm/main amd64 dbus-user-session amd64 1.14.10-1~deb12u1 [78.1 kB]
2026-10-08T12:54:31.0508080Z #9 2.726 Get:126 http://deb.debian.org/debian bookworm/main amd64 libdconf1 amd64 0.40.0-4 [40.9 kB]
2026-10-08T12:54:31.0508486Z #9 2.727 Get:127 http://deb.debian.org/debian bookworm/main amd64 dconf-service amd64 0.40.0-4 [31.6 kB]
2026-10-08T12:54:31.0508917Z #9 2.728 Get:128 http://deb.debian.org/debian bookworm/main amd64 dconf-gsettings-backend amd64 0.40.0-4 [27.8 kB]
2026-10-08T12:54:31.0509371Z #9 2.728 Get:129 http://deb.debian.org/debian bookworm/main amd64 libgtk-3-common all 3.24.38-2~deb12u3 [3895 kB]
2026-10-08T12:54:31.0509804Z #9 2.743 Get:130 http://deb.debian.org/debian bookworm/main amd64 libgtk-3-0 amd64 3.24.38-2~deb12u3 [2847 kB]
2026-10-08T12:54:31.2145775Z #9 2.752 Get:131 http://deb.debian.org/debian bookworm/main amd64 libfontenc1 amd64 1:1.1.4-1 [24.3 kB]
2026-10-08T12:54:31.2146851Z #9 2.752 Get:132 http://deb.debian.org/debian bookworm/main amd64 libglvnd0 amd64 1.6.0-1 [51.8 kB]
2026-10-08T12:54:31.2147547Z #9 2.753 Get:133 http://deb.debian.org/debian bookworm/main amd64 libglapi-mesa amd64 22.3.6-1+deb12u2 [35.9 kB]
2026-10-08T12:54:31.2147993Z #9 2.753 Get:134 http://deb.debian.org/debian bookworm/main amd64 libxcb-dri2-0 amd64 1.15-1 [107 kB]
2026-10-08T12:54:31.2148408Z #9 2.754 Get:135 http://deb.debian.org/debian bookworm/main amd64 libxcb-dri3-0 amd64 1.15-1 [107 kB]
2026-10-08T12:54:31.2148800Z #9 2.754 Get:136 http://deb.debian.org/debian bookworm/main amd64 libxcb-glx0 amd64 1.15-1 [122 kB]
2026-10-08T12:54:31.2149201Z #9 2.754 Get:137 http://deb.debian.org/debian bookworm/main amd64 libxcb-present0 amd64 1.15-1 [105 kB]
2026-10-08T12:54:31.2149614Z #9 2.755 Get:138 http://deb.debian.org/debian bookworm/main amd64 libxcb-randr0 amd64 1.15-1 [117 kB]
2026-10-08T12:54:31.2150017Z #9 2.766 Get:139 http://deb.debian.org/debian bookworm/main amd64 libxcb-sync1 amd64 1.15-1 [109 kB]
2026-10-08T12:54:31.2150405Z #9 2.767 Get:140 http://deb.debian.org/debian bookworm/main amd64 libxcb-xfixes0 amd64 1.15-1 [109 kB]
2026-10-08T12:54:31.2150798Z #9 2.780 Get:141 http://deb.debian.org/debian bookworm/main amd64 libxshmfence1 amd64 1.3-1 [8820 B]
2026-10-08T12:54:31.2151338Z #9 2.780 Get:142 http://deb.debian.org/debian bookworm/main amd64 libxxf86vm1 amd64 1:1.1.4-1+b2 [20.8 kB]
2026-10-08T12:54:31.2151755Z #9 2.780 Get:143 http://deb.debian.org/debian bookworm/main amd64 libdrm-amdgpu1 amd64 2.4.114-1+b1 [20.9 kB]
2026-10-08T12:54:31.2152167Z #9 2.781 Get:144 http://deb.debian.org/debian bookworm/main amd64 libpciaccess0 amd64 0.17-2 [51.4 kB]
2026-10-08T12:54:31.2152599Z #9 2.781 Get:145 http://deb.debian.org/debian bookworm/main amd64 libdrm-intel1 amd64 2.4.114-1+b1 [64.0 kB]
2026-10-08T12:54:31.2153024Z #9 2.781 Get:146 http://deb.debian.org/debian bookworm/main amd64 libdrm-nouveau2 amd64 2.4.114-1+b1 [19.1 kB]
2026-10-08T12:54:31.2153487Z #9 2.782 Get:147 http://deb.debian.org/debian bookworm/main amd64 libdrm-radeon1 amd64 2.4.114-1+b1 [21.8 kB]
2026-10-08T12:54:31.2153892Z #9 2.782 Get:148 http://deb.debian.org/debian bookworm/main amd64 libelf1 amd64 0.188-2.1 [174 kB]
2026-10-08T12:54:31.2154292Z #9 2.793 Get:149 http://deb.debian.org/debian bookworm/main amd64 libedit2 amd64 3.1-20221030-2 [93.0 kB]
2026-10-08T12:54:31.2154702Z #9 2.794 Get:150 http://deb.debian.org/debian bookworm/main amd64 libz3-4 amd64 4.8.12-3.1 [7216 kB]
2026-10-08T12:54:31.2155213Z #9 2.822 Get:151 http://deb.debian.org/debian bookworm/main amd64 libllvm15 amd64 1:15.0.6-4+b1 [23.1 MB]
2026-10-08T12:54:31.2155653Z #9 2.908 Get:152 http://deb.debian.org/debian bookworm/main amd64 libsensors-config all 1:3.6.0-7.1 [14.3 kB]
2026-10-08T12:54:31.3313682Z #9 2.908 Get:153 http://deb.debian.org/debian bookworm/main amd64 libsensors5 amd64 1:3.6.0-7.1 [34.2 kB]
2026-10-08T12:54:31.3314211Z #9 2.908 Get:154 http://deb.debian.org/debian bookworm/main amd64 libgl1-mesa-dri amd64 22.3.6-1+deb12u2 [7240 kB]
2026-10-08T12:54:31.3314777Z #9 2.932 Get:155 http://deb.debian.org/debian bookworm/main amd64 libglx-mesa0 amd64 22.3.6-1+deb12u2 [148 kB]
2026-10-08T12:54:31.3315471Z #9 3.025 Get:156 http://deb.debian.org/debian bookworm/main amd64 libglx0 amd64 1.6.0-1 [34.4 kB]
2026-10-08T12:54:31.5244503Z #9 3.025 Get:157 http://deb.debian.org/debian bookworm/main amd64 libgl1 amd64 1.6.0-1 [88.4 kB]
2026-10-08T12:54:31.5244953Z #9 3.025 Get:158 http://deb.debian.org/debian bookworm/main amd64 x11-common all 1:7.7+23 [252 kB]
2026-10-08T12:54:31.5245373Z #9 3.026 Get:159 http://deb.debian.org/debian bookworm/main amd64 libice6 amd64 2:1.0.10-1 [58.5 kB]
2026-10-08T12:54:31.5245769Z #9 3.026 Get:160 http://deb.debian.org/debian bookworm/main amd64 libsm6 amd64 2:1.2.3-1 [35.1 kB]
2026-10-08T12:54:31.5246141Z #9 3.026 Get:161 http://deb.debian.org/debian bookworm/main amd64 libxt6 amd64 1:1.2.1-1.1 [186 kB]
2026-10-08T12:54:31.5246521Z #9 3.027 Get:162 http://deb.debian.org/debian bookworm/main amd64 libxmu6 amd64 2:1.1.3-3 [60.1 kB]
2026-10-08T12:54:31.5247194Z #9 3.027 Get:163 http://deb.debian.org/debian bookworm/main amd64 libxpm4 amd64 1:3.5.12-1.1+deb12u1 [48.6 kB]
2026-10-08T12:54:31.5247581Z #9 3.039 Get:164 http://deb.debian.org/debian bookworm/main amd64 libxaw7 amd64 2:1.0.14-1 [201 kB]
2026-10-08T12:54:31.5247959Z #9 3.053 Get:165 http://deb.debian.org/debian bookworm/main amd64 libxcb-shape0 amd64 1.15-1 [106 kB]
2026-10-08T12:54:31.5248337Z #9 3.053 Get:166 http://deb.debian.org/debian bookworm/main amd64 libxft2 amd64 2.3.6-1 [61.8 kB]
2026-10-08T12:54:31.5248716Z #9 3.054 Get:167 http://deb.debian.org/debian bookworm/main amd64 libxkbfile1 amd64 1:1.1.0-1 [75.2 kB]
2026-10-08T12:54:31.5249097Z #9 3.054 Get:168 http://deb.debian.org/debian bookworm/main amd64 libxmuu1 amd64 2:1.1.3-3 [23.9 kB]
2026-10-08T12:54:31.5249471Z #9 3.055 Get:169 http://deb.debian.org/debian bookworm/main amd64 libxtst6 amd64 2:1.2.3-1.1 [28.0 kB]
2026-10-08T12:54:31.5249847Z #9 3.055 Get:170 http://deb.debian.org/debian bookworm/main amd64 libxv1 amd64 2:1.0.11-1.1 [24.8 kB]
2026-10-08T12:54:31.5250238Z #9 3.055 Get:171 http://deb.debian.org/debian bookworm/main amd64 libxxf86dga1 amd64 2:1.1.5-1 [22.1 kB]
2026-10-08T12:54:31.5250610Z #9 3.056 Get:172 http://deb.debian.org/debian bookworm/main amd64 x11-utils amd64 7.7+5 [202 kB]
2026-10-08T12:54:31.5251169Z #9 3.056 Get:173 http://deb.debian.org/debian bookworm/main amd64 xdg-utils all 1.1.3-4.1 [75.5 kB]
2026-10-08T12:54:31.5251661Z #9 3.067 Get:174 http://deb.debian.org/debian-security bookworm-security/main amd64 chromium-common amd64 154.0.8037.92-1~deb12u1 [30.5 MB]
2026-10-08T12:54:31.6005128Z #9 3.294 Get:175 http://deb.debian.org/debian-security bookworm-security/main amd64 chromium amd64 154.0.8037.92-1~deb12u1 [80.3 MB]
2026-10-08T12:54:32.2533131Z #9 3.947 Get:176 http://deb.debian.org/debian bookworm/main amd64 tini amd64 0.19.0-1+b3 [267 kB]
2026-10-08T12:54:32.4399196Z #9 4.018 debconf: delaying package configuration, since apt-utils is not installed
2026-10-08T12:54:32.4399579Z #9 4.035 Fetched 207 MB in 2s (117 MB/s)
2026-10-08T12:54:32.4399828Z #9 4.042 Selecting previously unselected package libssl3:amd64.
2026-10-08T12:54:32.4400051Z #9 4.042 (Reading database ... 
2026-10-08T12:54:32.4400213Z (Reading database ... 5%
2026-10-08T12:54:32.4400360Z (Reading database ... 10%
2026-10-08T12:54:32.4400501Z (Reading database ... 15%
2026-10-08T12:54:32.4400639Z (Reading database ... 20%
2026-10-08T12:54:32.4400777Z (Reading database ... 25%
2026-10-08T12:54:32.4401263Z (Reading database ... 30%
2026-10-08T12:54:32.4401408Z (Reading database ... 35%
2026-10-08T12:54:32.4401541Z (Reading database ... 40%
2026-10-08T12:54:32.4401678Z (Reading database ... 45%
2026-10-08T12:54:32.4401810Z (Reading database ... 50%
2026-10-08T12:54:32.4401944Z (Reading database ... 55%
2026-10-08T12:54:32.4402079Z (Reading database ... 60%
2026-10-08T12:54:32.4402213Z (Reading database ... 65%
2026-10-08T12:54:32.4402351Z (Reading database ... 70%
2026-10-08T12:54:32.4402483Z (Reading database ... 75%
2026-10-08T12:54:32.4402652Z (Reading database ... 80%
2026-10-08T12:54:32.4402869Z (Reading database ... 85%
2026-10-08T12:54:32.4403074Z (Reading database ... 90%
2026-10-08T12:54:32.4403287Z (Reading database ... 95%
2026-10-08T12:54:32.4403486Z (Reading database ... 100%
2026-10-08T12:54:32.4403831Z (Reading database ... 6096 files and directories currently installed.)
2026-10-08T12:54:32.4404270Z #9 4.045 Preparing to unpack .../00-libssl3_3.0.22-1~deb12u1_amd64.deb ...
2026-10-08T12:54:32.4404767Z #9 4.046 Unpacking libssl3:amd64 (3.0.22-1~deb12u1) ...
2026-10-08T12:54:32.4405026Z #9 4.133 Selecting previously unselected package libargon2-1:amd64.
2026-10-08T12:54:32.5447325Z #9 4.134 Preparing to unpack .../01-libargon2-1_0~20171227-0.3+deb12u1_amd64.deb ...
2026-10-08T12:54:32.5447871Z #9 4.135 Unpacking libargon2-1:amd64 (0~20171227-0.3+deb12u1) ...
2026-10-08T12:54:32.5448260Z #9 4.142 Selecting previously unselected package dmsetup.
2026-10-08T12:54:32.5448661Z #9 4.143 Preparing to unpack .../02-dmsetup_2%3a1.02.185-2_amd64.deb ...
2026-10-08T12:54:32.5449288Z #9 4.143 Unpacking dmsetup (2:1.02.185-2) ...
2026-10-08T12:54:32.5449675Z #9 4.154 Selecting previously unselected package libdevmapper1.02.1:amd64.
2026-10-08T12:54:32.5450157Z #9 4.155 Preparing to unpack .../03-libdevmapper1.02.1_2%3a1.02.185-2_amd64.deb ...
2026-10-08T12:54:32.5450587Z #9 4.156 Unpacking libdevmapper1.02.1:amd64 (2:1.02.185-2) ...
2026-10-08T12:54:32.5451101Z #9 4.169 Selecting previously unselected package libjson-c5:amd64.
2026-10-08T12:54:32.5451531Z #9 4.170 Preparing to unpack .../04-libjson-c5_0.16-2_amd64.deb ...
2026-10-08T12:54:32.5451878Z #9 4.171 Unpacking libjson-c5:amd64 (0.16-2) ...
2026-10-08T12:54:32.5452260Z #9 4.179 Selecting previously unselected package libcryptsetup12:amd64.
2026-10-08T12:54:32.5452738Z #9 4.180 Preparing to unpack .../05-libcryptsetup12_2%3a2.6.1-4~deb12u2_amd64.deb ...
2026-10-08T12:54:32.5453180Z #9 4.181 Unpacking libcryptsetup12:amd64 (2:2.6.1-4~deb12u2) ...
2026-10-08T12:54:32.5453580Z #9 4.198 Selecting previously unselected package libfdisk1:amd64.
2026-10-08T12:54:32.5454016Z #9 4.199 Preparing to unpack .../06-libfdisk1_2.38.1-5+deb12u3_amd64.deb ...
2026-10-08T12:54:32.5454459Z #9 4.199 Unpacking libfdisk1:amd64 (2.38.1-5+deb12u3) ...
2026-10-08T12:54:32.5454858Z #9 4.216 Selecting previously unselected package libkmod2:amd64.
2026-10-08T12:54:32.5455376Z #9 4.216 Preparing to unpack .../07-libkmod2_30+20221128-1_amd64.deb ...
2026-10-08T12:54:32.5455790Z #9 4.217 Unpacking libkmod2:amd64 (30+20221128-1) ...
2026-10-08T12:54:32.5456226Z #9 4.227 Selecting previously unselected package libapparmor1:amd64.
2026-10-08T12:54:32.5456505Z #9 4.228 Preparing to unpack .../08-libapparmor1_3.0.8-3_amd64.deb ...
2026-10-08T12:54:32.5456745Z #9 4.229 Unpacking libapparmor1:amd64 (3.0.8-3) ...
2026-10-08T12:54:32.5456984Z #9 4.238 Selecting previously unselected package libip4tc2:amd64.
2026-10-08T12:54:32.6486971Z #9 4.239 Preparing to unpack .../09-libip4tc2_1.8.9-2_amd64.deb ...
2026-10-08T12:54:32.6487347Z #9 4.240 Unpacking libip4tc2:amd64 (1.8.9-2) ...
2026-10-08T12:54:32.6487626Z #9 4.247 Selecting previously unselected package libsystemd-shared:amd64.
2026-10-08T12:54:32.6487956Z #9 4.248 Preparing to unpack .../10-libsystemd-shared_252.39-1~deb12u2_amd64.deb ...
2026-10-08T12:54:32.6488262Z #9 4.248 Unpacking libsystemd-shared:amd64 (252.39-1~deb12u2) ...
2026-10-08T12:54:32.6488507Z #9 4.342 Setting up libssl3:amd64 (3.0.22-1~deb12u1) ...
2026-10-08T12:54:32.8393335Z #9 4.372 Selecting previously unselected package systemd.
2026-10-08T12:54:32.8393738Z #9 4.372 (Reading database ... 
2026-10-08T12:54:32.8393955Z (Reading database ... 5%
2026-10-08T12:54:32.8394111Z (Reading database ... 10%
2026-10-08T12:54:32.8394255Z (Reading database ... 15%
2026-10-08T12:54:32.8394398Z (Reading database ... 20%
2026-10-08T12:54:32.8394531Z (Reading database ... 25%
2026-10-08T12:54:32.8394664Z (Reading database ... 30%
2026-10-08T12:54:32.8394797Z (Reading database ... 35%
2026-10-08T12:54:32.8394945Z (Reading database ... 40%
2026-10-08T12:54:32.8395079Z (Reading database ... 45%
2026-10-08T12:54:32.8395213Z (Reading database ... 50%
2026-10-08T12:54:32.8395347Z (Reading database ... 55%
2026-10-08T12:54:32.8395479Z (Reading database ... 60%
2026-10-08T12:54:32.8395614Z (Reading database ... 65%
2026-10-08T12:54:32.8395751Z (Reading database ... 70%
2026-10-08T12:54:32.8395882Z (Reading database ... 75%
2026-10-08T12:54:32.8396015Z (Reading database ... 80%
2026-10-08T12:54:32.8396147Z (Reading database ... 85%
2026-10-08T12:54:32.8396285Z (Reading database ... 90%
2026-10-08T12:54:32.8396419Z (Reading database ... 95%
2026-10-08T12:54:32.8396599Z (Reading database ... 100%
2026-10-08T12:54:32.8396852Z (Reading database ... 6182 files and directories currently installed.)
2026-10-08T12:54:32.8397153Z #9 4.375 Preparing to unpack .../systemd_252.39-1~deb12u2_amd64.deb ...
2026-10-08T12:54:32.8397413Z #9 4.382 Unpacking systemd (252.39-1~deb12u2) ...
2026-10-08T12:54:32.8507279Z #9 4.544 Setting up libargon2-1:amd64 (0~20171227-0.3+deb12u1) ...
2026-10-08T12:54:32.9517183Z #9 4.545 Setting up libjson-c5:amd64 (0.16-2) ...
2026-10-08T12:54:32.9517572Z #9 4.547 Setting up libfdisk1:amd64 (2.38.1-5+deb12u3) ...
2026-10-08T12:54:32.9517814Z #9 4.548 Setting up libkmod2:amd64 (30+20221128-1) ...
2026-10-08T12:54:32.9518099Z #9 4.549 Setting up libapparmor1:amd64 (3.0.8-3) ...
2026-10-08T12:54:32.9518319Z #9 4.551 Setting up libip4tc2:amd64 (1.8.9-2) ...
2026-10-08T12:54:32.9518601Z #9 4.552 Setting up libsystemd-shared:amd64 (252.39-1~deb12u2) ...
2026-10-08T12:54:32.9518958Z #9 4.554 Setting up libdevmapper1.02.1:amd64 (2:1.02.185-2) ...
2026-10-08T12:54:32.9519221Z #9 4.556 Setting up libcryptsetup12:amd64 (2:2.6.1-4~deb12u2) ...
2026-10-08T12:54:32.9519449Z #9 4.557 Setting up systemd (252.39-1~deb12u2) ...
2026-10-08T12:54:32.9520228Z #9 4.564 Created symlink /etc/systemd/system/getty.target.wants/getty@tty1.service → /lib/systemd/system/getty@.service.
2026-10-08T12:54:32.9520550Z 
2026-10-08T12:54:32.9520892Z #9 4.566 Created symlink /etc/systemd/system/multi-user.target.wants/remote-fs.target → /lib/systemd/system/remote-fs.target.
2026-10-08T12:54:32.9521319Z 
2026-10-08T12:54:32.9521677Z #9 4.569 Created symlink /etc/systemd/system/sysinit.target.wants/systemd-pstore.service → /lib/systemd/system/systemd-pstore.service.
2026-10-08T12:54:32.9522075Z 
2026-10-08T12:54:32.9522244Z #9 4.571 Initializing machine ID from random generator.
2026-10-08T12:54:32.9522439Z 
2026-10-08T12:54:32.9522628Z #9 4.582 Creating group 'systemd-journal' with GID 999.
2026-10-08T12:54:32.9522832Z 
2026-10-08T12:54:32.9523010Z #9 4.582 Creating group 'systemd-network' with GID 998.
2026-10-08T12:54:32.9523195Z 
2026-10-08T12:54:32.9523531Z #9 4.582 Creating user 'systemd-network' (systemd Network Management) with UID 998 and GID 998.
2026-10-08T12:54:32.9523761Z 
2026-10-08T12:54:32.9523861Z #9 4.597 Setting up dmsetup (2:1.02.185-2) ...
2026-10-08T12:54:32.9524101Z #9 4.615 Selecting previously unselected package systemd-sysv.
2026-10-08T12:54:32.9524402Z #9 4.615 (Reading database ... 
2026-10-08T12:54:32.9524674Z (Reading database ... 5%
2026-10-08T12:54:32.9524897Z (Reading database ... 10%
2026-10-08T12:54:32.9525038Z (Reading database ... 15%
2026-10-08T12:54:32.9525176Z (Reading database ... 20%
2026-10-08T12:54:32.9525314Z (Reading database ... 25%
2026-10-08T12:54:32.9525449Z (Reading database ... 30%
2026-10-08T12:54:32.9525587Z (Reading database ... 35%
2026-10-08T12:54:32.9525772Z (Reading database ... 40%
2026-10-08T12:54:32.9526158Z (Reading database ... 45%
2026-10-08T12:54:32.9526333Z (Reading database ... 50%
2026-10-08T12:54:32.9526506Z (Reading database ... 55%
2026-10-08T12:54:32.9526639Z (Reading database ... 60%
2026-10-08T12:54:32.9526770Z (Reading database ... 65%
2026-10-08T12:54:32.9526907Z (Reading database ... 70%
2026-10-08T12:54:32.9527041Z (Reading database ... 75%
2026-10-08T12:54:32.9527175Z (Reading database ... 80%
2026-10-08T12:54:32.9527310Z (Reading database ... 85%
2026-10-08T12:54:32.9527523Z (Reading database ... 90%
2026-10-08T12:54:32.9527741Z (Reading database ... 95%
2026-10-08T12:54:32.9527877Z (Reading database ... 100%
2026-10-08T12:54:32.9528129Z (Reading database ... 7031 files and directories currently installed.)
2026-10-08T12:54:32.9528668Z #9 4.617 Preparing to unpack .../000-systemd-sysv_252.39-1~deb12u2_amd64.deb ...
2026-10-08T12:54:32.9529104Z #9 4.618 Unpacking systemd-sysv (252.39-1~deb12u2) ...
2026-10-08T12:54:32.9529520Z #9 4.628 Selecting previously unselected package libdbus-1-3:amd64.
2026-10-08T12:54:32.9530002Z #9 4.629 Preparing to unpack .../001-libdbus-1-3_1.14.10-1~deb12u1_amd64.deb ...
2026-10-08T12:54:32.9530336Z #9 4.629 Unpacking libdbus-1-3:amd64 (1.14.10-1~deb12u1) ...
2026-10-08T12:54:32.9530575Z #9 4.645 Selecting previously unselected package dbus-bin.
2026-10-08T12:54:33.0555724Z #9 4.646 Preparing to unpack .../002-dbus-bin_1.14.10-1~deb12u1_amd64.deb ...
2026-10-08T12:54:33.0556186Z #9 4.647 Unpacking dbus-bin (1.14.10-1~deb12u1) ...
2026-10-08T12:54:33.0556837Z #9 4.658 Selecting previously unselected package dbus-session-bus-common.
2026-10-08T12:54:33.0557347Z #9 4.659 Preparing to unpack .../003-dbus-session-bus-common_1.14.10-1~deb12u1_all.deb ...
2026-10-08T12:54:33.0557816Z #9 4.659 Unpacking dbus-session-bus-common (1.14.10-1~deb12u1) ...
2026-10-08T12:54:33.0558221Z #9 4.671 Selecting previously unselected package libexpat1:amd64.
2026-10-08T12:54:33.0558643Z #9 4.672 Preparing to unpack .../004-libexpat1_2.5.0-1+deb12u4_amd64.deb ...
2026-10-08T12:54:33.0559042Z #9 4.673 Unpacking libexpat1:amd64 (2.5.0-1+deb12u4) ...
2026-10-08T12:54:33.0559399Z #9 4.687 Selecting previously unselected package dbus-daemon.
2026-10-08T12:54:33.0559820Z #9 4.688 Preparing to unpack .../005-dbus-daemon_1.14.10-1~deb12u1_amd64.deb ...
2026-10-08T12:54:33.0560205Z #9 4.688 Unpacking dbus-daemon (1.14.10-1~deb12u1) ...
2026-10-08T12:54:33.0560588Z #9 4.706 Selecting previously unselected package dbus-system-bus-common.
2026-10-08T12:54:33.0561247Z #9 4.707 Preparing to unpack .../006-dbus-system-bus-common_1.14.10-1~deb12u1_all.deb ...
2026-10-08T12:54:33.0561700Z #9 4.708 Unpacking dbus-system-bus-common (1.14.10-1~deb12u1) ...
2026-10-08T12:54:33.0562058Z #9 4.720 Selecting previously unselected package dbus.
2026-10-08T12:54:33.0562435Z #9 4.721 Preparing to unpack .../007-dbus_1.14.10-1~deb12u1_amd64.deb ...
2026-10-08T12:54:33.0562811Z #9 4.722 Unpacking dbus (1.14.10-1~deb12u1) ...
2026-10-08T12:54:33.0563207Z #9 4.734 Selecting previously unselected package libncursesw6:amd64.
2026-10-08T12:54:33.0563678Z #9 4.735 Preparing to unpack .../008-libncursesw6_6.4-4_amd64.deb ...
2026-10-08T12:54:33.0564083Z #9 4.736 Unpacking libncursesw6:amd64 (6.4-4) ...
2026-10-08T12:54:33.0564527Z #9 4.749 Selecting previously unselected package libproc2-0:amd64.
2026-10-08T12:54:33.1597060Z #9 4.750 Preparing to unpack .../009-libproc2-0_2%3a4.0.2-3_amd64.deb ...
2026-10-08T12:54:33.1597541Z #9 4.751 Unpacking libproc2-0:amd64 (2:4.0.2-3) ...
2026-10-08T12:54:33.1597895Z #9 4.761 Selecting previously unselected package procps.
2026-10-08T12:54:33.1598322Z #9 4.762 Preparing to unpack .../010-procps_2%3a4.0.2-3_amd64.deb ...
2026-10-08T12:54:33.1598658Z #9 4.766 Unpacking procps (2:4.0.2-3) ...
2026-10-08T12:54:33.1599019Z #9 4.810 Selecting previously unselected package libpam-systemd:amd64.
2026-10-08T12:54:33.1599489Z #9 4.810 Preparing to unpack .../011-libpam-systemd_252.39-1~deb12u2_amd64.deb ...
2026-10-08T12:54:33.1599917Z #9 4.811 Unpacking libpam-systemd:amd64 (252.39-1~deb12u2) ...
2026-10-08T12:54:33.1600538Z #9 4.829 Selecting previously unselected package hicolor-icon-theme.
2026-10-08T12:54:33.1601089Z #9 4.830 Preparing to unpack .../012-hicolor-icon-theme_0.17-2_all.deb ...
2026-10-08T12:54:33.1601464Z #9 4.831 Unpacking hicolor-icon-theme (0.17-2) ...
2026-10-08T12:54:33.1601855Z #9 4.853 Selecting previously unselected package libgdk-pixbuf2.0-common.
2026-10-08T12:54:33.2599564Z #9 4.854 Preparing to unpack .../013-libgdk-pixbuf2.0-common_2.42.10+dfsg-1+deb12u4_all.deb ...
2026-10-08T12:54:33.2600008Z #9 4.855 Unpacking libgdk-pixbuf2.0-common (2.42.10+dfsg-1+deb12u4) ...
2026-10-08T12:54:33.2600340Z #9 4.881 Selecting previously unselected package libglib2.0-0:amd64.
2026-10-08T12:54:33.2600649Z #9 4.882 Preparing to unpack .../014-libglib2.0-0_2.74.6-2+deb12u9_amd64.deb ...
2026-10-08T12:54:33.2601069Z #9 4.883 Unpacking libglib2.0-0:amd64 (2.74.6-2+deb12u9) ...
2026-10-08T12:54:33.2601324Z #9 4.952 Selecting previously unselected package libicu72:amd64.
2026-10-08T12:54:33.2601612Z #9 4.953 Preparing to unpack .../015-libicu72_72.1-3+deb12u1_amd64.deb ...
2026-10-08T12:54:33.4109368Z #9 4.954 Unpacking libicu72:amd64 (72.1-3+deb12u1) ...
2026-10-08T12:54:33.5987404Z #9 5.292 Selecting previously unselected package libxml2:amd64.
2026-10-08T12:54:33.6994622Z #9 5.293 Preparing to unpack .../016-libxml2_2.9.14+dfsg-1.3~deb12u6_amd64.deb ...
2026-10-08T12:54:33.6995022Z #9 5.293 Unpacking libxml2:amd64 (2.9.14+dfsg-1.3~deb12u6) ...
2026-10-08T12:54:33.6995396Z #9 5.329 Selecting previously unselected package shared-mime-info.
2026-10-08T12:54:33.6995910Z #9 5.330 Preparing to unpack .../017-shared-mime-info_2.2-1_amd64.deb ...
2026-10-08T12:54:33.6996245Z #9 5.331 Unpacking shared-mime-info (2.2-1) ...
2026-10-08T12:54:33.6996503Z #9 5.375 Selecting previously unselected package libjpeg62-turbo:amd64.
2026-10-08T12:54:33.6996907Z #9 5.376 Preparing to unpack .../018-libjpeg62-turbo_1%3a2.1.5-2_amd64.deb ...
2026-10-08T12:54:33.6997382Z #9 5.377 Unpacking libjpeg62-turbo:amd64 (1:2.1.5-2) ...
2026-10-08T12:54:33.6997784Z #9 5.392 Selecting previously unselected package libpng16-16:amd64.
2026-10-08T12:54:33.6998283Z #9 5.393 Preparing to unpack .../019-libpng16-16_1.6.39-2+deb12u6_amd64.deb ...
2026-10-08T12:54:33.7999681Z #9 5.393 Unpacking libpng16-16:amd64 (1.6.39-2+deb12u6) ...
2026-10-08T12:54:33.8000341Z #9 5.412 Selecting previously unselected package libdeflate0:amd64.
2026-10-08T12:54:33.8000930Z #9 5.413 Preparing to unpack .../020-libdeflate0_1.14-1_amd64.deb ...
2026-10-08T12:54:33.8001576Z #9 5.413 Unpacking libdeflate0:amd64 (1.14-1) ...
2026-10-08T12:54:33.8002073Z #9 5.423 Selecting previously unselected package libjbig0:amd64.
2026-10-08T12:54:33.8002604Z #9 5.424 Preparing to unpack .../021-libjbig0_2.1-6.1_amd64.deb ...
2026-10-08T12:54:33.8003081Z #9 5.425 Unpacking libjbig0:amd64 (2.1-6.1) ...
2026-10-08T12:54:33.8003546Z #9 5.434 Selecting previously unselected package liblerc4:amd64.
2026-10-08T12:54:33.8003940Z #9 5.435 Preparing to unpack .../022-liblerc4_4.0.0+ds-2_amd64.deb ...
2026-10-08T12:54:33.8004178Z #9 5.436 Unpacking liblerc4:amd64 (4.0.0+ds-2) ...
2026-10-08T12:54:33.8004413Z #9 5.451 Selecting previously unselected package libwebp7:amd64.
2026-10-08T12:54:33.8004690Z #9 5.452 Preparing to unpack .../023-libwebp7_1.2.4-0.2+deb12u1_amd64.deb ...
2026-10-08T12:54:33.8004980Z #9 5.453 Unpacking libwebp7:amd64 (1.2.4-0.2+deb12u1) ...
2026-10-08T12:54:33.8005339Z #9 5.475 Selecting previously unselected package libtiff6:amd64.
2026-10-08T12:54:33.8005621Z #9 5.476 Preparing to unpack .../024-libtiff6_4.5.0-6+deb12u4_amd64.deb ...
2026-10-08T12:54:33.8006245Z #9 5.476 Unpacking libtiff6:amd64 (4.5.0-6+deb12u4) ...
2026-10-08T12:54:33.8006763Z #9 5.493 Selecting previously unselected package libgdk-pixbuf-2.0-0:amd64.
2026-10-08T12:54:33.9839631Z #9 5.494 Preparing to unpack .../025-libgdk-pixbuf-2.0-0_2.42.10+dfsg-1+deb12u4_amd64.deb ...
2026-10-08T12:54:33.9840536Z #9 5.495 Unpacking libgdk-pixbuf-2.0-0:amd64 (2.42.10+dfsg-1+deb12u4) ...
2026-10-08T12:54:33.9841199Z #9 5.509 Selecting previously unselected package gtk-update-icon-cache.
2026-10-08T12:54:33.9841586Z #9 5.510 Preparing to unpack .../026-gtk-update-icon-cache_3.24.38-2~deb12u3_amd64.deb ...
2026-10-08T12:54:33.9841970Z #9 5.511 Unpacking gtk-update-icon-cache (3.24.38-2~deb12u3) ...
2026-10-08T12:54:33.9842305Z #9 5.526 Selecting previously unselected package adwaita-icon-theme.
2026-10-08T12:54:33.9842741Z #9 5.526 Preparing to unpack .../027-adwaita-icon-theme_43-1_all.deb ...
2026-10-08T12:54:33.9843050Z #9 5.527 Unpacking adwaita-icon-theme (43-1) ...
2026-10-08T12:54:34.1777150Z #9 5.870 Selecting previously unselected package at-spi2-common.
2026-10-08T12:54:34.2820461Z #9 5.872 Preparing to unpack .../028-at-spi2-common_2.46.0-5_all.deb ...
2026-10-08T12:54:34.2820911Z #9 5.873 Unpacking at-spi2-common (2.46.0-5) ...
2026-10-08T12:54:34.2821380Z #9 5.890 Selecting previously unselected package bubblewrap.
2026-10-08T12:54:34.2821844Z #9 5.891 Preparing to unpack .../029-bubblewrap_0.8.0-2+deb12u1_amd64.deb ...
2026-10-08T12:54:34.2822226Z #9 5.891 Unpacking bubblewrap (0.8.0-2+deb12u1) ...
2026-10-08T12:54:34.2822592Z #9 5.900 Selecting previously unselected package libasound2-data.
2026-10-08T12:54:34.2823010Z #9 5.901 Preparing to unpack .../030-libasound2-data_1.2.8-1_all.deb ...
2026-10-08T12:54:34.2823369Z #9 5.902 Unpacking libasound2-data (1.2.8-1) ...
2026-10-08T12:54:34.2823736Z #9 5.913 Selecting previously unselected package libasound2:amd64.
2026-10-08T12:54:34.2824154Z #9 5.914 Preparing to unpack .../031-libasound2_1.2.8-1+b1_amd64.deb ...
2026-10-08T12:54:34.2824777Z #9 5.915 Unpacking libasound2:amd64 (1.2.8-1+b1) ...
2026-10-08T12:54:34.2825139Z #9 5.940 Selecting previously unselected package libatk1.0-0:amd64.
2026-10-08T12:54:34.2825542Z #9 5.941 Preparing to unpack .../032-libatk1.0-0_2.46.0-5_amd64.deb ...
2026-10-08T12:54:34.2825897Z #9 5.941 Unpacking libatk1.0-0:amd64 (2.46.0-5) ...
2026-10-08T12:54:34.2826245Z #9 5.951 Selecting previously unselected package libxau6:amd64.
2026-10-08T12:54:34.2826645Z #9 5.952 Preparing to unpack .../033-libxau6_1%3a1.0.9-1_amd64.deb ...
2026-10-08T12:54:34.2826991Z #9 5.953 Unpacking libxau6:amd64 (1:1.0.9-1) ...
2026-10-08T12:54:34.2827330Z #9 5.961 Selecting previously unselected package libbsd0:amd64.
2026-10-08T12:54:34.2827714Z #9 5.962 Preparing to unpack .../034-libbsd0_0.11.7-2_amd64.deb ...
2026-10-08T12:54:34.2828049Z #9 5.963 Unpacking libbsd0:amd64 (0.11.7-2) ...
2026-10-08T12:54:34.2828392Z #9 5.975 Selecting previously unselected package libxdmcp6:amd64.
2026-10-08T12:54:34.3836366Z #9 5.977 Preparing to unpack .../035-libxdmcp6_1%3a1.1.2-3_amd64.deb ...
2026-10-08T12:54:34.3836717Z #9 5.977 Unpacking libxdmcp6:amd64 (1:1.1.2-3) ...
2026-10-08T12:54:34.3836977Z #9 5.986 Selecting previously unselected package libxcb1:amd64.
2026-10-08T12:54:34.3837249Z #9 5.987 Preparing to unpack .../036-libxcb1_1.15-1_amd64.deb ...
2026-10-08T12:54:34.3837480Z #9 5.988 Unpacking libxcb1:amd64 (1.15-1) ...
2026-10-08T12:54:34.3837744Z #9 5.999 Selecting previously unselected package libx11-data.
2026-10-08T12:54:34.3838035Z #9 6.000 Preparing to unpack .../037-libx11-data_2%3a1.8.4-2+deb12u2_all.deb ...
2026-10-08T12:54:34.3838309Z #9 6.000 Unpacking libx11-data (2:1.8.4-2+deb12u2) ...
2026-10-08T12:54:34.3838553Z #9 6.024 Selecting previously unselected package libx11-6:amd64.
2026-10-08T12:54:34.3838836Z #9 6.025 Preparing to unpack .../038-libx11-6_2%3a1.8.4-2+deb12u2_amd64.deb ...
2026-10-08T12:54:34.3839121Z #9 6.025 Unpacking libx11-6:amd64 (2:1.8.4-2+deb12u2) ...
2026-10-08T12:54:34.3839373Z #9 6.064 Selecting previously unselected package libxext6:amd64.
2026-10-08T12:54:34.3839649Z #9 6.066 Preparing to unpack .../039-libxext6_2%3a1.3.4-1+b1_amd64.deb ...
2026-10-08T12:54:34.3839895Z #9 6.066 Unpacking libxext6:amd64 (2:1.3.4-1+b1) ...
2026-10-08T12:54:34.3840129Z #9 6.077 Selecting previously unselected package libxi6:amd64.
2026-10-08T12:54:34.5369174Z #9 6.078 Preparing to unpack .../040-libxi6_2%3a1.8-1+b1_amd64.deb ...
2026-10-08T12:54:34.5369863Z #9 6.079 Unpacking libxi6:amd64 (2:1.8-1+b1) ...
2026-10-08T12:54:34.5370249Z #9 6.090 Selecting previously unselected package libatspi2.0-0:amd64.
2026-10-08T12:54:34.5370679Z #9 6.091 Preparing to unpack .../041-libatspi2.0-0_2.46.0-5_amd64.deb ...
2026-10-08T12:54:34.5371165Z #9 6.091 Unpacking libatspi2.0-0:amd64 (2.46.0-5) ...
2026-10-08T12:54:34.5371560Z #9 6.103 Selecting previously unselected package libatk-bridge2.0-0:amd64.
2026-10-08T12:54:34.5372015Z #9 6.104 Preparing to unpack .../042-libatk-bridge2.0-0_2.46.0-5_amd64.deb ...
2026-10-08T12:54:34.5372424Z #9 6.105 Unpacking libatk-bridge2.0-0:amd64 (2.46.0-5) ...
2026-10-08T12:54:34.5372805Z #9 6.115 Selecting previously unselected package libbrotli1:amd64.
2026-10-08T12:54:34.5373210Z #9 6.116 Preparing to unpack .../043-libbrotli1_1.0.9-2+b6_amd64.deb ...
2026-10-08T12:54:34.5373568Z #9 6.118 Unpacking libbrotli1:amd64 (1.0.9-2+b6) ...
2026-10-08T12:54:34.5373943Z #9 6.139 Selecting previously unselected package libfreetype6:amd64.
2026-10-08T12:54:34.5374404Z #9 6.140 Preparing to unpack .../044-libfreetype6_2.12.1+dfsg-5+deb12u4_amd64.deb ...
2026-10-08T12:54:34.5374832Z #9 6.140 Unpacking libfreetype6:amd64 (2.12.1+dfsg-5+deb12u4) ...
2026-10-08T12:54:34.5375226Z #9 6.166 Selecting previously unselected package fonts-dejavu-core.
2026-10-08T12:54:34.5375636Z #9 6.167 Preparing to unpack .../045-fonts-dejavu-core_2.37-6_all.deb ...
2026-10-08T12:54:34.5375984Z #9 6.168 Unpacking fonts-dejavu-core (2.37-6) ...
2026-10-08T12:54:34.5376479Z #9 6.230 Selecting previously unselected package fontconfig-config.
2026-10-08T12:54:34.6375241Z #9 6.232 Preparing to unpack .../046-fontconfig-config_2.14.1-4_amd64.deb ...
2026-10-08T12:54:34.6375598Z #9 6.274 Unpacking fontconfig-config (2.14.1-4) ...
2026-10-08T12:54:34.6375890Z #9 6.289 Selecting previously unselected package libfontconfig1:amd64.
2026-10-08T12:54:34.6376195Z #9 6.290 Preparing to unpack .../047-libfontconfig1_2.14.1-4_amd64.deb ...
2026-10-08T12:54:34.6376549Z #9 6.291 Unpacking libfontconfig1:amd64 (2.14.1-4) ...
2026-10-08T12:54:34.6376809Z #9 6.305 Selecting previously unselected package libpixman-1-0:amd64.
2026-10-08T12:54:34.6377162Z #9 6.306 Preparing to unpack .../048-libpixman-1-0_0.42.2-1_amd64.deb ...
2026-10-08T12:54:34.6377526Z #9 6.307 Unpacking libpixman-1-0:amd64 (0.42.2-1) ...
2026-10-08T12:54:34.6377942Z #9 6.330 Selecting previously unselected package libxcb-render0:amd64.
2026-10-08T12:54:34.6378438Z #9 6.331 Preparing to unpack .../049-libxcb-render0_1.15-1_amd64.deb ...
2026-10-08T12:54:34.7377115Z #9 6.331 Unpacking libxcb-render0:amd64 (1.15-1) ...
2026-10-08T12:54:34.7377602Z #9 6.344 Selecting previously unselected package libxcb-shm0:amd64.
2026-10-08T12:54:34.7378036Z #9 6.346 Preparing to unpack .../050-libxcb-shm0_1.15-1_amd64.deb ...
2026-10-08T12:54:34.7378405Z #9 6.347 Unpacking libxcb-shm0:amd64 (1.15-1) ...
2026-10-08T12:54:34.7378776Z #9 6.359 Selecting previously unselected package libxrender1:amd64.
2026-10-08T12:54:34.7379253Z #9 6.360 Preparing to unpack .../051-libxrender1_1%3a0.9.10-1.1_amd64.deb ...
2026-10-08T12:54:34.7379647Z #9 6.361 Unpacking libxrender1:amd64 (1:0.9.10-1.1) ...
2026-10-08T12:54:34.7380037Z #9 6.369 Selecting previously unselected package libcairo2:amd64.
2026-10-08T12:54:34.7380444Z #9 6.371 Preparing to unpack .../052-libcairo2_1.16.0-7_amd64.deb ...
2026-10-08T12:54:34.7380794Z #9 6.371 Unpacking libcairo2:amd64 (1.16.0-7) ...
2026-10-08T12:54:34.7381314Z #9 6.403 Selecting previously unselected package libavahi-common-data:amd64.
2026-10-08T12:54:34.7381823Z #9 6.404 Preparing to unpack .../053-libavahi-common-data_0.8-10+deb12u1_amd64.deb ...
2026-10-08T12:54:34.7382271Z #9 6.404 Unpacking libavahi-common-data:amd64 (0.8-10+deb12u1) ...
2026-10-08T12:54:34.7382697Z #9 6.419 Selecting previously unselected package libavahi-common3:amd64.
2026-10-08T12:54:34.7383160Z #9 6.420 Preparing to unpack .../054-libavahi-common3_0.8-10+deb12u1_amd64.deb ...
2026-10-08T12:54:34.7383783Z #9 6.421 Unpacking libavahi-common3:amd64 (0.8-10+deb12u1) ...
2026-10-08T12:54:34.7384190Z #9 6.431 Selecting previously unselected package libavahi-client3:amd64.
2026-10-08T12:54:34.8443888Z #9 6.433 Preparing to unpack .../055-libavahi-client3_0.8-10+deb12u1_amd64.deb ...
2026-10-08T12:54:34.8444271Z #9 6.433 Unpacking libavahi-client3:amd64 (0.8-10+deb12u1) ...
2026-10-08T12:54:34.8444571Z #9 6.443 Selecting previously unselected package libkrb5support0:amd64.
2026-10-08T12:54:34.8444897Z #9 6.444 Preparing to unpack .../056-libkrb5support0_1.20.1-2+deb12u5_amd64.deb ...
2026-10-08T12:54:34.8445239Z #9 6.445 Unpacking libkrb5support0:amd64 (1.20.1-2+deb12u5) ...
2026-10-08T12:54:34.8445512Z #9 6.454 Selecting previously unselected package libk5crypto3:amd64.
2026-10-08T12:54:34.8445813Z #9 6.455 Preparing to unpack .../057-libk5crypto3_1.20.1-2+deb12u5_amd64.deb ...
2026-10-08T12:54:34.8446091Z #9 6.457 Unpacking libk5crypto3:amd64 (1.20.1-2+deb12u5) ...
2026-10-08T12:54:34.8446360Z #9 6.484 Selecting previously unselected package libkeyutils1:amd64.
2026-10-08T12:54:34.8446651Z #9 6.485 Preparing to unpack .../058-libkeyutils1_1.6.3-2_amd64.deb ...
2026-10-08T12:54:34.8446901Z #9 6.486 Unpacking libkeyutils1:amd64 (1.6.3-2) ...
2026-10-08T12:54:34.8447144Z #9 6.494 Selecting previously unselected package libkrb5-3:amd64.
2026-10-08T12:54:34.8447432Z #9 6.495 Preparing to unpack .../059-libkrb5-3_1.20.1-2+deb12u5_amd64.deb ...
2026-10-08T12:54:34.8447698Z #9 6.497 Unpacking libkrb5-3:amd64 (1.20.1-2+deb12u5) ...
2026-10-08T12:54:34.8447962Z #9 6.522 Selecting previously unselected package libgssapi-krb5-2:amd64.
2026-10-08T12:54:34.8448450Z #9 6.523 Preparing to unpack .../060-libgssapi-krb5-2_1.20.1-2+deb12u5_amd64.deb ...
2026-10-08T12:54:34.8448738Z #9 6.524 Unpacking libgssapi-krb5-2:amd64 (1.20.1-2+deb12u5) ...
2026-10-08T12:54:34.8448996Z #9 6.538 Selecting previously unselected package libcups2:amd64.
2026-10-08T12:54:34.9533854Z #9 6.539 Preparing to unpack .../061-libcups2_2.4.2-3+deb12u9_amd64.deb ...
2026-10-08T12:54:34.9534392Z #9 6.540 Unpacking libcups2:amd64 (2.4.2-3+deb12u9) ...
2026-10-08T12:54:34.9534772Z #9 6.559 Selecting previously unselected package libdav1d6:amd64.
2026-10-08T12:54:34.9535208Z #9 6.561 Preparing to unpack .../062-libdav1d6_1.0.0-2+deb12u1_amd64.deb ...
2026-10-08T12:54:34.9535599Z #9 6.561 Unpacking libdav1d6:amd64 (1.0.0-2+deb12u1) ...
2026-10-08T12:54:34.9536082Z #9 6.594 Selecting previously unselected package libdouble-conversion3:amd64.
2026-10-08T12:54:34.9536568Z #9 6.596 Preparing to unpack .../063-libdouble-conversion3_3.2.1-1_amd64.deb ...
2026-10-08T12:54:34.9536996Z #9 6.596 Unpacking libdouble-conversion3:amd64 (3.2.1-1) ...
2026-10-08T12:54:34.9537370Z #9 6.605 Selecting previously unselected package libogg0:amd64.
2026-10-08T12:54:34.9537758Z #9 6.606 Preparing to unpack .../064-libogg0_1.3.5-3_amd64.deb ...
2026-10-08T12:54:34.9538089Z #9 6.607 Unpacking libogg0:amd64 (1.3.5-3) ...
2026-10-08T12:54:34.9538437Z #9 6.616 Selecting previously unselected package libflac12:amd64.
2026-10-08T12:54:34.9538846Z #9 6.617 Preparing to unpack .../065-libflac12_1.4.2+ds-2_amd64.deb ...
2026-10-08T12:54:34.9539199Z #9 6.618 Unpacking libflac12:amd64 (1.4.2+ds-2) ...
2026-10-08T12:54:34.9539551Z #9 6.634 Selecting previously unselected package libdrm-common.
2026-10-08T12:54:34.9539952Z #9 6.635 Preparing to unpack .../066-libdrm-common_2.4.114-1_all.deb ...
2026-10-08T12:54:34.9540300Z #9 6.636 Unpacking libdrm-common (2.4.114-1) ...
2026-10-08T12:54:34.9540645Z #9 6.647 Selecting previously unselected package libdrm2:amd64.
2026-10-08T12:54:35.0746895Z #9 6.648 Preparing to unpack .../067-libdrm2_2.4.114-1+b1_amd64.deb ...
2026-10-08T12:54:35.0747354Z #9 6.649 Unpacking libdrm2:amd64 (2.4.114-1+b1) ...
2026-10-08T12:54:35.0747764Z #9 6.658 Selecting previously unselected package libwayland-server0:amd64.
2026-10-08T12:54:35.0748230Z #9 6.659 Preparing to unpack .../068-libwayland-server0_1.21.0-1_amd64.deb ...
2026-10-08T12:54:35.0748636Z #9 6.660 Unpacking libwayland-server0:amd64 (1.21.0-1) ...
2026-10-08T12:54:35.0749260Z #9 6.669 Selecting previously unselected package libgbm1:amd64.
2026-10-08T12:54:35.0749678Z #9 6.670 Preparing to unpack .../069-libgbm1_22.3.6-1+deb12u2_amd64.deb ...
2026-10-08T12:54:35.0750063Z #9 6.671 Unpacking libgbm1:amd64 (22.3.6-1+deb12u2) ...
2026-10-08T12:54:35.0750441Z #9 6.680 Selecting previously unselected package libgraphite2-3:amd64.
2026-10-08T12:54:35.0750895Z #9 6.682 Preparing to unpack .../070-libgraphite2-3_1.3.14-1+deb12u1_amd64.deb ...
2026-10-08T12:54:35.0751405Z #9 6.682 Unpacking libgraphite2-3:amd64 (1.3.14-1+deb12u1) ...
2026-10-08T12:54:35.0751808Z #9 6.693 Selecting previously unselected package libharfbuzz0b:amd64.
2026-10-08T12:54:35.0752249Z #9 6.695 Preparing to unpack .../071-libharfbuzz0b_6.0.0+dfsg-3_amd64.deb ...
2026-10-08T12:54:35.0752638Z #9 6.696 Unpacking libharfbuzz0b:amd64 (6.0.0+dfsg-3) ...
2026-10-08T12:54:35.0753039Z #9 6.732 Selecting previously unselected package libharfbuzz-subset0:amd64.
2026-10-08T12:54:35.0753517Z #9 6.733 Preparing to unpack .../072-libharfbuzz-subset0_6.0.0+dfsg-3_amd64.deb ...
2026-10-08T12:54:35.0753939Z #9 6.734 Unpacking libharfbuzz-subset0:amd64 (6.0.0+dfsg-3) ...
2026-10-08T12:54:35.0754329Z #9 6.768 Selecting previously unselected package liblcms2-2:amd64.
2026-10-08T12:54:35.2326494Z #9 6.770 Preparing to unpack .../073-liblcms2-2_2.14-2+deb12u1_amd64.deb ...
2026-10-08T12:54:35.2327012Z #9 6.770 Unpacking liblcms2-2:amd64 (2.14-2+deb12u1) ...
2026-10-08T12:54:35.2327407Z #9 6.786 Selecting previously unselected package libminizip1:amd64.
2026-10-08T12:54:35.2328100Z #9 6.787 Preparing to unpack .../074-libminizip1_1.1-8+deb12u1_amd64.deb ...
2026-10-08T12:54:35.2328658Z #9 6.788 Unpacking libminizip1:amd64 (1.1-8+deb12u1) ...
2026-10-08T12:54:35.2329068Z #9 6.797 Selecting previously unselected package libnspr4:amd64.
2026-10-08T12:54:35.2329568Z #9 6.798 Preparing to unpack .../075-libnspr4_2%3a4.35-1_amd64.deb ...
2026-10-08T12:54:35.2329960Z #9 6.799 Unpacking libnspr4:amd64 (2:4.35-1) ...
2026-10-08T12:54:35.2330374Z #9 6.812 Selecting previously unselected package libsqlite3-0:amd64.
2026-10-08T12:54:35.2330857Z #9 6.813 Preparing to unpack .../076-libsqlite3-0_3.40.1-2+deb12u2_amd64.deb ...
2026-10-08T12:54:35.2331873Z #9 6.814 Unpacking libsqlite3-0:amd64 (3.40.1-2+deb12u2) ...
2026-10-08T12:54:35.2332428Z #9 6.852 Selecting previously unselected package libnss3:amd64.
2026-10-08T12:54:35.2333006Z #9 6.853 Preparing to unpack .../077-libnss3_2%3a3.87.1-1+deb12u4_amd64.deb ...
2026-10-08T12:54:35.2333510Z #9 6.854 Unpacking libnss3:amd64 (2:3.87.1-1+deb12u4) ...
2026-10-08T12:54:35.2334062Z #9 6.926 Selecting previously unselected package libopenh264-7:amd64.
2026-10-08T12:54:35.3836374Z #9 6.927 Preparing to unpack .../078-libopenh264-7_2.3.1+dfsg-3+deb12u2_amd64.deb ...
2026-10-08T12:54:35.3836903Z #9 6.928 Unpacking libopenh264-7:amd64 (2.3.1+dfsg-3+deb12u2) ...
2026-10-08T12:54:35.3837329Z #9 6.955 Selecting previously unselected package libopenjp2-7:amd64.
2026-10-08T12:54:35.3837825Z #9 6.957 Preparing to unpack .../079-libopenjp2-7_2.5.0-2+deb12u3_amd64.deb ...
2026-10-08T12:54:35.3838233Z #9 6.957 Unpacking libopenjp2-7:amd64 (2.5.0-2+deb12u3) ...
2026-10-08T12:54:35.3838614Z #9 6.973 Selecting previously unselected package libopus0:amd64.
2026-10-08T12:54:35.3839007Z #9 6.974 Preparing to unpack .../080-libopus0_1.3.1-3_amd64.deb ...
2026-10-08T12:54:35.3839348Z #9 6.975 Unpacking libopus0:amd64 (1.3.1-3) ...
2026-10-08T12:54:35.3839683Z #9 6.991 Selecting previously unselected package fontconfig.
2026-10-08T12:54:35.3840083Z #9 6.993 Preparing to unpack .../081-fontconfig_2.14.1-4_amd64.deb ...
2026-10-08T12:54:35.3840453Z #9 6.993 Unpacking fontconfig (2.14.1-4) ...
2026-10-08T12:54:35.3840805Z #9 7.009 Selecting previously unselected package libfribidi0:amd64.
2026-10-08T12:54:35.3841333Z #9 7.010 Preparing to unpack .../082-libfribidi0_1.0.8-2.1_amd64.deb ...
2026-10-08T12:54:35.3841697Z #9 7.011 Unpacking libfribidi0:amd64 (1.0.8-2.1) ...
2026-10-08T12:54:35.3842250Z #9 7.021 Selecting previously unselected package libthai-data.
2026-10-08T12:54:35.3842644Z #9 7.022 Preparing to unpack .../083-libthai-data_0.1.29-1_all.deb ...
2026-10-08T12:54:35.3842989Z #9 7.023 Unpacking libthai-data (0.1.29-1) ...
2026-10-08T12:54:35.3843338Z #9 7.077 Selecting previously unselected package libdatrie1:amd64.
2026-10-08T12:54:35.4861889Z #9 7.078 Preparing to unpack .../084-libdatrie1_0.2.13-2+b1_amd64.deb ...
2026-10-08T12:54:35.4862365Z #9 7.079 Unpacking libdatrie1:amd64 (0.2.13-2+b1) ...
2026-10-08T12:54:35.4862793Z #9 7.089 Selecting previously unselected package libthai0:amd64.
2026-10-08T12:54:35.4863214Z #9 7.091 Preparing to unpack .../085-libthai0_0.1.29-1_amd64.deb ...
2026-10-08T12:54:35.4863605Z #9 7.091 Unpacking libthai0:amd64 (0.1.29-1) ...
2026-10-08T12:54:35.4863986Z #9 7.101 Selecting previously unselected package libpango-1.0-0:amd64.
2026-10-08T12:54:35.4864439Z #9 7.102 Preparing to unpack .../086-libpango-1.0-0_1.50.12+ds-1_amd64.deb ...
2026-10-08T12:54:35.4864851Z #9 7.103 Unpacking libpango-1.0-0:amd64 (1.50.12+ds-1) ...
2026-10-08T12:54:35.4865237Z #9 7.120 Selecting previously unselected package libasyncns0:amd64.
2026-10-08T12:54:35.4865652Z #9 7.122 Preparing to unpack .../087-libasyncns0_0.8-6+b3_amd64.deb ...
2026-10-08T12:54:35.4866010Z #9 7.123 Unpacking libasyncns0:amd64 (0.8-6+b3) ...
2026-10-08T12:54:35.4866423Z #9 7.130 Selecting previously unselected package libmp3lame0:amd64.
2026-10-08T12:54:35.4866832Z #9 7.131 Preparing to unpack .../088-libmp3lame0_3.100-6_amd64.deb ...
2026-10-08T12:54:35.4867375Z #9 7.132 Unpacking libmp3lame0:amd64 (3.100-6) ...
2026-10-08T12:54:35.4867735Z #9 7.150 Selecting previously unselected package libmpg123-0:amd64.
2026-10-08T12:54:35.4868165Z #9 7.152 Preparing to unpack .../089-libmpg123-0_1.31.2-1+deb12u1_amd64.deb ...
2026-10-08T12:54:35.4868567Z #9 7.152 Unpacking libmpg123-0:amd64 (1.31.2-1+deb12u1) ...
2026-10-08T12:54:35.4869013Z #9 7.166 Selecting previously unselected package libvorbis0a:amd64.
2026-10-08T12:54:35.4869424Z #9 7.167 Preparing to unpack .../090-libvorbis0a_1.3.7-1_amd64.deb ...
2026-10-08T12:54:35.4869774Z #9 7.168 Unpacking libvorbis0a:amd64 (1.3.7-1) ...
2026-10-08T12:54:35.4870141Z #9 7.180 Selecting previously unselected package libvorbisenc2:amd64.
2026-10-08T12:54:35.5873622Z #9 7.181 Preparing to unpack .../091-libvorbisenc2_1.3.7-1_amd64.deb ...
2026-10-08T12:54:35.5873952Z #9 7.182 Unpacking libvorbisenc2:amd64 (1.3.7-1) ...
2026-10-08T12:54:35.5874380Z #9 7.193 Selecting previously unselected package libsndfile1:amd64.
2026-10-08T12:54:35.5874734Z #9 7.194 Preparing to unpack .../092-libsndfile1_1.2.0-1+deb12u1_amd64.deb ...
2026-10-08T12:54:35.5875216Z #9 7.195 Unpacking libsndfile1:amd64 (1.2.0-1+deb12u1) ...
2026-10-08T12:54:35.5875654Z #9 7.211 Selecting previously unselected package libx11-xcb1:amd64.
2026-10-08T12:54:35.5876194Z #9 7.212 Preparing to unpack .../093-libx11-xcb1_2%3a1.8.4-2+deb12u2_amd64.deb ...
2026-10-08T12:54:35.5876668Z #9 7.212 Unpacking libx11-xcb1:amd64 (2:1.8.4-2+deb12u2) ...
2026-10-08T12:54:35.5877146Z #9 7.225 Selecting previously unselected package libpulse0:amd64.
2026-10-08T12:54:35.5877643Z #9 7.227 Preparing to unpack .../094-libpulse0_16.1+dfsg1-2+b1_amd64.deb ...
2026-10-08T12:54:35.5878107Z #9 7.229 Unpacking libpulse0:amd64 (16.1+dfsg1-2+b1) ...
2026-10-08T12:54:35.5878390Z #9 7.250 Selecting previously unselected package libxcomposite1:amd64.
2026-10-08T12:54:35.5878710Z #9 7.251 Preparing to unpack .../095-libxcomposite1_1%3a0.4.5-1_amd64.deb ...
2026-10-08T12:54:35.5879062Z #9 7.252 Unpacking libxcomposite1:amd64 (1:0.4.5-1) ...
2026-10-08T12:54:35.5879338Z #9 7.260 Selecting previously unselected package libxdamage1:amd64.
2026-10-08T12:54:35.5879705Z #9 7.261 Preparing to unpack .../096-libxdamage1_1%3a1.1.6-1_amd64.deb ...
2026-10-08T12:54:35.5879978Z #9 7.263 Unpacking libxdamage1:amd64 (1:1.1.6-1) ...
2026-10-08T12:54:35.5880242Z #9 7.270 Selecting previously unselected package libxfixes3:amd64.
2026-10-08T12:54:35.5880735Z #9 7.272 Preparing to unpack .../097-libxfixes3_1%3a6.0.0-2_amd64.deb ...
2026-10-08T12:54:35.5881157Z #9 7.272 Unpacking libxfixes3:amd64 (1:6.0.0-2) ...
2026-10-08T12:54:35.5881417Z #9 7.279 Selecting previously unselected package xkb-data.
2026-10-08T12:54:35.5881688Z #9 7.281 Preparing to unpack .../098-xkb-data_2.35.1-1_all.deb ...
2026-10-08T12:54:35.6938603Z #9 7.281 Unpacking xkb-data (2.35.1-1) ...
2026-10-08T12:54:35.6939019Z #9 7.334 Selecting previously unselected package libxkbcommon0:amd64.
2026-10-08T12:54:35.6939318Z #9 7.336 Preparing to unpack .../099-libxkbcommon0_1.5.0-1_amd64.deb ...
2026-10-08T12:54:35.6939611Z #9 7.336 Unpacking libxkbcommon0:amd64 (1.5.0-1) ...
2026-10-08T12:54:35.6939926Z #9 7.350 Selecting previously unselected package libxnvctrl0:amd64.
2026-10-08T12:54:35.6940239Z #9 7.352 Preparing to unpack .../100-libxnvctrl0_525.85.05-3~deb12u1_amd64.deb ...
2026-10-08T12:54:35.6940582Z #9 7.352 Unpacking libxnvctrl0:amd64 (525.85.05-3~deb12u1) ...
2026-10-08T12:54:35.6940858Z #9 7.361 Selecting previously unselected package libxrandr2:amd64.
2026-10-08T12:54:35.6941287Z #9 7.362 Preparing to unpack .../101-libxrandr2_2%3a1.5.2-2+b1_amd64.deb ...
2026-10-08T12:54:35.6941543Z #9 7.362 Unpacking libxrandr2:amd64 (2:1.5.2-2+b1) ...
2026-10-08T12:54:35.6941864Z #9 7.371 Selecting previously unselected package libcairo-gobject2:amd64.
2026-10-08T12:54:35.6942163Z #9 7.373 Preparing to unpack .../102-libcairo-gobject2_1.16.0-7_amd64.deb ...
2026-10-08T12:54:35.6942426Z #9 7.374 Unpacking libcairo-gobject2:amd64 (1.16.0-7) ...
2026-10-08T12:54:35.6942919Z #9 7.387 Selecting previously unselected package libcolord2:amd64.
2026-10-08T12:54:35.7940323Z #9 7.388 Preparing to unpack .../103-libcolord2_1.4.6-2.2_amd64.deb ...
2026-10-08T12:54:35.7940650Z #9 7.389 Unpacking libcolord2:amd64 (1.4.6-2.2) ...
2026-10-08T12:54:35.7940912Z #9 7.405 Selecting previously unselected package libepoxy0:amd64.
2026-10-08T12:54:35.7941506Z #9 7.406 Preparing to unpack .../104-libepoxy0_1.5.10-1_amd64.deb ...
2026-10-08T12:54:35.7941775Z #9 7.406 Unpacking libepoxy0:amd64 (1.5.10-1) ...
2026-10-08T12:54:35.7942052Z #9 7.425 Selecting previously unselected package libpangoft2-1.0-0:amd64.
2026-10-08T12:54:35.7942361Z #9 7.426 Preparing to unpack .../105-libpangoft2-1.0-0_1.50.12+ds-1_amd64.deb ...
2026-10-08T12:54:35.7942678Z #9 7.426 Unpacking libpangoft2-1.0-0:amd64 (1.50.12+ds-1) ...
2026-10-08T12:54:35.7942949Z #9 7.437 Selecting previously unselected package libpangocairo-1.0-0:amd64.
2026-10-08T12:54:35.7943260Z #9 7.438 Preparing to unpack .../106-libpangocairo-1.0-0_1.50.12+ds-1_amd64.deb ...
2026-10-08T12:54:35.7943548Z #9 7.439 Unpacking libpangocairo-1.0-0:amd64 (1.50.12+ds-1) ...
2026-10-08T12:54:35.7943820Z #9 7.449 Selecting previously unselected package libwayland-client0:amd64.
2026-10-08T12:54:35.7944117Z #9 7.450 Preparing to unpack .../107-libwayland-client0_1.21.0-1_amd64.deb ...
2026-10-08T12:54:35.7944379Z #9 7.451 Unpacking libwayland-client0:amd64 (1.21.0-1) ...
2026-10-08T12:54:35.7944642Z #9 7.460 Selecting previously unselected package libwayland-cursor0:amd64.
2026-10-08T12:54:35.7944934Z #9 7.461 Preparing to unpack .../108-libwayland-cursor0_1.21.0-1_amd64.deb ...
2026-10-08T12:54:35.7945291Z #9 7.462 Unpacking libwayland-cursor0:amd64 (1.21.0-1) ...
2026-10-08T12:54:35.7945711Z #9 7.476 Selecting previously unselected package libwayland-egl1:amd64.
2026-10-08T12:54:35.7946162Z #9 7.477 Preparing to unpack .../109-libwayland-egl1_1.21.0-1_amd64.deb ...
2026-10-08T12:54:35.7946561Z #9 7.478 Unpacking libwayland-egl1:amd64 (1.21.0-1) ...
2026-10-08T12:54:35.7946979Z #9 7.486 Selecting previously unselected package libxcursor1:amd64.
2026-10-08T12:54:35.7947304Z #9 7.487 Preparing to unpack .../110-libxcursor1_1%3a1.2.1-1_amd64.deb ...
2026-10-08T12:54:35.7947554Z #9 7.487 Unpacking libxcursor1:amd64 (1:1.2.1-1) ...
2026-10-08T12:54:36.0284416Z #9 7.497 Selecting previously unselected package libxinerama1:amd64.
2026-10-08T12:54:36.0285172Z #9 7.498 Preparing to unpack .../111-libxinerama1_2%3a1.1.4-3_amd64.deb ...
2026-10-08T12:54:36.0286227Z #9 7.498 Unpacking libxinerama1:amd64 (2:1.1.4-3) ...
2026-10-08T12:54:36.0286764Z #9 7.509 Selecting previously unselected package dbus-user-session.
2026-10-08T12:54:36.0287449Z #9 7.511 Preparing to unpack .../112-dbus-user-session_1.14.10-1~deb12u1_amd64.deb ...
2026-10-08T12:54:36.0288035Z #9 7.511 Unpacking dbus-user-session (1.14.10-1~deb12u1) ...
2026-10-08T12:54:36.0288575Z #9 7.522 Selecting previously unselected package libdconf1:amd64.
2026-10-08T12:54:36.0289128Z #9 7.524 Preparing to unpack .../113-libdconf1_0.40.0-4_amd64.deb ...
2026-10-08T12:54:36.0289658Z #9 7.524 Unpacking libdconf1:amd64 (0.40.0-4) ...
2026-10-08T12:54:36.0290149Z #9 7.534 Selecting previously unselected package dconf-service.
2026-10-08T12:54:36.0290709Z #9 7.535 Preparing to unpack .../114-dconf-service_0.40.0-4_amd64.deb ...
2026-10-08T12:54:36.0291326Z #9 7.536 Unpacking dconf-service (0.40.0-4) ...
2026-10-08T12:54:36.0291885Z #9 7.558 Selecting previously unselected package dconf-gsettings-backend:amd64.
2026-10-08T12:54:36.0292536Z #9 7.559 Preparing to unpack .../115-dconf-gsettings-backend_0.40.0-4_amd64.deb ...
2026-10-08T12:54:36.0293123Z #9 7.560 Unpacking dconf-gsettings-backend:amd64 (0.40.0-4) ...
2026-10-08T12:54:36.0293666Z #9 7.569 Selecting previously unselected package libgtk-3-common.
2026-10-08T12:54:36.0294467Z #9 7.570 Preparing to unpack .../116-libgtk-3-common_3.24.38-2~deb12u3_all.deb ...
2026-10-08T12:54:36.0294897Z #9 7.571 Unpacking libgtk-3-common (3.24.38-2~deb12u3) ...
2026-10-08T12:54:36.0621968Z #9 7.755 Selecting previously unselected package libgtk-3-0:amd64.
2026-10-08T12:54:36.2102856Z #9 7.757 Preparing to unpack .../117-libgtk-3-0_3.24.38-2~deb12u3_amd64.deb ...
2026-10-08T12:54:36.2103209Z #9 7.757 Unpacking libgtk-3-0:amd64 (3.24.38-2~deb12u3) ...
2026-10-08T12:54:36.2103504Z #9 7.904 Selecting previously unselected package libfontenc1:amd64.
2026-10-08T12:54:36.3113686Z #9 7.905 Preparing to unpack .../118-libfontenc1_1%3a1.1.4-1_amd64.deb ...
2026-10-08T12:54:36.3114079Z #9 7.906 Unpacking libfontenc1:amd64 (1:1.1.4-1) ...
2026-10-08T12:54:36.3114334Z #9 7.915 Selecting previously unselected package libglvnd0:amd64.
2026-10-08T12:54:36.3114619Z #9 7.916 Preparing to unpack .../119-libglvnd0_1.6.0-1_amd64.deb ...
2026-10-08T12:54:36.3114910Z #9 7.917 Unpacking libglvnd0:amd64 (1.6.0-1) ...
2026-10-08T12:54:36.3115155Z #9 7.928 Selecting previously unselected package libglapi-mesa:amd64.
2026-10-08T12:54:36.3115482Z #9 7.930 Preparing to unpack .../120-libglapi-mesa_22.3.6-1+deb12u2_amd64.deb ...
2026-10-08T12:54:36.3115917Z #9 7.930 Unpacking libglapi-mesa:amd64 (22.3.6-1+deb12u2) ...
2026-10-08T12:54:36.3116306Z #9 7.940 Selecting previously unselected package libxcb-dri2-0:amd64.
2026-10-08T12:54:36.3116649Z #9 7.941 Preparing to unpack .../121-libxcb-dri2-0_1.15-1_amd64.deb ...
2026-10-08T12:54:36.3117039Z #9 7.942 Unpacking libxcb-dri2-0:amd64 (1.15-1) ...
2026-10-08T12:54:36.3117416Z #9 7.955 Selecting previously unselected package libxcb-dri3-0:amd64.
2026-10-08T12:54:36.3117763Z #9 7.957 Preparing to unpack .../122-libxcb-dri3-0_1.15-1_amd64.deb ...
2026-10-08T12:54:36.3118065Z #9 7.957 Unpacking libxcb-dri3-0:amd64 (1.15-1) ...
2026-10-08T12:54:36.3118304Z #9 7.970 Selecting previously unselected package libxcb-glx0:amd64.
2026-10-08T12:54:36.3118566Z #9 7.971 Preparing to unpack .../123-libxcb-glx0_1.15-1_amd64.deb ...
2026-10-08T12:54:36.3118795Z #9 7.972 Unpacking libxcb-glx0:amd64 (1.15-1) ...
2026-10-08T12:54:36.3119044Z #9 7.987 Selecting previously unselected package libxcb-present0:amd64.
2026-10-08T12:54:36.3119358Z #9 7.988 Preparing to unpack .../124-libxcb-present0_1.15-1_amd64.deb ...
2026-10-08T12:54:36.3119605Z #9 7.989 Unpacking libxcb-present0:amd64 (1.15-1) ...
2026-10-08T12:54:36.3119849Z #9 8.003 Selecting previously unselected package libxcb-randr0:amd64.
2026-10-08T12:54:36.3120121Z #9 8.005 Preparing to unpack .../125-libxcb-randr0_1.15-1_amd64.deb ...
2026-10-08T12:54:36.4164544Z #9 8.005 Unpacking libxcb-randr0:amd64 (1.15-1) ...
2026-10-08T12:54:36.4165306Z #9 8.019 Selecting previously unselected package libxcb-sync1:amd64.
2026-10-08T12:54:36.4165754Z #9 8.021 Preparing to unpack .../126-libxcb-sync1_1.15-1_amd64.deb ...
2026-10-08T12:54:36.4166123Z #9 8.022 Unpacking libxcb-sync1:amd64 (1.15-1) ...
2026-10-08T12:54:36.4166504Z #9 8.036 Selecting previously unselected package libxcb-xfixes0:amd64.
2026-10-08T12:54:36.4166937Z #9 8.037 Preparing to unpack .../127-libxcb-xfixes0_1.15-1_amd64.deb ...
2026-10-08T12:54:36.4167305Z #9 8.038 Unpacking libxcb-xfixes0:amd64 (1.15-1) ...
2026-10-08T12:54:36.4167698Z #9 8.068 Selecting previously unselected package libxshmfence1:amd64.
2026-10-08T12:54:36.4168115Z #9 8.069 Preparing to unpack .../128-libxshmfence1_1.3-1_amd64.deb ...
2026-10-08T12:54:36.4168469Z #9 8.070 Unpacking libxshmfence1:amd64 (1.3-1) ...
2026-10-08T12:54:36.4168832Z #9 8.078 Selecting previously unselected package libxxf86vm1:amd64.
2026-10-08T12:54:36.4169263Z #9 8.079 Preparing to unpack .../129-libxxf86vm1_1%3a1.1.4-1+b2_amd64.deb ...
2026-10-08T12:54:36.4169660Z #9 8.079 Unpacking libxxf86vm1:amd64 (1:1.1.4-1+b2) ...
2026-10-08T12:54:36.4170038Z #9 8.088 Selecting previously unselected package libdrm-amdgpu1:amd64.
2026-10-08T12:54:36.4170481Z #9 8.089 Preparing to unpack .../130-libdrm-amdgpu1_2.4.114-1+b1_amd64.deb ...
2026-10-08T12:54:36.4170876Z #9 8.089 Unpacking libdrm-amdgpu1:amd64 (2.4.114-1+b1) ...
2026-10-08T12:54:36.4171385Z #9 8.098 Selecting previously unselected package libpciaccess0:amd64.
2026-10-08T12:54:36.4171801Z #9 8.099 Preparing to unpack .../131-libpciaccess0_0.17-2_amd64.deb ...
2026-10-08T12:54:36.4172286Z #9 8.100 Unpacking libpciaccess0:amd64 (0.17-2) ...
2026-10-08T12:54:36.4172652Z #9 8.110 Selecting previously unselected package libdrm-intel1:amd64.
2026-10-08T12:54:36.6570092Z #9 8.111 Preparing to unpack .../132-libdrm-intel1_2.4.114-1+b1_amd64.deb ...
2026-10-08T12:54:36.6570460Z #9 8.112 Unpacking libdrm-intel1:amd64 (2.4.114-1+b1) ...
2026-10-08T12:54:36.6570791Z #9 8.123 Selecting previously unselected package libdrm-nouveau2:amd64.
2026-10-08T12:54:36.6571251Z #9 8.125 Preparing to unpack .../133-libdrm-nouveau2_2.4.114-1+b1_amd64.deb ...
2026-10-08T12:54:36.6571528Z #9 8.125 Unpacking libdrm-nouveau2:amd64 (2.4.114-1+b1) ...
2026-10-08T12:54:36.6571792Z #9 8.134 Selecting previously unselected package libdrm-radeon1:amd64.
2026-10-08T12:54:36.6572096Z #9 8.135 Preparing to unpack .../134-libdrm-radeon1_2.4.114-1+b1_amd64.deb ...
2026-10-08T12:54:36.6572360Z #9 8.135 Unpacking libdrm-radeon1:amd64 (2.4.114-1+b1) ...
2026-10-08T12:54:36.6572632Z #9 8.144 Selecting previously unselected package libelf1:amd64.
2026-10-08T12:54:36.6572902Z #9 8.145 Preparing to unpack .../135-libelf1_0.188-2.1_amd64.deb ...
2026-10-08T12:54:36.6573133Z #9 8.146 Unpacking libelf1:amd64 (0.188-2.1) ...
2026-10-08T12:54:36.6573367Z #9 8.163 Selecting previously unselected package libedit2:amd64.
2026-10-08T12:54:36.6573638Z #9 8.164 Preparing to unpack .../136-libedit2_3.1-20221030-2_amd64.deb ...
2026-10-08T12:54:36.6573899Z #9 8.165 Unpacking libedit2:amd64 (3.1-20221030-2) ...
2026-10-08T12:54:36.6574144Z #9 8.178 Selecting previously unselected package libz3-4:amd64.
2026-10-08T12:54:36.6574412Z #9 8.180 Preparing to unpack .../137-libz3-4_4.8.12-3.1_amd64.deb ...
2026-10-08T12:54:36.6574659Z #9 8.200 Unpacking libz3-4:amd64 (4.8.12-3.1) ...
2026-10-08T12:54:36.8577540Z #9 8.551 Selecting previously unselected package libllvm15:amd64.
2026-10-08T12:54:37.0103278Z #9 8.552 Preparing to unpack .../138-libllvm15_1%3a15.0.6-4+b1_amd64.deb ...
2026-10-08T12:54:37.0103866Z #9 8.553 Unpacking libllvm15:amd64 (1:15.0.6-4+b1) ...
2026-10-08T12:54:37.3955625Z #9 9.089 Selecting previously unselected package libsensors-config.
2026-10-08T12:54:37.5747565Z #9 9.090 Preparing to unpack .../139-libsensors-config_1%3a3.6.0-7.1_all.deb ...
2026-10-08T12:54:37.5747980Z #9 9.091 Unpacking libsensors-config (1:3.6.0-7.1) ...
2026-10-08T12:54:37.5748263Z #9 9.100 Selecting previously unselected package libsensors5:amd64.
2026-10-08T12:54:37.5748788Z #9 9.101 Preparing to unpack .../140-libsensors5_1%3a3.6.0-7.1_amd64.deb ...
2026-10-08T12:54:37.5749052Z #9 9.103 Unpacking libsensors5:amd64 (1:3.6.0-7.1) ...
2026-10-08T12:54:37.5749324Z #9 9.114 Selecting previously unselected package libgl1-mesa-dri:amd64.
2026-10-08T12:54:37.5749662Z #9 9.115 Preparing to unpack .../141-libgl1-mesa-dri_22.3.6-1+deb12u2_amd64.deb ...
2026-10-08T12:54:37.5749960Z #9 9.118 Unpacking libgl1-mesa-dri:amd64 (22.3.6-1+deb12u2) ...
2026-10-08T12:54:37.7661192Z #9 9.459 Selecting previously unselected package libglx-mesa0:amd64.
2026-10-08T12:54:37.8702420Z #9 9.461 Preparing to unpack .../142-libglx-mesa0_22.3.6-1+deb12u2_amd64.deb ...
2026-10-08T12:54:37.8702791Z #9 9.477 Unpacking libglx-mesa0:amd64 (22.3.6-1+deb12u2) ...
2026-10-08T12:54:37.8703089Z #9 9.493 Selecting previously unselected package libglx0:amd64.
2026-10-08T12:54:37.8703390Z #9 9.495 Preparing to unpack .../143-libglx0_1.6.0-1_amd64.deb ...
2026-10-08T12:54:37.8703630Z #9 9.496 Unpacking libglx0:amd64 (1.6.0-1) ...
2026-10-08T12:54:37.8703926Z #9 9.507 Selecting previously unselected package libgl1:amd64.
2026-10-08T12:54:37.8704198Z #9 9.508 Preparing to unpack .../144-libgl1_1.6.0-1_amd64.deb ...
2026-10-08T12:54:37.8704435Z #9 9.509 Unpacking libgl1:amd64 (1.6.0-1) ...
2026-10-08T12:54:37.8704689Z #9 9.522 Selecting previously unselected package x11-common.
2026-10-08T12:54:37.8704970Z #9 9.523 Preparing to unpack .../145-x11-common_1%3a7.7+23_all.deb ...
2026-10-08T12:54:37.8705214Z #9 9.524 Unpacking x11-common (1:7.7+23) ...
2026-10-08T12:54:37.8705632Z #9 9.538 Selecting previously unselected package libice6:amd64.
2026-10-08T12:54:37.8705916Z #9 9.540 Preparing to unpack .../146-libice6_2%3a1.0.10-1_amd64.deb ...
2026-10-08T12:54:37.8706160Z #9 9.540 Unpacking libice6:amd64 (2:1.0.10-1) ...
2026-10-08T12:54:37.8706412Z #9 9.552 Selecting previously unselected package libsm6:amd64.
2026-10-08T12:54:37.8706674Z #9 9.553 Preparing to unpack .../147-libsm6_2%3a1.2.3-1_amd64.deb ...
2026-10-08T12:54:37.8706914Z #9 9.554 Unpacking libsm6:amd64 (2:1.2.3-1) ...
2026-10-08T12:54:37.8707167Z #9 9.564 Selecting previously unselected package libxt6:amd64.
2026-10-08T12:54:37.9737706Z #9 9.565 Preparing to unpack .../148-libxt6_1%3a1.2.1-1.1_amd64.deb ...
2026-10-08T12:54:37.9738114Z #9 9.565 Unpacking libxt6:amd64 (1:1.2.1-1.1) ...
2026-10-08T12:54:37.9738357Z #9 9.583 Selecting previously unselected package libxmu6:amd64.
2026-10-08T12:54:37.9738662Z #9 9.584 Preparing to unpack .../149-libxmu6_2%3a1.1.3-3_amd64.deb ...
2026-10-08T12:54:37.9738956Z #9 9.585 Unpacking libxmu6:amd64 (2:1.1.3-3) ...
2026-10-08T12:54:37.9739185Z #9 9.595 Selecting previously unselected package libxpm4:amd64.
2026-10-08T12:54:37.9739536Z #9 9.596 Preparing to unpack .../150-libxpm4_1%3a3.5.12-1.1+deb12u1_amd64.deb ...
2026-10-08T12:54:37.9739810Z #9 9.597 Unpacking libxpm4:amd64 (1:3.5.12-1.1+deb12u1) ...
2026-10-08T12:54:37.9740048Z #9 9.607 Selecting previously unselected package libxaw7:amd64.
2026-10-08T12:54:37.9740376Z #9 9.608 Preparing to unpack .../151-libxaw7_2%3a1.0.14-1_amd64.deb ...
2026-10-08T12:54:37.9740612Z #9 9.609 Unpacking libxaw7:amd64 (2:1.0.14-1) ...
2026-10-08T12:54:37.9740857Z #9 9.627 Selecting previously unselected package libxcb-shape0:amd64.
2026-10-08T12:54:37.9741338Z #9 9.628 Preparing to unpack .../152-libxcb-shape0_1.15-1_amd64.deb ...
2026-10-08T12:54:37.9741572Z #9 9.629 Unpacking libxcb-shape0:amd64 (1.15-1) ...
2026-10-08T12:54:37.9741896Z #9 9.642 Selecting previously unselected package libxft2:amd64.
2026-10-08T12:54:37.9742155Z #9 9.643 Preparing to unpack .../153-libxft2_2.3.6-1_amd64.deb ...
2026-10-08T12:54:37.9742373Z #9 9.644 Unpacking libxft2:amd64 (2.3.6-1) ...
2026-10-08T12:54:37.9742672Z #9 9.654 Selecting previously unselected package libxkbfile1:amd64.
2026-10-08T12:54:37.9742945Z #9 9.655 Preparing to unpack .../154-libxkbfile1_1%3a1.1.0-1_amd64.deb ...
2026-10-08T12:54:37.9743187Z #9 9.656 Unpacking libxkbfile1:amd64 (1:1.1.0-1) ...
2026-10-08T12:54:37.9743646Z #9 9.667 Selecting previously unselected package libxmuu1:amd64.
2026-10-08T12:54:38.2017209Z #9 9.668 Preparing to unpack .../155-libxmuu1_2%3a1.1.3-3_amd64.deb ...
2026-10-08T12:54:38.2021710Z #9 9.669 Unpacking libxmuu1:amd64 (2:1.1.3-3) ...
2026-10-08T12:54:38.2022227Z #9 9.677 Selecting previously unselected package libxtst6:amd64.
2026-10-08T12:54:38.2022977Z #9 9.679 Preparing to unpack .../156-libxtst6_2%3a1.2.3-1.1_amd64.deb ...
2026-10-08T12:54:38.2023491Z #9 9.679 Unpacking libxtst6:amd64 (2:1.2.3-1.1) ...
2026-10-08T12:54:38.2023983Z #9 9.688 Selecting previously unselected package libxv1:amd64.
2026-10-08T12:54:38.2024491Z #9 9.689 Preparing to unpack .../157-libxv1_2%3a1.0.11-1.1_amd64.deb ...
2026-10-08T12:54:38.2024966Z #9 9.689 Unpacking libxv1:amd64 (2:1.0.11-1.1) ...
2026-10-08T12:54:38.2025432Z #9 9.699 Selecting previously unselected package libxxf86dga1:amd64.
2026-10-08T12:54:38.2025978Z #9 9.700 Preparing to unpack .../158-libxxf86dga1_2%3a1.1.5-1_amd64.deb ...
2026-10-08T12:54:38.2026474Z #9 9.700 Unpacking libxxf86dga1:amd64 (2:1.1.5-1) ...
2026-10-08T12:54:38.2026944Z #9 9.710 Selecting previously unselected package x11-utils.
2026-10-08T12:54:38.2027432Z #9 9.711 Preparing to unpack .../159-x11-utils_7.7+5_amd64.deb ...
2026-10-08T12:54:38.2027870Z #9 9.712 Unpacking x11-utils (7.7+5) ...
2026-10-08T12:54:38.2028296Z #9 9.730 Selecting previously unselected package xdg-utils.
2026-10-08T12:54:38.2028794Z #9 9.731 Preparing to unpack .../160-xdg-utils_1.1.3-4.1_all.deb ...
2026-10-08T12:54:38.2029241Z #9 9.732 Unpacking xdg-utils (1.1.3-4.1) ...
2026-10-08T12:54:38.2029964Z #9 9.743 Selecting previously unselected package chromium-common.
2026-10-08T12:54:38.2030540Z #9 9.744 Preparing to unpack .../161-chromium-common_154.0.8037.92-1~deb12u1_amd64.deb ...
2026-10-08T12:54:38.2031259Z #9 9.745 Unpacking chromium-common (154.0.8037.92-1~deb12u1) ...
2026-10-08T12:54:38.4382220Z #9 10.13 Selecting previously unselected package chromium.
2026-10-08T12:54:38.5905986Z #9 10.13 Preparing to unpack .../162-chromium_154.0.8037.92-1~deb12u1_amd64.deb ...
2026-10-08T12:54:38.5906531Z #9 10.13 Unpacking chromium (154.0.8037.92-1~deb12u1) ...
2026-10-08T12:54:39.8482480Z #9 11.54 Selecting previously unselected package tini.
2026-10-08T12:54:39.9486369Z #9 11.54 Preparing to unpack .../163-tini_0.19.0-1+b3_amd64.deb ...
2026-10-08T12:54:39.9486674Z #9 11.54 Unpacking tini (0.19.0-1+b3) ...
2026-10-08T12:54:39.9486904Z #9 11.60 Setting up libexpat1:amd64 (2.5.0-1+deb12u4) ...
2026-10-08T12:54:39.9487134Z #9 11.60 Setting up bubblewrap (0.8.0-2+deb12u1) ...
2026-10-08T12:54:39.9487701Z #9 11.60 sysctl: cannot open "/etc/sysctl.d/99-sysctl.conf": No such file or directory
2026-10-08T12:54:39.9488142Z #9 11.60 Setting up libgraphite2-3:amd64 (1.3.14-1+deb12u1) ...
2026-10-08T12:54:39.9488495Z #9 11.60 Setting up liblcms2-2:amd64 (2.14-2+deb12u1) ...
2026-10-08T12:54:39.9488823Z #9 11.60 Setting up libpixman-1-0:amd64 (0.42.2-1) ...
2026-10-08T12:54:39.9489169Z #9 11.61 Setting up libwayland-server0:amd64 (1.21.0-1) ...
2026-10-08T12:54:39.9489514Z #9 11.61 Setting up libpciaccess0:amd64 (0.17-2) ...
2026-10-08T12:54:39.9489832Z #9 11.61 Setting up systemd-sysv (252.39-1~deb12u2) ...
2026-10-08T12:54:39.9490148Z #9 11.61 Setting up libxau6:amd64 (1:1.0.9-1) ...
2026-10-08T12:54:39.9490480Z #9 11.61 Setting up libdouble-conversion3:amd64 (3.2.1-1) ...
2026-10-08T12:54:39.9490809Z #9 11.61 Setting up libkeyutils1:amd64 (1.6.3-2) ...
2026-10-08T12:54:39.9491279Z #9 11.62 Setting up libicu72:amd64 (72.1-3+deb12u1) ...
2026-10-08T12:54:39.9491502Z #9 11.62 Setting up libmpg123-0:amd64 (1.31.2-1+deb12u1) ...
2026-10-08T12:54:39.9491802Z #9 11.62 Setting up libogg0:amd64 (1.3.5-3) ...
2026-10-08T12:54:39.9492130Z #9 11.62 Setting up liblerc4:amd64 (4.0.0+ds-2) ...
2026-10-08T12:54:39.9492462Z #9 11.62 Setting up hicolor-icon-theme (0.17-2) ...
2026-10-08T12:54:39.9492818Z #9 11.63 Setting up libdatrie1:amd64 (0.2.13-2+b1) ...
2026-10-08T12:54:39.9493067Z #9 11.63 Setting up libminizip1:amd64 (1.1-8+deb12u1) ...
2026-10-08T12:54:39.9493425Z #9 11.63 Setting up libglib2.0-0:amd64 (2.74.6-2+deb12u9) ...
2026-10-08T12:54:39.9493640Z #9 11.64 Setting up libglvnd0:amd64 (1.6.0-1) ...
2026-10-08T12:54:39.9493878Z #9 11.64 Setting up libbrotli1:amd64 (1.0.9-2+b6) ...
2026-10-08T12:54:39.9494201Z #9 11.64 Setting up libsqlite3-0:amd64 (3.40.1-2+deb12u2) ...
2026-10-08T12:54:40.0501192Z #9 11.64 Setting up libgdk-pixbuf2.0-common (2.42.10+dfsg-1+deb12u4) ...
2026-10-08T12:54:40.0501607Z #9 11.64 Setting up x11-common (1:7.7+23) ...
2026-10-08T12:54:40.0501841Z #9 11.69 debconf: unable to initialize frontend: Dialog
2026-10-08T12:54:40.0502234Z #9 11.69 debconf: (TERM is not set, so the dialog frontend is not usable.)
2026-10-08T12:54:40.0502665Z #9 11.69 debconf: falling back to frontend: Readline
2026-10-08T12:54:40.0503045Z #9 11.69 debconf: unable to initialize frontend: Readline
2026-10-08T12:54:40.0504354Z #9 11.69 debconf: (Can't locate Term/ReadLine.pm in @INC (you may need to install the Term::ReadLine module) (@INC contains: /etc/perl /usr/local/lib/x86_64-linux-gnu/perl/5.36.0 /usr/local/share/perl/5.36.0 /usr/lib/x86_64-linux-gnu/perl5/5.36 /usr/share/perl5 /usr/lib/x86_64-linux-gnu/perl-base /usr/lib/x86_64-linux-gnu/perl/5.36 /usr/share/perl/5.36 /usr/local/lib/site_perl) at /usr/share/perl5/Debconf/FrontEnd/Readline.pm line 7.)
2026-10-08T12:54:40.0505299Z #9 11.69 debconf: falling back to frontend: Teletype
2026-10-08T12:54:40.0505682Z #9 11.70 invoke-rc.d: could not determine current runlevel
2026-10-08T12:54:40.0505934Z #9 11.70 invoke-rc.d: policy-rc.d denied execution of restart.
2026-10-08T12:54:40.0508942Z #9 11.70 Setting up libsensors-config (1:3.6.0-7.1) ...
2026-10-08T12:54:40.0509186Z #9 11.70 Setting up libdeflate0:amd64 (1.14-1) ...
2026-10-08T12:54:40.0509391Z #9 11.70 Setting up xkb-data (2.35.1-1) ...
2026-10-08T12:54:40.0509594Z #9 11.71 Setting up libjbig0:amd64 (2.1-6.1) ...
2026-10-08T12:54:40.0509964Z #9 11.71 Setting up libcolord2:amd64 (1.4.6-2.2) ...
2026-10-08T12:54:40.0510232Z #9 11.71 Setting up libkrb5support0:amd64 (1.20.1-2+deb12u5) ...
2026-10-08T12:54:40.0510471Z #9 11.71 Setting up libdconf1:amd64 (0.40.0-4) ...
2026-10-08T12:54:40.0510685Z #9 11.71 Setting up libasound2-data (1.2.8-1) ...
2026-10-08T12:54:40.0511081Z #9 11.71 Setting up libfontenc1:amd64 (1:1.1.4-1) ...
2026-10-08T12:54:40.0511427Z #9 11.72 Setting up libz3-4:amd64 (4.8.12-3.1) ...
2026-10-08T12:54:40.0511762Z #9 11.72 Setting up libflac12:amd64 (1.4.2+ds-2) ...
2026-10-08T12:54:40.0512321Z #9 11.72 Setting up libjpeg62-turbo:amd64 (1:2.1.5-2) ...
2026-10-08T12:54:40.0512639Z #9 11.72 Setting up libx11-data (2:1.8.4-2+deb12u2) ...
2026-10-08T12:54:40.0512993Z #9 11.72 Setting up libepoxy0:amd64 (1.5.10-1) ...
2026-10-08T12:54:40.0513382Z #9 11.72 Setting up libnspr4:amd64 (2:4.35-1) ...
2026-10-08T12:54:40.0513632Z #9 11.72 Setting up libavahi-common-data:amd64 (0.8-10+deb12u1) ...
2026-10-08T12:54:40.0514025Z #9 11.73 Setting up libdbus-1-3:amd64 (1.14.10-1~deb12u1) ...
2026-10-08T12:54:40.0514260Z #9 11.73 Setting up libfribidi0:amd64 (1.0.8-2.1) ...
2026-10-08T12:54:40.0514476Z #9 11.73 Setting up libopus0:amd64 (1.3.1-3) ...
2026-10-08T12:54:40.0514688Z #9 11.73 Setting up libproc2-0:amd64 (2:4.0.2-3) ...
2026-10-08T12:54:40.0515078Z #9 11.73 Setting up libpng16-16:amd64 (1.6.39-2+deb12u6) ...
2026-10-08T12:54:40.0515342Z #9 11.73 Setting up libvorbis0a:amd64 (1.3.7-1) ...
2026-10-08T12:54:40.0515543Z #9 11.73 Setting up tini (0.19.0-1+b3) ...
2026-10-08T12:54:40.0515742Z #9 11.74 Setting up fonts-dejavu-core (2.37-6) ...
2026-10-08T12:54:40.0515988Z #9 11.74 Setting up libsensors5:amd64 (1:3.6.0-7.1) ...
2026-10-08T12:54:40.1655955Z #9 11.74 Setting up libncursesw6:amd64 (6.4-4) ...
2026-10-08T12:54:40.1656339Z #9 11.75 Setting up libk5crypto3:amd64 (1.20.1-2+deb12u5) ...
2026-10-08T12:54:40.1656595Z #9 11.75 Setting up libdav1d6:amd64 (1.0.0-2+deb12u1) ...
2026-10-08T12:54:40.1656847Z #9 11.75 Setting up libglapi-mesa:amd64 (22.3.6-1+deb12u2) ...
2026-10-08T12:54:40.1657103Z #9 11.75 Setting up libopenh264-7:amd64 (2.3.1+dfsg-3+deb12u2) ...
2026-10-08T12:54:40.1657531Z #9 11.75 Setting up libwebp7:amd64 (1.2.4-0.2+deb12u1) ...
2026-10-08T12:54:40.1657801Z #9 11.75 Setting up libasyncns0:amd64 (0.8-6+b3) ...
2026-10-08T12:54:40.1658017Z #9 11.76 Setting up libxshmfence1:amd64 (1.3-1) ...
2026-10-08T12:54:40.1658236Z #9 11.76 Setting up at-spi2-common (2.46.0-5) ...
2026-10-08T12:54:40.1658466Z #9 11.76 Setting up libtiff6:amd64 (4.5.0-6+deb12u4) ...
2026-10-08T12:54:40.1658715Z #9 11.76 Setting up dbus-session-bus-common (1.14.10-1~deb12u1) ...
2026-10-08T12:54:40.1658964Z #9 11.76 Setting up procps (2:4.0.2-3) ...
2026-10-08T12:54:40.1659167Z #9 11.78 Setting up libasound2:amd64 (1.2.8-1+b1) ...
2026-10-08T12:54:40.1659393Z #9 11.78 Setting up libopenjp2-7:amd64 (2.5.0-2+deb12u3) ...
2026-10-08T12:54:40.1659604Z #9 11.78 Setting up libthai-data (0.1.29-1) ...
2026-10-08T12:54:40.1659882Z #9 11.78 Setting up libatk1.0-0:amd64 (2.46.0-5) ...
2026-10-08T12:54:40.1660100Z #9 11.78 Setting up libkrb5-3:amd64 (1.20.1-2+deb12u5) ...
2026-10-08T12:54:40.1660326Z #9 11.78 Setting up libwayland-egl1:amd64 (1.21.0-1) ...
2026-10-08T12:54:40.1660563Z #9 11.78 Setting up dbus-system-bus-common (1.14.10-1~deb12u1) ...
2026-10-08T12:54:40.1660787Z #9 11.81 Setting up libbsd0:amd64 (0.11.7-2) ...
2026-10-08T12:54:40.1661137Z #9 11.81 Setting up libdrm-common (2.4.114-1) ...
2026-10-08T12:54:40.1661437Z #9 11.82 Setting up libelf1:amd64 (0.188-2.1) ...
2026-10-08T12:54:40.1661778Z #9 11.82 Setting up libxml2:amd64 (2.9.14+dfsg-1.3~deb12u6) ...
2026-10-08T12:54:40.1662097Z #9 11.82 Setting up xdg-utils (1.1.3-4.1) ...
2026-10-08T12:54:40.1664897Z #9 11.82 update-alternatives: using /usr/bin/xdg-open to provide /usr/bin/open (open) in auto mode
2026-10-08T12:54:40.1665483Z #9 11.82 update-alternatives: warning: skip creation of /usr/share/man/man1/open.1.gz because associated file /usr/share/man/man1/xdg-open.1.gz (of link group open) doesn't exist
2026-10-08T12:54:40.1665936Z #9 11.82 Setting up dbus-bin (1.14.10-1~deb12u1) ...
2026-10-08T12:54:40.1666181Z #9 11.86 Setting up libmp3lame0:amd64 (3.100-6) ...
2026-10-08T12:54:40.2709977Z #9 11.86 Setting up libvorbisenc2:amd64 (1.3.7-1) ...
2026-10-08T12:54:40.2710533Z #9 11.86 Setting up libxkbcommon0:amd64 (1.5.0-1) ...
2026-10-08T12:54:40.2711142Z #9 11.86 Setting up libwayland-client0:amd64 (1.21.0-1) ...
2026-10-08T12:54:40.2711683Z #9 11.87 Setting up libice6:amd64 (2:1.0.10-1) ...
2026-10-08T12:54:40.2711951Z #9 11.87 Setting up libxdmcp6:amd64 (1:1.1.2-3) ...
2026-10-08T12:54:40.2712196Z #9 11.87 Setting up libxcb1:amd64 (1.15-1) ...
2026-10-08T12:54:40.2712506Z #9 11.87 Setting up libxcb-xfixes0:amd64 (1.15-1) ...
2026-10-08T12:54:40.2712732Z #9 11.87 Setting up libxcb-render0:amd64 (1.15-1) ...
2026-10-08T12:54:40.2712951Z #9 11.87 Setting up fontconfig-config (2.14.1-4) ...
2026-10-08T12:54:40.2713171Z #9 11.91 debconf: unable to initialize frontend: Dialog
2026-10-08T12:54:40.2713437Z #9 11.91 debconf: (TERM is not set, so the dialog frontend is not usable.)
2026-10-08T12:54:40.2713687Z #9 11.91 debconf: falling back to frontend: Readline
2026-10-08T12:54:40.2713923Z #9 11.91 debconf: unable to initialize frontend: Readline
2026-10-08T12:54:40.2715066Z #9 11.91 debconf: (Can't locate Term/ReadLine.pm in @INC (you may need to install the Term::ReadLine module) (@INC contains: /etc/perl /usr/local/lib/x86_64-linux-gnu/perl/5.36.0 /usr/local/share/perl/5.36.0 /usr/lib/x86_64-linux-gnu/perl5/5.36 /usr/share/perl5 /usr/lib/x86_64-linux-gnu/perl-base /usr/lib/x86_64-linux-gnu/perl/5.36 /usr/share/perl/5.36 /usr/local/lib/site_perl) at /usr/share/perl5/Debconf/FrontEnd/Readline.pm line 7.)
2026-10-08T12:54:40.2715955Z #9 11.91 debconf: falling back to frontend: Teletype
2026-10-08T12:54:40.2716248Z #9 11.96 Setting up libxcb-glx0:amd64 (1.15-1) ...
2026-10-08T12:54:40.4568758Z #9 11.97 Setting up libedit2:amd64 (3.1-20221030-2) ...
2026-10-08T12:54:40.4569068Z #9 11.97 Setting up libxcb-shape0:amd64 (1.15-1) ...
2026-10-08T12:54:40.4569320Z #9 11.97 Setting up libavahi-common3:amd64 (0.8-10+deb12u1) ...
2026-10-08T12:54:40.4569768Z #9 11.97 Setting up libnss3:amd64 (2:3.87.1-1+deb12u4) ...
2026-10-08T12:54:40.4569990Z #9 11.97 Setting up libxcb-shm0:amd64 (1.15-1) ...
2026-10-08T12:54:40.4570204Z #9 11.97 Setting up dbus-daemon (1.14.10-1~deb12u1) ...
2026-10-08T12:54:40.4570428Z #9 11.98 Setting up libxcb-present0:amd64 (1.15-1) ...
2026-10-08T12:54:40.4570636Z #9 11.98 Setting up libthai0:amd64 (0.1.29-1) ...
2026-10-08T12:54:40.4570893Z #9 11.98 Setting up libfreetype6:amd64 (2.12.1+dfsg-5+deb12u4) ...
2026-10-08T12:54:40.4571295Z #9 11.98 Setting up libxcb-sync1:amd64 (1.15-1) ...
2026-10-08T12:54:40.4571509Z #9 11.99 Setting up dbus (1.14.10-1~deb12u1) ...
2026-10-08T12:54:40.4571733Z #9 12.00 invoke-rc.d: could not determine current runlevel
2026-10-08T12:54:40.4571974Z #9 12.00 invoke-rc.d: policy-rc.d denied execution of start.
2026-10-08T12:54:40.4572191Z #9 12.00 Setting up shared-mime-info (2.2-1) ...
2026-10-08T12:54:40.6875540Z #9 12.38 Setting up libgssapi-krb5-2:amd64 (1.20.1-2+deb12u5) ...
2026-10-08T12:54:40.7881970Z #9 12.38 Setting up libxcb-dri2-0:amd64 (1.15-1) ...
2026-10-08T12:54:40.7882410Z #9 12.38 Setting up libdrm2:amd64 (2.4.114-1+b1) ...
2026-10-08T12:54:40.7882818Z #9 12.39 Setting up libwayland-cursor0:amd64 (1.21.0-1) ...
2026-10-08T12:54:40.7883182Z #9 12.39 Setting up libxcb-randr0:amd64 (1.15-1) ...
2026-10-08T12:54:40.7883538Z #9 12.39 Setting up libllvm15:amd64 (1:15.0.6-4+b1) ...
2026-10-08T12:54:40.7883909Z #9 12.39 Setting up libpam-systemd:amd64 (252.39-1~deb12u2) ...
2026-10-08T12:54:40.7884284Z #9 12.43 debconf: unable to initialize frontend: Dialog
2026-10-08T12:54:40.7884903Z #9 12.43 debconf: (TERM is not set, so the dialog frontend is not usable.)
2026-10-08T12:54:40.7885299Z #9 12.43 debconf: falling back to frontend: Readline
2026-10-08T12:54:40.7885661Z #9 12.43 debconf: unable to initialize frontend: Readline
2026-10-08T12:54:40.7887497Z #9 12.43 debconf: (Can't locate Term/ReadLine.pm in @INC (you may need to install the Term::ReadLine module) (@INC contains: /etc/perl /usr/local/lib/x86_64-linux-gnu/perl/5.36.0 /usr/local/share/perl/5.36.0 /usr/lib/x86_64-linux-gnu/perl5/5.36 /usr/share/perl5 /usr/lib/x86_64-linux-gnu/perl-base /usr/lib/x86_64-linux-gnu/perl/5.36 /usr/share/perl/5.36 /usr/local/lib/site_perl) at /usr/share/perl5/Debconf/FrontEnd/Readline.pm line 7.)
2026-10-08T12:54:40.7888524Z #9 12.43 debconf: falling back to frontend: Teletype
2026-10-08T12:54:40.7888750Z #9 12.45 Setting up libx11-6:amd64 (2:1.8.4-2+deb12u2) ...
2026-10-08T12:54:40.7888977Z #9 12.45 Setting up libharfbuzz0b:amd64 (6.0.0+dfsg-3) ...
2026-10-08T12:54:40.7889246Z #9 12.46 Setting up libgdk-pixbuf-2.0-0:amd64 (2.42.10+dfsg-1+deb12u4) ...
2026-10-08T12:54:40.7889497Z #9 12.46 Setting up libfontconfig1:amd64 (2.14.1-4) ...
2026-10-08T12:54:40.7889721Z #9 12.46 Setting up libsndfile1:amd64 (1.2.0-1+deb12u1) ...
2026-10-08T12:54:40.7889942Z #9 12.47 Setting up libxkbfile1:amd64 (1:1.1.0-1) ...
2026-10-08T12:54:40.7890159Z #9 12.47 Setting up libxcomposite1:amd64 (1:0.4.5-1) ...
2026-10-08T12:54:40.7890365Z #9 12.47 Setting up libsm6:amd64 (2:1.2.3-1) ...
2026-10-08T12:54:40.7890592Z #9 12.47 Setting up libavahi-client3:amd64 (0.8-10+deb12u1) ...
2026-10-08T12:54:40.7890814Z #9 12.47 Setting up libxmuu1:amd64 (2:1.1.3-3) ...
2026-10-08T12:54:40.7891201Z #9 12.47 Setting up libdrm-amdgpu1:amd64 (2.4.114-1+b1) ...
2026-10-08T12:54:40.7891518Z #9 12.47 Setting up libxcb-dri3-0:amd64 (1.15-1) ...
2026-10-08T12:54:40.7891751Z #9 12.48 Setting up gtk-update-icon-cache (3.24.38-2~deb12u3) ...
2026-10-08T12:54:40.7892058Z #9 12.48 Setting up libx11-xcb1:amd64 (2:1.8.4-2+deb12u2) ...
2026-10-08T12:54:40.7892273Z #9 12.48 Setting up fontconfig (2.14.1-4) ...
2026-10-08T12:54:42.7944405Z #9 12.48 Regenerating fonts cache... done.
2026-10-08T12:54:42.8962858Z #9 14.49 Setting up libdrm-nouveau2:amd64 (2.4.114-1+b1) ...
2026-10-08T12:54:42.8963276Z #9 14.49 Setting up libxdamage1:amd64 (1:1.1.6-1) ...
2026-10-08T12:54:42.8963522Z #9 14.49 Setting up libxpm4:amd64 (1:3.5.12-1.1+deb12u1) ...
2026-10-08T12:54:42.8963964Z #9 14.49 Setting up libxrender1:amd64 (1:0.9.10-1.1) ...
2026-10-08T12:54:42.8964228Z #9 14.49 Setting up libgbm1:amd64 (22.3.6-1+deb12u2) ...
2026-10-08T12:54:42.8964455Z #9 14.50 Setting up libpulse0:amd64 (16.1+dfsg1-2+b1) ...
2026-10-08T12:54:42.8964778Z #9 14.50 Setting up libdrm-radeon1:amd64 (2.4.114-1+b1) ...
2026-10-08T12:54:42.8965016Z #9 14.50 Setting up libpango-1.0-0:amd64 (1.50.12+ds-1) ...
2026-10-08T12:54:42.8965244Z #9 14.50 Setting up libdrm-intel1:amd64 (2.4.114-1+b1) ...
2026-10-08T12:54:42.8965482Z #9 14.50 Setting up libgl1-mesa-dri:amd64 (22.3.6-1+deb12u2) ...
2026-10-08T12:54:42.8965729Z #9 14.51 Setting up libxext6:amd64 (2:1.3.4-1+b1) ...
2026-10-08T12:54:42.8966019Z #9 14.51 Setting up libcairo2:amd64 (1.16.0-7) ...
2026-10-08T12:54:42.8966238Z #9 14.51 Setting up libxxf86vm1:amd64 (1:1.1.4-1+b2) ...
2026-10-08T12:54:42.8966471Z #9 14.51 Setting up libxnvctrl0:amd64 (525.85.05-3~deb12u1) ...
2026-10-08T12:54:42.8966713Z #9 14.52 Setting up dbus-user-session (1.14.10-1~deb12u1) ...
2026-10-08T12:54:42.8966935Z #9 14.53 Setting up adwaita-icon-theme (43-1) ...
2026-10-08T12:54:42.8967452Z #9 14.56 update-alternatives: using /usr/share/icons/Adwaita/cursor.theme to provide /usr/share/icons/default/index.theme (x-cursor-theme) in auto mode
2026-10-08T12:54:42.8967861Z #9 14.56 Setting up libxfixes3:amd64 (1:6.0.0-2) ...
2026-10-08T12:54:42.8968086Z #9 14.57 Setting up libxinerama1:amd64 (2:1.1.4-3) ...
2026-10-08T12:54:42.8968345Z #9 14.57 Setting up libxv1:amd64 (2:1.0.11-1.1) ...
2026-10-08T12:54:42.8968734Z #9 14.57 Setting up libxrandr2:amd64 (2:1.5.2-2+b1) ...
2026-10-08T12:54:42.8968943Z #9 14.57 Setting up libxt6:amd64 (1:1.2.1-1.1) ...
2026-10-08T12:54:42.8969158Z #9 14.57 Setting up libcups2:amd64 (2.4.2-3+deb12u9) ...
2026-10-08T12:54:42.8969398Z #9 14.57 Setting up libharfbuzz-subset0:amd64 (6.0.0+dfsg-3) ...
2026-10-08T12:54:42.8969646Z #9 14.58 Setting up libcairo-gobject2:amd64 (1.16.0-7) ...
2026-10-08T12:54:42.8969880Z #9 14.58 Setting up libpangoft2-1.0-0:amd64 (1.50.12+ds-1) ...
2026-10-08T12:54:42.8970196Z #9 14.58 Setting up libpangocairo-1.0-0:amd64 (1.50.12+ds-1) ...
2026-10-08T12:54:42.8970422Z #9 14.58 Setting up libxft2:amd64 (2.3.6-1) ...
2026-10-08T12:54:42.8970619Z #9 14.58 Setting up libxmu6:amd64 (2:1.1.3-3) ...
2026-10-08T12:54:42.8970840Z #9 14.58 Setting up libglx-mesa0:amd64 (22.3.6-1+deb12u2) ...
2026-10-08T12:54:42.8971196Z #9 14.58 Setting up libxi6:amd64 (2:1.8-1+b1) ...
2026-10-08T12:54:42.8971466Z #9 14.59 Setting up libglx0:amd64 (1.6.0-1) ...
2026-10-08T12:54:42.8971694Z #9 14.59 Setting up libxtst6:amd64 (2:1.2.3-1.1) ...
2026-10-08T12:54:42.8971908Z #9 14.59 Setting up libxcursor1:amd64 (1:1.2.1-1) ...
2026-10-08T12:54:43.1170497Z #9 14.59 Setting up libxxf86dga1:amd64 (2:1.1.5-1) ...
2026-10-08T12:54:43.1170825Z #9 14.59 Setting up dconf-service (0.40.0-4) ...
2026-10-08T12:54:43.1171210Z #9 14.59 Setting up libxaw7:amd64 (2:1.0.14-1) ...
2026-10-08T12:54:43.1171428Z #9 14.63 Setting up libatspi2.0-0:amd64 (2.46.0-5) ...
2026-10-08T12:54:43.1171699Z #9 14.63 Setting up libatk-bridge2.0-0:amd64 (2.46.0-5) ...
2026-10-08T12:54:43.1171917Z #9 14.63 Setting up libgl1:amd64 (1.6.0-1) ...
2026-10-08T12:54:43.1172107Z #9 14.63 Setting up x11-utils (7.7+5) ...
2026-10-08T12:54:43.1172334Z #9 14.64 Setting up chromium-common (154.0.8037.92-1~deb12u1) ...
2026-10-08T12:54:43.1172590Z #9 14.64 Setting up dconf-gsettings-backend:amd64 (0.40.0-4) ...
2026-10-08T12:54:43.1172834Z #9 14.64 Setting up libgtk-3-common (3.24.38-2~deb12u3) ...
2026-10-08T12:54:43.1173069Z #9 14.64 Setting up libgtk-3-0:amd64 (3.24.38-2~deb12u3) ...
2026-10-08T12:54:43.1173311Z #9 14.65 Setting up chromium (154.0.8037.92-1~deb12u1) ...
2026-10-08T12:54:43.1173686Z #9 14.66 update-alternatives: using /usr/bin/chromium to provide /usr/bin/x-www-browser (x-www-browser) in auto mode
2026-10-08T12:54:43.1174185Z #9 14.66 update-alternatives: using /usr/bin/chromium to provide /usr/bin/gnome-www-browser (gnome-www-browser) in auto mode
2026-10-08T12:54:43.1174755Z #9 14.66 Processing triggers for libc-bin (2.36-9+deb12u14) ...
2026-10-08T12:54:46.4138443Z #9 DONE 18.1s
2026-10-08T12:54:46.5362832Z 
2026-10-08T12:54:46.5363680Z #10 [ 5/11] COPY package.json pnpm-lock.yaml pnpm-workspace.yaml ./
2026-10-08T12:54:46.5364146Z #10 DONE 0.0s
2026-10-08T12:54:46.5364265Z 
2026-10-08T12:54:46.5364445Z #11 [ 6/11] RUN pnpm install --frozen-lockfile
2026-10-08T12:54:46.5365026Z #11 0.110 ! Corepack is about to download https://registry.npmjs.org/pnpm/-/pnpm-10.18.3.tgz
2026-10-08T12:54:47.2665690Z #11 0.840 Lockfile is up to date, resolution step is skipped
2026-10-08T12:54:47.4754689Z #11 0.872 Progress: resolved 1, reused 0, downloaded 0, added 0
2026-10-08T12:54:47.4755124Z #11 0.899 Packages: +408
2026-10-08T12:54:47.4755510Z #11 0.899 ++++++++++++++++++++++++++++++++++++++++++++++++++++++++++++++++++++++++++++++++
2026-10-08T12:54:47.4756266Z #11 1.050 
2026-10-08T12:54:47.4756949Z #11 1.050    ╭───────────────────────────────────────────────╮
2026-10-08T12:54:47.4757218Z #11 1.050    │                                               │
2026-10-08T12:54:47.4757716Z #11 1.050    │     Update available! 10.18.3 → 12.10.1.      │
2026-10-08T12:54:47.4758141Z #11 1.050    │     Changelog: https://pnpm.io/v/12.10.1      │
2026-10-08T12:54:47.4758455Z #11 1.050    │   To update, run: corepack use pnpm@12.10.1   │
2026-10-08T12:54:47.4758734Z #11 1.050    │                                               │
2026-10-08T12:54:47.4759019Z #11 1.050    ╰───────────────────────────────────────────────╯
2026-10-08T12:54:47.4759217Z #11 1.050 
2026-10-08T12:54:48.3009913Z #11 1.875 Progress: resolved 408, reused 0, downloaded 248, added 245
2026-10-08T12:54:49.3039670Z #11 2.878 Progress: resolved 408, reused 0, downloaded 377, added 368
2026-10-08T12:54:50.0368126Z #11 3.609 Progress: resolved 408, reused 0, downloaded 408, added 408, done
2026-10-08T12:54:50.1613997Z #11 3.735 .../node_modules/@prisma/engines postinstall$ node scripts/postinstall.js
2026-10-08T12:54:50.4020291Z #11 3.752 .../esbuild@0.28.1/node_modules/esbuild postinstall$ node install.js
2026-10-08T12:54:50.4020913Z #11 3.754 .../esbuild@0.28.2/node_modules/esbuild postinstall$ node install.js
2026-10-08T12:54:50.4021360Z #11 3.754 .../node_modules/workerd postinstall$ node install.js
2026-10-08T12:54:50.4021650Z #11 3.788 .../esbuild@0.25.12/node_modules/esbuild postinstall$ node install.js
2026-10-08T12:54:50.4021936Z #11 3.825 .../esbuild@0.28.1/node_modules/esbuild postinstall: Done
2026-10-08T12:54:51.1243272Z #11 4.698 .../node_modules/@prisma/engines postinstall: Done
2026-10-08T12:54:51.2536053Z #11 4.827 .../node_modules/workerd postinstall: Done
2026-10-08T12:54:51.3900329Z #11 4.850 .../esbuild@0.25.12/node_modules/esbuild postinstall: Done
2026-10-08T12:54:51.3901409Z #11 4.964 .../esbuild@0.28.2/node_modules/esbuild postinstall: Done
2026-10-08T12:54:51.6354686Z #11 5.209 .../node_modules/prisma preinstall$ node scripts/preinstall-entry.js
2026-10-08T12:54:51.8280141Z #11 5.249 .../node_modules/prisma preinstall: Done
2026-10-08T12:54:51.9279599Z #11 5.501 
2026-10-08T12:54:51.9280321Z #11 5.501 dependencies:
2026-10-08T12:54:51.9280825Z #11 5.501 + @cloudflare/containers 0.3.7
2026-10-08T12:54:51.9281908Z #11 5.501 + @supabase/server 1.8.0
2026-10-08T12:54:51.9282425Z #11 5.501 + @supabase/supabase-js 2.117.0
2026-10-08T12:54:51.9283439Z #11 5.501 + @tiptap/extension-collaboration 3.31.3
2026-10-08T12:54:51.9284162Z #11 5.501 + @tiptap/extension-collaboration-caret 3.31.3
2026-10-08T12:54:51.9284584Z #11 5.501 + @tiptap/react 3.31.3
2026-10-08T12:54:51.9284963Z #11 5.501 + @tiptap/starter-kit 3.31.3
2026-10-08T12:54:51.9285361Z #11 5.501 + @vitejs/plugin-react 5.2.0
2026-10-08T12:54:51.9285713Z #11 5.501 + cross-env 10.1.0
2026-10-08T12:54:51.9289108Z #11 5.501 + dotenv 17.4.2
2026-10-08T12:54:51.9289442Z #11 5.501 + esbuild 0.25.12
2026-10-08T12:54:51.9289794Z #11 5.501 + esbuild-wasm 0.25.12
2026-10-08T12:54:51.9290125Z #11 5.501 + express 5.2.1
2026-10-08T12:54:51.9290465Z #11 5.501 + lucide-react 0.468.0
2026-10-08T12:54:51.9290793Z #11 5.501 + react 19.2.8
2026-10-08T12:54:51.9291531Z #11 5.501 + react-dom 19.2.8
2026-10-08T12:54:51.9291767Z #11 5.501 + vite 7.3.6
2026-10-08T12:54:51.9291978Z #11 5.501 + ws 8.21.3
2026-10-08T12:54:51.9292259Z #11 5.501 + y-protocols 1.0.7
2026-10-08T12:54:51.9292734Z #11 5.501 + yjs 13.6.32
2026-10-08T12:54:51.9292941Z #11 5.501 
2026-10-08T12:54:51.9293204Z #11 5.501 devDependencies:
2026-10-08T12:54:51.9293542Z #11 5.501 + @prisma/adapter-pg 7.10.0
2026-10-08T12:54:51.9293980Z #11 5.501 + @prisma/client 7.10.0
2026-10-08T12:54:51.9294350Z #11 5.501 + @types/express 5.0.6
2026-10-08T12:54:51.9294871Z #11 5.501 + @types/node 22.20.1
2026-10-08T12:54:51.9295176Z #11 5.501 + @types/pg 8.23.1
2026-10-08T12:54:51.9295511Z #11 5.501 + @types/react 19.2.18
2026-10-08T12:54:51.9295772Z #11 5.501 + @types/react-dom 19.2.7
2026-10-08T12:54:51.9296014Z #11 5.501 + @types/ws 8.18.1
2026-10-08T12:54:51.9296229Z #11 5.501 + pg 8.23.0
2026-10-08T12:54:51.9296435Z #11 5.501 + prisma 7.10.0
2026-10-08T12:54:51.9296575Z #11 5.501 + tsx 4.23.13
2026-10-08T12:54:51.9296718Z #11 5.501 + typescript 5.9.3
2026-10-08T12:54:51.9296859Z #11 5.501 + wrangler 4.131.1
2026-10-08T12:54:51.9296988Z #11 5.501 
2026-10-08T12:54:52.0412818Z #11 5.614 Done in 5s using pnpm v10.18.3
2026-10-08T12:54:52.2274596Z #11 DONE 5.7s
2026-10-08T12:54:55.4119994Z 
2026-10-08T12:54:55.4120550Z #12 [ 7/11] COPY . .
2026-10-08T12:54:55.4120766Z #12 DONE 3.3s
2026-10-08T12:54:55.5236930Z 
2026-10-08T12:54:55.5238701Z #13 [ 8/11] RUN apt-get update && apt-get install -y --no-install-recommends gcc libc6-dev && gcc -O2 -Wall -Wextra -Werror server/isolation/linux-job-launcher.c -o /usr/local/bin/cocreate-job-launcher && apt-get purge -y gcc libc6-dev && apt-get autoremove -y && rm -rf /var/lib/apt/lists/*
2026-10-08T12:54:55.5239776Z #13 0.111 Get:1 http://deb.debian.org/debian bookworm InRelease [151 kB]
2026-10-08T12:54:55.6526627Z #13 0.138 Get:2 http://deb.debian.org/debian bookworm-updates InRelease [55.4 kB]
2026-10-08T12:54:55.6527358Z #13 0.148 Get:3 http://deb.debian.org/debian-security bookworm-security InRelease [34.8 kB]
2026-10-08T12:54:55.6527932Z #13 0.173 Get:4 http://deb.debian.org/debian bookworm/main amd64 Packages [8790 kB]
2026-10-08T12:54:55.6528508Z #13 0.240 Get:5 http://deb.debian.org/debian bookworm-updates/main amd64 Packages [6924 B]
2026-10-08T12:54:55.8031191Z #13 0.240 Get:6 http://deb.debian.org/debian-security bookworm-security/main amd64 Packages [349 kB]
2026-10-08T12:54:56.2643720Z #13 0.852 Fetched 9388 kB in 1s (12.3 MB/s)
2026-10-08T12:54:56.5727575Z #13 0.852 Reading package lists...
2026-10-08T12:54:56.8970336Z #13 1.170 Reading package lists...
2026-10-08T12:54:57.0253963Z #13 1.492 Building dependency tree...
2026-10-08T12:54:57.2007023Z #13 1.613 Reading state information...
2026-10-08T12:54:57.2007411Z #13 1.710 The following additional packages will be installed:
2026-10-08T12:54:57.2007921Z #13 1.710   binutils binutils-common binutils-x86-64-linux-gnu cpp cpp-12 gcc-12
2026-10-08T12:54:57.2008511Z #13 1.710   libasan8 libatomic1 libbinutils libc-dev-bin libcc1-0 libcrypt-dev
2026-10-08T12:54:57.2009037Z #13 1.710   libctf-nobfd0 libctf0 libgcc-12-dev libgomp1 libgprofng0 libisl23 libitm1
2026-10-08T12:54:57.2009469Z #13 1.710   libjansson4 liblsan0 libmpc3 libmpfr6 libnsl-dev libnsl2 libquadmath0
2026-10-08T12:54:57.2009796Z #13 1.711   libtirpc-common libtirpc-dev libtirpc3 libtsan2 libubsan1 linux-libc-dev
2026-10-08T12:54:57.2010032Z #13 1.711   rpcsvc-proto
2026-10-08T12:54:57.2010183Z #13 1.711 Suggested packages:
2026-10-08T12:54:57.2010422Z #13 1.711   binutils-doc cpp-doc gcc-12-locales cpp-12-doc gcc-multilib make
2026-10-08T12:54:57.2010854Z #13 1.711   manpages-dev autoconf automake libtool flex bison gdb gcc-doc
2026-10-08T12:54:57.2011390Z #13 1.711   gcc-12-multilib gcc-12-doc glibc-doc
2026-10-08T12:54:57.2011714Z #13 1.711 Recommended packages:
2026-10-08T12:54:57.2012041Z #13 1.711   manpages manpages-dev libc-devtools
2026-10-08T12:54:57.2012528Z #13 1.788 The following NEW packages will be installed:
2026-10-08T12:54:57.3043783Z #13 1.788   binutils binutils-common binutils-x86-64-linux-gnu cpp cpp-12 gcc gcc-12
2026-10-08T12:54:57.3044692Z #13 1.788   libasan8 libatomic1 libbinutils libc-dev-bin libc6-dev libcc1-0 libcrypt-dev
2026-10-08T12:54:57.3045329Z #13 1.788   libctf-nobfd0 libctf0 libgcc-12-dev libgomp1 libgprofng0 libisl23 libitm1
2026-10-08T12:54:57.3045794Z #13 1.788   libjansson4 liblsan0 libmpc3 libmpfr6 libnsl-dev libnsl2 libquadmath0
2026-10-08T12:54:57.3046260Z #13 1.789   libtirpc-common libtirpc-dev libtirpc3 libtsan2 libubsan1 linux-libc-dev
2026-10-08T12:54:57.3046590Z #13 1.789   rpcsvc-proto
2026-10-08T12:54:57.3046951Z #13 1.820 0 upgraded, 35 newly installed, 0 to remove and 1 not upgraded.
2026-10-08T12:54:57.3047275Z #13 1.820 Need to get 50.9 MB of archives.
2026-10-08T12:54:57.3047783Z #13 1.820 After this operation, 202 MB of additional disk space will be used.
2026-10-08T12:54:57.3048467Z #13 1.820 Get:1 http://deb.debian.org/debian bookworm/main amd64 binutils-common amd64 2.40-2 [2487 kB]
2026-10-08T12:54:57.3049119Z #13 1.880 Get:2 http://deb.debian.org/debian bookworm/main amd64 libbinutils amd64 2.40-2 [572 kB]
2026-10-08T12:54:57.3049756Z #13 1.882 Get:3 http://deb.debian.org/debian bookworm/main amd64 libctf-nobfd0 amd64 2.40-2 [153 kB]
2026-10-08T12:54:57.3050391Z #13 1.882 Get:4 http://deb.debian.org/debian bookworm/main amd64 libctf0 amd64 2.40-2 [89.8 kB]
2026-10-08T12:54:57.3051112Z #13 1.883 Get:5 http://deb.debian.org/debian bookworm/main amd64 libgprofng0 amd64 2.40-2 [812 kB]
2026-10-08T12:54:57.3051872Z #13 1.885 Get:6 http://deb.debian.org/debian bookworm/main amd64 libjansson4 amd64 2.14-2 [40.8 kB]
2026-10-08T12:54:57.3052571Z #13 1.885 Get:7 http://deb.debian.org/debian bookworm/main amd64 binutils-x86-64-linux-gnu amd64 2.40-2 [2246 kB]
2026-10-08T12:54:57.3053200Z #13 1.892 Get:8 http://deb.debian.org/debian bookworm/main amd64 binutils amd64 2.40-2 [65.0 kB]
2026-10-08T12:54:57.4315441Z #13 1.892 Get:9 http://deb.debian.org/debian bookworm/main amd64 libisl23 amd64 0.25-1.1 [683 kB]
2026-10-08T12:54:57.4315973Z #13 1.894 Get:10 http://deb.debian.org/debian bookworm/main amd64 libmpfr6 amd64 4.2.0-1 [701 kB]
2026-10-08T12:54:57.4316398Z #13 1.895 Get:11 http://deb.debian.org/debian bookworm/main amd64 libmpc3 amd64 1.3.1-1 [51.5 kB]
2026-10-08T12:54:57.4316855Z #13 1.897 Get:12 http://deb.debian.org/debian bookworm/main amd64 cpp-12 amd64 12.2.0-14+deb12u1 [9768 kB]
2026-10-08T12:54:57.4317292Z #13 1.924 Get:13 http://deb.debian.org/debian bookworm/main amd64 cpp amd64 4:12.2.0-3 [6836 B]
2026-10-08T12:54:57.4317802Z #13 1.924 Get:14 http://deb.debian.org/debian bookworm/main amd64 libcc1-0 amd64 12.2.0-14+deb12u1 [41.7 kB]
2026-10-08T12:54:57.4318243Z #13 1.924 Get:15 http://deb.debian.org/debian bookworm/main amd64 libgomp1 amd64 12.2.0-14+deb12u1 [116 kB]
2026-10-08T12:54:57.4318772Z #13 1.925 Get:16 http://deb.debian.org/debian bookworm/main amd64 libitm1 amd64 12.2.0-14+deb12u1 [26.1 kB]
2026-10-08T12:54:57.4319201Z #13 1.925 Get:17 http://deb.debian.org/debian bookworm/main amd64 libatomic1 amd64 12.2.0-14+deb12u1 [9376 B]
2026-10-08T12:54:57.4319724Z #13 1.925 Get:18 http://deb.debian.org/debian bookworm/main amd64 libasan8 amd64 12.2.0-14+deb12u1 [2193 kB]
2026-10-08T12:54:57.4320231Z #13 1.930 Get:19 http://deb.debian.org/debian bookworm/main amd64 liblsan0 amd64 12.2.0-14+deb12u1 [969 kB]
2026-10-08T12:54:57.4320642Z #13 1.932 Get:20 http://deb.debian.org/debian bookworm/main amd64 libtsan2 amd64 12.2.0-14+deb12u1 [2197 kB]
2026-10-08T12:54:57.4321271Z #13 1.954 Get:21 http://deb.debian.org/debian bookworm/main amd64 libubsan1 amd64 12.2.0-14+deb12u1 [883 kB]
2026-10-08T12:54:57.4321775Z #13 1.956 Get:22 http://deb.debian.org/debian bookworm/main amd64 libquadmath0 amd64 12.2.0-14+deb12u1 [145 kB]
2026-10-08T12:54:57.4322226Z #13 1.957 Get:23 http://deb.debian.org/debian bookworm/main amd64 libgcc-12-dev amd64 12.2.0-14+deb12u1 [2437 kB]
2026-10-08T12:54:57.4322824Z #13 1.962 Get:24 http://deb.debian.org/debian bookworm/main amd64 gcc-12 amd64 12.2.0-14+deb12u1 [19.3 MB]
2026-10-08T12:54:57.4323754Z #13 2.019 Get:25 http://deb.debian.org/debian bookworm/main amd64 gcc amd64 4:12.2.0-3 [5216 B]
2026-10-08T12:54:57.5997314Z #13 2.020 Get:26 http://deb.debian.org/debian bookworm/main amd64 libc-dev-bin amd64 2.36-9+deb12u14 [48.1 kB]
2026-10-08T12:54:57.5998206Z #13 2.020 Get:27 http://deb.debian.org/debian-security bookworm-security/main amd64 linux-libc-dev amd64 6.1.187-1 [2357 kB]
2026-10-08T12:54:57.5999005Z #13 2.023 Get:28 http://deb.debian.org/debian bookworm/main amd64 libcrypt-dev amd64 1:4.4.33-2 [118 kB]
2026-10-08T12:54:57.5999762Z #13 2.023 Get:29 http://deb.debian.org/debian bookworm/main amd64 libtirpc-common all 1.3.3+ds-1 [14.0 kB]
2026-10-08T12:54:57.6000493Z #13 2.024 Get:30 http://deb.debian.org/debian bookworm/main amd64 libtirpc3 amd64 1.3.3+ds-1 [85.2 kB]
2026-10-08T12:54:57.6001354Z #13 2.024 Get:31 http://deb.debian.org/debian bookworm/main amd64 libnsl2 amd64 1.3.0-2 [39.5 kB]
2026-10-08T12:54:57.6002060Z #13 2.024 Get:32 http://deb.debian.org/debian bookworm/main amd64 libtirpc-dev amd64 1.3.3+ds-1 [191 kB]
2026-10-08T12:54:57.6002749Z #13 2.024 Get:33 http://deb.debian.org/debian bookworm/main amd64 libnsl-dev amd64 1.3.0-2 [66.4 kB]
2026-10-08T12:54:57.6003445Z #13 2.028 Get:34 http://deb.debian.org/debian bookworm/main amd64 rpcsvc-proto amd64 1.4.3-1 [63.3 kB]
2026-10-08T12:54:57.6004159Z #13 2.037 Get:35 http://deb.debian.org/debian bookworm/main amd64 libc6-dev amd64 2.36-9+deb12u14 [1904 kB]
2026-10-08T12:54:57.6123323Z #13 2.200 debconf: delaying package configuration, since apt-utils is not installed
2026-10-08T12:54:57.7737721Z #13 2.217 Fetched 50.9 MB in 0s (152 MB/s)
2026-10-08T12:54:57.7738081Z #13 2.224 Selecting previously unselected package binutils-common:amd64.
2026-10-08T12:54:57.7738339Z #13 2.224 (Reading database ... 
2026-10-08T12:54:57.7738499Z (Reading database ... 5%
2026-10-08T12:54:57.7738646Z (Reading database ... 10%
2026-10-08T12:54:57.7738787Z (Reading database ... 15%
2026-10-08T12:54:57.7738923Z (Reading database ... 20%
2026-10-08T12:54:57.7739102Z (Reading database ... 25%
2026-10-08T12:54:57.7739236Z (Reading database ... 30%
2026-10-08T12:54:57.7739371Z (Reading database ... 35%
2026-10-08T12:54:57.7739507Z (Reading database ... 40%
2026-10-08T12:54:57.7739641Z (Reading database ... 45%
2026-10-08T12:54:57.7739776Z (Reading database ... 50%
2026-10-08T12:54:57.7739908Z (Reading database ... 55%
2026-10-08T12:54:57.7740048Z (Reading database ... 60%
2026-10-08T12:54:57.7740181Z (Reading database ... 65%
2026-10-08T12:54:57.7740316Z (Reading database ... 70%
2026-10-08T12:54:57.7740460Z (Reading database ... 75%
2026-10-08T12:54:57.7740595Z (Reading database ... 80%
2026-10-08T12:54:57.7740729Z (Reading database ... 85%
2026-10-08T12:54:57.7740865Z (Reading database ... 90%
2026-10-08T12:54:57.7741156Z (Reading database ... 95%
2026-10-08T12:54:57.7741343Z (Reading database ... 100%
2026-10-08T12:54:57.7741571Z (Reading database ... 16161 files and directories currently installed.)
2026-10-08T12:54:57.7741878Z #13 2.230 Preparing to unpack .../00-binutils-common_2.40-2_amd64.deb ...
2026-10-08T12:54:57.7742141Z #13 2.230 Unpacking binutils-common:amd64 (2.40-2) ...
2026-10-08T12:54:57.7742426Z #13 2.361 Selecting previously unselected package libbinutils:amd64.
2026-10-08T12:54:57.8942842Z #13 2.362 Preparing to unpack .../01-libbinutils_2.40-2_amd64.deb ...
2026-10-08T12:54:57.8943332Z #13 2.363 Unpacking libbinutils:amd64 (2.40-2) ...
2026-10-08T12:54:57.8943654Z #13 2.399 Selecting previously unselected package libctf-nobfd0:amd64.
2026-10-08T12:54:57.8944000Z #13 2.400 Preparing to unpack .../02-libctf-nobfd0_2.40-2_amd64.deb ...
2026-10-08T12:54:57.8944254Z #13 2.401 Unpacking libctf-nobfd0:amd64 (2.40-2) ...
2026-10-08T12:54:57.8944500Z #13 2.416 Selecting previously unselected package libctf0:amd64.
2026-10-08T12:54:57.8944757Z #13 2.418 Preparing to unpack .../03-libctf0_2.40-2_amd64.deb ...
2026-10-08T12:54:57.8944983Z #13 2.418 Unpacking libctf0:amd64 (2.40-2) ...
2026-10-08T12:54:57.8945427Z #13 2.431 Selecting previously unselected package libgprofng0:amd64.
2026-10-08T12:54:57.8945701Z #13 2.432 Preparing to unpack .../04-libgprofng0_2.40-2_amd64.deb ...
2026-10-08T12:54:57.8945935Z #13 2.433 Unpacking libgprofng0:amd64 (2.40-2) ...
2026-10-08T12:54:57.8946179Z #13 2.481 Selecting previously unselected package libjansson4:amd64.
2026-10-08T12:54:58.0384735Z #13 2.483 Preparing to unpack .../05-libjansson4_2.14-2_amd64.deb ...
2026-10-08T12:54:58.0385335Z #13 2.483 Unpacking libjansson4:amd64 (2.14-2) ...
2026-10-08T12:54:58.0385935Z #13 2.492 Selecting previously unselected package binutils-x86-64-linux-gnu.
2026-10-08T12:54:58.0386607Z #13 2.493 Preparing to unpack .../06-binutils-x86-64-linux-gnu_2.40-2_amd64.deb ...
2026-10-08T12:54:58.0387120Z #13 2.494 Unpacking binutils-x86-64-linux-gnu (2.40-2) ...
2026-10-08T12:54:58.0387615Z #13 2.626 Selecting previously unselected package binutils.
2026-10-08T12:54:58.1393296Z #13 2.627 Preparing to unpack .../07-binutils_2.40-2_amd64.deb ...
2026-10-08T12:54:58.1393947Z #13 2.628 Unpacking binutils (2.40-2) ...
2026-10-08T12:54:58.1394407Z #13 2.640 Selecting previously unselected package libisl23:amd64.
2026-10-08T12:54:58.1394955Z #13 2.642 Preparing to unpack .../08-libisl23_0.25-1.1_amd64.deb ...
2026-10-08T12:54:58.1395397Z #13 2.642 Unpacking libisl23:amd64 (0.25-1.1) ...
2026-10-08T12:54:58.1395847Z #13 2.683 Selecting previously unselected package libmpfr6:amd64.
2026-10-08T12:54:58.1396333Z #13 2.685 Preparing to unpack .../09-libmpfr6_4.2.0-1_amd64.deb ...
2026-10-08T12:54:58.1396976Z #13 2.685 Unpacking libmpfr6:amd64 (4.2.0-1) ...
2026-10-08T12:54:58.1397417Z #13 2.714 Selecting previously unselected package libmpc3:amd64.
2026-10-08T12:54:58.1397897Z #13 2.716 Preparing to unpack .../10-libmpc3_1.3.1-1_amd64.deb ...
2026-10-08T12:54:58.1398321Z #13 2.716 Unpacking libmpc3:amd64 (1.3.1-1) ...
2026-10-08T12:54:58.1398736Z #13 2.727 Selecting previously unselected package cpp-12.
2026-10-08T12:54:58.2917310Z #13 2.728 Preparing to unpack .../11-cpp-12_12.2.0-14+deb12u1_amd64.deb ...
2026-10-08T12:54:58.2917883Z #13 2.729 Unpacking cpp-12 (12.2.0-14+deb12u1) ...
2026-10-08T12:54:58.5871403Z #13 3.174 Selecting previously unselected package cpp.
2026-10-08T12:54:58.7627463Z #13 3.176 Preparing to unpack .../12-cpp_4%3a12.2.0-3_amd64.deb ...
2026-10-08T12:54:58.7628080Z #13 3.176 Unpacking cpp (4:12.2.0-3) ...
2026-10-08T12:54:58.7628535Z #13 3.184 Selecting previously unselected package libcc1-0:amd64.
2026-10-08T12:54:58.7629089Z #13 3.186 Preparing to unpack .../13-libcc1-0_12.2.0-14+deb12u1_amd64.deb ...
2026-10-08T12:54:58.7629669Z #13 3.186 Unpacking libcc1-0:amd64 (12.2.0-14+deb12u1) ...
2026-10-08T12:54:58.7630144Z #13 3.196 Selecting previously unselected package libgomp1:amd64.
2026-10-08T12:54:58.7630669Z #13 3.198 Preparing to unpack .../14-libgomp1_12.2.0-14+deb12u1_amd64.deb ...
2026-10-08T12:54:58.7631269Z #13 3.198 Unpacking libgomp1:amd64 (12.2.0-14+deb12u1) ...
2026-10-08T12:54:58.7631732Z #13 3.212 Selecting previously unselected package libitm1:amd64.
2026-10-08T12:54:58.7632278Z #13 3.214 Preparing to unpack .../15-libitm1_12.2.0-14+deb12u1_amd64.deb ...
2026-10-08T12:54:58.7632754Z #13 3.214 Unpacking libitm1:amd64 (12.2.0-14+deb12u1) ...
2026-10-08T12:54:58.7633224Z #13 3.224 Selecting previously unselected package libatomic1:amd64.
2026-10-08T12:54:58.7633755Z #13 3.225 Preparing to unpack .../16-libatomic1_12.2.0-14+deb12u1_amd64.deb ...
2026-10-08T12:54:58.7634242Z #13 3.225 Unpacking libatomic1:amd64 (12.2.0-14+deb12u1) ...
2026-10-08T12:54:58.7634705Z #13 3.233 Selecting previously unselected package libasan8:amd64.
2026-10-08T12:54:58.7635220Z #13 3.235 Preparing to unpack .../17-libasan8_12.2.0-14+deb12u1_amd64.deb ...
2026-10-08T12:54:58.7635704Z #13 3.235 Unpacking libasan8:amd64 (12.2.0-14+deb12u1) ...
2026-10-08T12:54:58.7636157Z #13 3.350 Selecting previously unselected package liblsan0:amd64.
2026-10-08T12:54:58.9369476Z #13 3.352 Preparing to unpack .../18-liblsan0_12.2.0-14+deb12u1_amd64.deb ...
2026-10-08T12:54:58.9370080Z #13 3.352 Unpacking liblsan0:amd64 (12.2.0-14+deb12u1) ...
2026-10-08T12:54:58.9370382Z #13 3.407 Selecting previously unselected package libtsan2:amd64.
2026-10-08T12:54:58.9370697Z #13 3.408 Preparing to unpack .../19-libtsan2_12.2.0-14+deb12u1_amd64.deb ...
2026-10-08T12:54:58.9371158Z #13 3.409 Unpacking libtsan2:amd64 (12.2.0-14+deb12u1) ...
2026-10-08T12:54:58.9371559Z #13 3.524 Selecting previously unselected package libubsan1:amd64.
2026-10-08T12:54:59.1235632Z #13 3.525 Preparing to unpack .../20-libubsan1_12.2.0-14+deb12u1_amd64.deb ...
2026-10-08T12:54:59.1236076Z #13 3.526 Unpacking libubsan1:amd64 (12.2.0-14+deb12u1) ...
2026-10-08T12:54:59.1236373Z #13 3.577 Selecting previously unselected package libquadmath0:amd64.
2026-10-08T12:54:59.1236684Z #13 3.579 Preparing to unpack .../21-libquadmath0_12.2.0-14+deb12u1_amd64.deb ...
2026-10-08T12:54:59.1237031Z #13 3.579 Unpacking libquadmath0:amd64 (12.2.0-14+deb12u1) ...
2026-10-08T12:54:59.1237298Z #13 3.594 Selecting previously unselected package libgcc-12-dev:amd64.
2026-10-08T12:54:59.1237668Z #13 3.595 Preparing to unpack .../22-libgcc-12-dev_12.2.0-14+deb12u1_amd64.deb ...
2026-10-08T12:54:59.1237951Z #13 3.596 Unpacking libgcc-12-dev:amd64 (12.2.0-14+deb12u1) ...
2026-10-08T12:54:59.1238190Z #13 3.711 Selecting previously unselected package gcc-12.
2026-10-08T12:54:59.2770488Z #13 3.712 Preparing to unpack .../23-gcc-12_12.2.0-14+deb12u1_amd64.deb ...
2026-10-08T12:54:59.2771248Z #13 3.713 Unpacking gcc-12 (12.2.0-14+deb12u1) ...
2026-10-08T12:54:59.5980712Z #13 4.185 Selecting previously unselected package gcc.
2026-10-08T12:54:59.6993524Z #13 4.187 Preparing to unpack .../24-gcc_4%3a12.2.0-3_amd64.deb ...
2026-10-08T12:54:59.6993847Z #13 4.187 Unpacking gcc (4:12.2.0-3) ...
2026-10-08T12:54:59.6994082Z #13 4.196 Selecting previously unselected package libc-dev-bin.
2026-10-08T12:54:59.6994418Z #13 4.197 Preparing to unpack .../25-libc-dev-bin_2.36-9+deb12u14_amd64.deb ...
2026-10-08T12:54:59.6994743Z #13 4.198 Unpacking libc-dev-bin (2.36-9+deb12u14) ...
2026-10-08T12:54:59.6995046Z #13 4.209 Selecting previously unselected package linux-libc-dev:amd64.
2026-10-08T12:54:59.6995336Z #13 4.210 Preparing to unpack .../26-linux-libc-dev_6.1.187-1_amd64.deb ...
2026-10-08T12:54:59.6995602Z #13 4.211 Unpacking linux-libc-dev:amd64 (6.1.187-1) ...
2026-10-08T12:54:59.6995867Z #13 4.285 Selecting previously unselected package libcrypt-dev:amd64.
2026-10-08T12:54:59.6996175Z #13 4.287 Preparing to unpack .../27-libcrypt-dev_1%3a4.4.33-2_amd64.deb ...
2026-10-08T12:54:59.8005356Z #13 4.289 Unpacking libcrypt-dev:amd64 (1:4.4.33-2) ...
2026-10-08T12:54:59.8005744Z #13 4.303 Selecting previously unselected package libtirpc-common.
2026-10-08T12:54:59.8006040Z #13 4.305 Preparing to unpack .../28-libtirpc-common_1.3.3+ds-1_all.deb ...
2026-10-08T12:54:59.8006296Z #13 4.305 Unpacking libtirpc-common (1.3.3+ds-1) ...
2026-10-08T12:54:59.8006560Z #13 4.314 Selecting previously unselected package libtirpc3:amd64.
2026-10-08T12:54:59.8006844Z #13 4.315 Preparing to unpack .../29-libtirpc3_1.3.3+ds-1_amd64.deb ...
2026-10-08T12:54:59.8007087Z #13 4.316 Unpacking libtirpc3:amd64 (1.3.3+ds-1) ...
2026-10-08T12:54:59.8007323Z #13 4.328 Selecting previously unselected package libnsl2:amd64.
2026-10-08T12:54:59.8007577Z #13 4.330 Preparing to unpack .../30-libnsl2_1.3.0-2_amd64.deb ...
2026-10-08T12:54:59.8007804Z #13 4.330 Unpacking libnsl2:amd64 (1.3.0-2) ...
2026-10-08T12:54:59.8008048Z #13 4.339 Selecting previously unselected package libtirpc-dev:amd64.
2026-10-08T12:54:59.8008335Z #13 4.341 Preparing to unpack .../31-libtirpc-dev_1.3.3+ds-1_amd64.deb ...
2026-10-08T12:54:59.8008598Z #13 4.341 Unpacking libtirpc-dev:amd64 (1.3.3+ds-1) ...
2026-10-08T12:54:59.8008848Z #13 4.359 Selecting previously unselected package libnsl-dev:amd64.
2026-10-08T12:54:59.8009116Z #13 4.360 Preparing to unpack .../32-libnsl-dev_1.3.0-2_amd64.deb ...
2026-10-08T12:54:59.8009356Z #13 4.361 Unpacking libnsl-dev:amd64 (1.3.0-2) ...
2026-10-08T12:54:59.8009588Z #13 4.374 Selecting previously unselected package rpcsvc-proto.
2026-10-08T12:54:59.8010014Z #13 4.375 Preparing to unpack .../33-rpcsvc-proto_1.4.3-1_amd64.deb ...
2026-10-08T12:54:59.8010246Z #13 4.376 Unpacking rpcsvc-proto (1.4.3-1) ...
2026-10-08T12:54:59.8010481Z #13 4.388 Selecting previously unselected package libc6-dev:amd64.
2026-10-08T12:54:59.9261568Z #13 4.389 Preparing to unpack .../34-libc6-dev_2.36-9+deb12u14_amd64.deb ...
2026-10-08T12:54:59.9262031Z #13 4.390 Unpacking libc6-dev:amd64 (2.36-9+deb12u14) ...
2026-10-08T12:54:59.9262281Z #13 4.513 Setting up libtirpc-common (1.3.3+ds-1) ...
2026-10-08T12:55:00.0545337Z #13 4.515 Setting up binutils-common:amd64 (2.40-2) ...
2026-10-08T12:55:00.0545837Z #13 4.517 Setting up linux-libc-dev:amd64 (6.1.187-1) ...
2026-10-08T12:55:00.0546219Z #13 4.518 Setting up libctf-nobfd0:amd64 (2.40-2) ...
2026-10-08T12:55:00.0546637Z #13 4.520 Setting up libgomp1:amd64 (12.2.0-14+deb12u1) ...
2026-10-08T12:55:00.0547018Z #13 4.521 Setting up libjansson4:amd64 (2.14-2) ...
2026-10-08T12:55:00.0547406Z #13 4.523 Setting up rpcsvc-proto (1.4.3-1) ...
2026-10-08T12:55:00.0547698Z #13 4.524 Setting up libmpfr6:amd64 (4.2.0-1) ...
2026-10-08T12:55:00.0547933Z #13 4.526 Setting up libquadmath0:amd64 (12.2.0-14+deb12u1) ...
2026-10-08T12:55:00.0548179Z #13 4.527 Setting up libmpc3:amd64 (1.3.1-1) ...
2026-10-08T12:55:00.0548423Z #13 4.529 Setting up libatomic1:amd64 (12.2.0-14+deb12u1) ...
2026-10-08T12:55:00.0548674Z #13 4.530 Setting up libubsan1:amd64 (12.2.0-14+deb12u1) ...
2026-10-08T12:55:00.0548928Z #13 4.531 Setting up libcrypt-dev:amd64 (1:4.4.33-2) ...
2026-10-08T12:55:00.0549432Z #13 4.535 Setting up libasan8:amd64 (12.2.0-14+deb12u1) ...
2026-10-08T12:55:00.0549695Z #13 4.537 Setting up libtsan2:amd64 (12.2.0-14+deb12u1) ...
2026-10-08T12:55:00.0549932Z #13 4.538 Setting up libbinutils:amd64 (2.40-2) ...
2026-10-08T12:55:00.0550161Z #13 4.539 Setting up libisl23:amd64 (0.25-1.1) ...
2026-10-08T12:55:00.0550412Z #13 4.541 Setting up libc-dev-bin (2.36-9+deb12u14) ...
2026-10-08T12:55:00.0550673Z #13 4.542 Setting up libcc1-0:amd64 (12.2.0-14+deb12u1) ...
2026-10-08T12:55:00.0550931Z #13 4.543 Setting up liblsan0:amd64 (12.2.0-14+deb12u1) ...
2026-10-08T12:55:00.0551348Z #13 4.545 Setting up libitm1:amd64 (12.2.0-14+deb12u1) ...
2026-10-08T12:55:00.0551572Z #13 4.546 Setting up libctf0:amd64 (2.40-2) ...
2026-10-08T12:55:00.0551806Z #13 4.548 Setting up libtirpc3:amd64 (1.3.3+ds-1) ...
2026-10-08T12:55:00.0552041Z #13 4.549 Setting up cpp-12 (12.2.0-14+deb12u1) ...
2026-10-08T12:55:00.0552267Z #13 4.551 Setting up libgprofng0:amd64 (2.40-2) ...
2026-10-08T12:55:00.0552503Z #13 4.552 Setting up libtirpc-dev:amd64 (1.3.3+ds-1) ...
2026-10-08T12:55:00.0552759Z #13 4.554 Setting up libgcc-12-dev:amd64 (12.2.0-14+deb12u1) ...
2026-10-08T12:55:00.0553002Z #13 4.555 Setting up cpp (4:12.2.0-3) ...
2026-10-08T12:55:00.0553218Z #13 4.559 Setting up libnsl2:amd64 (1.3.0-2) ...
2026-10-08T12:55:00.0553461Z #13 4.560 Setting up binutils-x86-64-linux-gnu (2.40-2) ...
2026-10-08T12:55:00.0553709Z #13 4.562 Setting up binutils (2.40-2) ...
2026-10-08T12:55:00.0553934Z #13 4.563 Setting up gcc-12 (12.2.0-14+deb12u1) ...
2026-10-08T12:55:00.0554156Z #13 4.564 Setting up libnsl-dev:amd64 (1.3.0-2) ...
2026-10-08T12:55:00.0554401Z #13 4.566 Setting up libc6-dev:amd64 (2.36-9+deb12u14) ...
2026-10-08T12:55:00.0554623Z #13 4.567 Setting up gcc (4:12.2.0-3) ...
2026-10-08T12:55:00.0554872Z #13 4.572 Processing triggers for libc-bin (2.36-9+deb12u14) ...
2026-10-08T12:55:00.3603418Z #13 4.642 Reading package lists...
2026-10-08T12:55:00.4850882Z #13 4.955 Building dependency tree...
2026-10-08T12:55:00.5864584Z #13 5.072 Reading state information...
2026-10-08T12:55:00.5865115Z #13 5.166 The following packages were automatically installed and are no longer required:
2026-10-08T12:55:00.5865663Z #13 5.166   binutils binutils-common binutils-x86-64-linux-gnu cpp cpp-12 gcc-12
2026-10-08T12:55:00.5866184Z #13 5.166   libasan8 libatomic1 libbinutils libc-dev-bin libcc1-0 libcrypt-dev
2026-10-08T12:55:00.5867204Z #13 5.166   libctf-nobfd0 libctf0 libgcc-12-dev libgomp1 libgprofng0 libisl23 libitm1
2026-10-08T12:55:00.5867727Z #13 5.167   libjansson4 liblsan0 libmpc3 libmpfr6 libnsl-dev libnsl2 libquadmath0
2026-10-08T12:55:00.5868273Z #13 5.167   libtirpc-common libtirpc-dev libtirpc3 libtsan2 libubsan1 linux-libc-dev
2026-10-08T12:55:00.5868651Z #13 5.167   rpcsvc-proto
2026-10-08T12:55:00.5868914Z #13 5.167 Use 'apt autoremove' to remove them.
2026-10-08T12:55:00.5869244Z #13 5.174 The following packages will be REMOVED:
2026-10-08T12:55:00.6864454Z #13 5.174   gcc* libc6-dev*
2026-10-08T12:55:00.6864811Z #13 5.268 0 upgraded, 0 newly installed, 2 to remove and 1 not upgraded.
2026-10-08T12:55:00.6865106Z #13 5.268 After this operation, 12.3 MB disk space will be freed.
2026-10-08T12:55:00.6865329Z #13 5.271 (Reading database ... 
2026-10-08T12:55:00.6865486Z (Reading database ... 5%
2026-10-08T12:55:00.6865663Z (Reading database ... 10%
2026-10-08T12:55:00.6865906Z (Reading database ... 15%
2026-10-08T12:55:00.6866044Z (Reading database ... 20%
2026-10-08T12:55:00.6866190Z (Reading database ... 25%
2026-10-08T12:55:00.6866322Z (Reading database ... 30%
2026-10-08T12:55:00.6866453Z (Reading database ... 35%
2026-10-08T12:55:00.6866641Z (Reading database ... 40%
2026-10-08T12:55:00.6866777Z (Reading database ... 45%
2026-10-08T12:55:00.6866907Z (Reading database ... 50%
2026-10-08T12:55:00.6867041Z (Reading database ... 55%
2026-10-08T12:55:00.6867174Z (Reading database ... 60%
2026-10-08T12:55:00.8817606Z (Reading database ... 65%
2026-10-08T12:55:00.8817954Z (Reading database ... 70%
2026-10-08T12:55:00.8818600Z (Reading database ... 75%
2026-10-08T12:55:00.8818820Z (Reading database ... 80%
2026-10-08T12:55:00.8819039Z (Reading database ... 85%
2026-10-08T12:55:00.8819250Z (Reading database ... 90%
2026-10-08T12:55:00.8819464Z (Reading database ... 95%
2026-10-08T12:55:00.8819683Z (Reading database ... 100%
2026-10-08T12:55:00.8820061Z (Reading database ... 18572 files and directories currently installed.)
2026-10-08T12:55:00.8820469Z #13 5.278 Removing gcc (4:12.2.0-3) ...
2026-10-08T12:55:00.8820825Z #13 5.287 Removing libc6-dev:amd64 (2.36-9+deb12u14) ...
2026-10-08T12:55:01.0449917Z #13 5.319 Reading package lists...
2026-10-08T12:55:01.1828690Z #13 5.640 Building dependency tree...
2026-10-08T12:55:01.3797687Z #13 5.770 Reading state information...
2026-10-08T12:55:01.3798119Z #13 5.867 The following packages will be REMOVED:
2026-10-08T12:55:01.3798518Z #13 5.867   binutils binutils-common binutils-x86-64-linux-gnu cpp cpp-12 gcc-12
2026-10-08T12:55:01.3798899Z #13 5.867   libasan8 libatomic1 libbinutils libc-dev-bin libcc1-0 libcrypt-dev
2026-10-08T12:55:01.3799234Z #13 5.867   libctf-nobfd0 libctf0 libgcc-12-dev libgomp1 libgprofng0 libisl23 libitm1
2026-10-08T12:55:01.3799589Z #13 5.867   libjansson4 liblsan0 libmpc3 libmpfr6 libnsl-dev libnsl2 libquadmath0
2026-10-08T12:55:01.3799939Z #13 5.868   libtirpc-common libtirpc-dev libtirpc3 libtsan2 libubsan1 linux-libc-dev
2026-10-08T12:55:01.3800187Z #13 5.868   rpcsvc-proto
2026-10-08T12:55:01.3800449Z #13 5.967 0 upgraded, 0 newly installed, 33 to remove and 1 not upgraded.
2026-10-08T12:55:01.3800755Z #13 5.967 After this operation, 190 MB disk space will be freed.
2026-10-08T12:55:01.5153792Z #13 5.988 (Reading database ... 
2026-10-08T12:55:01.5154281Z (Reading database ... 5%
2026-10-08T12:55:01.5154584Z (Reading database ... 10%
2026-10-08T12:55:01.5154844Z (Reading database ... 15%
2026-10-08T12:55:01.5155105Z (Reading database ... 20%
2026-10-08T12:55:01.5155355Z (Reading database ... 25%
2026-10-08T12:55:01.5155707Z (Reading database ... 30%
2026-10-08T12:55:01.5156045Z (Reading database ... 35%
2026-10-08T12:55:01.5156377Z (Reading database ... 40%
2026-10-08T12:55:01.5156718Z (Reading database ... 45%
2026-10-08T12:55:01.5157011Z (Reading database ... 50%
2026-10-08T12:55:01.5157415Z (Reading database ... 55%
2026-10-08T12:55:01.5157723Z (Reading database ... 60%
2026-10-08T12:55:01.5158040Z (Reading database ... 65%
2026-10-08T12:55:01.5158404Z (Reading database ... 70%
2026-10-08T12:55:01.5158936Z (Reading database ... 75%
2026-10-08T12:55:01.5159283Z (Reading database ... 80%
2026-10-08T12:55:01.5159594Z (Reading database ... 85%
2026-10-08T12:55:01.5159876Z (Reading database ... 90%
2026-10-08T12:55:01.5160141Z (Reading database ... 95%
2026-10-08T12:55:01.5160436Z (Reading database ... 100%
2026-10-08T12:55:01.5161179Z (Reading database ... 18002 files and directories currently installed.)
2026-10-08T12:55:01.5161804Z #13 6.000 Removing gcc-12 (12.2.0-14+deb12u1) ...
2026-10-08T12:55:01.5162300Z #13 6.016 Removing binutils (2.40-2) ...
2026-10-08T12:55:01.5162910Z #13 6.024 Removing binutils-x86-64-linux-gnu (2.40-2) ...
2026-10-08T12:55:01.5163519Z #13 6.034 Removing libgprofng0:amd64 (2.40-2) ...
2026-10-08T12:55:01.5164118Z #13 6.042 Removing libctf0:amd64 (2.40-2) ...
2026-10-08T12:55:01.5164610Z #13 6.050 Removing libbinutils:amd64 (2.40-2) ...
2026-10-08T12:55:01.5165285Z #13 6.103 Removing binutils-common:amd64 (2.40-2) ...
2026-10-08T12:55:01.6180661Z #13 6.109 Removing cpp (4:12.2.0-3) ...
2026-10-08T12:55:01.6181272Z #13 6.117 Removing cpp-12 (12.2.0-14+deb12u1) ...
2026-10-08T12:55:01.6181669Z #13 6.152 Removing libgcc-12-dev:amd64 (12.2.0-14+deb12u1) ...
2026-10-08T12:55:01.6182033Z #13 6.161 Removing libasan8:amd64 (12.2.0-14+deb12u1) ...
2026-10-08T12:55:01.6182319Z #13 6.169 Removing libatomic1:amd64 (12.2.0-14+deb12u1) ...
2026-10-08T12:55:01.6182564Z #13 6.176 Removing libc-dev-bin (2.36-9+deb12u14) ...
2026-10-08T12:55:01.6182792Z #13 6.182 Removing libcc1-0:amd64 (12.2.0-14+deb12u1) ...
2026-10-08T12:55:01.6183188Z #13 6.189 Removing libcrypt-dev:amd64 (1:4.4.33-2) ...
2026-10-08T12:55:01.6183397Z #13 6.199 Removing libctf-nobfd0:amd64 (2.40-2) ...
2026-10-08T12:55:01.6183617Z #13 6.205 Removing libgomp1:amd64 (12.2.0-14+deb12u1) ...
2026-10-08T12:55:01.7304872Z #13 6.212 Removing libisl23:amd64 (0.25-1.1) ...
2026-10-08T12:55:01.7311830Z #13 6.219 Removing libitm1:amd64 (12.2.0-14+deb12u1) ...
2026-10-08T12:55:01.7312271Z #13 6.225 Removing libjansson4:amd64 (2.14-2) ...
2026-10-08T12:55:01.7312822Z #13 6.231 Removing liblsan0:amd64 (12.2.0-14+deb12u1) ...
2026-10-08T12:55:01.7313221Z #13 6.238 Removing libmpc3:amd64 (1.3.1-1) ...
2026-10-08T12:55:01.7313624Z #13 6.243 Removing libmpfr6:amd64 (4.2.0-1) ...
2026-10-08T12:55:01.7314258Z #13 6.249 Removing libnsl-dev:amd64 (1.3.0-2) ...
2026-10-08T12:55:01.7314740Z #13 6.255 Removing libnsl2:amd64 (1.3.0-2) ...
2026-10-08T12:55:01.7315167Z #13 6.261 Removing libquadmath0:amd64 (12.2.0-14+deb12u1) ...
2026-10-08T12:55:01.7315560Z #13 6.267 Removing libtirpc-dev:amd64 (1.3.3+ds-1) ...
2026-10-08T12:55:01.7315954Z #13 6.273 Removing libtirpc3:amd64 (1.3.3+ds-1) ...
2026-10-08T12:55:01.7316305Z #13 6.279 Removing libtirpc-common (1.3.3+ds-1) ...
2026-10-08T12:55:01.7316718Z #13 6.284 Removing libtsan2:amd64 (12.2.0-14+deb12u1) ...
2026-10-08T12:55:01.7317115Z #13 6.291 Removing libubsan1:amd64 (12.2.0-14+deb12u1) ...
2026-10-08T12:55:01.7317471Z #13 6.298 Removing linux-libc-dev:amd64 (6.1.187-1) ...
2026-10-08T12:55:01.7317799Z #13 6.318 Removing rpcsvc-proto (1.4.3-1) ...
2026-10-08T12:55:01.9544732Z #13 6.353 Processing triggers for libc-bin (2.36-9+deb12u14) ...
2026-10-08T12:55:01.9545157Z #13 DONE 6.4s
2026-10-08T12:55:02.0643175Z 
2026-10-08T12:55:02.0643779Z #14 [ 9/11] RUN pnpm build
2026-10-08T12:55:02.0644003Z #14 0.260 
2026-10-08T12:55:02.0644248Z #14 0.260 > cocreate@1.0.0 build /app
2026-10-08T12:55:02.0644523Z #14 0.260 > tsc --noEmit && vite build --configLoader runner
2026-10-08T12:55:02.0644741Z #14 0.260 
2026-10-08T12:55:07.2009594Z #14 5.397 vite v7.3.6 building client environment for production...
2026-10-08T12:55:07.4109211Z #14 5.456 transforming...
2026-10-08T12:55:09.9445410Z #14 8.140 ✓ 1749 modules transformed.
2026-10-08T12:55:10.1347507Z #14 8.331 rendering chunks...
2026-10-08T12:55:10.2834562Z #14 8.479 computing gzip size...
2026-10-08T12:55:10.4822130Z #14 8.494 dist/index.html                             0.44 kB │ gzip:   0.30 kB
2026-10-08T12:55:10.4828629Z #14 8.494 dist/assets/App-BqUO_rW7.css                2.56 kB │ gzip:   0.85 kB
2026-10-08T12:55:10.4829071Z #14 8.495 dist/assets/LandingPage-CNj4pefA.css       13.13 kB │ gzip:   2.95 kB
2026-10-08T12:55:10.4829466Z #14 8.495 dist/assets/index-cyLHvudv.css             75.38 kB │ gzip:  14.48 kB
2026-10-08T12:55:10.4829843Z #14 8.495 dist/assets/users-BIdyuxqP.js               0.69 kB │ gzip:   0.39 kB
2026-10-08T12:55:10.4830211Z #14 8.495 dist/assets/createLucideIcon-DcEYS1mU.js    0.89 kB │ gzip:   0.55 kB
2026-10-08T12:55:10.4830582Z #14 8.495 dist/assets/x-DO2zMSIY.js                   1.70 kB │ gzip:   0.78 kB
2026-10-08T12:55:10.4831154Z #14 8.495 dist/assets/LandingPage-DCr6qHiF.js        15.33 kB │ gzip:   4.92 kB
2026-10-08T12:55:10.4831791Z #14 8.495 dist/assets/ProjectApp-DXmAqhy1.js         29.68 kB │ gzip:   9.01 kB
2026-10-08T12:55:10.4832412Z #14 8.495 dist/assets/index-BPNFqXSv.js             421.95 kB │ gzip: 121.32 kB
2026-10-08T12:55:10.4833001Z #14 8.495 dist/assets/App-DhzRZNRs.js               583.75 kB │ gzip: 185.76 kB
2026-10-08T12:55:10.4833380Z #14 8.495 
2026-10-08T12:55:10.4833766Z #14 8.495 (!) Some chunks are larger than 500 kB after minification. Consider:
2026-10-08T12:55:10.4834146Z #14 8.495 - Using dynamic import() to code-split the application
2026-10-08T12:55:10.4834683Z #14 8.495 - Use build.rollupOptions.output.manualChunks to improve chunking: https://rollupjs.org/configuration-options/#output-manualchunks
2026-10-08T12:55:10.4835440Z #14 8.495 - Adjust chunk size limit for this warning via build.chunkSizeWarningLimit.
2026-10-08T12:55:10.4836070Z #14 8.495 ✓ built in 3.08s
2026-10-08T12:55:10.4836297Z #14 DONE 8.6s
2026-10-08T12:55:10.4836403Z 
2026-10-08T12:55:10.4836621Z #15 [10/11] RUN node scripts/release-fingerprint.mjs --write-image
2026-10-08T12:55:10.4837558Z #15 0.111 {"fingerprint":"1dfed95db00394697545370ed6adc34b8aab5eb8b48d5e223b85c7f950ffc184","sourceFiles":87,"scope":"Source/build input attestation only; not runtime acceptance"}
2026-10-08T12:55:10.6402939Z #15 DONE 0.1s
2026-10-08T12:55:10.6403139Z 
2026-10-08T12:55:10.6403898Z #16 [11/11] RUN pnpm exec tsx scripts/prepare-isolation.ts --files-only && mkdir -p /app/data /app/generated && chown -R node:node /app/.runtime /app/data /app/generated
2026-10-08T12:55:10.9019549Z #16 0.412 {"policy":"isolated-compile-v1","platform":"linux","scope":"Trusted files prepared; kernel boundary not exercised"}
2026-10-08T12:55:11.1112717Z #16 DONE 0.5s
2026-10-08T12:55:11.1112917Z 
2026-10-08T12:55:11.1113051Z #17 exporting to image
2026-10-08T12:55:11.1113317Z #17 exporting layers
2026-10-08T12:55:16.4236247Z #17 exporting layers 5.5s done
2026-10-08T12:55:16.4384323Z #17 writing image sha256:ddcf26fdeb443e8c5c9b9ac44116a1ec88ad7460b2430f46e739bbe6fe291d55 done
2026-10-08T12:55:16.4384864Z #17 naming to docker.io/library/cocreate-check done
2026-10-08T12:55:16.4385061Z #17 DONE 5.5s
2026-10-08T12:55:16.4388980Z 
2026-10-08T12:55:16.4389490Z  [33m4 warnings found (use docker --debug to expand):
2026-10-08T12:55:16.4390067Z [0m - SecretsUsedInArgOrEnv: Do not use ARG or ENV instructions for sensitive data (ARG "VITE_COCREATE_AUTH_MODE") (line 12)
2026-10-08T12:55:16.4390718Z  - SecretsUsedInArgOrEnv: Do not use ARG or ENV instructions for sensitive data (ARG "VITE_SUPABASE_PUBLISHABLE_KEY") (line 15)
2026-10-08T12:55:16.4391556Z  - SecretsUsedInArgOrEnv: Do not use ARG or ENV instructions for sensitive data (ENV "VITE_COCREATE_AUTH_MODE") (line 16)
2026-10-08T12:55:16.4392414Z  - SecretsUsedInArgOrEnv: Do not use ARG or ENV instructions for sensitive data (ENV "VITE_SUPABASE_PUBLISHABLE_KEY") (line 19)
2026-10-08T12:55:16.4481953Z ##[group]Run root="/sys/fs/cgroup/cocreate-ci-${GITHUB_RUN_ID}-${GITHUB_RUN_ATTEMPT}"
2026-10-08T12:55:16.4482311Z [36;1mroot="/sys/fs/cgroup/cocreate-ci-${GITHUB_RUN_ID}-${GITHUB_RUN_ATTEMPT}"[0m
2026-10-08T12:55:16.4482564Z [36;1msudo sh scripts/prepare-ci-cgroup.sh "$root"[0m
2026-10-08T12:55:16.4482774Z [36;1mecho "COCREATE_CI_CGROUP_ROOT=$root" >> "$GITHUB_ENV"[0m
2026-10-08T12:55:16.4513518Z shell: /usr/bin/bash -e {0}
2026-10-08T12:55:16.4513671Z env:
2026-10-08T12:55:16.4513851Z   PNPM_HOME: /home/runner/setup-pnpm/node_modules/.bin
2026-10-08T12:55:16.4514025Z ##[endgroup]
2026-10-08T12:55:16.4650075Z ##[group]Run sh scripts/run-linux-check.sh node --import tsx scripts/prepare-isolation.ts
2026-10-08T12:55:16.4650445Z [36;1msh scripts/run-linux-check.sh node --import tsx scripts/prepare-isolation.ts[0m
2026-10-08T12:55:16.4679736Z shell: /usr/bin/bash -e {0}
2026-10-08T12:55:16.4679884Z env:
2026-10-08T12:55:16.4680034Z   PNPM_HOME: /home/runner/setup-pnpm/node_modules/.bin
2026-10-08T12:55:16.4680276Z   COCREATE_CI_CGROUP_ROOT: /sys/fs/cgroup/cocreate-ci-37780202434-1
2026-10-08T12:55:16.4680470Z ##[endgroup]
2026-10-08T12:55:16.7026022Z {"policy":"isolated-compile-v1","platform":"linux","scope":"Actual OS boundary preflight passed; no inference"}
2026-10-08T12:55:16.7670779Z ##[group]Run sh scripts/run-linux-check.sh node --import tsx --input-type=module -e 'import {assertVerificationBrowserAvailable} from "./server/isolation/browser.ts"; await assertVerificationBrowserAvailable(); console.log("Actual Linux browser boundary passed; no inference");'
2026-10-08T12:55:16.7671965Z [36;1msh scripts/run-linux-check.sh node --import tsx --input-type=module -e 'import {assertVerificationBrowserAvailable} from "./server/isolation/browser.ts"; await assertVerificationBrowserAvailable(); console.log("Actual Linux browser boundary passed; no inference");'[0m
2026-10-08T12:55:16.7701912Z shell: /usr/bin/bash -e {0}
2026-10-08T12:55:16.7702061Z env:
2026-10-08T12:55:16.7702323Z   PNPM_HOME: /home/runner/setup-pnpm/node_modules/.bin
2026-10-08T12:55:16.7702553Z   COCREATE_CI_CGROUP_ROOT: /sys/fs/cgroup/cocreate-ci-37780202434-1
2026-10-08T12:55:16.7702748Z ##[endgroup]
2026-10-08T12:55:17.6608412Z /app/server/isolation/browser.ts:12
2026-10-08T12:55:17.6609591Z const unavailable = () => new IsolationError('isolation_unavailable', 'Isolated verification browser is unavailable. Prepare the verification runtime, then explicitly retry; the previous artifact is retained.');
2026-10-08T12:55:17.6610369Z                           ^
2026-10-08T12:55:17.6610512Z 
2026-10-08T12:55:17.6611297Z IsolationError: Isolated verification browser is unavailable. Prepare the verification runtime, then explicitly retry; the previous artifact is retained.
2026-10-08T12:55:17.6611998Z     at unavailable (/app/server/isolation/browser.ts:12:27)
2026-10-08T12:55:17.6612425Z     at Socket.<anonymous> (/app/server/isolation/browser.ts:70:47)
2026-10-08T12:55:17.6612785Z     at Socket.emit (node:events:519:28)
2026-10-08T12:55:17.6613119Z     at emitErrorNT (node:internal/streams/destroy:170:8)
2026-10-08T12:55:17.6613500Z     at emitErrorCloseNT (node:internal/streams/destroy:129:3)
2026-10-08T12:55:17.6614044Z     at process.processTicksAndRejections (node:internal/process/task_queues:89:21) {
2026-10-08T12:55:17.6614482Z   code: 'isolation_unavailable',
2026-10-08T12:55:17.6614708Z   cause: {
2026-10-08T12:55:17.6614885Z     exitCode: 134,
2026-10-08T12:55:17.6615084Z     phase: 'cleanup',
2026-10-08T12:55:17.6615767Z     diagnostic: '[2:9:1008/125517.004606:ERROR:dbus/bus.cc:405] Failed to connect to the bus: Failed to connect to socket /run/dbus/system_bus_socket: No such file or directory\n' +
2026-10-08T12:55:17.6616871Z       '[2:9:1008/125517.006938:ERROR:dbus/bus.cc:405] Failed to connect to the bus: Could not parse server address: Unknown address type (examples of valid types are "tcp" and on UNIX "unix")\n' +
2026-10-08T12:55:17.6617909Z       '[2:9:1008/125517.006991:ERROR:dbus/bus.cc:405] Failed to connect to the bus: Failed to connect to socket /run/dbus/system_bus_socket: No such file or directory\n' +
2026-10-08T12:55:17.6618962Z       '[2:9:1008/125517.007003:ERROR:dbus/bus.cc:405] Failed to connect to the bus: Failed to connect to socket /run/dbus/system_bus_socket: No such file or directory\n' +
2026-10-08T12:55:17.6619809Z       '[2:9:1008/125517.007008:ERROR:dbus/bus.cc:405] Failed to connect to the bus: Could not parse server address: Unknown address type (examples of valid types are "tcp" and on UNIX "unix")\n' +
2026-10-08T12:55:17.6620322Z       'Fontconfig error: Cannot load default config file: No such file: (null)\n' +
2026-10-08T12:55:17.6620638Z       '[2:9:1008/125517.009842:ERROR:dbus/bus.cc:405] Failed to connect to the bus: C'
2026-10-08T12:55:17.6620851Z   }
2026-10-08T12:55:17.6621129Z }
2026-10-08T12:55:17.6621214Z 
2026-10-08T12:55:17.6621271Z Node.js v22.23.3
2026-10-08T12:55:17.6916610Z ##[error]Process completed with exit code 1.
2026-10-08T12:55:17.6955315Z ##[group]Run sh scripts/run-linux-check.sh node --import tsx scripts/diagnose-linux-browser.ts
2026-10-08T12:55:17.6955713Z [36;1msh scripts/run-linux-check.sh node --import tsx scripts/diagnose-linux-browser.ts[0m
2026-10-08T12:55:17.6986667Z shell: /usr/bin/bash -e {0}
2026-10-08T12:55:17.6986820Z env:
2026-10-08T12:55:17.6986969Z   PNPM_HOME: /home/runner/setup-pnpm/node_modules/.bin
2026-10-08T12:55:17.6987203Z   COCREATE_CI_CGROUP_ROOT: /sys/fs/cgroup/cocreate-ci-37780202434-1
2026-10-08T12:55:17.6987403Z ##[endgroup]
2026-10-08T12:55:18.0183888Z {"scope":"Trusted version metadata only","addressSpace":2147483648,"status":133,"signal":null,"stdout":"","stderr":""}
2026-10-08T12:55:18.0408600Z {"scope":"Trusted version metadata only","addressSpace":"CI cgroup only","status":0,"signal":null,"stdout":"Chromium 154.0.8037.92 \n","stderr":""}
2026-10-08T12:55:18.0875694Z ##[group]Run docker build --tag cocreate-file-diagnose - <<'DOCKER'
2026-10-08T12:55:18.0875997Z [36;1mdocker build --tag cocreate-file-diagnose - <<'DOCKER'[0m
2026-10-08T12:55:18.0876291Z [36;1mFROM cocreate-check[0m
2026-10-08T12:55:18.0876557Z [36;1mRUN apt-get update && apt-get install -y --no-install-recommends strace && rm -rf /var/lib/apt/lists/*[0m
2026-10-08T12:55:18.0876825Z [36;1mDOCKER[0m
2026-10-08T12:55:18.0877088Z [36;1msed 's/cocreate-check/cocreate-file-diagnose/g' scripts/run-linux-check.sh > /tmp/cocreate-file-diagnose.sh[0m
2026-10-08T12:55:18.0877509Z [36;1msh /tmp/cocreate-file-diagnose.sh timeout 30s node --import tsx scripts/diagnose-browser-file-limit.ts[0m
2026-10-08T12:55:18.0907699Z shell: /usr/bin/bash -e {0}
2026-10-08T12:55:18.0907844Z env:
2026-10-08T12:55:18.0907992Z   PNPM_HOME: /home/runner/setup-pnpm/node_modules/.bin
2026-10-08T12:55:18.0908226Z   COCREATE_CI_CGROUP_ROOT: /sys/fs/cgroup/cocreate-ci-37780202434-1
2026-10-08T12:55:18.0908453Z ##[endgroup]
2026-10-08T12:55:18.1639536Z #0 building with "default" instance using docker driver
2026-10-08T12:55:18.1639929Z 
2026-10-08T12:55:18.1640397Z #1 [internal] load build definition from Dockerfile
2026-10-08T12:55:18.3110487Z #1 transferring dockerfile: 160B done
2026-10-08T12:55:18.3110774Z #1 DONE 0.0s
2026-10-08T12:55:18.3110883Z 
2026-10-08T12:55:18.3111321Z #2 [internal] load metadata for docker.io/library/cocreate-check:latest
2026-10-08T12:55:18.3111606Z #2 DONE 0.0s
2026-10-08T12:55:18.3111678Z 
2026-10-08T12:55:18.3111764Z #3 [internal] load .dockerignore
2026-10-08T12:55:18.3111946Z #3 transferring context: 2B done
2026-10-08T12:55:18.3112090Z #3 DONE 0.0s
2026-10-08T12:55:18.3112159Z 
2026-10-08T12:55:18.3112294Z #4 [1/2] FROM docker.io/library/cocreate-check:latest
2026-10-08T12:55:18.3112511Z #4 DONE 0.0s
2026-10-08T12:55:18.3112573Z 
2026-10-08T12:55:18.3112818Z #5 [2/2] RUN apt-get update && apt-get install -y --no-install-recommends strace && rm -rf /var/lib/apt/lists/*
2026-10-08T12:55:18.3113292Z #5 0.117 Get:1 http://deb.debian.org/debian bookworm InRelease [151 kB]
2026-10-08T12:55:18.4389937Z #5 0.143 Get:2 http://deb.debian.org/debian bookworm-updates InRelease [55.4 kB]
2026-10-08T12:55:18.4390718Z #5 0.153 Get:3 http://deb.debian.org/debian-security bookworm-security InRelease [34.8 kB]
2026-10-08T12:55:18.4391675Z #5 0.179 Get:4 http://deb.debian.org/debian bookworm/main amd64 Packages [8790 kB]
2026-10-08T12:55:18.4392253Z #5 0.244 Get:5 http://deb.debian.org/debian bookworm-updates/main amd64 Packages [6924 B]
2026-10-08T12:55:18.5900104Z #5 0.245 Get:6 http://deb.debian.org/debian-security bookworm-security/main amd64 Packages [349 kB]
2026-10-08T12:55:19.0809926Z #5 0.887 Fetched 9388 kB in 1s (11.8 MB/s)
2026-10-08T12:55:19.3940217Z #5 0.887 Reading package lists...
2026-10-08T12:55:19.7089804Z #5 1.211 Reading package lists...
2026-10-08T12:55:19.8145968Z #5 1.522 Building dependency tree...
2026-10-08T12:55:19.9155399Z #5 1.620 Reading state information...
2026-10-08T12:55:19.9156020Z #5 1.699 The following additional packages will be installed:
2026-10-08T12:55:19.9156407Z #5 1.699   libunwind8
2026-10-08T12:55:19.9156766Z #5 1.721 The following NEW packages will be installed:
2026-10-08T12:55:20.1043333Z #5 1.721   libunwind8 strace
2026-10-08T12:55:20.1043889Z #5 1.763 0 upgraded, 2 newly installed, 0 to remove and 1 not upgraded.
2026-10-08T12:55:20.1044259Z #5 1.763 Need to get 1365 kB of archives.
2026-10-08T12:55:20.1044695Z #5 1.763 After this operation, 3108 kB of additional disk space will be used.
2026-10-08T12:55:20.1045341Z #5 1.763 Get:1 http://deb.debian.org/debian bookworm/main amd64 libunwind8 amd64 1.6.2-3 [51.2 kB]
2026-10-08T12:55:20.1046014Z #5 1.795 Get:2 http://deb.debian.org/debian bookworm/main amd64 strace amd64 6.1-0.1 [1314 kB]
2026-10-08T12:55:20.1046633Z #5 1.910 debconf: delaying package configuration, since apt-utils is not installed
2026-10-08T12:55:20.2203519Z #5 1.928 Fetched 1365 kB in 0s (11.3 MB/s)
2026-10-08T12:55:20.2204273Z #5 1.934 Selecting previously unselected package libunwind8:amd64.
2026-10-08T12:55:20.2204631Z #5 1.934 (Reading database ... 
2026-10-08T12:55:20.2204867Z (Reading database ... 5%
2026-10-08T12:55:20.2205201Z (Reading database ... 10%
2026-10-08T12:55:20.2205407Z (Reading database ... 15%
2026-10-08T12:55:20.2205611Z (Reading database ... 20%
2026-10-08T12:55:20.2205805Z (Reading database ... 25%
2026-10-08T12:55:20.2206003Z (Reading database ... 30%
2026-10-08T12:55:20.2206203Z (Reading database ... 35%
2026-10-08T12:55:20.2206402Z (Reading database ... 40%
2026-10-08T12:55:20.2206598Z (Reading database ... 45%
2026-10-08T12:55:20.2206799Z (Reading database ... 50%
2026-10-08T12:55:20.2206998Z (Reading database ... 55%
2026-10-08T12:55:20.2207197Z (Reading database ... 60%
2026-10-08T12:55:20.2207393Z (Reading database ... 65%
2026-10-08T12:55:20.2207596Z (Reading database ... 70%
2026-10-08T12:55:20.2207791Z (Reading database ... 75%
2026-10-08T12:55:20.2207991Z (Reading database ... 80%
2026-10-08T12:55:20.2208226Z (Reading database ... 85%
2026-10-08T12:55:20.2208423Z (Reading database ... 90%
2026-10-08T12:55:20.2208615Z (Reading database ... 95%
2026-10-08T12:55:20.2208823Z (Reading database ... 100%
2026-10-08T12:55:20.2209133Z (Reading database ... 16163 files and directories currently installed.)
2026-10-08T12:55:20.2209577Z #5 1.940 Preparing to unpack .../libunwind8_1.6.2-3_amd64.deb ...
2026-10-08T12:55:20.2209821Z #5 1.941 Unpacking libunwind8:amd64 (1.6.2-3) ...
2026-10-08T12:55:20.2210042Z #5 1.950 Selecting previously unselected package strace.
2026-10-08T12:55:20.2210277Z #5 1.951 Preparing to unpack .../strace_6.1-0.1_amd64.deb ...
2026-10-08T12:55:20.2210482Z #5 1.951 Unpacking strace (6.1-0.1) ...
2026-10-08T12:55:20.2210669Z #5 1.988 Setting up libunwind8:amd64 (1.6.2-3) ...
2026-10-08T12:55:20.2210861Z #5 1.990 Setting up strace (6.1-0.1) ...
2026-10-08T12:55:20.2211237Z #5 1.992 Processing triggers for libc-bin (2.36-9+deb12u14) ...
2026-10-08T12:55:20.2211420Z #5 DONE 2.0s
2026-10-08T12:55:20.3713168Z 
2026-10-08T12:55:20.3713821Z #6 exporting to image
2026-10-08T12:55:20.3714048Z #6 exporting layers
2026-10-08T12:55:21.2897938Z #6 exporting layers 1.1s done
2026-10-08T12:55:21.3042547Z #6 writing image sha256:8814655970c9bc649ffbe104485a769fb2cb502c03278d1e28c1435ebde2ce29 done
2026-10-08T12:55:21.3043190Z #6 naming to docker.io/library/cocreate-file-diagnose done
2026-10-08T12:55:21.3043578Z #6 DONE 1.1s
2026-10-08T12:55:21.5893908Z [2:9:1008/125521.587796:ERROR:dbus/bus.cc:405] Failed to connect to the bus: Failed to connect to socket /run/dbus/system_bus_socket: No such file or directory
2026-10-08T12:55:21.5896006Z [2:9:1008/125521.588632:ERROR:dbus/bus.cc:405] Failed to connect to the bus: Could not parse server address: Unknown address type (examples of valid types are "tcp" and on UNIX "unix")
2026-10-08T12:55:21.5918942Z [pid    41] ftruncate(26</memfd:shared-memory-region>(deleted), 8) = 0
2026-10-08T12:55:21.5996753Z Fontconfig error: [2:9:1008/125521.598670:ERROR:dbus/bus.cc:405] Failed to connect to the bus: Failed to connect to socket /run/dbus/system_bus_socket: No such file or directory
2026-10-08T12:55:21.5999543Z Cannot load default config file: No such file: (null)
2026-10-08T12:55:21.6000564Z [2:9:1008/125521.599532:ERROR:dbus/bus.cc:405] Failed to connect to the bus: Failed to connect to socket /run/dbus/system_bus_socket: No such file or directory
2026-10-08T12:55:21.6002611Z [2:9:1008/125521.599627:ERROR:dbus/bus.cc:405] Failed to connect to the bus: Could not parse server address: Unknown address type (examples of valid types are "tcp" and on UNIX "unix")
2026-10-08T12:55:21.6039620Z [pid    41] ftruncate(30</memfd:shared-memory-region>(deleted), 4) = 0
2026-10-08T12:55:21.6073411Z [2:9:1008/125521.606742:ERROR:dbus/bus.cc:405] Failed to connect to the bus: Could not parse server address: Unknown address type (examples of valid types are "tcp" and on UNIX "unix")
2026-10-08T12:55:21.6084518Z [2:2:1008/125521.608008:ERROR:chrome/browser/net/system_network_context_manager.cc:1002] Cannot use V8 Proxy resolver in single process mode.
2026-10-08T12:55:21.6409577Z [2:9:1008/125521.640432:ERROR:dbus/bus.cc:405] Failed to connect to the bus: Could not parse server address: Unknown address type (examples of valid types are "tcp" and on UNIX "unix")
2026-10-08T12:55:21.6422027Z [pid    41] ftruncate(42</memfd:shared-memory-region>(deleted), 131056) = 0
2026-10-08T12:55:21.6432947Z [2:2:1008/125521.643020:ERROR:chrome/browser/net/system_network_context_manager.cc:1002] Cannot use V8 Proxy resolver in single process mode.
2026-10-08T12:55:21.6467553Z [pid    54] ftruncate(52</profile/Default/ServerCertificate>, 20480) = 0
2026-10-08T12:55:21.6478513Z [pid    54] ftruncate(55</profile/Default/ServerCertificate-journal>, 0) = 0
2026-10-08T12:55:21.6520568Z [pid    46] ftruncate(58</profile/Default/Affiliation Database>, 12288) = 0
2026-10-08T12:55:21.6524719Z [pid    55] ftruncate(56</profile/Default/declarative_performance_observer.db>, 12288) = 0
2026-10-08T12:55:21.6529153Z [pid    46] ftruncate(63</profile/Default/Affiliation Database-journal>, 0 <unfinished ...>
2026-10-08T12:55:21.6530466Z [pid    55] ftruncate(62</profile/Default/declarative_performance_observer.db-journal>, 0 <unfinished ...>
2026-10-08T12:55:21.6531301Z [pid    46] <... ftruncate resumed>)    = 0
2026-10-08T12:55:21.6534453Z [pid    55] <... ftruncate resumed>)    = 0
2026-10-08T12:55:21.6550456Z [pid    55] ftruncate(56</profile/Default/declarative_performance_observer.db>, 20480) = 0
2026-10-08T12:55:21.6557435Z [pid    46] ftruncate(58</profile/Default/Affiliation Database>, 20480) = 0
2026-10-08T12:55:21.6559365Z [pid    55] ftruncate(62</profile/Default/declarative_performance_observer.db-journal>, 0) = 0
2026-10-08T12:55:21.6564328Z [pid    49] ftruncate(43</profile/Default/History>, 163840) = 0
2026-10-08T12:55:21.6568698Z [pid    46] ftruncate(63</profile/Default/Affiliation Database-journal>, 0) = 0
2026-10-08T12:55:21.6578184Z [pid    55] ftruncate(56</profile/Default/declarative_performance_observer.db>, 28672) = 0
2026-10-08T12:55:21.6586972Z [pid    55] ftruncate(62</profile/Default/declarative_performance_observer.db-journal>, 0 <unfinished ...>
2026-10-08T12:55:21.6587987Z [pid    46] ftruncate(58</profile/Default/Affiliation Database>, 32768) = 0
2026-10-08T12:55:21.6588391Z [pid    55] <... ftruncate resumed>)    = 0
2026-10-08T12:55:21.6597604Z [pid    49] ftruncate(47</profile/Default/History-journal>, 0 <unfinished ...>
2026-10-08T12:55:21.6598805Z [pid    46] ftruncate(63</profile/Default/Affiliation Database-journal>, 0 <unfinished ...>
2026-10-08T12:55:21.6599119Z [pid    49] <... ftruncate resumed>)    = 0
2026-10-08T12:55:21.6599340Z [pid    46] <... ftruncate resumed>)    = 0
2026-10-08T12:55:21.6616382Z [pid    55] ftruncate(56</profile/Default/declarative_performance_observer.db>, 32768) = 0
2026-10-08T12:55:21.6623023Z [pid    55] ftruncate(62</profile/Default/declarative_performance_observer.db-journal>, 0 <unfinished ...>
2026-10-08T12:55:21.6624092Z [pid    46] ftruncate(58</profile/Default/Affiliation Database>, 45056) = 0
2026-10-08T12:55:21.6624729Z [pid    55] <... ftruncate resumed>)    = 0
2026-10-08T12:55:21.6631995Z [pid    46] ftruncate(63</profile/Default/Affiliation Database-journal>, 0) = 0
2026-10-08T12:55:21.6642073Z [pid    46] ftruncate(58</profile/Default/Affiliation Database>, 53248) = 0
2026-10-08T12:55:21.6644292Z [2:41:1008/125521.664195:FATAL:base/message_loop/message_pump_epoll.cc:143] Check failed: . : Too many open files (24)
2026-10-08T12:55:21.6645502Z [2:40:1008/125521.663912:FATAL:base/message_loop/message_pump_epoll.cc:143] Check failed: . : Too many open files (24)
2026-10-08T12:55:22.2556757Z /app/server/isolation/browser.ts:12
2026-10-08T12:55:22.2557819Z const unavailable = () => new IsolationError('isolation_unavailable', 'Isolated verification browser is unavailable. Prepare the verification runtime, then explicitly retry; the previous artifact is retained.');
2026-10-08T12:55:22.2558578Z                           ^
2026-10-08T12:55:22.2558711Z 
2026-10-08T12:55:22.2559542Z IsolationError: Isolated verification browser is unavailable. Prepare the verification runtime, then explicitly retry; the previous artifact is retained.
2026-10-08T12:55:22.2560361Z     at unavailable (/app/server/isolation/browser.ts:12:27)
2026-10-08T12:55:22.2560753Z     at Socket.<anonymous> (/app/server/isolation/browser.ts:70:47)
2026-10-08T12:55:22.2562900Z     at Socket.emit (node:events:519:28)
2026-10-08T12:55:22.2563231Z     at emitErrorNT (node:internal/streams/destroy:170:8)
2026-10-08T12:55:22.2563599Z     at emitErrorCloseNT (node:internal/streams/destroy:129:3)
2026-10-08T12:55:22.2564073Z     at process.processTicksAndRejections (node:internal/process/task_queues:89:21) {
2026-10-08T12:55:22.2564490Z   code: 'isolation_unavailable',
2026-10-08T12:55:22.2564702Z   cause: {
2026-10-08T12:55:22.2564879Z     exitCode: 134,
2026-10-08T12:55:22.2565058Z     phase: 'cleanup',
2026-10-08T12:55:22.2565721Z     diagnostic: '[2:9:1008/125521.587796:ERROR:dbus/bus.cc:405] Failed to connect to the bus: Failed to connect to socket /run/dbus/system_bus_socket: No such file or directory\n' +
2026-10-08T12:55:22.2566792Z       '[2:9:1008/125521.588632:ERROR:dbus/bus.cc:405] Failed to connect to the bus: Could not parse server address: Unknown address type (examples of valid types are "tcp" and on UNIX "unix")\n' +
2026-10-08T12:55:22.2567644Z       '[pid    41] ftruncate(26</memfd:shared-memory-region>(deleted), 8) = 0\n' +
2026-10-08T12:55:22.2568507Z       'Fontconfig error: [2:9:1008/125521.598670:ERROR:dbus/bus.cc:405] Failed to connect to the bus: Failed to connect to socket /run/dbus/system_bus_socket: No such file or directory\n' +
2026-10-08T12:55:22.2569280Z       'Cannot load default config file: No such file: (null)\n' +
2026-10-08T12:55:22.2570042Z       '[2:9:1008/125521.599532:ERROR:dbus/bus.cc:405] Failed to connect to the bus: Failed to connect to socket /run/dbus/system_bus_socket: No such file or directory\n' +
2026-10-08T12:55:22.2571208Z       '[2:9:1008/125521.599627:ERROR:dbus/bus.cc:405] Failed to connect to the bus: Could not parse server address: Unknown address type (examples of valid types are "tcp" and on UNIX "unix")\n' +
2026-10-08T12:55:22.2571872Z       '[pid   '
2026-10-08T12:55:22.2572042Z   }
2026-10-08T12:55:22.2572190Z }
2026-10-08T12:55:22.2572325Z 
2026-10-08T12:55:22.2572398Z Node.js v22.23.3
2026-10-08T12:55:22.2847571Z ##[error]Process completed with exit code 1.
2026-10-08T12:55:22.2868603Z ##[group]Run sh scripts/run-linux-check.sh node --import tsx --test --test-concurrency=1 tests/generated-isolation.test.ts
2026-10-08T12:55:22.2869084Z [36;1msh scripts/run-linux-check.sh node --import tsx --test --test-concurrency=1 tests/generated-isolation.test.ts[0m
2026-10-08T12:55:22.2899494Z shell: /usr/bin/bash -e {0}
2026-10-08T12:55:22.2899647Z env:
2026-10-08T12:55:22.2899790Z   PNPM_HOME: /home/runner/setup-pnpm/node_modules/.bin
2026-10-08T12:55:22.2900014Z   COCREATE_CI_CGROUP_ROOT: /sys/fs/cgroup/cocreate-ci-37780202434-1
2026-10-08T12:55:22.2900215Z ##[endgroup]
2026-10-08T12:55:22.3834355Z TAP version 13
2026-10-08T12:55:25.6110788Z # Subtest: ordinary compilation runs in the real OS boundary and never evaluates candidate top-level code
2026-10-08T12:55:25.6116594Z ok 1 - ordinary compilation runs in the real OS boundary and never evaluates candidate top-level code
2026-10-08T12:55:25.6117053Z   ---
2026-10-08T12:55:25.6117260Z   duration_ms: 3112.141257
2026-10-08T12:55:25.6117540Z   type: 'test'
2026-10-08T12:55:25.6117735Z   ...
2026-10-08T12:55:25.6502005Z # Subtest: OS boundary without Node permissions denies an existing private host file, writes and live loopback network
2026-10-08T12:55:25.6505614Z ok 2 - OS boundary without Node permissions denies an existing private host file, writes and live loopback network
2026-10-08T12:55:25.6506105Z   ---
2026-10-08T12:55:25.6506294Z   duration_ms: 40.537628
2026-10-08T12:55:25.6506511Z   type: 'test'
2026-10-08T12:55:25.6506683Z   ...
2026-10-08T12:55:25.7101770Z # Subtest: restricted process strips injection/secrets and denies subprocesses, workers and cross-workspace reads
2026-10-08T12:55:25.7103343Z ok 3 - restricted process strips injection/secrets and denies subprocesses, workers and cross-workspace reads
2026-10-08T12:55:25.7104169Z   ---
2026-10-08T12:55:25.7104363Z   duration_ms: 54.681983
2026-10-08T12:55:25.7104580Z   type: 'test'
2026-10-08T12:55:25.7104762Z   ...
2026-10-08T12:55:30.2614675Z # Subtest: candidate imports cannot read absolute files, traverse workspaces or download packages/styles
2026-10-08T12:55:30.2615555Z ok 4 - candidate imports cannot read absolute files, traverse workspaces or download packages/styles
2026-10-08T12:55:30.2615912Z   ---
2026-10-08T12:55:30.2616061Z   duration_ms: 4558.620084
2026-10-08T12:55:30.2616203Z   type: 'test'
2026-10-08T12:55:30.2616321Z   ...
2026-10-08T12:55:31.2658355Z # Subtest: wall timeout terminates a running child and cleans its private input
2026-10-08T12:55:31.2658928Z ok 5 - wall timeout terminates a running child and cleans its private input
2026-10-08T12:55:31.2659165Z   ---
2026-10-08T12:55:31.2659299Z   duration_ms: 1005.369744
2026-10-08T12:55:31.2659445Z   type: 'test'
2026-10-08T12:55:31.2659620Z   ...
2026-10-08T12:55:31.2695836Z # Subtest: cancellation waits for real child termination and cleanup; pre-abort starts nothing
2026-10-08T12:55:31.2696606Z ok 6 - cancellation waits for real child termination and cleanup; pre-abort starts nothing
2026-10-08T12:55:31.2697309Z   ---
2026-10-08T12:55:31.2697693Z   duration_ms: 4.270952
2026-10-08T12:55:31.2697876Z   type: 'test'
2026-10-08T12:55:31.2698009Z   ...
2026-10-08T12:55:31.5404005Z # Subtest: memory exhaustion cannot escape the OS bound and leaves no child work
2026-10-08T12:55:31.5404666Z ok 7 - memory exhaustion cannot escape the OS bound and leaves no child work
2026-10-08T12:55:31.5405088Z   ---
2026-10-08T12:55:31.5405454Z   duration_ms: 269.416456
2026-10-08T12:55:31.5405711Z   type: 'test'
2026-10-08T12:55:31.5405882Z   ...
2026-10-08T12:55:31.5406355Z # Subtest: unavailable isolation fails explicitly and cannot fall back to host compilation
2026-10-08T12:55:31.5406976Z ok 8 - unavailable isolation fails explicitly and cannot fall back to host compilation
2026-10-08T12:55:31.5407385Z   ---
2026-10-08T12:55:31.5407558Z   duration_ms: 0.646485
2026-10-08T12:55:31.5407755Z   type: 'test'
2026-10-08T12:55:31.5407935Z   ...
2026-10-08T12:55:41.5462120Z # Subtest: CPU bound stops a busy child before the longer wall deadline
2026-10-08T12:55:41.5462719Z ok 9 - CPU bound stops a busy child before the longer wall deadline
2026-10-08T12:55:41.5463019Z   ---
2026-10-08T12:55:41.5463205Z   duration_ms: 10005.930148
2026-10-08T12:55:41.5463407Z   type: 'test'
2026-10-08T12:55:41.5463576Z   ...
2026-10-08T12:55:41.6233248Z # Subtest: untrusted output is bounded before it reaches application memory or artifacts
2026-10-08T12:55:41.6233959Z ok 10 - untrusted output is bounded before it reaches application memory or artifacts
2026-10-08T12:55:41.6234328Z   ---
2026-10-08T12:55:41.6234518Z   duration_ms: 78.497873
2026-10-08T12:55:41.6234728Z   type: 'test'
2026-10-08T12:55:41.6234901Z   ...
2026-10-08T12:55:41.6332661Z 1..10
2026-10-08T12:55:41.6332898Z # tests 10
2026-10-08T12:55:41.6333062Z # suites 0
2026-10-08T12:55:41.6333178Z # pass 10
2026-10-08T12:55:41.6333292Z # fail 0
2026-10-08T12:55:41.6333408Z # cancelled 0
2026-10-08T12:55:41.6333534Z # skipped 0
2026-10-08T12:55:41.6333649Z # todo 0
2026-10-08T12:55:41.6333803Z # duration_ms 19256.363839
2026-10-08T12:55:41.6679816Z ##[group]Run case "$COCREATE_CI_CGROUP_ROOT" in /sys/fs/cgroup/cocreate-ci-*) ;; *) exit 126 ;; esac
2026-10-08T12:55:41.6680191Z [36;1mcase "$COCREATE_CI_CGROUP_ROOT" in /sys/fs/cgroup/cocreate-ci-*) ;; *) exit 126 ;; esac[0m
2026-10-08T12:55:41.6680490Z [36;1msudo find "$COCREATE_CI_CGROUP_ROOT" -depth -type d -exec rmdir {} \;[0m
2026-10-08T12:55:41.6710447Z shell: /usr/bin/bash -e {0}
2026-10-08T12:55:41.6710589Z env:
2026-10-08T12:55:41.6710733Z   PNPM_HOME: /home/runner/setup-pnpm/node_modules/.bin
2026-10-08T12:55:41.6711061Z   COCREATE_CI_CGROUP_ROOT: /sys/fs/cgroup/cocreate-ci-37780202434-1
2026-10-08T12:55:41.6711259Z ##[endgroup]
2026-10-08T12:55:41.6868399Z Post job cleanup.
2026-10-08T12:55:41.7739486Z Pruning is unnecessary.
2026-10-08T12:55:41.7838347Z Post job cleanup.
2026-10-08T12:55:41.8393336Z [command]/usr/bin/git version
2026-10-08T12:55:41.8421111Z git version 2.55.0
2026-10-08T12:55:41.8444090Z Temporarily overriding HOME='/home/runner/work/_temp/c4fea0ff-522a-4bd5-ba4b-f2d2c3aa572f' before making global git config changes
2026-10-08T12:55:41.8444966Z Adding repository directory to the temporary git global config as a safe directory
2026-10-08T12:55:41.8447931Z [command]/usr/bin/git config --global --add safe.directory /home/runner/work/Cocreate/Cocreate
2026-10-08T12:55:41.8473398Z [command]/usr/bin/git config --local --name-only --get-regexp core\.sshCommand
2026-10-08T12:55:41.8494143Z [command]/usr/bin/git submodule foreach --recursive sh -c "git config --local --name-only --get-regexp 'core\.sshCommand' && git config --local --unset-all 'core.sshCommand' || :"
2026-10-08T12:55:41.8667499Z [command]/usr/bin/git config --local --name-only --get-regexp http\.https\:\/\/github\.com\/\.extraheader
2026-10-08T12:55:41.8694436Z http.https://github.com/.extraheader
2026-10-08T12:55:41.8725028Z [command]/usr/bin/git config --local --unset-all http.https://github.com/.extraheader
2026-10-08T12:55:41.8726936Z [command]/usr/bin/git submodule foreach --recursive sh -c "git config --local --name-only --get-regexp 'http\.https\:\/\/github\.com\/\.extraheader' && git config --local --unset-all 'http.https://github.com/.extraheader' || :"
2026-10-08T12:55:41.8922466Z [command]/usr/bin/git config --local --name-only --get-regexp ^includeIf\.gitdir:
2026-10-08T12:55:41.8962692Z [command]/usr/bin/git submodule foreach --recursive git config --local --show-origin --name-only --get-regexp remote.origin.url
2026-10-08T12:55:41.9221333Z Cleaning up orphan processes
2026-10-08T12:55:41.9387929Z ##[warning]Node.js 20 is deprecated. The following actions target Node.js 20 but are being forced to run on Node.js 24: actions/checkout@11d5960a326750d5838078e36cf38b85af677262, actions/setup-node@49933ea5288caeca8642d1e84afbd3f7d6820020, pnpm/action-setup@f40ffcd9367d9f12939873eb1018b921a783ffaa. For more information see: https://github.blog/changelog/2025-09-19-deprecation-of-node-20-on-github-actions-runners/
