2026-10-08T12:48:02.7098362Z Current runner version: '2.337.0'
2026-10-08T12:48:02.7123343Z ##[group]Runner Image Provisioner
2026-10-08T12:48:02.7124222Z Hosted Compute Agent
2026-10-08T12:48:02.7124856Z Version: 20260901.588
2026-10-08T12:48:02.7125476Z Commit: f88ec8081b781fac6c440065ac7ff9e710ce3d0b
2026-10-08T12:48:02.7126114Z Build Date: 2026-09-01T19:56:44Z
2026-10-08T12:48:02.7126893Z Worker ID: {6537875f-8c35-4156-8989-101b8dc47e84}
2026-10-08T12:48:02.7127519Z Azure Region: westus3
2026-10-08T12:48:02.7128092Z ##[endgroup]
2026-10-08T12:48:02.7129752Z ##[group]Operating System
2026-10-08T12:48:02.7130300Z Ubuntu
2026-10-08T12:48:02.7130838Z 22.04.5
2026-10-08T12:48:02.7131306Z LTS
2026-10-08T12:48:02.7131804Z ##[endgroup]
2026-10-08T12:48:02.7132305Z ##[group]Runner Image
2026-10-08T12:48:02.7132982Z Image: ubuntu-22.04
2026-10-08T12:48:02.7133891Z Version: 20260927.309.1
2026-10-08T12:48:02.7135063Z Included Software: https://github.com/actions/runner-images/blob/ubuntu22/20260927.309/images/ubuntu/Ubuntu2204-Readme.md
2026-10-08T12:48:02.7136460Z Image Release: https://github.com/actions/runner-images/releases/tag/ubuntu22%2F20260927.309
2026-10-08T12:48:02.7137327Z ##[endgroup]
2026-10-08T12:48:02.7138345Z ##[group]GITHUB_TOKEN Permissions
2026-10-08T12:48:02.7140661Z Contents: read
2026-10-08T12:48:02.7141351Z Metadata: read
2026-10-08T12:48:02.7141953Z ##[endgroup]
2026-10-08T12:48:02.7144268Z Secret source: Actions
2026-10-08T12:48:02.7145266Z Cache mode: write
2026-10-08T12:48:02.7145972Z Prepare workflow directory
2026-10-08T12:48:02.7539656Z Prepare all required actions
2026-10-08T12:48:02.7590947Z Getting action download info
2026-10-08T12:48:03.1031547Z Download action repository 'actions/checkout@11d5960a326750d5838078e36cf38b85af677262' (SHA:11d5960a326750d5838078e36cf38b85af677262)
2026-10-08T12:48:03.2977541Z Download action repository 'pnpm/action-setup@f40ffcd9367d9f12939873eb1018b921a783ffaa' (SHA:f40ffcd9367d9f12939873eb1018b921a783ffaa)
2026-10-08T12:48:03.9474200Z Download action repository 'actions/setup-node@49933ea5288caeca8642d1e84afbd3f7d6820020' (SHA:49933ea5288caeca8642d1e84afbd3f7d6820020)
2026-10-08T12:48:04.2160724Z Complete job name: verify
2026-10-08T12:48:04.3107536Z ##[group]Run actions/checkout@11d5960a326750d5838078e36cf38b85af677262
2026-10-08T12:48:04.3108689Z with:
2026-10-08T12:48:04.3109191Z   repository: DD7780/Cocreate
2026-10-08T12:48:04.3113261Z   token: ***
2026-10-08T12:48:04.3113742Z   ssh-strict: true
2026-10-08T12:48:04.3114222Z   ssh-user: git
2026-10-08T12:48:04.3114727Z   persist-credentials: true
2026-10-08T12:48:04.3115248Z   clean: true
2026-10-08T12:48:04.3115726Z   sparse-checkout-cone-mode: true
2026-10-08T12:48:04.3116289Z   fetch-depth: 1
2026-10-08T12:48:04.3116756Z   fetch-tags: false
2026-10-08T12:48:04.3117240Z   show-progress: true
2026-10-08T12:48:04.3117720Z   lfs: false
2026-10-08T12:48:04.3118168Z   submodules: false
2026-10-08T12:48:04.3118667Z   set-safe-directory: true
2026-10-08T12:48:04.3119213Z   allow-unsafe-pr-checkout: false
2026-10-08T12:48:04.3120042Z ##[endgroup]
2026-10-08T12:48:04.4165524Z Syncing repository: DD7780/Cocreate
2026-10-08T12:48:04.4168109Z ##[group]Getting Git version info
2026-10-08T12:48:04.4169059Z Working directory is '/home/runner/work/Cocreate/Cocreate'
2026-10-08T12:48:04.4170348Z [command]/usr/bin/git version
2026-10-08T12:48:04.4213617Z git version 2.55.0
2026-10-08T12:48:04.4241753Z ##[endgroup]
2026-10-08T12:48:04.4260053Z Temporarily overriding HOME='/home/runner/work/_temp/71684de1-0400-4931-96ba-35d01a295a84' before making global git config changes
2026-10-08T12:48:04.4262472Z Adding repository directory to the temporary git global config as a safe directory
2026-10-08T12:48:04.4267013Z [command]/usr/bin/git config --global --add safe.directory /home/runner/work/Cocreate/Cocreate
2026-10-08T12:48:04.4325856Z Deleting the contents of '/home/runner/work/Cocreate/Cocreate'
2026-10-08T12:48:04.4348879Z ##[group]Initializing the repository
2026-10-08T12:48:04.4354929Z [command]/usr/bin/git init /home/runner/work/Cocreate/Cocreate
2026-10-08T12:48:04.4465580Z hint: Using 'master' as the name for the initial branch. This default branch name
2026-10-08T12:48:04.4468569Z hint: will change to "main" in Git 3.0. To configure the initial branch name
2026-10-08T12:48:04.4471405Z hint: to use in all of your new repositories, which will suppress this warning,
2026-10-08T12:48:04.4473685Z hint: call:
2026-10-08T12:48:04.4474929Z hint:
2026-10-08T12:48:04.4476432Z hint: 	git config --global init.defaultBranch <name>
2026-10-08T12:48:04.4478224Z hint:
2026-10-08T12:48:04.4479580Z hint: Names commonly chosen instead of 'master' are 'main', 'trunk' and
2026-10-08T12:48:04.4480762Z hint: 'development'. The just-created branch can be renamed via this command:
2026-10-08T12:48:04.4482447Z hint:
2026-10-08T12:48:04.4483950Z hint: 	git branch -m <name>
2026-10-08T12:48:04.4485545Z hint:
2026-10-08T12:48:04.4487146Z hint: Disable this message with "git config set advice.defaultBranchName false"
2026-10-08T12:48:04.4489654Z Initialized empty Git repository in /home/runner/work/Cocreate/Cocreate/.git/
2026-10-08T12:48:04.4493579Z [command]/usr/bin/git remote add origin https://github.com/DD7780/Cocreate
2026-10-08T12:48:04.4531588Z ##[endgroup]
2026-10-08T12:48:04.4533746Z ##[group]Disabling automatic garbage collection
2026-10-08T12:48:04.4535499Z [command]/usr/bin/git config --local gc.auto 0
2026-10-08T12:48:04.4569918Z ##[endgroup]
2026-10-08T12:48:04.4572218Z ##[group]Setting up auth
2026-10-08T12:48:04.4577060Z [command]/usr/bin/git config --local --name-only --get-regexp core\.sshCommand
2026-10-08T12:48:04.4608514Z [command]/usr/bin/git submodule foreach --recursive sh -c "git config --local --name-only --get-regexp 'core\.sshCommand' && git config --local --unset-all 'core.sshCommand' || :"
2026-10-08T12:48:04.4947676Z [command]/usr/bin/git config --local --name-only --get-regexp http\.https\:\/\/github\.com\/\.extraheader
2026-10-08T12:48:04.4980446Z [command]/usr/bin/git submodule foreach --recursive sh -c "git config --local --name-only --get-regexp 'http\.https\:\/\/github\.com\/\.extraheader' && git config --local --unset-all 'http.https://github.com/.extraheader' || :"
2026-10-08T12:48:04.5202391Z [command]/usr/bin/git config --local --name-only --get-regexp ^includeIf\.gitdir:
2026-10-08T12:48:04.5260613Z [command]/usr/bin/git submodule foreach --recursive git config --local --show-origin --name-only --get-regexp remote.origin.url
2026-10-08T12:48:04.5458333Z [command]/usr/bin/git config --local http.https://github.com/.extraheader AUTHORIZATION: basic ***
2026-10-08T12:48:04.5497728Z ##[endgroup]
2026-10-08T12:48:04.5498666Z ##[group]Fetching the repository
2026-10-08T12:48:04.5507535Z [command]/usr/bin/git -c protocol.version=2 fetch --no-tags --prune --no-recurse-submodules --depth=1 origin +4844b184b72575e01cb80936b7b2168a7c96f27a:refs/remotes/origin/codex/prelaunch-beta
2026-10-08T12:48:05.7471753Z From https://github.com/DD7780/Cocreate
2026-10-08T12:48:05.7475754Z  * [new ref]         4844b184b72575e01cb80936b7b2168a7c96f27a -> origin/codex/prelaunch-beta
2026-10-08T12:48:05.7483046Z ##[endgroup]
2026-10-08T12:48:05.7485655Z ##[group]Determining the checkout info
2026-10-08T12:48:05.7488663Z ##[endgroup]
2026-10-08T12:48:05.7490770Z [command]/usr/bin/git sparse-checkout disable
2026-10-08T12:48:05.7532823Z [command]/usr/bin/git config --local --unset-all extensions.worktreeConfig
2026-10-08T12:48:05.7565487Z ##[group]Checking out the ref
2026-10-08T12:48:05.7570490Z [command]/usr/bin/git checkout --progress --force -B codex/prelaunch-beta refs/remotes/origin/codex/prelaunch-beta
2026-10-08T12:48:05.8378268Z Switched to a new branch 'codex/prelaunch-beta'
2026-10-08T12:48:05.8381322Z branch 'codex/prelaunch-beta' set up to track 'origin/codex/prelaunch-beta'.
2026-10-08T12:48:05.8387711Z ##[endgroup]
2026-10-08T12:48:05.8426894Z [command]/usr/bin/git log -1 --format=%H
2026-10-08T12:48:05.8451069Z 4844b184b72575e01cb80936b7b2168a7c96f27a
2026-10-08T12:48:05.8795654Z ##[group]Run pnpm/action-setup@f40ffcd9367d9f12939873eb1018b921a783ffaa
2026-10-08T12:48:05.8797508Z with:
2026-10-08T12:48:05.8798377Z   version: 10.18.3
2026-10-08T12:48:05.8799293Z   dest: ~/setup-pnpm
2026-10-08T12:48:05.8800224Z   run_install: null
2026-10-08T12:48:05.8801147Z   cache: false
2026-10-08T12:48:05.8802098Z   cache_dependency_path: pnpm-lock.yaml
2026-10-08T12:48:05.8803502Z   package_json_file: package.json
2026-10-08T12:48:05.8804638Z   standalone: false
2026-10-08T12:48:05.8805558Z ##[endgroup]
2026-10-08T12:48:06.0315946Z ##[group]Running self-installer...
2026-10-08T12:48:06.4465709Z (node:2106) [DEP0169] DeprecationWarning: `url.parse()` behavior is not standardized and prone to errors that have security implications. Use the WHATWG URL API instead. CVEs are not issued for `url.parse()` vulnerabilities.
2026-10-08T12:48:06.4469851Z (Use `node --trace-deprecation ...` to show where the warning was created)
2026-10-08T12:48:06.6265635Z Progress: resolved 1, reused 0, downloaded 0, added 0
2026-10-08T12:48:06.6384279Z Packages: +1
2026-10-08T12:48:06.6386179Z +
2026-10-08T12:48:07.0386370Z Progress: resolved 1, reused 0, downloaded 1, added 1, done
2026-10-08T12:48:07.0627319Z 
2026-10-08T12:48:07.0628086Z dependencies:
2026-10-08T12:48:07.0632425Z + pnpm 10.18.3 (12.10.1 is available)
2026-10-08T12:48:07.0632992Z 
2026-10-08T12:48:07.0664075Z Done in 841ms
2026-10-08T12:48:07.0800824Z ##[endgroup]
2026-10-08T12:48:07.0801485Z Installation Completed!
2026-10-08T12:48:07.0971324Z ##[group]Run actions/setup-node@49933ea5288caeca8642d1e84afbd3f7d6820020
2026-10-08T12:48:07.0971744Z with:
2026-10-08T12:48:07.0972012Z   node-version: 22
2026-10-08T12:48:07.0972214Z   cache: pnpm
2026-10-08T12:48:07.0972417Z   always-auth: false
2026-10-08T12:48:07.0972635Z   check-latest: false
2026-10-08T12:48:07.0975138Z   token: ***
2026-10-08T12:48:07.0975338Z env:
2026-10-08T12:48:07.0975588Z   PNPM_HOME: /home/runner/setup-pnpm/node_modules/.bin
2026-10-08T12:48:07.0975898Z ##[endgroup]
2026-10-08T12:48:07.2488103Z Found in cache @ /opt/hostedtoolcache/node/22.23.3/x64
2026-10-08T12:48:07.2493501Z (node:2120) [DEP0040] DeprecationWarning: The `punycode` module is deprecated. Please use a userland alternative instead.
2026-10-08T12:48:07.2494665Z (Use `node --trace-deprecation ...` to show where the warning was created)
2026-10-08T12:48:07.2496802Z ##[group]Environment details
2026-10-08T12:48:11.3375249Z node: v22.23.3
2026-10-08T12:48:11.3375615Z npm: 10.9.9
2026-10-08T12:48:11.3375911Z yarn: 1.22.22
2026-10-08T12:48:11.3376575Z ##[endgroup]
2026-10-08T12:48:11.3404391Z [command]/home/runner/setup-pnpm/node_modules/.bin/pnpm store path --silent
2026-10-08T12:48:12.0037241Z /home/runner/setup-pnpm/node_modules/.bin/store/v10
2026-10-08T12:48:12.2207578Z pnpm cache is not found
2026-10-08T12:48:12.2339589Z ##[group]Run pnpm install --frozen-lockfile
2026-10-08T12:48:12.2340060Z [36;1mpnpm install --frozen-lockfile[0m
2026-10-08T12:48:12.2610111Z shell: /usr/bin/bash -e {0}
2026-10-08T12:48:12.2610394Z env:
2026-10-08T12:48:12.2610677Z   PNPM_HOME: /home/runner/setup-pnpm/node_modules/.bin
2026-10-08T12:48:12.2611000Z ##[endgroup]
2026-10-08T12:48:12.6119268Z Lockfile is up to date, resolution step is skipped
2026-10-08T12:48:12.6631706Z Progress: resolved 1, reused 0, downloaded 0, added 0
2026-10-08T12:48:12.7229150Z Packages: +408
2026-10-08T12:48:12.7230180Z ++++++++++++++++++++++++++++++++++++++++++++++++++++++++++++++++++++++++++++++++
2026-10-08T12:48:13.6659007Z Progress: resolved 408, reused 0, downloaded 146, added 113
2026-10-08T12:48:14.6664578Z Progress: resolved 408, reused 0, downloaded 258, added 248
2026-10-08T12:48:15.6704084Z Progress: resolved 408, reused 0, downloaded 369, added 321
2026-10-08T12:48:16.6677062Z Progress: resolved 408, reused 0, downloaded 408, added 408, done
2026-10-08T12:48:16.8080035Z .../node_modules/@prisma/engines postinstall$ node scripts/postinstall.js
2026-10-08T12:48:16.8373896Z .../esbuild@0.25.12/node_modules/esbuild postinstall$ node install.js
2026-10-08T12:48:16.8375975Z .../esbuild@0.28.1/node_modules/esbuild postinstall$ node install.js
2026-10-08T12:48:16.8379501Z .../node_modules/workerd postinstall$ node install.js
2026-10-08T12:48:16.8389807Z .../esbuild@0.28.2/node_modules/esbuild postinstall$ node install.js
2026-10-08T12:48:16.9334621Z .../esbuild@0.25.12/node_modules/esbuild postinstall: Done
2026-10-08T12:48:16.9732534Z .../esbuild@0.28.1/node_modules/esbuild postinstall: Done
2026-10-08T12:48:17.0692490Z .../esbuild@0.28.2/node_modules/esbuild postinstall: Done
2026-10-08T12:48:17.0704119Z .../node_modules/workerd postinstall: Done
2026-10-08T12:48:17.5119663Z .../node_modules/@prisma/engines postinstall: Done
2026-10-08T12:48:17.7958297Z .../node_modules/prisma preinstall$ node scripts/preinstall-entry.js
2026-10-08T12:48:17.8822067Z .../node_modules/prisma preinstall: Done
2026-10-08T12:48:18.2344997Z 
2026-10-08T12:48:18.2345598Z dependencies:
2026-10-08T12:48:18.2346113Z + @cloudflare/containers 0.3.7
2026-10-08T12:48:18.2346574Z + @supabase/server 1.8.0
2026-10-08T12:48:18.2346933Z + @supabase/supabase-js 2.117.0
2026-10-08T12:48:18.2347435Z + @tiptap/extension-collaboration 3.31.3
2026-10-08T12:48:18.2348247Z + @tiptap/extension-collaboration-caret 3.31.3
2026-10-08T12:48:18.2348781Z + @tiptap/react 3.31.3
2026-10-08T12:48:18.2349196Z + @tiptap/starter-kit 3.31.3
2026-10-08T12:48:18.2349681Z + @vitejs/plugin-react 5.2.0
2026-10-08T12:48:18.2350116Z + cross-env 10.1.0
2026-10-08T12:48:18.2350466Z + dotenv 17.4.2
2026-10-08T12:48:18.2350819Z + esbuild 0.25.12
2026-10-08T12:48:18.2351192Z + esbuild-wasm 0.25.12
2026-10-08T12:48:18.2351574Z + express 5.2.1
2026-10-08T12:48:18.2351804Z + lucide-react 0.468.0
2026-10-08T12:48:18.2352029Z + react 19.2.8
2026-10-08T12:48:18.2352269Z + react-dom 19.2.8
2026-10-08T12:48:18.2352554Z + vite 7.3.6
2026-10-08T12:48:18.2352911Z + ws 8.21.3
2026-10-08T12:48:18.2353304Z + y-protocols 1.0.7
2026-10-08T12:48:18.2353637Z + yjs 13.6.32
2026-10-08T12:48:18.2353832Z 
2026-10-08T12:48:18.2353968Z devDependencies:
2026-10-08T12:48:18.2354271Z + @prisma/adapter-pg 7.10.0
2026-10-08T12:48:18.2354523Z + @prisma/client 7.10.0
2026-10-08T12:48:18.2354868Z + @types/express 5.0.6
2026-10-08T12:48:18.2355096Z + @types/node 22.20.1
2026-10-08T12:48:18.2355323Z + @types/pg 8.23.1
2026-10-08T12:48:18.2355642Z + @types/react 19.2.18
2026-10-08T12:48:18.2355887Z + @types/react-dom 19.2.7
2026-10-08T12:48:18.2356296Z + @types/ws 8.18.1
2026-10-08T12:48:18.2356613Z + pg 8.23.0
2026-10-08T12:48:18.2357042Z + prisma 7.10.0
2026-10-08T12:48:18.2357249Z + tsx 4.23.13
2026-10-08T12:48:18.2357459Z + typescript 5.9.3
2026-10-08T12:48:18.2357757Z + wrangler 4.131.1
2026-10-08T12:48:18.2357886Z 
2026-10-08T12:48:18.3638373Z Done in 6s using pnpm v10.18.3
2026-10-08T12:48:18.3948539Z ##[group]Run pnpm check:boundaries
2026-10-08T12:48:18.3949009Z [36;1mpnpm check:boundaries[0m
2026-10-08T12:48:18.3988015Z shell: /usr/bin/bash -e {0}
2026-10-08T12:48:18.3988292Z env:
2026-10-08T12:48:18.3988553Z   PNPM_HOME: /home/runner/setup-pnpm/node_modules/.bin
2026-10-08T12:48:18.3988854Z ##[endgroup]
2026-10-08T12:48:18.7249042Z 
2026-10-08T12:48:18.7249875Z > cocreate@1.0.0 check:boundaries /home/runner/work/Cocreate/Cocreate
2026-10-08T12:48:18.7250387Z > tsx scripts/codebase-audit.ts --check
2026-10-08T12:48:18.7250594Z 
2026-10-08T12:48:20.4333495Z Audited 143 files; 1 static candidates; 0 boundary violations.
2026-10-08T12:48:20.4336476Z Jev: 0 physical requests, 0 input tokens with known usage, known-usage estimate $0.000000; unknown requests retain their reservation.
2026-10-08T12:48:20.4337207Z Report: artifacts/codebase-audit/report.json
2026-10-08T12:48:20.4661483Z ##[group]Run pnpm build
2026-10-08T12:48:20.4661752Z [36;1mpnpm build[0m
2026-10-08T12:48:20.4699567Z shell: /usr/bin/bash -e {0}
2026-10-08T12:48:20.4699827Z env:
2026-10-08T12:48:20.4700096Z   PNPM_HOME: /home/runner/setup-pnpm/node_modules/.bin
2026-10-08T12:48:20.4700401Z ##[endgroup]
2026-10-08T12:48:20.7457595Z 
2026-10-08T12:48:20.7458502Z > cocreate@1.0.0 build /home/runner/work/Cocreate/Cocreate
2026-10-08T12:48:20.7459361Z > tsc --noEmit && vite build --configLoader runner
2026-10-08T12:48:20.7460184Z 
2026-10-08T12:48:28.4523827Z [36mvite v7.3.6 [32mbuilding client environment for production...[36m[39m
2026-10-08T12:48:28.5282428Z transforming...
2026-10-08T12:48:32.0335526Z [32m✓[39m 1749 modules transformed.
2026-10-08T12:48:32.2583097Z rendering chunks...
2026-10-08T12:48:32.4869564Z computing gzip size...
2026-10-08T12:48:32.5082035Z [2mdist/[22m[32mindex.html                           [39m[1m[2m  0.44 kB[22m[1m[22m[2m │ gzip:   0.30 kB[22m
2026-10-08T12:48:32.5083891Z [2mdist/[22m[2massets/[22m[35mApp-BqUO_rW7.css              [39m[1m[2m  2.56 kB[22m[1m[22m[2m │ gzip:   0.85 kB[22m
2026-10-08T12:48:32.5085499Z [2mdist/[22m[2massets/[22m[35mLandingPage-CNj4pefA.css      [39m[1m[2m 13.13 kB[22m[1m[22m[2m │ gzip:   2.95 kB[22m
2026-10-08T12:48:32.5086997Z [2mdist/[22m[2massets/[22m[35mindex-cyLHvudv.css            [39m[1m[2m 75.38 kB[22m[1m[22m[2m │ gzip:  14.48 kB[22m
2026-10-08T12:48:32.5087842Z [33m
2026-10-08T12:48:32.5088502Z (!) Some chunks are larger than 500 kB after minification. Consider:
2026-10-08T12:48:32.5089226Z - Using dynamic import() to code-split the application
2026-10-08T12:48:32.5090520Z - Use build.rollupOptions.output.manualChunks to improve chunking: https://rollupjs.org/configuration-options/#output-manualchunks
2026-10-08T12:48:32.5092016Z - Adjust chunk size limit for this warning via build.chunkSizeWarningLimit.[39m
2026-10-08T12:48:32.5093481Z [2mdist/[22m[2massets/[22m[36musers-S0nR_fpD.js             [39m[1m[2m  0.69 kB[22m[1m[22m[2m │ gzip:   0.39 kB[22m
2026-10-08T12:48:32.5094863Z [2mdist/[22m[2massets/[22m[36mcreateLucideIcon-DS0f-70M.js  [39m[1m[2m  0.89 kB[22m[1m[22m[2m │ gzip:   0.55 kB[22m
2026-10-08T12:48:32.5096159Z [2mdist/[22m[2massets/[22m[36mx-CYlEPbUI.js                 [39m[1m[2m  1.70 kB[22m[1m[22m[2m │ gzip:   0.78 kB[22m
2026-10-08T12:48:32.5097802Z [2mdist/[22m[2massets/[22m[36mLandingPage-CklZAjP2.js       [39m[1m[2m 15.33 kB[22m[1m[22m[2m │ gzip:   4.92 kB[22m
2026-10-08T12:48:32.5099581Z [2mdist/[22m[2massets/[22m[36mProjectApp-CEhcL8gy.js        [39m[1m[2m 29.68 kB[22m[1m[22m[2m │ gzip:   9.01 kB[22m
2026-10-08T12:48:32.5101300Z [2mdist/[22m[2massets/[22m[36mindex-5SCWldx6.js             [39m[1m[2m421.72 kB[22m[1m[22m[2m │ gzip: 121.23 kB[22m
2026-10-08T12:48:32.5103179Z [2mdist/[22m[2massets/[22m[36mApp-thYYHyMP.js               [39m[1m[33m583.75 kB[39m[22m[2m │ gzip: 185.76 kB[22m
2026-10-08T12:48:32.5104485Z [32m✓ built in 4.03s[39m
2026-10-08T12:48:32.5601500Z ##[group]Run node --input-type=module <<'NODE'
2026-10-08T12:48:32.5601881Z [36;1mnode --input-type=module <<'NODE'[0m
2026-10-08T12:48:32.5602163Z [36;1mimport fs from 'node:fs';[0m
2026-10-08T12:48:32.5602450Z [36;1mimport {spawnSync} from 'node:child_process';[0m
2026-10-08T12:48:32.5603200Z [36;1mconst {image_vars} = JSON.parse(fs.readFileSync('wrangler.jsonc', 'utf8')).containers[0];[0m
2026-10-08T12:48:32.5603906Z [36;1mconst names = ['VITE_COCREATE_AUTH_MODE', 'VITE_COCREATE_APP_ORIGIN', 'VITE_SUPABASE_URL', 'VITE_SUPABASE_PUBLISHABLE_KEY'];[0m
2026-10-08T12:48:32.5604468Z [36;1mconst args = ['build', '--tag', 'cocreate-check'];[0m
2026-10-08T12:48:32.5604783Z [36;1mfor (const name of names) {[0m
2026-10-08T12:48:32.5605221Z [36;1m  if (typeof image_vars[name] !== 'string') throw new Error(`Missing public build variable: ${name}`);[0m
2026-10-08T12:48:32.5605741Z [36;1m  args.push('--build-arg', `${name}=${image_vars[name]}`);[0m
2026-10-08T12:48:32.5606108Z [36;1m}[0m
2026-10-08T12:48:32.5606414Z [36;1mconst result = spawnSync('docker', [...args, '.'], {stdio: 'inherit'});[0m
2026-10-08T12:48:32.5606803Z [36;1mif (result.error) throw result.error;[0m
2026-10-08T12:48:32.5607100Z [36;1mprocess.exit(result.status ?? 1);[0m
2026-10-08T12:48:32.5607355Z [36;1mNODE[0m
2026-10-08T12:48:32.5646959Z shell: /usr/bin/bash -e {0}
2026-10-08T12:48:32.5647218Z env:
2026-10-08T12:48:32.5647466Z   PNPM_HOME: /home/runner/setup-pnpm/node_modules/.bin
2026-10-08T12:48:32.5647940Z ##[endgroup]
2026-10-08T12:48:33.4008170Z #0 building with "default" instance using docker driver
2026-10-08T12:48:33.4008504Z 
2026-10-08T12:48:33.4008711Z #1 [internal] load build definition from Dockerfile
2026-10-08T12:48:33.4009083Z #1 transferring dockerfile: 1.37kB done
2026-10-08T12:48:33.4009365Z #1 DONE 0.0s
2026-10-08T12:48:33.4009487Z 
2026-10-08T12:48:33.4009751Z #2 [internal] load metadata for docker.io/library/node:22-bookworm-slim
2026-10-08T12:48:33.6141021Z #2 ...
2026-10-08T12:48:33.6141224Z 
2026-10-08T12:48:33.6141515Z #3 [auth] library/node:pull token for registry-1.docker.io
2026-10-08T12:48:33.6142079Z #3 DONE 0.0s
2026-10-08T12:48:33.7643353Z 
2026-10-08T12:48:33.7644144Z #2 [internal] load metadata for docker.io/library/node:22-bookworm-slim
2026-10-08T12:48:34.0921551Z #2 DONE 0.8s
2026-10-08T12:48:34.2211587Z 
2026-10-08T12:48:34.2212542Z #4 [internal] load .dockerignore
2026-10-08T12:48:34.2213583Z #4 transferring context: 248B done
2026-10-08T12:48:34.2214449Z #4 DONE 0.0s
2026-10-08T12:48:34.2214925Z 
2026-10-08T12:48:34.2216077Z #5 [ 1/11] FROM docker.io/library/node:22-bookworm-slim@sha256:c3de60bf2f9dd0ac6370e6117950ff62d6e339527e7472301c9c78a017978392
2026-10-08T12:48:34.2217943Z #5 resolve docker.io/library/node:22-bookworm-slim@sha256:c3de60bf2f9dd0ac6370e6117950ff62d6e339527e7472301c9c78a017978392 done
2026-10-08T12:48:34.2221487Z #5 sha256:d0a16be756b6ec6658aecb8b7bcf87fa6c7d0d7fcc6ca53ad14bb49a4c90bdd7 6.77kB / 6.77kB done
2026-10-08T12:48:34.2223693Z #5 sha256:7fd1ebe418b5079d4aa36f416af9b143d127bc75b0155d71cb5fd559b5e04d39 10.49MB / 28.25MB 0.1s
2026-10-08T12:48:34.2225131Z #5 sha256:f0400f4b55b0ad346bf6167a1b64a258e4d73db608c457798ce35e4ffeebfaaf 0B / 3.31kB 0.1s
2026-10-08T12:48:34.2226554Z #5 sha256:d22c69a95cf463f4cb74462bd2899597ce505d82bd4c01ceddf7845e12f13856 0B / 49.84MB 0.1s
2026-10-08T12:48:34.2227895Z #5 sha256:c3de60bf2f9dd0ac6370e6117950ff62d6e339527e7472301c9c78a017978392 5.22kB / 5.22kB done
2026-10-08T12:48:34.2229444Z #5 sha256:efd0ab5780c2d9ab1f0f869571a00d5edb17793bff4cce4a2792e3eb0ffc7562 1.93kB / 1.93kB done
2026-10-08T12:48:34.4165496Z #5 ...
2026-10-08T12:48:34.4166633Z 
2026-10-08T12:48:34.4167822Z #6 [internal] load build context
2026-10-08T12:48:34.4168722Z #6 transferring context: 19.73MB 0.2s done
2026-10-08T12:48:34.4169158Z #6 DONE 0.2s
2026-10-08T12:48:34.4169343Z 
2026-10-08T12:48:34.4170271Z #5 [ 1/11] FROM docker.io/library/node:22-bookworm-slim@sha256:c3de60bf2f9dd0ac6370e6117950ff62d6e339527e7472301c9c78a017978392
2026-10-08T12:48:34.4172113Z #5 sha256:7fd1ebe418b5079d4aa36f416af9b143d127bc75b0155d71cb5fd559b5e04d39 28.25MB / 28.25MB 0.2s done
2026-10-08T12:48:34.4173445Z #5 sha256:f0400f4b55b0ad346bf6167a1b64a258e4d73db608c457798ce35e4ffeebfaaf 3.31kB / 3.31kB 0.1s done
2026-10-08T12:48:34.4174454Z #5 sha256:d22c69a95cf463f4cb74462bd2899597ce505d82bd4c01ceddf7845e12f13856 8.39MB / 49.84MB 0.2s
2026-10-08T12:48:34.4175156Z #5 extracting sha256:7fd1ebe418b5079d4aa36f416af9b143d127bc75b0155d71cb5fd559b5e04d39 0.1s
2026-10-08T12:48:34.4176305Z #5 sha256:2cfab517365cfc6b4bd1f8c4cb01754884ef75bc38758b3c41e291c696f019f5 0B / 1.71MB 0.2s
2026-10-08T12:48:34.4177366Z #5 sha256:a8de9fa052209313d8e45435a8486e29b20eebaa820e2e7f63a7c3c94b4fa567 0B / 448B 0.2s
2026-10-08T12:48:34.5211332Z #5 sha256:d22c69a95cf463f4cb74462bd2899597ce505d82bd4c01ceddf7845e12f13856 49.84MB / 49.84MB 0.4s done
2026-10-08T12:48:34.5213605Z #5 sha256:2cfab517365cfc6b4bd1f8c4cb01754884ef75bc38758b3c41e291c696f019f5 1.71MB / 1.71MB 0.2s done
2026-10-08T12:48:34.5214806Z #5 sha256:a8de9fa052209313d8e45435a8486e29b20eebaa820e2e7f63a7c3c94b4fa567 448B / 448B 0.2s done
2026-10-08T12:48:35.2305408Z #5 extracting sha256:7fd1ebe418b5079d4aa36f416af9b143d127bc75b0155d71cb5fd559b5e04d39 0.9s done
2026-10-08T12:48:35.2307438Z #5 extracting sha256:f0400f4b55b0ad346bf6167a1b64a258e4d73db608c457798ce35e4ffeebfaaf
2026-10-08T12:48:35.3815650Z #5 extracting sha256:f0400f4b55b0ad346bf6167a1b64a258e4d73db608c457798ce35e4ffeebfaaf done
2026-10-08T12:48:36.8222407Z #5 extracting sha256:d22c69a95cf463f4cb74462bd2899597ce505d82bd4c01ceddf7845e12f13856
2026-10-08T12:48:38.0408264Z #5 extracting sha256:d22c69a95cf463f4cb74462bd2899597ce505d82bd4c01ceddf7845e12f13856 1.1s done
2026-10-08T12:48:38.0409117Z #5 extracting sha256:2cfab517365cfc6b4bd1f8c4cb01754884ef75bc38758b3c41e291c696f019f5 0.0s done
2026-10-08T12:48:38.2321906Z #5 extracting sha256:a8de9fa052209313d8e45435a8486e29b20eebaa820e2e7f63a7c3c94b4fa567 done
2026-10-08T12:48:38.2322983Z #5 DONE 4.0s
2026-10-08T12:48:38.2323197Z 
2026-10-08T12:48:38.2323412Z #7 [ 2/11] WORKDIR /app
2026-10-08T12:48:38.2323798Z #7 DONE 0.0s
2026-10-08T12:48:38.2324050Z 
2026-10-08T12:48:38.2324302Z #8 [ 3/11] RUN corepack enable
2026-10-08T12:48:38.2774045Z #8 DONE 0.2s
2026-10-08T12:48:38.4284174Z 
2026-10-08T12:48:38.4285577Z #9 [ 4/11] RUN apt-get update && apt-get install -y --no-install-recommends bubblewrap util-linux chromium tini && rm -rf /var/lib/apt/lists/*
2026-10-08T12:48:38.4483510Z #9 0.170 Get:1 http://deb.debian.org/debian bookworm InRelease [151 kB]
2026-10-08T12:48:38.5932192Z #9 0.194 Get:2 http://deb.debian.org/debian bookworm-updates InRelease [55.4 kB]
2026-10-08T12:48:38.5933178Z #9 0.204 Get:3 http://deb.debian.org/debian-security bookworm-security InRelease [34.8 kB]
2026-10-08T12:48:38.5933979Z #9 0.248 Get:4 http://deb.debian.org/debian bookworm/main amd64 Packages [8790 kB]
2026-10-08T12:48:38.5934990Z #9 0.315 Get:5 http://deb.debian.org/debian bookworm-updates/main amd64 Packages [6924 B]
2026-10-08T12:48:38.7650744Z #9 0.336 Get:6 http://deb.debian.org/debian-security bookworm-security/main amd64 Packages [349 kB]
2026-10-08T12:48:39.3946529Z #9 1.117 Fetched 9388 kB in 1s (9687 kB/s)
2026-10-08T12:48:39.8573288Z #9 1.117 Reading package lists...
2026-10-08T12:48:40.3310222Z #9 1.595 Reading package lists...
2026-10-08T12:48:40.4709956Z #9 2.066 Building dependency tree...
2026-10-08T12:48:40.4710563Z #9 2.193 Reading state information...
2026-10-08T12:48:40.6077921Z #9 2.330 util-linux is already the newest version (2.38.1-5+deb12u3).
2026-10-08T12:48:40.6079162Z #9 2.330 util-linux set to manually installed.
2026-10-08T12:48:40.6079858Z #9 2.330 The following additional packages will be installed:
2026-10-08T12:48:40.6080728Z #9 2.330   adwaita-icon-theme at-spi2-common chromium-common dbus dbus-bin dbus-daemon
2026-10-08T12:48:40.6081593Z #9 2.330   dbus-session-bus-common dbus-system-bus-common dbus-user-session
2026-10-08T12:48:40.6083122Z #9 2.330   dconf-gsettings-backend dconf-service dmsetup fontconfig fontconfig-config
2026-10-08T12:48:40.7607583Z #9 2.330   fonts-dejavu-core gtk-update-icon-cache hicolor-icon-theme libapparmor1
2026-10-08T12:48:40.7608778Z #9 2.330   libargon2-1 libasound2 libasound2-data libasyncns0 libatk-bridge2.0-0
2026-10-08T12:48:40.7609789Z #9 2.330   libatk1.0-0 libatspi2.0-0 libavahi-client3 libavahi-common-data
2026-10-08T12:48:40.7610845Z #9 2.330   libavahi-common3 libbrotli1 libbsd0 libcairo-gobject2 libcairo2 libcolord2
2026-10-08T12:48:40.7611917Z #9 2.330   libcryptsetup12 libcups2 libdatrie1 libdav1d6 libdbus-1-3 libdconf1
2026-10-08T12:48:40.7612490Z #9 2.330   libdeflate0 libdevmapper1.02.1 libdouble-conversion3 libdrm-amdgpu1
2026-10-08T12:48:40.7613882Z #9 2.330   libdrm-common libdrm-intel1 libdrm-nouveau2 libdrm-radeon1 libdrm2 libedit2
2026-10-08T12:48:40.7614665Z #9 2.330   libelf1 libepoxy0 libexpat1 libfdisk1 libflac12 libfontconfig1 libfontenc1
2026-10-08T12:48:40.7615286Z #9 2.331   libfreetype6 libfribidi0 libgbm1 libgdk-pixbuf-2.0-0 libgdk-pixbuf2.0-common
2026-10-08T12:48:40.7615980Z #9 2.331   libgl1 libgl1-mesa-dri libglapi-mesa libglib2.0-0 libglvnd0 libglx-mesa0
2026-10-08T12:48:40.7616552Z #9 2.331   libglx0 libgraphite2-3 libgssapi-krb5-2 libgtk-3-0 libgtk-3-common
2026-10-08T12:48:40.7617127Z #9 2.331   libharfbuzz-subset0 libharfbuzz0b libice6 libicu72 libip4tc2 libjbig0
2026-10-08T12:48:40.7617714Z #9 2.331   libjpeg62-turbo libjson-c5 libk5crypto3 libkeyutils1 libkmod2 libkrb5-3
2026-10-08T12:48:40.7618714Z #9 2.331   libkrb5support0 liblcms2-2 liblerc4 libllvm15 libminizip1 libmp3lame0
2026-10-08T12:48:40.7619320Z #9 2.331   libmpg123-0 libncursesw6 libnspr4 libnss3 libogg0 libopenh264-7 libopenjp2-7
2026-10-08T12:48:40.7619955Z #9 2.331   libopus0 libpam-systemd libpango-1.0-0 libpangocairo-1.0-0 libpangoft2-1.0-0
2026-10-08T12:48:40.7620524Z #9 2.331   libpciaccess0 libpixman-1-0 libpng16-16 libproc2-0 libpulse0
2026-10-08T12:48:40.7621073Z #9 2.331   libsensors-config libsensors5 libsm6 libsndfile1 libsqlite3-0 libssl3
2026-10-08T12:48:40.7621664Z #9 2.331   libsystemd-shared libthai-data libthai0 libtiff6 libvorbis0a libvorbisenc2
2026-10-08T12:48:40.7622279Z #9 2.331   libwayland-client0 libwayland-cursor0 libwayland-egl1 libwayland-server0
2026-10-08T12:48:40.7623108Z #9 2.331   libwebp7 libx11-6 libx11-data libx11-xcb1 libxau6 libxaw7 libxcb-dri2-0
2026-10-08T12:48:40.7623725Z #9 2.331   libxcb-dri3-0 libxcb-glx0 libxcb-present0 libxcb-randr0 libxcb-render0
2026-10-08T12:48:40.7624324Z #9 2.331   libxcb-shape0 libxcb-shm0 libxcb-sync1 libxcb-xfixes0 libxcb1 libxcomposite1
2026-10-08T12:48:40.7624920Z #9 2.331   libxcursor1 libxdamage1 libxdmcp6 libxext6 libxfixes3 libxft2 libxi6
2026-10-08T12:48:40.7625496Z #9 2.331   libxinerama1 libxkbcommon0 libxkbfile1 libxml2 libxmu6 libxmuu1 libxnvctrl0
2026-10-08T12:48:40.7626063Z #9 2.331   libxpm4 libxrandr2 libxrender1 libxshmfence1 libxt6 libxtst6 libxv1
2026-10-08T12:48:40.7626619Z #9 2.331   libxxf86dga1 libxxf86vm1 libz3-4 procps shared-mime-info systemd
2026-10-08T12:48:40.7627111Z #9 2.331   systemd-sysv x11-common x11-utils xdg-utils xkb-data
2026-10-08T12:48:40.7627470Z #9 2.332 Suggested packages:
2026-10-08T12:48:40.7627924Z #9 2.332   chromium-l10n chromium-shell chromium-driver libasound2-plugins alsa-utils
2026-10-08T12:48:40.7628580Z #9 2.332   colord cups-common low-memory-monitor krb5-doc krb5-user gvfs liblcms2-utils
2026-10-08T12:48:40.7629189Z #9 2.332   opus-tools pciutils pulseaudio lm-sensors systemd-container systemd-homed
2026-10-08T12:48:40.7629778Z #9 2.332   systemd-userdbd systemd-boot systemd-resolved libfido2-1 libqrencode4
2026-10-08T12:48:40.7630328Z #9 2.332   libtss2-esys-3.0.2-0 libtss2-mu0 libtss2-rc0 polkitd | policykit-1
2026-10-08T12:48:40.7630703Z #9 2.332   mesa-utils
2026-10-08T12:48:40.7630957Z #9 2.332 Recommended packages:
2026-10-08T12:48:40.7631367Z #9 2.332   librsvg2-common upower udev fonts-liberation notification-daemon
2026-10-08T12:48:40.7631920Z #9 2.332   system-config-printer alsa-ucm-conf alsa-topology-conf at-spi2-core
2026-10-08T12:48:40.7632656Z #9 2.332   libgdk-pixbuf2.0-bin libglib2.0-data xdg-user-dirs libgtk-3-bin krb5-locales
2026-10-08T12:48:40.7633625Z #9 2.332   libgpm2 psmisc systemd-timesyncd | time-daemon libnss-systemd
2026-10-08T12:48:40.7634140Z #9 2.332   libfile-mimeinfo-perl libnet-dbus-perl libx11-protocol-perl
2026-10-08T12:48:40.7634510Z #9 2.332   x11-xserver-utils
2026-10-08T12:48:41.2565216Z #9 2.978 The following NEW packages will be installed:
2026-10-08T12:48:41.2568608Z #9 2.978   adwaita-icon-theme at-spi2-common bubblewrap chromium chromium-common dbus
2026-10-08T12:48:41.2569678Z #9 2.978   dbus-bin dbus-daemon dbus-session-bus-common dbus-system-bus-common
2026-10-08T12:48:41.2570808Z #9 2.978   dbus-user-session dconf-gsettings-backend dconf-service dmsetup fontconfig
2026-10-08T12:48:41.3586744Z #9 2.979   fontconfig-config fonts-dejavu-core gtk-update-icon-cache hicolor-icon-theme
2026-10-08T12:48:41.3588980Z #9 2.979   libapparmor1 libargon2-1 libasound2 libasound2-data libasyncns0
2026-10-08T12:48:41.3590366Z #9 2.979   libatk-bridge2.0-0 libatk1.0-0 libatspi2.0-0 libavahi-client3
2026-10-08T12:48:41.3591662Z #9 2.979   libavahi-common-data libavahi-common3 libbrotli1 libbsd0 libcairo-gobject2
2026-10-08T12:48:41.3593077Z #9 2.979   libcairo2 libcolord2 libcryptsetup12 libcups2 libdatrie1 libdav1d6
2026-10-08T12:48:41.3594310Z #9 2.979   libdbus-1-3 libdconf1 libdeflate0 libdevmapper1.02.1 libdouble-conversion3
2026-10-08T12:48:41.3595940Z #9 2.979   libdrm-amdgpu1 libdrm-common libdrm-intel1 libdrm-nouveau2 libdrm-radeon1
2026-10-08T12:48:41.3597420Z #9 2.979   libdrm2 libedit2 libelf1 libepoxy0 libexpat1 libfdisk1 libflac12
2026-10-08T12:48:41.3599348Z #9 2.979   libfontconfig1 libfontenc1 libfreetype6 libfribidi0 libgbm1
2026-10-08T12:48:41.3600656Z #9 2.979   libgdk-pixbuf-2.0-0 libgdk-pixbuf2.0-common libgl1 libgl1-mesa-dri
2026-10-08T12:48:41.3601947Z #9 2.979   libglapi-mesa libglib2.0-0 libglvnd0 libglx-mesa0 libglx0 libgraphite2-3
2026-10-08T12:48:41.3603384Z #9 2.979   libgssapi-krb5-2 libgtk-3-0 libgtk-3-common libharfbuzz-subset0
2026-10-08T12:48:41.3604760Z #9 2.979   libharfbuzz0b libice6 libicu72 libip4tc2 libjbig0 libjpeg62-turbo libjson-c5
2026-10-08T12:48:41.3605998Z #9 2.979   libk5crypto3 libkeyutils1 libkmod2 libkrb5-3 libkrb5support0 liblcms2-2
2026-10-08T12:48:41.3607427Z #9 2.979   liblerc4 libllvm15 libminizip1 libmp3lame0 libmpg123-0 libncursesw6 libnspr4
2026-10-08T12:48:41.3608713Z #9 2.979   libnss3 libogg0 libopenh264-7 libopenjp2-7 libopus0 libpam-systemd
2026-10-08T12:48:41.3609823Z #9 2.979   libpango-1.0-0 libpangocairo-1.0-0 libpangoft2-1.0-0 libpciaccess0
2026-10-08T12:48:41.3610873Z #9 2.979   libpixman-1-0 libpng16-16 libproc2-0 libpulse0 libsensors-config libsensors5
2026-10-08T12:48:41.3612037Z #9 2.979   libsm6 libsndfile1 libsqlite3-0 libssl3 libsystemd-shared libthai-data
2026-10-08T12:48:41.3613063Z #9 2.979   libthai0 libtiff6 libvorbis0a libvorbisenc2 libwayland-client0
2026-10-08T12:48:41.3614188Z #9 2.979   libwayland-cursor0 libwayland-egl1 libwayland-server0 libwebp7 libx11-6
2026-10-08T12:48:41.3615161Z #9 2.979   libx11-data libx11-xcb1 libxau6 libxaw7 libxcb-dri2-0 libxcb-dri3-0
2026-10-08T12:48:41.3616144Z #9 2.979   libxcb-glx0 libxcb-present0 libxcb-randr0 libxcb-render0 libxcb-shape0
2026-10-08T12:48:41.3617155Z #9 2.979   libxcb-shm0 libxcb-sync1 libxcb-xfixes0 libxcb1 libxcomposite1 libxcursor1
2026-10-08T12:48:41.3618168Z #9 2.979   libxdamage1 libxdmcp6 libxext6 libxfixes3 libxft2 libxi6 libxinerama1
2026-10-08T12:48:41.3619159Z #9 2.979   libxkbcommon0 libxkbfile1 libxml2 libxmu6 libxmuu1 libxnvctrl0 libxpm4
2026-10-08T12:48:41.3620190Z #9 2.979   libxrandr2 libxrender1 libxshmfence1 libxt6 libxtst6 libxv1 libxxf86dga1
2026-10-08T12:48:41.3621208Z #9 2.980   libxxf86vm1 libz3-4 procps shared-mime-info systemd systemd-sysv tini
2026-10-08T12:48:41.3621986Z #9 2.980   x11-common x11-utils xdg-utils xkb-data
2026-10-08T12:48:41.3623030Z #9 3.016 0 upgraded, 176 newly installed, 0 to remove and 1 not upgraded.
2026-10-08T12:48:41.3623832Z #9 3.016 Need to get 207 MB of archives.
2026-10-08T12:48:41.3625110Z #9 3.016 After this operation, 734 MB of additional disk space will be used.
2026-10-08T12:48:41.3626303Z #9 3.016 Get:1 http://deb.debian.org/debian-security bookworm-security/main amd64 libssl3 amd64 3.0.22-1~deb12u1 [2039 kB]
2026-10-08T12:48:41.3627581Z #9 3.078 Get:2 http://deb.debian.org/debian bookworm/main amd64 libargon2-1 amd64 0~20171227-0.3+deb12u1 [19.4 kB]
2026-10-08T12:48:41.4609919Z #9 3.079 Get:3 http://deb.debian.org/debian bookworm/main amd64 dmsetup amd64 2:1.02.185-2 [82.0 kB]
2026-10-08T12:48:41.4611442Z #9 3.079 Get:4 http://deb.debian.org/debian bookworm/main amd64 libdevmapper1.02.1 amd64 2:1.02.185-2 [133 kB]
2026-10-08T12:48:41.4613084Z #9 3.080 Get:5 http://deb.debian.org/debian bookworm/main amd64 libjson-c5 amd64 0.16-2 [44.1 kB]
2026-10-08T12:48:41.4614509Z #9 3.080 Get:6 http://deb.debian.org/debian bookworm/main amd64 libcryptsetup12 amd64 2:2.6.1-4~deb12u2 [223 kB]
2026-10-08T12:48:41.4615658Z #9 3.081 Get:7 http://deb.debian.org/debian bookworm/main amd64 libfdisk1 amd64 2.38.1-5+deb12u3 [194 kB]
2026-10-08T12:48:41.4616501Z #9 3.082 Get:8 http://deb.debian.org/debian bookworm/main amd64 libkmod2 amd64 30+20221128-1 [57.9 kB]
2026-10-08T12:48:41.4617318Z #9 3.083 Get:9 http://deb.debian.org/debian bookworm/main amd64 libapparmor1 amd64 3.0.8-3 [41.2 kB]
2026-10-08T12:48:41.4618115Z #9 3.083 Get:10 http://deb.debian.org/debian bookworm/main amd64 libip4tc2 amd64 1.8.9-2 [19.0 kB]
2026-10-08T12:48:41.4619275Z #9 3.087 Get:11 http://deb.debian.org/debian bookworm/main amd64 libsystemd-shared amd64 252.39-1~deb12u2 [1696 kB]
2026-10-08T12:48:41.4620165Z #9 3.095 Get:12 http://deb.debian.org/debian bookworm/main amd64 systemd amd64 252.39-1~deb12u2 [3044 kB]
2026-10-08T12:48:41.4621025Z #9 3.106 Get:13 http://deb.debian.org/debian bookworm/main amd64 systemd-sysv amd64 252.39-1~deb12u2 [42.9 kB]
2026-10-08T12:48:41.4621918Z #9 3.107 Get:14 http://deb.debian.org/debian bookworm/main amd64 libdbus-1-3 amd64 1.14.10-1~deb12u1 [201 kB]
2026-10-08T12:48:41.4623057Z #9 3.107 Get:15 http://deb.debian.org/debian bookworm/main amd64 dbus-bin amd64 1.14.10-1~deb12u1 [105 kB]
2026-10-08T12:48:41.4624734Z #9 3.108 Get:16 http://deb.debian.org/debian bookworm/main amd64 dbus-session-bus-common all 1.14.10-1~deb12u1 [78.2 kB]
2026-10-08T12:48:41.4626306Z #9 3.108 Get:17 http://deb.debian.org/debian-security bookworm-security/main amd64 libexpat1 amd64 2.5.0-1+deb12u4 [106 kB]
2026-10-08T12:48:41.4627701Z #9 3.109 Get:18 http://deb.debian.org/debian bookworm/main amd64 dbus-daemon amd64 1.14.10-1~deb12u1 [184 kB]
2026-10-08T12:48:41.4628586Z #9 3.110 Get:19 http://deb.debian.org/debian bookworm/main amd64 dbus-system-bus-common all 1.14.10-1~deb12u1 [79.3 kB]
2026-10-08T12:48:41.4629328Z #9 3.111 Get:20 http://deb.debian.org/debian bookworm/main amd64 dbus amd64 1.14.10-1~deb12u1 [97.4 kB]
2026-10-08T12:48:41.4629986Z #9 3.111 Get:21 http://deb.debian.org/debian bookworm/main amd64 libncursesw6 amd64 6.4-4 [134 kB]
2026-10-08T12:48:41.4630650Z #9 3.116 Get:22 http://deb.debian.org/debian bookworm/main amd64 libproc2-0 amd64 2:4.0.2-3 [62.8 kB]
2026-10-08T12:48:41.4631345Z #9 3.125 Get:23 http://deb.debian.org/debian bookworm/main amd64 procps amd64 2:4.0.2-3 [709 kB]
2026-10-08T12:48:41.4632097Z #9 3.129 Get:24 http://deb.debian.org/debian bookworm/main amd64 libpam-systemd amd64 252.39-1~deb12u2 [226 kB]
2026-10-08T12:48:41.4633042Z #9 3.130 Get:25 http://deb.debian.org/debian bookworm/main amd64 hicolor-icon-theme all 0.17-2 [11.4 kB]
2026-10-08T12:48:41.4633828Z #9 3.130 Get:26 http://deb.debian.org/debian bookworm/main amd64 libgdk-pixbuf2.0-common all 2.42.10+dfsg-1+deb12u4 [307 kB]
2026-10-08T12:48:41.4634599Z #9 3.131 Get:27 http://deb.debian.org/debian bookworm/main amd64 libglib2.0-0 amd64 2.74.6-2+deb12u9 [1403 kB]
2026-10-08T12:48:41.4635311Z #9 3.139 Get:28 http://deb.debian.org/debian bookworm/main amd64 libicu72 amd64 72.1-3+deb12u1 [9376 kB]
2026-10-08T12:48:41.4636257Z #9 3.173 Get:29 http://deb.debian.org/debian bookworm/main amd64 libxml2 amd64 2.9.14+dfsg-1.3~deb12u6 [689 kB]
2026-10-08T12:48:41.4636997Z #9 3.176 Get:30 http://deb.debian.org/debian bookworm/main amd64 shared-mime-info amd64 2.2-1 [729 kB]
2026-10-08T12:48:41.4637686Z #9 3.179 Get:31 http://deb.debian.org/debian bookworm/main amd64 libjpeg62-turbo amd64 1:2.1.5-2 [166 kB]
2026-10-08T12:48:41.4638480Z #9 3.179 Get:32 http://deb.debian.org/debian-security bookworm-security/main amd64 libpng16-16 amd64 1.6.39-2+deb12u6 [277 kB]
2026-10-08T12:48:41.4639231Z #9 3.180 Get:33 http://deb.debian.org/debian bookworm/main amd64 libdeflate0 amd64 1.14-1 [61.4 kB]
2026-10-08T12:48:41.4639880Z #9 3.181 Get:34 http://deb.debian.org/debian bookworm/main amd64 libjbig0 amd64 2.1-6.1 [31.7 kB]
2026-10-08T12:48:41.4640529Z #9 3.183 Get:35 http://deb.debian.org/debian bookworm/main amd64 liblerc4 amd64 4.0.0+ds-2 [170 kB]
2026-10-08T12:48:41.5620989Z #9 3.183 Get:36 http://deb.debian.org/debian bookworm/main amd64 libwebp7 amd64 1.2.4-0.2+deb12u1 [286 kB]
2026-10-08T12:48:41.5621829Z #9 3.183 Get:37 http://deb.debian.org/debian bookworm/main amd64 libtiff6 amd64 4.5.0-6+deb12u4 [316 kB]
2026-10-08T12:48:41.5622619Z #9 3.185 Get:38 http://deb.debian.org/debian bookworm/main amd64 libgdk-pixbuf-2.0-0 amd64 2.42.10+dfsg-1+deb12u4 [139 kB]
2026-10-08T12:48:41.5624065Z #9 3.192 Get:39 http://deb.debian.org/debian bookworm/main amd64 gtk-update-icon-cache amd64 3.24.38-2~deb12u3 [44.2 kB]
2026-10-08T12:48:41.5625203Z #9 3.193 Get:40 http://deb.debian.org/debian bookworm/main amd64 adwaita-icon-theme all 43-1 [5124 kB]
2026-10-08T12:48:41.5626795Z #9 3.211 Get:41 http://deb.debian.org/debian bookworm/main amd64 at-spi2-common all 2.46.0-5 [162 kB]
2026-10-08T12:48:41.5627950Z #9 3.212 Get:42 http://deb.debian.org/debian bookworm/main amd64 bubblewrap amd64 0.8.0-2+deb12u1 [47.3 kB]
2026-10-08T12:48:41.5628637Z #9 3.213 Get:43 http://deb.debian.org/debian bookworm/main amd64 libasound2-data all 1.2.8-1 [20.5 kB]
2026-10-08T12:48:41.5629322Z #9 3.213 Get:44 http://deb.debian.org/debian bookworm/main amd64 libasound2 amd64 1.2.8-1+b1 [362 kB]
2026-10-08T12:48:41.5629974Z #9 3.214 Get:45 http://deb.debian.org/debian bookworm/main amd64 libatk1.0-0 amd64 2.46.0-5 [49.6 kB]
2026-10-08T12:48:41.5630655Z #9 3.215 Get:46 http://deb.debian.org/debian bookworm/main amd64 libxau6 amd64 1:1.0.9-1 [19.7 kB]
2026-10-08T12:48:41.5631275Z #9 3.216 Get:47 http://deb.debian.org/debian bookworm/main amd64 libbsd0 amd64 0.11.7-2 [117 kB]
2026-10-08T12:48:41.5631913Z #9 3.216 Get:48 http://deb.debian.org/debian bookworm/main amd64 libxdmcp6 amd64 1:1.1.2-3 [26.3 kB]
2026-10-08T12:48:41.5632550Z #9 3.217 Get:49 http://deb.debian.org/debian bookworm/main amd64 libxcb1 amd64 1.15-1 [144 kB]
2026-10-08T12:48:41.5633396Z #9 3.221 Get:50 http://deb.debian.org/debian bookworm/main amd64 libx11-data all 2:1.8.4-2+deb12u2 [292 kB]
2026-10-08T12:48:41.5634096Z #9 3.230 Get:51 http://deb.debian.org/debian bookworm/main amd64 libx11-6 amd64 2:1.8.4-2+deb12u2 [760 kB]
2026-10-08T12:48:41.5634771Z #9 3.234 Get:52 http://deb.debian.org/debian bookworm/main amd64 libxext6 amd64 2:1.3.4-1+b1 [52.9 kB]
2026-10-08T12:48:41.5635427Z #9 3.234 Get:53 http://deb.debian.org/debian bookworm/main amd64 libxi6 amd64 2:1.8-1+b1 [84.2 kB]
2026-10-08T12:48:41.5636092Z #9 3.235 Get:54 http://deb.debian.org/debian bookworm/main amd64 libatspi2.0-0 amd64 2.46.0-5 [75.4 kB]
2026-10-08T12:48:41.5636789Z #9 3.235 Get:55 http://deb.debian.org/debian bookworm/main amd64 libatk-bridge2.0-0 amd64 2.46.0-5 [64.6 kB]
2026-10-08T12:48:41.5637482Z #9 3.236 Get:56 http://deb.debian.org/debian bookworm/main amd64 libbrotli1 amd64 1.0.9-2+b6 [275 kB]
2026-10-08T12:48:41.5638197Z #9 3.237 Get:57 http://deb.debian.org/debian bookworm/main amd64 libfreetype6 amd64 2.12.1+dfsg-5+deb12u4 [398 kB]
2026-10-08T12:48:41.5638920Z #9 3.238 Get:58 http://deb.debian.org/debian bookworm/main amd64 fonts-dejavu-core all 2.37-6 [1068 kB]
2026-10-08T12:48:41.5639604Z #9 3.242 Get:59 http://deb.debian.org/debian bookworm/main amd64 fontconfig-config amd64 2.14.1-4 [315 kB]
2026-10-08T12:48:41.5640430Z #9 3.243 Get:60 http://deb.debian.org/debian bookworm/main amd64 libfontconfig1 amd64 2.14.1-4 [386 kB]
2026-10-08T12:48:41.5641095Z #9 3.247 Get:61 http://deb.debian.org/debian bookworm/main amd64 libpixman-1-0 amd64 0.42.2-1 [546 kB]
2026-10-08T12:48:41.5641764Z #9 3.250 Get:62 http://deb.debian.org/debian bookworm/main amd64 libxcb-render0 amd64 1.15-1 [115 kB]
2026-10-08T12:48:41.5642414Z #9 3.250 Get:63 http://deb.debian.org/debian bookworm/main amd64 libxcb-shm0 amd64 1.15-1 [105 kB]
2026-10-08T12:48:41.5643345Z #9 3.251 Get:64 http://deb.debian.org/debian bookworm/main amd64 libxrender1 amd64 1:0.9.10-1.1 [33.2 kB]
2026-10-08T12:48:41.5644004Z #9 3.251 Get:65 http://deb.debian.org/debian bookworm/main amd64 libcairo2 amd64 1.16.0-7 [575 kB]
2026-10-08T12:48:41.5644721Z #9 3.253 Get:66 http://deb.debian.org/debian bookworm/main amd64 libavahi-common-data amd64 0.8-10+deb12u1 [107 kB]
2026-10-08T12:48:41.5645504Z #9 3.256 Get:67 http://deb.debian.org/debian bookworm/main amd64 libavahi-common3 amd64 0.8-10+deb12u1 [42.1 kB]
2026-10-08T12:48:41.5646413Z #9 3.256 Get:68 http://deb.debian.org/debian bookworm/main amd64 libavahi-client3 amd64 0.8-10+deb12u1 [45.8 kB]
2026-10-08T12:48:41.5647196Z #9 3.257 Get:69 http://deb.debian.org/debian bookworm/main amd64 libkrb5support0 amd64 1.20.1-2+deb12u5 [33.2 kB]
2026-10-08T12:48:41.5647954Z #9 3.257 Get:70 http://deb.debian.org/debian bookworm/main amd64 libk5crypto3 amd64 1.20.1-2+deb12u5 [79.7 kB]
2026-10-08T12:48:41.5648633Z #9 3.264 Get:71 http://deb.debian.org/debian bookworm/main amd64 libkeyutils1 amd64 1.6.3-2 [8808 B]
2026-10-08T12:48:41.5649593Z #9 3.265 Get:72 http://deb.debian.org/debian bookworm/main amd64 libkrb5-3 amd64 1.20.1-2+deb12u5 [332 kB]
2026-10-08T12:48:41.5650325Z #9 3.266 Get:73 http://deb.debian.org/debian bookworm/main amd64 libgssapi-krb5-2 amd64 1.20.1-2+deb12u5 [135 kB]
2026-10-08T12:48:41.5651027Z #9 3.267 Get:74 http://deb.debian.org/debian bookworm/main amd64 libcups2 amd64 2.4.2-3+deb12u9 [245 kB]
2026-10-08T12:48:41.5651740Z #9 3.268 Get:75 http://deb.debian.org/debian bookworm/main amd64 libdav1d6 amd64 1.0.0-2+deb12u1 [513 kB]
2026-10-08T12:48:41.5652457Z #9 3.270 Get:76 http://deb.debian.org/debian bookworm/main amd64 libdouble-conversion3 amd64 3.2.1-1 [41.5 kB]
2026-10-08T12:48:41.5653279Z #9 3.273 Get:77 http://deb.debian.org/debian bookworm/main amd64 libogg0 amd64 1.3.5-3 [23.4 kB]
2026-10-08T12:48:41.5653913Z #9 3.274 Get:78 http://deb.debian.org/debian bookworm/main amd64 libflac12 amd64 1.4.2+ds-2 [198 kB]
2026-10-08T12:48:41.5654583Z #9 3.274 Get:79 http://deb.debian.org/debian bookworm/main amd64 libdrm-common all 2.4.114-1 [7112 B]
2026-10-08T12:48:41.5655238Z #9 3.274 Get:80 http://deb.debian.org/debian bookworm/main amd64 libdrm2 amd64 2.4.114-1+b1 [37.5 kB]
2026-10-08T12:48:41.5655972Z #9 3.282 Get:81 http://deb.debian.org/debian bookworm/main amd64 libwayland-server0 amd64 1.21.0-1 [35.9 kB]
2026-10-08T12:48:41.5656744Z #9 3.282 Get:82 http://deb.debian.org/debian bookworm/main amd64 libgbm1 amd64 22.3.6-1+deb12u2 [38.1 kB]
2026-10-08T12:48:41.5657523Z #9 3.283 Get:83 http://deb.debian.org/debian bookworm/main amd64 libgraphite2-3 amd64 1.3.14-1+deb12u1 [74.6 kB]
2026-10-08T12:48:41.5658243Z #9 3.284 Get:84 http://deb.debian.org/debian bookworm/main amd64 libharfbuzz0b amd64 6.0.0+dfsg-3 [1945 kB]
2026-10-08T12:48:41.6686099Z #9 3.290 Get:85 http://deb.debian.org/debian bookworm/main amd64 libharfbuzz-subset0 amd64 6.0.0+dfsg-3 [1931 kB]
2026-10-08T12:48:41.6687196Z #9 3.296 Get:86 http://deb.debian.org/debian bookworm/main amd64 liblcms2-2 amd64 2.14-2+deb12u1 [154 kB]
2026-10-08T12:48:41.6688082Z #9 3.297 Get:87 http://deb.debian.org/debian bookworm/main amd64 libminizip1 amd64 1.1-8+deb12u1 [20.1 kB]
2026-10-08T12:48:41.6689049Z #9 3.297 Get:88 http://deb.debian.org/debian bookworm/main amd64 libnspr4 amd64 2:4.35-1 [113 kB]
2026-10-08T12:48:41.6690904Z #9 3.298 Get:89 http://deb.debian.org/debian bookworm/main amd64 libsqlite3-0 amd64 3.40.1-2+deb12u2 [839 kB]
2026-10-08T12:48:41.6692300Z #9 3.301 Get:90 http://deb.debian.org/debian-security bookworm-security/main amd64 libnss3 amd64 2:3.87.1-1+deb12u4 [1331 kB]
2026-10-08T12:48:41.6693597Z #9 3.303 Get:91 http://deb.debian.org/debian bookworm/main amd64 libopenh264-7 amd64 2.3.1+dfsg-3+deb12u2 [393 kB]
2026-10-08T12:48:41.6694865Z #9 3.305 Get:92 http://deb.debian.org/debian bookworm/main amd64 libopenjp2-7 amd64 2.5.0-2+deb12u3 [189 kB]
2026-10-08T12:48:41.6696061Z #9 3.305 Get:93 http://deb.debian.org/debian bookworm/main amd64 libopus0 amd64 1.3.1-3 [195 kB]
2026-10-08T12:48:41.6697294Z #9 3.307 Get:94 http://deb.debian.org/debian bookworm/main amd64 fontconfig amd64 2.14.1-4 [449 kB]
2026-10-08T12:48:41.6698219Z #9 3.309 Get:95 http://deb.debian.org/debian bookworm/main amd64 libfribidi0 amd64 1.0.8-2.1 [65.0 kB]
2026-10-08T12:48:41.6698885Z #9 3.309 Get:96 http://deb.debian.org/debian bookworm/main amd64 libthai-data all 0.1.29-1 [176 kB]
2026-10-08T12:48:41.6699548Z #9 3.310 Get:97 http://deb.debian.org/debian bookworm/main amd64 libdatrie1 amd64 0.2.13-2+b1 [43.3 kB]
2026-10-08T12:48:41.6700211Z #9 3.316 Get:98 http://deb.debian.org/debian bookworm/main amd64 libthai0 amd64 0.1.29-1 [57.5 kB]
2026-10-08T12:48:41.6700920Z #9 3.316 Get:99 http://deb.debian.org/debian bookworm/main amd64 libpango-1.0-0 amd64 1.50.12+ds-1 [212 kB]
2026-10-08T12:48:41.6702176Z #9 3.317 Get:100 http://deb.debian.org/debian bookworm/main amd64 libasyncns0 amd64 0.8-6+b3 [12.9 kB]
2026-10-08T12:48:41.6703236Z #9 3.317 Get:101 http://deb.debian.org/debian bookworm/main amd64 libmp3lame0 amd64 3.100-6 [365 kB]
2026-10-08T12:48:41.6704376Z #9 3.319 Get:102 http://deb.debian.org/debian bookworm/main amd64 libmpg123-0 amd64 1.31.2-1+deb12u1 [147 kB]
2026-10-08T12:48:41.6705078Z #9 3.319 Get:103 http://deb.debian.org/debian bookworm/main amd64 libvorbis0a amd64 1.3.7-1 [93.0 kB]
2026-10-08T12:48:41.6705762Z #9 3.324 Get:104 http://deb.debian.org/debian bookworm/main amd64 libvorbisenc2 amd64 1.3.7-1 [80.6 kB]
2026-10-08T12:48:41.6707831Z #9 3.325 Get:105 http://deb.debian.org/debian bookworm/main amd64 libsndfile1 amd64 1.2.0-1+deb12u1 [197 kB]
2026-10-08T12:48:41.6709429Z #9 3.326 Get:106 http://deb.debian.org/debian bookworm/main amd64 libx11-xcb1 amd64 2:1.8.4-2+deb12u2 [192 kB]
2026-10-08T12:48:41.6710292Z #9 3.327 Get:107 http://deb.debian.org/debian bookworm/main amd64 libpulse0 amd64 16.1+dfsg1-2+b1 [274 kB]
2026-10-08T12:48:41.6710999Z #9 3.333 Get:108 http://deb.debian.org/debian bookworm/main amd64 libxcomposite1 amd64 1:0.4.5-1 [16.6 kB]
2026-10-08T12:48:41.6711847Z #9 3.333 Get:109 http://deb.debian.org/debian bookworm/main amd64 libxdamage1 amd64 1:1.1.6-1 [15.1 kB]
2026-10-08T12:48:41.6712654Z #9 3.336 Get:110 http://deb.debian.org/debian bookworm/main amd64 libxfixes3 amd64 1:6.0.0-2 [22.7 kB]
2026-10-08T12:48:41.6714289Z #9 3.336 Get:111 http://deb.debian.org/debian bookworm/main amd64 xkb-data all 2.35.1-1 [764 kB]
2026-10-08T12:48:41.6715179Z #9 3.337 Get:112 http://deb.debian.org/debian bookworm/main amd64 libxkbcommon0 amd64 1.5.0-1 [106 kB]
2026-10-08T12:48:41.6716162Z #9 3.337 Get:113 http://deb.debian.org/debian bookworm/main amd64 libxnvctrl0 amd64 525.85.05-3~deb12u1 [13.5 kB]
2026-10-08T12:48:41.6717204Z #9 3.342 Get:114 http://deb.debian.org/debian bookworm/main amd64 libxrandr2 amd64 2:1.5.2-2+b1 [39.2 kB]
2026-10-08T12:48:41.6718066Z #9 3.343 Get:115 http://deb.debian.org/debian bookworm/main amd64 libcairo-gobject2 amd64 1.16.0-7 [112 kB]
2026-10-08T12:48:41.6718840Z #9 3.343 Get:116 http://deb.debian.org/debian bookworm/main amd64 libcolord2 amd64 1.4.6-2.2 [137 kB]
2026-10-08T12:48:41.6719878Z #9 3.344 Get:117 http://deb.debian.org/debian bookworm/main amd64 libepoxy0 amd64 1.5.10-1 [189 kB]
2026-10-08T12:48:41.6721090Z #9 3.350 Get:118 http://deb.debian.org/debian bookworm/main amd64 libpangoft2-1.0-0 amd64 1.50.12+ds-1 [47.4 kB]
2026-10-08T12:48:41.6722106Z #9 3.351 Get:119 http://deb.debian.org/debian bookworm/main amd64 libpangocairo-1.0-0 amd64 1.50.12+ds-1 [34.2 kB]
2026-10-08T12:48:41.6723632Z #9 3.352 Get:120 http://deb.debian.org/debian bookworm/main amd64 libwayland-client0 amd64 1.21.0-1 [28.3 kB]
2026-10-08T12:48:41.6724541Z #9 3.352 Get:121 http://deb.debian.org/debian bookworm/main amd64 libwayland-cursor0 amd64 1.21.0-1 [14.4 kB]
2026-10-08T12:48:41.6725690Z #9 3.352 Get:122 http://deb.debian.org/debian bookworm/main amd64 libwayland-egl1 amd64 1.21.0-1 [8640 B]
2026-10-08T12:48:41.6726748Z #9 3.352 Get:123 http://deb.debian.org/debian bookworm/main amd64 libxcursor1 amd64 1:1.2.1-1 [40.9 kB]
2026-10-08T12:48:41.6727441Z #9 3.359 Get:124 http://deb.debian.org/debian bookworm/main amd64 libxinerama1 amd64 2:1.1.4-3 [17.8 kB]
2026-10-08T12:48:41.6728196Z #9 3.360 Get:125 http://deb.debian.org/debian bookworm/main amd64 dbus-user-session amd64 1.14.10-1~deb12u1 [78.1 kB]
2026-10-08T12:48:41.6728899Z #9 3.360 Get:126 http://deb.debian.org/debian bookworm/main amd64 libdconf1 amd64 0.40.0-4 [40.9 kB]
2026-10-08T12:48:41.6729560Z #9 3.361 Get:127 http://deb.debian.org/debian bookworm/main amd64 dconf-service amd64 0.40.0-4 [31.6 kB]
2026-10-08T12:48:41.6730302Z #9 3.368 Get:128 http://deb.debian.org/debian bookworm/main amd64 dconf-gsettings-backend amd64 0.40.0-4 [27.8 kB]
2026-10-08T12:48:41.6731063Z #9 3.368 Get:129 http://deb.debian.org/debian bookworm/main amd64 libgtk-3-common all 3.24.38-2~deb12u3 [3895 kB]
2026-10-08T12:48:41.6731800Z #9 3.381 Get:130 http://deb.debian.org/debian bookworm/main amd64 libgtk-3-0 amd64 3.24.38-2~deb12u3 [2847 kB]
2026-10-08T12:48:41.6732487Z #9 3.390 Get:131 http://deb.debian.org/debian bookworm/main amd64 libfontenc1 amd64 1:1.1.4-1 [24.3 kB]
2026-10-08T12:48:41.7938815Z #9 3.394 Get:132 http://deb.debian.org/debian bookworm/main amd64 libglvnd0 amd64 1.6.0-1 [51.8 kB]
2026-10-08T12:48:41.7940180Z #9 3.394 Get:133 http://deb.debian.org/debian bookworm/main amd64 libglapi-mesa amd64 22.3.6-1+deb12u2 [35.9 kB]
2026-10-08T12:48:41.7941361Z #9 3.394 Get:134 http://deb.debian.org/debian bookworm/main amd64 libxcb-dri2-0 amd64 1.15-1 [107 kB]
2026-10-08T12:48:41.7942484Z #9 3.394 Get:135 http://deb.debian.org/debian bookworm/main amd64 libxcb-dri3-0 amd64 1.15-1 [107 kB]
2026-10-08T12:48:41.7943791Z #9 3.394 Get:136 http://deb.debian.org/debian bookworm/main amd64 libxcb-glx0 amd64 1.15-1 [122 kB]
2026-10-08T12:48:41.7945069Z #9 3.394 Get:137 http://deb.debian.org/debian bookworm/main amd64 libxcb-present0 amd64 1.15-1 [105 kB]
2026-10-08T12:48:41.7946357Z #9 3.394 Get:138 http://deb.debian.org/debian bookworm/main amd64 libxcb-randr0 amd64 1.15-1 [117 kB]
2026-10-08T12:48:41.7955738Z #9 3.394 Get:139 http://deb.debian.org/debian bookworm/main amd64 libxcb-sync1 amd64 1.15-1 [109 kB]
2026-10-08T12:48:41.7956547Z #9 3.402 Get:140 http://deb.debian.org/debian bookworm/main amd64 libxcb-xfixes0 amd64 1.15-1 [109 kB]
2026-10-08T12:48:41.7957277Z #9 3.403 Get:141 http://deb.debian.org/debian bookworm/main amd64 libxshmfence1 amd64 1.3-1 [8820 B]
2026-10-08T12:48:41.7957993Z #9 3.403 Get:142 http://deb.debian.org/debian bookworm/main amd64 libxxf86vm1 amd64 1:1.1.4-1+b2 [20.8 kB]
2026-10-08T12:48:41.7958729Z #9 3.404 Get:143 http://deb.debian.org/debian bookworm/main amd64 libdrm-amdgpu1 amd64 2.4.114-1+b1 [20.9 kB]
2026-10-08T12:48:41.7959429Z #9 3.404 Get:144 http://deb.debian.org/debian bookworm/main amd64 libpciaccess0 amd64 0.17-2 [51.4 kB]
2026-10-08T12:48:41.7960116Z #9 3.411 Get:145 http://deb.debian.org/debian bookworm/main amd64 libdrm-intel1 amd64 2.4.114-1+b1 [64.0 kB]
2026-10-08T12:48:41.7960868Z #9 3.411 Get:146 http://deb.debian.org/debian bookworm/main amd64 libdrm-nouveau2 amd64 2.4.114-1+b1 [19.1 kB]
2026-10-08T12:48:41.7961585Z #9 3.413 Get:147 http://deb.debian.org/debian bookworm/main amd64 libdrm-radeon1 amd64 2.4.114-1+b1 [21.8 kB]
2026-10-08T12:48:41.7962260Z #9 3.413 Get:148 http://deb.debian.org/debian bookworm/main amd64 libelf1 amd64 0.188-2.1 [174 kB]
2026-10-08T12:48:41.7963306Z #9 3.413 Get:149 http://deb.debian.org/debian bookworm/main amd64 libedit2 amd64 3.1-20221030-2 [93.0 kB]
2026-10-08T12:48:41.7964585Z #9 3.419 Get:150 http://deb.debian.org/debian bookworm/main amd64 libz3-4 amd64 4.8.12-3.1 [7216 kB]
2026-10-08T12:48:41.7966265Z #9 3.442 Get:151 http://deb.debian.org/debian bookworm/main amd64 libllvm15 amd64 1:15.0.6-4+b1 [23.1 MB]
2026-10-08T12:48:41.7967631Z #9 3.516 Get:152 http://deb.debian.org/debian bookworm/main amd64 libsensors-config all 1:3.6.0-7.1 [14.3 kB]
2026-10-08T12:48:41.9148545Z #9 3.516 Get:153 http://deb.debian.org/debian bookworm/main amd64 libsensors5 amd64 1:3.6.0-7.1 [34.2 kB]
2026-10-08T12:48:41.9150371Z #9 3.516 Get:154 http://deb.debian.org/debian bookworm/main amd64 libgl1-mesa-dri amd64 22.3.6-1+deb12u2 [7240 kB]
2026-10-08T12:48:41.9152098Z #9 3.540 Get:155 http://deb.debian.org/debian bookworm/main amd64 libglx-mesa0 amd64 22.3.6-1+deb12u2 [148 kB]
2026-10-08T12:48:41.9153824Z #9 3.540 Get:156 http://deb.debian.org/debian bookworm/main amd64 libglx0 amd64 1.6.0-1 [34.4 kB]
2026-10-08T12:48:41.9155247Z #9 3.541 Get:157 http://deb.debian.org/debian bookworm/main amd64 libgl1 amd64 1.6.0-1 [88.4 kB]
2026-10-08T12:48:41.9156630Z #9 3.542 Get:158 http://deb.debian.org/debian bookworm/main amd64 x11-common all 1:7.7+23 [252 kB]
2026-10-08T12:48:41.9158107Z #9 3.543 Get:159 http://deb.debian.org/debian bookworm/main amd64 libice6 amd64 2:1.0.10-1 [58.5 kB]
2026-10-08T12:48:41.9159566Z #9 3.543 Get:160 http://deb.debian.org/debian bookworm/main amd64 libsm6 amd64 2:1.2.3-1 [35.1 kB]
2026-10-08T12:48:41.9161141Z #9 3.543 Get:161 http://deb.debian.org/debian bookworm/main amd64 libxt6 amd64 1:1.2.1-1.1 [186 kB]
2026-10-08T12:48:41.9162556Z #9 3.544 Get:162 http://deb.debian.org/debian bookworm/main amd64 libxmu6 amd64 2:1.1.3-3 [60.1 kB]
2026-10-08T12:48:41.9164653Z #9 3.545 Get:163 http://deb.debian.org/debian bookworm/main amd64 libxpm4 amd64 1:3.5.12-1.1+deb12u1 [48.6 kB]
2026-10-08T12:48:41.9166162Z #9 3.550 Get:164 http://deb.debian.org/debian bookworm/main amd64 libxaw7 amd64 2:1.0.14-1 [201 kB]
2026-10-08T12:48:41.9167686Z #9 3.558 Get:165 http://deb.debian.org/debian bookworm/main amd64 libxcb-shape0 amd64 1.15-1 [106 kB]
2026-10-08T12:48:41.9169110Z #9 3.559 Get:166 http://deb.debian.org/debian bookworm/main amd64 libxft2 amd64 2.3.6-1 [61.8 kB]
2026-10-08T12:48:41.9170570Z #9 3.560 Get:167 http://deb.debian.org/debian bookworm/main amd64 libxkbfile1 amd64 1:1.1.0-1 [75.2 kB]
2026-10-08T12:48:41.9172012Z #9 3.560 Get:168 http://deb.debian.org/debian bookworm/main amd64 libxmuu1 amd64 2:1.1.3-3 [23.9 kB]
2026-10-08T12:48:41.9173580Z #9 3.560 Get:169 http://deb.debian.org/debian bookworm/main amd64 libxtst6 amd64 2:1.2.3-1.1 [28.0 kB]
2026-10-08T12:48:41.9175070Z #9 3.561 Get:170 http://deb.debian.org/debian bookworm/main amd64 libxv1 amd64 2:1.0.11-1.1 [24.8 kB]
2026-10-08T12:48:41.9176539Z #9 3.561 Get:171 http://deb.debian.org/debian bookworm/main amd64 libxxf86dga1 amd64 2:1.1.5-1 [22.1 kB]
2026-10-08T12:48:41.9177973Z #9 3.561 Get:172 http://deb.debian.org/debian bookworm/main amd64 x11-utils amd64 7.7+5 [202 kB]
2026-10-08T12:48:41.9179423Z #9 3.562 Get:173 http://deb.debian.org/debian bookworm/main amd64 xdg-utils all 1.1.3-4.1 [75.5 kB]
2026-10-08T12:48:41.9181223Z #9 3.567 Get:174 http://deb.debian.org/debian-security bookworm-security/main amd64 chromium-common amd64 154.0.8037.92-1~deb12u1 [30.5 MB]
2026-10-08T12:48:41.9183481Z #9 3.637 Get:175 http://deb.debian.org/debian-security bookworm-security/main amd64 chromium amd64 154.0.8037.92-1~deb12u1 [80.3 MB]
2026-10-08T12:48:42.0871049Z #9 3.809 Get:176 http://deb.debian.org/debian bookworm/main amd64 tini amd64 0.19.0-1+b3 [267 kB]
2026-10-08T12:48:42.1927801Z #9 3.915 debconf: delaying package configuration, since apt-utils is not installed
2026-10-08T12:48:42.3728697Z #9 3.942 Fetched 207 MB in 1s (251 MB/s)
2026-10-08T12:48:42.3729661Z #9 3.956 Selecting previously unselected package libssl3:amd64.
2026-10-08T12:48:42.3730622Z #9 3.956 (Reading database ... 
2026-10-08T12:48:42.3731080Z (Reading database ... 5%
2026-10-08T12:48:42.3731465Z (Reading database ... 10%
2026-10-08T12:48:42.3731832Z (Reading database ... 15%
2026-10-08T12:48:42.3732203Z (Reading database ... 20%
2026-10-08T12:48:42.3732564Z (Reading database ... 25%
2026-10-08T12:48:42.3733408Z (Reading database ... 30%
2026-10-08T12:48:42.3733792Z (Reading database ... 35%
2026-10-08T12:48:42.3734155Z (Reading database ... 40%
2026-10-08T12:48:42.3734519Z (Reading database ... 45%
2026-10-08T12:48:42.3734884Z (Reading database ... 50%
2026-10-08T12:48:42.3735619Z (Reading database ... 55%
2026-10-08T12:48:42.3735996Z (Reading database ... 60%
2026-10-08T12:48:42.3736401Z (Reading database ... 65%
2026-10-08T12:48:42.3737160Z (Reading database ... 70%
2026-10-08T12:48:42.3737558Z (Reading database ... 75%
2026-10-08T12:48:42.3737919Z (Reading database ... 80%
2026-10-08T12:48:42.3738289Z (Reading database ... 85%
2026-10-08T12:48:42.3738676Z (Reading database ... 90%
2026-10-08T12:48:42.3739058Z (Reading database ... 95%
2026-10-08T12:48:42.3739439Z (Reading database ... 100%
2026-10-08T12:48:42.3739999Z (Reading database ... 6096 files and directories currently installed.)
2026-10-08T12:48:42.3740782Z #9 3.961 Preparing to unpack .../00-libssl3_3.0.22-1~deb12u1_amd64.deb ...
2026-10-08T12:48:42.3741979Z #9 3.962 Unpacking libssl3:amd64 (3.0.22-1~deb12u1) ...
2026-10-08T12:48:42.3742429Z #9 4.095 Selecting previously unselected package libargon2-1:amd64.
2026-10-08T12:48:42.4954371Z #9 4.096 Preparing to unpack .../01-libargon2-1_0~20171227-0.3+deb12u1_amd64.deb ...
2026-10-08T12:48:42.4955281Z #9 4.097 Unpacking libargon2-1:amd64 (0~20171227-0.3+deb12u1) ...
2026-10-08T12:48:42.4955981Z #9 4.109 Selecting previously unselected package dmsetup.
2026-10-08T12:48:42.4957185Z #9 4.110 Preparing to unpack .../02-dmsetup_2%3a1.02.185-2_amd64.deb ...
2026-10-08T12:48:42.4957853Z #9 4.110 Unpacking dmsetup (2:1.02.185-2) ...
2026-10-08T12:48:42.4958574Z #9 4.127 Selecting previously unselected package libdevmapper1.02.1:amd64.
2026-10-08T12:48:42.4959468Z #9 4.128 Preparing to unpack .../03-libdevmapper1.02.1_2%3a1.02.185-2_amd64.deb ...
2026-10-08T12:48:42.4960254Z #9 4.129 Unpacking libdevmapper1.02.1:amd64 (2:1.02.185-2) ...
2026-10-08T12:48:42.4960973Z #9 4.149 Selecting previously unselected package libjson-c5:amd64.
2026-10-08T12:48:42.4961708Z #9 4.150 Preparing to unpack .../04-libjson-c5_0.16-2_amd64.deb ...
2026-10-08T12:48:42.4962348Z #9 4.150 Unpacking libjson-c5:amd64 (0.16-2) ...
2026-10-08T12:48:42.4963516Z #9 4.163 Selecting previously unselected package libcryptsetup12:amd64.
2026-10-08T12:48:42.4964638Z #9 4.164 Preparing to unpack .../05-libcryptsetup12_2%3a2.6.1-4~deb12u2_amd64.deb ...
2026-10-08T12:48:42.4965349Z #9 4.165 Unpacking libcryptsetup12:amd64 (2:2.6.1-4~deb12u2) ...
2026-10-08T12:48:42.4966016Z #9 4.191 Selecting previously unselected package libfdisk1:amd64.
2026-10-08T12:48:42.4966650Z #9 4.192 Preparing to unpack .../06-libfdisk1_2.38.1-5+deb12u3_amd64.deb ...
2026-10-08T12:48:42.4967100Z #9 4.193 Unpacking libfdisk1:amd64 (2.38.1-5+deb12u3) ...
2026-10-08T12:48:42.4967526Z #9 4.217 Selecting previously unselected package libkmod2:amd64.
2026-10-08T12:48:42.6700653Z #9 4.219 Preparing to unpack .../07-libkmod2_30+20221128-1_amd64.deb ...
2026-10-08T12:48:42.6701595Z #9 4.219 Unpacking libkmod2:amd64 (30+20221128-1) ...
2026-10-08T12:48:42.6702576Z #9 4.237 Selecting previously unselected package libapparmor1:amd64.
2026-10-08T12:48:42.6703520Z #9 4.238 Preparing to unpack .../08-libapparmor1_3.0.8-3_amd64.deb ...
2026-10-08T12:48:42.6704256Z #9 4.239 Unpacking libapparmor1:amd64 (3.0.8-3) ...
2026-10-08T12:48:42.6704821Z #9 4.253 Selecting previously unselected package libip4tc2:amd64.
2026-10-08T12:48:42.6705314Z #9 4.254 Preparing to unpack .../09-libip4tc2_1.8.9-2_amd64.deb ...
2026-10-08T12:48:42.6705883Z #9 4.255 Unpacking libip4tc2:amd64 (1.8.9-2) ...
2026-10-08T12:48:42.6706457Z #9 4.267 Selecting previously unselected package libsystemd-shared:amd64.
2026-10-08T12:48:42.6707116Z #9 4.268 Preparing to unpack .../10-libsystemd-shared_252.39-1~deb12u2_amd64.deb ...
2026-10-08T12:48:42.6707965Z #9 4.269 Unpacking libsystemd-shared:amd64 (252.39-1~deb12u2) ...
2026-10-08T12:48:42.6708416Z #9 4.392 Setting up libssl3:amd64 (3.0.22-1~deb12u1) ...
2026-10-08T12:48:42.8521302Z #9 4.407 Selecting previously unselected package systemd.
2026-10-08T12:48:42.8522010Z #9 4.407 (Reading database ... 
2026-10-08T12:48:42.8522464Z (Reading database ... 5%
2026-10-08T12:48:42.8524166Z (Reading database ... 10%
2026-10-08T12:48:42.8524453Z (Reading database ... 15%
2026-10-08T12:48:42.8524690Z (Reading database ... 20%
2026-10-08T12:48:42.8524928Z (Reading database ... 25%
2026-10-08T12:48:42.8525159Z (Reading database ... 30%
2026-10-08T12:48:42.8525412Z (Reading database ... 35%
2026-10-08T12:48:42.8525645Z (Reading database ... 40%
2026-10-08T12:48:42.8526013Z (Reading database ... 45%
2026-10-08T12:48:42.8526254Z (Reading database ... 50%
2026-10-08T12:48:42.8526486Z (Reading database ... 55%
2026-10-08T12:48:42.8526714Z (Reading database ... 60%
2026-10-08T12:48:42.8526947Z (Reading database ... 65%
2026-10-08T12:48:42.8527179Z (Reading database ... 70%
2026-10-08T12:48:42.8527405Z (Reading database ... 75%
2026-10-08T12:48:42.8527631Z (Reading database ... 80%
2026-10-08T12:48:42.8527867Z (Reading database ... 85%
2026-10-08T12:48:42.8528092Z (Reading database ... 90%
2026-10-08T12:48:42.8528357Z (Reading database ... 95%
2026-10-08T12:48:42.8528591Z (Reading database ... 100%
2026-10-08T12:48:42.8528982Z (Reading database ... 6182 files and directories currently installed.)
2026-10-08T12:48:42.8529494Z #9 4.411 Preparing to unpack .../systemd_252.39-1~deb12u2_amd64.deb ...
2026-10-08T12:48:42.8529911Z #9 4.423 Unpacking systemd (252.39-1~deb12u2) ...
2026-10-08T12:48:42.9226723Z #9 4.645 Setting up libargon2-1:amd64 (0~20171227-0.3+deb12u1) ...
2026-10-08T12:48:43.0230741Z #9 4.646 Setting up libjson-c5:amd64 (0.16-2) ...
2026-10-08T12:48:43.0231401Z #9 4.648 Setting up libfdisk1:amd64 (2.38.1-5+deb12u3) ...
2026-10-08T12:48:43.0232009Z #9 4.650 Setting up libkmod2:amd64 (30+20221128-1) ...
2026-10-08T12:48:43.0232778Z #9 4.651 Setting up libapparmor1:amd64 (3.0.8-3) ...
2026-10-08T12:48:43.0233421Z #9 4.653 Setting up libip4tc2:amd64 (1.8.9-2) ...
2026-10-08T12:48:43.0234257Z #9 4.655 Setting up libsystemd-shared:amd64 (252.39-1~deb12u2) ...
2026-10-08T12:48:43.0235470Z #9 4.657 Setting up libdevmapper1.02.1:amd64 (2:1.02.185-2) ...
2026-10-08T12:48:43.0236387Z #9 4.659 Setting up libcryptsetup12:amd64 (2:2.6.1-4~deb12u2) ...
2026-10-08T12:48:43.0237103Z #9 4.660 Setting up systemd (252.39-1~deb12u2) ...
2026-10-08T12:48:43.0238638Z #9 4.669 Created symlink /etc/systemd/system/getty.target.wants/getty@tty1.service → /lib/systemd/system/getty@.service.
2026-10-08T12:48:43.0239399Z 
2026-10-08T12:48:43.0239962Z #9 4.673 Created symlink /etc/systemd/system/multi-user.target.wants/remote-fs.target → /lib/systemd/system/remote-fs.target.
2026-10-08T12:48:43.0240416Z 
2026-10-08T12:48:43.0241008Z #9 4.678 Created symlink /etc/systemd/system/sysinit.target.wants/systemd-pstore.service → /lib/systemd/system/systemd-pstore.service.
2026-10-08T12:48:43.0241468Z 
2026-10-08T12:48:43.0241680Z #9 4.682 Initializing machine ID from random generator.
2026-10-08T12:48:43.0241899Z 
2026-10-08T12:48:43.0242096Z #9 4.699 Creating group 'systemd-journal' with GID 999.
2026-10-08T12:48:43.0242311Z 
2026-10-08T12:48:43.0242486Z #9 4.699 Creating group 'systemd-network' with GID 998.
2026-10-08T12:48:43.0242883Z 
2026-10-08T12:48:43.0243226Z #9 4.699 Creating user 'systemd-network' (systemd Network Management) with UID 998 and GID 998.
2026-10-08T12:48:43.0243615Z 
2026-10-08T12:48:43.0243855Z #9 4.724 Setting up dmsetup (2:1.02.185-2) ...
2026-10-08T12:48:43.0244692Z #9 4.745 Selecting previously unselected package systemd-sysv.
2026-10-08T12:48:43.1303638Z #9 4.745 (Reading database ... 
2026-10-08T12:48:43.1304036Z (Reading database ... 5%
2026-10-08T12:48:43.1304298Z (Reading database ... 10%
2026-10-08T12:48:43.1304549Z (Reading database ... 15%
2026-10-08T12:48:43.1304789Z (Reading database ... 20%
2026-10-08T12:48:43.1305023Z (Reading database ... 25%
2026-10-08T12:48:43.1305252Z (Reading database ... 30%
2026-10-08T12:48:43.1305481Z (Reading database ... 35%
2026-10-08T12:48:43.1305718Z (Reading database ... 40%
2026-10-08T12:48:43.1306266Z (Reading database ... 45%
2026-10-08T12:48:43.1306502Z (Reading database ... 50%
2026-10-08T12:48:43.1306735Z (Reading database ... 55%
2026-10-08T12:48:43.1306968Z (Reading database ... 60%
2026-10-08T12:48:43.1307209Z (Reading database ... 65%
2026-10-08T12:48:43.1307446Z (Reading database ... 70%
2026-10-08T12:48:43.1307688Z (Reading database ... 75%
2026-10-08T12:48:43.1307913Z (Reading database ... 80%
2026-10-08T12:48:43.1308152Z (Reading database ... 85%
2026-10-08T12:48:43.1308385Z (Reading database ... 90%
2026-10-08T12:48:43.1308610Z (Reading database ... 95%
2026-10-08T12:48:43.1308841Z (Reading database ... 100%
2026-10-08T12:48:43.1309242Z (Reading database ... 7031 files and directories currently installed.)
2026-10-08T12:48:43.1309996Z #9 4.750 Preparing to unpack .../000-systemd-sysv_252.39-1~deb12u2_amd64.deb ...
2026-10-08T12:48:43.1310708Z #9 4.751 Unpacking systemd-sysv (252.39-1~deb12u2) ...
2026-10-08T12:48:43.1311419Z #9 4.765 Selecting previously unselected package libdbus-1-3:amd64.
2026-10-08T12:48:43.1312221Z #9 4.766 Preparing to unpack .../001-libdbus-1-3_1.14.10-1~deb12u1_amd64.deb ...
2026-10-08T12:48:43.1313192Z #9 4.767 Unpacking libdbus-1-3:amd64 (1.14.10-1~deb12u1) ...
2026-10-08T12:48:43.1313939Z #9 4.796 Selecting previously unselected package dbus-bin.
2026-10-08T12:48:43.1314482Z #9 4.797 Preparing to unpack .../002-dbus-bin_1.14.10-1~deb12u1_amd64.deb ...
2026-10-08T12:48:43.1314913Z #9 4.797 Unpacking dbus-bin (1.14.10-1~deb12u1) ...
2026-10-08T12:48:43.1315710Z #9 4.814 Selecting previously unselected package dbus-session-bus-common.
2026-10-08T12:48:43.1316354Z #9 4.815 Preparing to unpack .../003-dbus-session-bus-common_1.14.10-1~deb12u1_all.deb ...
2026-10-08T12:48:43.1316901Z #9 4.816 Unpacking dbus-session-bus-common (1.14.10-1~deb12u1) ...
2026-10-08T12:48:43.1317365Z #9 4.832 Selecting previously unselected package libexpat1:amd64.
2026-10-08T12:48:43.1317841Z #9 4.833 Preparing to unpack .../004-libexpat1_2.5.0-1+deb12u4_amd64.deb ...
2026-10-08T12:48:43.1318384Z #9 4.834 Unpacking libexpat1:amd64 (2.5.0-1+deb12u4) ...
2026-10-08T12:48:43.1318794Z #9 4.852 Selecting previously unselected package dbus-daemon.
2026-10-08T12:48:43.2394602Z #9 4.853 Preparing to unpack .../005-dbus-daemon_1.14.10-1~deb12u1_amd64.deb ...
2026-10-08T12:48:43.2395704Z #9 4.854 Unpacking dbus-daemon (1.14.10-1~deb12u1) ...
2026-10-08T12:48:43.2396538Z #9 4.878 Selecting previously unselected package dbus-system-bus-common.
2026-10-08T12:48:43.2397585Z #9 4.879 Preparing to unpack .../006-dbus-system-bus-common_1.14.10-1~deb12u1_all.deb ...
2026-10-08T12:48:43.2398505Z #9 4.880 Unpacking dbus-system-bus-common (1.14.10-1~deb12u1) ...
2026-10-08T12:48:43.2399275Z #9 4.897 Selecting previously unselected package dbus.
2026-10-08T12:48:43.2400076Z #9 4.898 Preparing to unpack .../007-dbus_1.14.10-1~deb12u1_amd64.deb ...
2026-10-08T12:48:43.2400796Z #9 4.900 Unpacking dbus (1.14.10-1~deb12u1) ...
2026-10-08T12:48:43.2401574Z #9 4.921 Selecting previously unselected package libncursesw6:amd64.
2026-10-08T12:48:43.2402429Z #9 4.922 Preparing to unpack .../008-libncursesw6_6.4-4_amd64.deb ...
2026-10-08T12:48:43.2404653Z #9 4.923 Unpacking libncursesw6:amd64 (6.4-4) ...
2026-10-08T12:48:43.2407128Z #9 4.943 Selecting previously unselected package libproc2-0:amd64.
2026-10-08T12:48:43.2408082Z #9 4.944 Preparing to unpack .../009-libproc2-0_2%3a4.0.2-3_amd64.deb ...
2026-10-08T12:48:43.2409188Z #9 4.945 Unpacking libproc2-0:amd64 (2:4.0.2-3) ...
2026-10-08T12:48:43.2409934Z #9 4.961 Selecting previously unselected package procps.
2026-10-08T12:48:43.3756564Z #9 4.963 Preparing to unpack .../010-procps_2%3a4.0.2-3_amd64.deb ...
2026-10-08T12:48:43.3757410Z #9 4.970 Unpacking procps (2:4.0.2-3) ...
2026-10-08T12:48:43.3758114Z #9 5.030 Selecting previously unselected package libpam-systemd:amd64.
2026-10-08T12:48:43.3758982Z #9 5.031 Preparing to unpack .../011-libpam-systemd_252.39-1~deb12u2_amd64.deb ...
2026-10-08T12:48:43.3760085Z #9 5.031 Unpacking libpam-systemd:amd64 (252.39-1~deb12u2) ...
2026-10-08T12:48:43.3760847Z #9 5.057 Selecting previously unselected package hicolor-icon-theme.
2026-10-08T12:48:43.3761651Z #9 5.058 Preparing to unpack .../012-hicolor-icon-theme_0.17-2_all.deb ...
2026-10-08T12:48:43.3762337Z #9 5.058 Unpacking hicolor-icon-theme (0.17-2) ...
2026-10-08T12:48:43.3763253Z #9 5.097 Selecting previously unselected package libgdk-pixbuf2.0-common.
2026-10-08T12:48:43.5179256Z #9 5.099 Preparing to unpack .../013-libgdk-pixbuf2.0-common_2.42.10+dfsg-1+deb12u4_all.deb ...
2026-10-08T12:48:43.5180321Z #9 5.100 Unpacking libgdk-pixbuf2.0-common (2.42.10+dfsg-1+deb12u4) ...
2026-10-08T12:48:43.5181135Z #9 5.139 Selecting previously unselected package libglib2.0-0:amd64.
2026-10-08T12:48:43.5181946Z #9 5.140 Preparing to unpack .../014-libglib2.0-0_2.74.6-2+deb12u9_amd64.deb ...
2026-10-08T12:48:43.5182868Z #9 5.141 Unpacking libglib2.0-0:amd64 (2.74.6-2+deb12u9) ...
2026-10-08T12:48:43.5183560Z #9 5.240 Selecting previously unselected package libicu72:amd64.
2026-10-08T12:48:43.6704265Z #9 5.241 Preparing to unpack .../015-libicu72_72.1-3+deb12u1_amd64.deb ...
2026-10-08T12:48:43.6705380Z #9 5.242 Unpacking libicu72:amd64 (72.1-3+deb12u1) ...
2026-10-08T12:48:44.0014815Z #9 5.723 Selecting previously unselected package libxml2:amd64.
2026-10-08T12:48:44.1175906Z #9 5.725 Preparing to unpack .../016-libxml2_2.9.14+dfsg-1.3~deb12u6_amd64.deb ...
2026-10-08T12:48:44.1177042Z #9 5.725 Unpacking libxml2:amd64 (2.9.14+dfsg-1.3~deb12u6) ...
2026-10-08T12:48:44.1178347Z #9 5.777 Selecting previously unselected package shared-mime-info.
2026-10-08T12:48:44.1179307Z #9 5.778 Preparing to unpack .../017-shared-mime-info_2.2-1_amd64.deb ...
2026-10-08T12:48:44.1180201Z #9 5.779 Unpacking shared-mime-info (2.2-1) ...
2026-10-08T12:48:44.1181073Z #9 5.840 Selecting previously unselected package libjpeg62-turbo:amd64.
2026-10-08T12:48:44.2237462Z #9 5.841 Preparing to unpack .../018-libjpeg62-turbo_1%3a2.1.5-2_amd64.deb ...
2026-10-08T12:48:44.2238684Z #9 5.842 Unpacking libjpeg62-turbo:amd64 (1:2.1.5-2) ...
2026-10-08T12:48:44.2239567Z #9 5.864 Selecting previously unselected package libpng16-16:amd64.
2026-10-08T12:48:44.2240527Z #9 5.865 Preparing to unpack .../019-libpng16-16_1.6.39-2+deb12u6_amd64.deb ...
2026-10-08T12:48:44.2241434Z #9 5.865 Unpacking libpng16-16:amd64 (1.6.39-2+deb12u6) ...
2026-10-08T12:48:44.2242288Z #9 5.890 Selecting previously unselected package libdeflate0:amd64.
2026-10-08T12:48:44.2243356Z #9 5.891 Preparing to unpack .../020-libdeflate0_1.14-1_amd64.deb ...
2026-10-08T12:48:44.2244138Z #9 5.892 Unpacking libdeflate0:amd64 (1.14-1) ...
2026-10-08T12:48:44.2244915Z #9 5.907 Selecting previously unselected package libjbig0:amd64.
2026-10-08T12:48:44.2245972Z #9 5.908 Preparing to unpack .../021-libjbig0_2.1-6.1_amd64.deb ...
2026-10-08T12:48:44.2246732Z #9 5.909 Unpacking libjbig0:amd64 (2.1-6.1) ...
2026-10-08T12:48:44.2247552Z #9 5.922 Selecting previously unselected package liblerc4:amd64.
2026-10-08T12:48:44.2248457Z #9 5.923 Preparing to unpack .../022-liblerc4_4.0.0+ds-2_amd64.deb ...
2026-10-08T12:48:44.2249817Z #9 5.923 Unpacking liblerc4:amd64 (4.0.0+ds-2) ...
2026-10-08T12:48:44.2250387Z #9 5.946 Selecting previously unselected package libwebp7:amd64.
2026-10-08T12:48:44.3269989Z #9 5.947 Preparing to unpack .../023-libwebp7_1.2.4-0.2+deb12u1_amd64.deb ...
2026-10-08T12:48:44.3270516Z #9 5.948 Unpacking libwebp7:amd64 (1.2.4-0.2+deb12u1) ...
2026-10-08T12:48:44.3270963Z #9 5.977 Selecting previously unselected package libtiff6:amd64.
2026-10-08T12:48:44.3271482Z #9 5.978 Preparing to unpack .../024-libtiff6_4.5.0-6+deb12u4_amd64.deb ...
2026-10-08T12:48:44.3271918Z #9 5.979 Unpacking libtiff6:amd64 (4.5.0-6+deb12u4) ...
2026-10-08T12:48:44.3272380Z #9 6.003 Selecting previously unselected package libgdk-pixbuf-2.0-0:amd64.
2026-10-08T12:48:44.3273237Z #9 6.004 Preparing to unpack .../025-libgdk-pixbuf-2.0-0_2.42.10+dfsg-1+deb12u4_amd64.deb ...
2026-10-08T12:48:44.3273804Z #9 6.005 Unpacking libgdk-pixbuf-2.0-0:amd64 (2.42.10+dfsg-1+deb12u4) ...
2026-10-08T12:48:44.3274683Z #9 6.025 Selecting previously unselected package gtk-update-icon-cache.
2026-10-08T12:48:44.3275702Z #9 6.026 Preparing to unpack .../026-gtk-update-icon-cache_3.24.38-2~deb12u3_amd64.deb ...
2026-10-08T12:48:44.3276347Z #9 6.027 Unpacking gtk-update-icon-cache (3.24.38-2~deb12u3) ...
2026-10-08T12:48:44.3276957Z #9 6.049 Selecting previously unselected package adwaita-icon-theme.
2026-10-08T12:48:44.4794532Z #9 6.050 Preparing to unpack .../027-adwaita-icon-theme_43-1_all.deb ...
2026-10-08T12:48:44.4795468Z #9 6.051 Unpacking adwaita-icon-theme (43-1) ...
2026-10-08T12:48:44.8893228Z #9 6.611 Selecting previously unselected package at-spi2-common.
2026-10-08T12:48:44.9967718Z #9 6.614 Preparing to unpack .../028-at-spi2-common_2.46.0-5_all.deb ...
2026-10-08T12:48:44.9968202Z #9 6.615 Unpacking at-spi2-common (2.46.0-5) ...
2026-10-08T12:48:44.9968617Z #9 6.641 Selecting previously unselected package bubblewrap.
2026-10-08T12:48:44.9969133Z #9 6.643 Preparing to unpack .../029-bubblewrap_0.8.0-2+deb12u1_amd64.deb ...
2026-10-08T12:48:44.9969575Z #9 6.643 Unpacking bubblewrap (0.8.0-2+deb12u1) ...
2026-10-08T12:48:44.9969997Z #9 6.657 Selecting previously unselected package libasound2-data.
2026-10-08T12:48:44.9970475Z #9 6.659 Preparing to unpack .../030-libasound2-data_1.2.8-1_all.deb ...
2026-10-08T12:48:44.9970893Z #9 6.659 Unpacking libasound2-data (1.2.8-1) ...
2026-10-08T12:48:44.9971309Z #9 6.680 Selecting previously unselected package libasound2:amd64.
2026-10-08T12:48:44.9972025Z #9 6.681 Preparing to unpack .../031-libasound2_1.2.8-1+b1_amd64.deb ...
2026-10-08T12:48:44.9972448Z #9 6.682 Unpacking libasound2:amd64 (1.2.8-1+b1) ...
2026-10-08T12:48:44.9973050Z #9 6.719 Selecting previously unselected package libatk1.0-0:amd64.
2026-10-08T12:48:45.1227413Z #9 6.721 Preparing to unpack .../032-libatk1.0-0_2.46.0-5_amd64.deb ...
2026-10-08T12:48:45.1228259Z #9 6.722 Unpacking libatk1.0-0:amd64 (2.46.0-5) ...
2026-10-08T12:48:45.1228932Z #9 6.736 Selecting previously unselected package libxau6:amd64.
2026-10-08T12:48:45.1229414Z #9 6.737 Preparing to unpack .../033-libxau6_1%3a1.0.9-1_amd64.deb ...
2026-10-08T12:48:45.1229847Z #9 6.738 Unpacking libxau6:amd64 (1:1.0.9-1) ...
2026-10-08T12:48:45.1230265Z #9 6.750 Selecting previously unselected package libbsd0:amd64.
2026-10-08T12:48:45.1230728Z #9 6.752 Preparing to unpack .../034-libbsd0_0.11.7-2_amd64.deb ...
2026-10-08T12:48:45.1231147Z #9 6.752 Unpacking libbsd0:amd64 (0.11.7-2) ...
2026-10-08T12:48:45.1231596Z #9 6.770 Selecting previously unselected package libxdmcp6:amd64.
2026-10-08T12:48:45.1232084Z #9 6.772 Preparing to unpack .../035-libxdmcp6_1%3a1.1.2-3_amd64.deb ...
2026-10-08T12:48:45.1232539Z #9 6.773 Unpacking libxdmcp6:amd64 (1:1.1.2-3) ...
2026-10-08T12:48:45.1234018Z #9 6.786 Selecting previously unselected package libxcb1:amd64.
2026-10-08T12:48:45.1234474Z #9 6.788 Preparing to unpack .../036-libxcb1_1.15-1_amd64.deb ...
2026-10-08T12:48:45.1234884Z #9 6.789 Unpacking libxcb1:amd64 (1.15-1) ...
2026-10-08T12:48:45.1235321Z #9 6.805 Selecting previously unselected package libx11-data.
2026-10-08T12:48:45.1235842Z #9 6.806 Preparing to unpack .../037-libx11-data_2%3a1.8.4-2+deb12u2_all.deb ...
2026-10-08T12:48:45.1236319Z #9 6.807 Unpacking libx11-data (2:1.8.4-2+deb12u2) ...
2026-10-08T12:48:45.1236746Z #9 6.845 Selecting previously unselected package libx11-6:amd64.
2026-10-08T12:48:45.2231534Z #9 6.846 Preparing to unpack .../038-libx11-6_2%3a1.8.4-2+deb12u2_amd64.deb ...
2026-10-08T12:48:45.2232103Z #9 6.847 Unpacking libx11-6:amd64 (2:1.8.4-2+deb12u2) ...
2026-10-08T12:48:45.2232544Z #9 6.904 Selecting previously unselected package libxext6:amd64.
2026-10-08T12:48:45.2233181Z #9 6.905 Preparing to unpack .../039-libxext6_2%3a1.3.4-1+b1_amd64.deb ...
2026-10-08T12:48:45.2233612Z #9 6.906 Unpacking libxext6:amd64 (2:1.3.4-1+b1) ...
2026-10-08T12:48:45.2234036Z #9 6.924 Selecting previously unselected package libxi6:amd64.
2026-10-08T12:48:45.2234495Z #9 6.926 Preparing to unpack .../040-libxi6_2%3a1.8-1+b1_amd64.deb ...
2026-10-08T12:48:45.2235132Z #9 6.927 Unpacking libxi6:amd64 (2:1.8-1+b1) ...
2026-10-08T12:48:45.2235565Z #9 6.943 Selecting previously unselected package libatspi2.0-0:amd64.
2026-10-08T12:48:45.2236048Z #9 6.944 Preparing to unpack .../041-libatspi2.0-0_2.46.0-5_amd64.deb ...
2026-10-08T12:48:45.2236476Z #9 6.945 Unpacking libatspi2.0-0:amd64 (2.46.0-5) ...
2026-10-08T12:48:45.3327836Z #9 6.962 Selecting previously unselected package libatk-bridge2.0-0:amd64.
2026-10-08T12:48:45.3328596Z #9 6.963 Preparing to unpack .../042-libatk-bridge2.0-0_2.46.0-5_amd64.deb ...
2026-10-08T12:48:45.3329675Z #9 6.964 Unpacking libatk-bridge2.0-0:amd64 (2.46.0-5) ...
2026-10-08T12:48:45.3330159Z #9 6.980 Selecting previously unselected package libbrotli1:amd64.
2026-10-08T12:48:45.3331465Z #9 6.982 Preparing to unpack .../043-libbrotli1_1.0.9-2+b6_amd64.deb ...
2026-10-08T12:48:45.3331911Z #9 6.983 Unpacking libbrotli1:amd64 (1.0.9-2+b6) ...
2026-10-08T12:48:45.3332533Z #9 7.015 Selecting previously unselected package libfreetype6:amd64.
2026-10-08T12:48:45.3333357Z #9 7.017 Preparing to unpack .../044-libfreetype6_2.12.1+dfsg-5+deb12u4_amd64.deb ...
2026-10-08T12:48:45.3334259Z #9 7.017 Unpacking libfreetype6:amd64 (2.12.1+dfsg-5+deb12u4) ...
2026-10-08T12:48:45.3334728Z #9 7.055 Selecting previously unselected package fonts-dejavu-core.
2026-10-08T12:48:45.5025376Z #9 7.056 Preparing to unpack .../045-fonts-dejavu-core_2.37-6_all.deb ...
2026-10-08T12:48:45.5025886Z #9 7.057 Unpacking fonts-dejavu-core (2.37-6) ...
2026-10-08T12:48:45.5026645Z #9 7.144 Selecting previously unselected package fontconfig-config.
2026-10-08T12:48:45.5027184Z #9 7.146 Preparing to unpack .../046-fontconfig-config_2.14.1-4_amd64.deb ...
2026-10-08T12:48:45.5027637Z #9 7.224 Unpacking fontconfig-config (2.14.1-4) ...
2026-10-08T12:48:45.6027715Z #9 7.247 Selecting previously unselected package libfontconfig1:amd64.
2026-10-08T12:48:45.6028289Z #9 7.249 Preparing to unpack .../047-libfontconfig1_2.14.1-4_amd64.deb ...
2026-10-08T12:48:45.6028767Z #9 7.249 Unpacking libfontconfig1:amd64 (2.14.1-4) ...
2026-10-08T12:48:45.6029236Z #9 7.270 Selecting previously unselected package libpixman-1-0:amd64.
2026-10-08T12:48:45.6029742Z #9 7.272 Preparing to unpack .../048-libpixman-1-0_0.42.2-1_amd64.deb ...
2026-10-08T12:48:45.6030168Z #9 7.272 Unpacking libpixman-1-0:amd64 (0.42.2-1) ...
2026-10-08T12:48:45.6030610Z #9 7.303 Selecting previously unselected package libxcb-render0:amd64.
2026-10-08T12:48:45.6031113Z #9 7.305 Preparing to unpack .../049-libxcb-render0_1.15-1_amd64.deb ...
2026-10-08T12:48:45.6031544Z #9 7.306 Unpacking libxcb-render0:amd64 (1.15-1) ...
2026-10-08T12:48:45.6031970Z #9 7.325 Selecting previously unselected package libxcb-shm0:amd64.
2026-10-08T12:48:45.7085672Z #9 7.326 Preparing to unpack .../050-libxcb-shm0_1.15-1_amd64.deb ...
2026-10-08T12:48:45.7086396Z #9 7.327 Unpacking libxcb-shm0:amd64 (1.15-1) ...
2026-10-08T12:48:45.7087114Z #9 7.344 Selecting previously unselected package libxrender1:amd64.
2026-10-08T12:48:45.7087961Z #9 7.346 Preparing to unpack .../051-libxrender1_1%3a0.9.10-1.1_amd64.deb ...
2026-10-08T12:48:45.7088664Z #9 7.346 Unpacking libxrender1:amd64 (1:0.9.10-1.1) ...
2026-10-08T12:48:45.7089333Z #9 7.360 Selecting previously unselected package libcairo2:amd64.
2026-10-08T12:48:45.7090051Z #9 7.361 Preparing to unpack .../052-libcairo2_1.16.0-7_amd64.deb ...
2026-10-08T12:48:45.7090639Z #9 7.362 Unpacking libcairo2:amd64 (1.16.0-7) ...
2026-10-08T12:48:45.7091369Z #9 7.407 Selecting previously unselected package libavahi-common-data:amd64.
2026-10-08T12:48:45.7092369Z #9 7.409 Preparing to unpack .../053-libavahi-common-data_0.8-10+deb12u1_amd64.deb ...
2026-10-08T12:48:45.7093533Z #9 7.409 Unpacking libavahi-common-data:amd64 (0.8-10+deb12u1) ...
2026-10-08T12:48:45.7094368Z #9 7.430 Selecting previously unselected package libavahi-common3:amd64.
2026-10-08T12:48:45.8298679Z #9 7.432 Preparing to unpack .../054-libavahi-common3_0.8-10+deb12u1_amd64.deb ...
2026-10-08T12:48:45.8299566Z #9 7.433 Unpacking libavahi-common3:amd64 (0.8-10+deb12u1) ...
2026-10-08T12:48:45.8300061Z #9 7.447 Selecting previously unselected package libavahi-client3:amd64.
2026-10-08T12:48:45.8300603Z #9 7.449 Preparing to unpack .../055-libavahi-client3_0.8-10+deb12u1_amd64.deb ...
2026-10-08T12:48:45.8301096Z #9 7.450 Unpacking libavahi-client3:amd64 (0.8-10+deb12u1) ...
2026-10-08T12:48:45.8301569Z #9 7.464 Selecting previously unselected package libkrb5support0:amd64.
2026-10-08T12:48:45.8302113Z #9 7.466 Preparing to unpack .../056-libkrb5support0_1.20.1-2+deb12u5_amd64.deb ...
2026-10-08T12:48:45.8302609Z #9 7.466 Unpacking libkrb5support0:amd64 (1.20.1-2+deb12u5) ...
2026-10-08T12:48:45.8303319Z #9 7.481 Selecting previously unselected package libk5crypto3:amd64.
2026-10-08T12:48:45.8303832Z #9 7.483 Preparing to unpack .../057-libk5crypto3_1.20.1-2+deb12u5_amd64.deb ...
2026-10-08T12:48:45.8304295Z #9 7.484 Unpacking libk5crypto3:amd64 (1.20.1-2+deb12u5) ...
2026-10-08T12:48:45.8304745Z #9 7.501 Selecting previously unselected package libkeyutils1:amd64.
2026-10-08T12:48:45.8305224Z #9 7.502 Preparing to unpack .../058-libkeyutils1_1.6.3-2_amd64.deb ...
2026-10-08T12:48:45.8305634Z #9 7.503 Unpacking libkeyutils1:amd64 (1.6.3-2) ...
2026-10-08T12:48:45.8306048Z #9 7.515 Selecting previously unselected package libkrb5-3:amd64.
2026-10-08T12:48:45.8306557Z #9 7.516 Preparing to unpack .../059-libkrb5-3_1.20.1-2+deb12u5_amd64.deb ...
2026-10-08T12:48:45.8307014Z #9 7.517 Unpacking libkrb5-3:amd64 (1.20.1-2+deb12u5) ...
2026-10-08T12:48:45.8307592Z #9 7.552 Selecting previously unselected package libgssapi-krb5-2:amd64.
2026-10-08T12:48:45.9434576Z #9 7.553 Preparing to unpack .../060-libgssapi-krb5-2_1.20.1-2+deb12u5_amd64.deb ...
2026-10-08T12:48:45.9435325Z #9 7.554 Unpacking libgssapi-krb5-2:amd64 (1.20.1-2+deb12u5) ...
2026-10-08T12:48:45.9435796Z #9 7.582 Selecting previously unselected package libcups2:amd64.
2026-10-08T12:48:45.9436283Z #9 7.583 Preparing to unpack .../061-libcups2_2.4.2-3+deb12u9_amd64.deb ...
2026-10-08T12:48:45.9436815Z #9 7.584 Unpacking libcups2:amd64 (2.4.2-3+deb12u9) ...
2026-10-08T12:48:45.9437284Z #9 7.615 Selecting previously unselected package libdav1d6:amd64.
2026-10-08T12:48:45.9437813Z #9 7.616 Preparing to unpack .../062-libdav1d6_1.0.0-2+deb12u1_amd64.deb ...
2026-10-08T12:48:45.9438309Z #9 7.617 Unpacking libdav1d6:amd64 (1.0.0-2+deb12u1) ...
2026-10-08T12:48:45.9438835Z #9 7.665 Selecting previously unselected package libdouble-conversion3:amd64.
2026-10-08T12:48:46.0514946Z #9 7.667 Preparing to unpack .../063-libdouble-conversion3_3.2.1-1_amd64.deb ...
2026-10-08T12:48:46.0515556Z #9 7.668 Unpacking libdouble-conversion3:amd64 (3.2.1-1) ...
2026-10-08T12:48:46.0516015Z #9 7.682 Selecting previously unselected package libogg0:amd64.
2026-10-08T12:48:46.0516476Z #9 7.684 Preparing to unpack .../064-libogg0_1.3.5-3_amd64.deb ...
2026-10-08T12:48:46.0517146Z #9 7.685 Unpacking libogg0:amd64 (1.3.5-3) ...
2026-10-08T12:48:46.0517797Z #9 7.699 Selecting previously unselected package libflac12:amd64.
2026-10-08T12:48:46.0518489Z #9 7.700 Preparing to unpack .../065-libflac12_1.4.2+ds-2_amd64.deb ...
2026-10-08T12:48:46.0519152Z #9 7.701 Unpacking libflac12:amd64 (1.4.2+ds-2) ...
2026-10-08T12:48:46.0519765Z #9 7.726 Selecting previously unselected package libdrm-common.
2026-10-08T12:48:46.0520424Z #9 7.728 Preparing to unpack .../066-libdrm-common_2.4.114-1_all.deb ...
2026-10-08T12:48:46.0521012Z #9 7.729 Unpacking libdrm-common (2.4.114-1) ...
2026-10-08T12:48:46.0521654Z #9 7.741 Selecting previously unselected package libdrm2:amd64.
2026-10-08T12:48:46.0522320Z #9 7.742 Preparing to unpack .../067-libdrm2_2.4.114-1+b1_amd64.deb ...
2026-10-08T12:48:46.0523028Z #9 7.743 Unpacking libdrm2:amd64 (2.4.114-1+b1) ...
2026-10-08T12:48:46.0523724Z #9 7.757 Selecting previously unselected package libwayland-server0:amd64.
2026-10-08T12:48:46.0524555Z #9 7.759 Preparing to unpack .../068-libwayland-server0_1.21.0-1_amd64.deb ...
2026-10-08T12:48:46.0525031Z #9 7.760 Unpacking libwayland-server0:amd64 (1.21.0-1) ...
2026-10-08T12:48:46.0525717Z #9 7.773 Selecting previously unselected package libgbm1:amd64.
2026-10-08T12:48:46.1915707Z #9 7.775 Preparing to unpack .../069-libgbm1_22.3.6-1+deb12u2_amd64.deb ...
2026-10-08T12:48:46.1916217Z #9 7.776 Unpacking libgbm1:amd64 (22.3.6-1+deb12u2) ...
2026-10-08T12:48:46.1916681Z #9 7.791 Selecting previously unselected package libgraphite2-3:amd64.
2026-10-08T12:48:46.1917597Z #9 7.793 Preparing to unpack .../070-libgraphite2-3_1.3.14-1+deb12u1_amd64.deb ...
2026-10-08T12:48:46.1918313Z #9 7.793 Unpacking libgraphite2-3:amd64 (1.3.14-1+deb12u1) ...
2026-10-08T12:48:46.1918997Z #9 7.810 Selecting previously unselected package libharfbuzz0b:amd64.
2026-10-08T12:48:46.1919702Z #9 7.812 Preparing to unpack .../071-libharfbuzz0b_6.0.0+dfsg-3_amd64.deb ...
2026-10-08T12:48:46.1920345Z #9 7.812 Unpacking libharfbuzz0b:amd64 (6.0.0+dfsg-3) ...
2026-10-08T12:48:46.1921015Z #9 7.862 Selecting previously unselected package libharfbuzz-subset0:amd64.
2026-10-08T12:48:46.1921768Z #9 7.864 Preparing to unpack .../072-libharfbuzz-subset0_6.0.0+dfsg-3_amd64.deb ...
2026-10-08T12:48:46.1922453Z #9 7.865 Unpacking libharfbuzz-subset0:amd64 (6.0.0+dfsg-3) ...
2026-10-08T12:48:46.1923369Z #9 7.913 Selecting previously unselected package liblcms2-2:amd64.
2026-10-08T12:48:46.3133897Z #9 7.915 Preparing to unpack .../073-liblcms2-2_2.14-2+deb12u1_amd64.deb ...
2026-10-08T12:48:46.3134421Z #9 7.916 Unpacking liblcms2-2:amd64 (2.14-2+deb12u1) ...
2026-10-08T12:48:46.3135678Z #9 7.938 Selecting previously unselected package libminizip1:amd64.
2026-10-08T12:48:46.3136214Z #9 7.939 Preparing to unpack .../074-libminizip1_1.1-8+deb12u1_amd64.deb ...
2026-10-08T12:48:46.3136671Z #9 7.940 Unpacking libminizip1:amd64 (1.1-8+deb12u1) ...
2026-10-08T12:48:46.3137090Z #9 7.952 Selecting previously unselected package libnspr4:amd64.
2026-10-08T12:48:46.3137550Z #9 7.954 Preparing to unpack .../075-libnspr4_2%3a4.35-1_amd64.deb ...
2026-10-08T12:48:46.3137960Z #9 7.954 Unpacking libnspr4:amd64 (2:4.35-1) ...
2026-10-08T12:48:46.3138406Z #9 7.974 Selecting previously unselected package libsqlite3-0:amd64.
2026-10-08T12:48:46.3139171Z #9 7.975 Preparing to unpack .../076-libsqlite3-0_3.40.1-2+deb12u2_amd64.deb ...
2026-10-08T12:48:46.3139645Z #9 7.976 Unpacking libsqlite3-0:amd64 (3.40.1-2+deb12u2) ...
2026-10-08T12:48:46.3140073Z #9 8.035 Selecting previously unselected package libnss3:amd64.
2026-10-08T12:48:46.4486602Z #9 8.037 Preparing to unpack .../077-libnss3_2%3a3.87.1-1+deb12u4_amd64.deb ...
2026-10-08T12:48:46.4487412Z #9 8.038 Unpacking libnss3:amd64 (2:3.87.1-1+deb12u4) ...
2026-10-08T12:48:46.4488542Z #9 8.170 Selecting previously unselected package libopenh264-7:amd64.
2026-10-08T12:48:46.5502460Z #9 8.172 Preparing to unpack .../078-libopenh264-7_2.3.1+dfsg-3+deb12u2_amd64.deb ...
2026-10-08T12:48:46.5503385Z #9 8.173 Unpacking libopenh264-7:amd64 (2.3.1+dfsg-3+deb12u2) ...
2026-10-08T12:48:46.5504226Z #9 8.216 Selecting previously unselected package libopenjp2-7:amd64.
2026-10-08T12:48:46.5505091Z #9 8.218 Preparing to unpack .../079-libopenjp2-7_2.5.0-2+deb12u3_amd64.deb ...
2026-10-08T12:48:46.5505767Z #9 8.219 Unpacking libopenjp2-7:amd64 (2.5.0-2+deb12u3) ...
2026-10-08T12:48:46.5506447Z #9 8.243 Selecting previously unselected package libopus0:amd64.
2026-10-08T12:48:46.5507136Z #9 8.245 Preparing to unpack .../080-libopus0_1.3.1-3_amd64.deb ...
2026-10-08T12:48:46.5507774Z #9 8.246 Unpacking libopus0:amd64 (1.3.1-3) ...
2026-10-08T12:48:46.5508260Z #9 8.271 Selecting previously unselected package fontconfig.
2026-10-08T12:48:46.5508730Z #9 8.272 Preparing to unpack .../081-fontconfig_2.14.1-4_amd64.deb ...
2026-10-08T12:48:46.6507179Z #9 8.273 Unpacking fontconfig (2.14.1-4) ...
2026-10-08T12:48:46.6507845Z #9 8.295 Selecting previously unselected package libfribidi0:amd64.
2026-10-08T12:48:46.6508494Z #9 8.297 Preparing to unpack .../082-libfribidi0_1.0.8-2.1_amd64.deb ...
2026-10-08T12:48:46.6508974Z #9 8.298 Unpacking libfribidi0:amd64 (1.0.8-2.1) ...
2026-10-08T12:48:46.6509840Z #9 8.313 Selecting previously unselected package libthai-data.
2026-10-08T12:48:46.6510558Z #9 8.314 Preparing to unpack .../083-libthai-data_0.1.29-1_all.deb ...
2026-10-08T12:48:46.6511244Z #9 8.315 Unpacking libthai-data (0.1.29-1) ...
2026-10-08T12:48:46.6511888Z #9 8.355 Selecting previously unselected package libdatrie1:amd64.
2026-10-08T12:48:46.6512592Z #9 8.357 Preparing to unpack .../084-libdatrie1_0.2.13-2+b1_amd64.deb ...
2026-10-08T12:48:46.6513404Z #9 8.358 Unpacking libdatrie1:amd64 (0.2.13-2+b1) ...
2026-10-08T12:48:46.6514045Z #9 8.371 Selecting previously unselected package libthai0:amd64.
2026-10-08T12:48:46.6514773Z #9 8.373 Preparing to unpack .../085-libthai0_0.1.29-1_amd64.deb ...
2026-10-08T12:48:46.7668483Z #9 8.374 Unpacking libthai0:amd64 (0.1.29-1) ...
2026-10-08T12:48:46.7669335Z #9 8.389 Selecting previously unselected package libpango-1.0-0:amd64.
2026-10-08T12:48:46.7670198Z #9 8.390 Preparing to unpack .../086-libpango-1.0-0_1.50.12+ds-1_amd64.deb ...
2026-10-08T12:48:46.7670970Z #9 8.391 Unpacking libpango-1.0-0:amd64 (1.50.12+ds-1) ...
2026-10-08T12:48:46.7671691Z #9 8.417 Selecting previously unselected package libasyncns0:amd64.
2026-10-08T12:48:46.7672482Z #9 8.418 Preparing to unpack .../087-libasyncns0_0.8-6+b3_amd64.deb ...
2026-10-08T12:48:46.7673895Z #9 8.419 Unpacking libasyncns0:amd64 (0.8-6+b3) ...
2026-10-08T12:48:46.7674582Z #9 8.431 Selecting previously unselected package libmp3lame0:amd64.
2026-10-08T12:48:46.7675334Z #9 8.433 Preparing to unpack .../088-libmp3lame0_3.100-6_amd64.deb ...
2026-10-08T12:48:46.7676370Z #9 8.434 Unpacking libmp3lame0:amd64 (3.100-6) ...
2026-10-08T12:48:46.7677025Z #9 8.463 Selecting previously unselected package libmpg123-0:amd64.
2026-10-08T12:48:46.7677820Z #9 8.464 Preparing to unpack .../089-libmpg123-0_1.31.2-1+deb12u1_amd64.deb ...
2026-10-08T12:48:46.7678542Z #9 8.465 Unpacking libmpg123-0:amd64 (1.31.2-1+deb12u1) ...
2026-10-08T12:48:46.7679227Z #9 8.489 Selecting previously unselected package libvorbis0a:amd64.
2026-10-08T12:48:46.8935052Z #9 8.491 Preparing to unpack .../090-libvorbis0a_1.3.7-1_amd64.deb ...
2026-10-08T12:48:46.8935572Z #9 8.491 Unpacking libvorbis0a:amd64 (1.3.7-1) ...
2026-10-08T12:48:46.8936022Z #9 8.510 Selecting previously unselected package libvorbisenc2:amd64.
2026-10-08T12:48:46.8936530Z #9 8.511 Preparing to unpack .../091-libvorbisenc2_1.3.7-1_amd64.deb ...
2026-10-08T12:48:46.8936955Z #9 8.512 Unpacking libvorbisenc2:amd64 (1.3.7-1) ...
2026-10-08T12:48:47.0255161Z #9 8.530 Selecting previously unselected package libsndfile1:amd64.
2026-10-08T12:48:47.0256165Z #9 8.532 Preparing to unpack .../092-libsndfile1_1.2.0-1+deb12u1_amd64.deb ...
2026-10-08T12:48:47.0256983Z #9 8.533 Unpacking libsndfile1:amd64 (1.2.0-1+deb12u1) ...
2026-10-08T12:48:47.0257708Z #9 8.558 Selecting previously unselected package libx11-xcb1:amd64.
2026-10-08T12:48:47.0258561Z #9 8.560 Preparing to unpack .../093-libx11-xcb1_2%3a1.8.4-2+deb12u2_amd64.deb ...
2026-10-08T12:48:47.0259368Z #9 8.560 Unpacking libx11-xcb1:amd64 (2:1.8.4-2+deb12u2) ...
2026-10-08T12:48:47.0260091Z #9 8.579 Selecting previously unselected package libpulse0:amd64.
2026-10-08T12:48:47.0260885Z #9 8.580 Preparing to unpack .../094-libpulse0_16.1+dfsg1-2+b1_amd64.deb ...
2026-10-08T12:48:47.0261591Z #9 8.585 Unpacking libpulse0:amd64 (16.1+dfsg1-2+b1) ...
2026-10-08T12:48:47.0262301Z #9 8.615 Selecting previously unselected package libxcomposite1:amd64.
2026-10-08T12:48:47.0263842Z #9 8.617 Preparing to unpack .../095-libxcomposite1_1%3a0.4.5-1_amd64.deb ...
2026-10-08T12:48:47.0264562Z #9 8.618 Unpacking libxcomposite1:amd64 (1:0.4.5-1) ...
2026-10-08T12:48:47.0265251Z #9 8.630 Selecting previously unselected package libxdamage1:amd64.
2026-10-08T12:48:47.0266018Z #9 8.632 Preparing to unpack .../096-libxdamage1_1%3a1.1.6-1_amd64.deb ...
2026-10-08T12:48:47.0266738Z #9 8.633 Unpacking libxdamage1:amd64 (1:1.1.6-1) ...
2026-10-08T12:48:47.0267397Z #9 8.646 Selecting previously unselected package libxfixes3:amd64.
2026-10-08T12:48:47.0268532Z #9 8.648 Preparing to unpack .../097-libxfixes3_1%3a6.0.0-2_amd64.deb ...
2026-10-08T12:48:47.0269225Z #9 8.648 Unpacking libxfixes3:amd64 (1:6.0.0-2) ...
2026-10-08T12:48:47.0269840Z #9 8.662 Selecting previously unselected package xkb-data.
2026-10-08T12:48:47.0270514Z #9 8.663 Preparing to unpack .../098-xkb-data_2.35.1-1_all.deb ...
2026-10-08T12:48:47.0271096Z #9 8.664 Unpacking xkb-data (2.35.1-1) ...
2026-10-08T12:48:47.0271719Z #9 8.747 Selecting previously unselected package libxkbcommon0:amd64.
2026-10-08T12:48:47.1295192Z #9 8.750 Preparing to unpack .../099-libxkbcommon0_1.5.0-1_amd64.deb ...
2026-10-08T12:48:47.1296057Z #9 8.751 Unpacking libxkbcommon0:amd64 (1.5.0-1) ...
2026-10-08T12:48:47.1296813Z #9 8.771 Selecting previously unselected package libxnvctrl0:amd64.
2026-10-08T12:48:47.1297341Z #9 8.772 Preparing to unpack .../100-libxnvctrl0_525.85.05-3~deb12u1_amd64.deb ...
2026-10-08T12:48:47.1297836Z #9 8.773 Unpacking libxnvctrl0:amd64 (525.85.05-3~deb12u1) ...
2026-10-08T12:48:47.1298311Z #9 8.787 Selecting previously unselected package libxrandr2:amd64.
2026-10-08T12:48:47.1298804Z #9 8.788 Preparing to unpack .../101-libxrandr2_2%3a1.5.2-2+b1_amd64.deb ...
2026-10-08T12:48:47.1299248Z #9 8.789 Unpacking libxrandr2:amd64 (2:1.5.2-2+b1) ...
2026-10-08T12:48:47.1299698Z #9 8.803 Selecting previously unselected package libcairo-gobject2:amd64.
2026-10-08T12:48:47.1300214Z #9 8.805 Preparing to unpack .../102-libcairo-gobject2_1.16.0-7_amd64.deb ...
2026-10-08T12:48:47.1300663Z #9 8.806 Unpacking libcairo-gobject2:amd64 (1.16.0-7) ...
2026-10-08T12:48:47.1301383Z #9 8.825 Selecting previously unselected package libcolord2:amd64.
2026-10-08T12:48:47.1301867Z #9 8.827 Preparing to unpack .../103-libcolord2_1.4.6-2.2_amd64.deb ...
2026-10-08T12:48:47.1302284Z #9 8.828 Unpacking libcolord2:amd64 (1.4.6-2.2) ...
2026-10-08T12:48:47.1302858Z #9 8.851 Selecting previously unselected package libepoxy0:amd64.
2026-10-08T12:48:47.2336484Z #9 8.853 Preparing to unpack .../104-libepoxy0_1.5.10-1_amd64.deb ...
2026-10-08T12:48:47.2337451Z #9 8.854 Unpacking libepoxy0:amd64 (1.5.10-1) ...
2026-10-08T12:48:47.2338955Z #9 8.882 Selecting previously unselected package libpangoft2-1.0-0:amd64.
2026-10-08T12:48:47.2339881Z #9 8.884 Preparing to unpack .../105-libpangoft2-1.0-0_1.50.12+ds-1_amd64.deb ...
2026-10-08T12:48:47.2340659Z #9 8.885 Unpacking libpangoft2-1.0-0:amd64 (1.50.12+ds-1) ...
2026-10-08T12:48:47.2341443Z #9 8.902 Selecting previously unselected package libpangocairo-1.0-0:amd64.
2026-10-08T12:48:47.2342903Z #9 8.904 Preparing to unpack .../106-libpangocairo-1.0-0_1.50.12+ds-1_amd64.deb ...
2026-10-08T12:48:47.2343703Z #9 8.905 Unpacking libpangocairo-1.0-0:amd64 (1.50.12+ds-1) ...
2026-10-08T12:48:47.2344478Z #9 8.922 Selecting previously unselected package libwayland-client0:amd64.
2026-10-08T12:48:47.2345332Z #9 8.924 Preparing to unpack .../107-libwayland-client0_1.21.0-1_amd64.deb ...
2026-10-08T12:48:47.2346057Z #9 8.924 Unpacking libwayland-client0:amd64 (1.21.0-1) ...
2026-10-08T12:48:47.2346815Z #9 8.939 Selecting previously unselected package libwayland-cursor0:amd64.
2026-10-08T12:48:47.2347631Z #9 8.941 Preparing to unpack .../108-libwayland-cursor0_1.21.0-1_amd64.deb ...
2026-10-08T12:48:47.2348346Z #9 8.942 Unpacking libwayland-cursor0:amd64 (1.21.0-1) ...
2026-10-08T12:48:47.2349529Z #9 8.956 Selecting previously unselected package libwayland-egl1:amd64.
2026-10-08T12:48:47.3418423Z #9 8.958 Preparing to unpack .../109-libwayland-egl1_1.21.0-1_amd64.deb ...
2026-10-08T12:48:47.3446210Z #9 8.959 Unpacking libwayland-egl1:amd64 (1.21.0-1) ...
2026-10-08T12:48:47.3447352Z #9 8.973 Selecting previously unselected package libxcursor1:amd64.
2026-10-08T12:48:47.3448183Z #9 8.974 Preparing to unpack .../110-libxcursor1_1%3a1.2.1-1_amd64.deb ...
2026-10-08T12:48:47.3448768Z #9 8.976 Unpacking libxcursor1:amd64 (1:1.2.1-1) ...
2026-10-08T12:48:47.3449307Z #9 8.991 Selecting previously unselected package libxinerama1:amd64.
2026-10-08T12:48:47.3449910Z #9 8.993 Preparing to unpack .../111-libxinerama1_2%3a1.1.4-3_amd64.deb ...
2026-10-08T12:48:47.3450717Z #9 8.993 Unpacking libxinerama1:amd64 (2:1.1.4-3) ...
2026-10-08T12:48:47.3451214Z #9 9.009 Selecting previously unselected package dbus-user-session.
2026-10-08T12:48:47.3451754Z #9 9.011 Preparing to unpack .../112-dbus-user-session_1.14.10-1~deb12u1_amd64.deb ...
2026-10-08T12:48:47.3452255Z #9 9.012 Unpacking dbus-user-session (1.14.10-1~deb12u1) ...
2026-10-08T12:48:47.3453263Z #9 9.029 Selecting previously unselected package libdconf1:amd64.
2026-10-08T12:48:47.3453764Z #9 9.030 Preparing to unpack .../113-libdconf1_0.40.0-4_amd64.deb ...
2026-10-08T12:48:47.3454174Z #9 9.031 Unpacking libdconf1:amd64 (0.40.0-4) ...
2026-10-08T12:48:47.3454584Z #9 9.048 Selecting previously unselected package dconf-service.
2026-10-08T12:48:47.3455056Z #9 9.049 Preparing to unpack .../114-dconf-service_0.40.0-4_amd64.deb ...
2026-10-08T12:48:47.3455473Z #9 9.050 Unpacking dconf-service (0.40.0-4) ...
2026-10-08T12:48:47.3455952Z #9 9.064 Selecting previously unselected package dconf-gsettings-backend:amd64.
2026-10-08T12:48:47.5110297Z #9 9.066 Preparing to unpack .../115-dconf-gsettings-backend_0.40.0-4_amd64.deb ...
2026-10-08T12:48:47.5111329Z #9 9.067 Unpacking dconf-gsettings-backend:amd64 (0.40.0-4) ...
2026-10-08T12:48:47.5112080Z #9 9.080 Selecting previously unselected package libgtk-3-common.
2026-10-08T12:48:47.5112608Z #9 9.082 Preparing to unpack .../116-libgtk-3-common_3.24.38-2~deb12u3_all.deb ...
2026-10-08T12:48:47.5113365Z #9 9.083 Unpacking libgtk-3-common (3.24.38-2~deb12u3) ...
2026-10-08T12:48:47.6334252Z #9 9.355 Selecting previously unselected package libgtk-3-0:amd64.
2026-10-08T12:48:47.7863092Z #9 9.357 Preparing to unpack .../117-libgtk-3-0_3.24.38-2~deb12u3_amd64.deb ...
2026-10-08T12:48:47.7864056Z #9 9.358 Unpacking libgtk-3-0:amd64 (3.24.38-2~deb12u3) ...
2026-10-08T12:48:47.8419884Z #9 9.564 Selecting previously unselected package libfontenc1:amd64.
2026-10-08T12:48:47.9544019Z #9 9.566 Preparing to unpack .../118-libfontenc1_1%3a1.1.4-1_amd64.deb ...
2026-10-08T12:48:47.9544880Z #9 9.567 Unpacking libfontenc1:amd64 (1:1.1.4-1) ...
2026-10-08T12:48:47.9545819Z #9 9.581 Selecting previously unselected package libglvnd0:amd64.
2026-10-08T12:48:47.9548039Z #9 9.588 Preparing to unpack .../119-libglvnd0_1.6.0-1_amd64.deb ...
2026-10-08T12:48:47.9549271Z #9 9.588 Unpacking libglvnd0:amd64 (1.6.0-1) ...
2026-10-08T12:48:47.9550262Z #9 9.608 Selecting previously unselected package libglapi-mesa:amd64.
2026-10-08T12:48:47.9551284Z #9 9.609 Preparing to unpack .../120-libglapi-mesa_22.3.6-1+deb12u2_amd64.deb ...
2026-10-08T12:48:47.9552250Z #9 9.610 Unpacking libglapi-mesa:amd64 (22.3.6-1+deb12u2) ...
2026-10-08T12:48:47.9553260Z #9 9.627 Selecting previously unselected package libxcb-dri2-0:amd64.
2026-10-08T12:48:47.9554181Z #9 9.629 Preparing to unpack .../121-libxcb-dri2-0_1.15-1_amd64.deb ...
2026-10-08T12:48:47.9555004Z #9 9.630 Unpacking libxcb-dri2-0:amd64 (1.15-1) ...
2026-10-08T12:48:47.9555837Z #9 9.653 Selecting previously unselected package libxcb-dri3-0:amd64.
2026-10-08T12:48:47.9556783Z #9 9.654 Preparing to unpack .../122-libxcb-dri3-0_1.15-1_amd64.deb ...
2026-10-08T12:48:47.9560336Z #9 9.655 Unpacking libxcb-dri3-0:amd64 (1.15-1) ...
2026-10-08T12:48:47.9561308Z #9 9.676 Selecting previously unselected package libxcb-glx0:amd64.
2026-10-08T12:48:48.0688576Z #9 9.679 Preparing to unpack .../123-libxcb-glx0_1.15-1_amd64.deb ...
2026-10-08T12:48:48.0689334Z #9 9.680 Unpacking libxcb-glx0:amd64 (1.15-1) ...
2026-10-08T12:48:48.0690134Z #9 9.701 Selecting previously unselected package libxcb-present0:amd64.
2026-10-08T12:48:48.0690981Z #9 9.702 Preparing to unpack .../124-libxcb-present0_1.15-1_amd64.deb ...
2026-10-08T12:48:48.0691701Z #9 9.703 Unpacking libxcb-present0:amd64 (1.15-1) ...
2026-10-08T12:48:48.0692419Z #9 9.723 Selecting previously unselected package libxcb-randr0:amd64.
2026-10-08T12:48:48.0693372Z #9 9.725 Preparing to unpack .../125-libxcb-randr0_1.15-1_amd64.deb ...
2026-10-08T12:48:48.0694036Z #9 9.726 Unpacking libxcb-randr0:amd64 (1.15-1) ...
2026-10-08T12:48:48.0695043Z #9 9.745 Selecting previously unselected package libxcb-sync1:amd64.
2026-10-08T12:48:48.0695833Z #9 9.747 Preparing to unpack .../126-libxcb-sync1_1.15-1_amd64.deb ...
2026-10-08T12:48:48.0696510Z #9 9.748 Unpacking libxcb-sync1:amd64 (1.15-1) ...
2026-10-08T12:48:48.0697199Z #9 9.767 Selecting previously unselected package libxcb-xfixes0:amd64.
2026-10-08T12:48:48.0697947Z #9 9.769 Preparing to unpack .../127-libxcb-xfixes0_1.15-1_amd64.deb ...
2026-10-08T12:48:48.0698625Z #9 9.770 Unpacking libxcb-xfixes0:amd64 (1.15-1) ...
2026-10-08T12:48:48.0699313Z #9 9.791 Selecting previously unselected package libxshmfence1:amd64.
2026-10-08T12:48:48.1774994Z #9 9.793 Preparing to unpack .../128-libxshmfence1_1.3-1_amd64.deb ...
2026-10-08T12:48:48.1775825Z #9 9.794 Unpacking libxshmfence1:amd64 (1.3-1) ...
2026-10-08T12:48:48.1776560Z #9 9.807 Selecting previously unselected package libxxf86vm1:amd64.
2026-10-08T12:48:48.1777399Z #9 9.809 Preparing to unpack .../129-libxxf86vm1_1%3a1.1.4-1+b2_amd64.deb ...
2026-10-08T12:48:48.1778172Z #9 9.810 Unpacking libxxf86vm1:amd64 (1:1.1.4-1+b2) ...
2026-10-08T12:48:48.1778903Z #9 9.830 Selecting previously unselected package libdrm-amdgpu1:amd64.
2026-10-08T12:48:48.1779793Z #9 9.831 Preparing to unpack .../130-libdrm-amdgpu1_2.4.114-1+b1_amd64.deb ...
2026-10-08T12:48:48.1780528Z #9 9.833 Unpacking libdrm-amdgpu1:amd64 (2.4.114-1+b1) ...
2026-10-08T12:48:48.1781235Z #9 9.847 Selecting previously unselected package libpciaccess0:amd64.
2026-10-08T12:48:48.1782408Z #9 9.849 Preparing to unpack .../131-libpciaccess0_0.17-2_amd64.deb ...
2026-10-08T12:48:48.1783243Z #9 9.850 Unpacking libpciaccess0:amd64 (0.17-2) ...
2026-10-08T12:48:48.1783916Z #9 9.864 Selecting previously unselected package libdrm-intel1:amd64.
2026-10-08T12:48:48.1784724Z #9 9.866 Preparing to unpack .../132-libdrm-intel1_2.4.114-1+b1_amd64.deb ...
2026-10-08T12:48:48.1785415Z #9 9.867 Unpacking libdrm-intel1:amd64 (2.4.114-1+b1) ...
2026-10-08T12:48:48.1786124Z #9 9.883 Selecting previously unselected package libdrm-nouveau2:amd64.
2026-10-08T12:48:48.1786913Z #9 9.885 Preparing to unpack .../133-libdrm-nouveau2_2.4.114-1+b1_amd64.deb ...
2026-10-08T12:48:48.1787625Z #9 9.886 Unpacking libdrm-nouveau2:amd64 (2.4.114-1+b1) ...
2026-10-08T12:48:48.1788326Z #9 9.899 Selecting previously unselected package libdrm-radeon1:amd64.
2026-10-08T12:48:48.3964296Z #9 9.902 Preparing to unpack .../134-libdrm-radeon1_2.4.114-1+b1_amd64.deb ...
2026-10-08T12:48:48.3965048Z #9 9.902 Unpacking libdrm-radeon1:amd64 (2.4.114-1+b1) ...
2026-10-08T12:48:48.3965670Z #9 9.916 Selecting previously unselected package libelf1:amd64.
2026-10-08T12:48:48.3966167Z #9 9.918 Preparing to unpack .../135-libelf1_0.188-2.1_amd64.deb ...
2026-10-08T12:48:48.3966577Z #9 9.918 Unpacking libelf1:amd64 (0.188-2.1) ...
2026-10-08T12:48:48.3966984Z #9 9.944 Selecting previously unselected package libedit2:amd64.
2026-10-08T12:48:48.3967469Z #9 9.946 Preparing to unpack .../136-libedit2_3.1-20221030-2_amd64.deb ...
2026-10-08T12:48:48.3967910Z #9 9.947 Unpacking libedit2:amd64 (3.1-20221030-2) ...
2026-10-08T12:48:48.3968335Z #9 9.966 Selecting previously unselected package libz3-4:amd64.
2026-10-08T12:48:48.3968788Z #9 9.967 Preparing to unpack .../137-libz3-4_4.8.12-3.1_amd64.deb ...
2026-10-08T12:48:48.3969185Z #9 9.968 Unpacking libz3-4:amd64 (4.8.12-3.1) ...
2026-10-08T12:48:48.7346442Z #9 10.46 Selecting previously unselected package libllvm15:amd64.
2026-10-08T12:48:48.8881131Z #9 10.46 Preparing to unpack .../138-libllvm15_1%3a15.0.6-4+b1_amd64.deb ...
2026-10-08T12:48:48.8882367Z #9 10.46 Unpacking libllvm15:amd64 (1:15.0.6-4+b1) ...
2026-10-08T12:48:49.5743688Z #9 11.30 Selecting previously unselected package libsensors-config.
2026-10-08T12:48:49.7681967Z #9 11.30 Preparing to unpack .../139-libsensors-config_1%3a3.6.0-7.1_all.deb ...
2026-10-08T12:48:49.7682536Z #9 11.30 Unpacking libsensors-config (1:3.6.0-7.1) ...
2026-10-08T12:48:49.7683196Z #9 11.31 Selecting previously unselected package libsensors5:amd64.
2026-10-08T12:48:49.7684021Z #9 11.31 Preparing to unpack .../140-libsensors5_1%3a3.6.0-7.1_amd64.deb ...
2026-10-08T12:48:49.7684871Z #9 11.32 Unpacking libsensors5:amd64 (1:3.6.0-7.1) ...
2026-10-08T12:48:49.7685407Z #9 11.33 Selecting previously unselected package libgl1-mesa-dri:amd64.
2026-10-08T12:48:49.7685937Z #9 11.33 Preparing to unpack .../141-libgl1-mesa-dri_22.3.6-1+deb12u2_amd64.deb ...
2026-10-08T12:48:49.7686424Z #9 11.34 Unpacking libgl1-mesa-dri:amd64 (22.3.6-1+deb12u2) ...
2026-10-08T12:48:50.0928221Z #9 11.81 Selecting previously unselected package libglx-mesa0:amd64.
2026-10-08T12:48:50.1977585Z #9 11.82 Preparing to unpack .../142-libglx-mesa0_22.3.6-1+deb12u2_amd64.deb ...
2026-10-08T12:48:50.1978489Z #9 11.82 Unpacking libglx-mesa0:amd64 (22.3.6-1+deb12u2) ...
2026-10-08T12:48:50.1979217Z #9 11.84 Selecting previously unselected package libglx0:amd64.
2026-10-08T12:48:50.1979971Z #9 11.84 Preparing to unpack .../143-libglx0_1.6.0-1_amd64.deb ...
2026-10-08T12:48:50.1980638Z #9 11.84 Unpacking libglx0:amd64 (1.6.0-1) ...
2026-10-08T12:48:50.1981284Z #9 11.86 Selecting previously unselected package libgl1:amd64.
2026-10-08T12:48:50.1981995Z #9 11.86 Preparing to unpack .../144-libgl1_1.6.0-1_amd64.deb ...
2026-10-08T12:48:50.1982601Z #9 11.86 Unpacking libgl1:amd64 (1.6.0-1) ...
2026-10-08T12:48:50.1983351Z #9 11.88 Selecting previously unselected package x11-common.
2026-10-08T12:48:50.1984060Z #9 11.88 Preparing to unpack .../145-x11-common_1%3a7.7+23_all.deb ...
2026-10-08T12:48:50.1984976Z #9 11.88 Unpacking x11-common (1:7.7+23) ...
2026-10-08T12:48:50.1985588Z #9 11.90 Selecting previously unselected package libice6:amd64.
2026-10-08T12:48:50.1986323Z #9 11.90 Preparing to unpack .../146-libice6_2%3a1.0.10-1_amd64.deb ...
2026-10-08T12:48:50.1986961Z #9 11.90 Unpacking libice6:amd64 (2:1.0.10-1) ...
2026-10-08T12:48:50.1987581Z #9 11.92 Selecting previously unselected package libsm6:amd64.
2026-10-08T12:48:50.3024120Z #9 11.92 Preparing to unpack .../147-libsm6_2%3a1.2.3-1_amd64.deb ...
2026-10-08T12:48:50.3024928Z #9 11.92 Unpacking libsm6:amd64 (2:1.2.3-1) ...
2026-10-08T12:48:50.3025637Z #9 11.94 Selecting previously unselected package libxt6:amd64.
2026-10-08T12:48:50.3026411Z #9 11.94 Preparing to unpack .../148-libxt6_1%3a1.2.1-1.1_amd64.deb ...
2026-10-08T12:48:50.3027080Z #9 11.94 Unpacking libxt6:amd64 (1:1.2.1-1.1) ...
2026-10-08T12:48:50.3027737Z #9 11.96 Selecting previously unselected package libxmu6:amd64.
2026-10-08T12:48:50.3028477Z #9 11.96 Preparing to unpack .../149-libxmu6_2%3a1.1.3-3_amd64.deb ...
2026-10-08T12:48:50.3029135Z #9 11.97 Unpacking libxmu6:amd64 (2:1.1.3-3) ...
2026-10-08T12:48:50.3029760Z #9 11.98 Selecting previously unselected package libxpm4:amd64.
2026-10-08T12:48:50.3030545Z #9 11.98 Preparing to unpack .../150-libxpm4_1%3a3.5.12-1.1+deb12u1_amd64.deb ...
2026-10-08T12:48:50.3031289Z #9 11.98 Unpacking libxpm4:amd64 (1:3.5.12-1.1+deb12u1) ...
2026-10-08T12:48:50.3031945Z #9 12.00 Selecting previously unselected package libxaw7:amd64.
2026-10-08T12:48:50.3032841Z #9 12.00 Preparing to unpack .../151-libxaw7_2%3a1.0.14-1_amd64.deb ...
2026-10-08T12:48:50.3033504Z #9 12.00 Unpacking libxaw7:amd64 (2:1.0.14-1) ...
2026-10-08T12:48:50.3034165Z #9 12.02 Selecting previously unselected package libxcb-shape0:amd64.
2026-10-08T12:48:50.4071552Z #9 12.03 Preparing to unpack .../152-libxcb-shape0_1.15-1_amd64.deb ...
2026-10-08T12:48:50.4072366Z #9 12.03 Unpacking libxcb-shape0:amd64 (1.15-1) ...
2026-10-08T12:48:50.4073435Z #9 12.05 Selecting previously unselected package libxft2:amd64.
2026-10-08T12:48:50.4074216Z #9 12.05 Preparing to unpack .../153-libxft2_2.3.6-1_amd64.deb ...
2026-10-08T12:48:50.4074849Z #9 12.05 Unpacking libxft2:amd64 (2.3.6-1) ...
2026-10-08T12:48:50.4075541Z #9 12.06 Selecting previously unselected package libxkbfile1:amd64.
2026-10-08T12:48:50.4076333Z #9 12.07 Preparing to unpack .../154-libxkbfile1_1%3a1.1.0-1_amd64.deb ...
2026-10-08T12:48:50.4077017Z #9 12.07 Unpacking libxkbfile1:amd64 (1:1.1.0-1) ...
2026-10-08T12:48:50.4078009Z #9 12.08 Selecting previously unselected package libxmuu1:amd64.
2026-10-08T12:48:50.4078762Z #9 12.08 Preparing to unpack .../155-libxmuu1_2%3a1.1.3-3_amd64.deb ...
2026-10-08T12:48:50.4079407Z #9 12.09 Unpacking libxmuu1:amd64 (2:1.1.3-3) ...
2026-10-08T12:48:50.4080031Z #9 12.10 Selecting previously unselected package libxtst6:amd64.
2026-10-08T12:48:50.4080748Z #9 12.10 Preparing to unpack .../156-libxtst6_2%3a1.2.3-1.1_amd64.deb ...
2026-10-08T12:48:50.4081384Z #9 12.10 Unpacking libxtst6:amd64 (2:1.2.3-1.1) ...
2026-10-08T12:48:50.4082013Z #9 12.11 Selecting previously unselected package libxv1:amd64.
2026-10-08T12:48:50.4082910Z #9 12.12 Preparing to unpack .../157-libxv1_2%3a1.0.11-1.1_amd64.deb ...
2026-10-08T12:48:50.4083574Z #9 12.12 Unpacking libxv1:amd64 (2:1.0.11-1.1) ...
2026-10-08T12:48:50.4084232Z #9 12.13 Selecting previously unselected package libxxf86dga1:amd64.
2026-10-08T12:48:50.6252559Z #9 12.13 Preparing to unpack .../158-libxxf86dga1_2%3a1.1.5-1_amd64.deb ...
2026-10-08T12:48:50.6254023Z #9 12.13 Unpacking libxxf86dga1:amd64 (2:1.1.5-1) ...
2026-10-08T12:48:50.6254918Z #9 12.15 Selecting previously unselected package x11-utils.
2026-10-08T12:48:50.6255899Z #9 12.15 Preparing to unpack .../159-x11-utils_7.7+5_amd64.deb ...
2026-10-08T12:48:50.6256681Z #9 12.15 Unpacking x11-utils (7.7+5) ...
2026-10-08T12:48:50.6257556Z #9 12.18 Selecting previously unselected package xdg-utils.
2026-10-08T12:48:50.6258471Z #9 12.18 Preparing to unpack .../160-xdg-utils_1.1.3-4.1_all.deb ...
2026-10-08T12:48:50.6259950Z #9 12.18 Unpacking xdg-utils (1.1.3-4.1) ...
2026-10-08T12:48:50.6264557Z #9 12.19 Selecting previously unselected package chromium-common.
2026-10-08T12:48:50.6265805Z #9 12.20 Preparing to unpack .../161-chromium-common_154.0.8037.92-1~deb12u1_amd64.deb ...
2026-10-08T12:48:50.6266853Z #9 12.20 Unpacking chromium-common (154.0.8037.92-1~deb12u1) ...
2026-10-08T12:48:51.0400359Z #9 12.76 Selecting previously unselected package chromium.
2026-10-08T12:48:51.1929141Z #9 12.76 Preparing to unpack .../162-chromium_154.0.8037.92-1~deb12u1_amd64.deb ...
2026-10-08T12:48:51.1930035Z #9 12.76 Unpacking chromium (154.0.8037.92-1~deb12u1) ...
2026-10-08T12:48:53.2584066Z #9 14.98 Selecting previously unselected package tini.
2026-10-08T12:48:53.3601050Z #9 14.98 Preparing to unpack .../163-tini_0.19.0-1+b3_amd64.deb ...
2026-10-08T12:48:53.3601501Z #9 14.98 Unpacking tini (0.19.0-1+b3) ...
2026-10-08T12:48:53.3601874Z #9 15.03 Setting up libexpat1:amd64 (2.5.0-1+deb12u4) ...
2026-10-08T12:48:53.3602292Z #9 15.03 Setting up bubblewrap (0.8.0-2+deb12u1) ...
2026-10-08T12:48:53.3602991Z #9 15.04 sysctl: cannot open "/etc/sysctl.d/99-sysctl.conf": No such file or directory
2026-10-08T12:48:53.3603522Z #9 15.04 Setting up libgraphite2-3:amd64 (1.3.14-1+deb12u1) ...
2026-10-08T12:48:53.3603930Z #9 15.04 Setting up liblcms2-2:amd64 (2.14-2+deb12u1) ...
2026-10-08T12:48:53.3604308Z #9 15.04 Setting up libpixman-1-0:amd64 (0.42.2-1) ...
2026-10-08T12:48:53.3604701Z #9 15.04 Setting up libwayland-server0:amd64 (1.21.0-1) ...
2026-10-08T12:48:53.3605198Z #9 15.04 Setting up libpciaccess0:amd64 (0.17-2) ...
2026-10-08T12:48:53.3605662Z #9 15.04 Setting up systemd-sysv (252.39-1~deb12u2) ...
2026-10-08T12:48:53.3606073Z #9 15.05 Setting up libxau6:amd64 (1:1.0.9-1) ...
2026-10-08T12:48:53.3606545Z #9 15.05 Setting up libdouble-conversion3:amd64 (3.2.1-1) ...
2026-10-08T12:48:53.3607016Z #9 15.05 Setting up libkeyutils1:amd64 (1.6.3-2) ...
2026-10-08T12:48:53.3607569Z #9 15.05 Setting up libicu72:amd64 (72.1-3+deb12u1) ...
2026-10-08T12:48:53.3608065Z #9 15.05 Setting up libmpg123-0:amd64 (1.31.2-1+deb12u1) ...
2026-10-08T12:48:53.3608443Z #9 15.05 Setting up libogg0:amd64 (1.3.5-3) ...
2026-10-08T12:48:53.3609021Z #9 15.06 Setting up liblerc4:amd64 (4.0.0+ds-2) ...
2026-10-08T12:48:53.3609567Z #9 15.06 Setting up hicolor-icon-theme (0.17-2) ...
2026-10-08T12:48:53.3610129Z #9 15.07 Setting up libdatrie1:amd64 (0.2.13-2+b1) ...
2026-10-08T12:48:53.3610725Z #9 15.07 Setting up libminizip1:amd64 (1.1-8+deb12u1) ...
2026-10-08T12:48:53.3614575Z #9 15.07 Setting up libglib2.0-0:amd64 (2.74.6-2+deb12u9) ...
2026-10-08T12:48:53.3615143Z #9 15.08 Setting up libglvnd0:amd64 (1.6.0-1) ...
2026-10-08T12:48:53.3615510Z #9 15.08 Setting up libbrotli1:amd64 (1.0.9-2+b6) ...
2026-10-08T12:48:53.4600646Z #9 15.08 Setting up libsqlite3-0:amd64 (3.40.1-2+deb12u2) ...
2026-10-08T12:48:53.4601440Z #9 15.09 Setting up libgdk-pixbuf2.0-common (2.42.10+dfsg-1+deb12u4) ...
2026-10-08T12:48:53.4602143Z #9 15.09 Setting up x11-common (1:7.7+23) ...
2026-10-08T12:48:53.4602988Z #9 15.15 debconf: unable to initialize frontend: Dialog
2026-10-08T12:48:53.4603611Z #9 15.15 debconf: (TERM is not set, so the dialog frontend is not usable.)
2026-10-08T12:48:53.4604038Z #9 15.15 debconf: falling back to frontend: Readline
2026-10-08T12:48:53.4604577Z #9 15.15 debconf: unable to initialize frontend: Readline
2026-10-08T12:48:53.4606623Z #9 15.15 debconf: (Can't locate Term/ReadLine.pm in @INC (you may need to install the Term::ReadLine module) (@INC contains: /etc/perl /usr/local/lib/x86_64-linux-gnu/perl/5.36.0 /usr/local/share/perl/5.36.0 /usr/lib/x86_64-linux-gnu/perl5/5.36 /usr/share/perl5 /usr/lib/x86_64-linux-gnu/perl-base /usr/lib/x86_64-linux-gnu/perl/5.36 /usr/share/perl/5.36 /usr/local/lib/site_perl) at /usr/share/perl5/Debconf/FrontEnd/Readline.pm line 7.)
2026-10-08T12:48:53.4608548Z #9 15.15 debconf: falling back to frontend: Teletype
2026-10-08T12:48:53.4609072Z #9 15.17 invoke-rc.d: could not determine current runlevel
2026-10-08T12:48:53.4609834Z #9 15.17 invoke-rc.d: policy-rc.d denied execution of restart.
2026-10-08T12:48:53.4610244Z #9 15.17 Setting up libsensors-config (1:3.6.0-7.1) ...
2026-10-08T12:48:53.4610711Z #9 15.18 Setting up libdeflate0:amd64 (1.14-1) ...
2026-10-08T12:48:53.4611044Z #9 15.18 Setting up xkb-data (2.35.1-1) ...
2026-10-08T12:48:53.4611454Z #9 15.18 Setting up libjbig0:amd64 (2.1-6.1) ...
2026-10-08T12:48:53.4611889Z #9 15.18 Setting up libcolord2:amd64 (1.4.6-2.2) ...
2026-10-08T12:48:53.5926568Z #9 15.18 Setting up libkrb5support0:amd64 (1.20.1-2+deb12u5) ...
2026-10-08T12:48:53.5927068Z #9 15.19 Setting up libdconf1:amd64 (0.40.0-4) ...
2026-10-08T12:48:53.5927464Z #9 15.19 Setting up libasound2-data (1.2.8-1) ...
2026-10-08T12:48:53.5927903Z #9 15.19 Setting up libfontenc1:amd64 (1:1.1.4-1) ...
2026-10-08T12:48:53.5928454Z #9 15.19 Setting up libz3-4:amd64 (4.8.12-3.1) ...
2026-10-08T12:48:53.5928817Z #9 15.19 Setting up libflac12:amd64 (1.4.2+ds-2) ...
2026-10-08T12:48:53.5929242Z #9 15.19 Setting up libjpeg62-turbo:amd64 (1:2.1.5-2) ...
2026-10-08T12:48:53.5929798Z #9 15.20 Setting up libx11-data (2:1.8.4-2+deb12u2) ...
2026-10-08T12:48:53.5930161Z #9 15.20 Setting up libepoxy0:amd64 (1.5.10-1) ...
2026-10-08T12:48:53.5930524Z #9 15.20 Setting up libnspr4:amd64 (2:4.35-1) ...
2026-10-08T12:48:53.5931069Z #9 15.20 Setting up libavahi-common-data:amd64 (0.8-10+deb12u1) ...
2026-10-08T12:48:53.5931521Z #9 15.20 Setting up libdbus-1-3:amd64 (1.14.10-1~deb12u1) ...
2026-10-08T12:48:53.5931907Z #9 15.20 Setting up libfribidi0:amd64 (1.0.8-2.1) ...
2026-10-08T12:48:53.5932274Z #9 15.21 Setting up libopus0:amd64 (1.3.1-3) ...
2026-10-08T12:48:53.5932651Z #9 15.21 Setting up libproc2-0:amd64 (2:4.0.2-3) ...
2026-10-08T12:48:53.5933474Z #9 15.21 Setting up libpng16-16:amd64 (1.6.39-2+deb12u6) ...
2026-10-08T12:48:53.5933991Z #9 15.21 Setting up libvorbis0a:amd64 (1.3.7-1) ...
2026-10-08T12:48:53.5934480Z #9 15.21 Setting up tini (0.19.0-1+b3) ...
2026-10-08T12:48:53.5934815Z #9 15.21 Setting up fonts-dejavu-core (2.37-6) ...
2026-10-08T12:48:53.5935193Z #9 15.22 Setting up libsensors5:amd64 (1:3.6.0-7.1) ...
2026-10-08T12:48:53.5935641Z #9 15.22 Setting up libncursesw6:amd64 (6.4-4) ...
2026-10-08T12:48:53.5936100Z #9 15.22 Setting up libk5crypto3:amd64 (1.20.1-2+deb12u5) ...
2026-10-08T12:48:53.5936498Z #9 15.23 Setting up libdav1d6:amd64 (1.0.0-2+deb12u1) ...
2026-10-08T12:48:53.5937272Z #9 15.23 Setting up libglapi-mesa:amd64 (22.3.6-1+deb12u2) ...
2026-10-08T12:48:53.5938032Z #9 15.23 Setting up libopenh264-7:amd64 (2.3.1+dfsg-3+deb12u2) ...
2026-10-08T12:48:53.5942206Z #9 15.23 Setting up libwebp7:amd64 (1.2.4-0.2+deb12u1) ...
2026-10-08T12:48:53.5943665Z #9 15.23 Setting up libasyncns0:amd64 (0.8-6+b3) ...
2026-10-08T12:48:53.5944290Z #9 15.23 Setting up libxshmfence1:amd64 (1.3-1) ...
2026-10-08T12:48:53.5944685Z #9 15.24 Setting up at-spi2-common (2.46.0-5) ...
2026-10-08T12:48:53.5945152Z #9 15.24 Setting up libtiff6:amd64 (4.5.0-6+deb12u4) ...
2026-10-08T12:48:53.5945720Z #9 15.24 Setting up dbus-session-bus-common (1.14.10-1~deb12u1) ...
2026-10-08T12:48:53.5946139Z #9 15.24 Setting up procps (2:4.0.2-3) ...
2026-10-08T12:48:53.5946580Z #9 15.26 Setting up libasound2:amd64 (1.2.8-1+b1) ...
2026-10-08T12:48:53.5947244Z #9 15.26 Setting up libopenjp2-7:amd64 (2.5.0-2+deb12u3) ...
2026-10-08T12:48:53.5947742Z #9 15.26 Setting up libthai-data (0.1.29-1) ...
2026-10-08T12:48:53.5948179Z #9 15.26 Setting up libatk1.0-0:amd64 (2.46.0-5) ...
2026-10-08T12:48:53.5948816Z #9 15.27 Setting up libkrb5-3:amd64 (1.20.1-2+deb12u5) ...
2026-10-08T12:48:53.5949492Z #9 15.27 Setting up libwayland-egl1:amd64 (1.21.0-1) ...
2026-10-08T12:48:53.5950110Z #9 15.27 Setting up dbus-system-bus-common (1.14.10-1~deb12u1) ...
2026-10-08T12:48:53.5950494Z #9 15.31 Setting up libbsd0:amd64 (0.11.7-2) ...
2026-10-08T12:48:53.6930434Z #9 15.32 Setting up libdrm-common (2.4.114-1) ...
2026-10-08T12:48:53.6930885Z #9 15.32 Setting up libelf1:amd64 (0.188-2.1) ...
2026-10-08T12:48:53.6931312Z #9 15.32 Setting up libxml2:amd64 (2.9.14+dfsg-1.3~deb12u6) ...
2026-10-08T12:48:53.6932022Z #9 15.32 Setting up xdg-utils (1.1.3-4.1) ...
2026-10-08T12:48:53.6932573Z #9 15.32 update-alternatives: using /usr/bin/xdg-open to provide /usr/bin/open (open) in auto mode
2026-10-08T12:48:53.6933758Z #9 15.32 update-alternatives: warning: skip creation of /usr/share/man/man1/open.1.gz because associated file /usr/share/man/man1/xdg-open.1.gz (of link group open) doesn't exist
2026-10-08T12:48:53.6934529Z #9 15.33 Setting up dbus-bin (1.14.10-1~deb12u1) ...
2026-10-08T12:48:53.6934924Z #9 15.34 Setting up libmp3lame0:amd64 (3.100-6) ...
2026-10-08T12:48:53.6935303Z #9 15.35 Setting up libvorbisenc2:amd64 (1.3.7-1) ...
2026-10-08T12:48:53.6935682Z #9 15.35 Setting up libxkbcommon0:amd64 (1.5.0-1) ...
2026-10-08T12:48:53.6936073Z #9 15.35 Setting up libwayland-client0:amd64 (1.21.0-1) ...
2026-10-08T12:48:53.6936466Z #9 15.35 Setting up libice6:amd64 (2:1.0.10-1) ...
2026-10-08T12:48:53.6936818Z #9 15.35 Setting up libxdmcp6:amd64 (1:1.1.2-3) ...
2026-10-08T12:48:53.6937166Z #9 15.35 Setting up libxcb1:amd64 (1.15-1) ...
2026-10-08T12:48:53.6937522Z #9 15.36 Setting up libxcb-xfixes0:amd64 (1.15-1) ...
2026-10-08T12:48:53.6937886Z #9 15.36 Setting up libxcb-render0:amd64 (1.15-1) ...
2026-10-08T12:48:53.6938262Z #9 15.36 Setting up fontconfig-config (2.14.1-4) ...
2026-10-08T12:48:53.6938647Z #9 15.41 debconf: unable to initialize frontend: Dialog
2026-10-08T12:48:53.6939091Z #9 15.41 debconf: (TERM is not set, so the dialog frontend is not usable.)
2026-10-08T12:48:53.6939524Z #9 15.41 debconf: falling back to frontend: Readline
2026-10-08T12:48:53.7946618Z #9 15.42 debconf: unable to initialize frontend: Readline
2026-10-08T12:48:53.7949546Z #9 15.42 debconf: (Can't locate Term/ReadLine.pm in @INC (you may need to install the Term::ReadLine module) (@INC contains: /etc/perl /usr/local/lib/x86_64-linux-gnu/perl/5.36.0 /usr/local/share/perl/5.36.0 /usr/lib/x86_64-linux-gnu/perl5/5.36 /usr/share/perl5 /usr/lib/x86_64-linux-gnu/perl-base /usr/lib/x86_64-linux-gnu/perl/5.36 /usr/share/perl/5.36 /usr/local/lib/site_perl) at /usr/share/perl5/Debconf/FrontEnd/Readline.pm line 7.)
2026-10-08T12:48:53.7952398Z #9 15.42 debconf: falling back to frontend: Teletype
2026-10-08T12:48:53.7953350Z #9 15.52 Setting up libxcb-glx0:amd64 (1.15-1) ...
2026-10-08T12:48:53.9935925Z #9 15.52 Setting up libedit2:amd64 (3.1-20221030-2) ...
2026-10-08T12:48:53.9936377Z #9 15.52 Setting up libxcb-shape0:amd64 (1.15-1) ...
2026-10-08T12:48:53.9936825Z #9 15.52 Setting up libavahi-common3:amd64 (0.8-10+deb12u1) ...
2026-10-08T12:48:53.9937492Z #9 15.53 Setting up libnss3:amd64 (2:3.87.1-1+deb12u4) ...
2026-10-08T12:48:53.9937875Z #9 15.53 Setting up libxcb-shm0:amd64 (1.15-1) ...
2026-10-08T12:48:53.9938255Z #9 15.53 Setting up dbus-daemon (1.14.10-1~deb12u1) ...
2026-10-08T12:48:53.9938640Z #9 15.54 Setting up libxcb-present0:amd64 (1.15-1) ...
2026-10-08T12:48:53.9939010Z #9 15.54 Setting up libthai0:amd64 (0.1.29-1) ...
2026-10-08T12:48:53.9939418Z #9 15.54 Setting up libfreetype6:amd64 (2.12.1+dfsg-5+deb12u4) ...
2026-10-08T12:48:53.9939832Z #9 15.54 Setting up libxcb-sync1:amd64 (1.15-1) ...
2026-10-08T12:48:53.9940182Z #9 15.54 Setting up dbus (1.14.10-1~deb12u1) ...
2026-10-08T12:48:53.9940562Z #9 15.56 invoke-rc.d: could not determine current runlevel
2026-10-08T12:48:53.9940971Z #9 15.56 invoke-rc.d: policy-rc.d denied execution of start.
2026-10-08T12:48:53.9941349Z #9 15.57 Setting up shared-mime-info (2.2-1) ...
2026-10-08T12:48:54.3423580Z #9 16.06 Setting up libgssapi-krb5-2:amd64 (1.20.1-2+deb12u5) ...
2026-10-08T12:48:54.4539183Z #9 16.07 Setting up libxcb-dri2-0:amd64 (1.15-1) ...
2026-10-08T12:48:54.4539958Z #9 16.07 Setting up libdrm2:amd64 (2.4.114-1+b1) ...
2026-10-08T12:48:54.4540695Z #9 16.07 Setting up libwayland-cursor0:amd64 (1.21.0-1) ...
2026-10-08T12:48:54.4541327Z #9 16.07 Setting up libxcb-randr0:amd64 (1.15-1) ...
2026-10-08T12:48:54.4541714Z #9 16.07 Setting up libllvm15:amd64 (1:15.0.6-4+b1) ...
2026-10-08T12:48:54.4542124Z #9 16.08 Setting up libpam-systemd:amd64 (252.39-1~deb12u2) ...
2026-10-08T12:48:54.4542951Z #9 16.13 debconf: unable to initialize frontend: Dialog
2026-10-08T12:48:54.4543412Z #9 16.13 debconf: (TERM is not set, so the dialog frontend is not usable.)
2026-10-08T12:48:54.4543859Z #9 16.13 debconf: falling back to frontend: Readline
2026-10-08T12:48:54.4544247Z #9 16.13 debconf: unable to initialize frontend: Readline
2026-10-08T12:48:54.4546134Z #9 16.13 debconf: (Can't locate Term/ReadLine.pm in @INC (you may need to install the Term::ReadLine module) (@INC contains: /etc/perl /usr/local/lib/x86_64-linux-gnu/perl/5.36.0 /usr/local/share/perl/5.36.0 /usr/lib/x86_64-linux-gnu/perl5/5.36 /usr/share/perl5 /usr/lib/x86_64-linux-gnu/perl-base /usr/lib/x86_64-linux-gnu/perl/5.36 /usr/share/perl/5.36 /usr/local/lib/site_perl) at /usr/share/perl5/Debconf/FrontEnd/Readline.pm line 7.)
2026-10-08T12:48:54.4547744Z #9 16.13 debconf: falling back to frontend: Teletype
2026-10-08T12:48:54.4548149Z #9 16.18 Setting up libx11-6:amd64 (2:1.8.4-2+deb12u2) ...
2026-10-08T12:48:54.6406107Z #9 16.18 Setting up libharfbuzz0b:amd64 (6.0.0+dfsg-3) ...
2026-10-08T12:48:54.6406716Z #9 16.18 Setting up libgdk-pixbuf-2.0-0:amd64 (2.42.10+dfsg-1+deb12u4) ...
2026-10-08T12:48:54.6407231Z #9 16.19 Setting up libfontconfig1:amd64 (2.14.1-4) ...
2026-10-08T12:48:54.6407657Z #9 16.19 Setting up libsndfile1:amd64 (1.2.0-1+deb12u1) ...
2026-10-08T12:48:54.6408058Z #9 16.19 Setting up libxkbfile1:amd64 (1:1.1.0-1) ...
2026-10-08T12:48:54.6408475Z #9 16.20 Setting up libxcomposite1:amd64 (1:0.4.5-1) ...
2026-10-08T12:48:54.6408946Z #9 16.20 Setting up libsm6:amd64 (2:1.2.3-1) ...
2026-10-08T12:48:54.6409347Z #9 16.20 Setting up libavahi-client3:amd64 (0.8-10+deb12u1) ...
2026-10-08T12:48:54.6409740Z #9 16.20 Setting up libxmuu1:amd64 (2:1.1.3-3) ...
2026-10-08T12:48:54.6410124Z #9 16.20 Setting up libdrm-amdgpu1:amd64 (2.4.114-1+b1) ...
2026-10-08T12:48:54.6410504Z #9 16.20 Setting up libxcb-dri3-0:amd64 (1.15-1) ...
2026-10-08T12:48:54.6410911Z #9 16.21 Setting up gtk-update-icon-cache (3.24.38-2~deb12u3) ...
2026-10-08T12:48:54.6411373Z #9 16.21 Setting up libx11-xcb1:amd64 (2:1.8.4-2+deb12u2) ...
2026-10-08T12:48:54.6411738Z #9 16.21 Setting up fontconfig (2.14.1-4) ...
2026-10-08T12:48:56.5001762Z #9 16.21 Regenerating fonts cache... done.
2026-10-08T12:48:56.6011714Z #9 18.22 Setting up libdrm-nouveau2:amd64 (2.4.114-1+b1) ...
2026-10-08T12:48:56.6012226Z #9 18.23 Setting up libxdamage1:amd64 (1:1.1.6-1) ...
2026-10-08T12:48:56.6013307Z #9 18.23 Setting up libxpm4:amd64 (1:3.5.12-1.1+deb12u1) ...
2026-10-08T12:48:56.6014171Z #9 18.23 Setting up libxrender1:amd64 (1:0.9.10-1.1) ...
2026-10-08T12:48:56.6014944Z #9 18.23 Setting up libgbm1:amd64 (22.3.6-1+deb12u2) ...
2026-10-08T12:48:56.6015583Z #9 18.23 Setting up libpulse0:amd64 (16.1+dfsg1-2+b1) ...
2026-10-08T12:48:56.6016204Z #9 18.24 Setting up libdrm-radeon1:amd64 (2.4.114-1+b1) ...
2026-10-08T12:48:56.6016876Z #9 18.24 Setting up libpango-1.0-0:amd64 (1.50.12+ds-1) ...
2026-10-08T12:48:56.6017492Z #9 18.24 Setting up libdrm-intel1:amd64 (2.4.114-1+b1) ...
2026-10-08T12:48:56.6018160Z #9 18.24 Setting up libgl1-mesa-dri:amd64 (22.3.6-1+deb12u2) ...
2026-10-08T12:48:56.6018998Z #9 18.25 Setting up libxext6:amd64 (2:1.3.4-1+b1) ...
2026-10-08T12:48:56.6019771Z #9 18.25 Setting up libcairo2:amd64 (1.16.0-7) ...
2026-10-08T12:48:56.6020387Z #9 18.25 Setting up libxxf86vm1:amd64 (1:1.1.4-1+b2) ...
2026-10-08T12:48:56.6021261Z #9 18.26 Setting up libxnvctrl0:amd64 (525.85.05-3~deb12u1) ...
2026-10-08T12:48:56.6022169Z #9 18.26 Setting up dbus-user-session (1.14.10-1~deb12u1) ...
2026-10-08T12:48:56.6022915Z #9 18.26 Setting up adwaita-icon-theme (43-1) ...
2026-10-08T12:48:56.6024278Z #9 18.30 update-alternatives: using /usr/share/icons/Adwaita/cursor.theme to provide /usr/share/icons/default/index.theme (x-cursor-theme) in auto mode
2026-10-08T12:48:56.6025231Z #9 18.30 Setting up libxfixes3:amd64 (1:6.0.0-2) ...
2026-10-08T12:48:56.6026221Z #9 18.31 Setting up libxinerama1:amd64 (2:1.1.4-3) ...
2026-10-08T12:48:56.6026717Z #9 18.31 Setting up libxv1:amd64 (2:1.0.11-1.1) ...
2026-10-08T12:48:56.6027537Z #9 18.31 Setting up libxrandr2:amd64 (2:1.5.2-2+b1) ...
2026-10-08T12:48:56.6027926Z #9 18.31 Setting up libxt6:amd64 (1:1.2.1-1.1) ...
2026-10-08T12:48:56.6028591Z #9 18.31 Setting up libcups2:amd64 (2.4.2-3+deb12u9) ...
2026-10-08T12:48:56.6029269Z #9 18.32 Setting up libharfbuzz-subset0:amd64 (6.0.0+dfsg-3) ...
2026-10-08T12:48:56.6029950Z #9 18.32 Setting up libcairo-gobject2:amd64 (1.16.0-7) ...
2026-10-08T12:48:56.6030671Z #9 18.32 Setting up libpangoft2-1.0-0:amd64 (1.50.12+ds-1) ...
2026-10-08T12:48:56.6031532Z #9 18.32 Setting up libpangocairo-1.0-0:amd64 (1.50.12+ds-1) ...
2026-10-08T12:48:56.6032080Z #9 18.32 Setting up libxft2:amd64 (2.3.6-1) ...
2026-10-08T12:48:56.8328787Z #9 18.33 Setting up libxmu6:amd64 (2:1.1.3-3) ...
2026-10-08T12:48:56.8329737Z #9 18.33 Setting up libglx-mesa0:amd64 (22.3.6-1+deb12u2) ...
2026-10-08T12:48:56.8330409Z #9 18.33 Setting up libxi6:amd64 (2:1.8-1+b1) ...
2026-10-08T12:48:56.8331001Z #9 18.33 Setting up libglx0:amd64 (1.6.0-1) ...
2026-10-08T12:48:56.8331413Z #9 18.33 Setting up libxtst6:amd64 (2:1.2.3-1.1) ...
2026-10-08T12:48:56.8331793Z #9 18.33 Setting up libxcursor1:amd64 (1:1.2.1-1) ...
2026-10-08T12:48:56.8332169Z #9 18.34 Setting up libxxf86dga1:amd64 (2:1.1.5-1) ...
2026-10-08T12:48:56.8332531Z #9 18.34 Setting up dconf-service (0.40.0-4) ...
2026-10-08T12:48:56.8333968Z #9 18.34 Setting up libxaw7:amd64 (2:1.0.14-1) ...
2026-10-08T12:48:56.8334605Z #9 18.36 Setting up libatspi2.0-0:amd64 (2.46.0-5) ...
2026-10-08T12:48:56.8335302Z #9 18.36 Setting up libatk-bridge2.0-0:amd64 (2.46.0-5) ...
2026-10-08T12:48:56.8335923Z #9 18.36 Setting up libgl1:amd64 (1.6.0-1) ...
2026-10-08T12:48:56.8336267Z #9 18.37 Setting up x11-utils (7.7+5) ...
2026-10-08T12:48:56.8336654Z #9 18.37 Setting up chromium-common (154.0.8037.92-1~deb12u1) ...
2026-10-08T12:48:56.8337110Z #9 18.37 Setting up dconf-gsettings-backend:amd64 (0.40.0-4) ...
2026-10-08T12:48:56.8337536Z #9 18.38 Setting up libgtk-3-common (3.24.38-2~deb12u3) ...
2026-10-08T12:48:56.8337951Z #9 18.38 Setting up libgtk-3-0:amd64 (3.24.38-2~deb12u3) ...
2026-10-08T12:48:56.8338352Z #9 18.39 Setting up chromium (154.0.8037.92-1~deb12u1) ...
2026-10-08T12:48:56.8339516Z #9 18.40 update-alternatives: using /usr/bin/chromium to provide /usr/bin/x-www-browser (x-www-browser) in auto mode
2026-10-08T12:48:56.8340959Z #9 18.40 update-alternatives: using /usr/bin/chromium to provide /usr/bin/gnome-www-browser (gnome-www-browser) in auto mode
2026-10-08T12:48:56.8341936Z #9 18.40 Processing triggers for libc-bin (2.36-9+deb12u14) ...
2026-10-08T12:48:58.1899118Z #9 DONE 19.9s
2026-10-08T12:48:58.3547115Z 
2026-10-08T12:48:58.3548005Z #10 [ 5/11] COPY package.json pnpm-lock.yaml pnpm-workspace.yaml ./
2026-10-08T12:48:58.3548422Z #10 DONE 0.0s
2026-10-08T12:48:58.3548546Z 
2026-10-08T12:48:58.3548729Z #11 [ 6/11] RUN pnpm install --frozen-lockfile
2026-10-08T12:48:58.3667326Z #11 0.162 ! Corepack is about to download https://registry.npmjs.org/pnpm/-/pnpm-10.18.3.tgz
2026-10-08T12:48:59.5764796Z #11 1.371 Lockfile is up to date, resolution step is skipped
2026-10-08T12:48:59.6814557Z #11 1.419 Progress: resolved 1, reused 0, downloaded 0, added 0
2026-10-08T12:48:59.6824084Z #11 1.473 Packages: +408
2026-10-08T12:48:59.6844602Z #11 1.473 ++++++++++++++++++++++++++++++++++++++++++++++++++++++++++++++++++++++++++++++++
2026-10-08T12:49:00.0440090Z #11 1.840 
2026-10-08T12:49:00.0463449Z #11 1.840    ╭───────────────────────────────────────────────╮
2026-10-08T12:49:00.0464677Z #11 1.840    │                                               │
2026-10-08T12:49:00.0465694Z #11 1.840    │     Update available! 10.18.3 → 12.10.1.      │
2026-10-08T12:49:00.0466724Z #11 1.840    │     Changelog: https://pnpm.io/v/12.10.1      │
2026-10-08T12:49:00.0467737Z #11 1.840    │   To update, run: corepack use pnpm@12.10.1   │
2026-10-08T12:49:00.0468615Z #11 1.840    │                                               │
2026-10-08T12:49:00.0469511Z #11 1.840    ╰───────────────────────────────────────────────╯
2026-10-08T12:49:00.0470506Z #11 1.840 
2026-10-08T12:49:00.6243391Z #11 2.419 Progress: resolved 408, reused 0, downloaded 117, added 73
2026-10-08T12:49:01.6270688Z #11 3.423 Progress: resolved 408, reused 0, downloaded 253, added 211
2026-10-08T12:49:02.6294496Z #11 4.424 Progress: resolved 408, reused 0, downloaded 314, added 239
2026-10-08T12:49:03.6304903Z #11 5.426 Progress: resolved 408, reused 0, downloaded 368, added 262
2026-10-08T12:49:04.6342616Z #11 6.429 Progress: resolved 408, reused 0, downloaded 408, added 408, done
2026-10-08T12:49:04.7813035Z #11 6.577 .../node_modules/@prisma/engines postinstall$ node scripts/postinstall.js
2026-10-08T12:49:04.9075303Z #11 6.599 .../node_modules/workerd postinstall$ node install.js
2026-10-08T12:49:04.9076412Z #11 6.600 .../esbuild@0.25.12/node_modules/esbuild postinstall$ node install.js
2026-10-08T12:49:04.9094464Z #11 6.601 .../esbuild@0.28.2/node_modules/esbuild postinstall$ node install.js
2026-10-08T12:49:04.9095537Z #11 6.645 .../esbuild@0.28.1/node_modules/esbuild postinstall$ node install.js
2026-10-08T12:49:04.9096523Z #11 6.701 .../esbuild@0.25.12/node_modules/esbuild postinstall: Done
2026-10-08T12:49:05.0128421Z #11 6.739 .../esbuild@0.28.2/node_modules/esbuild postinstall: Done
2026-10-08T12:49:05.0129247Z #11 6.745 .../node_modules/workerd postinstall: Done
2026-10-08T12:49:05.0129984Z #11 6.808 .../esbuild@0.28.1/node_modules/esbuild postinstall: Done
2026-10-08T12:49:05.4310700Z #11 7.227 .../node_modules/@prisma/engines postinstall: Done
2026-10-08T12:49:05.7549604Z #11 7.551 .../node_modules/prisma preinstall$ node scripts/preinstall-entry.js
2026-10-08T12:49:05.9600337Z #11 7.605 .../node_modules/prisma preinstall: Done
2026-10-08T12:49:06.1717166Z #11 7.967 
2026-10-08T12:49:06.1717632Z #11 7.967 dependencies:
2026-10-08T12:49:06.1718148Z #11 7.967 + @cloudflare/containers 0.3.7
2026-10-08T12:49:06.1718667Z #11 7.967 + @supabase/server 1.8.0
2026-10-08T12:49:06.1719132Z #11 7.967 + @supabase/supabase-js 2.117.0
2026-10-08T12:49:06.1719746Z #11 7.967 + @tiptap/extension-collaboration 3.31.3
2026-10-08T12:49:06.1720356Z #11 7.967 + @tiptap/extension-collaboration-caret 3.31.3
2026-10-08T12:49:06.1720859Z #11 7.967 + @tiptap/react 3.31.3
2026-10-08T12:49:06.1721330Z #11 7.967 + @tiptap/starter-kit 3.31.3
2026-10-08T12:49:06.1721849Z #11 7.967 + @vitejs/plugin-react 5.2.0
2026-10-08T12:49:06.1722308Z #11 7.967 + cross-env 10.1.0
2026-10-08T12:49:06.1722887Z #11 7.967 + dotenv 17.4.2
2026-10-08T12:49:06.1723291Z #11 7.967 + esbuild 0.25.12
2026-10-08T12:49:06.1724151Z #11 7.967 + esbuild-wasm 0.25.12
2026-10-08T12:49:06.1724594Z #11 7.967 + express 5.2.1
2026-10-08T12:49:06.1724861Z #11 7.967 + lucide-react 0.468.0
2026-10-08T12:49:06.1725107Z #11 7.967 + react 19.2.8
2026-10-08T12:49:06.1725349Z #11 7.967 + react-dom 19.2.8
2026-10-08T12:49:06.1725586Z #11 7.967 + vite 7.3.6
2026-10-08T12:49:06.1725806Z #11 7.967 + ws 8.21.3
2026-10-08T12:49:06.1726049Z #11 7.967 + y-protocols 1.0.7
2026-10-08T12:49:06.1726292Z #11 7.967 + yjs 13.6.32
2026-10-08T12:49:06.1726515Z #11 7.967 
2026-10-08T12:49:06.1726724Z #11 7.967 devDependencies:
2026-10-08T12:49:06.1727021Z #11 7.967 + @prisma/adapter-pg 7.10.0
2026-10-08T12:49:06.1727320Z #11 7.967 + @prisma/client 7.10.0
2026-10-08T12:49:06.1727598Z #11 7.967 + @types/express 5.0.6
2026-10-08T12:49:06.1727868Z #11 7.967 + @types/node 22.20.1
2026-10-08T12:49:06.1728123Z #11 7.967 + @types/pg 8.23.1
2026-10-08T12:49:06.1728385Z #11 7.967 + @types/react 19.2.18
2026-10-08T12:49:06.1728669Z #11 7.967 + @types/react-dom 19.2.7
2026-10-08T12:49:06.1728944Z #11 7.967 + @types/ws 8.18.1
2026-10-08T12:49:06.1729186Z #11 7.967 + pg 8.23.0
2026-10-08T12:49:06.1729414Z #11 7.967 + prisma 7.10.0
2026-10-08T12:49:06.1729649Z #11 7.967 + tsx 4.23.13
2026-10-08T12:49:06.1729889Z #11 7.967 + typescript 5.9.3
2026-10-08T12:49:06.1730148Z #11 7.967 + wrangler 4.131.1
2026-10-08T12:49:06.1730371Z #11 7.967 
2026-10-08T12:49:06.2987765Z #11 8.094 Done in 7.1s using pnpm v10.18.3
2026-10-08T12:49:07.3996233Z #11 DONE 9.2s
2026-10-08T12:49:07.6349782Z 
2026-10-08T12:49:07.6350308Z #12 [ 7/11] COPY . .
2026-10-08T12:49:07.6350751Z #12 DONE 0.1s
2026-10-08T12:49:07.6350952Z 
2026-10-08T12:49:07.6352643Z #13 [ 8/11] RUN apt-get update && apt-get install -y --no-install-recommends gcc libc6-dev && gcc -O2 -Wall -Wextra -Werror server/isolation/linux-job-launcher.c -o /usr/local/bin/cocreate-job-launcher && apt-get purge -y gcc libc6-dev && apt-get autoremove -y && rm -rf /var/lib/apt/lists/*
2026-10-08T12:49:07.6354194Z #13 0.148 Get:1 http://deb.debian.org/debian bookworm InRelease [151 kB]
2026-10-08T12:49:07.7854709Z #13 0.174 Get:2 http://deb.debian.org/debian bookworm-updates InRelease [55.4 kB]
2026-10-08T12:49:07.7862614Z #13 0.184 Get:3 http://deb.debian.org/debian-security bookworm-security InRelease [34.8 kB]
2026-10-08T12:49:07.7864123Z #13 0.229 Get:4 http://deb.debian.org/debian bookworm/main amd64 Packages [8790 kB]
2026-10-08T12:49:07.7865033Z #13 0.298 Get:5 http://deb.debian.org/debian bookworm-updates/main amd64 Packages [6924 B]
2026-10-08T12:49:07.9588664Z #13 0.321 Get:6 http://deb.debian.org/debian-security bookworm-security/main amd64 Packages [349 kB]
2026-10-08T12:49:08.5889713Z #13 1.102 Fetched 9388 kB in 1s (9626 kB/s)
2026-10-08T12:49:09.0489112Z #13 1.102 Reading package lists...
2026-10-08T12:49:09.5220358Z #13 1.579 Reading package lists...
2026-10-08T12:49:09.6635247Z #13 2.048 Building dependency tree...
2026-10-08T12:49:09.7879144Z #13 2.176 Reading state information...
2026-10-08T12:49:09.7880567Z #13 2.301 The following additional packages will be installed:
2026-10-08T12:49:09.9017580Z #13 2.301   binutils binutils-common binutils-x86-64-linux-gnu cpp cpp-12 gcc-12
2026-10-08T12:49:09.9019078Z #13 2.302   libasan8 libatomic1 libbinutils libc-dev-bin libcc1-0 libcrypt-dev
2026-10-08T12:49:09.9020079Z #13 2.302   libctf-nobfd0 libctf0 libgcc-12-dev libgomp1 libgprofng0 libisl23 libitm1
2026-10-08T12:49:09.9021001Z #13 2.302   libjansson4 liblsan0 libmpc3 libmpfr6 libnsl-dev libnsl2 libquadmath0
2026-10-08T12:49:09.9022283Z #13 2.302   libtirpc-common libtirpc-dev libtirpc3 libtsan2 libubsan1 linux-libc-dev
2026-10-08T12:49:09.9023061Z #13 2.302   rpcsvc-proto
2026-10-08T12:49:09.9023409Z #13 2.303 Suggested packages:
2026-10-08T12:49:09.9024000Z #13 2.303   binutils-doc cpp-doc gcc-12-locales cpp-12-doc gcc-multilib make
2026-10-08T12:49:09.9024756Z #13 2.303   manpages-dev autoconf automake libtool flex bison gdb gcc-doc
2026-10-08T12:49:09.9025366Z #13 2.303   gcc-12-multilib gcc-12-doc glibc-doc
2026-10-08T12:49:09.9026330Z #13 2.303 Recommended packages:
2026-10-08T12:49:09.9026844Z #13 2.303   manpages manpages-dev libc-devtools
2026-10-08T12:49:09.9027445Z #13 2.414 The following NEW packages will be installed:
2026-10-08T12:49:10.0040635Z #13 2.415   binutils binutils-common binutils-x86-64-linux-gnu cpp cpp-12 gcc gcc-12
2026-10-08T12:49:10.0042362Z #13 2.415   libasan8 libatomic1 libbinutils libc-dev-bin libc6-dev libcc1-0 libcrypt-dev
2026-10-08T12:49:10.0043654Z #13 2.415   libctf-nobfd0 libctf0 libgcc-12-dev libgomp1 libgprofng0 libisl23 libitm1
2026-10-08T12:49:10.0047040Z #13 2.415   libjansson4 liblsan0 libmpc3 libmpfr6 libnsl-dev libnsl2 libquadmath0
2026-10-08T12:49:10.0047825Z #13 2.416   libtirpc-common libtirpc-dev libtirpc3 libtsan2 libubsan1 linux-libc-dev
2026-10-08T12:49:10.0048465Z #13 2.416   rpcsvc-proto
2026-10-08T12:49:10.0049702Z #13 2.448 0 upgraded, 35 newly installed, 0 to remove and 1 not upgraded.
2026-10-08T12:49:10.0051353Z #13 2.448 Need to get 50.9 MB of archives.
2026-10-08T12:49:10.0052537Z #13 2.448 After this operation, 202 MB of additional disk space will be used.
2026-10-08T12:49:10.0054011Z #13 2.448 Get:1 http://deb.debian.org/debian bookworm/main amd64 binutils-common amd64 2.40-2 [2487 kB]
2026-10-08T12:49:10.0056283Z #13 2.502 Get:2 http://deb.debian.org/debian bookworm/main amd64 libbinutils amd64 2.40-2 [572 kB]
2026-10-08T12:49:10.0057654Z #13 2.505 Get:3 http://deb.debian.org/debian bookworm/main amd64 libctf-nobfd0 amd64 2.40-2 [153 kB]
2026-10-08T12:49:10.0059400Z #13 2.505 Get:4 http://deb.debian.org/debian bookworm/main amd64 libctf0 amd64 2.40-2 [89.8 kB]
2026-10-08T12:49:10.0060669Z #13 2.506 Get:5 http://deb.debian.org/debian bookworm/main amd64 libgprofng0 amd64 2.40-2 [812 kB]
2026-10-08T12:49:10.0062111Z #13 2.509 Get:6 http://deb.debian.org/debian bookworm/main amd64 libjansson4 amd64 2.14-2 [40.8 kB]
2026-10-08T12:49:10.0063702Z #13 2.511 Get:7 http://deb.debian.org/debian bookworm/main amd64 binutils-x86-64-linux-gnu amd64 2.40-2 [2246 kB]
2026-10-08T12:49:10.0065202Z #13 2.517 Get:8 http://deb.debian.org/debian bookworm/main amd64 binutils amd64 2.40-2 [65.0 kB]
2026-10-08T12:49:10.1360074Z #13 2.517 Get:9 http://deb.debian.org/debian bookworm/main amd64 libisl23 amd64 0.25-1.1 [683 kB]
2026-10-08T12:49:10.1361053Z #13 2.521 Get:10 http://deb.debian.org/debian bookworm/main amd64 libmpfr6 amd64 4.2.0-1 [701 kB]
2026-10-08T12:49:10.1361714Z #13 2.523 Get:11 http://deb.debian.org/debian bookworm/main amd64 libmpc3 amd64 1.3.1-1 [51.5 kB]
2026-10-08T12:49:10.1362438Z #13 2.524 Get:12 http://deb.debian.org/debian bookworm/main amd64 cpp-12 amd64 12.2.0-14+deb12u1 [9768 kB]
2026-10-08T12:49:10.1363640Z #13 2.555 Get:13 http://deb.debian.org/debian bookworm/main amd64 cpp amd64 4:12.2.0-3 [6836 B]
2026-10-08T12:49:10.1365181Z #13 2.555 Get:14 http://deb.debian.org/debian bookworm/main amd64 libcc1-0 amd64 12.2.0-14+deb12u1 [41.7 kB]
2026-10-08T12:49:10.1366700Z #13 2.555 Get:15 http://deb.debian.org/debian bookworm/main amd64 libgomp1 amd64 12.2.0-14+deb12u1 [116 kB]
2026-10-08T12:49:10.1368065Z #13 2.556 Get:16 http://deb.debian.org/debian bookworm/main amd64 libitm1 amd64 12.2.0-14+deb12u1 [26.1 kB]
2026-10-08T12:49:10.1368938Z #13 2.556 Get:17 http://deb.debian.org/debian bookworm/main amd64 libatomic1 amd64 12.2.0-14+deb12u1 [9376 B]
2026-10-08T12:49:10.1369741Z #13 2.556 Get:18 http://deb.debian.org/debian bookworm/main amd64 libasan8 amd64 12.2.0-14+deb12u1 [2193 kB]
2026-10-08T12:49:10.1370543Z #13 2.564 Get:19 http://deb.debian.org/debian bookworm/main amd64 liblsan0 amd64 12.2.0-14+deb12u1 [969 kB]
2026-10-08T12:49:10.1371330Z #13 2.568 Get:20 http://deb.debian.org/debian bookworm/main amd64 libtsan2 amd64 12.2.0-14+deb12u1 [2197 kB]
2026-10-08T12:49:10.1372113Z #13 2.575 Get:21 http://deb.debian.org/debian bookworm/main amd64 libubsan1 amd64 12.2.0-14+deb12u1 [883 kB]
2026-10-08T12:49:10.1373181Z #13 2.578 Get:22 http://deb.debian.org/debian bookworm/main amd64 libquadmath0 amd64 12.2.0-14+deb12u1 [145 kB]
2026-10-08T12:49:10.1374305Z #13 2.579 Get:23 http://deb.debian.org/debian bookworm/main amd64 libgcc-12-dev amd64 12.2.0-14+deb12u1 [2437 kB]
2026-10-08T12:49:10.1375393Z #13 2.588 Get:24 http://deb.debian.org/debian bookworm/main amd64 gcc-12 amd64 12.2.0-14+deb12u1 [19.3 MB]
2026-10-08T12:49:10.1376058Z #13 2.649 Get:25 http://deb.debian.org/debian bookworm/main amd64 gcc amd64 4:12.2.0-3 [5216 B]
2026-10-08T12:49:10.2527272Z #13 2.649 Get:26 http://deb.debian.org/debian bookworm/main amd64 libc-dev-bin amd64 2.36-9+deb12u14 [48.1 kB]
2026-10-08T12:49:10.2529103Z #13 2.650 Get:27 http://deb.debian.org/debian-security bookworm-security/main amd64 linux-libc-dev amd64 6.1.187-1 [2357 kB]
2026-10-08T12:49:10.2530788Z #13 2.654 Get:28 http://deb.debian.org/debian bookworm/main amd64 libcrypt-dev amd64 1:4.4.33-2 [118 kB]
2026-10-08T12:49:10.2532160Z #13 2.655 Get:29 http://deb.debian.org/debian bookworm/main amd64 libtirpc-common all 1.3.3+ds-1 [14.0 kB]
2026-10-08T12:49:10.2533593Z #13 2.656 Get:30 http://deb.debian.org/debian bookworm/main amd64 libtirpc3 amd64 1.3.3+ds-1 [85.2 kB]
2026-10-08T12:49:10.2534955Z #13 2.656 Get:31 http://deb.debian.org/debian bookworm/main amd64 libnsl2 amd64 1.3.0-2 [39.5 kB]
2026-10-08T12:49:10.2536181Z #13 2.656 Get:32 http://deb.debian.org/debian bookworm/main amd64 libtirpc-dev amd64 1.3.3+ds-1 [191 kB]
2026-10-08T12:49:10.2537678Z #13 2.656 Get:33 http://deb.debian.org/debian bookworm/main amd64 libnsl-dev amd64 1.3.0-2 [66.4 kB]
2026-10-08T12:49:10.2539205Z #13 2.658 Get:34 http://deb.debian.org/debian bookworm/main amd64 rpcsvc-proto amd64 1.4.3-1 [63.3 kB]
2026-10-08T12:49:10.2540669Z #13 2.659 Get:35 http://deb.debian.org/debian bookworm/main amd64 libc6-dev amd64 2.36-9+deb12u14 [1904 kB]
2026-10-08T12:49:10.2541450Z #13 2.765 debconf: delaying package configuration, since apt-utils is not installed
2026-10-08T12:49:10.4476189Z #13 2.788 Fetched 50.9 MB in 0s (209 MB/s)
2026-10-08T12:49:10.4477214Z #13 2.799 Selecting previously unselected package binutils-common:amd64.
2026-10-08T12:49:10.4478032Z #13 2.799 (Reading database ... 
2026-10-08T12:49:10.4478598Z (Reading database ... 5%
2026-10-08T12:49:10.4479101Z (Reading database ... 10%
2026-10-08T12:49:10.4479604Z (Reading database ... 15%
2026-10-08T12:49:10.4480086Z (Reading database ... 20%
2026-10-08T12:49:10.4480563Z (Reading database ... 25%
2026-10-08T12:49:10.4481037Z (Reading database ... 30%
2026-10-08T12:49:10.4481510Z (Reading database ... 35%
2026-10-08T12:49:10.4481978Z (Reading database ... 40%
2026-10-08T12:49:10.4482444Z (Reading database ... 45%
2026-10-08T12:49:10.4483128Z (Reading database ... 50%
2026-10-08T12:49:10.4483607Z (Reading database ... 55%
2026-10-08T12:49:10.4484081Z (Reading database ... 60%
2026-10-08T12:49:10.4484552Z (Reading database ... 65%
2026-10-08T12:49:10.4485029Z (Reading database ... 70%
2026-10-08T12:49:10.4485505Z (Reading database ... 75%
2026-10-08T12:49:10.4485964Z (Reading database ... 80%
2026-10-08T12:49:10.4486442Z (Reading database ... 85%
2026-10-08T12:49:10.4486927Z (Reading database ... 90%
2026-10-08T12:49:10.4487420Z (Reading database ... 95%
2026-10-08T12:49:10.4487910Z (Reading database ... 100%
2026-10-08T12:49:10.4488667Z (Reading database ... 16161 files and directories currently installed.)
2026-10-08T12:49:10.4489665Z #13 2.809 Preparing to unpack .../00-binutils-common_2.40-2_amd64.deb ...
2026-10-08T12:49:10.4490554Z #13 2.810 Unpacking binutils-common:amd64 (2.40-2) ...
2026-10-08T12:49:10.4822509Z #13 2.995 Selecting previously unselected package libbinutils:amd64.
2026-10-08T12:49:10.5827955Z #13 2.997 Preparing to unpack .../01-libbinutils_2.40-2_amd64.deb ...
2026-10-08T12:49:10.5828720Z #13 2.998 Unpacking libbinutils:amd64 (2.40-2) ...
2026-10-08T12:49:10.5830044Z #13 3.049 Selecting previously unselected package libctf-nobfd0:amd64.
2026-10-08T12:49:10.5830979Z #13 3.051 Preparing to unpack .../02-libctf-nobfd0_2.40-2_amd64.deb ...
2026-10-08T12:49:10.5831690Z #13 3.051 Unpacking libctf-nobfd0:amd64 (2.40-2) ...
2026-10-08T12:49:10.5832444Z #13 3.073 Selecting previously unselected package libctf0:amd64.
2026-10-08T12:49:10.5833762Z #13 3.075 Preparing to unpack .../03-libctf0_2.40-2_amd64.deb ...
2026-10-08T12:49:10.5834468Z #13 3.076 Unpacking libctf0:amd64 (2.40-2) ...
2026-10-08T12:49:10.5835197Z #13 3.094 Selecting previously unselected package libgprofng0:amd64.
2026-10-08T12:49:10.5836102Z #13 3.095 Preparing to unpack .../04-libgprofng0_2.40-2_amd64.deb ...
2026-10-08T12:49:10.5836835Z #13 3.096 Unpacking libgprofng0:amd64 (2.40-2) ...
2026-10-08T12:49:10.8176700Z #13 3.163 Selecting previously unselected package libjansson4:amd64.
2026-10-08T12:49:10.8177292Z #13 3.165 Preparing to unpack .../05-libjansson4_2.14-2_amd64.deb ...
2026-10-08T12:49:10.8177733Z #13 3.165 Unpacking libjansson4:amd64 (2.14-2) ...
2026-10-08T12:49:10.8178208Z #13 3.178 Selecting previously unselected package binutils-x86-64-linux-gnu.
2026-10-08T12:49:10.8178776Z #13 3.179 Preparing to unpack .../06-binutils-x86-64-linux-gnu_2.40-2_amd64.deb ...
2026-10-08T12:49:10.8179264Z #13 3.180 Unpacking binutils-x86-64-linux-gnu (2.40-2) ...
2026-10-08T12:49:10.8453989Z #13 3.358 Selecting previously unselected package binutils.
2026-10-08T12:49:10.9664894Z #13 3.360 Preparing to unpack .../07-binutils_2.40-2_amd64.deb ...
2026-10-08T12:49:10.9665418Z #13 3.361 Unpacking binutils (2.40-2) ...
2026-10-08T12:49:10.9665823Z #13 3.380 Selecting previously unselected package libisl23:amd64.
2026-10-08T12:49:10.9666296Z #13 3.381 Preparing to unpack .../08-libisl23_0.25-1.1_amd64.deb ...
2026-10-08T12:49:10.9667136Z #13 3.382 Unpacking libisl23:amd64 (0.25-1.1) ...
2026-10-08T12:49:10.9667678Z #13 3.439 Selecting previously unselected package libmpfr6:amd64.
2026-10-08T12:49:10.9668183Z #13 3.441 Preparing to unpack .../09-libmpfr6_4.2.0-1_amd64.deb ...
2026-10-08T12:49:10.9668641Z #13 3.441 Unpacking libmpfr6:amd64 (4.2.0-1) ...
2026-10-08T12:49:10.9669045Z #13 3.478 Selecting previously unselected package libmpc3:amd64.
2026-10-08T12:49:11.1344882Z #13 3.480 Preparing to unpack .../10-libmpc3_1.3.1-1_amd64.deb ...
2026-10-08T12:49:11.1345869Z #13 3.481 Unpacking libmpc3:amd64 (1.3.1-1) ...
2026-10-08T12:49:11.1346653Z #13 3.495 Selecting previously unselected package cpp-12.
2026-10-08T12:49:11.1347560Z #13 3.496 Preparing to unpack .../11-cpp-12_12.2.0-14+deb12u1_amd64.deb ...
2026-10-08T12:49:11.1348392Z #13 3.497 Unpacking cpp-12 (12.2.0-14+deb12u1) ...
2026-10-08T12:49:11.5442892Z #13 4.057 Selecting previously unselected package cpp.
2026-10-08T12:49:11.7801237Z #13 4.059 Preparing to unpack .../12-cpp_4%3a12.2.0-3_amd64.deb ...
2026-10-08T12:49:11.7802191Z #13 4.059 Unpacking cpp (4:12.2.0-3) ...
2026-10-08T12:49:11.7803166Z #13 4.071 Selecting previously unselected package libcc1-0:amd64.
2026-10-08T12:49:11.7804152Z #13 4.073 Preparing to unpack .../13-libcc1-0_12.2.0-14+deb12u1_amd64.deb ...
2026-10-08T12:49:11.7805058Z #13 4.074 Unpacking libcc1-0:amd64 (12.2.0-14+deb12u1) ...
2026-10-08T12:49:11.7805930Z #13 4.088 Selecting previously unselected package libgomp1:amd64.
2026-10-08T12:49:11.7806938Z #13 4.089 Preparing to unpack .../14-libgomp1_12.2.0-14+deb12u1_amd64.deb ...
2026-10-08T12:49:11.7807870Z #13 4.090 Unpacking libgomp1:amd64 (12.2.0-14+deb12u1) ...
2026-10-08T12:49:11.7808746Z #13 4.110 Selecting previously unselected package libitm1:amd64.
2026-10-08T12:49:11.7809733Z #13 4.111 Preparing to unpack .../15-libitm1_12.2.0-14+deb12u1_amd64.deb ...
2026-10-08T12:49:11.7810634Z #13 4.112 Unpacking libitm1:amd64 (12.2.0-14+deb12u1) ...
2026-10-08T12:49:11.7811499Z #13 4.126 Selecting previously unselected package libatomic1:amd64.
2026-10-08T12:49:11.7812497Z #13 4.128 Preparing to unpack .../16-libatomic1_12.2.0-14+deb12u1_amd64.deb ...
2026-10-08T12:49:11.7813928Z #13 4.128 Unpacking libatomic1:amd64 (12.2.0-14+deb12u1) ...
2026-10-08T12:49:11.7814681Z #13 4.140 Selecting previously unselected package libasan8:amd64.
2026-10-08T12:49:11.7815678Z #13 4.142 Preparing to unpack .../17-libasan8_12.2.0-14+deb12u1_amd64.deb ...
2026-10-08T12:49:11.7816602Z #13 4.143 Unpacking libasan8:amd64 (12.2.0-14+deb12u1) ...
2026-10-08T12:49:11.7935455Z #13 4.306 Selecting previously unselected package liblsan0:amd64.
2026-10-08T12:49:12.0278462Z #13 4.308 Preparing to unpack .../18-liblsan0_12.2.0-14+deb12u1_amd64.deb ...
2026-10-08T12:49:12.0279239Z #13 4.309 Unpacking liblsan0:amd64 (12.2.0-14+deb12u1) ...
2026-10-08T12:49:12.0279914Z #13 4.388 Selecting previously unselected package libtsan2:amd64.
2026-10-08T12:49:12.0281543Z #13 4.390 Preparing to unpack .../19-libtsan2_12.2.0-14+deb12u1_amd64.deb ...
2026-10-08T12:49:12.0282251Z #13 4.390 Unpacking libtsan2:amd64 (12.2.0-14+deb12u1) ...
2026-10-08T12:49:12.0481082Z #13 4.561 Selecting previously unselected package libubsan1:amd64.
2026-10-08T12:49:12.2974842Z #13 4.562 Preparing to unpack .../20-libubsan1_12.2.0-14+deb12u1_amd64.deb ...
2026-10-08T12:49:12.2975420Z #13 4.563 Unpacking libubsan1:amd64 (12.2.0-14+deb12u1) ...
2026-10-08T12:49:12.2975943Z #13 4.634 Selecting previously unselected package libquadmath0:amd64.
2026-10-08T12:49:12.2976548Z #13 4.636 Preparing to unpack .../21-libquadmath0_12.2.0-14+deb12u1_amd64.deb ...
2026-10-08T12:49:12.2977031Z #13 4.637 Unpacking libquadmath0:amd64 (12.2.0-14+deb12u1) ...
2026-10-08T12:49:12.2977483Z #13 4.657 Selecting previously unselected package libgcc-12-dev:amd64.
2026-10-08T12:49:12.2978000Z #13 4.659 Preparing to unpack .../22-libgcc-12-dev_12.2.0-14+deb12u1_amd64.deb ...
2026-10-08T12:49:12.2978483Z #13 4.660 Unpacking libgcc-12-dev:amd64 (12.2.0-14+deb12u1) ...
2026-10-08T12:49:12.3160703Z #13 4.829 Selecting previously unselected package gcc-12.
2026-10-08T12:49:12.4686229Z #13 4.831 Preparing to unpack .../23-gcc-12_12.2.0-14+deb12u1_amd64.deb ...
2026-10-08T12:49:12.4687274Z #13 4.831 Unpacking gcc-12 (12.2.0-14+deb12u1) ...
2026-10-08T12:49:12.9670755Z #13 5.480 Selecting previously unselected package gcc.
2026-10-08T12:49:13.1215478Z #13 5.482 Preparing to unpack .../24-gcc_4%3a12.2.0-3_amd64.deb ...
2026-10-08T12:49:13.1216253Z #13 5.482 Unpacking gcc (4:12.2.0-3) ...
2026-10-08T12:49:13.1216960Z #13 5.495 Selecting previously unselected package libc-dev-bin.
2026-10-08T12:49:13.1217511Z #13 5.497 Preparing to unpack .../25-libc-dev-bin_2.36-9+deb12u14_amd64.deb ...
2026-10-08T12:49:13.1217971Z #13 5.498 Unpacking libc-dev-bin (2.36-9+deb12u14) ...
2026-10-08T12:49:13.1218428Z #13 5.513 Selecting previously unselected package linux-libc-dev:amd64.
2026-10-08T12:49:13.1218932Z #13 5.514 Preparing to unpack .../26-linux-libc-dev_6.1.187-1_amd64.deb ...
2026-10-08T12:49:13.1219391Z #13 5.515 Unpacking linux-libc-dev:amd64 (6.1.187-1) ...
2026-10-08T12:49:13.1219858Z #13 5.634 Selecting previously unselected package libcrypt-dev:amd64.
2026-10-08T12:49:13.2257229Z #13 5.636 Preparing to unpack .../27-libcrypt-dev_1%3a4.4.33-2_amd64.deb ...
2026-10-08T12:49:13.2257958Z #13 5.641 Unpacking libcrypt-dev:amd64 (1:4.4.33-2) ...
2026-10-08T12:49:13.2259163Z #13 5.660 Selecting previously unselected package libtirpc-common.
2026-10-08T12:49:13.2260106Z #13 5.661 Preparing to unpack .../28-libtirpc-common_1.3.3+ds-1_all.deb ...
2026-10-08T12:49:13.2260866Z #13 5.662 Unpacking libtirpc-common (1.3.3+ds-1) ...
2026-10-08T12:49:13.2261576Z #13 5.675 Selecting previously unselected package libtirpc3:amd64.
2026-10-08T12:49:13.2262362Z #13 5.677 Preparing to unpack .../29-libtirpc3_1.3.3+ds-1_amd64.deb ...
2026-10-08T12:49:13.2263214Z #13 5.678 Unpacking libtirpc3:amd64 (1.3.3+ds-1) ...
2026-10-08T12:49:13.2263865Z #13 5.696 Selecting previously unselected package libnsl2:amd64.
2026-10-08T12:49:13.2264576Z #13 5.697 Preparing to unpack .../30-libnsl2_1.3.0-2_amd64.deb ...
2026-10-08T12:49:13.2265187Z #13 5.698 Unpacking libnsl2:amd64 (1.3.0-2) ...
2026-10-08T12:49:13.2265830Z #13 5.712 Selecting previously unselected package libtirpc-dev:amd64.
2026-10-08T12:49:13.2266607Z #13 5.714 Preparing to unpack .../31-libtirpc-dev_1.3.3+ds-1_amd64.deb ...
2026-10-08T12:49:13.2267299Z #13 5.714 Unpacking libtirpc-dev:amd64 (1.3.3+ds-1) ...
2026-10-08T12:49:13.2268063Z #13 5.739 Selecting previously unselected package libnsl-dev:amd64.
2026-10-08T12:49:13.4176427Z #13 5.741 Preparing to unpack .../32-libnsl-dev_1.3.0-2_amd64.deb ...
2026-10-08T12:49:13.4176992Z #13 5.741 Unpacking libnsl-dev:amd64 (1.3.0-2) ...
2026-10-08T12:49:13.4177471Z #13 5.758 Selecting previously unselected package rpcsvc-proto.
2026-10-08T12:49:13.4178003Z #13 5.760 Preparing to unpack .../33-rpcsvc-proto_1.4.3-1_amd64.deb ...
2026-10-08T12:49:13.4178450Z #13 5.761 Unpacking rpcsvc-proto (1.4.3-1) ...
2026-10-08T12:49:13.4178898Z #13 5.778 Selecting previously unselected package libc6-dev:amd64.
2026-10-08T12:49:13.4179430Z #13 5.779 Preparing to unpack .../34-libc6-dev_2.36-9+deb12u14_amd64.deb ...
2026-10-08T12:49:13.4179888Z #13 5.780 Unpacking libc6-dev:amd64 (2.36-9+deb12u14) ...
2026-10-08T12:49:13.4255156Z #13 5.938 Setting up libtirpc-common (1.3.3+ds-1) ...
2026-10-08T12:49:13.5724562Z #13 5.941 Setting up binutils-common:amd64 (2.40-2) ...
2026-10-08T12:49:13.5725151Z #13 5.943 Setting up linux-libc-dev:amd64 (6.1.187-1) ...
2026-10-08T12:49:13.5725566Z #13 5.944 Setting up libctf-nobfd0:amd64 (2.40-2) ...
2026-10-08T12:49:13.5725994Z #13 5.946 Setting up libgomp1:amd64 (12.2.0-14+deb12u1) ...
2026-10-08T12:49:13.5726381Z #13 5.948 Setting up libjansson4:amd64 (2.14-2) ...
2026-10-08T12:49:13.5726742Z #13 5.949 Setting up rpcsvc-proto (1.4.3-1) ...
2026-10-08T12:49:13.5727091Z #13 5.951 Setting up libmpfr6:amd64 (4.2.0-1) ...
2026-10-08T12:49:13.5727479Z #13 5.952 Setting up libquadmath0:amd64 (12.2.0-14+deb12u1) ...
2026-10-08T12:49:13.5727878Z #13 5.954 Setting up libmpc3:amd64 (1.3.1-1) ...
2026-10-08T12:49:13.5728602Z #13 5.955 Setting up libatomic1:amd64 (12.2.0-14+deb12u1) ...
2026-10-08T12:49:13.5729020Z #13 5.957 Setting up libubsan1:amd64 (12.2.0-14+deb12u1) ...
2026-10-08T12:49:13.5729424Z #13 5.959 Setting up libcrypt-dev:amd64 (1:4.4.33-2) ...
2026-10-08T12:49:13.5729817Z #13 5.964 Setting up libasan8:amd64 (12.2.0-14+deb12u1) ...
2026-10-08T12:49:13.5730227Z #13 5.966 Setting up libtsan2:amd64 (12.2.0-14+deb12u1) ...
2026-10-08T12:49:13.5730607Z #13 5.967 Setting up libbinutils:amd64 (2.40-2) ...
2026-10-08T12:49:13.5730977Z #13 5.969 Setting up libisl23:amd64 (0.25-1.1) ...
2026-10-08T12:49:13.5731350Z #13 5.970 Setting up libc-dev-bin (2.36-9+deb12u14) ...
2026-10-08T12:49:13.5731734Z #13 5.972 Setting up libcc1-0:amd64 (12.2.0-14+deb12u1) ...
2026-10-08T12:49:13.5732118Z #13 5.973 Setting up liblsan0:amd64 (12.2.0-14+deb12u1) ...
2026-10-08T12:49:13.5732510Z #13 5.975 Setting up libitm1:amd64 (12.2.0-14+deb12u1) ...
2026-10-08T12:49:13.5733140Z #13 5.976 Setting up libctf0:amd64 (2.40-2) ...
2026-10-08T12:49:13.5733510Z #13 5.978 Setting up libtirpc3:amd64 (1.3.3+ds-1) ...
2026-10-08T12:49:13.5733871Z #13 5.979 Setting up cpp-12 (12.2.0-14+deb12u1) ...
2026-10-08T12:49:13.5734227Z #13 5.981 Setting up libgprofng0:amd64 (2.40-2) ...
2026-10-08T12:49:13.5734608Z #13 5.982 Setting up libtirpc-dev:amd64 (1.3.3+ds-1) ...
2026-10-08T12:49:13.5735020Z #13 5.984 Setting up libgcc-12-dev:amd64 (12.2.0-14+deb12u1) ...
2026-10-08T12:49:13.5735385Z #13 5.985 Setting up cpp (4:12.2.0-3) ...
2026-10-08T12:49:13.5735715Z #13 5.989 Setting up libnsl2:amd64 (1.3.0-2) ...
2026-10-08T12:49:13.5736095Z #13 5.991 Setting up binutils-x86-64-linux-gnu (2.40-2) ...
2026-10-08T12:49:13.5736457Z #13 5.993 Setting up binutils (2.40-2) ...
2026-10-08T12:49:13.5736804Z #13 5.994 Setting up gcc-12 (12.2.0-14+deb12u1) ...
2026-10-08T12:49:13.5737152Z #13 5.995 Setting up libnsl-dev:amd64 (1.3.0-2) ...
2026-10-08T12:49:13.5737524Z #13 5.997 Setting up libc6-dev:amd64 (2.36-9+deb12u14) ...
2026-10-08T12:49:13.5737872Z #13 5.998 Setting up gcc (4:12.2.0-3) ...
2026-10-08T12:49:13.5738247Z #13 6.005 Processing triggers for libc-bin (2.36-9+deb12u14) ...
2026-10-08T12:49:14.0376028Z #13 6.085 Reading package lists...
2026-10-08T12:49:14.1832190Z #13 6.563 Building dependency tree...
2026-10-08T12:49:14.1833231Z #13 6.696 Reading state information...
2026-10-08T12:49:14.3235780Z #13 6.836 The following packages were automatically installed and are no longer required:
2026-10-08T12:49:14.4761877Z #13 6.836   binutils binutils-common binutils-x86-64-linux-gnu cpp cpp-12 gcc-12
2026-10-08T12:49:14.4763341Z #13 6.836   libasan8 libatomic1 libbinutils libc-dev-bin libcc1-0 libcrypt-dev
2026-10-08T12:49:14.4764091Z #13 6.837   libctf-nobfd0 libctf0 libgcc-12-dev libgomp1 libgprofng0 libisl23 libitm1
2026-10-08T12:49:14.4764780Z #13 6.837   libjansson4 liblsan0 libmpc3 libmpfr6 libnsl-dev libnsl2 libquadmath0
2026-10-08T12:49:14.4765474Z #13 6.838   libtirpc-common libtirpc-dev libtirpc3 libtsan2 libubsan1 linux-libc-dev
2026-10-08T12:49:14.4766003Z #13 6.838   rpcsvc-proto
2026-10-08T12:49:14.4766921Z #13 6.838 Use 'apt autoremove' to remove them.
2026-10-08T12:49:14.4767668Z #13 6.852 The following packages will be REMOVED:
2026-10-08T12:49:14.4768243Z #13 6.853   gcc* libc6-dev*
2026-10-08T12:49:14.4768956Z #13 6.989 0 upgraded, 0 newly installed, 2 to remove and 1 not upgraded.
2026-10-08T12:49:14.4769835Z #13 6.989 After this operation, 12.3 MB disk space will be freed.
2026-10-08T12:49:14.7110782Z #13 6.995 (Reading database ... 
2026-10-08T12:49:14.7111206Z (Reading database ... 5%
2026-10-08T12:49:14.7111476Z (Reading database ... 10%
2026-10-08T12:49:14.7111724Z (Reading database ... 15%
2026-10-08T12:49:14.7111958Z (Reading database ... 20%
2026-10-08T12:49:14.7112191Z (Reading database ... 25%
2026-10-08T12:49:14.7112421Z (Reading database ... 30%
2026-10-08T12:49:14.7112794Z (Reading database ... 35%
2026-10-08T12:49:14.7113130Z (Reading database ... 40%
2026-10-08T12:49:14.7113370Z (Reading database ... 45%
2026-10-08T12:49:14.7114033Z (Reading database ... 50%
2026-10-08T12:49:14.7114273Z (Reading database ... 55%
2026-10-08T12:49:14.7114508Z (Reading database ... 60%
2026-10-08T12:49:14.7114738Z (Reading database ... 65%
2026-10-08T12:49:14.7114966Z (Reading database ... 70%
2026-10-08T12:49:14.7115203Z (Reading database ... 75%
2026-10-08T12:49:14.7115429Z (Reading database ... 80%
2026-10-08T12:49:14.7115659Z (Reading database ... 85%
2026-10-08T12:49:14.7115890Z (Reading database ... 90%
2026-10-08T12:49:14.7116116Z (Reading database ... 95%
2026-10-08T12:49:14.7116355Z (Reading database ... 100%
2026-10-08T12:49:14.7116751Z (Reading database ... 18572 files and directories currently installed.)
2026-10-08T12:49:14.7117197Z #13 7.007 Removing gcc (4:12.2.0-3) ...
2026-10-08T12:49:14.7117557Z #13 7.020 Removing libc6-dev:amd64 (2.36-9+deb12u14) ...
2026-10-08T12:49:15.0200967Z #13 7.073 Reading package lists...
2026-10-08T12:49:15.1618088Z #13 7.545 Building dependency tree...
2026-10-08T12:49:15.2982069Z #13 7.675 Reading state information...
2026-10-08T12:49:15.2983044Z #13 7.811 The following packages will be REMOVED:
2026-10-08T12:49:15.4308500Z #13 7.811   binutils binutils-common binutils-x86-64-linux-gnu cpp cpp-12 gcc-12
2026-10-08T12:49:15.4309842Z #13 7.811   libasan8 libatomic1 libbinutils libc-dev-bin libcc1-0 libcrypt-dev
2026-10-08T12:49:15.4310905Z #13 7.811   libctf-nobfd0 libctf0 libgcc-12-dev libgomp1 libgprofng0 libisl23 libitm1
2026-10-08T12:49:15.4311700Z #13 7.812   libjansson4 liblsan0 libmpc3 libmpfr6 libnsl-dev libnsl2 libquadmath0
2026-10-08T12:49:15.4312582Z #13 7.812   libtirpc-common libtirpc-dev libtirpc3 libtsan2 libubsan1 linux-libc-dev
2026-10-08T12:49:15.4313425Z #13 7.812   rpcsvc-proto
2026-10-08T12:49:15.4314554Z #13 7.944 0 upgraded, 0 newly installed, 33 to remove and 1 not upgraded.
2026-10-08T12:49:15.4315162Z #13 7.944 After this operation, 190 MB disk space will be freed.
2026-10-08T12:49:15.5336819Z #13 7.950 (Reading database ... 
2026-10-08T12:49:15.5337368Z (Reading database ... 5%
2026-10-08T12:49:15.5337778Z (Reading database ... 10%
2026-10-08T12:49:15.5338188Z (Reading database ... 15%
2026-10-08T12:49:15.5338498Z (Reading database ... 20%
2026-10-08T12:49:15.5338856Z (Reading database ... 25%
2026-10-08T12:49:15.5339243Z (Reading database ... 30%
2026-10-08T12:49:15.5339633Z (Reading database ... 35%
2026-10-08T12:49:15.5340001Z (Reading database ... 40%
2026-10-08T12:49:15.5340388Z (Reading database ... 45%
2026-10-08T12:49:15.5340772Z (Reading database ... 50%
2026-10-08T12:49:15.5341231Z (Reading database ... 55%
2026-10-08T12:49:15.5341492Z (Reading database ... 60%
2026-10-08T12:49:15.5341814Z (Reading database ... 65%
2026-10-08T12:49:15.5342218Z (Reading database ... 70%
2026-10-08T12:49:15.5342489Z (Reading database ... 75%
2026-10-08T12:49:15.5342937Z (Reading database ... 80%
2026-10-08T12:49:15.5343286Z (Reading database ... 85%
2026-10-08T12:49:15.5343693Z (Reading database ... 90%
2026-10-08T12:49:15.5344075Z (Reading database ... 95%
2026-10-08T12:49:15.5344333Z (Reading database ... 100%
2026-10-08T12:49:15.5344959Z (Reading database ... 18002 files and directories currently installed.)
2026-10-08T12:49:15.5345707Z #13 7.961 Removing gcc-12 (12.2.0-14+deb12u1) ...
2026-10-08T12:49:15.5346248Z #13 7.979 Removing binutils (2.40-2) ...
2026-10-08T12:49:15.5346887Z #13 7.986 Removing binutils-x86-64-linux-gnu (2.40-2) ...
2026-10-08T12:49:15.5347567Z #13 7.998 Removing libgprofng0:amd64 (2.40-2) ...
2026-10-08T12:49:15.5348183Z #13 8.006 Removing libctf0:amd64 (2.40-2) ...
2026-10-08T12:49:15.5348823Z #13 8.013 Removing libbinutils:amd64 (2.40-2) ...
2026-10-08T12:49:15.5349494Z #13 8.020 Removing binutils-common:amd64 (2.40-2) ...
2026-10-08T12:49:15.5350098Z #13 8.026 Removing cpp (4:12.2.0-3) ...
2026-10-08T12:49:15.5350682Z #13 8.035 Removing cpp-12 (12.2.0-14+deb12u1) ...
2026-10-08T12:49:15.5351399Z #13 8.047 Removing libgcc-12-dev:amd64 (12.2.0-14+deb12u1) ...
2026-10-08T12:49:15.6362883Z #13 8.060 Removing libasan8:amd64 (12.2.0-14+deb12u1) ...
2026-10-08T12:49:15.6363725Z #13 8.067 Removing libatomic1:amd64 (12.2.0-14+deb12u1) ...
2026-10-08T12:49:15.6364215Z #13 8.074 Removing libc-dev-bin (2.36-9+deb12u14) ...
2026-10-08T12:49:15.6364617Z #13 8.081 Removing libcc1-0:amd64 (12.2.0-14+deb12u1) ...
2026-10-08T12:49:15.6365124Z #13 8.087 Removing libcrypt-dev:amd64 (1:4.4.33-2) ...
2026-10-08T12:49:15.6365549Z #13 8.101 Removing libctf-nobfd0:amd64 (2.40-2) ...
2026-10-08T12:49:15.6365937Z #13 8.108 Removing libgomp1:amd64 (12.2.0-14+deb12u1) ...
2026-10-08T12:49:15.6366474Z #13 8.115 Removing libisl23:amd64 (0.25-1.1) ...
2026-10-08T12:49:15.6366847Z #13 8.122 Removing libitm1:amd64 (12.2.0-14+deb12u1) ...
2026-10-08T12:49:15.6367208Z #13 8.128 Removing libjansson4:amd64 (2.14-2) ...
2026-10-08T12:49:15.6367585Z #13 8.135 Removing liblsan0:amd64 (12.2.0-14+deb12u1) ...
2026-10-08T12:49:15.6368009Z #13 8.142 Removing libmpc3:amd64 (1.3.1-1) ...
2026-10-08T12:49:15.6368363Z #13 8.149 Removing libmpfr6:amd64 (4.2.0-1) ...
2026-10-08T12:49:15.7546818Z #13 8.156 Removing libnsl-dev:amd64 (1.3.0-2) ...
2026-10-08T12:49:15.7547485Z #13 8.163 Removing libnsl2:amd64 (1.3.0-2) ...
2026-10-08T12:49:15.7547986Z #13 8.170 Removing libquadmath0:amd64 (12.2.0-14+deb12u1) ...
2026-10-08T12:49:15.7548433Z #13 8.177 Removing libtirpc-dev:amd64 (1.3.3+ds-1) ...
2026-10-08T12:49:15.7548943Z #13 8.184 Removing libtirpc3:amd64 (1.3.3+ds-1) ...
2026-10-08T12:49:15.7549307Z #13 8.191 Removing libtirpc-common (1.3.3+ds-1) ...
2026-10-08T12:49:15.7549683Z #13 8.196 Removing libtsan2:amd64 (12.2.0-14+deb12u1) ...
2026-10-08T12:49:15.7550105Z #13 8.204 Removing libubsan1:amd64 (12.2.0-14+deb12u1) ...
2026-10-08T12:49:15.7550491Z #13 8.211 Removing linux-libc-dev:amd64 (6.1.187-1) ...
2026-10-08T12:49:15.7550845Z #13 8.242 Removing rpcsvc-proto (1.4.3-1) ...
2026-10-08T12:49:15.7551240Z #13 8.267 Processing triggers for libc-bin (2.36-9+deb12u14) ...
2026-10-08T12:49:15.9370120Z #13 DONE 8.3s
2026-10-08T12:49:15.9370789Z 
2026-10-08T12:49:15.9371221Z #14 [ 9/11] RUN pnpm build
2026-10-08T12:49:16.3228682Z #14 0.539 
2026-10-08T12:49:16.3229491Z #14 0.539 > cocreate@1.0.0 build /app
2026-10-08T12:49:16.3230383Z #14 0.539 > tsc --noEmit && vite build --configLoader runner
2026-10-08T12:49:16.3231110Z #14 0.539 
2026-10-08T12:49:23.8812538Z #14 8.097 vite v7.3.6 building client environment for production...
2026-10-08T12:49:24.1148432Z #14 8.180 transforming...
2026-10-08T12:49:27.4825087Z #14 11.70 ✓ 1749 modules transformed.
2026-10-08T12:49:27.7179527Z #14 11.93 rendering chunks...
2026-10-08T12:49:27.9612862Z #14 12.18 computing gzip size...
2026-10-08T12:49:28.1999031Z #14 12.20 dist/index.html                             0.44 kB │ gzip:   0.30 kB
2026-10-08T12:49:28.2000164Z #14 12.20 dist/assets/App-BqUO_rW7.css                2.56 kB │ gzip:   0.85 kB
2026-10-08T12:49:28.2001279Z #14 12.20 dist/assets/LandingPage-CNj4pefA.css       13.13 kB │ gzip:   2.95 kB
2026-10-08T12:49:28.2002470Z #14 12.20 dist/assets/index-cyLHvudv.css             75.38 kB │ gzip:  14.48 kB
2026-10-08T12:49:28.2003735Z #14 12.20 dist/assets/users-BIdyuxqP.js               0.69 kB │ gzip:   0.39 kB
2026-10-08T12:49:28.2004813Z #14 12.20 dist/assets/createLucideIcon-DcEYS1mU.js    0.89 kB │ gzip:   0.55 kB
2026-10-08T12:49:28.2005906Z #14 12.20 dist/assets/x-DO2zMSIY.js                   1.70 kB │ gzip:   0.78 kB
2026-10-08T12:49:28.2007029Z #14 12.20 dist/assets/LandingPage-DCr6qHiF.js        15.33 kB │ gzip:   4.92 kB
2026-10-08T12:49:28.2008139Z #14 12.20 dist/assets/ProjectApp-DXmAqhy1.js         29.68 kB │ gzip:   9.01 kB
2026-10-08T12:49:28.2009289Z #14 12.20 dist/assets/index-BPNFqXSv.js             421.95 kB │ gzip: 121.32 kB
2026-10-08T12:49:28.2010420Z #14 12.20 dist/assets/App-DhzRZNRs.js               583.75 kB │ gzip: 185.76 kB
2026-10-08T12:49:28.2011099Z #14 12.20 
2026-10-08T12:49:28.2011794Z #14 12.20 (!) Some chunks are larger than 500 kB after minification. Consider:
2026-10-08T12:49:28.2012653Z #14 12.20 - Using dynamic import() to code-split the application
2026-10-08T12:49:28.2014821Z #14 12.20 - Use build.rollupOptions.output.manualChunks to improve chunking: https://rollupjs.org/configuration-options/#output-manualchunks
2026-10-08T12:49:28.2016195Z #14 12.20 - Adjust chunk size limit for this warning via build.chunkSizeWarningLimit.
2026-10-08T12:49:28.2017063Z #14 12.20 ✓ built in 4.07s
2026-10-08T12:49:28.2017459Z #14 DONE 12.3s
2026-10-08T12:49:28.2017669Z 
2026-10-08T12:49:28.2018111Z #15 [10/11] RUN node scripts/release-fingerprint.mjs --write-image
2026-10-08T12:49:28.2153687Z #15 0.166 {"fingerprint":"5a89423ecdc0a2d154ea641c757db0be8802bc3d14a92bfcf6357eb009ecf9fd","sourceFiles":87,"scope":"Source/build input attestation only; not runtime acceptance"}
2026-10-08T12:49:28.3737366Z #15 DONE 0.2s
2026-10-08T12:49:28.3737657Z 
2026-10-08T12:49:28.3738937Z #16 [11/11] RUN pnpm exec tsx scripts/prepare-isolation.ts --files-only && mkdir -p /app/data /app/generated && chown -R node:node /app/.runtime /app/data /app/generated
2026-10-08T12:49:28.8177124Z #16 0.594 {"policy":"isolated-compile-v1","platform":"linux","scope":"Trusted files prepared; kernel boundary not exercised"}
2026-10-08T12:49:29.0032566Z #16 DONE 0.6s
2026-10-08T12:49:29.0033046Z 
2026-10-08T12:49:29.0051091Z #17 exporting to image
2026-10-08T12:49:29.0051581Z #17 exporting layers
2026-10-08T12:49:38.4073133Z #17 exporting layers 9.6s done
2026-10-08T12:49:38.4243665Z #17 writing image sha256:547a62416cb9c698f12d9048f22999f30ef03e3fa703bbbce5faa97117707c06 done
2026-10-08T12:49:38.4244792Z #17 naming to docker.io/library/cocreate-check done
2026-10-08T12:49:38.4245668Z #17 DONE 9.6s
2026-10-08T12:49:38.4256538Z 
2026-10-08T12:49:38.4257398Z  [33m4 warnings found (use docker --debug to expand):
2026-10-08T12:49:38.4258332Z [0m - SecretsUsedInArgOrEnv: Do not use ARG or ENV instructions for sensitive data (ARG "VITE_COCREATE_AUTH_MODE") (line 12)
2026-10-08T12:49:38.4259181Z  - SecretsUsedInArgOrEnv: Do not use ARG or ENV instructions for sensitive data (ARG "VITE_SUPABASE_PUBLISHABLE_KEY") (line 15)
2026-10-08T12:49:38.4260208Z  - SecretsUsedInArgOrEnv: Do not use ARG or ENV instructions for sensitive data (ENV "VITE_COCREATE_AUTH_MODE") (line 16)
2026-10-08T12:49:38.4261492Z  - SecretsUsedInArgOrEnv: Do not use ARG or ENV instructions for sensitive data (ENV "VITE_SUPABASE_PUBLISHABLE_KEY") (line 19)
2026-10-08T12:49:38.4383718Z ##[group]Run root="/sys/fs/cgroup/cocreate-ci-${GITHUB_RUN_ID}-${GITHUB_RUN_ATTEMPT}"
2026-10-08T12:49:38.4384301Z [36;1mroot="/sys/fs/cgroup/cocreate-ci-${GITHUB_RUN_ID}-${GITHUB_RUN_ATTEMPT}"[0m
2026-10-08T12:49:38.4384731Z [36;1msudo sh scripts/prepare-ci-cgroup.sh "$root"[0m
2026-10-08T12:49:38.4385097Z [36;1mecho "COCREATE_CI_CGROUP_ROOT=$root" >> "$GITHUB_ENV"[0m
2026-10-08T12:49:38.4422314Z shell: /usr/bin/bash -e {0}
2026-10-08T12:49:38.4422579Z env:
2026-10-08T12:49:38.4423059Z   PNPM_HOME: /home/runner/setup-pnpm/node_modules/.bin
2026-10-08T12:49:38.4423357Z ##[endgroup]
2026-10-08T12:49:38.4644585Z ##[group]Run sh scripts/run-linux-check.sh node --import tsx scripts/prepare-isolation.ts
2026-10-08T12:49:38.4645217Z [36;1msh scripts/run-linux-check.sh node --import tsx scripts/prepare-isolation.ts[0m
2026-10-08T12:49:38.4683980Z shell: /usr/bin/bash -e {0}
2026-10-08T12:49:38.4684255Z env:
2026-10-08T12:49:38.4684509Z   PNPM_HOME: /home/runner/setup-pnpm/node_modules/.bin
2026-10-08T12:49:38.4684898Z   COCREATE_CI_CGROUP_ROOT: /sys/fs/cgroup/cocreate-ci-37779466425-1
2026-10-08T12:49:38.4685227Z ##[endgroup]
2026-10-08T12:49:38.8252418Z {"policy":"isolated-compile-v1","platform":"linux","scope":"Actual OS boundary preflight passed; no inference"}
2026-10-08T12:49:38.8755026Z ##[group]Run sh scripts/run-linux-check.sh node --import tsx --input-type=module -e 'import {assertVerificationBrowserAvailable} from "./server/isolation/browser.ts"; await assertVerificationBrowserAvailable(); console.log("Actual Linux browser boundary passed; no inference");'
2026-10-08T12:49:38.8756832Z [36;1msh scripts/run-linux-check.sh node --import tsx --input-type=module -e 'import {assertVerificationBrowserAvailable} from "./server/isolation/browser.ts"; await assertVerificationBrowserAvailable(); console.log("Actual Linux browser boundary passed; no inference");'[0m
2026-10-08T12:49:38.8796640Z shell: /usr/bin/bash -e {0}
2026-10-08T12:49:38.8796917Z env:
2026-10-08T12:49:38.8797188Z   PNPM_HOME: /home/runner/setup-pnpm/node_modules/.bin
2026-10-08T12:49:38.8797591Z   COCREATE_CI_CGROUP_ROOT: /sys/fs/cgroup/cocreate-ci-37779466425-1
2026-10-08T12:49:38.8797925Z ##[endgroup]
2026-10-08T12:49:40.3398671Z /app/server/isolation/browser.ts:12
2026-10-08T12:49:40.3400669Z const unavailable = () => new IsolationError('isolation_unavailable', 'Isolated verification browser is unavailable. Prepare the verification runtime, then explicitly retry; the previous artifact is retained.');
2026-10-08T12:49:40.3402100Z                           ^
2026-10-08T12:49:40.3402380Z 
2026-10-08T12:49:40.3403830Z IsolationError: Isolated verification browser is unavailable. Prepare the verification runtime, then explicitly retry; the previous artifact is retained.
2026-10-08T12:49:40.3405038Z     at unavailable (/app/server/isolation/browser.ts:12:27)
2026-10-08T12:49:40.3405703Z     at Socket.<anonymous> (/app/server/isolation/browser.ts:68:47)
2026-10-08T12:49:40.3406272Z     at Socket.emit (node:events:519:28)
2026-10-08T12:49:40.3406817Z     at emitErrorNT (node:internal/streams/destroy:170:8)
2026-10-08T12:49:40.3407466Z     at emitErrorCloseNT (node:internal/streams/destroy:129:3)
2026-10-08T12:49:40.3408474Z     at process.processTicksAndRejections (node:internal/process/task_queues:89:21) {
2026-10-08T12:49:40.3409317Z   code: 'isolation_unavailable',
2026-10-08T12:49:40.3409735Z   cause: {
2026-10-08T12:49:40.3410016Z     exitCode: 153,
2026-10-08T12:49:40.3410320Z     phase: 'cleanup',
2026-10-08T12:49:40.3411502Z     diagnostic: '[2:9:1008/124939.216918:ERROR:dbus/bus.cc:405] Failed to connect to the bus: Failed to connect to socket /run/dbus/system_bus_socket: No such file or directory\n' +
2026-10-08T12:49:40.3413113Z       '[2:9:1008/124939.219949:ERROR:dbus/bus.cc:405] Failed to connect to the bus: Could not parse server address: Unknown address type (examples of valid types are "tcp" and on UNIX "unix")\n' +
2026-10-08T12:49:40.3414382Z       '[2:9:1008/124939.220031:ERROR:dbus/bus.cc:405] Failed to connect to the bus: Failed to connect to socket /run/dbus/system_bus_socket: No such file or directory\n' +
2026-10-08T12:49:40.3415226Z       'Fontconfig error: Cannot load default config file: No such file: (null)\n' +
2026-10-08T12:49:40.3416034Z       '[2:9:1008/124939.220322:ERROR:dbus/bus.cc:405] Failed to connect to the bus: Failed to connect to socket /run/dbus/system_bus_socket: No such file or directory\n' +
2026-10-08T12:49:40.3417139Z       '[2:9:1008/124939.220338:ERROR:dbus/bus.cc:405] Failed to connect to the bus: Could not parse server address: Unknown address type (examples of valid types are "tcp" and on UNIX "unix")\n'
2026-10-08T12:49:40.3417814Z   }
2026-10-08T12:49:40.3417997Z }
2026-10-08T12:49:40.3418110Z 
2026-10-08T12:49:40.3418196Z Node.js v22.23.3
2026-10-08T12:49:40.3823932Z ##[error]Process completed with exit code 1.
2026-10-08T12:49:40.3874364Z ##[group]Run sh scripts/run-linux-check.sh node --import tsx scripts/diagnose-linux-browser.ts
2026-10-08T12:49:40.3874999Z [36;1msh scripts/run-linux-check.sh node --import tsx scripts/diagnose-linux-browser.ts[0m
2026-10-08T12:49:40.3911854Z shell: /usr/bin/bash -e {0}
2026-10-08T12:49:40.3912104Z env:
2026-10-08T12:49:40.3912353Z   PNPM_HOME: /home/runner/setup-pnpm/node_modules/.bin
2026-10-08T12:49:40.3912827Z   COCREATE_CI_CGROUP_ROOT: /sys/fs/cgroup/cocreate-ci-37779466425-1
2026-10-08T12:49:40.3913156Z ##[endgroup]
2026-10-08T12:49:40.8660005Z {"scope":"Trusted version metadata only","addressSpace":2147483648,"status":133,"signal":null,"stdout":"","stderr":""}
2026-10-08T12:49:40.9042048Z {"scope":"Trusted version metadata only","addressSpace":"CI cgroup only","status":0,"signal":null,"stdout":"Chromium 154.0.8037.92 \n","stderr":""}
2026-10-08T12:49:40.9730128Z ##[group]Run docker build --tag cocreate-file-diagnose - <<'DOCKER'
2026-10-08T12:49:40.9730604Z [36;1mdocker build --tag cocreate-file-diagnose - <<'DOCKER'[0m
2026-10-08T12:49:40.9730942Z [36;1mFROM cocreate-check[0m
2026-10-08T12:49:40.9731399Z [36;1mRUN apt-get update && apt-get install -y --no-install-recommends strace && rm -rf /var/lib/apt/lists/*[0m
2026-10-08T12:49:40.9731852Z [36;1mDOCKER[0m
2026-10-08T12:49:40.9732300Z [36;1msed 's/cocreate-check/cocreate-file-diagnose/g' scripts/run-linux-check.sh > /tmp/cocreate-file-diagnose.sh[0m
2026-10-08T12:49:40.9733210Z [36;1msh /tmp/cocreate-file-diagnose.sh timeout 30s node --import tsx scripts/diagnose-browser-file-limit.ts[0m
2026-10-08T12:49:40.9770804Z shell: /usr/bin/bash -e {0}
2026-10-08T12:49:40.9771057Z env:
2026-10-08T12:49:40.9771311Z   PNPM_HOME: /home/runner/setup-pnpm/node_modules/.bin
2026-10-08T12:49:40.9771705Z   COCREATE_CI_CGROUP_ROOT: /sys/fs/cgroup/cocreate-ci-37779466425-1
2026-10-08T12:49:40.9772087Z ##[endgroup]
2026-10-08T12:49:41.2691193Z #0 building with "default" instance using docker driver
2026-10-08T12:49:41.2692429Z 
2026-10-08T12:49:41.2693416Z #1 [internal] load build definition from Dockerfile
2026-10-08T12:49:41.2693899Z #1 transferring dockerfile: 160B done
2026-10-08T12:49:41.2694159Z #1 DONE 0.0s
2026-10-08T12:49:41.2694285Z 
2026-10-08T12:49:41.2694571Z #2 [internal] load metadata for docker.io/library/cocreate-check:latest
2026-10-08T12:49:41.2694932Z #2 DONE 0.0s
2026-10-08T12:49:41.2695049Z 
2026-10-08T12:49:41.2695197Z #3 [internal] load .dockerignore
2026-10-08T12:49:41.2695492Z #3 transferring context: 2B done
2026-10-08T12:49:41.2695728Z #3 DONE 0.0s
2026-10-08T12:49:41.2695844Z 
2026-10-08T12:49:41.2696032Z #4 [1/2] FROM docker.io/library/cocreate-check:latest
2026-10-08T12:49:41.2696337Z #4 DONE 0.0s
2026-10-08T12:49:41.2696461Z 
2026-10-08T12:49:41.2696892Z #5 [2/2] RUN apt-get update && apt-get install -y --no-install-recommends strace && rm -rf /var/lib/apt/lists/*
2026-10-08T12:49:41.2697596Z #5 0.144 Get:1 http://deb.debian.org/debian bookworm InRelease [151 kB]
2026-10-08T12:49:41.4214502Z #5 0.168 Get:2 http://deb.debian.org/debian bookworm-updates InRelease [55.4 kB]
2026-10-08T12:49:41.4215898Z #5 0.177 Get:3 http://deb.debian.org/debian-security bookworm-security InRelease [34.8 kB]
2026-10-08T12:49:41.4217058Z #5 0.226 Get:4 http://deb.debian.org/debian bookworm/main amd64 Packages [8790 kB]
2026-10-08T12:49:41.4218230Z #5 0.296 Get:5 http://deb.debian.org/debian bookworm-updates/main amd64 Packages [6924 B]
2026-10-08T12:49:41.5931982Z #5 0.316 Get:6 http://deb.debian.org/debian-security bookworm-security/main amd64 Packages [349 kB]
2026-10-08T12:49:42.2294757Z #5 1.104 Fetched 9388 kB in 1s (9589 kB/s)
2026-10-08T12:49:42.6968650Z #5 1.104 Reading package lists...
2026-10-08T12:49:43.1939820Z #5 1.589 Reading package lists...
2026-10-08T12:49:43.3508215Z #5 2.083 Building dependency tree...
2026-10-08T12:49:43.4928274Z #5 2.225 Reading state information...
2026-10-08T12:49:43.4929291Z #5 2.367 The following additional packages will be installed:
2026-10-08T12:49:43.6671187Z #5 2.368   libunwind8
2026-10-08T12:49:43.6671845Z #5 2.403 The following NEW packages will be installed:
2026-10-08T12:49:43.6672434Z #5 2.403   libunwind8 strace
2026-10-08T12:49:43.6673148Z #5 2.426 0 upgraded, 2 newly installed, 0 to remove and 1 not upgraded.
2026-10-08T12:49:43.6673569Z #5 2.426 Need to get 1365 kB of archives.
2026-10-08T12:49:43.6674024Z #5 2.426 After this operation, 3108 kB of additional disk space will be used.
2026-10-08T12:49:43.6674687Z #5 2.426 Get:1 http://deb.debian.org/debian bookworm/main amd64 libunwind8 amd64 1.6.2-3 [51.2 kB]
2026-10-08T12:49:43.6675357Z #5 2.431 Get:2 http://deb.debian.org/debian bookworm/main amd64 strace amd64 6.1-0.1 [1314 kB]
2026-10-08T12:49:43.6675984Z #5 2.542 debconf: delaying package configuration, since apt-utils is not installed
2026-10-08T12:49:43.7945670Z #5 2.568 Fetched 1365 kB in 0s (47.9 MB/s)
2026-10-08T12:49:43.7946619Z #5 2.581 Selecting previously unselected package libunwind8:amd64.
2026-10-08T12:49:43.7947367Z #5 2.581 (Reading database ... 
2026-10-08T12:49:43.7947802Z (Reading database ... 5%
2026-10-08T12:49:43.7948205Z (Reading database ... 10%
2026-10-08T12:49:43.7948592Z (Reading database ... 15%
2026-10-08T12:49:43.7948865Z (Reading database ... 20%
2026-10-08T12:49:43.7949102Z (Reading database ... 25%
2026-10-08T12:49:43.7949336Z (Reading database ... 30%
2026-10-08T12:49:43.7949568Z (Reading database ... 35%
2026-10-08T12:49:43.7949942Z (Reading database ... 40%
2026-10-08T12:49:43.7950178Z (Reading database ... 45%
2026-10-08T12:49:43.7950407Z (Reading database ... 50%
2026-10-08T12:49:43.7950639Z (Reading database ... 55%
2026-10-08T12:49:43.7950879Z (Reading database ... 60%
2026-10-08T12:49:43.7951115Z (Reading database ... 65%
2026-10-08T12:49:43.7951352Z (Reading database ... 70%
2026-10-08T12:49:43.7951598Z (Reading database ... 75%
2026-10-08T12:49:43.7951831Z (Reading database ... 80%
2026-10-08T12:49:43.7952071Z (Reading database ... 85%
2026-10-08T12:49:43.7952315Z (Reading database ... 90%
2026-10-08T12:49:43.7952556Z (Reading database ... 95%
2026-10-08T12:49:43.7952984Z (Reading database ... 100%
2026-10-08T12:49:43.7953399Z (Reading database ... 16163 files and directories currently installed.)
2026-10-08T12:49:43.7953902Z #5 2.591 Preparing to unpack .../libunwind8_1.6.2-3_amd64.deb ...
2026-10-08T12:49:43.7954324Z #5 2.593 Unpacking libunwind8:amd64 (1.6.2-3) ...
2026-10-08T12:49:43.7954723Z #5 2.608 Selecting previously unselected package strace.
2026-10-08T12:49:43.7955145Z #5 2.610 Preparing to unpack .../strace_6.1-0.1_amd64.deb ...
2026-10-08T12:49:43.7955511Z #5 2.610 Unpacking strace (6.1-0.1) ...
2026-10-08T12:49:43.7955864Z #5 2.669 Setting up libunwind8:amd64 (1.6.2-3) ...
2026-10-08T12:49:43.9896586Z #5 2.671 Setting up strace (6.1-0.1) ...
2026-10-08T12:49:43.9897441Z #5 2.674 Processing triggers for libc-bin (2.36-9+deb12u14) ...
2026-10-08T12:49:43.9898036Z #5 DONE 2.7s
2026-10-08T12:49:43.9898281Z 
2026-10-08T12:49:43.9898467Z #6 exporting to image
2026-10-08T12:49:43.9898866Z #6 exporting layers
2026-10-08T12:49:45.5110684Z #6 exporting layers 1.7s done
2026-10-08T12:49:45.5253676Z #6 writing image sha256:9097ec53260a6db821300f89df08177342b71e9d730f61ae04cff30d9809b9ce done
2026-10-08T12:49:45.5254738Z #6 naming to docker.io/library/cocreate-file-diagnose done
2026-10-08T12:49:45.5255308Z #6 DONE 1.7s
2026-10-08T12:49:45.9595102Z [2:9:1008/124945.957456:ERROR:dbus/bus.cc:405] Failed to connect to the bus: Failed to connect to socket /run/dbus/system_bus_socket: No such file or directory
2026-10-08T12:49:45.9597005Z [2:9:1008/124945.958400:ERROR:dbus/bus.cc:405] Failed to connect to the bus: Could not parse server address: Unknown address type (examples of valid types are "tcp" and on UNIX "unix")
2026-10-08T12:49:45.9645438Z [pid    41] ftruncate(26</memfd:shared-memory-region>(deleted), 8) = 0
2026-10-08T12:49:45.9782576Z Fontconfig error: Cannot load default config file: No such file: (null)
2026-10-08T12:49:45.9801232Z [2:9:1008/124945.977474:ERROR:dbus/bus.cc:405] Failed to connect to the bus: Failed to connect to socket /run/dbus/system_bus_socket: No such file or directory
2026-10-08T12:49:45.9813327Z [2:9:1008/124945.980861:ERROR:dbus/bus.cc:405] Failed to connect to the bus: Failed to connect to socket /run/dbus/system_bus_socket: No such file or directory
2026-10-08T12:49:45.9826148Z [2:9:1008/124945.981348:ERROR:dbus/bus.cc:405] Failed to connect to the bus: Could not parse server address: Unknown address type (examples of valid types are "tcp" and on UNIX "unix")
2026-10-08T12:49:45.9863507Z [pid    41] ftruncate(29</memfd:shared-memory-region>(deleted), 4) = 0
2026-10-08T12:49:45.9924033Z [pid    41] ftruncate(38</memfd:pulseaudio>(deleted), 67108864) = -1 EFBIG (File too large)
2026-10-08T12:49:45.9926180Z [pid    41] --- SIGXFSZ {si_signo=SIGXFSZ, si_code=SI_USER, si_pid=2, si_uid=1000} ---
2026-10-08T12:49:46.6223445Z [pid    61] +++ killed by SIGXFSZ (core dumped) +++
2026-10-08T12:49:46.6224736Z [pid    60] +++ killed by SIGXFSZ (core dumped) +++
2026-10-08T12:49:46.6225360Z [pid    59] +++ killed by SIGXFSZ (core dumped) +++
2026-10-08T12:49:46.6225919Z [pid    58] +++ killed by SIGXFSZ (core dumped) +++
2026-10-08T12:49:46.6226530Z [pid    57] +++ killed by SIGXFSZ (core dumped) +++
2026-10-08T12:49:46.6227208Z [pid    56] +++ killed by SIGXFSZ (core dumped) +++
2026-10-08T12:49:46.6227878Z [pid    55] +++ killed by SIGXFSZ (core dumped) +++
2026-10-08T12:49:46.6228531Z [pid    54] +++ killed by SIGXFSZ (core dumped) +++
2026-10-08T12:49:46.6229202Z [pid    52] +++ killed by SIGXFSZ (core dumped) +++
2026-10-08T12:49:46.6229824Z [pid    51] +++ killed by SIGXFSZ (core dumped) +++
2026-10-08T12:49:46.6230470Z [pid    50] +++ killed by SIGXFSZ (core dumped) +++
2026-10-08T12:49:46.6231120Z [pid    49] +++ killed by SIGXFSZ (core dumped) +++
2026-10-08T12:49:46.6231780Z [pid    48] +++ killed by SIGXFSZ (core dumped) +++
2026-10-08T12:49:46.6232461Z [pid    47] +++ killed by SIGXFSZ (core dumped) +++
2026-10-08T12:49:46.6233334Z [pid    46] +++ killed by SIGXFSZ (core dumped) +++
2026-10-08T12:49:46.6233975Z [pid    45] +++ killed by SIGXFSZ (core dumped) +++
2026-10-08T12:49:46.6234617Z [pid    44] +++ killed by SIGXFSZ (core dumped) +++
2026-10-08T12:49:46.6235280Z [pid    43] +++ killed by SIGXFSZ (core dumped) +++
2026-10-08T12:49:46.6235948Z [pid    42] +++ killed by SIGXFSZ (core dumped) +++
2026-10-08T12:49:46.6236619Z [pid    53] +++ killed by SIGXFSZ (core dumped) +++
2026-10-08T12:49:46.6310915Z [pid    41] +++ killed by SIGXFSZ (core dumped) +++
2026-10-08T12:49:46.6399996Z /app/server/isolation/browser.ts:12
2026-10-08T12:49:46.6401333Z const unavailable = () => new IsolationError('isolation_unavailable', 'Isolated verification browser is unavailable. Prepare the verification runtime, then explicitly retry; the previous artifact is retained.');
2026-10-08T12:49:46.6402131Z                           ^
2026-10-08T12:49:46.6402288Z 
2026-10-08T12:49:46.6403150Z IsolationError: Isolated verification browser is unavailable. Prepare the verification runtime, then explicitly retry; the previous artifact is retained.
2026-10-08T12:49:46.6404245Z     at unavailable (/app/server/isolation/browser.ts:12:27)
2026-10-08T12:49:46.6404796Z     at Socket.<anonymous> (/app/server/isolation/browser.ts:68:47)
2026-10-08T12:49:46.6405169Z     at Socket.emit (node:events:519:28)
2026-10-08T12:49:46.6405510Z     at emitErrorNT (node:internal/streams/destroy:170:8)
2026-10-08T12:49:46.6405899Z     at emitErrorCloseNT (node:internal/streams/destroy:129:3)
2026-10-08T12:49:46.6406405Z     at process.processTicksAndRejections (node:internal/process/task_queues:89:21) {
2026-10-08T12:49:46.6406850Z   code: 'isolation_unavailable',
2026-10-08T12:49:46.6407090Z   cause: {
2026-10-08T12:49:46.6407282Z     exitCode: 153,
2026-10-08T12:49:46.6407492Z     phase: 'cleanup',
2026-10-08T12:49:46.6408202Z     diagnostic: '[2:9:1008/124945.957456:ERROR:dbus/bus.cc:405] Failed to connect to the bus: Failed to connect to socket /run/dbus/system_bus_socket: No such file or directory\n' +
2026-10-08T12:49:46.6409385Z       '[2:9:1008/124945.958400:ERROR:dbus/bus.cc:405] Failed to connect to the bus: Could not parse server address: Unknown address type (examples of valid types are "tcp" and on UNIX "unix")\n' +
2026-10-08T12:49:46.6410208Z       '[pid    41] ftruncate(26</memfd:shared-memory-region>(deleted), 8) = 0\n' +
2026-10-08T12:49:46.6410724Z       'Fontconfig error: Cannot load default config file: No such file: (null)\n' +
2026-10-08T12:49:46.6411532Z       '[2:9:1008/124945.977474:ERROR:dbus/bus.cc:405] Failed to connect to the bus: Failed to connect to socket /run/dbus/system_bus_socket: No such file or directory\n' +
2026-10-08T12:49:46.6412526Z       '[2:9:1008/124945.980861:ERROR:dbus/bus.cc:405] Failed to connect to the bus: Failed to connect to socket /run/dbus/system_bus_socket: No such file or directory\n' +
2026-10-08T12:49:46.6414150Z       '[2:9:1008/124945.981348:ERROR:dbus/bus.cc:405] Failed to connect to the bus: Could not parse server address: Unknown address type (examples of valid types are "tcp" and on UNIX "unix")\n' +
2026-10-08T12:49:46.6414939Z       '[pid   '
2026-10-08T12:49:46.6415155Z   }
2026-10-08T12:49:46.6415339Z }
2026-10-08T12:49:46.6415435Z 
2026-10-08T12:49:46.6415526Z Node.js v22.23.3
2026-10-08T12:49:46.6823894Z ##[error]Process completed with exit code 1.
2026-10-08T12:49:46.6853929Z ##[group]Run sh scripts/run-linux-check.sh node --import tsx --test --test-concurrency=1 tests/generated-isolation.test.ts
2026-10-08T12:49:46.6854724Z [36;1msh scripts/run-linux-check.sh node --import tsx --test --test-concurrency=1 tests/generated-isolation.test.ts[0m
2026-10-08T12:49:46.6892530Z shell: /usr/bin/bash -e {0}
2026-10-08T12:49:46.6892992Z env:
2026-10-08T12:49:46.6893263Z   PNPM_HOME: /home/runner/setup-pnpm/node_modules/.bin
2026-10-08T12:49:46.6893668Z   COCREATE_CI_CGROUP_ROOT: /sys/fs/cgroup/cocreate-ci-37779466425-1
2026-10-08T12:49:46.6893997Z ##[endgroup]
2026-10-08T12:49:46.8446643Z TAP version 13
2026-10-08T12:49:51.0758624Z # Subtest: ordinary compilation runs in the real OS boundary and never evaluates candidate top-level code
2026-10-08T12:49:51.0765440Z ok 1 - ordinary compilation runs in the real OS boundary and never evaluates candidate top-level code
2026-10-08T12:49:51.0765915Z   ---
2026-10-08T12:49:51.0766135Z   duration_ms: 4046.65526
2026-10-08T12:49:51.0766460Z   type: 'test'
2026-10-08T12:49:51.0766716Z   ...
2026-10-08T12:49:51.1196066Z # Subtest: OS boundary without Node permissions denies an existing private host file, writes and live loopback network
2026-10-08T12:49:51.1204657Z ok 2 - OS boundary without Node permissions denies an existing private host file, writes and live loopback network
2026-10-08T12:49:51.1206127Z   ---
2026-10-08T12:49:51.1206602Z   duration_ms: 47.947634
2026-10-08T12:49:51.1206988Z   type: 'test'
2026-10-08T12:49:51.1207242Z   ...
2026-10-08T12:49:51.1744292Z # Subtest: restricted process strips injection/secrets and denies subprocesses, workers and cross-workspace reads
2026-10-08T12:49:51.1746206Z ok 3 - restricted process strips injection/secrets and denies subprocesses, workers and cross-workspace reads
2026-10-08T12:49:51.1747937Z   ---
2026-10-08T12:49:51.1748315Z   duration_ms: 48.375788
2026-10-08T12:49:51.1748683Z   type: 'test'
2026-10-08T12:49:51.1748943Z   ...
2026-10-08T12:49:56.9059413Z # Subtest: candidate imports cannot read absolute files, traverse workspaces or download packages/styles
2026-10-08T12:49:56.9061706Z ok 4 - candidate imports cannot read absolute files, traverse workspaces or download packages/styles
2026-10-08T12:49:56.9062586Z   ---
2026-10-08T12:49:56.9064428Z   duration_ms: 5738.402589
2026-10-08T12:49:56.9065017Z   type: 'test'
2026-10-08T12:49:56.9065368Z   ...
2026-10-08T12:49:57.9125540Z # Subtest: wall timeout terminates a running child and cleans its private input
2026-10-08T12:49:57.9129706Z ok 5 - wall timeout terminates a running child and cleans its private input
2026-10-08T12:49:57.9130560Z   ---
2026-10-08T12:49:57.9131533Z   duration_ms: 1006.404291
2026-10-08T12:49:57.9132068Z   type: 'test'
2026-10-08T12:49:57.9132453Z   ...
2026-10-08T12:49:57.9189764Z # Subtest: cancellation waits for real child termination and cleanup; pre-abort starts nothing
2026-10-08T12:49:57.9197048Z ok 6 - cancellation waits for real child termination and cleanup; pre-abort starts nothing
2026-10-08T12:49:57.9198229Z   ---
2026-10-08T12:49:57.9198941Z   duration_ms: 6.879514
2026-10-08T12:49:57.9199394Z   type: 'test'
2026-10-08T12:49:57.9199760Z   ...
2026-10-08T12:49:58.4397213Z # Subtest: memory exhaustion cannot escape the OS bound and leaves no child work
2026-10-08T12:49:58.4398451Z ok 7 - memory exhaustion cannot escape the OS bound and leaves no child work
2026-10-08T12:49:58.4399176Z   ---
2026-10-08T12:49:58.4399550Z   duration_ms: 518.561628
2026-10-08T12:49:58.4399974Z   type: 'test'
2026-10-08T12:49:58.4400331Z   ...
2026-10-08T12:49:58.4401228Z # Subtest: unavailable isolation fails explicitly and cannot fall back to host compilation
2026-10-08T12:49:58.4403177Z ok 8 - unavailable isolation fails explicitly and cannot fall back to host compilation
2026-10-08T12:49:58.4403977Z   ---
2026-10-08T12:49:58.4404340Z   duration_ms: 0.826503
2026-10-08T12:49:58.4404752Z   type: 'test'
2026-10-08T12:49:58.4405106Z   ...
2026-10-08T12:50:08.4492063Z # Subtest: CPU bound stops a busy child before the longer wall deadline
2026-10-08T12:50:08.4493195Z ok 9 - CPU bound stops a busy child before the longer wall deadline
2026-10-08T12:50:08.4493544Z   ---
2026-10-08T12:50:08.4493779Z   duration_ms: 10010.100828
2026-10-08T12:50:08.4494028Z   type: 'test'
2026-10-08T12:50:08.4494229Z   ...
2026-10-08T12:50:08.6050429Z # Subtest: untrusted output is bounded before it reaches application memory or artifacts
2026-10-08T12:50:08.6051884Z ok 10 - untrusted output is bounded before it reaches application memory or artifacts
2026-10-08T12:50:08.6052874Z   ---
2026-10-08T12:50:08.6053335Z   duration_ms: 158.503005
2026-10-08T12:50:08.6053840Z   type: 'test'
2026-10-08T12:50:08.6054281Z   ...
2026-10-08T12:50:08.6163170Z 1..10
2026-10-08T12:50:08.6163546Z # tests 10
2026-10-08T12:50:08.6163853Z # suites 0
2026-10-08T12:50:08.6164151Z # pass 10
2026-10-08T12:50:08.6179038Z # fail 0
2026-10-08T12:50:08.6179322Z # cancelled 0
2026-10-08T12:50:08.6179602Z # skipped 0
2026-10-08T12:50:08.6179856Z # todo 0
2026-10-08T12:50:08.6180186Z # duration_ms 21782.761267
2026-10-08T12:50:08.6621056Z ##[group]Run case "$COCREATE_CI_CGROUP_ROOT" in /sys/fs/cgroup/cocreate-ci-*) ;; *) exit 126 ;; esac
2026-10-08T12:50:08.6621685Z [36;1mcase "$COCREATE_CI_CGROUP_ROOT" in /sys/fs/cgroup/cocreate-ci-*) ;; *) exit 126 ;; esac[0m
2026-10-08T12:50:08.6622208Z [36;1msudo find "$COCREATE_CI_CGROUP_ROOT" -depth -type d -exec rmdir {} \;[0m
2026-10-08T12:50:08.6660793Z shell: /usr/bin/bash -e {0}
2026-10-08T12:50:08.6661048Z env:
2026-10-08T12:50:08.6661315Z   PNPM_HOME: /home/runner/setup-pnpm/node_modules/.bin
2026-10-08T12:50:08.6661705Z   COCREATE_CI_CGROUP_ROOT: /sys/fs/cgroup/cocreate-ci-37779466425-1
2026-10-08T12:50:08.6662047Z ##[endgroup]
2026-10-08T12:50:08.7000120Z Post job cleanup.
2026-10-08T12:50:08.8480775Z Pruning is unnecessary.
2026-10-08T12:50:08.8606453Z Post job cleanup.
2026-10-08T12:50:08.9510010Z [command]/usr/bin/git version
2026-10-08T12:50:08.9553421Z git version 2.55.0
2026-10-08T12:50:08.9591735Z Temporarily overriding HOME='/home/runner/work/_temp/cf14d94d-f855-4785-8f3e-50f05b9828bd' before making global git config changes
2026-10-08T12:50:08.9593483Z Adding repository directory to the temporary git global config as a safe directory
2026-10-08T12:50:08.9598457Z [command]/usr/bin/git config --global --add safe.directory /home/runner/work/Cocreate/Cocreate
2026-10-08T12:50:08.9641188Z [command]/usr/bin/git config --local --name-only --get-regexp core\.sshCommand
2026-10-08T12:50:08.9681496Z [command]/usr/bin/git submodule foreach --recursive sh -c "git config --local --name-only --get-regexp 'core\.sshCommand' && git config --local --unset-all 'core.sshCommand' || :"
2026-10-08T12:50:08.9920207Z [command]/usr/bin/git config --local --name-only --get-regexp http\.https\:\/\/github\.com\/\.extraheader
2026-10-08T12:50:08.9954791Z http.https://github.com/.extraheader
2026-10-08T12:50:08.9975667Z [command]/usr/bin/git config --local --unset-all http.https://github.com/.extraheader
2026-10-08T12:50:09.0030331Z [command]/usr/bin/git submodule foreach --recursive sh -c "git config --local --name-only --get-regexp 'http\.https\:\/\/github\.com\/\.extraheader' && git config --local --unset-all 'http.https://github.com/.extraheader' || :"
2026-10-08T12:50:09.0337152Z [command]/usr/bin/git config --local --name-only --get-regexp ^includeIf\.gitdir:
2026-10-08T12:50:09.0412926Z [command]/usr/bin/git submodule foreach --recursive git config --local --show-origin --name-only --get-regexp remote.origin.url
2026-10-08T12:50:09.0838668Z Cleaning up orphan processes
2026-10-08T12:50:09.1175060Z ##[warning]Node.js 20 is deprecated. The following actions target Node.js 20 but are being forced to run on Node.js 24: actions/checkout@11d5960a326750d5838078e36cf38b85af677262, actions/setup-node@49933ea5288caeca8642d1e84afbd3f7d6820020, pnpm/action-setup@f40ffcd9367d9f12939873eb1018b921a783ffaa. For more information see: https://github.blog/changelog/2025-09-19-deprecation-of-node-20-on-github-actions-runners/
