2026-10-08T12:38:20.1275403Z Current runner version: '2.337.0'
2026-10-08T12:38:20.1292892Z ##[group]Runner Image Provisioner
2026-10-08T12:38:20.1293484Z Hosted Compute Agent
2026-10-08T12:38:20.1293818Z Version: 20261002.596
2026-10-08T12:38:20.1294168Z Commit: c3d12f3313a95f25162a1503be624f3b0617f8c0
2026-10-08T12:38:20.1294604Z Build Date: 2026-10-02T22:28:27Z
2026-10-08T12:38:20.1295014Z Worker ID: {bf8ee43c-4c50-4157-b475-224146ca0cd2}
2026-10-08T12:38:20.1295424Z Region: centralus
2026-10-08T12:38:20.1295741Z Cloud: Azure
2026-10-08T12:38:20.1296033Z ##[endgroup]
2026-10-08T12:38:20.1296803Z ##[group]Operating System
2026-10-08T12:38:20.1297144Z Ubuntu
2026-10-08T12:38:20.1297448Z 22.04.5
2026-10-08T12:38:20.1297743Z LTS
2026-10-08T12:38:20.1298025Z ##[endgroup]
2026-10-08T12:38:20.1298520Z ##[group]Runner Image
2026-10-08T12:38:20.1298885Z Image: ubuntu-22.04
2026-10-08T12:38:20.1299211Z Version: 20261004.315.1
2026-10-08T12:38:20.1299931Z Included Software: https://github.com/actions/runner-images/blob/ubuntu22/20261004.315/images/ubuntu/Ubuntu2204-Readme.md
2026-10-08T12:38:20.1300914Z Image Release: https://github.com/actions/runner-images/releases/tag/ubuntu22%2F20261004.315
2026-10-08T12:38:20.1301468Z ##[endgroup]
2026-10-08T12:38:20.1302097Z ##[group]GITHUB_TOKEN Permissions
2026-10-08T12:38:20.1303348Z Contents: read
2026-10-08T12:38:20.1303690Z Metadata: read
2026-10-08T12:38:20.1304019Z ##[endgroup]
2026-10-08T12:38:20.1305352Z Secret source: Actions
2026-10-08T12:38:20.1305904Z Cache mode: write
2026-10-08T12:38:20.1306298Z Prepare workflow directory
2026-10-08T12:38:20.1568612Z Prepare all required actions
2026-10-08T12:38:20.1599874Z Getting action download info
2026-10-08T12:38:20.4132259Z Download action repository 'actions/checkout@11d5960a326750d5838078e36cf38b85af677262' (SHA:11d5960a326750d5838078e36cf38b85af677262)
2026-10-08T12:38:20.4736495Z Download action repository 'pnpm/action-setup@f40ffcd9367d9f12939873eb1018b921a783ffaa' (SHA:f40ffcd9367d9f12939873eb1018b921a783ffaa)
2026-10-08T12:38:20.8631925Z Download action repository 'actions/setup-node@49933ea5288caeca8642d1e84afbd3f7d6820020' (SHA:49933ea5288caeca8642d1e84afbd3f7d6820020)
2026-10-08T12:38:21.1091433Z Complete job name: verify
2026-10-08T12:38:21.1655216Z ##[group]Run actions/checkout@11d5960a326750d5838078e36cf38b85af677262
2026-10-08T12:38:21.1656174Z with:
2026-10-08T12:38:21.1656650Z   repository: DD7780/Cocreate
2026-10-08T12:38:21.1661536Z   token: ***
2026-10-08T12:38:21.1662008Z   ssh-strict: true
2026-10-08T12:38:21.1662486Z   ssh-user: git
2026-10-08T12:38:21.1662986Z   persist-credentials: true
2026-10-08T12:38:21.1663532Z   clean: true
2026-10-08T12:38:21.1664047Z   sparse-checkout-cone-mode: true
2026-10-08T12:38:21.1664630Z   fetch-depth: 1
2026-10-08T12:38:21.1665140Z   fetch-tags: false
2026-10-08T12:38:21.1665644Z   show-progress: true
2026-10-08T12:38:21.1666142Z   lfs: false
2026-10-08T12:38:21.1666616Z   submodules: false
2026-10-08T12:38:21.1667132Z   set-safe-directory: true
2026-10-08T12:38:21.1667704Z   allow-unsafe-pr-checkout: false
2026-10-08T12:38:21.1668405Z ##[endgroup]
2026-10-08T12:38:21.2298146Z Syncing repository: DD7780/Cocreate
2026-10-08T12:38:21.2300778Z ##[group]Getting Git version info
2026-10-08T12:38:21.2302105Z Working directory is '/home/runner/work/Cocreate/Cocreate'
2026-10-08T12:38:21.2303887Z [command]/usr/bin/git version
2026-10-08T12:38:21.2304788Z git version 2.55.0
2026-10-08T12:38:21.2307427Z ##[endgroup]
2026-10-08T12:38:21.2322422Z Temporarily overriding HOME='/home/runner/work/_temp/a96ae443-3dfe-49aa-a7b9-cd6349882c1f' before making global git config changes
2026-10-08T12:38:21.2325060Z Adding repository directory to the temporary git global config as a safe directory
2026-10-08T12:38:21.2326617Z [command]/usr/bin/git config --global --add safe.directory /home/runner/work/Cocreate/Cocreate
2026-10-08T12:38:21.2345459Z Deleting the contents of '/home/runner/work/Cocreate/Cocreate'
2026-10-08T12:38:21.2348751Z ##[group]Initializing the repository
2026-10-08T12:38:21.2351943Z [command]/usr/bin/git init /home/runner/work/Cocreate/Cocreate
2026-10-08T12:38:21.2446941Z hint: Using 'master' as the name for the initial branch. This default branch name
2026-10-08T12:38:21.2448855Z hint: will change to "main" in Git 3.0. To configure the initial branch name
2026-10-08T12:38:21.2450565Z hint: to use in all of your new repositories, which will suppress this warning,
2026-10-08T12:38:21.2451855Z hint: call:
2026-10-08T12:38:21.2452704Z hint:
2026-10-08T12:38:21.2453575Z hint: 	git config --global init.defaultBranch <name>
2026-10-08T12:38:21.2454615Z hint:
2026-10-08T12:38:21.2455593Z hint: Names commonly chosen instead of 'master' are 'main', 'trunk' and
2026-10-08T12:38:21.2457253Z hint: 'development'. The just-created branch can be renamed via this command:
2026-10-08T12:38:21.2458516Z hint:
2026-10-08T12:38:21.2459181Z hint: 	git branch -m <name>
2026-10-08T12:38:21.2459959Z hint:
2026-10-08T12:38:21.2461127Z hint: Disable this message with "git config set advice.defaultBranchName false"
2026-10-08T12:38:21.2463164Z Initialized empty Git repository in /home/runner/work/Cocreate/Cocreate/.git/
2026-10-08T12:38:21.2466767Z [command]/usr/bin/git remote add origin https://github.com/DD7780/Cocreate
2026-10-08T12:38:21.2481058Z ##[endgroup]
2026-10-08T12:38:21.2487029Z ##[group]Disabling automatic garbage collection
2026-10-08T12:38:21.2490599Z [command]/usr/bin/git config --local gc.auto 0
2026-10-08T12:38:21.2509300Z ##[endgroup]
2026-10-08T12:38:21.2510779Z ##[group]Setting up auth
2026-10-08T12:38:21.2514201Z [command]/usr/bin/git config --local --name-only --get-regexp core\.sshCommand
2026-10-08T12:38:21.2537258Z [command]/usr/bin/git submodule foreach --recursive sh -c "git config --local --name-only --get-regexp 'core\.sshCommand' && git config --local --unset-all 'core.sshCommand' || :"
2026-10-08T12:38:21.2742216Z [command]/usr/bin/git config --local --name-only --get-regexp http\.https\:\/\/github\.com\/\.extraheader
2026-10-08T12:38:21.2746122Z [command]/usr/bin/git submodule foreach --recursive sh -c "git config --local --name-only --get-regexp 'http\.https\:\/\/github\.com\/\.extraheader' && git config --local --unset-all 'http.https://github.com/.extraheader' || :"
2026-10-08T12:38:21.2863767Z [command]/usr/bin/git config --local --name-only --get-regexp ^includeIf\.gitdir:
2026-10-08T12:38:21.2882697Z [command]/usr/bin/git submodule foreach --recursive git config --local --show-origin --name-only --get-regexp remote.origin.url
2026-10-08T12:38:21.2987682Z [command]/usr/bin/git config --local http.https://github.com/.extraheader AUTHORIZATION: basic ***
2026-10-08T12:38:21.3010142Z ##[endgroup]
2026-10-08T12:38:21.3011502Z ##[group]Fetching the repository
2026-10-08T12:38:21.3018077Z [command]/usr/bin/git -c protocol.version=2 fetch --no-tags --prune --no-recurse-submodules --depth=1 origin +247e4a81c2397a66c004326efd5f1333635db1ad:refs/remotes/origin/codex/prelaunch-beta
2026-10-08T12:38:22.1867853Z From https://github.com/DD7780/Cocreate
2026-10-08T12:38:22.1868417Z  * [new ref]         247e4a81c2397a66c004326efd5f1333635db1ad -> origin/codex/prelaunch-beta
2026-10-08T12:38:22.1872204Z ##[endgroup]
2026-10-08T12:38:22.1872723Z ##[group]Determining the checkout info
2026-10-08T12:38:22.1874655Z ##[endgroup]
2026-10-08T12:38:22.1879607Z [command]/usr/bin/git sparse-checkout disable
2026-10-08T12:38:22.1906781Z [command]/usr/bin/git config --local --unset-all extensions.worktreeConfig
2026-10-08T12:38:22.1923861Z ##[group]Checking out the ref
2026-10-08T12:38:22.1926608Z [command]/usr/bin/git checkout --progress --force -B codex/prelaunch-beta refs/remotes/origin/codex/prelaunch-beta
2026-10-08T12:38:22.2433036Z Switched to a new branch 'codex/prelaunch-beta'
2026-10-08T12:38:22.2433857Z branch 'codex/prelaunch-beta' set up to track 'origin/codex/prelaunch-beta'.
2026-10-08T12:38:22.2437565Z ##[endgroup]
2026-10-08T12:38:22.2461860Z [command]/usr/bin/git log -1 --format=%H
2026-10-08T12:38:22.2473657Z 247e4a81c2397a66c004326efd5f1333635db1ad
2026-10-08T12:38:22.2685173Z ##[group]Run pnpm/action-setup@f40ffcd9367d9f12939873eb1018b921a783ffaa
2026-10-08T12:38:22.2685639Z with:
2026-10-08T12:38:22.2685845Z   version: 10.18.3
2026-10-08T12:38:22.2686059Z   dest: ~/setup-pnpm
2026-10-08T12:38:22.2686275Z   run_install: null
2026-10-08T12:38:22.2686493Z   cache: false
2026-10-08T12:38:22.2686716Z   cache_dependency_path: pnpm-lock.yaml
2026-10-08T12:38:22.2686992Z   package_json_file: package.json
2026-10-08T12:38:22.2687233Z   standalone: false
2026-10-08T12:38:22.2687460Z ##[endgroup]
2026-10-08T12:38:22.3541667Z ##[group]Running self-installer...
2026-10-08T12:38:22.5932016Z (node:1937) [DEP0169] DeprecationWarning: `url.parse()` behavior is not standardized and prone to errors that have security implications. Use the WHATWG URL API instead. CVEs are not issued for `url.parse()` vulnerabilities.
2026-10-08T12:38:22.5932849Z (Use `node --trace-deprecation ...` to show where the warning was created)
2026-10-08T12:38:22.7713820Z Progress: resolved 1, reused 0, downloaded 0, added 0
2026-10-08T12:38:22.7792854Z Packages: +1
2026-10-08T12:38:22.7793427Z +
2026-10-08T12:38:23.0197609Z Progress: resolved 1, reused 0, downloaded 1, added 1, done
2026-10-08T12:38:23.0421085Z 
2026-10-08T12:38:23.0421602Z dependencies:
2026-10-08T12:38:23.0421817Z + pnpm 10.18.3 (12.10.1 is available)
2026-10-08T12:38:23.0421959Z 
2026-10-08T12:38:23.0439107Z Done in 580ms
2026-10-08T12:38:23.0533646Z ##[endgroup]
2026-10-08T12:38:23.0533917Z Installation Completed!
2026-10-08T12:38:23.0647548Z ##[group]Run actions/setup-node@49933ea5288caeca8642d1e84afbd3f7d6820020
2026-10-08T12:38:23.0647798Z with:
2026-10-08T12:38:23.0647922Z   node-version: 22
2026-10-08T12:38:23.0648045Z   cache: pnpm
2026-10-08T12:38:23.0648161Z   always-auth: false
2026-10-08T12:38:23.0648293Z   check-latest: false
2026-10-08T12:38:23.0649740Z   token: ***
2026-10-08T12:38:23.0649858Z env:
2026-10-08T12:38:23.0650018Z   PNPM_HOME: /home/runner/setup-pnpm/node_modules/.bin
2026-10-08T12:38:23.0650224Z ##[endgroup]
2026-10-08T12:38:23.1586934Z (node:1952) [DEP0040] DeprecationWarning: The `punycode` module is deprecated. Please use a userland alternative instead.
2026-10-08T12:38:23.1587383Z (Use `node --trace-deprecation ...` to show where the warning was created)
2026-10-08T12:38:23.1590943Z Found in cache @ /opt/hostedtoolcache/node/22.23.3/x64
2026-10-08T12:38:23.1591372Z ##[group]Environment details
2026-10-08T12:38:24.6322052Z node: v22.23.3
2026-10-08T12:38:24.6322323Z npm: 10.9.9
2026-10-08T12:38:24.6322647Z yarn: 1.22.22
2026-10-08T12:38:24.6323536Z ##[endgroup]
2026-10-08T12:38:24.6351793Z [command]/home/runner/setup-pnpm/node_modules/.bin/pnpm store path --silent
2026-10-08T12:38:24.8475041Z /home/runner/setup-pnpm/node_modules/.bin/store/v10
2026-10-08T12:38:24.9980595Z pnpm cache is not found
2026-10-08T12:38:25.0069837Z ##[group]Run pnpm install --frozen-lockfile
2026-10-08T12:38:25.0070095Z [36;1mpnpm install --frozen-lockfile[0m
2026-10-08T12:38:25.0310973Z shell: /usr/bin/bash -e {0}
2026-10-08T12:38:25.0311168Z env:
2026-10-08T12:38:25.0311340Z   PNPM_HOME: /home/runner/setup-pnpm/node_modules/.bin
2026-10-08T12:38:25.0311554Z ##[endgroup]
2026-10-08T12:38:25.2306849Z Lockfile is up to date, resolution step is skipped
2026-10-08T12:38:25.2626344Z Progress: resolved 1, reused 0, downloaded 0, added 0
2026-10-08T12:38:25.2913815Z Packages: +408
2026-10-08T12:38:25.2914343Z ++++++++++++++++++++++++++++++++++++++++++++++++++++++++++++++++++++++++++++++++
2026-10-08T12:38:26.2642493Z Progress: resolved 408, reused 0, downloaded 245, added 242
2026-10-08T12:38:27.2652177Z Progress: resolved 408, reused 0, downloaded 393, added 383
2026-10-08T12:38:27.7342188Z Progress: resolved 408, reused 0, downloaded 408, added 408, done
2026-10-08T12:38:27.8312792Z .../node_modules/@prisma/engines postinstall$ node scripts/postinstall.js
2026-10-08T12:38:27.8449649Z .../esbuild@0.28.2/node_modules/esbuild postinstall$ node install.js
2026-10-08T12:38:27.8454220Z .../esbuild@0.28.1/node_modules/esbuild postinstall$ node install.js
2026-10-08T12:38:27.8459554Z .../esbuild@0.25.12/node_modules/esbuild postinstall$ node install.js
2026-10-08T12:38:27.8464320Z .../node_modules/workerd postinstall$ node install.js
2026-10-08T12:38:27.9007988Z .../esbuild@0.28.2/node_modules/esbuild postinstall: Done
2026-10-08T12:38:27.9458171Z .../esbuild@0.28.1/node_modules/esbuild postinstall: Done
2026-10-08T12:38:27.9479691Z .../esbuild@0.25.12/node_modules/esbuild postinstall: Done
2026-10-08T12:38:28.8957894Z .../node_modules/@prisma/engines postinstall: Done
2026-10-08T12:38:29.0430792Z .../node_modules/workerd postinstall: Done
2026-10-08T12:38:29.2199194Z .../node_modules/prisma preinstall$ node scripts/preinstall-entry.js
2026-10-08T12:38:29.2531679Z .../node_modules/prisma preinstall: Done
2026-10-08T12:38:29.4398378Z 
2026-10-08T12:38:29.4399023Z dependencies:
2026-10-08T12:38:29.4399372Z + @cloudflare/containers 0.3.7
2026-10-08T12:38:29.4399679Z + @supabase/server 1.8.0
2026-10-08T12:38:29.4399947Z + @supabase/supabase-js 2.117.0
2026-10-08T12:38:29.4400228Z + @tiptap/extension-collaboration 3.31.3
2026-10-08T12:38:29.4400766Z + @tiptap/extension-collaboration-caret 3.31.3
2026-10-08T12:38:29.4401058Z + @tiptap/react 3.31.3
2026-10-08T12:38:29.4401343Z + @tiptap/starter-kit 3.31.3
2026-10-08T12:38:29.4401584Z + @vitejs/plugin-react 5.2.0
2026-10-08T12:38:29.4401812Z + cross-env 10.1.0
2026-10-08T12:38:29.4402014Z + dotenv 17.4.2
2026-10-08T12:38:29.4402203Z + esbuild 0.25.12
2026-10-08T12:38:29.4402386Z + esbuild-wasm 0.25.12
2026-10-08T12:38:29.4402567Z + express 5.2.1
2026-10-08T12:38:29.4402818Z + lucide-react 0.468.0
2026-10-08T12:38:29.4403012Z + react 19.2.8
2026-10-08T12:38:29.4403195Z + react-dom 19.2.8
2026-10-08T12:38:29.4403353Z + vite 7.3.6
2026-10-08T12:38:29.4403464Z + ws 8.21.3
2026-10-08T12:38:29.4403651Z + y-protocols 1.0.7
2026-10-08T12:38:29.4403833Z + yjs 13.6.32
2026-10-08T12:38:29.4403938Z 
2026-10-08T12:38:29.4404019Z devDependencies:
2026-10-08T12:38:29.4404235Z + @prisma/adapter-pg 7.10.0
2026-10-08T12:38:29.4404471Z + @prisma/client 7.10.0
2026-10-08T12:38:29.4404692Z + @types/express 5.0.6
2026-10-08T12:38:29.4404910Z + @types/node 22.20.1
2026-10-08T12:38:29.4405056Z + @types/pg 8.23.1
2026-10-08T12:38:29.4405178Z + @types/react 19.2.18
2026-10-08T12:38:29.4405311Z + @types/react-dom 19.2.7
2026-10-08T12:38:29.4405448Z + @types/ws 8.18.1
2026-10-08T12:38:29.4405560Z + pg 8.23.0
2026-10-08T12:38:29.4405670Z + prisma 7.10.0
2026-10-08T12:38:29.4405782Z + tsx 4.23.13
2026-10-08T12:38:29.4405898Z + typescript 5.9.3
2026-10-08T12:38:29.4406016Z + wrangler 4.131.1
2026-10-08T12:38:29.4406086Z 
2026-10-08T12:38:29.5124832Z Done in 4.4s using pnpm v10.18.3
2026-10-08T12:38:29.5318309Z ##[group]Run pnpm check:boundaries
2026-10-08T12:38:29.5318528Z [36;1mpnpm check:boundaries[0m
2026-10-08T12:38:29.5348616Z shell: /usr/bin/bash -e {0}
2026-10-08T12:38:29.5348755Z env:
2026-10-08T12:38:29.5348905Z   PNPM_HOME: /home/runner/setup-pnpm/node_modules/.bin
2026-10-08T12:38:29.5349079Z ##[endgroup]
2026-10-08T12:38:29.6905968Z 
2026-10-08T12:38:29.6906673Z > cocreate@1.0.0 check:boundaries /home/runner/work/Cocreate/Cocreate
2026-10-08T12:38:29.6907023Z > tsx scripts/codebase-audit.ts --check
2026-10-08T12:38:29.6907144Z 
2026-10-08T12:38:30.7347720Z Audited 142 files; 1 static candidates; 0 boundary violations.
2026-10-08T12:38:30.7348972Z Jev: 0 physical requests, 0 input tokens with known usage, known-usage estimate $0.000000; unknown requests retain their reservation.
2026-10-08T12:38:30.7349400Z Report: artifacts/codebase-audit/report.json
2026-10-08T12:38:30.7565219Z ##[group]Run pnpm build
2026-10-08T12:38:30.7565414Z [36;1mpnpm build[0m
2026-10-08T12:38:30.7597540Z shell: /usr/bin/bash -e {0}
2026-10-08T12:38:30.7597699Z env:
2026-10-08T12:38:30.7597852Z   PNPM_HOME: /home/runner/setup-pnpm/node_modules/.bin
2026-10-08T12:38:30.7598045Z ##[endgroup]
2026-10-08T12:38:30.9247217Z 
2026-10-08T12:38:30.9247806Z > cocreate@1.0.0 build /home/runner/work/Cocreate/Cocreate
2026-10-08T12:38:30.9248135Z > tsc --noEmit && vite build --configLoader runner
2026-10-08T12:38:30.9248267Z 
2026-10-08T12:38:36.1452154Z [36mvite v7.3.6 [32mbuilding client environment for production...[36m[39m
2026-10-08T12:38:36.1924649Z transforming...
2026-10-08T12:38:38.5646183Z [32m✓[39m 1749 modules transformed.
2026-10-08T12:38:38.7440664Z rendering chunks...
2026-10-08T12:38:38.8979113Z computing gzip size...
2026-10-08T12:38:38.9124893Z [2mdist/[22m[32mindex.html                           [39m[1m[2m  0.44 kB[22m[1m[22m[2m │ gzip:   0.30 kB[22m
2026-10-08T12:38:38.9126075Z [2mdist/[22m[2massets/[22m[35mApp-BqUO_rW7.css              [39m[1m[2m  2.56 kB[22m[1m[22m[2m │ gzip:   0.85 kB[22m
2026-10-08T12:38:38.9126953Z [2mdist/[22m[2massets/[22m[35mLandingPage-CNj4pefA.css      [39m[1m[2m 13.13 kB[22m[1m[22m[2m │ gzip:   2.95 kB[22m
2026-10-08T12:38:38.9127840Z [2mdist/[22m[2massets/[22m[35mindex-cyLHvudv.css            [39m[1m[2m 75.38 kB[22m[1m[22m[2m │ gzip:  14.48 kB[22m
2026-10-08T12:38:38.9128658Z [2mdist/[22m[2massets/[22m[36musers-S0nR_fpD.js             [39m[1m[2m  0.69 kB[22m[1m[22m[2m │ gzip:   0.39 kB[22m
2026-10-08T12:38:38.9129159Z [33m
2026-10-08T12:38:38.9129769Z [2mdist/[22m[2massets/[22m[36mcreateLucideIcon-DS0f-70M.js  [39m[1m[2m  0.89 kB[22m[1m[22m[2m │ gzip:   0.55 kB[22m
2026-10-08T12:38:38.9130567Z (!) Some chunks are larger than 500 kB after minification. Consider:
2026-10-08T12:38:38.9130975Z - Using dynamic import() to code-split the application
2026-10-08T12:38:38.9131690Z - Use build.rollupOptions.output.manualChunks to improve chunking: https://rollupjs.org/configuration-options/#output-manualchunks
2026-10-08T12:38:38.9132465Z - Adjust chunk size limit for this warning via build.chunkSizeWarningLimit.[39m
2026-10-08T12:38:38.9133221Z [2mdist/[22m[2massets/[22m[36mx-CYlEPbUI.js                 [39m[1m[2m  1.70 kB[22m[1m[22m[2m │ gzip:   0.78 kB[22m
2026-10-08T12:38:38.9133990Z [2mdist/[22m[2massets/[22m[36mLandingPage-CklZAjP2.js       [39m[1m[2m 15.33 kB[22m[1m[22m[2m │ gzip:   4.92 kB[22m
2026-10-08T12:38:38.9134906Z [2mdist/[22m[2massets/[22m[36mProjectApp-CEhcL8gy.js        [39m[1m[2m 29.68 kB[22m[1m[22m[2m │ gzip:   9.01 kB[22m
2026-10-08T12:38:38.9135783Z [2mdist/[22m[2massets/[22m[36mindex-5SCWldx6.js             [39m[1m[2m421.72 kB[22m[1m[22m[2m │ gzip: 121.23 kB[22m
2026-10-08T12:38:38.9136643Z [2mdist/[22m[2massets/[22m[36mApp-thYYHyMP.js               [39m[1m[33m583.75 kB[39m[22m[2m │ gzip: 185.76 kB[22m
2026-10-08T12:38:38.9137382Z [32m✓ built in 2.75s[39m
2026-10-08T12:38:38.9524912Z ##[group]Run node --input-type=module <<'NODE'
2026-10-08T12:38:38.9525143Z [36;1mnode --input-type=module <<'NODE'[0m
2026-10-08T12:38:38.9525307Z [36;1mimport fs from 'node:fs';[0m
2026-10-08T12:38:38.9525484Z [36;1mimport {spawnSync} from 'node:child_process';[0m
2026-10-08T12:38:38.9525755Z [36;1mconst {image_vars} = JSON.parse(fs.readFileSync('wrangler.jsonc', 'utf8')).containers[0];[0m
2026-10-08T12:38:38.9526150Z [36;1mconst names = ['VITE_COCREATE_AUTH_MODE', 'VITE_COCREATE_APP_ORIGIN', 'VITE_SUPABASE_URL', 'VITE_SUPABASE_PUBLISHABLE_KEY'];[0m
2026-10-08T12:38:38.9526497Z [36;1mconst args = ['build', '--tag', 'cocreate-check'];[0m
2026-10-08T12:38:38.9526684Z [36;1mfor (const name of names) {[0m
2026-10-08T12:38:38.9526939Z [36;1m  if (typeof image_vars[name] !== 'string') throw new Error(`Missing public build variable: ${name}`);[0m
2026-10-08T12:38:38.9527238Z [36;1m  args.push('--build-arg', `${name}=${image_vars[name]}`);[0m
2026-10-08T12:38:38.9527468Z [36;1m}[0m
2026-10-08T12:38:38.9527648Z [36;1mconst result = spawnSync('docker', [...args, '.'], {stdio: 'inherit'});[0m
2026-10-08T12:38:38.9527875Z [36;1mif (result.error) throw result.error;[0m
2026-10-08T12:38:38.9528045Z [36;1mprocess.exit(result.status ?? 1);[0m
2026-10-08T12:38:38.9528192Z [36;1mNODE[0m
2026-10-08T12:38:38.9557782Z shell: /usr/bin/bash -e {0}
2026-10-08T12:38:38.9557924Z env:
2026-10-08T12:38:38.9558074Z   PNPM_HOME: /home/runner/setup-pnpm/node_modules/.bin
2026-10-08T12:38:38.9558356Z ##[endgroup]
2026-10-08T12:38:39.2191188Z #0 building with "default" instance using docker driver
2026-10-08T12:38:39.2191875Z 
2026-10-08T12:38:39.2192189Z #1 [internal] load build definition from Dockerfile
2026-10-08T12:38:39.2192633Z #1 transferring dockerfile: 1.37kB done
2026-10-08T12:38:39.2193475Z #1 DONE 0.0s
2026-10-08T12:38:39.2193610Z 
2026-10-08T12:38:39.2193829Z #2 [auth] library/node:pull token for registry-1.docker.io
2026-10-08T12:38:39.3690912Z #2 DONE 0.0s
2026-10-08T12:38:39.3691099Z 
2026-10-08T12:38:39.3691312Z #3 [internal] load metadata for docker.io/library/node:22-bookworm-slim
2026-10-08T12:38:39.6898917Z #3 DONE 0.6s
2026-10-08T12:38:39.8015934Z 
2026-10-08T12:38:39.8016683Z #4 [internal] load .dockerignore
2026-10-08T12:38:39.8017083Z #4 transferring context: 248B done
2026-10-08T12:38:39.8017335Z #4 DONE 0.0s
2026-10-08T12:38:39.8017457Z 
2026-10-08T12:38:39.8017596Z #5 [internal] load build context
2026-10-08T12:38:39.8017856Z #5 transferring context: 19.31MB 0.1s done
2026-10-08T12:38:39.8018120Z #5 DONE 0.1s
2026-10-08T12:38:39.8018215Z 
2026-10-08T12:38:39.8018650Z #6 [ 1/11] FROM docker.io/library/node:22-bookworm-slim@sha256:c3de60bf2f9dd0ac6370e6117950ff62d6e339527e7472301c9c78a017978392
2026-10-08T12:38:39.8019442Z #6 resolve docker.io/library/node:22-bookworm-slim@sha256:c3de60bf2f9dd0ac6370e6117950ff62d6e339527e7472301c9c78a017978392 done
2026-10-08T12:38:39.8020213Z #6 sha256:d0a16be756b6ec6658aecb8b7bcf87fa6c7d0d7fcc6ca53ad14bb49a4c90bdd7 6.77kB / 6.77kB done
2026-10-08T12:38:39.8021083Z #6 sha256:7fd1ebe418b5079d4aa36f416af9b143d127bc75b0155d71cb5fd559b5e04d39 1.05MB / 28.25MB 0.1s
2026-10-08T12:38:39.8021811Z #6 sha256:f0400f4b55b0ad346bf6167a1b64a258e4d73db608c457798ce35e4ffeebfaaf 3.31kB / 3.31kB 0.1s done
2026-10-08T12:38:39.8022606Z #6 sha256:d22c69a95cf463f4cb74462bd2899597ce505d82bd4c01ceddf7845e12f13856 0B / 49.84MB 0.1s
2026-10-08T12:38:39.8023359Z #6 sha256:2cfab517365cfc6b4bd1f8c4cb01754884ef75bc38758b3c41e291c696f019f5 0B / 1.71MB 0.1s
2026-10-08T12:38:39.8024090Z #6 sha256:c3de60bf2f9dd0ac6370e6117950ff62d6e339527e7472301c9c78a017978392 5.22kB / 5.22kB done
2026-10-08T12:38:39.8024772Z #6 sha256:efd0ab5780c2d9ab1f0f869571a00d5edb17793bff4cce4a2792e3eb0ffc7562 1.93kB / 1.93kB done
2026-10-08T12:38:39.9024112Z #6 sha256:7fd1ebe418b5079d4aa36f416af9b143d127bc75b0155d71cb5fd559b5e04d39 28.25MB / 28.25MB 0.2s
2026-10-08T12:38:39.9024605Z #6 sha256:d22c69a95cf463f4cb74462bd2899597ce505d82bd4c01ceddf7845e12f13856 16.78MB / 49.84MB 0.2s
2026-10-08T12:38:39.9025285Z #6 sha256:2cfab517365cfc6b4bd1f8c4cb01754884ef75bc38758b3c41e291c696f019f5 1.05MB / 1.71MB 0.2s
2026-10-08T12:38:40.1024943Z #6 sha256:d22c69a95cf463f4cb74462bd2899597ce505d82bd4c01ceddf7845e12f13856 49.84MB / 49.84MB 0.4s
2026-10-08T12:38:40.1025439Z #6 sha256:2cfab517365cfc6b4bd1f8c4cb01754884ef75bc38758b3c41e291c696f019f5 1.71MB / 1.71MB 0.4s
2026-10-08T12:38:40.2811319Z #6 extracting sha256:7fd1ebe418b5079d4aa36f416af9b143d127bc75b0155d71cb5fd559b5e04d39
2026-10-08T12:38:40.3846358Z #6 sha256:7fd1ebe418b5079d4aa36f416af9b143d127bc75b0155d71cb5fd559b5e04d39 28.25MB / 28.25MB 0.5s done
2026-10-08T12:38:40.3847221Z #6 sha256:d22c69a95cf463f4cb74462bd2899597ce505d82bd4c01ceddf7845e12f13856 49.84MB / 49.84MB 0.6s done
2026-10-08T12:38:40.3847800Z #6 sha256:2cfab517365cfc6b4bd1f8c4cb01754884ef75bc38758b3c41e291c696f019f5 1.71MB / 1.71MB 0.6s done
2026-10-08T12:38:40.3848269Z #6 sha256:a8de9fa052209313d8e45435a8486e29b20eebaa820e2e7f63a7c3c94b4fa567 0B / 448B 0.6s
2026-10-08T12:38:40.4862542Z #6 sha256:a8de9fa052209313d8e45435a8486e29b20eebaa820e2e7f63a7c3c94b4fa567 448B / 448B 0.6s done
2026-10-08T12:38:40.9358204Z #6 extracting sha256:7fd1ebe418b5079d4aa36f416af9b143d127bc75b0155d71cb5fd559b5e04d39 0.5s done
2026-10-08T12:38:40.9358867Z #6 extracting sha256:f0400f4b55b0ad346bf6167a1b64a258e4d73db608c457798ce35e4ffeebfaaf done
2026-10-08T12:38:44.6409913Z #6 extracting sha256:d22c69a95cf463f4cb74462bd2899597ce505d82bd4c01ceddf7845e12f13856
2026-10-08T12:38:45.4673239Z #6 extracting sha256:d22c69a95cf463f4cb74462bd2899597ce505d82bd4c01ceddf7845e12f13856 0.7s done
2026-10-08T12:38:46.0993822Z #6 extracting sha256:2cfab517365cfc6b4bd1f8c4cb01754884ef75bc38758b3c41e291c696f019f5
2026-10-08T12:38:46.3163013Z #6 extracting sha256:2cfab517365cfc6b4bd1f8c4cb01754884ef75bc38758b3c41e291c696f019f5 0.0s done
2026-10-08T12:38:46.3163483Z #6 extracting sha256:a8de9fa052209313d8e45435a8486e29b20eebaa820e2e7f63a7c3c94b4fa567 done
2026-10-08T12:38:46.3163737Z #6 DONE 6.5s
2026-10-08T12:38:46.3163814Z 
2026-10-08T12:38:46.3163918Z #7 [ 2/11] WORKDIR /app
2026-10-08T12:38:46.3164055Z #7 DONE 0.0s
2026-10-08T12:38:46.3164121Z 
2026-10-08T12:38:46.3164199Z #8 [ 3/11] RUN corepack enable
2026-10-08T12:38:46.3164336Z #8 DONE 0.1s
2026-10-08T12:38:46.4256983Z 
2026-10-08T12:38:46.4257872Z #9 [ 4/11] RUN apt-get update && apt-get install -y --no-install-recommends bubblewrap util-linux chromium tini && rm -rf /var/lib/apt/lists/*
2026-10-08T12:38:46.4258419Z #9 0.109 Get:1 http://deb.debian.org/debian bookworm InRelease [151 kB]
2026-10-08T12:38:46.5507788Z #9 0.136 Get:2 http://deb.debian.org/debian bookworm-updates InRelease [55.4 kB]
2026-10-08T12:38:46.5508618Z #9 0.146 Get:3 http://deb.debian.org/debian-security bookworm-security InRelease [34.8 kB]
2026-10-08T12:38:46.5509427Z #9 0.169 Get:4 http://deb.debian.org/debian bookworm/main amd64 Packages [8790 kB]
2026-10-08T12:38:46.5510098Z #9 0.234 Get:5 http://deb.debian.org/debian bookworm-updates/main amd64 Packages [6924 B]
2026-10-08T12:38:46.7012684Z #9 0.234 Get:6 http://deb.debian.org/debian-security bookworm-security/main amd64 Packages [349 kB]
2026-10-08T12:38:47.1572317Z #9 0.840 Fetched 9388 kB in 1s (12.5 MB/s)
2026-10-08T12:38:47.4945083Z #9 0.840 Reading package lists...
2026-10-08T12:38:47.8040249Z #9 1.189 Reading package lists...
2026-10-08T12:38:47.9135680Z #9 1.494 Building dependency tree...
2026-10-08T12:38:47.9135954Z #9 1.597 Reading state information...
2026-10-08T12:38:48.1559488Z #9 1.688 util-linux is already the newest version (2.38.1-5+deb12u3).
2026-10-08T12:38:48.1559958Z #9 1.688 util-linux set to manually installed.
2026-10-08T12:38:48.1560216Z #9 1.688 The following additional packages will be installed:
2026-10-08T12:38:48.1560771Z #9 1.688   adwaita-icon-theme at-spi2-common chromium-common dbus dbus-bin dbus-daemon
2026-10-08T12:38:48.1561267Z #9 1.688   dbus-session-bus-common dbus-system-bus-common dbus-user-session
2026-10-08T12:38:48.1561780Z #9 1.689   dconf-gsettings-backend dconf-service dmsetup fontconfig fontconfig-config
2026-10-08T12:38:48.1562702Z #9 1.689   fonts-dejavu-core gtk-update-icon-cache hicolor-icon-theme libapparmor1
2026-10-08T12:38:48.1563040Z #9 1.689   libargon2-1 libasound2 libasound2-data libasyncns0 libatk-bridge2.0-0
2026-10-08T12:38:48.1563485Z #9 1.689   libatk1.0-0 libatspi2.0-0 libavahi-client3 libavahi-common-data
2026-10-08T12:38:48.1563977Z #9 1.689   libavahi-common3 libbrotli1 libbsd0 libcairo-gobject2 libcairo2 libcolord2
2026-10-08T12:38:48.1564489Z #9 1.689   libcryptsetup12 libcups2 libdatrie1 libdav1d6 libdbus-1-3 libdconf1
2026-10-08T12:38:48.1564988Z #9 1.689   libdeflate0 libdevmapper1.02.1 libdouble-conversion3 libdrm-amdgpu1
2026-10-08T12:38:48.1565505Z #9 1.689   libdrm-common libdrm-intel1 libdrm-nouveau2 libdrm-radeon1 libdrm2 libedit2
2026-10-08T12:38:48.1566024Z #9 1.689   libelf1 libepoxy0 libexpat1 libfdisk1 libflac12 libfontconfig1 libfontenc1
2026-10-08T12:38:48.1566586Z #9 1.689   libfreetype6 libfribidi0 libgbm1 libgdk-pixbuf-2.0-0 libgdk-pixbuf2.0-common
2026-10-08T12:38:48.1567173Z #9 1.689   libgl1 libgl1-mesa-dri libglapi-mesa libglib2.0-0 libglvnd0 libglx-mesa0
2026-10-08T12:38:48.1567717Z #9 1.689   libglx0 libgraphite2-3 libgssapi-krb5-2 libgtk-3-0 libgtk-3-common
2026-10-08T12:38:48.1568249Z #9 1.689   libharfbuzz-subset0 libharfbuzz0b libice6 libicu72 libip4tc2 libjbig0
2026-10-08T12:38:48.1568807Z #9 1.689   libjpeg62-turbo libjson-c5 libk5crypto3 libkeyutils1 libkmod2 libkrb5-3
2026-10-08T12:38:48.1569348Z #9 1.689   libkrb5support0 liblcms2-2 liblerc4 libllvm15 libminizip1 libmp3lame0
2026-10-08T12:38:48.1570035Z #9 1.689   libmpg123-0 libncursesw6 libnspr4 libnss3 libogg0 libopenh264-7 libopenjp2-7
2026-10-08T12:38:48.1570743Z #9 1.689   libopus0 libpam-systemd libpango-1.0-0 libpangocairo-1.0-0 libpangoft2-1.0-0
2026-10-08T12:38:48.1571155Z #9 1.689   libpciaccess0 libpixman-1-0 libpng16-16 libproc2-0 libpulse0
2026-10-08T12:38:48.1571461Z #9 1.689   libsensors-config libsensors5 libsm6 libsndfile1 libsqlite3-0 libssl3
2026-10-08T12:38:48.1571798Z #9 1.689   libsystemd-shared libthai-data libthai0 libtiff6 libvorbis0a libvorbisenc2
2026-10-08T12:38:48.1572139Z #9 1.689   libwayland-client0 libwayland-cursor0 libwayland-egl1 libwayland-server0
2026-10-08T12:38:48.1572488Z #9 1.689   libwebp7 libx11-6 libx11-data libx11-xcb1 libxau6 libxaw7 libxcb-dri2-0
2026-10-08T12:38:48.1572812Z #9 1.689   libxcb-dri3-0 libxcb-glx0 libxcb-present0 libxcb-randr0 libxcb-render0
2026-10-08T12:38:48.1573146Z #9 1.689   libxcb-shape0 libxcb-shm0 libxcb-sync1 libxcb-xfixes0 libxcb1 libxcomposite1
2026-10-08T12:38:48.1573482Z #9 1.689   libxcursor1 libxdamage1 libxdmcp6 libxext6 libxfixes3 libxft2 libxi6
2026-10-08T12:38:48.1573810Z #9 1.689   libxinerama1 libxkbcommon0 libxkbfile1 libxml2 libxmu6 libxmuu1 libxnvctrl0
2026-10-08T12:38:48.1574131Z #9 1.689   libxpm4 libxrandr2 libxrender1 libxshmfence1 libxt6 libxtst6 libxv1
2026-10-08T12:38:48.1574434Z #9 1.689   libxxf86dga1 libxxf86vm1 libz3-4 procps shared-mime-info systemd
2026-10-08T12:38:48.1574714Z #9 1.689   systemd-sysv x11-common x11-utils xdg-utils xkb-data
2026-10-08T12:38:48.1574922Z #9 1.689 Suggested packages:
2026-10-08T12:38:48.1575188Z #9 1.689   chromium-l10n chromium-shell chromium-driver libasound2-plugins alsa-utils
2026-10-08T12:38:48.1575532Z #9 1.689   colord cups-common low-memory-monitor krb5-doc krb5-user gvfs liblcms2-utils
2026-10-08T12:38:48.1575877Z #9 1.689   opus-tools pciutils pulseaudio lm-sensors systemd-container systemd-homed
2026-10-08T12:38:48.1576240Z #9 1.689   systemd-userdbd systemd-boot systemd-resolved libfido2-1 libqrencode4
2026-10-08T12:38:48.1576557Z #9 1.689   libtss2-esys-3.0.2-0 libtss2-mu0 libtss2-rc0 polkitd | policykit-1
2026-10-08T12:38:48.1576775Z #9 1.689   mesa-utils
2026-10-08T12:38:48.1576937Z #9 1.689 Recommended packages:
2026-10-08T12:38:48.1577174Z #9 1.689   librsvg2-common upower udev fonts-liberation notification-daemon
2026-10-08T12:38:48.1577493Z #9 1.689   system-config-printer alsa-ucm-conf alsa-topology-conf at-spi2-core
2026-10-08T12:38:48.1577896Z #9 1.689   libgdk-pixbuf2.0-bin libglib2.0-data xdg-user-dirs libgtk-3-bin krb5-locales
2026-10-08T12:38:48.1578210Z #9 1.689   libgpm2 psmisc systemd-timesyncd | time-daemon libnss-systemd
2026-10-08T12:38:48.1578501Z #9 1.689   libfile-mimeinfo-perl libnet-dbus-perl libx11-protocol-perl
2026-10-08T12:38:48.1578715Z #9 1.689   x11-xserver-utils
2026-10-08T12:38:48.4571943Z #9 2.140 The following NEW packages will be installed:
2026-10-08T12:38:48.5915717Z #9 2.140   adwaita-icon-theme at-spi2-common bubblewrap chromium chromium-common dbus
2026-10-08T12:38:48.5916523Z #9 2.140   dbus-bin dbus-daemon dbus-session-bus-common dbus-system-bus-common
2026-10-08T12:38:48.5916911Z #9 2.140   dbus-user-session dconf-gsettings-backend dconf-service dmsetup fontconfig
2026-10-08T12:38:48.5917265Z #9 2.141   fontconfig-config fonts-dejavu-core gtk-update-icon-cache hicolor-icon-theme
2026-10-08T12:38:48.5917733Z #9 2.141   libapparmor1 libargon2-1 libasound2 libasound2-data libasyncns0
2026-10-08T12:38:48.5918264Z #9 2.141   libatk-bridge2.0-0 libatk1.0-0 libatspi2.0-0 libavahi-client3
2026-10-08T12:38:48.5918801Z #9 2.141   libavahi-common-data libavahi-common3 libbrotli1 libbsd0 libcairo-gobject2
2026-10-08T12:38:48.5919345Z #9 2.141   libcairo2 libcolord2 libcryptsetup12 libcups2 libdatrie1 libdav1d6
2026-10-08T12:38:48.5919675Z #9 2.141   libdbus-1-3 libdconf1 libdeflate0 libdevmapper1.02.1 libdouble-conversion3
2026-10-08T12:38:48.5920091Z #9 2.141   libdrm-amdgpu1 libdrm-common libdrm-intel1 libdrm-nouveau2 libdrm-radeon1
2026-10-08T12:38:48.5920730Z #9 2.141   libdrm2 libedit2 libelf1 libepoxy0 libexpat1 libfdisk1 libflac12
2026-10-08T12:38:48.5921015Z #9 2.141   libfontconfig1 libfontenc1 libfreetype6 libfribidi0 libgbm1
2026-10-08T12:38:48.5921314Z #9 2.141   libgdk-pixbuf-2.0-0 libgdk-pixbuf2.0-common libgl1 libgl1-mesa-dri
2026-10-08T12:38:48.5921632Z #9 2.141   libglapi-mesa libglib2.0-0 libglvnd0 libglx-mesa0 libglx0 libgraphite2-3
2026-10-08T12:38:48.5921940Z #9 2.141   libgssapi-krb5-2 libgtk-3-0 libgtk-3-common libharfbuzz-subset0
2026-10-08T12:38:48.5922263Z #9 2.141   libharfbuzz0b libice6 libicu72 libip4tc2 libjbig0 libjpeg62-turbo libjson-c5
2026-10-08T12:38:48.5922593Z #9 2.141   libk5crypto3 libkeyutils1 libkmod2 libkrb5-3 libkrb5support0 liblcms2-2
2026-10-08T12:38:48.5922925Z #9 2.141   liblerc4 libllvm15 libminizip1 libmp3lame0 libmpg123-0 libncursesw6 libnspr4
2026-10-08T12:38:48.5923240Z #9 2.141   libnss3 libogg0 libopenh264-7 libopenjp2-7 libopus0 libpam-systemd
2026-10-08T12:38:48.5923536Z #9 2.141   libpango-1.0-0 libpangocairo-1.0-0 libpangoft2-1.0-0 libpciaccess0
2026-10-08T12:38:48.5923857Z #9 2.141   libpixman-1-0 libpng16-16 libproc2-0 libpulse0 libsensors-config libsensors5
2026-10-08T12:38:48.5924189Z #9 2.141   libsm6 libsndfile1 libsqlite3-0 libssl3 libsystemd-shared libthai-data
2026-10-08T12:38:48.5924493Z #9 2.141   libthai0 libtiff6 libvorbis0a libvorbisenc2 libwayland-client0
2026-10-08T12:38:48.5924804Z #9 2.141   libwayland-cursor0 libwayland-egl1 libwayland-server0 libwebp7 libx11-6
2026-10-08T12:38:48.5925770Z #9 2.141   libx11-data libx11-xcb1 libxau6 libxaw7 libxcb-dri2-0 libxcb-dri3-0
2026-10-08T12:38:48.5926447Z #9 2.141   libxcb-glx0 libxcb-present0 libxcb-randr0 libxcb-render0 libxcb-shape0
2026-10-08T12:38:48.5928311Z #9 2.141   libxcb-shm0 libxcb-sync1 libxcb-xfixes0 libxcb1 libxcomposite1 libxcursor1
2026-10-08T12:38:48.5928901Z #9 2.141   libxdamage1 libxdmcp6 libxext6 libxfixes3 libxft2 libxi6 libxinerama1
2026-10-08T12:38:48.5929225Z #9 2.141   libxkbcommon0 libxkbfile1 libxml2 libxmu6 libxmuu1 libxnvctrl0 libxpm4
2026-10-08T12:38:48.5929571Z #9 2.141   libxrandr2 libxrender1 libxshmfence1 libxt6 libxtst6 libxv1 libxxf86dga1
2026-10-08T12:38:48.5929889Z #9 2.142   libxxf86vm1 libz3-4 procps shared-mime-info systemd systemd-sysv tini
2026-10-08T12:38:48.5930150Z #9 2.142   x11-common x11-utils xdg-utils xkb-data
2026-10-08T12:38:48.5930697Z #9 2.189 0 upgraded, 176 newly installed, 0 to remove and 1 not upgraded.
2026-10-08T12:38:48.5931080Z #9 2.189 Need to get 207 MB of archives.
2026-10-08T12:38:48.5931495Z #9 2.189 After this operation, 734 MB of additional disk space will be used.
2026-10-08T12:38:48.5932058Z #9 2.189 Get:1 http://deb.debian.org/debian-security bookworm-security/main amd64 libssl3 amd64 3.0.22-1~deb12u1 [2039 kB]
2026-10-08T12:38:48.5932522Z #9 2.275 Get:2 http://deb.debian.org/debian bookworm/main amd64 libargon2-1 amd64 0~20171227-0.3+deb12u1 [19.4 kB]
2026-10-08T12:38:48.7570076Z #9 2.275 Get:3 http://deb.debian.org/debian bookworm/main amd64 dmsetup amd64 2:1.02.185-2 [82.0 kB]
2026-10-08T12:38:48.7570771Z #9 2.275 Get:4 http://deb.debian.org/debian bookworm/main amd64 libdevmapper1.02.1 amd64 2:1.02.185-2 [133 kB]
2026-10-08T12:38:48.7571181Z #9 2.277 Get:5 http://deb.debian.org/debian bookworm/main amd64 libjson-c5 amd64 0.16-2 [44.1 kB]
2026-10-08T12:38:48.7571593Z #9 2.277 Get:6 http://deb.debian.org/debian bookworm/main amd64 libcryptsetup12 amd64 2:2.6.1-4~deb12u2 [223 kB]
2026-10-08T12:38:48.7572042Z #9 2.278 Get:7 http://deb.debian.org/debian bookworm/main amd64 libfdisk1 amd64 2.38.1-5+deb12u3 [194 kB]
2026-10-08T12:38:48.7572443Z #9 2.279 Get:8 http://deb.debian.org/debian bookworm/main amd64 libkmod2 amd64 30+20221128-1 [57.9 kB]
2026-10-08T12:38:48.7572830Z #9 2.279 Get:9 http://deb.debian.org/debian bookworm/main amd64 libapparmor1 amd64 3.0.8-3 [41.2 kB]
2026-10-08T12:38:48.7573212Z #9 2.279 Get:10 http://deb.debian.org/debian bookworm/main amd64 libip4tc2 amd64 1.8.9-2 [19.0 kB]
2026-10-08T12:38:48.7573621Z #9 2.293 Get:11 http://deb.debian.org/debian bookworm/main amd64 libsystemd-shared amd64 252.39-1~deb12u2 [1696 kB]
2026-10-08T12:38:48.7574220Z #9 2.302 Get:12 http://deb.debian.org/debian bookworm/main amd64 systemd amd64 252.39-1~deb12u2 [3044 kB]
2026-10-08T12:38:48.7574628Z #9 2.314 Get:13 http://deb.debian.org/debian bookworm/main amd64 systemd-sysv amd64 252.39-1~deb12u2 [42.9 kB]
2026-10-08T12:38:48.7575040Z #9 2.314 Get:14 http://deb.debian.org/debian bookworm/main amd64 libdbus-1-3 amd64 1.14.10-1~deb12u1 [201 kB]
2026-10-08T12:38:48.7575452Z #9 2.314 Get:15 http://deb.debian.org/debian bookworm/main amd64 dbus-bin amd64 1.14.10-1~deb12u1 [105 kB]
2026-10-08T12:38:48.7575999Z #9 2.315 Get:16 http://deb.debian.org/debian bookworm/main amd64 dbus-session-bus-common all 1.14.10-1~deb12u1 [78.2 kB]
2026-10-08T12:38:48.7576477Z #9 2.315 Get:17 http://deb.debian.org/debian-security bookworm-security/main amd64 libexpat1 amd64 2.5.0-1+deb12u4 [106 kB]
2026-10-08T12:38:48.7576922Z #9 2.315 Get:18 http://deb.debian.org/debian bookworm/main amd64 dbus-daemon amd64 1.14.10-1~deb12u1 [184 kB]
2026-10-08T12:38:48.7577363Z #9 2.316 Get:19 http://deb.debian.org/debian bookworm/main amd64 dbus-system-bus-common all 1.14.10-1~deb12u1 [79.3 kB]
2026-10-08T12:38:48.7577784Z #9 2.316 Get:20 http://deb.debian.org/debian bookworm/main amd64 dbus amd64 1.14.10-1~deb12u1 [97.4 kB]
2026-10-08T12:38:48.7578162Z #9 2.316 Get:21 http://deb.debian.org/debian bookworm/main amd64 libncursesw6 amd64 6.4-4 [134 kB]
2026-10-08T12:38:48.7578544Z #9 2.328 Get:22 http://deb.debian.org/debian bookworm/main amd64 libproc2-0 amd64 2:4.0.2-3 [62.8 kB]
2026-10-08T12:38:48.7578916Z #9 2.329 Get:23 http://deb.debian.org/debian bookworm/main amd64 procps amd64 2:4.0.2-3 [709 kB]
2026-10-08T12:38:48.7579316Z #9 2.342 Get:24 http://deb.debian.org/debian bookworm/main amd64 libpam-systemd amd64 252.39-1~deb12u2 [226 kB]
2026-10-08T12:38:48.7579723Z #9 2.342 Get:25 http://deb.debian.org/debian bookworm/main amd64 hicolor-icon-theme all 0.17-2 [11.4 kB]
2026-10-08T12:38:48.7580164Z #9 2.342 Get:26 http://deb.debian.org/debian bookworm/main amd64 libgdk-pixbuf2.0-common all 2.42.10+dfsg-1+deb12u4 [307 kB]
2026-10-08T12:38:48.7580740Z #9 2.343 Get:27 http://deb.debian.org/debian bookworm/main amd64 libglib2.0-0 amd64 2.74.6-2+deb12u9 [1403 kB]
2026-10-08T12:38:48.7581173Z #9 2.347 Get:28 http://deb.debian.org/debian bookworm/main amd64 libicu72 amd64 72.1-3+deb12u1 [9376 kB]
2026-10-08T12:38:48.7581805Z #9 2.440 Get:29 http://deb.debian.org/debian bookworm/main amd64 libxml2 amd64 2.9.14+dfsg-1.3~deb12u6 [689 kB]
2026-10-08T12:38:48.8887200Z #9 2.442 Get:30 http://deb.debian.org/debian bookworm/main amd64 shared-mime-info amd64 2.2-1 [729 kB]
2026-10-08T12:38:48.8888150Z #9 2.444 Get:31 http://deb.debian.org/debian bookworm/main amd64 libjpeg62-turbo amd64 1:2.1.5-2 [166 kB]
2026-10-08T12:38:48.8889311Z #9 2.444 Get:32 http://deb.debian.org/debian-security bookworm-security/main amd64 libpng16-16 amd64 1.6.39-2+deb12u6 [277 kB]
2026-10-08T12:38:48.8891258Z #9 2.444 Get:33 http://deb.debian.org/debian bookworm/main amd64 libdeflate0 amd64 1.14-1 [61.4 kB]
2026-10-08T12:38:48.8892647Z #9 2.445 Get:34 http://deb.debian.org/debian bookworm/main amd64 libjbig0 amd64 2.1-6.1 [31.7 kB]
2026-10-08T12:38:48.8893280Z #9 2.445 Get:35 http://deb.debian.org/debian bookworm/main amd64 liblerc4 amd64 4.0.0+ds-2 [170 kB]
2026-10-08T12:38:48.8894019Z #9 2.445 Get:36 http://deb.debian.org/debian bookworm/main amd64 libwebp7 amd64 1.2.4-0.2+deb12u1 [286 kB]
2026-10-08T12:38:48.8895319Z #9 2.446 Get:37 http://deb.debian.org/debian bookworm/main amd64 libtiff6 amd64 4.5.0-6+deb12u4 [316 kB]
2026-10-08T12:38:48.8896218Z #9 2.455 Get:38 http://deb.debian.org/debian bookworm/main amd64 libgdk-pixbuf-2.0-0 amd64 2.42.10+dfsg-1+deb12u4 [139 kB]
2026-10-08T12:38:48.8897423Z #9 2.467 Get:39 http://deb.debian.org/debian bookworm/main amd64 gtk-update-icon-cache amd64 3.24.38-2~deb12u3 [44.2 kB]
2026-10-08T12:38:48.8898566Z #9 2.468 Get:40 http://deb.debian.org/debian bookworm/main amd64 adwaita-icon-theme all 43-1 [5124 kB]
2026-10-08T12:38:48.8899179Z #9 2.572 Get:41 http://deb.debian.org/debian bookworm/main amd64 at-spi2-common all 2.46.0-5 [162 kB]
2026-10-08T12:38:48.9945980Z #9 2.572 Get:42 http://deb.debian.org/debian bookworm/main amd64 bubblewrap amd64 0.8.0-2+deb12u1 [47.3 kB]
2026-10-08T12:38:48.9947686Z #9 2.573 Get:43 http://deb.debian.org/debian bookworm/main amd64 libasound2-data all 1.2.8-1 [20.5 kB]
2026-10-08T12:38:48.9948176Z #9 2.573 Get:44 http://deb.debian.org/debian bookworm/main amd64 libasound2 amd64 1.2.8-1+b1 [362 kB]
2026-10-08T12:38:48.9948814Z #9 2.581 Get:45 http://deb.debian.org/debian bookworm/main amd64 libatk1.0-0 amd64 2.46.0-5 [49.6 kB]
2026-10-08T12:38:48.9949421Z #9 2.583 Get:46 http://deb.debian.org/debian bookworm/main amd64 libxau6 amd64 1:1.0.9-1 [19.7 kB]
2026-10-08T12:38:48.9950078Z #9 2.583 Get:47 http://deb.debian.org/debian bookworm/main amd64 libbsd0 amd64 0.11.7-2 [117 kB]
2026-10-08T12:38:48.9951606Z #9 2.586 Get:48 http://deb.debian.org/debian bookworm/main amd64 libxdmcp6 amd64 1:1.1.2-3 [26.3 kB]
2026-10-08T12:38:48.9952372Z #9 2.586 Get:49 http://deb.debian.org/debian bookworm/main amd64 libxcb1 amd64 1.15-1 [144 kB]
2026-10-08T12:38:48.9952760Z #9 2.586 Get:50 http://deb.debian.org/debian bookworm/main amd64 libx11-data all 2:1.8.4-2+deb12u2 [292 kB]
2026-10-08T12:38:48.9953167Z #9 2.600 Get:51 http://deb.debian.org/debian bookworm/main amd64 libx11-6 amd64 2:1.8.4-2+deb12u2 [760 kB]
2026-10-08T12:38:48.9953950Z #9 2.602 Get:52 http://deb.debian.org/debian bookworm/main amd64 libxext6 amd64 2:1.3.4-1+b1 [52.9 kB]
2026-10-08T12:38:48.9954785Z #9 2.602 Get:53 http://deb.debian.org/debian bookworm/main amd64 libxi6 amd64 2:1.8-1+b1 [84.2 kB]
2026-10-08T12:38:48.9956333Z #9 2.603 Get:54 http://deb.debian.org/debian bookworm/main amd64 libatspi2.0-0 amd64 2.46.0-5 [75.4 kB]
2026-10-08T12:38:48.9957109Z #9 2.603 Get:55 http://deb.debian.org/debian bookworm/main amd64 libatk-bridge2.0-0 amd64 2.46.0-5 [64.6 kB]
2026-10-08T12:38:48.9957797Z #9 2.603 Get:56 http://deb.debian.org/debian bookworm/main amd64 libbrotli1 amd64 1.0.9-2+b6 [275 kB]
2026-10-08T12:38:48.9958462Z #9 2.604 Get:57 http://deb.debian.org/debian bookworm/main amd64 libfreetype6 amd64 2.12.1+dfsg-5+deb12u4 [398 kB]
2026-10-08T12:38:48.9959028Z #9 2.618 Get:58 http://deb.debian.org/debian bookworm/main amd64 fonts-dejavu-core all 2.37-6 [1068 kB]
2026-10-08T12:38:48.9959518Z #9 2.621 Get:59 http://deb.debian.org/debian bookworm/main amd64 fontconfig-config amd64 2.14.1-4 [315 kB]
2026-10-08T12:38:48.9960603Z #9 2.622 Get:60 http://deb.debian.org/debian bookworm/main amd64 libfontconfig1 amd64 2.14.1-4 [386 kB]
2026-10-08T12:38:48.9961407Z #9 2.626 Get:61 http://deb.debian.org/debian bookworm/main amd64 libpixman-1-0 amd64 0.42.2-1 [546 kB]
2026-10-08T12:38:48.9962160Z #9 2.628 Get:62 http://deb.debian.org/debian bookworm/main amd64 libxcb-render0 amd64 1.15-1 [115 kB]
2026-10-08T12:38:48.9962704Z #9 2.628 Get:63 http://deb.debian.org/debian bookworm/main amd64 libxcb-shm0 amd64 1.15-1 [105 kB]
2026-10-08T12:38:48.9963328Z #9 2.629 Get:64 http://deb.debian.org/debian bookworm/main amd64 libxrender1 amd64 1:0.9.10-1.1 [33.2 kB]
2026-10-08T12:38:48.9963943Z #9 2.629 Get:65 http://deb.debian.org/debian bookworm/main amd64 libcairo2 amd64 1.16.0-7 [575 kB]
2026-10-08T12:38:48.9964374Z #9 2.645 Get:66 http://deb.debian.org/debian bookworm/main amd64 libavahi-common-data amd64 0.8-10+deb12u1 [107 kB]
2026-10-08T12:38:48.9965303Z #9 2.646 Get:67 http://deb.debian.org/debian bookworm/main amd64 libavahi-common3 amd64 0.8-10+deb12u1 [42.1 kB]
2026-10-08T12:38:48.9965881Z #9 2.646 Get:68 http://deb.debian.org/debian bookworm/main amd64 libavahi-client3 amd64 0.8-10+deb12u1 [45.8 kB]
2026-10-08T12:38:48.9966637Z #9 2.646 Get:69 http://deb.debian.org/debian bookworm/main amd64 libkrb5support0 amd64 1.20.1-2+deb12u5 [33.2 kB]
2026-10-08T12:38:48.9967248Z #9 2.646 Get:70 http://deb.debian.org/debian bookworm/main amd64 libk5crypto3 amd64 1.20.1-2+deb12u5 [79.7 kB]
2026-10-08T12:38:48.9967998Z #9 2.653 Get:71 http://deb.debian.org/debian bookworm/main amd64 libkeyutils1 amd64 1.6.3-2 [8808 B]
2026-10-08T12:38:48.9969019Z #9 2.653 Get:72 http://deb.debian.org/debian bookworm/main amd64 libkrb5-3 amd64 1.20.1-2+deb12u5 [332 kB]
2026-10-08T12:38:48.9970103Z #9 2.654 Get:73 http://deb.debian.org/debian bookworm/main amd64 libgssapi-krb5-2 amd64 1.20.1-2+deb12u5 [135 kB]
2026-10-08T12:38:48.9971416Z #9 2.655 Get:74 http://deb.debian.org/debian bookworm/main amd64 libcups2 amd64 2.4.2-3+deb12u9 [245 kB]
2026-10-08T12:38:48.9972096Z #9 2.656 Get:75 http://deb.debian.org/debian bookworm/main amd64 libdav1d6 amd64 1.0.0-2+deb12u1 [513 kB]
2026-10-08T12:38:48.9972508Z #9 2.665 Get:76 http://deb.debian.org/debian bookworm/main amd64 libdouble-conversion3 amd64 3.2.1-1 [41.5 kB]
2026-10-08T12:38:48.9972981Z #9 2.666 Get:77 http://deb.debian.org/debian bookworm/main amd64 libogg0 amd64 1.3.5-3 [23.4 kB]
2026-10-08T12:38:48.9973652Z #9 2.667 Get:78 http://deb.debian.org/debian bookworm/main amd64 libflac12 amd64 1.4.2+ds-2 [198 kB]
2026-10-08T12:38:48.9974230Z #9 2.667 Get:79 http://deb.debian.org/debian bookworm/main amd64 libdrm-common all 2.4.114-1 [7112 B]
2026-10-08T12:38:48.9974814Z #9 2.667 Get:80 http://deb.debian.org/debian bookworm/main amd64 libdrm2 amd64 2.4.114-1+b1 [37.5 kB]
2026-10-08T12:38:48.9975629Z #9 2.678 Get:81 http://deb.debian.org/debian bookworm/main amd64 libwayland-server0 amd64 1.21.0-1 [35.9 kB]
2026-10-08T12:38:49.2312672Z #9 2.678 Get:82 http://deb.debian.org/debian bookworm/main amd64 libgbm1 amd64 22.3.6-1+deb12u2 [38.1 kB]
2026-10-08T12:38:49.2313177Z #9 2.679 Get:83 http://deb.debian.org/debian bookworm/main amd64 libgraphite2-3 amd64 1.3.14-1+deb12u1 [74.6 kB]
2026-10-08T12:38:49.2313608Z #9 2.679 Get:84 http://deb.debian.org/debian bookworm/main amd64 libharfbuzz0b amd64 6.0.0+dfsg-3 [1945 kB]
2026-10-08T12:38:49.2314033Z #9 2.685 Get:85 http://deb.debian.org/debian bookworm/main amd64 libharfbuzz-subset0 amd64 6.0.0+dfsg-3 [1931 kB]
2026-10-08T12:38:49.2314448Z #9 2.707 Get:86 http://deb.debian.org/debian bookworm/main amd64 liblcms2-2 amd64 2.14-2+deb12u1 [154 kB]
2026-10-08T12:38:49.2314855Z #9 2.708 Get:87 http://deb.debian.org/debian bookworm/main amd64 libminizip1 amd64 1.1-8+deb12u1 [20.1 kB]
2026-10-08T12:38:49.2315239Z #9 2.709 Get:88 http://deb.debian.org/debian bookworm/main amd64 libnspr4 amd64 2:4.35-1 [113 kB]
2026-10-08T12:38:49.2315649Z #9 2.709 Get:89 http://deb.debian.org/debian bookworm/main amd64 libsqlite3-0 amd64 3.40.1-2+deb12u2 [839 kB]
2026-10-08T12:38:49.2316611Z #9 2.711 Get:90 http://deb.debian.org/debian-security bookworm-security/main amd64 libnss3 amd64 2:3.87.1-1+deb12u4 [1331 kB]
2026-10-08T12:38:49.2317068Z #9 2.763 Get:91 http://deb.debian.org/debian bookworm/main amd64 libopenh264-7 amd64 2.3.1+dfsg-3+deb12u2 [393 kB]
2026-10-08T12:38:49.2317487Z #9 2.764 Get:92 http://deb.debian.org/debian bookworm/main amd64 libopenjp2-7 amd64 2.5.0-2+deb12u3 [189 kB]
2026-10-08T12:38:49.2317866Z #9 2.764 Get:93 http://deb.debian.org/debian bookworm/main amd64 libopus0 amd64 1.3.1-3 [195 kB]
2026-10-08T12:38:49.2318230Z #9 2.765 Get:94 http://deb.debian.org/debian bookworm/main amd64 fontconfig amd64 2.14.1-4 [449 kB]
2026-10-08T12:38:49.3839413Z #9 3.067 Get:95 http://deb.debian.org/debian bookworm/main amd64 libfribidi0 amd64 1.0.8-2.1 [65.0 kB]
2026-10-08T12:38:49.4958544Z #9 3.095 Get:96 http://deb.debian.org/debian bookworm/main amd64 libthai-data all 0.1.29-1 [176 kB]
2026-10-08T12:38:49.4959024Z #9 3.108 Get:97 http://deb.debian.org/debian bookworm/main amd64 libdatrie1 amd64 0.2.13-2+b1 [43.3 kB]
2026-10-08T12:38:49.4959453Z #9 3.109 Get:98 http://deb.debian.org/debian bookworm/main amd64 libthai0 amd64 0.1.29-1 [57.5 kB]
2026-10-08T12:38:49.4959853Z #9 3.111 Get:99 http://deb.debian.org/debian bookworm/main amd64 libpango-1.0-0 amd64 1.50.12+ds-1 [212 kB]
2026-10-08T12:38:49.4960264Z #9 3.121 Get:100 http://deb.debian.org/debian bookworm/main amd64 libasyncns0 amd64 0.8-6+b3 [12.9 kB]
2026-10-08T12:38:49.4960831Z #9 3.121 Get:101 http://deb.debian.org/debian bookworm/main amd64 libmp3lame0 amd64 3.100-6 [365 kB]
2026-10-08T12:38:49.4961423Z #9 3.127 Get:102 http://deb.debian.org/debian bookworm/main amd64 libmpg123-0 amd64 1.31.2-1+deb12u1 [147 kB]
2026-10-08T12:38:49.4961826Z #9 3.129 Get:103 http://deb.debian.org/debian bookworm/main amd64 libvorbis0a amd64 1.3.7-1 [93.0 kB]
2026-10-08T12:38:49.4962213Z #9 3.130 Get:104 http://deb.debian.org/debian bookworm/main amd64 libvorbisenc2 amd64 1.3.7-1 [80.6 kB]
2026-10-08T12:38:49.4962623Z #9 3.149 Get:105 http://deb.debian.org/debian bookworm/main amd64 libsndfile1 amd64 1.2.0-1+deb12u1 [197 kB]
2026-10-08T12:38:49.4963054Z #9 3.150 Get:106 http://deb.debian.org/debian bookworm/main amd64 libx11-xcb1 amd64 2:1.8.4-2+deb12u2 [192 kB]
2026-10-08T12:38:49.4963474Z #9 3.151 Get:107 http://deb.debian.org/debian bookworm/main amd64 libpulse0 amd64 16.1+dfsg1-2+b1 [274 kB]
2026-10-08T12:38:49.4963882Z #9 3.152 Get:108 http://deb.debian.org/debian bookworm/main amd64 libxcomposite1 amd64 1:0.4.5-1 [16.6 kB]
2026-10-08T12:38:49.4964281Z #9 3.152 Get:109 http://deb.debian.org/debian bookworm/main amd64 libxdamage1 amd64 1:1.1.6-1 [15.1 kB]
2026-10-08T12:38:49.4964679Z #9 3.152 Get:110 http://deb.debian.org/debian bookworm/main amd64 libxfixes3 amd64 1:6.0.0-2 [22.7 kB]
2026-10-08T12:38:49.4965055Z #9 3.153 Get:111 http://deb.debian.org/debian bookworm/main amd64 xkb-data all 2.35.1-1 [764 kB]
2026-10-08T12:38:49.4965437Z #9 3.163 Get:112 http://deb.debian.org/debian bookworm/main amd64 libxkbcommon0 amd64 1.5.0-1 [106 kB]
2026-10-08T12:38:49.4966076Z #9 3.164 Get:113 http://deb.debian.org/debian bookworm/main amd64 libxnvctrl0 amd64 525.85.05-3~deb12u1 [13.5 kB]
2026-10-08T12:38:49.4966709Z #9 3.164 Get:114 http://deb.debian.org/debian bookworm/main amd64 libxrandr2 amd64 2:1.5.2-2+b1 [39.2 kB]
2026-10-08T12:38:49.4967413Z #9 3.166 Get:115 http://deb.debian.org/debian bookworm/main amd64 libcairo-gobject2 amd64 1.16.0-7 [112 kB]
2026-10-08T12:38:49.4967880Z #9 3.167 Get:116 http://deb.debian.org/debian bookworm/main amd64 libcolord2 amd64 1.4.6-2.2 [137 kB]
2026-10-08T12:38:49.4968321Z #9 3.179 Get:117 http://deb.debian.org/debian bookworm/main amd64 libepoxy0 amd64 1.5.10-1 [189 kB]
2026-10-08T12:38:49.6032795Z #9 3.180 Get:118 http://deb.debian.org/debian bookworm/main amd64 libpangoft2-1.0-0 amd64 1.50.12+ds-1 [47.4 kB]
2026-10-08T12:38:49.6033303Z #9 3.181 Get:119 http://deb.debian.org/debian bookworm/main amd64 libpangocairo-1.0-0 amd64 1.50.12+ds-1 [34.2 kB]
2026-10-08T12:38:49.6033741Z #9 3.181 Get:120 http://deb.debian.org/debian bookworm/main amd64 libwayland-client0 amd64 1.21.0-1 [28.3 kB]
2026-10-08T12:38:49.6034404Z #9 3.181 Get:121 http://deb.debian.org/debian bookworm/main amd64 libwayland-cursor0 amd64 1.21.0-1 [14.4 kB]
2026-10-08T12:38:49.6034820Z #9 3.181 Get:122 http://deb.debian.org/debian bookworm/main amd64 libwayland-egl1 amd64 1.21.0-1 [8640 B]
2026-10-08T12:38:49.6035217Z #9 3.181 Get:123 http://deb.debian.org/debian bookworm/main amd64 libxcursor1 amd64 1:1.2.1-1 [40.9 kB]
2026-10-08T12:38:49.6035611Z #9 3.182 Get:124 http://deb.debian.org/debian bookworm/main amd64 libxinerama1 amd64 2:1.1.4-3 [17.8 kB]
2026-10-08T12:38:49.6036043Z #9 3.193 Get:125 http://deb.debian.org/debian bookworm/main amd64 dbus-user-session amd64 1.14.10-1~deb12u1 [78.1 kB]
2026-10-08T12:38:49.6036454Z #9 3.193 Get:126 http://deb.debian.org/debian bookworm/main amd64 libdconf1 amd64 0.40.0-4 [40.9 kB]
2026-10-08T12:38:49.6036841Z #9 3.206 Get:127 http://deb.debian.org/debian bookworm/main amd64 dconf-service amd64 0.40.0-4 [31.6 kB]
2026-10-08T12:38:49.6037259Z #9 3.206 Get:128 http://deb.debian.org/debian bookworm/main amd64 dconf-gsettings-backend amd64 0.40.0-4 [27.8 kB]
2026-10-08T12:38:49.6037718Z #9 3.207 Get:129 http://deb.debian.org/debian bookworm/main amd64 libgtk-3-common all 3.24.38-2~deb12u3 [3895 kB]
2026-10-08T12:38:49.6038144Z #9 3.226 Get:130 http://deb.debian.org/debian bookworm/main amd64 libgtk-3-0 amd64 3.24.38-2~deb12u3 [2847 kB]
2026-10-08T12:38:49.6038547Z #9 3.241 Get:131 http://deb.debian.org/debian bookworm/main amd64 libfontenc1 amd64 1:1.1.4-1 [24.3 kB]
2026-10-08T12:38:49.6039007Z #9 3.242 Get:132 http://deb.debian.org/debian bookworm/main amd64 libglvnd0 amd64 1.6.0-1 [51.8 kB]
2026-10-08T12:38:49.6039408Z #9 3.242 Get:133 http://deb.debian.org/debian bookworm/main amd64 libglapi-mesa amd64 22.3.6-1+deb12u2 [35.9 kB]
2026-10-08T12:38:49.6039811Z #9 3.242 Get:134 http://deb.debian.org/debian bookworm/main amd64 libxcb-dri2-0 amd64 1.15-1 [107 kB]
2026-10-08T12:38:49.6040187Z #9 3.242 Get:135 http://deb.debian.org/debian bookworm/main amd64 libxcb-dri3-0 amd64 1.15-1 [107 kB]
2026-10-08T12:38:49.6040725Z #9 3.242 Get:136 http://deb.debian.org/debian bookworm/main amd64 libxcb-glx0 amd64 1.15-1 [122 kB]
2026-10-08T12:38:49.6041110Z #9 3.242 Get:137 http://deb.debian.org/debian bookworm/main amd64 libxcb-present0 amd64 1.15-1 [105 kB]
2026-10-08T12:38:49.6041493Z #9 3.243 Get:138 http://deb.debian.org/debian bookworm/main amd64 libxcb-randr0 amd64 1.15-1 [117 kB]
2026-10-08T12:38:49.6041870Z #9 3.246 Get:139 http://deb.debian.org/debian bookworm/main amd64 libxcb-sync1 amd64 1.15-1 [109 kB]
2026-10-08T12:38:49.6042256Z #9 3.259 Get:140 http://deb.debian.org/debian bookworm/main amd64 libxcb-xfixes0 amd64 1.15-1 [109 kB]
2026-10-08T12:38:49.6042637Z #9 3.260 Get:141 http://deb.debian.org/debian bookworm/main amd64 libxshmfence1 amd64 1.3-1 [8820 B]
2026-10-08T12:38:49.6043028Z #9 3.260 Get:142 http://deb.debian.org/debian bookworm/main amd64 libxxf86vm1 amd64 1:1.1.4-1+b2 [20.8 kB]
2026-10-08T12:38:49.6043441Z #9 3.260 Get:143 http://deb.debian.org/debian bookworm/main amd64 libdrm-amdgpu1 amd64 2.4.114-1+b1 [20.9 kB]
2026-10-08T12:38:49.6043838Z #9 3.261 Get:144 http://deb.debian.org/debian bookworm/main amd64 libpciaccess0 amd64 0.17-2 [51.4 kB]
2026-10-08T12:38:49.6044232Z #9 3.261 Get:145 http://deb.debian.org/debian bookworm/main amd64 libdrm-intel1 amd64 2.4.114-1+b1 [64.0 kB]
2026-10-08T12:38:49.6044652Z #9 3.261 Get:146 http://deb.debian.org/debian bookworm/main amd64 libdrm-nouveau2 amd64 2.4.114-1+b1 [19.1 kB]
2026-10-08T12:38:49.6045065Z #9 3.262 Get:147 http://deb.debian.org/debian bookworm/main amd64 libdrm-radeon1 amd64 2.4.114-1+b1 [21.8 kB]
2026-10-08T12:38:49.6045454Z #9 3.262 Get:148 http://deb.debian.org/debian bookworm/main amd64 libelf1 amd64 0.188-2.1 [174 kB]
2026-10-08T12:38:49.6045837Z #9 3.274 Get:149 http://deb.debian.org/debian bookworm/main amd64 libedit2 amd64 3.1-20221030-2 [93.0 kB]
2026-10-08T12:38:49.6046382Z #9 3.286 Get:150 http://deb.debian.org/debian bookworm/main amd64 libz3-4 amd64 4.8.12-3.1 [7216 kB]
2026-10-08T12:38:49.7632946Z #9 3.323 Get:151 http://deb.debian.org/debian bookworm/main amd64 libllvm15 amd64 1:15.0.6-4+b1 [23.1 MB]
2026-10-08T12:38:49.7647237Z #9 3.446 Get:152 http://deb.debian.org/debian bookworm/main amd64 libsensors-config all 1:3.6.0-7.1 [14.3 kB]
2026-10-08T12:38:49.7647820Z #9 3.446 Get:153 http://deb.debian.org/debian bookworm/main amd64 libsensors5 amd64 1:3.6.0-7.1 [34.2 kB]
2026-10-08T12:38:50.0085265Z #9 3.447 Get:154 http://deb.debian.org/debian bookworm/main amd64 libgl1-mesa-dri amd64 22.3.6-1+deb12u2 [7240 kB]
2026-10-08T12:38:50.0086050Z #9 3.495 Get:155 http://deb.debian.org/debian bookworm/main amd64 libglx-mesa0 amd64 22.3.6-1+deb12u2 [148 kB]
2026-10-08T12:38:50.0086470Z #9 3.496 Get:156 http://deb.debian.org/debian bookworm/main amd64 libglx0 amd64 1.6.0-1 [34.4 kB]
2026-10-08T12:38:50.0086845Z #9 3.496 Get:157 http://deb.debian.org/debian bookworm/main amd64 libgl1 amd64 1.6.0-1 [88.4 kB]
2026-10-08T12:38:50.0087219Z #9 3.496 Get:158 http://deb.debian.org/debian bookworm/main amd64 x11-common all 1:7.7+23 [252 kB]
2026-10-08T12:38:50.0087607Z #9 3.497 Get:159 http://deb.debian.org/debian bookworm/main amd64 libice6 amd64 2:1.0.10-1 [58.5 kB]
2026-10-08T12:38:50.0087979Z #9 3.497 Get:160 http://deb.debian.org/debian bookworm/main amd64 libsm6 amd64 2:1.2.3-1 [35.1 kB]
2026-10-08T12:38:50.0088353Z #9 3.498 Get:161 http://deb.debian.org/debian bookworm/main amd64 libxt6 amd64 1:1.2.1-1.1 [186 kB]
2026-10-08T12:38:50.0088725Z #9 3.498 Get:162 http://deb.debian.org/debian bookworm/main amd64 libxmu6 amd64 2:1.1.3-3 [60.1 kB]
2026-10-08T12:38:50.0089279Z #9 3.498 Get:163 http://deb.debian.org/debian bookworm/main amd64 libxpm4 amd64 1:3.5.12-1.1+deb12u1 [48.6 kB]
2026-10-08T12:38:50.0089668Z #9 3.499 Get:164 http://deb.debian.org/debian bookworm/main amd64 libxaw7 amd64 2:1.0.14-1 [201 kB]
2026-10-08T12:38:50.0090048Z #9 3.510 Get:165 http://deb.debian.org/debian bookworm/main amd64 libxcb-shape0 amd64 1.15-1 [106 kB]
2026-10-08T12:38:50.0090654Z #9 3.524 Get:166 http://deb.debian.org/debian bookworm/main amd64 libxft2 amd64 2.3.6-1 [61.8 kB]
2026-10-08T12:38:50.0091052Z #9 3.525 Get:167 http://deb.debian.org/debian bookworm/main amd64 libxkbfile1 amd64 1:1.1.0-1 [75.2 kB]
2026-10-08T12:38:50.0091434Z #9 3.525 Get:168 http://deb.debian.org/debian bookworm/main amd64 libxmuu1 amd64 2:1.1.3-3 [23.9 kB]
2026-10-08T12:38:50.0091812Z #9 3.526 Get:169 http://deb.debian.org/debian bookworm/main amd64 libxtst6 amd64 2:1.2.3-1.1 [28.0 kB]
2026-10-08T12:38:50.0092191Z #9 3.526 Get:170 http://deb.debian.org/debian bookworm/main amd64 libxv1 amd64 2:1.0.11-1.1 [24.8 kB]
2026-10-08T12:38:50.0092580Z #9 3.526 Get:171 http://deb.debian.org/debian bookworm/main amd64 libxxf86dga1 amd64 2:1.1.5-1 [22.1 kB]
2026-10-08T12:38:50.0092955Z #9 3.526 Get:172 http://deb.debian.org/debian bookworm/main amd64 x11-utils amd64 7.7+5 [202 kB]
2026-10-08T12:38:50.0093322Z #9 3.528 Get:173 http://deb.debian.org/debian bookworm/main amd64 xdg-utils all 1.1.3-4.1 [75.5 kB]
2026-10-08T12:38:50.0093798Z #9 3.541 Get:174 http://deb.debian.org/debian-security bookworm-security/main amd64 chromium-common amd64 154.0.8037.92-1~deb12u1 [30.5 MB]
2026-10-08T12:38:50.2590033Z #9 3.942 Get:175 http://deb.debian.org/debian-security bookworm-security/main amd64 chromium amd64 154.0.8037.92-1~deb12u1 [80.3 MB]
2026-10-08T12:38:51.3588800Z #9 5.042 Get:176 http://deb.debian.org/debian bookworm/main amd64 tini amd64 0.19.0-1+b3 [267 kB]
2026-10-08T12:38:51.4838379Z #9 5.167 debconf: delaying package configuration, since apt-utils is not installed
2026-10-08T12:38:51.6019815Z #9 5.184 Fetched 207 MB in 3s (71.4 MB/s)
2026-10-08T12:38:51.6020161Z #9 5.191 Selecting previously unselected package libssl3:amd64.
2026-10-08T12:38:51.6020559Z #9 5.191 (Reading database ... 
2026-10-08T12:38:51.6020797Z (Reading database ... 5%
2026-10-08T12:38:51.6021015Z (Reading database ... 10%
2026-10-08T12:38:51.6021182Z (Reading database ... 15%
2026-10-08T12:38:51.6021319Z (Reading database ... 20%
2026-10-08T12:38:51.6021455Z (Reading database ... 25%
2026-10-08T12:38:51.6021842Z (Reading database ... 30%
2026-10-08T12:38:51.6021977Z (Reading database ... 35%
2026-10-08T12:38:51.6022110Z (Reading database ... 40%
2026-10-08T12:38:51.6022251Z (Reading database ... 45%
2026-10-08T12:38:51.6022385Z (Reading database ... 50%
2026-10-08T12:38:51.6022518Z (Reading database ... 55%
2026-10-08T12:38:51.6022653Z (Reading database ... 60%
2026-10-08T12:38:51.6022787Z (Reading database ... 65%
2026-10-08T12:38:51.6022920Z (Reading database ... 70%
2026-10-08T12:38:51.6023054Z (Reading database ... 75%
2026-10-08T12:38:51.6023196Z (Reading database ... 80%
2026-10-08T12:38:51.6023327Z (Reading database ... 85%
2026-10-08T12:38:51.6023459Z (Reading database ... 90%
2026-10-08T12:38:51.6023599Z (Reading database ... 95%
2026-10-08T12:38:51.6023794Z (Reading database ... 100%
2026-10-08T12:38:51.6024120Z (Reading database ... 6096 files and directories currently installed.)
2026-10-08T12:38:51.6024592Z #9 5.193 Preparing to unpack .../00-libssl3_3.0.22-1~deb12u1_amd64.deb ...
2026-10-08T12:38:51.7057665Z #9 5.194 Unpacking libssl3:amd64 (3.0.22-1~deb12u1) ...
2026-10-08T12:38:51.7058024Z #9 5.285 Selecting previously unselected package libargon2-1:amd64.
2026-10-08T12:38:51.7058340Z #9 5.286 Preparing to unpack .../01-libargon2-1_0~20171227-0.3+deb12u1_amd64.deb ...
2026-10-08T12:38:51.7058821Z #9 5.287 Unpacking libargon2-1:amd64 (0~20171227-0.3+deb12u1) ...
2026-10-08T12:38:51.7059236Z #9 5.294 Selecting previously unselected package dmsetup.
2026-10-08T12:38:51.7059838Z #9 5.295 Preparing to unpack .../02-dmsetup_2%3a1.02.185-2_amd64.deb ...
2026-10-08T12:38:51.7060598Z #9 5.295 Unpacking dmsetup (2:1.02.185-2) ...
2026-10-08T12:38:51.7060995Z #9 5.306 Selecting previously unselected package libdevmapper1.02.1:amd64.
2026-10-08T12:38:51.7061485Z #9 5.307 Preparing to unpack .../03-libdevmapper1.02.1_2%3a1.02.185-2_amd64.deb ...
2026-10-08T12:38:51.7061922Z #9 5.307 Unpacking libdevmapper1.02.1:amd64 (2:1.02.185-2) ...
2026-10-08T12:38:51.7062324Z #9 5.321 Selecting previously unselected package libjson-c5:amd64.
2026-10-08T12:38:51.7062736Z #9 5.322 Preparing to unpack .../04-libjson-c5_0.16-2_amd64.deb ...
2026-10-08T12:38:51.7063088Z #9 5.322 Unpacking libjson-c5:amd64 (0.16-2) ...
2026-10-08T12:38:51.7063543Z #9 5.331 Selecting previously unselected package libcryptsetup12:amd64.
2026-10-08T12:38:51.7064104Z #9 5.332 Preparing to unpack .../05-libcryptsetup12_2%3a2.6.1-4~deb12u2_amd64.deb ...
2026-10-08T12:38:51.7064649Z #9 5.332 Unpacking libcryptsetup12:amd64 (2:2.6.1-4~deb12u2) ...
2026-10-08T12:38:51.7065143Z #9 5.350 Selecting previously unselected package libfdisk1:amd64.
2026-10-08T12:38:51.7065592Z #9 5.351 Preparing to unpack .../06-libfdisk1_2.38.1-5+deb12u3_amd64.deb ...
2026-10-08T12:38:51.7065858Z #9 5.351 Unpacking libfdisk1:amd64 (2.38.1-5+deb12u3) ...
2026-10-08T12:38:51.7066110Z #9 5.368 Selecting previously unselected package libkmod2:amd64.
2026-10-08T12:38:51.7066382Z #9 5.368 Preparing to unpack .../07-libkmod2_30+20221128-1_amd64.deb ...
2026-10-08T12:38:51.7066633Z #9 5.369 Unpacking libkmod2:amd64 (30+20221128-1) ...
2026-10-08T12:38:51.7066999Z #9 5.379 Selecting previously unselected package libapparmor1:amd64.
2026-10-08T12:38:51.7067380Z #9 5.380 Preparing to unpack .../08-libapparmor1_3.0.8-3_amd64.deb ...
2026-10-08T12:38:51.7067614Z #9 5.380 Unpacking libapparmor1:amd64 (3.0.8-3) ...
2026-10-08T12:38:51.7067851Z #9 5.389 Selecting previously unselected package libip4tc2:amd64.
2026-10-08T12:38:51.8081514Z #9 5.390 Preparing to unpack .../09-libip4tc2_1.8.9-2_amd64.deb ...
2026-10-08T12:38:51.8081881Z #9 5.390 Unpacking libip4tc2:amd64 (1.8.9-2) ...
2026-10-08T12:38:51.8082228Z #9 5.397 Selecting previously unselected package libsystemd-shared:amd64.
2026-10-08T12:38:51.8082550Z #9 5.398 Preparing to unpack .../10-libsystemd-shared_252.39-1~deb12u2_amd64.deb ...
2026-10-08T12:38:51.8082888Z #9 5.399 Unpacking libsystemd-shared:amd64 (252.39-1~deb12u2) ...
2026-10-08T12:38:51.8083159Z #9 5.491 Setting up libssl3:amd64 (3.0.22-1~deb12u1) ...
2026-10-08T12:38:51.9774828Z #9 5.501 Selecting previously unselected package systemd.
2026-10-08T12:38:51.9776711Z #9 5.501 (Reading database ... 
2026-10-08T12:38:51.9777081Z (Reading database ... 5%
2026-10-08T12:38:51.9777460Z (Reading database ... 10%
2026-10-08T12:38:51.9778253Z (Reading database ... 15%
2026-10-08T12:38:51.9778972Z (Reading database ... 20%
2026-10-08T12:38:51.9779229Z (Reading database ... 25%
2026-10-08T12:38:51.9779457Z (Reading database ... 30%
2026-10-08T12:38:51.9779660Z (Reading database ... 35%
2026-10-08T12:38:51.9779883Z (Reading database ... 40%
2026-10-08T12:38:51.9780096Z (Reading database ... 45%
2026-10-08T12:38:51.9780312Z (Reading database ... 50%
2026-10-08T12:38:51.9780657Z (Reading database ... 55%
2026-10-08T12:38:51.9780877Z (Reading database ... 60%
2026-10-08T12:38:51.9781083Z (Reading database ... 65%
2026-10-08T12:38:51.9782296Z (Reading database ... 70%
2026-10-08T12:38:51.9782521Z (Reading database ... 75%
2026-10-08T12:38:51.9782738Z (Reading database ... 80%
2026-10-08T12:38:51.9782949Z (Reading database ... 85%
2026-10-08T12:38:51.9783159Z (Reading database ... 90%
2026-10-08T12:38:51.9784476Z (Reading database ... 95%
2026-10-08T12:38:51.9784718Z (Reading database ... 100%
2026-10-08T12:38:51.9785063Z (Reading database ... 6182 files and directories currently installed.)
2026-10-08T12:38:51.9786400Z #9 5.503 Preparing to unpack .../systemd_252.39-1~deb12u2_amd64.deb ...
2026-10-08T12:38:51.9786814Z #9 5.510 Unpacking systemd (252.39-1~deb12u2) ...
2026-10-08T12:38:52.0115761Z #9 5.695 Setting up libargon2-1:amd64 (0~20171227-0.3+deb12u1) ...
2026-10-08T12:38:52.1130564Z #9 5.696 Setting up libjson-c5:amd64 (0.16-2) ...
2026-10-08T12:38:52.1130986Z #9 5.698 Setting up libfdisk1:amd64 (2.38.1-5+deb12u3) ...
2026-10-08T12:38:52.1131323Z #9 5.699 Setting up libkmod2:amd64 (30+20221128-1) ...
2026-10-08T12:38:52.1131666Z #9 5.700 Setting up libapparmor1:amd64 (3.0.8-3) ...
2026-10-08T12:38:52.1132008Z #9 5.702 Setting up libip4tc2:amd64 (1.8.9-2) ...
2026-10-08T12:38:52.1132396Z #9 5.703 Setting up libsystemd-shared:amd64 (252.39-1~deb12u2) ...
2026-10-08T12:38:52.1132776Z #9 5.704 Setting up libdevmapper1.02.1:amd64 (2:1.02.185-2) ...
2026-10-08T12:38:52.1133153Z #9 5.706 Setting up libcryptsetup12:amd64 (2:2.6.1-4~deb12u2) ...
2026-10-08T12:38:52.1133485Z #9 5.707 Setting up systemd (252.39-1~deb12u2) ...
2026-10-08T12:38:52.1134399Z #9 5.715 Created symlink /etc/systemd/system/getty.target.wants/getty@tty1.service → /lib/systemd/system/getty@.service.
2026-10-08T12:38:52.1134758Z 
2026-10-08T12:38:52.1135257Z #9 5.717 Created symlink /etc/systemd/system/multi-user.target.wants/remote-fs.target → /lib/systemd/system/remote-fs.target.
2026-10-08T12:38:52.1135630Z 
2026-10-08T12:38:52.1136153Z #9 5.720 Created symlink /etc/systemd/system/sysinit.target.wants/systemd-pstore.service → /lib/systemd/system/systemd-pstore.service.
2026-10-08T12:38:52.1136563Z 
2026-10-08T12:38:52.1136731Z #9 5.723 Initializing machine ID from random generator.
2026-10-08T12:38:52.1136926Z 
2026-10-08T12:38:52.1137109Z #9 5.733 Creating group 'systemd-journal' with GID 999.
2026-10-08T12:38:52.1137298Z 
2026-10-08T12:38:52.1137463Z #9 5.733 Creating group 'systemd-network' with GID 998.
2026-10-08T12:38:52.1137680Z 
2026-10-08T12:38:52.1137952Z #9 5.733 Creating user 'systemd-network' (systemd Network Management) with UID 998 and GID 998.
2026-10-08T12:38:52.1138236Z 
2026-10-08T12:38:52.1138393Z #9 5.748 Setting up dmsetup (2:1.02.185-2) ...
2026-10-08T12:38:52.1138665Z #9 5.766 Selecting previously unselected package systemd-sysv.
2026-10-08T12:38:52.1139031Z #9 5.766 (Reading database ... 
2026-10-08T12:38:52.1139201Z (Reading database ... 5%
2026-10-08T12:38:52.1139340Z (Reading database ... 10%
2026-10-08T12:38:52.1139475Z (Reading database ... 15%
2026-10-08T12:38:52.1139608Z (Reading database ... 20%
2026-10-08T12:38:52.1139743Z (Reading database ... 25%
2026-10-08T12:38:52.1139873Z (Reading database ... 30%
2026-10-08T12:38:52.1140002Z (Reading database ... 35%
2026-10-08T12:38:52.1140132Z (Reading database ... 40%
2026-10-08T12:38:52.1140567Z (Reading database ... 45%
2026-10-08T12:38:52.1140773Z (Reading database ... 50%
2026-10-08T12:38:52.1140905Z (Reading database ... 55%
2026-10-08T12:38:52.1141040Z (Reading database ... 60%
2026-10-08T12:38:52.1141169Z (Reading database ... 65%
2026-10-08T12:38:52.1141296Z (Reading database ... 70%
2026-10-08T12:38:52.1141427Z (Reading database ... 75%
2026-10-08T12:38:52.1141560Z (Reading database ... 80%
2026-10-08T12:38:52.1141689Z (Reading database ... 85%
2026-10-08T12:38:52.1141826Z (Reading database ... 90%
2026-10-08T12:38:52.1141959Z (Reading database ... 95%
2026-10-08T12:38:52.1142091Z (Reading database ... 100%
2026-10-08T12:38:52.1142549Z (Reading database ... 7031 files and directories currently installed.)
2026-10-08T12:38:52.1142925Z #9 5.769 Preparing to unpack .../000-systemd-sysv_252.39-1~deb12u2_amd64.deb ...
2026-10-08T12:38:52.1143326Z #9 5.770 Unpacking systemd-sysv (252.39-1~deb12u2) ...
2026-10-08T12:38:52.1143696Z #9 5.779 Selecting previously unselected package libdbus-1-3:amd64.
2026-10-08T12:38:52.1144176Z #9 5.780 Preparing to unpack .../001-libdbus-1-3_1.14.10-1~deb12u1_amd64.deb ...
2026-10-08T12:38:52.1144603Z #9 5.780 Unpacking libdbus-1-3:amd64 (1.14.10-1~deb12u1) ...
2026-10-08T12:38:52.1144987Z #9 5.796 Selecting previously unselected package dbus-bin.
2026-10-08T12:38:52.2227235Z #9 5.797 Preparing to unpack .../002-dbus-bin_1.14.10-1~deb12u1_amd64.deb ...
2026-10-08T12:38:52.2227749Z #9 5.798 Unpacking dbus-bin (1.14.10-1~deb12u1) ...
2026-10-08T12:38:52.2228293Z #9 5.809 Selecting previously unselected package dbus-session-bus-common.
2026-10-08T12:38:52.2228640Z #9 5.810 Preparing to unpack .../003-dbus-session-bus-common_1.14.10-1~deb12u1_all.deb ...
2026-10-08T12:38:52.2228962Z #9 5.811 Unpacking dbus-session-bus-common (1.14.10-1~deb12u1) ...
2026-10-08T12:38:52.2229232Z #9 5.821 Selecting previously unselected package libexpat1:amd64.
2026-10-08T12:38:52.2229509Z #9 5.822 Preparing to unpack .../004-libexpat1_2.5.0-1+deb12u4_amd64.deb ...
2026-10-08T12:38:52.2229781Z #9 5.823 Unpacking libexpat1:amd64 (2.5.0-1+deb12u4) ...
2026-10-08T12:38:52.2230106Z #9 5.834 Selecting previously unselected package dbus-daemon.
2026-10-08T12:38:52.2230552Z #9 5.835 Preparing to unpack .../005-dbus-daemon_1.14.10-1~deb12u1_amd64.deb ...
2026-10-08T12:38:52.2230816Z #9 5.836 Unpacking dbus-daemon (1.14.10-1~deb12u1) ...
2026-10-08T12:38:52.2231072Z #9 5.851 Selecting previously unselected package dbus-system-bus-common.
2026-10-08T12:38:52.2231461Z #9 5.851 Preparing to unpack .../006-dbus-system-bus-common_1.14.10-1~deb12u1_all.deb ...
2026-10-08T12:38:52.2231762Z #9 5.852 Unpacking dbus-system-bus-common (1.14.10-1~deb12u1) ...
2026-10-08T12:38:52.2232063Z #9 5.863 Selecting previously unselected package dbus.
2026-10-08T12:38:52.2232315Z #9 5.864 Preparing to unpack .../007-dbus_1.14.10-1~deb12u1_amd64.deb ...
2026-10-08T12:38:52.2232602Z #9 5.865 Unpacking dbus (1.14.10-1~deb12u1) ...
2026-10-08T12:38:52.2232998Z #9 5.878 Selecting previously unselected package libncursesw6:amd64.
2026-10-08T12:38:52.2233419Z #9 5.879 Preparing to unpack .../008-libncursesw6_6.4-4_amd64.deb ...
2026-10-08T12:38:52.2233792Z #9 5.880 Unpacking libncursesw6:amd64 (6.4-4) ...
2026-10-08T12:38:52.2234199Z #9 5.893 Selecting previously unselected package libproc2-0:amd64.
2026-10-08T12:38:52.2251786Z #9 5.894 Preparing to unpack .../009-libproc2-0_2%3a4.0.2-3_amd64.deb ...
2026-10-08T12:38:52.2252282Z #9 5.895 Unpacking libproc2-0:amd64 (2:4.0.2-3) ...
2026-10-08T12:38:52.2252523Z #9 5.906 Selecting previously unselected package procps.
2026-10-08T12:38:52.3519842Z #9 5.907 Preparing to unpack .../010-procps_2%3a4.0.2-3_amd64.deb ...
2026-10-08T12:38:52.3520396Z #9 5.911 Unpacking procps (2:4.0.2-3) ...
2026-10-08T12:38:52.3520788Z #9 5.956 Selecting previously unselected package libpam-systemd:amd64.
2026-10-08T12:38:52.3521258Z #9 5.957 Preparing to unpack .../011-libpam-systemd_252.39-1~deb12u2_amd64.deb ...
2026-10-08T12:38:52.3521683Z #9 5.957 Unpacking libpam-systemd:amd64 (252.39-1~deb12u2) ...
2026-10-08T12:38:52.3522330Z #9 5.977 Selecting previously unselected package hicolor-icon-theme.
2026-10-08T12:38:52.3522770Z #9 5.978 Preparing to unpack .../012-hicolor-icon-theme_0.17-2_all.deb ...
2026-10-08T12:38:52.3523143Z #9 5.979 Unpacking hicolor-icon-theme (0.17-2) ...
2026-10-08T12:38:52.3523542Z #9 6.002 Selecting previously unselected package libgdk-pixbuf2.0-common.
2026-10-08T12:38:52.3524062Z #9 6.003 Preparing to unpack .../013-libgdk-pixbuf2.0-common_2.42.10+dfsg-1+deb12u4_all.deb ...
2026-10-08T12:38:52.3524574Z #9 6.003 Unpacking libgdk-pixbuf2.0-common (2.42.10+dfsg-1+deb12u4) ...
2026-10-08T12:38:52.3525001Z #9 6.035 Selecting previously unselected package libglib2.0-0:amd64.
2026-10-08T12:38:52.5730462Z #9 6.036 Preparing to unpack .../014-libglib2.0-0_2.74.6-2+deb12u9_amd64.deb ...
2026-10-08T12:38:52.5730901Z #9 6.037 Unpacking libglib2.0-0:amd64 (2.74.6-2+deb12u9) ...
2026-10-08T12:38:52.5731265Z #9 6.104 Selecting previously unselected package libicu72:amd64.
2026-10-08T12:38:52.5731672Z #9 6.105 Preparing to unpack .../015-libicu72_72.1-3+deb12u1_amd64.deb ...
2026-10-08T12:38:52.5731958Z #9 6.106 Unpacking libicu72:amd64 (72.1-3+deb12u1) ...
2026-10-08T12:38:52.7627553Z #9 6.446 Selecting previously unselected package libxml2:amd64.
2026-10-08T12:38:52.8630871Z #9 6.447 Preparing to unpack .../016-libxml2_2.9.14+dfsg-1.3~deb12u6_amd64.deb ...
2026-10-08T12:38:52.8631453Z #9 6.447 Unpacking libxml2:amd64 (2.9.14+dfsg-1.3~deb12u6) ...
2026-10-08T12:38:52.8632036Z #9 6.484 Selecting previously unselected package shared-mime-info.
2026-10-08T12:38:52.8632695Z #9 6.485 Preparing to unpack .../017-shared-mime-info_2.2-1_amd64.deb ...
2026-10-08T12:38:52.8633174Z #9 6.485 Unpacking shared-mime-info (2.2-1) ...
2026-10-08T12:38:52.8633585Z #9 6.528 Selecting previously unselected package libjpeg62-turbo:amd64.
2026-10-08T12:38:52.8634092Z #9 6.529 Preparing to unpack .../018-libjpeg62-turbo_1%3a2.1.5-2_amd64.deb ...
2026-10-08T12:38:52.8634531Z #9 6.530 Unpacking libjpeg62-turbo:amd64 (1:2.1.5-2) ...
2026-10-08T12:38:52.8634995Z #9 6.545 Selecting previously unselected package libpng16-16:amd64.
2026-10-08T12:38:52.8635449Z #9 6.546 Preparing to unpack .../019-libpng16-16_1.6.39-2+deb12u6_amd64.deb ...
2026-10-08T12:38:52.8635895Z #9 6.546 Unpacking libpng16-16:amd64 (1.6.39-2+deb12u6) ...
2026-10-08T12:38:52.9679025Z #9 6.570 Selecting previously unselected package libdeflate0:amd64.
2026-10-08T12:38:52.9679455Z #9 6.571 Preparing to unpack .../020-libdeflate0_1.14-1_amd64.deb ...
2026-10-08T12:38:52.9679740Z #9 6.571 Unpacking libdeflate0:amd64 (1.14-1) ...
2026-10-08T12:38:52.9680036Z #9 6.581 Selecting previously unselected package libjbig0:amd64.
2026-10-08T12:38:52.9680463Z #9 6.582 Preparing to unpack .../021-libjbig0_2.1-6.1_amd64.deb ...
2026-10-08T12:38:52.9680706Z #9 6.583 Unpacking libjbig0:amd64 (2.1-6.1) ...
2026-10-08T12:38:52.9680945Z #9 6.592 Selecting previously unselected package liblerc4:amd64.
2026-10-08T12:38:52.9681297Z #9 6.593 Preparing to unpack .../022-liblerc4_4.0.0+ds-2_amd64.deb ...
2026-10-08T12:38:52.9681537Z #9 6.593 Unpacking liblerc4:amd64 (4.0.0+ds-2) ...
2026-10-08T12:38:52.9681776Z #9 6.609 Selecting previously unselected package libwebp7:amd64.
2026-10-08T12:38:52.9682124Z #9 6.610 Preparing to unpack .../023-libwebp7_1.2.4-0.2+deb12u1_amd64.deb ...
2026-10-08T12:38:52.9682390Z #9 6.610 Unpacking libwebp7:amd64 (1.2.4-0.2+deb12u1) ...
2026-10-08T12:38:52.9682637Z #9 6.632 Selecting previously unselected package libtiff6:amd64.
2026-10-08T12:38:52.9682981Z #9 6.633 Preparing to unpack .../024-libtiff6_4.5.0-6+deb12u4_amd64.deb ...
2026-10-08T12:38:52.9683239Z #9 6.633 Unpacking libtiff6:amd64 (4.5.0-6+deb12u4) ...
2026-10-08T12:38:52.9683580Z #9 6.651 Selecting previously unselected package libgdk-pixbuf-2.0-0:amd64.
2026-10-08T12:38:53.1522381Z #9 6.652 Preparing to unpack .../025-libgdk-pixbuf-2.0-0_2.42.10+dfsg-1+deb12u4_amd64.deb ...
2026-10-08T12:38:53.1522809Z #9 6.653 Unpacking libgdk-pixbuf-2.0-0:amd64 (2.42.10+dfsg-1+deb12u4) ...
2026-10-08T12:38:53.1523438Z #9 6.667 Selecting previously unselected package gtk-update-icon-cache.
2026-10-08T12:38:53.1523780Z #9 6.668 Preparing to unpack .../026-gtk-update-icon-cache_3.24.38-2~deb12u3_amd64.deb ...
2026-10-08T12:38:53.1524093Z #9 6.668 Unpacking gtk-update-icon-cache (3.24.38-2~deb12u3) ...
2026-10-08T12:38:53.1524369Z #9 6.684 Selecting previously unselected package adwaita-icon-theme.
2026-10-08T12:38:53.1524654Z #9 6.684 Preparing to unpack .../027-adwaita-icon-theme_43-1_all.deb ...
2026-10-08T12:38:53.1524919Z #9 6.685 Unpacking adwaita-icon-theme (43-1) ...
2026-10-08T12:38:53.3514404Z #9 7.035 Selecting previously unselected package at-spi2-common.
2026-10-08T12:38:53.4611592Z #9 7.037 Preparing to unpack .../028-at-spi2-common_2.46.0-5_all.deb ...
2026-10-08T12:38:53.4611978Z #9 7.037 Unpacking at-spi2-common (2.46.0-5) ...
2026-10-08T12:38:53.4612223Z #9 7.055 Selecting previously unselected package bubblewrap.
2026-10-08T12:38:53.4612549Z #9 7.056 Preparing to unpack .../029-bubblewrap_0.8.0-2+deb12u1_amd64.deb ...
2026-10-08T12:38:53.4612881Z #9 7.057 Unpacking bubblewrap (0.8.0-2+deb12u1) ...
2026-10-08T12:38:53.4613131Z #9 7.066 Selecting previously unselected package libasound2-data.
2026-10-08T12:38:53.4613470Z #9 7.068 Preparing to unpack .../030-libasound2-data_1.2.8-1_all.deb ...
2026-10-08T12:38:53.4613728Z #9 7.068 Unpacking libasound2-data (1.2.8-1) ...
2026-10-08T12:38:53.4613972Z #9 7.080 Selecting previously unselected package libasound2:amd64.
2026-10-08T12:38:53.4614320Z #9 7.082 Preparing to unpack .../031-libasound2_1.2.8-1+b1_amd64.deb ...
2026-10-08T12:38:53.4614762Z #9 7.082 Unpacking libasound2:amd64 (1.2.8-1+b1) ...
2026-10-08T12:38:53.4615081Z #9 7.107 Selecting previously unselected package libatk1.0-0:amd64.
2026-10-08T12:38:53.4615356Z #9 7.108 Preparing to unpack .../032-libatk1.0-0_2.46.0-5_amd64.deb ...
2026-10-08T12:38:53.4615611Z #9 7.109 Unpacking libatk1.0-0:amd64 (2.46.0-5) ...
2026-10-08T12:38:53.4615911Z #9 7.119 Selecting previously unselected package libxau6:amd64.
2026-10-08T12:38:53.4616184Z #9 7.120 Preparing to unpack .../033-libxau6_1%3a1.0.9-1_amd64.deb ...
2026-10-08T12:38:53.4616428Z #9 7.121 Unpacking libxau6:amd64 (1:1.0.9-1) ...
2026-10-08T12:38:53.4616737Z #9 7.129 Selecting previously unselected package libbsd0:amd64.
2026-10-08T12:38:53.4616997Z #9 7.131 Preparing to unpack .../034-libbsd0_0.11.7-2_amd64.deb ...
2026-10-08T12:38:53.4617246Z #9 7.131 Unpacking libbsd0:amd64 (0.11.7-2) ...
2026-10-08T12:38:53.4617528Z #9 7.144 Selecting previously unselected package libxdmcp6:amd64.
2026-10-08T12:38:53.5617240Z #9 7.146 Preparing to unpack .../035-libxdmcp6_1%3a1.1.2-3_amd64.deb ...
2026-10-08T12:38:53.5617599Z #9 7.146 Unpacking libxdmcp6:amd64 (1:1.1.2-3) ...
2026-10-08T12:38:53.5617850Z #9 7.155 Selecting previously unselected package libxcb1:amd64.
2026-10-08T12:38:53.5618117Z #9 7.156 Preparing to unpack .../036-libxcb1_1.15-1_amd64.deb ...
2026-10-08T12:38:53.5618344Z #9 7.157 Unpacking libxcb1:amd64 (1.15-1) ...
2026-10-08T12:38:53.5618612Z #9 7.167 Selecting previously unselected package libx11-data.
2026-10-08T12:38:53.5618901Z #9 7.169 Preparing to unpack .../037-libx11-data_2%3a1.8.4-2+deb12u2_all.deb ...
2026-10-08T12:38:53.5619170Z #9 7.169 Unpacking libx11-data (2:1.8.4-2+deb12u2) ...
2026-10-08T12:38:53.5619436Z #9 7.192 Selecting previously unselected package libx11-6:amd64.
2026-10-08T12:38:53.5619718Z #9 7.194 Preparing to unpack .../038-libx11-6_2%3a1.8.4-2+deb12u2_amd64.deb ...
2026-10-08T12:38:53.5619985Z #9 7.194 Unpacking libx11-6:amd64 (2:1.8.4-2+deb12u2) ...
2026-10-08T12:38:53.5620239Z #9 7.233 Selecting previously unselected package libxext6:amd64.
2026-10-08T12:38:53.5620774Z #9 7.234 Preparing to unpack .../039-libxext6_2%3a1.3.4-1+b1_amd64.deb ...
2026-10-08T12:38:53.5621132Z #9 7.235 Unpacking libxext6:amd64 (2:1.3.4-1+b1) ...
2026-10-08T12:38:53.5621365Z #9 7.245 Selecting previously unselected package libxi6:amd64.
2026-10-08T12:38:53.7143834Z #9 7.246 Preparing to unpack .../040-libxi6_2%3a1.8-1+b1_amd64.deb ...
2026-10-08T12:38:53.7144411Z #9 7.247 Unpacking libxi6:amd64 (2:1.8-1+b1) ...
2026-10-08T12:38:53.7144712Z #9 7.258 Selecting previously unselected package libatspi2.0-0:amd64.
2026-10-08T12:38:53.7145004Z #9 7.259 Preparing to unpack .../041-libatspi2.0-0_2.46.0-5_amd64.deb ...
2026-10-08T12:38:53.7145328Z #9 7.260 Unpacking libatspi2.0-0:amd64 (2.46.0-5) ...
2026-10-08T12:38:53.7145594Z #9 7.271 Selecting previously unselected package libatk-bridge2.0-0:amd64.
2026-10-08T12:38:53.7145921Z #9 7.272 Preparing to unpack .../042-libatk-bridge2.0-0_2.46.0-5_amd64.deb ...
2026-10-08T12:38:53.7146241Z #9 7.273 Unpacking libatk-bridge2.0-0:amd64 (2.46.0-5) ...
2026-10-08T12:38:53.7146497Z #9 7.284 Selecting previously unselected package libbrotli1:amd64.
2026-10-08T12:38:53.7146844Z #9 7.285 Preparing to unpack .../043-libbrotli1_1.0.9-2+b6_amd64.deb ...
2026-10-08T12:38:53.7147088Z #9 7.286 Unpacking libbrotli1:amd64 (1.0.9-2+b6) ...
2026-10-08T12:38:53.7147336Z #9 7.307 Selecting previously unselected package libfreetype6:amd64.
2026-10-08T12:38:53.7147708Z #9 7.309 Preparing to unpack .../044-libfreetype6_2.12.1+dfsg-5+deb12u4_amd64.deb ...
2026-10-08T12:38:53.7148004Z #9 7.309 Unpacking libfreetype6:amd64 (2.12.1+dfsg-5+deb12u4) ...
2026-10-08T12:38:53.7148337Z #9 7.335 Selecting previously unselected package fonts-dejavu-core.
2026-10-08T12:38:53.7148622Z #9 7.336 Preparing to unpack .../045-fonts-dejavu-core_2.37-6_all.deb ...
2026-10-08T12:38:53.7148873Z #9 7.337 Unpacking fonts-dejavu-core (2.37-6) ...
2026-10-08T12:38:53.7149278Z #9 7.397 Selecting previously unselected package fontconfig-config.
2026-10-08T12:38:53.8162938Z #9 7.399 Preparing to unpack .../046-fontconfig-config_2.14.1-4_amd64.deb ...
2026-10-08T12:38:53.8163443Z #9 7.441 Unpacking fontconfig-config (2.14.1-4) ...
2026-10-08T12:38:53.8163842Z #9 7.457 Selecting previously unselected package libfontconfig1:amd64.
2026-10-08T12:38:53.8164285Z #9 7.459 Preparing to unpack .../047-libfontconfig1_2.14.1-4_amd64.deb ...
2026-10-08T12:38:53.8164718Z #9 7.459 Unpacking libfontconfig1:amd64 (2.14.1-4) ...
2026-10-08T12:38:53.8165105Z #9 7.474 Selecting previously unselected package libpixman-1-0:amd64.
2026-10-08T12:38:53.8165532Z #9 7.476 Preparing to unpack .../048-libpixman-1-0_0.42.2-1_amd64.deb ...
2026-10-08T12:38:53.8165907Z #9 7.476 Unpacking libpixman-1-0:amd64 (0.42.2-1) ...
2026-10-08T12:38:53.8166286Z #9 7.499 Selecting previously unselected package libxcb-render0:amd64.
2026-10-08T12:38:53.9167654Z #9 7.501 Preparing to unpack .../049-libxcb-render0_1.15-1_amd64.deb ...
2026-10-08T12:38:53.9168077Z #9 7.501 Unpacking libxcb-render0:amd64 (1.15-1) ...
2026-10-08T12:38:53.9168364Z #9 7.515 Selecting previously unselected package libxcb-shm0:amd64.
2026-10-08T12:38:53.9168708Z #9 7.516 Preparing to unpack .../050-libxcb-shm0_1.15-1_amd64.deb ...
2026-10-08T12:38:53.9168939Z #9 7.517 Unpacking libxcb-shm0:amd64 (1.15-1) ...
2026-10-08T12:38:53.9169177Z #9 7.529 Selecting previously unselected package libxrender1:amd64.
2026-10-08T12:38:53.9169543Z #9 7.531 Preparing to unpack .../051-libxrender1_1%3a0.9.10-1.1_amd64.deb ...
2026-10-08T12:38:53.9169807Z #9 7.531 Unpacking libxrender1:amd64 (1:0.9.10-1.1) ...
2026-10-08T12:38:53.9170067Z #9 7.540 Selecting previously unselected package libcairo2:amd64.
2026-10-08T12:38:53.9170650Z #9 7.542 Preparing to unpack .../052-libcairo2_1.16.0-7_amd64.deb ...
2026-10-08T12:38:53.9170974Z #9 7.542 Unpacking libcairo2:amd64 (1.16.0-7) ...
2026-10-08T12:38:53.9171409Z #9 7.573 Selecting previously unselected package libavahi-common-data:amd64.
2026-10-08T12:38:53.9171920Z #9 7.574 Preparing to unpack .../053-libavahi-common-data_0.8-10+deb12u1_amd64.deb ...
2026-10-08T12:38:53.9172286Z #9 7.574 Unpacking libavahi-common-data:amd64 (0.8-10+deb12u1) ...
2026-10-08T12:38:53.9172564Z #9 7.588 Selecting previously unselected package libavahi-common3:amd64.
2026-10-08T12:38:53.9172863Z #9 7.589 Preparing to unpack .../054-libavahi-common3_0.8-10+deb12u1_amd64.deb ...
2026-10-08T12:38:53.9173335Z #9 7.589 Unpacking libavahi-common3:amd64 (0.8-10+deb12u1) ...
2026-10-08T12:38:53.9173601Z #9 7.599 Selecting previously unselected package libavahi-client3:amd64.
2026-10-08T12:38:53.9173898Z #9 7.600 Preparing to unpack .../055-libavahi-client3_0.8-10+deb12u1_amd64.deb ...
2026-10-08T12:38:54.0250994Z #9 7.601 Unpacking libavahi-client3:amd64 (0.8-10+deb12u1) ...
2026-10-08T12:38:54.0251355Z #9 7.611 Selecting previously unselected package libkrb5support0:amd64.
2026-10-08T12:38:54.0251688Z #9 7.612 Preparing to unpack .../056-libkrb5support0_1.20.1-2+deb12u5_amd64.deb ...
2026-10-08T12:38:54.0252027Z #9 7.612 Unpacking libkrb5support0:amd64 (1.20.1-2+deb12u5) ...
2026-10-08T12:38:54.0252299Z #9 7.621 Selecting previously unselected package libk5crypto3:amd64.
2026-10-08T12:38:54.0252593Z #9 7.623 Preparing to unpack .../057-libk5crypto3_1.20.1-2+deb12u5_amd64.deb ...
2026-10-08T12:38:54.0252865Z #9 7.623 Unpacking libk5crypto3:amd64 (1.20.1-2+deb12u5) ...
2026-10-08T12:38:54.0253137Z #9 7.635 Selecting previously unselected package libkeyutils1:amd64.
2026-10-08T12:38:54.0253413Z #9 7.636 Preparing to unpack .../058-libkeyutils1_1.6.3-2_amd64.deb ...
2026-10-08T12:38:54.0253676Z #9 7.636 Unpacking libkeyutils1:amd64 (1.6.3-2) ...
2026-10-08T12:38:54.0253921Z #9 7.644 Selecting previously unselected package libkrb5-3:amd64.
2026-10-08T12:38:54.0254204Z #9 7.645 Preparing to unpack .../059-libkrb5-3_1.20.1-2+deb12u5_amd64.deb ...
2026-10-08T12:38:54.0254463Z #9 7.646 Unpacking libkrb5-3:amd64 (1.20.1-2+deb12u5) ...
2026-10-08T12:38:54.0254917Z #9 7.671 Selecting previously unselected package libgssapi-krb5-2:amd64.
2026-10-08T12:38:54.0255223Z #9 7.673 Preparing to unpack .../060-libgssapi-krb5-2_1.20.1-2+deb12u5_amd64.deb ...
2026-10-08T12:38:54.0255510Z #9 7.673 Unpacking libgssapi-krb5-2:amd64 (1.20.1-2+deb12u5) ...
2026-10-08T12:38:54.0255765Z #9 7.688 Selecting previously unselected package libcups2:amd64.
2026-10-08T12:38:54.0256035Z #9 7.689 Preparing to unpack .../061-libcups2_2.4.2-3+deb12u9_amd64.deb ...
2026-10-08T12:38:54.0256303Z #9 7.689 Unpacking libcups2:amd64 (2.4.2-3+deb12u9) ...
2026-10-08T12:38:54.0256547Z #9 7.708 Selecting previously unselected package libdav1d6:amd64.
2026-10-08T12:38:54.1299451Z #9 7.710 Preparing to unpack .../062-libdav1d6_1.0.0-2+deb12u1_amd64.deb ...
2026-10-08T12:38:54.1299963Z #9 7.710 Unpacking libdav1d6:amd64 (1.0.0-2+deb12u1) ...
2026-10-08T12:38:54.1300536Z #9 7.742 Selecting previously unselected package libdouble-conversion3:amd64.
2026-10-08T12:38:54.1300880Z #9 7.743 Preparing to unpack .../063-libdouble-conversion3_3.2.1-1_amd64.deb ...
2026-10-08T12:38:54.1301196Z #9 7.744 Unpacking libdouble-conversion3:amd64 (3.2.1-1) ...
2026-10-08T12:38:54.1301455Z #9 7.753 Selecting previously unselected package libogg0:amd64.
2026-10-08T12:38:54.1301720Z #9 7.754 Preparing to unpack .../064-libogg0_1.3.5-3_amd64.deb ...
2026-10-08T12:38:54.1301945Z #9 7.755 Unpacking libogg0:amd64 (1.3.5-3) ...
2026-10-08T12:38:54.1302178Z #9 7.763 Selecting previously unselected package libflac12:amd64.
2026-10-08T12:38:54.1302459Z #9 7.764 Preparing to unpack .../065-libflac12_1.4.2+ds-2_amd64.deb ...
2026-10-08T12:38:54.1302697Z #9 7.765 Unpacking libflac12:amd64 (1.4.2+ds-2) ...
2026-10-08T12:38:54.1302935Z #9 7.781 Selecting previously unselected package libdrm-common.
2026-10-08T12:38:54.1303202Z #9 7.782 Preparing to unpack .../066-libdrm-common_2.4.114-1_all.deb ...
2026-10-08T12:38:54.1303437Z #9 7.783 Unpacking libdrm-common (2.4.114-1) ...
2026-10-08T12:38:54.1303664Z #9 7.791 Selecting previously unselected package libdrm2:amd64.
2026-10-08T12:38:54.1303938Z #9 7.792 Preparing to unpack .../067-libdrm2_2.4.114-1+b1_amd64.deb ...
2026-10-08T12:38:54.1304170Z #9 7.793 Unpacking libdrm2:amd64 (2.4.114-1+b1) ...
2026-10-08T12:38:54.1304424Z #9 7.802 Selecting previously unselected package libwayland-server0:amd64.
2026-10-08T12:38:54.1304725Z #9 7.803 Preparing to unpack .../068-libwayland-server0_1.21.0-1_amd64.deb ...
2026-10-08T12:38:54.1304988Z #9 7.804 Unpacking libwayland-server0:amd64 (1.21.0-1) ...
2026-10-08T12:38:54.1305396Z #9 7.813 Selecting previously unselected package libgbm1:amd64.
2026-10-08T12:38:54.2420693Z #9 7.814 Preparing to unpack .../069-libgbm1_22.3.6-1+deb12u2_amd64.deb ...
2026-10-08T12:38:54.2421186Z #9 7.815 Unpacking libgbm1:amd64 (22.3.6-1+deb12u2) ...
2026-10-08T12:38:54.2421609Z #9 7.824 Selecting previously unselected package libgraphite2-3:amd64.
2026-10-08T12:38:54.2422009Z #9 7.825 Preparing to unpack .../070-libgraphite2-3_1.3.14-1+deb12u1_amd64.deb ...
2026-10-08T12:38:54.2422304Z #9 7.826 Unpacking libgraphite2-3:amd64 (1.3.14-1+deb12u1) ...
2026-10-08T12:38:54.2422565Z #9 7.837 Selecting previously unselected package libharfbuzz0b:amd64.
2026-10-08T12:38:54.2422859Z #9 7.838 Preparing to unpack .../071-libharfbuzz0b_6.0.0+dfsg-3_amd64.deb ...
2026-10-08T12:38:54.2423119Z #9 7.839 Unpacking libharfbuzz0b:amd64 (6.0.0+dfsg-3) ...
2026-10-08T12:38:54.2423391Z #9 7.874 Selecting previously unselected package libharfbuzz-subset0:amd64.
2026-10-08T12:38:54.2423717Z #9 7.875 Preparing to unpack .../072-libharfbuzz-subset0_6.0.0+dfsg-3_amd64.deb ...
2026-10-08T12:38:54.2423999Z #9 7.876 Unpacking libharfbuzz-subset0:amd64 (6.0.0+dfsg-3) ...
2026-10-08T12:38:54.2424258Z #9 7.909 Selecting previously unselected package liblcms2-2:amd64.
2026-10-08T12:38:54.2424533Z #9 7.910 Preparing to unpack .../073-liblcms2-2_2.14-2+deb12u1_amd64.deb ...
2026-10-08T12:38:54.2424782Z #9 7.911 Unpacking liblcms2-2:amd64 (2.14-2+deb12u1) ...
2026-10-08T12:38:54.2425026Z #9 7.925 Selecting previously unselected package libminizip1:amd64.
2026-10-08T12:38:54.3769003Z #9 7.927 Preparing to unpack .../074-libminizip1_1.1-8+deb12u1_amd64.deb ...
2026-10-08T12:38:54.3769624Z #9 7.927 Unpacking libminizip1:amd64 (1.1-8+deb12u1) ...
2026-10-08T12:38:54.3770137Z #9 7.935 Selecting previously unselected package libnspr4:amd64.
2026-10-08T12:38:54.3770733Z #9 7.936 Preparing to unpack .../075-libnspr4_2%3a4.35-1_amd64.deb ...
2026-10-08T12:38:54.3771218Z #9 7.937 Unpacking libnspr4:amd64 (2:4.35-1) ...
2026-10-08T12:38:54.3771714Z #9 7.950 Selecting previously unselected package libsqlite3-0:amd64.
2026-10-08T12:38:54.3772249Z #9 7.951 Preparing to unpack .../076-libsqlite3-0_3.40.1-2+deb12u2_amd64.deb ...
2026-10-08T12:38:54.3772735Z #9 7.952 Unpacking libsqlite3-0:amd64 (3.40.1-2+deb12u2) ...
2026-10-08T12:38:54.3773193Z #9 7.989 Selecting previously unselected package libnss3:amd64.
2026-10-08T12:38:54.3773709Z #9 7.991 Preparing to unpack .../077-libnss3_2%3a3.87.1-1+deb12u4_amd64.deb ...
2026-10-08T12:38:54.3774200Z #9 7.991 Unpacking libnss3:amd64 (2:3.87.1-1+deb12u4) ...
2026-10-08T12:38:54.3774666Z #9 8.060 Selecting previously unselected package libopenh264-7:amd64.
2026-10-08T12:38:54.5202030Z #9 8.062 Preparing to unpack .../078-libopenh264-7_2.3.1+dfsg-3+deb12u2_amd64.deb ...
2026-10-08T12:38:54.5202660Z #9 8.062 Unpacking libopenh264-7:amd64 (2.3.1+dfsg-3+deb12u2) ...
2026-10-08T12:38:54.5203164Z #9 8.090 Selecting previously unselected package libopenjp2-7:amd64.
2026-10-08T12:38:54.5203674Z #9 8.091 Preparing to unpack .../079-libopenjp2-7_2.5.0-2+deb12u3_amd64.deb ...
2026-10-08T12:38:54.5204114Z #9 8.092 Unpacking libopenjp2-7:amd64 (2.5.0-2+deb12u3) ...
2026-10-08T12:38:54.5204529Z #9 8.108 Selecting previously unselected package libopus0:amd64.
2026-10-08T12:38:54.5204956Z #9 8.110 Preparing to unpack .../080-libopus0_1.3.1-3_amd64.deb ...
2026-10-08T12:38:54.5205326Z #9 8.110 Unpacking libopus0:amd64 (1.3.1-3) ...
2026-10-08T12:38:54.5205688Z #9 8.126 Selecting previously unselected package fontconfig.
2026-10-08T12:38:54.5206123Z #9 8.127 Preparing to unpack .../081-fontconfig_2.14.1-4_amd64.deb ...
2026-10-08T12:38:54.5206504Z #9 8.128 Unpacking fontconfig (2.14.1-4) ...
2026-10-08T12:38:54.5206886Z #9 8.144 Selecting previously unselected package libfribidi0:amd64.
2026-10-08T12:38:54.5207325Z #9 8.145 Preparing to unpack .../082-libfribidi0_1.0.8-2.1_amd64.deb ...
2026-10-08T12:38:54.5207714Z #9 8.145 Unpacking libfribidi0:amd64 (1.0.8-2.1) ...
2026-10-08T12:38:54.5208293Z #9 8.155 Selecting previously unselected package libthai-data.
2026-10-08T12:38:54.5208718Z #9 8.156 Preparing to unpack .../083-libthai-data_0.1.29-1_all.deb ...
2026-10-08T12:38:54.5209085Z #9 8.156 Unpacking libthai-data (0.1.29-1) ...
2026-10-08T12:38:54.5209465Z #9 8.203 Selecting previously unselected package libdatrie1:amd64.
2026-10-08T12:38:54.6278511Z #9 8.205 Preparing to unpack .../084-libdatrie1_0.2.13-2+b1_amd64.deb ...
2026-10-08T12:38:54.6278836Z #9 8.205 Unpacking libdatrie1:amd64 (0.2.13-2+b1) ...
2026-10-08T12:38:54.6279114Z #9 8.215 Selecting previously unselected package libthai0:amd64.
2026-10-08T12:38:54.6279380Z #9 8.217 Preparing to unpack .../085-libthai0_0.1.29-1_amd64.deb ...
2026-10-08T12:38:54.6279611Z #9 8.217 Unpacking libthai0:amd64 (0.1.29-1) ...
2026-10-08T12:38:54.6279860Z #9 8.228 Selecting previously unselected package libpango-1.0-0:amd64.
2026-10-08T12:38:54.6280154Z #9 8.229 Preparing to unpack .../086-libpango-1.0-0_1.50.12+ds-1_amd64.deb ...
2026-10-08T12:38:54.6280602Z #9 8.230 Unpacking libpango-1.0-0:amd64 (1.50.12+ds-1) ...
2026-10-08T12:38:54.6280854Z #9 8.248 Selecting previously unselected package libasyncns0:amd64.
2026-10-08T12:38:54.6281124Z #9 8.249 Preparing to unpack .../087-libasyncns0_0.8-6+b3_amd64.deb ...
2026-10-08T12:38:54.6281359Z #9 8.250 Unpacking libasyncns0:amd64 (0.8-6+b3) ...
2026-10-08T12:38:54.6281600Z #9 8.259 Selecting previously unselected package libmp3lame0:amd64.
2026-10-08T12:38:54.6281863Z #9 8.260 Preparing to unpack .../088-libmp3lame0_3.100-6_amd64.deb ...
2026-10-08T12:38:54.6282284Z #9 8.261 Unpacking libmp3lame0:amd64 (3.100-6) ...
2026-10-08T12:38:54.6282515Z #9 8.281 Selecting previously unselected package libmpg123-0:amd64.
2026-10-08T12:38:54.6282802Z #9 8.282 Preparing to unpack .../089-libmpg123-0_1.31.2-1+deb12u1_amd64.deb ...
2026-10-08T12:38:54.6283061Z #9 8.283 Unpacking libmpg123-0:amd64 (1.31.2-1+deb12u1) ...
2026-10-08T12:38:54.6283303Z #9 8.298 Selecting previously unselected package libvorbis0a:amd64.
2026-10-08T12:38:54.6283569Z #9 8.299 Preparing to unpack .../090-libvorbis0a_1.3.7-1_amd64.deb ...
2026-10-08T12:38:54.6283794Z #9 8.299 Unpacking libvorbis0a:amd64 (1.3.7-1) ...
2026-10-08T12:38:54.6284031Z #9 8.311 Selecting previously unselected package libvorbisenc2:amd64.
2026-10-08T12:38:54.7282670Z #9 8.312 Preparing to unpack .../091-libvorbisenc2_1.3.7-1_amd64.deb ...
2026-10-08T12:38:54.7283183Z #9 8.313 Unpacking libvorbisenc2:amd64 (1.3.7-1) ...
2026-10-08T12:38:54.7283561Z #9 8.324 Selecting previously unselected package libsndfile1:amd64.
2026-10-08T12:38:54.7283888Z #9 8.326 Preparing to unpack .../092-libsndfile1_1.2.0-1+deb12u1_amd64.deb ...
2026-10-08T12:38:54.7284158Z #9 8.326 Unpacking libsndfile1:amd64 (1.2.0-1+deb12u1) ...
2026-10-08T12:38:54.7284411Z #9 8.343 Selecting previously unselected package libx11-xcb1:amd64.
2026-10-08T12:38:54.7284711Z #9 8.344 Preparing to unpack .../093-libx11-xcb1_2%3a1.8.4-2+deb12u2_amd64.deb ...
2026-10-08T12:38:54.7284988Z #9 8.344 Unpacking libx11-xcb1:amd64 (2:1.8.4-2+deb12u2) ...
2026-10-08T12:38:54.7285252Z #9 8.357 Selecting previously unselected package libpulse0:amd64.
2026-10-08T12:38:54.7285531Z #9 8.358 Preparing to unpack .../094-libpulse0_16.1+dfsg1-2+b1_amd64.deb ...
2026-10-08T12:38:54.7285787Z #9 8.360 Unpacking libpulse0:amd64 (16.1+dfsg1-2+b1) ...
2026-10-08T12:38:54.7286043Z #9 8.381 Selecting previously unselected package libxcomposite1:amd64.
2026-10-08T12:38:54.7286335Z #9 8.382 Preparing to unpack .../095-libxcomposite1_1%3a0.4.5-1_amd64.deb ...
2026-10-08T12:38:54.7286597Z #9 8.383 Unpacking libxcomposite1:amd64 (1:0.4.5-1) ...
2026-10-08T12:38:54.7286845Z #9 8.392 Selecting previously unselected package libxdamage1:amd64.
2026-10-08T12:38:54.7287122Z #9 8.393 Preparing to unpack .../096-libxdamage1_1%3a1.1.6-1_amd64.deb ...
2026-10-08T12:38:54.7287371Z #9 8.393 Unpacking libxdamage1:amd64 (1:1.1.6-1) ...
2026-10-08T12:38:54.7287613Z #9 8.402 Selecting previously unselected package libxfixes3:amd64.
2026-10-08T12:38:54.7288061Z #9 8.403 Preparing to unpack .../097-libxfixes3_1%3a6.0.0-2_amd64.deb ...
2026-10-08T12:38:54.7288301Z #9 8.404 Unpacking libxfixes3:amd64 (1:6.0.0-2) ...
2026-10-08T12:38:54.7288528Z #9 8.411 Selecting previously unselected package xkb-data.
2026-10-08T12:38:54.8329819Z #9 8.413 Preparing to unpack .../098-xkb-data_2.35.1-1_all.deb ...
2026-10-08T12:38:54.8330270Z #9 8.414 Unpacking xkb-data (2.35.1-1) ...
2026-10-08T12:38:54.8330772Z #9 8.465 Selecting previously unselected package libxkbcommon0:amd64.
2026-10-08T12:38:54.8331066Z #9 8.467 Preparing to unpack .../099-libxkbcommon0_1.5.0-1_amd64.deb ...
2026-10-08T12:38:54.8331354Z #9 8.467 Unpacking libxkbcommon0:amd64 (1.5.0-1) ...
2026-10-08T12:38:54.8331601Z #9 8.480 Selecting previously unselected package libxnvctrl0:amd64.
2026-10-08T12:38:54.8331899Z #9 8.481 Preparing to unpack .../100-libxnvctrl0_525.85.05-3~deb12u1_amd64.deb ...
2026-10-08T12:38:54.8332215Z #9 8.482 Unpacking libxnvctrl0:amd64 (525.85.05-3~deb12u1) ...
2026-10-08T12:38:54.8332502Z #9 8.490 Selecting previously unselected package libxrandr2:amd64.
2026-10-08T12:38:54.8332784Z #9 8.491 Preparing to unpack .../101-libxrandr2_2%3a1.5.2-2+b1_amd64.deb ...
2026-10-08T12:38:54.8333041Z #9 8.492 Unpacking libxrandr2:amd64 (2:1.5.2-2+b1) ...
2026-10-08T12:38:54.8333303Z #9 8.501 Selecting previously unselected package libcairo-gobject2:amd64.
2026-10-08T12:38:54.8333605Z #9 8.502 Preparing to unpack .../102-libcairo-gobject2_1.16.0-7_amd64.deb ...
2026-10-08T12:38:54.8333867Z #9 8.503 Unpacking libcairo-gobject2:amd64 (1.16.0-7) ...
2026-10-08T12:38:54.8334289Z #9 8.516 Selecting previously unselected package libcolord2:amd64.
2026-10-08T12:38:54.9333710Z #9 8.517 Preparing to unpack .../103-libcolord2_1.4.6-2.2_amd64.deb ...
2026-10-08T12:38:54.9334237Z #9 8.518 Unpacking libcolord2:amd64 (1.4.6-2.2) ...
2026-10-08T12:38:54.9334660Z #9 8.533 Selecting previously unselected package libepoxy0:amd64.
2026-10-08T12:38:54.9335142Z #9 8.534 Preparing to unpack .../104-libepoxy0_1.5.10-1_amd64.deb ...
2026-10-08T12:38:54.9335575Z #9 8.535 Unpacking libepoxy0:amd64 (1.5.10-1) ...
2026-10-08T12:38:54.9336015Z #9 8.552 Selecting previously unselected package libpangoft2-1.0-0:amd64.
2026-10-08T12:38:54.9336541Z #9 8.553 Preparing to unpack .../105-libpangoft2-1.0-0_1.50.12+ds-1_amd64.deb ...
2026-10-08T12:38:54.9337006Z #9 8.554 Unpacking libpangoft2-1.0-0:amd64 (1.50.12+ds-1) ...
2026-10-08T12:38:54.9337455Z #9 8.564 Selecting previously unselected package libpangocairo-1.0-0:amd64.
2026-10-08T12:38:54.9337997Z #9 8.565 Preparing to unpack .../106-libpangocairo-1.0-0_1.50.12+ds-1_amd64.deb ...
2026-10-08T12:38:54.9338506Z #9 8.566 Unpacking libpangocairo-1.0-0:amd64 (1.50.12+ds-1) ...
2026-10-08T12:38:54.9338911Z #9 8.576 Selecting previously unselected package libwayland-client0:amd64.
2026-10-08T12:38:54.9339226Z #9 8.577 Preparing to unpack .../107-libwayland-client0_1.21.0-1_amd64.deb ...
2026-10-08T12:38:54.9339495Z #9 8.578 Unpacking libwayland-client0:amd64 (1.21.0-1) ...
2026-10-08T12:38:54.9339766Z #9 8.587 Selecting previously unselected package libwayland-cursor0:amd64.
2026-10-08T12:38:54.9340060Z #9 8.588 Preparing to unpack .../108-libwayland-cursor0_1.21.0-1_amd64.deb ...
2026-10-08T12:38:54.9340486Z #9 8.589 Unpacking libwayland-cursor0:amd64 (1.21.0-1) ...
2026-10-08T12:38:54.9340756Z #9 8.597 Selecting previously unselected package libwayland-egl1:amd64.
2026-10-08T12:38:54.9341044Z #9 8.598 Preparing to unpack .../109-libwayland-egl1_1.21.0-1_amd64.deb ...
2026-10-08T12:38:54.9341293Z #9 8.599 Unpacking libwayland-egl1:amd64 (1.21.0-1) ...
2026-10-08T12:38:54.9341573Z #9 8.615 Selecting previously unselected package libxcursor1:amd64.
2026-10-08T12:38:54.9341843Z #9 8.616 Preparing to unpack .../110-libxcursor1_1%3a1.2.1-1_amd64.deb ...
2026-10-08T12:38:54.9342087Z #9 8.617 Unpacking libxcursor1:amd64 (1:1.2.1-1) ...
2026-10-08T12:38:55.1495153Z #9 8.626 Selecting previously unselected package libxinerama1:amd64.
2026-10-08T12:38:55.1495709Z #9 8.627 Preparing to unpack .../111-libxinerama1_2%3a1.1.4-3_amd64.deb ...
2026-10-08T12:38:55.1496591Z #9 8.628 Unpacking libxinerama1:amd64 (2:1.1.4-3) ...
2026-10-08T12:38:55.1497028Z #9 8.635 Selecting previously unselected package dbus-user-session.
2026-10-08T12:38:55.1497538Z #9 8.637 Preparing to unpack .../112-dbus-user-session_1.14.10-1~deb12u1_amd64.deb ...
2026-10-08T12:38:55.1497999Z #9 8.637 Unpacking dbus-user-session (1.14.10-1~deb12u1) ...
2026-10-08T12:38:55.1498410Z #9 8.649 Selecting previously unselected package libdconf1:amd64.
2026-10-08T12:38:55.1498848Z #9 8.651 Preparing to unpack .../113-libdconf1_0.40.0-4_amd64.deb ...
2026-10-08T12:38:55.1499242Z #9 8.651 Unpacking libdconf1:amd64 (0.40.0-4) ...
2026-10-08T12:38:55.1499627Z #9 8.660 Selecting previously unselected package dconf-service.
2026-10-08T12:38:55.1500062Z #9 8.661 Preparing to unpack .../114-dconf-service_0.40.0-4_amd64.deb ...
2026-10-08T12:38:55.1500559Z #9 8.662 Unpacking dconf-service (0.40.0-4) ...
2026-10-08T12:38:55.1500992Z #9 8.670 Selecting previously unselected package dconf-gsettings-backend:amd64.
2026-10-08T12:38:55.1501524Z #9 8.672 Preparing to unpack .../115-dconf-gsettings-backend_0.40.0-4_amd64.deb ...
2026-10-08T12:38:55.1501985Z #9 8.672 Unpacking dconf-gsettings-backend:amd64 (0.40.0-4) ...
2026-10-08T12:38:55.1502411Z #9 8.681 Selecting previously unselected package libgtk-3-common.
2026-10-08T12:38:55.1502891Z #9 8.682 Preparing to unpack .../116-libgtk-3-common_3.24.38-2~deb12u3_all.deb ...
2026-10-08T12:38:55.1503324Z #9 8.682 Unpacking libgtk-3-common (3.24.38-2~deb12u3) ...
2026-10-08T12:38:55.1868111Z #9 8.869 Selecting previously unselected package libgtk-3-0:amd64.
2026-10-08T12:38:55.3255007Z #9 8.870 Preparing to unpack .../117-libgtk-3-0_3.24.38-2~deb12u3_amd64.deb ...
2026-10-08T12:38:55.3255359Z #9 8.871 Unpacking libgtk-3-0:amd64 (3.24.38-2~deb12u3) ...
2026-10-08T12:38:55.3255627Z #9 9.009 Selecting previously unselected package libfontenc1:amd64.
2026-10-08T12:38:55.4345423Z #9 9.010 Preparing to unpack .../118-libfontenc1_1%3a1.1.4-1_amd64.deb ...
2026-10-08T12:38:55.4345939Z #9 9.011 Unpacking libfontenc1:amd64 (1:1.1.4-1) ...
2026-10-08T12:38:55.4346267Z #9 9.020 Selecting previously unselected package libglvnd0:amd64.
2026-10-08T12:38:55.4346527Z #9 9.021 Preparing to unpack .../119-libglvnd0_1.6.0-1_amd64.deb ...
2026-10-08T12:38:55.4346750Z #9 9.021 Unpacking libglvnd0:amd64 (1.6.0-1) ...
2026-10-08T12:38:55.4346996Z #9 9.032 Selecting previously unselected package libglapi-mesa:amd64.
2026-10-08T12:38:55.4347285Z #9 9.033 Preparing to unpack .../120-libglapi-mesa_22.3.6-1+deb12u2_amd64.deb ...
2026-10-08T12:38:55.4347565Z #9 9.034 Unpacking libglapi-mesa:amd64 (22.3.6-1+deb12u2) ...
2026-10-08T12:38:55.4347813Z #9 9.043 Selecting previously unselected package libxcb-dri2-0:amd64.
2026-10-08T12:38:55.4348076Z #9 9.045 Preparing to unpack .../121-libxcb-dri2-0_1.15-1_amd64.deb ...
2026-10-08T12:38:55.4348302Z #9 9.045 Unpacking libxcb-dri2-0:amd64 (1.15-1) ...
2026-10-08T12:38:55.4348535Z #9 9.058 Selecting previously unselected package libxcb-dri3-0:amd64.
2026-10-08T12:38:55.4348802Z #9 9.059 Preparing to unpack .../122-libxcb-dri3-0_1.15-1_amd64.deb ...
2026-10-08T12:38:55.4349027Z #9 9.060 Unpacking libxcb-dri3-0:amd64 (1.15-1) ...
2026-10-08T12:38:55.4349254Z #9 9.072 Selecting previously unselected package libxcb-glx0:amd64.
2026-10-08T12:38:55.4349506Z #9 9.074 Preparing to unpack .../123-libxcb-glx0_1.15-1_amd64.deb ...
2026-10-08T12:38:55.4349726Z #9 9.074 Unpacking libxcb-glx0:amd64 (1.15-1) ...
2026-10-08T12:38:55.4349963Z #9 9.087 Selecting previously unselected package libxcb-present0:amd64.
2026-10-08T12:38:55.4350236Z #9 9.089 Preparing to unpack .../124-libxcb-present0_1.15-1_amd64.deb ...
2026-10-08T12:38:55.4350698Z #9 9.091 Unpacking libxcb-present0:amd64 (1.15-1) ...
2026-10-08T12:38:55.4350933Z #9 9.103 Selecting previously unselected package libxcb-randr0:amd64.
2026-10-08T12:38:55.4351191Z #9 9.104 Preparing to unpack .../125-libxcb-randr0_1.15-1_amd64.deb ...
2026-10-08T12:38:55.4351413Z #9 9.105 Unpacking libxcb-randr0:amd64 (1.15-1) ...
2026-10-08T12:38:55.4351814Z #9 9.118 Selecting previously unselected package libxcb-sync1:amd64.
2026-10-08T12:38:55.5389762Z #9 9.119 Preparing to unpack .../126-libxcb-sync1_1.15-1_amd64.deb ...
2026-10-08T12:38:55.5390093Z #9 9.120 Unpacking libxcb-sync1:amd64 (1.15-1) ...
2026-10-08T12:38:55.5390536Z #9 9.133 Selecting previously unselected package libxcb-xfixes0:amd64.
2026-10-08T12:38:55.5390825Z #9 9.134 Preparing to unpack .../127-libxcb-xfixes0_1.15-1_amd64.deb ...
2026-10-08T12:38:55.5391086Z #9 9.135 Unpacking libxcb-xfixes0:amd64 (1.15-1) ...
2026-10-08T12:38:55.5391366Z #9 9.148 Selecting previously unselected package libxshmfence1:amd64.
2026-10-08T12:38:55.5391641Z #9 9.149 Preparing to unpack .../128-libxshmfence1_1.3-1_amd64.deb ...
2026-10-08T12:38:55.5391876Z #9 9.167 Unpacking libxshmfence1:amd64 (1.3-1) ...
2026-10-08T12:38:55.5392117Z #9 9.176 Selecting previously unselected package libxxf86vm1:amd64.
2026-10-08T12:38:55.5392407Z #9 9.177 Preparing to unpack .../129-libxxf86vm1_1%3a1.1.4-1+b2_amd64.deb ...
2026-10-08T12:38:55.5392677Z #9 9.177 Unpacking libxxf86vm1:amd64 (1:1.1.4-1+b2) ...
2026-10-08T12:38:55.5392927Z #9 9.188 Selecting previously unselected package libdrm-amdgpu1:amd64.
2026-10-08T12:38:55.5393218Z #9 9.189 Preparing to unpack .../130-libdrm-amdgpu1_2.4.114-1+b1_amd64.deb ...
2026-10-08T12:38:55.5393481Z #9 9.190 Unpacking libdrm-amdgpu1:amd64 (2.4.114-1+b1) ...
2026-10-08T12:38:55.5393733Z #9 9.198 Selecting previously unselected package libpciaccess0:amd64.
2026-10-08T12:38:55.5394012Z #9 9.200 Preparing to unpack .../131-libpciaccess0_0.17-2_amd64.deb ...
2026-10-08T12:38:55.5394417Z #9 9.200 Unpacking libpciaccess0:amd64 (0.17-2) ...
2026-10-08T12:38:55.5394662Z #9 9.210 Selecting previously unselected package libdrm-intel1:amd64.
2026-10-08T12:38:55.5394944Z #9 9.211 Preparing to unpack .../132-libdrm-intel1_2.4.114-1+b1_amd64.deb ...
2026-10-08T12:38:55.5395202Z #9 9.212 Unpacking libdrm-intel1:amd64 (2.4.114-1+b1) ...
2026-10-08T12:38:55.5395466Z #9 9.222 Selecting previously unselected package libdrm-nouveau2:amd64.
2026-10-08T12:38:55.7448941Z #9 9.224 Preparing to unpack .../133-libdrm-nouveau2_2.4.114-1+b1_amd64.deb ...
2026-10-08T12:38:55.7449291Z #9 9.224 Unpacking libdrm-nouveau2:amd64 (2.4.114-1+b1) ...
2026-10-08T12:38:55.7449564Z #9 9.232 Selecting previously unselected package libdrm-radeon1:amd64.
2026-10-08T12:38:55.7449858Z #9 9.234 Preparing to unpack .../134-libdrm-radeon1_2.4.114-1+b1_amd64.deb ...
2026-10-08T12:38:55.7450122Z #9 9.234 Unpacking libdrm-radeon1:amd64 (2.4.114-1+b1) ...
2026-10-08T12:38:55.7450514Z #9 9.243 Selecting previously unselected package libelf1:amd64.
2026-10-08T12:38:55.7450772Z #9 9.245 Preparing to unpack .../135-libelf1_0.188-2.1_amd64.deb ...
2026-10-08T12:38:55.7451001Z #9 9.245 Unpacking libelf1:amd64 (0.188-2.1) ...
2026-10-08T12:38:55.7451234Z #9 9.262 Selecting previously unselected package libedit2:amd64.
2026-10-08T12:38:55.7451505Z #9 9.264 Preparing to unpack .../136-libedit2_3.1-20221030-2_amd64.deb ...
2026-10-08T12:38:55.7451769Z #9 9.264 Unpacking libedit2:amd64 (3.1-20221030-2) ...
2026-10-08T12:38:55.7451998Z #9 9.276 Selecting previously unselected package libz3-4:amd64.
2026-10-08T12:38:55.7452252Z #9 9.277 Preparing to unpack .../137-libz3-4_4.8.12-3.1_amd64.deb ...
2026-10-08T12:38:55.7452477Z #9 9.278 Unpacking libz3-4:amd64 (4.8.12-3.1) ...
2026-10-08T12:38:55.9328913Z #9 9.616 Selecting previously unselected package libllvm15:amd64.
2026-10-08T12:38:56.0850157Z #9 9.617 Preparing to unpack .../138-libllvm15_1%3a15.0.6-4+b1_amd64.deb ...
2026-10-08T12:38:56.0850784Z #9 9.618 Unpacking libllvm15:amd64 (1:15.0.6-4+b1) ...
2026-10-08T12:38:56.4633080Z #9 10.15 Selecting previously unselected package libsensors-config.
2026-10-08T12:38:56.6415713Z #9 10.15 Preparing to unpack .../139-libsensors-config_1%3a3.6.0-7.1_all.deb ...
2026-10-08T12:38:56.6416058Z #9 10.15 Unpacking libsensors-config (1:3.6.0-7.1) ...
2026-10-08T12:38:56.6416324Z #9 10.16 Selecting previously unselected package libsensors5:amd64.
2026-10-08T12:38:56.6416817Z #9 10.16 Preparing to unpack .../140-libsensors5_1%3a3.6.0-7.1_amd64.deb ...
2026-10-08T12:38:56.6417068Z #9 10.16 Unpacking libsensors5:amd64 (1:3.6.0-7.1) ...
2026-10-08T12:38:56.6417315Z #9 10.17 Selecting previously unselected package libgl1-mesa-dri:amd64.
2026-10-08T12:38:56.6417607Z #9 10.17 Preparing to unpack .../141-libgl1-mesa-dri_22.3.6-1+deb12u2_amd64.deb ...
2026-10-08T12:38:56.6417881Z #9 10.17 Unpacking libgl1-mesa-dri:amd64 (22.3.6-1+deb12u2) ...
2026-10-08T12:38:56.8297006Z #9 10.51 Selecting previously unselected package libglx-mesa0:amd64.
2026-10-08T12:38:56.9327152Z #9 10.51 Preparing to unpack .../142-libglx-mesa0_22.3.6-1+deb12u2_amd64.deb ...
2026-10-08T12:38:56.9327657Z #9 10.52 Unpacking libglx-mesa0:amd64 (22.3.6-1+deb12u2) ...
2026-10-08T12:38:56.9328203Z #9 10.53 Selecting previously unselected package libglx0:amd64.
2026-10-08T12:38:56.9328630Z #9 10.53 Preparing to unpack .../143-libglx0_1.6.0-1_amd64.deb ...
2026-10-08T12:38:56.9329002Z #9 10.53 Unpacking libglx0:amd64 (1.6.0-1) ...
2026-10-08T12:38:56.9329423Z #9 10.54 Selecting previously unselected package libgl1:amd64.
2026-10-08T12:38:56.9329838Z #9 10.54 Preparing to unpack .../144-libgl1_1.6.0-1_amd64.deb ...
2026-10-08T12:38:56.9330201Z #9 10.54 Unpacking libgl1:amd64 (1.6.0-1) ...
2026-10-08T12:38:56.9330690Z #9 10.56 Selecting previously unselected package x11-common.
2026-10-08T12:38:56.9331116Z #9 10.56 Preparing to unpack .../145-x11-common_1%3a7.7+23_all.deb ...
2026-10-08T12:38:56.9331577Z #9 10.56 Unpacking x11-common (1:7.7+23) ...
2026-10-08T12:38:56.9332160Z #9 10.57 Selecting previously unselected package libice6:amd64.
2026-10-08T12:38:56.9332847Z #9 10.57 Preparing to unpack .../146-libice6_2%3a1.0.10-1_amd64.deb ...
2026-10-08T12:38:56.9333327Z #9 10.58 Unpacking libice6:amd64 (2:1.0.10-1) ...
2026-10-08T12:38:56.9333929Z #9 10.59 Selecting previously unselected package libsm6:amd64.
2026-10-08T12:38:56.9334429Z #9 10.59 Preparing to unpack .../147-libsm6_2%3a1.2.3-1_amd64.deb ...
2026-10-08T12:38:56.9334822Z #9 10.59 Unpacking libsm6:amd64 (2:1.2.3-1) ...
2026-10-08T12:38:56.9335186Z #9 10.60 Selecting previously unselected package libxt6:amd64.
2026-10-08T12:38:56.9335590Z #9 10.60 Preparing to unpack .../148-libxt6_1%3a1.2.1-1.1_amd64.deb ...
2026-10-08T12:38:56.9335984Z #9 10.60 Unpacking libxt6:amd64 (1:1.2.1-1.1) ...
2026-10-08T12:38:56.9336352Z #9 10.62 Selecting previously unselected package libxmu6:amd64.
2026-10-08T12:38:57.0403527Z #9 10.62 Preparing to unpack .../149-libxmu6_2%3a1.1.3-3_amd64.deb ...
2026-10-08T12:38:57.0403876Z #9 10.62 Unpacking libxmu6:amd64 (2:1.1.3-3) ...
2026-10-08T12:38:57.0404129Z #9 10.63 Selecting previously unselected package libxpm4:amd64.
2026-10-08T12:38:57.0404422Z #9 10.63 Preparing to unpack .../150-libxpm4_1%3a3.5.12-1.1+deb12u1_amd64.deb ...
2026-10-08T12:38:57.0404696Z #9 10.63 Unpacking libxpm4:amd64 (1:3.5.12-1.1+deb12u1) ...
2026-10-08T12:38:57.0404938Z #9 10.64 Selecting previously unselected package libxaw7:amd64.
2026-10-08T12:38:57.0405208Z #9 10.64 Preparing to unpack .../151-libxaw7_2%3a1.0.14-1_amd64.deb ...
2026-10-08T12:38:57.0405441Z #9 10.64 Unpacking libxaw7:amd64 (2:1.0.14-1) ...
2026-10-08T12:38:57.0405682Z #9 10.66 Selecting previously unselected package libxcb-shape0:amd64.
2026-10-08T12:38:57.0405956Z #9 10.66 Preparing to unpack .../152-libxcb-shape0_1.15-1_amd64.deb ...
2026-10-08T12:38:57.0406192Z #9 10.66 Unpacking libxcb-shape0:amd64 (1.15-1) ...
2026-10-08T12:38:57.0406423Z #9 10.67 Selecting previously unselected package libxft2:amd64.
2026-10-08T12:38:57.0406686Z #9 10.68 Preparing to unpack .../153-libxft2_2.3.6-1_amd64.deb ...
2026-10-08T12:38:57.0406907Z #9 10.68 Unpacking libxft2:amd64 (2.3.6-1) ...
2026-10-08T12:38:57.0407140Z #9 10.69 Selecting previously unselected package libxkbfile1:amd64.
2026-10-08T12:38:57.0407413Z #9 10.69 Preparing to unpack .../154-libxkbfile1_1%3a1.1.0-1_amd64.deb ...
2026-10-08T12:38:57.0407660Z #9 10.69 Unpacking libxkbfile1:amd64 (1:1.1.0-1) ...
2026-10-08T12:38:57.0408061Z #9 10.70 Selecting previously unselected package libxmuu1:amd64.
2026-10-08T12:38:57.0408325Z #9 10.70 Preparing to unpack .../155-libxmuu1_2%3a1.1.3-3_amd64.deb ...
2026-10-08T12:38:57.0408554Z #9 10.70 Unpacking libxmuu1:amd64 (2:1.1.3-3) ...
2026-10-08T12:38:57.0408781Z #9 10.71 Selecting previously unselected package libxtst6:amd64.
2026-10-08T12:38:57.0409041Z #9 10.71 Preparing to unpack .../156-libxtst6_2%3a1.2.3-1.1_amd64.deb ...
2026-10-08T12:38:57.0409278Z #9 10.72 Unpacking libxtst6:amd64 (2:1.2.3-1.1) ...
2026-10-08T12:38:57.0409511Z #9 10.72 Selecting previously unselected package libxv1:amd64.
2026-10-08T12:38:57.2472252Z #9 10.72 Preparing to unpack .../157-libxv1_2%3a1.0.11-1.1_amd64.deb ...
2026-10-08T12:38:57.2473033Z #9 10.73 Unpacking libxv1:amd64 (2:1.0.11-1.1) ...
2026-10-08T12:38:57.2473588Z #9 10.73 Selecting previously unselected package libxxf86dga1:amd64.
2026-10-08T12:38:57.2474200Z #9 10.73 Preparing to unpack .../158-libxxf86dga1_2%3a1.1.5-1_amd64.deb ...
2026-10-08T12:38:57.2474779Z #9 10.74 Unpacking libxxf86dga1:amd64 (2:1.1.5-1) ...
2026-10-08T12:38:57.2475309Z #9 10.74 Selecting previously unselected package x11-utils.
2026-10-08T12:38:57.2475851Z #9 10.75 Preparing to unpack .../159-x11-utils_7.7+5_amd64.deb ...
2026-10-08T12:38:57.2476315Z #9 10.75 Unpacking x11-utils (7.7+5) ...
2026-10-08T12:38:57.2476779Z #9 10.77 Selecting previously unselected package xdg-utils.
2026-10-08T12:38:57.2477320Z #9 10.77 Preparing to unpack .../160-xdg-utils_1.1.3-4.1_all.deb ...
2026-10-08T12:38:57.2477870Z #9 10.77 Unpacking xdg-utils (1.1.3-4.1) ...
2026-10-08T12:38:57.2479181Z #9 10.78 Selecting previously unselected package chromium-common.
2026-10-08T12:38:57.2479827Z #9 10.78 Preparing to unpack .../161-chromium-common_154.0.8037.92-1~deb12u1_amd64.deb ...
2026-10-08T12:38:57.2480557Z #9 10.78 Unpacking chromium-common (154.0.8037.92-1~deb12u1) ...
2026-10-08T12:38:57.4856930Z #9 11.17 Selecting previously unselected package chromium.
2026-10-08T12:38:57.6378358Z #9 11.17 Preparing to unpack .../162-chromium_154.0.8037.92-1~deb12u1_amd64.deb ...
2026-10-08T12:38:57.6391113Z #9 11.17 Unpacking chromium (154.0.8037.92-1~deb12u1) ...
2026-10-08T12:38:58.9571908Z #9 12.64 Selecting previously unselected package tini.
2026-10-08T12:38:59.0581630Z #9 12.64 Preparing to unpack .../163-tini_0.19.0-1+b3_amd64.deb ...
2026-10-08T12:38:59.0581932Z #9 12.64 Unpacking tini (0.19.0-1+b3) ...
2026-10-08T12:38:59.0582166Z #9 12.70 Setting up libexpat1:amd64 (2.5.0-1+deb12u4) ...
2026-10-08T12:38:59.0582400Z #9 12.70 Setting up bubblewrap (0.8.0-2+deb12u1) ...
2026-10-08T12:38:59.0582811Z #9 12.71 sysctl: cannot open "/etc/sysctl.d/99-sysctl.conf": No such file or directory
2026-10-08T12:38:59.0583115Z #9 12.71 Setting up libgraphite2-3:amd64 (1.3.14-1+deb12u1) ...
2026-10-08T12:38:59.0583358Z #9 12.71 Setting up liblcms2-2:amd64 (2.14-2+deb12u1) ...
2026-10-08T12:38:59.0583613Z #9 12.71 Setting up libpixman-1-0:amd64 (0.42.2-1) ...
2026-10-08T12:38:59.0583940Z #9 12.71 Setting up libwayland-server0:amd64 (1.21.0-1) ...
2026-10-08T12:38:59.0584174Z #9 12.71 Setting up libpciaccess0:amd64 (0.17-2) ...
2026-10-08T12:38:59.0584391Z #9 12.71 Setting up systemd-sysv (252.39-1~deb12u2) ...
2026-10-08T12:38:59.0584606Z #9 12.72 Setting up libxau6:amd64 (1:1.0.9-1) ...
2026-10-08T12:38:59.0584833Z #9 12.72 Setting up libdouble-conversion3:amd64 (3.2.1-1) ...
2026-10-08T12:38:59.0585092Z #9 12.72 Setting up libkeyutils1:amd64 (1.6.3-2) ...
2026-10-08T12:38:59.0585449Z #9 12.72 Setting up libicu72:amd64 (72.1-3+deb12u1) ...
2026-10-08T12:38:59.0585827Z #9 12.72 Setting up libmpg123-0:amd64 (1.31.2-1+deb12u1) ...
2026-10-08T12:38:59.0586085Z #9 12.72 Setting up libogg0:amd64 (1.3.5-3) ...
2026-10-08T12:38:59.0586291Z #9 12.72 Setting up liblerc4:amd64 (4.0.0+ds-2) ...
2026-10-08T12:38:59.0586500Z #9 12.73 Setting up hicolor-icon-theme (0.17-2) ...
2026-10-08T12:38:59.0586718Z #9 12.73 Setting up libdatrie1:amd64 (0.2.13-2+b1) ...
2026-10-08T12:38:59.0586971Z #9 12.73 Setting up libminizip1:amd64 (1.1-8+deb12u1) ...
2026-10-08T12:38:59.0587347Z #9 12.74 Setting up libglib2.0-0:amd64 (2.74.6-2+deb12u9) ...
2026-10-08T12:38:59.0587564Z #9 12.74 Setting up libglvnd0:amd64 (1.6.0-1) ...
2026-10-08T12:38:59.1604474Z #9 12.74 Setting up libbrotli1:amd64 (1.0.9-2+b6) ...
2026-10-08T12:38:59.1604954Z #9 12.74 Setting up libsqlite3-0:amd64 (3.40.1-2+deb12u2) ...
2026-10-08T12:38:59.1605237Z #9 12.75 Setting up libgdk-pixbuf2.0-common (2.42.10+dfsg-1+deb12u4) ...
2026-10-08T12:38:59.1605505Z #9 12.75 Setting up x11-common (1:7.7+23) ...
2026-10-08T12:38:59.1605758Z #9 12.79 debconf: unable to initialize frontend: Dialog
2026-10-08T12:38:59.1606200Z #9 12.79 debconf: (TERM is not set, so the dialog frontend is not usable.)
2026-10-08T12:38:59.1606606Z #9 12.79 debconf: falling back to frontend: Readline
2026-10-08T12:38:59.1606982Z #9 12.79 debconf: unable to initialize frontend: Readline
2026-10-08T12:38:59.1608797Z #9 12.79 debconf: (Can't locate Term/ReadLine.pm in @INC (you may need to install the Term::ReadLine module) (@INC contains: /etc/perl /usr/local/lib/x86_64-linux-gnu/perl/5.36.0 /usr/local/share/perl/5.36.0 /usr/lib/x86_64-linux-gnu/perl5/5.36 /usr/share/perl5 /usr/lib/x86_64-linux-gnu/perl-base /usr/lib/x86_64-linux-gnu/perl/5.36 /usr/share/perl/5.36 /usr/local/lib/site_perl) at /usr/share/perl5/Debconf/FrontEnd/Readline.pm line 7.)
2026-10-08T12:38:59.1610054Z #9 12.79 debconf: falling back to frontend: Teletype
2026-10-08T12:38:59.1610514Z #9 12.80 invoke-rc.d: could not determine current runlevel
2026-10-08T12:38:59.1610759Z #9 12.80 invoke-rc.d: policy-rc.d denied execution of restart.
2026-10-08T12:38:59.1611140Z #9 12.80 Setting up libsensors-config (1:3.6.0-7.1) ...
2026-10-08T12:38:59.1611352Z #9 12.81 Setting up libdeflate0:amd64 (1.14-1) ...
2026-10-08T12:38:59.1611552Z #9 12.81 Setting up xkb-data (2.35.1-1) ...
2026-10-08T12:38:59.1611847Z #9 12.81 Setting up libjbig0:amd64 (2.1-6.1) ...
2026-10-08T12:38:59.1612176Z #9 12.81 Setting up libcolord2:amd64 (1.4.6-2.2) ...
2026-10-08T12:38:59.1612561Z #9 12.81 Setting up libkrb5support0:amd64 (1.20.1-2+deb12u5) ...
2026-10-08T12:38:59.1612820Z #9 12.81 Setting up libdconf1:amd64 (0.40.0-4) ...
2026-10-08T12:38:59.1613022Z #9 12.81 Setting up libasound2-data (1.2.8-1) ...
2026-10-08T12:38:59.1613238Z #9 12.82 Setting up libfontenc1:amd64 (1:1.1.4-1) ...
2026-10-08T12:38:59.1613440Z #9 12.82 Setting up libz3-4:amd64 (4.8.12-3.1) ...
2026-10-08T12:38:59.1613643Z #9 12.82 Setting up libflac12:amd64 (1.4.2+ds-2) ...
2026-10-08T12:38:59.1613860Z #9 12.82 Setting up libjpeg62-turbo:amd64 (1:2.1.5-2) ...
2026-10-08T12:38:59.1614085Z #9 12.82 Setting up libx11-data (2:1.8.4-2+deb12u2) ...
2026-10-08T12:38:59.1614286Z #9 12.82 Setting up libepoxy0:amd64 (1.5.10-1) ...
2026-10-08T12:38:59.1614488Z #9 12.82 Setting up libnspr4:amd64 (2:4.35-1) ...
2026-10-08T12:38:59.1614848Z #9 12.83 Setting up libavahi-common-data:amd64 (0.8-10+deb12u1) ...
2026-10-08T12:38:59.1615099Z #9 12.83 Setting up libdbus-1-3:amd64 (1.14.10-1~deb12u1) ...
2026-10-08T12:38:59.1615321Z #9 12.83 Setting up libfribidi0:amd64 (1.0.8-2.1) ...
2026-10-08T12:38:59.1615526Z #9 12.83 Setting up libopus0:amd64 (1.3.1-3) ...
2026-10-08T12:38:59.1615730Z #9 12.83 Setting up libproc2-0:amd64 (2:4.0.2-3) ...
2026-10-08T12:38:59.1616004Z #9 12.83 Setting up libpng16-16:amd64 (1.6.39-2+deb12u6) ...
2026-10-08T12:38:59.1616338Z #9 12.83 Setting up libvorbis0a:amd64 (1.3.7-1) ...
2026-10-08T12:38:59.1616533Z #9 12.84 Setting up tini (0.19.0-1+b3) ...
2026-10-08T12:38:59.1616724Z #9 12.84 Setting up fonts-dejavu-core (2.37-6) ...
2026-10-08T12:38:59.1616939Z #9 12.84 Setting up libsensors5:amd64 (1:3.6.0-7.1) ...
2026-10-08T12:38:59.2662514Z #9 12.85 Setting up libncursesw6:amd64 (6.4-4) ...
2026-10-08T12:38:59.2663016Z #9 12.85 Setting up libk5crypto3:amd64 (1.20.1-2+deb12u5) ...
2026-10-08T12:38:59.2663283Z #9 12.85 Setting up libdav1d6:amd64 (1.0.0-2+deb12u1) ...
2026-10-08T12:38:59.2663525Z #9 12.85 Setting up libglapi-mesa:amd64 (22.3.6-1+deb12u2) ...
2026-10-08T12:38:59.2663815Z #9 12.85 Setting up libopenh264-7:amd64 (2.3.1+dfsg-3+deb12u2) ...
2026-10-08T12:38:59.2664344Z #9 12.85 Setting up libwebp7:amd64 (1.2.4-0.2+deb12u1) ...
2026-10-08T12:38:59.2664563Z #9 12.85 Setting up libasyncns0:amd64 (0.8-6+b3) ...
2026-10-08T12:38:59.2664778Z #9 12.86 Setting up libxshmfence1:amd64 (1.3-1) ...
2026-10-08T12:38:59.2664982Z #9 12.86 Setting up at-spi2-common (2.46.0-5) ...
2026-10-08T12:38:59.2665234Z #9 12.86 Setting up libtiff6:amd64 (4.5.0-6+deb12u4) ...
2026-10-08T12:38:59.2665607Z #9 12.86 Setting up dbus-session-bus-common (1.14.10-1~deb12u1) ...
2026-10-08T12:38:59.2665852Z #9 12.86 Setting up procps (2:4.0.2-3) ...
2026-10-08T12:38:59.2666054Z #9 12.87 Setting up libasound2:amd64 (1.2.8-1+b1) ...
2026-10-08T12:38:59.2666282Z #9 12.87 Setting up libopenjp2-7:amd64 (2.5.0-2+deb12u3) ...
2026-10-08T12:38:59.2666495Z #9 12.88 Setting up libthai-data (0.1.29-1) ...
2026-10-08T12:38:59.2666856Z #9 12.88 Setting up libatk1.0-0:amd64 (2.46.0-5) ...
2026-10-08T12:38:59.2667211Z #9 12.88 Setting up libkrb5-3:amd64 (1.20.1-2+deb12u5) ...
2026-10-08T12:38:59.2667497Z #9 12.88 Setting up libwayland-egl1:amd64 (1.21.0-1) ...
2026-10-08T12:38:59.2667740Z #9 12.88 Setting up dbus-system-bus-common (1.14.10-1~deb12u1) ...
2026-10-08T12:38:59.2667967Z #9 12.91 Setting up libbsd0:amd64 (0.11.7-2) ...
2026-10-08T12:38:59.2668186Z #9 12.91 Setting up libdrm-common (2.4.114-1) ...
2026-10-08T12:38:59.2668415Z #9 12.91 Setting up libelf1:amd64 (0.188-2.1) ...
2026-10-08T12:38:59.2668730Z #9 12.91 Setting up libxml2:amd64 (2.9.14+dfsg-1.3~deb12u6) ...
2026-10-08T12:38:59.2668942Z #9 12.92 Setting up xdg-utils (1.1.3-4.1) ...
2026-10-08T12:38:59.2669373Z #9 12.92 update-alternatives: using /usr/bin/xdg-open to provide /usr/bin/open (open) in auto mode
2026-10-08T12:38:59.2670082Z #9 12.92 update-alternatives: warning: skip creation of /usr/share/man/man1/open.1.gz because associated file /usr/share/man/man1/xdg-open.1.gz (of link group open) doesn't exist
2026-10-08T12:38:59.2670667Z #9 12.92 Setting up dbus-bin (1.14.10-1~deb12u1) ...
2026-10-08T12:38:59.2670883Z #9 12.95 Setting up libmp3lame0:amd64 (3.100-6) ...
2026-10-08T12:38:59.3738906Z #9 12.95 Setting up libvorbisenc2:amd64 (1.3.7-1) ...
2026-10-08T12:38:59.3739435Z #9 12.95 Setting up libxkbcommon0:amd64 (1.5.0-1) ...
2026-10-08T12:38:59.3739696Z #9 12.95 Setting up libwayland-client0:amd64 (1.21.0-1) ...
2026-10-08T12:38:59.3739930Z #9 12.96 Setting up libice6:amd64 (2:1.0.10-1) ...
2026-10-08T12:38:59.3740207Z #9 12.96 Setting up libxdmcp6:amd64 (1:1.1.2-3) ...
2026-10-08T12:38:59.3740647Z #9 12.96 Setting up libxcb1:amd64 (1.15-1) ...
2026-10-08T12:38:59.3741004Z #9 12.96 Setting up libxcb-xfixes0:amd64 (1.15-1) ...
2026-10-08T12:38:59.3741220Z #9 12.96 Setting up libxcb-render0:amd64 (1.15-1) ...
2026-10-08T12:38:59.3741433Z #9 12.96 Setting up fontconfig-config (2.14.1-4) ...
2026-10-08T12:38:59.3741732Z #9 13.00 debconf: unable to initialize frontend: Dialog
2026-10-08T12:38:59.3742053Z #9 13.00 debconf: (TERM is not set, so the dialog frontend is not usable.)
2026-10-08T12:38:59.3742318Z #9 13.00 debconf: falling back to frontend: Readline
2026-10-08T12:38:59.3742608Z #9 13.00 debconf: unable to initialize frontend: Readline
2026-10-08T12:38:59.3743936Z #9 13.00 debconf: (Can't locate Term/ReadLine.pm in @INC (you may need to install the Term::ReadLine module) (@INC contains: /etc/perl /usr/local/lib/x86_64-linux-gnu/perl/5.36.0 /usr/local/share/perl/5.36.0 /usr/lib/x86_64-linux-gnu/perl5/5.36 /usr/share/perl5 /usr/lib/x86_64-linux-gnu/perl-base /usr/lib/x86_64-linux-gnu/perl/5.36 /usr/share/perl/5.36 /usr/local/lib/site_perl) at /usr/share/perl5/Debconf/FrontEnd/Readline.pm line 7.)
2026-10-08T12:38:59.3745044Z #9 13.00 debconf: falling back to frontend: Teletype
2026-10-08T12:38:59.3745257Z #9 13.06 Setting up libxcb-glx0:amd64 (1.15-1) ...
2026-10-08T12:38:59.5599225Z #9 13.06 Setting up libedit2:amd64 (3.1-20221030-2) ...
2026-10-08T12:38:59.5599541Z #9 13.06 Setting up libxcb-shape0:amd64 (1.15-1) ...
2026-10-08T12:38:59.5599783Z #9 13.06 Setting up libavahi-common3:amd64 (0.8-10+deb12u1) ...
2026-10-08T12:38:59.5600488Z #9 13.06 Setting up libnss3:amd64 (2:3.87.1-1+deb12u4) ...
2026-10-08T12:38:59.5600709Z #9 13.06 Setting up libxcb-shm0:amd64 (1.15-1) ...
2026-10-08T12:38:59.5600925Z #9 13.07 Setting up dbus-daemon (1.14.10-1~deb12u1) ...
2026-10-08T12:38:59.5601148Z #9 13.07 Setting up libxcb-present0:amd64 (1.15-1) ...
2026-10-08T12:38:59.5601471Z #9 13.07 Setting up libthai0:amd64 (0.1.29-1) ...
2026-10-08T12:38:59.5601860Z #9 13.08 Setting up libfreetype6:amd64 (2.12.1+dfsg-5+deb12u4) ...
2026-10-08T12:38:59.5602139Z #9 13.08 Setting up libxcb-sync1:amd64 (1.15-1) ...
2026-10-08T12:38:59.5602342Z #9 13.08 Setting up dbus (1.14.10-1~deb12u1) ...
2026-10-08T12:38:59.5602566Z #9 13.09 invoke-rc.d: could not determine current runlevel
2026-10-08T12:38:59.5602809Z #9 13.09 invoke-rc.d: policy-rc.d denied execution of start.
2026-10-08T12:38:59.5603133Z #9 13.09 Setting up shared-mime-info (2.2-1) ...
2026-10-08T12:38:59.7659843Z #9 13.45 Setting up libgssapi-krb5-2:amd64 (1.20.1-2+deb12u5) ...
2026-10-08T12:39:00.0133475Z #9 13.45 Setting up libxcb-dri2-0:amd64 (1.15-1) ...
2026-10-08T12:39:00.0133760Z #9 13.45 Setting up libdrm2:amd64 (2.4.114-1+b1) ...
2026-10-08T12:39:00.0133985Z #9 13.45 Setting up libwayland-cursor0:amd64 (1.21.0-1) ...
2026-10-08T12:39:00.0134211Z #9 13.45 Setting up libxcb-randr0:amd64 (1.15-1) ...
2026-10-08T12:39:00.0134423Z #9 13.46 Setting up libllvm15:amd64 (1:15.0.6-4+b1) ...
2026-10-08T12:39:00.0134654Z #9 13.46 Setting up libpam-systemd:amd64 (252.39-1~deb12u2) ...
2026-10-08T12:39:00.0134894Z #9 13.49 debconf: unable to initialize frontend: Dialog
2026-10-08T12:39:00.0135515Z #9 13.49 debconf: (TERM is not set, so the dialog frontend is not usable.)
2026-10-08T12:39:00.0135758Z #9 13.49 debconf: falling back to frontend: Readline
2026-10-08T12:39:00.0135970Z #9 13.49 debconf: unable to initialize frontend: Readline
2026-10-08T12:39:00.0137071Z #9 13.49 debconf: (Can't locate Term/ReadLine.pm in @INC (you may need to install the Term::ReadLine module) (@INC contains: /etc/perl /usr/local/lib/x86_64-linux-gnu/perl/5.36.0 /usr/local/share/perl/5.36.0 /usr/lib/x86_64-linux-gnu/perl5/5.36 /usr/share/perl5 /usr/lib/x86_64-linux-gnu/perl-base /usr/lib/x86_64-linux-gnu/perl/5.36 /usr/share/perl/5.36 /usr/local/lib/site_perl) at /usr/share/perl5/Debconf/FrontEnd/Readline.pm line 7.)
2026-10-08T12:39:00.0137990Z #9 13.49 debconf: falling back to frontend: Teletype
2026-10-08T12:39:00.0138234Z #9 13.52 Setting up libx11-6:amd64 (2:1.8.4-2+deb12u2) ...
2026-10-08T12:39:00.0138465Z #9 13.52 Setting up libharfbuzz0b:amd64 (6.0.0+dfsg-3) ...
2026-10-08T12:39:00.0138746Z #9 13.52 Setting up libgdk-pixbuf-2.0-0:amd64 (2.42.10+dfsg-1+deb12u4) ...
2026-10-08T12:39:00.0139023Z #9 13.53 Setting up libfontconfig1:amd64 (2.14.1-4) ...
2026-10-08T12:39:00.0139269Z #9 13.53 Setting up libsndfile1:amd64 (1.2.0-1+deb12u1) ...
2026-10-08T12:39:00.0139505Z #9 13.53 Setting up libxkbfile1:amd64 (1:1.1.0-1) ...
2026-10-08T12:39:00.0146098Z #9 13.53 Setting up libxcomposite1:amd64 (1:0.4.5-1) ...
2026-10-08T12:39:00.0146336Z #9 13.53 Setting up libsm6:amd64 (2:1.2.3-1) ...
2026-10-08T12:39:00.0146562Z #9 13.53 Setting up libavahi-client3:amd64 (0.8-10+deb12u1) ...
2026-10-08T12:39:00.0146783Z #9 13.54 Setting up libxmuu1:amd64 (2:1.1.3-3) ...
2026-10-08T12:39:00.0147001Z #9 13.54 Setting up libdrm-amdgpu1:amd64 (2.4.114-1+b1) ...
2026-10-08T12:39:00.0147216Z #9 13.54 Setting up libxcb-dri3-0:amd64 (1.15-1) ...
2026-10-08T12:39:00.0147446Z #9 13.54 Setting up gtk-update-icon-cache (3.24.38-2~deb12u3) ...
2026-10-08T12:39:00.0147689Z #9 13.54 Setting up libx11-xcb1:amd64 (2:1.8.4-2+deb12u2) ...
2026-10-08T12:39:00.0147900Z #9 13.54 Setting up fontconfig (2.14.1-4) ...
2026-10-08T12:39:01.8686617Z #9 13.55 Regenerating fonts cache... done.
2026-10-08T12:39:01.9766949Z #9 15.55 Setting up libdrm-nouveau2:amd64 (2.4.114-1+b1) ...
2026-10-08T12:39:01.9767381Z #9 15.55 Setting up libxdamage1:amd64 (1:1.1.6-1) ...
2026-10-08T12:39:01.9767734Z #9 15.56 Setting up libxpm4:amd64 (1:3.5.12-1.1+deb12u1) ...
2026-10-08T12:39:01.9768252Z #9 15.56 Setting up libxrender1:amd64 (1:0.9.10-1.1) ...
2026-10-08T12:39:01.9768475Z #9 15.56 Setting up libgbm1:amd64 (22.3.6-1+deb12u2) ...
2026-10-08T12:39:01.9768687Z #9 15.56 Setting up libpulse0:amd64 (16.1+dfsg1-2+b1) ...
2026-10-08T12:39:01.9768912Z #9 15.56 Setting up libdrm-radeon1:amd64 (2.4.114-1+b1) ...
2026-10-08T12:39:01.9769131Z #9 15.56 Setting up libpango-1.0-0:amd64 (1.50.12+ds-1) ...
2026-10-08T12:39:01.9769349Z #9 15.57 Setting up libdrm-intel1:amd64 (2.4.114-1+b1) ...
2026-10-08T12:39:01.9769709Z #9 15.57 Setting up libgl1-mesa-dri:amd64 (22.3.6-1+deb12u2) ...
2026-10-08T12:39:01.9769942Z #9 15.57 Setting up libxext6:amd64 (2:1.3.4-1+b1) ...
2026-10-08T12:39:01.9770140Z #9 15.57 Setting up libcairo2:amd64 (1.16.0-7) ...
2026-10-08T12:39:01.9770493Z #9 15.57 Setting up libxxf86vm1:amd64 (1:1.1.4-1+b2) ...
2026-10-08T12:39:01.9770719Z #9 15.57 Setting up libxnvctrl0:amd64 (525.85.05-3~deb12u1) ...
2026-10-08T12:39:01.9771090Z #9 15.57 Setting up dbus-user-session (1.14.10-1~deb12u1) ...
2026-10-08T12:39:01.9771306Z #9 15.58 Setting up adwaita-icon-theme (43-1) ...
2026-10-08T12:39:01.9771743Z #9 15.61 update-alternatives: using /usr/share/icons/Adwaita/cursor.theme to provide /usr/share/icons/default/index.theme (x-cursor-theme) in auto mode
2026-10-08T12:39:01.9772313Z #9 15.61 Setting up libxfixes3:amd64 (1:6.0.0-2) ...
2026-10-08T12:39:01.9772646Z #9 15.61 Setting up libxinerama1:amd64 (2:1.1.4-3) ...
2026-10-08T12:39:01.9772844Z #9 15.61 Setting up libxv1:amd64 (2:1.0.11-1.1) ...
2026-10-08T12:39:01.9773275Z #9 15.61 Setting up libxrandr2:amd64 (2:1.5.2-2+b1) ...
2026-10-08T12:39:01.9773576Z #9 15.61 Setting up libxt6:amd64 (1:1.2.1-1.1) ...
2026-10-08T12:39:01.9773793Z #9 15.61 Setting up libcups2:amd64 (2.4.2-3+deb12u9) ...
2026-10-08T12:39:01.9774017Z #9 15.61 Setting up libharfbuzz-subset0:amd64 (6.0.0+dfsg-3) ...
2026-10-08T12:39:01.9774245Z #9 15.62 Setting up libcairo-gobject2:amd64 (1.16.0-7) ...
2026-10-08T12:39:01.9774468Z #9 15.62 Setting up libpangoft2-1.0-0:amd64 (1.50.12+ds-1) ...
2026-10-08T12:39:01.9774821Z #9 15.62 Setting up libpangocairo-1.0-0:amd64 (1.50.12+ds-1) ...
2026-10-08T12:39:01.9775033Z #9 15.62 Setting up libxft2:amd64 (2.3.6-1) ...
2026-10-08T12:39:01.9775223Z #9 15.62 Setting up libxmu6:amd64 (2:1.1.3-3) ...
2026-10-08T12:39:01.9775433Z #9 15.62 Setting up libglx-mesa0:amd64 (22.3.6-1+deb12u2) ...
2026-10-08T12:39:01.9775635Z #9 15.62 Setting up libxi6:amd64 (2:1.8-1+b1) ...
2026-10-08T12:39:01.9775887Z #9 15.62 Setting up libglx0:amd64 (1.6.0-1) ...
2026-10-08T12:39:01.9776207Z #9 15.63 Setting up libxtst6:amd64 (2:1.2.3-1.1) ...
2026-10-08T12:39:01.9776544Z #9 15.63 Setting up libxcursor1:amd64 (1:1.2.1-1) ...
2026-10-08T12:39:01.9776893Z #9 15.63 Setting up libxxf86dga1:amd64 (2:1.1.5-1) ...
2026-10-08T12:39:01.9777191Z #9 15.63 Setting up dconf-service (0.40.0-4) ...
2026-10-08T12:39:01.9777500Z #9 15.63 Setting up libxaw7:amd64 (2:1.0.14-1) ...
2026-10-08T12:39:01.9777862Z #9 15.66 Setting up libatspi2.0-0:amd64 (2.46.0-5) ...
2026-10-08T12:39:02.1552197Z #9 15.66 Setting up libatk-bridge2.0-0:amd64 (2.46.0-5) ...
2026-10-08T12:39:02.1552639Z #9 15.66 Setting up libgl1:amd64 (1.6.0-1) ...
2026-10-08T12:39:02.1552909Z #9 15.66 Setting up x11-utils (7.7+5) ...
2026-10-08T12:39:02.1553135Z #9 15.67 Setting up chromium-common (154.0.8037.92-1~deb12u1) ...
2026-10-08T12:39:02.1553398Z #9 15.67 Setting up dconf-gsettings-backend:amd64 (0.40.0-4) ...
2026-10-08T12:39:02.1553637Z #9 15.67 Setting up libgtk-3-common (3.24.38-2~deb12u3) ...
2026-10-08T12:39:02.1553867Z #9 15.67 Setting up libgtk-3-0:amd64 (3.24.38-2~deb12u3) ...
2026-10-08T12:39:02.1554102Z #9 15.68 Setting up chromium (154.0.8037.92-1~deb12u1) ...
2026-10-08T12:39:02.1554470Z #9 15.69 update-alternatives: using /usr/bin/chromium to provide /usr/bin/x-www-browser (x-www-browser) in auto mode
2026-10-08T12:39:02.1554957Z #9 15.69 update-alternatives: using /usr/bin/chromium to provide /usr/bin/gnome-www-browser (gnome-www-browser) in auto mode
2026-10-08T12:39:02.1555542Z #9 15.69 Processing triggers for libc-bin (2.36-9+deb12u14) ...
2026-10-08T12:39:05.2530719Z #9 DONE 18.9s
2026-10-08T12:39:05.3605282Z 
2026-10-08T12:39:05.3606088Z #10 [ 5/11] COPY package.json pnpm-lock.yaml pnpm-workspace.yaml ./
2026-10-08T12:39:05.3606494Z #10 DONE 0.0s
2026-10-08T12:39:05.3606604Z 
2026-10-08T12:39:05.3606769Z #11 [ 6/11] RUN pnpm install --frozen-lockfile
2026-10-08T12:39:05.3607314Z #11 0.095 ! Corepack is about to download https://registry.npmjs.org/pnpm/-/pnpm-10.18.3.tgz
2026-10-08T12:39:06.0687773Z #11 0.803 Lockfile is up to date, resolution step is skipped
2026-10-08T12:39:06.2693148Z #11 0.825 Progress: resolved 1, reused 0, downloaded 0, added 0
2026-10-08T12:39:06.2693416Z #11 0.853 Packages: +408
2026-10-08T12:39:06.2693744Z #11 0.853 ++++++++++++++++++++++++++++++++++++++++++++++++++++++++++++++++++++++++++++++++
2026-10-08T12:39:06.2915140Z #11 1.023 
2026-10-08T12:39:06.2916041Z #11 1.023    ╭───────────────────────────────────────────────╮
2026-10-08T12:39:06.2916594Z #11 1.023    │                                               │
2026-10-08T12:39:06.2917013Z #11 1.023    │     Update available! 10.18.3 → 12.10.1.      │
2026-10-08T12:39:06.2917700Z #11 1.023    │     Changelog: https://pnpm.io/v/12.10.1      │
2026-10-08T12:39:06.2918195Z #11 1.023    │   To update, run: corepack use pnpm@12.10.1   │
2026-10-08T12:39:06.2918600Z #11 1.023    │                                               │
2026-10-08T12:39:06.2919013Z #11 1.023    ╰───────────────────────────────────────────────╯
2026-10-08T12:39:06.2919250Z #11 1.023 
2026-10-08T12:39:07.1034575Z #11 1.835 Progress: resolved 408, reused 0, downloaded 245, added 241
2026-10-08T12:39:08.1001399Z #11 2.834 Progress: resolved 408, reused 0, downloaded 326, added 286
2026-10-08T12:39:09.0635016Z #11 3.796 Progress: resolved 408, reused 0, downloaded 408, added 408, done
2026-10-08T12:39:09.2594764Z #11 3.869 .../node_modules/@prisma/engines postinstall$ node scripts/postinstall.js
2026-10-08T12:39:09.2595568Z #11 3.886 .../esbuild@0.28.1/node_modules/esbuild postinstall$ node install.js
2026-10-08T12:39:09.2596137Z #11 3.886 .../esbuild@0.25.12/node_modules/esbuild postinstall$ node install.js
2026-10-08T12:39:09.2596691Z #11 3.887 .../esbuild@0.28.2/node_modules/esbuild postinstall$ node install.js
2026-10-08T12:39:09.2597115Z #11 3.888 .../node_modules/workerd postinstall$ node install.js
2026-10-08T12:39:09.2597556Z #11 3.994 .../esbuild@0.28.2/node_modules/esbuild postinstall: Done
2026-10-08T12:39:09.4131696Z #11 3.997 .../esbuild@0.28.1/node_modules/esbuild postinstall: Done
2026-10-08T12:39:09.4132073Z #11 3.997 .../esbuild@0.25.12/node_modules/esbuild postinstall: Done
2026-10-08T12:39:10.2554699Z #11 4.990 .../node_modules/@prisma/engines postinstall: Done
2026-10-08T12:39:10.5153357Z #11 5.250 .../node_modules/workerd postinstall: Done
2026-10-08T12:39:10.8634935Z #11 5.598 .../node_modules/prisma preinstall$ node scripts/preinstall-entry.js
2026-10-08T12:39:11.0512415Z #11 5.635 .../node_modules/prisma preinstall: Done
2026-10-08T12:39:11.1348075Z #11 5.869 
2026-10-08T12:39:11.1348411Z #11 5.869 dependencies:
2026-10-08T12:39:11.1348719Z #11 5.869 + @cloudflare/containers 0.3.7
2026-10-08T12:39:11.1349019Z #11 5.869 + @supabase/server 1.8.0
2026-10-08T12:39:11.1349311Z #11 5.869 + @supabase/supabase-js 2.117.0
2026-10-08T12:39:11.1349655Z #11 5.869 + @tiptap/extension-collaboration 3.31.3
2026-10-08T12:39:11.1350027Z #11 5.869 + @tiptap/extension-collaboration-caret 3.31.3
2026-10-08T12:39:11.1350452Z #11 5.869 + @tiptap/react 3.31.3
2026-10-08T12:39:11.1350707Z #11 5.869 + @tiptap/starter-kit 3.31.3
2026-10-08T12:39:11.1350893Z #11 5.869 + @vitejs/plugin-react 5.2.0
2026-10-08T12:39:11.1351057Z #11 5.869 + cross-env 10.1.0
2026-10-08T12:39:11.1351202Z #11 5.869 + dotenv 17.4.2
2026-10-08T12:39:11.1351340Z #11 5.869 + esbuild 0.25.12
2026-10-08T12:39:11.1351495Z #11 5.869 + esbuild-wasm 0.25.12
2026-10-08T12:39:11.1351641Z #11 5.869 + express 5.2.1
2026-10-08T12:39:11.1351786Z #11 5.869 + lucide-react 0.468.0
2026-10-08T12:39:11.1351928Z #11 5.869 + react 19.2.8
2026-10-08T12:39:11.1352247Z #11 5.869 + react-dom 19.2.8
2026-10-08T12:39:11.1352385Z #11 5.869 + vite 7.3.6
2026-10-08T12:39:11.1352513Z #11 5.869 + ws 8.21.3
2026-10-08T12:39:11.1352649Z #11 5.869 + y-protocols 1.0.7
2026-10-08T12:39:11.1352788Z #11 5.869 + yjs 13.6.32
2026-10-08T12:39:11.1352909Z #11 5.869 
2026-10-08T12:39:11.1353036Z #11 5.869 devDependencies:
2026-10-08T12:39:11.1353197Z #11 5.869 + @prisma/adapter-pg 7.10.0
2026-10-08T12:39:11.1353364Z #11 5.869 + @prisma/client 7.10.0
2026-10-08T12:39:11.1353531Z #11 5.869 + @types/express 5.0.6
2026-10-08T12:39:11.1353686Z #11 5.869 + @types/node 22.20.1
2026-10-08T12:39:11.1353831Z #11 5.869 + @types/pg 8.23.1
2026-10-08T12:39:11.1353978Z #11 5.869 + @types/react 19.2.18
2026-10-08T12:39:11.1354137Z #11 5.869 + @types/react-dom 19.2.7
2026-10-08T12:39:11.1354288Z #11 5.869 + @types/ws 8.18.1
2026-10-08T12:39:11.1354422Z #11 5.869 + pg 8.23.0
2026-10-08T12:39:11.1354549Z #11 5.869 + prisma 7.10.0
2026-10-08T12:39:11.1354681Z #11 5.869 + tsx 4.23.13
2026-10-08T12:39:11.1354817Z #11 5.869 + typescript 5.9.3
2026-10-08T12:39:11.1354958Z #11 5.869 + wrangler 4.131.1
2026-10-08T12:39:11.1355084Z #11 5.869 
2026-10-08T12:39:11.3631713Z #11 5.947 Done in 5.3s using pnpm v10.18.3
2026-10-08T12:39:14.3228850Z #11 DONE 9.1s
2026-10-08T12:39:14.4664325Z 
2026-10-08T12:39:14.4664898Z #12 [ 7/11] COPY . .
2026-10-08T12:39:14.4665161Z #12 DONE 0.1s
2026-10-08T12:39:14.5780085Z 
2026-10-08T12:39:14.5781532Z #13 [ 8/11] RUN apt-get update && apt-get install -y --no-install-recommends gcc libc6-dev && gcc -O2 -Wall -Wextra -Werror server/isolation/linux-job-launcher.c -o /usr/local/bin/cocreate-job-launcher && apt-get purge -y gcc libc6-dev && apt-get autoremove -y && rm -rf /var/lib/apt/lists/*
2026-10-08T12:39:14.5782813Z #13 0.111 Get:1 http://deb.debian.org/debian bookworm InRelease [151 kB]
2026-10-08T12:39:14.7004263Z #13 0.138 Get:2 http://deb.debian.org/debian bookworm-updates InRelease [55.4 kB]
2026-10-08T12:39:14.7004970Z #13 0.147 Get:3 http://deb.debian.org/debian-security bookworm-security InRelease [34.8 kB]
2026-10-08T12:39:14.7005560Z #13 0.169 Get:4 http://deb.debian.org/debian bookworm/main amd64 Packages [8790 kB]
2026-10-08T12:39:14.7006049Z #13 0.233 Get:5 http://deb.debian.org/debian bookworm-updates/main amd64 Packages [6924 B]
2026-10-08T12:39:14.8506968Z #13 0.233 Get:6 http://deb.debian.org/debian-security bookworm-security/main amd64 Packages [349 kB]
2026-10-08T12:39:15.2989723Z #13 0.832 Fetched 9388 kB in 1s (12.5 MB/s)
2026-10-08T12:39:15.6108020Z #13 0.832 Reading package lists...
2026-10-08T12:39:15.9152393Z #13 1.154 Reading package lists...
2026-10-08T12:39:16.0223093Z #13 1.455 Building dependency tree...
2026-10-08T12:39:16.1766177Z #13 1.555 Reading state information...
2026-10-08T12:39:16.1766819Z #13 1.633 The following additional packages will be installed:
2026-10-08T12:39:16.1767901Z #13 1.633   binutils binutils-common binutils-x86-64-linux-gnu cpp cpp-12 gcc-12
2026-10-08T12:39:16.1768372Z #13 1.633   libasan8 libatomic1 libbinutils libc-dev-bin libcc1-0 libcrypt-dev
2026-10-08T12:39:16.1768945Z #13 1.633   libctf-nobfd0 libctf0 libgcc-12-dev libgomp1 libgprofng0 libisl23 libitm1
2026-10-08T12:39:16.1769623Z #13 1.636   libjansson4 liblsan0 libmpc3 libmpfr6 libnsl-dev libnsl2 libquadmath0
2026-10-08T12:39:16.1770433Z #13 1.636   libtirpc-common libtirpc-dev libtirpc3 libtsan2 libubsan1 linux-libc-dev
2026-10-08T12:39:16.1770793Z #13 1.636   rpcsvc-proto
2026-10-08T12:39:16.1771013Z #13 1.636 Suggested packages:
2026-10-08T12:39:16.1771325Z #13 1.636   binutils-doc cpp-doc gcc-12-locales cpp-12-doc gcc-multilib make
2026-10-08T12:39:16.1771680Z #13 1.636   manpages-dev autoconf automake libtool flex bison gdb gcc-doc
2026-10-08T12:39:16.1771983Z #13 1.636   gcc-12-multilib gcc-12-doc glibc-doc
2026-10-08T12:39:16.1772233Z #13 1.636 Recommended packages:
2026-10-08T12:39:16.1772483Z #13 1.636   manpages manpages-dev libc-devtools
2026-10-08T12:39:16.1772762Z #13 1.709 The following NEW packages will be installed:
2026-10-08T12:39:16.3085333Z #13 1.710   binutils binutils-common binutils-x86-64-linux-gnu cpp cpp-12 gcc gcc-12
2026-10-08T12:39:16.3085927Z #13 1.710   libasan8 libatomic1 libbinutils libc-dev-bin libc6-dev libcc1-0 libcrypt-dev
2026-10-08T12:39:16.3086534Z #13 1.710   libctf-nobfd0 libctf0 libgcc-12-dev libgomp1 libgprofng0 libisl23 libitm1
2026-10-08T12:39:16.3087087Z #13 1.710   libjansson4 liblsan0 libmpc3 libmpfr6 libnsl-dev libnsl2 libquadmath0
2026-10-08T12:39:16.3087573Z #13 1.710   libtirpc-common libtirpc-dev libtirpc3 libtsan2 libubsan1 linux-libc-dev
2026-10-08T12:39:16.3087969Z #13 1.710   rpcsvc-proto
2026-10-08T12:39:16.3088337Z #13 1.750 0 upgraded, 35 newly installed, 0 to remove and 1 not upgraded.
2026-10-08T12:39:16.3088639Z #13 1.750 Need to get 50.9 MB of archives.
2026-10-08T12:39:16.3088973Z #13 1.750 After this operation, 202 MB of additional disk space will be used.
2026-10-08T12:39:16.3089412Z #13 1.750 Get:1 http://deb.debian.org/debian bookworm/main amd64 binutils-common amd64 2.40-2 [2487 kB]
2026-10-08T12:39:16.3089989Z #13 1.841 Get:2 http://deb.debian.org/debian bookworm/main amd64 libbinutils amd64 2.40-2 [572 kB]
2026-10-08T12:39:16.4734827Z #13 1.844 Get:3 http://deb.debian.org/debian bookworm/main amd64 libctf-nobfd0 amd64 2.40-2 [153 kB]
2026-10-08T12:39:16.4735496Z #13 1.844 Get:4 http://deb.debian.org/debian bookworm/main amd64 libctf0 amd64 2.40-2 [89.8 kB]
2026-10-08T12:39:16.4736100Z #13 1.845 Get:5 http://deb.debian.org/debian bookworm/main amd64 libgprofng0 amd64 2.40-2 [812 kB]
2026-10-08T12:39:16.4736799Z #13 1.847 Get:6 http://deb.debian.org/debian bookworm/main amd64 libjansson4 amd64 2.14-2 [40.8 kB]
2026-10-08T12:39:16.4737321Z #13 1.847 Get:7 http://deb.debian.org/debian bookworm/main amd64 binutils-x86-64-linux-gnu amd64 2.40-2 [2246 kB]
2026-10-08T12:39:16.4737841Z #13 1.858 Get:8 http://deb.debian.org/debian bookworm/main amd64 binutils amd64 2.40-2 [65.0 kB]
2026-10-08T12:39:16.4738303Z #13 1.859 Get:9 http://deb.debian.org/debian bookworm/main amd64 libisl23 amd64 0.25-1.1 [683 kB]
2026-10-08T12:39:16.4738773Z #13 1.860 Get:10 http://deb.debian.org/debian bookworm/main amd64 libmpfr6 amd64 4.2.0-1 [701 kB]
2026-10-08T12:39:16.4739229Z #13 1.862 Get:11 http://deb.debian.org/debian bookworm/main amd64 libmpc3 amd64 1.3.1-1 [51.5 kB]
2026-10-08T12:39:16.4739845Z #13 1.867 Get:12 http://deb.debian.org/debian bookworm/main amd64 cpp-12 amd64 12.2.0-14+deb12u1 [9768 kB]
2026-10-08T12:39:16.4740466Z #13 1.900 Get:13 http://deb.debian.org/debian bookworm/main amd64 cpp amd64 4:12.2.0-3 [6836 B]
2026-10-08T12:39:16.4741115Z #13 1.900 Get:14 http://deb.debian.org/debian bookworm/main amd64 libcc1-0 amd64 12.2.0-14+deb12u1 [41.7 kB]
2026-10-08T12:39:16.4741774Z #13 1.901 Get:15 http://deb.debian.org/debian bookworm/main amd64 libgomp1 amd64 12.2.0-14+deb12u1 [116 kB]
2026-10-08T12:39:16.4742371Z #13 1.901 Get:16 http://deb.debian.org/debian bookworm/main amd64 libitm1 amd64 12.2.0-14+deb12u1 [26.1 kB]
2026-10-08T12:39:16.4742762Z #13 1.901 Get:17 http://deb.debian.org/debian bookworm/main amd64 libatomic1 amd64 12.2.0-14+deb12u1 [9376 B]
2026-10-08T12:39:16.4743151Z #13 1.902 Get:18 http://deb.debian.org/debian bookworm/main amd64 libasan8 amd64 12.2.0-14+deb12u1 [2193 kB]
2026-10-08T12:39:16.4743525Z #13 1.909 Get:19 http://deb.debian.org/debian bookworm/main amd64 liblsan0 amd64 12.2.0-14+deb12u1 [969 kB]
2026-10-08T12:39:16.4743904Z #13 1.912 Get:20 http://deb.debian.org/debian bookworm/main amd64 libtsan2 amd64 12.2.0-14+deb12u1 [2197 kB]
2026-10-08T12:39:16.4744289Z #13 1.923 Get:21 http://deb.debian.org/debian bookworm/main amd64 libubsan1 amd64 12.2.0-14+deb12u1 [883 kB]
2026-10-08T12:39:16.4744684Z #13 1.925 Get:22 http://deb.debian.org/debian bookworm/main amd64 libquadmath0 amd64 12.2.0-14+deb12u1 [145 kB]
2026-10-08T12:39:16.4745086Z #13 1.928 Get:23 http://deb.debian.org/debian bookworm/main amd64 libgcc-12-dev amd64 12.2.0-14+deb12u1 [2437 kB]
2026-10-08T12:39:16.4745475Z #13 1.933 Get:24 http://deb.debian.org/debian bookworm/main amd64 gcc-12 amd64 12.2.0-14+deb12u1 [19.3 MB]
2026-10-08T12:39:16.4745930Z #13 2.006 Get:25 http://deb.debian.org/debian bookworm/main amd64 gcc amd64 4:12.2.0-3 [5216 B]
2026-10-08T12:39:16.4746303Z #13 2.006 Get:26 http://deb.debian.org/debian bookworm/main amd64 libc-dev-bin amd64 2.36-9+deb12u14 [48.1 kB]
2026-10-08T12:39:16.5851748Z #13 2.007 Get:27 http://deb.debian.org/debian-security bookworm-security/main amd64 linux-libc-dev amd64 6.1.187-1 [2357 kB]
2026-10-08T12:39:16.5852281Z #13 2.011 Get:28 http://deb.debian.org/debian bookworm/main amd64 libcrypt-dev amd64 1:4.4.33-2 [118 kB]
2026-10-08T12:39:16.5852750Z #13 2.011 Get:29 http://deb.debian.org/debian bookworm/main amd64 libtirpc-common all 1.3.3+ds-1 [14.0 kB]
2026-10-08T12:39:16.5853155Z #13 2.012 Get:30 http://deb.debian.org/debian bookworm/main amd64 libtirpc3 amd64 1.3.3+ds-1 [85.2 kB]
2026-10-08T12:39:16.5853541Z #13 2.012 Get:31 http://deb.debian.org/debian bookworm/main amd64 libnsl2 amd64 1.3.0-2 [39.5 kB]
2026-10-08T12:39:16.5853945Z #13 2.012 Get:32 http://deb.debian.org/debian bookworm/main amd64 libtirpc-dev amd64 1.3.3+ds-1 [191 kB]
2026-10-08T12:39:16.5854338Z #13 2.013 Get:33 http://deb.debian.org/debian bookworm/main amd64 libnsl-dev amd64 1.3.0-2 [66.4 kB]
2026-10-08T12:39:16.5854726Z #13 2.021 Get:34 http://deb.debian.org/debian bookworm/main amd64 rpcsvc-proto amd64 1.4.3-1 [63.3 kB]
2026-10-08T12:39:16.5855129Z #13 2.021 Get:35 http://deb.debian.org/debian bookworm/main amd64 libc6-dev amd64 2.36-9+deb12u14 [1904 kB]
2026-10-08T12:39:16.5855514Z #13 2.118 debconf: delaying package configuration, since apt-utils is not installed
2026-10-08T12:39:16.7443492Z #13 2.137 Fetched 50.9 MB in 0s (163 MB/s)
2026-10-08T12:39:16.7444106Z #13 2.143 Selecting previously unselected package binutils-common:amd64.
2026-10-08T12:39:16.7444455Z #13 2.143 (Reading database ... 
2026-10-08T12:39:16.7444718Z (Reading database ... 5%
2026-10-08T12:39:16.7444963Z (Reading database ... 10%
2026-10-08T12:39:16.7445219Z (Reading database ... 15%
2026-10-08T12:39:16.7445459Z (Reading database ... 20%
2026-10-08T12:39:16.7445730Z (Reading database ... 25%
2026-10-08T12:39:16.7446153Z (Reading database ... 30%
2026-10-08T12:39:16.7446441Z (Reading database ... 35%
2026-10-08T12:39:16.7446665Z (Reading database ... 40%
2026-10-08T12:39:16.7446810Z (Reading database ... 45%
2026-10-08T12:39:16.7446960Z (Reading database ... 50%
2026-10-08T12:39:16.7447110Z (Reading database ... 55%
2026-10-08T12:39:16.7447255Z (Reading database ... 60%
2026-10-08T12:39:16.7447394Z (Reading database ... 65%
2026-10-08T12:39:16.7447552Z (Reading database ... 70%
2026-10-08T12:39:16.7447686Z (Reading database ... 75%
2026-10-08T12:39:16.7447815Z (Reading database ... 80%
2026-10-08T12:39:16.7447950Z (Reading database ... 85%
2026-10-08T12:39:16.7448079Z (Reading database ... 90%
2026-10-08T12:39:16.7448210Z (Reading database ... 95%
2026-10-08T12:39:16.7448345Z (Reading database ... 100%
2026-10-08T12:39:16.7448572Z (Reading database ... 16161 files and directories currently installed.)
2026-10-08T12:39:16.7448883Z #13 2.150 Preparing to unpack .../00-binutils-common_2.40-2_amd64.deb ...
2026-10-08T12:39:16.7449148Z #13 2.150 Unpacking binutils-common:amd64 (2.40-2) ...
2026-10-08T12:39:16.7449399Z #13 2.277 Selecting previously unselected package libbinutils:amd64.
2026-10-08T12:39:16.8616894Z #13 2.279 Preparing to unpack .../01-libbinutils_2.40-2_amd64.deb ...
2026-10-08T12:39:16.8617206Z #13 2.280 Unpacking libbinutils:amd64 (2.40-2) ...
2026-10-08T12:39:16.8617462Z #13 2.317 Selecting previously unselected package libctf-nobfd0:amd64.
2026-10-08T12:39:16.8617772Z #13 2.318 Preparing to unpack .../02-libctf-nobfd0_2.40-2_amd64.deb ...
2026-10-08T12:39:16.8618008Z #13 2.319 Unpacking libctf-nobfd0:amd64 (2.40-2) ...
2026-10-08T12:39:16.8618239Z #13 2.334 Selecting previously unselected package libctf0:amd64.
2026-10-08T12:39:16.8618488Z #13 2.335 Preparing to unpack .../03-libctf0_2.40-2_amd64.deb ...
2026-10-08T12:39:16.8618699Z #13 2.336 Unpacking libctf0:amd64 (2.40-2) ...
2026-10-08T12:39:16.8619116Z #13 2.347 Selecting previously unselected package libgprofng0:amd64.
2026-10-08T12:39:16.8619385Z #13 2.348 Preparing to unpack .../04-libgprofng0_2.40-2_amd64.deb ...
2026-10-08T12:39:16.8619612Z #13 2.349 Unpacking libgprofng0:amd64 (2.40-2) ...
2026-10-08T12:39:16.8619848Z #13 2.395 Selecting previously unselected package libjansson4:amd64.
2026-10-08T12:39:16.9912788Z #13 2.396 Preparing to unpack .../05-libjansson4_2.14-2_amd64.deb ...
2026-10-08T12:39:16.9913122Z #13 2.397 Unpacking libjansson4:amd64 (2.14-2) ...
2026-10-08T12:39:16.9913484Z #13 2.405 Selecting previously unselected package binutils-x86-64-linux-gnu.
2026-10-08T12:39:16.9913864Z #13 2.406 Preparing to unpack .../06-binutils-x86-64-linux-gnu_2.40-2_amd64.deb ...
2026-10-08T12:39:16.9914155Z #13 2.406 Unpacking binutils-x86-64-linux-gnu (2.40-2) ...
2026-10-08T12:39:16.9914392Z #13 2.524 Selecting previously unselected package binutils.
2026-10-08T12:39:17.2405034Z #13 2.526 Preparing to unpack .../07-binutils_2.40-2_amd64.deb ...
2026-10-08T12:39:17.2405530Z #13 2.526 Unpacking binutils (2.40-2) ...
2026-10-08T12:39:17.2405923Z #13 2.539 Selecting previously unselected package libisl23:amd64.
2026-10-08T12:39:17.2406373Z #13 2.541 Preparing to unpack .../08-libisl23_0.25-1.1_amd64.deb ...
2026-10-08T12:39:17.2406765Z #13 2.541 Unpacking libisl23:amd64 (0.25-1.1) ...
2026-10-08T12:39:17.2407161Z #13 2.580 Selecting previously unselected package libmpfr6:amd64.
2026-10-08T12:39:17.2407605Z #13 2.581 Preparing to unpack .../09-libmpfr6_4.2.0-1_amd64.deb ...
2026-10-08T12:39:17.2408292Z #13 2.582 Unpacking libmpfr6:amd64 (4.2.0-1) ...
2026-10-08T12:39:17.2408678Z #13 2.608 Selecting previously unselected package libmpc3:amd64.
2026-10-08T12:39:17.2409110Z #13 2.609 Preparing to unpack .../10-libmpc3_1.3.1-1_amd64.deb ...
2026-10-08T12:39:17.2409479Z #13 2.609 Unpacking libmpc3:amd64 (1.3.1-1) ...
2026-10-08T12:39:17.2409836Z #13 2.621 Selecting previously unselected package cpp-12.
2026-10-08T12:39:17.2410410Z #13 2.623 Preparing to unpack .../11-cpp-12_12.2.0-14+deb12u1_amd64.deb ...
2026-10-08T12:39:17.2410817Z #13 2.623 Unpacking cpp-12 (12.2.0-14+deb12u1) ...
2026-10-08T12:39:17.4844673Z #13 3.017 Selecting previously unselected package cpp.
2026-10-08T12:39:17.6590838Z #13 3.019 Preparing to unpack .../12-cpp_4%3a12.2.0-3_amd64.deb ...
2026-10-08T12:39:17.6591155Z #13 3.019 Unpacking cpp (4:12.2.0-3) ...
2026-10-08T12:39:17.6591389Z #13 3.027 Selecting previously unselected package libcc1-0:amd64.
2026-10-08T12:39:17.6591684Z #13 3.029 Preparing to unpack .../13-libcc1-0_12.2.0-14+deb12u1_amd64.deb ...
2026-10-08T12:39:17.6591981Z #13 3.029 Unpacking libcc1-0:amd64 (12.2.0-14+deb12u1) ...
2026-10-08T12:39:17.6592231Z #13 3.039 Selecting previously unselected package libgomp1:amd64.
2026-10-08T12:39:17.6592579Z #13 3.041 Preparing to unpack .../14-libgomp1_12.2.0-14+deb12u1_amd64.deb ...
2026-10-08T12:39:17.6592856Z #13 3.041 Unpacking libgomp1:amd64 (12.2.0-14+deb12u1) ...
2026-10-08T12:39:17.6593099Z #13 3.055 Selecting previously unselected package libitm1:amd64.
2026-10-08T12:39:17.6593381Z #13 3.056 Preparing to unpack .../15-libitm1_12.2.0-14+deb12u1_amd64.deb ...
2026-10-08T12:39:17.6593635Z #13 3.057 Unpacking libitm1:amd64 (12.2.0-14+deb12u1) ...
2026-10-08T12:39:17.6593880Z #13 3.066 Selecting previously unselected package libatomic1:amd64.
2026-10-08T12:39:17.6594169Z #13 3.067 Preparing to unpack .../16-libatomic1_12.2.0-14+deb12u1_amd64.deb ...
2026-10-08T12:39:17.6594431Z #13 3.068 Unpacking libatomic1:amd64 (12.2.0-14+deb12u1) ...
2026-10-08T12:39:17.6594678Z #13 3.076 Selecting previously unselected package libasan8:amd64.
2026-10-08T12:39:17.6594955Z #13 3.077 Preparing to unpack .../17-libasan8_12.2.0-14+deb12u1_amd64.deb ...
2026-10-08T12:39:17.6595207Z #13 3.078 Unpacking libasan8:amd64 (12.2.0-14+deb12u1) ...
2026-10-08T12:39:17.6595450Z #13 3.192 Selecting previously unselected package liblsan0:amd64.
2026-10-08T12:39:17.8329413Z #13 3.193 Preparing to unpack .../18-liblsan0_12.2.0-14+deb12u1_amd64.deb ...
2026-10-08T12:39:17.8330015Z #13 3.194 Unpacking liblsan0:amd64 (12.2.0-14+deb12u1) ...
2026-10-08T12:39:17.8330274Z #13 3.249 Selecting previously unselected package libtsan2:amd64.
2026-10-08T12:39:17.8330729Z #13 3.251 Preparing to unpack .../19-libtsan2_12.2.0-14+deb12u1_amd64.deb ...
2026-10-08T12:39:17.8330991Z #13 3.251 Unpacking libtsan2:amd64 (12.2.0-14+deb12u1) ...
2026-10-08T12:39:17.8331313Z #13 3.366 Selecting previously unselected package libubsan1:amd64.
2026-10-08T12:39:18.0233443Z #13 3.367 Preparing to unpack .../20-libubsan1_12.2.0-14+deb12u1_amd64.deb ...
2026-10-08T12:39:18.0234011Z #13 3.368 Unpacking libubsan1:amd64 (12.2.0-14+deb12u1) ...
2026-10-08T12:39:18.0234288Z #13 3.421 Selecting previously unselected package libquadmath0:amd64.
2026-10-08T12:39:18.0234590Z #13 3.423 Preparing to unpack .../21-libquadmath0_12.2.0-14+deb12u1_amd64.deb ...
2026-10-08T12:39:18.0234866Z #13 3.423 Unpacking libquadmath0:amd64 (12.2.0-14+deb12u1) ...
2026-10-08T12:39:18.0235127Z #13 3.437 Selecting previously unselected package libgcc-12-dev:amd64.
2026-10-08T12:39:18.0235437Z #13 3.438 Preparing to unpack .../22-libgcc-12-dev_12.2.0-14+deb12u1_amd64.deb ...
2026-10-08T12:39:18.0235718Z #13 3.439 Unpacking libgcc-12-dev:amd64 (12.2.0-14+deb12u1) ...
2026-10-08T12:39:18.0235961Z #13 3.556 Selecting previously unselected package gcc-12.
2026-10-08T12:39:18.1756169Z #13 3.558 Preparing to unpack .../23-gcc-12_12.2.0-14+deb12u1_amd64.deb ...
2026-10-08T12:39:18.1757578Z #13 3.558 Unpacking gcc-12 (12.2.0-14+deb12u1) ...
2026-10-08T12:39:18.5043395Z #13 4.037 Selecting previously unselected package gcc.
2026-10-08T12:39:18.6061031Z #13 4.039 Preparing to unpack .../24-gcc_4%3a12.2.0-3_amd64.deb ...
2026-10-08T12:39:18.6061334Z #13 4.039 Unpacking gcc (4:12.2.0-3) ...
2026-10-08T12:39:18.6061560Z #13 4.047 Selecting previously unselected package libc-dev-bin.
2026-10-08T12:39:18.6061852Z #13 4.048 Preparing to unpack .../25-libc-dev-bin_2.36-9+deb12u14_amd64.deb ...
2026-10-08T12:39:18.6062112Z #13 4.049 Unpacking libc-dev-bin (2.36-9+deb12u14) ...
2026-10-08T12:39:18.6062398Z #13 4.059 Selecting previously unselected package linux-libc-dev:amd64.
2026-10-08T12:39:18.6062677Z #13 4.060 Preparing to unpack .../26-linux-libc-dev_6.1.187-1_amd64.deb ...
2026-10-08T12:39:18.6062922Z #13 4.060 Unpacking linux-libc-dev:amd64 (6.1.187-1) ...
2026-10-08T12:39:18.6063165Z #13 4.139 Selecting previously unselected package libcrypt-dev:amd64.
2026-10-08T12:39:18.8366948Z #13 4.141 Preparing to unpack .../27-libcrypt-dev_1%3a4.4.33-2_amd64.deb ...
2026-10-08T12:39:18.8367321Z #13 4.143 Unpacking libcrypt-dev:amd64 (1:4.4.33-2) ...
2026-10-08T12:39:18.8367604Z #13 4.156 Selecting previously unselected package libtirpc-common.
2026-10-08T12:39:18.8367880Z #13 4.158 Preparing to unpack .../28-libtirpc-common_1.3.3+ds-1_all.deb ...
2026-10-08T12:39:18.8368124Z #13 4.158 Unpacking libtirpc-common (1.3.3+ds-1) ...
2026-10-08T12:39:18.8368359Z #13 4.166 Selecting previously unselected package libtirpc3:amd64.
2026-10-08T12:39:18.8368628Z #13 4.167 Preparing to unpack .../29-libtirpc3_1.3.3+ds-1_amd64.deb ...
2026-10-08T12:39:18.8368858Z #13 4.168 Unpacking libtirpc3:amd64 (1.3.3+ds-1) ...
2026-10-08T12:39:18.8369087Z #13 4.179 Selecting previously unselected package libnsl2:amd64.
2026-10-08T12:39:18.8369327Z #13 4.181 Preparing to unpack .../30-libnsl2_1.3.0-2_amd64.deb ...
2026-10-08T12:39:18.8369539Z #13 4.181 Unpacking libnsl2:amd64 (1.3.0-2) ...
2026-10-08T12:39:18.8369771Z #13 4.189 Selecting previously unselected package libtirpc-dev:amd64.
2026-10-08T12:39:18.8370038Z #13 4.190 Preparing to unpack .../31-libtirpc-dev_1.3.3+ds-1_amd64.deb ...
2026-10-08T12:39:18.8372038Z #13 4.191 Unpacking libtirpc-dev:amd64 (1.3.3+ds-1) ...
2026-10-08T12:39:18.8372414Z #13 4.207 Selecting previously unselected package libnsl-dev:amd64.
2026-10-08T12:39:18.8372671Z #13 4.208 Preparing to unpack .../32-libnsl-dev_1.3.0-2_amd64.deb ...
2026-10-08T12:39:18.8372892Z #13 4.209 Unpacking libnsl-dev:amd64 (1.3.0-2) ...
2026-10-08T12:39:18.8373117Z #13 4.219 Selecting previously unselected package rpcsvc-proto.
2026-10-08T12:39:18.8373637Z #13 4.220 Preparing to unpack .../33-rpcsvc-proto_1.4.3-1_amd64.deb ...
2026-10-08T12:39:18.8373863Z #13 4.221 Unpacking rpcsvc-proto (1.4.3-1) ...
2026-10-08T12:39:18.8374084Z #13 4.231 Selecting previously unselected package libc6-dev:amd64.
2026-10-08T12:39:18.8374348Z #13 4.232 Preparing to unpack .../34-libc6-dev_2.36-9+deb12u14_amd64.deb ...
2026-10-08T12:39:18.8374593Z #13 4.233 Unpacking libc6-dev:amd64 (2.36-9+deb12u14) ...
2026-10-08T12:39:18.8374803Z #13 4.370 Setting up libtirpc-common (1.3.3+ds-1) ...
2026-10-08T12:39:18.9568043Z #13 4.372 Setting up binutils-common:amd64 (2.40-2) ...
2026-10-08T12:39:18.9568404Z #13 4.374 Setting up linux-libc-dev:amd64 (6.1.187-1) ...
2026-10-08T12:39:18.9568636Z #13 4.375 Setting up libctf-nobfd0:amd64 (2.40-2) ...
2026-10-08T12:39:18.9568863Z #13 4.376 Setting up libgomp1:amd64 (12.2.0-14+deb12u1) ...
2026-10-08T12:39:18.9569112Z #13 4.378 Setting up libjansson4:amd64 (2.14-2) ...
2026-10-08T12:39:18.9569372Z #13 4.379 Setting up rpcsvc-proto (1.4.3-1) ...
2026-10-08T12:39:18.9569570Z #13 4.380 Setting up libmpfr6:amd64 (4.2.0-1) ...
2026-10-08T12:39:18.9569792Z #13 4.381 Setting up libquadmath0:amd64 (12.2.0-14+deb12u1) ...
2026-10-08T12:39:18.9570142Z #13 4.382 Setting up libmpc3:amd64 (1.3.1-1) ...
2026-10-08T12:39:18.9570641Z #13 4.384 Setting up libatomic1:amd64 (12.2.0-14+deb12u1) ...
2026-10-08T12:39:18.9571029Z #13 4.385 Setting up libubsan1:amd64 (12.2.0-14+deb12u1) ...
2026-10-08T12:39:18.9571415Z #13 4.386 Setting up libcrypt-dev:amd64 (1:4.4.33-2) ...
2026-10-08T12:39:18.9572039Z #13 4.390 Setting up libasan8:amd64 (12.2.0-14+deb12u1) ...
2026-10-08T12:39:18.9572419Z #13 4.391 Setting up libtsan2:amd64 (12.2.0-14+deb12u1) ...
2026-10-08T12:39:18.9572770Z #13 4.392 Setting up libbinutils:amd64 (2.40-2) ...
2026-10-08T12:39:18.9573112Z #13 4.393 Setting up libisl23:amd64 (0.25-1.1) ...
2026-10-08T12:39:18.9573467Z #13 4.395 Setting up libc-dev-bin (2.36-9+deb12u14) ...
2026-10-08T12:39:18.9573825Z #13 4.396 Setting up libcc1-0:amd64 (12.2.0-14+deb12u1) ...
2026-10-08T12:39:18.9574171Z #13 4.397 Setting up liblsan0:amd64 (12.2.0-14+deb12u1) ...
2026-10-08T12:39:18.9574518Z #13 4.398 Setting up libitm1:amd64 (12.2.0-14+deb12u1) ...
2026-10-08T12:39:18.9574835Z #13 4.399 Setting up libctf0:amd64 (2.40-2) ...
2026-10-08T12:39:18.9575150Z #13 4.400 Setting up libtirpc3:amd64 (1.3.3+ds-1) ...
2026-10-08T12:39:18.9575468Z #13 4.401 Setting up cpp-12 (12.2.0-14+deb12u1) ...
2026-10-08T12:39:18.9575783Z #13 4.403 Setting up libgprofng0:amd64 (2.40-2) ...
2026-10-08T12:39:18.9576138Z #13 4.404 Setting up libtirpc-dev:amd64 (1.3.3+ds-1) ...
2026-10-08T12:39:18.9576516Z #13 4.405 Setting up libgcc-12-dev:amd64 (12.2.0-14+deb12u1) ...
2026-10-08T12:39:18.9576859Z #13 4.406 Setting up cpp (4:12.2.0-3) ...
2026-10-08T12:39:18.9577154Z #13 4.410 Setting up libnsl2:amd64 (1.3.0-2) ...
2026-10-08T12:39:18.9577516Z #13 4.411 Setting up binutils-x86-64-linux-gnu (2.40-2) ...
2026-10-08T12:39:18.9577845Z #13 4.412 Setting up binutils (2.40-2) ...
2026-10-08T12:39:18.9578169Z #13 4.413 Setting up gcc-12 (12.2.0-14+deb12u1) ...
2026-10-08T12:39:18.9578494Z #13 4.423 Setting up libnsl-dev:amd64 (1.3.0-2) ...
2026-10-08T12:39:18.9578842Z #13 4.425 Setting up libc6-dev:amd64 (2.36-9+deb12u14) ...
2026-10-08T12:39:18.9579162Z #13 4.426 Setting up gcc (4:12.2.0-3) ...
2026-10-08T12:39:18.9579518Z #13 4.430 Processing triggers for libc-bin (2.36-9+deb12u14) ...
2026-10-08T12:39:19.2512003Z #13 4.490 Reading package lists...
2026-10-08T12:39:19.4199646Z #13 4.790 Building dependency tree...
2026-10-08T12:39:19.4200140Z #13 4.878 Reading state information...
2026-10-08T12:39:19.4200853Z #13 4.953 The following packages were automatically installed and are no longer required:
2026-10-08T12:39:19.4201538Z #13 4.953   binutils binutils-common binutils-x86-64-linux-gnu cpp cpp-12 gcc-12
2026-10-08T12:39:19.4202045Z #13 4.953   libasan8 libatomic1 libbinutils libc-dev-bin libcc1-0 libcrypt-dev
2026-10-08T12:39:19.4203181Z #13 4.953   libctf-nobfd0 libctf0 libgcc-12-dev libgomp1 libgprofng0 libisl23 libitm1
2026-10-08T12:39:19.5206073Z #13 4.953   libjansson4 liblsan0 libmpc3 libmpfr6 libnsl-dev libnsl2 libquadmath0
2026-10-08T12:39:19.5206478Z #13 4.953   libtirpc-common libtirpc-dev libtirpc3 libtsan2 libubsan1 linux-libc-dev
2026-10-08T12:39:19.5206730Z #13 4.953   rpcsvc-proto
2026-10-08T12:39:19.5206907Z #13 4.953 Use 'apt autoremove' to remove them.
2026-10-08T12:39:19.5207244Z #13 4.959 The following packages will be REMOVED:
2026-10-08T12:39:19.5207516Z #13 4.959   gcc* libc6-dev*
2026-10-08T12:39:19.5207901Z #13 5.038 0 upgraded, 0 newly installed, 2 to remove and 1 not upgraded.
2026-10-08T12:39:19.5208170Z #13 5.038 After this operation, 12.3 MB disk space will be freed.
2026-10-08T12:39:19.5208368Z #13 5.041 (Reading database ... 
2026-10-08T12:39:19.5208509Z (Reading database ... 5%
2026-10-08T12:39:19.5208645Z (Reading database ... 10%
2026-10-08T12:39:19.5208779Z (Reading database ... 15%
2026-10-08T12:39:19.5208908Z (Reading database ... 20%
2026-10-08T12:39:19.5209088Z (Reading database ... 25%
2026-10-08T12:39:19.5209220Z (Reading database ... 30%
2026-10-08T12:39:19.5209346Z (Reading database ... 35%
2026-10-08T12:39:19.5209473Z (Reading database ... 40%
2026-10-08T12:39:19.5209600Z (Reading database ... 45%
2026-10-08T12:39:19.5209729Z (Reading database ... 50%
2026-10-08T12:39:19.5209855Z (Reading database ... 55%
2026-10-08T12:39:19.5209984Z (Reading database ... 60%
2026-10-08T12:39:19.5210110Z (Reading database ... 65%
2026-10-08T12:39:19.5210576Z (Reading database ... 70%
2026-10-08T12:39:19.5210795Z (Reading database ... 75%
2026-10-08T12:39:19.5210923Z (Reading database ... 80%
2026-10-08T12:39:19.5211047Z (Reading database ... 85%
2026-10-08T12:39:19.5211174Z (Reading database ... 90%
2026-10-08T12:39:19.5211306Z (Reading database ... 95%
2026-10-08T12:39:19.5211435Z (Reading database ... 100%
2026-10-08T12:39:19.5211713Z (Reading database ... 18572 files and directories currently installed.)
2026-10-08T12:39:19.5211948Z #13 5.046 Removing gcc (4:12.2.0-3) ...
2026-10-08T12:39:19.5212138Z #13 5.054 Removing libc6-dev:amd64 (2.36-9+deb12u14) ...
2026-10-08T12:39:19.8607442Z #13 5.085 Reading package lists...
2026-10-08T12:39:19.9707812Z #13 5.401 Building dependency tree...
2026-10-08T12:39:20.1386244Z #13 5.504 Reading state information...
2026-10-08T12:39:20.1386531Z #13 5.585 The following packages will be REMOVED:
2026-10-08T12:39:20.1386842Z #13 5.585   binutils binutils-common binutils-x86-64-linux-gnu cpp cpp-12 gcc-12
2026-10-08T12:39:20.1387204Z #13 5.585   libasan8 libatomic1 libbinutils libc-dev-bin libcc1-0 libcrypt-dev
2026-10-08T12:39:20.1387532Z #13 5.585   libctf-nobfd0 libctf0 libgcc-12-dev libgomp1 libgprofng0 libisl23 libitm1
2026-10-08T12:39:20.1387867Z #13 5.585   libjansson4 liblsan0 libmpc3 libmpfr6 libnsl-dev libnsl2 libquadmath0
2026-10-08T12:39:20.1388203Z #13 5.585   libtirpc-common libtirpc-dev libtirpc3 libtsan2 libubsan1 linux-libc-dev
2026-10-08T12:39:20.1388437Z #13 5.586   rpcsvc-proto
2026-10-08T12:39:20.1388664Z #13 5.672 0 upgraded, 0 newly installed, 33 to remove and 1 not upgraded.
2026-10-08T12:39:20.1388929Z #13 5.672 After this operation, 190 MB disk space will be freed.
2026-10-08T12:39:20.2388276Z #13 5.675 (Reading database ... 
2026-10-08T12:39:20.2388624Z (Reading database ... 5%
2026-10-08T12:39:20.2388843Z (Reading database ... 10%
2026-10-08T12:39:20.2389096Z (Reading database ... 15%
2026-10-08T12:39:20.2389254Z (Reading database ... 20%
2026-10-08T12:39:20.2389394Z (Reading database ... 25%
2026-10-08T12:39:20.2389561Z (Reading database ... 30%
2026-10-08T12:39:20.2389700Z (Reading database ... 35%
2026-10-08T12:39:20.2389835Z (Reading database ... 40%
2026-10-08T12:39:20.2389969Z (Reading database ... 45%
2026-10-08T12:39:20.2390101Z (Reading database ... 50%
2026-10-08T12:39:20.2390234Z (Reading database ... 55%
2026-10-08T12:39:20.2390515Z (Reading database ... 60%
2026-10-08T12:39:20.2390650Z (Reading database ... 65%
2026-10-08T12:39:20.2390820Z (Reading database ... 70%
2026-10-08T12:39:20.2391113Z (Reading database ... 75%
2026-10-08T12:39:20.2391248Z (Reading database ... 80%
2026-10-08T12:39:20.2391381Z (Reading database ... 85%
2026-10-08T12:39:20.2391542Z (Reading database ... 90%
2026-10-08T12:39:20.2391673Z (Reading database ... 95%
2026-10-08T12:39:20.2391810Z (Reading database ... 100%
2026-10-08T12:39:20.2392042Z (Reading database ... 18002 files and directories currently installed.)
2026-10-08T12:39:20.2392305Z #13 5.682 Removing gcc-12 (12.2.0-14+deb12u1) ...
2026-10-08T12:39:20.2392505Z #13 5.693 Removing binutils (2.40-2) ...
2026-10-08T12:39:20.2392714Z #13 5.698 Removing binutils-x86-64-linux-gnu (2.40-2) ...
2026-10-08T12:39:20.2392936Z #13 5.707 Removing libgprofng0:amd64 (2.40-2) ...
2026-10-08T12:39:20.2393133Z #13 5.713 Removing libctf0:amd64 (2.40-2) ...
2026-10-08T12:39:20.2393329Z #13 5.719 Removing libbinutils:amd64 (2.40-2) ...
2026-10-08T12:39:20.2393538Z #13 5.724 Removing binutils-common:amd64 (2.40-2) ...
2026-10-08T12:39:20.2393732Z #13 5.729 Removing cpp (4:12.2.0-3) ...
2026-10-08T12:39:20.2393922Z #13 5.736 Removing cpp-12 (12.2.0-14+deb12u1) ...
2026-10-08T12:39:20.2394149Z #13 5.744 Removing libgcc-12-dev:amd64 (12.2.0-14+deb12u1) ...
2026-10-08T12:39:20.2394376Z #13 5.754 Removing libasan8:amd64 (12.2.0-14+deb12u1) ...
2026-10-08T12:39:20.2394600Z #13 5.760 Removing libatomic1:amd64 (12.2.0-14+deb12u1) ...
2026-10-08T12:39:20.2394821Z #13 5.766 Removing libc-dev-bin (2.36-9+deb12u14) ...
2026-10-08T12:39:20.2395031Z #13 5.771 Removing libcc1-0:amd64 (12.2.0-14+deb12u1) ...
2026-10-08T12:39:20.3400154Z #13 5.778 Removing libcrypt-dev:amd64 (1:4.4.33-2) ...
2026-10-08T12:39:20.3400608Z #13 5.788 Removing libctf-nobfd0:amd64 (2.40-2) ...
2026-10-08T12:39:20.3400852Z #13 5.793 Removing libgomp1:amd64 (12.2.0-14+deb12u1) ...
2026-10-08T12:39:20.3401185Z #13 5.799 Removing libisl23:amd64 (0.25-1.1) ...
2026-10-08T12:39:20.3401527Z #13 5.804 Removing libitm1:amd64 (12.2.0-14+deb12u1) ...
2026-10-08T12:39:20.3401876Z #13 5.810 Removing libjansson4:amd64 (2.14-2) ...
2026-10-08T12:39:20.3402128Z #13 5.815 Removing liblsan0:amd64 (12.2.0-14+deb12u1) ...
2026-10-08T12:39:20.3402334Z #13 5.821 Removing libmpc3:amd64 (1.3.1-1) ...
2026-10-08T12:39:20.3402527Z #13 5.832 Removing libmpfr6:amd64 (4.2.0-1) ...
2026-10-08T12:39:20.3402723Z #13 5.837 Removing libnsl-dev:amd64 (1.3.0-2) ...
2026-10-08T12:39:20.3402917Z #13 5.842 Removing libnsl2:amd64 (1.3.0-2) ...
2026-10-08T12:39:20.3403133Z #13 5.848 Removing libquadmath0:amd64 (12.2.0-14+deb12u1) ...
2026-10-08T12:39:20.3403358Z #13 5.853 Removing libtirpc-dev:amd64 (1.3.3+ds-1) ...
2026-10-08T12:39:20.3403573Z #13 5.858 Removing libtirpc3:amd64 (1.3.3+ds-1) ...
2026-10-08T12:39:20.3403777Z #13 5.863 Removing libtirpc-common (1.3.3+ds-1) ...
2026-10-08T12:39:20.3403989Z #13 5.867 Removing libtsan2:amd64 (12.2.0-14+deb12u1) ...
2026-10-08T12:39:20.3404209Z #13 5.873 Removing libubsan1:amd64 (12.2.0-14+deb12u1) ...
2026-10-08T12:39:20.4776762Z #13 5.879 Removing linux-libc-dev:amd64 (6.1.187-1) ...
2026-10-08T12:39:20.4777169Z #13 5.900 Removing rpcsvc-proto (1.4.3-1) ...
2026-10-08T12:39:20.4777546Z #13 5.935 Processing triggers for libc-bin (2.36-9+deb12u14) ...
2026-10-08T12:39:20.4777737Z #13 DONE 6.0s
2026-10-08T12:39:20.6286056Z 
2026-10-08T12:39:20.6286539Z #14 [ 9/11] RUN pnpm build
2026-10-08T12:39:20.7178851Z #14 0.240 
2026-10-08T12:39:20.7179188Z #14 0.240 > cocreate@1.0.0 build /app
2026-10-08T12:39:20.7179591Z #14 0.240 > tsc --noEmit && vite build --configLoader runner
2026-10-08T12:39:20.7179886Z #14 0.240 
2026-10-08T12:39:25.4353234Z #14 4.957 vite v7.3.6 building client environment for production...
2026-10-08T12:39:25.6292114Z #14 5.001 transforming...
2026-10-08T12:39:27.8478905Z #14 7.370 ✓ 1749 modules transformed.
2026-10-08T12:39:28.0257956Z #14 7.548 rendering chunks...
2026-10-08T12:39:28.1703440Z #14 7.692 computing gzip size...
2026-10-08T12:39:28.3668716Z #14 7.706 dist/index.html                             0.44 kB │ gzip:   0.30 kB
2026-10-08T12:39:28.3669403Z #14 7.706 dist/assets/App-BqUO_rW7.css                2.56 kB │ gzip:   0.85 kB
2026-10-08T12:39:28.3669770Z #14 7.706 dist/assets/LandingPage-CNj4pefA.css       13.13 kB │ gzip:   2.95 kB
2026-10-08T12:39:28.3670255Z #14 7.706 dist/assets/index-cyLHvudv.css             75.38 kB │ gzip:  14.48 kB
2026-10-08T12:39:28.3670777Z #14 7.707 dist/assets/users-BIdyuxqP.js               0.69 kB │ gzip:   0.39 kB
2026-10-08T12:39:28.3671134Z #14 7.707 dist/assets/createLucideIcon-DcEYS1mU.js    0.89 kB │ gzip:   0.55 kB
2026-10-08T12:39:28.3671478Z #14 7.707 dist/assets/x-DO2zMSIY.js                   1.70 kB │ gzip:   0.78 kB
2026-10-08T12:39:28.3671840Z #14 7.707 dist/assets/LandingPage-DCr6qHiF.js        15.33 kB │ gzip:   4.92 kB
2026-10-08T12:39:28.3672413Z #14 7.707 dist/assets/ProjectApp-DXmAqhy1.js         29.68 kB │ gzip:   9.01 kB
2026-10-08T12:39:28.3672819Z #14 7.707 dist/assets/index-BPNFqXSv.js             421.95 kB │ gzip: 121.32 kB
2026-10-08T12:39:28.3673153Z #14 7.707 dist/assets/App-DhzRZNRs.js               583.75 kB │ gzip: 185.76 kB
2026-10-08T12:39:28.3673372Z #14 7.707 
2026-10-08T12:39:28.3673589Z #14 7.707 (!) Some chunks are larger than 500 kB after minification. Consider:
2026-10-08T12:39:28.3673879Z #14 7.707 - Using dynamic import() to code-split the application
2026-10-08T12:39:28.3674339Z #14 7.707 - Use build.rollupOptions.output.manualChunks to improve chunking: https://rollupjs.org/configuration-options/#output-manualchunks
2026-10-08T12:39:28.3674793Z #14 7.707 - Adjust chunk size limit for this warning via build.chunkSizeWarningLimit.
2026-10-08T12:39:28.3675177Z #14 7.707 ✓ built in 2.73s
2026-10-08T12:39:28.3675311Z #14 DONE 7.8s
2026-10-08T12:39:28.3675386Z 
2026-10-08T12:39:28.3675521Z #15 [10/11] RUN node scripts/release-fingerprint.mjs --write-image
2026-10-08T12:39:28.3676067Z #15 0.132 {"fingerprint":"5a89423ecdc0a2d154ea641c757db0be8802bc3d14a92bfcf6357eb009ecf9fd","sourceFiles":87,"scope":"Source/build input attestation only; not runtime acceptance"}
2026-10-08T12:39:28.5303265Z #15 DONE 0.1s
2026-10-08T12:39:28.5303419Z 
2026-10-08T12:39:28.5303919Z #16 [11/11] RUN pnpm exec tsx scripts/prepare-isolation.ts --files-only && mkdir -p /app/data /app/generated && chown -R node:node /app/.runtime /app/data /app/generated
2026-10-08T12:39:28.7555679Z #16 0.376 {"policy":"isolated-compile-v1","platform":"linux","scope":"Trusted files prepared; kernel boundary not exercised"}
2026-10-08T12:39:28.9561592Z #16 DONE 0.4s
2026-10-08T12:39:28.9561790Z 
2026-10-08T12:39:28.9561908Z #17 exporting to image
2026-10-08T12:39:28.9562133Z #17 exporting layers
2026-10-08T12:39:34.1640446Z #17 exporting layers 5.4s done
2026-10-08T12:39:34.1792630Z #17 writing image sha256:54804b140a87a6a1bc47c3e04426293b4b0b28b1c8cc5061881b30a16d1508ae done
2026-10-08T12:39:34.1793059Z #17 naming to docker.io/library/cocreate-check done
2026-10-08T12:39:34.1793239Z #17 DONE 5.4s
2026-10-08T12:39:34.1797146Z 
2026-10-08T12:39:34.1797665Z  [33m4 warnings found (use docker --debug to expand):
2026-10-08T12:39:34.1798301Z [0m - SecretsUsedInArgOrEnv: Do not use ARG or ENV instructions for sensitive data (ARG "VITE_COCREATE_AUTH_MODE") (line 12)
2026-10-08T12:39:34.1799164Z  - SecretsUsedInArgOrEnv: Do not use ARG or ENV instructions for sensitive data (ARG "VITE_SUPABASE_PUBLISHABLE_KEY") (line 15)
2026-10-08T12:39:34.1799949Z  - SecretsUsedInArgOrEnv: Do not use ARG or ENV instructions for sensitive data (ENV "VITE_COCREATE_AUTH_MODE") (line 16)
2026-10-08T12:39:34.1800844Z  - SecretsUsedInArgOrEnv: Do not use ARG or ENV instructions for sensitive data (ENV "VITE_SUPABASE_PUBLISHABLE_KEY") (line 19)
2026-10-08T12:39:34.1888743Z ##[group]Run root="/sys/fs/cgroup/cocreate-ci-${GITHUB_RUN_ID}-${GITHUB_RUN_ATTEMPT}"
2026-10-08T12:39:34.1889102Z [36;1mroot="/sys/fs/cgroup/cocreate-ci-${GITHUB_RUN_ID}-${GITHUB_RUN_ATTEMPT}"[0m
2026-10-08T12:39:34.1889351Z [36;1msudo sh scripts/prepare-ci-cgroup.sh "$root"[0m
2026-10-08T12:39:34.1889561Z [36;1mecho "COCREATE_CI_CGROUP_ROOT=$root" >> "$GITHUB_ENV"[0m
2026-10-08T12:39:34.1921849Z shell: /usr/bin/bash -e {0}
2026-10-08T12:39:34.1921991Z env:
2026-10-08T12:39:34.1922135Z   PNPM_HOME: /home/runner/setup-pnpm/node_modules/.bin
2026-10-08T12:39:34.1922309Z ##[endgroup]
2026-10-08T12:39:34.2060125Z ##[group]Run sh scripts/run-linux-check.sh node --import tsx scripts/prepare-isolation.ts
2026-10-08T12:39:34.2060724Z [36;1msh scripts/run-linux-check.sh node --import tsx scripts/prepare-isolation.ts[0m
2026-10-08T12:39:34.2090602Z shell: /usr/bin/bash -e {0}
2026-10-08T12:39:34.2090740Z env:
2026-10-08T12:39:34.2090877Z   PNPM_HOME: /home/runner/setup-pnpm/node_modules/.bin
2026-10-08T12:39:34.2091111Z   COCREATE_CI_CGROUP_ROOT: /sys/fs/cgroup/cocreate-ci-37778293881-1
2026-10-08T12:39:34.2091305Z ##[endgroup]
2026-10-08T12:39:34.4301089Z {"policy":"isolated-compile-v1","platform":"linux","scope":"Actual OS boundary preflight passed; no inference"}
2026-10-08T12:39:34.4697552Z ##[group]Run sh scripts/run-linux-check.sh node --import tsx --input-type=module -e 'import {assertVerificationBrowserAvailable} from "./server/isolation/browser.ts"; await assertVerificationBrowserAvailable(); console.log("Actual Linux browser boundary passed; no inference");'
2026-10-08T12:39:34.4698590Z [36;1msh scripts/run-linux-check.sh node --import tsx --input-type=module -e 'import {assertVerificationBrowserAvailable} from "./server/isolation/browser.ts"; await assertVerificationBrowserAvailable(); console.log("Actual Linux browser boundary passed; no inference");'[0m
2026-10-08T12:39:34.4729903Z shell: /usr/bin/bash -e {0}
2026-10-08T12:39:34.4730050Z env:
2026-10-08T12:39:34.4730474Z   PNPM_HOME: /home/runner/setup-pnpm/node_modules/.bin
2026-10-08T12:39:34.4730704Z   COCREATE_CI_CGROUP_ROOT: /sys/fs/cgroup/cocreate-ci-37778293881-1
2026-10-08T12:39:34.4730902Z ##[endgroup]
2026-10-08T12:39:35.1800951Z /app/server/isolation/browser.ts:12
2026-10-08T12:39:35.1802230Z const unavailable = () => new IsolationError('isolation_unavailable', 'Isolated verification browser is unavailable. Prepare the verification runtime, then explicitly retry; the previous artifact is retained.');
2026-10-08T12:39:35.1802697Z                           ^
2026-10-08T12:39:35.1802788Z 
2026-10-08T12:39:35.1803209Z IsolationError: Isolated verification browser is unavailable. Prepare the verification runtime, then explicitly retry; the previous artifact is retained.
2026-10-08T12:39:35.1803673Z     at unavailable (/app/server/isolation/browser.ts:12:27)
2026-10-08T12:39:35.1803964Z     at Socket.<anonymous> (/app/server/isolation/browser.ts:68:47)
2026-10-08T12:39:35.1804187Z     at Socket.emit (node:events:519:28)
2026-10-08T12:39:35.1804453Z     at emitErrorNT (node:internal/streams/destroy:170:8)
2026-10-08T12:39:35.1804688Z     at emitErrorCloseNT (node:internal/streams/destroy:129:3)
2026-10-08T12:39:35.1804979Z     at process.processTicksAndRejections (node:internal/process/task_queues:89:21) {
2026-10-08T12:39:35.1805294Z   code: 'isolation_unavailable',
2026-10-08T12:39:35.1805438Z   cause: {
2026-10-08T12:39:35.1805551Z     exitCode: 153,
2026-10-08T12:39:35.1805684Z     phase: 'cleanup',
2026-10-08T12:39:35.1806087Z     diagnostic: '[2:9:1008/123934.683478:ERROR:dbus/bus.cc:405] Failed to connect to the bus: Failed to connect to socket /run/dbus/system_bus_socket: No such file or directory\n' +
2026-10-08T12:39:35.1806746Z       '[2:9:1008/123934.683556:ERROR:dbus/bus.cc:405] Failed to connect to the bus: Could not parse server address: Unknown address type (examples of valid types are "tcp" and on UNIX "unix")\n' +
2026-10-08T12:39:35.1807222Z       'Fontconfig error: Cannot load default config file: No such file: (null)\n' +
2026-10-08T12:39:35.1807674Z       '[2:9:1008/123934.685952:ERROR:dbus/bus.cc:405] Failed to connect to the bus: Failed to connect to socket /run/dbus/system_bus_socket: No such file or directory\n' +
2026-10-08T12:39:35.1808240Z       '[2:9:1008/123934.685984:ERROR:dbus/bus.cc:405] Failed to connect to the bus: Failed to connect to socket /run/dbus/system_bus_socket: No such file or directory\n' +
2026-10-08T12:39:35.1809076Z       '[2:9:1008/123934.685991:ERROR:dbus/bus.cc:405] Failed to connect to the bus: Could not parse server address: Unknown address type (examples of valid types are "tcp" and on UNIX "unix")\n'
2026-10-08T12:39:35.1809682Z   }
2026-10-08T12:39:35.1809831Z }
2026-10-08T12:39:35.1809907Z 
2026-10-08T12:39:35.1809994Z Node.js v22.23.3
2026-10-08T12:39:35.2102713Z ##[error]Process completed with exit code 1.
2026-10-08T12:39:35.2136008Z ##[group]Run sh scripts/run-linux-check.sh node --import tsx scripts/diagnose-linux-browser.ts
2026-10-08T12:39:35.2136409Z [36;1msh scripts/run-linux-check.sh node --import tsx scripts/diagnose-linux-browser.ts[0m
2026-10-08T12:39:35.2166984Z shell: /usr/bin/bash -e {0}
2026-10-08T12:39:35.2167126Z env:
2026-10-08T12:39:35.2167265Z   PNPM_HOME: /home/runner/setup-pnpm/node_modules/.bin
2026-10-08T12:39:35.2167489Z   COCREATE_CI_CGROUP_ROOT: /sys/fs/cgroup/cocreate-ci-37778293881-1
2026-10-08T12:39:35.2167684Z ##[endgroup]
2026-10-08T12:39:35.5131490Z {"scope":"Trusted version metadata only","addressSpace":2147483648,"status":133,"signal":null,"stdout":"","stderr":""}
2026-10-08T12:39:35.5359419Z {"scope":"Trusted version metadata only","addressSpace":"CI cgroup only","status":0,"signal":null,"stdout":"Chromium 154.0.8037.92 \n","stderr":""}
2026-10-08T12:39:35.5761646Z ##[group]Run docker build --tag cocreate-file-diagnose - <<'DOCKER'
2026-10-08T12:39:35.5761944Z [36;1mdocker build --tag cocreate-file-diagnose - <<'DOCKER'[0m
2026-10-08T12:39:35.5762141Z [36;1mFROM cocreate-check[0m
2026-10-08T12:39:35.5762514Z [36;1mRUN apt-get update && apt-get install -y --no-install-recommends strace && rm -rf /var/lib/apt/lists/*[0m
2026-10-08T12:39:35.5762775Z [36;1mDOCKER[0m
2026-10-08T12:39:35.5763030Z [36;1msed 's/cocreate-check/cocreate-file-diagnose/g' scripts/run-linux-check.sh > /tmp/cocreate-file-diagnose.sh[0m
2026-10-08T12:39:35.5763368Z [36;1msh /tmp/cocreate-file-diagnose.sh timeout 30s strace -f -yy \[0m
2026-10-08T12:39:35.5763668Z [36;1m  -e trace=ftruncate,truncate,write,pwrite64 -e raw=write,pwrite64 -e signal=SIGXFSZ \[0m
2026-10-08T12:39:35.5763941Z [36;1m  node --import tsx --input-type=module -e \[0m
2026-10-08T12:39:35.5764315Z [36;1m  'import {assertVerificationBrowserAvailable} from "./server/isolation/browser.ts"; await assertVerificationBrowserAvailable();'[0m
2026-10-08T12:39:35.5794547Z shell: /usr/bin/bash -e {0}
2026-10-08T12:39:35.5794695Z env:
2026-10-08T12:39:35.5794838Z   PNPM_HOME: /home/runner/setup-pnpm/node_modules/.bin
2026-10-08T12:39:35.5795060Z   COCREATE_CI_CGROUP_ROOT: /sys/fs/cgroup/cocreate-ci-37778293881-1
2026-10-08T12:39:35.5795262Z ##[endgroup]
2026-10-08T12:39:35.6491081Z #0 building with "default" instance using docker driver
2026-10-08T12:39:35.6491270Z 
2026-10-08T12:39:35.6491383Z #1 [internal] load build definition from Dockerfile
2026-10-08T12:39:35.7861030Z #1 transferring dockerfile: 160B done
2026-10-08T12:39:35.7861324Z #1 DONE 0.0s
2026-10-08T12:39:35.7861434Z 
2026-10-08T12:39:35.7861689Z #2 [internal] load metadata for docker.io/library/cocreate-check:latest
2026-10-08T12:39:35.7861987Z #2 DONE 0.0s
2026-10-08T12:39:35.7862051Z 
2026-10-08T12:39:35.7862133Z #3 [internal] load .dockerignore
2026-10-08T12:39:35.7862299Z #3 transferring context: 2B done
2026-10-08T12:39:35.7862453Z #3 DONE 0.0s
2026-10-08T12:39:35.7862519Z 
2026-10-08T12:39:35.7862628Z #4 [1/2] FROM docker.io/library/cocreate-check:latest
2026-10-08T12:39:35.7862791Z #4 DONE 0.0s
2026-10-08T12:39:35.7862853Z 
2026-10-08T12:39:35.7863089Z #5 [2/2] RUN apt-get update && apt-get install -y --no-install-recommends strace && rm -rf /var/lib/apt/lists/*
2026-10-08T12:39:35.7863461Z #5 0.110 Get:1 http://deb.debian.org/debian bookworm InRelease [151 kB]
2026-10-08T12:39:35.9084722Z #5 0.137 Get:2 http://deb.debian.org/debian bookworm-updates InRelease [55.4 kB]
2026-10-08T12:39:35.9085571Z #5 0.146 Get:3 http://deb.debian.org/debian-security bookworm-security InRelease [34.8 kB]
2026-10-08T12:39:35.9086201Z #5 0.168 Get:4 http://deb.debian.org/debian bookworm/main amd64 Packages [8790 kB]
2026-10-08T12:39:35.9087070Z #5 0.232 Get:5 http://deb.debian.org/debian bookworm-updates/main amd64 Packages [6924 B]
2026-10-08T12:39:36.0591284Z #5 0.232 Get:6 http://deb.debian.org/debian-security bookworm-security/main amd64 Packages [349 kB]
2026-10-08T12:39:36.4996619Z #5 0.823 Fetched 9388 kB in 1s (12.7 MB/s)
2026-10-08T12:39:36.7817591Z #5 0.823 Reading package lists...
2026-10-08T12:39:37.0732819Z #5 1.115 Reading package lists...
2026-10-08T12:39:37.2450656Z #5 1.404 Building dependency tree...
2026-10-08T12:39:37.2451104Z #5 1.493 Reading state information...
2026-10-08T12:39:37.2451462Z #5 1.568 The following additional packages will be installed:
2026-10-08T12:39:37.3452672Z #5 1.569   libunwind8
2026-10-08T12:39:37.3452961Z #5 1.592 The following NEW packages will be installed:
2026-10-08T12:39:37.3453173Z #5 1.592   libunwind8 strace
2026-10-08T12:39:37.3453403Z #5 1.638 0 upgraded, 2 newly installed, 0 to remove and 1 not upgraded.
2026-10-08T12:39:37.3453633Z #5 1.638 Need to get 1365 kB of archives.
2026-10-08T12:39:37.3453888Z #5 1.638 After this operation, 3108 kB of additional disk space will be used.
2026-10-08T12:39:37.3454464Z #5 1.638 Get:1 http://deb.debian.org/debian bookworm/main amd64 libunwind8 amd64 1.6.2-3 [51.2 kB]
2026-10-08T12:39:37.3454845Z #5 1.669 Get:2 http://deb.debian.org/debian bookworm/main amd64 strace amd64 6.1-0.1 [1314 kB]
2026-10-08T12:39:37.4620706Z #5 1.786 debconf: delaying package configuration, since apt-utils is not installed
2026-10-08T12:39:37.5744465Z #5 1.803 Fetched 1365 kB in 0s (11.1 MB/s)
2026-10-08T12:39:37.5745280Z #5 1.809 Selecting previously unselected package libunwind8:amd64.
2026-10-08T12:39:37.5745512Z #5 1.809 (Reading database ... 
2026-10-08T12:39:37.5745672Z (Reading database ... 5%
2026-10-08T12:39:37.5745815Z (Reading database ... 10%
2026-10-08T12:39:37.5746013Z (Reading database ... 15%
2026-10-08T12:39:37.5746156Z (Reading database ... 20%
2026-10-08T12:39:37.5746290Z (Reading database ... 25%
2026-10-08T12:39:37.5746422Z (Reading database ... 30%
2026-10-08T12:39:37.5746551Z (Reading database ... 35%
2026-10-08T12:39:37.5746705Z (Reading database ... 40%
2026-10-08T12:39:37.5746836Z (Reading database ... 45%
2026-10-08T12:39:37.5746970Z (Reading database ... 50%
2026-10-08T12:39:37.5747114Z (Reading database ... 55%
2026-10-08T12:39:37.5747244Z (Reading database ... 60%
2026-10-08T12:39:37.5747379Z (Reading database ... 65%
2026-10-08T12:39:37.5747511Z (Reading database ... 70%
2026-10-08T12:39:37.5747640Z (Reading database ... 75%
2026-10-08T12:39:37.5747777Z (Reading database ... 80%
2026-10-08T12:39:37.5747965Z (Reading database ... 85%
2026-10-08T12:39:37.5748129Z (Reading database ... 90%
2026-10-08T12:39:37.5748292Z (Reading database ... 95%
2026-10-08T12:39:37.5748431Z (Reading database ... 100%
2026-10-08T12:39:37.5748659Z (Reading database ... 16163 files and directories currently installed.)
2026-10-08T12:39:37.5749134Z #5 1.815 Preparing to unpack .../libunwind8_1.6.2-3_amd64.deb ...
2026-10-08T12:39:37.5749467Z #5 1.816 Unpacking libunwind8:amd64 (1.6.2-3) ...
2026-10-08T12:39:37.5749834Z #5 1.825 Selecting previously unselected package strace.
2026-10-08T12:39:37.5750215Z #5 1.826 Preparing to unpack .../strace_6.1-0.1_amd64.deb ...
2026-10-08T12:39:37.5750632Z #5 1.827 Unpacking strace (6.1-0.1) ...
2026-10-08T12:39:37.5750907Z #5 1.865 Setting up libunwind8:amd64 (1.6.2-3) ...
2026-10-08T12:39:37.5751184Z #5 1.866 Setting up strace (6.1-0.1) ...
2026-10-08T12:39:37.5751445Z #5 1.867 Processing triggers for libc-bin (2.36-9+deb12u14) ...
2026-10-08T12:39:37.5751643Z #5 DONE 1.9s
2026-10-08T12:39:37.7256134Z 
2026-10-08T12:39:37.7256659Z #6 exporting to image
2026-10-08T12:39:37.7256886Z #6 exporting layers
2026-10-08T12:39:38.6235443Z #6 exporting layers 1.0s done
2026-10-08T12:39:38.6361160Z #6 writing image sha256:9babfa07cafe851e2cb453e16e59bb7823b12e7cdbb835c1a4a5e101a94d04f0 done
2026-10-08T12:39:38.6361714Z #6 naming to docker.io/library/cocreate-file-diagnose done
2026-10-08T12:39:38.6361952Z #6 DONE 1.1s
2026-10-08T12:39:38.7118668Z write(0x6, 0x7ffd7d3161ff, 0x1)         = 0x1
2026-10-08T12:39:38.7119623Z strace: Process 21 attached
2026-10-08T12:39:38.7124441Z strace: Process 22 attached
2026-10-08T12:39:38.7125372Z strace: Process 23 attached
2026-10-08T12:39:38.7125881Z strace: Process 24 attached
2026-10-08T12:39:38.7127550Z strace: Process 25 attached
2026-10-08T12:39:38.7243711Z strace: Process 26 attached
2026-10-08T12:39:38.7341913Z [pid    20] write(0x13, 0x3ec8470, 0x8) = 0x8
2026-10-08T12:39:38.7846175Z strace: Process 27 attached
2026-10-08T12:39:38.7942672Z [pid    27] write(0x1b, 0x3ec8470, 0x8) = 0x8
2026-10-08T12:39:38.8051515Z [pid    27] write(0x13, 0x3ec8470, 0x8) = 0x8
2026-10-08T12:39:38.8053193Z [pid    27] write(0x1b, 0x3ec8470, 0x8) = 0x8
2026-10-08T12:39:38.8075481Z [pid    27] write(0x1b, 0x3ec8470, 0x8) = 0x8
2026-10-08T12:39:38.8075829Z [pid    27] write(0x1b, 0x3ec8470, 0x8) = 0x8
2026-10-08T12:39:38.8078062Z [pid    27] write(0x1b, 0x3ec8470, 0x8) = 0x8
2026-10-08T12:39:38.8094579Z [pid    27] write(0x13, 0x3ec8470, 0x8) = 0x8
2026-10-08T12:39:38.8168698Z [pid    27] write(0x6, 0x7f9d6861d300, 0x1) = 0x1
2026-10-08T12:39:38.8174158Z strace: Process 28 attached
2026-10-08T12:39:38.8176169Z [pid    28] write(0x6, 0x7f9d6861d27f, 0x1) = 0x1
2026-10-08T12:39:38.8218538Z [pid    27] write(0x1d, 0x7f9d300880f0, 0x345e) = 0x345e
2026-10-08T12:39:38.8228801Z strace: Process 29 attached
2026-10-08T12:39:38.8230128Z strace: Process 30 attached
2026-10-08T12:39:38.8232170Z strace: Process 31 attached
2026-10-08T12:39:38.8234013Z strace: Process 32 attached
2026-10-08T12:39:38.8243983Z [pid    28] write(0x1, 0x23b95ff41d48, 0xa) = 0xa
2026-10-08T12:39:38.8253368Z strace: Process 33 attached
2026-10-08T12:39:38.8272243Z strace: Process 34 attached
2026-10-08T12:39:38.8275968Z [pid    32] write(0x1, 0x23b960200000, 0x449d) = 0x449d
2026-10-08T12:39:38.8280927Z [pid    27] write(0x13, 0x3ec8470, 0x8) = 0x8
2026-10-08T12:39:38.8316588Z strace: Process 35 attached
2026-10-08T12:39:38.8318166Z strace: Process 36 attached
2026-10-08T12:39:38.8320051Z strace: Process 37 attached
2026-10-08T12:39:38.8321788Z strace: Process 38 attached
2026-10-08T12:39:38.8325509Z [pid    35] write(0x13, 0x3ec8470, 0x8) = 0x8
2026-10-08T12:39:38.8356805Z [pid    20] write(0x1b, 0x3ec8470, 0x8) = 0x8
2026-10-08T12:39:38.8359733Z [pid    27] write(0x1d, 0x7f9d30152f90, 0x3fce) = 0x3fce
2026-10-08T12:39:38.8403911Z [pid    32] write(0x1, 0x23b95ffd2000, 0x5978) = 0x5978
2026-10-08T12:39:38.8466889Z [pid    20] write(0x1b, 0x3ec8470, 0x8) = 0x8
2026-10-08T12:39:38.8470224Z [pid    27] write(0x1d, 0x7f9d30162820, 0x11c3) = 0x11c3
2026-10-08T12:39:38.8486890Z [pid    30] write(0x1, 0x23b960037500, 0x1477) = 0x1477
2026-10-08T12:39:38.8537357Z [pid    20] write(0x22, 0x7ffd7d315138, 0x9) = 0x9
2026-10-08T12:39:38.8539753Z [pid    20] write(0x22, 0x7ffd7d315138, 0x1) = 0x1
2026-10-08T12:39:38.8542255Z [pid    20] write(0x22, 0x7ffd7d315138, 0x1) = 0x1
2026-10-08T12:39:38.8544180Z [pid    20] write(0x22, 0x7ffd7d315138, 0x2) = 0x2
2026-10-08T12:39:38.8557075Z [pid    20] write(0x6, 0x7ffd7d314990, 0x1) = 0x1
2026-10-08T12:39:38.8562051Z strace: Process 39 attached
2026-10-08T12:39:38.8564121Z [pid    39] write(0x6, 0x7ffd7d31490f, 0x1) = 0x1
2026-10-08T12:39:38.8591629Z [pid    20] write(0x12, 0x7ffd7d312a00, 0x10) = 0x10
2026-10-08T12:39:38.8592469Z [pid    20] write(0x1a, 0x7ffd7d312a00, 0x10) = 0x10
2026-10-08T12:39:38.8593339Z [pid    20] write(0x6, 0x7ffd7d3129ff, 0x1) = 0x1
2026-10-08T12:39:38.8596704Z [pid    20] write(0x1b, 0x3ec8470, 0x8) = 0x8
2026-10-08T12:39:38.8599280Z [pid    20] write(0x1b, 0x3ec8470, 0x8) = 0x8
2026-10-08T12:39:38.8613442Z [pid    38] write(0x1e, 0x3d7742c0, 0x45c5) = 0x45c5
2026-10-08T12:39:38.8613776Z [pid    38] write(0x13, 0x3ec8470, 0x8) = 0x8
2026-10-08T12:39:38.8614544Z [pid    36] write(0x20, 0x3d7ffbb0, 0x5b17) = 0x5b17
2026-10-08T12:39:38.8615075Z [pid    35] write(0x21, 0x3d778890, 0x14a6) = 0x14a6
2026-10-08T12:39:38.8616176Z [pid    20] write(0x13, 0x3ec8470, 0x8) = 0x8
2026-10-08T12:39:38.8620791Z [pid    20] write(0xe, 0x3ec8470, 0x8)  = 0x8
2026-10-08T12:39:38.8621161Z [pid    20] write(0xe, 0x3ec8470, 0x8)  = 0x8
2026-10-08T12:39:38.8621467Z [pid    20] write(0xe, 0x3ec8470, 0x8)  = 0x8
2026-10-08T12:39:38.8637735Z [pid    38] write(0x13, 0x3ec8470, 0x8) = 0x8
2026-10-08T12:39:38.8651903Z [pid    36] write(0x13, 0x3ec8470, 0x8) = 0x8
2026-10-08T12:39:38.8655863Z [pid    38] write(0x13, 0x3ec8470, 0x8) = 0x8
2026-10-08T12:39:39.8262083Z [pid    31] write(0x1, 0x23b95fdf0100, 0x21) = 0x21
2026-10-08T12:39:39.8264837Z [pid    27] write(0x1d, 0x7f9d30165740, 0xd) = 0xd
2026-10-08T12:39:40.3625041Z [pid    20] write(0x13, 0x3ec8470, 0x8) = 0x8
2026-10-08T12:39:40.8271465Z [pid    30] write(0x1, 0x23b96025d140, 0x21) = 0x21
2026-10-08T12:39:40.8273870Z [pid    27] write(0x1d, 0x7f9d301683f0, 0xd) = 0xd
2026-10-08T12:39:41.4875386Z [pid    20] write(0x15, 0x7ffd7d315068, 0x1) = 0x1
2026-10-08T12:39:41.4875877Z [pid    20] write(0x15, 0x7ffd7d315118, 0x1) = 0x1
2026-10-08T12:39:41.4876536Z [pid    21] write(0x12, 0x7f9d6c6db340, 0x10) = 0x10
2026-10-08T12:39:41.4877366Z [pid    21] write(0x1a, 0x7f9d6c6db340, 0x10) = 0x10
2026-10-08T12:39:41.4877697Z [pid    21] write(0x6, 0x7f9d6c6db33f, 0x1) = 0x1
2026-10-08T12:39:41.4891946Z [pid    20] write(0x6, 0x7ffd7d311b20, 0x1) = 0x1
2026-10-08T12:39:41.4895812Z [pid    20] write(0x15, 0x7ffd7d310b18, 0x1) = 0x1
2026-10-08T12:39:41.4935006Z [pid    20] write(0x2, 0x3d7333c0, 0x2bd/app/server/isolation/linux-cgroup.ts:9
2026-10-08T12:39:41.4935934Z const unavailable = () => new IsolationError('isolation_unavailable', 'Delegated physical-memory isolation is unavailable; no host fallback is permitted.');
2026-10-08T12:39:41.4936811Z                           ^
2026-10-08T12:39:41.4936948Z 
2026-10-08T12:39:41.4937290Z IsolationError: Delegated physical-memory isolation is unavailable; no host fallback is permitted.
2026-10-08T12:39:41.4937952Z     at unavailable (/app/server/isolation/linux-cgroup.ts:9:27)
2026-10-08T12:39:41.4938420Z     at LinuxJobGroup.attach (/app/server/isolation/linux-cgroup.ts:49:11)
2026-10-08T12:39:41.4938935Z     at async withIsolatedBrowser (/app/server/isolation/browser.ts:127:12)
2026-10-08T12:39:41.4939508Z     at async assertVerificationBrowserAvailable (/app/server/isolation/browser.ts:170:3)
2026-10-08T12:39:41.4939972Z     at async file:///app/[eval1]:1:83 {
2026-10-08T12:39:41.4940254Z   code: 'isolation_unavailable'
2026-10-08T12:39:41.4940603Z }
2026-10-08T12:39:41.4940776Z ) = 0x2bd
2026-10-08T12:39:41.4941003Z [pid    20] write(0x2, 0x3d78c620, 0x12
2026-10-08T12:39:41.4941244Z Node.js v22.23.3
2026-10-08T12:39:41.4941423Z ) = 0x12
2026-10-08T12:39:41.4941643Z [pid    20] write(0x1b, 0x3ec8470, 0x8) = 0x8
2026-10-08T12:39:41.4941930Z [pid    33] +++ exited with 0 +++
2026-10-08T12:39:41.4942193Z [pid    30] +++ exited with 0 +++
2026-10-08T12:39:41.4942455Z [pid    31] +++ exited with 0 +++
2026-10-08T12:39:41.4942712Z [pid    34] +++ exited with 0 +++
2026-10-08T12:39:41.4942948Z [pid    29] +++ exited with 0 +++
2026-10-08T12:39:41.4944596Z [pid    27] write(0x6, 0x7f9d686234c0, 0x1) = 0x1
2026-10-08T12:39:41.4944928Z [pid    27] write(0x13, 0x3ec8470, 0x8) = 0x8
2026-10-08T12:39:41.4945278Z [pid    27] write(0x13, 0x3ec8470, 0x8) = 0x8
2026-10-08T12:39:41.4945624Z [pid    27] write(0x13, 0x3ec8470, 0x8) = 0x8
2026-10-08T12:39:41.4945955Z [pid    27] write(0x13, 0x3ec8470, 0x8) = 0x8
2026-10-08T12:39:41.4946276Z [pid    27] write(0x13, 0x3ec8470, 0x8) = 0x8
2026-10-08T12:39:41.4946573Z [pid    32] +++ exited with 0 +++
2026-10-08T12:39:41.4946855Z [pid    28] +++ exited with 0 +++
2026-10-08T12:39:41.4964451Z [pid    27] +++ exited with 0 +++
2026-10-08T12:39:41.4967349Z [pid    37] +++ exited with 0 +++
2026-10-08T12:39:41.4968068Z [pid    35] +++ exited with 0 +++
2026-10-08T12:39:41.4968823Z [pid    38] +++ exited with 0 +++
2026-10-08T12:39:41.4969144Z [pid    36] +++ exited with 0 +++
2026-10-08T12:39:41.4969461Z [pid    20] write(0xe, 0x3ec8470, 0x8)  = 0x8
2026-10-08T12:39:41.4971481Z [pid    24] +++ exited with 0 +++
2026-10-08T12:39:41.4971745Z [pid    25] +++ exited with 0 +++
2026-10-08T12:39:41.4971996Z [pid    22] +++ exited with 0 +++
2026-10-08T12:39:41.4972245Z [pid    23] +++ exited with 0 +++
2026-10-08T12:39:41.4974518Z [pid    21] +++ exited with 0 +++
2026-10-08T12:39:41.4988216Z [pid    26] +++ exited with 1 +++
2026-10-08T12:39:41.5006044Z +++ exited with 1 +++
2026-10-08T12:39:41.5266994Z ##[error]Process completed with exit code 1.
2026-10-08T12:39:41.5296350Z ##[group]Run sh scripts/run-linux-check.sh node --import tsx --test --test-concurrency=1 tests/generated-isolation.test.ts
2026-10-08T12:39:41.5296823Z [36;1msh scripts/run-linux-check.sh node --import tsx --test --test-concurrency=1 tests/generated-isolation.test.ts[0m
2026-10-08T12:39:41.5326628Z shell: /usr/bin/bash -e {0}
2026-10-08T12:39:41.5326766Z env:
2026-10-08T12:39:41.5326910Z   PNPM_HOME: /home/runner/setup-pnpm/node_modules/.bin
2026-10-08T12:39:41.5327131Z   COCREATE_CI_CGROUP_ROOT: /sys/fs/cgroup/cocreate-ci-37778293881-1
2026-10-08T12:39:41.5327323Z ##[endgroup]
2026-10-08T12:39:41.6210671Z TAP version 13
2026-10-08T12:39:44.3714564Z # Subtest: ordinary compilation runs in the real OS boundary and never evaluates candidate top-level code
2026-10-08T12:39:44.3718951Z ok 1 - ordinary compilation runs in the real OS boundary and never evaluates candidate top-level code
2026-10-08T12:39:44.3719874Z   ---
2026-10-08T12:39:44.3720117Z   duration_ms: 2642.178704
2026-10-08T12:39:44.3720584Z   type: 'test'
2026-10-08T12:39:44.3720799Z   ...
2026-10-08T12:39:44.3997013Z # Subtest: OS boundary without Node permissions denies an existing private host file, writes and live loopback network
2026-10-08T12:39:44.3997950Z ok 2 - OS boundary without Node permissions denies an existing private host file, writes and live loopback network
2026-10-08T12:39:44.3998294Z   ---
2026-10-08T12:39:44.3998448Z   duration_ms: 31.113002
2026-10-08T12:39:44.3998616Z   type: 'test'
2026-10-08T12:39:44.3998762Z   ...
2026-10-08T12:39:44.4324554Z # Subtest: restricted process strips injection/secrets and denies subprocesses, workers and cross-workspace reads
2026-10-08T12:39:44.4325677Z ok 3 - restricted process strips injection/secrets and denies subprocesses, workers and cross-workspace reads
2026-10-08T12:39:44.4326284Z   ---
2026-10-08T12:39:44.4326626Z   duration_ms: 30.091544
2026-10-08T12:39:44.4327013Z   type: 'test'
2026-10-08T12:39:44.4327230Z   ...
2026-10-08T12:39:47.7271655Z # Subtest: candidate imports cannot read absolute files, traverse workspaces or download packages/styles
2026-10-08T12:39:47.7272192Z ok 4 - candidate imports cannot read absolute files, traverse workspaces or download packages/styles
2026-10-08T12:39:47.7272446Z   ---
2026-10-08T12:39:47.7272571Z   duration_ms: 3297.5874
2026-10-08T12:39:47.7272702Z   type: 'test'
2026-10-08T12:39:47.7272822Z   ...
2026-10-08T12:39:48.7318232Z # Subtest: wall timeout terminates a running child and cleans its private input
2026-10-08T12:39:48.7318857Z ok 5 - wall timeout terminates a running child and cleans its private input
2026-10-08T12:39:48.7319205Z   ---
2026-10-08T12:39:48.7319399Z   duration_ms: 1005.182243
2026-10-08T12:39:48.7319608Z   type: 'test'
2026-10-08T12:39:48.7319781Z   ...
2026-10-08T12:39:48.7353633Z # Subtest: cancellation waits for real child termination and cleanup; pre-abort starts nothing
2026-10-08T12:39:48.7354348Z ok 6 - cancellation waits for real child termination and cleanup; pre-abort starts nothing
2026-10-08T12:39:48.7354709Z   ---
2026-10-08T12:39:48.7354831Z   duration_ms: 4.161178
2026-10-08T12:39:48.7354978Z   type: 'test'
2026-10-08T12:39:48.9895331Z   ...
2026-10-08T12:39:48.9895851Z # Subtest: memory exhaustion cannot escape the OS bound and leaves no child work
2026-10-08T12:39:48.9897006Z ok 7 - memory exhaustion cannot escape the OS bound and leaves no child work
2026-10-08T12:39:48.9897454Z   ---
2026-10-08T12:39:48.9897896Z   duration_ms: 252.66683
2026-10-08T12:39:48.9898068Z   type: 'test'
2026-10-08T12:39:48.9898186Z   ...
2026-10-08T12:39:48.9898461Z # Subtest: unavailable isolation fails explicitly and cannot fall back to host compilation
2026-10-08T12:39:48.9898842Z ok 8 - unavailable isolation fails explicitly and cannot fall back to host compilation
2026-10-08T12:39:48.9899070Z   ---
2026-10-08T12:39:48.9899192Z   duration_ms: 0.478341
2026-10-08T12:39:48.9899321Z   type: 'test'
2026-10-08T12:39:48.9899433Z   ...
2026-10-08T12:39:58.9972516Z # Subtest: CPU bound stops a busy child before the longer wall deadline
2026-10-08T12:39:58.9973362Z ok 9 - CPU bound stops a busy child before the longer wall deadline
2026-10-08T12:39:58.9973852Z   ---
2026-10-08T12:39:58.9974262Z   duration_ms: 10007.723007
2026-10-08T12:39:58.9974436Z   type: 'test'
2026-10-08T12:39:58.9974555Z   ...
2026-10-08T12:39:59.0735701Z # Subtest: untrusted output is bounded before it reaches application memory or artifacts
2026-10-08T12:39:59.0736167Z ok 10 - untrusted output is bounded before it reaches application memory or artifacts
2026-10-08T12:39:59.0736404Z   ---
2026-10-08T12:39:59.0736531Z   duration_ms: 77.747151
2026-10-08T12:39:59.0736668Z   type: 'test'
2026-10-08T12:39:59.0736785Z   ...
2026-10-08T12:39:59.0844305Z 1..10
2026-10-08T12:39:59.0846361Z # tests 10
2026-10-08T12:39:59.0846630Z # suites 0
2026-10-08T12:39:59.0846797Z # pass 10
2026-10-08T12:39:59.0846964Z # fail 0
2026-10-08T12:39:59.0847130Z # cancelled 0
2026-10-08T12:39:59.0847311Z # skipped 0
2026-10-08T12:39:59.0847470Z # todo 0
2026-10-08T12:39:59.0847701Z # duration_ms 17469.563325
2026-10-08T12:39:59.1143959Z ##[group]Run case "$COCREATE_CI_CGROUP_ROOT" in /sys/fs/cgroup/cocreate-ci-*) ;; *) exit 126 ;; esac
2026-10-08T12:39:59.1144415Z [36;1mcase "$COCREATE_CI_CGROUP_ROOT" in /sys/fs/cgroup/cocreate-ci-*) ;; *) exit 126 ;; esac[0m
2026-10-08T12:39:59.1144713Z [36;1msudo find "$COCREATE_CI_CGROUP_ROOT" -depth -type d -exec rmdir {} \;[0m
2026-10-08T12:39:59.1174308Z shell: /usr/bin/bash -e {0}
2026-10-08T12:39:59.1174449Z env:
2026-10-08T12:39:59.1174591Z   PNPM_HOME: /home/runner/setup-pnpm/node_modules/.bin
2026-10-08T12:39:59.1174813Z   COCREATE_CI_CGROUP_ROOT: /sys/fs/cgroup/cocreate-ci-37778293881-1
2026-10-08T12:39:59.1175003Z ##[endgroup]
2026-10-08T12:39:59.1327907Z Post job cleanup.
2026-10-08T12:39:59.2210860Z Pruning is unnecessary.
2026-10-08T12:39:59.2308362Z Post job cleanup.
2026-10-08T12:39:59.2808915Z [command]/usr/bin/git version
2026-10-08T12:39:59.2834379Z git version 2.55.0
2026-10-08T12:39:59.2856196Z Temporarily overriding HOME='/home/runner/work/_temp/f2a287ff-af31-40e7-a2cd-e36a62346a4d' before making global git config changes
2026-10-08T12:39:59.2857035Z Adding repository directory to the temporary git global config as a safe directory
2026-10-08T12:39:59.2865763Z [command]/usr/bin/git config --global --add safe.directory /home/runner/work/Cocreate/Cocreate
2026-10-08T12:39:59.2882830Z [command]/usr/bin/git config --local --name-only --get-regexp core\.sshCommand
2026-10-08T12:39:59.2901428Z [command]/usr/bin/git submodule foreach --recursive sh -c "git config --local --name-only --get-regexp 'core\.sshCommand' && git config --local --unset-all 'core.sshCommand' || :"
2026-10-08T12:39:59.3022843Z [command]/usr/bin/git config --local --name-only --get-regexp http\.https\:\/\/github\.com\/\.extraheader
2026-10-08T12:39:59.3044434Z http.https://github.com/.extraheader
2026-10-08T12:39:59.3045346Z [command]/usr/bin/git config --local --unset-all http.https://github.com/.extraheader
2026-10-08T12:39:59.3069986Z [command]/usr/bin/git submodule foreach --recursive sh -c "git config --local --name-only --get-regexp 'http\.https\:\/\/github\.com\/\.extraheader' && git config --local --unset-all 'http.https://github.com/.extraheader' || :"
2026-10-08T12:39:59.3217276Z [command]/usr/bin/git config --local --name-only --get-regexp ^includeIf\.gitdir:
2026-10-08T12:39:59.3263430Z [command]/usr/bin/git submodule foreach --recursive git config --local --show-origin --name-only --get-regexp remote.origin.url
2026-10-08T12:39:59.3537609Z Cleaning up orphan processes
2026-10-08T12:39:59.3734646Z ##[warning]Node.js 20 is deprecated. The following actions target Node.js 20 but are being forced to run on Node.js 24: actions/checkout@11d5960a326750d5838078e36cf38b85af677262, actions/setup-node@49933ea5288caeca8642d1e84afbd3f7d6820020, pnpm/action-setup@f40ffcd9367d9f12939873eb1018b921a783ffaa. For more information see: https://github.blog/changelog/2025-09-19-deprecation-of-node-20-on-github-actions-runners/
