2026-10-08T12:43:17.7333329Z Current runner version: '2.337.0'
2026-10-08T12:43:17.7357532Z ##[group]Runner Image Provisioner
2026-10-08T12:43:17.7358690Z Hosted Compute Agent
2026-10-08T12:43:17.7359461Z Version: 20261002.596
2026-10-08T12:43:17.7360186Z Commit: c3d12f3313a95f25162a1503be624f3b0617f8c0
2026-10-08T12:43:17.7361010Z Build Date: 2026-10-02T22:28:27Z
2026-10-08T12:43:17.7361781Z Worker ID: {0df73007-8acd-4566-9de6-cbf33d4a0092}
2026-10-08T12:43:17.7362528Z Region: westcentralus
2026-10-08T12:43:17.7363240Z Cloud: Azure
2026-10-08T12:43:17.7363822Z ##[endgroup]
2026-10-08T12:43:17.7365611Z ##[group]Operating System
2026-10-08T12:43:17.7366444Z Ubuntu
2026-10-08T12:43:17.7367005Z 22.04.5
2026-10-08T12:43:17.7367620Z LTS
2026-10-08T12:43:17.7368227Z ##[endgroup]
2026-10-08T12:43:17.7369016Z ##[group]Runner Image
2026-10-08T12:43:17.7370149Z Image: ubuntu-22.04
2026-10-08T12:43:17.7370773Z Version: 20261004.315.1
2026-10-08T12:43:17.7372174Z Included Software: https://github.com/actions/runner-images/blob/ubuntu22/20261004.315/images/ubuntu/Ubuntu2204-Readme.md
2026-10-08T12:43:17.7373856Z Image Release: https://github.com/actions/runner-images/releases/tag/ubuntu22%2F20261004.315
2026-10-08T12:43:17.7375050Z ##[endgroup]
2026-10-08T12:43:17.7376195Z ##[group]GITHUB_TOKEN Permissions
2026-10-08T12:43:17.7378593Z Contents: read
2026-10-08T12:43:17.7379257Z Metadata: read
2026-10-08T12:43:17.7379955Z ##[endgroup]
2026-10-08T12:43:17.7382049Z Secret source: Actions
2026-10-08T12:43:17.7383183Z Cache mode: write
2026-10-08T12:43:17.7383927Z Prepare workflow directory
2026-10-08T12:43:17.7776971Z Prepare all required actions
2026-10-08T12:43:17.7824161Z Getting action download info
2026-10-08T12:43:18.0764463Z Download action repository 'actions/checkout@11d5960a326750d5838078e36cf38b85af677262' (SHA:11d5960a326750d5838078e36cf38b85af677262)
2026-10-08T12:43:19.1581702Z Download action repository 'pnpm/action-setup@f40ffcd9367d9f12939873eb1018b921a783ffaa' (SHA:f40ffcd9367d9f12939873eb1018b921a783ffaa)
2026-10-08T12:43:19.7560451Z Download action repository 'actions/setup-node@49933ea5288caeca8642d1e84afbd3f7d6820020' (SHA:49933ea5288caeca8642d1e84afbd3f7d6820020)
2026-10-08T12:43:20.8931621Z Complete job name: verify
2026-10-08T12:43:20.9733580Z ##[group]Run actions/checkout@11d5960a326750d5838078e36cf38b85af677262
2026-10-08T12:43:20.9734343Z with:
2026-10-08T12:43:20.9734602Z   repository: DD7780/Cocreate
2026-10-08T12:43:20.9737430Z   token: ***
2026-10-08T12:43:20.9737692Z   ssh-strict: true
2026-10-08T12:43:20.9737948Z   ssh-user: git
2026-10-08T12:43:20.9738217Z   persist-credentials: true
2026-10-08T12:43:20.9738875Z   clean: true
2026-10-08T12:43:20.9739164Z   sparse-checkout-cone-mode: true
2026-10-08T12:43:20.9739473Z   fetch-depth: 1
2026-10-08T12:43:20.9739731Z   fetch-tags: false
2026-10-08T12:43:20.9740027Z   show-progress: true
2026-10-08T12:43:20.9740294Z   lfs: false
2026-10-08T12:43:20.9740533Z   submodules: false
2026-10-08T12:43:20.9740799Z   set-safe-directory: true
2026-10-08T12:43:20.9741101Z   allow-unsafe-pr-checkout: false
2026-10-08T12:43:20.9741718Z ##[endgroup]
2026-10-08T12:43:21.0798671Z Syncing repository: DD7780/Cocreate
2026-10-08T12:43:21.0800641Z ##[group]Getting Git version info
2026-10-08T12:43:21.0801412Z Working directory is '/home/runner/work/Cocreate/Cocreate'
2026-10-08T12:43:21.0802428Z [command]/usr/bin/git version
2026-10-08T12:43:21.4092738Z git version 2.55.0
2026-10-08T12:43:21.4116822Z ##[endgroup]
2026-10-08T12:43:21.4132890Z Temporarily overriding HOME='/home/runner/work/_temp/49a73b0a-f9b8-414b-b1c5-830225c6907d' before making global git config changes
2026-10-08T12:43:21.4134051Z Adding repository directory to the temporary git global config as a safe directory
2026-10-08T12:43:21.4138294Z [command]/usr/bin/git config --global --add safe.directory /home/runner/work/Cocreate/Cocreate
2026-10-08T12:43:21.4183554Z Deleting the contents of '/home/runner/work/Cocreate/Cocreate'
2026-10-08T12:43:21.4188741Z ##[group]Initializing the repository
2026-10-08T12:43:21.4196682Z [command]/usr/bin/git init /home/runner/work/Cocreate/Cocreate
2026-10-08T12:43:21.5182612Z hint: Using 'master' as the name for the initial branch. This default branch name
2026-10-08T12:43:21.5184026Z hint: will change to "main" in Git 3.0. To configure the initial branch name
2026-10-08T12:43:21.5185780Z hint: to use in all of your new repositories, which will suppress this warning,
2026-10-08T12:43:21.5186433Z hint: call:
2026-10-08T12:43:21.5186808Z hint:
2026-10-08T12:43:21.5187359Z hint: 	git config --global init.defaultBranch <name>
2026-10-08T12:43:21.5187839Z hint:
2026-10-08T12:43:21.5188204Z hint: Names commonly chosen instead of 'master' are 'main', 'trunk' and
2026-10-08T12:43:21.5189394Z hint: 'development'. The just-created branch can be renamed via this command:
2026-10-08T12:43:21.5190133Z hint:
2026-10-08T12:43:21.5190388Z hint: 	git branch -m <name>
2026-10-08T12:43:21.5190848Z hint:
2026-10-08T12:43:21.5191491Z hint: Disable this message with "git config set advice.defaultBranchName false"
2026-10-08T12:43:21.5192378Z Initialized empty Git repository in /home/runner/work/Cocreate/Cocreate/.git/
2026-10-08T12:43:21.5195870Z [command]/usr/bin/git remote add origin https://github.com/DD7780/Cocreate
2026-10-08T12:43:21.5397864Z ##[endgroup]
2026-10-08T12:43:21.5398964Z ##[group]Disabling automatic garbage collection
2026-10-08T12:43:21.5407641Z [command]/usr/bin/git config --local gc.auto 0
2026-10-08T12:43:21.5487476Z ##[endgroup]
2026-10-08T12:43:21.5488012Z ##[group]Setting up auth
2026-10-08T12:43:21.5496051Z [command]/usr/bin/git config --local --name-only --get-regexp core\.sshCommand
2026-10-08T12:43:21.5533419Z [command]/usr/bin/git submodule foreach --recursive sh -c "git config --local --name-only --get-regexp 'core\.sshCommand' && git config --local --unset-all 'core.sshCommand' || :"
2026-10-08T12:43:22.1249228Z [command]/usr/bin/git config --local --name-only --get-regexp http\.https\:\/\/github\.com\/\.extraheader
2026-10-08T12:43:22.1291257Z [command]/usr/bin/git submodule foreach --recursive sh -c "git config --local --name-only --get-regexp 'http\.https\:\/\/github\.com\/\.extraheader' && git config --local --unset-all 'http.https://github.com/.extraheader' || :"
2026-10-08T12:43:22.1552280Z [command]/usr/bin/git config --local --name-only --get-regexp ^includeIf\.gitdir:
2026-10-08T12:43:22.1593327Z [command]/usr/bin/git submodule foreach --recursive git config --local --show-origin --name-only --get-regexp remote.origin.url
2026-10-08T12:43:22.1852747Z [command]/usr/bin/git config --local http.https://github.com/.extraheader AUTHORIZATION: basic ***
2026-10-08T12:43:22.1897056Z ##[endgroup]
2026-10-08T12:43:22.1897809Z ##[group]Fetching the repository
2026-10-08T12:43:22.1907761Z [command]/usr/bin/git -c protocol.version=2 fetch --no-tags --prune --no-recurse-submodules --depth=1 origin +a6c0e0debe5a286b065aefa96bb909d11df09ddd:refs/remotes/origin/codex/prelaunch-beta
2026-10-08T12:43:23.6179376Z From https://github.com/DD7780/Cocreate
2026-10-08T12:43:23.6180237Z  * [new ref]         a6c0e0debe5a286b065aefa96bb909d11df09ddd -> origin/codex/prelaunch-beta
2026-10-08T12:43:23.6190980Z ##[endgroup]
2026-10-08T12:43:23.6191649Z ##[group]Determining the checkout info
2026-10-08T12:43:23.6192433Z ##[endgroup]
2026-10-08T12:43:23.6193419Z [command]/usr/bin/git sparse-checkout disable
2026-10-08T12:43:23.6360018Z [command]/usr/bin/git config --local --unset-all extensions.worktreeConfig
2026-10-08T12:43:23.6396688Z ##[group]Checking out the ref
2026-10-08T12:43:23.6408593Z [command]/usr/bin/git checkout --progress --force -B codex/prelaunch-beta refs/remotes/origin/codex/prelaunch-beta
2026-10-08T12:43:23.7761456Z Switched to a new branch 'codex/prelaunch-beta'
2026-10-08T12:43:23.7764532Z branch 'codex/prelaunch-beta' set up to track 'origin/codex/prelaunch-beta'.
2026-10-08T12:43:23.7776404Z ##[endgroup]
2026-10-08T12:43:23.7826091Z [command]/usr/bin/git log -1 --format=%H
2026-10-08T12:43:23.7857092Z a6c0e0debe5a286b065aefa96bb909d11df09ddd
2026-10-08T12:43:23.8184054Z ##[group]Run pnpm/action-setup@f40ffcd9367d9f12939873eb1018b921a783ffaa
2026-10-08T12:43:23.8184696Z with:
2026-10-08T12:43:23.8184906Z   version: 10.18.3
2026-10-08T12:43:23.8185119Z   dest: ~/setup-pnpm
2026-10-08T12:43:23.8185333Z   run_install: null
2026-10-08T12:43:23.8185541Z   cache: false
2026-10-08T12:43:23.8185770Z   cache_dependency_path: pnpm-lock.yaml
2026-10-08T12:43:23.8186060Z   package_json_file: package.json
2026-10-08T12:43:23.8186359Z   standalone: false
2026-10-08T12:43:23.8186568Z ##[endgroup]
2026-10-08T12:43:23.9672021Z ##[group]Running self-installer...
2026-10-08T12:43:24.4552706Z (node:2063) [DEP0169] DeprecationWarning: `url.parse()` behavior is not standardized and prone to errors that have security implications. Use the WHATWG URL API instead. CVEs are not issued for `url.parse()` vulnerabilities.
2026-10-08T12:43:24.4554130Z (Use `node --trace-deprecation ...` to show where the warning was created)
2026-10-08T12:43:24.6818440Z Progress: resolved 1, reused 0, downloaded 0, added 0
2026-10-08T12:43:24.6916236Z Packages: +1
2026-10-08T12:43:24.6916780Z +
2026-10-08T12:43:25.1679318Z Progress: resolved 1, reused 0, downloaded 1, added 1, done
2026-10-08T12:43:25.1982064Z 
2026-10-08T12:43:25.1982486Z dependencies:
2026-10-08T12:43:25.1982898Z + pnpm 10.18.3 (12.10.1 is available)
2026-10-08T12:43:25.1983222Z 
2026-10-08T12:43:25.2022150Z Done in 1s
2026-10-08T12:43:25.2244634Z ##[endgroup]
2026-10-08T12:43:25.2244992Z Installation Completed!
2026-10-08T12:43:25.3107695Z ##[group]Run actions/setup-node@49933ea5288caeca8642d1e84afbd3f7d6820020
2026-10-08T12:43:25.3108159Z with:
2026-10-08T12:43:25.3108359Z   node-version: 22
2026-10-08T12:43:25.3108876Z   cache: pnpm
2026-10-08T12:43:25.3109083Z   always-auth: false
2026-10-08T12:43:25.3109309Z   check-latest: false
2026-10-08T12:43:25.3114500Z   token: ***
2026-10-08T12:43:25.3114730Z env:
2026-10-08T12:43:25.3114995Z   PNPM_HOME: /home/runner/setup-pnpm/node_modules/.bin
2026-10-08T12:43:25.3115319Z ##[endgroup]
2026-10-08T12:43:25.7303218Z Found in cache @ /opt/hostedtoolcache/node/22.23.3/x64
2026-10-08T12:43:25.7308690Z (node:2077) [DEP0040] DeprecationWarning: The `punycode` module is deprecated. Please use a userland alternative instead.
2026-10-08T12:43:25.7309930Z (Use `node --trace-deprecation ...` to show where the warning was created)
2026-10-08T12:43:25.7312655Z ##[group]Environment details
2026-10-08T12:43:32.9651253Z node: v22.23.3
2026-10-08T12:43:32.9651660Z npm: 10.9.9
2026-10-08T12:43:32.9652072Z yarn: 1.22.22
2026-10-08T12:43:32.9653095Z ##[endgroup]
2026-10-08T12:43:32.9693058Z [command]/home/runner/setup-pnpm/node_modules/.bin/pnpm store path --silent
2026-10-08T12:43:33.7995762Z /home/runner/setup-pnpm/node_modules/.bin/store/v10
2026-10-08T12:43:34.0805868Z pnpm cache is not found
2026-10-08T12:43:34.0959602Z ##[group]Run pnpm install --frozen-lockfile
2026-10-08T12:43:34.0960045Z [36;1mpnpm install --frozen-lockfile[0m
2026-10-08T12:43:34.6748793Z shell: /usr/bin/bash -e {0}
2026-10-08T12:43:34.6749067Z env:
2026-10-08T12:43:34.6749358Z   PNPM_HOME: /home/runner/setup-pnpm/node_modules/.bin
2026-10-08T12:43:34.6749702Z ##[endgroup]
2026-10-08T12:43:35.0488125Z Lockfile is up to date, resolution step is skipped
2026-10-08T12:43:35.0999527Z Progress: resolved 1, reused 0, downloaded 0, added 0
2026-10-08T12:43:35.1709457Z Packages: +408
2026-10-08T12:43:35.1716590Z ++++++++++++++++++++++++++++++++++++++++++++++++++++++++++++++++++++++++++++++++
2026-10-08T12:43:36.1007772Z Progress: resolved 408, reused 0, downloaded 125, added 117
2026-10-08T12:43:37.1005616Z Progress: resolved 408, reused 0, downloaded 256, added 246
2026-10-08T12:43:38.1039922Z Progress: resolved 408, reused 0, downloaded 325, added 277
2026-10-08T12:43:39.1057783Z Progress: resolved 408, reused 0, downloaded 405, added 401
2026-10-08T12:43:39.5627307Z Progress: resolved 408, reused 0, downloaded 408, added 408, done
2026-10-08T12:43:39.7012742Z .../node_modules/@prisma/engines postinstall$ node scripts/postinstall.js
2026-10-08T12:43:39.7286305Z .../node_modules/workerd postinstall$ node install.js
2026-10-08T12:43:39.7298118Z .../esbuild@0.28.1/node_modules/esbuild postinstall$ node install.js
2026-10-08T12:43:39.7305254Z .../esbuild@0.25.12/node_modules/esbuild postinstall$ node install.js
2026-10-08T12:43:39.7495740Z .../esbuild@0.28.2/node_modules/esbuild postinstall$ node install.js
2026-10-08T12:43:39.9073564Z .../esbuild@0.28.1/node_modules/esbuild postinstall: Done
2026-10-08T12:43:39.9104389Z .../node_modules/workerd postinstall: Done
2026-10-08T12:43:39.9679647Z .../esbuild@0.25.12/node_modules/esbuild postinstall: Done
2026-10-08T12:43:39.9755429Z .../esbuild@0.28.2/node_modules/esbuild postinstall: Done
2026-10-08T12:43:40.4958235Z .../node_modules/@prisma/engines postinstall: Done
2026-10-08T12:43:40.5747637Z .../node_modules/prisma preinstall$ node scripts/preinstall-entry.js
2026-10-08T12:43:40.7165850Z .../node_modules/prisma preinstall: Done
2026-10-08T12:43:41.0225733Z 
2026-10-08T12:43:41.0226273Z dependencies:
2026-10-08T12:43:41.0226900Z + @cloudflare/containers 0.3.7
2026-10-08T12:43:41.0227428Z + @supabase/server 1.8.0
2026-10-08T12:43:41.0227931Z + @supabase/supabase-js 2.117.0
2026-10-08T12:43:41.0228756Z + @tiptap/extension-collaboration 3.31.3
2026-10-08T12:43:41.0229555Z + @tiptap/extension-collaboration-caret 3.31.3
2026-10-08T12:43:41.0230139Z + @tiptap/react 3.31.3
2026-10-08T12:43:41.0230600Z + @tiptap/starter-kit 3.31.3
2026-10-08T12:43:41.0231115Z + @vitejs/plugin-react 5.2.0
2026-10-08T12:43:41.0231588Z + cross-env 10.1.0
2026-10-08T12:43:41.0231961Z + dotenv 17.4.2
2026-10-08T12:43:41.0232345Z + esbuild 0.25.12
2026-10-08T12:43:41.0232824Z + esbuild-wasm 0.25.12
2026-10-08T12:43:41.0233223Z + express 5.2.1
2026-10-08T12:43:41.0233629Z + lucide-react 0.468.0
2026-10-08T12:43:41.0234069Z + react 19.2.8
2026-10-08T12:43:41.0234469Z + react-dom 19.2.8
2026-10-08T12:43:41.0234849Z + vite 7.3.6
2026-10-08T12:43:41.0235198Z + ws 8.21.3
2026-10-08T12:43:41.0235576Z + y-protocols 1.0.7
2026-10-08T12:43:41.0235951Z + yjs 13.6.32
2026-10-08T12:43:41.0236158Z 
2026-10-08T12:43:41.0236337Z devDependencies:
2026-10-08T12:43:41.0236754Z + @prisma/adapter-pg 7.10.0
2026-10-08T12:43:41.0237219Z + @prisma/client 7.10.0
2026-10-08T12:43:41.0237662Z + @types/express 5.0.6
2026-10-08T12:43:41.0238084Z + @types/node 22.20.1
2026-10-08T12:43:41.0238783Z + @types/pg 8.23.1
2026-10-08T12:43:41.0239192Z + @types/react 19.2.18
2026-10-08T12:43:41.0239624Z + @types/react-dom 19.2.7
2026-10-08T12:43:41.0240066Z + @types/ws 8.18.1
2026-10-08T12:43:41.0240420Z + pg 8.23.0
2026-10-08T12:43:41.0240747Z + prisma 7.10.0
2026-10-08T12:43:41.0241086Z + tsx 4.23.13
2026-10-08T12:43:41.0241682Z + typescript 5.9.3
2026-10-08T12:43:41.0242101Z + wrangler 4.131.1
2026-10-08T12:43:41.0242319Z 
2026-10-08T12:43:41.1377426Z Done in 6.4s using pnpm v10.18.3
2026-10-08T12:43:41.1839294Z ##[group]Run pnpm check:boundaries
2026-10-08T12:43:41.1839656Z [36;1mpnpm check:boundaries[0m
2026-10-08T12:43:41.1909740Z shell: /usr/bin/bash -e {0}
2026-10-08T12:43:41.1910014Z env:
2026-10-08T12:43:41.1910276Z   PNPM_HOME: /home/runner/setup-pnpm/node_modules/.bin
2026-10-08T12:43:41.1910614Z ##[endgroup]
2026-10-08T12:43:41.4928463Z 
2026-10-08T12:43:41.4929581Z > cocreate@1.0.0 check:boundaries /home/runner/work/Cocreate/Cocreate
2026-10-08T12:43:41.4930442Z > tsx scripts/codebase-audit.ts --check
2026-10-08T12:43:41.4930673Z 
2026-10-08T12:43:43.2813562Z Audited 143 files; 1 static candidates; 0 boundary violations.
2026-10-08T12:43:43.2815662Z Jev: 0 physical requests, 0 input tokens with known usage, known-usage estimate $0.000000; unknown requests retain their reservation.
2026-10-08T12:43:43.2816920Z Report: artifacts/codebase-audit/report.json
2026-10-08T12:43:43.3179834Z ##[group]Run pnpm build
2026-10-08T12:43:43.3180126Z [36;1mpnpm build[0m
2026-10-08T12:43:43.3250505Z shell: /usr/bin/bash -e {0}
2026-10-08T12:43:43.3250762Z env:
2026-10-08T12:43:43.3251022Z   PNPM_HOME: /home/runner/setup-pnpm/node_modules/.bin
2026-10-08T12:43:43.3251360Z ##[endgroup]
2026-10-08T12:43:43.6263252Z 
2026-10-08T12:43:43.6263705Z > cocreate@1.0.0 build /home/runner/work/Cocreate/Cocreate
2026-10-08T12:43:43.6264561Z > tsc --noEmit && vite build --configLoader runner
2026-10-08T12:43:43.6264818Z 
2026-10-08T12:43:51.4811510Z [36mvite v7.3.6 [32mbuilding client environment for production...[36m[39m
2026-10-08T12:43:51.5724536Z transforming...
2026-10-08T12:43:55.2847898Z [32m✓[39m 1749 modules transformed.
2026-10-08T12:43:55.5209016Z rendering chunks...
2026-10-08T12:43:55.7559621Z computing gzip size...
2026-10-08T12:43:55.7775880Z [2mdist/[22m[32mindex.html                           [39m[1m[2m  0.44 kB[22m[1m[22m[2m │ gzip:   0.30 kB[22m
2026-10-08T12:43:55.7776937Z [2mdist/[22m[2massets/[22m[35mApp-BqUO_rW7.css              [39m[1m[2m  2.56 kB[22m[1m[22m[2m │ gzip:   0.85 kB[22m
2026-10-08T12:43:55.7778269Z [2mdist/[22m[2massets/[22m[35mLandingPage-CNj4pefA.css      [39m[1m[2m 13.13 kB[22m[1m[22m[2m │ gzip:   2.95 kB[22m
2026-10-08T12:43:55.7780008Z [2mdist/[22m[2massets/[22m[35mindex-cyLHvudv.css            [39m[1m[2m 75.38 kB[22m[1m[22m[2m │ gzip:  14.48 kB[22m
2026-10-08T12:43:55.7781466Z [2mdist/[22m[2massets/[22m[36musers-S0nR_fpD.js             [39m[1m[2m  0.69 kB[22m[1m[22m[2m │ gzip:   0.39 kB[22m
2026-10-08T12:43:55.7782605Z [2mdist/[22m[2massets/[22m[36mcreateLucideIcon-DS0f-70M.js  [39m[1m[2m  0.89 kB[22m[1m[22m[2m │ gzip:   0.55 kB[22m
2026-10-08T12:43:55.7783577Z [2mdist/[22m[2massets/[22m[36mx-CYlEPbUI.js                 [39m[1m[2m  1.70 kB[22m[1m[22m[2m │ gzip:   0.78 kB[22m
2026-10-08T12:43:55.7784526Z [2mdist/[22m[2massets/[22m[36mLandingPage-CklZAjP2.js       [39m[1m[2m 15.33 kB[22m[1m[22m[2m │ gzip:   4.92 kB[22m
2026-10-08T12:43:55.7785633Z [2mdist/[22m[2massets/[22m[36mProjectApp-CEhcL8gy.js        [39m[1m[2m 29.68 kB[22m[1m[22m[2m │ gzip:   9.01 kB[22m
2026-10-08T12:43:55.7786574Z [2mdist/[22m[2massets/[22m[36mindex-5SCWldx6.js             [39m[1m[2m421.72 kB[22m[1m[22m[2m │ gzip: 121.23 kB[22m
2026-10-08T12:43:55.7787133Z [33m
2026-10-08T12:43:55.7787819Z (!) Some chunks are larger than 500 kB after minification. Consider:
2026-10-08T12:43:55.7789852Z - Using dynamic import() to code-split the application
2026-10-08T12:43:55.7791224Z - Use build.rollupOptions.output.manualChunks to improve chunking: https://rollupjs.org/configuration-options/#output-manualchunks
2026-10-08T12:43:55.7792504Z - Adjust chunk size limit for this warning via build.chunkSizeWarningLimit.[39m
2026-10-08T12:43:55.7793407Z [2mdist/[22m[2massets/[22m[36mApp-thYYHyMP.js               [39m[1m[33m583.75 kB[39m[22m[2m │ gzip: 185.76 kB[22m
2026-10-08T12:43:55.7794006Z [32m✓ built in 4.26s[39m
2026-10-08T12:43:55.8462027Z ##[group]Run node --input-type=module <<'NODE'
2026-10-08T12:43:55.8462435Z [36;1mnode --input-type=module <<'NODE'[0m
2026-10-08T12:43:55.8462737Z [36;1mimport fs from 'node:fs';[0m
2026-10-08T12:43:55.8463061Z [36;1mimport {spawnSync} from 'node:child_process';[0m
2026-10-08T12:43:55.8463577Z [36;1mconst {image_vars} = JSON.parse(fs.readFileSync('wrangler.jsonc', 'utf8')).containers[0];[0m
2026-10-08T12:43:55.8464327Z [36;1mconst names = ['VITE_COCREATE_AUTH_MODE', 'VITE_COCREATE_APP_ORIGIN', 'VITE_SUPABASE_URL', 'VITE_SUPABASE_PUBLISHABLE_KEY'];[0m
2026-10-08T12:43:55.8464949Z [36;1mconst args = ['build', '--tag', 'cocreate-check'];[0m
2026-10-08T12:43:55.8465288Z [36;1mfor (const name of names) {[0m
2026-10-08T12:43:55.8465761Z [36;1m  if (typeof image_vars[name] !== 'string') throw new Error(`Missing public build variable: ${name}`);[0m
2026-10-08T12:43:55.8466318Z [36;1m  args.push('--build-arg', `${name}=${image_vars[name]}`);[0m
2026-10-08T12:43:55.8466709Z [36;1m}[0m
2026-10-08T12:43:55.8467035Z [36;1mconst result = spawnSync('docker', [...args, '.'], {stdio: 'inherit'});[0m
2026-10-08T12:43:55.8467454Z [36;1mif (result.error) throw result.error;[0m
2026-10-08T12:43:55.8467770Z [36;1mprocess.exit(result.status ?? 1);[0m
2026-10-08T12:43:55.8468040Z [36;1mNODE[0m
2026-10-08T12:43:55.8540477Z shell: /usr/bin/bash -e {0}
2026-10-08T12:43:55.8540748Z env:
2026-10-08T12:43:55.8541003Z   PNPM_HOME: /home/runner/setup-pnpm/node_modules/.bin
2026-10-08T12:43:55.8541316Z ##[endgroup]
2026-10-08T12:44:05.7355316Z #0 building with "default" instance using docker driver
2026-10-08T12:44:05.7355785Z 
2026-10-08T12:44:05.7356202Z #1 [internal] load build definition from Dockerfile
2026-10-08T12:44:05.7356969Z #1 transferring dockerfile: 1.37kB done
2026-10-08T12:44:05.7357450Z #1 DONE 0.0s
2026-10-08T12:44:05.7357646Z 
2026-10-08T12:44:05.7358188Z #2 [internal] load metadata for docker.io/library/node:22-bookworm-slim
2026-10-08T12:44:05.9513314Z #2 ...
2026-10-08T12:44:05.9513559Z 
2026-10-08T12:44:05.9513877Z #3 [auth] library/node:pull token for registry-1.docker.io
2026-10-08T12:44:05.9514290Z #3 DONE 0.0s
2026-10-08T12:44:06.1016738Z 
2026-10-08T12:44:06.1017551Z #2 [internal] load metadata for docker.io/library/node:22-bookworm-slim
2026-10-08T12:44:06.4039496Z #2 DONE 0.8s
2026-10-08T12:44:06.5443950Z 
2026-10-08T12:44:06.5444561Z #4 [internal] load .dockerignore
2026-10-08T12:44:06.5445218Z #4 transferring context: 248B done
2026-10-08T12:44:06.5445692Z #4 DONE 0.0s
2026-10-08T12:44:06.5445898Z 
2026-10-08T12:44:06.5446806Z #5 [ 1/11] FROM docker.io/library/node:22-bookworm-slim@sha256:c3de60bf2f9dd0ac6370e6117950ff62d6e339527e7472301c9c78a017978392
2026-10-08T12:44:06.5447869Z #5 resolve docker.io/library/node:22-bookworm-slim@sha256:c3de60bf2f9dd0ac6370e6117950ff62d6e339527e7472301c9c78a017978392 done
2026-10-08T12:44:06.6570011Z #5 ...
2026-10-08T12:44:06.6570251Z 
2026-10-08T12:44:06.6570444Z #6 [internal] load build context
2026-10-08T12:44:06.6570880Z #6 transferring context: 19.52MB 0.2s done
2026-10-08T12:44:06.6571199Z #6 DONE 0.2s
2026-10-08T12:44:06.6571328Z 
2026-10-08T12:44:06.6571933Z #5 [ 1/11] FROM docker.io/library/node:22-bookworm-slim@sha256:c3de60bf2f9dd0ac6370e6117950ff62d6e339527e7472301c9c78a017978392
2026-10-08T12:44:06.6572954Z #5 sha256:f0400f4b55b0ad346bf6167a1b64a258e4d73db608c457798ce35e4ffeebfaaf 3.31kB / 3.31kB 0.1s done
2026-10-08T12:44:06.6573856Z #5 sha256:d22c69a95cf463f4cb74462bd2899597ce505d82bd4c01ceddf7845e12f13856 0B / 49.84MB 0.2s
2026-10-08T12:44:06.6574736Z #5 sha256:2cfab517365cfc6b4bd1f8c4cb01754884ef75bc38758b3c41e291c696f019f5 0B / 1.71MB 0.2s
2026-10-08T12:44:06.6575818Z #5 sha256:c3de60bf2f9dd0ac6370e6117950ff62d6e339527e7472301c9c78a017978392 5.22kB / 5.22kB done
2026-10-08T12:44:06.6576936Z #5 sha256:efd0ab5780c2d9ab1f0f869571a00d5edb17793bff4cce4a2792e3eb0ffc7562 1.93kB / 1.93kB done
2026-10-08T12:44:06.6578353Z #5 sha256:d0a16be756b6ec6658aecb8b7bcf87fa6c7d0d7fcc6ca53ad14bb49a4c90bdd7 6.77kB / 6.77kB done
2026-10-08T12:44:06.6579777Z #5 sha256:7fd1ebe418b5079d4aa36f416af9b143d127bc75b0155d71cb5fd559b5e04d39 0B / 28.25MB 0.2s
2026-10-08T12:44:06.8582326Z #5 sha256:d22c69a95cf463f4cb74462bd2899597ce505d82bd4c01ceddf7845e12f13856 38.80MB / 49.84MB 0.4s
2026-10-08T12:44:06.8583797Z #5 sha256:2cfab517365cfc6b4bd1f8c4cb01754884ef75bc38758b3c41e291c696f019f5 1.71MB / 1.71MB 0.3s done
2026-10-08T12:44:06.8584803Z #5 sha256:7fd1ebe418b5079d4aa36f416af9b143d127bc75b0155d71cb5fd559b5e04d39 20.97MB / 28.25MB 0.4s
2026-10-08T12:44:06.8585803Z #5 sha256:a8de9fa052209313d8e45435a8486e29b20eebaa820e2e7f63a7c3c94b4fa567 448B / 448B 0.4s
2026-10-08T12:44:06.9736051Z #5 sha256:d22c69a95cf463f4cb74462bd2899597ce505d82bd4c01ceddf7845e12f13856 49.84MB / 49.84MB 0.5s done
2026-10-08T12:44:06.9737615Z #5 sha256:7fd1ebe418b5079d4aa36f416af9b143d127bc75b0155d71cb5fd559b5e04d39 28.25MB / 28.25MB 0.4s done
2026-10-08T12:44:06.9739158Z #5 sha256:a8de9fa052209313d8e45435a8486e29b20eebaa820e2e7f63a7c3c94b4fa567 448B / 448B 0.4s done
2026-10-08T12:44:06.9740116Z #5 extracting sha256:7fd1ebe418b5079d4aa36f416af9b143d127bc75b0155d71cb5fd559b5e04d39
2026-10-08T12:44:07.9890208Z #5 extracting sha256:7fd1ebe418b5079d4aa36f416af9b143d127bc75b0155d71cb5fd559b5e04d39 1.0s done
2026-10-08T12:44:08.1625679Z #5 extracting sha256:f0400f4b55b0ad346bf6167a1b64a258e4d73db608c457798ce35e4ffeebfaaf done
2026-10-08T12:44:09.1818374Z #5 extracting sha256:d22c69a95cf463f4cb74462bd2899597ce505d82bd4c01ceddf7845e12f13856
2026-10-08T12:44:10.5360807Z #5 extracting sha256:d22c69a95cf463f4cb74462bd2899597ce505d82bd4c01ceddf7845e12f13856 1.2s done
2026-10-08T12:44:10.5362106Z #5 extracting sha256:2cfab517365cfc6b4bd1f8c4cb01754884ef75bc38758b3c41e291c696f019f5
2026-10-08T12:44:10.7622129Z #5 extracting sha256:2cfab517365cfc6b4bd1f8c4cb01754884ef75bc38758b3c41e291c696f019f5 0.0s done
2026-10-08T12:44:10.7623943Z #5 extracting sha256:a8de9fa052209313d8e45435a8486e29b20eebaa820e2e7f63a7c3c94b4fa567 done
2026-10-08T12:44:10.7625036Z #5 DONE 4.2s
2026-10-08T12:44:10.7625308Z 
2026-10-08T12:44:10.7625598Z #7 [ 2/11] WORKDIR /app
2026-10-08T12:44:10.7626106Z #7 DONE 0.0s
2026-10-08T12:44:10.7626354Z 
2026-10-08T12:44:10.7626658Z #8 [ 3/11] RUN corepack enable
2026-10-08T12:44:10.9103846Z #8 DONE 0.3s
2026-10-08T12:44:11.0617723Z 
2026-10-08T12:44:11.0619426Z #9 [ 4/11] RUN apt-get update && apt-get install -y --no-install-recommends bubblewrap util-linux chromium tini && rm -rf /var/lib/apt/lists/*
2026-10-08T12:44:11.1161328Z #9 0.205 Get:1 http://deb.debian.org/debian bookworm InRelease [151 kB]
2026-10-08T12:44:11.2357754Z #9 0.260 Get:2 http://deb.debian.org/debian bookworm-updates InRelease [55.4 kB]
2026-10-08T12:44:11.2360541Z #9 0.281 Get:3 http://deb.debian.org/debian-security bookworm-security InRelease [34.8 kB]
2026-10-08T12:44:11.2361311Z #9 0.325 Get:4 http://deb.debian.org/debian bookworm/main amd64 Packages [8790 kB]
2026-10-08T12:44:11.3611450Z #9 0.448 Get:5 http://deb.debian.org/debian bookworm-updates/main amd64 Packages [6924 B]
2026-10-08T12:44:11.5119393Z #9 0.448 Get:6 http://deb.debian.org/debian-security bookworm-security/main amd64 Packages [349 kB]
2026-10-08T12:44:12.1050939Z #9 1.194 Fetched 9388 kB in 1s (9145 kB/s)
2026-10-08T12:44:12.5084167Z #9 1.194 Reading package lists...
2026-10-08T12:44:12.9378763Z #9 1.615 Reading package lists...
2026-10-08T12:44:13.0433307Z #9 2.039 Building dependency tree...
2026-10-08T12:44:13.1433938Z #9 2.132 Reading state information...
2026-10-08T12:44:13.1435551Z #9 2.232 util-linux is already the newest version (2.38.1-5+deb12u3).
2026-10-08T12:44:13.1436894Z #9 2.232 util-linux set to manually installed.
2026-10-08T12:44:13.1437994Z #9 2.232 The following additional packages will be installed:
2026-10-08T12:44:13.1439231Z #9 2.232   adwaita-icon-theme at-spi2-common chromium-common dbus dbus-bin dbus-daemon
2026-10-08T12:44:13.1440390Z #9 2.232   dbus-session-bus-common dbus-system-bus-common dbus-user-session
2026-10-08T12:44:13.1442035Z #9 2.232   dconf-gsettings-backend dconf-service dmsetup fontconfig fontconfig-config
2026-10-08T12:44:13.2969260Z #9 2.232   fonts-dejavu-core gtk-update-icon-cache hicolor-icon-theme libapparmor1
2026-10-08T12:44:13.2970506Z #9 2.232   libargon2-1 libasound2 libasound2-data libasyncns0 libatk-bridge2.0-0
2026-10-08T12:44:13.2971584Z #9 2.232   libatk1.0-0 libatspi2.0-0 libavahi-client3 libavahi-common-data
2026-10-08T12:44:13.2972756Z #9 2.232   libavahi-common3 libbrotli1 libbsd0 libcairo-gobject2 libcairo2 libcolord2
2026-10-08T12:44:13.2973914Z #9 2.232   libcryptsetup12 libcups2 libdatrie1 libdav1d6 libdbus-1-3 libdconf1
2026-10-08T12:44:13.2975039Z #9 2.232   libdeflate0 libdevmapper1.02.1 libdouble-conversion3 libdrm-amdgpu1
2026-10-08T12:44:13.2976217Z #9 2.232   libdrm-common libdrm-intel1 libdrm-nouveau2 libdrm-radeon1 libdrm2 libedit2
2026-10-08T12:44:13.2977626Z #9 2.232   libelf1 libepoxy0 libexpat1 libfdisk1 libflac12 libfontconfig1 libfontenc1
2026-10-08T12:44:13.2979127Z #9 2.235   libfreetype6 libfribidi0 libgbm1 libgdk-pixbuf-2.0-0 libgdk-pixbuf2.0-common
2026-10-08T12:44:13.2980508Z #9 2.235   libgl1 libgl1-mesa-dri libglapi-mesa libglib2.0-0 libglvnd0 libglx-mesa0
2026-10-08T12:44:13.2981825Z #9 2.235   libglx0 libgraphite2-3 libgssapi-krb5-2 libgtk-3-0 libgtk-3-common
2026-10-08T12:44:13.2983114Z #9 2.235   libharfbuzz-subset0 libharfbuzz0b libice6 libicu72 libip4tc2 libjbig0
2026-10-08T12:44:13.2984830Z #9 2.235   libjpeg62-turbo libjson-c5 libk5crypto3 libkeyutils1 libkmod2 libkrb5-3
2026-10-08T12:44:13.2986099Z #9 2.235   libkrb5support0 liblcms2-2 liblerc4 libllvm15 libminizip1 libmp3lame0
2026-10-08T12:44:13.2987403Z #9 2.235   libmpg123-0 libncursesw6 libnspr4 libnss3 libogg0 libopenh264-7 libopenjp2-7
2026-10-08T12:44:13.2988954Z #9 2.235   libopus0 libpam-systemd libpango-1.0-0 libpangocairo-1.0-0 libpangoft2-1.0-0
2026-10-08T12:44:13.2990155Z #9 2.235   libpciaccess0 libpixman-1-0 libpng16-16 libproc2-0 libpulse0
2026-10-08T12:44:13.2991323Z #9 2.235   libsensors-config libsensors5 libsm6 libsndfile1 libsqlite3-0 libssl3
2026-10-08T12:44:13.2992587Z #9 2.235   libsystemd-shared libthai-data libthai0 libtiff6 libvorbis0a libvorbisenc2
2026-10-08T12:44:13.2993873Z #9 2.235   libwayland-client0 libwayland-cursor0 libwayland-egl1 libwayland-server0
2026-10-08T12:44:13.2995110Z #9 2.235   libwebp7 libx11-6 libx11-data libx11-xcb1 libxau6 libxaw7 libxcb-dri2-0
2026-10-08T12:44:13.2996326Z #9 2.235   libxcb-dri3-0 libxcb-glx0 libxcb-present0 libxcb-randr0 libxcb-render0
2026-10-08T12:44:13.2997586Z #9 2.235   libxcb-shape0 libxcb-shm0 libxcb-sync1 libxcb-xfixes0 libxcb1 libxcomposite1
2026-10-08T12:44:13.2999379Z #9 2.235   libxcursor1 libxdamage1 libxdmcp6 libxext6 libxfixes3 libxft2 libxi6
2026-10-08T12:44:13.3000573Z #9 2.235   libxinerama1 libxkbcommon0 libxkbfile1 libxml2 libxmu6 libxmuu1 libxnvctrl0
2026-10-08T12:44:13.3001724Z #9 2.235   libxpm4 libxrandr2 libxrender1 libxshmfence1 libxt6 libxtst6 libxv1
2026-10-08T12:44:13.3002788Z #9 2.235   libxxf86dga1 libxxf86vm1 libz3-4 procps shared-mime-info systemd
2026-10-08T12:44:13.3003754Z #9 2.235   systemd-sysv x11-common x11-utils xdg-utils xkb-data
2026-10-08T12:44:13.3004402Z #9 2.235 Suggested packages:
2026-10-08T12:44:13.3005277Z #9 2.235   chromium-l10n chromium-shell chromium-driver libasound2-plugins alsa-utils
2026-10-08T12:44:13.3006470Z #9 2.235   colord cups-common low-memory-monitor krb5-doc krb5-user gvfs liblcms2-utils
2026-10-08T12:44:13.3007691Z #9 2.235   opus-tools pciutils pulseaudio lm-sensors systemd-container systemd-homed
2026-10-08T12:44:13.3009076Z #9 2.235   systemd-userdbd systemd-boot systemd-resolved libfido2-1 libqrencode4
2026-10-08T12:44:13.3010183Z #9 2.235   libtss2-esys-3.0.2-0 libtss2-mu0 libtss2-rc0 polkitd | policykit-1
2026-10-08T12:44:13.3010906Z #9 2.235   mesa-utils
2026-10-08T12:44:13.3011372Z #9 2.235 Recommended packages:
2026-10-08T12:44:13.3012163Z #9 2.235   librsvg2-common upower udev fonts-liberation notification-daemon
2026-10-08T12:44:13.3013275Z #9 2.235   system-config-printer alsa-ucm-conf alsa-topology-conf at-spi2-core
2026-10-08T12:44:13.3014701Z #9 2.235   libgdk-pixbuf2.0-bin libglib2.0-data xdg-user-dirs libgtk-3-bin krb5-locales
2026-10-08T12:44:13.3015844Z #9 2.235   libgpm2 psmisc systemd-timesyncd | time-daemon libnss-systemd
2026-10-08T12:44:13.3016860Z #9 2.235   libfile-mimeinfo-perl libnet-dbus-perl libx11-protocol-perl
2026-10-08T12:44:13.3017563Z #9 2.235   x11-xserver-utils
2026-10-08T12:44:13.7650706Z #9 2.854 The following NEW packages will be installed:
2026-10-08T12:44:13.7652097Z #9 2.854   adwaita-icon-theme at-spi2-common bubblewrap chromium chromium-common dbus
2026-10-08T12:44:13.7653091Z #9 2.854   dbus-bin dbus-daemon dbus-session-bus-common dbus-system-bus-common
2026-10-08T12:44:13.7654001Z #9 2.854   dbus-user-session dconf-gsettings-backend dconf-service dmsetup fontconfig
2026-10-08T12:44:13.9361711Z #9 2.854   fontconfig-config fonts-dejavu-core gtk-update-icon-cache hicolor-icon-theme
2026-10-08T12:44:13.9363157Z #9 2.854   libapparmor1 libargon2-1 libasound2 libasound2-data libasyncns0
2026-10-08T12:44:13.9364164Z #9 2.854   libatk-bridge2.0-0 libatk1.0-0 libatspi2.0-0 libavahi-client3
2026-10-08T12:44:13.9365895Z #9 2.854   libavahi-common-data libavahi-common3 libbrotli1 libbsd0 libcairo-gobject2
2026-10-08T12:44:13.9367167Z #9 2.854   libcairo2 libcolord2 libcryptsetup12 libcups2 libdatrie1 libdav1d6
2026-10-08T12:44:13.9368134Z #9 2.854   libdbus-1-3 libdconf1 libdeflate0 libdevmapper1.02.1 libdouble-conversion3
2026-10-08T12:44:13.9369914Z #9 2.854   libdrm-amdgpu1 libdrm-common libdrm-intel1 libdrm-nouveau2 libdrm-radeon1
2026-10-08T12:44:13.9371101Z #9 2.854   libdrm2 libedit2 libelf1 libepoxy0 libexpat1 libfdisk1 libflac12
2026-10-08T12:44:13.9372083Z #9 2.854   libfontconfig1 libfontenc1 libfreetype6 libfribidi0 libgbm1
2026-10-08T12:44:13.9372810Z #9 2.854   libgdk-pixbuf-2.0-0 libgdk-pixbuf2.0-common libgl1 libgl1-mesa-dri
2026-10-08T12:44:13.9373706Z #9 2.854   libglapi-mesa libglib2.0-0 libglvnd0 libglx-mesa0 libglx0 libgraphite2-3
2026-10-08T12:44:13.9374864Z #9 2.854   libgssapi-krb5-2 libgtk-3-0 libgtk-3-common libharfbuzz-subset0
2026-10-08T12:44:13.9375553Z #9 2.854   libharfbuzz0b libice6 libicu72 libip4tc2 libjbig0 libjpeg62-turbo libjson-c5
2026-10-08T12:44:13.9376269Z #9 2.854   libk5crypto3 libkeyutils1 libkmod2 libkrb5-3 libkrb5support0 liblcms2-2
2026-10-08T12:44:13.9376948Z #9 2.855   liblerc4 libllvm15 libminizip1 libmp3lame0 libmpg123-0 libncursesw6 libnspr4
2026-10-08T12:44:13.9377567Z #9 2.855   libnss3 libogg0 libopenh264-7 libopenjp2-7 libopus0 libpam-systemd
2026-10-08T12:44:13.9378151Z #9 2.855   libpango-1.0-0 libpangocairo-1.0-0 libpangoft2-1.0-0 libpciaccess0
2026-10-08T12:44:13.9379111Z #9 2.855   libpixman-1-0 libpng16-16 libproc2-0 libpulse0 libsensors-config libsensors5
2026-10-08T12:44:13.9379739Z #9 2.855   libsm6 libsndfile1 libsqlite3-0 libssl3 libsystemd-shared libthai-data
2026-10-08T12:44:13.9380323Z #9 2.855   libthai0 libtiff6 libvorbis0a libvorbisenc2 libwayland-client0
2026-10-08T12:44:13.9380920Z #9 2.855   libwayland-cursor0 libwayland-egl1 libwayland-server0 libwebp7 libx11-6
2026-10-08T12:44:13.9381536Z #9 2.855   libx11-data libx11-xcb1 libxau6 libxaw7 libxcb-dri2-0 libxcb-dri3-0
2026-10-08T12:44:13.9382257Z #9 2.855   libxcb-glx0 libxcb-present0 libxcb-randr0 libxcb-render0 libxcb-shape0
2026-10-08T12:44:13.9383454Z #9 2.855   libxcb-shm0 libxcb-sync1 libxcb-xfixes0 libxcb1 libxcomposite1 libxcursor1
2026-10-08T12:44:13.9384868Z #9 2.855   libxdamage1 libxdmcp6 libxext6 libxfixes3 libxft2 libxi6 libxinerama1
2026-10-08T12:44:13.9386106Z #9 2.855   libxkbcommon0 libxkbfile1 libxml2 libxmu6 libxmuu1 libxnvctrl0 libxpm4
2026-10-08T12:44:13.9387337Z #9 2.855   libxrandr2 libxrender1 libxshmfence1 libxt6 libxtst6 libxv1 libxxf86dga1
2026-10-08T12:44:13.9388884Z #9 2.855   libxxf86vm1 libz3-4 procps shared-mime-info systemd systemd-sysv tini
2026-10-08T12:44:13.9389869Z #9 2.855   x11-common x11-utils xdg-utils xkb-data
2026-10-08T12:44:13.9390671Z #9 2.913 0 upgraded, 176 newly installed, 0 to remove and 1 not upgraded.
2026-10-08T12:44:13.9391500Z #9 2.913 Need to get 207 MB of archives.
2026-10-08T12:44:13.9392784Z #9 2.913 After this operation, 734 MB of additional disk space will be used.
2026-10-08T12:44:13.9394065Z #9 2.913 Get:1 http://deb.debian.org/debian-security bookworm-security/main amd64 libssl3 amd64 3.0.22-1~deb12u1 [2039 kB]
2026-10-08T12:44:13.9394999Z #9 3.025 Get:2 http://deb.debian.org/debian bookworm/main amd64 libargon2-1 amd64 0~20171227-0.3+deb12u1 [19.4 kB]
2026-10-08T12:44:14.0388550Z #9 3.025 Get:3 http://deb.debian.org/debian bookworm/main amd64 dmsetup amd64 2:1.02.185-2 [82.0 kB]
2026-10-08T12:44:14.0390110Z #9 3.026 Get:4 http://deb.debian.org/debian bookworm/main amd64 libdevmapper1.02.1 amd64 2:1.02.185-2 [133 kB]
2026-10-08T12:44:14.0391383Z #9 3.028 Get:5 http://deb.debian.org/debian bookworm/main amd64 libjson-c5 amd64 0.16-2 [44.1 kB]
2026-10-08T12:44:14.0392328Z #9 3.028 Get:6 http://deb.debian.org/debian bookworm/main amd64 libcryptsetup12 amd64 2:2.6.1-4~deb12u2 [223 kB]
2026-10-08T12:44:14.0393292Z #9 3.030 Get:7 http://deb.debian.org/debian bookworm/main amd64 libfdisk1 amd64 2.38.1-5+deb12u3 [194 kB]
2026-10-08T12:44:14.0394186Z #9 3.031 Get:8 http://deb.debian.org/debian bookworm/main amd64 libkmod2 amd64 30+20221128-1 [57.9 kB]
2026-10-08T12:44:14.0395195Z #9 3.031 Get:9 http://deb.debian.org/debian bookworm/main amd64 libapparmor1 amd64 3.0.8-3 [41.2 kB]
2026-10-08T12:44:14.0396400Z #9 3.032 Get:10 http://deb.debian.org/debian bookworm/main amd64 libip4tc2 amd64 1.8.9-2 [19.0 kB]
2026-10-08T12:44:14.0397326Z #9 3.050 Get:11 http://deb.debian.org/debian bookworm/main amd64 libsystemd-shared amd64 252.39-1~deb12u2 [1696 kB]
2026-10-08T12:44:14.0398261Z #9 3.059 Get:12 http://deb.debian.org/debian bookworm/main amd64 systemd amd64 252.39-1~deb12u2 [3044 kB]
2026-10-08T12:44:14.0399449Z #9 3.078 Get:13 http://deb.debian.org/debian bookworm/main amd64 systemd-sysv amd64 252.39-1~deb12u2 [42.9 kB]
2026-10-08T12:44:14.0400299Z #9 3.078 Get:14 http://deb.debian.org/debian bookworm/main amd64 libdbus-1-3 amd64 1.14.10-1~deb12u1 [201 kB]
2026-10-08T12:44:14.0401131Z #9 3.080 Get:15 http://deb.debian.org/debian bookworm/main amd64 dbus-bin amd64 1.14.10-1~deb12u1 [105 kB]
2026-10-08T12:44:14.0402158Z #9 3.080 Get:16 http://deb.debian.org/debian bookworm/main amd64 dbus-session-bus-common all 1.14.10-1~deb12u1 [78.2 kB]
2026-10-08T12:44:14.0403101Z #9 3.081 Get:17 http://deb.debian.org/debian-security bookworm-security/main amd64 libexpat1 amd64 2.5.0-1+deb12u4 [106 kB]
2026-10-08T12:44:14.0403974Z #9 3.081 Get:18 http://deb.debian.org/debian bookworm/main amd64 dbus-daemon amd64 1.14.10-1~deb12u1 [184 kB]
2026-10-08T12:44:14.0404848Z #9 3.082 Get:19 http://deb.debian.org/debian bookworm/main amd64 dbus-system-bus-common all 1.14.10-1~deb12u1 [79.3 kB]
2026-10-08T12:44:14.0405664Z #9 3.083 Get:20 http://deb.debian.org/debian bookworm/main amd64 dbus amd64 1.14.10-1~deb12u1 [97.4 kB]
2026-10-08T12:44:14.0406402Z #9 3.083 Get:21 http://deb.debian.org/debian bookworm/main amd64 libncursesw6 amd64 6.4-4 [134 kB]
2026-10-08T12:44:14.0407133Z #9 3.096 Get:22 http://deb.debian.org/debian bookworm/main amd64 libproc2-0 amd64 2:4.0.2-3 [62.8 kB]
2026-10-08T12:44:14.0407866Z #9 3.113 Get:23 http://deb.debian.org/debian bookworm/main amd64 procps amd64 2:4.0.2-3 [709 kB]
2026-10-08T12:44:14.0408896Z #9 3.118 Get:24 http://deb.debian.org/debian bookworm/main amd64 libpam-systemd amd64 252.39-1~deb12u2 [226 kB]
2026-10-08T12:44:14.0409732Z #9 3.120 Get:25 http://deb.debian.org/debian bookworm/main amd64 hicolor-icon-theme all 0.17-2 [11.4 kB]
2026-10-08T12:44:14.0410600Z #9 3.121 Get:26 http://deb.debian.org/debian bookworm/main amd64 libgdk-pixbuf2.0-common all 2.42.10+dfsg-1+deb12u4 [307 kB]
2026-10-08T12:44:14.0411474Z #9 3.122 Get:27 http://deb.debian.org/debian bookworm/main amd64 libglib2.0-0 amd64 2.74.6-2+deb12u9 [1403 kB]
2026-10-08T12:44:14.0412256Z #9 3.128 Get:28 http://deb.debian.org/debian bookworm/main amd64 libicu72 amd64 72.1-3+deb12u1 [9376 kB]
2026-10-08T12:44:14.1421667Z #9 3.173 Get:29 http://deb.debian.org/debian bookworm/main amd64 libxml2 amd64 2.9.14+dfsg-1.3~deb12u6 [689 kB]
2026-10-08T12:44:14.1423873Z #9 3.178 Get:30 http://deb.debian.org/debian bookworm/main amd64 shared-mime-info amd64 2.2-1 [729 kB]
2026-10-08T12:44:14.1425380Z #9 3.181 Get:31 http://deb.debian.org/debian bookworm/main amd64 libjpeg62-turbo amd64 1:2.1.5-2 [166 kB]
2026-10-08T12:44:14.1427023Z #9 3.182 Get:32 http://deb.debian.org/debian-security bookworm-security/main amd64 libpng16-16 amd64 1.6.39-2+deb12u6 [277 kB]
2026-10-08T12:44:14.1428879Z #9 3.183 Get:33 http://deb.debian.org/debian bookworm/main amd64 libdeflate0 amd64 1.14-1 [61.4 kB]
2026-10-08T12:44:14.1430275Z #9 3.183 Get:34 http://deb.debian.org/debian bookworm/main amd64 libjbig0 amd64 2.1-6.1 [31.7 kB]
2026-10-08T12:44:14.1431527Z #9 3.184 Get:35 http://deb.debian.org/debian bookworm/main amd64 liblerc4 amd64 4.0.0+ds-2 [170 kB]
2026-10-08T12:44:14.1432866Z #9 3.185 Get:36 http://deb.debian.org/debian bookworm/main amd64 libwebp7 amd64 1.2.4-0.2+deb12u1 [286 kB]
2026-10-08T12:44:14.1434458Z #9 3.186 Get:37 http://deb.debian.org/debian bookworm/main amd64 libtiff6 amd64 4.5.0-6+deb12u4 [316 kB]
2026-10-08T12:44:14.1436051Z #9 3.199 Get:38 http://deb.debian.org/debian bookworm/main amd64 libgdk-pixbuf-2.0-0 amd64 2.42.10+dfsg-1+deb12u4 [139 kB]
2026-10-08T12:44:14.1437817Z #9 3.208 Get:39 http://deb.debian.org/debian bookworm/main amd64 gtk-update-icon-cache amd64 3.24.38-2~deb12u3 [44.2 kB]
2026-10-08T12:44:14.1439915Z #9 3.210 Get:40 http://deb.debian.org/debian bookworm/main amd64 adwaita-icon-theme all 43-1 [5124 kB]
2026-10-08T12:44:14.1441341Z #9 3.231 Get:41 http://deb.debian.org/debian bookworm/main amd64 at-spi2-common all 2.46.0-5 [162 kB]
2026-10-08T12:44:14.2578692Z #9 3.233 Get:42 http://deb.debian.org/debian bookworm/main amd64 bubblewrap amd64 0.8.0-2+deb12u1 [47.3 kB]
2026-10-08T12:44:14.2580815Z #9 3.233 Get:43 http://deb.debian.org/debian bookworm/main amd64 libasound2-data all 1.2.8-1 [20.5 kB]
2026-10-08T12:44:14.2582667Z #9 3.234 Get:44 http://deb.debian.org/debian bookworm/main amd64 libasound2 amd64 1.2.8-1+b1 [362 kB]
2026-10-08T12:44:14.2584227Z #9 3.235 Get:45 http://deb.debian.org/debian bookworm/main amd64 libatk1.0-0 amd64 2.46.0-5 [49.6 kB]
2026-10-08T12:44:14.2585801Z #9 3.235 Get:46 http://deb.debian.org/debian bookworm/main amd64 libxau6 amd64 1:1.0.9-1 [19.7 kB]
2026-10-08T12:44:14.2587333Z #9 3.236 Get:47 http://deb.debian.org/debian bookworm/main amd64 libbsd0 amd64 0.11.7-2 [117 kB]
2026-10-08T12:44:14.2589047Z #9 3.236 Get:48 http://deb.debian.org/debian bookworm/main amd64 libxdmcp6 amd64 1:1.1.2-3 [26.3 kB]
2026-10-08T12:44:14.2590441Z #9 3.242 Get:49 http://deb.debian.org/debian bookworm/main amd64 libxcb1 amd64 1.15-1 [144 kB]
2026-10-08T12:44:14.2592370Z #9 3.259 Get:50 http://deb.debian.org/debian bookworm/main amd64 libx11-data all 2:1.8.4-2+deb12u2 [292 kB]
2026-10-08T12:44:14.2593985Z #9 3.262 Get:51 http://deb.debian.org/debian bookworm/main amd64 libx11-6 amd64 2:1.8.4-2+deb12u2 [760 kB]
2026-10-08T12:44:14.2594968Z #9 3.265 Get:52 http://deb.debian.org/debian bookworm/main amd64 libxext6 amd64 2:1.3.4-1+b1 [52.9 kB]
2026-10-08T12:44:14.2595722Z #9 3.267 Get:53 http://deb.debian.org/debian bookworm/main amd64 libxi6 amd64 2:1.8-1+b1 [84.2 kB]
2026-10-08T12:44:14.2596461Z #9 3.268 Get:54 http://deb.debian.org/debian bookworm/main amd64 libatspi2.0-0 amd64 2.46.0-5 [75.4 kB]
2026-10-08T12:44:14.2597256Z #9 3.268 Get:55 http://deb.debian.org/debian bookworm/main amd64 libatk-bridge2.0-0 amd64 2.46.0-5 [64.6 kB]
2026-10-08T12:44:14.2598031Z #9 3.268 Get:56 http://deb.debian.org/debian bookworm/main amd64 libbrotli1 amd64 1.0.9-2+b6 [275 kB]
2026-10-08T12:44:14.2599071Z #9 3.268 Get:57 http://deb.debian.org/debian bookworm/main amd64 libfreetype6 amd64 2.12.1+dfsg-5+deb12u4 [398 kB]
2026-10-08T12:44:14.2599862Z #9 3.280 Get:58 http://deb.debian.org/debian bookworm/main amd64 fonts-dejavu-core all 2.37-6 [1068 kB]
2026-10-08T12:44:14.2600650Z #9 3.284 Get:59 http://deb.debian.org/debian bookworm/main amd64 fontconfig-config amd64 2.14.1-4 [315 kB]
2026-10-08T12:44:14.2601667Z #9 3.293 Get:60 http://deb.debian.org/debian bookworm/main amd64 libfontconfig1 amd64 2.14.1-4 [386 kB]
2026-10-08T12:44:14.2602439Z #9 3.295 Get:61 http://deb.debian.org/debian bookworm/main amd64 libpixman-1-0 amd64 0.42.2-1 [546 kB]
2026-10-08T12:44:14.2603181Z #9 3.297 Get:62 http://deb.debian.org/debian bookworm/main amd64 libxcb-render0 amd64 1.15-1 [115 kB]
2026-10-08T12:44:14.2603906Z #9 3.298 Get:63 http://deb.debian.org/debian bookworm/main amd64 libxcb-shm0 amd64 1.15-1 [105 kB]
2026-10-08T12:44:14.2604661Z #9 3.298 Get:64 http://deb.debian.org/debian bookworm/main amd64 libxrender1 amd64 1:0.9.10-1.1 [33.2 kB]
2026-10-08T12:44:14.2605389Z #9 3.301 Get:65 http://deb.debian.org/debian bookworm/main amd64 libcairo2 amd64 1.16.0-7 [575 kB]
2026-10-08T12:44:14.2606171Z #9 3.302 Get:66 http://deb.debian.org/debian bookworm/main amd64 libavahi-common-data amd64 0.8-10+deb12u1 [107 kB]
2026-10-08T12:44:14.2607009Z #9 3.302 Get:67 http://deb.debian.org/debian bookworm/main amd64 libavahi-common3 amd64 0.8-10+deb12u1 [42.1 kB]
2026-10-08T12:44:14.2607835Z #9 3.309 Get:68 http://deb.debian.org/debian bookworm/main amd64 libavahi-client3 amd64 0.8-10+deb12u1 [45.8 kB]
2026-10-08T12:44:14.2608887Z #9 3.310 Get:69 http://deb.debian.org/debian bookworm/main amd64 libkrb5support0 amd64 1.20.1-2+deb12u5 [33.2 kB]
2026-10-08T12:44:14.2609706Z #9 3.327 Get:70 http://deb.debian.org/debian bookworm/main amd64 libk5crypto3 amd64 1.20.1-2+deb12u5 [79.7 kB]
2026-10-08T12:44:14.2611234Z #9 3.327 Get:71 http://deb.debian.org/debian bookworm/main amd64 libkeyutils1 amd64 1.6.3-2 [8808 B]
2026-10-08T12:44:14.2612720Z #9 3.328 Get:72 http://deb.debian.org/debian bookworm/main amd64 libkrb5-3 amd64 1.20.1-2+deb12u5 [332 kB]
2026-10-08T12:44:14.2614250Z #9 3.346 Get:73 http://deb.debian.org/debian bookworm/main amd64 libgssapi-krb5-2 amd64 1.20.1-2+deb12u5 [135 kB]
2026-10-08T12:44:14.3580862Z #9 3.347 Get:74 http://deb.debian.org/debian bookworm/main amd64 libcups2 amd64 2.4.2-3+deb12u9 [245 kB]
2026-10-08T12:44:14.3583090Z #9 3.348 Get:75 http://deb.debian.org/debian bookworm/main amd64 libdav1d6 amd64 1.0.0-2+deb12u1 [513 kB]
2026-10-08T12:44:14.3585029Z #9 3.351 Get:76 http://deb.debian.org/debian bookworm/main amd64 libdouble-conversion3 amd64 3.2.1-1 [41.5 kB]
2026-10-08T12:44:14.3586945Z #9 3.351 Get:77 http://deb.debian.org/debian bookworm/main amd64 libogg0 amd64 1.3.5-3 [23.4 kB]
2026-10-08T12:44:14.3588881Z #9 3.352 Get:78 http://deb.debian.org/debian bookworm/main amd64 libflac12 amd64 1.4.2+ds-2 [198 kB]
2026-10-08T12:44:14.3590251Z #9 3.353 Get:79 http://deb.debian.org/debian bookworm/main amd64 libdrm-common all 2.4.114-1 [7112 B]
2026-10-08T12:44:14.3591475Z #9 3.361 Get:80 http://deb.debian.org/debian bookworm/main amd64 libdrm2 amd64 2.4.114-1+b1 [37.5 kB]
2026-10-08T12:44:14.3593007Z #9 3.361 Get:81 http://deb.debian.org/debian bookworm/main amd64 libwayland-server0 amd64 1.21.0-1 [35.9 kB]
2026-10-08T12:44:14.3594324Z #9 3.362 Get:82 http://deb.debian.org/debian bookworm/main amd64 libgbm1 amd64 22.3.6-1+deb12u2 [38.1 kB]
2026-10-08T12:44:14.3595485Z #9 3.378 Get:83 http://deb.debian.org/debian bookworm/main amd64 libgraphite2-3 amd64 1.3.14-1+deb12u1 [74.6 kB]
2026-10-08T12:44:14.3597020Z #9 3.379 Get:84 http://deb.debian.org/debian bookworm/main amd64 libharfbuzz0b amd64 6.0.0+dfsg-3 [1945 kB]
2026-10-08T12:44:14.3597983Z #9 3.389 Get:85 http://deb.debian.org/debian bookworm/main amd64 libharfbuzz-subset0 amd64 6.0.0+dfsg-3 [1931 kB]
2026-10-08T12:44:14.3599140Z #9 3.404 Get:86 http://deb.debian.org/debian bookworm/main amd64 liblcms2-2 amd64 2.14-2+deb12u1 [154 kB]
2026-10-08T12:44:14.3600323Z #9 3.406 Get:87 http://deb.debian.org/debian bookworm/main amd64 libminizip1 amd64 1.1-8+deb12u1 [20.1 kB]
2026-10-08T12:44:14.3601269Z #9 3.407 Get:88 http://deb.debian.org/debian bookworm/main amd64 libnspr4 amd64 2:4.35-1 [113 kB]
2026-10-08T12:44:14.3602098Z #9 3.408 Get:89 http://deb.debian.org/debian bookworm/main amd64 libsqlite3-0 amd64 3.40.1-2+deb12u2 [839 kB]
2026-10-08T12:44:14.3603216Z #9 3.412 Get:90 http://deb.debian.org/debian-security bookworm-security/main amd64 libnss3 amd64 2:3.87.1-1+deb12u4 [1331 kB]
2026-10-08T12:44:14.3604158Z #9 3.415 Get:91 http://deb.debian.org/debian bookworm/main amd64 libopenh264-7 amd64 2.3.1+dfsg-3+deb12u2 [393 kB]
2026-10-08T12:44:14.3604993Z #9 3.417 Get:92 http://deb.debian.org/debian bookworm/main amd64 libopenjp2-7 amd64 2.5.0-2+deb12u3 [189 kB]
2026-10-08T12:44:14.3605822Z #9 3.418 Get:93 http://deb.debian.org/debian bookworm/main amd64 libopus0 amd64 1.3.1-3 [195 kB]
2026-10-08T12:44:14.3607174Z #9 3.419 Get:94 http://deb.debian.org/debian bookworm/main amd64 fontconfig amd64 2.14.1-4 [449 kB]
2026-10-08T12:44:14.3609078Z #9 3.429 Get:95 http://deb.debian.org/debian bookworm/main amd64 libfribidi0 amd64 1.0.8-2.1 [65.0 kB]
2026-10-08T12:44:14.3610940Z #9 3.430 Get:96 http://deb.debian.org/debian bookworm/main amd64 libthai-data all 0.1.29-1 [176 kB]
2026-10-08T12:44:14.3612099Z #9 3.431 Get:97 http://deb.debian.org/debian bookworm/main amd64 libdatrie1 amd64 0.2.13-2+b1 [43.3 kB]
2026-10-08T12:44:14.3612996Z #9 3.432 Get:98 http://deb.debian.org/debian bookworm/main amd64 libthai0 amd64 0.1.29-1 [57.5 kB]
2026-10-08T12:44:14.3613869Z #9 3.447 Get:99 http://deb.debian.org/debian bookworm/main amd64 libpango-1.0-0 amd64 1.50.12+ds-1 [212 kB]
2026-10-08T12:44:14.4587855Z #9 3.448 Get:100 http://deb.debian.org/debian bookworm/main amd64 libasyncns0 amd64 0.8-6+b3 [12.9 kB]
2026-10-08T12:44:14.4590329Z #9 3.448 Get:101 http://deb.debian.org/debian bookworm/main amd64 libmp3lame0 amd64 3.100-6 [365 kB]
2026-10-08T12:44:14.4592429Z #9 3.450 Get:102 http://deb.debian.org/debian bookworm/main amd64 libmpg123-0 amd64 1.31.2-1+deb12u1 [147 kB]
2026-10-08T12:44:14.4594259Z #9 3.451 Get:103 http://deb.debian.org/debian bookworm/main amd64 libvorbis0a amd64 1.3.7-1 [93.0 kB]
2026-10-08T12:44:14.4595996Z #9 3.451 Get:104 http://deb.debian.org/debian bookworm/main amd64 libvorbisenc2 amd64 1.3.7-1 [80.6 kB]
2026-10-08T12:44:14.4597637Z #9 3.467 Get:105 http://deb.debian.org/debian bookworm/main amd64 libsndfile1 amd64 1.2.0-1+deb12u1 [197 kB]
2026-10-08T12:44:14.4599789Z #9 3.469 Get:106 http://deb.debian.org/debian bookworm/main amd64 libx11-xcb1 amd64 2:1.8.4-2+deb12u2 [192 kB]
2026-10-08T12:44:14.4601586Z #9 3.470 Get:107 http://deb.debian.org/debian bookworm/main amd64 libpulse0 amd64 16.1+dfsg1-2+b1 [274 kB]
2026-10-08T12:44:14.4603242Z #9 3.471 Get:108 http://deb.debian.org/debian bookworm/main amd64 libxcomposite1 amd64 1:0.4.5-1 [16.6 kB]
2026-10-08T12:44:14.4605140Z #9 3.481 Get:109 http://deb.debian.org/debian bookworm/main amd64 libxdamage1 amd64 1:1.1.6-1 [15.1 kB]
2026-10-08T12:44:14.4606785Z #9 3.481 Get:110 http://deb.debian.org/debian bookworm/main amd64 libxfixes3 amd64 1:6.0.0-2 [22.7 kB]
2026-10-08T12:44:14.4608331Z #9 3.482 Get:111 http://deb.debian.org/debian bookworm/main amd64 xkb-data all 2.35.1-1 [764 kB]
2026-10-08T12:44:14.4610303Z #9 3.485 Get:112 http://deb.debian.org/debian bookworm/main amd64 libxkbcommon0 amd64 1.5.0-1 [106 kB]
2026-10-08T12:44:14.4612126Z #9 3.486 Get:113 http://deb.debian.org/debian bookworm/main amd64 libxnvctrl0 amd64 525.85.05-3~deb12u1 [13.5 kB]
2026-10-08T12:44:14.4613949Z #9 3.486 Get:114 http://deb.debian.org/debian bookworm/main amd64 libxrandr2 amd64 2:1.5.2-2+b1 [39.2 kB]
2026-10-08T12:44:14.4615735Z #9 3.497 Get:115 http://deb.debian.org/debian bookworm/main amd64 libcairo-gobject2 amd64 1.16.0-7 [112 kB]
2026-10-08T12:44:14.4617363Z #9 3.498 Get:116 http://deb.debian.org/debian bookworm/main amd64 libcolord2 amd64 1.4.6-2.2 [137 kB]
2026-10-08T12:44:14.4619258Z #9 3.499 Get:117 http://deb.debian.org/debian bookworm/main amd64 libepoxy0 amd64 1.5.10-1 [189 kB]
2026-10-08T12:44:14.4621082Z #9 3.500 Get:118 http://deb.debian.org/debian bookworm/main amd64 libpangoft2-1.0-0 amd64 1.50.12+ds-1 [47.4 kB]
2026-10-08T12:44:14.4623004Z #9 3.514 Get:119 http://deb.debian.org/debian bookworm/main amd64 libpangocairo-1.0-0 amd64 1.50.12+ds-1 [34.2 kB]
2026-10-08T12:44:14.4625166Z #9 3.515 Get:120 http://deb.debian.org/debian bookworm/main amd64 libwayland-client0 amd64 1.21.0-1 [28.3 kB]
2026-10-08T12:44:14.4626925Z #9 3.516 Get:121 http://deb.debian.org/debian bookworm/main amd64 libwayland-cursor0 amd64 1.21.0-1 [14.4 kB]
2026-10-08T12:44:14.4629052Z #9 3.516 Get:122 http://deb.debian.org/debian bookworm/main amd64 libwayland-egl1 amd64 1.21.0-1 [8640 B]
2026-10-08T12:44:14.4630871Z #9 3.516 Get:123 http://deb.debian.org/debian bookworm/main amd64 libxcursor1 amd64 1:1.2.1-1 [40.9 kB]
2026-10-08T12:44:14.4632662Z #9 3.517 Get:124 http://deb.debian.org/debian bookworm/main amd64 libxinerama1 amd64 2:1.1.4-3 [17.8 kB]
2026-10-08T12:44:14.4634575Z #9 3.531 Get:125 http://deb.debian.org/debian bookworm/main amd64 dbus-user-session amd64 1.14.10-1~deb12u1 [78.1 kB]
2026-10-08T12:44:14.4636297Z #9 3.532 Get:126 http://deb.debian.org/debian bookworm/main amd64 libdconf1 amd64 0.40.0-4 [40.9 kB]
2026-10-08T12:44:14.4638123Z #9 3.533 Get:127 http://deb.debian.org/debian bookworm/main amd64 dconf-service amd64 0.40.0-4 [31.6 kB]
2026-10-08T12:44:14.4640248Z #9 3.534 Get:128 http://deb.debian.org/debian bookworm/main amd64 dconf-gsettings-backend amd64 0.40.0-4 [27.8 kB]
2026-10-08T12:44:14.4642149Z #9 3.548 Get:129 http://deb.debian.org/debian bookworm/main amd64 libgtk-3-common all 3.24.38-2~deb12u3 [3895 kB]
2026-10-08T12:44:14.5850751Z #9 3.566 Get:130 http://deb.debian.org/debian bookworm/main amd64 libgtk-3-0 amd64 3.24.38-2~deb12u3 [2847 kB]
2026-10-08T12:44:14.5852301Z #9 3.582 Get:131 http://deb.debian.org/debian bookworm/main amd64 libfontenc1 amd64 1:1.1.4-1 [24.3 kB]
2026-10-08T12:44:14.5853347Z #9 3.583 Get:132 http://deb.debian.org/debian bookworm/main amd64 libglvnd0 amd64 1.6.0-1 [51.8 kB]
2026-10-08T12:44:14.5854410Z #9 3.583 Get:133 http://deb.debian.org/debian bookworm/main amd64 libglapi-mesa amd64 22.3.6-1+deb12u2 [35.9 kB]
2026-10-08T12:44:14.5855577Z #9 3.584 Get:134 http://deb.debian.org/debian bookworm/main amd64 libxcb-dri2-0 amd64 1.15-1 [107 kB]
2026-10-08T12:44:14.5857220Z #9 3.584 Get:135 http://deb.debian.org/debian bookworm/main amd64 libxcb-dri3-0 amd64 1.15-1 [107 kB]
2026-10-08T12:44:14.5858998Z #9 3.585 Get:136 http://deb.debian.org/debian bookworm/main amd64 libxcb-glx0 amd64 1.15-1 [122 kB]
2026-10-08T12:44:14.5860470Z #9 3.586 Get:137 http://deb.debian.org/debian bookworm/main amd64 libxcb-present0 amd64 1.15-1 [105 kB]
2026-10-08T12:44:14.5861914Z #9 3.587 Get:138 http://deb.debian.org/debian bookworm/main amd64 libxcb-randr0 amd64 1.15-1 [117 kB]
2026-10-08T12:44:14.5863319Z #9 3.587 Get:139 http://deb.debian.org/debian bookworm/main amd64 libxcb-sync1 amd64 1.15-1 [109 kB]
2026-10-08T12:44:14.5864714Z #9 3.602 Get:140 http://deb.debian.org/debian bookworm/main amd64 libxcb-xfixes0 amd64 1.15-1 [109 kB]
2026-10-08T12:44:14.5866055Z #9 3.603 Get:141 http://deb.debian.org/debian bookworm/main amd64 libxshmfence1 amd64 1.3-1 [8820 B]
2026-10-08T12:44:14.5867423Z #9 3.603 Get:142 http://deb.debian.org/debian bookworm/main amd64 libxxf86vm1 amd64 1:1.1.4-1+b2 [20.8 kB]
2026-10-08T12:44:14.5868322Z #9 3.618 Get:143 http://deb.debian.org/debian bookworm/main amd64 libdrm-amdgpu1 amd64 2.4.114-1+b1 [20.9 kB]
2026-10-08T12:44:14.5869522Z #9 3.619 Get:144 http://deb.debian.org/debian bookworm/main amd64 libpciaccess0 amd64 0.17-2 [51.4 kB]
2026-10-08T12:44:14.5870455Z #9 3.620 Get:145 http://deb.debian.org/debian bookworm/main amd64 libdrm-intel1 amd64 2.4.114-1+b1 [64.0 kB]
2026-10-08T12:44:14.5871304Z #9 3.621 Get:146 http://deb.debian.org/debian bookworm/main amd64 libdrm-nouveau2 amd64 2.4.114-1+b1 [19.1 kB]
2026-10-08T12:44:14.5872145Z #9 3.621 Get:147 http://deb.debian.org/debian bookworm/main amd64 libdrm-radeon1 amd64 2.4.114-1+b1 [21.8 kB]
2026-10-08T12:44:14.5872903Z #9 3.622 Get:148 http://deb.debian.org/debian bookworm/main amd64 libelf1 amd64 0.188-2.1 [174 kB]
2026-10-08T12:44:14.5873646Z #9 3.623 Get:149 http://deb.debian.org/debian bookworm/main amd64 libedit2 amd64 3.1-20221030-2 [93.0 kB]
2026-10-08T12:44:14.5874388Z #9 3.636 Get:150 http://deb.debian.org/debian bookworm/main amd64 libz3-4 amd64 4.8.12-3.1 [7216 kB]
2026-10-08T12:44:14.5875333Z #9 3.674 Get:151 http://deb.debian.org/debian bookworm/main amd64 libllvm15 amd64 1:15.0.6-4+b1 [23.1 MB]
2026-10-08T12:44:14.6966426Z #9 3.785 Get:152 http://deb.debian.org/debian bookworm/main amd64 libsensors-config all 1:3.6.0-7.1 [14.3 kB]
2026-10-08T12:44:14.9245221Z #9 3.786 Get:153 http://deb.debian.org/debian bookworm/main amd64 libsensors5 amd64 1:3.6.0-7.1 [34.2 kB]
2026-10-08T12:44:14.9246710Z #9 3.787 Get:154 http://deb.debian.org/debian bookworm/main amd64 libgl1-mesa-dri amd64 22.3.6-1+deb12u2 [7240 kB]
2026-10-08T12:44:14.9247664Z #9 3.824 Get:155 http://deb.debian.org/debian bookworm/main amd64 libglx-mesa0 amd64 22.3.6-1+deb12u2 [148 kB]
2026-10-08T12:44:14.9248858Z #9 3.824 Get:156 http://deb.debian.org/debian bookworm/main amd64 libglx0 amd64 1.6.0-1 [34.4 kB]
2026-10-08T12:44:14.9249684Z #9 3.825 Get:157 http://deb.debian.org/debian bookworm/main amd64 libgl1 amd64 1.6.0-1 [88.4 kB]
2026-10-08T12:44:14.9250485Z #9 3.826 Get:158 http://deb.debian.org/debian bookworm/main amd64 x11-common all 1:7.7+23 [252 kB]
2026-10-08T12:44:14.9251289Z #9 3.827 Get:159 http://deb.debian.org/debian bookworm/main amd64 libice6 amd64 2:1.0.10-1 [58.5 kB]
2026-10-08T12:44:14.9252068Z #9 3.827 Get:160 http://deb.debian.org/debian bookworm/main amd64 libsm6 amd64 2:1.2.3-1 [35.1 kB]
2026-10-08T12:44:14.9252875Z #9 3.829 Get:161 http://deb.debian.org/debian bookworm/main amd64 libxt6 amd64 1:1.2.1-1.1 [186 kB]
2026-10-08T12:44:14.9253981Z #9 3.830 Get:162 http://deb.debian.org/debian bookworm/main amd64 libxmu6 amd64 2:1.1.3-3 [60.1 kB]
2026-10-08T12:44:14.9254842Z #9 3.830 Get:163 http://deb.debian.org/debian bookworm/main amd64 libxpm4 amd64 1:3.5.12-1.1+deb12u1 [48.6 kB]
2026-10-08T12:44:14.9255645Z #9 3.842 Get:164 http://deb.debian.org/debian bookworm/main amd64 libxaw7 amd64 2:1.0.14-1 [201 kB]
2026-10-08T12:44:14.9256380Z #9 3.859 Get:165 http://deb.debian.org/debian bookworm/main amd64 libxcb-shape0 amd64 1.15-1 [106 kB]
2026-10-08T12:44:14.9257103Z #9 3.860 Get:166 http://deb.debian.org/debian bookworm/main amd64 libxft2 amd64 2.3.6-1 [61.8 kB]
2026-10-08T12:44:14.9257840Z #9 3.860 Get:167 http://deb.debian.org/debian bookworm/main amd64 libxkbfile1 amd64 1:1.1.0-1 [75.2 kB]
2026-10-08T12:44:14.9258743Z #9 3.861 Get:168 http://deb.debian.org/debian bookworm/main amd64 libxmuu1 amd64 2:1.1.3-3 [23.9 kB]
2026-10-08T12:44:14.9259479Z #9 3.861 Get:169 http://deb.debian.org/debian bookworm/main amd64 libxtst6 amd64 2:1.2.3-1.1 [28.0 kB]
2026-10-08T12:44:14.9260219Z #9 3.862 Get:170 http://deb.debian.org/debian bookworm/main amd64 libxv1 amd64 2:1.0.11-1.1 [24.8 kB]
2026-10-08T12:44:14.9260965Z #9 3.862 Get:171 http://deb.debian.org/debian bookworm/main amd64 libxxf86dga1 amd64 2:1.1.5-1 [22.1 kB]
2026-10-08T12:44:14.9261686Z #9 3.863 Get:172 http://deb.debian.org/debian bookworm/main amd64 x11-utils amd64 7.7+5 [202 kB]
2026-10-08T12:44:14.9262394Z #9 3.864 Get:173 http://deb.debian.org/debian bookworm/main amd64 xdg-utils all 1.1.3-4.1 [75.5 kB]
2026-10-08T12:44:14.9263311Z #9 3.880 Get:174 http://deb.debian.org/debian-security bookworm-security/main amd64 chromium-common amd64 154.0.8037.92-1~deb12u1 [30.5 MB]
2026-10-08T12:44:14.9264339Z #9 4.013 Get:175 http://deb.debian.org/debian-security bookworm-security/main amd64 chromium amd64 154.0.8037.92-1~deb12u1 [80.3 MB]
2026-10-08T12:44:15.2710729Z #9 4.360 Get:176 http://deb.debian.org/debian bookworm/main amd64 tini amd64 0.19.0-1+b3 [267 kB]
2026-10-08T12:44:15.3784000Z #9 4.467 debconf: delaying package configuration, since apt-utils is not installed
2026-10-08T12:44:15.5384274Z #9 4.488 Fetched 207 MB in 1s (138 MB/s)
2026-10-08T12:44:15.5385052Z #9 4.501 Selecting previously unselected package libssl3:amd64.
2026-10-08T12:44:15.5385707Z #9 4.501 (Reading database ... 
2026-10-08T12:44:15.5386149Z (Reading database ... 5%
2026-10-08T12:44:15.5386550Z (Reading database ... 10%
2026-10-08T12:44:15.5386938Z (Reading database ... 15%
2026-10-08T12:44:15.5387311Z (Reading database ... 20%
2026-10-08T12:44:15.5387683Z (Reading database ... 25%
2026-10-08T12:44:15.5388594Z (Reading database ... 30%
2026-10-08T12:44:15.5389019Z (Reading database ... 35%
2026-10-08T12:44:15.5389394Z (Reading database ... 40%
2026-10-08T12:44:15.5389768Z (Reading database ... 45%
2026-10-08T12:44:15.5390141Z (Reading database ... 50%
2026-10-08T12:44:15.5390510Z (Reading database ... 55%
2026-10-08T12:44:15.5390887Z (Reading database ... 60%
2026-10-08T12:44:15.5391255Z (Reading database ... 65%
2026-10-08T12:44:15.5391627Z (Reading database ... 70%
2026-10-08T12:44:15.5391992Z (Reading database ... 75%
2026-10-08T12:44:15.5392369Z (Reading database ... 80%
2026-10-08T12:44:15.5392738Z (Reading database ... 85%
2026-10-08T12:44:15.5393108Z (Reading database ... 90%
2026-10-08T12:44:15.5393472Z (Reading database ... 95%
2026-10-08T12:44:15.5393849Z (Reading database ... 100%
2026-10-08T12:44:15.5394510Z (Reading database ... 6096 files and directories currently installed.)
2026-10-08T12:44:15.5395527Z #9 4.508 Preparing to unpack .../00-libssl3_3.0.22-1~deb12u1_amd64.deb ...
2026-10-08T12:44:15.5396467Z #9 4.509 Unpacking libssl3:amd64 (3.0.22-1~deb12u1) ...
2026-10-08T12:44:15.5397139Z #9 4.627 Selecting previously unselected package libargon2-1:amd64.
2026-10-08T12:44:15.6427394Z #9 4.629 Preparing to unpack .../01-libargon2-1_0~20171227-0.3+deb12u1_amd64.deb ...
2026-10-08T12:44:15.6429493Z #9 4.630 Unpacking libargon2-1:amd64 (0~20171227-0.3+deb12u1) ...
2026-10-08T12:44:15.6430738Z #9 4.643 Selecting previously unselected package dmsetup.
2026-10-08T12:44:15.6431532Z #9 4.644 Preparing to unpack .../02-dmsetup_2%3a1.02.185-2_amd64.deb ...
2026-10-08T12:44:15.6432001Z #9 4.645 Unpacking dmsetup (2:1.02.185-2) ...
2026-10-08T12:44:15.6432692Z #9 4.664 Selecting previously unselected package libdevmapper1.02.1:amd64.
2026-10-08T12:44:15.6433879Z #9 4.665 Preparing to unpack .../03-libdevmapper1.02.1_2%3a1.02.185-2_amd64.deb ...
2026-10-08T12:44:15.6434816Z #9 4.666 Unpacking libdevmapper1.02.1:amd64 (2:1.02.185-2) ...
2026-10-08T12:44:15.6435656Z #9 4.687 Selecting previously unselected package libjson-c5:amd64.
2026-10-08T12:44:15.6436425Z #9 4.688 Preparing to unpack .../04-libjson-c5_0.16-2_amd64.deb ...
2026-10-08T12:44:15.6437145Z #9 4.688 Unpacking libjson-c5:amd64 (0.16-2) ...
2026-10-08T12:44:15.6437642Z #9 4.704 Selecting previously unselected package libcryptsetup12:amd64.
2026-10-08T12:44:15.6438848Z #9 4.705 Preparing to unpack .../05-libcryptsetup12_2%3a2.6.1-4~deb12u2_amd64.deb ...
2026-10-08T12:44:15.6439633Z #9 4.706 Unpacking libcryptsetup12:amd64 (2:2.6.1-4~deb12u2) ...
2026-10-08T12:44:15.6440227Z #9 4.732 Selecting previously unselected package libfdisk1:amd64.
2026-10-08T12:44:15.8434040Z #9 4.733 Preparing to unpack .../06-libfdisk1_2.38.1-5+deb12u3_amd64.deb ...
2026-10-08T12:44:15.8434730Z #9 4.734 Unpacking libfdisk1:amd64 (2.38.1-5+deb12u3) ...
2026-10-08T12:44:15.8435313Z #9 4.759 Selecting previously unselected package libkmod2:amd64.
2026-10-08T12:44:15.8435953Z #9 4.760 Preparing to unpack .../07-libkmod2_30+20221128-1_amd64.deb ...
2026-10-08T12:44:15.8436556Z #9 4.761 Unpacking libkmod2:amd64 (30+20221128-1) ...
2026-10-08T12:44:15.8437148Z #9 4.777 Selecting previously unselected package libapparmor1:amd64.
2026-10-08T12:44:15.8437798Z #9 4.778 Preparing to unpack .../08-libapparmor1_3.0.8-3_amd64.deb ...
2026-10-08T12:44:15.8438344Z #9 4.778 Unpacking libapparmor1:amd64 (3.0.8-3) ...
2026-10-08T12:44:15.8439149Z #9 4.793 Selecting previously unselected package libip4tc2:amd64.
2026-10-08T12:44:15.8439786Z #9 4.794 Preparing to unpack .../09-libip4tc2_1.8.9-2_amd64.deb ...
2026-10-08T12:44:15.8440313Z #9 4.795 Unpacking libip4tc2:amd64 (1.8.9-2) ...
2026-10-08T12:44:15.8440914Z #9 4.808 Selecting previously unselected package libsystemd-shared:amd64.
2026-10-08T12:44:15.8441655Z #9 4.809 Preparing to unpack .../10-libsystemd-shared_252.39-1~deb12u2_amd64.deb ...
2026-10-08T12:44:15.8442328Z #9 4.810 Unpacking libsystemd-shared:amd64 (252.39-1~deb12u2) ...
2026-10-08T12:44:15.8442838Z #9 4.932 Setting up libssl3:amd64 (3.0.22-1~deb12u1) ...
2026-10-08T12:44:16.0319629Z #9 4.950 Selecting previously unselected package systemd.
2026-10-08T12:44:16.0320128Z #9 4.950 (Reading database ... 
2026-10-08T12:44:16.0320408Z (Reading database ... 5%
2026-10-08T12:44:16.0320679Z (Reading database ... 10%
2026-10-08T12:44:16.0320931Z (Reading database ... 15%
2026-10-08T12:44:16.0321187Z (Reading database ... 20%
2026-10-08T12:44:16.0321447Z (Reading database ... 25%
2026-10-08T12:44:16.0321686Z (Reading database ... 30%
2026-10-08T12:44:16.0321925Z (Reading database ... 35%
2026-10-08T12:44:16.0322168Z (Reading database ... 40%
2026-10-08T12:44:16.0322402Z (Reading database ... 45%
2026-10-08T12:44:16.0322639Z (Reading database ... 50%
2026-10-08T12:44:16.0322876Z (Reading database ... 55%
2026-10-08T12:44:16.0323116Z (Reading database ... 60%
2026-10-08T12:44:16.0323371Z (Reading database ... 65%
2026-10-08T12:44:16.0323616Z (Reading database ... 70%
2026-10-08T12:44:16.0323853Z (Reading database ... 75%
2026-10-08T12:44:16.0324088Z (Reading database ... 80%
2026-10-08T12:44:16.0324331Z (Reading database ... 85%
2026-10-08T12:44:16.0324567Z (Reading database ... 90%
2026-10-08T12:44:16.0324809Z (Reading database ... 95%
2026-10-08T12:44:16.0325057Z (Reading database ... 100%
2026-10-08T12:44:16.0325488Z (Reading database ... 6182 files and directories currently installed.)
2026-10-08T12:44:16.0326062Z #9 4.956 Preparing to unpack .../systemd_252.39-1~deb12u2_amd64.deb ...
2026-10-08T12:44:16.0326902Z #9 4.970 Unpacking systemd (252.39-1~deb12u2) ...
2026-10-08T12:44:16.1014195Z #9 5.190 Setting up libargon2-1:amd64 (0~20171227-0.3+deb12u1) ...
2026-10-08T12:44:16.2255182Z #9 5.192 Setting up libjson-c5:amd64 (0.16-2) ...
2026-10-08T12:44:16.2256081Z #9 5.194 Setting up libfdisk1:amd64 (2.38.1-5+deb12u3) ...
2026-10-08T12:44:16.2256875Z #9 5.196 Setting up libkmod2:amd64 (30+20221128-1) ...
2026-10-08T12:44:16.2257579Z #9 5.198 Setting up libapparmor1:amd64 (3.0.8-3) ...
2026-10-08T12:44:16.2258005Z #9 5.200 Setting up libip4tc2:amd64 (1.8.9-2) ...
2026-10-08T12:44:16.2258791Z #9 5.202 Setting up libsystemd-shared:amd64 (252.39-1~deb12u2) ...
2026-10-08T12:44:16.2259335Z #9 5.204 Setting up libdevmapper1.02.1:amd64 (2:1.02.185-2) ...
2026-10-08T12:44:16.2259842Z #9 5.206 Setting up libcryptsetup12:amd64 (2:2.6.1-4~deb12u2) ...
2026-10-08T12:44:16.2260286Z #9 5.208 Setting up systemd (252.39-1~deb12u2) ...
2026-10-08T12:44:16.2261280Z #9 5.220 Created symlink /etc/systemd/system/getty.target.wants/getty@tty1.service → /lib/systemd/system/getty@.service.
2026-10-08T12:44:16.2261753Z 
2026-10-08T12:44:16.2262354Z #9 5.224 Created symlink /etc/systemd/system/multi-user.target.wants/remote-fs.target → /lib/systemd/system/remote-fs.target.
2026-10-08T12:44:16.2263121Z 
2026-10-08T12:44:16.2264233Z #9 5.230 Created symlink /etc/systemd/system/sysinit.target.wants/systemd-pstore.service → /lib/systemd/system/systemd-pstore.service.
2026-10-08T12:44:16.2265313Z 
2026-10-08T12:44:16.2265680Z #9 5.235 Initializing machine ID from random generator.
2026-10-08T12:44:16.2265999Z 
2026-10-08T12:44:16.2266431Z #9 5.256 Creating group 'systemd-journal' with GID 999.
2026-10-08T12:44:16.2266849Z 
2026-10-08T12:44:16.2267061Z #9 5.257 Creating group 'systemd-network' with GID 998.
2026-10-08T12:44:16.2267284Z 
2026-10-08T12:44:16.2267915Z #9 5.257 Creating user 'systemd-network' (systemd Network Management) with UID 998 and GID 998.
2026-10-08T12:44:16.2268312Z 
2026-10-08T12:44:16.2269115Z #9 5.287 Setting up dmsetup (2:1.02.185-2) ...
2026-10-08T12:44:16.2269573Z #9 5.314 Selecting previously unselected package systemd-sysv.
2026-10-08T12:44:16.3334242Z #9 5.314 (Reading database ... 
2026-10-08T12:44:16.3334835Z (Reading database ... 5%
2026-10-08T12:44:16.3335300Z (Reading database ... 10%
2026-10-08T12:44:16.3335740Z (Reading database ... 15%
2026-10-08T12:44:16.3336148Z (Reading database ... 20%
2026-10-08T12:44:16.3336415Z (Reading database ... 25%
2026-10-08T12:44:16.3336680Z (Reading database ... 30%
2026-10-08T12:44:16.3336940Z (Reading database ... 35%
2026-10-08T12:44:16.3337189Z (Reading database ... 40%
2026-10-08T12:44:16.3337836Z (Reading database ... 45%
2026-10-08T12:44:16.3338115Z (Reading database ... 50%
2026-10-08T12:44:16.3338361Z (Reading database ... 55%
2026-10-08T12:44:16.3338955Z (Reading database ... 60%
2026-10-08T12:44:16.3339206Z (Reading database ... 65%
2026-10-08T12:44:16.3339449Z (Reading database ... 70%
2026-10-08T12:44:16.3339707Z (Reading database ... 75%
2026-10-08T12:44:16.3339943Z (Reading database ... 80%
2026-10-08T12:44:16.3340178Z (Reading database ... 85%
2026-10-08T12:44:16.3340430Z (Reading database ... 90%
2026-10-08T12:44:16.3340688Z (Reading database ... 95%
2026-10-08T12:44:16.3340925Z (Reading database ... 100%
2026-10-08T12:44:16.3341363Z (Reading database ... 7031 files and directories currently installed.)
2026-10-08T12:44:16.3341958Z #9 5.321 Preparing to unpack .../000-systemd-sysv_252.39-1~deb12u2_amd64.deb ...
2026-10-08T12:44:16.3342459Z #9 5.322 Unpacking systemd-sysv (252.39-1~deb12u2) ...
2026-10-08T12:44:16.3343124Z #9 5.338 Selecting previously unselected package libdbus-1-3:amd64.
2026-10-08T12:44:16.3344177Z #9 5.339 Preparing to unpack .../001-libdbus-1-3_1.14.10-1~deb12u1_amd64.deb ...
2026-10-08T12:44:16.3345230Z #9 5.340 Unpacking libdbus-1-3:amd64 (1.14.10-1~deb12u1) ...
2026-10-08T12:44:16.3346114Z #9 5.363 Selecting previously unselected package dbus-bin.
2026-10-08T12:44:16.3347248Z #9 5.364 Preparing to unpack .../002-dbus-bin_1.14.10-1~deb12u1_amd64.deb ...
2026-10-08T12:44:16.3347760Z #9 5.364 Unpacking dbus-bin (1.14.10-1~deb12u1) ...
2026-10-08T12:44:16.3349698Z #9 5.382 Selecting previously unselected package dbus-session-bus-common.
2026-10-08T12:44:16.3350736Z #9 5.383 Preparing to unpack .../003-dbus-session-bus-common_1.14.10-1~deb12u1_all.deb ...
2026-10-08T12:44:16.3351943Z #9 5.384 Unpacking dbus-session-bus-common (1.14.10-1~deb12u1) ...
2026-10-08T12:44:16.3352930Z #9 5.401 Selecting previously unselected package libexpat1:amd64.
2026-10-08T12:44:16.3353706Z #9 5.402 Preparing to unpack .../004-libexpat1_2.5.0-1+deb12u4_amd64.deb ...
2026-10-08T12:44:16.3354216Z #9 5.402 Unpacking libexpat1:amd64 (2.5.0-1+deb12u4) ...
2026-10-08T12:44:16.3354819Z #9 5.422 Selecting previously unselected package dbus-daemon.
2026-10-08T12:44:16.4425861Z #9 5.424 Preparing to unpack .../005-dbus-daemon_1.14.10-1~deb12u1_amd64.deb ...
2026-10-08T12:44:16.4426471Z #9 5.424 Unpacking dbus-daemon (1.14.10-1~deb12u1) ...
2026-10-08T12:44:16.4427025Z #9 5.447 Selecting previously unselected package dbus-system-bus-common.
2026-10-08T12:44:16.4427663Z #9 5.448 Preparing to unpack .../006-dbus-system-bus-common_1.14.10-1~deb12u1_all.deb ...
2026-10-08T12:44:16.4449446Z #9 5.449 Unpacking dbus-system-bus-common (1.14.10-1~deb12u1) ...
2026-10-08T12:44:16.4450072Z #9 5.467 Selecting previously unselected package dbus.
2026-10-08T12:44:16.4450597Z #9 5.468 Preparing to unpack .../007-dbus_1.14.10-1~deb12u1_amd64.deb ...
2026-10-08T12:44:16.4451075Z #9 5.470 Unpacking dbus (1.14.10-1~deb12u1) ...
2026-10-08T12:44:16.4451566Z #9 5.490 Selecting previously unselected package libncursesw6:amd64.
2026-10-08T12:44:16.4452133Z #9 5.491 Preparing to unpack .../008-libncursesw6_6.4-4_amd64.deb ...
2026-10-08T12:44:16.4452588Z #9 5.491 Unpacking libncursesw6:amd64 (6.4-4) ...
2026-10-08T12:44:16.4453045Z #9 5.513 Selecting previously unselected package libproc2-0:amd64.
2026-10-08T12:44:16.4453569Z #9 5.514 Preparing to unpack .../009-libproc2-0_2%3a4.0.2-3_amd64.deb ...
2026-10-08T12:44:16.4454044Z #9 5.514 Unpacking libproc2-0:amd64 (2:4.0.2-3) ...
2026-10-08T12:44:16.4454471Z #9 5.531 Selecting previously unselected package procps.
2026-10-08T12:44:16.6092047Z #9 5.533 Preparing to unpack .../010-procps_2%3a4.0.2-3_amd64.deb ...
2026-10-08T12:44:16.6092580Z #9 5.541 Unpacking procps (2:4.0.2-3) ...
2026-10-08T12:44:16.6093063Z #9 5.598 Selecting previously unselected package libpam-systemd:amd64.
2026-10-08T12:44:16.6093690Z #9 5.600 Preparing to unpack .../011-libpam-systemd_252.39-1~deb12u2_amd64.deb ...
2026-10-08T12:44:16.6094537Z #9 5.601 Unpacking libpam-systemd:amd64 (252.39-1~deb12u2) ...
2026-10-08T12:44:16.6095078Z #9 5.627 Selecting previously unselected package hicolor-icon-theme.
2026-10-08T12:44:16.6095641Z #9 5.628 Preparing to unpack .../012-hicolor-icon-theme_0.17-2_all.deb ...
2026-10-08T12:44:16.6096147Z #9 5.629 Unpacking hicolor-icon-theme (0.17-2) ...
2026-10-08T12:44:16.6096679Z #9 5.698 Selecting previously unselected package libgdk-pixbuf2.0-common.
2026-10-08T12:44:16.7407075Z #9 5.699 Preparing to unpack .../013-libgdk-pixbuf2.0-common_2.42.10+dfsg-1+deb12u4_all.deb ...
2026-10-08T12:44:16.7408194Z #9 5.700 Unpacking libgdk-pixbuf2.0-common (2.42.10+dfsg-1+deb12u4) ...
2026-10-08T12:44:16.7409335Z #9 5.737 Selecting previously unselected package libglib2.0-0:amd64.
2026-10-08T12:44:16.7410240Z #9 5.739 Preparing to unpack .../014-libglib2.0-0_2.74.6-2+deb12u9_amd64.deb ...
2026-10-08T12:44:16.7411046Z #9 5.739 Unpacking libglib2.0-0:amd64 (2.74.6-2+deb12u9) ...
2026-10-08T12:44:16.7411790Z #9 5.830 Selecting previously unselected package libicu72:amd64.
2026-10-08T12:44:16.8937430Z #9 5.831 Preparing to unpack .../015-libicu72_72.1-3+deb12u1_amd64.deb ...
2026-10-08T12:44:16.8938956Z #9 5.832 Unpacking libicu72:amd64 (72.1-3+deb12u1) ...
2026-10-08T12:44:17.2010655Z #9 6.290 Selecting previously unselected package libxml2:amd64.
2026-10-08T12:44:17.3167469Z #9 6.291 Preparing to unpack .../016-libxml2_2.9.14+dfsg-1.3~deb12u6_amd64.deb ...
2026-10-08T12:44:17.3169299Z #9 6.292 Unpacking libxml2:amd64 (2.9.14+dfsg-1.3~deb12u6) ...
2026-10-08T12:44:17.3170494Z #9 6.342 Selecting previously unselected package shared-mime-info.
2026-10-08T12:44:17.3171652Z #9 6.343 Preparing to unpack .../017-shared-mime-info_2.2-1_amd64.deb ...
2026-10-08T12:44:17.3172694Z #9 6.344 Unpacking shared-mime-info (2.2-1) ...
2026-10-08T12:44:17.3174179Z #9 6.404 Selecting previously unselected package libjpeg62-turbo:amd64.
2026-10-08T12:44:17.4286924Z #9 6.406 Preparing to unpack .../018-libjpeg62-turbo_1%3a2.1.5-2_amd64.deb ...
2026-10-08T12:44:17.4287776Z #9 6.407 Unpacking libjpeg62-turbo:amd64 (1:2.1.5-2) ...
2026-10-08T12:44:17.4288547Z #9 6.429 Selecting previously unselected package libpng16-16:amd64.
2026-10-08T12:44:17.4289261Z #9 6.430 Preparing to unpack .../019-libpng16-16_1.6.39-2+deb12u6_amd64.deb ...
2026-10-08T12:44:17.4290241Z #9 6.431 Unpacking libpng16-16:amd64 (1.6.39-2+deb12u6) ...
2026-10-08T12:44:17.4290841Z #9 6.458 Selecting previously unselected package libdeflate0:amd64.
2026-10-08T12:44:17.4291366Z #9 6.459 Preparing to unpack .../020-libdeflate0_1.14-1_amd64.deb ...
2026-10-08T12:44:17.4291812Z #9 6.460 Unpacking libdeflate0:amd64 (1.14-1) ...
2026-10-08T12:44:17.4292260Z #9 6.476 Selecting previously unselected package libjbig0:amd64.
2026-10-08T12:44:17.4292745Z #9 6.477 Preparing to unpack .../021-libjbig0_2.1-6.1_amd64.deb ...
2026-10-08T12:44:17.4293172Z #9 6.478 Unpacking libjbig0:amd64 (2.1-6.1) ...
2026-10-08T12:44:17.4293613Z #9 6.493 Selecting previously unselected package liblerc4:amd64.
2026-10-08T12:44:17.4294116Z #9 6.494 Preparing to unpack .../022-liblerc4_4.0.0+ds-2_amd64.deb ...
2026-10-08T12:44:17.4294616Z #9 6.495 Unpacking liblerc4:amd64 (4.0.0+ds-2) ...
2026-10-08T12:44:17.4295480Z #9 6.518 Selecting previously unselected package libwebp7:amd64.
2026-10-08T12:44:17.5357385Z #9 6.519 Preparing to unpack .../023-libwebp7_1.2.4-0.2+deb12u1_amd64.deb ...
2026-10-08T12:44:17.5358176Z #9 6.520 Unpacking libwebp7:amd64 (1.2.4-0.2+deb12u1) ...
2026-10-08T12:44:17.5358944Z #9 6.549 Selecting previously unselected package libtiff6:amd64.
2026-10-08T12:44:17.5359492Z #9 6.550 Preparing to unpack .../024-libtiff6_4.5.0-6+deb12u4_amd64.deb ...
2026-10-08T12:44:17.5359971Z #9 6.551 Unpacking libtiff6:amd64 (4.5.0-6+deb12u4) ...
2026-10-08T12:44:17.5360475Z #9 6.576 Selecting previously unselected package libgdk-pixbuf-2.0-0:amd64.
2026-10-08T12:44:17.5361129Z #9 6.577 Preparing to unpack .../025-libgdk-pixbuf-2.0-0_2.42.10+dfsg-1+deb12u4_amd64.deb ...
2026-10-08T12:44:17.5361745Z #9 6.578 Unpacking libgdk-pixbuf-2.0-0:amd64 (2.42.10+dfsg-1+deb12u4) ...
2026-10-08T12:44:17.5362544Z #9 6.600 Selecting previously unselected package gtk-update-icon-cache.
2026-10-08T12:44:17.5363311Z #9 6.601 Preparing to unpack .../026-gtk-update-icon-cache_3.24.38-2~deb12u3_amd64.deb ...
2026-10-08T12:44:17.5364310Z #9 6.602 Unpacking gtk-update-icon-cache (3.24.38-2~deb12u3) ...
2026-10-08T12:44:17.5365344Z #9 6.625 Selecting previously unselected package adwaita-icon-theme.
2026-10-08T12:44:17.6881183Z #9 6.626 Preparing to unpack .../027-adwaita-icon-theme_43-1_all.deb ...
2026-10-08T12:44:17.6882299Z #9 6.627 Unpacking adwaita-icon-theme (43-1) ...
2026-10-08T12:44:18.5717753Z #9 7.661 Selecting previously unselected package at-spi2-common.
2026-10-08T12:44:18.6911586Z #9 7.664 Preparing to unpack .../028-at-spi2-common_2.46.0-5_all.deb ...
2026-10-08T12:44:18.6912442Z #9 7.665 Unpacking at-spi2-common (2.46.0-5) ...
2026-10-08T12:44:18.6913186Z #9 7.695 Selecting previously unselected package bubblewrap.
2026-10-08T12:44:18.6914149Z #9 7.696 Preparing to unpack .../029-bubblewrap_0.8.0-2+deb12u1_amd64.deb ...
2026-10-08T12:44:18.6914956Z #9 7.697 Unpacking bubblewrap (0.8.0-2+deb12u1) ...
2026-10-08T12:44:18.6915726Z #9 7.713 Selecting previously unselected package libasound2-data.
2026-10-08T12:44:18.6916614Z #9 7.715 Preparing to unpack .../030-libasound2-data_1.2.8-1_all.deb ...
2026-10-08T12:44:18.6917675Z #9 7.716 Unpacking libasound2-data (1.2.8-1) ...
2026-10-08T12:44:18.6918635Z #9 7.742 Selecting previously unselected package libasound2:amd64.
2026-10-08T12:44:18.6919526Z #9 7.744 Preparing to unpack .../031-libasound2_1.2.8-1+b1_amd64.deb ...
2026-10-08T12:44:18.6920267Z #9 7.745 Unpacking libasound2:amd64 (1.2.8-1+b1) ...
2026-10-08T12:44:18.6921010Z #9 7.780 Selecting previously unselected package libatk1.0-0:amd64.
2026-10-08T12:44:18.8471587Z #9 7.782 Preparing to unpack .../032-libatk1.0-0_2.46.0-5_amd64.deb ...
2026-10-08T12:44:18.8472572Z #9 7.783 Unpacking libatk1.0-0:amd64 (2.46.0-5) ...
2026-10-08T12:44:18.8473197Z #9 7.800 Selecting previously unselected package libxau6:amd64.
2026-10-08T12:44:18.8473833Z #9 7.801 Preparing to unpack .../033-libxau6_1%3a1.0.9-1_amd64.deb ...
2026-10-08T12:44:18.8474407Z #9 7.802 Unpacking libxau6:amd64 (1:1.0.9-1) ...
2026-10-08T12:44:18.8474901Z #9 7.817 Selecting previously unselected package libbsd0:amd64.
2026-10-08T12:44:18.8475528Z #9 7.818 Preparing to unpack .../034-libbsd0_0.11.7-2_amd64.deb ...
2026-10-08T12:44:18.8475974Z #9 7.819 Unpacking libbsd0:amd64 (0.11.7-2) ...
2026-10-08T12:44:18.8476614Z #9 7.839 Selecting previously unselected package libxdmcp6:amd64.
2026-10-08T12:44:18.8477130Z #9 7.841 Preparing to unpack .../035-libxdmcp6_1%3a1.1.2-3_amd64.deb ...
2026-10-08T12:44:18.8477752Z #9 7.841 Unpacking libxdmcp6:amd64 (1:1.1.2-3) ...
2026-10-08T12:44:18.8478219Z #9 7.856 Selecting previously unselected package libxcb1:amd64.
2026-10-08T12:44:18.8479271Z #9 7.858 Preparing to unpack .../036-libxcb1_1.15-1_amd64.deb ...
2026-10-08T12:44:18.8479788Z #9 7.858 Unpacking libxcb1:amd64 (1.15-1) ...
2026-10-08T12:44:18.8480347Z #9 7.876 Selecting previously unselected package libx11-data.
2026-10-08T12:44:18.8480942Z #9 7.877 Preparing to unpack .../037-libx11-data_2%3a1.8.4-2+deb12u2_all.deb ...
2026-10-08T12:44:18.8481563Z #9 7.878 Unpacking libx11-data (2:1.8.4-2+deb12u2) ...
2026-10-08T12:44:18.8482038Z #9 7.936 Selecting previously unselected package libx11-6:amd64.
2026-10-08T12:44:18.9473200Z #9 7.938 Preparing to unpack .../038-libx11-6_2%3a1.8.4-2+deb12u2_amd64.deb ...
2026-10-08T12:44:18.9474181Z #9 7.939 Unpacking libx11-6:amd64 (2:1.8.4-2+deb12u2) ...
2026-10-08T12:44:18.9475638Z #9 7.990 Selecting previously unselected package libxext6:amd64.
2026-10-08T12:44:18.9476692Z #9 7.992 Preparing to unpack .../039-libxext6_2%3a1.3.4-1+b1_amd64.deb ...
2026-10-08T12:44:18.9477688Z #9 7.993 Unpacking libxext6:amd64 (2:1.3.4-1+b1) ...
2026-10-08T12:44:18.9478776Z #9 8.010 Selecting previously unselected package libxi6:amd64.
2026-10-08T12:44:18.9479740Z #9 8.012 Preparing to unpack .../040-libxi6_2%3a1.8-1+b1_amd64.deb ...
2026-10-08T12:44:18.9480874Z #9 8.012 Unpacking libxi6:amd64 (2:1.8-1+b1) ...
2026-10-08T12:44:18.9481803Z #9 8.034 Selecting previously unselected package libatspi2.0-0:amd64.
2026-10-08T12:44:18.9482808Z #9 8.035 Preparing to unpack .../041-libatspi2.0-0_2.46.0-5_amd64.deb ...
2026-10-08T12:44:18.9483649Z #9 8.036 Unpacking libatspi2.0-0:amd64 (2.46.0-5) ...
2026-10-08T12:44:19.0615401Z #9 8.055 Selecting previously unselected package libatk-bridge2.0-0:amd64.
2026-10-08T12:44:19.0616344Z #9 8.056 Preparing to unpack .../042-libatk-bridge2.0-0_2.46.0-5_amd64.deb ...
2026-10-08T12:44:19.0617115Z #9 8.057 Unpacking libatk-bridge2.0-0:amd64 (2.46.0-5) ...
2026-10-08T12:44:19.0617709Z #9 8.075 Selecting previously unselected package libbrotli1:amd64.
2026-10-08T12:44:19.0619011Z #9 8.076 Preparing to unpack .../043-libbrotli1_1.0.9-2+b6_amd64.deb ...
2026-10-08T12:44:19.0619965Z #9 8.077 Unpacking libbrotli1:amd64 (1.0.9-2+b6) ...
2026-10-08T12:44:19.0620700Z #9 8.111 Selecting previously unselected package libfreetype6:amd64.
2026-10-08T12:44:19.0621711Z #9 8.113 Preparing to unpack .../044-libfreetype6_2.12.1+dfsg-5+deb12u4_amd64.deb ...
2026-10-08T12:44:19.0622810Z #9 8.113 Unpacking libfreetype6:amd64 (2.12.1+dfsg-5+deb12u4) ...
2026-10-08T12:44:19.0623554Z #9 8.151 Selecting previously unselected package fonts-dejavu-core.
2026-10-08T12:44:19.2500377Z #9 8.152 Preparing to unpack .../045-fonts-dejavu-core_2.37-6_all.deb ...
2026-10-08T12:44:19.2501097Z #9 8.153 Unpacking fonts-dejavu-core (2.37-6) ...
2026-10-08T12:44:19.2501628Z #9 8.238 Selecting previously unselected package fontconfig-config.
2026-10-08T12:44:19.2502241Z #9 8.240 Preparing to unpack .../046-fontconfig-config_2.14.1-4_amd64.deb ...
2026-10-08T12:44:19.2502770Z #9 8.338 Unpacking fontconfig-config (2.14.1-4) ...
2026-10-08T12:44:19.3615226Z #9 8.367 Selecting previously unselected package libfontconfig1:amd64.
2026-10-08T12:44:19.3616340Z #9 8.369 Preparing to unpack .../047-libfontconfig1_2.14.1-4_amd64.deb ...
2026-10-08T12:44:19.3617245Z #9 8.370 Unpacking libfontconfig1:amd64 (2.14.1-4) ...
2026-10-08T12:44:19.3618103Z #9 8.392 Selecting previously unselected package libpixman-1-0:amd64.
2026-10-08T12:44:19.3620072Z #9 8.394 Preparing to unpack .../048-libpixman-1-0_0.42.2-1_amd64.deb ...
2026-10-08T12:44:19.3620635Z #9 8.395 Unpacking libpixman-1-0:amd64 (0.42.2-1) ...
2026-10-08T12:44:19.3621164Z #9 8.427 Selecting previously unselected package libxcb-render0:amd64.
2026-10-08T12:44:19.3621719Z #9 8.429 Preparing to unpack .../049-libxcb-render0_1.15-1_amd64.deb ...
2026-10-08T12:44:19.3622183Z #9 8.430 Unpacking libxcb-render0:amd64 (1.15-1) ...
2026-10-08T12:44:19.3622661Z #9 8.450 Selecting previously unselected package libxcb-shm0:amd64.
2026-10-08T12:44:19.4720222Z #9 8.452 Preparing to unpack .../050-libxcb-shm0_1.15-1_amd64.deb ...
2026-10-08T12:44:19.4720763Z #9 8.453 Unpacking libxcb-shm0:amd64 (1.15-1) ...
2026-10-08T12:44:19.4721247Z #9 8.471 Selecting previously unselected package libxrender1:amd64.
2026-10-08T12:44:19.4721839Z #9 8.473 Preparing to unpack .../051-libxrender1_1%3a0.9.10-1.1_amd64.deb ...
2026-10-08T12:44:19.4722358Z #9 8.474 Unpacking libxrender1:amd64 (1:0.9.10-1.1) ...
2026-10-08T12:44:19.4722841Z #9 8.489 Selecting previously unselected package libcairo2:amd64.
2026-10-08T12:44:19.4723379Z #9 8.491 Preparing to unpack .../052-libcairo2_1.16.0-7_amd64.deb ...
2026-10-08T12:44:19.4723838Z #9 8.491 Unpacking libcairo2:amd64 (1.16.0-7) ...
2026-10-08T12:44:19.4724341Z #9 8.536 Selecting previously unselected package libavahi-common-data:amd64.
2026-10-08T12:44:19.4724965Z #9 8.538 Preparing to unpack .../053-libavahi-common-data_0.8-10+deb12u1_amd64.deb ...
2026-10-08T12:44:19.4725547Z #9 8.539 Unpacking libavahi-common-data:amd64 (0.8-10+deb12u1) ...
2026-10-08T12:44:19.4726083Z #9 8.561 Selecting previously unselected package libavahi-common3:amd64.
2026-10-08T12:44:19.6030288Z #9 8.563 Preparing to unpack .../054-libavahi-common3_0.8-10+deb12u1_amd64.deb ...
2026-10-08T12:44:19.6031922Z #9 8.564 Unpacking libavahi-common3:amd64 (0.8-10+deb12u1) ...
2026-10-08T12:44:19.6032940Z #9 8.579 Selecting previously unselected package libavahi-client3:amd64.
2026-10-08T12:44:19.6034040Z #9 8.580 Preparing to unpack .../055-libavahi-client3_0.8-10+deb12u1_amd64.deb ...
2026-10-08T12:44:19.6035021Z #9 8.581 Unpacking libavahi-client3:amd64 (0.8-10+deb12u1) ...
2026-10-08T12:44:19.6035949Z #9 8.597 Selecting previously unselected package libkrb5support0:amd64.
2026-10-08T12:44:19.6036681Z #9 8.599 Preparing to unpack .../056-libkrb5support0_1.20.1-2+deb12u5_amd64.deb ...
2026-10-08T12:44:19.6037260Z #9 8.600 Unpacking libkrb5support0:amd64 (1.20.1-2+deb12u5) ...
2026-10-08T12:44:19.6037779Z #9 8.615 Selecting previously unselected package libk5crypto3:amd64.
2026-10-08T12:44:19.6038667Z #9 8.617 Preparing to unpack .../057-libk5crypto3_1.20.1-2+deb12u5_amd64.deb ...
2026-10-08T12:44:19.6039262Z #9 8.618 Unpacking libk5crypto3:amd64 (1.20.1-2+deb12u5) ...
2026-10-08T12:44:19.6039779Z #9 8.636 Selecting previously unselected package libkeyutils1:amd64.
2026-10-08T12:44:19.6040316Z #9 8.637 Preparing to unpack .../058-libkeyutils1_1.6.3-2_amd64.deb ...
2026-10-08T12:44:19.6040781Z #9 8.638 Unpacking libkeyutils1:amd64 (1.6.3-2) ...
2026-10-08T12:44:19.6041241Z #9 8.653 Selecting previously unselected package libkrb5-3:amd64.
2026-10-08T12:44:19.6041781Z #9 8.654 Preparing to unpack .../059-libkrb5-3_1.20.1-2+deb12u5_amd64.deb ...
2026-10-08T12:44:19.6042479Z #9 8.655 Unpacking libkrb5-3:amd64 (1.20.1-2+deb12u5) ...
2026-10-08T12:44:19.6042976Z #9 8.692 Selecting previously unselected package libgssapi-krb5-2:amd64.
2026-10-08T12:44:19.7092996Z #9 8.694 Preparing to unpack .../060-libgssapi-krb5-2_1.20.1-2+deb12u5_amd64.deb ...
2026-10-08T12:44:19.7093655Z #9 8.695 Unpacking libgssapi-krb5-2:amd64 (1.20.1-2+deb12u5) ...
2026-10-08T12:44:19.7094547Z #9 8.717 Selecting previously unselected package libcups2:amd64.
2026-10-08T12:44:19.7095413Z #9 8.719 Preparing to unpack .../061-libcups2_2.4.2-3+deb12u9_amd64.deb ...
2026-10-08T12:44:19.7096219Z #9 8.720 Unpacking libcups2:amd64 (2.4.2-3+deb12u9) ...
2026-10-08T12:44:19.7097004Z #9 8.748 Selecting previously unselected package libdav1d6:amd64.
2026-10-08T12:44:19.7097841Z #9 8.750 Preparing to unpack .../062-libdav1d6_1.0.0-2+deb12u1_amd64.deb ...
2026-10-08T12:44:19.7098808Z #9 8.751 Unpacking libdav1d6:amd64 (1.0.0-2+deb12u1) ...
2026-10-08T12:44:19.7099772Z #9 8.798 Selecting previously unselected package libdouble-conversion3:amd64.
2026-10-08T12:44:19.8255486Z #9 8.800 Preparing to unpack .../063-libdouble-conversion3_3.2.1-1_amd64.deb ...
2026-10-08T12:44:19.8256771Z #9 8.801 Unpacking libdouble-conversion3:amd64 (3.2.1-1) ...
2026-10-08T12:44:19.8258121Z #9 8.817 Selecting previously unselected package libogg0:amd64.
2026-10-08T12:44:19.8259531Z #9 8.819 Preparing to unpack .../064-libogg0_1.3.5-3_amd64.deb ...
2026-10-08T12:44:19.8260509Z #9 8.819 Unpacking libogg0:amd64 (1.3.5-3) ...
2026-10-08T12:44:19.8261515Z #9 8.834 Selecting previously unselected package libflac12:amd64.
2026-10-08T12:44:19.8262140Z #9 8.836 Preparing to unpack .../065-libflac12_1.4.2+ds-2_amd64.deb ...
2026-10-08T12:44:19.8262625Z #9 8.837 Unpacking libflac12:amd64 (1.4.2+ds-2) ...
2026-10-08T12:44:19.8263091Z #9 8.861 Selecting previously unselected package libdrm-common.
2026-10-08T12:44:19.8263620Z #9 8.863 Preparing to unpack .../066-libdrm-common_2.4.114-1_all.deb ...
2026-10-08T12:44:19.8264095Z #9 8.863 Unpacking libdrm-common (2.4.114-1) ...
2026-10-08T12:44:19.8264543Z #9 8.877 Selecting previously unselected package libdrm2:amd64.
2026-10-08T12:44:19.8265047Z #9 8.879 Preparing to unpack .../067-libdrm2_2.4.114-1+b1_amd64.deb ...
2026-10-08T12:44:19.8265513Z #9 8.880 Unpacking libdrm2:amd64 (2.4.114-1+b1) ...
2026-10-08T12:44:19.8266048Z #9 8.895 Selecting previously unselected package libwayland-server0:amd64.
2026-10-08T12:44:19.8266672Z #9 8.897 Preparing to unpack .../068-libwayland-server0_1.21.0-1_amd64.deb ...
2026-10-08T12:44:19.8267213Z #9 8.898 Unpacking libwayland-server0:amd64 (1.21.0-1) ...
2026-10-08T12:44:19.8267953Z #9 8.914 Selecting previously unselected package libgbm1:amd64.
2026-10-08T12:44:19.9677530Z #9 8.916 Preparing to unpack .../069-libgbm1_22.3.6-1+deb12u2_amd64.deb ...
2026-10-08T12:44:19.9678651Z #9 8.917 Unpacking libgbm1:amd64 (22.3.6-1+deb12u2) ...
2026-10-08T12:44:19.9679547Z #9 8.934 Selecting previously unselected package libgraphite2-3:amd64.
2026-10-08T12:44:19.9680632Z #9 8.935 Preparing to unpack .../070-libgraphite2-3_1.3.14-1+deb12u1_amd64.deb ...
2026-10-08T12:44:19.9681575Z #9 8.936 Unpacking libgraphite2-3:amd64 (1.3.14-1+deb12u1) ...
2026-10-08T12:44:19.9682455Z #9 8.954 Selecting previously unselected package libharfbuzz0b:amd64.
2026-10-08T12:44:19.9683421Z #9 8.956 Preparing to unpack .../071-libharfbuzz0b_6.0.0+dfsg-3_amd64.deb ...
2026-10-08T12:44:19.9684290Z #9 8.957 Unpacking libharfbuzz0b:amd64 (6.0.0+dfsg-3) ...
2026-10-08T12:44:19.9685189Z #9 9.007 Selecting previously unselected package libharfbuzz-subset0:amd64.
2026-10-08T12:44:19.9686245Z #9 9.009 Preparing to unpack .../072-libharfbuzz-subset0_6.0.0+dfsg-3_amd64.deb ...
2026-10-08T12:44:19.9687143Z #9 9.009 Unpacking libharfbuzz-subset0:amd64 (6.0.0+dfsg-3) ...
2026-10-08T12:44:19.9687952Z #9 9.057 Selecting previously unselected package liblcms2-2:amd64.
2026-10-08T12:44:20.0901425Z #9 9.059 Preparing to unpack .../073-liblcms2-2_2.14-2+deb12u1_amd64.deb ...
2026-10-08T12:44:20.0902787Z #9 9.060 Unpacking liblcms2-2:amd64 (2.14-2+deb12u1) ...
2026-10-08T12:44:20.0903817Z #9 9.083 Selecting previously unselected package libminizip1:amd64.
2026-10-08T12:44:20.0904815Z #9 9.085 Preparing to unpack .../074-libminizip1_1.1-8+deb12u1_amd64.deb ...
2026-10-08T12:44:20.0905346Z #9 9.086 Unpacking libminizip1:amd64 (1.1-8+deb12u1) ...
2026-10-08T12:44:20.0905830Z #9 9.100 Selecting previously unselected package libnspr4:amd64.
2026-10-08T12:44:20.0906345Z #9 9.102 Preparing to unpack .../075-libnspr4_2%3a4.35-1_amd64.deb ...
2026-10-08T12:44:20.0906798Z #9 9.102 Unpacking libnspr4:amd64 (2:4.35-1) ...
2026-10-08T12:44:20.0907300Z #9 9.123 Selecting previously unselected package libsqlite3-0:amd64.
2026-10-08T12:44:20.0907874Z #9 9.125 Preparing to unpack .../076-libsqlite3-0_3.40.1-2+deb12u2_amd64.deb ...
2026-10-08T12:44:20.0908692Z #9 9.126 Unpacking libsqlite3-0:amd64 (3.40.1-2+deb12u2) ...
2026-10-08T12:44:20.0909196Z #9 9.179 Selecting previously unselected package libnss3:amd64.
2026-10-08T12:44:20.1908791Z #9 9.181 Preparing to unpack .../077-libnss3_2%3a3.87.1-1+deb12u4_amd64.deb ...
2026-10-08T12:44:20.1909744Z #9 9.182 Unpacking libnss3:amd64 (2:3.87.1-1+deb12u4) ...
2026-10-08T12:44:20.1910593Z #9 9.280 Selecting previously unselected package libopenh264-7:amd64.
2026-10-08T12:44:20.3150854Z #9 9.282 Preparing to unpack .../078-libopenh264-7_2.3.1+dfsg-3+deb12u2_amd64.deb ...
2026-10-08T12:44:20.3151924Z #9 9.283 Unpacking libopenh264-7:amd64 (2.3.1+dfsg-3+deb12u2) ...
2026-10-08T12:44:20.3152829Z #9 9.320 Selecting previously unselected package libopenjp2-7:amd64.
2026-10-08T12:44:20.3153850Z #9 9.322 Preparing to unpack .../079-libopenjp2-7_2.5.0-2+deb12u3_amd64.deb ...
2026-10-08T12:44:20.3154715Z #9 9.323 Unpacking libopenjp2-7:amd64 (2.5.0-2+deb12u3) ...
2026-10-08T12:44:20.3155526Z #9 9.348 Selecting previously unselected package libopus0:amd64.
2026-10-08T12:44:20.3156393Z #9 9.350 Preparing to unpack .../080-libopus0_1.3.1-3_amd64.deb ...
2026-10-08T12:44:20.3157141Z #9 9.351 Unpacking libopus0:amd64 (1.3.1-3) ...
2026-10-08T12:44:20.3157859Z #9 9.376 Selecting previously unselected package fontconfig.
2026-10-08T12:44:20.3158937Z #9 9.378 Preparing to unpack .../081-fontconfig_2.14.1-4_amd64.deb ...
2026-10-08T12:44:20.3159684Z #9 9.379 Unpacking fontconfig (2.14.1-4) ...
2026-10-08T12:44:20.3160455Z #9 9.404 Selecting previously unselected package libfribidi0:amd64.
2026-10-08T12:44:20.4247396Z #9 9.406 Preparing to unpack .../082-libfribidi0_1.0.8-2.1_amd64.deb ...
2026-10-08T12:44:20.4248353Z #9 9.407 Unpacking libfribidi0:amd64 (1.0.8-2.1) ...
2026-10-08T12:44:20.4249666Z #9 9.424 Selecting previously unselected package libthai-data.
2026-10-08T12:44:20.4250598Z #9 9.426 Preparing to unpack .../083-libthai-data_0.1.29-1_all.deb ...
2026-10-08T12:44:20.4251391Z #9 9.427 Unpacking libthai-data (0.1.29-1) ...
2026-10-08T12:44:20.4252174Z #9 9.475 Selecting previously unselected package libdatrie1:amd64.
2026-10-08T12:44:20.4253113Z #9 9.477 Preparing to unpack .../084-libdatrie1_0.2.13-2+b1_amd64.deb ...
2026-10-08T12:44:20.4253917Z #9 9.478 Unpacking libdatrie1:amd64 (0.2.13-2+b1) ...
2026-10-08T12:44:20.4254608Z #9 9.494 Selecting previously unselected package libthai0:amd64.
2026-10-08T12:44:20.4255137Z #9 9.496 Preparing to unpack .../085-libthai0_0.1.29-1_amd64.deb ...
2026-10-08T12:44:20.4255582Z #9 9.497 Unpacking libthai0:amd64 (0.1.29-1) ...
2026-10-08T12:44:20.4256064Z #9 9.514 Selecting previously unselected package libpango-1.0-0:amd64.
2026-10-08T12:44:20.5285845Z #9 9.515 Preparing to unpack .../086-libpango-1.0-0_1.50.12+ds-1_amd64.deb ...
2026-10-08T12:44:20.5286818Z #9 9.516 Unpacking libpango-1.0-0:amd64 (1.50.12+ds-1) ...
2026-10-08T12:44:20.5287680Z #9 9.543 Selecting previously unselected package libasyncns0:amd64.
2026-10-08T12:44:20.5288823Z #9 9.545 Preparing to unpack .../087-libasyncns0_0.8-6+b3_amd64.deb ...
2026-10-08T12:44:20.5289627Z #9 9.546 Unpacking libasyncns0:amd64 (0.8-6+b3) ...
2026-10-08T12:44:20.5290753Z #9 9.561 Selecting previously unselected package libmp3lame0:amd64.
2026-10-08T12:44:20.5291668Z #9 9.563 Preparing to unpack .../088-libmp3lame0_3.100-6_amd64.deb ...
2026-10-08T12:44:20.5292434Z #9 9.563 Unpacking libmp3lame0:amd64 (3.100-6) ...
2026-10-08T12:44:20.5293233Z #9 9.591 Selecting previously unselected package libmpg123-0:amd64.
2026-10-08T12:44:20.5294179Z #9 9.593 Preparing to unpack .../089-libmpg123-0_1.31.2-1+deb12u1_amd64.deb ...
2026-10-08T12:44:20.5295032Z #9 9.595 Unpacking libmpg123-0:amd64 (1.31.2-1+deb12u1) ...
2026-10-08T12:44:20.5295840Z #9 9.617 Selecting previously unselected package libvorbis0a:amd64.
2026-10-08T12:44:20.6314996Z #9 9.619 Preparing to unpack .../090-libvorbis0a_1.3.7-1_amd64.deb ...
2026-10-08T12:44:20.6315914Z #9 9.620 Unpacking libvorbis0a:amd64 (1.3.7-1) ...
2026-10-08T12:44:20.6316819Z #9 9.640 Selecting previously unselected package libvorbisenc2:amd64.
2026-10-08T12:44:20.6317954Z #9 9.642 Preparing to unpack .../091-libvorbisenc2_1.3.7-1_amd64.deb ...
2026-10-08T12:44:20.6319129Z #9 9.643 Unpacking libvorbisenc2:amd64 (1.3.7-1) ...
2026-10-08T12:44:20.6320034Z #9 9.663 Selecting previously unselected package libsndfile1:amd64.
2026-10-08T12:44:20.6321106Z #9 9.665 Preparing to unpack .../092-libsndfile1_1.2.0-1+deb12u1_amd64.deb ...
2026-10-08T12:44:20.6322050Z #9 9.666 Unpacking libsndfile1:amd64 (1.2.0-1+deb12u1) ...
2026-10-08T12:44:20.6322945Z #9 9.692 Selecting previously unselected package libx11-xcb1:amd64.
2026-10-08T12:44:20.6323984Z #9 9.694 Preparing to unpack .../093-libx11-xcb1_2%3a1.8.4-2+deb12u2_amd64.deb ...
2026-10-08T12:44:20.6324937Z #9 9.695 Unpacking libx11-xcb1:amd64 (2:1.8.4-2+deb12u2) ...
2026-10-08T12:44:20.6325832Z #9 9.714 Selecting previously unselected package libpulse0:amd64.
2026-10-08T12:44:20.6326817Z #9 9.715 Preparing to unpack .../094-libpulse0_16.1+dfsg1-2+b1_amd64.deb ...
2026-10-08T12:44:20.6327709Z #9 9.720 Unpacking libpulse0:amd64 (16.1+dfsg1-2+b1) ...
2026-10-08T12:44:20.7325038Z #9 9.751 Selecting previously unselected package libxcomposite1:amd64.
2026-10-08T12:44:20.7326233Z #9 9.753 Preparing to unpack .../095-libxcomposite1_1%3a0.4.5-1_amd64.deb ...
2026-10-08T12:44:20.7327524Z #9 9.754 Unpacking libxcomposite1:amd64 (1:0.4.5-1) ...
2026-10-08T12:44:20.7328913Z #9 9.769 Selecting previously unselected package libxdamage1:amd64.
2026-10-08T12:44:20.7329874Z #9 9.771 Preparing to unpack .../096-libxdamage1_1%3a1.1.6-1_amd64.deb ...
2026-10-08T12:44:20.7330388Z #9 9.771 Unpacking libxdamage1:amd64 (1:1.1.6-1) ...
2026-10-08T12:44:20.7330894Z #9 9.802 Selecting previously unselected package libxfixes3:amd64.
2026-10-08T12:44:20.7331692Z #9 9.803 Preparing to unpack .../097-libxfixes3_1%3a6.0.0-2_amd64.deb ...
2026-10-08T12:44:20.7332192Z #9 9.804 Unpacking libxfixes3:amd64 (1:6.0.0-2) ...
2026-10-08T12:44:20.7332617Z #9 9.818 Selecting previously unselected package xkb-data.
2026-10-08T12:44:20.7333102Z #9 9.820 Preparing to unpack .../098-xkb-data_2.35.1-1_all.deb ...
2026-10-08T12:44:20.7333510Z #9 9.821 Unpacking xkb-data (2.35.1-1) ...
2026-10-08T12:44:20.8512143Z #9 9.916 Selecting previously unselected package libxkbcommon0:amd64.
2026-10-08T12:44:20.8513092Z #9 9.919 Preparing to unpack .../099-libxkbcommon0_1.5.0-1_amd64.deb ...
2026-10-08T12:44:20.8513650Z #9 9.920 Unpacking libxkbcommon0:amd64 (1.5.0-1) ...
2026-10-08T12:44:20.8514190Z #9 9.940 Selecting previously unselected package libxnvctrl0:amd64.
2026-10-08T12:44:20.9667455Z #9 9.942 Preparing to unpack .../100-libxnvctrl0_525.85.05-3~deb12u1_amd64.deb ...
2026-10-08T12:44:20.9668107Z #9 9.943 Unpacking libxnvctrl0:amd64 (525.85.05-3~deb12u1) ...
2026-10-08T12:44:20.9668988Z #9 9.957 Selecting previously unselected package libxrandr2:amd64.
2026-10-08T12:44:20.9669569Z #9 9.959 Preparing to unpack .../101-libxrandr2_2%3a1.5.2-2+b1_amd64.deb ...
2026-10-08T12:44:20.9670086Z #9 9.960 Unpacking libxrandr2:amd64 (2:1.5.2-2+b1) ...
2026-10-08T12:44:20.9670601Z #9 9.975 Selecting previously unselected package libcairo-gobject2:amd64.
2026-10-08T12:44:20.9671467Z #9 9.977 Preparing to unpack .../102-libcairo-gobject2_1.16.0-7_amd64.deb ...
2026-10-08T12:44:20.9671977Z #9 9.978 Unpacking libcairo-gobject2:amd64 (1.16.0-7) ...
2026-10-08T12:44:20.9672479Z #9 9.999 Selecting previously unselected package libcolord2:amd64.
2026-10-08T12:44:20.9673010Z #9 10.00 Preparing to unpack .../103-libcolord2_1.4.6-2.2_amd64.deb ...
2026-10-08T12:44:20.9673465Z #9 10.00 Unpacking libcolord2:amd64 (1.4.6-2.2) ...
2026-10-08T12:44:20.9673904Z #9 10.02 Selecting previously unselected package libepoxy0:amd64.
2026-10-08T12:44:20.9674401Z #9 10.03 Preparing to unpack .../104-libepoxy0_1.5.10-1_amd64.deb ...
2026-10-08T12:44:20.9674831Z #9 10.03 Unpacking libepoxy0:amd64 (1.5.10-1) ...
2026-10-08T12:44:20.9675308Z #9 10.06 Selecting previously unselected package libpangoft2-1.0-0:amd64.
2026-10-08T12:44:21.0786729Z #9 10.06 Preparing to unpack .../105-libpangoft2-1.0-0_1.50.12+ds-1_amd64.deb ...
2026-10-08T12:44:21.0787733Z #9 10.06 Unpacking libpangoft2-1.0-0:amd64 (1.50.12+ds-1) ...
2026-10-08T12:44:21.0788925Z #9 10.07 Selecting previously unselected package libpangocairo-1.0-0:amd64.
2026-10-08T12:44:21.0790003Z #9 10.08 Preparing to unpack .../106-libpangocairo-1.0-0_1.50.12+ds-1_amd64.deb ...
2026-10-08T12:44:21.0790935Z #9 10.08 Unpacking libpangocairo-1.0-0:amd64 (1.50.12+ds-1) ...
2026-10-08T12:44:21.0791879Z #9 10.09 Selecting previously unselected package libwayland-client0:amd64.
2026-10-08T12:44:21.0792887Z #9 10.09 Preparing to unpack .../107-libwayland-client0_1.21.0-1_amd64.deb ...
2026-10-08T12:44:21.0793756Z #9 10.10 Unpacking libwayland-client0:amd64 (1.21.0-1) ...
2026-10-08T12:44:21.0794640Z #9 10.11 Selecting previously unselected package libwayland-cursor0:amd64.
2026-10-08T12:44:21.0795617Z #9 10.11 Preparing to unpack .../108-libwayland-cursor0_1.21.0-1_amd64.deb ...
2026-10-08T12:44:21.0796458Z #9 10.11 Unpacking libwayland-cursor0:amd64 (1.21.0-1) ...
2026-10-08T12:44:21.0797281Z #9 10.13 Selecting previously unselected package libwayland-egl1:amd64.
2026-10-08T12:44:21.0798193Z #9 10.13 Preparing to unpack .../109-libwayland-egl1_1.21.0-1_amd64.deb ...
2026-10-08T12:44:21.0799154Z #9 10.13 Unpacking libwayland-egl1:amd64 (1.21.0-1) ...
2026-10-08T12:44:21.0799907Z #9 10.15 Selecting previously unselected package libxcursor1:amd64.
2026-10-08T12:44:21.0800759Z #9 10.15 Preparing to unpack .../110-libxcursor1_1%3a1.2.1-1_amd64.deb ...
2026-10-08T12:44:21.0801513Z #9 10.15 Unpacking libxcursor1:amd64 (1:1.2.1-1) ...
2026-10-08T12:44:21.0802277Z #9 10.17 Selecting previously unselected package libxinerama1:amd64.
2026-10-08T12:44:21.3201843Z #9 10.17 Preparing to unpack .../111-libxinerama1_2%3a1.1.4-3_amd64.deb ...
2026-10-08T12:44:21.3203277Z #9 10.17 Unpacking libxinerama1:amd64 (2:1.1.4-3) ...
2026-10-08T12:44:21.3204148Z #9 10.18 Selecting previously unselected package dbus-user-session.
2026-10-08T12:44:21.3205203Z #9 10.19 Preparing to unpack .../112-dbus-user-session_1.14.10-1~deb12u1_amd64.deb ...
2026-10-08T12:44:21.3206155Z #9 10.19 Unpacking dbus-user-session (1.14.10-1~deb12u1) ...
2026-10-08T12:44:21.3207012Z #9 10.20 Selecting previously unselected package libdconf1:amd64.
2026-10-08T12:44:21.3207909Z #9 10.21 Preparing to unpack .../113-libdconf1_0.40.0-4_amd64.deb ...
2026-10-08T12:44:21.3208951Z #9 10.21 Unpacking libdconf1:amd64 (0.40.0-4) ...
2026-10-08T12:44:21.3209724Z #9 10.22 Selecting previously unselected package dconf-service.
2026-10-08T12:44:21.3210639Z #9 10.22 Preparing to unpack .../114-dconf-service_0.40.0-4_amd64.deb ...
2026-10-08T12:44:21.3211427Z #9 10.22 Unpacking dconf-service (0.40.0-4) ...
2026-10-08T12:44:21.3212338Z #9 10.24 Selecting previously unselected package dconf-gsettings-backend:amd64.
2026-10-08T12:44:21.3213460Z #9 10.24 Preparing to unpack .../115-dconf-gsettings-backend_0.40.0-4_amd64.deb ...
2026-10-08T12:44:21.3214438Z #9 10.24 Unpacking dconf-gsettings-backend:amd64 (0.40.0-4) ...
2026-10-08T12:44:21.3215305Z #9 10.26 Selecting previously unselected package libgtk-3-common.
2026-10-08T12:44:21.3216541Z #9 10.26 Preparing to unpack .../116-libgtk-3-common_3.24.38-2~deb12u3_all.deb ...
2026-10-08T12:44:21.3217447Z #9 10.26 Unpacking libgtk-3-common (3.24.38-2~deb12u3) ...
2026-10-08T12:44:21.4255833Z #9 10.51 Selecting previously unselected package libgtk-3-0:amd64.
2026-10-08T12:44:21.5791799Z #9 10.52 Preparing to unpack .../117-libgtk-3-0_3.24.38-2~deb12u3_amd64.deb ...
2026-10-08T12:44:21.5792772Z #9 10.52 Unpacking libgtk-3-0:amd64 (3.24.38-2~deb12u3) ...
2026-10-08T12:44:21.6153617Z #9 10.70 Selecting previously unselected package libfontenc1:amd64.
2026-10-08T12:44:21.7184791Z #9 10.71 Preparing to unpack .../118-libfontenc1_1%3a1.1.4-1_amd64.deb ...
2026-10-08T12:44:21.7185996Z #9 10.71 Unpacking libfontenc1:amd64 (1:1.1.4-1) ...
2026-10-08T12:44:21.7187005Z #9 10.72 Selecting previously unselected package libglvnd0:amd64.
2026-10-08T12:44:21.7188081Z #9 10.72 Preparing to unpack .../119-libglvnd0_1.6.0-1_amd64.deb ...
2026-10-08T12:44:21.7189268Z #9 10.73 Unpacking libglvnd0:amd64 (1.6.0-1) ...
2026-10-08T12:44:21.7190311Z #9 10.74 Selecting previously unselected package libglapi-mesa:amd64.
2026-10-08T12:44:21.7190966Z #9 10.75 Preparing to unpack .../120-libglapi-mesa_22.3.6-1+deb12u2_amd64.deb ...
2026-10-08T12:44:21.7191525Z #9 10.75 Unpacking libglapi-mesa:amd64 (22.3.6-1+deb12u2) ...
2026-10-08T12:44:21.7192032Z #9 10.76 Selecting previously unselected package libxcb-dri2-0:amd64.
2026-10-08T12:44:21.7192579Z #9 10.77 Preparing to unpack .../121-libxcb-dri2-0_1.15-1_amd64.deb ...
2026-10-08T12:44:21.7193040Z #9 10.77 Unpacking libxcb-dri2-0:amd64 (1.15-1) ...
2026-10-08T12:44:21.7193517Z #9 10.79 Selecting previously unselected package libxcb-dri3-0:amd64.
2026-10-08T12:44:21.7194068Z #9 10.79 Preparing to unpack .../122-libxcb-dri3-0_1.15-1_amd64.deb ...
2026-10-08T12:44:21.7194545Z #9 10.79 Unpacking libxcb-dri3-0:amd64 (1.15-1) ...
2026-10-08T12:44:21.7195031Z #9 10.81 Selecting previously unselected package libxcb-glx0:amd64.
2026-10-08T12:44:21.8317624Z #9 10.81 Preparing to unpack .../123-libxcb-glx0_1.15-1_amd64.deb ...
2026-10-08T12:44:21.8318319Z #9 10.81 Unpacking libxcb-glx0:amd64 (1.15-1) ...
2026-10-08T12:44:21.8319173Z #9 10.83 Selecting previously unselected package libxcb-present0:amd64.
2026-10-08T12:44:21.8319749Z #9 10.83 Preparing to unpack .../124-libxcb-present0_1.15-1_amd64.deb ...
2026-10-08T12:44:21.8320223Z #9 10.83 Unpacking libxcb-present0:amd64 (1.15-1) ...
2026-10-08T12:44:21.8320701Z #9 10.85 Selecting previously unselected package libxcb-randr0:amd64.
2026-10-08T12:44:21.8321244Z #9 10.86 Preparing to unpack .../125-libxcb-randr0_1.15-1_amd64.deb ...
2026-10-08T12:44:21.8321706Z #9 10.86 Unpacking libxcb-randr0:amd64 (1.15-1) ...
2026-10-08T12:44:21.8322420Z #9 10.88 Selecting previously unselected package libxcb-sync1:amd64.
2026-10-08T12:44:21.8322961Z #9 10.88 Preparing to unpack .../126-libxcb-sync1_1.15-1_amd64.deb ...
2026-10-08T12:44:21.8323402Z #9 10.88 Unpacking libxcb-sync1:amd64 (1.15-1) ...
2026-10-08T12:44:21.8323869Z #9 10.90 Selecting previously unselected package libxcb-xfixes0:amd64.
2026-10-08T12:44:21.8324394Z #9 10.90 Preparing to unpack .../127-libxcb-xfixes0_1.15-1_amd64.deb ...
2026-10-08T12:44:21.8324856Z #9 10.90 Unpacking libxcb-xfixes0:amd64 (1.15-1) ...
2026-10-08T12:44:21.8325318Z #9 10.92 Selecting previously unselected package libxshmfence1:amd64.
2026-10-08T12:44:21.9446753Z #9 10.92 Preparing to unpack .../128-libxshmfence1_1.3-1_amd64.deb ...
2026-10-08T12:44:21.9447824Z #9 10.92 Unpacking libxshmfence1:amd64 (1.3-1) ...
2026-10-08T12:44:21.9448948Z #9 10.94 Selecting previously unselected package libxxf86vm1:amd64.
2026-10-08T12:44:21.9449853Z #9 10.94 Preparing to unpack .../129-libxxf86vm1_1%3a1.1.4-1+b2_amd64.deb ...
2026-10-08T12:44:21.9450586Z #9 10.94 Unpacking libxxf86vm1:amd64 (1:1.1.4-1+b2) ...
2026-10-08T12:44:21.9451192Z #9 10.95 Selecting previously unselected package libdrm-amdgpu1:amd64.
2026-10-08T12:44:21.9451894Z #9 10.96 Preparing to unpack .../130-libdrm-amdgpu1_2.4.114-1+b1_amd64.deb ...
2026-10-08T12:44:21.9452580Z #9 10.96 Unpacking libdrm-amdgpu1:amd64 (2.4.114-1+b1) ...
2026-10-08T12:44:21.9453385Z #9 10.98 Selecting previously unselected package libpciaccess0:amd64.
2026-10-08T12:44:21.9454130Z #9 10.98 Preparing to unpack .../131-libpciaccess0_0.17-2_amd64.deb ...
2026-10-08T12:44:21.9454627Z #9 10.98 Unpacking libpciaccess0:amd64 (0.17-2) ...
2026-10-08T12:44:21.9455350Z #9 11.00 Selecting previously unselected package libdrm-intel1:amd64.
2026-10-08T12:44:21.9456014Z #9 11.00 Preparing to unpack .../132-libdrm-intel1_2.4.114-1+b1_amd64.deb ...
2026-10-08T12:44:21.9456600Z #9 11.00 Unpacking libdrm-intel1:amd64 (2.4.114-1+b1) ...
2026-10-08T12:44:21.9457142Z #9 11.02 Selecting previously unselected package libdrm-nouveau2:amd64.
2026-10-08T12:44:21.9457843Z #9 11.02 Preparing to unpack .../133-libdrm-nouveau2_2.4.114-1+b1_amd64.deb ...
2026-10-08T12:44:21.9458572Z #9 11.02 Unpacking libdrm-nouveau2:amd64 (2.4.114-1+b1) ...
2026-10-08T12:44:21.9459087Z #9 11.03 Selecting previously unselected package libdrm-radeon1:amd64.
2026-10-08T12:44:22.1825017Z #9 11.04 Preparing to unpack .../134-libdrm-radeon1_2.4.114-1+b1_amd64.deb ...
2026-10-08T12:44:22.1826202Z #9 11.04 Unpacking libdrm-radeon1:amd64 (2.4.114-1+b1) ...
2026-10-08T12:44:22.1827300Z #9 11.07 Selecting previously unselected package libelf1:amd64.
2026-10-08T12:44:22.1828256Z #9 11.07 Preparing to unpack .../135-libelf1_0.188-2.1_amd64.deb ...
2026-10-08T12:44:22.1829052Z #9 11.07 Unpacking libelf1:amd64 (0.188-2.1) ...
2026-10-08T12:44:22.1829606Z #9 11.10 Selecting previously unselected package libedit2:amd64.
2026-10-08T12:44:22.1830256Z #9 11.10 Preparing to unpack .../136-libedit2_3.1-20221030-2_amd64.deb ...
2026-10-08T12:44:22.1830852Z #9 11.10 Unpacking libedit2:amd64 (3.1-20221030-2) ...
2026-10-08T12:44:22.1831393Z #9 11.12 Selecting previously unselected package libz3-4:amd64.
2026-10-08T12:44:22.1831996Z #9 11.12 Preparing to unpack .../137-libz3-4_4.8.12-3.1_amd64.deb ...
2026-10-08T12:44:22.1832527Z #9 11.12 Unpacking libz3-4:amd64 (4.8.12-3.1) ...
2026-10-08T12:44:22.4871552Z #9 11.58 Selecting previously unselected package libllvm15:amd64.
2026-10-08T12:44:22.6402226Z #9 11.58 Preparing to unpack .../138-libllvm15_1%3a15.0.6-4+b1_amd64.deb ...
2026-10-08T12:44:22.6403182Z #9 11.58 Unpacking libllvm15:amd64 (1:15.0.6-4+b1) ...
2026-10-08T12:44:23.2617432Z #9 12.35 Selecting previously unselected package libsensors-config.
2026-10-08T12:44:23.4604088Z #9 12.35 Preparing to unpack .../139-libsensors-config_1%3a3.6.0-7.1_all.deb ...
2026-10-08T12:44:23.4605076Z #9 12.35 Unpacking libsensors-config (1:3.6.0-7.1) ...
2026-10-08T12:44:23.4605947Z #9 12.37 Selecting previously unselected package libsensors5:amd64.
2026-10-08T12:44:23.4607247Z #9 12.37 Preparing to unpack .../140-libsensors5_1%3a3.6.0-7.1_amd64.deb ...
2026-10-08T12:44:23.4608129Z #9 12.38 Unpacking libsensors5:amd64 (1:3.6.0-7.1) ...
2026-10-08T12:44:23.4609227Z #9 12.39 Selecting previously unselected package libgl1-mesa-dri:amd64.
2026-10-08T12:44:23.4610323Z #9 12.39 Preparing to unpack .../141-libgl1-mesa-dri_22.3.6-1+deb12u2_amd64.deb ...
2026-10-08T12:44:23.4611299Z #9 12.40 Unpacking libgl1-mesa-dri:amd64 (22.3.6-1+deb12u2) ...
2026-10-08T12:44:23.7327389Z #9 12.82 Selecting previously unselected package libglx-mesa0:amd64.
2026-10-08T12:44:23.8536867Z #9 12.82 Preparing to unpack .../142-libglx-mesa0_22.3.6-1+deb12u2_amd64.deb ...
2026-10-08T12:44:23.8537868Z #9 12.82 Unpacking libglx-mesa0:amd64 (22.3.6-1+deb12u2) ...
2026-10-08T12:44:23.8539043Z #9 12.85 Selecting previously unselected package libglx0:amd64.
2026-10-08T12:44:23.8539967Z #9 12.85 Preparing to unpack .../143-libglx0_1.6.0-1_amd64.deb ...
2026-10-08T12:44:23.8540679Z #9 12.85 Unpacking libglx0:amd64 (1.6.0-1) ...
2026-10-08T12:44:23.8541207Z #9 12.87 Selecting previously unselected package libgl1:amd64.
2026-10-08T12:44:23.8541805Z #9 12.87 Preparing to unpack .../144-libgl1_1.6.0-1_amd64.deb ...
2026-10-08T12:44:23.8542320Z #9 12.87 Unpacking libgl1:amd64 (1.6.0-1) ...
2026-10-08T12:44:23.8542828Z #9 12.89 Selecting previously unselected package x11-common.
2026-10-08T12:44:23.8543703Z #9 12.90 Preparing to unpack .../145-x11-common_1%3a7.7+23_all.deb ...
2026-10-08T12:44:23.8544234Z #9 12.90 Unpacking x11-common (1:7.7+23) ...
2026-10-08T12:44:23.8544758Z #9 12.92 Selecting previously unselected package libice6:amd64.
2026-10-08T12:44:23.8545383Z #9 12.92 Preparing to unpack .../146-libice6_2%3a1.0.10-1_amd64.deb ...
2026-10-08T12:44:23.8545942Z #9 12.92 Unpacking libice6:amd64 (2:1.0.10-1) ...
2026-10-08T12:44:23.8546485Z #9 12.94 Selecting previously unselected package libsm6:amd64.
2026-10-08T12:44:23.9668458Z #9 12.94 Preparing to unpack .../147-libsm6_2%3a1.2.3-1_amd64.deb ...
2026-10-08T12:44:23.9670241Z #9 12.95 Unpacking libsm6:amd64 (2:1.2.3-1) ...
2026-10-08T12:44:23.9671006Z #9 12.96 Selecting previously unselected package libxt6:amd64.
2026-10-08T12:44:23.9671560Z #9 12.96 Preparing to unpack .../148-libxt6_1%3a1.2.1-1.1_amd64.deb ...
2026-10-08T12:44:23.9672034Z #9 12.96 Unpacking libxt6:amd64 (1:1.2.1-1.1) ...
2026-10-08T12:44:23.9672523Z #9 12.99 Selecting previously unselected package libxmu6:amd64.
2026-10-08T12:44:23.9673095Z #9 12.99 Preparing to unpack .../149-libxmu6_2%3a1.1.3-3_amd64.deb ...
2026-10-08T12:44:23.9673563Z #9 12.99 Unpacking libxmu6:amd64 (2:1.1.3-3) ...
2026-10-08T12:44:23.9674028Z #9 13.01 Selecting previously unselected package libxpm4:amd64.
2026-10-08T12:44:23.9674615Z #9 13.01 Preparing to unpack .../150-libxpm4_1%3a3.5.12-1.1+deb12u1_amd64.deb ...
2026-10-08T12:44:23.9675157Z #9 13.01 Unpacking libxpm4:amd64 (1:3.5.12-1.1+deb12u1) ...
2026-10-08T12:44:23.9675654Z #9 13.03 Selecting previously unselected package libxaw7:amd64.
2026-10-08T12:44:23.9676199Z #9 13.03 Preparing to unpack .../151-libxaw7_2%3a1.0.14-1_amd64.deb ...
2026-10-08T12:44:23.9676670Z #9 13.03 Unpacking libxaw7:amd64 (2:1.0.14-1) ...
2026-10-08T12:44:23.9677165Z #9 13.06 Selecting previously unselected package libxcb-shape0:amd64.
2026-10-08T12:44:24.0684655Z #9 13.06 Preparing to unpack .../152-libxcb-shape0_1.15-1_amd64.deb ...
2026-10-08T12:44:24.0685456Z #9 13.06 Unpacking libxcb-shape0:amd64 (1.15-1) ...
2026-10-08T12:44:24.0686032Z #9 13.08 Selecting previously unselected package libxft2:amd64.
2026-10-08T12:44:24.0686800Z #9 13.08 Preparing to unpack .../153-libxft2_2.3.6-1_amd64.deb ...
2026-10-08T12:44:24.0687293Z #9 13.08 Unpacking libxft2:amd64 (2.3.6-1) ...
2026-10-08T12:44:24.0687955Z #9 13.10 Selecting previously unselected package libxkbfile1:amd64.
2026-10-08T12:44:24.0688860Z #9 13.10 Preparing to unpack .../154-libxkbfile1_1%3a1.1.0-1_amd64.deb ...
2026-10-08T12:44:24.0689408Z #9 13.10 Unpacking libxkbfile1:amd64 (1:1.1.0-1) ...
2026-10-08T12:44:24.0690538Z #9 13.12 Selecting previously unselected package libxmuu1:amd64.
2026-10-08T12:44:24.0691874Z #9 13.12 Preparing to unpack .../155-libxmuu1_2%3a1.1.3-3_amd64.deb ...
2026-10-08T12:44:24.0693092Z #9 13.12 Unpacking libxmuu1:amd64 (2:1.1.3-3) ...
2026-10-08T12:44:24.0693744Z #9 13.14 Selecting previously unselected package libxtst6:amd64.
2026-10-08T12:44:24.0694355Z #9 13.14 Preparing to unpack .../156-libxtst6_2%3a1.2.3-1.1_amd64.deb ...
2026-10-08T12:44:24.0694879Z #9 13.14 Unpacking libxtst6:amd64 (2:1.2.3-1.1) ...
2026-10-08T12:44:24.0695383Z #9 13.16 Selecting previously unselected package libxv1:amd64.
2026-10-08T12:44:24.0695931Z #9 13.16 Preparing to unpack .../157-libxv1_2%3a1.0.11-1.1_amd64.deb ...
2026-10-08T12:44:24.3080502Z #9 13.16 Unpacking libxv1:amd64 (2:1.0.11-1.1) ...
2026-10-08T12:44:24.3081861Z #9 13.17 Selecting previously unselected package libxxf86dga1:amd64.
2026-10-08T12:44:24.3083113Z #9 13.17 Preparing to unpack .../158-libxxf86dga1_2%3a1.1.5-1_amd64.deb ...
2026-10-08T12:44:24.3084212Z #9 13.18 Unpacking libxxf86dga1:amd64 (2:1.1.5-1) ...
2026-10-08T12:44:24.3085197Z #9 13.19 Selecting previously unselected package x11-utils.
2026-10-08T12:44:24.3086247Z #9 13.19 Preparing to unpack .../159-x11-utils_7.7+5_amd64.deb ...
2026-10-08T12:44:24.3087184Z #9 13.19 Unpacking x11-utils (7.7+5) ...
2026-10-08T12:44:24.3088109Z #9 13.22 Selecting previously unselected package xdg-utils.
2026-10-08T12:44:24.3092240Z #9 13.22 Preparing to unpack .../160-xdg-utils_1.1.3-4.1_all.deb ...
2026-10-08T12:44:24.3093220Z #9 13.22 Unpacking xdg-utils (1.1.3-4.1) ...
2026-10-08T12:44:24.3094220Z #9 13.24 Selecting previously unselected package chromium-common.
2026-10-08T12:44:24.3095507Z #9 13.25 Preparing to unpack .../161-chromium-common_154.0.8037.92-1~deb12u1_amd64.deb ...
2026-10-08T12:44:24.3096716Z #9 13.25 Unpacking chromium-common (154.0.8037.92-1~deb12u1) ...
2026-10-08T12:44:24.7685551Z #9 13.86 Selecting previously unselected package chromium.
2026-10-08T12:44:24.9217068Z #9 13.86 Preparing to unpack .../162-chromium_154.0.8037.92-1~deb12u1_amd64.deb ...
2026-10-08T12:44:24.9218336Z #9 13.86 Unpacking chromium (154.0.8037.92-1~deb12u1) ...
2026-10-08T12:44:26.7381697Z #9 15.83 Selecting previously unselected package tini.
2026-10-08T12:44:26.8462077Z #9 15.83 Preparing to unpack .../163-tini_0.19.0-1+b3_amd64.deb ...
2026-10-08T12:44:26.8462938Z #9 15.83 Unpacking tini (0.19.0-1+b3) ...
2026-10-08T12:44:26.8463520Z #9 15.89 Setting up libexpat1:amd64 (2.5.0-1+deb12u4) ...
2026-10-08T12:44:26.8464113Z #9 15.89 Setting up bubblewrap (0.8.0-2+deb12u1) ...
2026-10-08T12:44:26.8464872Z #9 15.89 sysctl: cannot open "/etc/sysctl.d/99-sysctl.conf": No such file or directory
2026-10-08T12:44:26.8465700Z #9 15.89 Setting up libgraphite2-3:amd64 (1.3.14-1+deb12u1) ...
2026-10-08T12:44:26.8466216Z #9 15.90 Setting up liblcms2-2:amd64 (2.14-2+deb12u1) ...
2026-10-08T12:44:26.8466912Z #9 15.90 Setting up libpixman-1-0:amd64 (0.42.2-1) ...
2026-10-08T12:44:26.8467396Z #9 15.90 Setting up libwayland-server0:amd64 (1.21.0-1) ...
2026-10-08T12:44:26.8467873Z #9 15.90 Setting up libpciaccess0:amd64 (0.17-2) ...
2026-10-08T12:44:26.8468751Z #9 15.90 Setting up systemd-sysv (252.39-1~deb12u2) ...
2026-10-08T12:44:26.8469289Z #9 15.91 Setting up libxau6:amd64 (1:1.0.9-1) ...
2026-10-08T12:44:26.8469898Z #9 15.91 Setting up libdouble-conversion3:amd64 (3.2.1-1) ...
2026-10-08T12:44:26.8470366Z #9 15.91 Setting up libkeyutils1:amd64 (1.6.3-2) ...
2026-10-08T12:44:26.8471001Z #9 15.91 Setting up libicu72:amd64 (72.1-3+deb12u1) ...
2026-10-08T12:44:26.8471435Z #9 15.91 Setting up libmpg123-0:amd64 (1.31.2-1+deb12u1) ...
2026-10-08T12:44:26.8471984Z #9 15.92 Setting up libogg0:amd64 (1.3.5-3) ...
2026-10-08T12:44:26.8472370Z #9 15.92 Setting up liblerc4:amd64 (4.0.0+ds-2) ...
2026-10-08T12:44:26.8472832Z #9 15.92 Setting up hicolor-icon-theme (0.17-2) ...
2026-10-08T12:44:26.8473463Z #9 15.94 Setting up libdatrie1:amd64 (0.2.13-2+b1) ...
2026-10-08T12:44:26.9581210Z #9 15.94 Setting up libminizip1:amd64 (1.1-8+deb12u1) ...
2026-10-08T12:44:26.9582382Z #9 15.94 Setting up libglib2.0-0:amd64 (2.74.6-2+deb12u9) ...
2026-10-08T12:44:26.9582849Z #9 15.95 Setting up libglvnd0:amd64 (1.6.0-1) ...
2026-10-08T12:44:26.9583313Z #9 15.95 Setting up libbrotli1:amd64 (1.0.9-2+b6) ...
2026-10-08T12:44:26.9583754Z #9 15.95 Setting up libsqlite3-0:amd64 (3.40.1-2+deb12u2) ...
2026-10-08T12:44:26.9584278Z #9 15.95 Setting up libgdk-pixbuf2.0-common (2.42.10+dfsg-1+deb12u4) ...
2026-10-08T12:44:26.9584735Z #9 15.96 Setting up x11-common (1:7.7+23) ...
2026-10-08T12:44:26.9585144Z #9 16.03 debconf: unable to initialize frontend: Dialog
2026-10-08T12:44:26.9585644Z #9 16.03 debconf: (TERM is not set, so the dialog frontend is not usable.)
2026-10-08T12:44:26.9586110Z #9 16.03 debconf: falling back to frontend: Readline
2026-10-08T12:44:26.9586525Z #9 16.03 debconf: unable to initialize frontend: Readline
2026-10-08T12:44:26.9589272Z #9 16.03 debconf: (Can't locate Term/ReadLine.pm in @INC (you may need to install the Term::ReadLine module) (@INC contains: /etc/perl /usr/local/lib/x86_64-linux-gnu/perl/5.36.0 /usr/local/share/perl/5.36.0 /usr/lib/x86_64-linux-gnu/perl5/5.36 /usr/share/perl5 /usr/lib/x86_64-linux-gnu/perl-base /usr/lib/x86_64-linux-gnu/perl/5.36 /usr/share/perl/5.36 /usr/local/lib/site_perl) at /usr/share/perl5/Debconf/FrontEnd/Readline.pm line 7.)
2026-10-08T12:44:26.9590973Z #9 16.03 debconf: falling back to frontend: Teletype
2026-10-08T12:44:26.9592019Z #9 16.05 invoke-rc.d: could not determine current runlevel
2026-10-08T12:44:27.0670566Z #9 16.05 invoke-rc.d: policy-rc.d denied execution of restart.
2026-10-08T12:44:27.0671457Z #9 16.05 Setting up libsensors-config (1:3.6.0-7.1) ...
2026-10-08T12:44:27.0671924Z #9 16.06 Setting up libdeflate0:amd64 (1.14-1) ...
2026-10-08T12:44:27.0672325Z #9 16.06 Setting up xkb-data (2.35.1-1) ...
2026-10-08T12:44:27.0672704Z #9 16.06 Setting up libjbig0:amd64 (2.1-6.1) ...
2026-10-08T12:44:27.0673100Z #9 16.06 Setting up libcolord2:amd64 (1.4.6-2.2) ...
2026-10-08T12:44:27.0673574Z #9 16.07 Setting up libkrb5support0:amd64 (1.20.1-2+deb12u5) ...
2026-10-08T12:44:27.0674005Z #9 16.07 Setting up libdconf1:amd64 (0.40.0-4) ...
2026-10-08T12:44:27.0674388Z #9 16.07 Setting up libasound2-data (1.2.8-1) ...
2026-10-08T12:44:27.0674794Z #9 16.07 Setting up libfontenc1:amd64 (1:1.1.4-1) ...
2026-10-08T12:44:27.0675189Z #9 16.07 Setting up libz3-4:amd64 (4.8.12-3.1) ...
2026-10-08T12:44:27.0675585Z #9 16.08 Setting up libflac12:amd64 (1.4.2+ds-2) ...
2026-10-08T12:44:27.0676006Z #9 16.08 Setting up libjpeg62-turbo:amd64 (1:2.1.5-2) ...
2026-10-08T12:44:27.0676441Z #9 16.08 Setting up libx11-data (2:1.8.4-2+deb12u2) ...
2026-10-08T12:44:27.0676831Z #9 16.08 Setting up libepoxy0:amd64 (1.5.10-1) ...
2026-10-08T12:44:27.0677203Z #9 16.08 Setting up libnspr4:amd64 (2:4.35-1) ...
2026-10-08T12:44:27.0677648Z #9 16.09 Setting up libavahi-common-data:amd64 (0.8-10+deb12u1) ...
2026-10-08T12:44:27.0678116Z #9 16.09 Setting up libdbus-1-3:amd64 (1.14.10-1~deb12u1) ...
2026-10-08T12:44:27.0679064Z #9 16.09 Setting up libfribidi0:amd64 (1.0.8-2.1) ...
2026-10-08T12:44:27.0679486Z #9 16.09 Setting up libopus0:amd64 (1.3.1-3) ...
2026-10-08T12:44:27.0679888Z #9 16.09 Setting up libproc2-0:amd64 (2:4.0.2-3) ...
2026-10-08T12:44:27.0680324Z #9 16.10 Setting up libpng16-16:amd64 (1.6.39-2+deb12u6) ...
2026-10-08T12:44:27.0680747Z #9 16.10 Setting up libvorbis0a:amd64 (1.3.7-1) ...
2026-10-08T12:44:27.0681248Z #9 16.10 Setting up tini (0.19.0-1+b3) ...
2026-10-08T12:44:27.0681618Z #9 16.10 Setting up fonts-dejavu-core (2.37-6) ...
2026-10-08T12:44:27.0682034Z #9 16.11 Setting up libsensors5:amd64 (1:3.6.0-7.1) ...
2026-10-08T12:44:27.0682424Z #9 16.11 Setting up libncursesw6:amd64 (6.4-4) ...
2026-10-08T12:44:27.0682839Z #9 16.12 Setting up libk5crypto3:amd64 (1.20.1-2+deb12u5) ...
2026-10-08T12:44:27.0683367Z #9 16.12 Setting up libdav1d6:amd64 (1.0.0-2+deb12u1) ...
2026-10-08T12:44:27.0683805Z #9 16.12 Setting up libglapi-mesa:amd64 (22.3.6-1+deb12u2) ...
2026-10-08T12:44:27.0684549Z #9 16.12 Setting up libopenh264-7:amd64 (2.3.1+dfsg-3+deb12u2) ...
2026-10-08T12:44:27.0685363Z #9 16.12 Setting up libwebp7:amd64 (1.2.4-0.2+deb12u1) ...
2026-10-08T12:44:27.0685871Z #9 16.12 Setting up libasyncns0:amd64 (0.8-6+b3) ...
2026-10-08T12:44:27.0686276Z #9 16.13 Setting up libxshmfence1:amd64 (1.3-1) ...
2026-10-08T12:44:27.0686665Z #9 16.13 Setting up at-spi2-common (2.46.0-5) ...
2026-10-08T12:44:27.0687189Z #9 16.13 Setting up libtiff6:amd64 (4.5.0-6+deb12u4) ...
2026-10-08T12:44:27.0687656Z #9 16.13 Setting up dbus-session-bus-common (1.14.10-1~deb12u1) ...
2026-10-08T12:44:27.0688083Z #9 16.13 Setting up procps (2:4.0.2-3) ...
2026-10-08T12:44:27.0688734Z #9 16.16 Setting up libasound2:amd64 (1.2.8-1+b1) ...
2026-10-08T12:44:27.1682049Z #9 16.16 Setting up libopenjp2-7:amd64 (2.5.0-2+deb12u3) ...
2026-10-08T12:44:27.1682775Z #9 16.16 Setting up libthai-data (0.1.29-1) ...
2026-10-08T12:44:27.1683272Z #9 16.16 Setting up libatk1.0-0:amd64 (2.46.0-5) ...
2026-10-08T12:44:27.1684241Z #9 16.17 Setting up libkrb5-3:amd64 (1.20.1-2+deb12u5) ...
2026-10-08T12:44:27.1684921Z #9 16.17 Setting up libwayland-egl1:amd64 (1.21.0-1) ...
2026-10-08T12:44:27.1685759Z #9 16.17 Setting up dbus-system-bus-common (1.14.10-1~deb12u1) ...
2026-10-08T12:44:27.1686400Z #9 16.21 Setting up libbsd0:amd64 (0.11.7-2) ...
2026-10-08T12:44:27.1686862Z #9 16.22 Setting up libdrm-common (2.4.114-1) ...
2026-10-08T12:44:27.1687982Z #9 16.22 Setting up libelf1:amd64 (0.188-2.1) ...
2026-10-08T12:44:27.1688813Z #9 16.22 Setting up libxml2:amd64 (2.9.14+dfsg-1.3~deb12u6) ...
2026-10-08T12:44:27.1689607Z #9 16.22 Setting up xdg-utils (1.1.3-4.1) ...
2026-10-08T12:44:27.1690361Z #9 16.23 update-alternatives: using /usr/bin/xdg-open to provide /usr/bin/open (open) in auto mode
2026-10-08T12:44:27.1691930Z #9 16.23 update-alternatives: warning: skip creation of /usr/share/man/man1/open.1.gz because associated file /usr/share/man/man1/xdg-open.1.gz (of link group open) doesn't exist
2026-10-08T12:44:27.1693124Z #9 16.23 Setting up dbus-bin (1.14.10-1~deb12u1) ...
2026-10-08T12:44:27.1693744Z #9 16.25 Setting up libmp3lame0:amd64 (3.100-6) ...
2026-10-08T12:44:27.1694172Z #9 16.25 Setting up libvorbisenc2:amd64 (1.3.7-1) ...
2026-10-08T12:44:27.1694697Z #9 16.26 Setting up libxkbcommon0:amd64 (1.5.0-1) ...
2026-10-08T12:44:27.1695126Z #9 16.26 Setting up libwayland-client0:amd64 (1.21.0-1) ...
2026-10-08T12:44:27.3698097Z #9 16.26 Setting up libice6:amd64 (2:1.0.10-1) ...
2026-10-08T12:44:27.3699521Z #9 16.26 Setting up libxdmcp6:amd64 (1:1.1.2-3) ...
2026-10-08T12:44:27.3700279Z #9 16.26 Setting up libxcb1:amd64 (1.15-1) ...
2026-10-08T12:44:27.3701016Z #9 16.27 Setting up libxcb-xfixes0:amd64 (1.15-1) ...
2026-10-08T12:44:27.3701583Z #9 16.27 Setting up libxcb-render0:amd64 (1.15-1) ...
2026-10-08T12:44:27.3702134Z #9 16.27 Setting up fontconfig-config (2.14.1-4) ...
2026-10-08T12:44:27.3702552Z #9 16.33 debconf: unable to initialize frontend: Dialog
2026-10-08T12:44:27.3703170Z #9 16.33 debconf: (TERM is not set, so the dialog frontend is not usable.)
2026-10-08T12:44:27.3704081Z #9 16.33 debconf: falling back to frontend: Readline
2026-10-08T12:44:27.3704548Z #9 16.33 debconf: unable to initialize frontend: Readline
2026-10-08T12:44:27.3707984Z #9 16.33 debconf: (Can't locate Term/ReadLine.pm in @INC (you may need to install the Term::ReadLine module) (@INC contains: /etc/perl /usr/local/lib/x86_64-linux-gnu/perl/5.36.0 /usr/local/share/perl/5.36.0 /usr/lib/x86_64-linux-gnu/perl5/5.36 /usr/share/perl5 /usr/lib/x86_64-linux-gnu/perl-base /usr/lib/x86_64-linux-gnu/perl/5.36 /usr/share/perl/5.36 /usr/local/lib/site_perl) at /usr/share/perl5/Debconf/FrontEnd/Readline.pm line 7.)
2026-10-08T12:44:27.3710703Z #9 16.33 debconf: falling back to frontend: Teletype
2026-10-08T12:44:27.3711456Z #9 16.46 Setting up libxcb-glx0:amd64 (1.15-1) ...
2026-10-08T12:44:27.5816977Z #9 16.46 Setting up libedit2:amd64 (3.1-20221030-2) ...
2026-10-08T12:44:27.5817829Z #9 16.46 Setting up libxcb-shape0:amd64 (1.15-1) ...
2026-10-08T12:44:27.5818841Z #9 16.47 Setting up libavahi-common3:amd64 (0.8-10+deb12u1) ...
2026-10-08T12:44:27.5819781Z #9 16.47 Setting up libnss3:amd64 (2:3.87.1-1+deb12u4) ...
2026-10-08T12:44:27.5820267Z #9 16.47 Setting up libxcb-shm0:amd64 (1.15-1) ...
2026-10-08T12:44:27.5820730Z #9 16.48 Setting up dbus-daemon (1.14.10-1~deb12u1) ...
2026-10-08T12:44:27.5821211Z #9 16.49 Setting up libxcb-present0:amd64 (1.15-1) ...
2026-10-08T12:44:27.5821671Z #9 16.49 Setting up libthai0:amd64 (0.1.29-1) ...
2026-10-08T12:44:27.5822176Z #9 16.49 Setting up libfreetype6:amd64 (2.12.1+dfsg-5+deb12u4) ...
2026-10-08T12:44:27.5822667Z #9 16.49 Setting up libxcb-sync1:amd64 (1.15-1) ...
2026-10-08T12:44:27.5823085Z #9 16.50 Setting up dbus (1.14.10-1~deb12u1) ...
2026-10-08T12:44:27.5823553Z #9 16.52 invoke-rc.d: could not determine current runlevel
2026-10-08T12:44:27.5824063Z #9 16.52 invoke-rc.d: policy-rc.d denied execution of start.
2026-10-08T12:44:27.5824524Z #9 16.52 Setting up shared-mime-info (2.2-1) ...
2026-10-08T12:44:27.9594330Z #9 17.05 Setting up libgssapi-krb5-2:amd64 (1.20.1-2+deb12u5) ...
2026-10-08T12:44:28.0900408Z #9 17.05 Setting up libxcb-dri2-0:amd64 (1.15-1) ...
2026-10-08T12:44:28.0901267Z #9 17.06 Setting up libdrm2:amd64 (2.4.114-1+b1) ...
2026-10-08T12:44:28.0902069Z #9 17.06 Setting up libwayland-cursor0:amd64 (1.21.0-1) ...
2026-10-08T12:44:28.0902824Z #9 17.06 Setting up libxcb-randr0:amd64 (1.15-1) ...
2026-10-08T12:44:28.0904987Z #9 17.06 Setting up libllvm15:amd64 (1:15.0.6-4+b1) ...
2026-10-08T12:44:28.0905656Z #9 17.06 Setting up libpam-systemd:amd64 (252.39-1~deb12u2) ...
2026-10-08T12:44:28.0906176Z #9 17.13 debconf: unable to initialize frontend: Dialog
2026-10-08T12:44:28.0906812Z #9 17.13 debconf: (TERM is not set, so the dialog frontend is not usable.)
2026-10-08T12:44:28.0907695Z #9 17.13 debconf: falling back to frontend: Readline
2026-10-08T12:44:28.0908731Z #9 17.13 debconf: unable to initialize frontend: Readline
2026-10-08T12:44:28.0911435Z #9 17.13 debconf: (Can't locate Term/ReadLine.pm in @INC (you may need to install the Term::ReadLine module) (@INC contains: /etc/perl /usr/local/lib/x86_64-linux-gnu/perl/5.36.0 /usr/local/share/perl/5.36.0 /usr/lib/x86_64-linux-gnu/perl5/5.36 /usr/share/perl5 /usr/lib/x86_64-linux-gnu/perl-base /usr/lib/x86_64-linux-gnu/perl/5.36 /usr/share/perl/5.36 /usr/local/lib/site_perl) at /usr/share/perl5/Debconf/FrontEnd/Readline.pm line 7.)
2026-10-08T12:44:28.0913671Z #9 17.13 debconf: falling back to frontend: Teletype
2026-10-08T12:44:28.0914127Z #9 17.18 Setting up libx11-6:amd64 (2:1.8.4-2+deb12u2) ...
2026-10-08T12:44:28.2840422Z #9 17.18 Setting up libharfbuzz0b:amd64 (6.0.0+dfsg-3) ...
2026-10-08T12:44:28.2841529Z #9 17.18 Setting up libgdk-pixbuf-2.0-0:amd64 (2.42.10+dfsg-1+deb12u4) ...
2026-10-08T12:44:28.2848076Z #9 17.20 Setting up libfontconfig1:amd64 (2.14.1-4) ...
2026-10-08T12:44:28.2848944Z #9 17.20 Setting up libsndfile1:amd64 (1.2.0-1+deb12u1) ...
2026-10-08T12:44:28.2849463Z #9 17.20 Setting up libxkbfile1:amd64 (1:1.1.0-1) ...
2026-10-08T12:44:28.2849956Z #9 17.20 Setting up libxcomposite1:amd64 (1:0.4.5-1) ...
2026-10-08T12:44:28.2850433Z #9 17.21 Setting up libsm6:amd64 (2:1.2.3-1) ...
2026-10-08T12:44:28.2850914Z #9 17.21 Setting up libavahi-client3:amd64 (0.8-10+deb12u1) ...
2026-10-08T12:44:28.2851408Z #9 17.21 Setting up libxmuu1:amd64 (2:1.1.3-3) ...
2026-10-08T12:44:28.2851870Z #9 17.21 Setting up libdrm-amdgpu1:amd64 (2.4.114-1+b1) ...
2026-10-08T12:44:28.2852346Z #9 17.21 Setting up libxcb-dri3-0:amd64 (1.15-1) ...
2026-10-08T12:44:28.2852845Z #9 17.22 Setting up gtk-update-icon-cache (3.24.38-2~deb12u3) ...
2026-10-08T12:44:28.2853376Z #9 17.22 Setting up libx11-xcb1:amd64 (2:1.8.4-2+deb12u2) ...
2026-10-08T12:44:28.2853815Z #9 17.22 Setting up fontconfig (2.14.1-4) ...
2026-10-08T12:44:30.1469979Z #9 17.22 Regenerating fonts cache... done.
2026-10-08T12:44:30.2638806Z #9 19.24 Setting up libdrm-nouveau2:amd64 (2.4.114-1+b1) ...
2026-10-08T12:44:30.2639648Z #9 19.24 Setting up libxdamage1:amd64 (1:1.1.6-1) ...
2026-10-08T12:44:30.2640373Z #9 19.24 Setting up libxpm4:amd64 (1:3.5.12-1.1+deb12u1) ...
2026-10-08T12:44:30.2641086Z #9 19.24 Setting up libxrender1:amd64 (1:0.9.10-1.1) ...
2026-10-08T12:44:30.2641516Z #9 19.24 Setting up libgbm1:amd64 (22.3.6-1+deb12u2) ...
2026-10-08T12:44:30.2641944Z #9 19.25 Setting up libpulse0:amd64 (16.1+dfsg1-2+b1) ...
2026-10-08T12:44:30.2642364Z #9 19.25 Setting up libdrm-radeon1:amd64 (2.4.114-1+b1) ...
2026-10-08T12:44:30.2642813Z #9 19.26 Setting up libpango-1.0-0:amd64 (1.50.12+ds-1) ...
2026-10-08T12:44:30.2643236Z #9 19.26 Setting up libdrm-intel1:amd64 (2.4.114-1+b1) ...
2026-10-08T12:44:30.2644067Z #9 19.26 Setting up libgl1-mesa-dri:amd64 (22.3.6-1+deb12u2) ...
2026-10-08T12:44:30.2644885Z #9 19.27 Setting up libxext6:amd64 (2:1.3.4-1+b1) ...
2026-10-08T12:44:30.2645359Z #9 19.27 Setting up libcairo2:amd64 (1.16.0-7) ...
2026-10-08T12:44:30.2646292Z #9 19.27 Setting up libxxf86vm1:amd64 (1:1.1.4-1+b2) ...
2026-10-08T12:44:30.2646749Z #9 19.27 Setting up libxnvctrl0:amd64 (525.85.05-3~deb12u1) ...
2026-10-08T12:44:30.2647318Z #9 19.27 Setting up dbus-user-session (1.14.10-1~deb12u1) ...
2026-10-08T12:44:30.2648034Z #9 19.28 Setting up adwaita-icon-theme (43-1) ...
2026-10-08T12:44:30.2649682Z #9 19.35 update-alternatives: using /usr/share/icons/Adwaita/cursor.theme to provide /usr/share/icons/default/index.theme (x-cursor-theme) in auto mode
2026-10-08T12:44:30.3678550Z #9 19.35 Setting up libxfixes3:amd64 (1:6.0.0-2) ...
2026-10-08T12:44:30.3680139Z #9 19.36 Setting up libxinerama1:amd64 (2:1.1.4-3) ...
2026-10-08T12:44:30.3680694Z #9 19.36 Setting up libxv1:amd64 (2:1.0.11-1.1) ...
2026-10-08T12:44:30.3681344Z #9 19.36 Setting up libxrandr2:amd64 (2:1.5.2-2+b1) ...
2026-10-08T12:44:30.3681951Z #9 19.36 Setting up libxt6:amd64 (1:1.2.1-1.1) ...
2026-10-08T12:44:30.3682434Z #9 19.36 Setting up libcups2:amd64 (2.4.2-3+deb12u9) ...
2026-10-08T12:44:30.3682963Z #9 19.37 Setting up libharfbuzz-subset0:amd64 (6.0.0+dfsg-3) ...
2026-10-08T12:44:30.3683483Z #9 19.37 Setting up libcairo-gobject2:amd64 (1.16.0-7) ...
2026-10-08T12:44:30.3683985Z #9 19.37 Setting up libpangoft2-1.0-0:amd64 (1.50.12+ds-1) ...
2026-10-08T12:44:30.3684523Z #9 19.37 Setting up libpangocairo-1.0-0:amd64 (1.50.12+ds-1) ...
2026-10-08T12:44:30.3685195Z #9 19.38 Setting up libxft2:amd64 (2.3.6-1) ...
2026-10-08T12:44:30.3685647Z #9 19.38 Setting up libxmu6:amd64 (2:1.1.3-3) ...
2026-10-08T12:44:30.3686117Z #9 19.38 Setting up libglx-mesa0:amd64 (22.3.6-1+deb12u2) ...
2026-10-08T12:44:30.3686793Z #9 19.38 Setting up libxi6:amd64 (2:1.8-1+b1) ...
2026-10-08T12:44:30.3687499Z #9 19.38 Setting up libglx0:amd64 (1.6.0-1) ...
2026-10-08T12:44:30.3687962Z #9 19.38 Setting up libxtst6:amd64 (2:1.2.3-1.1) ...
2026-10-08T12:44:30.3688740Z #9 19.39 Setting up libxcursor1:amd64 (1:1.2.1-1) ...
2026-10-08T12:44:30.3689297Z #9 19.39 Setting up libxxf86dga1:amd64 (2:1.1.5-1) ...
2026-10-08T12:44:30.3689725Z #9 19.39 Setting up dconf-service (0.40.0-4) ...
2026-10-08T12:44:30.3690145Z #9 19.39 Setting up libxaw7:amd64 (2:1.0.14-1) ...
2026-10-08T12:44:30.3690589Z #9 19.42 Setting up libatspi2.0-0:amd64 (2.46.0-5) ...
2026-10-08T12:44:30.3691065Z #9 19.42 Setting up libatk-bridge2.0-0:amd64 (2.46.0-5) ...
2026-10-08T12:44:30.3691667Z #9 19.42 Setting up libgl1:amd64 (1.6.0-1) ...
2026-10-08T12:44:30.3692060Z #9 19.42 Setting up x11-utils (7.7+5) ...
2026-10-08T12:44:30.3692530Z #9 19.43 Setting up chromium-common (154.0.8037.92-1~deb12u1) ...
2026-10-08T12:44:30.3693220Z #9 19.43 Setting up dconf-gsettings-backend:amd64 (0.40.0-4) ...
2026-10-08T12:44:30.3693687Z #9 19.44 Setting up libgtk-3-common (3.24.38-2~deb12u3) ...
2026-10-08T12:44:30.3694120Z #9 19.44 Setting up libgtk-3-0:amd64 (3.24.38-2~deb12u3) ...
2026-10-08T12:44:30.3694658Z #9 19.46 Setting up chromium (154.0.8037.92-1~deb12u1) ...
2026-10-08T12:44:30.5296975Z #9 19.46 update-alternatives: using /usr/bin/chromium to provide /usr/bin/x-www-browser (x-www-browser) in auto mode
2026-10-08T12:44:30.5298189Z #9 19.47 update-alternatives: using /usr/bin/chromium to provide /usr/bin/gnome-www-browser (gnome-www-browser) in auto mode
2026-10-08T12:44:30.5299903Z #9 19.47 Processing triggers for libc-bin (2.36-9+deb12u14) ...
2026-10-08T12:44:31.9609379Z #9 DONE 21.0s
2026-10-08T12:44:32.1263898Z 
2026-10-08T12:44:32.1265254Z #10 [ 5/11] COPY package.json pnpm-lock.yaml pnpm-workspace.yaml ./
2026-10-08T12:44:32.1265846Z #10 DONE 0.0s
2026-10-08T12:44:32.1265984Z 
2026-10-08T12:44:32.1266185Z #11 [ 6/11] RUN pnpm install --frozen-lockfile
2026-10-08T12:44:32.1503321Z #11 0.174 ! Corepack is about to download https://registry.npmjs.org/pnpm/-/pnpm-10.18.3.tgz
2026-10-08T12:44:33.6079948Z #11 1.627 Lockfile is up to date, resolution step is skipped
2026-10-08T12:44:33.7277792Z #11 1.686 Progress: resolved 1, reused 0, downloaded 0, added 0
2026-10-08T12:44:33.7278984Z #11 1.752 Packages: +408
2026-10-08T12:44:33.7279975Z #11 1.752 ++++++++++++++++++++++++++++++++++++++++++++++++++++++++++++++++++++++++++++++++
2026-10-08T12:44:34.0681189Z #11 2.092 
2026-10-08T12:44:34.0682478Z #11 2.092    ╭───────────────────────────────────────────────╮
2026-10-08T12:44:34.0683775Z #11 2.092    │                                               │
2026-10-08T12:44:34.0685041Z #11 2.092    │     Update available! 10.18.3 → 12.10.1.      │
2026-10-08T12:44:34.0686237Z #11 2.092    │     Changelog: https://pnpm.io/v/12.10.1      │
2026-10-08T12:44:34.0687539Z #11 2.092    │   To update, run: corepack use pnpm@12.10.1   │
2026-10-08T12:44:34.0689717Z #11 2.092    │                                               │
2026-10-08T12:44:34.0691005Z #11 2.092    ╰───────────────────────────────────────────────╯
2026-10-08T12:44:34.0691902Z #11 2.092 
2026-10-08T12:44:34.6641241Z #11 2.688 Progress: resolved 408, reused 0, downloaded 97, added 73
2026-10-08T12:44:35.6970024Z #11 3.719 Progress: resolved 408, reused 0, downloaded 247, added 242
2026-10-08T12:44:36.6957362Z #11 4.720 Progress: resolved 408, reused 0, downloaded 269, added 247
2026-10-08T12:44:37.6990328Z #11 5.721 Progress: resolved 408, reused 0, downloaded 328, added 268
2026-10-08T12:44:38.6981199Z #11 6.722 Progress: resolved 408, reused 0, downloaded 407, added 407
2026-10-08T12:44:39.1595562Z #11 7.184 Progress: resolved 408, reused 0, downloaded 408, added 408, done
2026-10-08T12:44:39.2972152Z #11 7.321 .../node_modules/@prisma/engines postinstall$ node scripts/postinstall.js
2026-10-08T12:44:39.4405574Z #11 7.350 .../esbuild@0.28.2/node_modules/esbuild postinstall$ node install.js
2026-10-08T12:44:39.4407570Z #11 7.351 .../esbuild@0.25.12/node_modules/esbuild postinstall$ node install.js
2026-10-08T12:44:39.4409245Z #11 7.352 .../esbuild@0.28.1/node_modules/esbuild postinstall$ node install.js
2026-10-08T12:44:39.4410608Z #11 7.353 .../node_modules/workerd postinstall$ node install.js
2026-10-08T12:44:39.4411879Z #11 7.465 .../esbuild@0.28.2/node_modules/esbuild postinstall: Done
2026-10-08T12:44:39.5767136Z #11 7.488 .../esbuild@0.25.12/node_modules/esbuild postinstall: Done
2026-10-08T12:44:39.5769143Z #11 7.504 .../esbuild@0.28.1/node_modules/esbuild postinstall: Done
2026-10-08T12:44:39.5770108Z #11 7.601 .../node_modules/workerd postinstall: Done
2026-10-08T12:44:40.0840534Z #11 8.108 .../node_modules/@prisma/engines postinstall: Done
2026-10-08T12:44:40.3643397Z #11 8.388 .../node_modules/prisma preinstall$ node scripts/preinstall-entry.js
2026-10-08T12:44:40.5856748Z #11 8.460 .../node_modules/prisma preinstall: Done
2026-10-08T12:44:40.7466359Z #11 8.771 
2026-10-08T12:44:40.7466872Z #11 8.771 dependencies:
2026-10-08T12:44:40.7467481Z #11 8.771 + @cloudflare/containers 0.3.7
2026-10-08T12:44:40.7468107Z #11 8.771 + @supabase/server 1.8.0
2026-10-08T12:44:40.7469023Z #11 8.771 + @supabase/supabase-js 2.117.0
2026-10-08T12:44:40.7469713Z #11 8.771 + @tiptap/extension-collaboration 3.31.3
2026-10-08T12:44:40.7470438Z #11 8.771 + @tiptap/extension-collaboration-caret 3.31.3
2026-10-08T12:44:40.7470830Z #11 8.771 + @tiptap/react 3.31.3
2026-10-08T12:44:40.7471424Z #11 8.771 + @tiptap/starter-kit 3.31.3
2026-10-08T12:44:40.7472032Z #11 8.771 + @vitejs/plugin-react 5.2.0
2026-10-08T12:44:40.7472585Z #11 8.771 + cross-env 10.1.0
2026-10-08T12:44:40.7473084Z #11 8.771 + dotenv 17.4.2
2026-10-08T12:44:40.7473905Z #11 8.771 + esbuild 0.25.12
2026-10-08T12:44:40.7474459Z #11 8.771 + esbuild-wasm 0.25.12
2026-10-08T12:44:40.7474973Z #11 8.771 + express 5.2.1
2026-10-08T12:44:40.7475490Z #11 8.771 + lucide-react 0.468.0
2026-10-08T12:44:40.7475973Z #11 8.771 + react 19.2.8
2026-10-08T12:44:40.7476409Z #11 8.771 + react-dom 19.2.8
2026-10-08T12:44:40.7476841Z #11 8.771 + vite 7.3.6
2026-10-08T12:44:40.7477222Z #11 8.771 + ws 8.21.3
2026-10-08T12:44:40.7477621Z #11 8.771 + y-protocols 1.0.7
2026-10-08T12:44:40.7478091Z #11 8.771 + yjs 13.6.32
2026-10-08T12:44:40.7478824Z #11 8.771 
2026-10-08T12:44:40.7479238Z #11 8.771 devDependencies:
2026-10-08T12:44:40.7479791Z #11 8.771 + @prisma/adapter-pg 7.10.0
2026-10-08T12:44:40.7480387Z #11 8.771 + @prisma/client 7.10.0
2026-10-08T12:44:40.7480949Z #11 8.771 + @types/express 5.0.6
2026-10-08T12:44:40.7481486Z #11 8.771 + @types/node 22.20.1
2026-10-08T12:44:40.7481987Z #11 8.771 + @types/pg 8.23.1
2026-10-08T12:44:40.7482502Z #11 8.771 + @types/react 19.2.18
2026-10-08T12:44:40.7483063Z #11 8.771 + @types/react-dom 19.2.7
2026-10-08T12:44:40.7483619Z #11 8.771 + @types/ws 8.18.1
2026-10-08T12:44:40.7484140Z #11 8.771 + pg 8.23.0
2026-10-08T12:44:40.7484574Z #11 8.771 + prisma 7.10.0
2026-10-08T12:44:40.7485043Z #11 8.771 + tsx 4.23.13
2026-10-08T12:44:40.7485492Z #11 8.771 + typescript 5.9.3
2026-10-08T12:44:40.7486306Z #11 8.771 + wrangler 4.131.1
2026-10-08T12:44:40.7486739Z #11 8.771 
2026-10-08T12:44:40.8778177Z #11 8.902 Done in 7.7s using pnpm v10.18.3
2026-10-08T12:44:42.1069086Z #11 DONE 10.1s
2026-10-08T12:44:42.2339209Z 
2026-10-08T12:44:42.2339769Z #12 [ 7/11] COPY . .
2026-10-08T12:44:42.2340201Z #12 DONE 0.1s
2026-10-08T12:44:42.3845163Z 
2026-10-08T12:44:42.3847501Z #13 [ 8/11] RUN apt-get update && apt-get install -y --no-install-recommends gcc libc6-dev && gcc -O2 -Wall -Wextra -Werror server/isolation/linux-job-launcher.c -o /usr/local/bin/cocreate-job-launcher && apt-get purge -y gcc libc6-dev && apt-get autoremove -y && rm -rf /var/lib/apt/lists/*
2026-10-08T12:44:42.4060557Z #13 0.172 Get:1 http://deb.debian.org/debian bookworm InRelease [151 kB]
2026-10-08T12:44:42.5234259Z #13 0.225 Get:2 http://deb.debian.org/debian bookworm-updates InRelease [55.4 kB]
2026-10-08T12:44:42.5235413Z #13 0.244 Get:3 http://deb.debian.org/debian-security bookworm-security InRelease [34.8 kB]
2026-10-08T12:44:42.5236358Z #13 0.290 Get:4 http://deb.debian.org/debian bookworm/main amd64 Packages [8790 kB]
2026-10-08T12:44:42.6454141Z #13 0.412 Get:5 http://deb.debian.org/debian bookworm-updates/main amd64 Packages [6924 B]
2026-10-08T12:44:42.7964286Z #13 0.412 Get:6 http://deb.debian.org/debian-security bookworm-security/main amd64 Packages [349 kB]
2026-10-08T12:44:43.3928104Z #13 1.159 Fetched 9388 kB in 1s (9179 kB/s)
2026-10-08T12:44:43.7969251Z #13 1.159 Reading package lists...
2026-10-08T12:44:44.2247948Z #13 1.582 Reading package lists...
2026-10-08T12:44:44.3269595Z #13 2.004 Building dependency tree...
2026-10-08T12:44:44.5300018Z #13 2.093 Reading state information...
2026-10-08T12:44:44.5302040Z #13 2.185 The following additional packages will be installed:
2026-10-08T12:44:44.5303827Z #13 2.185   binutils binutils-common binutils-x86-64-linux-gnu cpp cpp-12 gcc-12
2026-10-08T12:44:44.5304925Z #13 2.185   libasan8 libatomic1 libbinutils libc-dev-bin libcc1-0 libcrypt-dev
2026-10-08T12:44:44.5306075Z #13 2.185   libctf-nobfd0 libctf0 libgcc-12-dev libgomp1 libgprofng0 libisl23 libitm1
2026-10-08T12:44:44.5307133Z #13 2.185   libjansson4 liblsan0 libmpc3 libmpfr6 libnsl-dev libnsl2 libquadmath0
2026-10-08T12:44:44.5308232Z #13 2.186   libtirpc-common libtirpc-dev libtirpc3 libtsan2 libubsan1 linux-libc-dev
2026-10-08T12:44:44.5309304Z #13 2.186   rpcsvc-proto
2026-10-08T12:44:44.5309901Z #13 2.186 Suggested packages:
2026-10-08T12:44:44.5310873Z #13 2.186   binutils-doc cpp-doc gcc-12-locales cpp-12-doc gcc-multilib make
2026-10-08T12:44:44.5311886Z #13 2.186   manpages-dev autoconf automake libtool flex bison gdb gcc-doc
2026-10-08T12:44:44.5313099Z #13 2.186   gcc-12-multilib gcc-12-doc glibc-doc
2026-10-08T12:44:44.5313705Z #13 2.186 Recommended packages:
2026-10-08T12:44:44.5314283Z #13 2.186   manpages manpages-dev libc-devtools
2026-10-08T12:44:44.5314805Z #13 2.296 The following NEW packages will be installed:
2026-10-08T12:44:44.6951237Z #13 2.296   binutils binutils-common binutils-x86-64-linux-gnu cpp cpp-12 gcc gcc-12
2026-10-08T12:44:44.6953417Z #13 2.296   libasan8 libatomic1 libbinutils libc-dev-bin libc6-dev libcc1-0 libcrypt-dev
2026-10-08T12:44:44.6955492Z #13 2.296   libctf-nobfd0 libctf0 libgcc-12-dev libgomp1 libgprofng0 libisl23 libitm1
2026-10-08T12:44:44.6956723Z #13 2.297   libjansson4 liblsan0 libmpc3 libmpfr6 libnsl-dev libnsl2 libquadmath0
2026-10-08T12:44:44.6958856Z #13 2.297   libtirpc-common libtirpc-dev libtirpc3 libtsan2 libubsan1 linux-libc-dev
2026-10-08T12:44:44.6960812Z #13 2.297   rpcsvc-proto
2026-10-08T12:44:44.6961535Z #13 2.348 0 upgraded, 35 newly installed, 0 to remove and 1 not upgraded.
2026-10-08T12:44:44.6961996Z #13 2.348 Need to get 50.9 MB of archives.
2026-10-08T12:44:44.6962471Z #13 2.348 After this operation, 202 MB of additional disk space will be used.
2026-10-08T12:44:44.6963773Z #13 2.348 Get:1 http://deb.debian.org/debian bookworm/main amd64 binutils-common amd64 2.40-2 [2487 kB]
2026-10-08T12:44:44.6964538Z #13 2.461 Get:2 http://deb.debian.org/debian bookworm/main amd64 libbinutils amd64 2.40-2 [572 kB]
2026-10-08T12:44:44.8050499Z #13 2.464 Get:3 http://deb.debian.org/debian bookworm/main amd64 libctf-nobfd0 amd64 2.40-2 [153 kB]
2026-10-08T12:44:44.8051864Z #13 2.465 Get:4 http://deb.debian.org/debian bookworm/main amd64 libctf0 amd64 2.40-2 [89.8 kB]
2026-10-08T12:44:44.8053120Z #13 2.466 Get:5 http://deb.debian.org/debian bookworm/main amd64 libgprofng0 amd64 2.40-2 [812 kB]
2026-10-08T12:44:44.8054408Z #13 2.469 Get:6 http://deb.debian.org/debian bookworm/main amd64 libjansson4 amd64 2.14-2 [40.8 kB]
2026-10-08T12:44:44.8055818Z #13 2.470 Get:7 http://deb.debian.org/debian bookworm/main amd64 binutils-x86-64-linux-gnu amd64 2.40-2 [2246 kB]
2026-10-08T12:44:44.8057172Z #13 2.484 Get:8 http://deb.debian.org/debian bookworm/main amd64 binutils amd64 2.40-2 [65.0 kB]
2026-10-08T12:44:44.8058598Z #13 2.485 Get:9 http://deb.debian.org/debian bookworm/main amd64 libisl23 amd64 0.25-1.1 [683 kB]
2026-10-08T12:44:44.8059892Z #13 2.488 Get:10 http://deb.debian.org/debian bookworm/main amd64 libmpfr6 amd64 4.2.0-1 [701 kB]
2026-10-08T12:44:44.8061124Z #13 2.490 Get:11 http://deb.debian.org/debian bookworm/main amd64 libmpc3 amd64 1.3.1-1 [51.5 kB]
2026-10-08T12:44:44.8062445Z #13 2.495 Get:12 http://deb.debian.org/debian bookworm/main amd64 cpp-12 amd64 12.2.0-14+deb12u1 [9768 kB]
2026-10-08T12:44:44.8063711Z #13 2.543 Get:13 http://deb.debian.org/debian bookworm/main amd64 cpp amd64 4:12.2.0-3 [6836 B]
2026-10-08T12:44:44.8065028Z #13 2.543 Get:14 http://deb.debian.org/debian bookworm/main amd64 libcc1-0 amd64 12.2.0-14+deb12u1 [41.7 kB]
2026-10-08T12:44:44.8066420Z #13 2.544 Get:15 http://deb.debian.org/debian bookworm/main amd64 libgomp1 amd64 12.2.0-14+deb12u1 [116 kB]
2026-10-08T12:44:44.8067804Z #13 2.544 Get:16 http://deb.debian.org/debian bookworm/main amd64 libitm1 amd64 12.2.0-14+deb12u1 [26.1 kB]
2026-10-08T12:44:44.8069436Z #13 2.547 Get:17 http://deb.debian.org/debian bookworm/main amd64 libatomic1 amd64 12.2.0-14+deb12u1 [9376 B]
2026-10-08T12:44:44.8070801Z #13 2.547 Get:18 http://deb.debian.org/debian bookworm/main amd64 libasan8 amd64 12.2.0-14+deb12u1 [2193 kB]
2026-10-08T12:44:44.8072209Z #13 2.555 Get:19 http://deb.debian.org/debian bookworm/main amd64 liblsan0 amd64 12.2.0-14+deb12u1 [969 kB]
2026-10-08T12:44:44.8073639Z #13 2.559 Get:20 http://deb.debian.org/debian bookworm/main amd64 libtsan2 amd64 12.2.0-14+deb12u1 [2197 kB]
2026-10-08T12:44:44.8075151Z #13 2.571 Get:21 http://deb.debian.org/debian bookworm/main amd64 libubsan1 amd64 12.2.0-14+deb12u1 [883 kB]
2026-10-08T12:44:44.9113681Z #13 2.574 Get:22 http://deb.debian.org/debian bookworm/main amd64 libquadmath0 amd64 12.2.0-14+deb12u1 [145 kB]
2026-10-08T12:44:44.9115254Z #13 2.575 Get:23 http://deb.debian.org/debian bookworm/main amd64 libgcc-12-dev amd64 12.2.0-14+deb12u1 [2437 kB]
2026-10-08T12:44:44.9116905Z #13 2.587 Get:24 http://deb.debian.org/debian bookworm/main amd64 gcc-12 amd64 12.2.0-14+deb12u1 [19.3 MB]
2026-10-08T12:44:44.9120151Z #13 2.677 Get:25 http://deb.debian.org/debian bookworm/main amd64 gcc amd64 4:12.2.0-3 [5216 B]
2026-10-08T12:44:45.0438703Z #13 2.678 Get:26 http://deb.debian.org/debian bookworm/main amd64 libc-dev-bin amd64 2.36-9+deb12u14 [48.1 kB]
2026-10-08T12:44:45.0440412Z #13 2.680 Get:27 http://deb.debian.org/debian-security bookworm-security/main amd64 linux-libc-dev amd64 6.1.187-1 [2357 kB]
2026-10-08T12:44:45.0441969Z #13 2.684 Get:28 http://deb.debian.org/debian bookworm/main amd64 libcrypt-dev amd64 1:4.4.33-2 [118 kB]
2026-10-08T12:44:45.0443362Z #13 2.685 Get:29 http://deb.debian.org/debian bookworm/main amd64 libtirpc-common all 1.3.3+ds-1 [14.0 kB]
2026-10-08T12:44:45.0444741Z #13 2.685 Get:30 http://deb.debian.org/debian bookworm/main amd64 libtirpc3 amd64 1.3.3+ds-1 [85.2 kB]
2026-10-08T12:44:45.0446044Z #13 2.686 Get:31 http://deb.debian.org/debian bookworm/main amd64 libnsl2 amd64 1.3.0-2 [39.5 kB]
2026-10-08T12:44:45.0447361Z #13 2.686 Get:32 http://deb.debian.org/debian bookworm/main amd64 libtirpc-dev amd64 1.3.3+ds-1 [191 kB]
2026-10-08T12:44:45.0449259Z #13 2.687 Get:33 http://deb.debian.org/debian bookworm/main amd64 libnsl-dev amd64 1.3.0-2 [66.4 kB]
2026-10-08T12:44:45.0450237Z #13 2.696 Get:34 http://deb.debian.org/debian bookworm/main amd64 rpcsvc-proto amd64 1.4.3-1 [63.3 kB]
2026-10-08T12:44:45.0451283Z #13 2.697 Get:35 http://deb.debian.org/debian bookworm/main amd64 libc6-dev amd64 2.36-9+deb12u14 [1904 kB]
2026-10-08T12:44:45.0452557Z #13 2.810 debconf: delaying package configuration, since apt-utils is not installed
2026-10-08T12:44:45.2457516Z #13 2.833 Fetched 50.9 MB in 0s (127 MB/s)
2026-10-08T12:44:45.2458652Z #13 2.847 Selecting previously unselected package binutils-common:amd64.
2026-10-08T12:44:45.2459237Z #13 2.847 (Reading database ... 
2026-10-08T12:44:45.2459536Z (Reading database ... 5%
2026-10-08T12:44:45.2459805Z (Reading database ... 10%
2026-10-08T12:44:45.2460077Z (Reading database ... 15%
2026-10-08T12:44:45.2460343Z (Reading database ... 20%
2026-10-08T12:44:45.2460599Z (Reading database ... 25%
2026-10-08T12:44:45.2460881Z (Reading database ... 30%
2026-10-08T12:44:45.2461161Z (Reading database ... 35%
2026-10-08T12:44:45.2461575Z (Reading database ... 40%
2026-10-08T12:44:45.2461900Z (Reading database ... 45%
2026-10-08T12:44:45.2462159Z (Reading database ... 50%
2026-10-08T12:44:45.2462410Z (Reading database ... 55%
2026-10-08T12:44:45.2462663Z (Reading database ... 60%
2026-10-08T12:44:45.2462914Z (Reading database ... 65%
2026-10-08T12:44:45.2463168Z (Reading database ... 70%
2026-10-08T12:44:45.2463420Z (Reading database ... 75%
2026-10-08T12:44:45.2463683Z (Reading database ... 80%
2026-10-08T12:44:45.2463939Z (Reading database ... 85%
2026-10-08T12:44:45.2464198Z (Reading database ... 90%
2026-10-08T12:44:45.2464451Z (Reading database ... 95%
2026-10-08T12:44:45.2464716Z (Reading database ... 100%
2026-10-08T12:44:45.2465162Z (Reading database ... 16161 files and directories currently installed.)
2026-10-08T12:44:45.2465773Z #13 2.861 Preparing to unpack .../00-binutils-common_2.40-2_amd64.deb ...
2026-10-08T12:44:45.2466298Z #13 2.862 Unpacking binutils-common:amd64 (2.40-2) ...
2026-10-08T12:44:45.2702962Z #13 3.037 Selecting previously unselected package libbinutils:amd64.
2026-10-08T12:44:45.3739190Z #13 3.039 Preparing to unpack .../01-libbinutils_2.40-2_amd64.deb ...
2026-10-08T12:44:45.3740197Z #13 3.040 Unpacking libbinutils:amd64 (2.40-2) ...
2026-10-08T12:44:45.3741048Z #13 3.092 Selecting previously unselected package libctf-nobfd0:amd64.
2026-10-08T12:44:45.3741982Z #13 3.095 Preparing to unpack .../02-libctf-nobfd0_2.40-2_amd64.deb ...
2026-10-08T12:44:45.3742778Z #13 3.095 Unpacking libctf-nobfd0:amd64 (2.40-2) ...
2026-10-08T12:44:45.3743882Z #13 3.118 Selecting previously unselected package libctf0:amd64.
2026-10-08T12:44:45.3744741Z #13 3.120 Preparing to unpack .../03-libctf0_2.40-2_amd64.deb ...
2026-10-08T12:44:45.3745452Z #13 3.121 Unpacking libctf0:amd64 (2.40-2) ...
2026-10-08T12:44:45.3746219Z #13 3.140 Selecting previously unselected package libgprofng0:amd64.
2026-10-08T12:44:45.6179618Z #13 3.142 Preparing to unpack .../04-libgprofng0_2.40-2_amd64.deb ...
2026-10-08T12:44:45.6180552Z #13 3.143 Unpacking libgprofng0:amd64 (2.40-2) ...
2026-10-08T12:44:45.6181431Z #13 3.212 Selecting previously unselected package libjansson4:amd64.
2026-10-08T12:44:45.6182412Z #13 3.214 Preparing to unpack .../05-libjansson4_2.14-2_amd64.deb ...
2026-10-08T12:44:45.6183239Z #13 3.215 Unpacking libjansson4:amd64 (2.14-2) ...
2026-10-08T12:44:45.6184160Z #13 3.231 Selecting previously unselected package binutils-x86-64-linux-gnu.
2026-10-08T12:44:45.6185274Z #13 3.233 Preparing to unpack .../06-binutils-x86-64-linux-gnu_2.40-2_amd64.deb ...
2026-10-08T12:44:45.6186250Z #13 3.234 Unpacking binutils-x86-64-linux-gnu (2.40-2) ...
2026-10-08T12:44:45.6455269Z #13 3.412 Selecting previously unselected package binutils.
2026-10-08T12:44:45.7711895Z #13 3.414 Preparing to unpack .../07-binutils_2.40-2_amd64.deb ...
2026-10-08T12:44:45.7712983Z #13 3.415 Unpacking binutils (2.40-2) ...
2026-10-08T12:44:45.7714365Z #13 3.436 Selecting previously unselected package libisl23:amd64.
2026-10-08T12:44:45.7715454Z #13 3.438 Preparing to unpack .../08-libisl23_0.25-1.1_amd64.deb ...
2026-10-08T12:44:45.7716403Z #13 3.439 Unpacking libisl23:amd64 (0.25-1.1) ...
2026-10-08T12:44:45.7717402Z #13 3.496 Selecting previously unselected package libmpfr6:amd64.
2026-10-08T12:44:45.7717986Z #13 3.498 Preparing to unpack .../09-libmpfr6_4.2.0-1_amd64.deb ...
2026-10-08T12:44:45.7718670Z #13 3.499 Unpacking libmpfr6:amd64 (4.2.0-1) ...
2026-10-08T12:44:45.7719141Z #13 3.538 Selecting previously unselected package libmpc3:amd64.
2026-10-08T12:44:45.9427974Z #13 3.540 Preparing to unpack .../10-libmpc3_1.3.1-1_amd64.deb ...
2026-10-08T12:44:45.9429003Z #13 3.540 Unpacking libmpc3:amd64 (1.3.1-1) ...
2026-10-08T12:44:45.9429762Z #13 3.556 Selecting previously unselected package cpp-12.
2026-10-08T12:44:45.9430691Z #13 3.558 Preparing to unpack .../11-cpp-12_12.2.0-14+deb12u1_amd64.deb ...
2026-10-08T12:44:45.9431521Z #13 3.559 Unpacking cpp-12 (12.2.0-14+deb12u1) ...
2026-10-08T12:44:46.3160118Z #13 4.082 Selecting previously unselected package cpp.
2026-10-08T12:44:46.5614826Z #13 4.084 Preparing to unpack .../12-cpp_4%3a12.2.0-3_amd64.deb ...
2026-10-08T12:44:46.5615594Z #13 4.085 Unpacking cpp (4:12.2.0-3) ...
2026-10-08T12:44:46.5616318Z #13 4.099 Selecting previously unselected package libcc1-0:amd64.
2026-10-08T12:44:46.5616911Z #13 4.101 Preparing to unpack .../13-libcc1-0_12.2.0-14+deb12u1_amd64.deb ...
2026-10-08T12:44:46.5617423Z #13 4.101 Unpacking libcc1-0:amd64 (12.2.0-14+deb12u1) ...
2026-10-08T12:44:46.5617896Z #13 4.117 Selecting previously unselected package libgomp1:amd64.
2026-10-08T12:44:46.5618867Z #13 4.119 Preparing to unpack .../14-libgomp1_12.2.0-14+deb12u1_amd64.deb ...
2026-10-08T12:44:46.5619790Z #13 4.119 Unpacking libgomp1:amd64 (12.2.0-14+deb12u1) ...
2026-10-08T12:44:46.5620562Z #13 4.140 Selecting previously unselected package libitm1:amd64.
2026-10-08T12:44:46.5621105Z #13 4.142 Preparing to unpack .../15-libitm1_12.2.0-14+deb12u1_amd64.deb ...
2026-10-08T12:44:46.5621613Z #13 4.142 Unpacking libitm1:amd64 (12.2.0-14+deb12u1) ...
2026-10-08T12:44:46.5622086Z #13 4.158 Selecting previously unselected package libatomic1:amd64.
2026-10-08T12:44:46.5622628Z #13 4.160 Preparing to unpack .../16-libatomic1_12.2.0-14+deb12u1_amd64.deb ...
2026-10-08T12:44:46.5623127Z #13 4.161 Unpacking libatomic1:amd64 (12.2.0-14+deb12u1) ...
2026-10-08T12:44:46.5623595Z #13 4.175 Selecting previously unselected package libasan8:amd64.
2026-10-08T12:44:46.5624116Z #13 4.176 Preparing to unpack .../17-libasan8_12.2.0-14+deb12u1_amd64.deb ...
2026-10-08T12:44:46.5624854Z #13 4.177 Unpacking libasan8:amd64 (12.2.0-14+deb12u1) ...
2026-10-08T12:44:46.5698027Z #13 4.336 Selecting previously unselected package liblsan0:amd64.
2026-10-08T12:44:46.8043595Z #13 4.338 Preparing to unpack .../18-liblsan0_12.2.0-14+deb12u1_amd64.deb ...
2026-10-08T12:44:46.8044867Z #13 4.339 Unpacking liblsan0:amd64 (12.2.0-14+deb12u1) ...
2026-10-08T12:44:46.8046372Z #13 4.417 Selecting previously unselected package libtsan2:amd64.
2026-10-08T12:44:46.8047653Z #13 4.419 Preparing to unpack .../19-libtsan2_12.2.0-14+deb12u1_amd64.deb ...
2026-10-08T12:44:46.8049114Z #13 4.420 Unpacking libtsan2:amd64 (12.2.0-14+deb12u1) ...
2026-10-08T12:44:46.8092393Z #13 4.576 Selecting previously unselected package libubsan1:amd64.
2026-10-08T12:44:47.0587048Z #13 4.578 Preparing to unpack .../20-libubsan1_12.2.0-14+deb12u1_amd64.deb ...
2026-10-08T12:44:47.0587704Z #13 4.579 Unpacking libubsan1:amd64 (12.2.0-14+deb12u1) ...
2026-10-08T12:44:47.0588252Z #13 4.647 Selecting previously unselected package libquadmath0:amd64.
2026-10-08T12:44:47.0589329Z #13 4.649 Preparing to unpack .../21-libquadmath0_12.2.0-14+deb12u1_amd64.deb ...
2026-10-08T12:44:47.0590057Z #13 4.650 Unpacking libquadmath0:amd64 (12.2.0-14+deb12u1) ...
2026-10-08T12:44:47.0590673Z #13 4.672 Selecting previously unselected package libgcc-12-dev:amd64.
2026-10-08T12:44:47.0591619Z #13 4.674 Preparing to unpack .../22-libgcc-12-dev_12.2.0-14+deb12u1_amd64.deb ...
2026-10-08T12:44:47.0592598Z #13 4.674 Unpacking libgcc-12-dev:amd64 (12.2.0-14+deb12u1) ...
2026-10-08T12:44:47.0682063Z #13 4.835 Selecting previously unselected package gcc-12.
2026-10-08T12:44:47.2218635Z #13 4.837 Preparing to unpack .../23-gcc-12_12.2.0-14+deb12u1_amd64.deb ...
2026-10-08T12:44:47.2220121Z #13 4.838 Unpacking gcc-12 (12.2.0-14+deb12u1) ...
2026-10-08T12:44:47.7546025Z #13 5.521 Selecting previously unselected package gcc.
2026-10-08T12:44:47.9456229Z #13 5.523 Preparing to unpack .../24-gcc_4%3a12.2.0-3_amd64.deb ...
2026-10-08T12:44:47.9457227Z #13 5.524 Unpacking gcc (4:12.2.0-3) ...
2026-10-08T12:44:47.9458150Z #13 5.540 Selecting previously unselected package libc-dev-bin.
2026-10-08T12:44:47.9459485Z #13 5.542 Preparing to unpack .../25-libc-dev-bin_2.36-9+deb12u14_amd64.deb ...
2026-10-08T12:44:47.9460439Z #13 5.543 Unpacking libc-dev-bin (2.36-9+deb12u14) ...
2026-10-08T12:44:47.9461344Z #13 5.559 Selecting previously unselected package linux-libc-dev:amd64.
2026-10-08T12:44:47.9462402Z #13 5.561 Preparing to unpack .../26-linux-libc-dev_6.1.187-1_amd64.deb ...
2026-10-08T12:44:47.9463314Z #13 5.561 Unpacking linux-libc-dev:amd64 (6.1.187-1) ...
2026-10-08T12:44:48.0075528Z #13 5.774 Selecting previously unselected package libcrypt-dev:amd64.
2026-10-08T12:44:48.1401373Z #13 5.777 Preparing to unpack .../27-libcrypt-dev_1%3a4.4.33-2_amd64.deb ...
2026-10-08T12:44:48.1402674Z #13 5.782 Unpacking libcrypt-dev:amd64 (1:4.4.33-2) ...
2026-10-08T12:44:48.1403680Z #13 5.804 Selecting previously unselected package libtirpc-common.
2026-10-08T12:44:48.1404340Z #13 5.806 Preparing to unpack .../28-libtirpc-common_1.3.3+ds-1_all.deb ...
2026-10-08T12:44:48.1404852Z #13 5.807 Unpacking libtirpc-common (1.3.3+ds-1) ...
2026-10-08T12:44:48.1405336Z #13 5.823 Selecting previously unselected package libtirpc3:amd64.
2026-10-08T12:44:48.1405855Z #13 5.825 Preparing to unpack .../29-libtirpc3_1.3.3+ds-1_amd64.deb ...
2026-10-08T12:44:48.1406323Z #13 5.826 Unpacking libtirpc3:amd64 (1.3.3+ds-1) ...
2026-10-08T12:44:48.1406768Z #13 5.845 Selecting previously unselected package libnsl2:amd64.
2026-10-08T12:44:48.1407249Z #13 5.847 Preparing to unpack .../30-libnsl2_1.3.0-2_amd64.deb ...
2026-10-08T12:44:48.1407685Z #13 5.847 Unpacking libnsl2:amd64 (1.3.0-2) ...
2026-10-08T12:44:48.1408154Z #13 5.863 Selecting previously unselected package libtirpc-dev:amd64.
2026-10-08T12:44:48.1408956Z #13 5.865 Preparing to unpack .../31-libtirpc-dev_1.3.3+ds-1_amd64.deb ...
2026-10-08T12:44:48.1409441Z #13 5.865 Unpacking libtirpc-dev:amd64 (1.3.3+ds-1) ...
2026-10-08T12:44:48.1410151Z #13 5.907 Selecting previously unselected package libnsl-dev:amd64.
2026-10-08T12:44:48.3394198Z #13 5.908 Preparing to unpack .../32-libnsl-dev_1.3.0-2_amd64.deb ...
2026-10-08T12:44:48.3395004Z #13 5.909 Unpacking libnsl-dev:amd64 (1.3.0-2) ...
2026-10-08T12:44:48.3395616Z #13 5.928 Selecting previously unselected package rpcsvc-proto.
2026-10-08T12:44:48.3396311Z #13 5.930 Preparing to unpack .../33-rpcsvc-proto_1.4.3-1_amd64.deb ...
2026-10-08T12:44:48.3396826Z #13 5.932 Unpacking rpcsvc-proto (1.4.3-1) ...
2026-10-08T12:44:48.3397434Z #13 5.953 Selecting previously unselected package libc6-dev:amd64.
2026-10-08T12:44:48.3398116Z #13 5.954 Preparing to unpack .../34-libc6-dev_2.36-9+deb12u14_amd64.deb ...
2026-10-08T12:44:48.3398880Z #13 5.955 Unpacking libc6-dev:amd64 (2.36-9+deb12u14) ...
2026-10-08T12:44:48.3571038Z #13 6.123 Setting up libtirpc-common (1.3.3+ds-1) ...
2026-10-08T12:44:48.5471198Z #13 6.126 Setting up binutils-common:amd64 (2.40-2) ...
2026-10-08T12:44:48.5472100Z #13 6.128 Setting up linux-libc-dev:amd64 (6.1.187-1) ...
2026-10-08T12:44:48.5472599Z #13 6.130 Setting up libctf-nobfd0:amd64 (2.40-2) ...
2026-10-08T12:44:48.5473185Z #13 6.132 Setting up libgomp1:amd64 (12.2.0-14+deb12u1) ...
2026-10-08T12:44:48.5473608Z #13 6.134 Setting up libjansson4:amd64 (2.14-2) ...
2026-10-08T12:44:48.5473997Z #13 6.139 Setting up rpcsvc-proto (1.4.3-1) ...
2026-10-08T12:44:48.5474692Z #13 6.141 Setting up libmpfr6:amd64 (4.2.0-1) ...
2026-10-08T12:44:48.5475131Z #13 6.143 Setting up libquadmath0:amd64 (12.2.0-14+deb12u1) ...
2026-10-08T12:44:48.5475547Z #13 6.145 Setting up libmpc3:amd64 (1.3.1-1) ...
2026-10-08T12:44:48.5475979Z #13 6.147 Setting up libatomic1:amd64 (12.2.0-14+deb12u1) ...
2026-10-08T12:44:48.5476446Z #13 6.150 Setting up libubsan1:amd64 (12.2.0-14+deb12u1) ...
2026-10-08T12:44:48.5476894Z #13 6.152 Setting up libcrypt-dev:amd64 (1:4.4.33-2) ...
2026-10-08T12:44:48.5477324Z #13 6.158 Setting up libasan8:amd64 (12.2.0-14+deb12u1) ...
2026-10-08T12:44:48.5477748Z #13 6.160 Setting up libtsan2:amd64 (12.2.0-14+deb12u1) ...
2026-10-08T12:44:48.5478154Z #13 6.162 Setting up libbinutils:amd64 (2.40-2) ...
2026-10-08T12:44:48.5478822Z #13 6.164 Setting up libisl23:amd64 (0.25-1.1) ...
2026-10-08T12:44:48.5479249Z #13 6.167 Setting up libc-dev-bin (2.36-9+deb12u14) ...
2026-10-08T12:44:48.5479677Z #13 6.169 Setting up libcc1-0:amd64 (12.2.0-14+deb12u1) ...
2026-10-08T12:44:48.5480119Z #13 6.171 Setting up liblsan0:amd64 (12.2.0-14+deb12u1) ...
2026-10-08T12:44:48.5480543Z #13 6.173 Setting up libitm1:amd64 (12.2.0-14+deb12u1) ...
2026-10-08T12:44:48.5480928Z #13 6.175 Setting up libctf0:amd64 (2.40-2) ...
2026-10-08T12:44:48.5481330Z #13 6.177 Setting up libtirpc3:amd64 (1.3.3+ds-1) ...
2026-10-08T12:44:48.5481715Z #13 6.179 Setting up cpp-12 (12.2.0-14+deb12u1) ...
2026-10-08T12:44:48.5482106Z #13 6.181 Setting up libgprofng0:amd64 (2.40-2) ...
2026-10-08T12:44:48.5482519Z #13 6.183 Setting up libtirpc-dev:amd64 (1.3.3+ds-1) ...
2026-10-08T12:44:48.5482963Z #13 6.185 Setting up libgcc-12-dev:amd64 (12.2.0-14+deb12u1) ...
2026-10-08T12:44:48.5483366Z #13 6.187 Setting up cpp (4:12.2.0-3) ...
2026-10-08T12:44:48.5483724Z #13 6.192 Setting up libnsl2:amd64 (1.3.0-2) ...
2026-10-08T12:44:48.5484135Z #13 6.193 Setting up binutils-x86-64-linux-gnu (2.40-2) ...
2026-10-08T12:44:48.5484523Z #13 6.195 Setting up binutils (2.40-2) ...
2026-10-08T12:44:48.5484880Z #13 6.198 Setting up gcc-12 (12.2.0-14+deb12u1) ...
2026-10-08T12:44:48.5485259Z #13 6.200 Setting up libnsl-dev:amd64 (1.3.0-2) ...
2026-10-08T12:44:48.5485674Z #13 6.202 Setting up libc6-dev:amd64 (2.36-9+deb12u14) ...
2026-10-08T12:44:48.5486064Z #13 6.204 Setting up gcc (4:12.2.0-3) ...
2026-10-08T12:44:48.5486475Z #13 6.212 Processing triggers for libc-bin (2.36-9+deb12u14) ...
2026-10-08T12:44:48.9482418Z #13 6.313 Reading package lists...
2026-10-08T12:44:49.0531222Z #13 6.727 Building dependency tree...
2026-10-08T12:44:49.1561626Z #13 6.819 Reading state information...
2026-10-08T12:44:49.1563483Z #13 6.913 The following packages were automatically installed and are no longer required:
2026-10-08T12:44:49.1565151Z #13 6.913   binutils binutils-common binutils-x86-64-linux-gnu cpp cpp-12 gcc-12
2026-10-08T12:44:49.1566762Z #13 6.913   libasan8 libatomic1 libbinutils libc-dev-bin libcc1-0 libcrypt-dev
2026-10-08T12:44:49.1568065Z #13 6.913   libctf-nobfd0 libctf0 libgcc-12-dev libgomp1 libgprofng0 libisl23 libitm1
2026-10-08T12:44:49.1569735Z #13 6.913   libjansson4 liblsan0 libmpc3 libmpfr6 libnsl-dev libnsl2 libquadmath0
2026-10-08T12:44:49.1571067Z #13 6.914   libtirpc-common libtirpc-dev libtirpc3 libtsan2 libubsan1 linux-libc-dev
2026-10-08T12:44:49.1572106Z #13 6.914   rpcsvc-proto
2026-10-08T12:44:49.1572929Z #13 6.914 Use 'apt autoremove' to remove them.
2026-10-08T12:44:49.1573377Z #13 6.923 The following packages will be REMOVED:
2026-10-08T12:44:49.2872745Z #13 6.923   gcc* libc6-dev*
2026-10-08T12:44:49.2873293Z #13 7.054 0 upgraded, 0 newly installed, 2 to remove and 1 not upgraded.
2026-10-08T12:44:49.2873873Z #13 7.054 After this operation, 12.3 MB disk space will be freed.
2026-10-08T12:44:49.3893488Z #13 7.060 (Reading database ... 
2026-10-08T12:44:49.3894110Z (Reading database ... 5%
2026-10-08T12:44:49.3894662Z (Reading database ... 10%
2026-10-08T12:44:49.3895196Z (Reading database ... 15%
2026-10-08T12:44:49.3895708Z (Reading database ... 20%
2026-10-08T12:44:49.3896226Z (Reading database ... 25%
2026-10-08T12:44:49.3897050Z (Reading database ... 30%
2026-10-08T12:44:49.3897576Z (Reading database ... 35%
2026-10-08T12:44:49.3898086Z (Reading database ... 40%
2026-10-08T12:44:49.3898934Z (Reading database ... 45%
2026-10-08T12:44:49.3899487Z (Reading database ... 50%
2026-10-08T12:44:49.3900018Z (Reading database ... 55%
2026-10-08T12:44:49.3900537Z (Reading database ... 60%
2026-10-08T12:44:49.3901049Z (Reading database ... 65%
2026-10-08T12:44:49.3901566Z (Reading database ... 70%
2026-10-08T12:44:49.3902082Z (Reading database ... 75%
2026-10-08T12:44:49.3902606Z (Reading database ... 80%
2026-10-08T12:44:49.3903122Z (Reading database ... 85%
2026-10-08T12:44:49.3903647Z (Reading database ... 90%
2026-10-08T12:44:49.3904195Z (Reading database ... 95%
2026-10-08T12:44:49.3904532Z (Reading database ... 100%
2026-10-08T12:44:49.3905047Z (Reading database ... 18572 files and directories currently installed.)
2026-10-08T12:44:49.3905501Z #13 7.075 Removing gcc (4:12.2.0-3) ...
2026-10-08T12:44:49.3906099Z #13 7.088 Removing libc6-dev:amd64 (2.36-9+deb12u14) ...
2026-10-08T12:44:49.7907105Z #13 7.156 Reading package lists...
2026-10-08T12:44:49.8912545Z #13 7.569 Building dependency tree...
2026-10-08T12:44:49.8913220Z #13 7.657 Reading state information...
2026-10-08T12:44:50.1177679Z #13 7.753 The following packages will be REMOVED:
2026-10-08T12:44:50.1178288Z #13 7.753   binutils binutils-common binutils-x86-64-linux-gnu cpp cpp-12 gcc-12
2026-10-08T12:44:50.1179265Z #13 7.753   libasan8 libatomic1 libbinutils libc-dev-bin libcc1-0 libcrypt-dev
2026-10-08T12:44:50.1179898Z #13 7.753   libctf-nobfd0 libctf0 libgcc-12-dev libgomp1 libgprofng0 libisl23 libitm1
2026-10-08T12:44:50.1180576Z #13 7.753   libjansson4 liblsan0 libmpc3 libmpfr6 libnsl-dev libnsl2 libquadmath0
2026-10-08T12:44:50.1181211Z #13 7.753   libtirpc-common libtirpc-dev libtirpc3 libtsan2 libubsan1 linux-libc-dev
2026-10-08T12:44:50.1181648Z #13 7.753   rpcsvc-proto
2026-10-08T12:44:50.1182054Z #13 7.884 0 upgraded, 0 newly installed, 33 to remove and 1 not upgraded.
2026-10-08T12:44:50.1182572Z #13 7.884 After this operation, 190 MB disk space will be freed.
2026-10-08T12:44:50.2240834Z #13 7.892 (Reading database ... 
2026-10-08T12:44:50.2241267Z (Reading database ... 5%
2026-10-08T12:44:50.2241597Z (Reading database ... 10%
2026-10-08T12:44:50.2241966Z (Reading database ... 15%
2026-10-08T12:44:50.2242224Z (Reading database ... 20%
2026-10-08T12:44:50.2242473Z (Reading database ... 25%
2026-10-08T12:44:50.2242720Z (Reading database ... 30%
2026-10-08T12:44:50.2242959Z (Reading database ... 35%
2026-10-08T12:44:50.2243193Z (Reading database ... 40%
2026-10-08T12:44:50.2243433Z (Reading database ... 45%
2026-10-08T12:44:50.2243939Z (Reading database ... 50%
2026-10-08T12:44:50.2244197Z (Reading database ... 55%
2026-10-08T12:44:50.2244436Z (Reading database ... 60%
2026-10-08T12:44:50.2244680Z (Reading database ... 65%
2026-10-08T12:44:50.2244939Z (Reading database ... 70%
2026-10-08T12:44:50.2245180Z (Reading database ... 75%
2026-10-08T12:44:50.2245430Z (Reading database ... 80%
2026-10-08T12:44:50.2245668Z (Reading database ... 85%
2026-10-08T12:44:50.2245905Z (Reading database ... 90%
2026-10-08T12:44:50.2246143Z (Reading database ... 95%
2026-10-08T12:44:50.2246385Z (Reading database ... 100%
2026-10-08T12:44:50.2246815Z (Reading database ... 18002 files and directories currently installed.)
2026-10-08T12:44:50.2247285Z #13 7.906 Removing gcc-12 (12.2.0-14+deb12u1) ...
2026-10-08T12:44:50.2247645Z #13 7.932 Removing binutils (2.40-2) ...
2026-10-08T12:44:50.2248045Z #13 7.940 Removing binutils-x86-64-linux-gnu (2.40-2) ...
2026-10-08T12:44:50.2248804Z #13 7.957 Removing libgprofng0:amd64 (2.40-2) ...
2026-10-08T12:44:50.2249210Z #13 7.966 Removing libctf0:amd64 (2.40-2) ...
2026-10-08T12:44:50.2249573Z #13 7.974 Removing libbinutils:amd64 (2.40-2) ...
2026-10-08T12:44:50.2249963Z #13 7.982 Removing binutils-common:amd64 (2.40-2) ...
2026-10-08T12:44:50.2250332Z #13 7.990 Removing cpp (4:12.2.0-3) ...
2026-10-08T12:44:50.3289124Z #13 8.002 Removing cpp-12 (12.2.0-14+deb12u1) ...
2026-10-08T12:44:50.3289925Z #13 8.020 Removing libgcc-12-dev:amd64 (12.2.0-14+deb12u1) ...
2026-10-08T12:44:50.3290441Z #13 8.039 Removing libasan8:amd64 (12.2.0-14+deb12u1) ...
2026-10-08T12:44:50.3290906Z #13 8.048 Removing libatomic1:amd64 (12.2.0-14+deb12u1) ...
2026-10-08T12:44:50.3291525Z #13 8.056 Removing libc-dev-bin (2.36-9+deb12u14) ...
2026-10-08T12:44:50.3291958Z #13 8.063 Removing libcc1-0:amd64 (12.2.0-14+deb12u1) ...
2026-10-08T12:44:50.3292597Z #13 8.071 Removing libcrypt-dev:amd64 (1:4.4.33-2) ...
2026-10-08T12:44:50.3293027Z #13 8.087 Removing libctf-nobfd0:amd64 (2.40-2) ...
2026-10-08T12:44:50.3293616Z #13 8.095 Removing libgomp1:amd64 (12.2.0-14+deb12u1) ...
2026-10-08T12:44:50.4327557Z #13 8.103 Removing libisl23:amd64 (0.25-1.1) ...
2026-10-08T12:44:50.4328608Z #13 8.112 Removing libitm1:amd64 (12.2.0-14+deb12u1) ...
2026-10-08T12:44:50.4329348Z #13 8.120 Removing libjansson4:amd64 (2.14-2) ...
2026-10-08T12:44:50.4329796Z #13 8.128 Removing liblsan0:amd64 (12.2.0-14+deb12u1) ...
2026-10-08T12:44:50.4330228Z #13 8.136 Removing libmpc3:amd64 (1.3.1-1) ...
2026-10-08T12:44:50.4330636Z #13 8.145 Removing libmpfr6:amd64 (4.2.0-1) ...
2026-10-08T12:44:50.4331013Z #13 8.153 Removing libnsl-dev:amd64 (1.3.0-2) ...
2026-10-08T12:44:50.4331378Z #13 8.161 Removing libnsl2:amd64 (1.3.0-2) ...
2026-10-08T12:44:50.4331789Z #13 8.168 Removing libquadmath0:amd64 (12.2.0-14+deb12u1) ...
2026-10-08T12:44:50.4332216Z #13 8.176 Removing libtirpc-dev:amd64 (1.3.3+ds-1) ...
2026-10-08T12:44:50.4332609Z #13 8.185 Removing libtirpc3:amd64 (1.3.3+ds-1) ...
2026-10-08T12:44:50.4332991Z #13 8.193 Removing libtirpc-common (1.3.3+ds-1) ...
2026-10-08T12:44:50.4333405Z #13 8.199 Removing libtsan2:amd64 (12.2.0-14+deb12u1) ...
2026-10-08T12:44:50.5389689Z #13 8.209 Removing libubsan1:amd64 (12.2.0-14+deb12u1) ...
2026-10-08T12:44:50.5390486Z #13 8.218 Removing linux-libc-dev:amd64 (6.1.187-1) ...
2026-10-08T12:44:50.5390936Z #13 8.271 Removing rpcsvc-proto (1.4.3-1) ...
2026-10-08T12:44:50.5391438Z #13 8.305 Processing triggers for libc-bin (2.36-9+deb12u14) ...
2026-10-08T12:44:50.7271648Z #13 DONE 8.3s
2026-10-08T12:44:50.7271892Z 
2026-10-08T12:44:50.7272077Z #14 [ 9/11] RUN pnpm build
2026-10-08T12:44:51.0330362Z #14 0.457 
2026-10-08T12:44:51.0330895Z #14 0.457 > cocreate@1.0.0 build /app
2026-10-08T12:44:51.0331481Z #14 0.457 > tsc --noEmit && vite build --configLoader runner
2026-10-08T12:44:51.0331834Z #14 0.457 
2026-10-08T12:44:58.4364338Z #14 7.860 vite v7.3.6 building client environment for production...
2026-10-08T12:44:58.6533967Z #14 7.927 transforming...
2026-10-08T12:45:02.1122445Z #14 11.54 ✓ 1749 modules transformed.
2026-10-08T12:45:02.3405179Z #14 11.76 rendering chunks...
2026-10-08T12:45:02.5865919Z #14 12.01 computing gzip size...
2026-10-08T12:45:02.6930457Z #14 12.03 dist/index.html                             0.44 kB │ gzip:   0.30 kB
2026-10-08T12:45:02.6937262Z #14 12.03 dist/assets/App-BqUO_rW7.css                2.56 kB │ gzip:   0.85 kB
2026-10-08T12:45:02.6938822Z #14 12.03 dist/assets/LandingPage-CNj4pefA.css       13.13 kB │ gzip:   2.95 kB
2026-10-08T12:45:02.6940083Z #14 12.03 dist/assets/index-cyLHvudv.css             75.38 kB │ gzip:  14.48 kB
2026-10-08T12:45:02.6941348Z #14 12.03 dist/assets/users-BIdyuxqP.js               0.69 kB │ gzip:   0.39 kB
2026-10-08T12:45:02.6942651Z #14 12.03 dist/assets/createLucideIcon-DcEYS1mU.js    0.89 kB │ gzip:   0.55 kB
2026-10-08T12:45:02.6943961Z #14 12.03 dist/assets/x-DO2zMSIY.js                   1.70 kB │ gzip:   0.78 kB
2026-10-08T12:45:02.6944903Z #14 12.03 dist/assets/LandingPage-DCr6qHiF.js        15.33 kB │ gzip:   4.92 kB
2026-10-08T12:45:02.6945620Z #14 12.03 dist/assets/ProjectApp-DXmAqhy1.js         29.68 kB │ gzip:   9.01 kB
2026-10-08T12:45:02.6946281Z #14 12.03 dist/assets/index-BPNFqXSv.js             421.95 kB │ gzip: 121.32 kB
2026-10-08T12:45:02.6946907Z #14 12.03 dist/assets/App-DhzRZNRs.js               583.75 kB │ gzip: 185.76 kB
2026-10-08T12:45:02.6947274Z #14 12.03 
2026-10-08T12:45:02.6947944Z #14 12.03 (!) Some chunks are larger than 500 kB after minification. Consider:
2026-10-08T12:45:02.6948835Z #14 12.03 - Using dynamic import() to code-split the application
2026-10-08T12:45:02.6949820Z #14 12.03 - Use build.rollupOptions.output.manualChunks to improve chunking: https://rollupjs.org/configuration-options/#output-manualchunks
2026-10-08T12:45:02.6950690Z #14 12.03 - Adjust chunk size limit for this warning via build.chunkSizeWarningLimit.
2026-10-08T12:45:02.6951192Z #14 12.03 ✓ built in 4.14s
2026-10-08T12:45:02.6951423Z #14 DONE 12.1s
2026-10-08T12:45:02.8450580Z 
2026-10-08T12:45:02.8451656Z #15 [10/11] RUN node scripts/release-fingerprint.mjs --write-image
2026-10-08T12:45:02.8836719Z #15 0.190 {"fingerprint":"5a89423ecdc0a2d154ea641c757db0be8802bc3d14a92bfcf6357eb009ecf9fd","sourceFiles":87,"scope":"Source/build input attestation only; not runtime acceptance"}
2026-10-08T12:45:03.0449216Z #15 DONE 0.2s
2026-10-08T12:45:03.0449471Z 
2026-10-08T12:45:03.0450682Z #16 [11/11] RUN pnpm exec tsx scripts/prepare-isolation.ts --files-only && mkdir -p /app/data /app/generated && chown -R node:node /app/.runtime /app/data /app/generated
2026-10-08T12:45:03.5706631Z #16 0.676 {"policy":"isolated-compile-v1","platform":"linux","scope":"Trusted files prepared; kernel boundary not exercised"}
2026-10-08T12:45:03.7659166Z #16 DONE 0.7s
2026-10-08T12:45:03.7669362Z 
2026-10-08T12:45:03.7669819Z #17 exporting to image
2026-10-08T12:45:03.7670550Z #17 exporting layers
2026-10-08T12:45:15.0905055Z #17 exporting layers 11.5s done
2026-10-08T12:45:15.1090396Z #17 writing image sha256:45e5901b3e4b2c4d1e23137fc7b52d0a1b92236c248cbe5f0aeb99baab43c045 done
2026-10-08T12:45:15.1091860Z #17 naming to docker.io/library/cocreate-check done
2026-10-08T12:45:15.1092807Z #17 DONE 11.5s
2026-10-08T12:45:15.1097458Z 
2026-10-08T12:45:15.1098859Z  [33m4 warnings found (use docker --debug to expand):
2026-10-08T12:45:15.1100463Z [0m - SecretsUsedInArgOrEnv: Do not use ARG or ENV instructions for sensitive data (ENV "VITE_COCREATE_AUTH_MODE") (line 16)
2026-10-08T12:45:15.1102210Z  - SecretsUsedInArgOrEnv: Do not use ARG or ENV instructions for sensitive data (ENV "VITE_SUPABASE_PUBLISHABLE_KEY") (line 19)
2026-10-08T12:45:15.1103643Z  - SecretsUsedInArgOrEnv: Do not use ARG or ENV instructions for sensitive data (ARG "VITE_COCREATE_AUTH_MODE") (line 12)
2026-10-08T12:45:15.1105441Z  - SecretsUsedInArgOrEnv: Do not use ARG or ENV instructions for sensitive data (ARG "VITE_SUPABASE_PUBLISHABLE_KEY") (line 15)
2026-10-08T12:45:15.1254746Z ##[group]Run root="/sys/fs/cgroup/cocreate-ci-${GITHUB_RUN_ID}-${GITHUB_RUN_ATTEMPT}"
2026-10-08T12:45:15.1255370Z [36;1mroot="/sys/fs/cgroup/cocreate-ci-${GITHUB_RUN_ID}-${GITHUB_RUN_ATTEMPT}"[0m
2026-10-08T12:45:15.1255847Z [36;1msudo sh scripts/prepare-ci-cgroup.sh "$root"[0m
2026-10-08T12:45:15.1256228Z [36;1mecho "COCREATE_CI_CGROUP_ROOT=$root" >> "$GITHUB_ENV"[0m
2026-10-08T12:45:15.1325872Z shell: /usr/bin/bash -e {0}
2026-10-08T12:45:15.1326132Z env:
2026-10-08T12:45:15.1326402Z   PNPM_HOME: /home/runner/setup-pnpm/node_modules/.bin
2026-10-08T12:45:15.1333464Z ##[endgroup]
2026-10-08T12:45:15.1725294Z ##[group]Run sh scripts/run-linux-check.sh node --import tsx scripts/prepare-isolation.ts
2026-10-08T12:45:15.1725969Z [36;1msh scripts/run-linux-check.sh node --import tsx scripts/prepare-isolation.ts[0m
2026-10-08T12:45:15.1790110Z shell: /usr/bin/bash -e {0}
2026-10-08T12:45:15.1790365Z env:
2026-10-08T12:45:15.1790624Z   PNPM_HOME: /home/runner/setup-pnpm/node_modules/.bin
2026-10-08T12:45:15.1791048Z   COCREATE_CI_CGROUP_ROOT: /sys/fs/cgroup/cocreate-ci-37778889811-1
2026-10-08T12:45:15.1791404Z ##[endgroup]
2026-10-08T12:45:17.9170094Z {"policy":"isolated-compile-v1","platform":"linux","scope":"Actual OS boundary preflight passed; no inference"}
2026-10-08T12:45:18.0025259Z ##[group]Run sh scripts/run-linux-check.sh node --import tsx --input-type=module -e 'import {assertVerificationBrowserAvailable} from "./server/isolation/browser.ts"; await assertVerificationBrowserAvailable(); console.log("Actual Linux browser boundary passed; no inference");'
2026-10-08T12:45:18.0027447Z [36;1msh scripts/run-linux-check.sh node --import tsx --input-type=module -e 'import {assertVerificationBrowserAvailable} from "./server/isolation/browser.ts"; await assertVerificationBrowserAvailable(); console.log("Actual Linux browser boundary passed; no inference");'[0m
2026-10-08T12:45:18.0098781Z shell: /usr/bin/bash -e {0}
2026-10-08T12:45:18.0099057Z env:
2026-10-08T12:45:18.0099315Z   PNPM_HOME: /home/runner/setup-pnpm/node_modules/.bin
2026-10-08T12:45:18.0099732Z   COCREATE_CI_CGROUP_ROOT: /sys/fs/cgroup/cocreate-ci-37778889811-1
2026-10-08T12:45:18.0100095Z ##[endgroup]
2026-10-08T12:45:20.2989407Z /app/server/isolation/browser.ts:12
2026-10-08T12:45:20.2991496Z const unavailable = () => new IsolationError('isolation_unavailable', 'Isolated verification browser is unavailable. Prepare the verification runtime, then explicitly retry; the previous artifact is retained.');
2026-10-08T12:45:20.2993009Z                           ^
2026-10-08T12:45:20.2993255Z 
2026-10-08T12:45:20.2994420Z IsolationError: Isolated verification browser is unavailable. Prepare the verification runtime, then explicitly retry; the previous artifact is retained.
2026-10-08T12:45:20.2995772Z     at unavailable (/app/server/isolation/browser.ts:12:27)
2026-10-08T12:45:20.2996590Z     at Socket.<anonymous> (/app/server/isolation/browser.ts:68:47)
2026-10-08T12:45:20.2997281Z     at Socket.emit (node:events:519:28)
2026-10-08T12:45:20.2997881Z     at emitErrorNT (node:internal/streams/destroy:170:8)
2026-10-08T12:45:20.2998803Z     at emitErrorCloseNT (node:internal/streams/destroy:129:3)
2026-10-08T12:45:20.2999743Z     at process.processTicksAndRejections (node:internal/process/task_queues:89:21) {
2026-10-08T12:45:20.3000561Z   code: 'isolation_unavailable',
2026-10-08T12:45:20.3000984Z   cause: {
2026-10-08T12:45:20.3001298Z     exitCode: 153,
2026-10-08T12:45:20.3001653Z     phase: 'cleanup',
2026-10-08T12:45:20.3002987Z     diagnostic: '[2:9:1008/124518.386062:ERROR:dbus/bus.cc:405] Failed to connect to the bus: Failed to connect to socket /run/dbus/system_bus_socket: No such file or directory\n' +
2026-10-08T12:45:20.3005331Z       '[2:9:1008/124518.387698:ERROR:dbus/bus.cc:405] Failed to connect to the bus: Could not parse server address: Unknown address type (examples of valid types are "tcp" and on UNIX "unix")\n' +
2026-10-08T12:45:20.3006936Z       'Fontconfig error: Cannot load default config file: No such file: (null)\n' +
2026-10-08T12:45:20.3014314Z       '[2:9:1008/124518.389796:ERROR:dbus/bus.cc:405] Failed to connect to the bus: Failed to connect to socket /run/dbus/system_bus_socket: No such file or directory\n' +
2026-10-08T12:45:20.3016441Z       '[2:9:1008/124518.390397:ERROR:dbus/bus.cc:405] Failed to connect to the bus: Failed to connect to socket /run/dbus/system_bus_socket: No such file or directory\n' +
2026-10-08T12:45:20.3018875Z       '[2:9:1008/124518.390417:ERROR:dbus/bus.cc:405] Failed to connect to the bus: Could not parse server address: Unknown address type (examples of valid types are "tcp" and on UNIX "unix")\n'
2026-10-08T12:45:20.3020100Z   }
2026-10-08T12:45:20.3020371Z }
2026-10-08T12:45:20.3020529Z 
2026-10-08T12:45:20.3020665Z Node.js v22.23.3
2026-10-08T12:45:20.3510020Z ##[error]Process completed with exit code 1.
2026-10-08T12:45:20.3565333Z ##[group]Run sh scripts/run-linux-check.sh node --import tsx scripts/diagnose-linux-browser.ts
2026-10-08T12:45:20.3566035Z [36;1msh scripts/run-linux-check.sh node --import tsx scripts/diagnose-linux-browser.ts[0m
2026-10-08T12:45:20.3636095Z shell: /usr/bin/bash -e {0}
2026-10-08T12:45:20.3636352Z env:
2026-10-08T12:45:20.3636609Z   PNPM_HOME: /home/runner/setup-pnpm/node_modules/.bin
2026-10-08T12:45:20.3637021Z   COCREATE_CI_CGROUP_ROOT: /sys/fs/cgroup/cocreate-ci-37778889811-1
2026-10-08T12:45:20.3637375Z ##[endgroup]
2026-10-08T12:45:20.9488316Z {"scope":"Trusted version metadata only","addressSpace":2147483648,"status":133,"signal":null,"stdout":"","stderr":""}
2026-10-08T12:45:20.9931295Z {"scope":"Trusted version metadata only","addressSpace":"CI cgroup only","status":0,"signal":null,"stdout":"Chromium 154.0.8037.92 \n","stderr":""}
2026-10-08T12:45:21.0617689Z ##[group]Run docker build --tag cocreate-file-diagnose - <<'DOCKER'
2026-10-08T12:45:21.0618897Z [36;1mdocker build --tag cocreate-file-diagnose - <<'DOCKER'[0m
2026-10-08T12:45:21.0619577Z [36;1mFROM cocreate-check[0m
2026-10-08T12:45:21.0620467Z [36;1mRUN apt-get update && apt-get install -y --no-install-recommends strace && rm -rf /var/lib/apt/lists/*[0m
2026-10-08T12:45:21.0621418Z [36;1mDOCKER[0m
2026-10-08T12:45:21.0622311Z [36;1msed 's/cocreate-check/cocreate-file-diagnose/g' scripts/run-linux-check.sh > /tmp/cocreate-file-diagnose.sh[0m
2026-10-08T12:45:21.0623785Z [36;1msh /tmp/cocreate-file-diagnose.sh timeout 30s node --import tsx scripts/diagnose-browser-file-limit.ts[0m
2026-10-08T12:45:21.0724597Z shell: /usr/bin/bash -e {0}
2026-10-08T12:45:21.0725068Z env:
2026-10-08T12:45:21.0725523Z   PNPM_HOME: /home/runner/setup-pnpm/node_modules/.bin
2026-10-08T12:45:21.0726268Z   COCREATE_CI_CGROUP_ROOT: /sys/fs/cgroup/cocreate-ci-37778889811-1
2026-10-08T12:45:21.0726953Z ##[endgroup]
2026-10-08T12:45:21.4519258Z #0 building with "default" instance using docker driver
2026-10-08T12:45:21.4519620Z 
2026-10-08T12:45:21.4519885Z #1 [internal] load build definition from Dockerfile
2026-10-08T12:45:21.4520395Z #1 transferring dockerfile: 160B done
2026-10-08T12:45:21.4520744Z #1 DONE 0.0s
2026-10-08T12:45:21.4520889Z 
2026-10-08T12:45:21.4521241Z #2 [internal] load metadata for docker.io/library/cocreate-check:latest
2026-10-08T12:45:21.4521708Z #2 DONE 0.0s
2026-10-08T12:45:21.4521854Z 
2026-10-08T12:45:21.4522022Z #3 [internal] load .dockerignore
2026-10-08T12:45:21.4522406Z #3 transferring context: 2B done
2026-10-08T12:45:21.4522704Z #3 DONE 0.0s
2026-10-08T12:45:21.4522847Z 
2026-10-08T12:45:21.4523098Z #4 [1/2] FROM docker.io/library/cocreate-check:latest
2026-10-08T12:45:21.4523506Z #4 DONE 0.0s
2026-10-08T12:45:21.4523654Z 
2026-10-08T12:45:21.4524261Z #5 [2/2] RUN apt-get update && apt-get install -y --no-install-recommends strace && rm -rf /var/lib/apt/lists/*
2026-10-08T12:45:21.4779251Z #5 0.177 Get:1 http://deb.debian.org/debian bookworm InRelease [151 kB]
2026-10-08T12:45:21.5979837Z #5 0.232 Get:2 http://deb.debian.org/debian bookworm-updates InRelease [55.4 kB]
2026-10-08T12:45:21.5981575Z #5 0.251 Get:3 http://deb.debian.org/debian-security bookworm-security InRelease [34.8 kB]
2026-10-08T12:45:21.5983240Z #5 0.297 Get:4 http://deb.debian.org/debian bookworm/main amd64 Packages [8790 kB]
2026-10-08T12:45:21.7231691Z #5 0.422 Get:5 http://deb.debian.org/debian bookworm-updates/main amd64 Packages [6924 B]
2026-10-08T12:45:21.8742072Z #5 0.422 Get:6 http://deb.debian.org/debian-security bookworm-security/main amd64 Packages [349 kB]
2026-10-08T12:45:22.4922199Z #5 1.191 Fetched 9388 kB in 1s (8924 kB/s)
2026-10-08T12:45:22.9047288Z #5 1.191 Reading package lists...
2026-10-08T12:45:23.3354212Z #5 1.621 Reading package lists...
2026-10-08T12:45:23.4409042Z #5 2.047 Building dependency tree...
2026-10-08T12:45:23.5638892Z #5 2.139 Reading state information...
2026-10-08T12:45:23.5639490Z #5 2.229 The following additional packages will be installed:
2026-10-08T12:45:23.5640048Z #5 2.230   libunwind8
2026-10-08T12:45:23.5640424Z #5 2.262 The following NEW packages will be installed:
2026-10-08T12:45:23.8040736Z #5 2.263   libunwind8 strace
2026-10-08T12:45:23.8041678Z #5 2.313 0 upgraded, 2 newly installed, 0 to remove and 1 not upgraded.
2026-10-08T12:45:23.8042284Z #5 2.313 Need to get 1365 kB of archives.
2026-10-08T12:45:23.8042928Z #5 2.313 After this operation, 3108 kB of additional disk space will be used.
2026-10-08T12:45:23.8043846Z #5 2.313 Get:1 http://deb.debian.org/debian bookworm/main amd64 libunwind8 amd64 1.6.2-3 [51.2 kB]
2026-10-08T12:45:23.8044812Z #5 2.352 Get:2 http://deb.debian.org/debian bookworm/main amd64 strace amd64 6.1-0.1 [1314 kB]
2026-10-08T12:45:23.8132446Z #5 2.512 debconf: delaying package configuration, since apt-utils is not installed
2026-10-08T12:45:23.9396547Z #5 2.533 Fetched 1365 kB in 0s (9288 kB/s)
2026-10-08T12:45:23.9398082Z #5 2.547 Selecting previously unselected package libunwind8:amd64.
2026-10-08T12:45:23.9399524Z #5 2.547 (Reading database ... 
2026-10-08T12:45:23.9400220Z (Reading database ... 5%
2026-10-08T12:45:23.9400680Z (Reading database ... 10%
2026-10-08T12:45:23.9401111Z (Reading database ... 15%
2026-10-08T12:45:23.9401548Z (Reading database ... 20%
2026-10-08T12:45:23.9401971Z (Reading database ... 25%
2026-10-08T12:45:23.9402246Z (Reading database ... 30%
2026-10-08T12:45:23.9402511Z (Reading database ... 35%
2026-10-08T12:45:23.9402889Z (Reading database ... 40%
2026-10-08T12:45:23.9403151Z (Reading database ... 45%
2026-10-08T12:45:23.9403405Z (Reading database ... 50%
2026-10-08T12:45:23.9403655Z (Reading database ... 55%
2026-10-08T12:45:23.9403907Z (Reading database ... 60%
2026-10-08T12:45:23.9404181Z (Reading database ... 65%
2026-10-08T12:45:23.9404431Z (Reading database ... 70%
2026-10-08T12:45:23.9404796Z (Reading database ... 75%
2026-10-08T12:45:23.9405185Z (Reading database ... 80%
2026-10-08T12:45:23.9405663Z (Reading database ... 85%
2026-10-08T12:45:23.9406043Z (Reading database ... 90%
2026-10-08T12:45:23.9406300Z (Reading database ... 95%
2026-10-08T12:45:23.9406554Z (Reading database ... 100%
2026-10-08T12:45:23.9407184Z (Reading database ... 16163 files and directories currently installed.)
2026-10-08T12:45:23.9408189Z #5 2.561 Preparing to unpack .../libunwind8_1.6.2-3_amd64.deb ...
2026-10-08T12:45:23.9409309Z #5 2.563 Unpacking libunwind8:amd64 (1.6.2-3) ...
2026-10-08T12:45:23.9409962Z #5 2.580 Selecting previously unselected package strace.
2026-10-08T12:45:23.9410473Z #5 2.581 Preparing to unpack .../strace_6.1-0.1_amd64.deb ...
2026-10-08T12:45:23.9411161Z #5 2.582 Unpacking strace (6.1-0.1) ...
2026-10-08T12:45:23.9411546Z #5 2.638 Setting up libunwind8:amd64 (1.6.2-3) ...
2026-10-08T12:45:24.1368300Z #5 2.641 Setting up strace (6.1-0.1) ...
2026-10-08T12:45:24.1369476Z #5 2.643 Processing triggers for libc-bin (2.36-9+deb12u14) ...
2026-10-08T12:45:24.1369924Z #5 DONE 2.7s
2026-10-08T12:45:24.1370119Z 
2026-10-08T12:45:24.1370259Z #6 exporting to image
2026-10-08T12:45:24.1370565Z #6 exporting layers
2026-10-08T12:45:26.7366779Z #6 exporting layers 2.8s done
2026-10-08T12:45:26.7541596Z #6 writing image sha256:c9a369c36a5e6fc1affdc8a67176904c419291cfe8bbc22e6ac8835c61f9c5ad done
2026-10-08T12:45:26.7543183Z #6 naming to docker.io/library/cocreate-file-diagnose done
2026-10-08T12:45:26.7543769Z #6 DONE 2.8s
2026-10-08T12:45:28.2073119Z /app/server/isolation/browser.ts:12
2026-10-08T12:45:28.2075193Z const unavailable = () => new IsolationError('isolation_unavailable', 'Isolated verification browser is unavailable. Prepare the verification runtime, then explicitly retry; the previous artifact is retained.');
2026-10-08T12:45:28.2077124Z                           ^
2026-10-08T12:45:28.2077640Z 
2026-10-08T12:45:28.2079284Z IsolationError: Isolated verification browser is unavailable. Prepare the verification runtime, then explicitly retry; the previous artifact is retained.
2026-10-08T12:45:28.2080872Z     at unavailable (/app/server/isolation/browser.ts:12:27)
2026-10-08T12:45:28.2081539Z     at Socket.<anonymous> (/app/server/isolation/browser.ts:68:47)
2026-10-08T12:45:28.2082095Z     at Socket.emit (node:events:519:28)
2026-10-08T12:45:28.2082621Z     at emitErrorNT (node:internal/streams/destroy:170:8)
2026-10-08T12:45:28.2083210Z     at emitErrorCloseNT (node:internal/streams/destroy:129:3)
2026-10-08T12:45:28.2083918Z     at process.processTicksAndRejections (node:internal/process/task_queues:89:21) {
2026-10-08T12:45:28.2084550Z   code: 'isolation_unavailable',
2026-10-08T12:45:28.2084972Z   cause: {
2026-10-08T12:45:28.2085293Z     exitCode: 153,
2026-10-08T12:45:28.2085627Z     phase: 'cleanup',
2026-10-08T12:45:28.2086077Z     diagnostic: '/usr/bin/strace: Process 40 attached\n' +
2026-10-08T12:45:28.2086932Z       '/usr/bin/strace: Process 41 attached\n' +
2026-10-08T12:45:28.2087438Z       '/usr/bin/strace: Process 42 attached\n' +
2026-10-08T12:45:28.2088109Z       '/usr/bin/strace: Process 43 attached\n' +
2026-10-08T12:45:28.2089286Z       '/usr/bin/strace: Process 44 attached\n' +
2026-10-08T12:45:28.2090123Z       '/usr/bin/strace: Process 45 attached\n' +
2026-10-08T12:45:28.2090707Z       '/usr/bin/strace: Process 46 attached\n' +
2026-10-08T12:45:28.2091383Z       '/usr/bin/strace: Process 47 attached\n' +
2026-10-08T12:45:28.2092044Z       '/usr/bin/strace: Process 48 attached\n' +
2026-10-08T12:45:28.2092732Z       '/usr/bin/strace: Process 49 attached\n' +
2026-10-08T12:45:28.2093387Z       '/usr/bin/strace: Process 50 attached\n' +
2026-10-08T12:45:28.2094155Z       '/usr/bin/strace: Process 51 attached\n' +
2026-10-08T12:45:28.2095548Z       '[2:9:1008/124527.216397:ERROR:dbus/bus.cc:405] Failed to connect to the bus: Failed to connect to socket /run/dbus/system_bus_socket: No such file or directory\n' +
2026-10-08T12:45:28.2096827Z       '[2:9:1008/124527.216910:ERROR:dbus/bus.cc:405] Failed to connect to the bus: Could not parse server address: Unknown address type (examples of valid types are "tcp" and on UNIX "unix")\n' +
2026-10-08T12:45:28.2097623Z       '/usr/bin/strace: Process 52 attached\n' +
2026-10-08T12:45:28.2098083Z       '[pid    41] ftruncate(26</memfd:shared-memory-region>(deleted), 8) = 0\n' +
2026-10-08T12:45:28.2098839Z       '/usr/bin/strace: Process 53 attached\n' +
2026-10-08T12:45:28.2099194Z       '/usr/bin/strace: Process 54 attached\n' +
2026-10-08T12:45:28.2099510Z       '[2:9:1008/124527.232449:ERROR'
2026-10-08T12:45:28.2099755Z   }
2026-10-08T12:45:28.2099934Z }
2026-10-08T12:45:28.2100040Z 
2026-10-08T12:45:28.2100126Z Node.js v22.23.3
2026-10-08T12:45:28.2517643Z ##[error]Process completed with exit code 1.
2026-10-08T12:45:28.2552650Z ##[group]Run sh scripts/run-linux-check.sh node --import tsx --test --test-concurrency=1 tests/generated-isolation.test.ts
2026-10-08T12:45:28.2553641Z [36;1msh scripts/run-linux-check.sh node --import tsx --test --test-concurrency=1 tests/generated-isolation.test.ts[0m
2026-10-08T12:45:28.2624147Z shell: /usr/bin/bash -e {0}
2026-10-08T12:45:28.2624411Z env:
2026-10-08T12:45:28.2624671Z   PNPM_HOME: /home/runner/setup-pnpm/node_modules/.bin
2026-10-08T12:45:28.2625117Z   COCREATE_CI_CGROUP_ROOT: /sys/fs/cgroup/cocreate-ci-37778889811-1
2026-10-08T12:45:28.2625501Z ##[endgroup]
2026-10-08T12:45:28.4353721Z TAP version 13
2026-10-08T12:45:32.4565057Z # Subtest: ordinary compilation runs in the real OS boundary and never evaluates candidate top-level code
2026-10-08T12:45:32.4573405Z ok 1 - ordinary compilation runs in the real OS boundary and never evaluates candidate top-level code
2026-10-08T12:45:32.4574475Z   ---
2026-10-08T12:45:32.4575033Z   duration_ms: 3841.262102
2026-10-08T12:45:32.4575543Z   type: 'test'
2026-10-08T12:45:32.4575881Z   ...
2026-10-08T12:45:32.5034502Z # Subtest: OS boundary without Node permissions denies an existing private host file, writes and live loopback network
2026-10-08T12:45:32.5035579Z ok 2 - OS boundary without Node permissions denies an existing private host file, writes and live loopback network
2026-10-08T12:45:32.5036358Z   ---
2026-10-08T12:45:32.5036855Z   duration_ms: 50.12424
2026-10-08T12:45:32.5037284Z   type: 'test'
2026-10-08T12:45:32.5037620Z   ...
2026-10-08T12:45:32.5621093Z # Subtest: restricted process strips injection/secrets and denies subprocesses, workers and cross-workspace reads
2026-10-08T12:45:32.5622829Z ok 3 - restricted process strips injection/secrets and denies subprocesses, workers and cross-workspace reads
2026-10-08T12:45:32.5623718Z   ---
2026-10-08T12:45:32.5624058Z   duration_ms: 51.629629
2026-10-08T12:45:32.5624445Z   type: 'test'
2026-10-08T12:45:32.5624777Z   ...
2026-10-08T12:45:37.5621082Z # Subtest: candidate imports cannot read absolute files, traverse workspaces or download packages/styles
2026-10-08T12:45:37.5622669Z ok 4 - candidate imports cannot read absolute files, traverse workspaces or download packages/styles
2026-10-08T12:45:37.5623867Z   ---
2026-10-08T12:45:37.5624222Z   duration_ms: 5008.493042
2026-10-08T12:45:37.5624642Z   type: 'test'
2026-10-08T12:45:37.5624981Z   ...
2026-10-08T12:45:38.5704807Z # Subtest: wall timeout terminates a running child and cleans its private input
2026-10-08T12:45:38.5705935Z ok 5 - wall timeout terminates a running child and cleans its private input
2026-10-08T12:45:38.5706598Z   ---
2026-10-08T12:45:38.5706937Z   duration_ms: 1007.447066
2026-10-08T12:45:38.5707350Z   type: 'test'
2026-10-08T12:45:38.5707677Z   ...
2026-10-08T12:45:38.5755205Z # Subtest: cancellation waits for real child termination and cleanup; pre-abort starts nothing
2026-10-08T12:45:38.5757964Z ok 6 - cancellation waits for real child termination and cleanup; pre-abort starts nothing
2026-10-08T12:45:38.5760864Z   ---
2026-10-08T12:45:38.5761242Z   duration_ms: 7.091704
2026-10-08T12:45:38.5761650Z   type: 'test'
2026-10-08T12:45:38.5762011Z   ...
2026-10-08T12:45:39.2263292Z # Subtest: memory exhaustion cannot escape the OS bound and leaves no child work
2026-10-08T12:45:39.2264505Z ok 7 - memory exhaustion cannot escape the OS bound and leaves no child work
2026-10-08T12:45:39.2272659Z   ---
2026-10-08T12:45:39.2273289Z   duration_ms: 649.013929
2026-10-08T12:45:39.2274058Z   type: 'test'
2026-10-08T12:45:39.2274714Z   ...
2026-10-08T12:45:39.2275514Z # Subtest: unavailable isolation fails explicitly and cannot fall back to host compilation
2026-10-08T12:45:39.2276270Z ok 8 - unavailable isolation fails explicitly and cannot fall back to host compilation
2026-10-08T12:45:39.2276698Z   ---
2026-10-08T12:45:39.2276899Z   duration_ms: 0.621082
2026-10-08T12:45:39.2277128Z   type: 'test'
2026-10-08T12:45:39.2277325Z   ...
2026-10-08T12:45:49.2392246Z # Subtest: CPU bound stops a busy child before the longer wall deadline
2026-10-08T12:45:49.2393974Z ok 9 - CPU bound stops a busy child before the longer wall deadline
2026-10-08T12:45:49.2394631Z   ---
2026-10-08T12:45:49.2394973Z   duration_ms: 10011.553252
2026-10-08T12:45:49.2395374Z   type: 'test'
2026-10-08T12:45:49.2395766Z   ...
2026-10-08T12:45:49.3985122Z # Subtest: untrusted output is bounded before it reaches application memory or artifacts
2026-10-08T12:45:49.3987523Z ok 10 - untrusted output is bounded before it reaches application memory or artifacts
2026-10-08T12:45:49.3988261Z   ---
2026-10-08T12:45:49.3988973Z   duration_ms: 162.924324
2026-10-08T12:45:49.3989377Z   type: 'test'
2026-10-08T12:45:49.3989703Z   ...
2026-10-08T12:45:49.4209178Z 1..10
2026-10-08T12:45:49.4210776Z # tests 10
2026-10-08T12:45:49.4211145Z # suites 0
2026-10-08T12:45:49.4211450Z # pass 10
2026-10-08T12:45:49.4211750Z # fail 0
2026-10-08T12:45:49.4212115Z # cancelled 0
2026-10-08T12:45:49.4212444Z # skipped 0
2026-10-08T12:45:49.4212751Z # todo 0
2026-10-08T12:45:49.4215558Z # duration_ms 20996.883058
2026-10-08T12:45:49.4775816Z ##[group]Run case "$COCREATE_CI_CGROUP_ROOT" in /sys/fs/cgroup/cocreate-ci-*) ;; *) exit 126 ;; esac
2026-10-08T12:45:49.4776558Z [36;1mcase "$COCREATE_CI_CGROUP_ROOT" in /sys/fs/cgroup/cocreate-ci-*) ;; *) exit 126 ;; esac[0m
2026-10-08T12:45:49.4777128Z [36;1msudo find "$COCREATE_CI_CGROUP_ROOT" -depth -type d -exec rmdir {} \;[0m
2026-10-08T12:45:49.4849688Z shell: /usr/bin/bash -e {0}
2026-10-08T12:45:49.4849952Z env:
2026-10-08T12:45:49.4850212Z   PNPM_HOME: /home/runner/setup-pnpm/node_modules/.bin
2026-10-08T12:45:49.4850631Z   COCREATE_CI_CGROUP_ROOT: /sys/fs/cgroup/cocreate-ci-37778889811-1
2026-10-08T12:45:49.4850994Z ##[endgroup]
2026-10-08T12:45:49.5225421Z Post job cleanup.
2026-10-08T12:45:49.6870312Z Pruning is unnecessary.
2026-10-08T12:45:49.7147886Z Post job cleanup.
2026-10-08T12:45:49.8290318Z [command]/usr/bin/git version
2026-10-08T12:45:49.8336492Z git version 2.55.0
2026-10-08T12:45:49.8380102Z Temporarily overriding HOME='/home/runner/work/_temp/4d6577e1-c409-46fe-81ae-2c8d1f6cb3af' before making global git config changes
2026-10-08T12:45:49.8382444Z Adding repository directory to the temporary git global config as a safe directory
2026-10-08T12:45:49.8399745Z [command]/usr/bin/git config --global --add safe.directory /home/runner/work/Cocreate/Cocreate
2026-10-08T12:45:49.8435589Z [command]/usr/bin/git config --local --name-only --get-regexp core\.sshCommand
2026-10-08T12:45:49.8484553Z [command]/usr/bin/git submodule foreach --recursive sh -c "git config --local --name-only --get-regexp 'core\.sshCommand' && git config --local --unset-all 'core.sshCommand' || :"
2026-10-08T12:45:49.9071226Z [command]/usr/bin/git config --local --name-only --get-regexp http\.https\:\/\/github\.com\/\.extraheader
2026-10-08T12:45:49.9123500Z http.https://github.com/.extraheader
2026-10-08T12:45:49.9160580Z [command]/usr/bin/git config --local --unset-all http.https://github.com/.extraheader
2026-10-08T12:45:49.9204210Z [command]/usr/bin/git submodule foreach --recursive sh -c "git config --local --name-only --get-regexp 'http\.https\:\/\/github\.com\/\.extraheader' && git config --local --unset-all 'http.https://github.com/.extraheader' || :"
2026-10-08T12:45:49.9611966Z [command]/usr/bin/git config --local --name-only --get-regexp ^includeIf\.gitdir:
2026-10-08T12:45:49.9648682Z [command]/usr/bin/git submodule foreach --recursive git config --local --show-origin --name-only --get-regexp remote.origin.url
2026-10-08T12:45:50.0123608Z Cleaning up orphan processes
2026-10-08T12:45:50.0488818Z ##[warning]Node.js 20 is deprecated. The following actions target Node.js 20 but are being forced to run on Node.js 24: actions/checkout@11d5960a326750d5838078e36cf38b85af677262, actions/setup-node@49933ea5288caeca8642d1e84afbd3f7d6820020, pnpm/action-setup@f40ffcd9367d9f12939873eb1018b921a783ffaa. For more information see: https://github.blog/changelog/2025-09-19-deprecation-of-node-20-on-github-actions-runners/
