2026-10-08T15:13:45.3470295Z Current runner version: '2.337.0'
2026-10-08T15:13:45.3496051Z ##[group]Runner Image Provisioner
2026-10-08T15:13:45.3497097Z Hosted Compute Agent
2026-10-08T15:13:45.3497736Z Version: 20261002.596
2026-10-08T15:13:45.3498399Z Commit: c3d12f3313a95f25162a1503be624f3b0617f8c0
2026-10-08T15:13:45.3499246Z Build Date: 2026-10-02T22:28:27Z
2026-10-08T15:13:45.3499983Z Worker ID: {bc532aed-aa34-4619-8da3-82cdaa26ee11}
2026-10-08T15:13:45.3500754Z Region: westus
2026-10-08T15:13:45.3501708Z Cloud: Azure
2026-10-08T15:13:45.3502295Z ##[endgroup]
2026-10-08T15:13:45.3504155Z ##[group]Operating System
2026-10-08T15:13:45.3504849Z Ubuntu
2026-10-08T15:13:45.3505463Z 22.04.5
2026-10-08T15:13:45.3506045Z LTS
2026-10-08T15:13:45.3506577Z ##[endgroup]
2026-10-08T15:13:45.3507628Z ##[group]Runner Image
2026-10-08T15:13:45.3508263Z Image: ubuntu-22.04
2026-10-08T15:13:45.3508846Z Version: 20261004.315.1
2026-10-08T15:13:45.3510243Z Included Software: https://github.com/actions/runner-images/blob/ubuntu22/20261004.315/images/ubuntu/Ubuntu2204-Readme.md
2026-10-08T15:13:45.3512202Z Image Release: https://github.com/actions/runner-images/releases/tag/ubuntu22%2F20261004.315
2026-10-08T15:13:45.3513231Z ##[endgroup]
2026-10-08T15:13:45.3514445Z ##[group]GITHUB_TOKEN Permissions
2026-10-08T15:13:45.3516630Z Contents: read
2026-10-08T15:13:45.3517263Z Metadata: read
2026-10-08T15:13:45.3518033Z ##[endgroup]
2026-10-08T15:13:45.3520358Z Secret source: Actions
2026-10-08T15:13:45.3521808Z Cache mode: write
2026-10-08T15:13:45.3522562Z Prepare workflow directory
2026-10-08T15:13:45.3928126Z Prepare all required actions
2026-10-08T15:13:45.3980393Z Getting action download info
2026-10-08T15:13:45.7771136Z Download action repository 'actions/checkout@11d5960a326750d5838078e36cf38b85af677262' (SHA:11d5960a326750d5838078e36cf38b85af677262)
2026-10-08T15:13:45.8905947Z Download action repository 'pnpm/action-setup@f40ffcd9367d9f12939873eb1018b921a783ffaa' (SHA:f40ffcd9367d9f12939873eb1018b921a783ffaa)
2026-10-08T15:13:46.3094819Z Download action repository 'actions/setup-node@49933ea5288caeca8642d1e84afbd3f7d6820020' (SHA:49933ea5288caeca8642d1e84afbd3f7d6820020)
2026-10-08T15:13:46.5185742Z Complete job name: verify
2026-10-08T15:13:46.6086270Z ##[group]Run actions/checkout@11d5960a326750d5838078e36cf38b85af677262
2026-10-08T15:13:46.6087358Z with:
2026-10-08T15:13:46.6087795Z   repository: DD7780/Cocreate
2026-10-08T15:13:46.6091778Z   token: ***
2026-10-08T15:13:46.6092215Z   ssh-strict: true
2026-10-08T15:13:46.6092642Z   ssh-user: git
2026-10-08T15:13:46.6093073Z   persist-credentials: true
2026-10-08T15:13:46.6093549Z   clean: true
2026-10-08T15:13:46.6093985Z   sparse-checkout-cone-mode: true
2026-10-08T15:13:46.6094497Z   fetch-depth: 1
2026-10-08T15:13:46.6094927Z   fetch-tags: false
2026-10-08T15:13:46.6095377Z   show-progress: true
2026-10-08T15:13:46.6095825Z   lfs: false
2026-10-08T15:13:46.6096228Z   submodules: false
2026-10-08T15:13:46.6096665Z   set-safe-directory: true
2026-10-08T15:13:46.6097164Z   allow-unsafe-pr-checkout: false
2026-10-08T15:13:46.6097974Z ##[endgroup]
2026-10-08T15:13:46.7192334Z Syncing repository: DD7780/Cocreate
2026-10-08T15:13:46.7194703Z ##[group]Getting Git version info
2026-10-08T15:13:46.7196248Z Working directory is '/home/runner/work/Cocreate/Cocreate'
2026-10-08T15:13:46.7197433Z [command]/usr/bin/git version
2026-10-08T15:13:46.7284210Z git version 2.55.0
2026-10-08T15:13:46.7309944Z ##[endgroup]
2026-10-08T15:13:46.7326284Z Temporarily overriding HOME='/home/runner/work/_temp/259b6b26-aaff-4149-b8d9-380c7814af47' before making global git config changes
2026-10-08T15:13:46.7328718Z Adding repository directory to the temporary git global config as a safe directory
2026-10-08T15:13:46.7331831Z [command]/usr/bin/git config --global --add safe.directory /home/runner/work/Cocreate/Cocreate
2026-10-08T15:13:46.7376480Z Deleting the contents of '/home/runner/work/Cocreate/Cocreate'
2026-10-08T15:13:46.7387710Z ##[group]Initializing the repository
2026-10-08T15:13:46.7388968Z [command]/usr/bin/git init /home/runner/work/Cocreate/Cocreate
2026-10-08T15:13:46.7512194Z hint: Using 'master' as the name for the initial branch. This default branch name
2026-10-08T15:13:46.7514397Z hint: will change to "main" in Git 3.0. To configure the initial branch name
2026-10-08T15:13:46.7516514Z hint: to use in all of your new repositories, which will suppress this warning,
2026-10-08T15:13:46.7517936Z hint: call:
2026-10-08T15:13:46.7519035Z hint:
2026-10-08T15:13:46.7519995Z hint: 	git config --global init.defaultBranch <name>
2026-10-08T15:13:46.7521380Z hint:
2026-10-08T15:13:46.7522396Z hint: Names commonly chosen instead of 'master' are 'main', 'trunk' and
2026-10-08T15:13:46.7524008Z hint: 'development'. The just-created branch can be renamed via this command:
2026-10-08T15:13:46.7525260Z hint:
2026-10-08T15:13:46.7526000Z hint: 	git branch -m <name>
2026-10-08T15:13:46.7526895Z hint:
2026-10-08T15:13:46.7528118Z hint: Disable this message with "git config set advice.defaultBranchName false"
2026-10-08T15:13:46.7529192Z Initialized empty Git repository in /home/runner/work/Cocreate/Cocreate/.git/
2026-10-08T15:13:46.7531547Z [command]/usr/bin/git remote add origin https://github.com/DD7780/Cocreate
2026-10-08T15:13:46.7614021Z ##[endgroup]
2026-10-08T15:13:46.7615340Z ##[group]Disabling automatic garbage collection
2026-10-08T15:13:46.7618897Z [command]/usr/bin/git config --local gc.auto 0
2026-10-08T15:13:46.7671584Z ##[endgroup]
2026-10-08T15:13:46.7672346Z ##[group]Setting up auth
2026-10-08T15:13:46.7673112Z [command]/usr/bin/git config --local --name-only --get-regexp core\.sshCommand
2026-10-08T15:13:46.7715601Z [command]/usr/bin/git submodule foreach --recursive sh -c "git config --local --name-only --get-regexp 'core\.sshCommand' && git config --local --unset-all 'core.sshCommand' || :"
2026-10-08T15:13:46.8161526Z [command]/usr/bin/git config --local --name-only --get-regexp http\.https\:\/\/github\.com\/\.extraheader
2026-10-08T15:13:46.8201819Z [command]/usr/bin/git submodule foreach --recursive sh -c "git config --local --name-only --get-regexp 'http\.https\:\/\/github\.com\/\.extraheader' && git config --local --unset-all 'http.https://github.com/.extraheader' || :"
2026-10-08T15:13:46.8486119Z [command]/usr/bin/git config --local --name-only --get-regexp ^includeIf\.gitdir:
2026-10-08T15:13:46.8528176Z [command]/usr/bin/git submodule foreach --recursive git config --local --show-origin --name-only --get-regexp remote.origin.url
2026-10-08T15:13:46.8793774Z [command]/usr/bin/git config --local http.https://github.com/.extraheader AUTHORIZATION: basic ***
2026-10-08T15:13:46.8848125Z ##[endgroup]
2026-10-08T15:13:46.8849098Z ##[group]Fetching the repository
2026-10-08T15:13:46.8858408Z [command]/usr/bin/git -c protocol.version=2 fetch --no-tags --prune --no-recurse-submodules --depth=1 origin +7cef7ce5f3b665692cd1fe3ef3a7a81c2bfdab62:refs/remotes/origin/codex/prelaunch-beta
2026-10-08T15:13:48.2451703Z From https://github.com/DD7780/Cocreate
2026-10-08T15:13:48.2452545Z  * [new ref]         7cef7ce5f3b665692cd1fe3ef3a7a81c2bfdab62 -> origin/codex/prelaunch-beta
2026-10-08T15:13:48.2456775Z ##[endgroup]
2026-10-08T15:13:48.2457796Z ##[group]Determining the checkout info
2026-10-08T15:13:48.2460244Z ##[endgroup]
2026-10-08T15:13:48.2466776Z [command]/usr/bin/git sparse-checkout disable
2026-10-08T15:13:48.2525989Z [command]/usr/bin/git config --local --unset-all extensions.worktreeConfig
2026-10-08T15:13:48.2566361Z ##[group]Checking out the ref
2026-10-08T15:13:48.2571627Z [command]/usr/bin/git checkout --progress --force -B codex/prelaunch-beta refs/remotes/origin/codex/prelaunch-beta
2026-10-08T15:13:48.3690777Z Switched to a new branch 'codex/prelaunch-beta'
2026-10-08T15:13:48.3692979Z branch 'codex/prelaunch-beta' set up to track 'origin/codex/prelaunch-beta'.
2026-10-08T15:13:48.3706163Z ##[endgroup]
2026-10-08T15:13:48.3757461Z [command]/usr/bin/git log -1 --format=%H
2026-10-08T15:13:48.3792816Z 7cef7ce5f3b665692cd1fe3ef3a7a81c2bfdab62
2026-10-08T15:13:48.4144271Z ##[group]Run pnpm/action-setup@f40ffcd9367d9f12939873eb1018b921a783ffaa
2026-10-08T15:13:48.4145065Z with:
2026-10-08T15:13:48.4145335Z   version: 10.18.3
2026-10-08T15:13:48.4145623Z   dest: ~/setup-pnpm
2026-10-08T15:13:48.4145917Z   run_install: null
2026-10-08T15:13:48.4146212Z   cache: false
2026-10-08T15:13:48.4146519Z   cache_dependency_path: pnpm-lock.yaml
2026-10-08T15:13:48.4146902Z   package_json_file: package.json
2026-10-08T15:13:48.4147232Z   standalone: false
2026-10-08T15:13:48.4147513Z ##[endgroup]
2026-10-08T15:13:48.5783233Z ##[group]Running self-installer...
2026-10-08T15:13:49.0684305Z (node:2172) [DEP0169] DeprecationWarning: `url.parse()` behavior is not standardized and prone to errors that have security implications. Use the WHATWG URL API instead. CVEs are not issued for `url.parse()` vulnerabilities.
2026-10-08T15:13:49.0686383Z (Use `node --trace-deprecation ...` to show where the warning was created)
2026-10-08T15:13:49.1948425Z Progress: resolved 1, reused 0, downloaded 0, added 0
2026-10-08T15:13:49.2085317Z Packages: +1
2026-10-08T15:13:49.2102180Z +
2026-10-08T15:13:49.6398531Z Progress: resolved 1, reused 0, downloaded 1, added 1, done
2026-10-08T15:13:49.6646745Z 
2026-10-08T15:13:49.6647248Z dependencies:
2026-10-08T15:13:49.6647881Z + pnpm 10.18.3 (12.10.1 is available)
2026-10-08T15:13:49.6648287Z 
2026-10-08T15:13:49.6674473Z Done in 852ms
2026-10-08T15:13:49.6905490Z ##[endgroup]
2026-10-08T15:13:49.6906031Z Installation Completed!
2026-10-08T15:13:49.7119454Z ##[group]Run actions/setup-node@49933ea5288caeca8642d1e84afbd3f7d6820020
2026-10-08T15:13:49.7119890Z with:
2026-10-08T15:13:49.7120081Z   node-version: 22
2026-10-08T15:13:49.7120288Z   cache: pnpm
2026-10-08T15:13:49.7120487Z   always-auth: false
2026-10-08T15:13:49.7120699Z   check-latest: false
2026-10-08T15:13:49.7123323Z   token: ***
2026-10-08T15:13:49.7123518Z env:
2026-10-08T15:13:49.7123779Z   PNPM_HOME: /home/runner/setup-pnpm/node_modules/.bin
2026-10-08T15:13:49.7124093Z ##[endgroup]
2026-10-08T15:13:49.8727402Z Found in cache @ /opt/hostedtoolcache/node/22.23.3/x64
2026-10-08T15:13:49.8732288Z (node:2187) [DEP0040] DeprecationWarning: The `punycode` module is deprecated. Please use a userland alternative instead.
2026-10-08T15:13:49.8733246Z (Use `node --trace-deprecation ...` to show where the warning was created)
2026-10-08T15:13:49.8734956Z ##[group]Environment details
2026-10-08T15:13:50.2716305Z node: v22.23.3
2026-10-08T15:13:50.2716930Z npm: 10.9.9
2026-10-08T15:13:50.2717392Z yarn: 1.22.22
2026-10-08T15:13:50.2719358Z ##[endgroup]
2026-10-08T15:13:50.2744532Z [command]/home/runner/setup-pnpm/node_modules/.bin/pnpm store path --silent
2026-10-08T15:13:50.6875862Z /home/runner/setup-pnpm/node_modules/.bin/store/v10
2026-10-08T15:13:51.0026517Z Cache hit for: node-cache-Linux-x64-pnpm-2350f21d8b4483831790e8afae5b0fdcbb67d6b17e4acddb09b86f16f7c4c9a4
2026-10-08T15:13:51.0135878Z (node:2187) [DEP0169] DeprecationWarning: `url.parse()` behavior is not standardized and prone to errors that have security implications. Use the WHATWG URL API instead. CVEs are not issued for `url.parse()` vulnerabilities.
2026-10-08T15:13:52.3041361Z Received 16777216 of 193516563 (8.7%), 16.0 MBs/sec
2026-10-08T15:13:53.3382603Z Received 134217728 of 193516563 (69.4%), 63.0 MBs/sec
2026-10-08T15:13:53.9222271Z Received 193516563 of 193516563 (100.0%), 70.5 MBs/sec
2026-10-08T15:13:53.9224366Z Cache Size: ~185 MB (193516563 B)
2026-10-08T15:13:53.9354178Z [command]/usr/bin/tar -xf /home/runner/work/_temp/a5256f6a-42a1-406f-bedb-118dc1916d66/cache.tzst -P -C /home/runner/work/Cocreate/Cocreate --use-compress-program unzstd
2026-10-08T15:13:55.9104049Z Cache restored successfully
2026-10-08T15:13:55.9542510Z Cache restored from key: node-cache-Linux-x64-pnpm-2350f21d8b4483831790e8afae5b0fdcbb67d6b17e4acddb09b86f16f7c4c9a4
2026-10-08T15:13:55.9703497Z ##[group]Run pnpm install --frozen-lockfile
2026-10-08T15:13:55.9703985Z [36;1mpnpm install --frozen-lockfile[0m
2026-10-08T15:13:56.0262495Z shell: /usr/bin/bash -e {0}
2026-10-08T15:13:56.0262812Z env:
2026-10-08T15:13:56.0263115Z   PNPM_HOME: /home/runner/setup-pnpm/node_modules/.bin
2026-10-08T15:13:56.0263762Z ##[endgroup]
2026-10-08T15:13:56.3969127Z Lockfile is up to date, resolution step is skipped
2026-10-08T15:13:56.4474960Z Progress: resolved 1, reused 0, downloaded 0, added 0
2026-10-08T15:13:56.5208662Z Packages: +408
2026-10-08T15:13:56.5252115Z ++++++++++++++++++++++++++++++++++++++++++++++++++++++++++++++++++++++++++++++++
2026-10-08T15:13:57.2722721Z Progress: resolved 408, reused 408, downloaded 0, added 408, done
2026-10-08T15:14:02.0099653Z 
2026-10-08T15:14:02.0100586Z dependencies:
2026-10-08T15:14:02.0102232Z + @cloudflare/containers 0.3.7
2026-10-08T15:14:02.0103187Z + @supabase/server 1.8.0
2026-10-08T15:14:02.0104072Z + @supabase/supabase-js 2.117.0
2026-10-08T15:14:02.0105085Z + @tiptap/extension-collaboration 3.31.3
2026-10-08T15:14:02.0106195Z + @tiptap/extension-collaboration-caret 3.31.3
2026-10-08T15:14:02.0107093Z + @tiptap/react 3.31.3
2026-10-08T15:14:02.0107875Z + @tiptap/starter-kit 3.31.3
2026-10-08T15:14:02.0108717Z + @vitejs/plugin-react 5.2.0
2026-10-08T15:14:02.0109369Z + cross-env 10.1.0
2026-10-08T15:14:02.0109739Z + dotenv 17.4.2
2026-10-08T15:14:02.0110122Z + esbuild 0.25.12
2026-10-08T15:14:02.0110514Z + esbuild-wasm 0.25.12
2026-10-08T15:14:02.0111300Z + express 5.2.1
2026-10-08T15:14:02.0111718Z + lucide-react 0.468.0
2026-10-08T15:14:02.0112091Z + react 19.2.8
2026-10-08T15:14:02.0112492Z + react-dom 19.2.8
2026-10-08T15:14:02.0112865Z + vite 7.3.6
2026-10-08T15:14:02.0113220Z + ws 8.21.3
2026-10-08T15:14:02.0113615Z + y-protocols 1.0.7
2026-10-08T15:14:02.0114033Z + yjs 13.6.32
2026-10-08T15:14:02.0114252Z 
2026-10-08T15:14:02.0114480Z devDependencies:
2026-10-08T15:14:02.0114959Z + @prisma/adapter-pg 7.10.0
2026-10-08T15:14:02.0115488Z + @prisma/client 7.10.0
2026-10-08T15:14:02.0115933Z + @types/express 5.0.6
2026-10-08T15:14:02.0116402Z + @types/node 22.20.1
2026-10-08T15:14:02.0116847Z + @types/pg 8.23.1
2026-10-08T15:14:02.0117283Z + @types/react 19.2.18
2026-10-08T15:14:02.0117818Z + @types/react-dom 19.2.7
2026-10-08T15:14:02.0118291Z + @types/ws 8.18.1
2026-10-08T15:14:02.0118655Z + pg 8.23.0
2026-10-08T15:14:02.0119001Z + prisma 7.10.0
2026-10-08T15:14:02.0119353Z + tsx 4.23.13
2026-10-08T15:14:02.0119876Z + typescript 5.9.3
2026-10-08T15:14:02.0120355Z + wrangler 4.131.1
2026-10-08T15:14:02.0120570Z 
2026-10-08T15:14:02.1210729Z Done in 6s using pnpm v10.18.3
2026-10-08T15:14:02.2373320Z ##[group]Run pnpm check:boundaries
2026-10-08T15:14:02.2373669Z [36;1mpnpm check:boundaries[0m
2026-10-08T15:14:02.2446721Z shell: /usr/bin/bash -e {0}
2026-10-08T15:14:02.2446976Z env:
2026-10-08T15:14:02.2447229Z   PNPM_HOME: /home/runner/setup-pnpm/node_modules/.bin
2026-10-08T15:14:02.2447566Z ##[endgroup]
2026-10-08T15:14:02.5979821Z 
2026-10-08T15:14:02.5982144Z > cocreate@1.0.0 check:boundaries /home/runner/work/Cocreate/Cocreate
2026-10-08T15:14:02.5983090Z > tsx scripts/codebase-audit.ts --check
2026-10-08T15:14:02.5983478Z 
2026-10-08T15:14:04.3793607Z Audited 143 files; 1 static candidates; 0 boundary violations.
2026-10-08T15:14:04.3795741Z Jev: 0 physical requests, 0 input tokens with known usage, known-usage estimate $0.000000; unknown requests retain their reservation.
2026-10-08T15:14:04.3797089Z Report: artifacts/codebase-audit/report.json
2026-10-08T15:14:04.4179122Z ##[group]Run pnpm build
2026-10-08T15:14:04.4179409Z [36;1mpnpm build[0m
2026-10-08T15:14:04.4250653Z shell: /usr/bin/bash -e {0}
2026-10-08T15:14:04.4251066Z env:
2026-10-08T15:14:04.4251329Z   PNPM_HOME: /home/runner/setup-pnpm/node_modules/.bin
2026-10-08T15:14:04.4251658Z ##[endgroup]
2026-10-08T15:14:04.7338356Z 
2026-10-08T15:14:04.7339152Z > cocreate@1.0.0 build /home/runner/work/Cocreate/Cocreate
2026-10-08T15:14:04.7339812Z > tsc --noEmit && vite build --configLoader runner
2026-10-08T15:14:04.7340111Z 
2026-10-08T15:14:12.5082253Z [36mvite v7.3.6 [32mbuilding client environment for production...[36m[39m
2026-10-08T15:14:12.5814563Z transforming...
2026-10-08T15:14:16.3059702Z [32m✓[39m 1749 modules transformed.
2026-10-08T15:14:16.5524656Z rendering chunks...
2026-10-08T15:14:16.7969263Z computing gzip size...
2026-10-08T15:14:16.8189249Z [2mdist/[22m[32mindex.html                           [39m[1m[2m  0.44 kB[22m[1m[22m[2m │ gzip:   0.30 kB[22m
2026-10-08T15:14:16.8191156Z [2mdist/[22m[2massets/[22m[35mApp-BqUO_rW7.css              [39m[1m[2m  2.56 kB[22m[1m[22m[2m │ gzip:   0.85 kB[22m
2026-10-08T15:14:16.8192800Z [2mdist/[22m[2massets/[22m[35mLandingPage-CNj4pefA.css      [39m[1m[2m 13.13 kB[22m[1m[22m[2m │ gzip:   2.95 kB[22m
2026-10-08T15:14:16.8194612Z [2mdist/[22m[2massets/[22m[35mindex-cyLHvudv.css            [39m[1m[2m 75.38 kB[22m[1m[22m[2m │ gzip:  14.48 kB[22m
2026-10-08T15:14:16.8195735Z [33m
2026-10-08T15:14:16.8196432Z (!) Some chunks are larger than 500 kB after minification. Consider:
2026-10-08T15:14:16.8196988Z - Using dynamic import() to code-split the application
2026-10-08T15:14:16.8197874Z - Use build.rollupOptions.output.manualChunks to improve chunking: https://rollupjs.org/configuration-options/#output-manualchunks
2026-10-08T15:14:16.8199245Z - Adjust chunk size limit for this warning via build.chunkSizeWarningLimit.[39m
2026-10-08T15:14:16.8200333Z [2mdist/[22m[2massets/[22m[36musers-S0nR_fpD.js             [39m[1m[2m  0.69 kB[22m[1m[22m[2m │ gzip:   0.39 kB[22m
2026-10-08T15:14:16.8202308Z [2mdist/[22m[2massets/[22m[36mcreateLucideIcon-DS0f-70M.js  [39m[1m[2m  0.89 kB[22m[1m[22m[2m │ gzip:   0.55 kB[22m
2026-10-08T15:14:16.8203342Z [2mdist/[22m[2massets/[22m[36mx-CYlEPbUI.js                 [39m[1m[2m  1.70 kB[22m[1m[22m[2m │ gzip:   0.78 kB[22m
2026-10-08T15:14:16.8204299Z [2mdist/[22m[2massets/[22m[36mLandingPage-CklZAjP2.js       [39m[1m[2m 15.33 kB[22m[1m[22m[2m │ gzip:   4.92 kB[22m
2026-10-08T15:14:16.8205283Z [2mdist/[22m[2massets/[22m[36mProjectApp-CEhcL8gy.js        [39m[1m[2m 29.68 kB[22m[1m[22m[2m │ gzip:   9.01 kB[22m
2026-10-08T15:14:16.8206254Z [2mdist/[22m[2massets/[22m[36mindex-5SCWldx6.js             [39m[1m[2m421.72 kB[22m[1m[22m[2m │ gzip: 121.23 kB[22m
2026-10-08T15:14:16.8207215Z [2mdist/[22m[2massets/[22m[36mApp-thYYHyMP.js               [39m[1m[33m583.75 kB[39m[22m[2m │ gzip: 185.76 kB[22m
2026-10-08T15:14:16.8207860Z [32m✓ built in 4.28s[39m
2026-10-08T15:14:16.8949281Z ##[group]Run node --input-type=module <<'NODE'
2026-10-08T15:14:16.8949697Z [36;1mnode --input-type=module <<'NODE'[0m
2026-10-08T15:14:16.8949993Z [36;1mimport fs from 'node:fs';[0m
2026-10-08T15:14:16.8950309Z [36;1mimport {spawnSync} from 'node:child_process';[0m
2026-10-08T15:14:16.8951088Z [36;1mconst {image_vars} = JSON.parse(fs.readFileSync('wrangler.jsonc', 'utf8')).containers[0];[0m
2026-10-08T15:14:16.8951860Z [36;1mconst names = ['VITE_COCREATE_AUTH_MODE', 'VITE_COCREATE_APP_ORIGIN', 'VITE_SUPABASE_URL', 'VITE_SUPABASE_PUBLISHABLE_KEY'];[0m
2026-10-08T15:14:16.8952476Z [36;1mconst args = ['build', '--tag', 'cocreate-check'];[0m
2026-10-08T15:14:16.8952830Z [36;1mfor (const name of names) {[0m
2026-10-08T15:14:16.8953296Z [36;1m  if (typeof image_vars[name] !== 'string') throw new Error(`Missing public build variable: ${name}`);[0m
2026-10-08T15:14:16.8953850Z [36;1m  args.push('--build-arg', `${name}=${image_vars[name]}`);[0m
2026-10-08T15:14:16.8954217Z [36;1m}[0m
2026-10-08T15:14:16.8954536Z [36;1mconst result = spawnSync('docker', [...args, '.'], {stdio: 'inherit'});[0m
2026-10-08T15:14:16.8954955Z [36;1mif (result.error) throw result.error;[0m
2026-10-08T15:14:16.8955270Z [36;1mprocess.exit(result.status ?? 1);[0m
2026-10-08T15:14:16.8955538Z [36;1mNODE[0m
2026-10-08T15:14:16.9027279Z shell: /usr/bin/bash -e {0}
2026-10-08T15:14:16.9027527Z env:
2026-10-08T15:14:16.9027783Z   PNPM_HOME: /home/runner/setup-pnpm/node_modules/.bin
2026-10-08T15:14:16.9028092Z ##[endgroup]
2026-10-08T15:14:17.5209184Z #0 building with "default" instance using docker driver
2026-10-08T15:14:17.5209660Z 
2026-10-08T15:14:17.5210032Z #1 [internal] load build definition from Dockerfile
2026-10-08T15:14:17.5211385Z #1 transferring dockerfile: 1.39kB done
2026-10-08T15:14:17.5211878Z #1 DONE 0.0s
2026-10-08T15:14:17.5212094Z 
2026-10-08T15:14:17.5212604Z #2 [internal] load metadata for docker.io/library/node:22-bookworm-slim
2026-10-08T15:14:17.7498033Z #2 ...
2026-10-08T15:14:17.7498270Z 
2026-10-08T15:14:17.7498634Z #3 [auth] library/node:pull token for registry-1.docker.io
2026-10-08T15:14:17.7499113Z #3 DONE 0.0s
2026-10-08T15:14:17.8999632Z 
2026-10-08T15:14:17.9000441Z #2 [internal] load metadata for docker.io/library/node:22-bookworm-slim
2026-10-08T15:14:18.2093505Z #2 DONE 0.8s
2026-10-08T15:14:18.3355999Z 
2026-10-08T15:14:18.3365331Z #4 [internal] load .dockerignore
2026-10-08T15:14:18.3368538Z #4 transferring context: 248B done
2026-10-08T15:14:18.3369360Z #4 DONE 0.0s
2026-10-08T15:14:18.3369816Z 
2026-10-08T15:14:18.3371625Z #5 [ 1/11] FROM docker.io/library/node:22-bookworm-slim@sha256:c3de60bf2f9dd0ac6370e6117950ff62d6e339527e7472301c9c78a017978392
2026-10-08T15:14:18.3373182Z #5 resolve docker.io/library/node:22-bookworm-slim@sha256:c3de60bf2f9dd0ac6370e6117950ff62d6e339527e7472301c9c78a017978392 done
2026-10-08T15:14:18.3374604Z #5 sha256:7fd1ebe418b5079d4aa36f416af9b143d127bc75b0155d71cb5fd559b5e04d39 4.69MB / 28.25MB 0.1s
2026-10-08T15:14:18.3376074Z #5 sha256:f0400f4b55b0ad346bf6167a1b64a258e4d73db608c457798ce35e4ffeebfaaf 0B / 3.31kB 0.1s
2026-10-08T15:14:18.3377463Z #5 sha256:d22c69a95cf463f4cb74462bd2899597ce505d82bd4c01ceddf7845e12f13856 0B / 49.84MB 0.1s
2026-10-08T15:14:18.3378921Z #5 sha256:c3de60bf2f9dd0ac6370e6117950ff62d6e339527e7472301c9c78a017978392 5.22kB / 5.22kB done
2026-10-08T15:14:18.3379724Z #5 sha256:efd0ab5780c2d9ab1f0f869571a00d5edb17793bff4cce4a2792e3eb0ffc7562 1.93kB / 1.93kB done
2026-10-08T15:14:18.3381254Z #5 sha256:d0a16be756b6ec6658aecb8b7bcf87fa6c7d0d7fcc6ca53ad14bb49a4c90bdd7 6.77kB / 6.77kB done
2026-10-08T15:14:18.4522411Z #5 ...
2026-10-08T15:14:18.4522600Z 
2026-10-08T15:14:18.4522772Z #6 [internal] load build context
2026-10-08T15:14:18.4523481Z #6 transferring context: 22.07MB 0.2s done
2026-10-08T15:14:18.4524011Z #6 DONE 0.2s
2026-10-08T15:14:18.4524365Z 
2026-10-08T15:14:18.4525650Z #5 [ 1/11] FROM docker.io/library/node:22-bookworm-slim@sha256:c3de60bf2f9dd0ac6370e6117950ff62d6e339527e7472301c9c78a017978392
2026-10-08T15:14:18.4527461Z #5 sha256:7fd1ebe418b5079d4aa36f416af9b143d127bc75b0155d71cb5fd559b5e04d39 28.25MB / 28.25MB 0.2s done
2026-10-08T15:14:18.4529007Z #5 sha256:f0400f4b55b0ad346bf6167a1b64a258e4d73db608c457798ce35e4ffeebfaaf 3.31kB / 3.31kB 0.2s done
2026-10-08T15:14:18.4530408Z #5 sha256:2cfab517365cfc6b4bd1f8c4cb01754884ef75bc38758b3c41e291c696f019f5 0B / 1.71MB 0.2s
2026-10-08T15:14:18.4531713Z #5 sha256:a8de9fa052209313d8e45435a8486e29b20eebaa820e2e7f63a7c3c94b4fa567 0B / 448B 0.2s
2026-10-08T15:14:18.4532455Z #5 extracting sha256:7fd1ebe418b5079d4aa36f416af9b143d127bc75b0155d71cb5fd559b5e04d39
2026-10-08T15:14:18.5556761Z #5 sha256:d22c69a95cf463f4cb74462bd2899597ce505d82bd4c01ceddf7845e12f13856 20.97MB / 49.84MB 0.3s
2026-10-08T15:14:18.5559696Z #5 sha256:2cfab517365cfc6b4bd1f8c4cb01754884ef75bc38758b3c41e291c696f019f5 1.71MB / 1.71MB 0.3s done
2026-10-08T15:14:18.5563298Z #5 sha256:a8de9fa052209313d8e45435a8486e29b20eebaa820e2e7f63a7c3c94b4fa567 448B / 448B 0.3s done
2026-10-08T15:14:18.6591935Z #5 sha256:d22c69a95cf463f4cb74462bd2899597ce505d82bd4c01ceddf7845e12f13856 42.99MB / 49.84MB 0.4s
2026-10-08T15:14:18.7610740Z #5 sha256:d22c69a95cf463f4cb74462bd2899597ce505d82bd4c01ceddf7845e12f13856 49.84MB / 49.84MB 0.5s done
2026-10-08T15:14:19.5368745Z #5 extracting sha256:7fd1ebe418b5079d4aa36f416af9b143d127bc75b0155d71cb5fd559b5e04d39 1.1s done
2026-10-08T15:14:19.7107547Z #5 extracting sha256:f0400f4b55b0ad346bf6167a1b64a258e4d73db608c457798ce35e4ffeebfaaf done
2026-10-08T15:14:21.3594937Z #5 extracting sha256:d22c69a95cf463f4cb74462bd2899597ce505d82bd4c01ceddf7845e12f13856
2026-10-08T15:14:22.7555359Z #5 extracting sha256:d22c69a95cf463f4cb74462bd2899597ce505d82bd4c01ceddf7845e12f13856 1.3s done
2026-10-08T15:14:22.7557762Z #5 extracting sha256:2cfab517365cfc6b4bd1f8c4cb01754884ef75bc38758b3c41e291c696f019f5
2026-10-08T15:14:22.9825680Z #5 extracting sha256:2cfab517365cfc6b4bd1f8c4cb01754884ef75bc38758b3c41e291c696f019f5 0.0s done
2026-10-08T15:14:22.9827527Z #5 extracting sha256:a8de9fa052209313d8e45435a8486e29b20eebaa820e2e7f63a7c3c94b4fa567 done
2026-10-08T15:14:22.9828539Z #5 DONE 4.6s
2026-10-08T15:14:22.9829165Z 
2026-10-08T15:14:22.9829450Z #7 [ 2/11] WORKDIR /app
2026-10-08T15:14:22.9829890Z #7 DONE 0.0s
2026-10-08T15:14:22.9830114Z 
2026-10-08T15:14:22.9830362Z #8 [ 3/11] RUN corepack enable
2026-10-08T15:14:23.0768506Z #8 DONE 0.2s
2026-10-08T15:14:23.2289459Z 
2026-10-08T15:14:23.2291351Z #9 [ 4/11] RUN apt-get update && apt-get install -y --no-install-recommends bubblewrap util-linux chromium-headless-shell tini && rm -rf /var/lib/apt/lists/*
2026-10-08T15:14:23.2434306Z #9 0.166 Get:1 http://deb.debian.org/debian bookworm InRelease [151 kB]
2026-10-08T15:14:23.3650108Z #9 0.174 Get:2 http://deb.debian.org/debian bookworm-updates InRelease [55.4 kB]
2026-10-08T15:14:23.3653070Z #9 0.174 Get:3 http://deb.debian.org/debian-security bookworm-security InRelease [34.8 kB]
2026-10-08T15:14:23.3654717Z #9 0.235 Get:4 http://deb.debian.org/debian bookworm/main amd64 Packages [8790 kB]
2026-10-08T15:14:23.3656408Z #9 0.287 Get:5 http://deb.debian.org/debian bookworm-updates/main amd64 Packages [6924 B]
2026-10-08T15:14:23.5651514Z #9 0.337 Get:6 http://deb.debian.org/debian-security bookworm-security/main amd64 Packages [349 kB]
2026-10-08T15:14:24.1283307Z #9 1.051 Fetched 9388 kB in 1s (10.6 MB/s)
2026-10-08T15:14:24.5351929Z #9 1.051 Reading package lists...
2026-10-08T15:14:24.9605006Z #9 1.475 Reading package lists...
2026-10-08T15:14:25.0617819Z #9 1.895 Building dependency tree...
2026-10-08T15:14:25.3098443Z #9 1.984 Reading state information...
2026-10-08T15:14:25.3099313Z #9 2.080 util-linux is already the newest version (2.38.1-5+deb12u3).
2026-10-08T15:14:25.3099992Z #9 2.080 util-linux set to manually installed.
2026-10-08T15:14:25.3100496Z #9 2.080 The following additional packages will be installed:
2026-10-08T15:14:25.3101358Z #9 2.080   at-spi2-common chromium-common fontconfig-config fonts-dejavu-core
2026-10-08T15:14:25.3102429Z #9 2.080   libasound2 libasound2-data libasyncns0 libatk1.0-0 libatspi2.0-0 libbrotli1
2026-10-08T15:14:25.3103108Z #9 2.080   libbsd0 libdav1d6 libdbus-1-3 libdouble-conversion3 libdrm-amdgpu1
2026-10-08T15:14:25.3103782Z #9 2.080   libdrm-common libdrm-intel1 libdrm-nouveau2 libdrm-radeon1 libdrm2 libedit2
2026-10-08T15:14:25.3104482Z #9 2.080   libelf1 libexpat1 libflac12 libfontconfig1 libfontenc1 libfreetype6 libgbm1
2026-10-08T15:14:25.3105161Z #9 2.080   libgl1 libgl1-mesa-dri libglapi-mesa libglib2.0-0 libglvnd0 libglx-mesa0
2026-10-08T15:14:25.3105845Z #9 2.080   libglx0 libgraphite2-3 libharfbuzz-subset0 libharfbuzz0b libice6 libicu72
2026-10-08T15:14:25.3106515Z #9 2.080   libjpeg62-turbo libllvm15 libminizip1 libmp3lame0 libmpg123-0 libnspr4
2026-10-08T15:14:25.3107186Z #9 2.081   libnss3 libogg0 libopenh264-7 libopus0 libpciaccess0 libpng16-16 libpulse0
2026-10-08T15:14:25.3107869Z #9 2.081   libsensors-config libsensors5 libsm6 libsndfile1 libsqlite3-0 libvorbis0a
2026-10-08T15:14:25.3108552Z #9 2.081   libvorbisenc2 libwayland-server0 libx11-6 libx11-data libx11-xcb1 libxau6
2026-10-08T15:14:25.3109182Z #9 2.081   libxaw7 libxcb-dri2-0 libxcb-dri3-0 libxcb-glx0 libxcb-present0
2026-10-08T15:14:25.3109844Z #9 2.081   libxcb-randr0 libxcb-shape0 libxcb-shm0 libxcb-sync1 libxcb-xfixes0 libxcb1
2026-10-08T15:14:25.3110523Z #9 2.081   libxcomposite1 libxdamage1 libxdmcp6 libxext6 libxfixes3 libxft2 libxi6
2026-10-08T15:14:25.3111553Z #9 2.081   libxinerama1 libxkbcommon0 libxkbfile1 libxml2 libxmu6 libxmuu1 libxnvctrl0
2026-10-08T15:14:25.3112191Z #9 2.081   libxpm4 libxrandr2 libxrender1 libxshmfence1 libxt6 libxtst6 libxv1
2026-10-08T15:14:25.3112806Z #9 2.081   libxxf86dga1 libxxf86vm1 libz3-4 x11-common x11-utils xdg-utils xkb-data
2026-10-08T15:14:25.3113434Z #9 2.082 Suggested packages:
2026-10-08T15:14:25.3113918Z #9 2.082   libasound2-plugins alsa-utils low-memory-monitor opus-tools pciutils
2026-10-08T15:14:25.3114412Z #9 2.082   pulseaudio lm-sensors mesa-utils
2026-10-08T15:14:25.3114749Z #9 2.082 Recommended packages:
2026-10-08T15:14:25.3115167Z #9 2.082   procps upower udev fonts-liberation notification-daemon
2026-10-08T15:14:25.3115747Z #9 2.082   system-config-printer alsa-ucm-conf alsa-topology-conf at-spi2-core dbus
2026-10-08T15:14:25.3116366Z #9 2.082   libglib2.0-data shared-mime-info xdg-user-dirs libfile-mimeinfo-perl
2026-10-08T15:14:25.3116912Z #9 2.082   libnet-dbus-perl libx11-protocol-perl x11-xserver-utils
2026-10-08T15:14:25.5270527Z #9 2.449 The following NEW packages will be installed:
2026-10-08T15:14:25.6508845Z #9 2.449   at-spi2-common bubblewrap chromium-common chromium-headless-shell
2026-10-08T15:14:25.6510068Z #9 2.450   fontconfig-config fonts-dejavu-core libasound2 libasound2-data libasyncns0
2026-10-08T15:14:25.6511449Z #9 2.450   libatk1.0-0 libatspi2.0-0 libbrotli1 libbsd0 libdav1d6 libdbus-1-3
2026-10-08T15:14:25.6522434Z #9 2.450   libdouble-conversion3 libdrm-amdgpu1 libdrm-common libdrm-intel1
2026-10-08T15:14:25.6523605Z #9 2.450   libdrm-nouveau2 libdrm-radeon1 libdrm2 libedit2 libelf1 libexpat1 libflac12
2026-10-08T15:14:25.6524823Z #9 2.450   libfontconfig1 libfontenc1 libfreetype6 libgbm1 libgl1 libgl1-mesa-dri
2026-10-08T15:14:25.6525988Z #9 2.450   libglapi-mesa libglib2.0-0 libglvnd0 libglx-mesa0 libglx0 libgraphite2-3
2026-10-08T15:14:25.6527145Z #9 2.450   libharfbuzz-subset0 libharfbuzz0b libice6 libicu72 libjpeg62-turbo libllvm15
2026-10-08T15:14:25.6528354Z #9 2.450   libminizip1 libmp3lame0 libmpg123-0 libnspr4 libnss3 libogg0 libopenh264-7
2026-10-08T15:14:25.6529517Z #9 2.450   libopus0 libpciaccess0 libpng16-16 libpulse0 libsensors-config libsensors5
2026-10-08T15:14:25.6530641Z #9 2.450   libsm6 libsndfile1 libsqlite3-0 libvorbis0a libvorbisenc2 libwayland-server0
2026-10-08T15:14:25.6532069Z #9 2.450   libx11-6 libx11-data libx11-xcb1 libxau6 libxaw7 libxcb-dri2-0 libxcb-dri3-0
2026-10-08T15:14:25.6533229Z #9 2.450   libxcb-glx0 libxcb-present0 libxcb-randr0 libxcb-shape0 libxcb-shm0
2026-10-08T15:14:25.6534285Z #9 2.450   libxcb-sync1 libxcb-xfixes0 libxcb1 libxcomposite1 libxdamage1 libxdmcp6
2026-10-08T15:14:25.6535689Z #9 2.450   libxext6 libxfixes3 libxft2 libxi6 libxinerama1 libxkbcommon0 libxkbfile1
2026-10-08T15:14:25.6536812Z #9 2.450   libxml2 libxmu6 libxmuu1 libxnvctrl0 libxpm4 libxrandr2 libxrender1
2026-10-08T15:14:25.6537948Z #9 2.451   libxshmfence1 libxt6 libxtst6 libxv1 libxxf86dga1 libxxf86vm1 libz3-4 tini
2026-10-08T15:14:25.6538857Z #9 2.451   x11-common x11-utils xdg-utils xkb-data
2026-10-08T15:14:25.6539774Z #9 2.476 0 upgraded, 107 newly installed, 0 to remove and 1 not upgraded.
2026-10-08T15:14:25.6540591Z #9 2.476 Need to get 160 MB of archives.
2026-10-08T15:14:25.6541730Z #9 2.476 After this operation, 551 MB of additional disk space will be used.
2026-10-08T15:14:25.6542980Z #9 2.476 Get:1 http://deb.debian.org/debian bookworm/main amd64 at-spi2-common all 2.46.0-5 [162 kB]
2026-10-08T15:14:25.6544388Z #9 2.481 Get:2 http://deb.debian.org/debian bookworm/main amd64 bubblewrap amd64 0.8.0-2+deb12u1 [47.3 kB]
2026-10-08T15:14:25.6546843Z #9 2.482 Get:3 http://deb.debian.org/debian-security bookworm-security/main amd64 libexpat1 amd64 2.5.0-1+deb12u4 [106 kB]
2026-10-08T15:14:25.6549913Z #9 2.482 Get:4 http://deb.debian.org/debian bookworm/main amd64 libbrotli1 amd64 1.0.9-2+b6 [275 kB]
2026-10-08T15:14:25.6551706Z #9 2.484 Get:5 http://deb.debian.org/debian-security bookworm-security/main amd64 libpng16-16 amd64 1.6.39-2+deb12u6 [277 kB]
2026-10-08T15:14:25.6553411Z #9 2.485 Get:6 http://deb.debian.org/debian bookworm/main amd64 libfreetype6 amd64 2.12.1+dfsg-5+deb12u4 [398 kB]
2026-10-08T15:14:25.6554882Z #9 2.487 Get:7 http://deb.debian.org/debian bookworm/main amd64 fonts-dejavu-core all 2.37-6 [1068 kB]
2026-10-08T15:14:25.6556356Z #9 2.492 Get:8 http://deb.debian.org/debian bookworm/main amd64 fontconfig-config amd64 2.14.1-4 [315 kB]
2026-10-08T15:14:25.6558097Z #9 2.493 Get:9 http://deb.debian.org/debian bookworm/main amd64 libfontconfig1 amd64 2.14.1-4 [386 kB]
2026-10-08T15:14:25.6559484Z #9 2.495 Get:10 http://deb.debian.org/debian bookworm/main amd64 libfontenc1 amd64 1:1.1.4-1 [24.3 kB]
2026-10-08T15:14:25.6561063Z #9 2.495 Get:11 http://deb.debian.org/debian bookworm/main amd64 libglvnd0 amd64 1.6.0-1 [51.8 kB]
2026-10-08T15:14:25.6562354Z #9 2.496 Get:12 http://deb.debian.org/debian bookworm/main amd64 libxau6 amd64 1:1.0.9-1 [19.7 kB]
2026-10-08T15:14:25.6563657Z #9 2.497 Get:13 http://deb.debian.org/debian bookworm/main amd64 libbsd0 amd64 0.11.7-2 [117 kB]
2026-10-08T15:14:25.6564974Z #9 2.497 Get:14 http://deb.debian.org/debian bookworm/main amd64 libxdmcp6 amd64 1:1.1.2-3 [26.3 kB]
2026-10-08T15:14:25.6566294Z #9 2.498 Get:15 http://deb.debian.org/debian bookworm/main amd64 libxcb1 amd64 1.15-1 [144 kB]
2026-10-08T15:14:25.6567673Z #9 2.498 Get:16 http://deb.debian.org/debian bookworm/main amd64 libx11-data all 2:1.8.4-2+deb12u2 [292 kB]
2026-10-08T15:14:25.6569064Z #9 2.500 Get:17 http://deb.debian.org/debian bookworm/main amd64 libx11-6 amd64 2:1.8.4-2+deb12u2 [760 kB]
2026-10-08T15:14:25.6570516Z #9 2.503 Get:18 http://deb.debian.org/debian bookworm/main amd64 libdrm-common all 2.4.114-1 [7112 B]
2026-10-08T15:14:25.6572085Z #9 2.503 Get:19 http://deb.debian.org/debian bookworm/main amd64 libdrm2 amd64 2.4.114-1+b1 [37.5 kB]
2026-10-08T15:14:25.6573517Z #9 2.504 Get:20 http://deb.debian.org/debian bookworm/main amd64 libglapi-mesa amd64 22.3.6-1+deb12u2 [35.9 kB]
2026-10-08T15:14:25.6574990Z #9 2.504 Get:21 http://deb.debian.org/debian bookworm/main amd64 libx11-xcb1 amd64 2:1.8.4-2+deb12u2 [192 kB]
2026-10-08T15:14:25.6576344Z #9 2.506 Get:22 http://deb.debian.org/debian bookworm/main amd64 libxcb-dri2-0 amd64 1.15-1 [107 kB]
2026-10-08T15:14:25.6577679Z #9 2.506 Get:23 http://deb.debian.org/debian bookworm/main amd64 libxcb-dri3-0 amd64 1.15-1 [107 kB]
2026-10-08T15:14:25.6578973Z #9 2.507 Get:24 http://deb.debian.org/debian bookworm/main amd64 libxcb-glx0 amd64 1.15-1 [122 kB]
2026-10-08T15:14:25.6580305Z #9 2.509 Get:25 http://deb.debian.org/debian bookworm/main amd64 libxcb-present0 amd64 1.15-1 [105 kB]
2026-10-08T15:14:25.6582075Z #9 2.510 Get:26 http://deb.debian.org/debian bookworm/main amd64 libxcb-randr0 amd64 1.15-1 [117 kB]
2026-10-08T15:14:25.6583409Z #9 2.513 Get:27 http://deb.debian.org/debian bookworm/main amd64 libxcb-shm0 amd64 1.15-1 [105 kB]
2026-10-08T15:14:25.6584696Z #9 2.514 Get:28 http://deb.debian.org/debian bookworm/main amd64 libxcb-sync1 amd64 1.15-1 [109 kB]
2026-10-08T15:14:25.6586084Z #9 2.514 Get:29 http://deb.debian.org/debian bookworm/main amd64 libxcb-xfixes0 amd64 1.15-1 [109 kB]
2026-10-08T15:14:25.6587422Z #9 2.515 Get:30 http://deb.debian.org/debian bookworm/main amd64 libxext6 amd64 2:1.3.4-1+b1 [52.9 kB]
2026-10-08T15:14:25.6588743Z #9 2.516 Get:31 http://deb.debian.org/debian bookworm/main amd64 libxfixes3 amd64 1:6.0.0-2 [22.7 kB]
2026-10-08T15:14:25.6590100Z #9 2.517 Get:32 http://deb.debian.org/debian bookworm/main amd64 libxshmfence1 amd64 1.3-1 [8820 B]
2026-10-08T15:14:25.6591706Z #9 2.517 Get:33 http://deb.debian.org/debian bookworm/main amd64 libxxf86vm1 amd64 1:1.1.4-1+b2 [20.8 kB]
2026-10-08T15:14:25.6593154Z #9 2.519 Get:34 http://deb.debian.org/debian bookworm/main amd64 libdrm-amdgpu1 amd64 2.4.114-1+b1 [20.9 kB]
2026-10-08T15:14:25.6594536Z #9 2.520 Get:35 http://deb.debian.org/debian bookworm/main amd64 libpciaccess0 amd64 0.17-2 [51.4 kB]
2026-10-08T15:14:25.6595893Z #9 2.521 Get:36 http://deb.debian.org/debian bookworm/main amd64 libdrm-intel1 amd64 2.4.114-1+b1 [64.0 kB]
2026-10-08T15:14:25.6597345Z #9 2.522 Get:37 http://deb.debian.org/debian bookworm/main amd64 libdrm-nouveau2 amd64 2.4.114-1+b1 [19.1 kB]
2026-10-08T15:14:25.6598791Z #9 2.523 Get:38 http://deb.debian.org/debian bookworm/main amd64 libdrm-radeon1 amd64 2.4.114-1+b1 [21.8 kB]
2026-10-08T15:14:25.6600156Z #9 2.526 Get:39 http://deb.debian.org/debian bookworm/main amd64 libelf1 amd64 0.188-2.1 [174 kB]
2026-10-08T15:14:25.6601922Z #9 2.527 Get:40 http://deb.debian.org/debian bookworm/main amd64 libedit2 amd64 3.1-20221030-2 [93.0 kB]
2026-10-08T15:14:25.6603309Z #9 2.531 Get:41 http://deb.debian.org/debian bookworm/main amd64 libicu72 amd64 72.1-3+deb12u1 [9376 kB]
2026-10-08T15:14:25.6604791Z #9 2.573 Get:42 http://deb.debian.org/debian bookworm/main amd64 libxml2 amd64 2.9.14+dfsg-1.3~deb12u6 [689 kB]
2026-10-08T15:14:25.7898564Z #9 2.577 Get:43 http://deb.debian.org/debian bookworm/main amd64 libz3-4 amd64 4.8.12-3.1 [7216 kB]
2026-10-08T15:14:25.7900343Z #9 2.610 Get:44 http://deb.debian.org/debian bookworm/main amd64 libllvm15 amd64 1:15.0.6-4+b1 [23.1 MB]
2026-10-08T15:14:25.7902168Z #9 2.712 Get:45 http://deb.debian.org/debian bookworm/main amd64 libsensors-config all 1:3.6.0-7.1 [14.3 kB]
2026-10-08T15:14:25.9196416Z #9 2.715 Get:46 http://deb.debian.org/debian bookworm/main amd64 libsensors5 amd64 1:3.6.0-7.1 [34.2 kB]
2026-10-08T15:14:25.9198130Z #9 2.715 Get:47 http://deb.debian.org/debian bookworm/main amd64 libgl1-mesa-dri amd64 22.3.6-1+deb12u2 [7240 kB]
2026-10-08T15:14:25.9199684Z #9 2.743 Get:48 http://deb.debian.org/debian bookworm/main amd64 libglx-mesa0 amd64 22.3.6-1+deb12u2 [148 kB]
2026-10-08T15:14:25.9201405Z #9 2.744 Get:49 http://deb.debian.org/debian bookworm/main amd64 libglx0 amd64 1.6.0-1 [34.4 kB]
2026-10-08T15:14:25.9202706Z #9 2.745 Get:50 http://deb.debian.org/debian bookworm/main amd64 libgl1 amd64 1.6.0-1 [88.4 kB]
2026-10-08T15:14:25.9204062Z #9 2.745 Get:51 http://deb.debian.org/debian bookworm/main amd64 x11-common all 1:7.7+23 [252 kB]
2026-10-08T15:14:25.9205354Z #9 2.746 Get:52 http://deb.debian.org/debian bookworm/main amd64 libice6 amd64 2:1.0.10-1 [58.5 kB]
2026-10-08T15:14:25.9206748Z #9 2.747 Get:53 http://deb.debian.org/debian bookworm/main amd64 libsm6 amd64 2:1.2.3-1 [35.1 kB]
2026-10-08T15:14:25.9208046Z #9 2.747 Get:54 http://deb.debian.org/debian bookworm/main amd64 libxt6 amd64 1:1.2.1-1.1 [186 kB]
2026-10-08T15:14:25.9209384Z #9 2.748 Get:55 http://deb.debian.org/debian bookworm/main amd64 libxmu6 amd64 2:1.1.3-3 [60.1 kB]
2026-10-08T15:14:25.9210781Z #9 2.749 Get:56 http://deb.debian.org/debian bookworm/main amd64 libxpm4 amd64 1:3.5.12-1.1+deb12u1 [48.6 kB]
2026-10-08T15:14:25.9212762Z #9 2.750 Get:57 http://deb.debian.org/debian bookworm/main amd64 libxaw7 amd64 2:1.0.14-1 [201 kB]
2026-10-08T15:14:25.9214255Z #9 2.751 Get:58 http://deb.debian.org/debian bookworm/main amd64 libxcb-shape0 amd64 1.15-1 [106 kB]
2026-10-08T15:14:25.9215761Z #9 2.752 Get:59 http://deb.debian.org/debian bookworm/main amd64 libxcomposite1 amd64 1:0.4.5-1 [16.6 kB]
2026-10-08T15:14:25.9217246Z #9 2.752 Get:60 http://deb.debian.org/debian bookworm/main amd64 libxrender1 amd64 1:0.9.10-1.1 [33.2 kB]
2026-10-08T15:14:25.9218565Z #9 2.753 Get:61 http://deb.debian.org/debian bookworm/main amd64 libxft2 amd64 2.3.6-1 [61.8 kB]
2026-10-08T15:14:25.9219847Z #9 2.753 Get:62 http://deb.debian.org/debian bookworm/main amd64 libxi6 amd64 2:1.8-1+b1 [84.2 kB]
2026-10-08T15:14:25.9221618Z #9 2.754 Get:63 http://deb.debian.org/debian bookworm/main amd64 libxinerama1 amd64 2:1.1.4-3 [17.8 kB]
2026-10-08T15:14:25.9223018Z #9 2.754 Get:64 http://deb.debian.org/debian bookworm/main amd64 libxkbfile1 amd64 1:1.1.0-1 [75.2 kB]
2026-10-08T15:14:25.9224536Z #9 2.755 Get:65 http://deb.debian.org/debian bookworm/main amd64 libxmuu1 amd64 2:1.1.3-3 [23.9 kB]
2026-10-08T15:14:25.9226299Z #9 2.755 Get:66 http://deb.debian.org/debian bookworm/main amd64 libxrandr2 amd64 2:1.5.2-2+b1 [39.2 kB]
2026-10-08T15:14:25.9227776Z #9 2.756 Get:67 http://deb.debian.org/debian bookworm/main amd64 libxtst6 amd64 2:1.2.3-1.1 [28.0 kB]
2026-10-08T15:14:25.9229092Z #9 2.756 Get:68 http://deb.debian.org/debian bookworm/main amd64 libxv1 amd64 2:1.0.11-1.1 [24.8 kB]
2026-10-08T15:14:25.9230480Z #9 2.757 Get:69 http://deb.debian.org/debian bookworm/main amd64 libxxf86dga1 amd64 2:1.1.5-1 [22.1 kB]
2026-10-08T15:14:25.9231963Z #9 2.757 Get:70 http://deb.debian.org/debian bookworm/main amd64 x11-utils amd64 7.7+5 [202 kB]
2026-10-08T15:14:25.9233593Z #9 2.758 Get:71 http://deb.debian.org/debian bookworm/main amd64 xdg-utils all 1.1.3-4.1 [75.5 kB]
2026-10-08T15:14:25.9235252Z #9 2.760 Get:72 http://deb.debian.org/debian-security bookworm-security/main amd64 chromium-common amd64 154.0.8037.92-1~deb12u1 [30.5 MB]
2026-10-08T15:14:25.9236863Z #9 2.842 Get:73 http://deb.debian.org/debian bookworm/main amd64 libasound2-data all 1.2.8-1 [20.5 kB]
2026-10-08T15:14:26.1361773Z #9 2.842 Get:74 http://deb.debian.org/debian bookworm/main amd64 libasound2 amd64 1.2.8-1+b1 [362 kB]
2026-10-08T15:14:26.1362685Z #9 2.845 Get:75 http://deb.debian.org/debian bookworm/main amd64 libglib2.0-0 amd64 2.74.6-2+deb12u9 [1403 kB]
2026-10-08T15:14:26.1363511Z #9 2.851 Get:76 http://deb.debian.org/debian bookworm/main amd64 libatk1.0-0 amd64 2.46.0-5 [49.6 kB]
2026-10-08T15:14:26.1364324Z #9 2.851 Get:77 http://deb.debian.org/debian bookworm/main amd64 libdbus-1-3 amd64 1.14.10-1~deb12u1 [201 kB]
2026-10-08T15:14:26.1365168Z #9 2.852 Get:78 http://deb.debian.org/debian bookworm/main amd64 libatspi2.0-0 amd64 2.46.0-5 [75.4 kB]
2026-10-08T15:14:26.1366066Z #9 2.853 Get:79 http://deb.debian.org/debian bookworm/main amd64 libdav1d6 amd64 1.0.0-2+deb12u1 [513 kB]
2026-10-08T15:14:26.1366910Z #9 2.855 Get:80 http://deb.debian.org/debian bookworm/main amd64 libdouble-conversion3 amd64 3.2.1-1 [41.5 kB]
2026-10-08T15:14:26.1367817Z #9 2.856 Get:81 http://deb.debian.org/debian bookworm/main amd64 libogg0 amd64 1.3.5-3 [23.4 kB]
2026-10-08T15:14:26.1368538Z #9 2.857 Get:82 http://deb.debian.org/debian bookworm/main amd64 libflac12 amd64 1.4.2+ds-2 [198 kB]
2026-10-08T15:14:26.1369290Z #9 2.858 Get:83 http://deb.debian.org/debian bookworm/main amd64 libwayland-server0 amd64 1.21.0-1 [35.9 kB]
2026-10-08T15:14:26.1370159Z #9 2.859 Get:84 http://deb.debian.org/debian bookworm/main amd64 libgbm1 amd64 22.3.6-1+deb12u2 [38.1 kB]
2026-10-08T15:14:26.1371293Z #9 2.859 Get:85 http://deb.debian.org/debian bookworm/main amd64 libgraphite2-3 amd64 1.3.14-1+deb12u1 [74.6 kB]
2026-10-08T15:14:26.1372109Z #9 2.860 Get:86 http://deb.debian.org/debian bookworm/main amd64 libharfbuzz0b amd64 6.0.0+dfsg-3 [1945 kB]
2026-10-08T15:14:26.1373272Z #9 2.870 Get:87 http://deb.debian.org/debian bookworm/main amd64 libharfbuzz-subset0 amd64 6.0.0+dfsg-3 [1931 kB]
2026-10-08T15:14:26.1374106Z #9 2.879 Get:88 http://deb.debian.org/debian bookworm/main amd64 libjpeg62-turbo amd64 1:2.1.5-2 [166 kB]
2026-10-08T15:14:26.1374995Z #9 2.881 Get:89 http://deb.debian.org/debian bookworm/main amd64 libminizip1 amd64 1.1-8+deb12u1 [20.1 kB]
2026-10-08T15:14:26.1375725Z #9 2.881 Get:90 http://deb.debian.org/debian bookworm/main amd64 libnspr4 amd64 2:4.35-1 [113 kB]
2026-10-08T15:14:26.1376571Z #9 2.882 Get:91 http://deb.debian.org/debian bookworm/main amd64 libsqlite3-0 amd64 3.40.1-2+deb12u2 [839 kB]
2026-10-08T15:14:26.1377535Z #9 2.885 Get:92 http://deb.debian.org/debian-security bookworm-security/main amd64 libnss3 amd64 2:3.87.1-1+deb12u4 [1331 kB]
2026-10-08T15:14:26.1378599Z #9 2.888 Get:93 http://deb.debian.org/debian bookworm/main amd64 libopenh264-7 amd64 2.3.1+dfsg-3+deb12u2 [393 kB]
2026-10-08T15:14:26.1379367Z #9 2.891 Get:94 http://deb.debian.org/debian bookworm/main amd64 libopus0 amd64 1.3.1-3 [195 kB]
2026-10-08T15:14:26.1380080Z #9 2.892 Get:95 http://deb.debian.org/debian bookworm/main amd64 libasyncns0 amd64 0.8-6+b3 [12.9 kB]
2026-10-08T15:14:26.1381218Z #9 2.893 Get:96 http://deb.debian.org/debian bookworm/main amd64 libmp3lame0 amd64 3.100-6 [365 kB]
2026-10-08T15:14:26.1381979Z #9 2.895 Get:97 http://deb.debian.org/debian bookworm/main amd64 libmpg123-0 amd64 1.31.2-1+deb12u1 [147 kB]
2026-10-08T15:14:26.1382813Z #9 2.895 Get:98 http://deb.debian.org/debian bookworm/main amd64 libvorbis0a amd64 1.3.7-1 [93.0 kB]
2026-10-08T15:14:26.1383536Z #9 2.896 Get:99 http://deb.debian.org/debian bookworm/main amd64 libvorbisenc2 amd64 1.3.7-1 [80.6 kB]
2026-10-08T15:14:26.1384313Z #9 2.897 Get:100 http://deb.debian.org/debian bookworm/main amd64 libsndfile1 amd64 1.2.0-1+deb12u1 [197 kB]
2026-10-08T15:14:26.1385480Z #9 2.901 Get:101 http://deb.debian.org/debian bookworm/main amd64 libpulse0 amd64 16.1+dfsg1-2+b1 [274 kB]
2026-10-08T15:14:26.1386241Z #9 2.903 Get:102 http://deb.debian.org/debian bookworm/main amd64 libxdamage1 amd64 1:1.1.6-1 [15.1 kB]
2026-10-08T15:14:26.1387063Z #9 2.904 Get:103 http://deb.debian.org/debian bookworm/main amd64 xkb-data all 2.35.1-1 [764 kB]
2026-10-08T15:14:26.1387773Z #9 2.906 Get:104 http://deb.debian.org/debian bookworm/main amd64 libxkbcommon0 amd64 1.5.0-1 [106 kB]
2026-10-08T15:14:26.1388564Z #9 2.907 Get:105 http://deb.debian.org/debian bookworm/main amd64 libxnvctrl0 amd64 525.85.05-3~deb12u1 [13.5 kB]
2026-10-08T15:14:26.1389548Z #9 2.908 Get:106 http://deb.debian.org/debian-security bookworm-security/main amd64 chromium-headless-shell amd64 154.0.8037.92-1~deb12u1 [61.2 MB]
2026-10-08T15:14:26.2089124Z #9 3.131 Get:107 http://deb.debian.org/debian bookworm/main amd64 tini amd64 0.19.0-1+b3 [267 kB]
2026-10-08T15:14:26.3116205Z #9 3.234 debconf: delaying package configuration, since apt-utils is not installed
2026-10-08T15:14:26.4115949Z #9 3.259 Fetched 160 MB in 1s (238 MB/s)
2026-10-08T15:14:26.4116707Z #9 3.272 Selecting previously unselected package at-spi2-common.
2026-10-08T15:14:26.4118525Z #9 3.272 (Reading database ... 
2026-10-08T15:14:26.4119443Z (Reading database ... 5%
2026-10-08T15:14:26.4120258Z (Reading database ... 10%
2026-10-08T15:14:26.4121205Z (Reading database ... 15%
2026-10-08T15:14:26.4121525Z (Reading database ... 20%
2026-10-08T15:14:26.4121804Z (Reading database ... 25%
2026-10-08T15:14:26.4122071Z (Reading database ... 30%
2026-10-08T15:14:26.4122338Z (Reading database ... 35%
2026-10-08T15:14:26.4122607Z (Reading database ... 40%
2026-10-08T15:14:26.4122869Z (Reading database ... 45%
2026-10-08T15:14:26.4123122Z (Reading database ... 50%
2026-10-08T15:14:26.4123386Z (Reading database ... 55%
2026-10-08T15:14:26.4123650Z (Reading database ... 60%
2026-10-08T15:14:26.4123932Z (Reading database ... 65%
2026-10-08T15:14:26.4124196Z (Reading database ... 70%
2026-10-08T15:14:26.4124451Z (Reading database ... 75%
2026-10-08T15:14:26.4124713Z (Reading database ... 80%
2026-10-08T15:14:26.4124986Z (Reading database ... 85%
2026-10-08T15:14:26.4125242Z (Reading database ... 90%
2026-10-08T15:14:26.4125754Z (Reading database ... 95%
2026-10-08T15:14:26.4126026Z (Reading database ... 100%
2026-10-08T15:14:26.4126472Z (Reading database ... 6096 files and directories currently installed.)
2026-10-08T15:14:26.4127070Z #9 3.278 Preparing to unpack .../000-at-spi2-common_2.46.0-5_all.deb ...
2026-10-08T15:14:26.4127549Z #9 3.279 Unpacking at-spi2-common (2.46.0-5) ...
2026-10-08T15:14:26.4128004Z #9 3.311 Selecting previously unselected package bubblewrap.
2026-10-08T15:14:26.4128566Z #9 3.312 Preparing to unpack .../001-bubblewrap_0.8.0-2+deb12u1_amd64.deb ...
2026-10-08T15:14:26.4129071Z #9 3.313 Unpacking bubblewrap (0.8.0-2+deb12u1) ...
2026-10-08T15:14:26.4129575Z #9 3.331 Selecting previously unselected package libexpat1:amd64.
2026-10-08T15:14:26.4130193Z #9 3.332 Preparing to unpack .../002-libexpat1_2.5.0-1+deb12u4_amd64.deb ...
2026-10-08T15:14:26.4130724Z #9 3.334 Unpacking libexpat1:amd64 (2.5.0-1+deb12u4) ...
2026-10-08T15:14:26.5282766Z #9 3.354 Selecting previously unselected package libbrotli1:amd64.
2026-10-08T15:14:26.5284030Z #9 3.355 Preparing to unpack .../003-libbrotli1_1.0.9-2+b6_amd64.deb ...
2026-10-08T15:14:26.5285169Z #9 3.356 Unpacking libbrotli1:amd64 (1.0.9-2+b6) ...
2026-10-08T15:14:26.5286223Z #9 3.386 Selecting previously unselected package libpng16-16:amd64.
2026-10-08T15:14:26.5286851Z #9 3.387 Preparing to unpack .../004-libpng16-16_1.6.39-2+deb12u6_amd64.deb ...
2026-10-08T15:14:26.5287397Z #9 3.388 Unpacking libpng16-16:amd64 (1.6.39-2+deb12u6) ...
2026-10-08T15:14:26.5287900Z #9 3.413 Selecting previously unselected package libfreetype6:amd64.
2026-10-08T15:14:26.5288484Z #9 3.414 Preparing to unpack .../005-libfreetype6_2.12.1+dfsg-5+deb12u4_amd64.deb ...
2026-10-08T15:14:26.5289533Z #9 3.415 Unpacking libfreetype6:amd64 (2.12.1+dfsg-5+deb12u4) ...
2026-10-08T15:14:26.5290293Z #9 3.451 Selecting previously unselected package fonts-dejavu-core.
2026-10-08T15:14:26.7122792Z #9 3.452 Preparing to unpack .../006-fonts-dejavu-core_2.37-6_all.deb ...
2026-10-08T15:14:26.7123882Z #9 3.453 Unpacking fonts-dejavu-core (2.37-6) ...
2026-10-08T15:14:26.7124773Z #9 3.534 Selecting previously unselected package fontconfig-config.
2026-10-08T15:14:26.7125815Z #9 3.535 Preparing to unpack .../007-fontconfig-config_2.14.1-4_amd64.deb ...
2026-10-08T15:14:26.7126734Z #9 3.635 Unpacking fontconfig-config (2.14.1-4) ...
2026-10-08T15:14:26.8167930Z #9 3.664 Selecting previously unselected package libfontconfig1:amd64.
2026-10-08T15:14:26.8168681Z #9 3.665 Preparing to unpack .../008-libfontconfig1_2.14.1-4_amd64.deb ...
2026-10-08T15:14:26.8169175Z #9 3.666 Unpacking libfontconfig1:amd64 (2.14.1-4) ...
2026-10-08T15:14:26.8169679Z #9 3.688 Selecting previously unselected package libfontenc1:amd64.
2026-10-08T15:14:26.8170515Z #9 3.689 Preparing to unpack .../009-libfontenc1_1%3a1.1.4-1_amd64.deb ...
2026-10-08T15:14:26.8171875Z #9 3.690 Unpacking libfontenc1:amd64 (1:1.1.4-1) ...
2026-10-08T15:14:26.8172504Z #9 3.704 Selecting previously unselected package libglvnd0:amd64.
2026-10-08T15:14:26.8173125Z #9 3.705 Preparing to unpack .../010-libglvnd0_1.6.0-1_amd64.deb ...
2026-10-08T15:14:26.8173575Z #9 3.706 Unpacking libglvnd0:amd64 (1.6.0-1) ...
2026-10-08T15:14:26.8174151Z #9 3.724 Selecting previously unselected package libxau6:amd64.
2026-10-08T15:14:26.8174649Z #9 3.725 Preparing to unpack .../011-libxau6_1%3a1.0.9-1_amd64.deb ...
2026-10-08T15:14:26.8175080Z #9 3.725 Unpacking libxau6:amd64 (1:1.0.9-1) ...
2026-10-08T15:14:26.8175498Z #9 3.739 Selecting previously unselected package libbsd0:amd64.
2026-10-08T15:14:26.9328571Z #9 3.741 Preparing to unpack .../012-libbsd0_0.11.7-2_amd64.deb ...
2026-10-08T15:14:26.9329093Z #9 3.741 Unpacking libbsd0:amd64 (0.11.7-2) ...
2026-10-08T15:14:26.9329583Z #9 3.760 Selecting previously unselected package libxdmcp6:amd64.
2026-10-08T15:14:26.9330112Z #9 3.761 Preparing to unpack .../013-libxdmcp6_1%3a1.1.2-3_amd64.deb ...
2026-10-08T15:14:26.9330589Z #9 3.762 Unpacking libxdmcp6:amd64 (1:1.1.2-3) ...
2026-10-08T15:14:26.9331669Z #9 3.776 Selecting previously unselected package libxcb1:amd64.
2026-10-08T15:14:26.9332176Z #9 3.777 Preparing to unpack .../014-libxcb1_1.15-1_amd64.deb ...
2026-10-08T15:14:26.9332597Z #9 3.778 Unpacking libxcb1:amd64 (1.15-1) ...
2026-10-08T15:14:26.9333019Z #9 3.794 Selecting previously unselected package libx11-data.
2026-10-08T15:14:26.9333564Z #9 3.795 Preparing to unpack .../015-libx11-data_2%3a1.8.4-2+deb12u2_all.deb ...
2026-10-08T15:14:26.9334068Z #9 3.796 Unpacking libx11-data (2:1.8.4-2+deb12u2) ...
2026-10-08T15:14:26.9334528Z #9 3.855 Selecting previously unselected package libx11-6:amd64.
2026-10-08T15:14:27.0403946Z #9 3.856 Preparing to unpack .../016-libx11-6_2%3a1.8.4-2+deb12u2_amd64.deb ...
2026-10-08T15:14:27.0405253Z #9 3.857 Unpacking libx11-6:amd64 (2:1.8.4-2+deb12u2) ...
2026-10-08T15:14:27.0406232Z #9 3.910 Selecting previously unselected package libdrm-common.
2026-10-08T15:14:27.0407103Z #9 3.911 Preparing to unpack .../017-libdrm-common_2.4.114-1_all.deb ...
2026-10-08T15:14:27.0407840Z #9 3.912 Unpacking libdrm-common (2.4.114-1) ...
2026-10-08T15:14:27.0408540Z #9 3.926 Selecting previously unselected package libdrm2:amd64.
2026-10-08T15:14:27.0409351Z #9 3.927 Preparing to unpack .../018-libdrm2_2.4.114-1+b1_amd64.deb ...
2026-10-08T15:14:27.0410054Z #9 3.928 Unpacking libdrm2:amd64 (2.4.114-1+b1) ...
2026-10-08T15:14:27.0411031Z #9 3.944 Selecting previously unselected package libglapi-mesa:amd64.
2026-10-08T15:14:27.0411953Z #9 3.946 Preparing to unpack .../019-libglapi-mesa_22.3.6-1+deb12u2_amd64.deb ...
2026-10-08T15:14:27.0412775Z #9 3.947 Unpacking libglapi-mesa:amd64 (22.3.6-1+deb12u2) ...
2026-10-08T15:14:27.0413560Z #9 3.963 Selecting previously unselected package libx11-xcb1:amd64.
2026-10-08T15:14:27.1515853Z #9 3.964 Preparing to unpack .../020-libx11-xcb1_2%3a1.8.4-2+deb12u2_amd64.deb ...
2026-10-08T15:14:27.1516805Z #9 3.965 Unpacking libx11-xcb1:amd64 (2:1.8.4-2+deb12u2) ...
2026-10-08T15:14:27.1517414Z #9 3.984 Selecting previously unselected package libxcb-dri2-0:amd64.
2026-10-08T15:14:27.1518236Z #9 3.985 Preparing to unpack .../021-libxcb-dri2-0_1.15-1_amd64.deb ...
2026-10-08T15:14:27.1518822Z #9 3.986 Unpacking libxcb-dri2-0:amd64 (1.15-1) ...
2026-10-08T15:14:27.1519522Z #9 4.007 Selecting previously unselected package libxcb-dri3-0:amd64.
2026-10-08T15:14:27.1520297Z #9 4.008 Preparing to unpack .../022-libxcb-dri3-0_1.15-1_amd64.deb ...
2026-10-08T15:14:27.1521109Z #9 4.009 Unpacking libxcb-dri3-0:amd64 (1.15-1) ...
2026-10-08T15:14:27.1522236Z #9 4.029 Selecting previously unselected package libxcb-glx0:amd64.
2026-10-08T15:14:27.1523206Z #9 4.030 Preparing to unpack .../023-libxcb-glx0_1.15-1_amd64.deb ...
2026-10-08T15:14:27.1523720Z #9 4.031 Unpacking libxcb-glx0:amd64 (1.15-1) ...
2026-10-08T15:14:27.1524218Z #9 4.053 Selecting previously unselected package libxcb-present0:amd64.
2026-10-08T15:14:27.1524767Z #9 4.054 Preparing to unpack .../024-libxcb-present0_1.15-1_amd64.deb ...
2026-10-08T15:14:27.1525370Z #9 4.055 Unpacking libxcb-present0:amd64 (1.15-1) ...
2026-10-08T15:14:27.1526189Z #9 4.074 Selecting previously unselected package libxcb-randr0:amd64.
2026-10-08T15:14:27.2596324Z #9 4.075 Preparing to unpack .../025-libxcb-randr0_1.15-1_amd64.deb ...
2026-10-08T15:14:27.2597560Z #9 4.076 Unpacking libxcb-randr0:amd64 (1.15-1) ...
2026-10-08T15:14:27.2598703Z #9 4.096 Selecting previously unselected package libxcb-shm0:amd64.
2026-10-08T15:14:27.2599624Z #9 4.098 Preparing to unpack .../026-libxcb-shm0_1.15-1_amd64.deb ...
2026-10-08T15:14:27.2600093Z #9 4.099 Unpacking libxcb-shm0:amd64 (1.15-1) ...
2026-10-08T15:14:27.2600580Z #9 4.118 Selecting previously unselected package libxcb-sync1:amd64.
2026-10-08T15:14:27.2601409Z #9 4.119 Preparing to unpack .../027-libxcb-sync1_1.15-1_amd64.deb ...
2026-10-08T15:14:27.2601916Z #9 4.120 Unpacking libxcb-sync1:amd64 (1.15-1) ...
2026-10-08T15:14:27.2602396Z #9 4.140 Selecting previously unselected package libxcb-xfixes0:amd64.
2026-10-08T15:14:27.2602940Z #9 4.141 Preparing to unpack .../028-libxcb-xfixes0_1.15-1_amd64.deb ...
2026-10-08T15:14:27.2603679Z #9 4.142 Unpacking libxcb-xfixes0:amd64 (1.15-1) ...
2026-10-08T15:14:27.2604141Z #9 4.164 Selecting previously unselected package libxext6:amd64.
2026-10-08T15:14:27.2604710Z #9 4.165 Preparing to unpack .../029-libxext6_2%3a1.3.4-1+b1_amd64.deb ...
2026-10-08T15:14:27.2606026Z #9 4.166 Unpacking libxext6:amd64 (2:1.3.4-1+b1) ...
2026-10-08T15:14:27.2606952Z #9 4.182 Selecting previously unselected package libxfixes3:amd64.
2026-10-08T15:14:27.3642789Z #9 4.183 Preparing to unpack .../030-libxfixes3_1%3a6.0.0-2_amd64.deb ...
2026-10-08T15:14:27.3643717Z #9 4.184 Unpacking libxfixes3:amd64 (1:6.0.0-2) ...
2026-10-08T15:14:27.3644585Z #9 4.199 Selecting previously unselected package libxshmfence1:amd64.
2026-10-08T15:14:27.3645578Z #9 4.200 Preparing to unpack .../031-libxshmfence1_1.3-1_amd64.deb ...
2026-10-08T15:14:27.3646338Z #9 4.201 Unpacking libxshmfence1:amd64 (1.3-1) ...
2026-10-08T15:14:27.3646807Z #9 4.214 Selecting previously unselected package libxxf86vm1:amd64.
2026-10-08T15:14:27.3647382Z #9 4.215 Preparing to unpack .../032-libxxf86vm1_1%3a1.1.4-1+b2_amd64.deb ...
2026-10-08T15:14:27.3647908Z #9 4.216 Unpacking libxxf86vm1:amd64 (1:1.1.4-1+b2) ...
2026-10-08T15:14:27.3648429Z #9 4.231 Selecting previously unselected package libdrm-amdgpu1:amd64.
2026-10-08T15:14:27.3649002Z #9 4.233 Preparing to unpack .../033-libdrm-amdgpu1_2.4.114-1+b1_amd64.deb ...
2026-10-08T15:14:27.3649497Z #9 4.233 Unpacking libdrm-amdgpu1:amd64 (2.4.114-1+b1) ...
2026-10-08T15:14:27.3649978Z #9 4.249 Selecting previously unselected package libpciaccess0:amd64.
2026-10-08T15:14:27.3650685Z #9 4.250 Preparing to unpack .../034-libpciaccess0_0.17-2_amd64.deb ...
2026-10-08T15:14:27.3652267Z #9 4.251 Unpacking libpciaccess0:amd64 (0.17-2) ...
2026-10-08T15:14:27.3653187Z #9 4.267 Selecting previously unselected package libdrm-intel1:amd64.
2026-10-08T15:14:27.3654290Z #9 4.268 Preparing to unpack .../035-libdrm-intel1_2.4.114-1+b1_amd64.deb ...
2026-10-08T15:14:27.3655067Z #9 4.269 Unpacking libdrm-intel1:amd64 (2.4.114-1+b1) ...
2026-10-08T15:14:27.3655680Z #9 4.287 Selecting previously unselected package libdrm-nouveau2:amd64.
2026-10-08T15:14:27.5990002Z #9 4.288 Preparing to unpack .../036-libdrm-nouveau2_2.4.114-1+b1_amd64.deb ...
2026-10-08T15:14:27.5991235Z #9 4.289 Unpacking libdrm-nouveau2:amd64 (2.4.114-1+b1) ...
2026-10-08T15:14:27.5992194Z #9 4.304 Selecting previously unselected package libdrm-radeon1:amd64.
2026-10-08T15:14:27.5993243Z #9 4.305 Preparing to unpack .../037-libdrm-radeon1_2.4.114-1+b1_amd64.deb ...
2026-10-08T15:14:27.5994168Z #9 4.306 Unpacking libdrm-radeon1:amd64 (2.4.114-1+b1) ...
2026-10-08T15:14:27.5995011Z #9 4.321 Selecting previously unselected package libelf1:amd64.
2026-10-08T15:14:27.5995939Z #9 4.322 Preparing to unpack .../038-libelf1_0.188-2.1_amd64.deb ...
2026-10-08T15:14:27.5996707Z #9 4.323 Unpacking libelf1:amd64 (0.188-2.1) ...
2026-10-08T15:14:27.5997494Z #9 4.348 Selecting previously unselected package libedit2:amd64.
2026-10-08T15:14:27.5998448Z #9 4.349 Preparing to unpack .../039-libedit2_3.1-20221030-2_amd64.deb ...
2026-10-08T15:14:27.5999279Z #9 4.350 Unpacking libedit2:amd64 (3.1-20221030-2) ...
2026-10-08T15:14:27.6000098Z #9 4.369 Selecting previously unselected package libicu72:amd64.
2026-10-08T15:14:27.6001220Z #9 4.370 Preparing to unpack .../040-libicu72_72.1-3+deb12u1_amd64.deb ...
2026-10-08T15:14:27.6002070Z #9 4.371 Unpacking libicu72:amd64 (72.1-3+deb12u1) ...
2026-10-08T15:14:27.9087795Z #9 4.831 Selecting previously unselected package libxml2:amd64.
2026-10-08T15:14:28.1140729Z #9 4.833 Preparing to unpack .../041-libxml2_2.9.14+dfsg-1.3~deb12u6_amd64.deb ...
2026-10-08T15:14:28.1141686Z #9 4.833 Unpacking libxml2:amd64 (2.9.14+dfsg-1.3~deb12u6) ...
2026-10-08T15:14:28.1142229Z #9 4.884 Selecting previously unselected package libz3-4:amd64.
2026-10-08T15:14:28.1142753Z #9 4.885 Preparing to unpack .../042-libz3-4_4.8.12-3.1_amd64.deb ...
2026-10-08T15:14:28.1143216Z #9 4.886 Unpacking libz3-4:amd64 (4.8.12-3.1) ...
2026-10-08T15:14:28.4204051Z #9 5.343 Selecting previously unselected package libllvm15:amd64.
2026-10-08T15:14:28.5735233Z #9 5.344 Preparing to unpack .../043-libllvm15_1%3a15.0.6-4+b1_amd64.deb ...
2026-10-08T15:14:28.5736171Z #9 5.345 Unpacking libllvm15:amd64 (1:15.0.6-4+b1) ...
2026-10-08T15:14:29.2015955Z #9 6.124 Selecting previously unselected package libsensors-config.
2026-10-08T15:14:29.3966036Z #9 6.125 Preparing to unpack .../044-libsensors-config_1%3a3.6.0-7.1_all.deb ...
2026-10-08T15:14:29.3967021Z #9 6.126 Unpacking libsensors-config (1:3.6.0-7.1) ...
2026-10-08T15:14:29.3967886Z #9 6.141 Selecting previously unselected package libsensors5:amd64.
2026-10-08T15:14:29.3968886Z #9 6.142 Preparing to unpack .../045-libsensors5_1%3a3.6.0-7.1_amd64.deb ...
2026-10-08T15:14:29.3969790Z #9 6.146 Unpacking libsensors5:amd64 (1:3.6.0-7.1) ...
2026-10-08T15:14:29.3970670Z #9 6.162 Selecting previously unselected package libgl1-mesa-dri:amd64.
2026-10-08T15:14:29.3971965Z #9 6.163 Preparing to unpack .../046-libgl1-mesa-dri_22.3.6-1+deb12u2_amd64.deb ...
2026-10-08T15:14:29.3972928Z #9 6.168 Unpacking libgl1-mesa-dri:amd64 (22.3.6-1+deb12u2) ...
2026-10-08T15:14:29.6893864Z #9 6.612 Selecting previously unselected package libglx-mesa0:amd64.
2026-10-08T15:14:29.8017689Z #9 6.613 Preparing to unpack .../047-libglx-mesa0_22.3.6-1+deb12u2_amd64.deb ...
2026-10-08T15:14:29.8018305Z #9 6.614 Unpacking libglx-mesa0:amd64 (22.3.6-1+deb12u2) ...
2026-10-08T15:14:29.8018800Z #9 6.637 Selecting previously unselected package libglx0:amd64.
2026-10-08T15:14:29.8019348Z #9 6.639 Preparing to unpack .../048-libglx0_1.6.0-1_amd64.deb ...
2026-10-08T15:14:29.8019846Z #9 6.640 Unpacking libglx0:amd64 (1.6.0-1) ...
2026-10-08T15:14:29.8021196Z #9 6.657 Selecting previously unselected package libgl1:amd64.
2026-10-08T15:14:29.8021702Z #9 6.658 Preparing to unpack .../049-libgl1_1.6.0-1_amd64.deb ...
2026-10-08T15:14:29.8022119Z #9 6.659 Unpacking libgl1:amd64 (1.6.0-1) ...
2026-10-08T15:14:29.8022555Z #9 6.682 Selecting previously unselected package x11-common.
2026-10-08T15:14:29.8023042Z #9 6.683 Preparing to unpack .../050-x11-common_1%3a7.7+23_all.deb ...
2026-10-08T15:14:29.8023473Z #9 6.684 Unpacking x11-common (1:7.7+23) ...
2026-10-08T15:14:29.8023914Z #9 6.705 Selecting previously unselected package libice6:amd64.
2026-10-08T15:14:29.8024415Z #9 6.706 Preparing to unpack .../051-libice6_2%3a1.0.10-1_amd64.deb ...
2026-10-08T15:14:29.8024854Z #9 6.707 Unpacking libice6:amd64 (2:1.0.10-1) ...
2026-10-08T15:14:29.8025289Z #9 6.724 Selecting previously unselected package libsm6:amd64.
2026-10-08T15:14:29.9141708Z #9 6.725 Preparing to unpack .../052-libsm6_2%3a1.2.3-1_amd64.deb ...
2026-10-08T15:14:29.9142508Z #9 6.727 Unpacking libsm6:amd64 (2:1.2.3-1) ...
2026-10-08T15:14:29.9143283Z #9 6.744 Selecting previously unselected package libxt6:amd64.
2026-10-08T15:14:29.9144093Z #9 6.745 Preparing to unpack .../053-libxt6_1%3a1.2.1-1.1_amd64.deb ...
2026-10-08T15:14:29.9144802Z #9 6.746 Unpacking libxt6:amd64 (1:1.2.1-1.1) ...
2026-10-08T15:14:29.9145505Z #9 6.770 Selecting previously unselected package libxmu6:amd64.
2026-10-08T15:14:29.9146346Z #9 6.771 Preparing to unpack .../054-libxmu6_2%3a1.1.3-3_amd64.deb ...
2026-10-08T15:14:29.9147015Z #9 6.772 Unpacking libxmu6:amd64 (2:1.1.3-3) ...
2026-10-08T15:14:29.9147694Z #9 6.789 Selecting previously unselected package libxpm4:amd64.
2026-10-08T15:14:29.9148536Z #9 6.791 Preparing to unpack .../055-libxpm4_1%3a3.5.12-1.1+deb12u1_amd64.deb ...
2026-10-08T15:14:29.9149328Z #9 6.792 Unpacking libxpm4:amd64 (1:3.5.12-1.1+deb12u1) ...
2026-10-08T15:14:29.9150045Z #9 6.808 Selecting previously unselected package libxaw7:amd64.
2026-10-08T15:14:29.9151022Z #9 6.809 Preparing to unpack .../056-libxaw7_2%3a1.0.14-1_amd64.deb ...
2026-10-08T15:14:29.9151728Z #9 6.810 Unpacking libxaw7:amd64 (2:1.0.14-1) ...
2026-10-08T15:14:29.9152445Z #9 6.836 Selecting previously unselected package libxcb-shape0:amd64.
2026-10-08T15:14:30.0257764Z #9 6.838 Preparing to unpack .../057-libxcb-shape0_1.15-1_amd64.deb ...
2026-10-08T15:14:30.0258706Z #9 6.839 Unpacking libxcb-shape0:amd64 (1.15-1) ...
2026-10-08T15:14:30.0259419Z #9 6.858 Selecting previously unselected package libxcomposite1:amd64.
2026-10-08T15:14:30.0260020Z #9 6.860 Preparing to unpack .../058-libxcomposite1_1%3a0.4.5-1_amd64.deb ...
2026-10-08T15:14:30.0260699Z #9 6.860 Unpacking libxcomposite1:amd64 (1:0.4.5-1) ...
2026-10-08T15:14:30.0261598Z #9 6.875 Selecting previously unselected package libxrender1:amd64.
2026-10-08T15:14:30.0262757Z #9 6.876 Preparing to unpack .../059-libxrender1_1%3a0.9.10-1.1_amd64.deb ...
2026-10-08T15:14:30.0263464Z #9 6.877 Unpacking libxrender1:amd64 (1:0.9.10-1.1) ...
2026-10-08T15:14:30.0264066Z #9 6.892 Selecting previously unselected package libxft2:amd64.
2026-10-08T15:14:30.0264967Z #9 6.893 Preparing to unpack .../060-libxft2_2.3.6-1_amd64.deb ...
2026-10-08T15:14:30.0265576Z #9 6.894 Unpacking libxft2:amd64 (2.3.6-1) ...
2026-10-08T15:14:30.0266262Z #9 6.911 Selecting previously unselected package libxi6:amd64.
2026-10-08T15:14:30.0266944Z #9 6.913 Preparing to unpack .../061-libxi6_2%3a1.8-1+b1_amd64.deb ...
2026-10-08T15:14:30.0267433Z #9 6.913 Unpacking libxi6:amd64 (2:1.8-1+b1) ...
2026-10-08T15:14:30.0267888Z #9 6.931 Selecting previously unselected package libxinerama1:amd64.
2026-10-08T15:14:30.0268420Z #9 6.933 Preparing to unpack .../062-libxinerama1_2%3a1.1.4-3_amd64.deb ...
2026-10-08T15:14:30.0269026Z #9 6.933 Unpacking libxinerama1:amd64 (2:1.1.4-3) ...
2026-10-08T15:14:30.0269871Z #9 6.948 Selecting previously unselected package libxkbfile1:amd64.
2026-10-08T15:14:30.1336181Z #9 6.950 Preparing to unpack .../063-libxkbfile1_1%3a1.1.0-1_amd64.deb ...
2026-10-08T15:14:30.1337220Z #9 6.951 Unpacking libxkbfile1:amd64 (1:1.1.0-1) ...
2026-10-08T15:14:30.1338253Z #9 6.968 Selecting previously unselected package libxmuu1:amd64.
2026-10-08T15:14:30.1338916Z #9 6.970 Preparing to unpack .../064-libxmuu1_2%3a1.1.3-3_amd64.deb ...
2026-10-08T15:14:30.1339512Z #9 6.971 Unpacking libxmuu1:amd64 (2:1.1.3-3) ...
2026-10-08T15:14:30.1340132Z #9 6.986 Selecting previously unselected package libxrandr2:amd64.
2026-10-08T15:14:30.1341155Z #9 6.987 Preparing to unpack .../065-libxrandr2_2%3a1.5.2-2+b1_amd64.deb ...
2026-10-08T15:14:30.1342255Z #9 6.988 Unpacking libxrandr2:amd64 (2:1.5.2-2+b1) ...
2026-10-08T15:14:30.1343067Z #9 7.004 Selecting previously unselected package libxtst6:amd64.
2026-10-08T15:14:30.1343641Z #9 7.006 Preparing to unpack .../066-libxtst6_2%3a1.2.3-1.1_amd64.deb ...
2026-10-08T15:14:30.1344115Z #9 7.006 Unpacking libxtst6:amd64 (2:1.2.3-1.1) ...
2026-10-08T15:14:30.1344555Z #9 7.022 Selecting previously unselected package libxv1:amd64.
2026-10-08T15:14:30.1345298Z #9 7.023 Preparing to unpack .../067-libxv1_2%3a1.0.11-1.1_amd64.deb ...
2026-10-08T15:14:30.1346530Z #9 7.024 Unpacking libxv1:amd64 (2:1.0.11-1.1) ...
2026-10-08T15:14:30.1347660Z #9 7.039 Selecting previously unselected package libxxf86dga1:amd64.
2026-10-08T15:14:30.1348668Z #9 7.040 Preparing to unpack .../068-libxxf86dga1_2%3a1.1.5-1_amd64.deb ...
2026-10-08T15:14:30.1349190Z #9 7.041 Unpacking libxxf86dga1:amd64 (2:1.1.5-1) ...
2026-10-08T15:14:30.1349630Z #9 7.056 Selecting previously unselected package x11-utils.
2026-10-08T15:14:30.3377148Z #9 7.057 Preparing to unpack .../069-x11-utils_7.7+5_amd64.deb ...
2026-10-08T15:14:30.3378173Z #9 7.058 Unpacking x11-utils (7.7+5) ...
2026-10-08T15:14:30.3379107Z #9 7.087 Selecting previously unselected package xdg-utils.
2026-10-08T15:14:30.3380173Z #9 7.088 Preparing to unpack .../070-xdg-utils_1.1.3-4.1_all.deb ...
2026-10-08T15:14:30.3381341Z #9 7.089 Unpacking xdg-utils (1.1.3-4.1) ...
2026-10-08T15:14:30.3382358Z #9 7.107 Selecting previously unselected package chromium-common.
2026-10-08T15:14:30.3383669Z #9 7.109 Preparing to unpack .../071-chromium-common_154.0.8037.92-1~deb12u1_amd64.deb ...
2026-10-08T15:14:30.3384852Z #9 7.110 Unpacking chromium-common (154.0.8037.92-1~deb12u1) ...
2026-10-08T15:14:30.7444210Z #9 7.667 Selecting previously unselected package libasound2-data.
2026-10-08T15:14:30.9166195Z #9 7.668 Preparing to unpack .../072-libasound2-data_1.2.8-1_all.deb ...
2026-10-08T15:14:30.9167049Z #9 7.669 Unpacking libasound2-data (1.2.8-1) ...
2026-10-08T15:14:30.9167788Z #9 7.697 Selecting previously unselected package libasound2:amd64.
2026-10-08T15:14:30.9168627Z #9 7.698 Preparing to unpack .../073-libasound2_1.2.8-1+b1_amd64.deb ...
2026-10-08T15:14:30.9169350Z #9 7.699 Unpacking libasound2:amd64 (1.2.8-1+b1) ...
2026-10-08T15:14:30.9170071Z #9 7.737 Selecting previously unselected package libglib2.0-0:amd64.
2026-10-08T15:14:30.9171156Z #9 7.739 Preparing to unpack .../074-libglib2.0-0_2.74.6-2+deb12u9_amd64.deb ...
2026-10-08T15:14:30.9171950Z #9 7.740 Unpacking libglib2.0-0:amd64 (2.74.6-2+deb12u9) ...
2026-10-08T15:14:30.9172709Z #9 7.839 Selecting previously unselected package libatk1.0-0:amd64.
2026-10-08T15:14:31.0354487Z #9 7.841 Preparing to unpack .../075-libatk1.0-0_2.46.0-5_amd64.deb ...
2026-10-08T15:14:31.0355307Z #9 7.841 Unpacking libatk1.0-0:amd64 (2.46.0-5) ...
2026-10-08T15:14:31.0356085Z #9 7.859 Selecting previously unselected package libdbus-1-3:amd64.
2026-10-08T15:14:31.0356995Z #9 7.861 Preparing to unpack .../076-libdbus-1-3_1.14.10-1~deb12u1_amd64.deb ...
2026-10-08T15:14:31.0357799Z #9 7.861 Unpacking libdbus-1-3:amd64 (1.14.10-1~deb12u1) ...
2026-10-08T15:14:31.0358574Z #9 7.887 Selecting previously unselected package libatspi2.0-0:amd64.
2026-10-08T15:14:31.0359415Z #9 7.888 Preparing to unpack .../077-libatspi2.0-0_2.46.0-5_amd64.deb ...
2026-10-08T15:14:31.0360122Z #9 7.889 Unpacking libatspi2.0-0:amd64 (2.46.0-5) ...
2026-10-08T15:14:31.0361035Z #9 7.908 Selecting previously unselected package libdav1d6:amd64.
2026-10-08T15:14:31.0361880Z #9 7.909 Preparing to unpack .../078-libdav1d6_1.0.0-2+deb12u1_amd64.deb ...
2026-10-08T15:14:31.0362979Z #9 7.910 Unpacking libdav1d6:amd64 (1.0.0-2+deb12u1) ...
2026-10-08T15:14:31.0363787Z #9 7.958 Selecting previously unselected package libdouble-conversion3:amd64.
2026-10-08T15:14:31.1483495Z #9 7.959 Preparing to unpack .../079-libdouble-conversion3_3.2.1-1_amd64.deb ...
2026-10-08T15:14:31.1484560Z #9 7.960 Unpacking libdouble-conversion3:amd64 (3.2.1-1) ...
2026-10-08T15:14:31.1485105Z #9 7.979 Selecting previously unselected package libogg0:amd64.
2026-10-08T15:14:31.1485640Z #9 7.980 Preparing to unpack .../080-libogg0_1.3.5-3_amd64.deb ...
2026-10-08T15:14:31.1486098Z #9 7.981 Unpacking libogg0:amd64 (1.3.5-3) ...
2026-10-08T15:14:31.1486562Z #9 7.997 Selecting previously unselected package libflac12:amd64.
2026-10-08T15:14:31.1487089Z #9 7.998 Preparing to unpack .../081-libflac12_1.4.2+ds-2_amd64.deb ...
2026-10-08T15:14:31.1487543Z #9 7.999 Unpacking libflac12:amd64 (1.4.2+ds-2) ...
2026-10-08T15:14:31.1488062Z #9 8.026 Selecting previously unselected package libwayland-server0:amd64.
2026-10-08T15:14:31.1488657Z #9 8.027 Preparing to unpack .../082-libwayland-server0_1.21.0-1_amd64.deb ...
2026-10-08T15:14:31.1489169Z #9 8.028 Unpacking libwayland-server0:amd64 (1.21.0-1) ...
2026-10-08T15:14:31.1489636Z #9 8.044 Selecting previously unselected package libgbm1:amd64.
2026-10-08T15:14:31.1490161Z #9 8.045 Preparing to unpack .../083-libgbm1_22.3.6-1+deb12u2_amd64.deb ...
2026-10-08T15:14:31.1490628Z #9 8.068 Unpacking libgbm1:amd64 (22.3.6-1+deb12u2) ...
2026-10-08T15:14:31.2882973Z #9 8.086 Selecting previously unselected package libgraphite2-3:amd64.
2026-10-08T15:14:31.2883998Z #9 8.087 Preparing to unpack .../084-libgraphite2-3_1.3.14-1+deb12u1_amd64.deb ...
2026-10-08T15:14:31.2884571Z #9 8.088 Unpacking libgraphite2-3:amd64 (1.3.14-1+deb12u1) ...
2026-10-08T15:14:31.2885099Z #9 8.107 Selecting previously unselected package libharfbuzz0b:amd64.
2026-10-08T15:14:31.2885673Z #9 8.108 Preparing to unpack .../085-libharfbuzz0b_6.0.0+dfsg-3_amd64.deb ...
2026-10-08T15:14:31.2886224Z #9 8.109 Unpacking libharfbuzz0b:amd64 (6.0.0+dfsg-3) ...
2026-10-08T15:14:31.2886747Z #9 8.159 Selecting previously unselected package libharfbuzz-subset0:amd64.
2026-10-08T15:14:31.2887656Z #9 8.161 Preparing to unpack .../086-libharfbuzz-subset0_6.0.0+dfsg-3_amd64.deb ...
2026-10-08T15:14:31.2888229Z #9 8.161 Unpacking libharfbuzz-subset0:amd64 (6.0.0+dfsg-3) ...
2026-10-08T15:14:31.2888740Z #9 8.210 Selecting previously unselected package libjpeg62-turbo:amd64.
2026-10-08T15:14:31.4113874Z #9 8.212 Preparing to unpack .../087-libjpeg62-turbo_1%3a2.1.5-2_amd64.deb ...
2026-10-08T15:14:31.4114773Z #9 8.213 Unpacking libjpeg62-turbo:amd64 (1:2.1.5-2) ...
2026-10-08T15:14:31.4115802Z #9 8.238 Selecting previously unselected package libminizip1:amd64.
2026-10-08T15:14:31.4116745Z #9 8.239 Preparing to unpack .../088-libminizip1_1.1-8+deb12u1_amd64.deb ...
2026-10-08T15:14:31.4117278Z #9 8.240 Unpacking libminizip1:amd64 (1.1-8+deb12u1) ...
2026-10-08T15:14:31.4117797Z #9 8.255 Selecting previously unselected package libnspr4:amd64.
2026-10-08T15:14:31.4118323Z #9 8.256 Preparing to unpack .../089-libnspr4_2%3a4.35-1_amd64.deb ...
2026-10-08T15:14:31.4118773Z #9 8.257 Unpacking libnspr4:amd64 (2:4.35-1) ...
2026-10-08T15:14:31.4119262Z #9 8.277 Selecting previously unselected package libsqlite3-0:amd64.
2026-10-08T15:14:31.4119825Z #9 8.279 Preparing to unpack .../090-libsqlite3-0_3.40.1-2+deb12u2_amd64.deb ...
2026-10-08T15:14:31.4120336Z #9 8.280 Unpacking libsqlite3-0:amd64 (3.40.1-2+deb12u2) ...
2026-10-08T15:14:31.4121092Z #9 8.334 Selecting previously unselected package libnss3:amd64.
2026-10-08T15:14:31.5134387Z #9 8.335 Preparing to unpack .../091-libnss3_2%3a3.87.1-1+deb12u4_amd64.deb ...
2026-10-08T15:14:31.5135266Z #9 8.336 Unpacking libnss3:amd64 (2:3.87.1-1+deb12u4) ...
2026-10-08T15:14:31.5136014Z #9 8.436 Selecting previously unselected package libopenh264-7:amd64.
2026-10-08T15:14:31.6298680Z #9 8.437 Preparing to unpack .../092-libopenh264-7_2.3.1+dfsg-3+deb12u2_amd64.deb ...
2026-10-08T15:14:31.6299643Z #9 8.438 Unpacking libopenh264-7:amd64 (2.3.1+dfsg-3+deb12u2) ...
2026-10-08T15:14:31.6300175Z #9 8.476 Selecting previously unselected package libopus0:amd64.
2026-10-08T15:14:31.6300706Z #9 8.477 Preparing to unpack .../093-libopus0_1.3.1-3_amd64.deb ...
2026-10-08T15:14:31.6301679Z #9 8.478 Unpacking libopus0:amd64 (1.3.1-3) ...
2026-10-08T15:14:31.6302154Z #9 8.504 Selecting previously unselected package libasyncns0:amd64.
2026-10-08T15:14:31.6302906Z #9 8.505 Preparing to unpack .../094-libasyncns0_0.8-6+b3_amd64.deb ...
2026-10-08T15:14:31.6303363Z #9 8.506 Unpacking libasyncns0:amd64 (0.8-6+b3) ...
2026-10-08T15:14:31.6303825Z #9 8.521 Selecting previously unselected package libmp3lame0:amd64.
2026-10-08T15:14:31.6304359Z #9 8.522 Preparing to unpack .../095-libmp3lame0_3.100-6_amd64.deb ...
2026-10-08T15:14:31.6304794Z #9 8.523 Unpacking libmp3lame0:amd64 (3.100-6) ...
2026-10-08T15:14:31.6305241Z #9 8.552 Selecting previously unselected package libmpg123-0:amd64.
2026-10-08T15:14:31.7328011Z #9 8.554 Preparing to unpack .../096-libmpg123-0_1.31.2-1+deb12u1_amd64.deb ...
2026-10-08T15:14:31.7328744Z #9 8.554 Unpacking libmpg123-0:amd64 (1.31.2-1+deb12u1) ...
2026-10-08T15:14:31.7329333Z #9 8.579 Selecting previously unselected package libvorbis0a:amd64.
2026-10-08T15:14:31.7329944Z #9 8.580 Preparing to unpack .../097-libvorbis0a_1.3.7-1_amd64.deb ...
2026-10-08T15:14:31.7330429Z #9 8.581 Unpacking libvorbis0a:amd64 (1.3.7-1) ...
2026-10-08T15:14:31.7331349Z #9 8.601 Selecting previously unselected package libvorbisenc2:amd64.
2026-10-08T15:14:31.7331992Z #9 8.602 Preparing to unpack .../098-libvorbisenc2_1.3.7-1_amd64.deb ...
2026-10-08T15:14:31.7332529Z #9 8.603 Unpacking libvorbisenc2:amd64 (1.3.7-1) ...
2026-10-08T15:14:31.7333062Z #9 8.624 Selecting previously unselected package libsndfile1:amd64.
2026-10-08T15:14:31.7333706Z #9 8.625 Preparing to unpack .../099-libsndfile1_1.2.0-1+deb12u1_amd64.deb ...
2026-10-08T15:14:31.7334309Z #9 8.626 Unpacking libsndfile1:amd64 (1.2.0-1+deb12u1) ...
2026-10-08T15:14:31.7334847Z #9 8.655 Selecting previously unselected package libpulse0:amd64.
2026-10-08T15:14:31.8909343Z #9 8.657 Preparing to unpack .../100-libpulse0_16.1+dfsg1-2+b1_amd64.deb ...
2026-10-08T15:14:31.8910583Z #9 8.662 Unpacking libpulse0:amd64 (16.1+dfsg1-2+b1) ...
2026-10-08T15:14:31.8911405Z #9 8.695 Selecting previously unselected package libxdamage1:amd64.
2026-10-08T15:14:31.8912003Z #9 8.696 Preparing to unpack .../101-libxdamage1_1%3a1.1.6-1_amd64.deb ...
2026-10-08T15:14:31.8912523Z #9 8.697 Unpacking libxdamage1:amd64 (1:1.1.6-1) ...
2026-10-08T15:14:31.8912989Z #9 8.711 Selecting previously unselected package xkb-data.
2026-10-08T15:14:31.8913506Z #9 8.712 Preparing to unpack .../102-xkb-data_2.35.1-1_all.deb ...
2026-10-08T15:14:31.8913958Z #9 8.713 Unpacking xkb-data (2.35.1-1) ...
2026-10-08T15:14:31.8914442Z #9 8.813 Selecting previously unselected package libxkbcommon0:amd64.
2026-10-08T15:14:32.0840476Z #9 8.815 Preparing to unpack .../103-libxkbcommon0_1.5.0-1_amd64.deb ...
2026-10-08T15:14:32.0841563Z #9 8.816 Unpacking libxkbcommon0:amd64 (1.5.0-1) ...
2026-10-08T15:14:32.0842438Z #9 8.837 Selecting previously unselected package libxnvctrl0:amd64.
2026-10-08T15:14:32.0843516Z #9 8.839 Preparing to unpack .../104-libxnvctrl0_525.85.05-3~deb12u1_amd64.deb ...
2026-10-08T15:14:32.0844487Z #9 8.839 Unpacking libxnvctrl0:amd64 (525.85.05-3~deb12u1) ...
2026-10-08T15:14:32.0845450Z #9 8.854 Selecting previously unselected package chromium-headless-shell.
2026-10-08T15:14:32.0846674Z #9 8.855 Preparing to unpack .../105-chromium-headless-shell_154.0.8037.92-1~deb12u1_amd64.deb ...
2026-10-08T15:14:32.0847831Z #9 8.856 Unpacking chromium-headless-shell (154.0.8037.92-1~deb12u1) ...
2026-10-08T15:14:33.3899912Z #9 10.31 Selecting previously unselected package tini.
2026-10-08T15:14:33.5460241Z #9 10.31 Preparing to unpack .../106-tini_0.19.0-1+b3_amd64.deb ...
2026-10-08T15:14:33.5461531Z #9 10.31 Unpacking tini (0.19.0-1+b3) ...
2026-10-08T15:14:33.5463514Z #9 10.36 Setting up libexpat1:amd64 (2.5.0-1+deb12u4) ...
2026-10-08T15:14:33.5474420Z #9 10.36 Setting up bubblewrap (0.8.0-2+deb12u1) ...
2026-10-08T15:14:33.5475270Z #9 10.36 Setting up libgraphite2-3:amd64 (1.3.14-1+deb12u1) ...
2026-10-08T15:14:33.5476101Z #9 10.37 Setting up libwayland-server0:amd64 (1.21.0-1) ...
2026-10-08T15:14:33.5476839Z #9 10.37 Setting up libpciaccess0:amd64 (0.17-2) ...
2026-10-08T15:14:33.5477528Z #9 10.37 Setting up libxau6:amd64 (1:1.0.9-1) ...
2026-10-08T15:14:33.5478276Z #9 10.37 Setting up libdouble-conversion3:amd64 (3.2.1-1) ...
2026-10-08T15:14:33.5479047Z #9 10.37 Setting up libicu72:amd64 (72.1-3+deb12u1) ...
2026-10-08T15:14:33.5479771Z #9 10.38 Setting up libmpg123-0:amd64 (1.31.2-1+deb12u1) ...
2026-10-08T15:14:33.5480187Z #9 10.38 Setting up libogg0:amd64 (1.3.5-3) ...
2026-10-08T15:14:33.5480594Z #9 10.38 Setting up libminizip1:amd64 (1.1-8+deb12u1) ...
2026-10-08T15:14:33.5481415Z #9 10.38 Setting up libglib2.0-0:amd64 (2.74.6-2+deb12u9) ...
2026-10-08T15:14:33.5481838Z #9 10.39 No schema files found: doing nothing.
2026-10-08T15:14:33.5482238Z #9 10.39 Setting up libglvnd0:amd64 (1.6.0-1) ...
2026-10-08T15:14:33.5482635Z #9 10.39 Setting up libbrotli1:amd64 (1.0.9-2+b6) ...
2026-10-08T15:14:33.5483054Z #9 10.39 Setting up libsqlite3-0:amd64 (3.40.1-2+deb12u2) ...
2026-10-08T15:14:33.5483470Z #9 10.40 Setting up x11-common (1:7.7+23) ...
2026-10-08T15:14:33.5483886Z #9 10.47 debconf: unable to initialize frontend: Dialog
2026-10-08T15:14:33.5484403Z #9 10.47 debconf: (TERM is not set, so the dialog frontend is not usable.)
2026-10-08T15:14:33.5484885Z #9 10.47 debconf: falling back to frontend: Readline
2026-10-08T15:14:33.6467947Z #9 10.47 debconf: unable to initialize frontend: Readline
2026-10-08T15:14:33.6470638Z #9 10.47 debconf: (Can't locate Term/ReadLine.pm in @INC (you may need to install the Term::ReadLine module) (@INC contains: /etc/perl /usr/local/lib/x86_64-linux-gnu/perl/5.36.0 /usr/local/share/perl/5.36.0 /usr/lib/x86_64-linux-gnu/perl5/5.36 /usr/share/perl5 /usr/lib/x86_64-linux-gnu/perl-base /usr/lib/x86_64-linux-gnu/perl/5.36 /usr/share/perl/5.36 /usr/local/lib/site_perl) at /usr/share/perl5/Debconf/FrontEnd/Readline.pm line 7.)
2026-10-08T15:14:33.6474100Z #9 10.47 debconf: falling back to frontend: Teletype
2026-10-08T15:14:33.6474948Z #9 10.49 invoke-rc.d: could not determine current runlevel
2026-10-08T15:14:33.6475532Z #9 10.49 invoke-rc.d: policy-rc.d denied execution of restart.
2026-10-08T15:14:33.6476190Z #9 10.49 Setting up libsensors-config (1:3.6.0-7.1) ...
2026-10-08T15:14:33.6476665Z #9 10.50 Setting up xkb-data (2.35.1-1) ...
2026-10-08T15:14:33.6477110Z #9 10.50 Setting up libasound2-data (1.2.8-1) ...
2026-10-08T15:14:33.6477593Z #9 10.50 Setting up libfontenc1:amd64 (1:1.1.4-1) ...
2026-10-08T15:14:33.6478063Z #9 10.50 Setting up libz3-4:amd64 (4.8.12-3.1) ...
2026-10-08T15:14:33.6478681Z #9 10.50 Setting up libflac12:amd64 (1.4.2+ds-2) ...
2026-10-08T15:14:33.6479106Z #9 10.51 Setting up libjpeg62-turbo:amd64 (1:2.1.5-2) ...
2026-10-08T15:14:33.6479553Z #9 10.51 Setting up libx11-data (2:1.8.4-2+deb12u2) ...
2026-10-08T15:14:33.6479950Z #9 10.51 Setting up libnspr4:amd64 (2:4.35-1) ...
2026-10-08T15:14:33.6480472Z #9 10.51 Setting up libdbus-1-3:amd64 (1.14.10-1~deb12u1) ...
2026-10-08T15:14:33.6481344Z #9 10.51 Setting up libopus0:amd64 (1.3.1-3) ...
2026-10-08T15:14:33.6481974Z #9 10.52 Setting up libpng16-16:amd64 (1.6.39-2+deb12u6) ...
2026-10-08T15:14:33.6482537Z #9 10.52 Setting up libvorbis0a:amd64 (1.3.7-1) ...
2026-10-08T15:14:33.6482933Z #9 10.52 Setting up tini (0.19.0-1+b3) ...
2026-10-08T15:14:33.6483301Z #9 10.52 Setting up fonts-dejavu-core (2.37-6) ...
2026-10-08T15:14:33.6483697Z #9 10.53 Setting up libsensors5:amd64 (1:3.6.0-7.1) ...
2026-10-08T15:14:33.6484106Z #9 10.53 Setting up libdav1d6:amd64 (1.0.0-2+deb12u1) ...
2026-10-08T15:14:33.6484541Z #9 10.54 Setting up libglapi-mesa:amd64 (22.3.6-1+deb12u2) ...
2026-10-08T15:14:33.6485002Z #9 10.54 Setting up libopenh264-7:amd64 (2.3.1+dfsg-3+deb12u2) ...
2026-10-08T15:14:33.6485656Z #9 10.54 Setting up libasyncns0:amd64 (0.8-6+b3) ...
2026-10-08T15:14:33.6486261Z #9 10.54 Setting up libxshmfence1:amd64 (1.3-1) ...
2026-10-08T15:14:33.6486760Z #9 10.54 Setting up at-spi2-common (2.46.0-5) ...
2026-10-08T15:14:33.6487162Z #9 10.55 Setting up libasound2:amd64 (1.2.8-1+b1) ...
2026-10-08T15:14:33.6487725Z #9 10.55 Setting up libatk1.0-0:amd64 (2.46.0-5) ...
2026-10-08T15:14:33.6488090Z #9 10.55 Setting up libbsd0:amd64 (0.11.7-2) ...
2026-10-08T15:14:33.6488680Z #9 10.55 Setting up libdrm-common (2.4.114-1) ...
2026-10-08T15:14:33.6489048Z #9 10.56 Setting up libelf1:amd64 (0.188-2.1) ...
2026-10-08T15:14:33.6489597Z #9 10.56 Setting up libxml2:amd64 (2.9.14+dfsg-1.3~deb12u6) ...
2026-10-08T15:14:33.6490000Z #9 10.56 Setting up xdg-utils (1.1.3-4.1) ...
2026-10-08T15:14:33.6490579Z #9 10.56 update-alternatives: using /usr/bin/xdg-open to provide /usr/bin/open (open) in auto mode
2026-10-08T15:14:33.6493191Z #9 10.57 update-alternatives: warning: skip creation of /usr/share/man/man1/open.1.gz because associated file /usr/share/man/man1/xdg-open.1.gz (of link group open) doesn't exist
2026-10-08T15:14:33.6494714Z #9 10.57 Setting up libmp3lame0:amd64 (3.100-6) ...
2026-10-08T15:14:33.6495379Z #9 10.57 Setting up libvorbisenc2:amd64 (1.3.7-1) ...
2026-10-08T15:14:33.8556627Z #9 10.57 Setting up libxkbcommon0:amd64 (1.5.0-1) ...
2026-10-08T15:14:33.8557667Z #9 10.57 Setting up libice6:amd64 (2:1.0.10-1) ...
2026-10-08T15:14:33.8558155Z #9 10.58 Setting up libxdmcp6:amd64 (1:1.1.2-3) ...
2026-10-08T15:14:33.8558906Z #9 10.58 Setting up libxcb1:amd64 (1.15-1) ...
2026-10-08T15:14:33.8559641Z #9 10.58 Setting up libxcb-xfixes0:amd64 (1.15-1) ...
2026-10-08T15:14:33.8560422Z #9 10.58 Setting up fontconfig-config (2.14.1-4) ...
2026-10-08T15:14:33.8561418Z #9 10.65 debconf: unable to initialize frontend: Dialog
2026-10-08T15:14:33.8562090Z #9 10.65 debconf: (TERM is not set, so the dialog frontend is not usable.)
2026-10-08T15:14:33.8562639Z #9 10.65 debconf: falling back to frontend: Readline
2026-10-08T15:14:33.8563300Z #9 10.65 debconf: unable to initialize frontend: Readline
2026-10-08T15:14:33.8565817Z #9 10.65 debconf: (Can't locate Term/ReadLine.pm in @INC (you may need to install the Term::ReadLine module) (@INC contains: /etc/perl /usr/local/lib/x86_64-linux-gnu/perl/5.36.0 /usr/local/share/perl/5.36.0 /usr/lib/x86_64-linux-gnu/perl5/5.36 /usr/share/perl5 /usr/lib/x86_64-linux-gnu/perl-base /usr/lib/x86_64-linux-gnu/perl/5.36 /usr/share/perl/5.36 /usr/local/lib/site_perl) at /usr/share/perl5/Debconf/FrontEnd/Readline.pm line 7.)
2026-10-08T15:14:33.8568923Z #9 10.65 debconf: falling back to frontend: Teletype
2026-10-08T15:14:33.8569377Z #9 10.78 Setting up libxcb-glx0:amd64 (1.15-1) ...
2026-10-08T15:14:33.9569195Z #9 10.78 Setting up libedit2:amd64 (3.1-20221030-2) ...
2026-10-08T15:14:33.9569742Z #9 10.78 Setting up libxcb-shape0:amd64 (1.15-1) ...
2026-10-08T15:14:33.9570187Z #9 10.78 Setting up libnss3:amd64 (2:3.87.1-1+deb12u4) ...
2026-10-08T15:14:33.9570631Z #9 10.79 Setting up libxcb-shm0:amd64 (1.15-1) ...
2026-10-08T15:14:33.9571451Z #9 10.79 Setting up libxcb-present0:amd64 (1.15-1) ...
2026-10-08T15:14:33.9571912Z #9 10.79 Setting up libfreetype6:amd64 (2.12.1+dfsg-5+deb12u4) ...
2026-10-08T15:14:33.9572358Z #9 10.79 Setting up libxcb-sync1:amd64 (1.15-1) ...
2026-10-08T15:14:33.9572741Z #9 10.80 Setting up libxcb-dri2-0:amd64 (1.15-1) ...
2026-10-08T15:14:33.9573130Z #9 10.80 Setting up libdrm2:amd64 (2.4.114-1+b1) ...
2026-10-08T15:14:33.9573517Z #9 10.80 Setting up libxcb-randr0:amd64 (1.15-1) ...
2026-10-08T15:14:33.9573932Z #9 10.80 Setting up libllvm15:amd64 (1:15.0.6-4+b1) ...
2026-10-08T15:14:33.9574387Z #9 10.80 Setting up libx11-6:amd64 (2:1.8.4-2+deb12u2) ...
2026-10-08T15:14:33.9574839Z #9 10.81 Setting up libharfbuzz0b:amd64 (6.0.0+dfsg-3) ...
2026-10-08T15:14:33.9575271Z #9 10.81 Setting up libfontconfig1:amd64 (2.14.1-4) ...
2026-10-08T15:14:33.9575723Z #9 10.81 Setting up libsndfile1:amd64 (1.2.0-1+deb12u1) ...
2026-10-08T15:14:33.9578729Z #9 10.81 Setting up libxkbfile1:amd64 (1:1.1.0-1) ...
2026-10-08T15:14:33.9579175Z #9 10.82 Setting up libxcomposite1:amd64 (1:0.4.5-1) ...
2026-10-08T15:14:33.9579596Z #9 10.82 Setting up libsm6:amd64 (2:1.2.3-1) ...
2026-10-08T15:14:33.9580214Z #9 10.82 Setting up libxmuu1:amd64 (2:1.1.3-3) ...
2026-10-08T15:14:33.9580649Z #9 10.82 Setting up libdrm-amdgpu1:amd64 (2.4.114-1+b1) ...
2026-10-08T15:14:33.9581370Z #9 10.85 Setting up libxcb-dri3-0:amd64 (1.15-1) ...
2026-10-08T15:14:33.9581802Z #9 10.85 Setting up libx11-xcb1:amd64 (2:1.8.4-2+deb12u2) ...
2026-10-08T15:14:33.9582240Z #9 10.85 Setting up libdrm-nouveau2:amd64 (2.4.114-1+b1) ...
2026-10-08T15:14:33.9582660Z #9 10.85 Setting up libxdamage1:amd64 (1:1.1.6-1) ...
2026-10-08T15:14:33.9583203Z #9 10.86 Setting up libxpm4:amd64 (1:3.5.12-1.1+deb12u1) ...
2026-10-08T15:14:33.9583911Z #9 10.86 Setting up libxrender1:amd64 (1:0.9.10-1.1) ...
2026-10-08T15:14:33.9584338Z #9 10.86 Setting up libgbm1:amd64 (22.3.6-1+deb12u2) ...
2026-10-08T15:14:33.9584980Z #9 10.86 Setting up libpulse0:amd64 (16.1+dfsg1-2+b1) ...
2026-10-08T15:14:33.9585438Z #9 10.87 Setting up libdrm-radeon1:amd64 (2.4.114-1+b1) ...
2026-10-08T15:14:33.9586119Z #9 10.87 Setting up libdrm-intel1:amd64 (2.4.114-1+b1) ...
2026-10-08T15:14:33.9586768Z #9 10.87 Setting up libgl1-mesa-dri:amd64 (22.3.6-1+deb12u2) ...
2026-10-08T15:14:33.9587227Z #9 10.88 Setting up libxext6:amd64 (2:1.3.4-1+b1) ...
2026-10-08T15:14:34.1634958Z #9 10.88 Setting up libxxf86vm1:amd64 (1:1.1.4-1+b2) ...
2026-10-08T15:14:34.1635930Z #9 10.88 Setting up libxnvctrl0:amd64 (525.85.05-3~deb12u1) ...
2026-10-08T15:14:34.1636874Z #9 10.89 Setting up libxfixes3:amd64 (1:6.0.0-2) ...
2026-10-08T15:14:34.1642791Z #9 10.89 Setting up libxinerama1:amd64 (2:1.1.4-3) ...
2026-10-08T15:14:34.1652627Z #9 10.89 Setting up libxv1:amd64 (2:1.0.11-1.1) ...
2026-10-08T15:14:34.1653589Z #9 10.89 Setting up libxrandr2:amd64 (2:1.5.2-2+b1) ...
2026-10-08T15:14:34.1654489Z #9 10.89 Setting up libxt6:amd64 (1:1.2.1-1.1) ...
2026-10-08T15:14:34.1656700Z #9 10.90 Setting up libharfbuzz-subset0:amd64 (6.0.0+dfsg-3) ...
2026-10-08T15:14:34.1657619Z #9 10.90 Setting up libxft2:amd64 (2.3.6-1) ...
2026-10-08T15:14:34.1658426Z #9 10.90 Setting up libxmu6:amd64 (2:1.1.3-3) ...
2026-10-08T15:14:34.1659669Z #9 10.90 Setting up libglx-mesa0:amd64 (22.3.6-1+deb12u2) ...
2026-10-08T15:14:34.1660600Z #9 10.91 Setting up libxi6:amd64 (2:1.8-1+b1) ...
2026-10-08T15:14:34.1661718Z #9 10.91 Setting up libglx0:amd64 (1.6.0-1) ...
2026-10-08T15:14:34.1662554Z #9 10.91 Setting up libxtst6:amd64 (2:1.2.3-1.1) ...
2026-10-08T15:14:34.1663433Z #9 10.91 Setting up libxxf86dga1:amd64 (2:1.1.5-1) ...
2026-10-08T15:14:34.1664262Z #9 10.91 Setting up libxaw7:amd64 (2:1.0.14-1) ...
2026-10-08T15:14:34.1665099Z #9 10.92 Setting up libatspi2.0-0:amd64 (2.46.0-5) ...
2026-10-08T15:14:34.1665909Z #9 10.92 Setting up libgl1:amd64 (1.6.0-1) ...
2026-10-08T15:14:34.1666652Z #9 10.92 Setting up x11-utils (7.7+5) ...
2026-10-08T15:14:34.1667533Z #9 10.93 Setting up chromium-common (154.0.8037.92-1~deb12u1) ...
2026-10-08T15:14:34.1668627Z #9 10.93 Setting up chromium-headless-shell (154.0.8037.92-1~deb12u1) ...
2026-10-08T15:14:34.1669672Z #9 10.93 Processing triggers for libc-bin (2.36-9+deb12u14) ...
2026-10-08T15:14:35.1356131Z #9 DONE 12.1s
2026-10-08T15:14:35.3023245Z 
2026-10-08T15:14:35.3024114Z #10 [ 5/11] COPY package.json pnpm-lock.yaml pnpm-workspace.yaml ./
2026-10-08T15:14:35.3024650Z #10 DONE 0.0s
2026-10-08T15:14:35.3024789Z 
2026-10-08T15:14:35.3025001Z #11 [ 6/11] RUN pnpm install --frozen-lockfile
2026-10-08T15:14:35.3225938Z #11 0.171 ! Corepack is about to download https://registry.npmjs.org/pnpm/-/pnpm-10.18.3.tgz
2026-10-08T15:14:36.6245593Z #11 1.472 Lockfile is up to date, resolution step is skipped
2026-10-08T15:14:36.7478167Z #11 1.526 Progress: resolved 1, reused 0, downloaded 0, added 0
2026-10-08T15:14:36.7478835Z #11 1.596 Packages: +408
2026-10-08T15:14:36.7479733Z #11 1.596 ++++++++++++++++++++++++++++++++++++++++++++++++++++++++++++++++++++++++++++++++
2026-10-08T15:14:36.9859508Z #11 1.834 
2026-10-08T15:14:36.9860562Z #11 1.834    ╭───────────────────────────────────────────────╮
2026-10-08T15:14:36.9861727Z #11 1.834    │                                               │
2026-10-08T15:14:36.9862625Z #11 1.834    │     Update available! 10.18.3 → 12.10.1.      │
2026-10-08T15:14:36.9863512Z #11 1.834    │     Changelog: https://pnpm.io/v/12.10.1      │
2026-10-08T15:14:36.9864421Z #11 1.834    │   To update, run: corepack use pnpm@12.10.1   │
2026-10-08T15:14:36.9865272Z #11 1.834    │                                               │
2026-10-08T15:14:36.9866191Z #11 1.834    ╰───────────────────────────────────────────────╯
2026-10-08T15:14:36.9866724Z #11 1.834 
2026-10-08T15:14:37.6794835Z #11 2.527 Progress: resolved 408, reused 0, downloaded 176, added 140
2026-10-08T15:14:38.6792494Z #11 3.527 Progress: resolved 408, reused 0, downloaded 251, added 236
2026-10-08T15:14:39.6794313Z #11 4.527 Progress: resolved 408, reused 0, downloaded 330, added 263
2026-10-08T15:14:40.6821010Z #11 5.530 Progress: resolved 408, reused 0, downloaded 407, added 349
2026-10-08T15:14:41.0636578Z #11 5.912 Progress: resolved 408, reused 0, downloaded 408, added 408, done
2026-10-08T15:14:41.1857809Z #11 6.034 .../node_modules/@prisma/engines postinstall$ node scripts/postinstall.js
2026-10-08T15:14:41.3673549Z #11 6.063 .../node_modules/workerd postinstall$ node install.js
2026-10-08T15:14:41.3693725Z #11 6.064 .../esbuild@0.28.1/node_modules/esbuild postinstall$ node install.js
2026-10-08T15:14:41.3712761Z #11 6.065 .../esbuild@0.25.12/node_modules/esbuild postinstall$ node install.js
2026-10-08T15:14:41.3714537Z #11 6.086 .../esbuild@0.28.2/node_modules/esbuild postinstall$ node install.js
2026-10-08T15:14:41.3719788Z #11 6.213 .../node_modules/workerd postinstall: Done
2026-10-08T15:14:41.4837764Z #11 6.272 .../node_modules/@prisma/engines postinstall: prisma:warn Prisma failed to detect the libssl/openssl version to use, and may not work as expected. Defaulting to "openssl-1.1.x".
2026-10-08T15:14:41.4843578Z #11 6.272 .../node_modules/@prisma/engines postinstall: Please manually install OpenSSL via `apt-get update -y && apt-get install -y openssl` and try installing Prisma again. If you're running Prisma on Docker, add this command to your Dockerfile, or switch to an image that already has OpenSSL installed.
2026-10-08T15:14:41.4845257Z #11 6.332 .../esbuild@0.28.1/node_modules/esbuild postinstall: Done
2026-10-08T15:14:41.6460386Z #11 6.340 .../esbuild@0.25.12/node_modules/esbuild postinstall: Done
2026-10-08T15:14:41.6462212Z #11 6.344 .../esbuild@0.28.2/node_modules/esbuild postinstall: Done
2026-10-08T15:14:41.9337672Z #11 6.782 .../node_modules/@prisma/engines postinstall: Done
2026-10-08T15:14:42.2254639Z #11 7.074 .../node_modules/prisma preinstall$ node scripts/preinstall-entry.js
2026-10-08T15:14:42.4493566Z #11 7.147 .../node_modules/prisma preinstall: Done
2026-10-08T15:14:42.6128884Z #11 7.461 
2026-10-08T15:14:42.6129449Z #11 7.461 dependencies:
2026-10-08T15:14:42.6130059Z #11 7.461 + @cloudflare/containers 0.3.7
2026-10-08T15:14:42.6130677Z #11 7.461 + @supabase/server 1.8.0
2026-10-08T15:14:42.6131508Z #11 7.461 + @supabase/supabase-js 2.117.0
2026-10-08T15:14:42.6132236Z #11 7.461 + @tiptap/extension-collaboration 3.31.3
2026-10-08T15:14:42.6132926Z #11 7.461 + @tiptap/extension-collaboration-caret 3.31.3
2026-10-08T15:14:42.6133660Z #11 7.461 + @tiptap/react 3.31.3
2026-10-08T15:14:42.6134257Z #11 7.461 + @tiptap/starter-kit 3.31.3
2026-10-08T15:14:42.6134905Z #11 7.461 + @vitejs/plugin-react 5.2.0
2026-10-08T15:14:42.6135484Z #11 7.461 + cross-env 10.1.0
2026-10-08T15:14:42.6136004Z #11 7.461 + dotenv 17.4.2
2026-10-08T15:14:42.6136481Z #11 7.461 + esbuild 0.25.12
2026-10-08T15:14:42.6137015Z #11 7.461 + esbuild-wasm 0.25.12
2026-10-08T15:14:42.6137534Z #11 7.461 + express 5.2.1
2026-10-08T15:14:42.6138062Z #11 7.461 + lucide-react 0.468.0
2026-10-08T15:14:42.6138551Z #11 7.461 + react 19.2.8
2026-10-08T15:14:42.6139006Z #11 7.461 + react-dom 19.2.8
2026-10-08T15:14:42.6139817Z #11 7.461 + vite 7.3.6
2026-10-08T15:14:42.6140205Z #11 7.461 + ws 8.21.3
2026-10-08T15:14:42.6140652Z #11 7.461 + y-protocols 1.0.7
2026-10-08T15:14:42.6141457Z #11 7.461 + yjs 13.6.32
2026-10-08T15:14:42.6141869Z #11 7.461 
2026-10-08T15:14:42.6142282Z #11 7.461 devDependencies:
2026-10-08T15:14:42.6142904Z #11 7.461 + @prisma/adapter-pg 7.10.0
2026-10-08T15:14:42.6143512Z #11 7.461 + @prisma/client 7.10.0
2026-10-08T15:14:42.6144065Z #11 7.461 + @types/express 5.0.6
2026-10-08T15:14:42.6144612Z #11 7.461 + @types/node 22.20.1
2026-10-08T15:14:42.6145107Z #11 7.461 + @types/pg 8.23.1
2026-10-08T15:14:42.6145613Z #11 7.461 + @types/react 19.2.18
2026-10-08T15:14:42.6146155Z #11 7.461 + @types/react-dom 19.2.7
2026-10-08T15:14:42.6146662Z #11 7.461 + @types/ws 8.18.1
2026-10-08T15:14:42.6147120Z #11 7.461 + pg 8.23.0
2026-10-08T15:14:42.6147556Z #11 7.461 + prisma 7.10.0
2026-10-08T15:14:42.6148004Z #11 7.461 + tsx 4.23.13
2026-10-08T15:14:42.6148448Z #11 7.461 + typescript 5.9.3
2026-10-08T15:14:42.6148965Z #11 7.461 + wrangler 4.131.1
2026-10-08T15:14:42.6149385Z #11 7.461 
2026-10-08T15:14:42.7480997Z #11 7.596 Done in 6.5s using pnpm v10.18.3
2026-10-08T15:14:43.9478128Z #11 DONE 8.8s
2026-10-08T15:14:44.0924959Z 
2026-10-08T15:14:44.0925725Z #12 [ 7/11] COPY . .
2026-10-08T15:14:44.0926119Z #12 DONE 0.1s
2026-10-08T15:14:44.2436152Z 
2026-10-08T15:14:44.2438002Z #13 [ 8/11] RUN apt-get update && apt-get install -y --no-install-recommends gcc libc6-dev && gcc -O2 -Wall -Wextra -Werror server/isolation/linux-job-launcher.c -o /usr/local/bin/cocreate-job-launcher && apt-get purge -y gcc libc6-dev && apt-get autoremove -y && rm -rf /var/lib/apt/lists/*
2026-10-08T15:14:44.2467269Z #13 0.154 Get:1 http://deb.debian.org/debian bookworm InRelease [151 kB]
2026-10-08T15:14:44.3747244Z #13 0.163 Get:2 http://deb.debian.org/debian bookworm-updates InRelease [55.4 kB]
2026-10-08T15:14:44.3748514Z #13 0.163 Get:3 http://deb.debian.org/debian-security bookworm-security InRelease [34.8 kB]
2026-10-08T15:14:44.3749751Z #13 0.223 Get:4 http://deb.debian.org/debian bookworm/main amd64 Packages [8790 kB]
2026-10-08T15:14:44.3751212Z #13 0.282 Get:5 http://deb.debian.org/debian bookworm-updates/main amd64 Packages [6924 B]
2026-10-08T15:14:44.5755847Z #13 0.332 Get:6 http://deb.debian.org/debian-security bookworm-security/main amd64 Packages [349 kB]
2026-10-08T15:14:45.1377350Z #13 1.045 Fetched 9388 kB in 1s (10.5 MB/s)
2026-10-08T15:14:45.6043300Z #13 1.045 Reading package lists...
2026-10-08T15:14:46.0750665Z #13 1.530 Reading package lists...
2026-10-08T15:14:46.2072920Z #13 1.995 Building dependency tree...
2026-10-08T15:14:46.3100116Z #13 2.115 Reading state information...
2026-10-08T15:14:46.3102691Z #13 2.217 The following additional packages will be installed:
2026-10-08T15:14:46.4501466Z #13 2.217   binutils binutils-common binutils-x86-64-linux-gnu cpp cpp-12 gcc-12
2026-10-08T15:14:46.4502363Z #13 2.217   libasan8 libatomic1 libbinutils libc-dev-bin libcc1-0 libcrypt-dev
2026-10-08T15:14:46.4504100Z #13 2.218   libctf-nobfd0 libctf0 libgcc-12-dev libgomp1 libgprofng0 libgssapi-krb5-2
2026-10-08T15:14:46.4505031Z #13 2.218   libisl23 libitm1 libjansson4 libk5crypto3 libkeyutils1 libkrb5-3
2026-10-08T15:14:46.4505908Z #13 2.218   libkrb5support0 liblsan0 libmpc3 libmpfr6 libnsl-dev libnsl2 libquadmath0
2026-10-08T15:14:46.4506562Z #13 2.218   libssl3 libtirpc-common libtirpc-dev libtirpc3 libtsan2 libubsan1
2026-10-08T15:14:46.4507249Z #13 2.218   linux-libc-dev rpcsvc-proto
2026-10-08T15:14:46.4507568Z #13 2.219 Suggested packages:
2026-10-08T15:14:46.4508160Z #13 2.219   binutils-doc cpp-doc gcc-12-locales cpp-12-doc gcc-multilib make
2026-10-08T15:14:46.4508839Z #13 2.219   manpages-dev autoconf automake libtool flex bison gdb gcc-doc
2026-10-08T15:14:46.4509578Z #13 2.219   gcc-12-multilib gcc-12-doc glibc-doc krb5-doc krb5-user
2026-10-08T15:14:46.4510287Z #13 2.219 Recommended packages:
2026-10-08T15:14:46.4511301Z #13 2.219   manpages manpages-dev libc-devtools krb5-locales
2026-10-08T15:14:46.4512781Z #13 2.357 The following NEW packages will be installed:
2026-10-08T15:14:46.5500703Z #13 2.357   binutils binutils-common binutils-x86-64-linux-gnu cpp cpp-12 gcc gcc-12
2026-10-08T15:14:46.5502424Z #13 2.357   libasan8 libatomic1 libbinutils libc-dev-bin libc6-dev libcc1-0 libcrypt-dev
2026-10-08T15:14:46.5503473Z #13 2.357   libctf-nobfd0 libctf0 libgcc-12-dev libgomp1 libgprofng0 libgssapi-krb5-2
2026-10-08T15:14:46.5504850Z #13 2.357   libisl23 libitm1 libjansson4 libk5crypto3 libkeyutils1 libkrb5-3
2026-10-08T15:14:46.5506330Z #13 2.358   libkrb5support0 liblsan0 libmpc3 libmpfr6 libnsl-dev libnsl2 libquadmath0
2026-10-08T15:14:46.5507527Z #13 2.358   libssl3 libtirpc-common libtirpc-dev libtirpc3 libtsan2 libubsan1
2026-10-08T15:14:46.5508426Z #13 2.358   linux-libc-dev rpcsvc-proto
2026-10-08T15:14:46.5509221Z #13 2.378 0 upgraded, 41 newly installed, 0 to remove and 1 not upgraded.
2026-10-08T15:14:46.5510051Z #13 2.378 Need to get 53.5 MB of archives.
2026-10-08T15:14:46.5511235Z #13 2.378 After this operation, 210 MB of additional disk space will be used.
2026-10-08T15:14:46.5512576Z #13 2.378 Get:1 http://deb.debian.org/debian bookworm/main amd64 binutils-common amd64 2.40-2 [2487 kB]
2026-10-08T15:14:46.5513926Z #13 2.396 Get:2 http://deb.debian.org/debian bookworm/main amd64 libbinutils amd64 2.40-2 [572 kB]
2026-10-08T15:14:46.5515265Z #13 2.399 Get:3 http://deb.debian.org/debian bookworm/main amd64 libctf-nobfd0 amd64 2.40-2 [153 kB]
2026-10-08T15:14:46.5516572Z #13 2.400 Get:4 http://deb.debian.org/debian bookworm/main amd64 libctf0 amd64 2.40-2 [89.8 kB]
2026-10-08T15:14:46.5517864Z #13 2.400 Get:5 http://deb.debian.org/debian bookworm/main amd64 libgprofng0 amd64 2.40-2 [812 kB]
2026-10-08T15:14:46.5519170Z #13 2.404 Get:6 http://deb.debian.org/debian bookworm/main amd64 libjansson4 amd64 2.14-2 [40.8 kB]
2026-10-08T15:14:46.5521140Z #13 2.404 Get:7 http://deb.debian.org/debian bookworm/main amd64 binutils-x86-64-linux-gnu amd64 2.40-2 [2246 kB]
2026-10-08T15:14:46.5522949Z #13 2.413 Get:8 http://deb.debian.org/debian bookworm/main amd64 binutils amd64 2.40-2 [65.0 kB]
2026-10-08T15:14:46.5524246Z #13 2.413 Get:9 http://deb.debian.org/debian bookworm/main amd64 libisl23 amd64 0.25-1.1 [683 kB]
2026-10-08T15:14:46.5525803Z #13 2.416 Get:10 http://deb.debian.org/debian bookworm/main amd64 libmpfr6 amd64 4.2.0-1 [701 kB]
2026-10-08T15:14:46.5527219Z #13 2.419 Get:11 http://deb.debian.org/debian bookworm/main amd64 libmpc3 amd64 1.3.1-1 [51.5 kB]
2026-10-08T15:14:46.5528315Z #13 2.420 Get:12 http://deb.debian.org/debian bookworm/main amd64 cpp-12 amd64 12.2.0-14+deb12u1 [9768 kB]
2026-10-08T15:14:46.5529094Z #13 2.457 Get:13 http://deb.debian.org/debian bookworm/main amd64 cpp amd64 4:12.2.0-3 [6836 B]
2026-10-08T15:14:46.5529844Z #13 2.457 Get:14 http://deb.debian.org/debian bookworm/main amd64 libcc1-0 amd64 12.2.0-14+deb12u1 [41.7 kB]
2026-10-08T15:14:46.6712743Z #13 2.460 Get:15 http://deb.debian.org/debian bookworm/main amd64 libgomp1 amd64 12.2.0-14+deb12u1 [116 kB]
2026-10-08T15:14:46.6714237Z #13 2.460 Get:16 http://deb.debian.org/debian bookworm/main amd64 libitm1 amd64 12.2.0-14+deb12u1 [26.1 kB]
2026-10-08T15:14:46.6715793Z #13 2.460 Get:17 http://deb.debian.org/debian bookworm/main amd64 libatomic1 amd64 12.2.0-14+deb12u1 [9376 B]
2026-10-08T15:14:46.6717133Z #13 2.460 Get:18 http://deb.debian.org/debian bookworm/main amd64 libasan8 amd64 12.2.0-14+deb12u1 [2193 kB]
2026-10-08T15:14:46.6718135Z #13 2.468 Get:19 http://deb.debian.org/debian bookworm/main amd64 liblsan0 amd64 12.2.0-14+deb12u1 [969 kB]
2026-10-08T15:14:46.6719019Z #13 2.473 Get:20 http://deb.debian.org/debian bookworm/main amd64 libtsan2 amd64 12.2.0-14+deb12u1 [2197 kB]
2026-10-08T15:14:46.6719879Z #13 2.483 Get:21 http://deb.debian.org/debian bookworm/main amd64 libubsan1 amd64 12.2.0-14+deb12u1 [883 kB]
2026-10-08T15:14:46.6720974Z #13 2.487 Get:22 http://deb.debian.org/debian bookworm/main amd64 libquadmath0 amd64 12.2.0-14+deb12u1 [145 kB]
2026-10-08T15:14:46.6722106Z #13 2.488 Get:23 http://deb.debian.org/debian bookworm/main amd64 libgcc-12-dev amd64 12.2.0-14+deb12u1 [2437 kB]
2026-10-08T15:14:46.6723359Z #13 2.499 Get:24 http://deb.debian.org/debian bookworm/main amd64 gcc-12 amd64 12.2.0-14+deb12u1 [19.3 MB]
2026-10-08T15:14:46.6724272Z #13 2.578 Get:25 http://deb.debian.org/debian bookworm/main amd64 gcc amd64 4:12.2.0-3 [5216 B]
2026-10-08T15:14:46.8036577Z #13 2.578 Get:26 http://deb.debian.org/debian bookworm/main amd64 libc-dev-bin amd64 2.36-9+deb12u14 [48.1 kB]
2026-10-08T15:14:46.8038108Z #13 2.579 Get:27 http://deb.debian.org/debian-security bookworm-security/main amd64 linux-libc-dev amd64 6.1.187-1 [2357 kB]
2026-10-08T15:14:46.8039302Z #13 2.584 Get:28 http://deb.debian.org/debian bookworm/main amd64 libcrypt-dev amd64 1:4.4.33-2 [118 kB]
2026-10-08T15:14:46.8041329Z #13 2.585 Get:29 http://deb.debian.org/debian bookworm/main amd64 libkrb5support0 amd64 1.20.1-2+deb12u5 [33.2 kB]
2026-10-08T15:14:46.8042884Z #13 2.586 Get:30 http://deb.debian.org/debian bookworm/main amd64 libk5crypto3 amd64 1.20.1-2+deb12u5 [79.7 kB]
2026-10-08T15:14:46.8044244Z #13 2.586 Get:31 http://deb.debian.org/debian bookworm/main amd64 libkeyutils1 amd64 1.6.3-2 [8808 B]
2026-10-08T15:14:46.8045734Z #13 2.587 Get:32 http://deb.debian.org/debian-security bookworm-security/main amd64 libssl3 amd64 3.0.22-1~deb12u1 [2039 kB]
2026-10-08T15:14:46.8047292Z #13 2.591 Get:33 http://deb.debian.org/debian bookworm/main amd64 libkrb5-3 amd64 1.20.1-2+deb12u5 [332 kB]
2026-10-08T15:14:46.8048740Z #13 2.593 Get:34 http://deb.debian.org/debian bookworm/main amd64 libgssapi-krb5-2 amd64 1.20.1-2+deb12u5 [135 kB]
2026-10-08T15:14:46.8050201Z #13 2.594 Get:35 http://deb.debian.org/debian bookworm/main amd64 libtirpc-common all 1.3.3+ds-1 [14.0 kB]
2026-10-08T15:14:46.8051786Z #13 2.594 Get:36 http://deb.debian.org/debian bookworm/main amd64 libtirpc3 amd64 1.3.3+ds-1 [85.2 kB]
2026-10-08T15:14:46.8053073Z #13 2.595 Get:37 http://deb.debian.org/debian bookworm/main amd64 libnsl2 amd64 1.3.0-2 [39.5 kB]
2026-10-08T15:14:46.8054058Z #13 2.595 Get:38 http://deb.debian.org/debian bookworm/main amd64 libtirpc-dev amd64 1.3.3+ds-1 [191 kB]
2026-10-08T15:14:46.8054831Z #13 2.596 Get:39 http://deb.debian.org/debian bookworm/main amd64 libnsl-dev amd64 1.3.0-2 [66.4 kB]
2026-10-08T15:14:46.8056554Z #13 2.597 Get:40 http://deb.debian.org/debian bookworm/main amd64 rpcsvc-proto amd64 1.4.3-1 [63.3 kB]
2026-10-08T15:14:46.8058023Z #13 2.597 Get:41 http://deb.debian.org/debian bookworm/main amd64 libc6-dev amd64 2.36-9+deb12u14 [1904 kB]
2026-10-08T15:14:46.8059317Z #13 2.711 debconf: delaying package configuration, since apt-utils is not installed
2026-10-08T15:14:47.0044792Z #13 2.737 Fetched 53.5 MB in 0s (223 MB/s)
2026-10-08T15:14:47.0045446Z #13 2.750 Selecting previously unselected package binutils-common:amd64.
2026-10-08T15:14:47.0045945Z #13 2.750 (Reading database ... 
2026-10-08T15:14:47.0046253Z (Reading database ... 5%
2026-10-08T15:14:47.0046541Z (Reading database ... 10%
2026-10-08T15:14:47.0046823Z (Reading database ... 15%
2026-10-08T15:14:47.0047134Z (Reading database ... 20%
2026-10-08T15:14:47.0047406Z (Reading database ... 25%
2026-10-08T15:14:47.0047686Z (Reading database ... 30%
2026-10-08T15:14:47.0047963Z (Reading database ... 35%
2026-10-08T15:14:47.0048242Z (Reading database ... 40%
2026-10-08T15:14:47.0048528Z (Reading database ... 45%
2026-10-08T15:14:47.0048856Z (Reading database ... 50%
2026-10-08T15:14:47.0049131Z (Reading database ... 55%
2026-10-08T15:14:47.0049420Z (Reading database ... 60%
2026-10-08T15:14:47.0049722Z (Reading database ... 65%
2026-10-08T15:14:47.0050015Z (Reading database ... 70%
2026-10-08T15:14:47.0050535Z (Reading database ... 75%
2026-10-08T15:14:47.0051220Z (Reading database ... 80%
2026-10-08T15:14:47.0051529Z (Reading database ... 85%
2026-10-08T15:14:47.0051824Z (Reading database ... 90%
2026-10-08T15:14:47.0052187Z (Reading database ... 95%
2026-10-08T15:14:47.0052553Z (Reading database ... 100%
2026-10-08T15:14:47.0053238Z (Reading database ... 7943 files and directories currently installed.)
2026-10-08T15:14:47.0054345Z #13 2.760 Preparing to unpack .../00-binutils-common_2.40-2_amd64.deb ...
2026-10-08T15:14:47.0054950Z #13 2.761 Unpacking binutils-common:amd64 (2.40-2) ...
2026-10-08T15:14:47.0340098Z #13 2.941 Selecting previously unselected package libbinutils:amd64.
2026-10-08T15:14:47.1345224Z #13 2.943 Preparing to unpack .../01-libbinutils_2.40-2_amd64.deb ...
2026-10-08T15:14:47.1346068Z #13 2.944 Unpacking libbinutils:amd64 (2.40-2) ...
2026-10-08T15:14:47.1346874Z #13 2.994 Selecting previously unselected package libctf-nobfd0:amd64.
2026-10-08T15:14:47.1347738Z #13 2.996 Preparing to unpack .../02-libctf-nobfd0_2.40-2_amd64.deb ...
2026-10-08T15:14:47.1348449Z #13 2.997 Unpacking libctf-nobfd0:amd64 (2.40-2) ...
2026-10-08T15:14:47.1349141Z #13 3.020 Selecting previously unselected package libctf0:amd64.
2026-10-08T15:14:47.1349877Z #13 3.021 Preparing to unpack .../03-libctf0_2.40-2_amd64.deb ...
2026-10-08T15:14:47.1350582Z #13 3.022 Unpacking libctf0:amd64 (2.40-2) ...
2026-10-08T15:14:47.1351563Z #13 3.042 Selecting previously unselected package libgprofng0:amd64.
2026-10-08T15:14:47.3737126Z #13 3.044 Preparing to unpack .../04-libgprofng0_2.40-2_amd64.deb ...
2026-10-08T15:14:47.3738067Z #13 3.044 Unpacking libgprofng0:amd64 (2.40-2) ...
2026-10-08T15:14:47.3738993Z #13 3.111 Selecting previously unselected package libjansson4:amd64.
2026-10-08T15:14:47.3739960Z #13 3.112 Preparing to unpack .../05-libjansson4_2.14-2_amd64.deb ...
2026-10-08T15:14:47.3741061Z #13 3.113 Unpacking libjansson4:amd64 (2.14-2) ...
2026-10-08T15:14:47.3742006Z #13 3.128 Selecting previously unselected package binutils-x86-64-linux-gnu.
2026-10-08T15:14:47.3743157Z #13 3.130 Preparing to unpack .../06-binutils-x86-64-linux-gnu_2.40-2_amd64.deb ...
2026-10-08T15:14:47.3744132Z #13 3.131 Unpacking binutils-x86-64-linux-gnu (2.40-2) ...
2026-10-08T15:14:47.4030262Z #13 3.310 Selecting previously unselected package binutils.
2026-10-08T15:14:47.5285863Z #13 3.312 Preparing to unpack .../07-binutils_2.40-2_amd64.deb ...
2026-10-08T15:14:47.5286721Z #13 3.313 Unpacking binutils (2.40-2) ...
2026-10-08T15:14:47.5287573Z #13 3.335 Selecting previously unselected package libisl23:amd64.
2026-10-08T15:14:47.5288490Z #13 3.337 Preparing to unpack .../08-libisl23_0.25-1.1_amd64.deb ...
2026-10-08T15:14:47.5289589Z #13 3.338 Unpacking libisl23:amd64 (0.25-1.1) ...
2026-10-08T15:14:47.5290441Z #13 3.395 Selecting previously unselected package libmpfr6:amd64.
2026-10-08T15:14:47.5292469Z #13 3.396 Preparing to unpack .../09-libmpfr6_4.2.0-1_amd64.deb ...
2026-10-08T15:14:47.5293230Z #13 3.397 Unpacking libmpfr6:amd64 (4.2.0-1) ...
2026-10-08T15:14:47.5294012Z #13 3.436 Selecting previously unselected package libmpc3:amd64.
2026-10-08T15:14:47.6998762Z #13 3.438 Preparing to unpack .../10-libmpc3_1.3.1-1_amd64.deb ...
2026-10-08T15:14:47.6999498Z #13 3.438 Unpacking libmpc3:amd64 (1.3.1-1) ...
2026-10-08T15:14:47.6999956Z #13 3.454 Selecting previously unselected package cpp-12.
2026-10-08T15:14:47.7000487Z #13 3.456 Preparing to unpack .../11-cpp-12_12.2.0-14+deb12u1_amd64.deb ...
2026-10-08T15:14:47.7001340Z #13 3.457 Unpacking cpp-12 (12.2.0-14+deb12u1) ...
2026-10-08T15:14:48.0923165Z #13 4.000 Selecting previously unselected package cpp.
2026-10-08T15:14:48.3379358Z #13 4.001 Preparing to unpack .../12-cpp_4%3a12.2.0-3_amd64.deb ...
2026-10-08T15:14:48.3380044Z #13 4.002 Unpacking cpp (4:12.2.0-3) ...
2026-10-08T15:14:48.3380534Z #13 4.017 Selecting previously unselected package libcc1-0:amd64.
2026-10-08T15:14:48.3381587Z #13 4.018 Preparing to unpack .../13-libcc1-0_12.2.0-14+deb12u1_amd64.deb ...
2026-10-08T15:14:48.3382224Z #13 4.019 Unpacking libcc1-0:amd64 (12.2.0-14+deb12u1) ...
2026-10-08T15:14:48.3382716Z #13 4.035 Selecting previously unselected package libgomp1:amd64.
2026-10-08T15:14:48.3383270Z #13 4.037 Preparing to unpack .../14-libgomp1_12.2.0-14+deb12u1_amd64.deb ...
2026-10-08T15:14:48.3383771Z #13 4.038 Unpacking libgomp1:amd64 (12.2.0-14+deb12u1) ...
2026-10-08T15:14:48.3384326Z #13 4.058 Selecting previously unselected package libitm1:amd64.
2026-10-08T15:14:48.3385691Z #13 4.060 Preparing to unpack .../15-libitm1_12.2.0-14+deb12u1_amd64.deb ...
2026-10-08T15:14:48.3386481Z #13 4.061 Unpacking libitm1:amd64 (12.2.0-14+deb12u1) ...
2026-10-08T15:14:48.3387306Z #13 4.076 Selecting previously unselected package libatomic1:amd64.
2026-10-08T15:14:48.3388197Z #13 4.078 Preparing to unpack .../16-libatomic1_12.2.0-14+deb12u1_amd64.deb ...
2026-10-08T15:14:48.3389008Z #13 4.079 Unpacking libatomic1:amd64 (12.2.0-14+deb12u1) ...
2026-10-08T15:14:48.3389804Z #13 4.093 Selecting previously unselected package libasan8:amd64.
2026-10-08T15:14:48.3390647Z #13 4.094 Preparing to unpack .../17-libasan8_12.2.0-14+deb12u1_amd64.deb ...
2026-10-08T15:14:48.3391769Z #13 4.095 Unpacking libasan8:amd64 (12.2.0-14+deb12u1) ...
2026-10-08T15:14:48.3470222Z #13 4.254 Selecting previously unselected package liblsan0:amd64.
2026-10-08T15:14:48.5768047Z #13 4.256 Preparing to unpack .../18-liblsan0_12.2.0-14+deb12u1_amd64.deb ...
2026-10-08T15:14:48.5769096Z #13 4.257 Unpacking liblsan0:amd64 (12.2.0-14+deb12u1) ...
2026-10-08T15:14:48.5770005Z #13 4.331 Selecting previously unselected package libtsan2:amd64.
2026-10-08T15:14:48.5771273Z #13 4.333 Preparing to unpack .../19-libtsan2_12.2.0-14+deb12u1_amd64.deb ...
2026-10-08T15:14:48.5772210Z #13 4.334 Unpacking libtsan2:amd64 (12.2.0-14+deb12u1) ...
2026-10-08T15:14:48.5836355Z #13 4.490 Selecting previously unselected package libubsan1:amd64.
2026-10-08T15:14:48.6828021Z #13 4.491 Preparing to unpack .../20-libubsan1_12.2.0-14+deb12u1_amd64.deb ...
2026-10-08T15:14:48.6829196Z #13 4.492 Unpacking libubsan1:amd64 (12.2.0-14+deb12u1) ...
2026-10-08T15:14:48.6830167Z #13 4.564 Selecting previously unselected package libquadmath0:amd64.
2026-10-08T15:14:48.6831543Z #13 4.565 Preparing to unpack .../21-libquadmath0_12.2.0-14+deb12u1_amd64.deb ...
2026-10-08T15:14:48.6832536Z #13 4.566 Unpacking libquadmath0:amd64 (12.2.0-14+deb12u1) ...
2026-10-08T15:14:48.6833485Z #13 4.588 Selecting previously unselected package libgcc-12-dev:amd64.
2026-10-08T15:14:48.6834606Z #13 4.589 Preparing to unpack .../22-libgcc-12-dev_12.2.0-14+deb12u1_amd64.deb ...
2026-10-08T15:14:48.6835576Z #13 4.590 Unpacking libgcc-12-dev:amd64 (12.2.0-14+deb12u1) ...
2026-10-08T15:14:48.8457931Z #13 4.753 Selecting previously unselected package gcc-12.
2026-10-08T15:14:48.9987126Z #13 4.755 Preparing to unpack .../23-gcc-12_12.2.0-14+deb12u1_amd64.deb ...
2026-10-08T15:14:49.0000448Z #13 4.755 Unpacking gcc-12 (12.2.0-14+deb12u1) ...
2026-10-08T15:14:49.5352159Z #13 5.443 Selecting previously unselected package gcc.
2026-10-08T15:14:49.7255800Z #13 5.444 Preparing to unpack .../24-gcc_4%3a12.2.0-3_amd64.deb ...
2026-10-08T15:14:49.7256328Z #13 5.445 Unpacking gcc (4:12.2.0-3) ...
2026-10-08T15:14:49.7256773Z #13 5.462 Selecting previously unselected package libc-dev-bin.
2026-10-08T15:14:49.7257352Z #13 5.463 Preparing to unpack .../25-libc-dev-bin_2.36-9+deb12u14_amd64.deb ...
2026-10-08T15:14:49.7257885Z #13 5.464 Unpacking libc-dev-bin (2.36-9+deb12u14) ...
2026-10-08T15:14:49.7258418Z #13 5.480 Selecting previously unselected package linux-libc-dev:amd64.
2026-10-08T15:14:49.7258986Z #13 5.482 Preparing to unpack .../26-linux-libc-dev_6.1.187-1_amd64.deb ...
2026-10-08T15:14:49.7259504Z #13 5.482 Unpacking linux-libc-dev:amd64 (6.1.187-1) ...
2026-10-08T15:14:49.7708988Z #13 5.678 Selecting previously unselected package libcrypt-dev:amd64.
2026-10-08T15:14:49.9889137Z #13 5.680 Preparing to unpack .../27-libcrypt-dev_1%3a4.4.33-2_amd64.deb ...
2026-10-08T15:14:49.9889720Z #13 5.685 Unpacking libcrypt-dev:amd64 (1:4.4.33-2) ...
2026-10-08T15:14:49.9890249Z #13 5.708 Selecting previously unselected package libkrb5support0:amd64.
2026-10-08T15:14:49.9891187Z #13 5.709 Preparing to unpack .../28-libkrb5support0_1.20.1-2+deb12u5_amd64.deb ...
2026-10-08T15:14:49.9892056Z #13 5.710 Unpacking libkrb5support0:amd64 (1.20.1-2+deb12u5) ...
2026-10-08T15:14:49.9892565Z #13 5.727 Selecting previously unselected package libk5crypto3:amd64.
2026-10-08T15:14:49.9893418Z #13 5.728 Preparing to unpack .../29-libk5crypto3_1.20.1-2+deb12u5_amd64.deb ...
2026-10-08T15:14:49.9893935Z #13 5.729 Unpacking libk5crypto3:amd64 (1.20.1-2+deb12u5) ...
2026-10-08T15:14:49.9894434Z #13 5.748 Selecting previously unselected package libkeyutils1:amd64.
2026-10-08T15:14:49.9894973Z #13 5.750 Preparing to unpack .../30-libkeyutils1_1.6.3-2_amd64.deb ...
2026-10-08T15:14:49.9895430Z #13 5.751 Unpacking libkeyutils1:amd64 (1.6.3-2) ...
2026-10-08T15:14:49.9895888Z #13 5.767 Selecting previously unselected package libssl3:amd64.
2026-10-08T15:14:49.9896414Z #13 5.768 Preparing to unpack .../31-libssl3_3.0.22-1~deb12u1_amd64.deb ...
2026-10-08T15:14:49.9896903Z #13 5.769 Unpacking libssl3:amd64 (3.0.22-1~deb12u1) ...
2026-10-08T15:14:49.9897378Z #13 5.896 Selecting previously unselected package libkrb5-3:amd64.
2026-10-08T15:14:50.0932596Z #13 5.898 Preparing to unpack .../32-libkrb5-3_1.20.1-2+deb12u5_amd64.deb ...
2026-10-08T15:14:50.0933886Z #13 5.899 Unpacking libkrb5-3:amd64 (1.20.1-2+deb12u5) ...
2026-10-08T15:14:50.0935058Z #13 5.936 Selecting previously unselected package libgssapi-krb5-2:amd64.
2026-10-08T15:14:50.0936273Z #13 5.938 Preparing to unpack .../33-libgssapi-krb5-2_1.20.1-2+deb12u5_amd64.deb ...
2026-10-08T15:14:50.0937368Z #13 5.939 Unpacking libgssapi-krb5-2:amd64 (1.20.1-2+deb12u5) ...
2026-10-08T15:14:50.0938362Z #13 5.962 Selecting previously unselected package libtirpc-common.
2026-10-08T15:14:50.0939391Z #13 5.963 Preparing to unpack .../34-libtirpc-common_1.3.3+ds-1_all.deb ...
2026-10-08T15:14:50.0940308Z #13 5.964 Unpacking libtirpc-common (1.3.3+ds-1) ...
2026-10-08T15:14:50.0941388Z #13 5.979 Selecting previously unselected package libtirpc3:amd64.
2026-10-08T15:14:50.0941978Z #13 5.981 Preparing to unpack .../35-libtirpc3_1.3.3+ds-1_amd64.deb ...
2026-10-08T15:14:50.0942470Z #13 5.981 Unpacking libtirpc3:amd64 (1.3.3+ds-1) ...
2026-10-08T15:14:50.0942939Z #13 6.001 Selecting previously unselected package libnsl2:amd64.
2026-10-08T15:14:50.3366209Z #13 6.003 Preparing to unpack .../36-libnsl2_1.3.0-2_amd64.deb ...
2026-10-08T15:14:50.3366993Z #13 6.003 Unpacking libnsl2:amd64 (1.3.0-2) ...
2026-10-08T15:14:50.3367507Z #13 6.019 Selecting previously unselected package libtirpc-dev:amd64.
2026-10-08T15:14:50.3368465Z #13 6.020 Preparing to unpack .../37-libtirpc-dev_1.3.3+ds-1_amd64.deb ...
2026-10-08T15:14:50.3369429Z #13 6.021 Unpacking libtirpc-dev:amd64 (1.3.3+ds-1) ...
2026-10-08T15:14:50.3370298Z #13 6.047 Selecting previously unselected package libnsl-dev:amd64.
2026-10-08T15:14:50.3371360Z #13 6.048 Preparing to unpack .../38-libnsl-dev_1.3.0-2_amd64.deb ...
2026-10-08T15:14:50.3372092Z #13 6.049 Unpacking libnsl-dev:amd64 (1.3.0-2) ...
2026-10-08T15:14:50.3372831Z #13 6.068 Selecting previously unselected package rpcsvc-proto.
2026-10-08T15:14:50.3373700Z #13 6.070 Preparing to unpack .../39-rpcsvc-proto_1.4.3-1_amd64.deb ...
2026-10-08T15:14:50.3374486Z #13 6.070 Unpacking rpcsvc-proto (1.4.3-1) ...
2026-10-08T15:14:50.3375294Z #13 6.091 Selecting previously unselected package libc6-dev:amd64.
2026-10-08T15:14:50.3376287Z #13 6.093 Preparing to unpack .../40-libc6-dev_2.36-9+deb12u14_amd64.deb ...
2026-10-08T15:14:50.3377192Z #13 6.094 Unpacking libc6-dev:amd64 (2.36-9+deb12u14) ...
2026-10-08T15:14:50.3587702Z #13 6.266 Setting up libkeyutils1:amd64 (1.6.3-2) ...
2026-10-08T15:14:50.5592748Z #13 6.268 Setting up libtirpc-common (1.3.3+ds-1) ...
2026-10-08T15:14:50.5593674Z #13 6.271 Setting up binutils-common:amd64 (2.40-2) ...
2026-10-08T15:14:50.5594369Z #13 6.273 Setting up libssl3:amd64 (3.0.22-1~deb12u1) ...
2026-10-08T15:14:50.5594810Z #13 6.275 Setting up linux-libc-dev:amd64 (6.1.187-1) ...
2026-10-08T15:14:50.5595223Z #13 6.277 Setting up libctf-nobfd0:amd64 (2.40-2) ...
2026-10-08T15:14:50.5595661Z #13 6.279 Setting up libgomp1:amd64 (12.2.0-14+deb12u1) ...
2026-10-08T15:14:50.5596083Z #13 6.281 Setting up libjansson4:amd64 (2.14-2) ...
2026-10-08T15:14:50.5596528Z #13 6.283 Setting up libkrb5support0:amd64 (1.20.1-2+deb12u5) ...
2026-10-08T15:14:50.5597290Z #13 6.285 Setting up rpcsvc-proto (1.4.3-1) ...
2026-10-08T15:14:50.5597668Z #13 6.287 Setting up libmpfr6:amd64 (4.2.0-1) ...
2026-10-08T15:14:50.5598087Z #13 6.289 Setting up libquadmath0:amd64 (12.2.0-14+deb12u1) ...
2026-10-08T15:14:50.5598550Z #13 6.291 Setting up libmpc3:amd64 (1.3.1-1) ...
2026-10-08T15:14:50.5598963Z #13 6.292 Setting up libatomic1:amd64 (12.2.0-14+deb12u1) ...
2026-10-08T15:14:50.5599403Z #13 6.294 Setting up libk5crypto3:amd64 (1.20.1-2+deb12u5) ...
2026-10-08T15:14:50.5599836Z #13 6.296 Setting up libubsan1:amd64 (12.2.0-14+deb12u1) ...
2026-10-08T15:14:50.5600263Z #13 6.298 Setting up libcrypt-dev:amd64 (1:4.4.33-2) ...
2026-10-08T15:14:50.5600683Z #13 6.305 Setting up libasan8:amd64 (12.2.0-14+deb12u1) ...
2026-10-08T15:14:50.5601430Z #13 6.307 Setting up libkrb5-3:amd64 (1.20.1-2+deb12u5) ...
2026-10-08T15:14:50.5601847Z #13 6.309 Setting up libtsan2:amd64 (12.2.0-14+deb12u1) ...
2026-10-08T15:14:50.5602625Z #13 6.311 Setting up libbinutils:amd64 (2.40-2) ...
2026-10-08T15:14:50.5603341Z #13 6.313 Setting up libisl23:amd64 (0.25-1.1) ...
2026-10-08T15:14:50.5604066Z #13 6.314 Setting up libc-dev-bin (2.36-9+deb12u14) ...
2026-10-08T15:14:50.5604815Z #13 6.316 Setting up libcc1-0:amd64 (12.2.0-14+deb12u1) ...
2026-10-08T15:14:50.5605587Z #13 6.318 Setting up liblsan0:amd64 (12.2.0-14+deb12u1) ...
2026-10-08T15:14:50.5606349Z #13 6.320 Setting up libitm1:amd64 (12.2.0-14+deb12u1) ...
2026-10-08T15:14:50.5607038Z #13 6.322 Setting up libctf0:amd64 (2.40-2) ...
2026-10-08T15:14:50.5607568Z #13 6.324 Setting up cpp-12 (12.2.0-14+deb12u1) ...
2026-10-08T15:14:50.5607954Z #13 6.326 Setting up libgprofng0:amd64 (2.40-2) ...
2026-10-08T15:14:50.5608375Z #13 6.328 Setting up libgcc-12-dev:amd64 (12.2.0-14+deb12u1) ...
2026-10-08T15:14:50.5608855Z #13 6.330 Setting up libgssapi-krb5-2:amd64 (1.20.1-2+deb12u5) ...
2026-10-08T15:14:50.5609260Z #13 6.333 Setting up cpp (4:12.2.0-3) ...
2026-10-08T15:14:50.5609645Z #13 6.338 Setting up binutils-x86-64-linux-gnu (2.40-2) ...
2026-10-08T15:14:50.5610065Z #13 6.340 Setting up libtirpc3:amd64 (1.3.3+ds-1) ...
2026-10-08T15:14:50.5610432Z #13 6.342 Setting up binutils (2.40-2) ...
2026-10-08T15:14:50.5611103Z #13 6.344 Setting up libtirpc-dev:amd64 (1.3.3+ds-1) ...
2026-10-08T15:14:50.5612053Z #13 6.346 Setting up gcc-12 (12.2.0-14+deb12u1) ...
2026-10-08T15:14:50.5612457Z #13 6.349 Setting up libnsl2:amd64 (1.3.0-2) ...
2026-10-08T15:14:50.5612810Z #13 6.351 Setting up gcc (4:12.2.0-3) ...
2026-10-08T15:14:50.5613164Z #13 6.359 Setting up libnsl-dev:amd64 (1.3.0-2) ...
2026-10-08T15:14:50.5613567Z #13 6.361 Setting up libc6-dev:amd64 (2.36-9+deb12u14) ...
2026-10-08T15:14:50.5614017Z #13 6.363 Processing triggers for libc-bin (2.36-9+deb12u14) ...
2026-10-08T15:14:51.0075354Z #13 6.467 Reading package lists...
2026-10-08T15:14:51.1472713Z #13 6.928 Building dependency tree...
2026-10-08T15:14:51.2511246Z #13 7.055 Reading state information...
2026-10-08T15:14:51.2512563Z #13 7.158 The following packages were automatically installed and are no longer required:
2026-10-08T15:14:51.2514614Z #13 7.158   binutils binutils-common binutils-x86-64-linux-gnu cpp cpp-12 gcc-12
2026-10-08T15:14:51.2516168Z #13 7.158   libasan8 libatomic1 libbinutils libc-dev-bin libcc1-0 libcrypt-dev
2026-10-08T15:14:51.3967737Z #13 7.159   libctf-nobfd0 libctf0 libgcc-12-dev libgomp1 libgprofng0 libgssapi-krb5-2
2026-10-08T15:14:51.3969225Z #13 7.159   libisl23 libitm1 libjansson4 libk5crypto3 libkeyutils1 libkrb5-3
2026-10-08T15:14:51.3970677Z #13 7.159   libkrb5support0 liblsan0 libmpc3 libmpfr6 libnsl-dev libnsl2 libquadmath0
2026-10-08T15:14:51.3971962Z #13 7.159   libssl3 libtirpc-common libtirpc-dev libtirpc3 libtsan2 libubsan1
2026-10-08T15:14:51.3972999Z #13 7.159   linux-libc-dev rpcsvc-proto
2026-10-08T15:14:51.3980470Z #13 7.159 Use 'apt autoremove' to remove them.
2026-10-08T15:14:51.3981404Z #13 7.168 The following packages will be REMOVED:
2026-10-08T15:14:51.3981766Z #13 7.169   gcc* libc6-dev*
2026-10-08T15:14:51.3982196Z #13 7.304 0 upgraded, 0 newly installed, 2 to remove and 1 not upgraded.
2026-10-08T15:14:51.3983062Z #13 7.304 After this operation, 12.3 MB disk space will be freed.
2026-10-08T15:14:51.6447046Z #13 7.310 (Reading database ... 
2026-10-08T15:14:51.6447622Z (Reading database ... 5%
2026-10-08T15:14:51.6448126Z (Reading database ... 10%
2026-10-08T15:14:51.6448577Z (Reading database ... 15%
2026-10-08T15:14:51.6449021Z (Reading database ... 20%
2026-10-08T15:14:51.6449464Z (Reading database ... 25%
2026-10-08T15:14:51.6449911Z (Reading database ... 30%
2026-10-08T15:14:51.6450344Z (Reading database ... 35%
2026-10-08T15:14:51.6451063Z (Reading database ... 40%
2026-10-08T15:14:51.6451545Z (Reading database ... 45%
2026-10-08T15:14:51.6451984Z (Reading database ... 50%
2026-10-08T15:14:51.6452420Z (Reading database ... 55%
2026-10-08T15:14:51.6452857Z (Reading database ... 60%
2026-10-08T15:14:51.6453285Z (Reading database ... 65%
2026-10-08T15:14:51.6453714Z (Reading database ... 70%
2026-10-08T15:14:51.6454144Z (Reading database ... 75%
2026-10-08T15:14:51.6454597Z (Reading database ... 80%
2026-10-08T15:14:51.6455020Z (Reading database ... 85%
2026-10-08T15:14:51.6455443Z (Reading database ... 90%
2026-10-08T15:14:51.6455874Z (Reading database ... 95%
2026-10-08T15:14:51.6456302Z (Reading database ... 100%
2026-10-08T15:14:51.6457074Z (Reading database ... 10403 files and directories currently installed.)
2026-10-08T15:14:51.6457886Z #13 7.321 Removing gcc (4:12.2.0-3) ...
2026-10-08T15:14:51.6458558Z #13 7.335 Removing libc6-dev:amd64 (2.36-9+deb12u14) ...
2026-10-08T15:14:51.9436763Z #13 7.401 Reading package lists...
2026-10-08T15:14:52.0727579Z #13 7.864 Building dependency tree...
2026-10-08T15:14:52.1827316Z #13 7.980 Reading state information...
2026-10-08T15:14:52.1828558Z #13 8.090 The following packages will be REMOVED:
2026-10-08T15:14:52.1830096Z #13 8.090   binutils binutils-common binutils-x86-64-linux-gnu cpp cpp-12 gcc-12
2026-10-08T15:14:52.3172036Z #13 8.090   libasan8 libatomic1 libbinutils libc-dev-bin libcc1-0 libcrypt-dev
2026-10-08T15:14:52.3173238Z #13 8.090   libctf-nobfd0 libctf0 libgcc-12-dev libgomp1 libgprofng0 libgssapi-krb5-2
2026-10-08T15:14:52.3174249Z #13 8.090   libisl23 libitm1 libjansson4 libk5crypto3 libkeyutils1 libkrb5-3
2026-10-08T15:14:52.3175776Z #13 8.090   libkrb5support0 liblsan0 libmpc3 libmpfr6 libnsl-dev libnsl2 libquadmath0
2026-10-08T15:14:52.3176923Z #13 8.090   libssl3 libtirpc-common libtirpc-dev libtirpc3 libtsan2 libubsan1
2026-10-08T15:14:52.3177738Z #13 8.091   linux-libc-dev rpcsvc-proto
2026-10-08T15:14:52.3178531Z #13 8.224 0 upgraded, 0 newly installed, 39 to remove and 1 not upgraded.
2026-10-08T15:14:52.3179440Z #13 8.224 After this operation, 198 MB disk space will be freed.
2026-10-08T15:14:52.4218906Z #13 8.231 (Reading database ... 
2026-10-08T15:14:52.4219720Z (Reading database ... 5%
2026-10-08T15:14:52.4220087Z (Reading database ... 10%
2026-10-08T15:14:52.4220385Z (Reading database ... 15%
2026-10-08T15:14:52.4220672Z (Reading database ... 20%
2026-10-08T15:14:52.4221313Z (Reading database ... 25%
2026-10-08T15:14:52.4221594Z (Reading database ... 30%
2026-10-08T15:14:52.4221874Z (Reading database ... 35%
2026-10-08T15:14:52.4222151Z (Reading database ... 40%
2026-10-08T15:14:52.4222435Z (Reading database ... 45%
2026-10-08T15:14:52.4222715Z (Reading database ... 50%
2026-10-08T15:14:52.4223002Z (Reading database ... 55%
2026-10-08T15:14:52.4223288Z (Reading database ... 60%
2026-10-08T15:14:52.4223563Z (Reading database ... 65%
2026-10-08T15:14:52.4223837Z (Reading database ... 70%
2026-10-08T15:14:52.4224115Z (Reading database ... 75%
2026-10-08T15:14:52.4224390Z (Reading database ... 80%
2026-10-08T15:14:52.4224667Z (Reading database ... 85%
2026-10-08T15:14:52.4224941Z (Reading database ... 90%
2026-10-08T15:14:52.4225235Z (Reading database ... 95%
2026-10-08T15:14:52.4225514Z (Reading database ... 100%
2026-10-08T15:14:52.4225988Z (Reading database ... 9833 files and directories currently installed.)
2026-10-08T15:14:52.4226530Z #13 8.242 Removing gcc-12 (12.2.0-14+deb12u1) ...
2026-10-08T15:14:52.4227220Z #13 8.269 Removing binutils (2.40-2) ...
2026-10-08T15:14:52.4227666Z #13 8.278 Removing binutils-x86-64-linux-gnu (2.40-2) ...
2026-10-08T15:14:52.4228129Z #13 8.296 Removing libgprofng0:amd64 (2.40-2) ...
2026-10-08T15:14:52.4228552Z #13 8.305 Removing libctf0:amd64 (2.40-2) ...
2026-10-08T15:14:52.4228965Z #13 8.313 Removing libbinutils:amd64 (2.40-2) ...
2026-10-08T15:14:52.4229418Z #13 8.321 Removing binutils-common:amd64 (2.40-2) ...
2026-10-08T15:14:52.4229827Z #13 8.329 Removing cpp (4:12.2.0-3) ...
2026-10-08T15:14:52.5261451Z #13 8.340 Removing cpp-12 (12.2.0-14+deb12u1) ...
2026-10-08T15:14:52.5262381Z #13 8.357 Removing libgcc-12-dev:amd64 (12.2.0-14+deb12u1) ...
2026-10-08T15:14:52.5263178Z #13 8.377 Removing libasan8:amd64 (12.2.0-14+deb12u1) ...
2026-10-08T15:14:52.5263948Z #13 8.387 Removing libatomic1:amd64 (12.2.0-14+deb12u1) ...
2026-10-08T15:14:52.5264704Z #13 8.395 Removing libc-dev-bin (2.36-9+deb12u14) ...
2026-10-08T15:14:52.5265489Z #13 8.402 Removing libcc1-0:amd64 (12.2.0-14+deb12u1) ...
2026-10-08T15:14:52.5266240Z #13 8.410 Removing libcrypt-dev:amd64 (1:4.4.33-2) ...
2026-10-08T15:14:52.5266974Z #13 8.426 Removing libctf-nobfd0:amd64 (2.40-2) ...
2026-10-08T15:14:52.5267723Z #13 8.434 Removing libgomp1:amd64 (12.2.0-14+deb12u1) ...
2026-10-08T15:14:52.6280331Z #13 8.442 Removing libnsl-dev:amd64 (1.3.0-2) ...
2026-10-08T15:14:52.6281159Z #13 8.451 Removing libtirpc-dev:amd64 (1.3.3+ds-1) ...
2026-10-08T15:14:52.6281626Z #13 8.461 Removing libnsl2:amd64 (1.3.0-2) ...
2026-10-08T15:14:52.6282072Z #13 8.469 Removing libtirpc3:amd64 (1.3.3+ds-1) ...
2026-10-08T15:14:52.6282581Z #13 8.477 Removing libgssapi-krb5-2:amd64 (1.20.1-2+deb12u5) ...
2026-10-08T15:14:52.6283066Z #13 8.486 Removing libisl23:amd64 (0.25-1.1) ...
2026-10-08T15:14:52.6283514Z #13 8.494 Removing libitm1:amd64 (12.2.0-14+deb12u1) ...
2026-10-08T15:14:52.6283955Z #13 8.503 Removing libjansson4:amd64 (2.14-2) ...
2026-10-08T15:14:52.6284380Z #13 8.512 Removing libkrb5-3:amd64 (1.20.1-2+deb12u5) ...
2026-10-08T15:14:52.6284827Z #13 8.520 Removing libk5crypto3:amd64 (1.20.1-2+deb12u5) ...
2026-10-08T15:14:52.6285230Z #13 8.528 Removing libkeyutils1:amd64 (1.6.3-2) ...
2026-10-08T15:14:52.6285665Z #13 8.535 Removing libkrb5support0:amd64 (1.20.1-2+deb12u5) ...
2026-10-08T15:14:52.7303405Z #13 8.544 Removing liblsan0:amd64 (12.2.0-14+deb12u1) ...
2026-10-08T15:14:52.7304128Z #13 8.552 Removing libmpc3:amd64 (1.3.1-1) ...
2026-10-08T15:14:52.7304585Z #13 8.560 Removing libmpfr6:amd64 (4.2.0-1) ...
2026-10-08T15:14:52.7305106Z #13 8.570 Removing libquadmath0:amd64 (12.2.0-14+deb12u1) ...
2026-10-08T15:14:52.7305635Z #13 8.578 Removing libssl3:amd64 (3.0.22-1~deb12u1) ...
2026-10-08T15:14:52.7306119Z #13 8.588 Removing libtirpc-common (1.3.3+ds-1) ...
2026-10-08T15:14:52.7306618Z #13 8.595 Removing libtsan2:amd64 (12.2.0-14+deb12u1) ...
2026-10-08T15:14:52.7307384Z #13 8.605 Removing libubsan1:amd64 (12.2.0-14+deb12u1) ...
2026-10-08T15:14:52.7307898Z #13 8.638 Removing linux-libc-dev:amd64 (6.1.187-1) ...
2026-10-08T15:14:52.8389259Z #13 8.693 Removing rpcsvc-proto (1.4.3-1) ...
2026-10-08T15:14:52.8391306Z #13 8.710 Processing triggers for libc-bin (2.36-9+deb12u14) ...
2026-10-08T15:14:52.8392171Z #13 DONE 8.7s
2026-10-08T15:14:52.9906210Z 
2026-10-08T15:14:52.9906830Z #14 [ 9/11] RUN pnpm build
2026-10-08T15:14:53.3207105Z #14 0.481 
2026-10-08T15:14:53.3207697Z #14 0.481 > cocreate@1.0.0 build /app
2026-10-08T15:14:53.3208473Z #14 0.481 > tsc --noEmit && vite build --configLoader runner
2026-10-08T15:14:53.3209098Z #14 0.481 
2026-10-08T15:15:01.1823403Z #14 8.342 vite v7.3.6 building client environment for production...
2026-10-08T15:15:01.4084292Z #14 8.418 transforming...
2026-10-08T15:15:05.3208830Z #14 12.48 ✓ 1749 modules transformed.
2026-10-08T15:15:05.5908911Z #14 12.75 rendering chunks...
2026-10-08T15:15:05.8768793Z #14 13.04 computing gzip size...
2026-10-08T15:15:05.9811500Z #14 13.06 dist/index.html                             0.44 kB │ gzip:   0.30 kB
2026-10-08T15:15:05.9826046Z #14 13.06 dist/assets/App-BqUO_rW7.css                2.56 kB │ gzip:   0.85 kB
2026-10-08T15:15:05.9827790Z #14 13.06 dist/assets/LandingPage-CNj4pefA.css       13.13 kB │ gzip:   2.95 kB
2026-10-08T15:15:05.9831750Z #14 13.06 dist/assets/index-cyLHvudv.css             75.38 kB │ gzip:  14.48 kB
2026-10-08T15:15:05.9834018Z #14 13.06 dist/assets/users-BIdyuxqP.js               0.69 kB │ gzip:   0.39 kB
2026-10-08T15:15:05.9835564Z #14 13.06 dist/assets/createLucideIcon-DcEYS1mU.js    0.89 kB │ gzip:   0.55 kB
2026-10-08T15:15:05.9836826Z #14 13.06 dist/assets/x-DO2zMSIY.js                   1.70 kB │ gzip:   0.78 kB
2026-10-08T15:15:05.9837987Z #14 13.06 dist/assets/LandingPage-DCr6qHiF.js        15.33 kB │ gzip:   4.92 kB
2026-10-08T15:15:05.9839166Z #14 13.06 dist/assets/ProjectApp-DXmAqhy1.js         29.68 kB │ gzip:   9.01 kB
2026-10-08T15:15:05.9840325Z #14 13.06 dist/assets/index-BPNFqXSv.js             421.95 kB │ gzip: 121.32 kB
2026-10-08T15:15:05.9841834Z #14 13.06 dist/assets/App-DhzRZNRs.js               583.75 kB │ gzip: 185.76 kB
2026-10-08T15:15:05.9842523Z #14 13.06 
2026-10-08T15:15:05.9843225Z #14 13.06 (!) Some chunks are larger than 500 kB after minification. Consider:
2026-10-08T15:15:05.9844154Z #14 13.06 - Using dynamic import() to code-split the application
2026-10-08T15:15:05.9845718Z #14 13.06 - Use build.rollupOptions.output.manualChunks to improve chunking: https://rollupjs.org/configuration-options/#output-manualchunks
2026-10-08T15:15:05.9847367Z #14 13.06 - Adjust chunk size limit for this warning via build.chunkSizeWarningLimit.
2026-10-08T15:15:05.9848200Z #14 13.06 ✓ built in 4.69s
2026-10-08T15:15:05.9848587Z #14 DONE 13.1s
2026-10-08T15:15:06.1313626Z 
2026-10-08T15:15:06.1314808Z #15 [10/11] RUN node scripts/release-fingerprint.mjs --write-image
2026-10-08T15:15:06.1896488Z #15 0.209 {"fingerprint":"78856f1fef4ede08809f98e1619bfed7b36847946af428eb5666b841bf009cbf","sourceFiles":87,"scope":"Source/build input attestation only; not runtime acceptance"}
2026-10-08T15:15:06.3525430Z #15 DONE 0.2s
2026-10-08T15:15:06.3526028Z 
2026-10-08T15:15:06.3527652Z #16 [11/11] RUN pnpm exec tsx scripts/prepare-isolation.ts --files-only && mkdir -p /app/data /app/generated && chown -R node:node /app/.runtime /app/data /app/generated
2026-10-08T15:15:06.9085191Z #16 0.705 {"policy":"isolated-compile-v1","platform":"linux","scope":"Trusted files prepared; kernel boundary not exercised"}
2026-10-08T15:15:07.1055872Z #16 DONE 0.7s
2026-10-08T15:15:07.1056679Z 
2026-10-08T15:15:07.1057223Z #17 exporting to image
2026-10-08T15:15:07.1057903Z #17 exporting layers
2026-10-08T15:15:17.7788309Z #17 exporting layers 10.8s done
2026-10-08T15:15:17.7975487Z #17 writing image sha256:11dd499e2b4f23c508b996b60b3f01f6e27ae0a777d704b2fa3ac6cb0281b408 done
2026-10-08T15:15:17.7976707Z #17 naming to docker.io/library/cocreate-check done
2026-10-08T15:15:17.7977598Z #17 DONE 10.8s
2026-10-08T15:15:17.7986956Z 
2026-10-08T15:15:17.7988108Z  [33m4 warnings found (use docker --debug to expand):
2026-10-08T15:15:17.7989764Z [0m - SecretsUsedInArgOrEnv: Do not use ARG or ENV instructions for sensitive data (ARG "VITE_COCREATE_AUTH_MODE") (line 12)
2026-10-08T15:15:17.7992359Z  - SecretsUsedInArgOrEnv: Do not use ARG or ENV instructions for sensitive data (ARG "VITE_SUPABASE_PUBLISHABLE_KEY") (line 15)
2026-10-08T15:15:17.7994087Z  - SecretsUsedInArgOrEnv: Do not use ARG or ENV instructions for sensitive data (ENV "VITE_COCREATE_AUTH_MODE") (line 16)
2026-10-08T15:15:17.7995553Z  - SecretsUsedInArgOrEnv: Do not use ARG or ENV instructions for sensitive data (ENV "VITE_SUPABASE_PUBLISHABLE_KEY") (line 19)
2026-10-08T15:15:17.8192304Z ##[group]Run root="/sys/fs/cgroup/cocreate-ci-${GITHUB_RUN_ID}-${GITHUB_RUN_ATTEMPT}"
2026-10-08T15:15:17.8192942Z [36;1mroot="/sys/fs/cgroup/cocreate-ci-${GITHUB_RUN_ID}-${GITHUB_RUN_ATTEMPT}"[0m
2026-10-08T15:15:17.8193392Z [36;1msudo sh scripts/prepare-ci-cgroup.sh "$root"[0m
2026-10-08T15:15:17.8193771Z [36;1mecho "COCREATE_CI_CGROUP_ROOT=$root" >> "$GITHUB_ENV"[0m
2026-10-08T15:15:17.8264932Z shell: /usr/bin/bash -e {0}
2026-10-08T15:15:17.8265191Z env:
2026-10-08T15:15:17.8265465Z   PNPM_HOME: /home/runner/setup-pnpm/node_modules/.bin
2026-10-08T15:15:17.8265773Z ##[endgroup]
2026-10-08T15:15:17.8541657Z ##[group]Run sh scripts/run-linux-check.sh node --import tsx scripts/prepare-isolation.ts
2026-10-08T15:15:17.8542365Z [36;1msh scripts/run-linux-check.sh node --import tsx scripts/prepare-isolation.ts[0m
2026-10-08T15:15:17.8614184Z shell: /usr/bin/bash -e {0}
2026-10-08T15:15:17.8614450Z env:
2026-10-08T15:15:17.8614716Z   PNPM_HOME: /home/runner/setup-pnpm/node_modules/.bin
2026-10-08T15:15:17.8615127Z   COCREATE_CI_CGROUP_ROOT: /sys/fs/cgroup/cocreate-ci-37798981057-1
2026-10-08T15:15:17.8615496Z ##[endgroup]
2026-10-08T15:15:18.2543171Z {"policy":"isolated-compile-v1","platform":"linux","scope":"Actual OS boundary preflight passed; no inference"}
2026-10-08T15:15:18.3086415Z ##[group]Run sh scripts/run-linux-check.sh node --import tsx --input-type=module -e 'import {assertVerificationBrowserAvailable} from "./server/isolation/browser.ts"; await assertVerificationBrowserAvailable(); console.log("Actual Linux browser boundary passed; no inference");'
2026-10-08T15:15:18.3088476Z [36;1msh scripts/run-linux-check.sh node --import tsx --input-type=module -e 'import {assertVerificationBrowserAvailable} from "./server/isolation/browser.ts"; await assertVerificationBrowserAvailable(); console.log("Actual Linux browser boundary passed; no inference");'[0m
2026-10-08T15:15:18.3160287Z shell: /usr/bin/bash -e {0}
2026-10-08T15:15:18.3160548Z env:
2026-10-08T15:15:18.3161053Z   PNPM_HOME: /home/runner/setup-pnpm/node_modules/.bin
2026-10-08T15:15:18.3161492Z   COCREATE_CI_CGROUP_ROOT: /sys/fs/cgroup/cocreate-ci-37798981057-1
2026-10-08T15:15:18.3161855Z ##[endgroup]
2026-10-08T15:15:18.7612310Z Actual Linux browser boundary passed; no inference
2026-10-08T15:15:18.8263868Z ##[group]Run sh scripts/run-linux-check.sh node --import tsx --test --test-concurrency=1 tests/generated-isolation.test.ts
2026-10-08T15:15:18.8264805Z [36;1msh scripts/run-linux-check.sh node --import tsx --test --test-concurrency=1 tests/generated-isolation.test.ts[0m
2026-10-08T15:15:18.8335192Z shell: /usr/bin/bash -e {0}
2026-10-08T15:15:18.8335449Z env:
2026-10-08T15:15:18.8335727Z   PNPM_HOME: /home/runner/setup-pnpm/node_modules/.bin
2026-10-08T15:15:18.8336144Z   COCREATE_CI_CGROUP_ROOT: /sys/fs/cgroup/cocreate-ci-37798981057-1
2026-10-08T15:15:18.8336514Z ##[endgroup]
2026-10-08T15:15:19.0102395Z TAP version 13
2026-10-08T15:15:23.4046468Z # Subtest: ordinary compilation runs in the real OS boundary and never evaluates candidate top-level code
2026-10-08T15:15:23.4054707Z ok 1 - ordinary compilation runs in the real OS boundary and never evaluates candidate top-level code
2026-10-08T15:15:23.4056885Z   ---
2026-10-08T15:15:23.4057390Z   duration_ms: 4192.252389
2026-10-08T15:15:23.4058241Z   type: 'test'
2026-10-08T15:15:23.4058603Z   ...
2026-10-08T15:15:23.4562753Z # Subtest: OS boundary without Node permissions denies an existing private host file, writes and live loopback network
2026-10-08T15:15:23.4564204Z ok 2 - OS boundary without Node permissions denies an existing private host file, writes and live loopback network
2026-10-08T15:15:23.4564717Z   ---
2026-10-08T15:15:23.4564938Z   duration_ms: 55.167267
2026-10-08T15:15:23.4565177Z   type: 'test'
2026-10-08T15:15:23.4565388Z   ...
2026-10-08T15:15:23.5195064Z # Subtest: restricted process strips injection/secrets and denies subprocesses, workers and cross-workspace reads
2026-10-08T15:15:23.5198457Z ok 3 - restricted process strips injection/secrets and denies subprocesses, workers and cross-workspace reads
2026-10-08T15:15:23.5199174Z   ---
2026-10-08T15:15:23.5199384Z   duration_ms: 55.915023
2026-10-08T15:15:23.5199619Z   type: 'test'
2026-10-08T15:15:23.5199823Z   ...
2026-10-08T15:15:29.4856729Z # Subtest: candidate imports cannot read absolute files, traverse workspaces or download packages/styles
2026-10-08T15:15:29.4859995Z ok 4 - candidate imports cannot read absolute files, traverse workspaces or download packages/styles
2026-10-08T15:15:29.4861790Z   ---
2026-10-08T15:15:29.4862413Z   duration_ms: 5974.660153
2026-10-08T15:15:29.4862863Z   type: 'test'
2026-10-08T15:15:29.4863196Z   ...
2026-10-08T15:15:30.4950015Z # Subtest: wall timeout terminates a running child and cleans its private input
2026-10-08T15:15:30.4963225Z ok 5 - wall timeout terminates a running child and cleans its private input
2026-10-08T15:15:30.4963935Z   ---
2026-10-08T15:15:30.4964279Z   duration_ms: 1009.557011
2026-10-08T15:15:30.4964682Z   type: 'test'
2026-10-08T15:15:30.4965007Z   ...
2026-10-08T15:15:30.5026023Z # Subtest: cancellation waits for real child termination and cleanup; pre-abort starts nothing
2026-10-08T15:15:30.5038215Z ok 6 - cancellation waits for real child termination and cleanup; pre-abort starts nothing
2026-10-08T15:15:30.5039111Z   ---
2026-10-08T15:15:30.5039474Z   duration_ms: 7.947945
2026-10-08T15:15:30.5039869Z   type: 'test'
2026-10-08T15:15:30.5040211Z   ...
2026-10-08T15:15:31.1999255Z # Subtest: memory exhaustion cannot escape the OS bound and leaves no child work
2026-10-08T15:15:31.2000474Z ok 7 - memory exhaustion cannot escape the OS bound and leaves no child work
2026-10-08T15:15:31.2001513Z   ---
2026-10-08T15:15:31.2001872Z   duration_ms: 694.254092
2026-10-08T15:15:31.2002275Z   type: 'test'
2026-10-08T15:15:31.2002607Z   ...
2026-10-08T15:15:31.2003450Z # Subtest: unavailable isolation fails explicitly and cannot fall back to host compilation
2026-10-08T15:15:31.2004697Z ok 8 - unavailable isolation fails explicitly and cannot fall back to host compilation
2026-10-08T15:15:31.2005437Z   ---
2026-10-08T15:15:31.2005772Z   duration_ms: 0.850016
2026-10-08T15:15:31.2006150Z   type: 'test'
2026-10-08T15:15:31.2006469Z   ...
2026-10-08T15:15:41.2101267Z # Subtest: CPU bound stops a busy child before the longer wall deadline
2026-10-08T15:15:41.2104054Z ok 9 - CPU bound stops a busy child before the longer wall deadline
2026-10-08T15:15:41.2104478Z   ---
2026-10-08T15:15:41.2104689Z   duration_ms: 10011.693519
2026-10-08T15:15:41.2104938Z   type: 'test'
2026-10-08T15:15:41.2105141Z   ...
2026-10-08T15:15:41.3818271Z # Subtest: untrusted output is bounded before it reaches application memory or artifacts
2026-10-08T15:15:41.3820141Z ok 10 - untrusted output is bounded before it reaches application memory or artifacts
2026-10-08T15:15:41.3821577Z   ---
2026-10-08T15:15:41.3822245Z   duration_ms: 174.438254
2026-10-08T15:15:41.3822740Z   type: 'test'
2026-10-08T15:15:41.3822994Z   ...
2026-10-08T15:15:41.3975342Z 1..10
2026-10-08T15:15:41.3975756Z # tests 10
2026-10-08T15:15:41.3976089Z # suites 0
2026-10-08T15:15:41.3977023Z # pass 10
2026-10-08T15:15:41.3977595Z # fail 0
2026-10-08T15:15:41.3977948Z # cancelled 0
2026-10-08T15:15:41.3979618Z # skipped 0
2026-10-08T15:15:41.3979982Z # todo 0
2026-10-08T15:15:41.3980313Z # duration_ms 22403.421745
2026-10-08T15:15:41.4520012Z ##[group]Run sh scripts/run-linux-check.sh node --import tsx --test --test-concurrency=1 tests/linux-cgroup-isolation.test.ts tests/candidate-verification.test.ts
2026-10-08T15:15:41.4521795Z [36;1msh scripts/run-linux-check.sh node --import tsx --test --test-concurrency=1 tests/linux-cgroup-isolation.test.ts tests/candidate-verification.test.ts[0m
2026-10-08T15:15:41.4593508Z shell: /usr/bin/bash -e {0}
2026-10-08T15:15:41.4593764Z env:
2026-10-08T15:15:41.4594028Z   PNPM_HOME: /home/runner/setup-pnpm/node_modules/.bin
2026-10-08T15:15:41.4594438Z   COCREATE_CI_CGROUP_ROOT: /sys/fs/cgroup/cocreate-ci-37798981057-1
2026-10-08T15:15:41.4594790Z ##[endgroup]
2026-10-08T15:15:41.6436080Z TAP version 13
2026-10-08T15:15:46.8456927Z # {"policyVersion":"list-behavior-v1","specificationRevision":3,"sourceHash":"ac010289482cd18a50214a16e1f8c80cb7f8a9d2642c23f1e6eeddde02f67dd4","candidateHash":"00031d4c0fb762cfd984dba658f8e4e382a8f627f033d5b2f09501323b47c48a","planHash":"f18d214ad9e23477b539adcf433dd61b693d7094f13fb1be96989e8e77a09ebf","checkedAt":"2026-10-08T15:15:46.843Z","browserVersion":"HeadlessChrome/154.0.8037.92","checks":[{"kind":"filter","version":"list-behavior-v1","implemented":true,"passed":true,"message":"Filtering narrows the list; clearing restores it."},{"kind":"favorites","version":"list-behavior-v1","implemented":true,"passed":true,"message":"The favorite state toggles and restores without removing items."},{"kind":"sort","version":"list-behavior-v1","implemented":true,"passed":true,"message":"Sorting changes list order into alphabetical order without losing items."}],"requirements":[{"requirementId":"req_3fb819102acc","requirementRevision":1,"criteriaHash":"0ea272fea12c0b04d0c0a5e5506d19274e8ecfdc4b324b4847dc8ceb6692dec9","criteria":[{"criterionHash":"622c509f2ad6a3b7038ae41b3bf520dad5c41175974b32ae8ad612e8ee82bf89","checks":["filter"],"status":"passed"}],"implementation":"observed","status":"verified"},{"requirementId":"req_980895587501","requirementRevision":1,"criteriaHash":"242963850dda8c42c0bf98350081abb874beb718b6ba7b4aafcbd2868fe93e6f","criteria":[{"criterionHash":"8b05e3cd6861df5b3753b867abfa3f4d16b8ff708e6852a9e1b064b52a459e3c","checks":["favorites"],"status":"passed"}],"implementation":"observed","status":"verified"},{"requirementId":"req_d6b0094d5067","requirementRevision":1,"criteriaHash":"6f32c53a669776de27c4dbea71596b9852592e0598637c859f94231f5e4028df","criteria":[{"criterionHash":"dc99f1133bd52aff16fb0b97f8eb15d0e1d1e0eb5adcbcf87ad6905443a91875","checks":["sort"],"status":"passed"}],"implementation":"observed","status":"verified"}],"status":"passed"}
2026-10-08T15:15:46.8800336Z # Subtest: real isolated browser verifies accepted filter, favorites and sorting and binds evidence to the candidate
2026-10-08T15:15:46.8806339Z ok 1 - real isolated browser verifies accepted filter, favorites and sorting and binds evidence to the candidate
2026-10-08T15:15:46.8807801Z   ---
2026-10-08T15:15:46.8808352Z   duration_ms: 4987.576466
2026-10-08T15:15:46.8808814Z   type: 'test'
2026-10-08T15:15:46.8809148Z   ...
2026-10-08T15:16:01.5233330Z # Subtest: compiling controls without behavior fail; retained feature regressions are checked on every candidate
2026-10-08T15:16:01.5236157Z ok 2 - compiling controls without behavior fail; retained feature regressions are checked on every candidate
2026-10-08T15:16:01.5243302Z   ---
2026-10-08T15:16:01.5243663Z   duration_ms: 14641.87788
2026-10-08T15:16:01.5244329Z   type: 'test'
2026-10-08T15:16:01.5244674Z   ...
2026-10-08T15:16:04.5747742Z # Subtest: unsupported prose remains unverified and generated assertion tampering cannot replace trusted checks
2026-10-08T15:16:04.5774052Z ok 3 - unsupported prose remains unverified and generated assertion tampering cannot replace trusted checks
2026-10-08T15:16:04.5774929Z   ---
2026-10-08T15:16:04.5775257Z   duration_ms: 3056.190772
2026-10-08T15:16:04.5775625Z   type: 'test'
2026-10-08T15:16:04.5775927Z   ...
2026-10-08T15:16:05.3975689Z # Subtest: actual verification browser denies a private host file and loopback network and removes its child/profile
2026-10-08T15:16:05.3977393Z ok 4 - actual verification browser denies a private host file and loopback network and removes its child/profile
2026-10-08T15:16:05.3977952Z   ---
2026-10-08T15:16:05.3978172Z   duration_ms: 828.001431
2026-10-08T15:16:05.3978413Z   type: 'test'
2026-10-08T15:16:05.3978607Z   ...
2026-10-08T15:16:35.2163394Z # Subtest: browser CPU and protocol output remain inside the reused Job Object bounds
2026-10-08T15:16:35.2167900Z not ok 5 - browser CPU and protocol output remain inside the reused Job Object bounds
2026-10-08T15:16:35.2168511Z   ---
2026-10-08T15:16:35.2168731Z   duration_ms: 29816.655963
2026-10-08T15:16:35.2169031Z   type: 'test'
2026-10-08T15:16:35.2169612Z   location: '/app/tests/candidate-verification.test.ts:2:2564'
2026-10-08T15:16:35.2170304Z   failureType: 'testCodeFailure'
2026-10-08T15:16:35.2170767Z   error: |-
2026-10-08T15:16:35.2171679Z     The validation function is expected to return "true". Received false
2026-10-08T15:16:35.2172321Z     
2026-10-08T15:16:35.2172633Z     Caught error:
2026-10-08T15:16:35.2173141Z     
2026-10-08T15:16:35.2173416Z     Error: Verification exceeded its wall-time bound.
2026-10-08T15:16:35.2173737Z   code: 'ERR_ASSERTION'
2026-10-08T15:16:35.2173970Z   name: 'AssertionError'
2026-10-08T15:16:35.2174204Z   stack: |-
2026-10-08T15:16:35.2174607Z     async TestContext.<anonymous> (/app/tests/candidate-verification.test.ts:90:5)
2026-10-08T15:16:35.2175131Z     async Test.run (node:internal/test_runner/test:1054:7)
2026-10-08T15:16:35.2175630Z     async Test.processPendingSubtests (node:internal/test_runner/test:744:7)
2026-10-08T15:16:35.2176018Z   ...
2026-10-08T15:16:37.4614776Z # Subtest: cancellation and wall limits terminate browser execution and leave no child jobs
2026-10-08T15:16:37.4616225Z ok 6 - cancellation and wall limits terminate browser execution and leave no child jobs
2026-10-08T15:16:37.4617049Z   ---
2026-10-08T15:16:37.4617476Z   duration_ms: 2249.337644
2026-10-08T15:16:37.4617940Z   type: 'test'
2026-10-08T15:16:37.4618308Z   ...
2026-10-08T15:16:38.1979978Z # Subtest: Linux browser cold starts execute JavaScript repeatedly and clean every descendant
2026-10-08T15:16:38.1981571Z ok 7 - Linux browser cold starts execute JavaScript repeatedly and clean every descendant
2026-10-08T15:16:38.1982052Z   ---
2026-10-08T15:16:38.1982276Z   duration_ms: 547.478025
2026-10-08T15:16:38.1982520Z   type: 'test'
2026-10-08T15:16:38.1982723Z   ...
2026-10-08T15:16:43.1898905Z # Subtest: Linux CPU accounting includes busy descendants in the same finite job budget
2026-10-08T15:16:43.1900752Z ok 8 - Linux CPU accounting includes busy descendants in the same finite job budget
2026-10-08T15:16:43.1901942Z   ---
2026-10-08T15:16:43.1902172Z   duration_ms: 4992.499547
2026-10-08T15:16:43.1902417Z   type: 'test'
2026-10-08T15:16:43.1902617Z   ...
2026-10-08T15:16:43.2557188Z # Subtest: Linux browser file-descriptor ceiling rejects growth and cleans the bounded job
2026-10-08T15:16:43.2558522Z ok 9 - Linux browser file-descriptor ceiling rejects growth and cleans the bounded job
2026-10-08T15:16:43.2559063Z   ---
2026-10-08T15:16:43.2559310Z   duration_ms: 65.096536
2026-10-08T15:16:43.2559595Z   type: 'test'
2026-10-08T15:16:43.2559811Z   ...
2026-10-08T15:16:43.3068357Z # Subtest: Linux bootstrap drops authority and attaches a stopped trusted child before execution
2026-10-08T15:16:43.3069720Z ok 10 - Linux bootstrap drops authority and attaches a stopped trusted child before execution
2026-10-08T15:16:43.3070217Z   ---
2026-10-08T15:16:43.3070436Z   duration_ms: 51.592624
2026-10-08T15:16:43.3070674Z   type: 'test'
2026-10-08T15:16:43.3071179Z   ...
2026-10-08T15:16:43.4092023Z # Subtest: Linux PID ceiling denies fork growth and whole-group kill removes descendants
2026-10-08T15:16:43.4095540Z ok 11 - Linux PID ceiling denies fork growth and whole-group kill removes descendants
2026-10-08T15:16:43.4096157Z   ---
2026-10-08T15:16:43.4096401Z   duration_ms: 101.96147
2026-10-08T15:16:43.4097020Z   type: 'test'
2026-10-08T15:16:43.4097255Z   ...
2026-10-08T15:16:44.0543667Z # Subtest: real Linux browser physical-memory exhaustion kills its job while the application survives
2026-10-08T15:16:44.0547238Z ok 12 - real Linux browser physical-memory exhaustion kills its job while the application survives
2026-10-08T15:16:44.0548665Z   ---
2026-10-08T15:16:44.0549831Z   duration_ms: 646.735842
2026-10-08T15:16:44.0550505Z   type: 'test'
2026-10-08T15:16:44.0551280Z   ...
2026-10-08T15:16:44.0552408Z # Subtest: missing Linux delegation fails closed and removes the candidate profile
2026-10-08T15:16:44.0553558Z ok 13 - missing Linux delegation fails closed and removes the candidate profile
2026-10-08T15:16:44.0554153Z   ---
2026-10-08T15:16:44.0554382Z   duration_ms: 1.100734
2026-10-08T15:16:44.0554634Z   type: 'test'
2026-10-08T15:16:44.0554987Z   ...
2026-10-08T15:16:44.0680060Z 1..13
2026-10-08T15:16:44.0680449Z # tests 13
2026-10-08T15:16:44.0683680Z # suites 0
2026-10-08T15:16:44.0684090Z # pass 12
2026-10-08T15:16:44.0684739Z # fail 1
2026-10-08T15:16:44.0685087Z # cancelled 0
2026-10-08T15:16:44.0685858Z # skipped 0
2026-10-08T15:16:44.0686186Z # todo 0
2026-10-08T15:16:44.0686566Z # duration_ms 62438.574747
2026-10-08T15:16:44.1156778Z ##[error]Process completed with exit code 1.
2026-10-08T15:16:44.1223818Z ##[group]Run case "$COCREATE_CI_CGROUP_ROOT" in /sys/fs/cgroup/cocreate-ci-*) ;; *) exit 126 ;; esac
2026-10-08T15:16:44.1224526Z [36;1mcase "$COCREATE_CI_CGROUP_ROOT" in /sys/fs/cgroup/cocreate-ci-*) ;; *) exit 126 ;; esac[0m
2026-10-08T15:16:44.1225116Z [36;1msudo find "$COCREATE_CI_CGROUP_ROOT" -depth -type d -exec rmdir {} \;[0m
2026-10-08T15:16:44.1295788Z shell: /usr/bin/bash -e {0}
2026-10-08T15:16:44.1296035Z env:
2026-10-08T15:16:44.1296298Z   PNPM_HOME: /home/runner/setup-pnpm/node_modules/.bin
2026-10-08T15:16:44.1296708Z   COCREATE_CI_CGROUP_ROOT: /sys/fs/cgroup/cocreate-ci-37798981057-1
2026-10-08T15:16:44.1297060Z ##[endgroup]
2026-10-08T15:16:44.1608655Z Post job cleanup.
2026-10-08T15:16:44.3167206Z Pruning is unnecessary.
2026-10-08T15:16:44.3346580Z Post job cleanup.
2026-10-08T15:16:44.4350163Z [command]/usr/bin/git version
2026-10-08T15:16:44.4394693Z git version 2.55.0
2026-10-08T15:16:44.4463078Z Temporarily overriding HOME='/home/runner/work/_temp/31499ee2-7247-49a1-ab47-155bbfd2f3ae' before making global git config changes
2026-10-08T15:16:44.4478742Z Adding repository directory to the temporary git global config as a safe directory
2026-10-08T15:16:44.4480263Z [command]/usr/bin/git config --global --add safe.directory /home/runner/work/Cocreate/Cocreate
2026-10-08T15:16:44.4548573Z [command]/usr/bin/git config --local --name-only --get-regexp core\.sshCommand
2026-10-08T15:16:44.4653404Z [command]/usr/bin/git submodule foreach --recursive sh -c "git config --local --name-only --get-regexp 'core\.sshCommand' && git config --local --unset-all 'core.sshCommand' || :"
2026-10-08T15:16:44.4958737Z [command]/usr/bin/git config --local --name-only --get-regexp http\.https\:\/\/github\.com\/\.extraheader
2026-10-08T15:16:44.4993216Z http.https://github.com/.extraheader
2026-10-08T15:16:44.5008678Z [command]/usr/bin/git config --local --unset-all http.https://github.com/.extraheader
2026-10-08T15:16:44.5050524Z [command]/usr/bin/git submodule foreach --recursive sh -c "git config --local --name-only --get-regexp 'http\.https\:\/\/github\.com\/\.extraheader' && git config --local --unset-all 'http.https://github.com/.extraheader' || :"
2026-10-08T15:16:44.5379109Z [command]/usr/bin/git config --local --name-only --get-regexp ^includeIf\.gitdir:
2026-10-08T15:16:44.5426691Z [command]/usr/bin/git submodule foreach --recursive git config --local --show-origin --name-only --get-regexp remote.origin.url
2026-10-08T15:16:44.5865024Z Cleaning up orphan processes
2026-10-08T15:16:44.6287023Z ##[warning]Node.js 20 is deprecated. The following actions target Node.js 20 but are being forced to run on Node.js 24: actions/checkout@11d5960a326750d5838078e36cf38b85af677262, actions/setup-node@49933ea5288caeca8642d1e84afbd3f7d6820020, pnpm/action-setup@f40ffcd9367d9f12939873eb1018b921a783ffaa. For more information see: https://github.blog/changelog/2025-09-19-deprecation-of-node-20-on-github-actions-runners/
