2026-10-08T13:57:56.7678243Z Current runner version: '2.337.0'
2026-10-08T13:57:56.7706680Z ##[group]Runner Image Provisioner
2026-10-08T13:57:56.7707603Z Hosted Compute Agent
2026-10-08T13:57:56.7708386Z Version: 20261002.596
2026-10-08T13:57:56.7709138Z Commit: c3d12f3313a95f25162a1503be624f3b0617f8c0
2026-10-08T13:57:56.7709908Z Build Date: 2026-10-02T22:28:27Z
2026-10-08T13:57:56.7710791Z Worker ID: {c6f1c467-2295-441d-b4c0-bd36623db521}
2026-10-08T13:57:56.7711610Z Region: eastus
2026-10-08T13:57:56.7712334Z Cloud: Azure
2026-10-08T13:57:56.7712933Z ##[endgroup]
2026-10-08T13:57:56.7714978Z ##[group]Operating System
2026-10-08T13:57:56.7715868Z Ubuntu
2026-10-08T13:57:56.7716446Z 22.04.5
2026-10-08T13:57:56.7717510Z LTS
2026-10-08T13:57:56.7718126Z ##[endgroup]
2026-10-08T13:57:56.7718769Z ##[group]Runner Image
2026-10-08T13:57:56.7719590Z Image: ubuntu-22.04
2026-10-08T13:57:56.7720246Z Version: 20261004.315.1
2026-10-08T13:57:56.7721784Z Included Software: https://github.com/actions/runner-images/blob/ubuntu22/20261004.315/images/ubuntu/Ubuntu2204-Readme.md
2026-10-08T13:57:56.7723454Z Image Release: https://github.com/actions/runner-images/releases/tag/ubuntu22%2F20261004.315
2026-10-08T13:57:56.7724979Z ##[endgroup]
2026-10-08T13:57:56.7726300Z ##[group]GITHUB_TOKEN Permissions
2026-10-08T13:57:56.7728835Z Contents: read
2026-10-08T13:57:56.7729501Z Metadata: read
2026-10-08T13:57:56.7730272Z ##[endgroup]
2026-10-08T13:57:56.7733165Z Secret source: Actions
2026-10-08T13:57:56.7734342Z Cache mode: write
2026-10-08T13:57:56.7735617Z Prepare workflow directory
2026-10-08T13:57:56.8099864Z Prepare all required actions
2026-10-08T13:57:56.8151761Z Getting action download info
2026-10-08T13:57:57.0372700Z Download action repository 'actions/checkout@11d5960a326750d5838078e36cf38b85af677262' (SHA:11d5960a326750d5838078e36cf38b85af677262)
2026-10-08T13:57:57.1587827Z Download action repository 'pnpm/action-setup@f40ffcd9367d9f12939873eb1018b921a783ffaa' (SHA:f40ffcd9367d9f12939873eb1018b921a783ffaa)
2026-10-08T13:57:57.3540139Z Download action repository 'actions/setup-node@49933ea5288caeca8642d1e84afbd3f7d6820020' (SHA:49933ea5288caeca8642d1e84afbd3f7d6820020)
2026-10-08T13:57:57.5900716Z Complete job name: verify
2026-10-08T13:57:57.6768542Z ##[group]Run actions/checkout@11d5960a326750d5838078e36cf38b85af677262
2026-10-08T13:57:57.6769632Z with:
2026-10-08T13:57:57.6770095Z   repository: DD7780/Cocreate
2026-10-08T13:57:57.6774115Z   token: ***
2026-10-08T13:57:57.6774571Z   ssh-strict: true
2026-10-08T13:57:57.6775352Z   ssh-user: git
2026-10-08T13:57:57.6775822Z   persist-credentials: true
2026-10-08T13:57:57.6776329Z   clean: true
2026-10-08T13:57:57.6776784Z   sparse-checkout-cone-mode: true
2026-10-08T13:57:57.6777316Z   fetch-depth: 1
2026-10-08T13:57:57.6777760Z   fetch-tags: false
2026-10-08T13:57:57.6778216Z   show-progress: true
2026-10-08T13:57:57.6778672Z   lfs: false
2026-10-08T13:57:57.6779093Z   submodules: false
2026-10-08T13:57:57.6779595Z   set-safe-directory: true
2026-10-08T13:57:57.6780115Z   allow-unsafe-pr-checkout: false
2026-10-08T13:57:57.6780969Z ##[endgroup]
2026-10-08T13:57:57.7868659Z Syncing repository: DD7780/Cocreate
2026-10-08T13:57:57.7871432Z ##[group]Getting Git version info
2026-10-08T13:57:57.7872907Z Working directory is '/home/runner/work/Cocreate/Cocreate'
2026-10-08T13:57:57.7875085Z [command]/usr/bin/git version
2026-10-08T13:57:57.8002474Z git version 2.55.0
2026-10-08T13:57:57.8063196Z ##[endgroup]
2026-10-08T13:57:57.8111826Z Temporarily overriding HOME='/home/runner/work/_temp/0b2c5060-5b29-4008-b3cd-75d14f726dca' before making global git config changes
2026-10-08T13:57:57.8115741Z Adding repository directory to the temporary git global config as a safe directory
2026-10-08T13:57:57.8133219Z [command]/usr/bin/git config --global --add safe.directory /home/runner/work/Cocreate/Cocreate
2026-10-08T13:57:57.8179223Z Deleting the contents of '/home/runner/work/Cocreate/Cocreate'
2026-10-08T13:57:57.8185999Z ##[group]Initializing the repository
2026-10-08T13:57:57.8194504Z [command]/usr/bin/git init /home/runner/work/Cocreate/Cocreate
2026-10-08T13:57:57.8351676Z hint: Using 'master' as the name for the initial branch. This default branch name
2026-10-08T13:57:57.8358115Z hint: will change to "main" in Git 3.0. To configure the initial branch name
2026-10-08T13:57:57.8359982Z hint: to use in all of your new repositories, which will suppress this warning,
2026-10-08T13:57:57.8361709Z hint: call:
2026-10-08T13:57:57.8362495Z hint:
2026-10-08T13:57:57.8363357Z hint: 	git config --global init.defaultBranch <name>
2026-10-08T13:57:57.8364439Z hint:
2026-10-08T13:57:57.8365727Z hint: Names commonly chosen instead of 'master' are 'main', 'trunk' and
2026-10-08T13:57:57.8367410Z hint: 'development'. The just-created branch can be renamed via this command:
2026-10-08T13:57:57.8368767Z hint:
2026-10-08T13:57:57.8369579Z hint: 	git branch -m <name>
2026-10-08T13:57:57.8370521Z hint:
2026-10-08T13:57:57.8371660Z hint: Disable this message with "git config set advice.defaultBranchName false"
2026-10-08T13:57:57.8373425Z Initialized empty Git repository in /home/runner/work/Cocreate/Cocreate/.git/
2026-10-08T13:57:57.8376526Z [command]/usr/bin/git remote add origin https://github.com/DD7780/Cocreate
2026-10-08T13:57:57.8452730Z ##[endgroup]
2026-10-08T13:57:57.8454067Z ##[group]Disabling automatic garbage collection
2026-10-08T13:57:57.8458839Z [command]/usr/bin/git config --local gc.auto 0
2026-10-08T13:57:57.8501077Z ##[endgroup]
2026-10-08T13:57:57.8502223Z ##[group]Setting up auth
2026-10-08T13:57:57.8508484Z [command]/usr/bin/git config --local --name-only --get-regexp core\.sshCommand
2026-10-08T13:57:57.8564957Z [command]/usr/bin/git submodule foreach --recursive sh -c "git config --local --name-only --get-regexp 'core\.sshCommand' && git config --local --unset-all 'core.sshCommand' || :"
2026-10-08T13:57:57.9040510Z [command]/usr/bin/git config --local --name-only --get-regexp http\.https\:\/\/github\.com\/\.extraheader
2026-10-08T13:57:57.9086395Z [command]/usr/bin/git submodule foreach --recursive sh -c "git config --local --name-only --get-regexp 'http\.https\:\/\/github\.com\/\.extraheader' && git config --local --unset-all 'http.https://github.com/.extraheader' || :"
2026-10-08T13:57:57.9352925Z [command]/usr/bin/git config --local --name-only --get-regexp ^includeIf\.gitdir:
2026-10-08T13:57:57.9394425Z [command]/usr/bin/git submodule foreach --recursive git config --local --show-origin --name-only --get-regexp remote.origin.url
2026-10-08T13:57:57.9657293Z [command]/usr/bin/git config --local http.https://github.com/.extraheader AUTHORIZATION: basic ***
2026-10-08T13:57:57.9701431Z ##[endgroup]
2026-10-08T13:57:57.9702703Z ##[group]Fetching the repository
2026-10-08T13:57:57.9711201Z [command]/usr/bin/git -c protocol.version=2 fetch --no-tags --prune --no-recurse-submodules --depth=1 origin +2d74ede71d003a42de29850cc9b9dad9fa798831:refs/remotes/origin/codex/prelaunch-beta
2026-10-08T13:57:58.8928841Z From https://github.com/DD7780/Cocreate
2026-10-08T13:57:58.8930184Z  * [new ref]         2d74ede71d003a42de29850cc9b9dad9fa798831 -> origin/codex/prelaunch-beta
2026-10-08T13:57:58.8942352Z ##[endgroup]
2026-10-08T13:57:58.8956591Z ##[group]Determining the checkout info
2026-10-08T13:57:58.8958488Z ##[endgroup]
2026-10-08T13:57:58.8959764Z [command]/usr/bin/git sparse-checkout disable
2026-10-08T13:57:58.9005341Z [command]/usr/bin/git config --local --unset-all extensions.worktreeConfig
2026-10-08T13:57:58.9047436Z ##[group]Checking out the ref
2026-10-08T13:57:58.9053320Z [command]/usr/bin/git checkout --progress --force -B codex/prelaunch-beta refs/remotes/origin/codex/prelaunch-beta
2026-10-08T13:57:59.0108211Z Switched to a new branch 'codex/prelaunch-beta'
2026-10-08T13:57:59.0110884Z branch 'codex/prelaunch-beta' set up to track 'origin/codex/prelaunch-beta'.
2026-10-08T13:57:59.0126108Z ##[endgroup]
2026-10-08T13:57:59.0171092Z [command]/usr/bin/git log -1 --format=%H
2026-10-08T13:57:59.0202838Z 2d74ede71d003a42de29850cc9b9dad9fa798831
2026-10-08T13:57:59.0630068Z ##[group]Run pnpm/action-setup@f40ffcd9367d9f12939873eb1018b921a783ffaa
2026-10-08T13:57:59.0632091Z with:
2026-10-08T13:57:59.0633021Z   version: 10.18.3
2026-10-08T13:57:59.0634034Z   dest: ~/setup-pnpm
2026-10-08T13:57:59.0635251Z   run_install: null
2026-10-08T13:57:59.0636289Z   cache: false
2026-10-08T13:57:59.0637373Z   cache_dependency_path: pnpm-lock.yaml
2026-10-08T13:57:59.0638767Z   package_json_file: package.json
2026-10-08T13:57:59.0640010Z   standalone: false
2026-10-08T13:57:59.0641020Z ##[endgroup]
2026-10-08T13:57:59.2272920Z ##[group]Running self-installer...
2026-10-08T13:57:59.7954163Z (node:2018) [DEP0169] DeprecationWarning: `url.parse()` behavior is not standardized and prone to errors that have security implications. Use the WHATWG URL API instead. CVEs are not issued for `url.parse()` vulnerabilities.
2026-10-08T13:57:59.7955900Z (Use `node --trace-deprecation ...` to show where the warning was created)
2026-10-08T13:57:59.9435993Z Progress: resolved 1, reused 0, downloaded 0, added 0
2026-10-08T13:57:59.9552044Z Packages: +1
2026-10-08T13:57:59.9552867Z +
2026-10-08T13:58:00.3585819Z Progress: resolved 1, reused 0, downloaded 1, added 1, done
2026-10-08T13:58:00.3877219Z 
2026-10-08T13:58:00.3877664Z dependencies:
2026-10-08T13:58:00.3878197Z + pnpm 10.18.3 (12.10.1 is available)
2026-10-08T13:58:00.3878440Z 
2026-10-08T13:58:00.3911356Z Done in 953ms
2026-10-08T13:58:00.4119216Z ##[endgroup]
2026-10-08T13:58:00.4119864Z Installation Completed!
2026-10-08T13:58:00.4326227Z ##[group]Run actions/setup-node@49933ea5288caeca8642d1e84afbd3f7d6820020
2026-10-08T13:58:00.4326708Z with:
2026-10-08T13:58:00.4326961Z   node-version: 22
2026-10-08T13:58:00.4327210Z   cache: pnpm
2026-10-08T13:58:00.4327447Z   always-auth: false
2026-10-08T13:58:00.4327704Z   check-latest: false
2026-10-08T13:58:00.4330429Z   token: ***
2026-10-08T13:58:00.4330672Z env:
2026-10-08T13:58:00.4330968Z   PNPM_HOME: /home/runner/setup-pnpm/node_modules/.bin
2026-10-08T13:58:00.4331321Z ##[endgroup]
2026-10-08T13:58:00.5863488Z Found in cache @ /opt/hostedtoolcache/node/22.23.3/x64
2026-10-08T13:58:00.5869264Z (node:2032) [DEP0040] DeprecationWarning: The `punycode` module is deprecated. Please use a userland alternative instead.
2026-10-08T13:58:00.5870298Z (Use `node --trace-deprecation ...` to show where the warning was created)
2026-10-08T13:58:00.5872305Z ##[group]Environment details
2026-10-08T13:58:03.0497361Z node: v22.23.3
2026-10-08T13:58:03.0498147Z npm: 10.9.9
2026-10-08T13:58:03.0498835Z yarn: 1.22.22
2026-10-08T13:58:03.0500180Z ##[endgroup]
2026-10-08T13:58:03.0527074Z [command]/home/runner/setup-pnpm/node_modules/.bin/pnpm store path --silent
2026-10-08T13:58:03.5800822Z /home/runner/setup-pnpm/node_modules/.bin/store/v10
2026-10-08T13:58:03.6556799Z pnpm cache is not found
2026-10-08T13:58:03.6690859Z ##[group]Run pnpm install --frozen-lockfile
2026-10-08T13:58:03.6691284Z [36;1mpnpm install --frozen-lockfile[0m
2026-10-08T13:58:03.7160877Z shell: /usr/bin/bash -e {0}
2026-10-08T13:58:03.7161213Z env:
2026-10-08T13:58:03.7161492Z   PNPM_HOME: /home/runner/setup-pnpm/node_modules/.bin
2026-10-08T13:58:03.7161827Z ##[endgroup]
2026-10-08T13:58:04.0994108Z Lockfile is up to date, resolution step is skipped
2026-10-08T13:58:04.1573290Z Progress: resolved 1, reused 0, downloaded 0, added 0
2026-10-08T13:58:04.2251060Z Packages: +408
2026-10-08T13:58:04.2276056Z ++++++++++++++++++++++++++++++++++++++++++++++++++++++++++++++++++++++++++++++++
2026-10-08T13:58:05.1606600Z Progress: resolved 408, reused 0, downloaded 140, added 89
2026-10-08T13:58:06.1596243Z Progress: resolved 408, reused 0, downloaded 254, added 189
2026-10-08T13:58:07.1786728Z Progress: resolved 408, reused 0, downloaded 352, added 255
2026-10-08T13:58:08.1769620Z Progress: resolved 408, reused 0, downloaded 407, added 407
2026-10-08T13:58:08.4161689Z Progress: resolved 408, reused 0, downloaded 408, added 408, done
2026-10-08T13:58:08.5565114Z .../node_modules/@prisma/engines postinstall$ node scripts/postinstall.js
2026-10-08T13:58:08.5883503Z .../esbuild@0.28.2/node_modules/esbuild postinstall$ node install.js
2026-10-08T13:58:08.5895652Z .../esbuild@0.28.1/node_modules/esbuild postinstall$ node install.js
2026-10-08T13:58:08.5915356Z .../esbuild@0.25.12/node_modules/esbuild postinstall$ node install.js
2026-10-08T13:58:08.6414134Z .../node_modules/workerd postinstall$ node install.js
2026-10-08T13:58:08.7219655Z .../esbuild@0.28.1/node_modules/esbuild postinstall: Done
2026-10-08T13:58:08.7246827Z .../esbuild@0.28.2/node_modules/esbuild postinstall: Done
2026-10-08T13:58:08.7666457Z .../esbuild@0.25.12/node_modules/esbuild postinstall: Done
2026-10-08T13:58:08.8482949Z .../node_modules/workerd postinstall: Done
2026-10-08T13:58:09.3084985Z .../node_modules/@prisma/engines postinstall: Done
2026-10-08T13:58:09.6528107Z .../node_modules/prisma preinstall$ node scripts/preinstall-entry.js
2026-10-08T13:58:09.7206130Z .../node_modules/prisma preinstall: Done
2026-10-08T13:58:09.9830103Z 
2026-10-08T13:58:09.9830676Z dependencies:
2026-10-08T13:58:09.9831186Z + @cloudflare/containers 0.3.7
2026-10-08T13:58:09.9831701Z + @supabase/server 1.8.0
2026-10-08T13:58:09.9832184Z + @supabase/supabase-js 2.117.0
2026-10-08T13:58:09.9832875Z + @tiptap/extension-collaboration 3.31.3
2026-10-08T13:58:09.9833570Z + @tiptap/extension-collaboration-caret 3.31.3
2026-10-08T13:58:09.9834115Z + @tiptap/react 3.31.3
2026-10-08T13:58:09.9834537Z + @tiptap/starter-kit 3.31.3
2026-10-08T13:58:09.9835183Z + @vitejs/plugin-react 5.2.0
2026-10-08T13:58:09.9835604Z + cross-env 10.1.0
2026-10-08T13:58:09.9835948Z + dotenv 17.4.2
2026-10-08T13:58:09.9836297Z + esbuild 0.25.12
2026-10-08T13:58:09.9836747Z + esbuild-wasm 0.25.12
2026-10-08T13:58:09.9837118Z + express 5.2.1
2026-10-08T13:58:09.9837483Z + lucide-react 0.468.0
2026-10-08T13:58:09.9837862Z + react 19.2.8
2026-10-08T13:58:09.9838212Z + react-dom 19.2.8
2026-10-08T13:58:09.9838548Z + vite 7.3.6
2026-10-08T13:58:09.9838860Z + ws 8.21.3
2026-10-08T13:58:09.9839199Z + y-protocols 1.0.7
2026-10-08T13:58:09.9839554Z + yjs 13.6.32
2026-10-08T13:58:09.9839743Z 
2026-10-08T13:58:09.9839901Z devDependencies:
2026-10-08T13:58:09.9840306Z + @prisma/adapter-pg 7.10.0
2026-10-08T13:58:09.9840736Z + @prisma/client 7.10.0
2026-10-08T13:58:09.9841134Z + @types/express 5.0.6
2026-10-08T13:58:09.9841524Z + @types/node 22.20.1
2026-10-08T13:58:09.9841901Z + @types/pg 8.23.1
2026-10-08T13:58:09.9842271Z + @types/react 19.2.18
2026-10-08T13:58:09.9842670Z + @types/react-dom 19.2.7
2026-10-08T13:58:09.9843317Z + @types/ws 8.18.1
2026-10-08T13:58:09.9843676Z + pg 8.23.0
2026-10-08T13:58:09.9843989Z + prisma 7.10.0
2026-10-08T13:58:09.9844405Z + tsx 4.23.13
2026-10-08T13:58:09.9845014Z + typescript 5.9.3
2026-10-08T13:58:09.9845469Z + wrangler 4.131.1
2026-10-08T13:58:09.9845749Z 
2026-10-08T13:58:10.1228864Z Done in 6.3s using pnpm v10.18.3
2026-10-08T13:58:10.1813403Z ##[group]Run pnpm check:boundaries
2026-10-08T13:58:10.1813736Z [36;1mpnpm check:boundaries[0m
2026-10-08T13:58:10.1888374Z shell: /usr/bin/bash -e {0}
2026-10-08T13:58:10.1888636Z env:
2026-10-08T13:58:10.1888894Z   PNPM_HOME: /home/runner/setup-pnpm/node_modules/.bin
2026-10-08T13:58:10.1889244Z ##[endgroup]
2026-10-08T13:58:10.4977794Z 
2026-10-08T13:58:10.4978504Z > cocreate@1.0.0 check:boundaries /home/runner/work/Cocreate/Cocreate
2026-10-08T13:58:10.4979379Z > tsx scripts/codebase-audit.ts --check
2026-10-08T13:58:10.4979746Z 
2026-10-08T13:58:12.4208890Z Audited 143 files; 1 static candidates; 0 boundary violations.
2026-10-08T13:58:12.4210847Z Jev: 0 physical requests, 0 input tokens with known usage, known-usage estimate $0.000000; unknown requests retain their reservation.
2026-10-08T13:58:12.4212300Z Report: artifacts/codebase-audit/report.json
2026-10-08T13:58:12.4616952Z ##[group]Run pnpm build
2026-10-08T13:58:12.4617232Z [36;1mpnpm build[0m
2026-10-08T13:58:12.4690099Z shell: /usr/bin/bash -e {0}
2026-10-08T13:58:12.4690349Z env:
2026-10-08T13:58:12.4690605Z   PNPM_HOME: /home/runner/setup-pnpm/node_modules/.bin
2026-10-08T13:58:12.4690925Z ##[endgroup]
2026-10-08T13:58:12.7895680Z 
2026-10-08T13:58:12.7896753Z > cocreate@1.0.0 build /home/runner/work/Cocreate/Cocreate
2026-10-08T13:58:12.7898146Z > tsc --noEmit && vite build --configLoader runner
2026-10-08T13:58:12.7898707Z 
2026-10-08T13:58:21.0555940Z [36mvite v7.3.6 [32mbuilding client environment for production...[36m[39m
2026-10-08T13:58:21.1323258Z transforming...
2026-10-08T13:58:24.8786496Z [32m✓[39m 1749 modules transformed.
2026-10-08T13:58:25.1221371Z rendering chunks...
2026-10-08T13:58:25.3608603Z computing gzip size...
2026-10-08T13:58:25.3835313Z [2mdist/[22m[32mindex.html                           [39m[1m[2m  0.44 kB[22m[1m[22m[2m │ gzip:   0.30 kB[22m
2026-10-08T13:58:25.3836759Z [2mdist/[22m[2massets/[22m[35mApp-BqUO_rW7.css              [39m[1m[2m  2.56 kB[22m[1m[22m[2m │ gzip:   0.85 kB[22m
2026-10-08T13:58:25.3838575Z [2mdist/[22m[2massets/[22m[35mLandingPage-CNj4pefA.css      [39m[1m[2m 13.13 kB[22m[1m[22m[2m │ gzip:   2.95 kB[22m
2026-10-08T13:58:25.3840507Z [2mdist/[22m[2massets/[22m[35mindex-cyLHvudv.css            [39m[1m[2m 75.38 kB[22m[1m[22m[2m │ gzip:  14.48 kB[22m
2026-10-08T13:58:25.3841788Z [33m
2026-10-08T13:58:25.3843053Z [2mdist/[22m[2massets/[22m[36musers-S0nR_fpD.js             [39m[1m[2m  0.69 kB[22m[1m[22m[2m │ gzip:   0.39 kB[22m
2026-10-08T13:58:25.3844528Z (!) Some chunks are larger than 500 kB after minification. Consider:
2026-10-08T13:58:25.3845784Z - Using dynamic import() to code-split the application
2026-10-08T13:58:25.3847259Z [2mdist/[22m[2massets/[22m[36mcreateLucideIcon-DS0f-70M.js  [39m[1m[2m  0.89 kB[22m[1m[22m[2m │ gzip:   0.55 kB[22m
2026-10-08T13:58:25.3848877Z - Use build.rollupOptions.output.manualChunks to improve chunking: https://rollupjs.org/configuration-options/#output-manualchunks
2026-10-08T13:58:25.3849992Z [2mdist/[22m[2massets/[22m[36mx-CYlEPbUI.js                 [39m[1m[2m  1.70 kB[22m[1m[22m[2m │ gzip:   0.78 kB[22m
2026-10-08T13:58:25.3851160Z - Adjust chunk size limit for this warning via build.chunkSizeWarningLimit.[39m
2026-10-08T13:58:25.3852063Z [2mdist/[22m[2massets/[22m[36mLandingPage-CklZAjP2.js       [39m[1m[2m 15.33 kB[22m[1m[22m[2m │ gzip:   4.92 kB[22m
2026-10-08T13:58:25.3853370Z [2mdist/[22m[2massets/[22m[36mProjectApp-CEhcL8gy.js        [39m[1m[2m 29.68 kB[22m[1m[22m[2m │ gzip:   9.01 kB[22m
2026-10-08T13:58:25.3854917Z [2mdist/[22m[2massets/[22m[36mindex-5SCWldx6.js             [39m[1m[2m421.72 kB[22m[1m[22m[2m │ gzip: 121.23 kB[22m
2026-10-08T13:58:25.3856497Z [2mdist/[22m[2massets/[22m[36mApp-thYYHyMP.js               [39m[1m[33m583.75 kB[39m[22m[2m │ gzip: 185.76 kB[22m
2026-10-08T13:58:25.3857895Z [32m✓ built in 4.29s[39m
2026-10-08T13:58:25.4527011Z ##[group]Run node --input-type=module <<'NODE'
2026-10-08T13:58:25.4527417Z [36;1mnode --input-type=module <<'NODE'[0m
2026-10-08T13:58:25.4527714Z [36;1mimport fs from 'node:fs';[0m
2026-10-08T13:58:25.4528019Z [36;1mimport {spawnSync} from 'node:child_process';[0m
2026-10-08T13:58:25.4528550Z [36;1mconst {image_vars} = JSON.parse(fs.readFileSync('wrangler.jsonc', 'utf8')).containers[0];[0m
2026-10-08T13:58:25.4529298Z [36;1mconst names = ['VITE_COCREATE_AUTH_MODE', 'VITE_COCREATE_APP_ORIGIN', 'VITE_SUPABASE_URL', 'VITE_SUPABASE_PUBLISHABLE_KEY'];[0m
2026-10-08T13:58:25.4529907Z [36;1mconst args = ['build', '--tag', 'cocreate-check'];[0m
2026-10-08T13:58:25.4530252Z [36;1mfor (const name of names) {[0m
2026-10-08T13:58:25.4530722Z [36;1m  if (typeof image_vars[name] !== 'string') throw new Error(`Missing public build variable: ${name}`);[0m
2026-10-08T13:58:25.4531273Z [36;1m  args.push('--build-arg', `${name}=${image_vars[name]}`);[0m
2026-10-08T13:58:25.4531634Z [36;1m}[0m
2026-10-08T13:58:25.4531943Z [36;1mconst result = spawnSync('docker', [...args, '.'], {stdio: 'inherit'});[0m
2026-10-08T13:58:25.4532358Z [36;1mif (result.error) throw result.error;[0m
2026-10-08T13:58:25.4532662Z [36;1mprocess.exit(result.status ?? 1);[0m
2026-10-08T13:58:25.4532924Z [36;1mNODE[0m
2026-10-08T13:58:25.4607614Z shell: /usr/bin/bash -e {0}
2026-10-08T13:58:25.4607866Z env:
2026-10-08T13:58:25.4608121Z   PNPM_HOME: /home/runner/setup-pnpm/node_modules/.bin
2026-10-08T13:58:25.4608433Z ##[endgroup]
2026-10-08T13:58:25.8913273Z #0 building with "default" instance using docker driver
2026-10-08T13:58:25.8913863Z 
2026-10-08T13:58:25.8914220Z #1 [internal] load build definition from Dockerfile
2026-10-08T13:58:26.0924353Z #1 transferring dockerfile: 1.37kB done
2026-10-08T13:58:26.0925006Z #1 DONE 0.0s
2026-10-08T13:58:26.0925240Z 
2026-10-08T13:58:26.0925856Z #2 [auth] library/node:pull token for registry-1.docker.io
2026-10-08T13:58:26.0926534Z #2 DONE 0.0s
2026-10-08T13:58:26.0926795Z 
2026-10-08T13:58:26.0927375Z #3 [internal] load metadata for docker.io/library/node:22-bookworm-slim
2026-10-08T13:58:26.2207999Z #3 DONE 0.3s
2026-10-08T13:58:26.3402985Z 
2026-10-08T13:58:26.3406305Z #4 [internal] load .dockerignore
2026-10-08T13:58:26.3407355Z #4 transferring context: 248B done
2026-10-08T13:58:26.3408174Z #4 DONE 0.0s
2026-10-08T13:58:26.3408635Z 
2026-10-08T13:58:26.3410167Z #5 [ 1/11] FROM docker.io/library/node:22-bookworm-slim@sha256:c3de60bf2f9dd0ac6370e6117950ff62d6e339527e7472301c9c78a017978392
2026-10-08T13:58:26.3413017Z #5 resolve docker.io/library/node:22-bookworm-slim@sha256:c3de60bf2f9dd0ac6370e6117950ff62d6e339527e7472301c9c78a017978392 done
2026-10-08T13:58:26.3416316Z #5 sha256:2cfab517365cfc6b4bd1f8c4cb01754884ef75bc38758b3c41e291c696f019f5 1.71MB / 1.71MB 0.1s done
2026-10-08T13:58:26.3419072Z #5 sha256:a8de9fa052209313d8e45435a8486e29b20eebaa820e2e7f63a7c3c94b4fa567 0B / 448B 0.1s
2026-10-08T13:58:26.3422185Z #5 sha256:c3de60bf2f9dd0ac6370e6117950ff62d6e339527e7472301c9c78a017978392 5.22kB / 5.22kB done
2026-10-08T13:58:26.3425397Z #5 sha256:efd0ab5780c2d9ab1f0f869571a00d5edb17793bff4cce4a2792e3eb0ffc7562 1.93kB / 1.93kB done
2026-10-08T13:58:26.3427665Z #5 sha256:d0a16be756b6ec6658aecb8b7bcf87fa6c7d0d7fcc6ca53ad14bb49a4c90bdd7 6.77kB / 6.77kB done
2026-10-08T13:58:26.3430359Z #5 sha256:7fd1ebe418b5079d4aa36f416af9b143d127bc75b0155d71cb5fd559b5e04d39 17.83MB / 28.25MB 0.1s
2026-10-08T13:58:26.3433223Z #5 sha256:f0400f4b55b0ad346bf6167a1b64a258e4d73db608c457798ce35e4ffeebfaaf 3.31kB / 3.31kB 0.0s done
2026-10-08T13:58:26.3435471Z #5 sha256:d22c69a95cf463f4cb74462bd2899597ce505d82bd4c01ceddf7845e12f13856 15.73MB / 49.84MB 0.1s
2026-10-08T13:58:26.5689894Z #5 ...
2026-10-08T13:58:26.5690137Z 
2026-10-08T13:58:26.5690423Z #6 [internal] load build context
2026-10-08T13:58:26.5691518Z #6 transferring context: 20.99MB 0.2s done
2026-10-08T13:58:26.5692386Z #6 DONE 0.3s
2026-10-08T13:58:26.5693057Z 
2026-10-08T13:58:26.5694463Z #5 [ 1/11] FROM docker.io/library/node:22-bookworm-slim@sha256:c3de60bf2f9dd0ac6370e6117950ff62d6e339527e7472301c9c78a017978392
2026-10-08T13:58:26.5696636Z #5 sha256:a8de9fa052209313d8e45435a8486e29b20eebaa820e2e7f63a7c3c94b4fa567 448B / 448B 0.1s done
2026-10-08T13:58:26.5698399Z #5 sha256:7fd1ebe418b5079d4aa36f416af9b143d127bc75b0155d71cb5fd559b5e04d39 28.25MB / 28.25MB 0.2s done
2026-10-08T13:58:26.5700168Z #5 sha256:d22c69a95cf463f4cb74462bd2899597ce505d82bd4c01ceddf7845e12f13856 49.84MB / 49.84MB 0.2s done
2026-10-08T13:58:26.5701731Z #5 extracting sha256:7fd1ebe418b5079d4aa36f416af9b143d127bc75b0155d71cb5fd559b5e04d39 0.1s
2026-10-08T13:58:27.5316750Z #5 extracting sha256:7fd1ebe418b5079d4aa36f416af9b143d127bc75b0155d71cb5fd559b5e04d39 1.1s done
2026-10-08T13:58:27.7070042Z #5 extracting sha256:f0400f4b55b0ad346bf6167a1b64a258e4d73db608c457798ce35e4ffeebfaaf done
2026-10-08T13:58:28.5050999Z #5 extracting sha256:d22c69a95cf463f4cb74462bd2899597ce505d82bd4c01ceddf7845e12f13856
2026-10-08T13:58:29.9143860Z #5 extracting sha256:d22c69a95cf463f4cb74462bd2899597ce505d82bd4c01ceddf7845e12f13856 1.3s done
2026-10-08T13:58:29.9165616Z #5 extracting sha256:2cfab517365cfc6b4bd1f8c4cb01754884ef75bc38758b3c41e291c696f019f5
2026-10-08T13:58:30.1421381Z #5 extracting sha256:2cfab517365cfc6b4bd1f8c4cb01754884ef75bc38758b3c41e291c696f019f5 0.0s done
2026-10-08T13:58:30.1423150Z #5 extracting sha256:a8de9fa052209313d8e45435a8486e29b20eebaa820e2e7f63a7c3c94b4fa567 done
2026-10-08T13:58:30.1423936Z #5 DONE 3.8s
2026-10-08T13:58:30.1424140Z 
2026-10-08T13:58:30.1424337Z #7 [ 2/11] WORKDIR /app
2026-10-08T13:58:30.1425441Z #7 DONE 0.0s
2026-10-08T13:58:30.1425648Z 
2026-10-08T13:58:30.1425877Z #8 [ 3/11] RUN corepack enable
2026-10-08T13:58:30.2120617Z #8 DONE 0.2s
2026-10-08T13:58:30.3633867Z 
2026-10-08T13:58:30.3635539Z #9 [ 4/11] RUN apt-get update && apt-get install -y --no-install-recommends bubblewrap util-linux chromium tini && rm -rf /var/lib/apt/lists/*
2026-10-08T13:58:30.3967997Z #9 0.184 Get:1 http://deb.debian.org/debian bookworm InRelease [151 kB]
2026-10-08T13:58:30.5396189Z #9 0.195 Get:2 http://deb.debian.org/debian bookworm-updates InRelease [55.4 kB]
2026-10-08T13:58:30.5397925Z #9 0.195 Get:3 http://deb.debian.org/debian-security bookworm-security InRelease [34.8 kB]
2026-10-08T13:58:30.5399104Z #9 0.260 Get:4 http://deb.debian.org/debian bookworm/main amd64 Packages [8790 kB]
2026-10-08T13:58:30.5400336Z #9 0.327 Get:5 http://deb.debian.org/debian bookworm-updates/main amd64 Packages [6924 B]
2026-10-08T13:58:30.7426845Z #9 0.379 Get:6 http://deb.debian.org/debian-security bookworm-security/main amd64 Packages [349 kB]
2026-10-08T13:58:31.3115748Z #9 1.099 Fetched 9388 kB in 1s (10.2 MB/s)
2026-10-08T13:58:31.7937307Z #9 1.099 Reading package lists...
2026-10-08T13:58:32.3202231Z #9 1.599 Reading package lists...
2026-10-08T13:58:32.4828513Z #9 2.121 Building dependency tree...
2026-10-08T13:58:32.6086439Z #9 2.270 Reading state information...
2026-10-08T13:58:32.6087217Z #9 2.393 util-linux is already the newest version (2.38.1-5+deb12u3).
2026-10-08T13:58:32.6087966Z #9 2.393 util-linux set to manually installed.
2026-10-08T13:58:32.6088647Z #9 2.393 The following additional packages will be installed:
2026-10-08T13:58:32.6089595Z #9 2.393   adwaita-icon-theme at-spi2-common chromium-common dbus dbus-bin dbus-daemon
2026-10-08T13:58:32.6090771Z #9 2.393   dbus-session-bus-common dbus-system-bus-common dbus-user-session
2026-10-08T13:58:32.6091556Z #9 2.393   dconf-gsettings-backend dconf-service dmsetup fontconfig fontconfig-config
2026-10-08T13:58:32.7580230Z #9 2.393   fonts-dejavu-core gtk-update-icon-cache hicolor-icon-theme libapparmor1
2026-10-08T13:58:32.7581175Z #9 2.393   libargon2-1 libasound2 libasound2-data libasyncns0 libatk-bridge2.0-0
2026-10-08T13:58:32.7581960Z #9 2.393   libatk1.0-0 libatspi2.0-0 libavahi-client3 libavahi-common-data
2026-10-08T13:58:32.7582765Z #9 2.393   libavahi-common3 libbrotli1 libbsd0 libcairo-gobject2 libcairo2 libcolord2
2026-10-08T13:58:32.7584079Z #9 2.393   libcryptsetup12 libcups2 libdatrie1 libdav1d6 libdbus-1-3 libdconf1
2026-10-08T13:58:32.7585208Z #9 2.393   libdeflate0 libdevmapper1.02.1 libdouble-conversion3 libdrm-amdgpu1
2026-10-08T13:58:32.7586063Z #9 2.393   libdrm-common libdrm-intel1 libdrm-nouveau2 libdrm-radeon1 libdrm2 libedit2
2026-10-08T13:58:32.7586924Z #9 2.393   libelf1 libepoxy0 libexpat1 libfdisk1 libflac12 libfontconfig1 libfontenc1
2026-10-08T13:58:32.7587813Z #9 2.393   libfreetype6 libfribidi0 libgbm1 libgdk-pixbuf-2.0-0 libgdk-pixbuf2.0-common
2026-10-08T13:58:32.7588676Z #9 2.393   libgl1 libgl1-mesa-dri libglapi-mesa libglib2.0-0 libglvnd0 libglx-mesa0
2026-10-08T13:58:32.7589473Z #9 2.394   libglx0 libgraphite2-3 libgssapi-krb5-2 libgtk-3-0 libgtk-3-common
2026-10-08T13:58:32.7590274Z #9 2.394   libharfbuzz-subset0 libharfbuzz0b libice6 libicu72 libip4tc2 libjbig0
2026-10-08T13:58:32.7591112Z #9 2.394   libjpeg62-turbo libjson-c5 libk5crypto3 libkeyutils1 libkmod2 libkrb5-3
2026-10-08T13:58:32.7591800Z #9 2.394   libkrb5support0 liblcms2-2 liblerc4 libllvm15 libminizip1 libmp3lame0
2026-10-08T13:58:32.7592453Z #9 2.394   libmpg123-0 libncursesw6 libnspr4 libnss3 libogg0 libopenh264-7 libopenjp2-7
2026-10-08T13:58:32.7593118Z #9 2.394   libopus0 libpam-systemd libpango-1.0-0 libpangocairo-1.0-0 libpangoft2-1.0-0
2026-10-08T13:58:32.7593719Z #9 2.394   libpciaccess0 libpixman-1-0 libpng16-16 libproc2-0 libpulse0
2026-10-08T13:58:32.7594500Z #9 2.394   libsensors-config libsensors5 libsm6 libsndfile1 libsqlite3-0 libssl3
2026-10-08T13:58:32.7595280Z #9 2.394   libsystemd-shared libthai-data libthai0 libtiff6 libvorbis0a libvorbisenc2
2026-10-08T13:58:32.7595922Z #9 2.394   libwayland-client0 libwayland-cursor0 libwayland-egl1 libwayland-server0
2026-10-08T13:58:32.7596543Z #9 2.394   libwebp7 libx11-6 libx11-data libx11-xcb1 libxau6 libxaw7 libxcb-dri2-0
2026-10-08T13:58:32.7597168Z #9 2.394   libxcb-dri3-0 libxcb-glx0 libxcb-present0 libxcb-randr0 libxcb-render0
2026-10-08T13:58:32.7597814Z #9 2.394   libxcb-shape0 libxcb-shm0 libxcb-sync1 libxcb-xfixes0 libxcb1 libxcomposite1
2026-10-08T13:58:32.7598443Z #9 2.394   libxcursor1 libxdamage1 libxdmcp6 libxext6 libxfixes3 libxft2 libxi6
2026-10-08T13:58:32.7599068Z #9 2.394   libxinerama1 libxkbcommon0 libxkbfile1 libxml2 libxmu6 libxmuu1 libxnvctrl0
2026-10-08T13:58:32.7599681Z #9 2.394   libxpm4 libxrandr2 libxrender1 libxshmfence1 libxt6 libxtst6 libxv1
2026-10-08T13:58:32.7600269Z #9 2.394   libxxf86dga1 libxxf86vm1 libz3-4 procps shared-mime-info systemd
2026-10-08T13:58:32.7600786Z #9 2.394   systemd-sysv x11-common x11-utils xdg-utils xkb-data
2026-10-08T13:58:32.7601152Z #9 2.395 Suggested packages:
2026-10-08T13:58:32.7601622Z #9 2.395   chromium-l10n chromium-shell chromium-driver libasound2-plugins alsa-utils
2026-10-08T13:58:32.7602248Z #9 2.395   colord cups-common low-memory-monitor krb5-doc krb5-user gvfs liblcms2-utils
2026-10-08T13:58:32.7602878Z #9 2.395   opus-tools pciutils pulseaudio lm-sensors systemd-container systemd-homed
2026-10-08T13:58:32.7603486Z #9 2.395   systemd-userdbd systemd-boot systemd-resolved libfido2-1 libqrencode4
2026-10-08T13:58:32.7604066Z #9 2.395   libtss2-esys-3.0.2-0 libtss2-mu0 libtss2-rc0 polkitd | policykit-1
2026-10-08T13:58:32.7604449Z #9 2.395   mesa-utils
2026-10-08T13:58:32.7604854Z #9 2.395 Recommended packages:
2026-10-08T13:58:32.7605279Z #9 2.395   librsvg2-common upower udev fonts-liberation notification-daemon
2026-10-08T13:58:32.7605868Z #9 2.395   system-config-printer alsa-ucm-conf alsa-topology-conf at-spi2-core
2026-10-08T13:58:32.7606477Z #9 2.395   libgdk-pixbuf2.0-bin libglib2.0-data xdg-user-dirs libgtk-3-bin krb5-locales
2026-10-08T13:58:32.7607054Z #9 2.395   libgpm2 psmisc systemd-timesyncd | time-daemon libnss-systemd
2026-10-08T13:58:32.7607573Z #9 2.395   libfile-mimeinfo-perl libnet-dbus-perl libx11-protocol-perl
2026-10-08T13:58:32.7607953Z #9 2.395   x11-xserver-utils
2026-10-08T13:58:33.2652480Z #9 3.052 The following NEW packages will be installed:
2026-10-08T13:58:33.2656160Z #9 3.052   adwaita-icon-theme at-spi2-common bubblewrap chromium chromium-common dbus
2026-10-08T13:58:33.2658378Z #9 3.052   dbus-bin dbus-daemon dbus-session-bus-common dbus-system-bus-common
2026-10-08T13:58:33.3712448Z #9 3.052   dbus-user-session dconf-gsettings-backend dconf-service dmsetup fontconfig
2026-10-08T13:58:33.3713973Z #9 3.052   fontconfig-config fonts-dejavu-core gtk-update-icon-cache hicolor-icon-theme
2026-10-08T13:58:33.3717265Z #9 3.052   libapparmor1 libargon2-1 libasound2 libasound2-data libasyncns0
2026-10-08T13:58:33.3718171Z #9 3.052   libatk-bridge2.0-0 libatk1.0-0 libatspi2.0-0 libavahi-client3
2026-10-08T13:58:33.3719340Z #9 3.052   libavahi-common-data libavahi-common3 libbrotli1 libbsd0 libcairo-gobject2
2026-10-08T13:58:33.3720507Z #9 3.052   libcairo2 libcolord2 libcryptsetup12 libcups2 libdatrie1 libdav1d6
2026-10-08T13:58:33.3721629Z #9 3.052   libdbus-1-3 libdconf1 libdeflate0 libdevmapper1.02.1 libdouble-conversion3
2026-10-08T13:58:33.3722781Z #9 3.052   libdrm-amdgpu1 libdrm-common libdrm-intel1 libdrm-nouveau2 libdrm-radeon1
2026-10-08T13:58:33.3726000Z #9 3.052   libdrm2 libedit2 libelf1 libepoxy0 libexpat1 libfdisk1 libflac12
2026-10-08T13:58:33.3726595Z #9 3.052   libfontconfig1 libfontenc1 libfreetype6 libfribidi0 libgbm1
2026-10-08T13:58:33.3727170Z #9 3.052   libgdk-pixbuf-2.0-0 libgdk-pixbuf2.0-common libgl1 libgl1-mesa-dri
2026-10-08T13:58:33.3727792Z #9 3.053   libglapi-mesa libglib2.0-0 libglvnd0 libglx-mesa0 libglx0 libgraphite2-3
2026-10-08T13:58:33.3728694Z #9 3.053   libgssapi-krb5-2 libgtk-3-0 libgtk-3-common libharfbuzz-subset0
2026-10-08T13:58:33.3729297Z #9 3.053   libharfbuzz0b libice6 libicu72 libip4tc2 libjbig0 libjpeg62-turbo libjson-c5
2026-10-08T13:58:33.3729923Z #9 3.053   libk5crypto3 libkeyutils1 libkmod2 libkrb5-3 libkrb5support0 liblcms2-2
2026-10-08T13:58:33.3730583Z #9 3.053   liblerc4 libllvm15 libminizip1 libmp3lame0 libmpg123-0 libncursesw6 libnspr4
2026-10-08T13:58:33.3731221Z #9 3.053   libnss3 libogg0 libopenh264-7 libopenjp2-7 libopus0 libpam-systemd
2026-10-08T13:58:33.3731818Z #9 3.053   libpango-1.0-0 libpangocairo-1.0-0 libpangoft2-1.0-0 libpciaccess0
2026-10-08T13:58:33.3732455Z #9 3.053   libpixman-1-0 libpng16-16 libproc2-0 libpulse0 libsensors-config libsensors5
2026-10-08T13:58:33.3734564Z #9 3.053   libsm6 libsndfile1 libsqlite3-0 libssl3 libsystemd-shared libthai-data
2026-10-08T13:58:33.3735461Z #9 3.053   libthai0 libtiff6 libvorbis0a libvorbisenc2 libwayland-client0
2026-10-08T13:58:33.3736057Z #9 3.053   libwayland-cursor0 libwayland-egl1 libwayland-server0 libwebp7 libx11-6
2026-10-08T13:58:33.3736644Z #9 3.053   libx11-data libx11-xcb1 libxau6 libxaw7 libxcb-dri2-0 libxcb-dri3-0
2026-10-08T13:58:33.3737226Z #9 3.053   libxcb-glx0 libxcb-present0 libxcb-randr0 libxcb-render0 libxcb-shape0
2026-10-08T13:58:33.3737839Z #9 3.053   libxcb-shm0 libxcb-sync1 libxcb-xfixes0 libxcb1 libxcomposite1 libxcursor1
2026-10-08T13:58:33.3738447Z #9 3.053   libxdamage1 libxdmcp6 libxext6 libxfixes3 libxft2 libxi6 libxinerama1
2026-10-08T13:58:33.3740437Z #9 3.053   libxkbcommon0 libxkbfile1 libxml2 libxmu6 libxmuu1 libxnvctrl0 libxpm4
2026-10-08T13:58:33.3741070Z #9 3.053   libxrandr2 libxrender1 libxshmfence1 libxt6 libxtst6 libxv1 libxxf86dga1
2026-10-08T13:58:33.3741667Z #9 3.054   libxxf86vm1 libz3-4 procps shared-mime-info systemd systemd-sysv tini
2026-10-08T13:58:33.3742132Z #9 3.054   x11-common x11-utils xdg-utils xkb-data
2026-10-08T13:58:33.3742598Z #9 3.089 0 upgraded, 176 newly installed, 0 to remove and 1 not upgraded.
2026-10-08T13:58:33.3743014Z #9 3.089 Need to get 207 MB of archives.
2026-10-08T13:58:33.3743457Z #9 3.089 After this operation, 734 MB of additional disk space will be used.
2026-10-08T13:58:33.3746060Z #9 3.089 Get:1 http://deb.debian.org/debian-security bookworm-security/main amd64 libssl3 amd64 3.0.22-1~deb12u1 [2039 kB]
2026-10-08T13:58:33.3746993Z #9 3.101 Get:2 http://deb.debian.org/debian bookworm/main amd64 libargon2-1 amd64 0~20171227-0.3+deb12u1 [19.4 kB]
2026-10-08T13:58:33.3747792Z #9 3.103 Get:3 http://deb.debian.org/debian bookworm/main amd64 dmsetup amd64 2:1.02.185-2 [82.0 kB]
2026-10-08T13:58:33.3750199Z #9 3.104 Get:4 http://deb.debian.org/debian bookworm/main amd64 libdevmapper1.02.1 amd64 2:1.02.185-2 [133 kB]
2026-10-08T13:58:33.3751062Z #9 3.106 Get:5 http://deb.debian.org/debian bookworm/main amd64 libjson-c5 amd64 0.16-2 [44.1 kB]
2026-10-08T13:58:33.3751865Z #9 3.106 Get:6 http://deb.debian.org/debian bookworm/main amd64 libcryptsetup12 amd64 2:2.6.1-4~deb12u2 [223 kB]
2026-10-08T13:58:33.3752683Z #9 3.107 Get:7 http://deb.debian.org/debian bookworm/main amd64 libfdisk1 amd64 2.38.1-5+deb12u3 [194 kB]
2026-10-08T13:58:33.3753446Z #9 3.109 Get:8 http://deb.debian.org/debian bookworm/main amd64 libkmod2 amd64 30+20221128-1 [57.9 kB]
2026-10-08T13:58:33.3755954Z #9 3.110 Get:9 http://deb.debian.org/debian bookworm/main amd64 libapparmor1 amd64 3.0.8-3 [41.2 kB]
2026-10-08T13:58:33.3756713Z #9 3.110 Get:10 http://deb.debian.org/debian bookworm/main amd64 libip4tc2 amd64 1.8.9-2 [19.0 kB]
2026-10-08T13:58:33.3757513Z #9 3.110 Get:11 http://deb.debian.org/debian bookworm/main amd64 libsystemd-shared amd64 252.39-1~deb12u2 [1696 kB]
2026-10-08T13:58:33.3758458Z #9 3.125 Get:12 http://deb.debian.org/debian bookworm/main amd64 systemd amd64 252.39-1~deb12u2 [3044 kB]
2026-10-08T13:58:33.3760730Z #9 3.137 Get:13 http://deb.debian.org/debian bookworm/main amd64 systemd-sysv amd64 252.39-1~deb12u2 [42.9 kB]
2026-10-08T13:58:33.3761751Z #9 3.138 Get:14 http://deb.debian.org/debian bookworm/main amd64 libdbus-1-3 amd64 1.14.10-1~deb12u1 [201 kB]
2026-10-08T13:58:33.3762554Z #9 3.138 Get:15 http://deb.debian.org/debian bookworm/main amd64 dbus-bin amd64 1.14.10-1~deb12u1 [105 kB]
2026-10-08T13:58:33.3763391Z #9 3.140 Get:16 http://deb.debian.org/debian bookworm/main amd64 dbus-session-bus-common all 1.14.10-1~deb12u1 [78.2 kB]
2026-10-08T13:58:33.3766046Z #9 3.140 Get:17 http://deb.debian.org/debian-security bookworm-security/main amd64 libexpat1 amd64 2.5.0-1+deb12u4 [106 kB]
2026-10-08T13:58:33.3766955Z #9 3.140 Get:18 http://deb.debian.org/debian bookworm/main amd64 dbus-daemon amd64 1.14.10-1~deb12u1 [184 kB]
2026-10-08T13:58:33.3767809Z #9 3.141 Get:19 http://deb.debian.org/debian bookworm/main amd64 dbus-system-bus-common all 1.14.10-1~deb12u1 [79.3 kB]
2026-10-08T13:58:33.3768620Z #9 3.142 Get:20 http://deb.debian.org/debian bookworm/main amd64 dbus amd64 1.14.10-1~deb12u1 [97.4 kB]
2026-10-08T13:58:33.3770768Z #9 3.142 Get:21 http://deb.debian.org/debian bookworm/main amd64 libncursesw6 amd64 6.4-4 [134 kB]
2026-10-08T13:58:33.3771559Z #9 3.143 Get:22 http://deb.debian.org/debian bookworm/main amd64 libproc2-0 amd64 2:4.0.2-3 [62.8 kB]
2026-10-08T13:58:33.3772272Z #9 3.146 Get:23 http://deb.debian.org/debian bookworm/main amd64 procps amd64 2:4.0.2-3 [709 kB]
2026-10-08T13:58:33.3773029Z #9 3.147 Get:24 http://deb.debian.org/debian bookworm/main amd64 libpam-systemd amd64 252.39-1~deb12u2 [226 kB]
2026-10-08T13:58:33.3773830Z #9 3.148 Get:25 http://deb.debian.org/debian bookworm/main amd64 hicolor-icon-theme all 0.17-2 [11.4 kB]
2026-10-08T13:58:33.3777092Z #9 3.149 Get:26 http://deb.debian.org/debian bookworm/main amd64 libgdk-pixbuf2.0-common all 2.42.10+dfsg-1+deb12u4 [307 kB]
2026-10-08T13:58:33.3777977Z #9 3.152 Get:27 http://deb.debian.org/debian bookworm/main amd64 libglib2.0-0 amd64 2.74.6-2+deb12u9 [1403 kB]
2026-10-08T13:58:33.3778754Z #9 3.158 Get:28 http://deb.debian.org/debian bookworm/main amd64 libicu72 amd64 72.1-3+deb12u1 [9376 kB]
2026-10-08T13:58:33.4730287Z #9 3.194 Get:29 http://deb.debian.org/debian bookworm/main amd64 libxml2 amd64 2.9.14+dfsg-1.3~deb12u6 [689 kB]
2026-10-08T13:58:33.4736623Z #9 3.197 Get:30 http://deb.debian.org/debian bookworm/main amd64 shared-mime-info amd64 2.2-1 [729 kB]
2026-10-08T13:58:33.4738256Z #9 3.200 Get:31 http://deb.debian.org/debian bookworm/main amd64 libjpeg62-turbo amd64 1:2.1.5-2 [166 kB]
2026-10-08T13:58:33.4739972Z #9 3.201 Get:32 http://deb.debian.org/debian-security bookworm-security/main amd64 libpng16-16 amd64 1.6.39-2+deb12u6 [277 kB]
2026-10-08T13:58:33.4741884Z #9 3.202 Get:33 http://deb.debian.org/debian bookworm/main amd64 libdeflate0 amd64 1.14-1 [61.4 kB]
2026-10-08T13:58:33.4743413Z #9 3.204 Get:34 http://deb.debian.org/debian bookworm/main amd64 libjbig0 amd64 2.1-6.1 [31.7 kB]
2026-10-08T13:58:33.4744524Z #9 3.204 Get:35 http://deb.debian.org/debian bookworm/main amd64 liblerc4 amd64 4.0.0+ds-2 [170 kB]
2026-10-08T13:58:33.4745631Z #9 3.205 Get:36 http://deb.debian.org/debian bookworm/main amd64 libwebp7 amd64 1.2.4-0.2+deb12u1 [286 kB]
2026-10-08T13:58:33.4746401Z #9 3.206 Get:37 http://deb.debian.org/debian bookworm/main amd64 libtiff6 amd64 4.5.0-6+deb12u4 [316 kB]
2026-10-08T13:58:33.4747863Z #9 3.207 Get:38 http://deb.debian.org/debian bookworm/main amd64 libgdk-pixbuf-2.0-0 amd64 2.42.10+dfsg-1+deb12u4 [139 kB]
2026-10-08T13:58:33.4750997Z #9 3.208 Get:39 http://deb.debian.org/debian bookworm/main amd64 gtk-update-icon-cache amd64 3.24.38-2~deb12u3 [44.2 kB]
2026-10-08T13:58:33.4753107Z #9 3.208 Get:40 http://deb.debian.org/debian bookworm/main amd64 adwaita-icon-theme all 43-1 [5124 kB]
2026-10-08T13:58:33.4754154Z #9 3.229 Get:41 http://deb.debian.org/debian bookworm/main amd64 at-spi2-common all 2.46.0-5 [162 kB]
2026-10-08T13:58:33.4755662Z #9 3.229 Get:42 http://deb.debian.org/debian bookworm/main amd64 bubblewrap amd64 0.8.0-2+deb12u1 [47.3 kB]
2026-10-08T13:58:33.4756561Z #9 3.230 Get:43 http://deb.debian.org/debian bookworm/main amd64 libasound2-data all 1.2.8-1 [20.5 kB]
2026-10-08T13:58:33.4757980Z #9 3.231 Get:44 http://deb.debian.org/debian bookworm/main amd64 libasound2 amd64 1.2.8-1+b1 [362 kB]
2026-10-08T13:58:33.4758853Z #9 3.232 Get:45 http://deb.debian.org/debian bookworm/main amd64 libatk1.0-0 amd64 2.46.0-5 [49.6 kB]
2026-10-08T13:58:33.4759565Z #9 3.233 Get:46 http://deb.debian.org/debian bookworm/main amd64 libxau6 amd64 1:1.0.9-1 [19.7 kB]
2026-10-08T13:58:33.4760548Z #9 3.234 Get:47 http://deb.debian.org/debian bookworm/main amd64 libbsd0 amd64 0.11.7-2 [117 kB]
2026-10-08T13:58:33.4761836Z #9 3.234 Get:48 http://deb.debian.org/debian bookworm/main amd64 libxdmcp6 amd64 1:1.1.2-3 [26.3 kB]
2026-10-08T13:58:33.4762980Z #9 3.234 Get:49 http://deb.debian.org/debian bookworm/main amd64 libxcb1 amd64 1.15-1 [144 kB]
2026-10-08T13:58:33.4765729Z #9 3.235 Get:50 http://deb.debian.org/debian bookworm/main amd64 libx11-data all 2:1.8.4-2+deb12u2 [292 kB]
2026-10-08T13:58:33.4769073Z #9 3.236 Get:51 http://deb.debian.org/debian bookworm/main amd64 libx11-6 amd64 2:1.8.4-2+deb12u2 [760 kB]
2026-10-08T13:58:33.4770845Z #9 3.240 Get:52 http://deb.debian.org/debian bookworm/main amd64 libxext6 amd64 2:1.3.4-1+b1 [52.9 kB]
2026-10-08T13:58:33.4773352Z #9 3.240 Get:53 http://deb.debian.org/debian bookworm/main amd64 libxi6 amd64 2:1.8-1+b1 [84.2 kB]
2026-10-08T13:58:33.4775031Z #9 3.241 Get:54 http://deb.debian.org/debian bookworm/main amd64 libatspi2.0-0 amd64 2.46.0-5 [75.4 kB]
2026-10-08T13:58:33.4776467Z #9 3.242 Get:55 http://deb.debian.org/debian bookworm/main amd64 libatk-bridge2.0-0 amd64 2.46.0-5 [64.6 kB]
2026-10-08T13:58:33.4777425Z #9 3.242 Get:56 http://deb.debian.org/debian bookworm/main amd64 libbrotli1 amd64 1.0.9-2+b6 [275 kB]
2026-10-08T13:58:33.4778225Z #9 3.244 Get:57 http://deb.debian.org/debian bookworm/main amd64 libfreetype6 amd64 2.12.1+dfsg-5+deb12u4 [398 kB]
2026-10-08T13:58:33.4779002Z #9 3.245 Get:58 http://deb.debian.org/debian bookworm/main amd64 fonts-dejavu-core all 2.37-6 [1068 kB]
2026-10-08T13:58:33.4779768Z #9 3.250 Get:59 http://deb.debian.org/debian bookworm/main amd64 fontconfig-config amd64 2.14.1-4 [315 kB]
2026-10-08T13:58:33.4780831Z #9 3.252 Get:60 http://deb.debian.org/debian bookworm/main amd64 libfontconfig1 amd64 2.14.1-4 [386 kB]
2026-10-08T13:58:33.4782011Z #9 3.253 Get:61 http://deb.debian.org/debian bookworm/main amd64 libpixman-1-0 amd64 0.42.2-1 [546 kB]
2026-10-08T13:58:33.4783686Z #9 3.256 Get:62 http://deb.debian.org/debian bookworm/main amd64 libxcb-render0 amd64 1.15-1 [115 kB]
2026-10-08T13:58:33.4784873Z #9 3.257 Get:63 http://deb.debian.org/debian bookworm/main amd64 libxcb-shm0 amd64 1.15-1 [105 kB]
2026-10-08T13:58:33.4786087Z #9 3.257 Get:64 http://deb.debian.org/debian bookworm/main amd64 libxrender1 amd64 1:0.9.10-1.1 [33.2 kB]
2026-10-08T13:58:33.4787055Z #9 3.258 Get:65 http://deb.debian.org/debian bookworm/main amd64 libcairo2 amd64 1.16.0-7 [575 kB]
2026-10-08T13:58:33.4787845Z #9 3.260 Get:66 http://deb.debian.org/debian bookworm/main amd64 libavahi-common-data amd64 0.8-10+deb12u1 [107 kB]
2026-10-08T13:58:33.5735754Z #9 3.261 Get:67 http://deb.debian.org/debian bookworm/main amd64 libavahi-common3 amd64 0.8-10+deb12u1 [42.1 kB]
2026-10-08T13:58:33.5740251Z #9 3.262 Get:68 http://deb.debian.org/debian bookworm/main amd64 libavahi-client3 amd64 0.8-10+deb12u1 [45.8 kB]
2026-10-08T13:58:33.5742844Z #9 3.263 Get:69 http://deb.debian.org/debian bookworm/main amd64 libkrb5support0 amd64 1.20.1-2+deb12u5 [33.2 kB]
2026-10-08T13:58:33.5744842Z #9 3.264 Get:70 http://deb.debian.org/debian bookworm/main amd64 libk5crypto3 amd64 1.20.1-2+deb12u5 [79.7 kB]
2026-10-08T13:58:33.5747046Z #9 3.264 Get:71 http://deb.debian.org/debian bookworm/main amd64 libkeyutils1 amd64 1.6.3-2 [8808 B]
2026-10-08T13:58:33.5748741Z #9 3.264 Get:72 http://deb.debian.org/debian bookworm/main amd64 libkrb5-3 amd64 1.20.1-2+deb12u5 [332 kB]
2026-10-08T13:58:33.5750535Z #9 3.265 Get:73 http://deb.debian.org/debian bookworm/main amd64 libgssapi-krb5-2 amd64 1.20.1-2+deb12u5 [135 kB]
2026-10-08T13:58:33.5753440Z #9 3.266 Get:74 http://deb.debian.org/debian bookworm/main amd64 libcups2 amd64 2.4.2-3+deb12u9 [245 kB]
2026-10-08T13:58:33.5756155Z #9 3.267 Get:75 http://deb.debian.org/debian bookworm/main amd64 libdav1d6 amd64 1.0.0-2+deb12u1 [513 kB]
2026-10-08T13:58:33.5757570Z #9 3.269 Get:76 http://deb.debian.org/debian bookworm/main amd64 libdouble-conversion3 amd64 3.2.1-1 [41.5 kB]
2026-10-08T13:58:33.5758503Z #9 3.270 Get:77 http://deb.debian.org/debian bookworm/main amd64 libogg0 amd64 1.3.5-3 [23.4 kB]
2026-10-08T13:58:33.5759398Z #9 3.270 Get:78 http://deb.debian.org/debian bookworm/main amd64 libflac12 amd64 1.4.2+ds-2 [198 kB]
2026-10-08T13:58:33.5760293Z #9 3.272 Get:79 http://deb.debian.org/debian bookworm/main amd64 libdrm-common all 2.4.114-1 [7112 B]
2026-10-08T13:58:33.5761422Z #9 3.272 Get:80 http://deb.debian.org/debian bookworm/main amd64 libdrm2 amd64 2.4.114-1+b1 [37.5 kB]
2026-10-08T13:58:33.5762476Z #9 3.272 Get:81 http://deb.debian.org/debian bookworm/main amd64 libwayland-server0 amd64 1.21.0-1 [35.9 kB]
2026-10-08T13:58:33.5763429Z #9 3.273 Get:82 http://deb.debian.org/debian bookworm/main amd64 libgbm1 amd64 22.3.6-1+deb12u2 [38.1 kB]
2026-10-08T13:58:33.5765055Z #9 3.273 Get:83 http://deb.debian.org/debian bookworm/main amd64 libgraphite2-3 amd64 1.3.14-1+deb12u1 [74.6 kB]
2026-10-08T13:58:33.5767020Z #9 3.274 Get:84 http://deb.debian.org/debian bookworm/main amd64 libharfbuzz0b amd64 6.0.0+dfsg-3 [1945 kB]
2026-10-08T13:58:33.5768398Z #9 3.281 Get:85 http://deb.debian.org/debian bookworm/main amd64 libharfbuzz-subset0 amd64 6.0.0+dfsg-3 [1931 kB]
2026-10-08T13:58:33.5769235Z #9 3.289 Get:86 http://deb.debian.org/debian bookworm/main amd64 liblcms2-2 amd64 2.14-2+deb12u1 [154 kB]
2026-10-08T13:58:33.5770932Z #9 3.290 Get:87 http://deb.debian.org/debian bookworm/main amd64 libminizip1 amd64 1.1-8+deb12u1 [20.1 kB]
2026-10-08T13:58:33.5771986Z #9 3.290 Get:88 http://deb.debian.org/debian bookworm/main amd64 libnspr4 amd64 2:4.35-1 [113 kB]
2026-10-08T13:58:33.5772756Z #9 3.291 Get:89 http://deb.debian.org/debian bookworm/main amd64 libsqlite3-0 amd64 3.40.1-2+deb12u2 [839 kB]
2026-10-08T13:58:33.5774006Z #9 3.295 Get:90 http://deb.debian.org/debian-security bookworm-security/main amd64 libnss3 amd64 2:3.87.1-1+deb12u4 [1331 kB]
2026-10-08T13:58:33.5775435Z #9 3.298 Get:91 http://deb.debian.org/debian bookworm/main amd64 libopenh264-7 amd64 2.3.1+dfsg-3+deb12u2 [393 kB]
2026-10-08T13:58:33.5776269Z #9 3.300 Get:92 http://deb.debian.org/debian bookworm/main amd64 libopenjp2-7 amd64 2.5.0-2+deb12u3 [189 kB]
2026-10-08T13:58:33.5777001Z #9 3.301 Get:93 http://deb.debian.org/debian bookworm/main amd64 libopus0 amd64 1.3.1-3 [195 kB]
2026-10-08T13:58:33.5778486Z #9 3.302 Get:94 http://deb.debian.org/debian bookworm/main amd64 fontconfig amd64 2.14.1-4 [449 kB]
2026-10-08T13:58:33.5779381Z #9 3.304 Get:95 http://deb.debian.org/debian bookworm/main amd64 libfribidi0 amd64 1.0.8-2.1 [65.0 kB]
2026-10-08T13:58:33.5780143Z #9 3.305 Get:96 http://deb.debian.org/debian bookworm/main amd64 libthai-data all 0.1.29-1 [176 kB]
2026-10-08T13:58:33.5780908Z #9 3.306 Get:97 http://deb.debian.org/debian bookworm/main amd64 libdatrie1 amd64 0.2.13-2+b1 [43.3 kB]
2026-10-08T13:58:33.5781623Z #9 3.306 Get:98 http://deb.debian.org/debian bookworm/main amd64 libthai0 amd64 0.1.29-1 [57.5 kB]
2026-10-08T13:58:33.5782797Z #9 3.307 Get:99 http://deb.debian.org/debian bookworm/main amd64 libpango-1.0-0 amd64 1.50.12+ds-1 [212 kB]
2026-10-08T13:58:33.5783868Z #9 3.308 Get:100 http://deb.debian.org/debian bookworm/main amd64 libasyncns0 amd64 0.8-6+b3 [12.9 kB]
2026-10-08T13:58:33.5784824Z #9 3.309 Get:101 http://deb.debian.org/debian bookworm/main amd64 libmp3lame0 amd64 3.100-6 [365 kB]
2026-10-08T13:58:33.5785707Z #9 3.310 Get:102 http://deb.debian.org/debian bookworm/main amd64 libmpg123-0 amd64 1.31.2-1+deb12u1 [147 kB]
2026-10-08T13:58:33.5786759Z #9 3.311 Get:103 http://deb.debian.org/debian bookworm/main amd64 libvorbis0a amd64 1.3.7-1 [93.0 kB]
2026-10-08T13:58:33.5788151Z #9 3.312 Get:104 http://deb.debian.org/debian bookworm/main amd64 libvorbisenc2 amd64 1.3.7-1 [80.6 kB]
2026-10-08T13:58:33.5789553Z #9 3.312 Get:105 http://deb.debian.org/debian bookworm/main amd64 libsndfile1 amd64 1.2.0-1+deb12u1 [197 kB]
2026-10-08T13:58:33.5791767Z #9 3.313 Get:106 http://deb.debian.org/debian bookworm/main amd64 libx11-xcb1 amd64 2:1.8.4-2+deb12u2 [192 kB]
2026-10-08T13:58:33.5792795Z #9 3.315 Get:107 http://deb.debian.org/debian bookworm/main amd64 libpulse0 amd64 16.1+dfsg1-2+b1 [274 kB]
2026-10-08T13:58:33.5794101Z #9 3.316 Get:108 http://deb.debian.org/debian bookworm/main amd64 libxcomposite1 amd64 1:0.4.5-1 [16.6 kB]
2026-10-08T13:58:33.5797008Z #9 3.317 Get:109 http://deb.debian.org/debian bookworm/main amd64 libxdamage1 amd64 1:1.1.6-1 [15.1 kB]
2026-10-08T13:58:33.5798025Z #9 3.319 Get:110 http://deb.debian.org/debian bookworm/main amd64 libxfixes3 amd64 1:6.0.0-2 [22.7 kB]
2026-10-08T13:58:33.5799045Z #9 3.320 Get:111 http://deb.debian.org/debian bookworm/main amd64 xkb-data all 2.35.1-1 [764 kB]
2026-10-08T13:58:33.5800153Z #9 3.321 Get:112 http://deb.debian.org/debian bookworm/main amd64 libxkbcommon0 amd64 1.5.0-1 [106 kB]
2026-10-08T13:58:33.5801680Z #9 3.322 Get:113 http://deb.debian.org/debian bookworm/main amd64 libxnvctrl0 amd64 525.85.05-3~deb12u1 [13.5 kB]
2026-10-08T13:58:33.5803004Z #9 3.323 Get:114 http://deb.debian.org/debian bookworm/main amd64 libxrandr2 amd64 2:1.5.2-2+b1 [39.2 kB]
2026-10-08T13:58:33.5804012Z #9 3.323 Get:115 http://deb.debian.org/debian bookworm/main amd64 libcairo-gobject2 amd64 1.16.0-7 [112 kB]
2026-10-08T13:58:33.5805274Z #9 3.324 Get:116 http://deb.debian.org/debian bookworm/main amd64 libcolord2 amd64 1.4.6-2.2 [137 kB]
2026-10-08T13:58:33.5806110Z #9 3.325 Get:117 http://deb.debian.org/debian bookworm/main amd64 libepoxy0 amd64 1.5.10-1 [189 kB]
2026-10-08T13:58:33.5807177Z #9 3.326 Get:118 http://deb.debian.org/debian bookworm/main amd64 libpangoft2-1.0-0 amd64 1.50.12+ds-1 [47.4 kB]
2026-10-08T13:58:33.5808571Z #9 3.326 Get:119 http://deb.debian.org/debian bookworm/main amd64 libpangocairo-1.0-0 amd64 1.50.12+ds-1 [34.2 kB]
2026-10-08T13:58:33.5809912Z #9 3.327 Get:120 http://deb.debian.org/debian bookworm/main amd64 libwayland-client0 amd64 1.21.0-1 [28.3 kB]
2026-10-08T13:58:33.5810728Z #9 3.327 Get:121 http://deb.debian.org/debian bookworm/main amd64 libwayland-cursor0 amd64 1.21.0-1 [14.4 kB]
2026-10-08T13:58:33.5811602Z #9 3.327 Get:122 http://deb.debian.org/debian bookworm/main amd64 libwayland-egl1 amd64 1.21.0-1 [8640 B]
2026-10-08T13:58:33.5812454Z #9 3.328 Get:123 http://deb.debian.org/debian bookworm/main amd64 libxcursor1 amd64 1:1.2.1-1 [40.9 kB]
2026-10-08T13:58:33.5813400Z #9 3.329 Get:124 http://deb.debian.org/debian bookworm/main amd64 libxinerama1 amd64 2:1.1.4-3 [17.8 kB]
2026-10-08T13:58:33.5814240Z #9 3.329 Get:125 http://deb.debian.org/debian bookworm/main amd64 dbus-user-session amd64 1.14.10-1~deb12u1 [78.1 kB]
2026-10-08T13:58:33.5815344Z #9 3.329 Get:126 http://deb.debian.org/debian bookworm/main amd64 libdconf1 amd64 0.40.0-4 [40.9 kB]
2026-10-08T13:58:33.5816097Z #9 3.330 Get:127 http://deb.debian.org/debian bookworm/main amd64 dconf-service amd64 0.40.0-4 [31.6 kB]
2026-10-08T13:58:33.5816886Z #9 3.331 Get:128 http://deb.debian.org/debian bookworm/main amd64 dconf-gsettings-backend amd64 0.40.0-4 [27.8 kB]
2026-10-08T13:58:33.5817706Z #9 3.331 Get:129 http://deb.debian.org/debian bookworm/main amd64 libgtk-3-common all 3.24.38-2~deb12u3 [3895 kB]
2026-10-08T13:58:33.5818501Z #9 3.347 Get:130 http://deb.debian.org/debian bookworm/main amd64 libgtk-3-0 amd64 3.24.38-2~deb12u3 [2847 kB]
2026-10-08T13:58:33.5819259Z #9 3.358 Get:131 http://deb.debian.org/debian bookworm/main amd64 libfontenc1 amd64 1:1.1.4-1 [24.3 kB]
2026-10-08T13:58:33.5819976Z #9 3.359 Get:132 http://deb.debian.org/debian bookworm/main amd64 libglvnd0 amd64 1.6.0-1 [51.8 kB]
2026-10-08T13:58:33.5820732Z #9 3.359 Get:133 http://deb.debian.org/debian bookworm/main amd64 libglapi-mesa amd64 22.3.6-1+deb12u2 [35.9 kB]
2026-10-08T13:58:33.5821486Z #9 3.360 Get:134 http://deb.debian.org/debian bookworm/main amd64 libxcb-dri2-0 amd64 1.15-1 [107 kB]
2026-10-08T13:58:33.5823004Z #9 3.360 Get:135 http://deb.debian.org/debian bookworm/main amd64 libxcb-dri3-0 amd64 1.15-1 [107 kB]
2026-10-08T13:58:33.5824163Z #9 3.361 Get:136 http://deb.debian.org/debian bookworm/main amd64 libxcb-glx0 amd64 1.15-1 [122 kB]
2026-10-08T13:58:33.7056410Z #9 3.362 Get:137 http://deb.debian.org/debian bookworm/main amd64 libxcb-present0 amd64 1.15-1 [105 kB]
2026-10-08T13:58:33.7058206Z #9 3.362 Get:138 http://deb.debian.org/debian bookworm/main amd64 libxcb-randr0 amd64 1.15-1 [117 kB]
2026-10-08T13:58:33.7059572Z #9 3.366 Get:139 http://deb.debian.org/debian bookworm/main amd64 libxcb-sync1 amd64 1.15-1 [109 kB]
2026-10-08T13:58:33.7060543Z #9 3.367 Get:140 http://deb.debian.org/debian bookworm/main amd64 libxcb-xfixes0 amd64 1.15-1 [109 kB]
2026-10-08T13:58:33.7061449Z #9 3.367 Get:141 http://deb.debian.org/debian bookworm/main amd64 libxshmfence1 amd64 1.3-1 [8820 B]
2026-10-08T13:58:33.7062465Z #9 3.367 Get:142 http://deb.debian.org/debian bookworm/main amd64 libxxf86vm1 amd64 1:1.1.4-1+b2 [20.8 kB]
2026-10-08T13:58:33.7063457Z #9 3.367 Get:143 http://deb.debian.org/debian bookworm/main amd64 libdrm-amdgpu1 amd64 2.4.114-1+b1 [20.9 kB]
2026-10-08T13:58:33.7064413Z #9 3.367 Get:144 http://deb.debian.org/debian bookworm/main amd64 libpciaccess0 amd64 0.17-2 [51.4 kB]
2026-10-08T13:58:33.7066350Z #9 3.368 Get:145 http://deb.debian.org/debian bookworm/main amd64 libdrm-intel1 amd64 2.4.114-1+b1 [64.0 kB]
2026-10-08T13:58:33.7069101Z #9 3.368 Get:146 http://deb.debian.org/debian bookworm/main amd64 libdrm-nouveau2 amd64 2.4.114-1+b1 [19.1 kB]
2026-10-08T13:58:33.7071073Z #9 3.370 Get:147 http://deb.debian.org/debian bookworm/main amd64 libdrm-radeon1 amd64 2.4.114-1+b1 [21.8 kB]
2026-10-08T13:58:33.7072424Z #9 3.370 Get:148 http://deb.debian.org/debian bookworm/main amd64 libelf1 amd64 0.188-2.1 [174 kB]
2026-10-08T13:58:33.7073739Z #9 3.371 Get:149 http://deb.debian.org/debian bookworm/main amd64 libedit2 amd64 3.1-20221030-2 [93.0 kB]
2026-10-08T13:58:33.7075249Z #9 3.372 Get:150 http://deb.debian.org/debian bookworm/main amd64 libz3-4 amd64 4.8.12-3.1 [7216 kB]
2026-10-08T13:58:33.7076571Z #9 3.401 Get:151 http://deb.debian.org/debian bookworm/main amd64 libllvm15 amd64 1:15.0.6-4+b1 [23.1 MB]
2026-10-08T13:58:33.7077961Z #9 3.493 Get:152 http://deb.debian.org/debian bookworm/main amd64 libsensors-config all 1:3.6.0-7.1 [14.3 kB]
2026-10-08T13:58:33.8443699Z #9 3.494 Get:153 http://deb.debian.org/debian bookworm/main amd64 libsensors5 amd64 1:3.6.0-7.1 [34.2 kB]
2026-10-08T13:58:33.8445540Z #9 3.496 Get:154 http://deb.debian.org/debian bookworm/main amd64 libgl1-mesa-dri amd64 22.3.6-1+deb12u2 [7240 kB]
2026-10-08T13:58:33.8447701Z #9 3.523 Get:155 http://deb.debian.org/debian bookworm/main amd64 libglx-mesa0 amd64 22.3.6-1+deb12u2 [148 kB]
2026-10-08T13:58:33.8449230Z #9 3.524 Get:156 http://deb.debian.org/debian bookworm/main amd64 libglx0 amd64 1.6.0-1 [34.4 kB]
2026-10-08T13:58:33.8450698Z #9 3.524 Get:157 http://deb.debian.org/debian bookworm/main amd64 libgl1 amd64 1.6.0-1 [88.4 kB]
2026-10-08T13:58:33.8452695Z #9 3.525 Get:158 http://deb.debian.org/debian bookworm/main amd64 x11-common all 1:7.7+23 [252 kB]
2026-10-08T13:58:33.8455171Z #9 3.526 Get:159 http://deb.debian.org/debian bookworm/main amd64 libice6 amd64 2:1.0.10-1 [58.5 kB]
2026-10-08T13:58:33.8456691Z #9 3.527 Get:160 http://deb.debian.org/debian bookworm/main amd64 libsm6 amd64 2:1.2.3-1 [35.1 kB]
2026-10-08T13:58:33.8457915Z #9 3.528 Get:161 http://deb.debian.org/debian bookworm/main amd64 libxt6 amd64 1:1.2.1-1.1 [186 kB]
2026-10-08T13:58:33.8459167Z #9 3.529 Get:162 http://deb.debian.org/debian bookworm/main amd64 libxmu6 amd64 2:1.1.3-3 [60.1 kB]
2026-10-08T13:58:33.8460074Z #9 3.529 Get:163 http://deb.debian.org/debian bookworm/main amd64 libxpm4 amd64 1:3.5.12-1.1+deb12u1 [48.6 kB]
2026-10-08T13:58:33.8463056Z #9 3.529 Get:164 http://deb.debian.org/debian bookworm/main amd64 libxaw7 amd64 2:1.0.14-1 [201 kB]
2026-10-08T13:58:33.8464510Z #9 3.530 Get:165 http://deb.debian.org/debian bookworm/main amd64 libxcb-shape0 amd64 1.15-1 [106 kB]
2026-10-08T13:58:33.8466514Z #9 3.531 Get:166 http://deb.debian.org/debian bookworm/main amd64 libxft2 amd64 2.3.6-1 [61.8 kB]
2026-10-08T13:58:33.8467973Z #9 3.531 Get:167 http://deb.debian.org/debian bookworm/main amd64 libxkbfile1 amd64 1:1.1.0-1 [75.2 kB]
2026-10-08T13:58:33.8469887Z #9 3.532 Get:168 http://deb.debian.org/debian bookworm/main amd64 libxmuu1 amd64 2:1.1.3-3 [23.9 kB]
2026-10-08T13:58:33.8472152Z #9 3.532 Get:169 http://deb.debian.org/debian bookworm/main amd64 libxtst6 amd64 2:1.2.3-1.1 [28.0 kB]
2026-10-08T13:58:33.8481863Z #9 3.533 Get:170 http://deb.debian.org/debian bookworm/main amd64 libxv1 amd64 2:1.0.11-1.1 [24.8 kB]
2026-10-08T13:58:33.8483390Z #9 3.533 Get:171 http://deb.debian.org/debian bookworm/main amd64 libxxf86dga1 amd64 2:1.1.5-1 [22.1 kB]
2026-10-08T13:58:33.8484557Z #9 3.534 Get:172 http://deb.debian.org/debian bookworm/main amd64 x11-utils amd64 7.7+5 [202 kB]
2026-10-08T13:58:33.8486265Z #9 3.535 Get:173 http://deb.debian.org/debian bookworm/main amd64 xdg-utils all 1.1.3-4.1 [75.5 kB]
2026-10-08T13:58:33.8487738Z #9 3.536 Get:174 http://deb.debian.org/debian-security bookworm-security/main amd64 chromium-common amd64 154.0.8037.92-1~deb12u1 [30.5 MB]
2026-10-08T13:58:33.8489130Z #9 3.631 Get:175 http://deb.debian.org/debian-security bookworm-security/main amd64 chromium amd64 154.0.8037.92-1~deb12u1 [80.3 MB]
2026-10-08T13:58:34.0289691Z #9 3.816 Get:176 http://deb.debian.org/debian bookworm/main amd64 tini amd64 0.19.0-1+b3 [267 kB]
2026-10-08T13:58:34.1507460Z #9 3.938 debconf: delaying package configuration, since apt-utils is not installed
2026-10-08T13:58:34.3254532Z #9 3.963 Fetched 207 MB in 1s (276 MB/s)
2026-10-08T13:58:34.3255614Z #9 3.978 Selecting previously unselected package libssl3:amd64.
2026-10-08T13:58:34.3256263Z #9 3.978 (Reading database ... 
2026-10-08T13:58:34.3256583Z (Reading database ... 5%
2026-10-08T13:58:34.3256875Z (Reading database ... 10%
2026-10-08T13:58:34.3257164Z (Reading database ... 15%
2026-10-08T13:58:34.3257461Z (Reading database ... 20%
2026-10-08T13:58:34.3257745Z (Reading database ... 25%
2026-10-08T13:58:34.3258013Z (Reading database ... 30%
2026-10-08T13:58:34.3258283Z (Reading database ... 35%
2026-10-08T13:58:34.3258558Z (Reading database ... 40%
2026-10-08T13:58:34.3258828Z (Reading database ... 45%
2026-10-08T13:58:34.3259092Z (Reading database ... 50%
2026-10-08T13:58:34.3259377Z (Reading database ... 55%
2026-10-08T13:58:34.3259661Z (Reading database ... 60%
2026-10-08T13:58:34.3259945Z (Reading database ... 65%
2026-10-08T13:58:34.3260233Z (Reading database ... 70%
2026-10-08T13:58:34.3260516Z (Reading database ... 75%
2026-10-08T13:58:34.3261167Z (Reading database ... 80%
2026-10-08T13:58:34.3261710Z (Reading database ... 85%
2026-10-08T13:58:34.3262577Z (Reading database ... 90%
2026-10-08T13:58:34.3263089Z (Reading database ... 95%
2026-10-08T13:58:34.3263888Z (Reading database ... 100%
2026-10-08T13:58:34.3264828Z (Reading database ... 6096 files and directories currently installed.)
2026-10-08T13:58:34.3265914Z #9 3.985 Preparing to unpack .../00-libssl3_3.0.22-1~deb12u1_amd64.deb ...
2026-10-08T13:58:34.3266630Z #9 3.986 Unpacking libssl3:amd64 (3.0.22-1~deb12u1) ...
2026-10-08T13:58:34.3267293Z #9 4.112 Selecting previously unselected package libargon2-1:amd64.
2026-10-08T13:58:34.4379685Z #9 4.114 Preparing to unpack .../01-libargon2-1_0~20171227-0.3+deb12u1_amd64.deb ...
2026-10-08T13:58:34.4380655Z #9 4.115 Unpacking libargon2-1:amd64 (0~20171227-0.3+deb12u1) ...
2026-10-08T13:58:34.4381382Z #9 4.129 Selecting previously unselected package dmsetup.
2026-10-08T13:58:34.4382194Z #9 4.130 Preparing to unpack .../02-dmsetup_2%3a1.02.185-2_amd64.deb ...
2026-10-08T13:58:34.4382892Z #9 4.131 Unpacking dmsetup (2:1.02.185-2) ...
2026-10-08T13:58:34.4383650Z #9 4.151 Selecting previously unselected package libdevmapper1.02.1:amd64.
2026-10-08T13:58:34.4384799Z #9 4.153 Preparing to unpack .../03-libdevmapper1.02.1_2%3a1.02.185-2_amd64.deb ...
2026-10-08T13:58:34.4386014Z #9 4.153 Unpacking libdevmapper1.02.1:amd64 (2:1.02.185-2) ...
2026-10-08T13:58:34.4386781Z #9 4.176 Selecting previously unselected package libjson-c5:amd64.
2026-10-08T13:58:34.4387574Z #9 4.177 Preparing to unpack .../04-libjson-c5_0.16-2_amd64.deb ...
2026-10-08T13:58:34.4388254Z #9 4.178 Unpacking libjson-c5:amd64 (0.16-2) ...
2026-10-08T13:58:34.4388993Z #9 4.194 Selecting previously unselected package libcryptsetup12:amd64.
2026-10-08T13:58:34.4389926Z #9 4.195 Preparing to unpack .../05-libcryptsetup12_2%3a2.6.1-4~deb12u2_amd64.deb ...
2026-10-08T13:58:34.4390848Z #9 4.196 Unpacking libcryptsetup12:amd64 (2:2.6.1-4~deb12u2) ...
2026-10-08T13:58:34.4391973Z #9 4.225 Selecting previously unselected package libfdisk1:amd64.
2026-10-08T13:58:34.6455971Z #9 4.227 Preparing to unpack .../06-libfdisk1_2.38.1-5+deb12u3_amd64.deb ...
2026-10-08T13:58:34.6457095Z #9 4.228 Unpacking libfdisk1:amd64 (2.38.1-5+deb12u3) ...
2026-10-08T13:58:34.6458054Z #9 4.253 Selecting previously unselected package libkmod2:amd64.
2026-10-08T13:58:34.6458759Z #9 4.254 Preparing to unpack .../07-libkmod2_30+20221128-1_amd64.deb ...
2026-10-08T13:58:34.6459339Z #9 4.255 Unpacking libkmod2:amd64 (30+20221128-1) ...
2026-10-08T13:58:34.6460003Z #9 4.273 Selecting previously unselected package libapparmor1:amd64.
2026-10-08T13:58:34.6460548Z #9 4.274 Preparing to unpack .../08-libapparmor1_3.0.8-3_amd64.deb ...
2026-10-08T13:58:34.6461123Z #9 4.275 Unpacking libapparmor1:amd64 (3.0.8-3) ...
2026-10-08T13:58:34.6462033Z #9 4.292 Selecting previously unselected package libip4tc2:amd64.
2026-10-08T13:58:34.6462581Z #9 4.293 Preparing to unpack .../09-libip4tc2_1.8.9-2_amd64.deb ...
2026-10-08T13:58:34.6463366Z #9 4.294 Unpacking libip4tc2:amd64 (1.8.9-2) ...
2026-10-08T13:58:34.6464268Z #9 4.308 Selecting previously unselected package libsystemd-shared:amd64.
2026-10-08T13:58:34.6465552Z #9 4.309 Preparing to unpack .../10-libsystemd-shared_252.39-1~deb12u2_amd64.deb ...
2026-10-08T13:58:34.6466221Z #9 4.310 Unpacking libsystemd-shared:amd64 (252.39-1~deb12u2) ...
2026-10-08T13:58:34.6467065Z #9 4.433 Setting up libssl3:amd64 (3.0.22-1~deb12u1) ...
2026-10-08T13:58:34.8353072Z #9 4.450 Selecting previously unselected package systemd.
2026-10-08T13:58:34.8353785Z #9 4.450 (Reading database ... 
2026-10-08T13:58:34.8354236Z (Reading database ... 5%
2026-10-08T13:58:34.8354903Z (Reading database ... 10%
2026-10-08T13:58:34.8355332Z (Reading database ... 15%
2026-10-08T13:58:34.8355749Z (Reading database ... 20%
2026-10-08T13:58:34.8356162Z (Reading database ... 25%
2026-10-08T13:58:34.8356573Z (Reading database ... 30%
2026-10-08T13:58:34.8356984Z (Reading database ... 35%
2026-10-08T13:58:34.8358022Z (Reading database ... 40%
2026-10-08T13:58:34.8358459Z (Reading database ... 45%
2026-10-08T13:58:34.8358875Z (Reading database ... 50%
2026-10-08T13:58:34.8359298Z (Reading database ... 55%
2026-10-08T13:58:34.8359711Z (Reading database ... 60%
2026-10-08T13:58:34.8360124Z (Reading database ... 65%
2026-10-08T13:58:34.8360534Z (Reading database ... 70%
2026-10-08T13:58:34.8360959Z (Reading database ... 75%
2026-10-08T13:58:34.8361368Z (Reading database ... 80%
2026-10-08T13:58:34.8361775Z (Reading database ... 85%
2026-10-08T13:58:34.8362192Z (Reading database ... 90%
2026-10-08T13:58:34.8362589Z (Reading database ... 95%
2026-10-08T13:58:34.8362998Z (Reading database ... 100%
2026-10-08T13:58:34.8363713Z (Reading database ... 6182 files and directories currently installed.)
2026-10-08T13:58:34.8364866Z #9 4.457 Preparing to unpack .../systemd_252.39-1~deb12u2_amd64.deb ...
2026-10-08T13:58:34.8365663Z #9 4.472 Unpacking systemd (252.39-1~deb12u2) ...
2026-10-08T13:58:34.9087492Z #9 4.696 Setting up libargon2-1:amd64 (0~20171227-0.3+deb12u1) ...
2026-10-08T13:58:35.0142665Z #9 4.698 Setting up libjson-c5:amd64 (0.16-2) ...
2026-10-08T13:58:35.0143758Z #9 4.700 Setting up libfdisk1:amd64 (2.38.1-5+deb12u3) ...
2026-10-08T13:58:35.0144247Z #9 4.702 Setting up libkmod2:amd64 (30+20221128-1) ...
2026-10-08T13:58:35.0145141Z #9 4.703 Setting up libapparmor1:amd64 (3.0.8-3) ...
2026-10-08T13:58:35.0145931Z #9 4.706 Setting up libip4tc2:amd64 (1.8.9-2) ...
2026-10-08T13:58:35.0146427Z #9 4.707 Setting up libsystemd-shared:amd64 (252.39-1~deb12u2) ...
2026-10-08T13:58:35.0146969Z #9 4.709 Setting up libdevmapper1.02.1:amd64 (2:1.02.185-2) ...
2026-10-08T13:58:35.0147505Z #9 4.712 Setting up libcryptsetup12:amd64 (2:2.6.1-4~deb12u2) ...
2026-10-08T13:58:35.0147981Z #9 4.714 Setting up systemd (252.39-1~deb12u2) ...
2026-10-08T13:58:35.0149175Z #9 4.726 Created symlink /etc/systemd/system/getty.target.wants/getty@tty1.service → /lib/systemd/system/getty@.service.
2026-10-08T13:58:35.0149702Z 
2026-10-08T13:58:35.0150482Z #9 4.731 Created symlink /etc/systemd/system/multi-user.target.wants/remote-fs.target → /lib/systemd/system/remote-fs.target.
2026-10-08T13:58:35.0151033Z 
2026-10-08T13:58:35.0151794Z #9 4.736 Created symlink /etc/systemd/system/sysinit.target.wants/systemd-pstore.service → /lib/systemd/system/systemd-pstore.service.
2026-10-08T13:58:35.0152410Z 
2026-10-08T13:58:35.0152640Z #9 4.742 Initializing machine ID from random generator.
2026-10-08T13:58:35.0152897Z 
2026-10-08T13:58:35.0153120Z #9 4.767 Creating group 'systemd-journal' with GID 999.
2026-10-08T13:58:35.0153365Z 
2026-10-08T13:58:35.0153566Z #9 4.767 Creating group 'systemd-network' with GID 998.
2026-10-08T13:58:35.0153773Z 
2026-10-08T13:58:35.0154140Z #9 4.767 Creating user 'systemd-network' (systemd Network Management) with UID 998 and GID 998.
2026-10-08T13:58:35.0154497Z 
2026-10-08T13:58:35.0154940Z #9 4.801 Setting up dmsetup (2:1.02.185-2) ...
2026-10-08T13:58:35.1206922Z #9 4.833 Selecting previously unselected package systemd-sysv.
2026-10-08T13:58:35.1208091Z #9 4.833 (Reading database ... 
2026-10-08T13:58:35.1208939Z (Reading database ... 5%
2026-10-08T13:58:35.1209636Z (Reading database ... 10%
2026-10-08T13:58:35.1210095Z (Reading database ... 15%
2026-10-08T13:58:35.1210375Z (Reading database ... 20%
2026-10-08T13:58:35.1210648Z (Reading database ... 25%
2026-10-08T13:58:35.1210924Z (Reading database ... 30%
2026-10-08T13:58:35.1211177Z (Reading database ... 35%
2026-10-08T13:58:35.1211431Z (Reading database ... 40%
2026-10-08T13:58:35.1211685Z (Reading database ... 45%
2026-10-08T13:58:35.1211940Z (Reading database ... 50%
2026-10-08T13:58:35.1212195Z (Reading database ... 55%
2026-10-08T13:58:35.1212445Z (Reading database ... 60%
2026-10-08T13:58:35.1212699Z (Reading database ... 65%
2026-10-08T13:58:35.1212958Z (Reading database ... 70%
2026-10-08T13:58:35.1213212Z (Reading database ... 75%
2026-10-08T13:58:35.1213459Z (Reading database ... 80%
2026-10-08T13:58:35.1213710Z (Reading database ... 85%
2026-10-08T13:58:35.1214244Z (Reading database ... 90%
2026-10-08T13:58:35.1214518Z (Reading database ... 95%
2026-10-08T13:58:35.1215048Z (Reading database ... 100%
2026-10-08T13:58:35.1215480Z (Reading database ... 7031 files and directories currently installed.)
2026-10-08T13:58:35.1216086Z #9 4.839 Preparing to unpack .../000-systemd-sysv_252.39-1~deb12u2_amd64.deb ...
2026-10-08T13:58:35.1216603Z #9 4.840 Unpacking systemd-sysv (252.39-1~deb12u2) ...
2026-10-08T13:58:35.1217077Z #9 4.858 Selecting previously unselected package libdbus-1-3:amd64.
2026-10-08T13:58:35.1217635Z #9 4.860 Preparing to unpack .../001-libdbus-1-3_1.14.10-1~deb12u1_amd64.deb ...
2026-10-08T13:58:35.1218400Z #9 4.861 Unpacking libdbus-1-3:amd64 (1.14.10-1~deb12u1) ...
2026-10-08T13:58:35.1219209Z #9 4.887 Selecting previously unselected package dbus-bin.
2026-10-08T13:58:35.1220080Z #9 4.888 Preparing to unpack .../002-dbus-bin_1.14.10-1~deb12u1_amd64.deb ...
2026-10-08T13:58:35.1220808Z #9 4.889 Unpacking dbus-bin (1.14.10-1~deb12u1) ...
2026-10-08T13:58:35.1221713Z #9 4.908 Selecting previously unselected package dbus-session-bus-common.
2026-10-08T13:58:35.2405403Z #9 4.909 Preparing to unpack .../003-dbus-session-bus-common_1.14.10-1~deb12u1_all.deb ...
2026-10-08T13:58:35.2406601Z #9 4.910 Unpacking dbus-session-bus-common (1.14.10-1~deb12u1) ...
2026-10-08T13:58:35.2407694Z #9 4.928 Selecting previously unselected package libexpat1:amd64.
2026-10-08T13:58:35.2409123Z #9 4.930 Preparing to unpack .../004-libexpat1_2.5.0-1+deb12u4_amd64.deb ...
2026-10-08T13:58:35.2410035Z #9 4.931 Unpacking libexpat1:amd64 (2.5.0-1+deb12u4) ...
2026-10-08T13:58:35.2410915Z #9 4.951 Selecting previously unselected package dbus-daemon.
2026-10-08T13:58:35.2411919Z #9 4.953 Preparing to unpack .../005-dbus-daemon_1.14.10-1~deb12u1_amd64.deb ...
2026-10-08T13:58:35.2412836Z #9 4.953 Unpacking dbus-daemon (1.14.10-1~deb12u1) ...
2026-10-08T13:58:35.2413848Z #9 4.978 Selecting previously unselected package dbus-system-bus-common.
2026-10-08T13:58:35.2415538Z #9 4.979 Preparing to unpack .../006-dbus-system-bus-common_1.14.10-1~deb12u1_all.deb ...
2026-10-08T13:58:35.2417473Z #9 4.980 Unpacking dbus-system-bus-common (1.14.10-1~deb12u1) ...
2026-10-08T13:58:35.2419754Z #9 5.002 Selecting previously unselected package dbus.
2026-10-08T13:58:35.2420726Z #9 5.004 Preparing to unpack .../007-dbus_1.14.10-1~deb12u1_amd64.deb ...
2026-10-08T13:58:35.2421356Z #9 5.006 Unpacking dbus (1.14.10-1~deb12u1) ...
2026-10-08T13:58:35.2421971Z #9 5.028 Selecting previously unselected package libncursesw6:amd64.
2026-10-08T13:58:35.3638142Z #9 5.029 Preparing to unpack .../008-libncursesw6_6.4-4_amd64.deb ...
2026-10-08T13:58:35.3638902Z #9 5.030 Unpacking libncursesw6:amd64 (6.4-4) ...
2026-10-08T13:58:35.3639500Z #9 5.055 Selecting previously unselected package libproc2-0:amd64.
2026-10-08T13:58:35.3640172Z #9 5.057 Preparing to unpack .../009-libproc2-0_2%3a4.0.2-3_amd64.deb ...
2026-10-08T13:58:35.3640743Z #9 5.058 Unpacking libproc2-0:amd64 (2:4.0.2-3) ...
2026-10-08T13:58:35.3641283Z #9 5.078 Selecting previously unselected package procps.
2026-10-08T13:58:35.3641904Z #9 5.080 Preparing to unpack .../010-procps_2%3a4.0.2-3_amd64.deb ...
2026-10-08T13:58:35.3666151Z #9 5.088 Unpacking procps (2:4.0.2-3) ...
2026-10-08T13:58:35.3667056Z #9 5.151 Selecting previously unselected package libpam-systemd:amd64.
2026-10-08T13:58:35.4700640Z #9 5.153 Preparing to unpack .../011-libpam-systemd_252.39-1~deb12u2_amd64.deb ...
2026-10-08T13:58:35.4701959Z #9 5.153 Unpacking libpam-systemd:amd64 (252.39-1~deb12u2) ...
2026-10-08T13:58:35.4703186Z #9 5.182 Selecting previously unselected package hicolor-icon-theme.
2026-10-08T13:58:35.4704059Z #9 5.183 Preparing to unpack .../012-hicolor-icon-theme_0.17-2_all.deb ...
2026-10-08T13:58:35.4704573Z #9 5.184 Unpacking hicolor-icon-theme (0.17-2) ...
2026-10-08T13:58:35.4705478Z #9 5.257 Selecting previously unselected package libgdk-pixbuf2.0-common.
2026-10-08T13:58:35.6174553Z #9 5.259 Preparing to unpack .../013-libgdk-pixbuf2.0-common_2.42.10+dfsg-1+deb12u4_all.deb ...
2026-10-08T13:58:35.6176040Z #9 5.260 Unpacking libgdk-pixbuf2.0-common (2.42.10+dfsg-1+deb12u4) ...
2026-10-08T13:58:35.6176804Z #9 5.302 Selecting previously unselected package libglib2.0-0:amd64.
2026-10-08T13:58:35.6177438Z #9 5.303 Preparing to unpack .../014-libglib2.0-0_2.74.6-2+deb12u9_amd64.deb ...
2026-10-08T13:58:35.6178178Z #9 5.304 Unpacking libglib2.0-0:amd64 (2.74.6-2+deb12u9) ...
2026-10-08T13:58:35.6178692Z #9 5.405 Selecting previously unselected package libicu72:amd64.
2026-10-08T13:58:35.7704478Z #9 5.406 Preparing to unpack .../015-libicu72_72.1-3+deb12u1_amd64.deb ...
2026-10-08T13:58:35.7706017Z #9 5.407 Unpacking libicu72:amd64 (72.1-3+deb12u1) ...
2026-10-08T13:58:36.0920733Z #9 5.879 Selecting previously unselected package libxml2:amd64.
2026-10-08T13:58:36.2127117Z #9 5.881 Preparing to unpack .../016-libxml2_2.9.14+dfsg-1.3~deb12u6_amd64.deb ...
2026-10-08T13:58:36.2128082Z #9 5.882 Unpacking libxml2:amd64 (2.9.14+dfsg-1.3~deb12u6) ...
2026-10-08T13:58:36.2128918Z #9 5.935 Selecting previously unselected package shared-mime-info.
2026-10-08T13:58:36.2129781Z #9 5.936 Preparing to unpack .../017-shared-mime-info_2.2-1_amd64.deb ...
2026-10-08T13:58:36.2130492Z #9 5.937 Unpacking shared-mime-info (2.2-1) ...
2026-10-08T13:58:36.2131239Z #9 6.000 Selecting previously unselected package libjpeg62-turbo:amd64.
2026-10-08T13:58:36.3373522Z #9 6.002 Preparing to unpack .../018-libjpeg62-turbo_1%3a2.1.5-2_amd64.deb ...
2026-10-08T13:58:36.3374243Z #9 6.002 Unpacking libjpeg62-turbo:amd64 (1:2.1.5-2) ...
2026-10-08T13:58:36.3375114Z #9 6.028 Selecting previously unselected package libpng16-16:amd64.
2026-10-08T13:58:36.3375721Z #9 6.029 Preparing to unpack .../019-libpng16-16_1.6.39-2+deb12u6_amd64.deb ...
2026-10-08T13:58:36.3376252Z #9 6.030 Unpacking libpng16-16:amd64 (1.6.39-2+deb12u6) ...
2026-10-08T13:58:36.3376751Z #9 6.057 Selecting previously unselected package libdeflate0:amd64.
2026-10-08T13:58:36.3377305Z #9 6.059 Preparing to unpack .../020-libdeflate0_1.14-1_amd64.deb ...
2026-10-08T13:58:36.3377808Z #9 6.059 Unpacking libdeflate0:amd64 (1.14-1) ...
2026-10-08T13:58:36.3378271Z #9 6.077 Selecting previously unselected package libjbig0:amd64.
2026-10-08T13:58:36.3378780Z #9 6.078 Preparing to unpack .../021-libjbig0_2.1-6.1_amd64.deb ...
2026-10-08T13:58:36.3379232Z #9 6.079 Unpacking libjbig0:amd64 (2.1-6.1) ...
2026-10-08T13:58:36.3379700Z #9 6.095 Selecting previously unselected package liblerc4:amd64.
2026-10-08T13:58:36.3380228Z #9 6.097 Preparing to unpack .../022-liblerc4_4.0.0+ds-2_amd64.deb ...
2026-10-08T13:58:36.3381067Z #9 6.099 Unpacking liblerc4:amd64 (4.0.0+ds-2) ...
2026-10-08T13:58:36.3381830Z #9 6.124 Selecting previously unselected package libwebp7:amd64.
2026-10-08T13:58:36.4566737Z #9 6.126 Preparing to unpack .../023-libwebp7_1.2.4-0.2+deb12u1_amd64.deb ...
2026-10-08T13:58:36.4568107Z #9 6.127 Unpacking libwebp7:amd64 (1.2.4-0.2+deb12u1) ...
2026-10-08T13:58:36.4569184Z #9 6.159 Selecting previously unselected package libtiff6:amd64.
2026-10-08T13:58:36.4570394Z #9 6.160 Preparing to unpack .../024-libtiff6_4.5.0-6+deb12u4_amd64.deb ...
2026-10-08T13:58:36.4571338Z #9 6.162 Unpacking libtiff6:amd64 (4.5.0-6+deb12u4) ...
2026-10-08T13:58:36.4572365Z #9 6.189 Selecting previously unselected package libgdk-pixbuf-2.0-0:amd64.
2026-10-08T13:58:36.4573131Z #9 6.191 Preparing to unpack .../025-libgdk-pixbuf-2.0-0_2.42.10+dfsg-1+deb12u4_amd64.deb ...
2026-10-08T13:58:36.4573837Z #9 6.191 Unpacking libgdk-pixbuf-2.0-0:amd64 (2.42.10+dfsg-1+deb12u4) ...
2026-10-08T13:58:36.4574431Z #9 6.218 Selecting previously unselected package gtk-update-icon-cache.
2026-10-08T13:58:36.4575415Z #9 6.219 Preparing to unpack .../026-gtk-update-icon-cache_3.24.38-2~deb12u3_amd64.deb ...
2026-10-08T13:58:36.4576026Z #9 6.220 Unpacking gtk-update-icon-cache (3.24.38-2~deb12u3) ...
2026-10-08T13:58:36.4576568Z #9 6.244 Selecting previously unselected package adwaita-icon-theme.
2026-10-08T13:58:36.6096524Z #9 6.245 Preparing to unpack .../027-adwaita-icon-theme_43-1_all.deb ...
2026-10-08T13:58:36.6098355Z #9 6.246 Unpacking adwaita-icon-theme (43-1) ...
2026-10-08T13:58:37.5181938Z #9 7.305 Selecting previously unselected package at-spi2-common.
2026-10-08T13:58:37.6494919Z #9 7.309 Preparing to unpack .../028-at-spi2-common_2.46.0-5_all.deb ...
2026-10-08T13:58:37.6495797Z #9 7.310 Unpacking at-spi2-common (2.46.0-5) ...
2026-10-08T13:58:37.6496593Z #9 7.343 Selecting previously unselected package bubblewrap.
2026-10-08T13:58:37.6497593Z #9 7.345 Preparing to unpack .../029-bubblewrap_0.8.0-2+deb12u1_amd64.deb ...
2026-10-08T13:58:37.6498436Z #9 7.346 Unpacking bubblewrap (0.8.0-2+deb12u1) ...
2026-10-08T13:58:37.6499233Z #9 7.363 Selecting previously unselected package libasound2-data.
2026-10-08T13:58:37.6500137Z #9 7.366 Preparing to unpack .../030-libasound2-data_1.2.8-1_all.deb ...
2026-10-08T13:58:37.6500892Z #9 7.366 Unpacking libasound2-data (1.2.8-1) ...
2026-10-08T13:58:37.6501653Z #9 7.395 Selecting previously unselected package libasound2:amd64.
2026-10-08T13:58:37.6502523Z #9 7.397 Preparing to unpack .../031-libasound2_1.2.8-1+b1_amd64.deb ...
2026-10-08T13:58:37.6503224Z #9 7.398 Unpacking libasound2:amd64 (1.2.8-1+b1) ...
2026-10-08T13:58:37.6503906Z #9 7.436 Selecting previously unselected package libatk1.0-0:amd64.
2026-10-08T13:58:37.7570051Z #9 7.439 Preparing to unpack .../032-libatk1.0-0_2.46.0-5_amd64.deb ...
2026-10-08T13:58:37.7571364Z #9 7.440 Unpacking libatk1.0-0:amd64 (2.46.0-5) ...
2026-10-08T13:58:37.7571837Z #9 7.457 Selecting previously unselected package libxau6:amd64.
2026-10-08T13:58:37.7572356Z #9 7.460 Preparing to unpack .../033-libxau6_1%3a1.0.9-1_amd64.deb ...
2026-10-08T13:58:37.7572823Z #9 7.460 Unpacking libxau6:amd64 (1:1.0.9-1) ...
2026-10-08T13:58:37.7573257Z #9 7.476 Selecting previously unselected package libbsd0:amd64.
2026-10-08T13:58:37.7573785Z #9 7.478 Preparing to unpack .../034-libbsd0_0.11.7-2_amd64.deb ...
2026-10-08T13:58:37.7574213Z #9 7.479 Unpacking libbsd0:amd64 (0.11.7-2) ...
2026-10-08T13:58:37.7574938Z #9 7.501 Selecting previously unselected package libxdmcp6:amd64.
2026-10-08T13:58:37.7575474Z #9 7.503 Preparing to unpack .../035-libxdmcp6_1%3a1.1.2-3_amd64.deb ...
2026-10-08T13:58:37.7575929Z #9 7.504 Unpacking libxdmcp6:amd64 (1:1.1.2-3) ...
2026-10-08T13:58:37.7576365Z #9 7.520 Selecting previously unselected package libxcb1:amd64.
2026-10-08T13:58:37.7576842Z #9 7.522 Preparing to unpack .../036-libxcb1_1.15-1_amd64.deb ...
2026-10-08T13:58:37.7577263Z #9 7.523 Unpacking libxcb1:amd64 (1.15-1) ...
2026-10-08T13:58:37.7577682Z #9 7.544 Selecting previously unselected package libx11-data.
2026-10-08T13:58:37.8816903Z #9 7.546 Preparing to unpack .../037-libx11-data_2%3a1.8.4-2+deb12u2_all.deb ...
2026-10-08T13:58:37.8817695Z #9 7.547 Unpacking libx11-data (2:1.8.4-2+deb12u2) ...
2026-10-08T13:58:37.8818368Z #9 7.609 Selecting previously unselected package libx11-6:amd64.
2026-10-08T13:58:37.8819026Z #9 7.611 Preparing to unpack .../038-libx11-6_2%3a1.8.4-2+deb12u2_amd64.deb ...
2026-10-08T13:58:37.8819803Z #9 7.612 Unpacking libx11-6:amd64 (2:1.8.4-2+deb12u2) ...
2026-10-08T13:58:37.8820471Z #9 7.667 Selecting previously unselected package libxext6:amd64.
2026-10-08T13:58:38.0070798Z #9 7.669 Preparing to unpack .../039-libxext6_2%3a1.3.4-1+b1_amd64.deb ...
2026-10-08T13:58:38.0071692Z #9 7.670 Unpacking libxext6:amd64 (2:1.3.4-1+b1) ...
2026-10-08T13:58:38.0072213Z #9 7.687 Selecting previously unselected package libxi6:amd64.
2026-10-08T13:58:38.0072823Z #9 7.689 Preparing to unpack .../040-libxi6_2%3a1.8-1+b1_amd64.deb ...
2026-10-08T13:58:38.0073312Z #9 7.691 Unpacking libxi6:amd64 (2:1.8-1+b1) ...
2026-10-08T13:58:38.0073825Z #9 7.709 Selecting previously unselected package libatspi2.0-0:amd64.
2026-10-08T13:58:38.0074423Z #9 7.712 Preparing to unpack .../041-libatspi2.0-0_2.46.0-5_amd64.deb ...
2026-10-08T13:58:38.0075528Z #9 7.713 Unpacking libatspi2.0-0:amd64 (2.46.0-5) ...
2026-10-08T13:58:38.0076382Z #9 7.732 Selecting previously unselected package libatk-bridge2.0-0:amd64.
2026-10-08T13:58:38.0077418Z #9 7.735 Preparing to unpack .../042-libatk-bridge2.0-0_2.46.0-5_amd64.deb ...
2026-10-08T13:58:38.0078014Z #9 7.736 Unpacking libatk-bridge2.0-0:amd64 (2.46.0-5) ...
2026-10-08T13:58:38.0078546Z #9 7.757 Selecting previously unselected package libbrotli1:amd64.
2026-10-08T13:58:38.0079123Z #9 7.759 Preparing to unpack .../043-libbrotli1_1.0.9-2+b6_amd64.deb ...
2026-10-08T13:58:38.0079624Z #9 7.760 Unpacking libbrotli1:amd64 (1.0.9-2+b6) ...
2026-10-08T13:58:38.0080096Z #9 7.794 Selecting previously unselected package libfreetype6:amd64.
2026-10-08T13:58:38.1377080Z #9 7.797 Preparing to unpack .../044-libfreetype6_2.12.1+dfsg-5+deb12u4_amd64.deb ...
2026-10-08T13:58:38.1378153Z #9 7.797 Unpacking libfreetype6:amd64 (2.12.1+dfsg-5+deb12u4) ...
2026-10-08T13:58:38.1379029Z #9 7.836 Selecting previously unselected package fonts-dejavu-core.
2026-10-08T13:58:38.1379932Z #9 7.838 Preparing to unpack .../045-fonts-dejavu-core_2.37-6_all.deb ...
2026-10-08T13:58:38.1380689Z #9 7.839 Unpacking fonts-dejavu-core (2.37-6) ...
2026-10-08T13:58:38.1381496Z #9 7.925 Selecting previously unselected package fontconfig-config.
2026-10-08T13:58:38.2421509Z #9 7.927 Preparing to unpack .../046-fontconfig-config_2.14.1-4_amd64.deb ...
2026-10-08T13:58:38.2422107Z #9 8.029 Unpacking fontconfig-config (2.14.1-4) ...
2026-10-08T13:58:38.3618301Z #9 8.060 Selecting previously unselected package libfontconfig1:amd64.
2026-10-08T13:58:38.3619903Z #9 8.063 Preparing to unpack .../047-libfontconfig1_2.14.1-4_amd64.deb ...
2026-10-08T13:58:38.3620972Z #9 8.064 Unpacking libfontconfig1:amd64 (2.14.1-4) ...
2026-10-08T13:58:38.3621966Z #9 8.088 Selecting previously unselected package libpixman-1-0:amd64.
2026-10-08T13:58:38.3623031Z #9 8.090 Preparing to unpack .../048-libpixman-1-0_0.42.2-1_amd64.deb ...
2026-10-08T13:58:38.3623970Z #9 8.091 Unpacking libpixman-1-0:amd64 (0.42.2-1) ...
2026-10-08T13:58:38.3625132Z #9 8.124 Selecting previously unselected package libxcb-render0:amd64.
2026-10-08T13:58:38.3626214Z #9 8.127 Preparing to unpack .../049-libxcb-render0_1.15-1_amd64.deb ...
2026-10-08T13:58:38.3627124Z #9 8.128 Unpacking libxcb-render0:amd64 (1.15-1) ...
2026-10-08T13:58:38.3628018Z #9 8.149 Selecting previously unselected package libxcb-shm0:amd64.
2026-10-08T13:58:38.4827854Z #9 8.152 Preparing to unpack .../050-libxcb-shm0_1.15-1_amd64.deb ...
2026-10-08T13:58:38.4828971Z #9 8.153 Unpacking libxcb-shm0:amd64 (1.15-1) ...
2026-10-08T13:58:38.4830015Z #9 8.173 Selecting previously unselected package libxrender1:amd64.
2026-10-08T13:58:38.4830935Z #9 8.175 Preparing to unpack .../051-libxrender1_1%3a0.9.10-1.1_amd64.deb ...
2026-10-08T13:58:38.4831474Z #9 8.176 Unpacking libxrender1:amd64 (1:0.9.10-1.1) ...
2026-10-08T13:58:38.4831968Z #9 8.193 Selecting previously unselected package libcairo2:amd64.
2026-10-08T13:58:38.4832495Z #9 8.195 Preparing to unpack .../052-libcairo2_1.16.0-7_amd64.deb ...
2026-10-08T13:58:38.4832956Z #9 8.197 Unpacking libcairo2:amd64 (1.16.0-7) ...
2026-10-08T13:58:38.4833492Z #9 8.242 Selecting previously unselected package libavahi-common-data:amd64.
2026-10-08T13:58:38.4834135Z #9 8.245 Preparing to unpack .../053-libavahi-common-data_0.8-10+deb12u1_amd64.deb ...
2026-10-08T13:58:38.4835035Z #9 8.245 Unpacking libavahi-common-data:amd64 (0.8-10+deb12u1) ...
2026-10-08T13:58:38.4835750Z #9 8.270 Selecting previously unselected package libavahi-common3:amd64.
2026-10-08T13:58:38.5903512Z #9 8.272 Preparing to unpack .../054-libavahi-common3_0.8-10+deb12u1_amd64.deb ...
2026-10-08T13:58:38.5904552Z #9 8.273 Unpacking libavahi-common3:amd64 (0.8-10+deb12u1) ...
2026-10-08T13:58:38.5905778Z #9 8.290 Selecting previously unselected package libavahi-client3:amd64.
2026-10-08T13:58:38.5906553Z #9 8.292 Preparing to unpack .../055-libavahi-client3_0.8-10+deb12u1_amd64.deb ...
2026-10-08T13:58:38.5907128Z #9 8.293 Unpacking libavahi-client3:amd64 (0.8-10+deb12u1) ...
2026-10-08T13:58:38.5907677Z #9 8.313 Selecting previously unselected package libkrb5support0:amd64.
2026-10-08T13:58:38.5908589Z #9 8.315 Preparing to unpack .../056-libkrb5support0_1.20.1-2+deb12u5_amd64.deb ...
2026-10-08T13:58:38.5909158Z #9 8.316 Unpacking libkrb5support0:amd64 (1.20.1-2+deb12u5) ...
2026-10-08T13:58:38.5909681Z #9 8.332 Selecting previously unselected package libk5crypto3:amd64.
2026-10-08T13:58:38.5910264Z #9 8.334 Preparing to unpack .../057-libk5crypto3_1.20.1-2+deb12u5_amd64.deb ...
2026-10-08T13:58:38.5910797Z #9 8.335 Unpacking libk5crypto3:amd64 (1.20.1-2+deb12u5) ...
2026-10-08T13:58:38.5911274Z #9 8.358 Selecting previously unselected package libkeyutils1:amd64.
2026-10-08T13:58:38.5911822Z #9 8.360 Preparing to unpack .../058-libkeyutils1_1.6.3-2_amd64.deb ...
2026-10-08T13:58:38.5912275Z #9 8.362 Unpacking libkeyutils1:amd64 (1.6.3-2) ...
2026-10-08T13:58:38.5912721Z #9 8.377 Selecting previously unselected package libkrb5-3:amd64.
2026-10-08T13:58:38.7015229Z #9 8.380 Preparing to unpack .../059-libkrb5-3_1.20.1-2+deb12u5_amd64.deb ...
2026-10-08T13:58:38.7016177Z #9 8.381 Unpacking libkrb5-3:amd64 (1.20.1-2+deb12u5) ...
2026-10-08T13:58:38.7017066Z #9 8.422 Selecting previously unselected package libgssapi-krb5-2:amd64.
2026-10-08T13:58:38.7018083Z #9 8.424 Preparing to unpack .../060-libgssapi-krb5-2_1.20.1-2+deb12u5_amd64.deb ...
2026-10-08T13:58:38.7019006Z #9 8.425 Unpacking libgssapi-krb5-2:amd64 (1.20.1-2+deb12u5) ...
2026-10-08T13:58:38.7019810Z #9 8.455 Selecting previously unselected package libcups2:amd64.
2026-10-08T13:58:38.7021051Z #9 8.457 Preparing to unpack .../061-libcups2_2.4.2-3+deb12u9_amd64.deb ...
2026-10-08T13:58:38.7021831Z #9 8.458 Unpacking libcups2:amd64 (2.4.2-3+deb12u9) ...
2026-10-08T13:58:38.7022562Z #9 8.489 Selecting previously unselected package libdav1d6:amd64.
2026-10-08T13:58:38.8238233Z #9 8.491 Preparing to unpack .../062-libdav1d6_1.0.0-2+deb12u1_amd64.deb ...
2026-10-08T13:58:38.8239545Z #9 8.492 Unpacking libdav1d6:amd64 (1.0.0-2+deb12u1) ...
2026-10-08T13:58:38.8240724Z #9 8.541 Selecting previously unselected package libdouble-conversion3:amd64.
2026-10-08T13:58:38.8241976Z #9 8.543 Preparing to unpack .../063-libdouble-conversion3_3.2.1-1_amd64.deb ...
2026-10-08T13:58:38.8243052Z #9 8.544 Unpacking libdouble-conversion3:amd64 (3.2.1-1) ...
2026-10-08T13:58:38.8244097Z #9 8.562 Selecting previously unselected package libogg0:amd64.
2026-10-08T13:58:38.8245372Z #9 8.564 Preparing to unpack .../064-libogg0_1.3.5-3_amd64.deb ...
2026-10-08T13:58:38.8246291Z #9 8.565 Unpacking libogg0:amd64 (1.3.5-3) ...
2026-10-08T13:58:38.8247281Z #9 8.581 Selecting previously unselected package libflac12:amd64.
2026-10-08T13:58:38.8248267Z #9 8.584 Preparing to unpack .../065-libflac12_1.4.2+ds-2_amd64.deb ...
2026-10-08T13:58:38.8248953Z #9 8.584 Unpacking libflac12:amd64 (1.4.2+ds-2) ...
2026-10-08T13:58:38.8249471Z #9 8.611 Selecting previously unselected package libdrm-common.
2026-10-08T13:58:38.9276744Z #9 8.614 Preparing to unpack .../066-libdrm-common_2.4.114-1_all.deb ...
2026-10-08T13:58:38.9278115Z #9 8.614 Unpacking libdrm-common (2.4.114-1) ...
2026-10-08T13:58:38.9279545Z #9 8.630 Selecting previously unselected package libdrm2:amd64.
2026-10-08T13:58:38.9280628Z #9 8.632 Preparing to unpack .../067-libdrm2_2.4.114-1+b1_amd64.deb ...
2026-10-08T13:58:38.9281586Z #9 8.633 Unpacking libdrm2:amd64 (2.4.114-1+b1) ...
2026-10-08T13:58:38.9282706Z #9 8.651 Selecting previously unselected package libwayland-server0:amd64.
2026-10-08T13:58:38.9283458Z #9 8.653 Preparing to unpack .../068-libwayland-server0_1.21.0-1_amd64.deb ...
2026-10-08T13:58:38.9284087Z #9 8.654 Unpacking libwayland-server0:amd64 (1.21.0-1) ...
2026-10-08T13:58:38.9285499Z #9 8.671 Selecting previously unselected package libgbm1:amd64.
2026-10-08T13:58:38.9286151Z #9 8.674 Preparing to unpack .../069-libgbm1_22.3.6-1+deb12u2_amd64.deb ...
2026-10-08T13:58:38.9286701Z #9 8.675 Unpacking libgbm1:amd64 (22.3.6-1+deb12u2) ...
2026-10-08T13:58:38.9287257Z #9 8.692 Selecting previously unselected package libgraphite2-3:amd64.
2026-10-08T13:58:38.9287906Z #9 8.695 Preparing to unpack .../070-libgraphite2-3_1.3.14-1+deb12u1_amd64.deb ...
2026-10-08T13:58:38.9288772Z #9 8.696 Unpacking libgraphite2-3:amd64 (1.3.14-1+deb12u1) ...
2026-10-08T13:58:38.9289399Z #9 8.715 Selecting previously unselected package libharfbuzz0b:amd64.
2026-10-08T13:58:39.0357400Z #9 8.718 Preparing to unpack .../071-libharfbuzz0b_6.0.0+dfsg-3_amd64.deb ...
2026-10-08T13:58:39.0358437Z #9 8.719 Unpacking libharfbuzz0b:amd64 (6.0.0+dfsg-3) ...
2026-10-08T13:58:39.0359422Z #9 8.770 Selecting previously unselected package libharfbuzz-subset0:amd64.
2026-10-08T13:58:39.0360501Z #9 8.772 Preparing to unpack .../072-libharfbuzz-subset0_6.0.0+dfsg-3_amd64.deb ...
2026-10-08T13:58:39.0361200Z #9 8.773 Unpacking libharfbuzz-subset0:amd64 (6.0.0+dfsg-3) ...
2026-10-08T13:58:39.0361763Z #9 8.823 Selecting previously unselected package liblcms2-2:amd64.
2026-10-08T13:58:39.1726629Z #9 8.825 Preparing to unpack .../073-liblcms2-2_2.14-2+deb12u1_amd64.deb ...
2026-10-08T13:58:39.1727528Z #9 8.826 Unpacking liblcms2-2:amd64 (2.14-2+deb12u1) ...
2026-10-08T13:58:39.1728384Z #9 8.853 Selecting previously unselected package libminizip1:amd64.
2026-10-08T13:58:39.1729305Z #9 8.855 Preparing to unpack .../074-libminizip1_1.1-8+deb12u1_amd64.deb ...
2026-10-08T13:58:39.1730110Z #9 8.859 Unpacking libminizip1:amd64 (1.1-8+deb12u1) ...
2026-10-08T13:58:39.1730845Z #9 8.876 Selecting previously unselected package libnspr4:amd64.
2026-10-08T13:58:39.1731967Z #9 8.878 Preparing to unpack .../075-libnspr4_2%3a4.35-1_amd64.deb ...
2026-10-08T13:58:39.1732631Z #9 8.879 Unpacking libnspr4:amd64 (2:4.35-1) ...
2026-10-08T13:58:39.1733323Z #9 8.902 Selecting previously unselected package libsqlite3-0:amd64.
2026-10-08T13:58:39.1734161Z #9 8.904 Preparing to unpack .../076-libsqlite3-0_3.40.1-2+deb12u2_amd64.deb ...
2026-10-08T13:58:39.1735182Z #9 8.906 Unpacking libsqlite3-0:amd64 (3.40.1-2+deb12u2) ...
2026-10-08T13:58:39.1735913Z #9 8.960 Selecting previously unselected package libnss3:amd64.
2026-10-08T13:58:39.2771100Z #9 8.962 Preparing to unpack .../077-libnss3_2%3a3.87.1-1+deb12u4_amd64.deb ...
2026-10-08T13:58:39.3797095Z #9 8.963 Unpacking libnss3:amd64 (2:3.87.1-1+deb12u4) ...
2026-10-08T13:58:39.3798086Z #9 9.064 Selecting previously unselected package libopenh264-7:amd64.
2026-10-08T13:58:39.3799173Z #9 9.067 Preparing to unpack .../078-libopenh264-7_2.3.1+dfsg-3+deb12u2_amd64.deb ...
2026-10-08T13:58:39.3800170Z #9 9.068 Unpacking libopenh264-7:amd64 (2.3.1+dfsg-3+deb12u2) ...
2026-10-08T13:58:39.3800797Z #9 9.106 Selecting previously unselected package libopenjp2-7:amd64.
2026-10-08T13:58:39.3801428Z #9 9.108 Preparing to unpack .../079-libopenjp2-7_2.5.0-2+deb12u3_amd64.deb ...
2026-10-08T13:58:39.3802012Z #9 9.110 Unpacking libopenjp2-7:amd64 (2.5.0-2+deb12u3) ...
2026-10-08T13:58:39.3802543Z #9 9.136 Selecting previously unselected package libopus0:amd64.
2026-10-08T13:58:39.3803097Z #9 9.139 Preparing to unpack .../080-libopus0_1.3.1-3_amd64.deb ...
2026-10-08T13:58:39.3803574Z #9 9.140 Unpacking libopus0:amd64 (1.3.1-3) ...
2026-10-08T13:58:39.3804047Z #9 9.167 Selecting previously unselected package fontconfig.
2026-10-08T13:58:39.4882306Z #9 9.169 Preparing to unpack .../081-fontconfig_2.14.1-4_amd64.deb ...
2026-10-08T13:58:39.4883166Z #9 9.170 Unpacking fontconfig (2.14.1-4) ...
2026-10-08T13:58:39.4883734Z #9 9.198 Selecting previously unselected package libfribidi0:amd64.
2026-10-08T13:58:39.4884387Z #9 9.200 Preparing to unpack .../082-libfribidi0_1.0.8-2.1_amd64.deb ...
2026-10-08T13:58:39.4885226Z #9 9.201 Unpacking libfribidi0:amd64 (1.0.8-2.1) ...
2026-10-08T13:58:39.4885765Z #9 9.219 Selecting previously unselected package libthai-data.
2026-10-08T13:58:39.4886388Z #9 9.221 Preparing to unpack .../083-libthai-data_0.1.29-1_all.deb ...
2026-10-08T13:58:39.4886913Z #9 9.222 Unpacking libthai-data (0.1.29-1) ...
2026-10-08T13:58:39.4887441Z #9 9.275 Selecting previously unselected package libdatrie1:amd64.
2026-10-08T13:58:39.5886606Z #9 9.278 Preparing to unpack .../084-libdatrie1_0.2.13-2+b1_amd64.deb ...
2026-10-08T13:58:39.5887272Z #9 9.279 Unpacking libdatrie1:amd64 (0.2.13-2+b1) ...
2026-10-08T13:58:39.5888163Z #9 9.300 Selecting previously unselected package libthai0:amd64.
2026-10-08T13:58:39.5888748Z #9 9.302 Preparing to unpack .../085-libthai0_0.1.29-1_amd64.deb ...
2026-10-08T13:58:39.5889240Z #9 9.303 Unpacking libthai0:amd64 (0.1.29-1) ...
2026-10-08T13:58:39.5889770Z #9 9.321 Selecting previously unselected package libpango-1.0-0:amd64.
2026-10-08T13:58:39.5890416Z #9 9.324 Preparing to unpack .../086-libpango-1.0-0_1.50.12+ds-1_amd64.deb ...
2026-10-08T13:58:39.5890975Z #9 9.325 Unpacking libpango-1.0-0:amd64 (1.50.12+ds-1) ...
2026-10-08T13:58:39.5891506Z #9 9.353 Selecting previously unselected package libasyncns0:amd64.
2026-10-08T13:58:39.5892090Z #9 9.356 Preparing to unpack .../087-libasyncns0_0.8-6+b3_amd64.deb ...
2026-10-08T13:58:39.5892591Z #9 9.357 Unpacking libasyncns0:amd64 (0.8-6+b3) ...
2026-10-08T13:58:39.5893100Z #9 9.373 Selecting previously unselected package libmp3lame0:amd64.
2026-10-08T13:58:39.5893680Z #9 9.375 Preparing to unpack .../088-libmp3lame0_3.100-6_amd64.deb ...
2026-10-08T13:58:39.5894174Z #9 9.376 Unpacking libmp3lame0:amd64 (3.100-6) ...
2026-10-08T13:58:39.6985426Z #9 9.408 Selecting previously unselected package libmpg123-0:amd64.
2026-10-08T13:58:39.6986455Z #9 9.411 Preparing to unpack .../089-libmpg123-0_1.31.2-1+deb12u1_amd64.deb ...
2026-10-08T13:58:39.6987319Z #9 9.412 Unpacking libmpg123-0:amd64 (1.31.2-1+deb12u1) ...
2026-10-08T13:58:39.6988491Z #9 9.437 Selecting previously unselected package libvorbis0a:amd64.
2026-10-08T13:58:39.6989402Z #9 9.439 Preparing to unpack .../090-libvorbis0a_1.3.7-1_amd64.deb ...
2026-10-08T13:58:39.6990140Z #9 9.440 Unpacking libvorbis0a:amd64 (1.3.7-1) ...
2026-10-08T13:58:39.6990988Z #9 9.461 Selecting previously unselected package libvorbisenc2:amd64.
2026-10-08T13:58:39.6991898Z #9 9.463 Preparing to unpack .../091-libvorbisenc2_1.3.7-1_amd64.deb ...
2026-10-08T13:58:39.6992624Z #9 9.464 Unpacking libvorbisenc2:amd64 (1.3.7-1) ...
2026-10-08T13:58:39.6993345Z #9 9.486 Selecting previously unselected package libsndfile1:amd64.
2026-10-08T13:58:39.8007517Z #9 9.488 Preparing to unpack .../092-libsndfile1_1.2.0-1+deb12u1_amd64.deb ...
2026-10-08T13:58:39.8008440Z #9 9.490 Unpacking libsndfile1:amd64 (1.2.0-1+deb12u1) ...
2026-10-08T13:58:39.8009275Z #9 9.523 Selecting previously unselected package libx11-xcb1:amd64.
2026-10-08T13:58:39.8010230Z #9 9.526 Preparing to unpack .../093-libx11-xcb1_2%3a1.8.4-2+deb12u2_amd64.deb ...
2026-10-08T13:58:39.8011126Z #9 9.526 Unpacking libx11-xcb1:amd64 (2:1.8.4-2+deb12u2) ...
2026-10-08T13:58:39.8011933Z #9 9.547 Selecting previously unselected package libpulse0:amd64.
2026-10-08T13:58:39.8012828Z #9 9.550 Preparing to unpack .../094-libpulse0_16.1+dfsg1-2+b1_amd64.deb ...
2026-10-08T13:58:39.8013611Z #9 9.555 Unpacking libpulse0:amd64 (16.1+dfsg1-2+b1) ...
2026-10-08T13:58:39.8014386Z #9 9.588 Selecting previously unselected package libxcomposite1:amd64.
2026-10-08T13:58:39.9556933Z #9 9.590 Preparing to unpack .../095-libxcomposite1_1%3a0.4.5-1_amd64.deb ...
2026-10-08T13:58:39.9557769Z #9 9.591 Unpacking libxcomposite1:amd64 (1:0.4.5-1) ...
2026-10-08T13:58:39.9558422Z #9 9.608 Selecting previously unselected package libxdamage1:amd64.
2026-10-08T13:58:39.9559136Z #9 9.610 Preparing to unpack .../096-libxdamage1_1%3a1.1.6-1_amd64.deb ...
2026-10-08T13:58:39.9559755Z #9 9.611 Unpacking libxdamage1:amd64 (1:1.1.6-1) ...
2026-10-08T13:58:39.9560371Z #9 9.630 Selecting previously unselected package libxfixes3:amd64.
2026-10-08T13:58:39.9561056Z #9 9.632 Preparing to unpack .../097-libxfixes3_1%3a6.0.0-2_amd64.deb ...
2026-10-08T13:58:39.9561649Z #9 9.633 Unpacking libxfixes3:amd64 (1:6.0.0-2) ...
2026-10-08T13:58:39.9562190Z #9 9.648 Selecting previously unselected package xkb-data.
2026-10-08T13:58:39.9562804Z #9 9.650 Preparing to unpack .../098-xkb-data_2.35.1-1_all.deb ...
2026-10-08T13:58:39.9563333Z #9 9.651 Unpacking xkb-data (2.35.1-1) ...
2026-10-08T13:58:39.9563906Z #9 9.742 Selecting previously unselected package libxkbcommon0:amd64.
2026-10-08T13:58:40.0767973Z #9 9.744 Preparing to unpack .../099-libxkbcommon0_1.5.0-1_amd64.deb ...
2026-10-08T13:58:40.0768908Z #9 9.745 Unpacking libxkbcommon0:amd64 (1.5.0-1) ...
2026-10-08T13:58:40.0769752Z #9 9.767 Selecting previously unselected package libxnvctrl0:amd64.
2026-10-08T13:58:40.0770775Z #9 9.770 Preparing to unpack .../100-libxnvctrl0_525.85.05-3~deb12u1_amd64.deb ...
2026-10-08T13:58:40.0771684Z #9 9.771 Unpacking libxnvctrl0:amd64 (525.85.05-3~deb12u1) ...
2026-10-08T13:58:40.0772249Z #9 9.787 Selecting previously unselected package libxrandr2:amd64.
2026-10-08T13:58:40.0772849Z #9 9.789 Preparing to unpack .../101-libxrandr2_2%3a1.5.2-2+b1_amd64.deb ...
2026-10-08T13:58:40.0773392Z #9 9.790 Unpacking libxrandr2:amd64 (2:1.5.2-2+b1) ...
2026-10-08T13:58:40.0773953Z #9 9.808 Selecting previously unselected package libcairo-gobject2:amd64.
2026-10-08T13:58:40.0774928Z #9 9.810 Preparing to unpack .../102-libcairo-gobject2_1.16.0-7_amd64.deb ...
2026-10-08T13:58:40.0775603Z #9 9.811 Unpacking libcairo-gobject2:amd64 (1.16.0-7) ...
2026-10-08T13:58:40.0776146Z #9 9.833 Selecting previously unselected package libcolord2:amd64.
2026-10-08T13:58:40.0776718Z #9 9.836 Preparing to unpack .../103-libcolord2_1.4.6-2.2_amd64.deb ...
2026-10-08T13:58:40.0777212Z #9 9.837 Unpacking libcolord2:amd64 (1.4.6-2.2) ...
2026-10-08T13:58:40.0777714Z #9 9.864 Selecting previously unselected package libepoxy0:amd64.
2026-10-08T13:58:40.1775453Z #9 9.866 Preparing to unpack .../104-libepoxy0_1.5.10-1_amd64.deb ...
2026-10-08T13:58:40.1776351Z #9 9.867 Unpacking libepoxy0:amd64 (1.5.10-1) ...
2026-10-08T13:58:40.1777003Z #9 9.897 Selecting previously unselected package libpangoft2-1.0-0:amd64.
2026-10-08T13:58:40.1778006Z #9 9.899 Preparing to unpack .../105-libpangoft2-1.0-0_1.50.12+ds-1_amd64.deb ...
2026-10-08T13:58:40.1779102Z #9 9.901 Unpacking libpangoft2-1.0-0:amd64 (1.50.12+ds-1) ...
2026-10-08T13:58:40.1780164Z #9 9.918 Selecting previously unselected package libpangocairo-1.0-0:amd64.
2026-10-08T13:58:40.1781433Z #9 9.921 Preparing to unpack .../106-libpangocairo-1.0-0_1.50.12+ds-1_amd64.deb ...
2026-10-08T13:58:40.1782566Z #9 9.922 Unpacking libpangocairo-1.0-0:amd64 (1.50.12+ds-1) ...
2026-10-08T13:58:40.1783577Z #9 9.939 Selecting previously unselected package libwayland-client0:amd64.
2026-10-08T13:58:40.1784471Z #9 9.941 Preparing to unpack .../107-libwayland-client0_1.21.0-1_amd64.deb ...
2026-10-08T13:58:40.1785453Z #9 9.942 Unpacking libwayland-client0:amd64 (1.21.0-1) ...
2026-10-08T13:58:40.1786152Z #9 9.962 Selecting previously unselected package libwayland-cursor0:amd64.
2026-10-08T13:58:40.1786923Z #9 9.965 Preparing to unpack .../108-libwayland-cursor0_1.21.0-1_amd64.deb ...
2026-10-08T13:58:40.2776499Z #9 9.966 Unpacking libwayland-cursor0:amd64 (1.21.0-1) ...
2026-10-08T13:58:40.2777459Z #9 9.985 Selecting previously unselected package libwayland-egl1:amd64.
2026-10-08T13:58:40.2778444Z #9 9.988 Preparing to unpack .../109-libwayland-egl1_1.21.0-1_amd64.deb ...
2026-10-08T13:58:40.2779262Z #9 9.988 Unpacking libwayland-egl1:amd64 (1.21.0-1) ...
2026-10-08T13:58:40.2780092Z #9 10.00 Selecting previously unselected package libxcursor1:amd64.
2026-10-08T13:58:40.2780978Z #9 10.01 Preparing to unpack .../110-libxcursor1_1%3a1.2.1-1_amd64.deb ...
2026-10-08T13:58:40.2781749Z #9 10.01 Unpacking libxcursor1:amd64 (1:1.2.1-1) ...
2026-10-08T13:58:40.2782487Z #9 10.02 Selecting previously unselected package libxinerama1:amd64.
2026-10-08T13:58:40.2783358Z #9 10.03 Preparing to unpack .../111-libxinerama1_2%3a1.1.4-3_amd64.deb ...
2026-10-08T13:58:40.2784096Z #9 10.03 Unpacking libxinerama1:amd64 (2:1.1.4-3) ...
2026-10-08T13:58:40.2785468Z #9 10.04 Selecting previously unselected package dbus-user-session.
2026-10-08T13:58:40.2786369Z #9 10.04 Preparing to unpack .../112-dbus-user-session_1.14.10-1~deb12u1_amd64.deb ...
2026-10-08T13:58:40.2787163Z #9 10.05 Unpacking dbus-user-session (1.14.10-1~deb12u1) ...
2026-10-08T13:58:40.2787870Z #9 10.06 Selecting previously unselected package libdconf1:amd64.
2026-10-08T13:58:40.4909673Z #9 10.07 Preparing to unpack .../113-libdconf1_0.40.0-4_amd64.deb ...
2026-10-08T13:58:40.4910529Z #9 10.07 Unpacking libdconf1:amd64 (0.40.0-4) ...
2026-10-08T13:58:40.4911309Z #9 10.09 Selecting previously unselected package dconf-service.
2026-10-08T13:58:40.4912226Z #9 10.09 Preparing to unpack .../114-dconf-service_0.40.0-4_amd64.deb ...
2026-10-08T13:58:40.4913024Z #9 10.09 Unpacking dconf-service (0.40.0-4) ...
2026-10-08T13:58:40.4913926Z #9 10.10 Selecting previously unselected package dconf-gsettings-backend:amd64.
2026-10-08T13:58:40.4915253Z #9 10.11 Preparing to unpack .../115-dconf-gsettings-backend_0.40.0-4_amd64.deb ...
2026-10-08T13:58:40.4916235Z #9 10.11 Unpacking dconf-gsettings-backend:amd64 (0.40.0-4) ...
2026-10-08T13:58:40.4917097Z #9 10.12 Selecting previously unselected package libgtk-3-common.
2026-10-08T13:58:40.4918078Z #9 10.13 Preparing to unpack .../116-libgtk-3-common_3.24.38-2~deb12u3_all.deb ...
2026-10-08T13:58:40.4918982Z #9 10.13 Unpacking libgtk-3-common (3.24.38-2~deb12u3) ...
2026-10-08T13:58:40.6009194Z #9 10.39 Selecting previously unselected package libgtk-3-0:amd64.
2026-10-08T13:58:40.7550058Z #9 10.39 Preparing to unpack .../117-libgtk-3-0_3.24.38-2~deb12u3_amd64.deb ...
2026-10-08T13:58:40.7551024Z #9 10.39 Unpacking libgtk-3-0:amd64 (3.24.38-2~deb12u3) ...
2026-10-08T13:58:40.8010602Z #9 10.59 Selecting previously unselected package libfontenc1:amd64.
2026-10-08T13:58:40.9013806Z #9 10.59 Preparing to unpack .../118-libfontenc1_1%3a1.1.4-1_amd64.deb ...
2026-10-08T13:58:40.9015159Z #9 10.59 Unpacking libfontenc1:amd64 (1:1.1.4-1) ...
2026-10-08T13:58:40.9016063Z #9 10.61 Selecting previously unselected package libglvnd0:amd64.
2026-10-08T13:58:40.9016936Z #9 10.61 Preparing to unpack .../119-libglvnd0_1.6.0-1_amd64.deb ...
2026-10-08T13:58:40.9017653Z #9 10.61 Unpacking libglvnd0:amd64 (1.6.0-1) ...
2026-10-08T13:58:40.9018467Z #9 10.64 Selecting previously unselected package libglapi-mesa:amd64.
2026-10-08T13:58:40.9019494Z #9 10.64 Preparing to unpack .../120-libglapi-mesa_22.3.6-1+deb12u2_amd64.deb ...
2026-10-08T13:58:40.9020134Z #9 10.64 Unpacking libglapi-mesa:amd64 (22.3.6-1+deb12u2) ...
2026-10-08T13:58:40.9020653Z #9 10.66 Selecting previously unselected package libxcb-dri2-0:amd64.
2026-10-08T13:58:40.9021206Z #9 10.66 Preparing to unpack .../121-libxcb-dri2-0_1.15-1_amd64.deb ...
2026-10-08T13:58:40.9021685Z #9 10.66 Unpacking libxcb-dri2-0:amd64 (1.15-1) ...
2026-10-08T13:58:40.9022181Z #9 10.69 Selecting previously unselected package libxcb-dri3-0:amd64.
2026-10-08T13:58:40.9022715Z #9 10.69 Preparing to unpack .../122-libxcb-dri3-0_1.15-1_amd64.deb ...
2026-10-08T13:58:40.9023168Z #9 10.69 Unpacking libxcb-dri3-0:amd64 (1.15-1) ...
2026-10-08T13:58:41.0034536Z #9 10.71 Selecting previously unselected package libxcb-glx0:amd64.
2026-10-08T13:58:41.0035920Z #9 10.71 Preparing to unpack .../123-libxcb-glx0_1.15-1_amd64.deb ...
2026-10-08T13:58:41.0036553Z #9 10.71 Unpacking libxcb-glx0:amd64 (1.15-1) ...
2026-10-08T13:58:41.0037138Z #9 10.74 Selecting previously unselected package libxcb-present0:amd64.
2026-10-08T13:58:41.0038049Z #9 10.74 Preparing to unpack .../124-libxcb-present0_1.15-1_amd64.deb ...
2026-10-08T13:58:41.0038840Z #9 10.74 Unpacking libxcb-present0:amd64 (1.15-1) ...
2026-10-08T13:58:41.0039375Z #9 10.76 Selecting previously unselected package libxcb-randr0:amd64.
2026-10-08T13:58:41.0040180Z #9 10.76 Preparing to unpack .../125-libxcb-randr0_1.15-1_amd64.deb ...
2026-10-08T13:58:41.0041019Z #9 10.77 Unpacking libxcb-randr0:amd64 (1.15-1) ...
2026-10-08T13:58:41.0041862Z #9 10.79 Selecting previously unselected package libxcb-sync1:amd64.
2026-10-08T13:58:41.0042695Z #9 10.79 Preparing to unpack .../126-libxcb-sync1_1.15-1_amd64.deb ...
2026-10-08T13:58:41.1036132Z #9 10.79 Unpacking libxcb-sync1:amd64 (1.15-1) ...
2026-10-08T13:58:41.1037336Z #9 10.81 Selecting previously unselected package libxcb-xfixes0:amd64.
2026-10-08T13:58:41.1038077Z #9 10.82 Preparing to unpack .../127-libxcb-xfixes0_1.15-1_amd64.deb ...
2026-10-08T13:58:41.1038968Z #9 10.82 Unpacking libxcb-xfixes0:amd64 (1.15-1) ...
2026-10-08T13:58:41.1039638Z #9 10.84 Selecting previously unselected package libxshmfence1:amd64.
2026-10-08T13:58:41.1040291Z #9 10.85 Preparing to unpack .../128-libxshmfence1_1.3-1_amd64.deb ...
2026-10-08T13:58:41.1040982Z #9 10.85 Unpacking libxshmfence1:amd64 (1.3-1) ...
2026-10-08T13:58:41.1041562Z #9 10.87 Selecting previously unselected package libxxf86vm1:amd64.
2026-10-08T13:58:41.1042182Z #9 10.87 Preparing to unpack .../129-libxxf86vm1_1%3a1.1.4-1+b2_amd64.deb ...
2026-10-08T13:58:41.1042727Z #9 10.87 Unpacking libxxf86vm1:amd64 (1:1.1.4-1+b2) ...
2026-10-08T13:58:41.1043256Z #9 10.89 Selecting previously unselected package libdrm-amdgpu1:amd64.
2026-10-08T13:58:41.1043877Z #9 10.89 Preparing to unpack .../130-libdrm-amdgpu1_2.4.114-1+b1_amd64.deb ...
2026-10-08T13:58:41.2093059Z #9 10.89 Unpacking libdrm-amdgpu1:amd64 (2.4.114-1+b1) ...
2026-10-08T13:58:41.2094252Z #9 10.91 Selecting previously unselected package libpciaccess0:amd64.
2026-10-08T13:58:41.2095436Z #9 10.91 Preparing to unpack .../131-libpciaccess0_0.17-2_amd64.deb ...
2026-10-08T13:58:41.2096234Z #9 10.91 Unpacking libpciaccess0:amd64 (0.17-2) ...
2026-10-08T13:58:41.2097063Z #9 10.93 Selecting previously unselected package libdrm-intel1:amd64.
2026-10-08T13:58:41.2098051Z #9 10.93 Preparing to unpack .../132-libdrm-intel1_2.4.114-1+b1_amd64.deb ...
2026-10-08T13:58:41.2099251Z #9 10.93 Unpacking libdrm-intel1:amd64 (2.4.114-1+b1) ...
2026-10-08T13:58:41.2100073Z #9 10.95 Selecting previously unselected package libdrm-nouveau2:amd64.
2026-10-08T13:58:41.2100986Z #9 10.96 Preparing to unpack .../133-libdrm-nouveau2_2.4.114-1+b1_amd64.deb ...
2026-10-08T13:58:41.2101806Z #9 10.96 Unpacking libdrm-nouveau2:amd64 (2.4.114-1+b1) ...
2026-10-08T13:58:41.2102591Z #9 10.98 Selecting previously unselected package libdrm-radeon1:amd64.
2026-10-08T13:58:41.2103450Z #9 10.98 Preparing to unpack .../134-libdrm-radeon1_2.4.114-1+b1_amd64.deb ...
2026-10-08T13:58:41.2104181Z #9 10.98 Unpacking libdrm-radeon1:amd64 (2.4.114-1+b1) ...
2026-10-08T13:58:41.2105087Z #9 11.00 Selecting previously unselected package libelf1:amd64.
2026-10-08T13:58:41.4198353Z #9 11.00 Preparing to unpack .../135-libelf1_0.188-2.1_amd64.deb ...
2026-10-08T13:58:41.4199332Z #9 11.00 Unpacking libelf1:amd64 (0.188-2.1) ...
2026-10-08T13:58:41.4200261Z #9 11.03 Selecting previously unselected package libedit2:amd64.
2026-10-08T13:58:41.4201437Z #9 11.03 Preparing to unpack .../136-libedit2_3.1-20221030-2_amd64.deb ...
2026-10-08T13:58:41.4202369Z #9 11.03 Unpacking libedit2:amd64 (3.1-20221030-2) ...
2026-10-08T13:58:41.4202942Z #9 11.05 Selecting previously unselected package libz3-4:amd64.
2026-10-08T13:58:41.4203590Z #9 11.06 Preparing to unpack .../137-libz3-4_4.8.12-3.1_amd64.deb ...
2026-10-08T13:58:41.4204171Z #9 11.06 Unpacking libz3-4:amd64 (4.8.12-3.1) ...
2026-10-08T13:58:41.7391879Z #9 11.53 Selecting previously unselected package libllvm15:amd64.
2026-10-08T13:58:41.8929322Z #9 11.53 Preparing to unpack .../138-libllvm15_1%3a15.0.6-4+b1_amd64.deb ...
2026-10-08T13:58:41.8930305Z #9 11.53 Unpacking libllvm15:amd64 (1:15.0.6-4+b1) ...
2026-10-08T13:58:42.5262627Z #9 12.31 Selecting previously unselected package libsensors-config.
2026-10-08T13:58:42.7291073Z #9 12.32 Preparing to unpack .../139-libsensors-config_1%3a3.6.0-7.1_all.deb ...
2026-10-08T13:58:42.7291829Z #9 12.32 Unpacking libsensors-config (1:3.6.0-7.1) ...
2026-10-08T13:58:42.7292503Z #9 12.33 Selecting previously unselected package libsensors5:amd64.
2026-10-08T13:58:42.7293215Z #9 12.34 Preparing to unpack .../140-libsensors5_1%3a3.6.0-7.1_amd64.deb ...
2026-10-08T13:58:42.7293843Z #9 12.34 Unpacking libsensors5:amd64 (1:3.6.0-7.1) ...
2026-10-08T13:58:42.7294464Z #9 12.36 Selecting previously unselected package libgl1-mesa-dri:amd64.
2026-10-08T13:58:42.7295626Z #9 12.36 Preparing to unpack .../141-libgl1-mesa-dri_22.3.6-1+deb12u2_amd64.deb ...
2026-10-08T13:58:42.7296354Z #9 12.37 Unpacking libgl1-mesa-dri:amd64 (22.3.6-1+deb12u2) ...
2026-10-08T13:58:43.0250940Z #9 12.81 Selecting previously unselected package libglx-mesa0:amd64.
2026-10-08T13:58:43.1288870Z #9 12.81 Preparing to unpack .../142-libglx-mesa0_22.3.6-1+deb12u2_amd64.deb ...
2026-10-08T13:58:43.1290037Z #9 12.82 Unpacking libglx-mesa0:amd64 (22.3.6-1+deb12u2) ...
2026-10-08T13:58:43.1291005Z #9 12.84 Selecting previously unselected package libglx0:amd64.
2026-10-08T13:58:43.1291923Z #9 12.84 Preparing to unpack .../143-libglx0_1.6.0-1_amd64.deb ...
2026-10-08T13:58:43.1292634Z #9 12.84 Unpacking libglx0:amd64 (1.6.0-1) ...
2026-10-08T13:58:43.1293341Z #9 12.86 Selecting previously unselected package libgl1:amd64.
2026-10-08T13:58:43.1294133Z #9 12.87 Preparing to unpack .../144-libgl1_1.6.0-1_amd64.deb ...
2026-10-08T13:58:43.1295197Z #9 12.87 Unpacking libgl1:amd64 (1.6.0-1) ...
2026-10-08T13:58:43.1295860Z #9 12.89 Selecting previously unselected package x11-common.
2026-10-08T13:58:43.1296628Z #9 12.89 Preparing to unpack .../145-x11-common_1%3a7.7+23_all.deb ...
2026-10-08T13:58:43.1297348Z #9 12.89 Unpacking x11-common (1:7.7+23) ...
2026-10-08T13:58:43.1298012Z #9 12.92 Selecting previously unselected package libice6:amd64.
2026-10-08T13:58:43.2475794Z #9 12.92 Preparing to unpack .../146-libice6_2%3a1.0.10-1_amd64.deb ...
2026-10-08T13:58:43.2476847Z #9 12.92 Unpacking libice6:amd64 (2:1.0.10-1) ...
2026-10-08T13:58:43.2477638Z #9 12.94 Selecting previously unselected package libsm6:amd64.
2026-10-08T13:58:43.2478837Z #9 12.94 Preparing to unpack .../147-libsm6_2%3a1.2.3-1_amd64.deb ...
2026-10-08T13:58:43.2479580Z #9 12.94 Unpacking libsm6:amd64 (2:1.2.3-1) ...
2026-10-08T13:58:43.2480294Z #9 12.96 Selecting previously unselected package libxt6:amd64.
2026-10-08T13:58:43.2481138Z #9 12.96 Preparing to unpack .../148-libxt6_1%3a1.2.1-1.1_amd64.deb ...
2026-10-08T13:58:43.2481874Z #9 12.96 Unpacking libxt6:amd64 (1:1.2.1-1.1) ...
2026-10-08T13:58:43.2482590Z #9 12.99 Selecting previously unselected package libxmu6:amd64.
2026-10-08T13:58:43.2483414Z #9 12.99 Preparing to unpack .../149-libxmu6_2%3a1.1.3-3_amd64.deb ...
2026-10-08T13:58:43.2484185Z #9 12.99 Unpacking libxmu6:amd64 (2:1.1.3-3) ...
2026-10-08T13:58:43.2485107Z #9 13.01 Selecting previously unselected package libxpm4:amd64.
2026-10-08T13:58:43.2486017Z #9 13.02 Preparing to unpack .../150-libxpm4_1%3a3.5.12-1.1+deb12u1_amd64.deb ...
2026-10-08T13:58:43.2486835Z #9 13.02 Unpacking libxpm4:amd64 (1:3.5.12-1.1+deb12u1) ...
2026-10-08T13:58:43.2487557Z #9 13.03 Selecting previously unselected package libxaw7:amd64.
2026-10-08T13:58:43.3603441Z #9 13.04 Preparing to unpack .../151-libxaw7_2%3a1.0.14-1_amd64.deb ...
2026-10-08T13:58:43.3604552Z #9 13.04 Unpacking libxaw7:amd64 (2:1.0.14-1) ...
2026-10-08T13:58:43.3605654Z #9 13.07 Selecting previously unselected package libxcb-shape0:amd64.
2026-10-08T13:58:43.3606427Z #9 13.07 Preparing to unpack .../152-libxcb-shape0_1.15-1_amd64.deb ...
2026-10-08T13:58:43.3606954Z #9 13.07 Unpacking libxcb-shape0:amd64 (1.15-1) ...
2026-10-08T13:58:43.3607463Z #9 13.10 Selecting previously unselected package libxft2:amd64.
2026-10-08T13:58:43.3608036Z #9 13.10 Preparing to unpack .../153-libxft2_2.3.6-1_amd64.deb ...
2026-10-08T13:58:43.3608498Z #9 13.10 Unpacking libxft2:amd64 (2.3.6-1) ...
2026-10-08T13:58:43.3609028Z #9 13.12 Selecting previously unselected package libxkbfile1:amd64.
2026-10-08T13:58:43.3609666Z #9 13.12 Preparing to unpack .../154-libxkbfile1_1%3a1.1.0-1_amd64.deb ...
2026-10-08T13:58:43.3610240Z #9 13.12 Unpacking libxkbfile1:amd64 (1:1.1.0-1) ...
2026-10-08T13:58:43.3610778Z #9 13.15 Selecting previously unselected package libxmuu1:amd64.
2026-10-08T13:58:43.4805544Z #9 13.15 Preparing to unpack .../155-libxmuu1_2%3a1.1.3-3_amd64.deb ...
2026-10-08T13:58:43.4806700Z #9 13.15 Unpacking libxmuu1:amd64 (2:1.1.3-3) ...
2026-10-08T13:58:43.4807804Z #9 13.17 Selecting previously unselected package libxtst6:amd64.
2026-10-08T13:58:43.4808970Z #9 13.17 Preparing to unpack .../156-libxtst6_2%3a1.2.3-1.1_amd64.deb ...
2026-10-08T13:58:43.4810017Z #9 13.17 Unpacking libxtst6:amd64 (2:1.2.3-1.1) ...
2026-10-08T13:58:43.4811375Z #9 13.19 Selecting previously unselected package libxv1:amd64.
2026-10-08T13:58:43.4812008Z #9 13.20 Preparing to unpack .../157-libxv1_2%3a1.0.11-1.1_amd64.deb ...
2026-10-08T13:58:43.4812536Z #9 13.20 Unpacking libxv1:amd64 (2:1.0.11-1.1) ...
2026-10-08T13:58:43.4813057Z #9 13.21 Selecting previously unselected package libxxf86dga1:amd64.
2026-10-08T13:58:43.4813683Z #9 13.22 Preparing to unpack .../158-libxxf86dga1_2%3a1.1.5-1_amd64.deb ...
2026-10-08T13:58:43.4814242Z #9 13.22 Unpacking libxxf86dga1:amd64 (2:1.1.5-1) ...
2026-10-08T13:58:43.4815209Z #9 13.24 Selecting previously unselected package x11-utils.
2026-10-08T13:58:43.4815808Z #9 13.24 Preparing to unpack .../159-x11-utils_7.7+5_amd64.deb ...
2026-10-08T13:58:43.4816557Z #9 13.24 Unpacking x11-utils (7.7+5) ...
2026-10-08T13:58:43.4817011Z #9 13.27 Selecting previously unselected package xdg-utils.
2026-10-08T13:58:43.6576561Z #9 13.27 Preparing to unpack .../160-xdg-utils_1.1.3-4.1_all.deb ...
2026-10-08T13:58:43.6577407Z #9 13.27 Unpacking xdg-utils (1.1.3-4.1) ...
2026-10-08T13:58:43.6578207Z #9 13.29 Selecting previously unselected package chromium-common.
2026-10-08T13:58:43.6579263Z #9 13.29 Preparing to unpack .../161-chromium-common_154.0.8037.92-1~deb12u1_amd64.deb ...
2026-10-08T13:58:43.6580263Z #9 13.29 Unpacking chromium-common (154.0.8037.92-1~deb12u1) ...
2026-10-08T13:58:44.1228739Z #9 13.91 Selecting previously unselected package chromium.
2026-10-08T13:58:44.2767506Z #9 13.91 Preparing to unpack .../162-chromium_154.0.8037.92-1~deb12u1_amd64.deb ...
2026-10-08T13:58:44.2768790Z #9 13.91 Unpacking chromium (154.0.8037.92-1~deb12u1) ...
2026-10-08T13:58:46.1543913Z #9 15.94 Selecting previously unselected package tini.
2026-10-08T13:58:46.2562246Z #9 15.94 Preparing to unpack .../163-tini_0.19.0-1+b3_amd64.deb ...
2026-10-08T13:58:46.2563351Z #9 15.94 Unpacking tini (0.19.0-1+b3) ...
2026-10-08T13:58:46.2564577Z #9 16.01 Setting up libexpat1:amd64 (2.5.0-1+deb12u4) ...
2026-10-08T13:58:46.2565904Z #9 16.01 Setting up bubblewrap (0.8.0-2+deb12u1) ...
2026-10-08T13:58:46.2566581Z #9 16.01 sysctl: cannot open "/etc/sysctl.d/99-sysctl.conf": No such file or directory
2026-10-08T13:58:46.2567708Z #9 16.01 Setting up libgraphite2-3:amd64 (1.3.14-1+deb12u1) ...
2026-10-08T13:58:46.2568590Z #9 16.02 Setting up liblcms2-2:amd64 (2.14-2+deb12u1) ...
2026-10-08T13:58:46.2569291Z #9 16.02 Setting up libpixman-1-0:amd64 (0.42.2-1) ...
2026-10-08T13:58:46.2569923Z #9 16.02 Setting up libwayland-server0:amd64 (1.21.0-1) ...
2026-10-08T13:58:46.2570549Z #9 16.02 Setting up libpciaccess0:amd64 (0.17-2) ...
2026-10-08T13:58:46.2571041Z #9 16.02 Setting up systemd-sysv (252.39-1~deb12u2) ...
2026-10-08T13:58:46.2572013Z #9 16.03 Setting up libxau6:amd64 (1:1.0.9-1) ...
2026-10-08T13:58:46.2572660Z #9 16.03 Setting up libdouble-conversion3:amd64 (3.2.1-1) ...
2026-10-08T13:58:46.2573335Z #9 16.03 Setting up libkeyutils1:amd64 (1.6.3-2) ...
2026-10-08T13:58:46.2574120Z #9 16.03 Setting up libicu72:amd64 (72.1-3+deb12u1) ...
2026-10-08T13:58:46.2575033Z #9 16.04 Setting up libmpg123-0:amd64 (1.31.2-1+deb12u1) ...
2026-10-08T13:58:46.2575660Z #9 16.04 Setting up libogg0:amd64 (1.3.5-3) ...
2026-10-08T13:58:46.2576459Z #9 16.04 Setting up liblerc4:amd64 (4.0.0+ds-2) ...
2026-10-08T13:58:46.2577110Z #9 16.04 Setting up hicolor-icon-theme (0.17-2) ...
2026-10-08T13:58:46.3702552Z #9 16.06 Setting up libdatrie1:amd64 (0.2.13-2+b1) ...
2026-10-08T13:58:46.3703445Z #9 16.06 Setting up libminizip1:amd64 (1.1-8+deb12u1) ...
2026-10-08T13:58:46.3704281Z #9 16.07 Setting up libglib2.0-0:amd64 (2.74.6-2+deb12u9) ...
2026-10-08T13:58:46.3705332Z #9 16.08 Setting up libglvnd0:amd64 (1.6.0-1) ...
2026-10-08T13:58:46.3706077Z #9 16.08 Setting up libbrotli1:amd64 (1.0.9-2+b6) ...
2026-10-08T13:58:46.3706870Z #9 16.08 Setting up libsqlite3-0:amd64 (3.40.1-2+deb12u2) ...
2026-10-08T13:58:46.3707794Z #9 16.08 Setting up libgdk-pixbuf2.0-common (2.42.10+dfsg-1+deb12u4) ...
2026-10-08T13:58:46.3708597Z #9 16.08 Setting up x11-common (1:7.7+23) ...
2026-10-08T13:58:46.3709683Z #9 16.16 debconf: unable to initialize frontend: Dialog
2026-10-08T13:58:46.3710547Z #9 16.16 debconf: (TERM is not set, so the dialog frontend is not usable.)
2026-10-08T13:58:46.3711373Z #9 16.16 debconf: falling back to frontend: Readline
2026-10-08T13:58:46.4739750Z #9 16.16 debconf: unable to initialize frontend: Readline
2026-10-08T13:58:46.4743772Z #9 16.16 debconf: (Can't locate Term/ReadLine.pm in @INC (you may need to install the Term::ReadLine module) (@INC contains: /etc/perl /usr/local/lib/x86_64-linux-gnu/perl/5.36.0 /usr/local/share/perl/5.36.0 /usr/lib/x86_64-linux-gnu/perl5/5.36 /usr/share/perl5 /usr/lib/x86_64-linux-gnu/perl-base /usr/lib/x86_64-linux-gnu/perl/5.36 /usr/share/perl/5.36 /usr/local/lib/site_perl) at /usr/share/perl5/Debconf/FrontEnd/Readline.pm line 7.)
2026-10-08T13:58:46.4746661Z #9 16.16 debconf: falling back to frontend: Teletype
2026-10-08T13:58:46.4747260Z #9 16.18 invoke-rc.d: could not determine current runlevel
2026-10-08T13:58:46.4747992Z #9 16.18 invoke-rc.d: policy-rc.d denied execution of restart.
2026-10-08T13:58:46.4748538Z #9 16.19 Setting up libsensors-config (1:3.6.0-7.1) ...
2026-10-08T13:58:46.4748940Z #9 16.19 Setting up libdeflate0:amd64 (1.14-1) ...
2026-10-08T13:58:46.4749305Z #9 16.19 Setting up xkb-data (2.35.1-1) ...
2026-10-08T13:58:46.4749754Z #9 16.19 Setting up libjbig0:amd64 (2.1-6.1) ...
2026-10-08T13:58:46.4750471Z #9 16.20 Setting up libcolord2:amd64 (1.4.6-2.2) ...
2026-10-08T13:58:46.4751133Z #9 16.20 Setting up libkrb5support0:amd64 (1.20.1-2+deb12u5) ...
2026-10-08T13:58:46.4751573Z #9 16.20 Setting up libdconf1:amd64 (0.40.0-4) ...
2026-10-08T13:58:46.4751942Z #9 16.20 Setting up libasound2-data (1.2.8-1) ...
2026-10-08T13:58:46.4752445Z #9 16.21 Setting up libfontenc1:amd64 (1:1.1.4-1) ...
2026-10-08T13:58:46.4752894Z #9 16.21 Setting up libz3-4:amd64 (4.8.12-3.1) ...
2026-10-08T13:58:46.4753270Z #9 16.21 Setting up libflac12:amd64 (1.4.2+ds-2) ...
2026-10-08T13:58:46.4753675Z #9 16.21 Setting up libjpeg62-turbo:amd64 (1:2.1.5-2) ...
2026-10-08T13:58:46.4754212Z #9 16.21 Setting up libx11-data (2:1.8.4-2+deb12u2) ...
2026-10-08T13:58:46.4754598Z #9 16.22 Setting up libepoxy0:amd64 (1.5.10-1) ...
2026-10-08T13:58:46.4755353Z #9 16.22 Setting up libnspr4:amd64 (2:4.35-1) ...
2026-10-08T13:58:46.4755811Z #9 16.22 Setting up libavahi-common-data:amd64 (0.8-10+deb12u1) ...
2026-10-08T13:58:46.4756295Z #9 16.22 Setting up libdbus-1-3:amd64 (1.14.10-1~deb12u1) ...
2026-10-08T13:58:46.4756702Z #9 16.23 Setting up libfribidi0:amd64 (1.0.8-2.1) ...
2026-10-08T13:58:46.4757070Z #9 16.23 Setting up libopus0:amd64 (1.3.1-3) ...
2026-10-08T13:58:46.4757446Z #9 16.23 Setting up libproc2-0:amd64 (2:4.0.2-3) ...
2026-10-08T13:58:46.4757841Z #9 16.23 Setting up libpng16-16:amd64 (1.6.39-2+deb12u6) ...
2026-10-08T13:58:46.4758231Z #9 16.24 Setting up libvorbis0a:amd64 (1.3.7-1) ...
2026-10-08T13:58:46.4758583Z #9 16.24 Setting up tini (0.19.0-1+b3) ...
2026-10-08T13:58:46.4758934Z #9 16.24 Setting up fonts-dejavu-core (2.37-6) ...
2026-10-08T13:58:46.4759431Z #9 16.25 Setting up libsensors5:amd64 (1:3.6.0-7.1) ...
2026-10-08T13:58:46.4759821Z #9 16.25 Setting up libncursesw6:amd64 (6.4-4) ...
2026-10-08T13:58:46.4760220Z #9 16.25 Setting up libk5crypto3:amd64 (1.20.1-2+deb12u5) ...
2026-10-08T13:58:46.4760757Z #9 16.26 Setting up libdav1d6:amd64 (1.0.0-2+deb12u1) ...
2026-10-08T13:58:46.4761613Z #9 16.26 Setting up libglapi-mesa:amd64 (22.3.6-1+deb12u2) ...
2026-10-08T13:58:46.5761835Z #9 16.26 Setting up libopenh264-7:amd64 (2.3.1+dfsg-3+deb12u2) ...
2026-10-08T13:58:46.5762521Z #9 16.27 Setting up libwebp7:amd64 (1.2.4-0.2+deb12u1) ...
2026-10-08T13:58:46.5763034Z #9 16.27 Setting up libasyncns0:amd64 (0.8-6+b3) ...
2026-10-08T13:58:46.5763503Z #9 16.27 Setting up libxshmfence1:amd64 (1.3-1) ...
2026-10-08T13:58:46.5763960Z #9 16.27 Setting up at-spi2-common (2.46.0-5) ...
2026-10-08T13:58:46.5764432Z #9 16.27 Setting up libtiff6:amd64 (4.5.0-6+deb12u4) ...
2026-10-08T13:58:46.5765576Z #9 16.28 Setting up dbus-session-bus-common (1.14.10-1~deb12u1) ...
2026-10-08T13:58:46.5766668Z #9 16.28 Setting up procps (2:4.0.2-3) ...
2026-10-08T13:58:46.5767197Z #9 16.30 Setting up libasound2:amd64 (1.2.8-1+b1) ...
2026-10-08T13:58:46.5767659Z #9 16.30 Setting up libopenjp2-7:amd64 (2.5.0-2+deb12u3) ...
2026-10-08T13:58:46.5768089Z #9 16.31 Setting up libthai-data (0.1.29-1) ...
2026-10-08T13:58:46.5768495Z #9 16.31 Setting up libatk1.0-0:amd64 (2.46.0-5) ...
2026-10-08T13:58:46.5768932Z #9 16.31 Setting up libkrb5-3:amd64 (1.20.1-2+deb12u5) ...
2026-10-08T13:58:46.5769365Z #9 16.31 Setting up libwayland-egl1:amd64 (1.21.0-1) ...
2026-10-08T13:58:46.5770136Z #9 16.32 Setting up dbus-system-bus-common (1.14.10-1~deb12u1) ...
2026-10-08T13:58:46.5770572Z #9 16.36 Setting up libbsd0:amd64 (0.11.7-2) ...
2026-10-08T13:58:46.7088850Z #9 16.37 Setting up libdrm-common (2.4.114-1) ...
2026-10-08T13:58:46.7089677Z #9 16.37 Setting up libelf1:amd64 (0.188-2.1) ...
2026-10-08T13:58:46.7090512Z #9 16.37 Setting up libxml2:amd64 (2.9.14+dfsg-1.3~deb12u6) ...
2026-10-08T13:58:46.7091359Z #9 16.38 Setting up xdg-utils (1.1.3-4.1) ...
2026-10-08T13:58:46.7092519Z #9 16.38 update-alternatives: using /usr/bin/xdg-open to provide /usr/bin/open (open) in auto mode
2026-10-08T13:58:46.7094356Z #9 16.38 update-alternatives: warning: skip creation of /usr/share/man/man1/open.1.gz because associated file /usr/share/man/man1/xdg-open.1.gz (of link group open) doesn't exist
2026-10-08T13:58:46.7096027Z #9 16.38 Setting up dbus-bin (1.14.10-1~deb12u1) ...
2026-10-08T13:58:46.7096543Z #9 16.41 Setting up libmp3lame0:amd64 (3.100-6) ...
2026-10-08T13:58:46.7097081Z #9 16.41 Setting up libvorbisenc2:amd64 (1.3.7-1) ...
2026-10-08T13:58:46.7097517Z #9 16.42 Setting up libxkbcommon0:amd64 (1.5.0-1) ...
2026-10-08T13:58:46.7098121Z #9 16.42 Setting up libwayland-client0:amd64 (1.21.0-1) ...
2026-10-08T13:58:46.7098588Z #9 16.42 Setting up libice6:amd64 (2:1.0.10-1) ...
2026-10-08T13:58:46.7099166Z #9 16.42 Setting up libxdmcp6:amd64 (1:1.1.2-3) ...
2026-10-08T13:58:46.7099592Z #9 16.43 Setting up libxcb1:amd64 (1.15-1) ...
2026-10-08T13:58:46.7100020Z #9 16.43 Setting up libxcb-xfixes0:amd64 (1.15-1) ...
2026-10-08T13:58:46.7100611Z #9 16.43 Setting up libxcb-render0:amd64 (1.15-1) ...
2026-10-08T13:58:46.7101060Z #9 16.43 Setting up fontconfig-config (2.14.1-4) ...
2026-10-08T13:58:46.7101655Z #9 16.50 debconf: unable to initialize frontend: Dialog
2026-10-08T13:58:46.7102213Z #9 16.50 debconf: (TERM is not set, so the dialog frontend is not usable.)
2026-10-08T13:58:46.7102870Z #9 16.50 debconf: falling back to frontend: Readline
2026-10-08T13:58:46.8380258Z #9 16.50 debconf: unable to initialize frontend: Readline
2026-10-08T13:58:46.8383225Z #9 16.50 debconf: (Can't locate Term/ReadLine.pm in @INC (you may need to install the Term::ReadLine module) (@INC contains: /etc/perl /usr/local/lib/x86_64-linux-gnu/perl/5.36.0 /usr/local/share/perl/5.36.0 /usr/lib/x86_64-linux-gnu/perl5/5.36 /usr/share/perl5 /usr/lib/x86_64-linux-gnu/perl-base /usr/lib/x86_64-linux-gnu/perl/5.36 /usr/share/perl/5.36 /usr/local/lib/site_perl) at /usr/share/perl5/Debconf/FrontEnd/Readline.pm line 7.)
2026-10-08T13:58:46.8385932Z #9 16.50 debconf: falling back to frontend: Teletype
2026-10-08T13:58:46.8386402Z #9 16.63 Setting up libxcb-glx0:amd64 (1.15-1) ...
2026-10-08T13:58:47.0453044Z #9 16.63 Setting up libedit2:amd64 (3.1-20221030-2) ...
2026-10-08T13:58:47.0453866Z #9 16.63 Setting up libxcb-shape0:amd64 (1.15-1) ...
2026-10-08T13:58:47.0454979Z #9 16.63 Setting up libavahi-common3:amd64 (0.8-10+deb12u1) ...
2026-10-08T13:58:47.0455829Z #9 16.63 Setting up libnss3:amd64 (2:3.87.1-1+deb12u4) ...
2026-10-08T13:58:47.0456552Z #9 16.64 Setting up libxcb-shm0:amd64 (1.15-1) ...
2026-10-08T13:58:47.0457304Z #9 16.64 Setting up dbus-daemon (1.14.10-1~deb12u1) ...
2026-10-08T13:58:47.0458084Z #9 16.65 Setting up libxcb-present0:amd64 (1.15-1) ...
2026-10-08T13:58:47.0458822Z #9 16.65 Setting up libthai0:amd64 (0.1.29-1) ...
2026-10-08T13:58:47.0459639Z #9 16.65 Setting up libfreetype6:amd64 (2.12.1+dfsg-5+deb12u4) ...
2026-10-08T13:58:47.0460837Z #9 16.66 Setting up libxcb-sync1:amd64 (1.15-1) ...
2026-10-08T13:58:47.0461544Z #9 16.66 Setting up dbus (1.14.10-1~deb12u1) ...
2026-10-08T13:58:47.0462496Z #9 16.68 invoke-rc.d: could not determine current runlevel
2026-10-08T13:58:47.0463296Z #9 16.68 invoke-rc.d: policy-rc.d denied execution of start.
2026-10-08T13:58:47.0464037Z #9 16.68 Setting up shared-mime-info (2.2-1) ...
2026-10-08T13:58:47.4649473Z #9 17.25 Setting up libgssapi-krb5-2:amd64 (1.20.1-2+deb12u5) ...
2026-10-08T13:58:47.5940467Z #9 17.26 Setting up libxcb-dri2-0:amd64 (1.15-1) ...
2026-10-08T13:58:47.5941022Z #9 17.26 Setting up libdrm2:amd64 (2.4.114-1+b1) ...
2026-10-08T13:58:47.5941684Z #9 17.26 Setting up libwayland-cursor0:amd64 (1.21.0-1) ...
2026-10-08T13:58:47.5942254Z #9 17.26 Setting up libxcb-randr0:amd64 (1.15-1) ...
2026-10-08T13:58:47.5942791Z #9 17.26 Setting up libllvm15:amd64 (1:15.0.6-4+b1) ...
2026-10-08T13:58:47.5943373Z #9 17.27 Setting up libpam-systemd:amd64 (252.39-1~deb12u2) ...
2026-10-08T13:58:47.5943988Z #9 17.33 debconf: unable to initialize frontend: Dialog
2026-10-08T13:58:47.5945111Z #9 17.33 debconf: (TERM is not set, so the dialog frontend is not usable.)
2026-10-08T13:58:47.5946000Z #9 17.33 debconf: falling back to frontend: Readline
2026-10-08T13:58:47.5946531Z #9 17.33 debconf: unable to initialize frontend: Readline
2026-10-08T13:58:47.5949382Z #9 17.33 debconf: (Can't locate Term/ReadLine.pm in @INC (you may need to install the Term::ReadLine module) (@INC contains: /etc/perl /usr/local/lib/x86_64-linux-gnu/perl/5.36.0 /usr/local/share/perl/5.36.0 /usr/lib/x86_64-linux-gnu/perl5/5.36 /usr/share/perl5 /usr/lib/x86_64-linux-gnu/perl-base /usr/lib/x86_64-linux-gnu/perl/5.36 /usr/share/perl/5.36 /usr/local/lib/site_perl) at /usr/share/perl5/Debconf/FrontEnd/Readline.pm line 7.)
2026-10-08T13:58:47.5951027Z #9 17.33 debconf: falling back to frontend: Teletype
2026-10-08T13:58:47.5951438Z #9 17.38 Setting up libx11-6:amd64 (2:1.8.4-2+deb12u2) ...
2026-10-08T13:58:47.7904021Z #9 17.38 Setting up libharfbuzz0b:amd64 (6.0.0+dfsg-3) ...
2026-10-08T13:58:47.7911520Z #9 17.39 Setting up libgdk-pixbuf-2.0-0:amd64 (2.42.10+dfsg-1+deb12u4) ...
2026-10-08T13:58:47.7912208Z #9 17.40 Setting up libfontconfig1:amd64 (2.14.1-4) ...
2026-10-08T13:58:47.7912777Z #9 17.40 Setting up libsndfile1:amd64 (1.2.0-1+deb12u1) ...
2026-10-08T13:58:47.7913330Z #9 17.41 Setting up libxkbfile1:amd64 (1:1.1.0-1) ...
2026-10-08T13:58:47.7913895Z #9 17.41 Setting up libxcomposite1:amd64 (1:0.4.5-1) ...
2026-10-08T13:58:47.7914402Z #9 17.41 Setting up libsm6:amd64 (2:1.2.3-1) ...
2026-10-08T13:58:47.7915208Z #9 17.41 Setting up libavahi-client3:amd64 (0.8-10+deb12u1) ...
2026-10-08T13:58:47.7915778Z #9 17.41 Setting up libxmuu1:amd64 (2:1.1.3-3) ...
2026-10-08T13:58:47.7916328Z #9 17.42 Setting up libdrm-amdgpu1:amd64 (2.4.114-1+b1) ...
2026-10-08T13:58:47.7916877Z #9 17.42 Setting up libxcb-dri3-0:amd64 (1.15-1) ...
2026-10-08T13:58:47.7917472Z #9 17.42 Setting up gtk-update-icon-cache (3.24.38-2~deb12u3) ...
2026-10-08T13:58:47.7918081Z #9 17.42 Setting up libx11-xcb1:amd64 (2:1.8.4-2+deb12u2) ...
2026-10-08T13:58:47.7918585Z #9 17.42 Setting up fontconfig (2.14.1-4) ...
2026-10-08T13:58:49.6529558Z #9 17.43 Regenerating fonts cache... done.
2026-10-08T13:58:49.7740102Z #9 19.44 Setting up libdrm-nouveau2:amd64 (2.4.114-1+b1) ...
2026-10-08T13:58:49.7741361Z #9 19.44 Setting up libxdamage1:amd64 (1:1.1.6-1) ...
2026-10-08T13:58:49.7742413Z #9 19.45 Setting up libxpm4:amd64 (1:3.5.12-1.1+deb12u1) ...
2026-10-08T13:58:49.7743154Z #9 19.45 Setting up libxrender1:amd64 (1:0.9.10-1.1) ...
2026-10-08T13:58:49.7743629Z #9 19.45 Setting up libgbm1:amd64 (22.3.6-1+deb12u2) ...
2026-10-08T13:58:49.7744075Z #9 19.45 Setting up libpulse0:amd64 (16.1+dfsg1-2+b1) ...
2026-10-08T13:58:49.7744530Z #9 19.46 Setting up libdrm-radeon1:amd64 (2.4.114-1+b1) ...
2026-10-08T13:58:49.7745257Z #9 19.46 Setting up libpango-1.0-0:amd64 (1.50.12+ds-1) ...
2026-10-08T13:58:49.7745695Z #9 19.47 Setting up libdrm-intel1:amd64 (2.4.114-1+b1) ...
2026-10-08T13:58:49.7746434Z #9 19.47 Setting up libgl1-mesa-dri:amd64 (22.3.6-1+deb12u2) ...
2026-10-08T13:58:49.7747033Z #9 19.47 Setting up libxext6:amd64 (2:1.3.4-1+b1) ...
2026-10-08T13:58:49.7747444Z #9 19.48 Setting up libcairo2:amd64 (1.16.0-7) ...
2026-10-08T13:58:49.7747866Z #9 19.48 Setting up libxxf86vm1:amd64 (1:1.1.4-1+b2) ...
2026-10-08T13:58:49.7748315Z #9 19.48 Setting up libxnvctrl0:amd64 (525.85.05-3~deb12u1) ...
2026-10-08T13:58:49.7748792Z #9 19.48 Setting up dbus-user-session (1.14.10-1~deb12u1) ...
2026-10-08T13:58:49.7749413Z #9 19.48 Setting up adwaita-icon-theme (43-1) ...
2026-10-08T13:58:49.7750318Z #9 19.56 update-alternatives: using /usr/share/icons/Adwaita/cursor.theme to provide /usr/share/icons/default/index.theme (x-cursor-theme) in auto mode
2026-10-08T13:58:49.8896132Z #9 19.56 Setting up libxfixes3:amd64 (1:6.0.0-2) ...
2026-10-08T13:58:49.8897053Z #9 19.57 Setting up libxinerama1:amd64 (2:1.1.4-3) ...
2026-10-08T13:58:49.8897887Z #9 19.57 Setting up libxv1:amd64 (2:1.0.11-1.1) ...
2026-10-08T13:58:49.8898624Z #9 19.57 Setting up libxrandr2:amd64 (2:1.5.2-2+b1) ...
2026-10-08T13:58:49.8899128Z #9 19.57 Setting up libxt6:amd64 (1:1.2.1-1.1) ...
2026-10-08T13:58:49.8899644Z #9 19.58 Setting up libcups2:amd64 (2.4.2-3+deb12u9) ...
2026-10-08T13:58:49.8900227Z #9 19.58 Setting up libharfbuzz-subset0:amd64 (6.0.0+dfsg-3) ...
2026-10-08T13:58:49.8901044Z #9 19.58 Setting up libcairo-gobject2:amd64 (1.16.0-7) ...
2026-10-08T13:58:49.8901797Z #9 19.58 Setting up libpangoft2-1.0-0:amd64 (1.50.12+ds-1) ...
2026-10-08T13:58:49.8902356Z #9 19.59 Setting up libpangocairo-1.0-0:amd64 (1.50.12+ds-1) ...
2026-10-08T13:58:49.8903027Z #9 19.59 Setting up libxft2:amd64 (2.3.6-1) ...
2026-10-08T13:58:49.8903453Z #9 19.59 Setting up libxmu6:amd64 (2:1.1.3-3) ...
2026-10-08T13:58:49.8903910Z #9 19.59 Setting up libglx-mesa0:amd64 (22.3.6-1+deb12u2) ...
2026-10-08T13:58:49.8904429Z #9 19.60 Setting up libxi6:amd64 (2:1.8-1+b1) ...
2026-10-08T13:58:49.8905264Z #9 19.60 Setting up libglx0:amd64 (1.6.0-1) ...
2026-10-08T13:58:49.8905700Z #9 19.60 Setting up libxtst6:amd64 (2:1.2.3-1.1) ...
2026-10-08T13:58:49.8906146Z #9 19.60 Setting up libxcursor1:amd64 (1:1.2.1-1) ...
2026-10-08T13:58:49.8906581Z #9 19.60 Setting up libxxf86dga1:amd64 (2:1.1.5-1) ...
2026-10-08T13:58:49.8907002Z #9 19.61 Setting up dconf-service (0.40.0-4) ...
2026-10-08T13:58:49.8907417Z #9 19.61 Setting up libxaw7:amd64 (2:1.0.14-1) ...
2026-10-08T13:58:49.8907851Z #9 19.64 Setting up libatspi2.0-0:amd64 (2.46.0-5) ...
2026-10-08T13:58:49.8908407Z #9 19.64 Setting up libatk-bridge2.0-0:amd64 (2.46.0-5) ...
2026-10-08T13:58:49.8908913Z #9 19.64 Setting up libgl1:amd64 (1.6.0-1) ...
2026-10-08T13:58:49.8909293Z #9 19.64 Setting up x11-utils (7.7+5) ...
2026-10-08T13:58:49.8909753Z #9 19.65 Setting up chromium-common (154.0.8037.92-1~deb12u1) ...
2026-10-08T13:58:49.8910478Z #9 19.65 Setting up dconf-gsettings-backend:amd64 (0.40.0-4) ...
2026-10-08T13:58:49.8910979Z #9 19.66 Setting up libgtk-3-common (3.24.38-2~deb12u3) ...
2026-10-08T13:58:49.8911488Z #9 19.66 Setting up libgtk-3-0:amd64 (3.24.38-2~deb12u3) ...
2026-10-08T13:58:49.8912138Z #9 19.68 Setting up chromium (154.0.8037.92-1~deb12u1) ...
2026-10-08T13:58:50.0541514Z #9 19.69 update-alternatives: using /usr/bin/chromium to provide /usr/bin/x-www-browser (x-www-browser) in auto mode
2026-10-08T13:58:50.0544149Z #9 19.69 update-alternatives: using /usr/bin/chromium to provide /usr/bin/gnome-www-browser (gnome-www-browser) in auto mode
2026-10-08T13:58:50.0546169Z #9 19.69 Processing triggers for libc-bin (2.36-9+deb12u14) ...
2026-10-08T13:58:51.4451753Z #9 DONE 21.2s
2026-10-08T13:58:51.6138875Z 
2026-10-08T13:58:51.6139802Z #10 [ 5/11] COPY package.json pnpm-lock.yaml pnpm-workspace.yaml ./
2026-10-08T13:58:51.6140396Z #10 DONE 0.0s
2026-10-08T13:58:51.6140550Z 
2026-10-08T13:58:51.6140782Z #11 [ 6/11] RUN pnpm install --frozen-lockfile
2026-10-08T13:58:51.6479684Z #11 0.185 ! Corepack is about to download https://registry.npmjs.org/pnpm/-/pnpm-10.18.3.tgz
2026-10-08T13:58:52.9497079Z #11 1.485 Lockfile is up to date, resolution step is skipped
2026-10-08T13:58:53.0655651Z #11 1.533 Progress: resolved 1, reused 0, downloaded 0, added 0
2026-10-08T13:58:53.0656410Z #11 1.602 Packages: +408
2026-10-08T13:58:53.0657136Z #11 1.602 ++++++++++++++++++++++++++++++++++++++++++++++++++++++++++++++++++++++++++++++++
2026-10-08T13:58:53.2930396Z #11 1.830 
2026-10-08T13:58:53.2931715Z #11 1.830    ╭───────────────────────────────────────────────╮
2026-10-08T13:58:53.2932579Z #11 1.830    │                                               │
2026-10-08T13:58:53.2933568Z #11 1.830    │     Update available! 10.18.3 → 12.10.1.      │
2026-10-08T13:58:53.2934210Z #11 1.830    │     Changelog: https://pnpm.io/v/12.10.1      │
2026-10-08T13:58:53.2934871Z #11 1.830    │   To update, run: corepack use pnpm@12.10.1   │
2026-10-08T13:58:53.2935460Z #11 1.830    │                                               │
2026-10-08T13:58:53.2935921Z #11 1.830    ╰───────────────────────────────────────────────╯
2026-10-08T13:58:53.2936205Z #11 1.830 
2026-10-08T13:58:54.0049936Z #11 2.540 Progress: resolved 408, reused 0, downloaded 128, added 68
2026-10-08T13:58:55.0030926Z #11 3.540 Progress: resolved 408, reused 0, downloaded 246, added 135
2026-10-08T13:58:56.0076958Z #11 4.544 Progress: resolved 408, reused 0, downloaded 277, added 146
2026-10-08T13:58:57.0142125Z #11 5.551 Progress: resolved 408, reused 0, downloaded 364, added 196
2026-10-08T13:58:58.0142532Z #11 6.551 Progress: resolved 408, reused 0, downloaded 407, added 407
2026-10-08T13:58:58.2885174Z #11 6.825 Progress: resolved 408, reused 0, downloaded 408, added 408, done
2026-10-08T13:58:58.4567295Z #11 6.993 .../node_modules/@prisma/engines postinstall$ node scripts/postinstall.js
2026-10-08T13:58:58.5927314Z #11 7.027 .../node_modules/workerd postinstall$ node install.js
2026-10-08T13:58:58.5928495Z #11 7.028 .../esbuild@0.28.1/node_modules/esbuild postinstall$ node install.js
2026-10-08T13:58:58.5929542Z #11 7.029 .../esbuild@0.28.2/node_modules/esbuild postinstall$ node install.js
2026-10-08T13:58:58.5930660Z #11 7.124 .../esbuild@0.25.12/node_modules/esbuild postinstall$ node install.js
2026-10-08T13:58:58.6916096Z #11 7.213 .../node_modules/workerd postinstall: Done
2026-10-08T13:58:58.6955779Z #11 7.226 .../esbuild@0.28.1/node_modules/esbuild postinstall: Done
2026-10-08T13:58:58.9214376Z #11 7.229 .../esbuild@0.28.2/node_modules/esbuild postinstall: Done
2026-10-08T13:58:58.9216247Z #11 7.307 .../esbuild@0.25.12/node_modules/esbuild postinstall: Done
2026-10-08T13:58:59.2262854Z #11 7.763 .../node_modules/@prisma/engines postinstall: Done
2026-10-08T13:58:59.5573808Z #11 8.094 .../node_modules/prisma preinstall$ node scripts/preinstall-entry.js
2026-10-08T13:58:59.7807091Z #11 8.167 .../node_modules/prisma preinstall: Done
2026-10-08T13:58:59.9525815Z #11 8.489 
2026-10-08T13:58:59.9526301Z #11 8.489 dependencies:
2026-10-08T13:58:59.9526872Z #11 8.489 + @cloudflare/containers 0.3.7
2026-10-08T13:58:59.9527458Z #11 8.489 + @supabase/server 1.8.0
2026-10-08T13:58:59.9528093Z #11 8.489 + @supabase/supabase-js 2.117.0
2026-10-08T13:58:59.9528731Z #11 8.489 + @tiptap/extension-collaboration 3.31.3
2026-10-08T13:58:59.9529547Z #11 8.489 + @tiptap/extension-collaboration-caret 3.31.3
2026-10-08T13:58:59.9530245Z #11 8.489 + @tiptap/react 3.31.3
2026-10-08T13:58:59.9530842Z #11 8.489 + @tiptap/starter-kit 3.31.3
2026-10-08T13:58:59.9531484Z #11 8.489 + @vitejs/plugin-react 5.2.0
2026-10-08T13:58:59.9532001Z #11 8.489 + cross-env 10.1.0
2026-10-08T13:58:59.9532481Z #11 8.489 + dotenv 17.4.2
2026-10-08T13:58:59.9532948Z #11 8.489 + esbuild 0.25.12
2026-10-08T13:58:59.9533456Z #11 8.489 + esbuild-wasm 0.25.12
2026-10-08T13:58:59.9533942Z #11 8.489 + express 5.2.1
2026-10-08T13:58:59.9534417Z #11 8.489 + lucide-react 0.468.0
2026-10-08T13:58:59.9535160Z #11 8.489 + react 19.2.8
2026-10-08T13:58:59.9535579Z #11 8.489 + react-dom 19.2.8
2026-10-08T13:58:59.9536007Z #11 8.489 + vite 7.3.6
2026-10-08T13:58:59.9536421Z #11 8.489 + ws 8.21.3
2026-10-08T13:58:59.9536870Z #11 8.489 + y-protocols 1.0.7
2026-10-08T13:58:59.9537714Z #11 8.489 + yjs 13.6.32
2026-10-08T13:58:59.9538143Z #11 8.489 
2026-10-08T13:58:59.9538529Z #11 8.489 devDependencies:
2026-10-08T13:58:59.9539070Z #11 8.489 + @prisma/adapter-pg 7.10.0
2026-10-08T13:58:59.9539644Z #11 8.489 + @prisma/client 7.10.0
2026-10-08T13:58:59.9540188Z #11 8.489 + @types/express 5.0.6
2026-10-08T13:58:59.9540732Z #11 8.489 + @types/node 22.20.1
2026-10-08T13:58:59.9541198Z #11 8.489 + @types/pg 8.23.1
2026-10-08T13:58:59.9541715Z #11 8.489 + @types/react 19.2.18
2026-10-08T13:58:59.9542251Z #11 8.489 + @types/react-dom 19.2.7
2026-10-08T13:58:59.9542760Z #11 8.489 + @types/ws 8.18.1
2026-10-08T13:58:59.9543208Z #11 8.489 + pg 8.23.0
2026-10-08T13:58:59.9543618Z #11 8.489 + prisma 7.10.0
2026-10-08T13:58:59.9544052Z #11 8.489 + tsx 4.23.13
2026-10-08T13:58:59.9544493Z #11 8.489 + typescript 5.9.3
2026-10-08T13:58:59.9545178Z #11 8.489 + wrangler 4.131.1
2026-10-08T13:58:59.9545591Z #11 8.489 
2026-10-08T13:59:00.0905928Z #11 8.627 Done in 7.5s using pnpm v10.18.3
2026-10-08T13:59:01.2018223Z #11 DONE 9.7s
2026-10-08T13:59:01.3399547Z 
2026-10-08T13:59:01.3400250Z #12 [ 7/11] COPY . .
2026-10-08T13:59:01.3400696Z #12 DONE 0.1s
2026-10-08T13:59:01.4916045Z 
2026-10-08T13:59:01.4918682Z #13 [ 8/11] RUN apt-get update && apt-get install -y --no-install-recommends gcc libc6-dev && gcc -O2 -Wall -Wextra -Werror server/isolation/linux-job-launcher.c -o /usr/local/bin/cocreate-job-launcher && apt-get purge -y gcc libc6-dev && apt-get autoremove -y && rm -rf /var/lib/apt/lists/*
2026-10-08T13:59:01.5055116Z #13 0.164 Get:1 http://deb.debian.org/debian bookworm InRelease [151 kB]
2026-10-08T13:59:01.6497815Z #13 0.176 Get:2 http://deb.debian.org/debian bookworm-updates InRelease [55.4 kB]
2026-10-08T13:59:01.6499089Z #13 0.176 Get:3 http://deb.debian.org/debian-security bookworm-security InRelease [34.8 kB]
2026-10-08T13:59:01.6500247Z #13 0.244 Get:4 http://deb.debian.org/debian bookworm/main amd64 Packages [8790 kB]
2026-10-08T13:59:01.6501490Z #13 0.309 Get:5 http://deb.debian.org/debian bookworm-updates/main amd64 Packages [6924 B]
2026-10-08T13:59:01.8534250Z #13 0.362 Get:6 http://deb.debian.org/debian-security bookworm-security/main amd64 Packages [349 kB]
2026-10-08T13:59:02.4256075Z #13 1.085 Fetched 9388 kB in 1s (10.1 MB/s)
2026-10-08T13:59:02.9158169Z #13 1.085 Reading package lists...
2026-10-08T13:59:03.4161609Z #13 1.594 Reading package lists...
2026-10-08T13:59:03.5522750Z #13 2.089 Building dependency tree...
2026-10-08T13:59:03.6574195Z #13 2.211 Reading state information...
2026-10-08T13:59:03.6575735Z #13 2.316 The following additional packages will be installed:
2026-10-08T13:59:03.7742380Z #13 2.316   binutils binutils-common binutils-x86-64-linux-gnu cpp cpp-12 gcc-12
2026-10-08T13:59:03.7743502Z #13 2.317   libasan8 libatomic1 libbinutils libc-dev-bin libcc1-0 libcrypt-dev
2026-10-08T13:59:03.7745229Z #13 2.317   libctf-nobfd0 libctf0 libgcc-12-dev libgomp1 libgprofng0 libisl23 libitm1
2026-10-08T13:59:03.7746827Z #13 2.317   libjansson4 liblsan0 libmpc3 libmpfr6 libnsl-dev libnsl2 libquadmath0
2026-10-08T13:59:03.7749916Z #13 2.317   libtirpc-common libtirpc-dev libtirpc3 libtsan2 libubsan1 linux-libc-dev
2026-10-08T13:59:03.7750523Z #13 2.317   rpcsvc-proto
2026-10-08T13:59:03.7750866Z #13 2.318 Suggested packages:
2026-10-08T13:59:03.7751467Z #13 2.318   binutils-doc cpp-doc gcc-12-locales cpp-12-doc gcc-multilib make
2026-10-08T13:59:03.7752238Z #13 2.318   manpages-dev autoconf automake libtool flex bison gdb gcc-doc
2026-10-08T13:59:03.7752849Z #13 2.318   gcc-12-multilib gcc-12-doc glibc-doc
2026-10-08T13:59:03.7753241Z #13 2.318 Recommended packages:
2026-10-08T13:59:03.7753577Z #13 2.318   manpages manpages-dev libc-devtools
2026-10-08T13:59:03.7753980Z #13 2.433 The following NEW packages will be installed:
2026-10-08T13:59:03.8941956Z #13 2.433   binutils binutils-common binutils-x86-64-linux-gnu cpp cpp-12 gcc gcc-12
2026-10-08T13:59:03.8943235Z #13 2.433   libasan8 libatomic1 libbinutils libc-dev-bin libc6-dev libcc1-0 libcrypt-dev
2026-10-08T13:59:03.8945048Z #13 2.434   libctf-nobfd0 libctf0 libgcc-12-dev libgomp1 libgprofng0 libisl23 libitm1
2026-10-08T13:59:03.8946348Z #13 2.434   libjansson4 liblsan0 libmpc3 libmpfr6 libnsl-dev libnsl2 libquadmath0
2026-10-08T13:59:03.8947506Z #13 2.434   libtirpc-common libtirpc-dev libtirpc3 libtsan2 libubsan1 linux-libc-dev
2026-10-08T13:59:03.8948323Z #13 2.434   rpcsvc-proto
2026-10-08T13:59:03.8949070Z #13 2.456 0 upgraded, 35 newly installed, 0 to remove and 1 not upgraded.
2026-10-08T13:59:03.8950031Z #13 2.456 Need to get 50.9 MB of archives.
2026-10-08T13:59:03.8950851Z #13 2.456 After this operation, 202 MB of additional disk space will be used.
2026-10-08T13:59:03.8952139Z #13 2.456 Get:1 http://deb.debian.org/debian bookworm/main amd64 binutils-common amd64 2.40-2 [2487 kB]
2026-10-08T13:59:03.8953529Z #13 2.471 Get:2 http://deb.debian.org/debian bookworm/main amd64 libbinutils amd64 2.40-2 [572 kB]
2026-10-08T13:59:03.8955312Z #13 2.475 Get:3 http://deb.debian.org/debian bookworm/main amd64 libctf-nobfd0 amd64 2.40-2 [153 kB]
2026-10-08T13:59:03.8957156Z #13 2.476 Get:4 http://deb.debian.org/debian bookworm/main amd64 libctf0 amd64 2.40-2 [89.8 kB]
2026-10-08T13:59:03.8958405Z #13 2.493 Get:5 http://deb.debian.org/debian bookworm/main amd64 libgprofng0 amd64 2.40-2 [812 kB]
2026-10-08T13:59:03.8959642Z #13 2.496 Get:6 http://deb.debian.org/debian bookworm/main amd64 libjansson4 amd64 2.14-2 [40.8 kB]
2026-10-08T13:59:03.8961269Z #13 2.502 Get:7 http://deb.debian.org/debian bookworm/main amd64 binutils-x86-64-linux-gnu amd64 2.40-2 [2246 kB]
2026-10-08T13:59:03.8962621Z #13 2.510 Get:8 http://deb.debian.org/debian bookworm/main amd64 binutils amd64 2.40-2 [65.0 kB]
2026-10-08T13:59:03.8963889Z #13 2.511 Get:9 http://deb.debian.org/debian bookworm/main amd64 libisl23 amd64 0.25-1.1 [683 kB]
2026-10-08T13:59:03.8965337Z #13 2.514 Get:10 http://deb.debian.org/debian bookworm/main amd64 libmpfr6 amd64 4.2.0-1 [701 kB]
2026-10-08T13:59:03.8966544Z #13 2.516 Get:11 http://deb.debian.org/debian bookworm/main amd64 libmpc3 amd64 1.3.1-1 [51.5 kB]
2026-10-08T13:59:03.8967837Z #13 2.517 Get:12 http://deb.debian.org/debian bookworm/main amd64 cpp-12 amd64 12.2.0-14+deb12u1 [9768 kB]
2026-10-08T13:59:03.8969089Z #13 2.553 Get:13 http://deb.debian.org/debian bookworm/main amd64 cpp amd64 4:12.2.0-3 [6836 B]
2026-10-08T13:59:04.0029628Z #13 2.553 Get:14 http://deb.debian.org/debian bookworm/main amd64 libcc1-0 amd64 12.2.0-14+deb12u1 [41.7 kB]
2026-10-08T13:59:04.0031283Z #13 2.554 Get:15 http://deb.debian.org/debian bookworm/main amd64 libgomp1 amd64 12.2.0-14+deb12u1 [116 kB]
2026-10-08T13:59:04.0032816Z #13 2.555 Get:16 http://deb.debian.org/debian bookworm/main amd64 libitm1 amd64 12.2.0-14+deb12u1 [26.1 kB]
2026-10-08T13:59:04.0034366Z #13 2.555 Get:17 http://deb.debian.org/debian bookworm/main amd64 libatomic1 amd64 12.2.0-14+deb12u1 [9376 B]
2026-10-08T13:59:04.0035990Z #13 2.555 Get:18 http://deb.debian.org/debian bookworm/main amd64 libasan8 amd64 12.2.0-14+deb12u1 [2193 kB]
2026-10-08T13:59:04.0037227Z #13 2.564 Get:19 http://deb.debian.org/debian bookworm/main amd64 liblsan0 amd64 12.2.0-14+deb12u1 [969 kB]
2026-10-08T13:59:04.0038713Z #13 2.568 Get:20 http://deb.debian.org/debian bookworm/main amd64 libtsan2 amd64 12.2.0-14+deb12u1 [2197 kB]
2026-10-08T13:59:04.0040118Z #13 2.576 Get:21 http://deb.debian.org/debian bookworm/main amd64 libubsan1 amd64 12.2.0-14+deb12u1 [883 kB]
2026-10-08T13:59:04.0041667Z #13 2.580 Get:22 http://deb.debian.org/debian bookworm/main amd64 libquadmath0 amd64 12.2.0-14+deb12u1 [145 kB]
2026-10-08T13:59:04.0042683Z #13 2.580 Get:23 http://deb.debian.org/debian bookworm/main amd64 libgcc-12-dev amd64 12.2.0-14+deb12u1 [2437 kB]
2026-10-08T13:59:04.0043486Z #13 2.590 Get:24 http://deb.debian.org/debian bookworm/main amd64 gcc-12 amd64 12.2.0-14+deb12u1 [19.3 MB]
2026-10-08T13:59:04.0044205Z #13 2.662 Get:25 http://deb.debian.org/debian bookworm/main amd64 gcc amd64 4:12.2.0-3 [5216 B]
2026-10-08T13:59:04.1280450Z #13 2.662 Get:26 http://deb.debian.org/debian bookworm/main amd64 libc-dev-bin amd64 2.36-9+deb12u14 [48.1 kB]
2026-10-08T13:59:04.1281964Z #13 2.663 Get:27 http://deb.debian.org/debian-security bookworm-security/main amd64 linux-libc-dev amd64 6.1.187-1 [2357 kB]
2026-10-08T13:59:04.1283197Z #13 2.668 Get:28 http://deb.debian.org/debian bookworm/main amd64 libcrypt-dev amd64 1:4.4.33-2 [118 kB]
2026-10-08T13:59:04.1285019Z #13 2.669 Get:29 http://deb.debian.org/debian bookworm/main amd64 libtirpc-common all 1.3.3+ds-1 [14.0 kB]
2026-10-08T13:59:04.1286431Z #13 2.669 Get:30 http://deb.debian.org/debian bookworm/main amd64 libtirpc3 amd64 1.3.3+ds-1 [85.2 kB]
2026-10-08T13:59:04.1287719Z #13 2.670 Get:31 http://deb.debian.org/debian bookworm/main amd64 libnsl2 amd64 1.3.0-2 [39.5 kB]
2026-10-08T13:59:04.1289005Z #13 2.670 Get:32 http://deb.debian.org/debian bookworm/main amd64 libtirpc-dev amd64 1.3.3+ds-1 [191 kB]
2026-10-08T13:59:04.1290292Z #13 2.671 Get:33 http://deb.debian.org/debian bookworm/main amd64 libnsl-dev amd64 1.3.0-2 [66.4 kB]
2026-10-08T13:59:04.1291638Z #13 2.672 Get:34 http://deb.debian.org/debian bookworm/main amd64 rpcsvc-proto amd64 1.4.3-1 [63.3 kB]
2026-10-08T13:59:04.1292995Z #13 2.672 Get:35 http://deb.debian.org/debian bookworm/main amd64 libc6-dev amd64 2.36-9+deb12u14 [1904 kB]
2026-10-08T13:59:04.1294214Z #13 2.787 debconf: delaying package configuration, since apt-utils is not installed
2026-10-08T13:59:04.3365874Z #13 2.815 Fetched 50.9 MB in 0s (213 MB/s)
2026-10-08T13:59:04.3367059Z #13 2.829 Selecting previously unselected package binutils-common:amd64.
2026-10-08T13:59:04.3368064Z #13 2.829 (Reading database ... 
2026-10-08T13:59:04.3368678Z (Reading database ... 5%
2026-10-08T13:59:04.3369257Z (Reading database ... 10%
2026-10-08T13:59:04.3369890Z (Reading database ... 15%
2026-10-08T13:59:04.3370459Z (Reading database ... 20%
2026-10-08T13:59:04.3371000Z (Reading database ... 25%
2026-10-08T13:59:04.3371513Z (Reading database ... 30%
2026-10-08T13:59:04.3372086Z (Reading database ... 35%
2026-10-08T13:59:04.3372667Z (Reading database ... 40%
2026-10-08T13:59:04.3373271Z (Reading database ... 45%
2026-10-08T13:59:04.3373831Z (Reading database ... 50%
2026-10-08T13:59:04.3374336Z (Reading database ... 55%
2026-10-08T13:59:04.3375096Z (Reading database ... 60%
2026-10-08T13:59:04.3375704Z (Reading database ... 65%
2026-10-08T13:59:04.3376220Z (Reading database ... 70%
2026-10-08T13:59:04.3376594Z (Reading database ... 75%
2026-10-08T13:59:04.3376900Z (Reading database ... 80%
2026-10-08T13:59:04.3377207Z (Reading database ... 85%
2026-10-08T13:59:04.3377515Z (Reading database ... 90%
2026-10-08T13:59:04.3377819Z (Reading database ... 95%
2026-10-08T13:59:04.3378125Z (Reading database ... 100%
2026-10-08T13:59:04.3378669Z (Reading database ... 16161 files and directories currently installed.)
2026-10-08T13:59:04.3379387Z #13 2.844 Preparing to unpack .../00-binutils-common_2.40-2_amd64.deb ...
2026-10-08T13:59:04.3380003Z #13 2.845 Unpacking binutils-common:amd64 (2.40-2) ...
2026-10-08T13:59:04.3595653Z #13 3.019 Selecting previously unselected package libbinutils:amd64.
2026-10-08T13:59:04.4629106Z #13 3.021 Preparing to unpack .../01-libbinutils_2.40-2_amd64.deb ...
2026-10-08T13:59:04.4629822Z #13 3.022 Unpacking libbinutils:amd64 (2.40-2) ...
2026-10-08T13:59:04.4630331Z #13 3.073 Selecting previously unselected package libctf-nobfd0:amd64.
2026-10-08T13:59:04.4630875Z #13 3.075 Preparing to unpack .../02-libctf-nobfd0_2.40-2_amd64.deb ...
2026-10-08T13:59:04.4631359Z #13 3.076 Unpacking libctf-nobfd0:amd64 (2.40-2) ...
2026-10-08T13:59:04.4631801Z #13 3.099 Selecting previously unselected package libctf0:amd64.
2026-10-08T13:59:04.4632295Z #13 3.101 Preparing to unpack .../03-libctf0_2.40-2_amd64.deb ...
2026-10-08T13:59:04.4632712Z #13 3.102 Unpacking libctf0:amd64 (2.40-2) ...
2026-10-08T13:59:04.4633180Z #13 3.122 Selecting previously unselected package libgprofng0:amd64.
2026-10-08T13:59:04.7074581Z #13 3.124 Preparing to unpack .../04-libgprofng0_2.40-2_amd64.deb ...
2026-10-08T13:59:04.7075478Z #13 3.125 Unpacking libgprofng0:amd64 (2.40-2) ...
2026-10-08T13:59:04.7076335Z #13 3.195 Selecting previously unselected package libjansson4:amd64.
2026-10-08T13:59:04.7076971Z #13 3.197 Preparing to unpack .../05-libjansson4_2.14-2_amd64.deb ...
2026-10-08T13:59:04.7077481Z #13 3.198 Unpacking libjansson4:amd64 (2.14-2) ...
2026-10-08T13:59:04.7078041Z #13 3.213 Selecting previously unselected package binutils-x86-64-linux-gnu.
2026-10-08T13:59:04.7078739Z #13 3.215 Preparing to unpack .../06-binutils-x86-64-linux-gnu_2.40-2_amd64.deb ...
2026-10-08T13:59:04.7079320Z #13 3.216 Unpacking binutils-x86-64-linux-gnu (2.40-2) ...
2026-10-08T13:59:04.7331740Z #13 3.392 Selecting previously unselected package binutils.
2026-10-08T13:59:04.8578442Z #13 3.395 Preparing to unpack .../07-binutils_2.40-2_amd64.deb ...
2026-10-08T13:59:04.8579213Z #13 3.396 Unpacking binutils (2.40-2) ...
2026-10-08T13:59:04.8579962Z #13 3.417 Selecting previously unselected package libisl23:amd64.
2026-10-08T13:59:04.8580825Z #13 3.419 Preparing to unpack .../08-libisl23_0.25-1.1_amd64.deb ...
2026-10-08T13:59:04.8581577Z #13 3.420 Unpacking libisl23:amd64 (0.25-1.1) ...
2026-10-08T13:59:04.8582317Z #13 3.475 Selecting previously unselected package libmpfr6:amd64.
2026-10-08T13:59:04.8583142Z #13 3.477 Preparing to unpack .../09-libmpfr6_4.2.0-1_amd64.deb ...
2026-10-08T13:59:04.8583841Z #13 3.478 Unpacking libmpfr6:amd64 (4.2.0-1) ...
2026-10-08T13:59:04.8585135Z #13 3.517 Selecting previously unselected package libmpc3:amd64.
2026-10-08T13:59:05.0299092Z #13 3.519 Preparing to unpack .../10-libmpc3_1.3.1-1_amd64.deb ...
2026-10-08T13:59:05.0299906Z #13 3.520 Unpacking libmpc3:amd64 (1.3.1-1) ...
2026-10-08T13:59:05.0300642Z #13 3.536 Selecting previously unselected package cpp-12.
2026-10-08T13:59:05.0301537Z #13 3.538 Preparing to unpack .../11-cpp-12_12.2.0-14+deb12u1_amd64.deb ...
2026-10-08T13:59:05.0302365Z #13 3.539 Unpacking cpp-12 (12.2.0-14+deb12u1) ...
2026-10-08T13:59:05.3949655Z #13 4.054 Selecting previously unselected package cpp.
2026-10-08T13:59:05.6446587Z #13 4.056 Preparing to unpack .../12-cpp_4%3a12.2.0-3_amd64.deb ...
2026-10-08T13:59:05.6447513Z #13 4.057 Unpacking cpp (4:12.2.0-3) ...
2026-10-08T13:59:05.6448329Z #13 4.072 Selecting previously unselected package libcc1-0:amd64.
2026-10-08T13:59:05.6449267Z #13 4.074 Preparing to unpack .../13-libcc1-0_12.2.0-14+deb12u1_amd64.deb ...
2026-10-08T13:59:05.6450058Z #13 4.074 Unpacking libcc1-0:amd64 (12.2.0-14+deb12u1) ...
2026-10-08T13:59:05.6450584Z #13 4.091 Selecting previously unselected package libgomp1:amd64.
2026-10-08T13:59:05.6451144Z #13 4.092 Preparing to unpack .../14-libgomp1_12.2.0-14+deb12u1_amd64.deb ...
2026-10-08T13:59:05.6451668Z #13 4.093 Unpacking libgomp1:amd64 (12.2.0-14+deb12u1) ...
2026-10-08T13:59:05.6452161Z #13 4.113 Selecting previously unselected package libitm1:amd64.
2026-10-08T13:59:05.6452718Z #13 4.115 Preparing to unpack .../15-libitm1_12.2.0-14+deb12u1_amd64.deb ...
2026-10-08T13:59:05.6453225Z #13 4.116 Unpacking libitm1:amd64 (12.2.0-14+deb12u1) ...
2026-10-08T13:59:05.6453723Z #13 4.134 Selecting previously unselected package libatomic1:amd64.
2026-10-08T13:59:05.6454301Z #13 4.135 Preparing to unpack .../16-libatomic1_12.2.0-14+deb12u1_amd64.deb ...
2026-10-08T13:59:05.6455235Z #13 4.136 Unpacking libatomic1:amd64 (12.2.0-14+deb12u1) ...
2026-10-08T13:59:05.6455859Z #13 4.151 Selecting previously unselected package libasan8:amd64.
2026-10-08T13:59:05.6456685Z #13 4.152 Preparing to unpack .../17-libasan8_12.2.0-14+deb12u1_amd64.deb ...
2026-10-08T13:59:05.6457200Z #13 4.153 Unpacking libasan8:amd64 (12.2.0-14+deb12u1) ...
2026-10-08T13:59:05.6514021Z #13 4.311 Selecting previously unselected package liblsan0:amd64.
2026-10-08T13:59:05.8837584Z #13 4.313 Preparing to unpack .../18-liblsan0_12.2.0-14+deb12u1_amd64.deb ...
2026-10-08T13:59:05.8838624Z #13 4.314 Unpacking liblsan0:amd64 (12.2.0-14+deb12u1) ...
2026-10-08T13:59:05.8839267Z #13 4.389 Selecting previously unselected package libtsan2:amd64.
2026-10-08T13:59:05.8840278Z #13 4.391 Preparing to unpack .../19-libtsan2_12.2.0-14+deb12u1_amd64.deb ...
2026-10-08T13:59:05.8840947Z #13 4.392 Unpacking libtsan2:amd64 (12.2.0-14+deb12u1) ...
2026-10-08T13:59:05.8964723Z #13 4.556 Selecting previously unselected package libubsan1:amd64.
2026-10-08T13:59:05.9968003Z #13 4.558 Preparing to unpack .../20-libubsan1_12.2.0-14+deb12u1_amd64.deb ...
2026-10-08T13:59:05.9968978Z #13 4.559 Unpacking libubsan1:amd64 (12.2.0-14+deb12u1) ...
2026-10-08T13:59:05.9969859Z #13 4.629 Selecting previously unselected package libquadmath0:amd64.
2026-10-08T13:59:05.9970470Z #13 4.631 Preparing to unpack .../21-libquadmath0_12.2.0-14+deb12u1_amd64.deb ...
2026-10-08T13:59:05.9971111Z #13 4.632 Unpacking libquadmath0:amd64 (12.2.0-14+deb12u1) ...
2026-10-08T13:59:05.9971794Z #13 4.654 Selecting previously unselected package libgcc-12-dev:amd64.
2026-10-08T13:59:05.9972794Z #13 4.656 Preparing to unpack .../22-libgcc-12-dev_12.2.0-14+deb12u1_amd64.deb ...
2026-10-08T13:59:06.1483285Z #13 4.657 Unpacking libgcc-12-dev:amd64 (12.2.0-14+deb12u1) ...
2026-10-08T13:59:06.1629627Z #13 4.822 Selecting previously unselected package gcc-12.
2026-10-08T13:59:06.3177233Z #13 4.824 Preparing to unpack .../23-gcc-12_12.2.0-14+deb12u1_amd64.deb ...
2026-10-08T13:59:06.3178372Z #13 4.825 Unpacking gcc-12 (12.2.0-14+deb12u1) ...
2026-10-08T13:59:06.7914157Z #13 5.450 Selecting previously unselected package gcc.
2026-10-08T13:59:06.9846996Z #13 5.453 Preparing to unpack .../24-gcc_4%3a12.2.0-3_amd64.deb ...
2026-10-08T13:59:06.9847791Z #13 5.454 Unpacking gcc (4:12.2.0-3) ...
2026-10-08T13:59:06.9848299Z #13 5.471 Selecting previously unselected package libc-dev-bin.
2026-10-08T13:59:06.9848958Z #13 5.473 Preparing to unpack .../25-libc-dev-bin_2.36-9+deb12u14_amd64.deb ...
2026-10-08T13:59:06.9849549Z #13 5.474 Unpacking libc-dev-bin (2.36-9+deb12u14) ...
2026-10-08T13:59:06.9850126Z #13 5.491 Selecting previously unselected package linux-libc-dev:amd64.
2026-10-08T13:59:06.9850792Z #13 5.493 Preparing to unpack .../26-linux-libc-dev_6.1.187-1_amd64.deb ...
2026-10-08T13:59:06.9851397Z #13 5.493 Unpacking linux-libc-dev:amd64 (6.1.187-1) ...
2026-10-08T13:59:07.0414030Z #13 5.700 Selecting previously unselected package libcrypt-dev:amd64.
2026-10-08T13:59:07.1571688Z #13 5.703 Preparing to unpack .../27-libcrypt-dev_1%3a4.4.33-2_amd64.deb ...
2026-10-08T13:59:07.1572282Z #13 5.708 Unpacking libcrypt-dev:amd64 (1:4.4.33-2) ...
2026-10-08T13:59:07.1572800Z #13 5.730 Selecting previously unselected package libtirpc-common.
2026-10-08T13:59:07.1573357Z #13 5.732 Preparing to unpack .../28-libtirpc-common_1.3.3+ds-1_all.deb ...
2026-10-08T13:59:07.1573829Z #13 5.733 Unpacking libtirpc-common (1.3.3+ds-1) ...
2026-10-08T13:59:07.1574299Z #13 5.748 Selecting previously unselected package libtirpc3:amd64.
2026-10-08T13:59:07.1575068Z #13 5.750 Preparing to unpack .../29-libtirpc3_1.3.3+ds-1_amd64.deb ...
2026-10-08T13:59:07.1575543Z #13 5.751 Unpacking libtirpc3:amd64 (1.3.3+ds-1) ...
2026-10-08T13:59:07.1575985Z #13 5.770 Selecting previously unselected package libnsl2:amd64.
2026-10-08T13:59:07.1576490Z #13 5.772 Preparing to unpack .../30-libnsl2_1.3.0-2_amd64.deb ...
2026-10-08T13:59:07.1576908Z #13 5.773 Unpacking libnsl2:amd64 (1.3.0-2) ...
2026-10-08T13:59:07.1577359Z #13 5.788 Selecting previously unselected package libtirpc-dev:amd64.
2026-10-08T13:59:07.1577897Z #13 5.790 Preparing to unpack .../31-libtirpc-dev_1.3.3+ds-1_amd64.deb ...
2026-10-08T13:59:07.1578387Z #13 5.790 Unpacking libtirpc-dev:amd64 (1.3.3+ds-1) ...
2026-10-08T13:59:07.1578867Z #13 5.816 Selecting previously unselected package libnsl-dev:amd64.
2026-10-08T13:59:07.3570743Z #13 5.818 Preparing to unpack .../32-libnsl-dev_1.3.0-2_amd64.deb ...
2026-10-08T13:59:07.3571681Z #13 5.819 Unpacking libnsl-dev:amd64 (1.3.0-2) ...
2026-10-08T13:59:07.3572546Z #13 5.838 Selecting previously unselected package rpcsvc-proto.
2026-10-08T13:59:07.3573557Z #13 5.840 Preparing to unpack .../33-rpcsvc-proto_1.4.3-1_amd64.deb ...
2026-10-08T13:59:07.3574408Z #13 5.841 Unpacking rpcsvc-proto (1.4.3-1) ...
2026-10-08T13:59:07.3575823Z #13 5.862 Selecting previously unselected package libc6-dev:amd64.
2026-10-08T13:59:07.3576881Z #13 5.865 Preparing to unpack .../34-libc6-dev_2.36-9+deb12u14_amd64.deb ...
2026-10-08T13:59:07.3577621Z #13 5.865 Unpacking libc6-dev:amd64 (2.36-9+deb12u14) ...
2026-10-08T13:59:07.3849015Z #13 6.044 Setting up libtirpc-common (1.3.3+ds-1) ...
2026-10-08T13:59:07.5757479Z #13 6.047 Setting up binutils-common:amd64 (2.40-2) ...
2026-10-08T13:59:07.5757972Z #13 6.049 Setting up linux-libc-dev:amd64 (6.1.187-1) ...
2026-10-08T13:59:07.5758393Z #13 6.051 Setting up libctf-nobfd0:amd64 (2.40-2) ...
2026-10-08T13:59:07.5759010Z #13 6.053 Setting up libgomp1:amd64 (12.2.0-14+deb12u1) ...
2026-10-08T13:59:07.5759479Z #13 6.055 Setting up libjansson4:amd64 (2.14-2) ...
2026-10-08T13:59:07.5759901Z #13 6.057 Setting up rpcsvc-proto (1.4.3-1) ...
2026-10-08T13:59:07.5760334Z #13 6.059 Setting up libmpfr6:amd64 (4.2.0-1) ...
2026-10-08T13:59:07.5761152Z #13 6.062 Setting up libquadmath0:amd64 (12.2.0-14+deb12u1) ...
2026-10-08T13:59:07.5761915Z #13 6.064 Setting up libmpc3:amd64 (1.3.1-1) ...
2026-10-08T13:59:07.5762643Z #13 6.066 Setting up libatomic1:amd64 (12.2.0-14+deb12u1) ...
2026-10-08T13:59:07.5763349Z #13 6.068 Setting up libubsan1:amd64 (12.2.0-14+deb12u1) ...
2026-10-08T13:59:07.5764052Z #13 6.070 Setting up libcrypt-dev:amd64 (1:4.4.33-2) ...
2026-10-08T13:59:07.5765309Z #13 6.076 Setting up libasan8:amd64 (12.2.0-14+deb12u1) ...
2026-10-08T13:59:07.5766348Z #13 6.078 Setting up libtsan2:amd64 (12.2.0-14+deb12u1) ...
2026-10-08T13:59:07.5766945Z #13 6.080 Setting up libbinutils:amd64 (2.40-2) ...
2026-10-08T13:59:07.5767333Z #13 6.082 Setting up libisl23:amd64 (0.25-1.1) ...
2026-10-08T13:59:07.5767736Z #13 6.084 Setting up libc-dev-bin (2.36-9+deb12u14) ...
2026-10-08T13:59:07.5768142Z #13 6.086 Setting up libcc1-0:amd64 (12.2.0-14+deb12u1) ...
2026-10-08T13:59:07.5768548Z #13 6.088 Setting up liblsan0:amd64 (12.2.0-14+deb12u1) ...
2026-10-08T13:59:07.5768961Z #13 6.090 Setting up libitm1:amd64 (12.2.0-14+deb12u1) ...
2026-10-08T13:59:07.5769349Z #13 6.092 Setting up libctf0:amd64 (2.40-2) ...
2026-10-08T13:59:07.5769731Z #13 6.094 Setting up libtirpc3:amd64 (1.3.3+ds-1) ...
2026-10-08T13:59:07.5770121Z #13 6.096 Setting up cpp-12 (12.2.0-14+deb12u1) ...
2026-10-08T13:59:07.5770496Z #13 6.098 Setting up libgprofng0:amd64 (2.40-2) ...
2026-10-08T13:59:07.5770892Z #13 6.100 Setting up libtirpc-dev:amd64 (1.3.3+ds-1) ...
2026-10-08T13:59:07.5771322Z #13 6.102 Setting up libgcc-12-dev:amd64 (12.2.0-14+deb12u1) ...
2026-10-08T13:59:07.5771708Z #13 6.104 Setting up cpp (4:12.2.0-3) ...
2026-10-08T13:59:07.5772050Z #13 6.110 Setting up libnsl2:amd64 (1.3.0-2) ...
2026-10-08T13:59:07.5772452Z #13 6.113 Setting up binutils-x86-64-linux-gnu (2.40-2) ...
2026-10-08T13:59:07.5772823Z #13 6.115 Setting up binutils (2.40-2) ...
2026-10-08T13:59:07.5773163Z #13 6.117 Setting up gcc-12 (12.2.0-14+deb12u1) ...
2026-10-08T13:59:07.5773535Z #13 6.119 Setting up libnsl-dev:amd64 (1.3.0-2) ...
2026-10-08T13:59:07.5773920Z #13 6.121 Setting up libc6-dev:amd64 (2.36-9+deb12u14) ...
2026-10-08T13:59:07.5774278Z #13 6.123 Setting up gcc (4:12.2.0-3) ...
2026-10-08T13:59:07.5774902Z #13 6.131 Processing triggers for libc-bin (2.36-9+deb12u14) ...
2026-10-08T13:59:07.9880981Z #13 6.235 Reading package lists...
2026-10-08T13:59:08.1029332Z #13 6.660 Building dependency tree...
2026-10-08T13:59:08.2082752Z #13 6.762 Reading state information...
2026-10-08T13:59:08.2083583Z #13 6.858 The following packages were automatically installed and are no longer required:
2026-10-08T13:59:08.2085122Z #13 6.858   binutils binutils-common binutils-x86-64-linux-gnu cpp cpp-12 gcc-12
2026-10-08T13:59:08.2086044Z #13 6.858   libasan8 libatomic1 libbinutils libc-dev-bin libcc1-0 libcrypt-dev
2026-10-08T13:59:08.2087090Z #13 6.858   libctf-nobfd0 libctf0 libgcc-12-dev libgomp1 libgprofng0 libisl23 libitm1
2026-10-08T13:59:08.2087980Z #13 6.858   libjansson4 liblsan0 libmpc3 libmpfr6 libnsl-dev libnsl2 libquadmath0
2026-10-08T13:59:08.2089163Z #13 6.858   libtirpc-common libtirpc-dev libtirpc3 libtsan2 libubsan1 linux-libc-dev
2026-10-08T13:59:08.2089728Z #13 6.858   rpcsvc-proto
2026-10-08T13:59:08.2090227Z #13 6.858 Use 'apt autoremove' to remove them.
2026-10-08T13:59:08.2090691Z #13 6.867 The following packages will be REMOVED:
2026-10-08T13:59:08.3464700Z #13 6.868   gcc* libc6-dev*
2026-10-08T13:59:08.3465831Z #13 7.006 0 upgraded, 0 newly installed, 2 to remove and 1 not upgraded.
2026-10-08T13:59:08.3466758Z #13 7.006 After this operation, 12.3 MB disk space will be freed.
2026-10-08T13:59:08.4511134Z #13 7.012 (Reading database ... 
2026-10-08T13:59:08.4512154Z (Reading database ... 5%
2026-10-08T13:59:08.4512860Z (Reading database ... 10%
2026-10-08T13:59:08.4513226Z (Reading database ... 15%
2026-10-08T13:59:08.4513507Z (Reading database ... 20%
2026-10-08T13:59:08.4513768Z (Reading database ... 25%
2026-10-08T13:59:08.4514031Z (Reading database ... 30%
2026-10-08T13:59:08.4514287Z (Reading database ... 35%
2026-10-08T13:59:08.4514543Z (Reading database ... 40%
2026-10-08T13:59:08.4515106Z (Reading database ... 45%
2026-10-08T13:59:08.4515361Z (Reading database ... 50%
2026-10-08T13:59:08.4515613Z (Reading database ... 55%
2026-10-08T13:59:08.4515868Z (Reading database ... 60%
2026-10-08T13:59:08.4516117Z (Reading database ... 65%
2026-10-08T13:59:08.4516365Z (Reading database ... 70%
2026-10-08T13:59:08.4516903Z (Reading database ... 75%
2026-10-08T13:59:08.4517159Z (Reading database ... 80%
2026-10-08T13:59:08.4517408Z (Reading database ... 85%
2026-10-08T13:59:08.4517660Z (Reading database ... 90%
2026-10-08T13:59:08.4517914Z (Reading database ... 95%
2026-10-08T13:59:08.4518166Z (Reading database ... 100%
2026-10-08T13:59:08.4518602Z (Reading database ... 18572 files and directories currently installed.)
2026-10-08T13:59:08.4519069Z #13 7.027 Removing gcc (4:12.2.0-3) ...
2026-10-08T13:59:08.4519464Z #13 7.041 Removing libc6-dev:amd64 (2.36-9+deb12u14) ...
2026-10-08T13:59:08.8676871Z #13 7.110 Reading package lists...
2026-10-08T13:59:08.9811702Z #13 7.540 Building dependency tree...
2026-10-08T13:59:09.2155767Z #13 7.640 Reading state information...
2026-10-08T13:59:09.2156227Z #13 7.739 The following packages will be REMOVED:
2026-10-08T13:59:09.2156757Z #13 7.739   binutils binutils-common binutils-x86-64-linux-gnu cpp cpp-12 gcc-12
2026-10-08T13:59:09.2157779Z #13 7.739   libasan8 libatomic1 libbinutils libc-dev-bin libcc1-0 libcrypt-dev
2026-10-08T13:59:09.2158750Z #13 7.739   libctf-nobfd0 libctf0 libgcc-12-dev libgomp1 libgprofng0 libisl23 libitm1
2026-10-08T13:59:09.2159686Z #13 7.740   libjansson4 liblsan0 libmpc3 libmpfr6 libnsl-dev libnsl2 libquadmath0
2026-10-08T13:59:09.2160629Z #13 7.740   libtirpc-common libtirpc-dev libtirpc3 libtsan2 libubsan1 linux-libc-dev
2026-10-08T13:59:09.2161260Z #13 7.740   rpcsvc-proto
2026-10-08T13:59:09.2162043Z #13 7.875 0 upgraded, 0 newly installed, 33 to remove and 1 not upgraded.
2026-10-08T13:59:09.2162732Z #13 7.875 After this operation, 190 MB disk space will be freed.
2026-10-08T13:59:09.3224297Z #13 7.881 (Reading database ... 
2026-10-08T13:59:09.3225435Z (Reading database ... 5%
2026-10-08T13:59:09.3226055Z (Reading database ... 10%
2026-10-08T13:59:09.3226526Z (Reading database ... 15%
2026-10-08T13:59:09.3226965Z (Reading database ... 20%
2026-10-08T13:59:09.3227404Z (Reading database ... 25%
2026-10-08T13:59:09.3227685Z (Reading database ... 30%
2026-10-08T13:59:09.3227980Z (Reading database ... 35%
2026-10-08T13:59:09.3228247Z (Reading database ... 40%
2026-10-08T13:59:09.3228513Z (Reading database ... 45%
2026-10-08T13:59:09.3228780Z (Reading database ... 50%
2026-10-08T13:59:09.3229044Z (Reading database ... 55%
2026-10-08T13:59:09.3229310Z (Reading database ... 60%
2026-10-08T13:59:09.3229575Z (Reading database ... 65%
2026-10-08T13:59:09.3229864Z (Reading database ... 70%
2026-10-08T13:59:09.3230128Z (Reading database ... 75%
2026-10-08T13:59:09.3230395Z (Reading database ... 80%
2026-10-08T13:59:09.3230668Z (Reading database ... 85%
2026-10-08T13:59:09.3230935Z (Reading database ... 90%
2026-10-08T13:59:09.3231449Z (Reading database ... 95%
2026-10-08T13:59:09.3231735Z (Reading database ... 100%
2026-10-08T13:59:09.3232205Z (Reading database ... 18002 files and directories currently installed.)
2026-10-08T13:59:09.3232726Z #13 7.896 Removing gcc-12 (12.2.0-14+deb12u1) ...
2026-10-08T13:59:09.3233126Z #13 7.921 Removing binutils (2.40-2) ...
2026-10-08T13:59:09.3233565Z #13 7.931 Removing binutils-x86-64-linux-gnu (2.40-2) ...
2026-10-08T13:59:09.3234009Z #13 7.947 Removing libgprofng0:amd64 (2.40-2) ...
2026-10-08T13:59:09.3234412Z #13 7.957 Removing libctf0:amd64 (2.40-2) ...
2026-10-08T13:59:09.3235172Z #13 7.965 Removing libbinutils:amd64 (2.40-2) ...
2026-10-08T13:59:09.3235604Z #13 7.973 Removing binutils-common:amd64 (2.40-2) ...
2026-10-08T13:59:09.3236007Z #13 7.982 Removing cpp (4:12.2.0-3) ...
2026-10-08T13:59:09.4280983Z #13 7.995 Removing cpp-12 (12.2.0-14+deb12u1) ...
2026-10-08T13:59:09.4282140Z #13 8.010 Removing libgcc-12-dev:amd64 (12.2.0-14+deb12u1) ...
2026-10-08T13:59:09.4283154Z #13 8.029 Removing libasan8:amd64 (12.2.0-14+deb12u1) ...
2026-10-08T13:59:09.4283980Z #13 8.039 Removing libatomic1:amd64 (12.2.0-14+deb12u1) ...
2026-10-08T13:59:09.4284893Z #13 8.047 Removing libc-dev-bin (2.36-9+deb12u14) ...
2026-10-08T13:59:09.4285536Z #13 8.054 Removing libcc1-0:amd64 (12.2.0-14+deb12u1) ...
2026-10-08T13:59:09.4286195Z #13 8.062 Removing libcrypt-dev:amd64 (1:4.4.33-2) ...
2026-10-08T13:59:09.4286944Z #13 8.079 Removing libctf-nobfd0:amd64 (2.40-2) ...
2026-10-08T13:59:09.4287571Z #13 8.087 Removing libgomp1:amd64 (12.2.0-14+deb12u1) ...
2026-10-08T13:59:09.5308635Z #13 8.095 Removing libisl23:amd64 (0.25-1.1) ...
2026-10-08T13:59:09.5309738Z #13 8.107 Removing libitm1:amd64 (12.2.0-14+deb12u1) ...
2026-10-08T13:59:09.5310535Z #13 8.115 Removing libjansson4:amd64 (2.14-2) ...
2026-10-08T13:59:09.5311006Z #13 8.122 Removing liblsan0:amd64 (12.2.0-14+deb12u1) ...
2026-10-08T13:59:09.5311837Z #13 8.131 Removing libmpc3:amd64 (1.3.1-1) ...
2026-10-08T13:59:09.5312529Z #13 8.139 Removing libmpfr6:amd64 (4.2.0-1) ...
2026-10-08T13:59:09.5313263Z #13 8.148 Removing libnsl-dev:amd64 (1.3.0-2) ...
2026-10-08T13:59:09.5313765Z #13 8.156 Removing libnsl2:amd64 (1.3.0-2) ...
2026-10-08T13:59:09.5314178Z #13 8.164 Removing libquadmath0:amd64 (12.2.0-14+deb12u1) ...
2026-10-08T13:59:09.5314970Z #13 8.172 Removing libtirpc-dev:amd64 (1.3.3+ds-1) ...
2026-10-08T13:59:09.5315543Z #13 8.182 Removing libtirpc3:amd64 (1.3.3+ds-1) ...
2026-10-08T13:59:09.5315944Z #13 8.190 Removing libtirpc-common (1.3.3+ds-1) ...
2026-10-08T13:59:09.6533896Z #13 8.197 Removing libtsan2:amd64 (12.2.0-14+deb12u1) ...
2026-10-08T13:59:09.6534537Z #13 8.207 Removing libubsan1:amd64 (12.2.0-14+deb12u1) ...
2026-10-08T13:59:09.6535524Z #13 8.220 Removing linux-libc-dev:amd64 (6.1.187-1) ...
2026-10-08T13:59:09.6536064Z #13 8.275 Removing rpcsvc-proto (1.4.3-1) ...
2026-10-08T13:59:09.6536500Z #13 8.313 Processing triggers for libc-bin (2.36-9+deb12u14) ...
2026-10-08T13:59:09.8415964Z #13 DONE 8.3s
2026-10-08T13:59:09.8416247Z 
2026-10-08T13:59:09.8416492Z #14 [ 9/11] RUN pnpm build
2026-10-08T13:59:10.1960677Z #14 0.505 
2026-10-08T13:59:10.1961533Z #14 0.505 > cocreate@1.0.0 build /app
2026-10-08T13:59:10.1962564Z #14 0.505 > tsc --noEmit && vite build --configLoader runner
2026-10-08T13:59:10.1962959Z #14 0.505 
2026-10-08T13:59:18.3345852Z #14 8.643 vite v7.3.6 building client environment for production...
2026-10-08T13:59:18.5617469Z #14 8.720 transforming...
2026-10-08T13:59:22.3676566Z #14 12.68 ✓ 1749 modules transformed.
2026-10-08T13:59:22.6347853Z #14 12.94 rendering chunks...
2026-10-08T13:59:22.8916003Z #14 13.20 computing gzip size...
2026-10-08T13:59:23.0149395Z #14 13.22 dist/index.html                             0.44 kB │ gzip:   0.30 kB
2026-10-08T13:59:23.0150999Z #14 13.22 dist/assets/App-BqUO_rW7.css                2.56 kB │ gzip:   0.85 kB
2026-10-08T13:59:23.0152607Z #14 13.22 dist/assets/LandingPage-CNj4pefA.css       13.13 kB │ gzip:   2.95 kB
2026-10-08T13:59:23.0155300Z #14 13.22 dist/assets/index-cyLHvudv.css             75.38 kB │ gzip:  14.48 kB
2026-10-08T13:59:23.0156862Z #14 13.22 dist/assets/users-BIdyuxqP.js               0.69 kB │ gzip:   0.39 kB
2026-10-08T13:59:23.0158040Z #14 13.22 dist/assets/createLucideIcon-DcEYS1mU.js    0.89 kB │ gzip:   0.55 kB
2026-10-08T13:59:23.0159348Z #14 13.22 dist/assets/x-DO2zMSIY.js                   1.70 kB │ gzip:   0.78 kB
2026-10-08T13:59:23.0160238Z #14 13.22 dist/assets/LandingPage-DCr6qHiF.js        15.33 kB │ gzip:   4.92 kB
2026-10-08T13:59:23.0160952Z #14 13.22 dist/assets/ProjectApp-DXmAqhy1.js         29.68 kB │ gzip:   9.01 kB
2026-10-08T13:59:23.0162235Z #14 13.22 dist/assets/index-BPNFqXSv.js             421.95 kB │ gzip: 121.32 kB
2026-10-08T13:59:23.0163323Z #14 13.22 dist/assets/App-DhzRZNRs.js               583.75 kB │ gzip: 185.76 kB
2026-10-08T13:59:23.0163862Z #14 13.22 
2026-10-08T13:59:23.0164267Z #14 13.22 (!) Some chunks are larger than 500 kB after minification. Consider:
2026-10-08T13:59:23.0165332Z #14 13.22 - Using dynamic import() to code-split the application
2026-10-08T13:59:23.0166582Z #14 13.22 - Use build.rollupOptions.output.manualChunks to improve chunking: https://rollupjs.org/configuration-options/#output-manualchunks
2026-10-08T13:59:23.0168221Z #14 13.22 - Adjust chunk size limit for this warning via build.chunkSizeWarningLimit.
2026-10-08T13:59:23.0169104Z #14 13.22 ✓ built in 4.55s
2026-10-08T13:59:23.0170044Z #14 DONE 13.3s
2026-10-08T13:59:23.1664455Z 
2026-10-08T13:59:23.1665873Z #15 [10/11] RUN node scripts/release-fingerprint.mjs --write-image
2026-10-08T13:59:23.1928028Z #15 0.177 {"fingerprint":"81a3c9a9a58d3bafae40ef7ee6e8a6766bde9ff1b0c1f17a65dbc74dd5fd927c","sourceFiles":87,"scope":"Source/build input attestation only; not runtime acceptance"}
2026-10-08T13:59:23.3555682Z #15 DONE 0.2s
2026-10-08T13:59:23.3555879Z 
2026-10-08T13:59:23.3556754Z #16 [11/11] RUN pnpm exec tsx scripts/prepare-isolation.ts --files-only && mkdir -p /app/data /app/generated && chown -R node:node /app/.runtime /app/data /app/generated
2026-10-08T13:59:23.9440822Z #16 0.739 {"policy":"isolated-compile-v1","platform":"linux","scope":"Trusted files prepared; kernel boundary not exercised"}
2026-10-08T13:59:24.1462584Z #16 DONE 0.8s
2026-10-08T13:59:24.1462883Z 
2026-10-08T13:59:24.1463088Z #17 exporting to image
2026-10-08T13:59:24.1463537Z #17 exporting layers
2026-10-08T13:59:35.5541003Z #17 exporting layers 11.6s done
2026-10-08T13:59:35.5719299Z #17 writing image sha256:f820551f9512865963884967ad62143461fdbd8ce6f1ce9f360ccc8bde39d161 done
2026-10-08T13:59:35.5720387Z #17 naming to docker.io/library/cocreate-check done
2026-10-08T13:59:35.5720978Z #17 DONE 11.6s
2026-10-08T13:59:35.5731681Z 
2026-10-08T13:59:35.5732616Z  [33m4 warnings found (use docker --debug to expand):
2026-10-08T13:59:35.5734067Z [0m - SecretsUsedInArgOrEnv: Do not use ARG or ENV instructions for sensitive data (ENV "VITE_SUPABASE_PUBLISHABLE_KEY") (line 19)
2026-10-08T13:59:35.5736539Z  - SecretsUsedInArgOrEnv: Do not use ARG or ENV instructions for sensitive data (ARG "VITE_COCREATE_AUTH_MODE") (line 12)
2026-10-08T13:59:35.5738148Z  - SecretsUsedInArgOrEnv: Do not use ARG or ENV instructions for sensitive data (ARG "VITE_SUPABASE_PUBLISHABLE_KEY") (line 15)
2026-10-08T13:59:35.5739261Z  - SecretsUsedInArgOrEnv: Do not use ARG or ENV instructions for sensitive data (ENV "VITE_COCREATE_AUTH_MODE") (line 16)
2026-10-08T13:59:35.5897258Z ##[group]Run root="/sys/fs/cgroup/cocreate-ci-${GITHUB_RUN_ID}-${GITHUB_RUN_ATTEMPT}"
2026-10-08T13:59:35.5897877Z [36;1mroot="/sys/fs/cgroup/cocreate-ci-${GITHUB_RUN_ID}-${GITHUB_RUN_ATTEMPT}"[0m
2026-10-08T13:59:35.5898332Z [36;1msudo sh scripts/prepare-ci-cgroup.sh "$root"[0m
2026-10-08T13:59:35.5898700Z [36;1mecho "COCREATE_CI_CGROUP_ROOT=$root" >> "$GITHUB_ENV"[0m
2026-10-08T13:59:35.5977856Z shell: /usr/bin/bash -e {0}
2026-10-08T13:59:35.5985958Z env:
2026-10-08T13:59:35.5986390Z   PNPM_HOME: /home/runner/setup-pnpm/node_modules/.bin
2026-10-08T13:59:35.5986869Z ##[endgroup]
2026-10-08T13:59:35.6250410Z ##[group]Run sh scripts/run-linux-check.sh node --import tsx scripts/prepare-isolation.ts
2026-10-08T13:59:35.6251055Z [36;1msh scripts/run-linux-check.sh node --import tsx scripts/prepare-isolation.ts[0m
2026-10-08T13:59:35.6320530Z shell: /usr/bin/bash -e {0}
2026-10-08T13:59:35.6320780Z env:
2026-10-08T13:59:35.6321032Z   PNPM_HOME: /home/runner/setup-pnpm/node_modules/.bin
2026-10-08T13:59:35.6321462Z   COCREATE_CI_CGROUP_ROOT: /sys/fs/cgroup/cocreate-ci-37788566458-1
2026-10-08T13:59:35.6321813Z ##[endgroup]
2026-10-08T13:59:36.0359168Z {"policy":"isolated-compile-v1","platform":"linux","scope":"Actual OS boundary preflight passed; no inference"}
2026-10-08T13:59:36.0957527Z ##[group]Run sh scripts/run-linux-check.sh node --import tsx --input-type=module -e 'import {assertVerificationBrowserAvailable} from "./server/isolation/browser.ts"; await assertVerificationBrowserAvailable(); console.log("Actual Linux browser boundary passed; no inference");'
2026-10-08T13:59:36.0959621Z [36;1msh scripts/run-linux-check.sh node --import tsx --input-type=module -e 'import {assertVerificationBrowserAvailable} from "./server/isolation/browser.ts"; await assertVerificationBrowserAvailable(); console.log("Actual Linux browser boundary passed; no inference");'[0m
2026-10-08T13:59:36.1031106Z shell: /usr/bin/bash -e {0}
2026-10-08T13:59:36.1031346Z env:
2026-10-08T13:59:36.1031591Z   PNPM_HOME: /home/runner/setup-pnpm/node_modules/.bin
2026-10-08T13:59:36.1032209Z   COCREATE_CI_CGROUP_ROOT: /sys/fs/cgroup/cocreate-ci-37788566458-1
2026-10-08T13:59:36.1032564Z ##[endgroup]
2026-10-08T13:59:36.7235433Z Actual Linux browser boundary passed; no inference
2026-10-08T13:59:36.7906708Z ##[group]Run sh scripts/run-linux-check.sh node --import tsx --test --test-concurrency=1 tests/generated-isolation.test.ts
2026-10-08T13:59:36.7907586Z [36;1msh scripts/run-linux-check.sh node --import tsx --test --test-concurrency=1 tests/generated-isolation.test.ts[0m
2026-10-08T13:59:36.7981404Z shell: /usr/bin/bash -e {0}
2026-10-08T13:59:36.7981652Z env:
2026-10-08T13:59:36.7981913Z   PNPM_HOME: /home/runner/setup-pnpm/node_modules/.bin
2026-10-08T13:59:36.7982320Z   COCREATE_CI_CGROUP_ROOT: /sys/fs/cgroup/cocreate-ci-37788566458-1
2026-10-08T13:59:36.7982676Z ##[endgroup]
2026-10-08T13:59:36.9738078Z TAP version 13
2026-10-08T13:59:41.9613827Z # Subtest: ordinary compilation runs in the real OS boundary and never evaluates candidate top-level code
2026-10-08T13:59:41.9615778Z ok 1 - ordinary compilation runs in the real OS boundary and never evaluates candidate top-level code
2026-10-08T13:59:41.9616652Z   ---
2026-10-08T13:59:41.9616993Z   duration_ms: 4783.945694
2026-10-08T13:59:41.9617435Z   type: 'test'
2026-10-08T13:59:41.9617871Z   ...
2026-10-08T13:59:42.0130757Z # Subtest: OS boundary without Node permissions denies an existing private host file, writes and live loopback network
2026-10-08T13:59:42.0132423Z ok 2 - OS boundary without Node permissions denies an existing private host file, writes and live loopback network
2026-10-08T13:59:42.0133533Z   ---
2026-10-08T13:59:42.0133978Z   duration_ms: 57.409569
2026-10-08T13:59:42.0134452Z   type: 'test'
2026-10-08T13:59:42.0135078Z   ...
2026-10-08T13:59:42.0800271Z # Subtest: restricted process strips injection/secrets and denies subprocesses, workers and cross-workspace reads
2026-10-08T13:59:42.0803102Z ok 3 - restricted process strips injection/secrets and denies subprocesses, workers and cross-workspace reads
2026-10-08T13:59:42.0804411Z   ---
2026-10-08T13:59:42.0805322Z   duration_ms: 58.887016
2026-10-08T13:59:42.0805748Z   type: 'test'
2026-10-08T13:59:42.0806083Z   ...
2026-10-08T13:59:47.9762163Z # Subtest: candidate imports cannot read absolute files, traverse workspaces or download packages/styles
2026-10-08T13:59:47.9763681Z ok 4 - candidate imports cannot read absolute files, traverse workspaces or download packages/styles
2026-10-08T13:59:47.9764509Z   ---
2026-10-08T13:59:47.9765101Z   duration_ms: 5906.255339
2026-10-08T13:59:47.9765506Z   type: 'test'
2026-10-08T13:59:47.9765827Z   ...
2026-10-08T13:59:48.9840026Z # Subtest: wall timeout terminates a running child and cleans its private input
2026-10-08T13:59:48.9841715Z ok 5 - wall timeout terminates a running child and cleans its private input
2026-10-08T13:59:48.9842406Z   ---
2026-10-08T13:59:48.9842748Z   duration_ms: 1007.965492
2026-10-08T13:59:48.9843120Z   type: 'test'
2026-10-08T13:59:48.9843495Z   ...
2026-10-08T13:59:48.9908133Z # Subtest: cancellation waits for real child termination and cleanup; pre-abort starts nothing
2026-10-08T13:59:48.9909968Z ok 6 - cancellation waits for real child termination and cleanup; pre-abort starts nothing
2026-10-08T13:59:48.9911962Z   ---
2026-10-08T13:59:48.9912330Z   duration_ms: 7.506605
2026-10-08T13:59:48.9912720Z   type: 'test'
2026-10-08T13:59:48.9913051Z   ...
2026-10-08T13:59:49.6781519Z # Subtest: memory exhaustion cannot escape the OS bound and leaves no child work
2026-10-08T13:59:49.6782753Z ok 7 - memory exhaustion cannot escape the OS bound and leaves no child work
2026-10-08T13:59:49.6785000Z   ---
2026-10-08T13:59:49.6785606Z   duration_ms: 685.677657
2026-10-08T13:59:49.6786066Z   type: 'test'
2026-10-08T13:59:49.6786453Z   ...
2026-10-08T13:59:49.6790665Z # Subtest: unavailable isolation fails explicitly and cannot fall back to host compilation
2026-10-08T13:59:49.6791642Z ok 8 - unavailable isolation fails explicitly and cannot fall back to host compilation
2026-10-08T13:59:49.6792562Z   ---
2026-10-08T13:59:49.6792885Z   duration_ms: 0.637089
2026-10-08T13:59:49.6793229Z   type: 'test'
2026-10-08T13:59:49.6793545Z   ...
2026-10-08T13:59:59.6899950Z # Subtest: CPU bound stops a busy child before the longer wall deadline
2026-10-08T13:59:59.6901762Z ok 9 - CPU bound stops a busy child before the longer wall deadline
2026-10-08T13:59:59.6902738Z   ---
2026-10-08T13:59:59.6903093Z   duration_ms: 10011.346119
2026-10-08T13:59:59.6903524Z   type: 'test'
2026-10-08T13:59:59.6903850Z   ...
2026-10-08T13:59:59.8558700Z # Subtest: untrusted output is bounded before it reaches application memory or artifacts
2026-10-08T13:59:59.8559928Z ok 10 - untrusted output is bounded before it reaches application memory or artifacts
2026-10-08T13:59:59.8560360Z   ---
2026-10-08T13:59:59.8560567Z   duration_ms: 168.858466
2026-10-08T13:59:59.8560806Z   type: 'test'
2026-10-08T13:59:59.8560995Z   ...
2026-10-08T13:59:59.8709482Z 1..10
2026-10-08T13:59:59.8710114Z # tests 10
2026-10-08T13:59:59.8710548Z # suites 0
2026-10-08T13:59:59.8710958Z # pass 10
2026-10-08T13:59:59.8711317Z # fail 0
2026-10-08T13:59:59.8711671Z # cancelled 0
2026-10-08T13:59:59.8712488Z # skipped 0
2026-10-08T13:59:59.8712880Z # todo 0
2026-10-08T13:59:59.8714509Z # duration_ms 22910.306307
2026-10-08T13:59:59.9243239Z ##[group]Run sh scripts/run-linux-check.sh node --import tsx --test --test-concurrency=1 tests/linux-cgroup-isolation.test.ts tests/candidate-verification.test.ts
2026-10-08T13:59:59.9244425Z [36;1msh scripts/run-linux-check.sh node --import tsx --test --test-concurrency=1 tests/linux-cgroup-isolation.test.ts tests/candidate-verification.test.ts[0m
2026-10-08T13:59:59.9317164Z shell: /usr/bin/bash -e {0}
2026-10-08T13:59:59.9317428Z env:
2026-10-08T13:59:59.9317692Z   PNPM_HOME: /home/runner/setup-pnpm/node_modules/.bin
2026-10-08T13:59:59.9318132Z   COCREATE_CI_CGROUP_ROOT: /sys/fs/cgroup/cocreate-ci-37788566458-1
2026-10-08T13:59:59.9318506Z ##[endgroup]
2026-10-08T14:00:00.1161336Z TAP version 13
2026-10-08T14:00:04.8287061Z # Subtest: real isolated browser verifies accepted filter, favorites and sorting and binds evidence to the candidate
2026-10-08T14:00:04.8296144Z not ok 1 - real isolated browser verifies accepted filter, favorites and sorting and binds evidence to the candidate
2026-10-08T14:00:04.8304850Z   ---
2026-10-08T14:00:04.8305285Z   duration_ms: 4441.509756
2026-10-08T14:00:04.8305694Z   type: 'test'
2026-10-08T14:00:04.8306291Z   location: '/app/tests/candidate-verification.test.ts:1:1385'
2026-10-08T14:00:04.8307045Z   failureType: 'testCodeFailure'
2026-10-08T14:00:04.8307843Z   error: 'Verification stopped within its memory/process/CPU/file limits.'
2026-10-08T14:00:04.8308603Z   code: 'isolation_resource_limit'
2026-10-08T14:00:04.8309072Z   stack: |-
2026-10-08T14:00:04.8309693Z     ChildProcess.<anonymous> (/app/server/isolation/browser.ts:116:200)
2026-10-08T14:00:04.8310460Z     Object.onceWrapper (node:events:634:26)
2026-10-08T14:00:04.8311041Z     ChildProcess.emit (node:events:519:28)
2026-10-08T14:00:04.8311692Z     maybeClose (node:internal/child_process:1101:16)
2026-10-08T14:00:04.8312426Z     Socket.<anonymous> (node:internal/child_process:456:11)
2026-10-08T14:00:04.8313057Z     Socket.emit (node:events:519:28)
2026-10-08T14:00:04.8313590Z     Pipe.<anonymous> (node:net:347:12)
2026-10-08T14:00:04.8314007Z   ...
2026-10-08T14:00:09.0157647Z # Subtest: compiling controls without behavior fail; retained feature regressions are checked on every candidate
2026-10-08T14:00:09.0163749Z not ok 2 - compiling controls without behavior fail; retained feature regressions are checked on every candidate
2026-10-08T14:00:09.0165442Z   ---
2026-10-08T14:00:09.0165855Z   duration_ms: 4191.816669
2026-10-08T14:00:09.0166270Z   type: 'test'
2026-10-08T14:00:09.0166864Z   location: '/app/tests/candidate-verification.test.ts:1:3090'
2026-10-08T14:00:09.0167572Z   failureType: 'testCodeFailure'
2026-10-08T14:00:09.0168849Z   error: 'Isolated verification browser is unavailable. Prepare the verification runtime, then explicitly retry; the previous artifact is retained.'
2026-10-08T14:00:09.0170418Z   code: 'isolation_unavailable'
2026-10-08T14:00:09.0170844Z   stack: |-
2026-10-08T14:00:09.0171361Z     unavailable (/app/server/isolation/browser.ts:13:27)
2026-10-08T14:00:09.0172182Z     ChildProcess.<anonymous> (/app/server/isolation/browser.ts:116:316)
2026-10-08T14:00:09.0172838Z     Object.onceWrapper (node:events:634:26)
2026-10-08T14:00:09.0173292Z     ChildProcess.emit (node:events:519:28)
2026-10-08T14:00:09.0173874Z     maybeClose (node:internal/child_process:1101:16)
2026-10-08T14:00:09.0174552Z     Socket.<anonymous> (node:internal/child_process:456:11)
2026-10-08T14:00:09.0175414Z     Socket.emit (node:events:519:28)
2026-10-08T14:00:09.0175936Z     Pipe.<anonymous> (node:net:347:12)
2026-10-08T14:00:09.0176395Z   ...
2026-10-08T14:00:13.4192613Z # Subtest: unsupported prose remains unverified and generated assertion tampering cannot replace trusted checks
2026-10-08T14:00:13.4196531Z not ok 3 - unsupported prose remains unverified and generated assertion tampering cannot replace trusted checks
2026-10-08T14:00:13.4199333Z   ---
2026-10-08T14:00:13.4199770Z   duration_ms: 4407.167539
2026-10-08T14:00:13.4200073Z   type: 'test'
2026-10-08T14:00:13.4200717Z   location: '/app/tests/candidate-verification.test.ts:1:3828'
2026-10-08T14:00:13.4201129Z   failureType: 'testCodeFailure'
2026-10-08T14:00:13.4201849Z   error: 'Isolated verification browser is unavailable. Prepare the verification runtime, then explicitly retry; the previous artifact is retained.'
2026-10-08T14:00:13.4202533Z   code: 'isolation_unavailable'
2026-10-08T14:00:13.4202773Z   stack: |-
2026-10-08T14:00:13.4203067Z     unavailable (/app/server/isolation/browser.ts:13:27)
2026-10-08T14:00:13.4203525Z     ChildProcess.<anonymous> (/app/server/isolation/browser.ts:116:316)
2026-10-08T14:00:13.4203939Z     Object.onceWrapper (node:events:634:26)
2026-10-08T14:00:13.4204258Z     ChildProcess.emit (node:events:519:28)
2026-10-08T14:00:13.4204888Z     maybeClose (node:internal/child_process:1101:16)
2026-10-08T14:00:13.4205346Z     Socket.<anonymous> (node:internal/child_process:456:11)
2026-10-08T14:00:13.4205717Z     Socket.emit (node:events:519:28)
2026-10-08T14:00:13.4206050Z     Pipe.<anonymous> (node:net:347:12)
2026-10-08T14:00:13.4206310Z   ...
2026-10-08T14:00:13.8500526Z # Subtest: actual verification browser denies a private host file and loopback network and removes its child/profile
2026-10-08T14:00:13.8501650Z ok 4 - actual verification browser denies a private host file and loopback network and removes its child/profile
2026-10-08T14:00:13.8502944Z   ---
2026-10-08T14:00:13.8503307Z   duration_ms: 436.688352
2026-10-08T14:00:13.8503870Z   type: 'test'
2026-10-08T14:00:13.8504186Z   ...
2026-10-08T14:00:26.0281805Z # Subtest: browser CPU and protocol output remain inside the reused Job Object bounds
2026-10-08T14:00:26.0283139Z ok 5 - browser CPU and protocol output remain inside the reused Job Object bounds
2026-10-08T14:00:26.0284124Z   ---
2026-10-08T14:00:26.0284599Z   duration_ms: 12168.295764
2026-10-08T14:00:26.0285249Z   type: 'test'
2026-10-08T14:00:26.0285572Z   ...
2026-10-08T14:00:28.4345199Z # Subtest: cancellation and wall limits terminate browser execution and leave no child jobs
2026-10-08T14:00:28.4347005Z ok 6 - cancellation and wall limits terminate browser execution and leave no child jobs
2026-10-08T14:00:28.4348204Z   ---
2026-10-08T14:00:28.4348830Z   duration_ms: 2418.871124
2026-10-08T14:00:28.4349208Z   type: 'test'
2026-10-08T14:00:28.4349448Z   ...
2026-10-08T14:00:28.6986680Z # Subtest: Linux browser file-descriptor ceiling rejects growth and cleans the bounded job
2026-10-08T14:00:28.6987993Z ok 7 - Linux browser file-descriptor ceiling rejects growth and cleans the bounded job
2026-10-08T14:00:28.6988750Z   ---
2026-10-08T14:00:28.6989084Z   duration_ms: 72.96874
2026-10-08T14:00:28.6989461Z   type: 'test'
2026-10-08T14:00:28.6989777Z   ...
2026-10-08T14:00:28.7384187Z # Subtest: Linux bootstrap drops authority and attaches a stopped trusted child before execution
2026-10-08T14:00:28.7386299Z ok 8 - Linux bootstrap drops authority and attaches a stopped trusted child before execution
2026-10-08T14:00:28.7386926Z   ---
2026-10-08T14:00:28.7387144Z   duration_ms: 51.509809
2026-10-08T14:00:28.7387547Z   type: 'test'
2026-10-08T14:00:28.7387745Z   ...
2026-10-08T14:00:28.8467122Z # Subtest: Linux PID ceiling denies fork growth and whole-group kill removes descendants
2026-10-08T14:00:28.8468317Z ok 9 - Linux PID ceiling denies fork growth and whole-group kill removes descendants
2026-10-08T14:00:28.8468942Z   ---
2026-10-08T14:00:28.8469329Z   duration_ms: 97.657836
2026-10-08T14:00:28.8469858Z   type: 'test'
2026-10-08T14:00:28.8481526Z   ...
2026-10-08T14:00:29.7057191Z # Subtest: real Linux browser physical-memory exhaustion kills its job while the application survives
2026-10-08T14:00:29.7058654Z ok 10 - real Linux browser physical-memory exhaustion kills its job while the application survives
2026-10-08T14:00:29.7059749Z   ---
2026-10-08T14:00:29.7060178Z   duration_ms: 870.789692
2026-10-08T14:00:29.7060715Z   type: 'test'
2026-10-08T14:00:29.7061125Z   ...
2026-10-08T14:00:29.7062269Z # Subtest: missing Linux delegation fails closed and removes the candidate profile
2026-10-08T14:00:29.7063881Z ok 11 - missing Linux delegation fails closed and removes the candidate profile
2026-10-08T14:00:29.7064567Z   ---
2026-10-08T14:00:29.7065171Z   duration_ms: 0.990277
2026-10-08T14:00:29.7065583Z   type: 'test'
2026-10-08T14:00:29.7065939Z   ...
2026-10-08T14:00:29.7169659Z 1..11
2026-10-08T14:00:29.7170037Z # tests 11
2026-10-08T14:00:29.7180768Z # suites 0
2026-10-08T14:00:29.7181143Z # pass 8
2026-10-08T14:00:29.7181339Z # fail 3
2026-10-08T14:00:29.7181545Z # cancelled 0
2026-10-08T14:00:29.7181747Z # skipped 0
2026-10-08T14:00:29.7181933Z # todo 0
2026-10-08T14:00:29.7182151Z # duration_ms 29614.156876
2026-10-08T14:00:29.7657628Z ##[error]Process completed with exit code 1.
2026-10-08T14:00:29.7725376Z ##[group]Run case "$COCREATE_CI_CGROUP_ROOT" in /sys/fs/cgroup/cocreate-ci-*) ;; *) exit 126 ;; esac
2026-10-08T14:00:29.7726101Z [36;1mcase "$COCREATE_CI_CGROUP_ROOT" in /sys/fs/cgroup/cocreate-ci-*) ;; *) exit 126 ;; esac[0m
2026-10-08T14:00:29.7726672Z [36;1msudo find "$COCREATE_CI_CGROUP_ROOT" -depth -type d -exec rmdir {} \;[0m
2026-10-08T14:00:29.7797389Z shell: /usr/bin/bash -e {0}
2026-10-08T14:00:29.7797631Z env:
2026-10-08T14:00:29.7797878Z   PNPM_HOME: /home/runner/setup-pnpm/node_modules/.bin
2026-10-08T14:00:29.7798287Z   COCREATE_CI_CGROUP_ROOT: /sys/fs/cgroup/cocreate-ci-37788566458-1
2026-10-08T14:00:29.7798639Z ##[endgroup]
2026-10-08T14:00:29.8109123Z Post job cleanup.
2026-10-08T14:00:29.9653786Z Pruning is unnecessary.
2026-10-08T14:00:29.9838543Z Post job cleanup.
2026-10-08T14:00:30.0905653Z [command]/usr/bin/git version
2026-10-08T14:00:30.0960518Z git version 2.55.0
2026-10-08T14:00:30.1007409Z Temporarily overriding HOME='/home/runner/work/_temp/0991b64f-788e-4f59-af99-4bea1f365a4a' before making global git config changes
2026-10-08T14:00:30.1008981Z Adding repository directory to the temporary git global config as a safe directory
2026-10-08T14:00:30.1013529Z [command]/usr/bin/git config --global --add safe.directory /home/runner/work/Cocreate/Cocreate
2026-10-08T14:00:30.1058392Z [command]/usr/bin/git config --local --name-only --get-regexp core\.sshCommand
2026-10-08T14:00:30.1100661Z [command]/usr/bin/git submodule foreach --recursive sh -c "git config --local --name-only --get-regexp 'core\.sshCommand' && git config --local --unset-all 'core.sshCommand' || :"
2026-10-08T14:00:30.1401037Z [command]/usr/bin/git config --local --name-only --get-regexp http\.https\:\/\/github\.com\/\.extraheader
2026-10-08T14:00:30.1429791Z http.https://github.com/.extraheader
2026-10-08T14:00:30.1443300Z [command]/usr/bin/git config --local --unset-all http.https://github.com/.extraheader
2026-10-08T14:00:30.1483582Z [command]/usr/bin/git submodule foreach --recursive sh -c "git config --local --name-only --get-regexp 'http\.https\:\/\/github\.com\/\.extraheader' && git config --local --unset-all 'http.https://github.com/.extraheader' || :"
2026-10-08T14:00:30.1818550Z [command]/usr/bin/git config --local --name-only --get-regexp ^includeIf\.gitdir:
2026-10-08T14:00:30.1862776Z [command]/usr/bin/git submodule foreach --recursive git config --local --show-origin --name-only --get-regexp remote.origin.url
2026-10-08T14:00:30.2298590Z Cleaning up orphan processes
2026-10-08T14:00:30.2653642Z ##[warning]Node.js 20 is deprecated. The following actions target Node.js 20 but are being forced to run on Node.js 24: actions/checkout@11d5960a326750d5838078e36cf38b85af677262, actions/setup-node@49933ea5288caeca8642d1e84afbd3f7d6820020, pnpm/action-setup@f40ffcd9367d9f12939873eb1018b921a783ffaa. For more information see: https://github.blog/changelog/2025-09-19-deprecation-of-node-20-on-github-actions-runners/
