2026-10-08T14:10:32.3452359Z Current runner version: '2.337.0'
2026-10-08T14:10:32.3489571Z ##[group]Runner Image Provisioner
2026-10-08T14:10:32.3491286Z Hosted Compute Agent
2026-10-08T14:10:32.3492451Z Version: 20261002.596
2026-10-08T14:10:32.3493656Z Commit: c3d12f3313a95f25162a1503be624f3b0617f8c0
2026-10-08T14:10:32.3495060Z Build Date: 2026-10-02T22:28:27Z
2026-10-08T14:10:32.3496396Z Worker ID: {f530a529-5eb4-4d64-be39-29b70553e1bb}
2026-10-08T14:10:32.3497820Z Region: southcentralus
2026-10-08T14:10:32.3499020Z Cloud: Azure
2026-10-08T14:10:32.3500046Z ##[endgroup]
2026-10-08T14:10:32.3502751Z ##[group]Operating System
2026-10-08T14:10:32.3504258Z Ubuntu
2026-10-08T14:10:32.3505334Z 22.04.5
2026-10-08T14:10:32.3506451Z LTS
2026-10-08T14:10:32.3507443Z ##[endgroup]
2026-10-08T14:10:32.3509039Z ##[group]Runner Image
2026-10-08T14:10:32.3510291Z Image: ubuntu-22.04
2026-10-08T14:10:32.3511764Z Version: 20261004.315.1
2026-10-08T14:10:32.3514017Z Included Software: https://github.com/actions/runner-images/blob/ubuntu22/20261004.315/images/ubuntu/Ubuntu2204-Readme.md
2026-10-08T14:10:32.3516972Z Image Release: https://github.com/actions/runner-images/releases/tag/ubuntu22%2F20261004.315
2026-10-08T14:10:32.3518984Z ##[endgroup]
2026-10-08T14:10:32.3521257Z ##[group]GITHUB_TOKEN Permissions
2026-10-08T14:10:32.3524651Z Contents: read
2026-10-08T14:10:32.3525621Z Metadata: read
2026-10-08T14:10:32.3526672Z ##[endgroup]
2026-10-08T14:10:32.3529617Z Secret source: Actions
2026-10-08T14:10:32.3531559Z Cache mode: write
2026-10-08T14:10:32.3533045Z Prepare workflow directory
2026-10-08T14:10:32.3912698Z Prepare all required actions
2026-10-08T14:10:32.3972337Z Getting action download info
2026-10-08T14:10:32.6715948Z Download action repository 'actions/checkout@11d5960a326750d5838078e36cf38b85af677262' (SHA:11d5960a326750d5838078e36cf38b85af677262)
2026-10-08T14:10:32.7948927Z Download action repository 'pnpm/action-setup@f40ffcd9367d9f12939873eb1018b921a783ffaa' (SHA:f40ffcd9367d9f12939873eb1018b921a783ffaa)
2026-10-08T14:10:33.2928677Z Download action repository 'actions/setup-node@49933ea5288caeca8642d1e84afbd3f7d6820020' (SHA:49933ea5288caeca8642d1e84afbd3f7d6820020)
2026-10-08T14:10:33.5511727Z Complete job name: verify
2026-10-08T14:10:33.6428999Z ##[group]Run actions/checkout@11d5960a326750d5838078e36cf38b85af677262
2026-10-08T14:10:33.6430168Z with:
2026-10-08T14:10:33.6430646Z   repository: DD7780/Cocreate
2026-10-08T14:10:33.6434881Z   token: ***
2026-10-08T14:10:33.6435368Z   ssh-strict: true
2026-10-08T14:10:33.6435849Z   ssh-user: git
2026-10-08T14:10:33.6436336Z   persist-credentials: true
2026-10-08T14:10:33.6437003Z   clean: true
2026-10-08T14:10:33.6437875Z   sparse-checkout-cone-mode: true
2026-10-08T14:10:33.6438875Z   fetch-depth: 1
2026-10-08T14:10:33.6439363Z   fetch-tags: false
2026-10-08T14:10:33.6439844Z   show-progress: true
2026-10-08T14:10:33.6440351Z   lfs: false
2026-10-08T14:10:33.6441115Z   submodules: false
2026-10-08T14:10:33.6441641Z   set-safe-directory: true
2026-10-08T14:10:33.6442191Z   allow-unsafe-pr-checkout: false
2026-10-08T14:10:33.6443175Z ##[endgroup]
2026-10-08T14:10:33.7534122Z Syncing repository: DD7780/Cocreate
2026-10-08T14:10:33.7536908Z ##[group]Getting Git version info
2026-10-08T14:10:33.7538281Z Working directory is '/home/runner/work/Cocreate/Cocreate'
2026-10-08T14:10:33.7540208Z [command]/usr/bin/git version
2026-10-08T14:10:33.7630576Z git version 2.55.0
2026-10-08T14:10:33.7654027Z ##[endgroup]
2026-10-08T14:10:33.7669621Z Temporarily overriding HOME='/home/runner/work/_temp/91423e8a-b3bc-4896-a876-7c944c5a0bb0' before making global git config changes
2026-10-08T14:10:33.7672676Z Adding repository directory to the temporary git global config as a safe directory
2026-10-08T14:10:33.7675503Z [command]/usr/bin/git config --global --add safe.directory /home/runner/work/Cocreate/Cocreate
2026-10-08T14:10:33.7722918Z Deleting the contents of '/home/runner/work/Cocreate/Cocreate'
2026-10-08T14:10:33.7734428Z ##[group]Initializing the repository
2026-10-08T14:10:33.7736227Z [command]/usr/bin/git init /home/runner/work/Cocreate/Cocreate
2026-10-08T14:10:33.7930194Z hint: Using 'master' as the name for the initial branch. This default branch name
2026-10-08T14:10:33.7932430Z hint: will change to "main" in Git 3.0. To configure the initial branch name
2026-10-08T14:10:33.7934327Z hint: to use in all of your new repositories, which will suppress this warning,
2026-10-08T14:10:33.7935814Z hint: call:
2026-10-08T14:10:33.7937156Z hint:
2026-10-08T14:10:33.7938545Z hint: 	git config --global init.defaultBranch <name>
2026-10-08T14:10:33.7939826Z hint:
2026-10-08T14:10:33.7941110Z hint: Names commonly chosen instead of 'master' are 'main', 'trunk' and
2026-10-08T14:10:33.7942861Z hint: 'development'. The just-created branch can be renamed via this command:
2026-10-08T14:10:33.7944241Z hint:
2026-10-08T14:10:33.7944995Z hint: 	git branch -m <name>
2026-10-08T14:10:33.7945864Z hint:
2026-10-08T14:10:33.7946962Z hint: Disable this message with "git config set advice.defaultBranchName false"
2026-10-08T14:10:33.7948892Z Initialized empty Git repository in /home/runner/work/Cocreate/Cocreate/.git/
2026-10-08T14:10:33.7956134Z [command]/usr/bin/git remote add origin https://github.com/DD7780/Cocreate
2026-10-08T14:10:33.8037065Z ##[endgroup]
2026-10-08T14:10:33.8038524Z ##[group]Disabling automatic garbage collection
2026-10-08T14:10:33.8041256Z [command]/usr/bin/git config --local gc.auto 0
2026-10-08T14:10:33.8086814Z ##[endgroup]
2026-10-08T14:10:33.8088023Z ##[group]Setting up auth
2026-10-08T14:10:33.8094814Z [command]/usr/bin/git config --local --name-only --get-regexp core\.sshCommand
2026-10-08T14:10:33.8144640Z [command]/usr/bin/git submodule foreach --recursive sh -c "git config --local --name-only --get-regexp 'core\.sshCommand' && git config --local --unset-all 'core.sshCommand' || :"
2026-10-08T14:10:33.8638630Z [command]/usr/bin/git config --local --name-only --get-regexp http\.https\:\/\/github\.com\/\.extraheader
2026-10-08T14:10:33.8680209Z [command]/usr/bin/git submodule foreach --recursive sh -c "git config --local --name-only --get-regexp 'http\.https\:\/\/github\.com\/\.extraheader' && git config --local --unset-all 'http.https://github.com/.extraheader' || :"
2026-10-08T14:10:33.8955233Z [command]/usr/bin/git config --local --name-only --get-regexp ^includeIf\.gitdir:
2026-10-08T14:10:33.8997922Z [command]/usr/bin/git submodule foreach --recursive git config --local --show-origin --name-only --get-regexp remote.origin.url
2026-10-08T14:10:33.9267899Z [command]/usr/bin/git config --local http.https://github.com/.extraheader AUTHORIZATION: basic ***
2026-10-08T14:10:33.9316176Z ##[endgroup]
2026-10-08T14:10:33.9317833Z ##[group]Fetching the repository
2026-10-08T14:10:33.9328462Z [command]/usr/bin/git -c protocol.version=2 fetch --no-tags --prune --no-recurse-submodules --depth=1 origin +16e10f6ededf75308070ca3c795bb778b8d20f92:refs/remotes/origin/codex/prelaunch-beta
2026-10-08T14:10:35.0281340Z From https://github.com/DD7780/Cocreate
2026-10-08T14:10:35.0284787Z  * [new ref]         16e10f6ededf75308070ca3c795bb778b8d20f92 -> origin/codex/prelaunch-beta
2026-10-08T14:10:35.0292258Z ##[endgroup]
2026-10-08T14:10:35.0294271Z ##[group]Determining the checkout info
2026-10-08T14:10:35.0296446Z ##[endgroup]
2026-10-08T14:10:35.0298231Z [command]/usr/bin/git sparse-checkout disable
2026-10-08T14:10:35.0360375Z [command]/usr/bin/git config --local --unset-all extensions.worktreeConfig
2026-10-08T14:10:35.0404859Z ##[group]Checking out the ref
2026-10-08T14:10:35.0410311Z [command]/usr/bin/git checkout --progress --force -B codex/prelaunch-beta refs/remotes/origin/codex/prelaunch-beta
2026-10-08T14:10:35.1484941Z Switched to a new branch 'codex/prelaunch-beta'
2026-10-08T14:10:35.1488630Z branch 'codex/prelaunch-beta' set up to track 'origin/codex/prelaunch-beta'.
2026-10-08T14:10:35.1505171Z ##[endgroup]
2026-10-08T14:10:35.1560427Z [command]/usr/bin/git log -1 --format=%H
2026-10-08T14:10:35.1596988Z 16e10f6ededf75308070ca3c795bb778b8d20f92
2026-10-08T14:10:35.2037718Z ##[group]Run pnpm/action-setup@f40ffcd9367d9f12939873eb1018b921a783ffaa
2026-10-08T14:10:35.2039684Z with:
2026-10-08T14:10:35.2040532Z   version: 10.18.3
2026-10-08T14:10:35.2041804Z   dest: ~/setup-pnpm
2026-10-08T14:10:35.2042781Z   run_install: null
2026-10-08T14:10:35.2043729Z   cache: false
2026-10-08T14:10:35.2044718Z   cache_dependency_path: pnpm-lock.yaml
2026-10-08T14:10:35.2046006Z   package_json_file: package.json
2026-10-08T14:10:35.2047150Z   standalone: false
2026-10-08T14:10:35.2048078Z ##[endgroup]
2026-10-08T14:10:35.3589662Z ##[group]Running self-installer...
2026-10-08T14:10:35.8330975Z (node:1999) [DEP0169] DeprecationWarning: `url.parse()` behavior is not standardized and prone to errors that have security implications. Use the WHATWG URL API instead. CVEs are not issued for `url.parse()` vulnerabilities.
2026-10-08T14:10:35.8332820Z (Use `node --trace-deprecation ...` to show where the warning was created)
2026-10-08T14:10:36.0623821Z Progress: resolved 1, reused 0, downloaded 0, added 0
2026-10-08T14:10:36.0741551Z Packages: +1
2026-10-08T14:10:36.0742191Z +
2026-10-08T14:10:36.5475802Z Progress: resolved 1, reused 0, downloaded 1, added 1, done
2026-10-08T14:10:36.5728113Z 
2026-10-08T14:10:36.5728792Z dependencies:
2026-10-08T14:10:36.5729240Z + pnpm 10.18.3 (12.10.1 is available)
2026-10-08T14:10:36.5729566Z 
2026-10-08T14:10:36.5754368Z Done in 977ms
2026-10-08T14:10:36.5990032Z ##[endgroup]
2026-10-08T14:10:36.6002209Z Installation Completed!
2026-10-08T14:10:36.6188476Z ##[group]Run actions/setup-node@49933ea5288caeca8642d1e84afbd3f7d6820020
2026-10-08T14:10:36.6188927Z with:
2026-10-08T14:10:36.6189149Z   node-version: 22
2026-10-08T14:10:36.6189357Z   cache: pnpm
2026-10-08T14:10:36.6189561Z   always-auth: false
2026-10-08T14:10:36.6189781Z   check-latest: false
2026-10-08T14:10:36.6192332Z   token: ***
2026-10-08T14:10:36.6192549Z env:
2026-10-08T14:10:36.6192809Z   PNPM_HOME: /home/runner/setup-pnpm/node_modules/.bin
2026-10-08T14:10:36.6193130Z ##[endgroup]
2026-10-08T14:10:36.7964862Z (node:2013) [DEP0040] DeprecationWarning: The `punycode` module is deprecated. Please use a userland alternative instead.
2026-10-08T14:10:36.7966007Z (Use `node --trace-deprecation ...` to show where the warning was created)
2026-10-08T14:10:36.7975677Z Found in cache @ /opt/hostedtoolcache/node/22.23.3/x64
2026-10-08T14:10:36.7976701Z ##[group]Environment details
2026-10-08T14:10:39.4528453Z node: v22.23.3
2026-10-08T14:10:39.4528940Z npm: 10.9.9
2026-10-08T14:10:39.4529972Z yarn: 1.22.22
2026-10-08T14:10:39.4532032Z ##[endgroup]
2026-10-08T14:10:39.4585524Z [command]/home/runner/setup-pnpm/node_modules/.bin/pnpm store path --silent
2026-10-08T14:10:40.0124106Z /home/runner/setup-pnpm/node_modules/.bin/store/v10
2026-10-08T14:10:40.1832539Z pnpm cache is not found
2026-10-08T14:10:40.1969432Z ##[group]Run pnpm install --frozen-lockfile
2026-10-08T14:10:40.1969869Z [36;1mpnpm install --frozen-lockfile[0m
2026-10-08T14:10:40.2669684Z shell: /usr/bin/bash -e {0}
2026-10-08T14:10:40.2670044Z env:
2026-10-08T14:10:40.2670415Z   PNPM_HOME: /home/runner/setup-pnpm/node_modules/.bin
2026-10-08T14:10:40.2671189Z ##[endgroup]
2026-10-08T14:10:40.6699691Z Lockfile is up to date, resolution step is skipped
2026-10-08T14:10:40.7291329Z Progress: resolved 1, reused 0, downloaded 0, added 0
2026-10-08T14:10:40.7962089Z Packages: +408
2026-10-08T14:10:40.7963213Z ++++++++++++++++++++++++++++++++++++++++++++++++++++++++++++++++++++++++++++++++
2026-10-08T14:10:41.7302622Z Progress: resolved 408, reused 0, downloaded 141, added 132
2026-10-08T14:10:42.7310434Z Progress: resolved 408, reused 0, downloaded 247, added 240
2026-10-08T14:10:43.7316404Z Progress: resolved 408, reused 0, downloaded 248, added 240
2026-10-08T14:10:44.7323159Z Progress: resolved 408, reused 0, downloaded 332, added 278
2026-10-08T14:10:45.7342584Z Progress: resolved 408, reused 0, downloaded 407, added 407
2026-10-08T14:10:46.1622883Z Progress: resolved 408, reused 0, downloaded 408, added 408, done
2026-10-08T14:10:46.2904693Z .../node_modules/@prisma/engines postinstall$ node scripts/postinstall.js
2026-10-08T14:10:46.3224734Z .../esbuild@0.28.1/node_modules/esbuild postinstall$ node install.js
2026-10-08T14:10:46.3236188Z .../esbuild@0.25.12/node_modules/esbuild postinstall$ node install.js
2026-10-08T14:10:46.3241780Z .../node_modules/workerd postinstall$ node install.js
2026-10-08T14:10:46.3257400Z .../esbuild@0.28.2/node_modules/esbuild postinstall$ node install.js
2026-10-08T14:10:46.4493347Z .../esbuild@0.28.1/node_modules/esbuild postinstall: Done
2026-10-08T14:10:46.4572277Z .../esbuild@0.25.12/node_modules/esbuild postinstall: Done
2026-10-08T14:10:46.5477637Z .../esbuild@0.28.2/node_modules/esbuild postinstall: Done
2026-10-08T14:10:46.5506541Z .../node_modules/workerd postinstall: Done
2026-10-08T14:10:47.1066402Z .../node_modules/@prisma/engines postinstall: Done
2026-10-08T14:10:47.3414386Z .../node_modules/prisma preinstall$ node scripts/preinstall-entry.js
2026-10-08T14:10:47.4418075Z .../node_modules/prisma preinstall: Done
2026-10-08T14:10:47.6967562Z 
2026-10-08T14:10:47.6968134Z dependencies:
2026-10-08T14:10:47.6968478Z + @cloudflare/containers 0.3.7
2026-10-08T14:10:47.6968818Z + @supabase/server 1.8.0
2026-10-08T14:10:47.6969138Z + @supabase/supabase-js 2.117.0
2026-10-08T14:10:47.6969525Z + @tiptap/extension-collaboration 3.31.3
2026-10-08T14:10:47.6969911Z + @tiptap/extension-collaboration-caret 3.31.3
2026-10-08T14:10:47.6970242Z + @tiptap/react 3.31.3
2026-10-08T14:10:47.6970502Z + @tiptap/starter-kit 3.31.3
2026-10-08T14:10:47.6971029Z + @vitejs/plugin-react 5.2.0
2026-10-08T14:10:47.6971319Z + cross-env 10.1.0
2026-10-08T14:10:47.6971538Z + dotenv 17.4.2
2026-10-08T14:10:47.6971810Z + esbuild 0.25.12
2026-10-08T14:10:47.6972035Z + esbuild-wasm 0.25.12
2026-10-08T14:10:47.6972271Z + express 5.2.1
2026-10-08T14:10:47.6972487Z + lucide-react 0.468.0
2026-10-08T14:10:47.6972698Z + react 19.2.8
2026-10-08T14:10:47.6972912Z + react-dom 19.2.8
2026-10-08T14:10:47.6973113Z + vite 7.3.6
2026-10-08T14:10:47.6973299Z + ws 8.21.3
2026-10-08T14:10:47.6973503Z + y-protocols 1.0.7
2026-10-08T14:10:47.6973714Z + yjs 13.6.32
2026-10-08T14:10:47.6973829Z 
2026-10-08T14:10:47.6973916Z devDependencies:
2026-10-08T14:10:47.6974154Z + @prisma/adapter-pg 7.10.0
2026-10-08T14:10:47.6974414Z + @prisma/client 7.10.0
2026-10-08T14:10:47.6974647Z + @types/express 5.0.6
2026-10-08T14:10:47.6974870Z + @types/node 22.20.1
2026-10-08T14:10:47.6975089Z + @types/pg 8.23.1
2026-10-08T14:10:47.6975302Z + @types/react 19.2.18
2026-10-08T14:10:47.6975544Z + @types/react-dom 19.2.7
2026-10-08T14:10:47.6975998Z + @types/ws 8.18.1
2026-10-08T14:10:47.6976336Z + pg 8.23.0
2026-10-08T14:10:47.6976616Z + prisma 7.10.0
2026-10-08T14:10:47.6976822Z + tsx 4.23.13
2026-10-08T14:10:47.6977026Z + typescript 5.9.3
2026-10-08T14:10:47.6977545Z + wrangler 4.131.1
2026-10-08T14:10:47.6977690Z 
2026-10-08T14:10:47.8289392Z Done in 7.5s using pnpm v10.18.3
2026-10-08T14:10:47.8775676Z ##[group]Run pnpm check:boundaries
2026-10-08T14:10:47.8776020Z [36;1mpnpm check:boundaries[0m
2026-10-08T14:10:47.8850096Z shell: /usr/bin/bash -e {0}
2026-10-08T14:10:47.8850375Z env:
2026-10-08T14:10:47.8850640Z   PNPM_HOME: /home/runner/setup-pnpm/node_modules/.bin
2026-10-08T14:10:47.8851211Z ##[endgroup]
2026-10-08T14:10:48.2045206Z 
2026-10-08T14:10:48.2046102Z > cocreate@1.0.0 check:boundaries /home/runner/work/Cocreate/Cocreate
2026-10-08T14:10:48.2046760Z > tsx scripts/codebase-audit.ts --check
2026-10-08T14:10:48.2047009Z 
2026-10-08T14:10:50.0632687Z Audited 143 files; 1 static candidates; 0 boundary violations.
2026-10-08T14:10:50.0634874Z Jev: 0 physical requests, 0 input tokens with known usage, known-usage estimate $0.000000; unknown requests retain their reservation.
2026-10-08T14:10:50.0636082Z Report: artifacts/codebase-audit/report.json
2026-10-08T14:10:50.1068132Z ##[group]Run pnpm build
2026-10-08T14:10:50.1068609Z [36;1mpnpm build[0m
2026-10-08T14:10:50.1172840Z shell: /usr/bin/bash -e {0}
2026-10-08T14:10:50.1173284Z env:
2026-10-08T14:10:50.1173735Z   PNPM_HOME: /home/runner/setup-pnpm/node_modules/.bin
2026-10-08T14:10:50.1174686Z ##[endgroup]
2026-10-08T14:10:50.4629404Z 
2026-10-08T14:10:50.4630247Z > cocreate@1.0.0 build /home/runner/work/Cocreate/Cocreate
2026-10-08T14:10:50.4631496Z > tsc --noEmit && vite build --configLoader runner
2026-10-08T14:10:50.4631929Z 
2026-10-08T14:10:58.7605699Z [36mvite v7.3.6 [32mbuilding client environment for production...[36m[39m
2026-10-08T14:10:58.8258539Z transforming...
2026-10-08T14:11:02.6434153Z [32m✓[39m 1749 modules transformed.
2026-10-08T14:11:02.8920320Z rendering chunks...
2026-10-08T14:11:03.1436527Z computing gzip size...
2026-10-08T14:11:03.1967143Z [2mdist/[22m[32mindex.html                           [39m[1m[2m  0.44 kB[22m[1m[22m[2m │ gzip:   0.30 kB[22m
2026-10-08T14:11:03.1968834Z [2mdist/[22m[2massets/[22m[35mApp-BqUO_rW7.css              [39m[1m[2m  2.56 kB[22m[1m[22m[2m │ gzip:   0.85 kB[22m
2026-10-08T14:11:03.2022976Z [2mdist/[22m[2massets/[22m[35mLandingPage-CNj4pefA.css      [39m[1m[2m 13.13 kB[22m[1m[22m[2m │ gzip:   2.95 kB[22m
2026-10-08T14:11:03.2024863Z [2mdist/[22m[2massets/[22m[35mindex-cyLHvudv.css            [39m[1m[2m 75.38 kB[22m[1m[22m[2m │ gzip:  14.48 kB[22m
2026-10-08T14:11:03.2026961Z [2mdist/[22m[2massets/[22m[36musers-S0nR_fpD.js             [39m[1m[2m  0.69 kB[22m[1m[22m[2m │ gzip:   0.39 kB[22m
2026-10-08T14:11:03.2028454Z [2mdist/[22m[2massets/[22m[36mcreateLucideIcon-DS0f-70M.js  [39m[1m[2m  0.89 kB[22m[1m[22m[2m │ gzip:   0.55 kB[22m
2026-10-08T14:11:03.2030447Z [2mdist/[22m[2massets/[22m[36mx-CYlEPbUI.js                 [39m[1m[2m  1.70 kB[22m[1m[22m[2m │ gzip:   0.78 kB[22m
2026-10-08T14:11:03.2032326Z [2mdist/[22m[2massets/[22m[36mLandingPage-CklZAjP2.js       [39m[1m[2m 15.33 kB[22m[1m[22m[2m │ gzip:   4.92 kB[22m
2026-10-08T14:11:03.2033663Z [2mdist/[22m[2massets/[22m[36mProjectApp-CEhcL8gy.js        [39m[1m[2m 29.68 kB[22m[1m[22m[2m │ gzip:   9.01 kB[22m
2026-10-08T14:11:03.2034352Z [33m
2026-10-08T14:11:03.2034843Z (!) Some chunks are larger than 500 kB after minification. Consider:
2026-10-08T14:11:03.2035673Z - Using dynamic import() to code-split the application
2026-10-08T14:11:03.2036946Z - Use build.rollupOptions.output.manualChunks to improve chunking: https://rollupjs.org/configuration-options/#output-manualchunks
2026-10-08T14:11:03.2038080Z - Adjust chunk size limit for this warning via build.chunkSizeWarningLimit.[39m
2026-10-08T14:11:03.2039146Z [2mdist/[22m[2massets/[22m[36mindex-5SCWldx6.js             [39m[1m[2m421.72 kB[22m[1m[22m[2m │ gzip: 121.23 kB[22m
2026-10-08T14:11:03.2040306Z [2mdist/[22m[2massets/[22m[36mApp-thYYHyMP.js               [39m[1m[33m583.75 kB[39m[22m[2m │ gzip: 185.76 kB[22m
2026-10-08T14:11:03.2041574Z [32m✓ built in 4.42s[39m
2026-10-08T14:11:03.2870241Z ##[group]Run node --input-type=module <<'NODE'
2026-10-08T14:11:03.2870652Z [36;1mnode --input-type=module <<'NODE'[0m
2026-10-08T14:11:03.2871308Z [36;1mimport fs from 'node:fs';[0m
2026-10-08T14:11:03.2871656Z [36;1mimport {spawnSync} from 'node:child_process';[0m
2026-10-08T14:11:03.2872187Z [36;1mconst {image_vars} = JSON.parse(fs.readFileSync('wrangler.jsonc', 'utf8')).containers[0];[0m
2026-10-08T14:11:03.2872952Z [36;1mconst names = ['VITE_COCREATE_AUTH_MODE', 'VITE_COCREATE_APP_ORIGIN', 'VITE_SUPABASE_URL', 'VITE_SUPABASE_PUBLISHABLE_KEY'];[0m
2026-10-08T14:11:03.2873584Z [36;1mconst args = ['build', '--tag', 'cocreate-check'];[0m
2026-10-08T14:11:03.2873929Z [36;1mfor (const name of names) {[0m
2026-10-08T14:11:03.2874395Z [36;1m  if (typeof image_vars[name] !== 'string') throw new Error(`Missing public build variable: ${name}`);[0m
2026-10-08T14:11:03.2874956Z [36;1m  args.push('--build-arg', `${name}=${image_vars[name]}`);[0m
2026-10-08T14:11:03.2875328Z [36;1m}[0m
2026-10-08T14:11:03.2875647Z [36;1mconst result = spawnSync('docker', [...args, '.'], {stdio: 'inherit'});[0m
2026-10-08T14:11:03.2876058Z [36;1mif (result.error) throw result.error;[0m
2026-10-08T14:11:03.2876595Z [36;1mprocess.exit(result.status ?? 1);[0m
2026-10-08T14:11:03.2876861Z [36;1mNODE[0m
2026-10-08T14:11:03.2948452Z shell: /usr/bin/bash -e {0}
2026-10-08T14:11:03.2948710Z env:
2026-10-08T14:11:03.2948964Z   PNPM_HOME: /home/runner/setup-pnpm/node_modules/.bin
2026-10-08T14:11:03.2949278Z ##[endgroup]
2026-10-08T14:11:07.0617602Z #0 building with "default" instance using docker driver
2026-10-08T14:11:07.0618096Z 
2026-10-08T14:11:07.0618367Z #1 [internal] load build definition from Dockerfile
2026-10-08T14:11:07.0618988Z #1 transferring dockerfile: 1.39kB done
2026-10-08T14:11:07.0619383Z #1 DONE 0.0s
2026-10-08T14:11:07.0619534Z 
2026-10-08T14:11:07.0619894Z #2 [internal] load metadata for docker.io/library/node:22-bookworm-slim
2026-10-08T14:11:07.2379698Z #2 ...
2026-10-08T14:11:07.2380067Z 
2026-10-08T14:11:07.2380682Z #3 [auth] library/node:pull token for registry-1.docker.io
2026-10-08T14:11:07.2381638Z #3 DONE 0.0s
2026-10-08T14:11:07.3886828Z 
2026-10-08T14:11:07.3887923Z #2 [internal] load metadata for docker.io/library/node:22-bookworm-slim
2026-10-08T14:11:07.7357317Z #2 DONE 0.8s
2026-10-08T14:11:07.8734525Z 
2026-10-08T14:11:07.8735441Z #4 [internal] load .dockerignore
2026-10-08T14:11:07.8736105Z #4 transferring context: 248B done
2026-10-08T14:11:07.8736724Z #4 DONE 0.0s
2026-10-08T14:11:07.8736942Z 
2026-10-08T14:11:07.8738027Z #5 [ 1/11] FROM docker.io/library/node:22-bookworm-slim@sha256:c3de60bf2f9dd0ac6370e6117950ff62d6e339527e7472301c9c78a017978392
2026-10-08T14:11:07.8758110Z #5 resolve docker.io/library/node:22-bookworm-slim@sha256:c3de60bf2f9dd0ac6370e6117950ff62d6e339527e7472301c9c78a017978392 done
2026-10-08T14:11:07.8762238Z #5 sha256:efd0ab5780c2d9ab1f0f869571a00d5edb17793bff4cce4a2792e3eb0ffc7562 1.93kB / 1.93kB done
2026-10-08T14:11:07.8765349Z #5 sha256:d0a16be756b6ec6658aecb8b7bcf87fa6c7d0d7fcc6ca53ad14bb49a4c90bdd7 6.77kB / 6.77kB done
2026-10-08T14:11:07.8772293Z #5 sha256:7fd1ebe418b5079d4aa36f416af9b143d127bc75b0155d71cb5fd559b5e04d39 0B / 28.25MB 0.1s
2026-10-08T14:11:07.8798767Z #5 sha256:f0400f4b55b0ad346bf6167a1b64a258e4d73db608c457798ce35e4ffeebfaaf 0B / 3.31kB 0.1s
2026-10-08T14:11:07.8800293Z #5 sha256:d22c69a95cf463f4cb74462bd2899597ce505d82bd4c01ceddf7845e12f13856 0B / 49.84MB 0.1s
2026-10-08T14:11:07.8801993Z #5 sha256:c3de60bf2f9dd0ac6370e6117950ff62d6e339527e7472301c9c78a017978392 5.22kB / 5.22kB done
2026-10-08T14:11:07.9754167Z #5 ...
2026-10-08T14:11:07.9754417Z 
2026-10-08T14:11:07.9754666Z #6 [internal] load build context
2026-10-08T14:11:07.9755078Z #6 transferring context: 21.18MB 0.2s done
2026-10-08T14:11:07.9755369Z #6 DONE 0.2s
2026-10-08T14:11:07.9755480Z 
2026-10-08T14:11:07.9756016Z #5 [ 1/11] FROM docker.io/library/node:22-bookworm-slim@sha256:c3de60bf2f9dd0ac6370e6117950ff62d6e339527e7472301c9c78a017978392
2026-10-08T14:11:07.9757231Z #5 sha256:7fd1ebe418b5079d4aa36f416af9b143d127bc75b0155d71cb5fd559b5e04d39 23.07MB / 28.25MB 0.2s
2026-10-08T14:11:07.9758030Z #5 sha256:f0400f4b55b0ad346bf6167a1b64a258e4d73db608c457798ce35e4ffeebfaaf 3.31kB / 3.31kB 0.1s done
2026-10-08T14:11:07.9758795Z #5 sha256:2cfab517365cfc6b4bd1f8c4cb01754884ef75bc38758b3c41e291c696f019f5 0B / 1.71MB 0.2s
2026-10-08T14:11:08.1570517Z #5 sha256:7fd1ebe418b5079d4aa36f416af9b143d127bc75b0155d71cb5fd559b5e04d39 28.25MB / 28.25MB 0.2s done
2026-10-08T14:11:08.1573855Z #5 sha256:d22c69a95cf463f4cb74462bd2899597ce505d82bd4c01ceddf7845e12f13856 19.92MB / 49.84MB 0.3s
2026-10-08T14:11:08.1575236Z #5 sha256:2cfab517365cfc6b4bd1f8c4cb01754884ef75bc38758b3c41e291c696f019f5 1.71MB / 1.71MB 0.3s done
2026-10-08T14:11:08.1576148Z #5 extracting sha256:7fd1ebe418b5079d4aa36f416af9b143d127bc75b0155d71cb5fd559b5e04d39 0.1s
2026-10-08T14:11:08.1578046Z #5 sha256:a8de9fa052209313d8e45435a8486e29b20eebaa820e2e7f63a7c3c94b4fa567 448B / 448B 0.3s done
2026-10-08T14:11:08.2684587Z #5 sha256:d22c69a95cf463f4cb74462bd2899597ce505d82bd4c01ceddf7845e12f13856 49.84MB / 49.84MB 0.4s
2026-10-08T14:11:08.3703108Z #5 sha256:d22c69a95cf463f4cb74462bd2899597ce505d82bd4c01ceddf7845e12f13856 49.84MB / 49.84MB 0.4s done
2026-10-08T14:11:09.1260655Z #5 extracting sha256:7fd1ebe418b5079d4aa36f416af9b143d127bc75b0155d71cb5fd559b5e04d39 1.1s done
2026-10-08T14:11:09.3021335Z #5 extracting sha256:f0400f4b55b0ad346bf6167a1b64a258e4d73db608c457798ce35e4ffeebfaaf done
2026-10-08T14:11:10.1107600Z #5 extracting sha256:d22c69a95cf463f4cb74462bd2899597ce505d82bd4c01ceddf7845e12f13856
2026-10-08T14:11:11.5034960Z #5 extracting sha256:d22c69a95cf463f4cb74462bd2899597ce505d82bd4c01ceddf7845e12f13856 1.3s done
2026-10-08T14:11:11.5036115Z #5 extracting sha256:2cfab517365cfc6b4bd1f8c4cb01754884ef75bc38758b3c41e291c696f019f5
2026-10-08T14:11:11.7363706Z #5 extracting sha256:2cfab517365cfc6b4bd1f8c4cb01754884ef75bc38758b3c41e291c696f019f5 0.0s done
2026-10-08T14:11:11.7365420Z #5 extracting sha256:a8de9fa052209313d8e45435a8486e29b20eebaa820e2e7f63a7c3c94b4fa567 done
2026-10-08T14:11:11.7366405Z #5 DONE 3.8s
2026-10-08T14:11:11.7366626Z 
2026-10-08T14:11:11.7366819Z #7 [ 2/11] WORKDIR /app
2026-10-08T14:11:11.7367220Z #7 DONE 0.0s
2026-10-08T14:11:11.7367690Z 
2026-10-08T14:11:11.7367962Z #8 [ 3/11] RUN corepack enable
2026-10-08T14:11:11.8345823Z #8 DONE 0.2s
2026-10-08T14:11:11.9863929Z 
2026-10-08T14:11:11.9865657Z #9 [ 4/11] RUN apt-get update && apt-get install -y --no-install-recommends bubblewrap util-linux chromium-headless-shell tini && rm -rf /var/lib/apt/lists/*
2026-10-08T14:11:12.0438289Z #9 0.208 Get:1 http://deb.debian.org/debian bookworm InRelease [151 kB]
2026-10-08T14:11:12.1481336Z #9 0.242 Get:2 http://deb.debian.org/debian bookworm-updates InRelease [55.4 kB]
2026-10-08T14:11:12.1482856Z #9 0.255 Get:3 http://deb.debian.org/debian-security bookworm-security InRelease [34.8 kB]
2026-10-08T14:11:12.1483820Z #9 0.312 Get:4 http://deb.debian.org/debian bookworm/main amd64 Packages [8790 kB]
2026-10-08T14:11:12.2606540Z #9 0.399 Get:5 http://deb.debian.org/debian bookworm-updates/main amd64 Packages [6924 B]
2026-10-08T14:11:12.2609119Z #9 0.425 Get:6 http://deb.debian.org/debian-security bookworm-security/main amd64 Packages [349 kB]
2026-10-08T14:11:13.0077883Z #9 1.172 Fetched 9388 kB in 1s (9371 kB/s)
2026-10-08T14:11:13.4444055Z #9 1.172 Reading package lists...
2026-10-08T14:11:13.9050473Z #9 1.627 Reading package lists...
2026-10-08T14:11:14.0336243Z #9 2.082 Building dependency tree...
2026-10-08T14:11:14.1404300Z #9 2.198 Reading state information...
2026-10-08T14:11:14.1405193Z #9 2.305 util-linux is already the newest version (2.38.1-5+deb12u3).
2026-10-08T14:11:14.1406189Z #9 2.305 util-linux set to manually installed.
2026-10-08T14:11:14.1407210Z #9 2.305 The following additional packages will be installed:
2026-10-08T14:11:14.2925846Z #9 2.305   at-spi2-common chromium-common fontconfig-config fonts-dejavu-core
2026-10-08T14:11:14.2927713Z #9 2.305   libasound2 libasound2-data libasyncns0 libatk1.0-0 libatspi2.0-0 libbrotli1
2026-10-08T14:11:14.2928907Z #9 2.305   libbsd0 libdav1d6 libdbus-1-3 libdouble-conversion3 libdrm-amdgpu1
2026-10-08T14:11:14.2930065Z #9 2.305   libdrm-common libdrm-intel1 libdrm-nouveau2 libdrm-radeon1 libdrm2 libedit2
2026-10-08T14:11:14.2931535Z #9 2.306   libelf1 libexpat1 libflac12 libfontconfig1 libfontenc1 libfreetype6 libgbm1
2026-10-08T14:11:14.2932704Z #9 2.306   libgl1 libgl1-mesa-dri libglapi-mesa libglib2.0-0 libglvnd0 libglx-mesa0
2026-10-08T14:11:14.2933877Z #9 2.306   libglx0 libgraphite2-3 libharfbuzz-subset0 libharfbuzz0b libice6 libicu72
2026-10-08T14:11:14.2935090Z #9 2.306   libjpeg62-turbo libllvm15 libminizip1 libmp3lame0 libmpg123-0 libnspr4
2026-10-08T14:11:14.2936230Z #9 2.306   libnss3 libogg0 libopenh264-7 libopus0 libpciaccess0 libpng16-16 libpulse0
2026-10-08T14:11:14.2937390Z #9 2.306   libsensors-config libsensors5 libsm6 libsndfile1 libsqlite3-0 libvorbis0a
2026-10-08T14:11:14.2938570Z #9 2.306   libvorbisenc2 libwayland-server0 libx11-6 libx11-data libx11-xcb1 libxau6
2026-10-08T14:11:14.2939660Z #9 2.306   libxaw7 libxcb-dri2-0 libxcb-dri3-0 libxcb-glx0 libxcb-present0
2026-10-08T14:11:14.2940973Z #9 2.306   libxcb-randr0 libxcb-shape0 libxcb-shm0 libxcb-sync1 libxcb-xfixes0 libxcb1
2026-10-08T14:11:14.2942473Z #9 2.306   libxcomposite1 libxdamage1 libxdmcp6 libxext6 libxfixes3 libxft2 libxi6
2026-10-08T14:11:14.2943651Z #9 2.306   libxinerama1 libxkbcommon0 libxkbfile1 libxml2 libxmu6 libxmuu1 libxnvctrl0
2026-10-08T14:11:14.2944792Z #9 2.306   libxpm4 libxrandr2 libxrender1 libxshmfence1 libxt6 libxtst6 libxv1
2026-10-08T14:11:14.2945899Z #9 2.306   libxxf86dga1 libxxf86vm1 libz3-4 x11-common x11-utils xdg-utils xkb-data
2026-10-08T14:11:14.2946676Z #9 2.307 Suggested packages:
2026-10-08T14:11:14.2947514Z #9 2.307   libasound2-plugins alsa-utils low-memory-monitor opus-tools pciutils
2026-10-08T14:11:14.2948362Z #9 2.307   pulseaudio lm-sensors mesa-utils
2026-10-08T14:11:14.2948940Z #9 2.307 Recommended packages:
2026-10-08T14:11:14.2949654Z #9 2.307   procps upower udev fonts-liberation notification-daemon
2026-10-08T14:11:14.2950911Z #9 2.307   system-config-printer alsa-ucm-conf alsa-topology-conf at-spi2-core dbus
2026-10-08T14:11:14.2952051Z #9 2.307   libglib2.0-data shared-mime-info xdg-user-dirs libfile-mimeinfo-perl
2026-10-08T14:11:14.2953074Z #9 2.307   libnet-dbus-perl libx11-protocol-perl x11-xserver-utils
2026-10-08T14:11:14.5228086Z #9 2.687 The following NEW packages will be installed:
2026-10-08T14:11:14.6413737Z #9 2.687   at-spi2-common bubblewrap chromium-common chromium-headless-shell
2026-10-08T14:11:14.6415358Z #9 2.688   fontconfig-config fonts-dejavu-core libasound2 libasound2-data libasyncns0
2026-10-08T14:11:14.6416856Z #9 2.688   libatk1.0-0 libatspi2.0-0 libbrotli1 libbsd0 libdav1d6 libdbus-1-3
2026-10-08T14:11:14.6418056Z #9 2.688   libdouble-conversion3 libdrm-amdgpu1 libdrm-common libdrm-intel1
2026-10-08T14:11:14.6419278Z #9 2.688   libdrm-nouveau2 libdrm-radeon1 libdrm2 libedit2 libelf1 libexpat1 libflac12
2026-10-08T14:11:14.6420989Z #9 2.688   libfontconfig1 libfontenc1 libfreetype6 libgbm1 libgl1 libgl1-mesa-dri
2026-10-08T14:11:14.6422493Z #9 2.688   libglapi-mesa libglib2.0-0 libglvnd0 libglx-mesa0 libglx0 libgraphite2-3
2026-10-08T14:11:14.6423816Z #9 2.688   libharfbuzz-subset0 libharfbuzz0b libice6 libicu72 libjpeg62-turbo libllvm15
2026-10-08T14:11:14.6425284Z #9 2.688   libminizip1 libmp3lame0 libmpg123-0 libnspr4 libnss3 libogg0 libopenh264-7
2026-10-08T14:11:14.6426738Z #9 2.688   libopus0 libpciaccess0 libpng16-16 libpulse0 libsensors-config libsensors5
2026-10-08T14:11:14.6427987Z #9 2.689   libsm6 libsndfile1 libsqlite3-0 libvorbis0a libvorbisenc2 libwayland-server0
2026-10-08T14:11:14.6429199Z #9 2.689   libx11-6 libx11-data libx11-xcb1 libxau6 libxaw7 libxcb-dri2-0 libxcb-dri3-0
2026-10-08T14:11:14.6430389Z #9 2.689   libxcb-glx0 libxcb-present0 libxcb-randr0 libxcb-shape0 libxcb-shm0
2026-10-08T14:11:14.6432138Z #9 2.689   libxcb-sync1 libxcb-xfixes0 libxcb1 libxcomposite1 libxdamage1 libxdmcp6
2026-10-08T14:11:14.6433424Z #9 2.689   libxext6 libxfixes3 libxft2 libxi6 libxinerama1 libxkbcommon0 libxkbfile1
2026-10-08T14:11:14.6434608Z #9 2.689   libxml2 libxmu6 libxmuu1 libxnvctrl0 libxpm4 libxrandr2 libxrender1
2026-10-08T14:11:14.6435758Z #9 2.689   libxshmfence1 libxt6 libxtst6 libxv1 libxxf86dga1 libxxf86vm1 libz3-4 tini
2026-10-08T14:11:14.6436651Z #9 2.689   x11-common x11-utils xdg-utils xkb-data
2026-10-08T14:11:14.6437514Z #9 2.734 0 upgraded, 107 newly installed, 0 to remove and 1 not upgraded.
2026-10-08T14:11:14.6438276Z #9 2.734 Need to get 160 MB of archives.
2026-10-08T14:11:14.6439116Z #9 2.734 After this operation, 551 MB of additional disk space will be used.
2026-10-08T14:11:14.6440352Z #9 2.734 Get:1 http://deb.debian.org/debian bookworm/main amd64 at-spi2-common all 2.46.0-5 [162 kB]
2026-10-08T14:11:14.6442106Z #9 2.770 Get:2 http://deb.debian.org/debian bookworm/main amd64 bubblewrap amd64 0.8.0-2+deb12u1 [47.3 kB]
2026-10-08T14:11:14.6443746Z #9 2.771 Get:3 http://deb.debian.org/debian-security bookworm-security/main amd64 libexpat1 amd64 2.5.0-1+deb12u4 [106 kB]
2026-10-08T14:11:14.6445197Z #9 2.774 Get:4 http://deb.debian.org/debian bookworm/main amd64 libbrotli1 amd64 1.0.9-2+b6 [275 kB]
2026-10-08T14:11:14.6447094Z #9 2.785 Get:5 http://deb.debian.org/debian-security bookworm-security/main amd64 libpng16-16 amd64 1.6.39-2+deb12u6 [277 kB]
2026-10-08T14:11:14.6448710Z #9 2.806 Get:6 http://deb.debian.org/debian bookworm/main amd64 libfreetype6 amd64 2.12.1+dfsg-5+deb12u4 [398 kB]
2026-10-08T14:11:14.7430208Z #9 2.809 Get:7 http://deb.debian.org/debian bookworm/main amd64 fonts-dejavu-core all 2.37-6 [1068 kB]
2026-10-08T14:11:14.7433093Z #9 2.822 Get:8 http://deb.debian.org/debian bookworm/main amd64 fontconfig-config amd64 2.14.1-4 [315 kB]
2026-10-08T14:11:14.7434996Z #9 2.824 Get:9 http://deb.debian.org/debian bookworm/main amd64 libfontconfig1 amd64 2.14.1-4 [386 kB]
2026-10-08T14:11:14.7437141Z #9 2.826 Get:10 http://deb.debian.org/debian bookworm/main amd64 libfontenc1 amd64 1:1.1.4-1 [24.3 kB]
2026-10-08T14:11:14.7439053Z #9 2.827 Get:11 http://deb.debian.org/debian bookworm/main amd64 libglvnd0 amd64 1.6.0-1 [51.8 kB]
2026-10-08T14:11:14.7440689Z #9 2.829 Get:12 http://deb.debian.org/debian bookworm/main amd64 libxau6 amd64 1:1.0.9-1 [19.7 kB]
2026-10-08T14:11:14.7443137Z #9 2.830 Get:13 http://deb.debian.org/debian bookworm/main amd64 libbsd0 amd64 0.11.7-2 [117 kB]
2026-10-08T14:11:14.7444768Z #9 2.830 Get:14 http://deb.debian.org/debian bookworm/main amd64 libxdmcp6 amd64 1:1.1.2-3 [26.3 kB]
2026-10-08T14:11:14.7446533Z #9 2.830 Get:15 http://deb.debian.org/debian bookworm/main amd64 libxcb1 amd64 1.15-1 [144 kB]
2026-10-08T14:11:14.7448130Z #9 2.830 Get:16 http://deb.debian.org/debian bookworm/main amd64 libx11-data all 2:1.8.4-2+deb12u2 [292 kB]
2026-10-08T14:11:14.7449775Z #9 2.841 Get:17 http://deb.debian.org/debian bookworm/main amd64 libx11-6 amd64 2:1.8.4-2+deb12u2 [760 kB]
2026-10-08T14:11:14.7451672Z #9 2.844 Get:18 http://deb.debian.org/debian bookworm/main amd64 libdrm-common all 2.4.114-1 [7112 B]
2026-10-08T14:11:14.7454278Z #9 2.854 Get:19 http://deb.debian.org/debian bookworm/main amd64 libdrm2 amd64 2.4.114-1+b1 [37.5 kB]
2026-10-08T14:11:14.7455847Z #9 2.855 Get:20 http://deb.debian.org/debian bookworm/main amd64 libglapi-mesa amd64 22.3.6-1+deb12u2 [35.9 kB]
2026-10-08T14:11:14.7458093Z #9 2.855 Get:21 http://deb.debian.org/debian bookworm/main amd64 libx11-xcb1 amd64 2:1.8.4-2+deb12u2 [192 kB]
2026-10-08T14:11:14.7459994Z #9 2.856 Get:22 http://deb.debian.org/debian bookworm/main amd64 libxcb-dri2-0 amd64 1.15-1 [107 kB]
2026-10-08T14:11:14.7462510Z #9 2.857 Get:23 http://deb.debian.org/debian bookworm/main amd64 libxcb-dri3-0 amd64 1.15-1 [107 kB]
2026-10-08T14:11:14.7464229Z #9 2.858 Get:24 http://deb.debian.org/debian bookworm/main amd64 libxcb-glx0 amd64 1.15-1 [122 kB]
2026-10-08T14:11:14.7465154Z #9 2.859 Get:25 http://deb.debian.org/debian bookworm/main amd64 libxcb-present0 amd64 1.15-1 [105 kB]
2026-10-08T14:11:14.7466315Z #9 2.859 Get:26 http://deb.debian.org/debian bookworm/main amd64 libxcb-randr0 amd64 1.15-1 [117 kB]
2026-10-08T14:11:14.7467187Z #9 2.868 Get:27 http://deb.debian.org/debian bookworm/main amd64 libxcb-shm0 amd64 1.15-1 [105 kB]
2026-10-08T14:11:14.7468055Z #9 2.869 Get:28 http://deb.debian.org/debian bookworm/main amd64 libxcb-sync1 amd64 1.15-1 [109 kB]
2026-10-08T14:11:14.7468904Z #9 2.881 Get:29 http://deb.debian.org/debian bookworm/main amd64 libxcb-xfixes0 amd64 1.15-1 [109 kB]
2026-10-08T14:11:14.7469695Z #9 2.882 Get:30 http://deb.debian.org/debian bookworm/main amd64 libxext6 amd64 2:1.3.4-1+b1 [52.9 kB]
2026-10-08T14:11:14.7470444Z #9 2.883 Get:31 http://deb.debian.org/debian bookworm/main amd64 libxfixes3 amd64 1:6.0.0-2 [22.7 kB]
2026-10-08T14:11:14.7471465Z #9 2.883 Get:32 http://deb.debian.org/debian bookworm/main amd64 libxshmfence1 amd64 1.3-1 [8820 B]
2026-10-08T14:11:14.7472209Z #9 2.883 Get:33 http://deb.debian.org/debian bookworm/main amd64 libxxf86vm1 amd64 1:1.1.4-1+b2 [20.8 kB]
2026-10-08T14:11:14.7472980Z #9 2.884 Get:34 http://deb.debian.org/debian bookworm/main amd64 libdrm-amdgpu1 amd64 2.4.114-1+b1 [20.9 kB]
2026-10-08T14:11:14.7473726Z #9 2.884 Get:35 http://deb.debian.org/debian bookworm/main amd64 libpciaccess0 amd64 0.17-2 [51.4 kB]
2026-10-08T14:11:14.7474668Z #9 2.885 Get:36 http://deb.debian.org/debian bookworm/main amd64 libdrm-intel1 amd64 2.4.114-1+b1 [64.0 kB]
2026-10-08T14:11:14.7475468Z #9 2.894 Get:37 http://deb.debian.org/debian bookworm/main amd64 libdrm-nouveau2 amd64 2.4.114-1+b1 [19.1 kB]
2026-10-08T14:11:14.7476268Z #9 2.895 Get:38 http://deb.debian.org/debian bookworm/main amd64 libdrm-radeon1 amd64 2.4.114-1+b1 [21.8 kB]
2026-10-08T14:11:14.7477009Z #9 2.908 Get:39 http://deb.debian.org/debian bookworm/main amd64 libelf1 amd64 0.188-2.1 [174 kB]
2026-10-08T14:11:14.9248262Z #9 2.910 Get:40 http://deb.debian.org/debian bookworm/main amd64 libedit2 amd64 3.1-20221030-2 [93.0 kB]
2026-10-08T14:11:14.9249992Z #9 2.911 Get:41 http://deb.debian.org/debian bookworm/main amd64 libicu72 amd64 72.1-3+deb12u1 [9376 kB]
2026-10-08T14:11:14.9251638Z #9 2.956 Get:42 http://deb.debian.org/debian bookworm/main amd64 libxml2 amd64 2.9.14+dfsg-1.3~deb12u6 [689 kB]
2026-10-08T14:11:14.9252941Z #9 2.959 Get:43 http://deb.debian.org/debian bookworm/main amd64 libz3-4 amd64 4.8.12-3.1 [7216 kB]
2026-10-08T14:11:14.9254072Z #9 2.992 Get:44 http://deb.debian.org/debian bookworm/main amd64 libllvm15 amd64 1:15.0.6-4+b1 [23.1 MB]
2026-10-08T14:11:14.9257048Z #9 3.089 Get:45 http://deb.debian.org/debian bookworm/main amd64 libsensors-config all 1:3.6.0-7.1 [14.3 kB]
2026-10-08T14:11:15.1228344Z #9 3.090 Get:46 http://deb.debian.org/debian bookworm/main amd64 libsensors5 amd64 1:3.6.0-7.1 [34.2 kB]
2026-10-08T14:11:15.1229849Z #9 3.091 Get:47 http://deb.debian.org/debian bookworm/main amd64 libgl1-mesa-dri amd64 22.3.6-1+deb12u2 [7240 kB]
2026-10-08T14:11:15.1231578Z #9 3.121 Get:48 http://deb.debian.org/debian bookworm/main amd64 libglx-mesa0 amd64 22.3.6-1+deb12u2 [148 kB]
2026-10-08T14:11:15.1232968Z #9 3.121 Get:49 http://deb.debian.org/debian bookworm/main amd64 libglx0 amd64 1.6.0-1 [34.4 kB]
2026-10-08T14:11:15.1234263Z #9 3.122 Get:50 http://deb.debian.org/debian bookworm/main amd64 libgl1 amd64 1.6.0-1 [88.4 kB]
2026-10-08T14:11:15.1235625Z #9 3.122 Get:51 http://deb.debian.org/debian bookworm/main amd64 x11-common all 1:7.7+23 [252 kB]
2026-10-08T14:11:15.1236913Z #9 3.124 Get:52 http://deb.debian.org/debian bookworm/main amd64 libice6 amd64 2:1.0.10-1 [58.5 kB]
2026-10-08T14:11:15.1238106Z #9 3.124 Get:53 http://deb.debian.org/debian bookworm/main amd64 libsm6 amd64 2:1.2.3-1 [35.1 kB]
2026-10-08T14:11:15.1239327Z #9 3.125 Get:54 http://deb.debian.org/debian bookworm/main amd64 libxt6 amd64 1:1.2.1-1.1 [186 kB]
2026-10-08T14:11:15.1240519Z #9 3.125 Get:55 http://deb.debian.org/debian bookworm/main amd64 libxmu6 amd64 2:1.1.3-3 [60.1 kB]
2026-10-08T14:11:15.1242082Z #9 3.126 Get:56 http://deb.debian.org/debian bookworm/main amd64 libxpm4 amd64 1:3.5.12-1.1+deb12u1 [48.6 kB]
2026-10-08T14:11:15.1243685Z #9 3.135 Get:57 http://deb.debian.org/debian bookworm/main amd64 libxaw7 amd64 2:1.0.14-1 [201 kB]
2026-10-08T14:11:15.1244959Z #9 3.148 Get:58 http://deb.debian.org/debian bookworm/main amd64 libxcb-shape0 amd64 1.15-1 [106 kB]
2026-10-08T14:11:15.1246335Z #9 3.149 Get:59 http://deb.debian.org/debian bookworm/main amd64 libxcomposite1 amd64 1:0.4.5-1 [16.6 kB]
2026-10-08T14:11:15.1247676Z #9 3.150 Get:60 http://deb.debian.org/debian bookworm/main amd64 libxrender1 amd64 1:0.9.10-1.1 [33.2 kB]
2026-10-08T14:11:15.1248928Z #9 3.151 Get:61 http://deb.debian.org/debian bookworm/main amd64 libxft2 amd64 2.3.6-1 [61.8 kB]
2026-10-08T14:11:15.1250119Z #9 3.152 Get:62 http://deb.debian.org/debian bookworm/main amd64 libxi6 amd64 2:1.8-1+b1 [84.2 kB]
2026-10-08T14:11:15.1251623Z #9 3.152 Get:63 http://deb.debian.org/debian bookworm/main amd64 libxinerama1 amd64 2:1.1.4-3 [17.8 kB]
2026-10-08T14:11:15.1252919Z #9 3.153 Get:64 http://deb.debian.org/debian bookworm/main amd64 libxkbfile1 amd64 1:1.1.0-1 [75.2 kB]
2026-10-08T14:11:15.1254185Z #9 3.153 Get:65 http://deb.debian.org/debian bookworm/main amd64 libxmuu1 amd64 2:1.1.3-3 [23.9 kB]
2026-10-08T14:11:15.1255457Z #9 3.154 Get:66 http://deb.debian.org/debian bookworm/main amd64 libxrandr2 amd64 2:1.5.2-2+b1 [39.2 kB]
2026-10-08T14:11:15.1256942Z #9 3.162 Get:67 http://deb.debian.org/debian bookworm/main amd64 libxtst6 amd64 2:1.2.3-1.1 [28.0 kB]
2026-10-08T14:11:15.1258210Z #9 3.175 Get:68 http://deb.debian.org/debian bookworm/main amd64 libxv1 amd64 2:1.0.11-1.1 [24.8 kB]
2026-10-08T14:11:15.1259425Z #9 3.176 Get:69 http://deb.debian.org/debian bookworm/main amd64 libxxf86dga1 amd64 2:1.1.5-1 [22.1 kB]
2026-10-08T14:11:15.1260670Z #9 3.176 Get:70 http://deb.debian.org/debian bookworm/main amd64 x11-utils amd64 7.7+5 [202 kB]
2026-10-08T14:11:15.1262053Z #9 3.178 Get:71 http://deb.debian.org/debian bookworm/main amd64 xdg-utils all 1.1.3-4.1 [75.5 kB]
2026-10-08T14:11:15.1263643Z #9 3.179 Get:72 http://deb.debian.org/debian-security bookworm-security/main amd64 chromium-common amd64 154.0.8037.92-1~deb12u1 [30.5 MB]
2026-10-08T14:11:15.1265119Z #9 3.287 Get:73 http://deb.debian.org/debian bookworm/main amd64 libasound2-data all 1.2.8-1 [20.5 kB]
2026-10-08T14:11:15.1266406Z #9 3.287 Get:74 http://deb.debian.org/debian bookworm/main amd64 libasound2 amd64 1.2.8-1+b1 [362 kB]
2026-10-08T14:11:15.2313451Z #9 3.289 Get:75 http://deb.debian.org/debian bookworm/main amd64 libglib2.0-0 amd64 2.74.6-2+deb12u9 [1403 kB]
2026-10-08T14:11:15.2315374Z #9 3.295 Get:76 http://deb.debian.org/debian bookworm/main amd64 libatk1.0-0 amd64 2.46.0-5 [49.6 kB]
2026-10-08T14:11:15.2316873Z #9 3.295 Get:77 http://deb.debian.org/debian bookworm/main amd64 libdbus-1-3 amd64 1.14.10-1~deb12u1 [201 kB]
2026-10-08T14:11:15.2318163Z #9 3.296 Get:78 http://deb.debian.org/debian bookworm/main amd64 libatspi2.0-0 amd64 2.46.0-5 [75.4 kB]
2026-10-08T14:11:15.2319397Z #9 3.300 Get:79 http://deb.debian.org/debian bookworm/main amd64 libdav1d6 amd64 1.0.0-2+deb12u1 [513 kB]
2026-10-08T14:11:15.2320248Z #9 3.302 Get:80 http://deb.debian.org/debian bookworm/main amd64 libdouble-conversion3 amd64 3.2.1-1 [41.5 kB]
2026-10-08T14:11:15.2321320Z #9 3.303 Get:81 http://deb.debian.org/debian bookworm/main amd64 libogg0 amd64 1.3.5-3 [23.4 kB]
2026-10-08T14:11:15.2322070Z #9 3.303 Get:82 http://deb.debian.org/debian bookworm/main amd64 libflac12 amd64 1.4.2+ds-2 [198 kB]
2026-10-08T14:11:15.2322861Z #9 3.311 Get:83 http://deb.debian.org/debian bookworm/main amd64 libwayland-server0 amd64 1.21.0-1 [35.9 kB]
2026-10-08T14:11:15.2323636Z #9 3.312 Get:84 http://deb.debian.org/debian bookworm/main amd64 libgbm1 amd64 22.3.6-1+deb12u2 [38.1 kB]
2026-10-08T14:11:15.2324424Z #9 3.313 Get:85 http://deb.debian.org/debian bookworm/main amd64 libgraphite2-3 amd64 1.3.14-1+deb12u1 [74.6 kB]
2026-10-08T14:11:15.2325216Z #9 3.328 Get:86 http://deb.debian.org/debian bookworm/main amd64 libharfbuzz0b amd64 6.0.0+dfsg-3 [1945 kB]
2026-10-08T14:11:15.2326462Z #9 3.338 Get:87 http://deb.debian.org/debian bookworm/main amd64 libharfbuzz-subset0 amd64 6.0.0+dfsg-3 [1931 kB]
2026-10-08T14:11:15.2328057Z #9 3.353 Get:88 http://deb.debian.org/debian bookworm/main amd64 libjpeg62-turbo amd64 1:2.1.5-2 [166 kB]
2026-10-08T14:11:15.2328874Z #9 3.354 Get:89 http://deb.debian.org/debian bookworm/main amd64 libminizip1 amd64 1.1-8+deb12u1 [20.1 kB]
2026-10-08T14:11:15.2329613Z #9 3.355 Get:90 http://deb.debian.org/debian bookworm/main amd64 libnspr4 amd64 2:4.35-1 [113 kB]
2026-10-08T14:11:15.2330359Z #9 3.356 Get:91 http://deb.debian.org/debian bookworm/main amd64 libsqlite3-0 amd64 3.40.1-2+deb12u2 [839 kB]
2026-10-08T14:11:15.2331573Z #9 3.359 Get:92 http://deb.debian.org/debian-security bookworm-security/main amd64 libnss3 amd64 2:3.87.1-1+deb12u4 [1331 kB]
2026-10-08T14:11:15.2332605Z #9 3.376 Get:93 http://deb.debian.org/debian bookworm/main amd64 libopenh264-7 amd64 2.3.1+dfsg-3+deb12u2 [393 kB]
2026-10-08T14:11:15.2333369Z #9 3.378 Get:94 http://deb.debian.org/debian bookworm/main amd64 libopus0 amd64 1.3.1-3 [195 kB]
2026-10-08T14:11:15.2334090Z #9 3.379 Get:95 http://deb.debian.org/debian bookworm/main amd64 libasyncns0 amd64 0.8-6+b3 [12.9 kB]
2026-10-08T14:11:15.2334808Z #9 3.380 Get:96 http://deb.debian.org/debian bookworm/main amd64 libmp3lame0 amd64 3.100-6 [365 kB]
2026-10-08T14:11:15.2336105Z #9 3.381 Get:97 http://deb.debian.org/debian bookworm/main amd64 libmpg123-0 amd64 1.31.2-1+deb12u1 [147 kB]
2026-10-08T14:11:15.2336849Z #9 3.382 Get:98 http://deb.debian.org/debian bookworm/main amd64 libvorbis0a amd64 1.3.7-1 [93.0 kB]
2026-10-08T14:11:15.2337687Z #9 3.383 Get:99 http://deb.debian.org/debian bookworm/main amd64 libvorbisenc2 amd64 1.3.7-1 [80.6 kB]
2026-10-08T14:11:15.2338785Z #9 3.384 Get:100 http://deb.debian.org/debian bookworm/main amd64 libsndfile1 amd64 1.2.0-1+deb12u1 [197 kB]
2026-10-08T14:11:15.2339566Z #9 3.385 Get:101 http://deb.debian.org/debian bookworm/main amd64 libpulse0 amd64 16.1+dfsg1-2+b1 [274 kB]
2026-10-08T14:11:15.2340322Z #9 3.386 Get:102 http://deb.debian.org/debian bookworm/main amd64 libxdamage1 amd64 1:1.1.6-1 [15.1 kB]
2026-10-08T14:11:15.2341695Z #9 3.396 Get:103 http://deb.debian.org/debian bookworm/main amd64 xkb-data all 2.35.1-1 [764 kB]
2026-10-08T14:11:15.3863681Z #9 3.399 Get:104 http://deb.debian.org/debian bookworm/main amd64 libxkbcommon0 amd64 1.5.0-1 [106 kB]
2026-10-08T14:11:15.3864794Z #9 3.400 Get:105 http://deb.debian.org/debian bookworm/main amd64 libxnvctrl0 amd64 525.85.05-3~deb12u1 [13.5 kB]
2026-10-08T14:11:15.3865887Z #9 3.400 Get:106 http://deb.debian.org/debian-security bookworm-security/main amd64 chromium-headless-shell amd64 154.0.8037.92-1~deb12u1 [61.2 MB]
2026-10-08T14:11:15.4062180Z #9 3.570 Get:107 http://deb.debian.org/debian bookworm/main amd64 tini amd64 0.19.0-1+b3 [267 kB]
2026-10-08T14:11:15.5138604Z #9 3.678 debconf: delaying package configuration, since apt-utils is not installed
2026-10-08T14:11:15.6161208Z #9 3.708 Fetched 160 MB in 1s (183 MB/s)
2026-10-08T14:11:15.6162230Z #9 3.722 Selecting previously unselected package at-spi2-common.
2026-10-08T14:11:15.6163064Z #9 3.722 (Reading database ... 
2026-10-08T14:11:15.6163575Z (Reading database ... 5%
2026-10-08T14:11:15.6164045Z (Reading database ... 10%
2026-10-08T14:11:15.6164502Z (Reading database ... 15%
2026-10-08T14:11:15.6165060Z (Reading database ... 20%
2026-10-08T14:11:15.6165525Z (Reading database ... 25%
2026-10-08T14:11:15.6165971Z (Reading database ... 30%
2026-10-08T14:11:15.6166404Z (Reading database ... 35%
2026-10-08T14:11:15.6166851Z (Reading database ... 40%
2026-10-08T14:11:15.6167287Z (Reading database ... 45%
2026-10-08T14:11:15.6167723Z (Reading database ... 50%
2026-10-08T14:11:15.6168155Z (Reading database ... 55%
2026-10-08T14:11:15.6168593Z (Reading database ... 60%
2026-10-08T14:11:15.6169027Z (Reading database ... 65%
2026-10-08T14:11:15.6169460Z (Reading database ... 70%
2026-10-08T14:11:15.6169897Z (Reading database ... 75%
2026-10-08T14:11:15.6170340Z (Reading database ... 80%
2026-10-08T14:11:15.6170968Z (Reading database ... 85%
2026-10-08T14:11:15.6171433Z (Reading database ... 90%
2026-10-08T14:11:15.6172197Z (Reading database ... 95%
2026-10-08T14:11:15.6172696Z (Reading database ... 100%
2026-10-08T14:11:15.6173457Z (Reading database ... 6096 files and directories currently installed.)
2026-10-08T14:11:15.6174622Z #9 3.729 Preparing to unpack .../000-at-spi2-common_2.46.0-5_all.deb ...
2026-10-08T14:11:15.6175682Z #9 3.730 Unpacking at-spi2-common (2.46.0-5) ...
2026-10-08T14:11:15.6176413Z #9 3.760 Selecting previously unselected package bubblewrap.
2026-10-08T14:11:15.6177493Z #9 3.762 Preparing to unpack .../001-bubblewrap_0.8.0-2+deb12u1_amd64.deb ...
2026-10-08T14:11:15.6178334Z #9 3.762 Unpacking bubblewrap (0.8.0-2+deb12u1) ...
2026-10-08T14:11:15.6179204Z #9 3.781 Selecting previously unselected package libexpat1:amd64.
2026-10-08T14:11:15.7427667Z #9 3.782 Preparing to unpack .../002-libexpat1_2.5.0-1+deb12u4_amd64.deb ...
2026-10-08T14:11:15.7428609Z #9 3.784 Unpacking libexpat1:amd64 (2.5.0-1+deb12u4) ...
2026-10-08T14:11:15.7429447Z #9 3.807 Selecting previously unselected package libbrotli1:amd64.
2026-10-08T14:11:15.7430324Z #9 3.808 Preparing to unpack .../003-libbrotli1_1.0.9-2+b6_amd64.deb ...
2026-10-08T14:11:15.7431310Z #9 3.809 Unpacking libbrotli1:amd64 (1.0.9-2+b6) ...
2026-10-08T14:11:15.7432445Z #9 3.840 Selecting previously unselected package libpng16-16:amd64.
2026-10-08T14:11:15.7433386Z #9 3.841 Preparing to unpack .../004-libpng16-16_1.6.39-2+deb12u6_amd64.deb ...
2026-10-08T14:11:15.7434220Z #9 3.842 Unpacking libpng16-16:amd64 (1.6.39-2+deb12u6) ...
2026-10-08T14:11:15.7435011Z #9 3.868 Selecting previously unselected package libfreetype6:amd64.
2026-10-08T14:11:15.7435976Z #9 3.869 Preparing to unpack .../005-libfreetype6_2.12.1+dfsg-5+deb12u4_amd64.deb ...
2026-10-08T14:11:15.7436893Z #9 3.870 Unpacking libfreetype6:amd64 (2.12.1+dfsg-5+deb12u4) ...
2026-10-08T14:11:15.7437737Z #9 3.907 Selecting previously unselected package fonts-dejavu-core.
2026-10-08T14:11:15.9329218Z #9 3.909 Preparing to unpack .../006-fonts-dejavu-core_2.37-6_all.deb ...
2026-10-08T14:11:15.9329916Z #9 3.910 Unpacking fonts-dejavu-core (2.37-6) ...
2026-10-08T14:11:15.9330431Z #9 3.995 Selecting previously unselected package fontconfig-config.
2026-10-08T14:11:15.9331381Z #9 3.997 Preparing to unpack .../007-fontconfig-config_2.14.1-4_amd64.deb ...
2026-10-08T14:11:15.9331921Z #9 4.097 Unpacking fontconfig-config (2.14.1-4) ...
2026-10-08T14:11:16.0427211Z #9 4.127 Selecting previously unselected package libfontconfig1:amd64.
2026-10-08T14:11:16.0428232Z #9 4.128 Preparing to unpack .../008-libfontconfig1_2.14.1-4_amd64.deb ...
2026-10-08T14:11:16.0429001Z #9 4.129 Unpacking libfontconfig1:amd64 (2.14.1-4) ...
2026-10-08T14:11:16.0429744Z #9 4.152 Selecting previously unselected package libfontenc1:amd64.
2026-10-08T14:11:16.0430562Z #9 4.153 Preparing to unpack .../009-libfontenc1_1%3a1.1.4-1_amd64.deb ...
2026-10-08T14:11:16.0431560Z #9 4.154 Unpacking libfontenc1:amd64 (1:1.1.4-1) ...
2026-10-08T14:11:16.0432262Z #9 4.168 Selecting previously unselected package libglvnd0:amd64.
2026-10-08T14:11:16.0433074Z #9 4.170 Preparing to unpack .../010-libglvnd0_1.6.0-1_amd64.deb ...
2026-10-08T14:11:16.0433742Z #9 4.170 Unpacking libglvnd0:amd64 (1.6.0-1) ...
2026-10-08T14:11:16.0434405Z #9 4.191 Selecting previously unselected package libxau6:amd64.
2026-10-08T14:11:16.0435189Z #9 4.192 Preparing to unpack .../011-libxau6_1%3a1.0.9-1_amd64.deb ...
2026-10-08T14:11:16.0435846Z #9 4.193 Unpacking libxau6:amd64 (1:1.0.9-1) ...
2026-10-08T14:11:16.0436492Z #9 4.207 Selecting previously unselected package libbsd0:amd64.
2026-10-08T14:11:16.1693399Z #9 4.209 Preparing to unpack .../012-libbsd0_0.11.7-2_amd64.deb ...
2026-10-08T14:11:16.1694203Z #9 4.210 Unpacking libbsd0:amd64 (0.11.7-2) ...
2026-10-08T14:11:16.1694952Z #9 4.230 Selecting previously unselected package libxdmcp6:amd64.
2026-10-08T14:11:16.1695772Z #9 4.232 Preparing to unpack .../013-libxdmcp6_1%3a1.1.2-3_amd64.deb ...
2026-10-08T14:11:16.1696482Z #9 4.233 Unpacking libxdmcp6:amd64 (1:1.1.2-3) ...
2026-10-08T14:11:16.1697503Z #9 4.250 Selecting previously unselected package libxcb1:amd64.
2026-10-08T14:11:16.1698274Z #9 4.252 Preparing to unpack .../014-libxcb1_1.15-1_amd64.deb ...
2026-10-08T14:11:16.1698903Z #9 4.253 Unpacking libxcb1:amd64 (1.15-1) ...
2026-10-08T14:11:16.1699561Z #9 4.271 Selecting previously unselected package libx11-data.
2026-10-08T14:11:16.1700376Z #9 4.272 Preparing to unpack .../015-libx11-data_2%3a1.8.4-2+deb12u2_all.deb ...
2026-10-08T14:11:16.1701353Z #9 4.273 Unpacking libx11-data (2:1.8.4-2+deb12u2) ...
2026-10-08T14:11:16.1702035Z #9 4.334 Selecting previously unselected package libx11-6:amd64.
2026-10-08T14:11:16.2784530Z #9 4.336 Preparing to unpack .../016-libx11-6_2%3a1.8.4-2+deb12u2_amd64.deb ...
2026-10-08T14:11:16.2785798Z #9 4.336 Unpacking libx11-6:amd64 (2:1.8.4-2+deb12u2) ...
2026-10-08T14:11:16.2786847Z #9 4.388 Selecting previously unselected package libdrm-common.
2026-10-08T14:11:16.2787859Z #9 4.390 Preparing to unpack .../017-libdrm-common_2.4.114-1_all.deb ...
2026-10-08T14:11:16.2788442Z #9 4.390 Unpacking libdrm-common (2.4.114-1) ...
2026-10-08T14:11:16.2788952Z #9 4.405 Selecting previously unselected package libdrm2:amd64.
2026-10-08T14:11:16.2789523Z #9 4.406 Preparing to unpack .../018-libdrm2_2.4.114-1+b1_amd64.deb ...
2026-10-08T14:11:16.2790349Z #9 4.407 Unpacking libdrm2:amd64 (2.4.114-1+b1) ...
2026-10-08T14:11:16.2791307Z #9 4.422 Selecting previously unselected package libglapi-mesa:amd64.
2026-10-08T14:11:16.2792000Z #9 4.423 Preparing to unpack .../019-libglapi-mesa_22.3.6-1+deb12u2_amd64.deb ...
2026-10-08T14:11:16.2792610Z #9 4.424 Unpacking libglapi-mesa:amd64 (22.3.6-1+deb12u2) ...
2026-10-08T14:11:16.2793166Z #9 4.443 Selecting previously unselected package libx11-xcb1:amd64.
2026-10-08T14:11:16.3889026Z #9 4.445 Preparing to unpack .../020-libx11-xcb1_2%3a1.8.4-2+deb12u2_amd64.deb ...
2026-10-08T14:11:16.3889683Z #9 4.445 Unpacking libx11-xcb1:amd64 (2:1.8.4-2+deb12u2) ...
2026-10-08T14:11:16.3890203Z #9 4.463 Selecting previously unselected package libxcb-dri2-0:amd64.
2026-10-08T14:11:16.3891094Z #9 4.464 Preparing to unpack .../021-libxcb-dri2-0_1.15-1_amd64.deb ...
2026-10-08T14:11:16.3891627Z #9 4.465 Unpacking libxcb-dri2-0:amd64 (1.15-1) ...
2026-10-08T14:11:16.3892127Z #9 4.486 Selecting previously unselected package libxcb-dri3-0:amd64.
2026-10-08T14:11:16.3892682Z #9 4.488 Preparing to unpack .../022-libxcb-dri3-0_1.15-1_amd64.deb ...
2026-10-08T14:11:16.3893135Z #9 4.489 Unpacking libxcb-dri3-0:amd64 (1.15-1) ...
2026-10-08T14:11:16.3893600Z #9 4.508 Selecting previously unselected package libxcb-glx0:amd64.
2026-10-08T14:11:16.3894124Z #9 4.510 Preparing to unpack .../023-libxcb-glx0_1.15-1_amd64.deb ...
2026-10-08T14:11:16.3894585Z #9 4.510 Unpacking libxcb-glx0:amd64 (1.15-1) ...
2026-10-08T14:11:16.3895077Z #9 4.531 Selecting previously unselected package libxcb-present0:amd64.
2026-10-08T14:11:16.3895638Z #9 4.532 Preparing to unpack .../024-libxcb-present0_1.15-1_amd64.deb ...
2026-10-08T14:11:16.3896113Z #9 4.533 Unpacking libxcb-present0:amd64 (1.15-1) ...
2026-10-08T14:11:16.3896595Z #9 4.553 Selecting previously unselected package libxcb-randr0:amd64.
2026-10-08T14:11:16.5016642Z #9 4.555 Preparing to unpack .../025-libxcb-randr0_1.15-1_amd64.deb ...
2026-10-08T14:11:16.5017487Z #9 4.556 Unpacking libxcb-randr0:amd64 (1.15-1) ...
2026-10-08T14:11:16.5018021Z #9 4.580 Selecting previously unselected package libxcb-shm0:amd64.
2026-10-08T14:11:16.5018584Z #9 4.581 Preparing to unpack .../026-libxcb-shm0_1.15-1_amd64.deb ...
2026-10-08T14:11:16.5019068Z #9 4.582 Unpacking libxcb-shm0:amd64 (1.15-1) ...
2026-10-08T14:11:16.5019538Z #9 4.602 Selecting previously unselected package libxcb-sync1:amd64.
2026-10-08T14:11:16.5020066Z #9 4.604 Preparing to unpack .../027-libxcb-sync1_1.15-1_amd64.deb ...
2026-10-08T14:11:16.5020516Z #9 4.605 Unpacking libxcb-sync1:amd64 (1.15-1) ...
2026-10-08T14:11:16.5021363Z #9 4.624 Selecting previously unselected package libxcb-xfixes0:amd64.
2026-10-08T14:11:16.5022248Z #9 4.626 Preparing to unpack .../028-libxcb-xfixes0_1.15-1_amd64.deb ...
2026-10-08T14:11:16.5022751Z #9 4.626 Unpacking libxcb-xfixes0:amd64 (1.15-1) ...
2026-10-08T14:11:16.5023230Z #9 4.646 Selecting previously unselected package libxext6:amd64.
2026-10-08T14:11:16.5023778Z #9 4.648 Preparing to unpack .../029-libxext6_2%3a1.3.4-1+b1_amd64.deb ...
2026-10-08T14:11:16.5024285Z #9 4.649 Unpacking libxext6:amd64 (2:1.3.4-1+b1) ...
2026-10-08T14:11:16.5024766Z #9 4.666 Selecting previously unselected package libxfixes3:amd64.
2026-10-08T14:11:16.6094950Z #9 4.668 Preparing to unpack .../030-libxfixes3_1%3a6.0.0-2_amd64.deb ...
2026-10-08T14:11:16.6095533Z #9 4.669 Unpacking libxfixes3:amd64 (1:6.0.0-2) ...
2026-10-08T14:11:16.6096050Z #9 4.683 Selecting previously unselected package libxshmfence1:amd64.
2026-10-08T14:11:16.6096619Z #9 4.685 Preparing to unpack .../031-libxshmfence1_1.3-1_amd64.deb ...
2026-10-08T14:11:16.6097092Z #9 4.688 Unpacking libxshmfence1:amd64 (1.3-1) ...
2026-10-08T14:11:16.6097580Z #9 4.702 Selecting previously unselected package libxxf86vm1:amd64.
2026-10-08T14:11:16.6098184Z #9 4.703 Preparing to unpack .../032-libxxf86vm1_1%3a1.1.4-1+b2_amd64.deb ...
2026-10-08T14:11:16.6098693Z #9 4.704 Unpacking libxxf86vm1:amd64 (1:1.1.4-1+b2) ...
2026-10-08T14:11:16.6099213Z #9 4.719 Selecting previously unselected package libdrm-amdgpu1:amd64.
2026-10-08T14:11:16.6100178Z #9 4.721 Preparing to unpack .../033-libdrm-amdgpu1_2.4.114-1+b1_amd64.deb ...
2026-10-08T14:11:16.6101015Z #9 4.722 Unpacking libdrm-amdgpu1:amd64 (2.4.114-1+b1) ...
2026-10-08T14:11:16.6101595Z #9 4.736 Selecting previously unselected package libpciaccess0:amd64.
2026-10-08T14:11:16.6102168Z #9 4.737 Preparing to unpack .../034-libpciaccess0_0.17-2_amd64.deb ...
2026-10-08T14:11:16.6102648Z #9 4.738 Unpacking libpciaccess0:amd64 (0.17-2) ...
2026-10-08T14:11:16.6103297Z #9 4.754 Selecting previously unselected package libdrm-intel1:amd64.
2026-10-08T14:11:16.6104327Z #9 4.755 Preparing to unpack .../035-libdrm-intel1_2.4.114-1+b1_amd64.deb ...
2026-10-08T14:11:16.6105280Z #9 4.756 Unpacking libdrm-intel1:amd64 (2.4.114-1+b1) ...
2026-10-08T14:11:16.6105809Z #9 4.774 Selecting previously unselected package libdrm-nouveau2:amd64.
2026-10-08T14:11:16.8458676Z #9 4.775 Preparing to unpack .../036-libdrm-nouveau2_2.4.114-1+b1_amd64.deb ...
2026-10-08T14:11:16.8460412Z #9 4.776 Unpacking libdrm-nouveau2:amd64 (2.4.114-1+b1) ...
2026-10-08T14:11:16.8462012Z #9 4.791 Selecting previously unselected package libdrm-radeon1:amd64.
2026-10-08T14:11:16.8463265Z #9 4.792 Preparing to unpack .../037-libdrm-radeon1_2.4.114-1+b1_amd64.deb ...
2026-10-08T14:11:16.8464337Z #9 4.793 Unpacking libdrm-radeon1:amd64 (2.4.114-1+b1) ...
2026-10-08T14:11:16.8465337Z #9 4.808 Selecting previously unselected package libelf1:amd64.
2026-10-08T14:11:16.8466785Z #9 4.810 Preparing to unpack .../038-libelf1_0.188-2.1_amd64.deb ...
2026-10-08T14:11:16.8467731Z #9 4.810 Unpacking libelf1:amd64 (0.188-2.1) ...
2026-10-08T14:11:16.8468668Z #9 4.837 Selecting previously unselected package libedit2:amd64.
2026-10-08T14:11:16.8469790Z #9 4.838 Preparing to unpack .../039-libedit2_3.1-20221030-2_amd64.deb ...
2026-10-08T14:11:16.8471012Z #9 4.839 Unpacking libedit2:amd64 (3.1-20221030-2) ...
2026-10-08T14:11:16.8472129Z #9 4.858 Selecting previously unselected package libicu72:amd64.
2026-10-08T14:11:16.8473253Z #9 4.859 Preparing to unpack .../040-libicu72_72.1-3+deb12u1_amd64.deb ...
2026-10-08T14:11:16.8474278Z #9 4.860 Unpacking libicu72:amd64 (72.1-3+deb12u1) ...
2026-10-08T14:11:17.1574438Z #9 5.321 Selecting previously unselected package libxml2:amd64.
2026-10-08T14:11:17.3629636Z #9 5.322 Preparing to unpack .../041-libxml2_2.9.14+dfsg-1.3~deb12u6_amd64.deb ...
2026-10-08T14:11:17.3630663Z #9 5.323 Unpacking libxml2:amd64 (2.9.14+dfsg-1.3~deb12u6) ...
2026-10-08T14:11:17.3631759Z #9 5.375 Selecting previously unselected package libz3-4:amd64.
2026-10-08T14:11:17.3632648Z #9 5.376 Preparing to unpack .../042-libz3-4_4.8.12-3.1_amd64.deb ...
2026-10-08T14:11:17.3633416Z #9 5.377 Unpacking libz3-4:amd64 (4.8.12-3.1) ...
2026-10-08T14:11:17.6793711Z #9 5.844 Selecting previously unselected package libllvm15:amd64.
2026-10-08T14:11:17.8324524Z #9 5.845 Preparing to unpack .../043-libllvm15_1%3a15.0.6-4+b1_amd64.deb ...
2026-10-08T14:11:17.8325738Z #9 5.846 Unpacking libllvm15:amd64 (1:15.0.6-4+b1) ...
2026-10-08T14:11:18.4568027Z #9 6.621 Selecting previously unselected package libsensors-config.
2026-10-08T14:11:18.6548883Z #9 6.623 Preparing to unpack .../044-libsensors-config_1%3a3.6.0-7.1_all.deb ...
2026-10-08T14:11:18.6549625Z #9 6.624 Unpacking libsensors-config (1:3.6.0-7.1) ...
2026-10-08T14:11:18.6550258Z #9 6.640 Selecting previously unselected package libsensors5:amd64.
2026-10-08T14:11:18.6551358Z #9 6.642 Preparing to unpack .../045-libsensors5_1%3a3.6.0-7.1_amd64.deb ...
2026-10-08T14:11:18.6552011Z #9 6.646 Unpacking libsensors5:amd64 (1:3.6.0-7.1) ...
2026-10-08T14:11:18.6552649Z #9 6.662 Selecting previously unselected package libgl1-mesa-dri:amd64.
2026-10-08T14:11:18.6553446Z #9 6.663 Preparing to unpack .../046-libgl1-mesa-dri_22.3.6-1+deb12u2_amd64.deb ...
2026-10-08T14:11:18.6554147Z #9 6.669 Unpacking libgl1-mesa-dri:amd64 (22.3.6-1+deb12u2) ...
2026-10-08T14:11:18.9581419Z #9 7.123 Selecting previously unselected package libglx-mesa0:amd64.
2026-10-08T14:11:19.0708486Z #9 7.124 Preparing to unpack .../047-libglx-mesa0_22.3.6-1+deb12u2_amd64.deb ...
2026-10-08T14:11:19.0709452Z #9 7.125 Unpacking libglx-mesa0:amd64 (22.3.6-1+deb12u2) ...
2026-10-08T14:11:19.0710258Z #9 7.149 Selecting previously unselected package libglx0:amd64.
2026-10-08T14:11:19.0711318Z #9 7.151 Preparing to unpack .../048-libglx0_1.6.0-1_amd64.deb ...
2026-10-08T14:11:19.0712014Z #9 7.151 Unpacking libglx0:amd64 (1.6.0-1) ...
2026-10-08T14:11:19.0712713Z #9 7.169 Selecting previously unselected package libgl1:amd64.
2026-10-08T14:11:19.0713500Z #9 7.170 Preparing to unpack .../049-libgl1_1.6.0-1_amd64.deb ...
2026-10-08T14:11:19.0714157Z #9 7.171 Unpacking libgl1:amd64 (1.6.0-1) ...
2026-10-08T14:11:19.0714855Z #9 7.191 Selecting previously unselected package x11-common.
2026-10-08T14:11:19.0715653Z #9 7.193 Preparing to unpack .../050-x11-common_1%3a7.7+23_all.deb ...
2026-10-08T14:11:19.0716348Z #9 7.194 Unpacking x11-common (1:7.7+23) ...
2026-10-08T14:11:19.0717039Z #9 7.216 Selecting previously unselected package libice6:amd64.
2026-10-08T14:11:19.0717891Z #9 7.217 Preparing to unpack .../051-libice6_2%3a1.0.10-1_amd64.deb ...
2026-10-08T14:11:19.0718611Z #9 7.218 Unpacking libice6:amd64 (2:1.0.10-1) ...
2026-10-08T14:11:19.0719308Z #9 7.235 Selecting previously unselected package libsm6:amd64.
2026-10-08T14:11:19.1826658Z #9 7.237 Preparing to unpack .../052-libsm6_2%3a1.2.3-1_amd64.deb ...
2026-10-08T14:11:19.1827469Z #9 7.238 Unpacking libsm6:amd64 (2:1.2.3-1) ...
2026-10-08T14:11:19.1828217Z #9 7.254 Selecting previously unselected package libxt6:amd64.
2026-10-08T14:11:19.1829002Z #9 7.255 Preparing to unpack .../053-libxt6_1%3a1.2.1-1.1_amd64.deb ...
2026-10-08T14:11:19.1829673Z #9 7.256 Unpacking libxt6:amd64 (1:1.2.1-1.1) ...
2026-10-08T14:11:19.1830363Z #9 7.281 Selecting previously unselected package libxmu6:amd64.
2026-10-08T14:11:19.1831369Z #9 7.282 Preparing to unpack .../054-libxmu6_2%3a1.1.3-3_amd64.deb ...
2026-10-08T14:11:19.1832056Z #9 7.283 Unpacking libxmu6:amd64 (2:1.1.3-3) ...
2026-10-08T14:11:19.1832718Z #9 7.300 Selecting previously unselected package libxpm4:amd64.
2026-10-08T14:11:19.1833540Z #9 7.301 Preparing to unpack .../055-libxpm4_1%3a3.5.12-1.1+deb12u1_amd64.deb ...
2026-10-08T14:11:19.1834307Z #9 7.302 Unpacking libxpm4:amd64 (1:3.5.12-1.1+deb12u1) ...
2026-10-08T14:11:19.1834986Z #9 7.319 Selecting previously unselected package libxaw7:amd64.
2026-10-08T14:11:19.1835752Z #9 7.320 Preparing to unpack .../056-libxaw7_2%3a1.0.14-1_amd64.deb ...
2026-10-08T14:11:19.1836438Z #9 7.321 Unpacking libxaw7:amd64 (2:1.0.14-1) ...
2026-10-08T14:11:19.1837134Z #9 7.347 Selecting previously unselected package libxcb-shape0:amd64.
2026-10-08T14:11:19.2843892Z #9 7.349 Preparing to unpack .../057-libxcb-shape0_1.15-1_amd64.deb ...
2026-10-08T14:11:19.2844769Z #9 7.350 Unpacking libxcb-shape0:amd64 (1.15-1) ...
2026-10-08T14:11:19.2845326Z #9 7.370 Selecting previously unselected package libxcomposite1:amd64.
2026-10-08T14:11:19.2845950Z #9 7.371 Preparing to unpack .../058-libxcomposite1_1%3a0.4.5-1_amd64.deb ...
2026-10-08T14:11:19.2846504Z #9 7.372 Unpacking libxcomposite1:amd64 (1:0.4.5-1) ...
2026-10-08T14:11:19.2847007Z #9 7.387 Selecting previously unselected package libxrender1:amd64.
2026-10-08T14:11:19.2847580Z #9 7.389 Preparing to unpack .../059-libxrender1_1%3a0.9.10-1.1_amd64.deb ...
2026-10-08T14:11:19.2848092Z #9 7.389 Unpacking libxrender1:amd64 (1:0.9.10-1.1) ...
2026-10-08T14:11:19.2848578Z #9 7.405 Selecting previously unselected package libxft2:amd64.
2026-10-08T14:11:19.2849092Z #9 7.407 Preparing to unpack .../060-libxft2_2.3.6-1_amd64.deb ...
2026-10-08T14:11:19.2849532Z #9 7.408 Unpacking libxft2:amd64 (2.3.6-1) ...
2026-10-08T14:11:19.2849976Z #9 7.426 Selecting previously unselected package libxi6:amd64.
2026-10-08T14:11:19.2850505Z #9 7.428 Preparing to unpack .../061-libxi6_2%3a1.8-1+b1_amd64.deb ...
2026-10-08T14:11:19.2851453Z #9 7.429 Unpacking libxi6:amd64 (2:1.8-1+b1) ...
2026-10-08T14:11:19.2852256Z #9 7.449 Selecting previously unselected package libxinerama1:amd64.
2026-10-08T14:11:19.3898832Z #9 7.450 Preparing to unpack .../062-libxinerama1_2%3a1.1.4-3_amd64.deb ...
2026-10-08T14:11:19.3899834Z #9 7.451 Unpacking libxinerama1:amd64 (2:1.1.4-3) ...
2026-10-08T14:11:19.3900721Z #9 7.466 Selecting previously unselected package libxkbfile1:amd64.
2026-10-08T14:11:19.3901706Z #9 7.467 Preparing to unpack .../063-libxkbfile1_1%3a1.1.0-1_amd64.deb ...
2026-10-08T14:11:19.3902245Z #9 7.468 Unpacking libxkbfile1:amd64 (1:1.1.0-1) ...
2026-10-08T14:11:19.3902770Z #9 7.486 Selecting previously unselected package libxmuu1:amd64.
2026-10-08T14:11:19.3903340Z #9 7.487 Preparing to unpack .../064-libxmuu1_2%3a1.1.3-3_amd64.deb ...
2026-10-08T14:11:19.3903838Z #9 7.488 Unpacking libxmuu1:amd64 (2:1.1.3-3) ...
2026-10-08T14:11:19.3904377Z #9 7.503 Selecting previously unselected package libxrandr2:amd64.
2026-10-08T14:11:19.3904980Z #9 7.504 Preparing to unpack .../065-libxrandr2_2%3a1.5.2-2+b1_amd64.deb ...
2026-10-08T14:11:19.3905536Z #9 7.505 Unpacking libxrandr2:amd64 (2:1.5.2-2+b1) ...
2026-10-08T14:11:19.3906059Z #9 7.521 Selecting previously unselected package libxtst6:amd64.
2026-10-08T14:11:19.3906633Z #9 7.522 Preparing to unpack .../066-libxtst6_2%3a1.2.3-1.1_amd64.deb ...
2026-10-08T14:11:19.3907097Z #9 7.523 Unpacking libxtst6:amd64 (2:1.2.3-1.1) ...
2026-10-08T14:11:19.3907537Z #9 7.537 Selecting previously unselected package libxv1:amd64.
2026-10-08T14:11:19.3908027Z #9 7.538 Preparing to unpack .../067-libxv1_2%3a1.0.11-1.1_amd64.deb ...
2026-10-08T14:11:19.3908466Z #9 7.539 Unpacking libxv1:amd64 (2:1.0.11-1.1) ...
2026-10-08T14:11:19.3909086Z #9 7.555 Selecting previously unselected package libxxf86dga1:amd64.
2026-10-08T14:11:19.6106693Z #9 7.556 Preparing to unpack .../068-libxxf86dga1_2%3a1.1.5-1_amd64.deb ...
2026-10-08T14:11:19.6107939Z #9 7.557 Unpacking libxxf86dga1:amd64 (2:1.1.5-1) ...
2026-10-08T14:11:19.6109227Z #9 7.572 Selecting previously unselected package x11-utils.
2026-10-08T14:11:19.6110371Z #9 7.573 Preparing to unpack .../069-x11-utils_7.7+5_amd64.deb ...
2026-10-08T14:11:19.6112710Z #9 7.574 Unpacking x11-utils (7.7+5) ...
2026-10-08T14:11:19.6114800Z #9 7.601 Selecting previously unselected package xdg-utils.
2026-10-08T14:11:19.6115892Z #9 7.602 Preparing to unpack .../070-xdg-utils_1.1.3-4.1_all.deb ...
2026-10-08T14:11:19.6116823Z #9 7.603 Unpacking xdg-utils (1.1.3-4.1) ...
2026-10-08T14:11:19.6117784Z #9 7.622 Selecting previously unselected package chromium-common.
2026-10-08T14:11:19.6119048Z #9 7.624 Preparing to unpack .../071-chromium-common_154.0.8037.92-1~deb12u1_amd64.deb ...
2026-10-08T14:11:19.6120250Z #9 7.625 Unpacking chromium-common (154.0.8037.92-1~deb12u1) ...
2026-10-08T14:11:20.0659883Z #9 8.231 Selecting previously unselected package libasound2-data.
2026-10-08T14:11:20.2417579Z #9 8.232 Preparing to unpack .../072-libasound2-data_1.2.8-1_all.deb ...
2026-10-08T14:11:20.2418158Z #9 8.233 Unpacking libasound2-data (1.2.8-1) ...
2026-10-08T14:11:20.2418639Z #9 8.263 Selecting previously unselected package libasound2:amd64.
2026-10-08T14:11:20.2419223Z #9 8.265 Preparing to unpack .../073-libasound2_1.2.8-1+b1_amd64.deb ...
2026-10-08T14:11:20.2419696Z #9 8.266 Unpacking libasound2:amd64 (1.2.8-1+b1) ...
2026-10-08T14:11:20.2420170Z #9 8.305 Selecting previously unselected package libglib2.0-0:amd64.
2026-10-08T14:11:20.2420968Z #9 8.307 Preparing to unpack .../074-libglib2.0-0_2.74.6-2+deb12u9_amd64.deb ...
2026-10-08T14:11:20.2421646Z #9 8.308 Unpacking libglib2.0-0:amd64 (2.74.6-2+deb12u9) ...
2026-10-08T14:11:20.2422142Z #9 8.406 Selecting previously unselected package libatk1.0-0:amd64.
2026-10-08T14:11:20.3645333Z #9 8.408 Preparing to unpack .../075-libatk1.0-0_2.46.0-5_amd64.deb ...
2026-10-08T14:11:20.3646222Z #9 8.409 Unpacking libatk1.0-0:amd64 (2.46.0-5) ...
2026-10-08T14:11:20.3647067Z #9 8.426 Selecting previously unselected package libdbus-1-3:amd64.
2026-10-08T14:11:20.3648059Z #9 8.427 Preparing to unpack .../076-libdbus-1-3_1.14.10-1~deb12u1_amd64.deb ...
2026-10-08T14:11:20.3649393Z #9 8.431 Unpacking libdbus-1-3:amd64 (1.14.10-1~deb12u1) ...
2026-10-08T14:11:20.3649960Z #9 8.457 Selecting previously unselected package libatspi2.0-0:amd64.
2026-10-08T14:11:20.3650521Z #9 8.458 Preparing to unpack .../077-libatspi2.0-0_2.46.0-5_amd64.deb ...
2026-10-08T14:11:20.3651372Z #9 8.459 Unpacking libatspi2.0-0:amd64 (2.46.0-5) ...
2026-10-08T14:11:20.3651845Z #9 8.478 Selecting previously unselected package libdav1d6:amd64.
2026-10-08T14:11:20.3652396Z #9 8.480 Preparing to unpack .../078-libdav1d6_1.0.0-2+deb12u1_amd64.deb ...
2026-10-08T14:11:20.3652893Z #9 8.481 Unpacking libdav1d6:amd64 (1.0.0-2+deb12u1) ...
2026-10-08T14:11:20.3653427Z #9 8.529 Selecting previously unselected package libdouble-conversion3:amd64.
2026-10-08T14:11:20.4876805Z #9 8.531 Preparing to unpack .../079-libdouble-conversion3_3.2.1-1_amd64.deb ...
2026-10-08T14:11:20.4877774Z #9 8.531 Unpacking libdouble-conversion3:amd64 (3.2.1-1) ...
2026-10-08T14:11:20.4878826Z #9 8.553 Selecting previously unselected package libogg0:amd64.
2026-10-08T14:11:20.4879864Z #9 8.554 Preparing to unpack .../080-libogg0_1.3.5-3_amd64.deb ...
2026-10-08T14:11:20.4881046Z #9 8.555 Unpacking libogg0:amd64 (1.3.5-3) ...
2026-10-08T14:11:20.4882025Z #9 8.571 Selecting previously unselected package libflac12:amd64.
2026-10-08T14:11:20.4883133Z #9 8.572 Preparing to unpack .../081-libflac12_1.4.2+ds-2_amd64.deb ...
2026-10-08T14:11:20.4884081Z #9 8.573 Unpacking libflac12:amd64 (1.4.2+ds-2) ...
2026-10-08T14:11:20.4885123Z #9 8.599 Selecting previously unselected package libwayland-server0:amd64.
2026-10-08T14:11:20.4886357Z #9 8.601 Preparing to unpack .../082-libwayland-server0_1.21.0-1_amd64.deb ...
2026-10-08T14:11:20.4887357Z #9 8.602 Unpacking libwayland-server0:amd64 (1.21.0-1) ...
2026-10-08T14:11:20.4888170Z #9 8.619 Selecting previously unselected package libgbm1:amd64.
2026-10-08T14:11:20.4889084Z #9 8.620 Preparing to unpack .../083-libgbm1_22.3.6-1+deb12u2_amd64.deb ...
2026-10-08T14:11:20.4889892Z #9 8.652 Unpacking libgbm1:amd64 (22.3.6-1+deb12u2) ...
2026-10-08T14:11:20.6316917Z #9 8.670 Selecting previously unselected package libgraphite2-3:amd64.
2026-10-08T14:11:20.6317951Z #9 8.672 Preparing to unpack .../084-libgraphite2-3_1.3.14-1+deb12u1_amd64.deb ...
2026-10-08T14:11:20.6318813Z #9 8.672 Unpacking libgraphite2-3:amd64 (1.3.14-1+deb12u1) ...
2026-10-08T14:11:20.6319592Z #9 8.692 Selecting previously unselected package libharfbuzz0b:amd64.
2026-10-08T14:11:20.6320453Z #9 8.693 Preparing to unpack .../085-libharfbuzz0b_6.0.0+dfsg-3_amd64.deb ...
2026-10-08T14:11:20.6321451Z #9 8.694 Unpacking libharfbuzz0b:amd64 (6.0.0+dfsg-3) ...
2026-10-08T14:11:20.6322236Z #9 8.745 Selecting previously unselected package libharfbuzz-subset0:amd64.
2026-10-08T14:11:20.6323535Z #9 8.746 Preparing to unpack .../086-libharfbuzz-subset0_6.0.0+dfsg-3_amd64.deb ...
2026-10-08T14:11:20.6324392Z #9 8.747 Unpacking libharfbuzz-subset0:amd64 (6.0.0+dfsg-3) ...
2026-10-08T14:11:20.6325178Z #9 8.796 Selecting previously unselected package libjpeg62-turbo:amd64.
2026-10-08T14:11:20.7571783Z #9 8.798 Preparing to unpack .../087-libjpeg62-turbo_1%3a2.1.5-2_amd64.deb ...
2026-10-08T14:11:20.7572401Z #9 8.799 Unpacking libjpeg62-turbo:amd64 (1:2.1.5-2) ...
2026-10-08T14:11:20.7572941Z #9 8.824 Selecting previously unselected package libminizip1:amd64.
2026-10-08T14:11:20.7573536Z #9 8.825 Preparing to unpack .../088-libminizip1_1.1-8+deb12u1_amd64.deb ...
2026-10-08T14:11:20.7574071Z #9 8.826 Unpacking libminizip1:amd64 (1.1-8+deb12u1) ...
2026-10-08T14:11:20.7574571Z #9 8.841 Selecting previously unselected package libnspr4:amd64.
2026-10-08T14:11:20.7575117Z #9 8.843 Preparing to unpack .../089-libnspr4_2%3a4.35-1_amd64.deb ...
2026-10-08T14:11:20.7597376Z #9 8.843 Unpacking libnspr4:amd64 (2:4.35-1) ...
2026-10-08T14:11:20.7597971Z #9 8.865 Selecting previously unselected package libsqlite3-0:amd64.
2026-10-08T14:11:20.7598773Z #9 8.867 Preparing to unpack .../090-libsqlite3-0_3.40.1-2+deb12u2_amd64.deb ...
2026-10-08T14:11:20.7599309Z #9 8.870 Unpacking libsqlite3-0:amd64 (3.40.1-2+deb12u2) ...
2026-10-08T14:11:20.8594221Z #9 8.922 Selecting previously unselected package libnss3:amd64.
2026-10-08T14:11:20.8594929Z #9 8.923 Preparing to unpack .../091-libnss3_2%3a3.87.1-1+deb12u4_amd64.deb ...
2026-10-08T14:11:20.8595538Z #9 8.924 Unpacking libnss3:amd64 (2:3.87.1-1+deb12u4) ...
2026-10-08T14:11:20.8596116Z #9 9.024 Selecting previously unselected package libopenh264-7:amd64.
2026-10-08T14:11:20.9804148Z #9 9.025 Preparing to unpack .../092-libopenh264-7_2.3.1+dfsg-3+deb12u2_amd64.deb ...
2026-10-08T14:11:20.9806528Z #9 9.026 Unpacking libopenh264-7:amd64 (2.3.1+dfsg-3+deb12u2) ...
2026-10-08T14:11:20.9807146Z #9 9.066 Selecting previously unselected package libopus0:amd64.
2026-10-08T14:11:20.9807882Z #9 9.067 Preparing to unpack .../093-libopus0_1.3.1-3_amd64.deb ...
2026-10-08T14:11:20.9808358Z #9 9.068 Unpacking libopus0:amd64 (1.3.1-3) ...
2026-10-08T14:11:20.9808866Z #9 9.096 Selecting previously unselected package libasyncns0:amd64.
2026-10-08T14:11:20.9809449Z #9 9.097 Preparing to unpack .../094-libasyncns0_0.8-6+b3_amd64.deb ...
2026-10-08T14:11:20.9809933Z #9 9.098 Unpacking libasyncns0:amd64 (0.8-6+b3) ...
2026-10-08T14:11:20.9810422Z #9 9.113 Selecting previously unselected package libmp3lame0:amd64.
2026-10-08T14:11:20.9811367Z #9 9.115 Preparing to unpack .../095-libmp3lame0_3.100-6_amd64.deb ...
2026-10-08T14:11:20.9811852Z #9 9.116 Unpacking libmp3lame0:amd64 (3.100-6) ...
2026-10-08T14:11:20.9812343Z #9 9.145 Selecting previously unselected package libmpg123-0:amd64.
2026-10-08T14:11:21.0872991Z #9 9.147 Preparing to unpack .../096-libmpg123-0_1.31.2-1+deb12u1_amd64.deb ...
2026-10-08T14:11:21.0873642Z #9 9.147 Unpacking libmpg123-0:amd64 (1.31.2-1+deb12u1) ...
2026-10-08T14:11:21.0874181Z #9 9.172 Selecting previously unselected package libvorbis0a:amd64.
2026-10-08T14:11:21.0875028Z #9 9.173 Preparing to unpack .../097-libvorbis0a_1.3.7-1_amd64.deb ...
2026-10-08T14:11:21.0875739Z #9 9.174 Unpacking libvorbis0a:amd64 (1.3.7-1) ...
2026-10-08T14:11:21.0876239Z #9 9.194 Selecting previously unselected package libvorbisenc2:amd64.
2026-10-08T14:11:21.0877149Z #9 9.196 Preparing to unpack .../098-libvorbisenc2_1.3.7-1_amd64.deb ...
2026-10-08T14:11:21.0877998Z #9 9.199 Unpacking libvorbisenc2:amd64 (1.3.7-1) ...
2026-10-08T14:11:21.0878837Z #9 9.219 Selecting previously unselected package libsndfile1:amd64.
2026-10-08T14:11:21.0879852Z #9 9.221 Preparing to unpack .../099-libsndfile1_1.2.0-1+deb12u1_amd64.deb ...
2026-10-08T14:11:21.0880373Z #9 9.222 Unpacking libsndfile1:amd64 (1.2.0-1+deb12u1) ...
2026-10-08T14:11:21.0881801Z #9 9.251 Selecting previously unselected package libpulse0:amd64.
2026-10-08T14:11:21.2396128Z #9 9.252 Preparing to unpack .../100-libpulse0_16.1+dfsg1-2+b1_amd64.deb ...
2026-10-08T14:11:21.2397216Z #9 9.257 Unpacking libpulse0:amd64 (16.1+dfsg1-2+b1) ...
2026-10-08T14:11:21.2397853Z #9 9.291 Selecting previously unselected package libxdamage1:amd64.
2026-10-08T14:11:21.2398477Z #9 9.292 Preparing to unpack .../101-libxdamage1_1%3a1.1.6-1_amd64.deb ...
2026-10-08T14:11:21.2399038Z #9 9.293 Unpacking libxdamage1:amd64 (1:1.1.6-1) ...
2026-10-08T14:11:21.2399527Z #9 9.308 Selecting previously unselected package xkb-data.
2026-10-08T14:11:21.2400080Z #9 9.310 Preparing to unpack .../102-xkb-data_2.35.1-1_all.deb ...
2026-10-08T14:11:21.2400569Z #9 9.311 Unpacking xkb-data (2.35.1-1) ...
2026-10-08T14:11:21.2402712Z #9 9.404 Selecting previously unselected package libxkbcommon0:amd64.
2026-10-08T14:11:21.4364779Z #9 9.406 Preparing to unpack .../103-libxkbcommon0_1.5.0-1_amd64.deb ...
2026-10-08T14:11:21.4365715Z #9 9.407 Unpacking libxkbcommon0:amd64 (1.5.0-1) ...
2026-10-08T14:11:21.4366544Z #9 9.430 Selecting previously unselected package libxnvctrl0:amd64.
2026-10-08T14:11:21.4367613Z #9 9.432 Preparing to unpack .../104-libxnvctrl0_525.85.05-3~deb12u1_amd64.deb ...
2026-10-08T14:11:21.4368555Z #9 9.433 Unpacking libxnvctrl0:amd64 (525.85.05-3~deb12u1) ...
2026-10-08T14:11:21.4369469Z #9 9.448 Selecting previously unselected package chromium-headless-shell.
2026-10-08T14:11:21.4371262Z #9 9.449 Preparing to unpack .../105-chromium-headless-shell_154.0.8037.92-1~deb12u1_amd64.deb ...
2026-10-08T14:11:21.4372407Z #9 9.450 Unpacking chromium-headless-shell (154.0.8037.92-1~deb12u1) ...
2026-10-08T14:11:22.7206910Z #9 10.89 Selecting previously unselected package tini.
2026-10-08T14:11:22.8822390Z #9 10.89 Preparing to unpack .../106-tini_0.19.0-1+b3_amd64.deb ...
2026-10-08T14:11:22.8823215Z #9 10.89 Unpacking tini (0.19.0-1+b3) ...
2026-10-08T14:11:22.8823815Z #9 10.93 Setting up libexpat1:amd64 (2.5.0-1+deb12u4) ...
2026-10-08T14:11:22.8824267Z #9 10.93 Setting up bubblewrap (0.8.0-2+deb12u1) ...
2026-10-08T14:11:22.8824982Z #9 10.94 Setting up libgraphite2-3:amd64 (1.3.14-1+deb12u1) ...
2026-10-08T14:11:22.8825524Z #9 10.94 Setting up libwayland-server0:amd64 (1.21.0-1) ...
2026-10-08T14:11:22.8826176Z #9 10.94 Setting up libpciaccess0:amd64 (0.17-2) ...
2026-10-08T14:11:22.8826599Z #9 10.94 Setting up libxau6:amd64 (1:1.0.9-1) ...
2026-10-08T14:11:22.8827220Z #9 10.95 Setting up libdouble-conversion3:amd64 (3.2.1-1) ...
2026-10-08T14:11:22.8827710Z #9 10.95 Setting up libicu72:amd64 (72.1-3+deb12u1) ...
2026-10-08T14:11:22.8828231Z #9 10.95 Setting up libmpg123-0:amd64 (1.31.2-1+deb12u1) ...
2026-10-08T14:11:22.8828739Z #9 10.95 Setting up libogg0:amd64 (1.3.5-3) ...
2026-10-08T14:11:22.8829165Z #9 10.95 Setting up libminizip1:amd64 (1.1-8+deb12u1) ...
2026-10-08T14:11:22.8829775Z #9 10.96 Setting up libglib2.0-0:amd64 (2.74.6-2+deb12u9) ...
2026-10-08T14:11:22.8830195Z #9 10.96 No schema files found: doing nothing.
2026-10-08T14:11:22.8830850Z #9 10.97 Setting up libglvnd0:amd64 (1.6.0-1) ...
2026-10-08T14:11:22.8831274Z #9 10.97 Setting up libbrotli1:amd64 (1.0.9-2+b6) ...
2026-10-08T14:11:22.8831872Z #9 10.97 Setting up libsqlite3-0:amd64 (3.40.1-2+deb12u2) ...
2026-10-08T14:11:22.8832344Z #9 10.97 Setting up x11-common (1:7.7+23) ...
2026-10-08T14:11:22.8832722Z #9 11.05 debconf: unable to initialize frontend: Dialog
2026-10-08T14:11:22.8833385Z #9 11.05 debconf: (TERM is not set, so the dialog frontend is not usable.)
2026-10-08T14:11:22.8833850Z #9 11.05 debconf: falling back to frontend: Readline
2026-10-08T14:11:22.9860716Z #9 11.05 debconf: unable to initialize frontend: Readline
2026-10-08T14:11:22.9865001Z #9 11.05 debconf: (Can't locate Term/ReadLine.pm in @INC (you may need to install the Term::ReadLine module) (@INC contains: /etc/perl /usr/local/lib/x86_64-linux-gnu/perl/5.36.0 /usr/local/share/perl/5.36.0 /usr/lib/x86_64-linux-gnu/perl5/5.36 /usr/share/perl5 /usr/lib/x86_64-linux-gnu/perl-base /usr/lib/x86_64-linux-gnu/perl/5.36 /usr/share/perl/5.36 /usr/local/lib/site_perl) at /usr/share/perl5/Debconf/FrontEnd/Readline.pm line 7.)
2026-10-08T14:11:22.9868185Z #9 11.05 debconf: falling back to frontend: Teletype
2026-10-08T14:11:22.9868807Z #9 11.06 invoke-rc.d: could not determine current runlevel
2026-10-08T14:11:22.9869428Z #9 11.07 invoke-rc.d: policy-rc.d denied execution of restart.
2026-10-08T14:11:22.9870128Z #9 11.07 Setting up libsensors-config (1:3.6.0-7.1) ...
2026-10-08T14:11:22.9870972Z #9 11.08 Setting up xkb-data (2.35.1-1) ...
2026-10-08T14:11:22.9871615Z #9 11.08 Setting up libasound2-data (1.2.8-1) ...
2026-10-08T14:11:22.9872456Z #9 11.08 Setting up libfontenc1:amd64 (1:1.1.4-1) ...
2026-10-08T14:11:22.9873286Z #9 11.08 Setting up libz3-4:amd64 (4.8.12-3.1) ...
2026-10-08T14:11:22.9873953Z #9 11.09 Setting up libflac12:amd64 (1.4.2+ds-2) ...
2026-10-08T14:11:22.9874392Z #9 11.09 Setting up libjpeg62-turbo:amd64 (1:2.1.5-2) ...
2026-10-08T14:11:22.9874931Z #9 11.09 Setting up libx11-data (2:1.8.4-2+deb12u2) ...
2026-10-08T14:11:22.9875347Z #9 11.09 Setting up libnspr4:amd64 (2:4.35-1) ...
2026-10-08T14:11:22.9875766Z #9 11.09 Setting up libdbus-1-3:amd64 (1.14.10-1~deb12u1) ...
2026-10-08T14:11:22.9876177Z #9 11.10 Setting up libopus0:amd64 (1.3.1-3) ...
2026-10-08T14:11:22.9876748Z #9 11.10 Setting up libpng16-16:amd64 (1.6.39-2+deb12u6) ...
2026-10-08T14:11:22.9877479Z #9 11.10 Setting up libvorbis0a:amd64 (1.3.7-1) ...
2026-10-08T14:11:22.9881143Z #9 11.10 Setting up tini (0.19.0-1+b3) ...
2026-10-08T14:11:22.9881862Z #9 11.11 Setting up fonts-dejavu-core (2.37-6) ...
2026-10-08T14:11:22.9882639Z #9 11.12 Setting up libsensors5:amd64 (1:3.6.0-7.1) ...
2026-10-08T14:11:22.9883482Z #9 11.12 Setting up libdav1d6:amd64 (1.0.0-2+deb12u1) ...
2026-10-08T14:11:22.9884252Z #9 11.12 Setting up libglapi-mesa:amd64 (22.3.6-1+deb12u2) ...
2026-10-08T14:11:22.9884986Z #9 11.12 Setting up libopenh264-7:amd64 (2.3.1+dfsg-3+deb12u2) ...
2026-10-08T14:11:22.9885540Z #9 11.13 Setting up libasyncns0:amd64 (0.8-6+b3) ...
2026-10-08T14:11:22.9885999Z #9 11.13 Setting up libxshmfence1:amd64 (1.3-1) ...
2026-10-08T14:11:22.9886704Z #9 11.13 Setting up at-spi2-common (2.46.0-5) ...
2026-10-08T14:11:22.9887325Z #9 11.13 Setting up libasound2:amd64 (1.2.8-1+b1) ...
2026-10-08T14:11:22.9887731Z #9 11.14 Setting up libatk1.0-0:amd64 (2.46.0-5) ...
2026-10-08T14:11:22.9888112Z #9 11.14 Setting up libbsd0:amd64 (0.11.7-2) ...
2026-10-08T14:11:22.9888822Z #9 11.14 Setting up libdrm-common (2.4.114-1) ...
2026-10-08T14:11:22.9889526Z #9 11.14 Setting up libelf1:amd64 (0.188-2.1) ...
2026-10-08T14:11:22.9890338Z #9 11.14 Setting up libxml2:amd64 (2.9.14+dfsg-1.3~deb12u6) ...
2026-10-08T14:11:22.9891049Z #9 11.15 Setting up xdg-utils (1.1.3-4.1) ...
2026-10-08T14:11:22.9891772Z #9 11.15 update-alternatives: using /usr/bin/xdg-open to provide /usr/bin/open (open) in auto mode
2026-10-08T14:11:23.2019437Z #9 11.15 update-alternatives: warning: skip creation of /usr/share/man/man1/open.1.gz because associated file /usr/share/man/man1/xdg-open.1.gz (of link group open) doesn't exist
2026-10-08T14:11:23.2021042Z #9 11.15 Setting up libmp3lame0:amd64 (3.100-6) ...
2026-10-08T14:11:23.2021746Z #9 11.16 Setting up libvorbisenc2:amd64 (1.3.7-1) ...
2026-10-08T14:11:23.2022483Z #9 11.16 Setting up libxkbcommon0:amd64 (1.5.0-1) ...
2026-10-08T14:11:23.2022966Z #9 11.16 Setting up libice6:amd64 (2:1.0.10-1) ...
2026-10-08T14:11:23.2023585Z #9 11.16 Setting up libxdmcp6:amd64 (1:1.1.2-3) ...
2026-10-08T14:11:23.2024065Z #9 11.16 Setting up libxcb1:amd64 (1.15-1) ...
2026-10-08T14:11:23.2024641Z #9 11.17 Setting up libxcb-xfixes0:amd64 (1.15-1) ...
2026-10-08T14:11:23.2025207Z #9 11.17 Setting up fontconfig-config (2.14.1-4) ...
2026-10-08T14:11:23.2025803Z #9 11.24 debconf: unable to initialize frontend: Dialog
2026-10-08T14:11:23.2026542Z #9 11.24 debconf: (TERM is not set, so the dialog frontend is not usable.)
2026-10-08T14:11:23.2027105Z #9 11.24 debconf: falling back to frontend: Readline
2026-10-08T14:11:23.2027706Z #9 11.24 debconf: unable to initialize frontend: Readline
2026-10-08T14:11:23.2030284Z #9 11.24 debconf: (Can't locate Term/ReadLine.pm in @INC (you may need to install the Term::ReadLine module) (@INC contains: /etc/perl /usr/local/lib/x86_64-linux-gnu/perl/5.36.0 /usr/local/share/perl/5.36.0 /usr/lib/x86_64-linux-gnu/perl5/5.36 /usr/share/perl5 /usr/lib/x86_64-linux-gnu/perl-base /usr/lib/x86_64-linux-gnu/perl/5.36 /usr/share/perl/5.36 /usr/local/lib/site_perl) at /usr/share/perl5/Debconf/FrontEnd/Readline.pm line 7.)
2026-10-08T14:11:23.2032537Z #9 11.24 debconf: falling back to frontend: Teletype
2026-10-08T14:11:23.2032990Z #9 11.37 Setting up libxcb-glx0:amd64 (1.15-1) ...
2026-10-08T14:11:23.3023974Z #9 11.37 Setting up libedit2:amd64 (3.1-20221030-2) ...
2026-10-08T14:11:23.3024519Z #9 11.37 Setting up libxcb-shape0:amd64 (1.15-1) ...
2026-10-08T14:11:23.3025017Z #9 11.37 Setting up libnss3:amd64 (2:3.87.1-1+deb12u4) ...
2026-10-08T14:11:23.3025494Z #9 11.38 Setting up libxcb-shm0:amd64 (1.15-1) ...
2026-10-08T14:11:23.3025963Z #9 11.38 Setting up libxcb-present0:amd64 (1.15-1) ...
2026-10-08T14:11:23.3026478Z #9 11.38 Setting up libfreetype6:amd64 (2.12.1+dfsg-5+deb12u4) ...
2026-10-08T14:11:23.3027012Z #9 11.38 Setting up libxcb-sync1:amd64 (1.15-1) ...
2026-10-08T14:11:23.3027455Z #9 11.38 Setting up libxcb-dri2-0:amd64 (1.15-1) ...
2026-10-08T14:11:23.3027887Z #9 11.39 Setting up libdrm2:amd64 (2.4.114-1+b1) ...
2026-10-08T14:11:23.3028319Z #9 11.39 Setting up libxcb-randr0:amd64 (1.15-1) ...
2026-10-08T14:11:23.3029082Z #9 11.39 Setting up libllvm15:amd64 (1:15.0.6-4+b1) ...
2026-10-08T14:11:23.3029549Z #9 11.39 Setting up libx11-6:amd64 (2:1.8.4-2+deb12u2) ...
2026-10-08T14:11:23.3030025Z #9 11.40 Setting up libharfbuzz0b:amd64 (6.0.0+dfsg-3) ...
2026-10-08T14:11:23.3031212Z #9 11.40 Setting up libfontconfig1:amd64 (2.14.1-4) ...
2026-10-08T14:11:23.3032006Z #9 11.40 Setting up libsndfile1:amd64 (1.2.0-1+deb12u1) ...
2026-10-08T14:11:23.3032731Z #9 11.41 Setting up libxkbfile1:amd64 (1:1.1.0-1) ...
2026-10-08T14:11:23.3033463Z #9 11.41 Setting up libxcomposite1:amd64 (1:0.4.5-1) ...
2026-10-08T14:11:23.3034109Z #9 11.41 Setting up libsm6:amd64 (2:1.2.3-1) ...
2026-10-08T14:11:23.3034807Z #9 11.41 Setting up libxmuu1:amd64 (2:1.1.3-3) ...
2026-10-08T14:11:23.3035533Z #9 11.41 Setting up libdrm-amdgpu1:amd64 (2.4.114-1+b1) ...
2026-10-08T14:11:23.3036276Z #9 11.44 Setting up libxcb-dri3-0:amd64 (1.15-1) ...
2026-10-08T14:11:23.3037011Z #9 11.44 Setting up libx11-xcb1:amd64 (2:1.8.4-2+deb12u2) ...
2026-10-08T14:11:23.3037847Z #9 11.44 Setting up libdrm-nouveau2:amd64 (2.4.114-1+b1) ...
2026-10-08T14:11:23.3038631Z #9 11.45 Setting up libxdamage1:amd64 (1:1.1.6-1) ...
2026-10-08T14:11:23.3039415Z #9 11.45 Setting up libxpm4:amd64 (1:3.5.12-1.1+deb12u1) ...
2026-10-08T14:11:23.3040165Z #9 11.45 Setting up libxrender1:amd64 (1:0.9.10-1.1) ...
2026-10-08T14:11:23.3040958Z #9 11.45 Setting up libgbm1:amd64 (22.3.6-1+deb12u2) ...
2026-10-08T14:11:23.3041537Z #9 11.45 Setting up libpulse0:amd64 (16.1+dfsg1-2+b1) ...
2026-10-08T14:11:23.3041982Z #9 11.46 Setting up libdrm-radeon1:amd64 (2.4.114-1+b1) ...
2026-10-08T14:11:23.3042408Z #9 11.46 Setting up libdrm-intel1:amd64 (2.4.114-1+b1) ...
2026-10-08T14:11:23.3042862Z #9 11.47 Setting up libgl1-mesa-dri:amd64 (22.3.6-1+deb12u2) ...
2026-10-08T14:11:23.5185661Z #9 11.48 Setting up libxext6:amd64 (2:1.3.4-1+b1) ...
2026-10-08T14:11:23.5186797Z #9 11.48 Setting up libxxf86vm1:amd64 (1:1.1.4-1+b2) ...
2026-10-08T14:11:23.5187593Z #9 11.48 Setting up libxnvctrl0:amd64 (525.85.05-3~deb12u1) ...
2026-10-08T14:11:23.5188130Z #9 11.48 Setting up libxfixes3:amd64 (1:6.0.0-2) ...
2026-10-08T14:11:23.5188630Z #9 11.48 Setting up libxinerama1:amd64 (2:1.1.4-3) ...
2026-10-08T14:11:23.5189100Z #9 11.49 Setting up libxv1:amd64 (2:1.0.11-1.1) ...
2026-10-08T14:11:23.5189580Z #9 11.49 Setting up libxrandr2:amd64 (2:1.5.2-2+b1) ...
2026-10-08T14:11:23.5190045Z #9 11.49 Setting up libxt6:amd64 (1:1.2.1-1.1) ...
2026-10-08T14:11:23.5190577Z #9 11.49 Setting up libharfbuzz-subset0:amd64 (6.0.0+dfsg-3) ...
2026-10-08T14:11:23.5191373Z #9 11.49 Setting up libxft2:amd64 (2.3.6-1) ...
2026-10-08T14:11:23.5191835Z #9 11.50 Setting up libxmu6:amd64 (2:1.1.3-3) ...
2026-10-08T14:11:23.5192682Z #9 11.50 Setting up libglx-mesa0:amd64 (22.3.6-1+deb12u2) ...
2026-10-08T14:11:23.5193184Z #9 11.50 Setting up libxi6:amd64 (2:1.8-1+b1) ...
2026-10-08T14:11:23.5193621Z #9 11.50 Setting up libglx0:amd64 (1.6.0-1) ...
2026-10-08T14:11:23.5194071Z #9 11.50 Setting up libxtst6:amd64 (2:1.2.3-1.1) ...
2026-10-08T14:11:23.5194558Z #9 11.51 Setting up libxxf86dga1:amd64 (2:1.1.5-1) ...
2026-10-08T14:11:23.5195021Z #9 11.51 Setting up libxaw7:amd64 (2:1.0.14-1) ...
2026-10-08T14:11:23.5195482Z #9 11.51 Setting up libatspi2.0-0:amd64 (2.46.0-5) ...
2026-10-08T14:11:23.5195927Z #9 11.52 Setting up libgl1:amd64 (1.6.0-1) ...
2026-10-08T14:11:23.5196664Z #9 11.52 Setting up x11-utils (7.7+5) ...
2026-10-08T14:11:23.5197544Z #9 11.53 Setting up chromium-common (154.0.8037.92-1~deb12u1) ...
2026-10-08T14:11:23.5198527Z #9 11.53 Setting up chromium-headless-shell (154.0.8037.92-1~deb12u1) ...
2026-10-08T14:11:23.5199488Z #9 11.53 Processing triggers for libc-bin (2.36-9+deb12u14) ...
2026-10-08T14:11:24.4754739Z #9 DONE 12.6s
2026-10-08T14:11:24.6417106Z 
2026-10-08T14:11:24.6417882Z #10 [ 5/11] COPY package.json pnpm-lock.yaml pnpm-workspace.yaml ./
2026-10-08T14:11:24.6418423Z #10 DONE 0.0s
2026-10-08T14:11:24.6418582Z 
2026-10-08T14:11:24.6418819Z #11 [ 6/11] RUN pnpm install --frozen-lockfile
2026-10-08T14:11:24.6705166Z #11 0.179 ! Corepack is about to download https://registry.npmjs.org/pnpm/-/pnpm-10.18.3.tgz
2026-10-08T14:11:26.0278771Z #11 1.536 Lockfile is up to date, resolution step is skipped
2026-10-08T14:11:26.1453434Z #11 1.584 Progress: resolved 1, reused 0, downloaded 0, added 0
2026-10-08T14:11:26.1454549Z #11 1.654 Packages: +408
2026-10-08T14:11:26.1455315Z #11 1.654 ++++++++++++++++++++++++++++++++++++++++++++++++++++++++++++++++++++++++++++++++
2026-10-08T14:11:26.4187112Z #11 1.928 
2026-10-08T14:11:26.4188827Z #11 1.928    ╭───────────────────────────────────────────────╮
2026-10-08T14:11:26.4189934Z #11 1.928    │                                               │
2026-10-08T14:11:26.4191494Z #11 1.928    │     Update available! 10.18.3 → 12.10.1.      │
2026-10-08T14:11:26.4192577Z #11 1.928    │     Changelog: https://pnpm.io/v/12.10.1      │
2026-10-08T14:11:26.4193912Z #11 1.928    │   To update, run: corepack use pnpm@12.10.1   │
2026-10-08T14:11:26.4195244Z #11 1.928    │                                               │
2026-10-08T14:11:26.4196225Z #11 1.928    ╰───────────────────────────────────────────────╯
2026-10-08T14:11:26.4196794Z #11 1.928 
2026-10-08T14:11:27.0769616Z #11 2.585 Progress: resolved 408, reused 0, downloaded 132, added 94
2026-10-08T14:11:28.0775677Z #11 3.586 Progress: resolved 408, reused 0, downloaded 256, added 246
2026-10-08T14:11:29.0821173Z #11 4.591 Progress: resolved 408, reused 0, downloaded 289, added 258
2026-10-08T14:11:30.0860378Z #11 5.595 Progress: resolved 408, reused 0, downloaded 366, added 316
2026-10-08T14:11:31.0888169Z #11 6.598 Progress: resolved 408, reused 0, downloaded 407, added 407
2026-10-08T14:11:31.4031493Z #11 6.912 Progress: resolved 408, reused 0, downloaded 408, added 408, done
2026-10-08T14:11:31.5369637Z #11 7.046 .../node_modules/@prisma/engines postinstall$ node scripts/postinstall.js
2026-10-08T14:11:31.6710015Z #11 7.079 .../esbuild@0.28.1/node_modules/esbuild postinstall$ node install.js
2026-10-08T14:11:31.6715751Z #11 7.080 .../esbuild@0.28.2/node_modules/esbuild postinstall$ node install.js
2026-10-08T14:11:31.6718276Z #11 7.081 .../esbuild@0.25.12/node_modules/esbuild postinstall$ node install.js
2026-10-08T14:11:31.6719570Z #11 7.180 .../node_modules/workerd postinstall$ node install.js
2026-10-08T14:11:31.8554606Z #11 7.243 .../esbuild@0.28.1/node_modules/esbuild postinstall: Done
2026-10-08T14:11:31.8556325Z #11 7.273 .../esbuild@0.28.2/node_modules/esbuild postinstall: Done
2026-10-08T14:11:31.8558398Z #11 7.364 .../node_modules/@prisma/engines postinstall: prisma:warn Prisma failed to detect the libssl/openssl version to use, and may not work as expected. Defaulting to "openssl-1.1.x".
2026-10-08T14:11:32.0226404Z #11 7.366 .../node_modules/@prisma/engines postinstall: Please manually install OpenSSL via `apt-get update -y && apt-get install -y openssl` and try installing Prisma again. If you're running Prisma on Docker, add this command to your Dockerfile, or switch to an image that already has OpenSSL installed.
2026-10-08T14:11:32.0229088Z #11 7.376 .../esbuild@0.25.12/node_modules/esbuild postinstall: Done
2026-10-08T14:11:32.0230029Z #11 7.380 .../node_modules/workerd postinstall: Done
2026-10-08T14:11:32.6854090Z #11 8.192 .../node_modules/@prisma/engines postinstall: Done
2026-10-08T14:11:32.8196938Z #11 8.328 .../node_modules/prisma preinstall$ node scripts/preinstall-entry.js
2026-10-08T14:11:33.0504701Z #11 8.409 .../node_modules/prisma preinstall: Done
2026-10-08T14:11:33.1746193Z #11 8.684 
2026-10-08T14:11:33.1746684Z #11 8.684 dependencies:
2026-10-08T14:11:33.1747032Z #11 8.684 + @cloudflare/containers 0.3.7
2026-10-08T14:11:33.1747384Z #11 8.684 + @supabase/server 1.8.0
2026-10-08T14:11:33.1747729Z #11 8.684 + @supabase/supabase-js 2.117.0
2026-10-08T14:11:33.1748165Z #11 8.684 + @tiptap/extension-collaboration 3.31.3
2026-10-08T14:11:33.1748747Z #11 8.684 + @tiptap/extension-collaboration-caret 3.31.3
2026-10-08T14:11:33.1749400Z #11 8.684 + @tiptap/react 3.31.3
2026-10-08T14:11:33.1750127Z #11 8.684 + @tiptap/starter-kit 3.31.3
2026-10-08T14:11:33.1750459Z #11 8.684 + @vitejs/plugin-react 5.2.0
2026-10-08T14:11:33.1751041Z #11 8.684 + cross-env 10.1.0
2026-10-08T14:11:33.1751322Z #11 8.684 + dotenv 17.4.2
2026-10-08T14:11:33.1751567Z #11 8.684 + esbuild 0.25.12
2026-10-08T14:11:33.1751844Z #11 8.684 + esbuild-wasm 0.25.12
2026-10-08T14:11:33.1752327Z #11 8.684 + express 5.2.1
2026-10-08T14:11:33.1752778Z #11 8.684 + lucide-react 0.468.0
2026-10-08T14:11:33.1753186Z #11 8.684 + react 19.2.8
2026-10-08T14:11:33.1753488Z #11 8.684 + react-dom 19.2.8
2026-10-08T14:11:33.1753917Z #11 8.684 + vite 7.3.6
2026-10-08T14:11:33.1754306Z #11 8.684 + ws 8.21.3
2026-10-08T14:11:33.1754717Z #11 8.684 + y-protocols 1.0.7
2026-10-08T14:11:33.1755153Z #11 8.684 + yjs 13.6.32
2026-10-08T14:11:33.1755502Z #11 8.684 
2026-10-08T14:11:33.1755851Z #11 8.684 devDependencies:
2026-10-08T14:11:33.1756271Z #11 8.684 + @prisma/adapter-pg 7.10.0
2026-10-08T14:11:33.1756579Z #11 8.684 + @prisma/client 7.10.0
2026-10-08T14:11:33.1756877Z #11 8.684 + @types/express 5.0.6
2026-10-08T14:11:33.1757357Z #11 8.684 + @types/node 22.20.1
2026-10-08T14:11:33.1757868Z #11 8.684 + @types/pg 8.23.1
2026-10-08T14:11:33.1758365Z #11 8.684 + @types/react 19.2.18
2026-10-08T14:11:33.1758903Z #11 8.684 + @types/react-dom 19.2.7
2026-10-08T14:11:33.1759358Z #11 8.684 + @types/ws 8.18.1
2026-10-08T14:11:33.1759751Z #11 8.684 + pg 8.23.0
2026-10-08T14:11:33.1760126Z #11 8.684 + prisma 7.10.0
2026-10-08T14:11:33.1760503Z #11 8.684 + tsx 4.23.13
2026-10-08T14:11:33.1761171Z #11 8.684 + typescript 5.9.3
2026-10-08T14:11:33.1761600Z #11 8.684 + wrangler 4.131.1
2026-10-08T14:11:33.1761967Z #11 8.684 
2026-10-08T14:11:33.3173829Z #11 8.826 Done in 7.7s using pnpm v10.18.3
2026-10-08T14:11:34.4392714Z #11 DONE 9.9s
2026-10-08T14:11:34.5770894Z 
2026-10-08T14:11:34.5774449Z #12 [ 7/11] COPY . .
2026-10-08T14:11:34.5775269Z #12 DONE 0.1s
2026-10-08T14:11:34.7283248Z 
2026-10-08T14:11:34.7285584Z #13 [ 8/11] RUN apt-get update && apt-get install -y --no-install-recommends gcc libc6-dev && gcc -O2 -Wall -Wextra -Werror server/isolation/linux-job-launcher.c -o /usr/local/bin/cocreate-job-launcher && apt-get purge -y gcc libc6-dev && apt-get autoremove -y && rm -rf /var/lib/apt/lists/*
2026-10-08T14:11:34.7608072Z #13 0.183 Get:1 http://deb.debian.org/debian bookworm InRelease [151 kB]
2026-10-08T14:11:34.8629308Z #13 0.214 Get:2 http://deb.debian.org/debian bookworm-updates InRelease [55.4 kB]
2026-10-08T14:11:34.8630088Z #13 0.226 Get:3 http://deb.debian.org/debian-security bookworm-security InRelease [34.8 kB]
2026-10-08T14:11:34.8631717Z #13 0.285 Get:4 http://deb.debian.org/debian bookworm/main amd64 Packages [8790 kB]
2026-10-08T14:11:34.9759527Z #13 0.369 Get:5 http://deb.debian.org/debian bookworm-updates/main amd64 Packages [6924 B]
2026-10-08T14:11:34.9761580Z #13 0.398 Get:6 http://deb.debian.org/debian-security bookworm-security/main amd64 Packages [349 kB]
2026-10-08T14:11:35.7312166Z #13 1.154 Fetched 9388 kB in 1s (9336 kB/s)
2026-10-08T14:11:36.1957945Z #13 1.154 Reading package lists...
2026-10-08T14:11:36.6775815Z #13 1.637 Reading package lists...
2026-10-08T14:11:36.8104904Z #13 2.114 Building dependency tree...
2026-10-08T14:11:36.9104931Z #13 2.233 Reading state information...
2026-10-08T14:11:36.9105687Z #13 2.332 The following additional packages will be installed:
2026-10-08T14:11:36.9106572Z #13 2.333   binutils binutils-common binutils-x86-64-linux-gnu cpp cpp-12 gcc-12
2026-10-08T14:11:36.9107485Z #13 2.333   libasan8 libatomic1 libbinutils libc-dev-bin libcc1-0 libcrypt-dev
2026-10-08T14:11:36.9108258Z #13 2.333   libctf-nobfd0 libctf0 libgcc-12-dev libgomp1 libgprofng0 libgssapi-krb5-2
2026-10-08T14:11:36.9108997Z #13 2.333   libisl23 libitm1 libjansson4 libk5crypto3 libkeyutils1 libkrb5-3
2026-10-08T14:11:36.9109771Z #13 2.333   libkrb5support0 liblsan0 libmpc3 libmpfr6 libnsl-dev libnsl2 libquadmath0
2026-10-08T14:11:36.9110515Z #13 2.333   libssl3 libtirpc-common libtirpc-dev libtirpc3 libtsan2 libubsan1
2026-10-08T14:11:36.9111806Z #13 2.333   linux-libc-dev rpcsvc-proto
2026-10-08T14:11:37.0486738Z #13 2.334 Suggested packages:
2026-10-08T14:11:37.0487788Z #13 2.334   binutils-doc cpp-doc gcc-12-locales cpp-12-doc gcc-multilib make
2026-10-08T14:11:37.0488828Z #13 2.334   manpages-dev autoconf automake libtool flex bison gdb gcc-doc
2026-10-08T14:11:37.0489847Z #13 2.334   gcc-12-multilib gcc-12-doc glibc-doc krb5-doc krb5-user
2026-10-08T14:11:37.0490583Z #13 2.334 Recommended packages:
2026-10-08T14:11:37.0491633Z #13 2.334   manpages manpages-dev libc-devtools krb5-locales
2026-10-08T14:11:37.0492435Z #13 2.471 The following NEW packages will be installed:
2026-10-08T14:11:37.1725771Z #13 2.471   binutils binutils-common binutils-x86-64-linux-gnu cpp cpp-12 gcc gcc-12
2026-10-08T14:11:37.1726643Z #13 2.471   libasan8 libatomic1 libbinutils libc-dev-bin libc6-dev libcc1-0 libcrypt-dev
2026-10-08T14:11:37.1727419Z #13 2.472   libctf-nobfd0 libctf0 libgcc-12-dev libgomp1 libgprofng0 libgssapi-krb5-2
2026-10-08T14:11:37.1728125Z #13 2.472   libisl23 libitm1 libjansson4 libk5crypto3 libkeyutils1 libkrb5-3
2026-10-08T14:11:37.1728848Z #13 2.472   libkrb5support0 liblsan0 libmpc3 libmpfr6 libnsl-dev libnsl2 libquadmath0
2026-10-08T14:11:37.1729540Z #13 2.472   libssl3 libtirpc-common libtirpc-dev libtirpc3 libtsan2 libubsan1
2026-10-08T14:11:37.1730049Z #13 2.472   linux-libc-dev rpcsvc-proto
2026-10-08T14:11:37.1730522Z #13 2.520 0 upgraded, 41 newly installed, 0 to remove and 1 not upgraded.
2026-10-08T14:11:37.1731705Z #13 2.520 Need to get 53.5 MB of archives.
2026-10-08T14:11:37.1732190Z #13 2.520 After this operation, 210 MB of additional disk space will be used.
2026-10-08T14:11:37.1732911Z #13 2.520 Get:1 http://deb.debian.org/debian bookworm/main amd64 binutils-common amd64 2.40-2 [2487 kB]
2026-10-08T14:11:37.1733649Z #13 2.595 Get:2 http://deb.debian.org/debian bookworm/main amd64 libbinutils amd64 2.40-2 [572 kB]
2026-10-08T14:11:37.2779767Z #13 2.598 Get:3 http://deb.debian.org/debian bookworm/main amd64 libctf-nobfd0 amd64 2.40-2 [153 kB]
2026-10-08T14:11:37.2781882Z #13 2.599 Get:4 http://deb.debian.org/debian bookworm/main amd64 libctf0 amd64 2.40-2 [89.8 kB]
2026-10-08T14:11:37.2784334Z #13 2.599 Get:5 http://deb.debian.org/debian bookworm/main amd64 libgprofng0 amd64 2.40-2 [812 kB]
2026-10-08T14:11:37.2785955Z #13 2.603 Get:6 http://deb.debian.org/debian bookworm/main amd64 libjansson4 amd64 2.14-2 [40.8 kB]
2026-10-08T14:11:37.2787687Z #13 2.603 Get:7 http://deb.debian.org/debian bookworm/main amd64 binutils-x86-64-linux-gnu amd64 2.40-2 [2246 kB]
2026-10-08T14:11:37.2789267Z #13 2.613 Get:8 http://deb.debian.org/debian bookworm/main amd64 binutils amd64 2.40-2 [65.0 kB]
2026-10-08T14:11:37.2791336Z #13 2.613 Get:9 http://deb.debian.org/debian bookworm/main amd64 libisl23 amd64 0.25-1.1 [683 kB]
2026-10-08T14:11:37.2792847Z #13 2.616 Get:10 http://deb.debian.org/debian bookworm/main amd64 libmpfr6 amd64 4.2.0-1 [701 kB]
2026-10-08T14:11:37.2794274Z #13 2.619 Get:11 http://deb.debian.org/debian bookworm/main amd64 libmpc3 amd64 1.3.1-1 [51.5 kB]
2026-10-08T14:11:37.2795542Z #13 2.620 Get:12 http://deb.debian.org/debian bookworm/main amd64 cpp-12 amd64 12.2.0-14+deb12u1 [9768 kB]
2026-10-08T14:11:37.2796325Z #13 2.660 Get:13 http://deb.debian.org/debian bookworm/main amd64 cpp amd64 4:12.2.0-3 [6836 B]
2026-10-08T14:11:37.2797099Z #13 2.661 Get:14 http://deb.debian.org/debian bookworm/main amd64 libcc1-0 amd64 12.2.0-14+deb12u1 [41.7 kB]
2026-10-08T14:11:37.2797883Z #13 2.661 Get:15 http://deb.debian.org/debian bookworm/main amd64 libgomp1 amd64 12.2.0-14+deb12u1 [116 kB]
2026-10-08T14:11:37.2798658Z #13 2.662 Get:16 http://deb.debian.org/debian bookworm/main amd64 libitm1 amd64 12.2.0-14+deb12u1 [26.1 kB]
2026-10-08T14:11:37.2799447Z #13 2.662 Get:17 http://deb.debian.org/debian bookworm/main amd64 libatomic1 amd64 12.2.0-14+deb12u1 [9376 B]
2026-10-08T14:11:37.2800237Z #13 2.663 Get:18 http://deb.debian.org/debian bookworm/main amd64 libasan8 amd64 12.2.0-14+deb12u1 [2193 kB]
2026-10-08T14:11:37.2801350Z #13 2.672 Get:19 http://deb.debian.org/debian bookworm/main amd64 liblsan0 amd64 12.2.0-14+deb12u1 [969 kB]
2026-10-08T14:11:37.2802362Z #13 2.676 Get:20 http://deb.debian.org/debian bookworm/main amd64 libtsan2 amd64 12.2.0-14+deb12u1 [2197 kB]
2026-10-08T14:11:37.2803127Z #13 2.685 Get:21 http://deb.debian.org/debian bookworm/main amd64 libubsan1 amd64 12.2.0-14+deb12u1 [883 kB]
2026-10-08T14:11:37.2803916Z #13 2.689 Get:22 http://deb.debian.org/debian bookworm/main amd64 libquadmath0 amd64 12.2.0-14+deb12u1 [145 kB]
2026-10-08T14:11:37.2804723Z #13 2.690 Get:23 http://deb.debian.org/debian bookworm/main amd64 libgcc-12-dev amd64 12.2.0-14+deb12u1 [2437 kB]
2026-10-08T14:11:37.2805509Z #13 2.700 Get:24 http://deb.debian.org/debian bookworm/main amd64 gcc-12 amd64 12.2.0-14+deb12u1 [19.3 MB]
2026-10-08T14:11:37.3810599Z #13 2.780 Get:25 http://deb.debian.org/debian bookworm/main amd64 gcc amd64 4:12.2.0-3 [5216 B]
2026-10-08T14:11:37.3815719Z #13 2.780 Get:26 http://deb.debian.org/debian bookworm/main amd64 libc-dev-bin amd64 2.36-9+deb12u14 [48.1 kB]
2026-10-08T14:11:37.3818239Z #13 2.780 Get:27 http://deb.debian.org/debian-security bookworm-security/main amd64 linux-libc-dev amd64 6.1.187-1 [2357 kB]
2026-10-08T14:11:37.3820702Z #13 2.786 Get:28 http://deb.debian.org/debian bookworm/main amd64 libcrypt-dev amd64 1:4.4.33-2 [118 kB]
2026-10-08T14:11:37.3823053Z #13 2.787 Get:29 http://deb.debian.org/debian bookworm/main amd64 libkrb5support0 amd64 1.20.1-2+deb12u5 [33.2 kB]
2026-10-08T14:11:37.3827742Z #13 2.787 Get:30 http://deb.debian.org/debian bookworm/main amd64 libk5crypto3 amd64 1.20.1-2+deb12u5 [79.7 kB]
2026-10-08T14:11:37.3832511Z #13 2.788 Get:31 http://deb.debian.org/debian bookworm/main amd64 libkeyutils1 amd64 1.6.3-2 [8808 B]
2026-10-08T14:11:37.3835809Z #13 2.788 Get:32 http://deb.debian.org/debian-security bookworm-security/main amd64 libssl3 amd64 3.0.22-1~deb12u1 [2039 kB]
2026-10-08T14:11:37.3839153Z #13 2.793 Get:33 http://deb.debian.org/debian bookworm/main amd64 libkrb5-3 amd64 1.20.1-2+deb12u5 [332 kB]
2026-10-08T14:11:37.3844003Z #13 2.795 Get:34 http://deb.debian.org/debian bookworm/main amd64 libgssapi-krb5-2 amd64 1.20.1-2+deb12u5 [135 kB]
2026-10-08T14:11:37.3847532Z #13 2.795 Get:35 http://deb.debian.org/debian bookworm/main amd64 libtirpc-common all 1.3.3+ds-1 [14.0 kB]
2026-10-08T14:11:37.3852502Z #13 2.796 Get:36 http://deb.debian.org/debian bookworm/main amd64 libtirpc3 amd64 1.3.3+ds-1 [85.2 kB]
2026-10-08T14:11:37.3854239Z #13 2.804 Get:37 http://deb.debian.org/debian bookworm/main amd64 libnsl2 amd64 1.3.0-2 [39.5 kB]
2026-10-08T14:11:37.4966092Z #13 2.804 Get:38 http://deb.debian.org/debian bookworm/main amd64 libtirpc-dev amd64 1.3.3+ds-1 [191 kB]
2026-10-08T14:11:37.4968621Z #13 2.805 Get:39 http://deb.debian.org/debian bookworm/main amd64 libnsl-dev amd64 1.3.0-2 [66.4 kB]
2026-10-08T14:11:37.4970926Z #13 2.806 Get:40 http://deb.debian.org/debian bookworm/main amd64 rpcsvc-proto amd64 1.4.3-1 [63.3 kB]
2026-10-08T14:11:37.4972502Z #13 2.806 Get:41 http://deb.debian.org/debian bookworm/main amd64 libc6-dev amd64 2.36-9+deb12u14 [1904 kB]
2026-10-08T14:11:37.4973902Z #13 2.919 debconf: delaying package configuration, since apt-utils is not installed
2026-10-08T14:11:37.6997922Z #13 2.947 Fetched 53.5 MB in 0s (160 MB/s)
2026-10-08T14:11:37.6998858Z #13 2.961 Selecting previously unselected package binutils-common:amd64.
2026-10-08T14:11:37.6999596Z #13 2.961 (Reading database ... 
2026-10-08T14:11:37.7000168Z (Reading database ... 5%
2026-10-08T14:11:37.7000974Z (Reading database ... 10%
2026-10-08T14:11:37.7001572Z (Reading database ... 15%
2026-10-08T14:11:37.7002142Z (Reading database ... 20%
2026-10-08T14:11:37.7002693Z (Reading database ... 25%
2026-10-08T14:11:37.7003248Z (Reading database ... 30%
2026-10-08T14:11:37.7003812Z (Reading database ... 35%
2026-10-08T14:11:37.7004404Z (Reading database ... 40%
2026-10-08T14:11:37.7004943Z (Reading database ... 45%
2026-10-08T14:11:37.7005500Z (Reading database ... 50%
2026-10-08T14:11:37.7006064Z (Reading database ... 55%
2026-10-08T14:11:37.7007080Z (Reading database ... 60%
2026-10-08T14:11:37.7007652Z (Reading database ... 65%
2026-10-08T14:11:37.7008212Z (Reading database ... 70%
2026-10-08T14:11:37.7008761Z (Reading database ... 75%
2026-10-08T14:11:37.7009313Z (Reading database ... 80%
2026-10-08T14:11:37.7009867Z (Reading database ... 85%
2026-10-08T14:11:37.7010412Z (Reading database ... 90%
2026-10-08T14:11:37.7011183Z (Reading database ... 95%
2026-10-08T14:11:37.7011741Z (Reading database ... 100%
2026-10-08T14:11:37.7012542Z (Reading database ... 7943 files and directories currently installed.)
2026-10-08T14:11:37.7013415Z #13 2.971 Preparing to unpack .../00-binutils-common_2.40-2_amd64.deb ...
2026-10-08T14:11:37.7014105Z #13 2.972 Unpacking binutils-common:amd64 (2.40-2) ...
2026-10-08T14:11:37.7253058Z #13 3.148 Selecting previously unselected package libbinutils:amd64.
2026-10-08T14:11:37.8256551Z #13 3.149 Preparing to unpack .../01-libbinutils_2.40-2_amd64.deb ...
2026-10-08T14:11:37.8257712Z #13 3.151 Unpacking libbinutils:amd64 (2.40-2) ...
2026-10-08T14:11:37.8258753Z #13 3.201 Selecting previously unselected package libctf-nobfd0:amd64.
2026-10-08T14:11:37.8259808Z #13 3.203 Preparing to unpack .../02-libctf-nobfd0_2.40-2_amd64.deb ...
2026-10-08T14:11:37.8261020Z #13 3.203 Unpacking libctf-nobfd0:amd64 (2.40-2) ...
2026-10-08T14:11:37.8262028Z #13 3.227 Selecting previously unselected package libctf0:amd64.
2026-10-08T14:11:37.8262830Z #13 3.228 Preparing to unpack .../03-libctf0_2.40-2_amd64.deb ...
2026-10-08T14:11:37.8263259Z #13 3.229 Unpacking libctf0:amd64 (2.40-2) ...
2026-10-08T14:11:37.8263720Z #13 3.248 Selecting previously unselected package libgprofng0:amd64.
2026-10-08T14:11:38.0657876Z #13 3.250 Preparing to unpack .../04-libgprofng0_2.40-2_amd64.deb ...
2026-10-08T14:11:38.0659222Z #13 3.251 Unpacking libgprofng0:amd64 (2.40-2) ...
2026-10-08T14:11:38.0660438Z #13 3.318 Selecting previously unselected package libjansson4:amd64.
2026-10-08T14:11:38.0661662Z #13 3.319 Preparing to unpack .../05-libjansson4_2.14-2_amd64.deb ...
2026-10-08T14:11:38.0662502Z #13 3.320 Unpacking libjansson4:amd64 (2.14-2) ...
2026-10-08T14:11:38.0663409Z #13 3.335 Selecting previously unselected package binutils-x86-64-linux-gnu.
2026-10-08T14:11:38.0664521Z #13 3.337 Preparing to unpack .../06-binutils-x86-64-linux-gnu_2.40-2_amd64.deb ...
2026-10-08T14:11:38.0665472Z #13 3.338 Unpacking binutils-x86-64-linux-gnu (2.40-2) ...
2026-10-08T14:11:38.1306823Z #13 3.553 Selecting previously unselected package binutils.
2026-10-08T14:11:38.2318118Z #13 3.555 Preparing to unpack .../07-binutils_2.40-2_amd64.deb ...
2026-10-08T14:11:38.2318744Z #13 3.557 Unpacking binutils (2.40-2) ...
2026-10-08T14:11:38.2319195Z #13 3.591 Selecting previously unselected package libisl23:amd64.
2026-10-08T14:11:38.4422629Z #13 3.594 Preparing to unpack .../08-libisl23_0.25-1.1_amd64.deb ...
2026-10-08T14:11:38.4423263Z #13 3.596 Unpacking libisl23:amd64 (0.25-1.1) ...
2026-10-08T14:11:38.4423837Z #13 3.653 Selecting previously unselected package libmpfr6:amd64.
2026-10-08T14:11:38.4424491Z #13 3.654 Preparing to unpack .../09-libmpfr6_4.2.0-1_amd64.deb ...
2026-10-08T14:11:38.4425014Z #13 3.655 Unpacking libmpfr6:amd64 (4.2.0-1) ...
2026-10-08T14:11:38.4425566Z #13 3.693 Selecting previously unselected package libmpc3:amd64.
2026-10-08T14:11:38.4426175Z #13 3.695 Preparing to unpack .../10-libmpc3_1.3.1-1_amd64.deb ...
2026-10-08T14:11:38.4426686Z #13 3.696 Unpacking libmpc3:amd64 (1.3.1-1) ...
2026-10-08T14:11:38.4427179Z #13 3.712 Selecting previously unselected package cpp-12.
2026-10-08T14:11:38.4427792Z #13 3.713 Preparing to unpack .../11-cpp-12_12.2.0-14+deb12u1_amd64.deb ...
2026-10-08T14:11:38.4428345Z #13 3.714 Unpacking cpp-12 (12.2.0-14+deb12u1) ...
2026-10-08T14:11:38.8337512Z #13 4.256 Selecting previously unselected package cpp.
2026-10-08T14:11:39.0839301Z #13 4.258 Preparing to unpack .../12-cpp_4%3a12.2.0-3_amd64.deb ...
2026-10-08T14:11:39.0840199Z #13 4.259 Unpacking cpp (4:12.2.0-3) ...
2026-10-08T14:11:39.0841263Z #13 4.274 Selecting previously unselected package libcc1-0:amd64.
2026-10-08T14:11:39.0842555Z #13 4.275 Preparing to unpack .../13-libcc1-0_12.2.0-14+deb12u1_amd64.deb ...
2026-10-08T14:11:39.0843189Z #13 4.276 Unpacking libcc1-0:amd64 (12.2.0-14+deb12u1) ...
2026-10-08T14:11:39.0843910Z #13 4.293 Selecting previously unselected package libgomp1:amd64.
2026-10-08T14:11:39.0844689Z #13 4.294 Preparing to unpack .../14-libgomp1_12.2.0-14+deb12u1_amd64.deb ...
2026-10-08T14:11:39.0845311Z #13 4.295 Unpacking libgomp1:amd64 (12.2.0-14+deb12u1) ...
2026-10-08T14:11:39.0846016Z #13 4.316 Selecting previously unselected package libitm1:amd64.
2026-10-08T14:11:39.0846649Z #13 4.317 Preparing to unpack .../15-libitm1_12.2.0-14+deb12u1_amd64.deb ...
2026-10-08T14:11:39.0847203Z #13 4.318 Unpacking libitm1:amd64 (12.2.0-14+deb12u1) ...
2026-10-08T14:11:39.0847731Z #13 4.335 Selecting previously unselected package libatomic1:amd64.
2026-10-08T14:11:39.0848348Z #13 4.336 Preparing to unpack .../16-libatomic1_12.2.0-14+deb12u1_amd64.deb ...
2026-10-08T14:11:39.0848934Z #13 4.337 Unpacking libatomic1:amd64 (12.2.0-14+deb12u1) ...
2026-10-08T14:11:39.0849456Z #13 4.354 Selecting previously unselected package libasan8:amd64.
2026-10-08T14:11:39.0850044Z #13 4.355 Preparing to unpack .../17-libasan8_12.2.0-14+deb12u1_amd64.deb ...
2026-10-08T14:11:39.0850591Z #13 4.356 Unpacking libasan8:amd64 (12.2.0-14+deb12u1) ...
2026-10-08T14:11:39.0999347Z #13 4.522 Selecting previously unselected package liblsan0:amd64.
2026-10-08T14:11:39.3304016Z #13 4.524 Preparing to unpack .../18-liblsan0_12.2.0-14+deb12u1_amd64.deb ...
2026-10-08T14:11:39.3304754Z #13 4.525 Unpacking liblsan0:amd64 (12.2.0-14+deb12u1) ...
2026-10-08T14:11:39.3305281Z #13 4.600 Selecting previously unselected package libtsan2:amd64.
2026-10-08T14:11:39.3306319Z #13 4.601 Preparing to unpack .../19-libtsan2_12.2.0-14+deb12u1_amd64.deb ...
2026-10-08T14:11:39.3306886Z #13 4.602 Unpacking libtsan2:amd64 (12.2.0-14+deb12u1) ...
2026-10-08T14:11:39.3394839Z #13 4.762 Selecting previously unselected package libubsan1:amd64.
2026-10-08T14:11:39.4402088Z #13 4.764 Preparing to unpack .../20-libubsan1_12.2.0-14+deb12u1_amd64.deb ...
2026-10-08T14:11:39.4403209Z #13 4.764 Unpacking libubsan1:amd64 (12.2.0-14+deb12u1) ...
2026-10-08T14:11:39.4404360Z #13 4.837 Selecting previously unselected package libquadmath0:amd64.
2026-10-08T14:11:39.4405468Z #13 4.839 Preparing to unpack .../21-libquadmath0_12.2.0-14+deb12u1_amd64.deb ...
2026-10-08T14:11:39.4406073Z #13 4.839 Unpacking libquadmath0:amd64 (12.2.0-14+deb12u1) ...
2026-10-08T14:11:39.4406579Z #13 4.861 Selecting previously unselected package libgcc-12-dev:amd64.
2026-10-08T14:11:39.4407142Z #13 4.863 Preparing to unpack .../22-libgcc-12-dev_12.2.0-14+deb12u1_amd64.deb ...
2026-10-08T14:11:39.5921066Z #13 4.864 Unpacking libgcc-12-dev:amd64 (12.2.0-14+deb12u1) ...
2026-10-08T14:11:39.6467474Z #13 5.069 Selecting previously unselected package gcc-12.
2026-10-08T14:11:39.7999076Z #13 5.071 Preparing to unpack .../23-gcc-12_12.2.0-14+deb12u1_amd64.deb ...
2026-10-08T14:11:39.8012019Z #13 5.072 Unpacking gcc-12 (12.2.0-14+deb12u1) ...
2026-10-08T14:11:40.3389981Z #13 5.762 Selecting previously unselected package gcc.
2026-10-08T14:11:40.5322399Z #13 5.763 Preparing to unpack .../24-gcc_4%3a12.2.0-3_amd64.deb ...
2026-10-08T14:11:40.5323258Z #13 5.764 Unpacking gcc (4:12.2.0-3) ...
2026-10-08T14:11:40.5324032Z #13 5.781 Selecting previously unselected package libc-dev-bin.
2026-10-08T14:11:40.5325000Z #13 5.782 Preparing to unpack .../25-libc-dev-bin_2.36-9+deb12u14_amd64.deb ...
2026-10-08T14:11:40.5325901Z #13 5.783 Unpacking libc-dev-bin (2.36-9+deb12u14) ...
2026-10-08T14:11:40.5326802Z #13 5.802 Selecting previously unselected package linux-libc-dev:amd64.
2026-10-08T14:11:40.5327883Z #13 5.803 Preparing to unpack .../26-linux-libc-dev_6.1.187-1_amd64.deb ...
2026-10-08T14:11:40.5328787Z #13 5.804 Unpacking linux-libc-dev:amd64 (6.1.187-1) ...
2026-10-08T14:11:40.5915174Z #13 6.014 Selecting previously unselected package libcrypt-dev:amd64.
2026-10-08T14:11:40.8147764Z #13 6.016 Preparing to unpack .../27-libcrypt-dev_1%3a4.4.33-2_amd64.deb ...
2026-10-08T14:11:40.8148673Z #13 6.025 Unpacking libcrypt-dev:amd64 (1:4.4.33-2) ...
2026-10-08T14:11:40.8149495Z #13 6.047 Selecting previously unselected package libkrb5support0:amd64.
2026-10-08T14:11:40.8150545Z #13 6.049 Preparing to unpack .../28-libkrb5support0_1.20.1-2+deb12u5_amd64.deb ...
2026-10-08T14:11:40.8151713Z #13 6.050 Unpacking libkrb5support0:amd64 (1.20.1-2+deb12u5) ...
2026-10-08T14:11:40.8152498Z #13 6.067 Selecting previously unselected package libk5crypto3:amd64.
2026-10-08T14:11:40.8153358Z #13 6.069 Preparing to unpack .../29-libk5crypto3_1.20.1-2+deb12u5_amd64.deb ...
2026-10-08T14:11:40.8154126Z #13 6.069 Unpacking libk5crypto3:amd64 (1.20.1-2+deb12u5) ...
2026-10-08T14:11:40.8154893Z #13 6.089 Selecting previously unselected package libkeyutils1:amd64.
2026-10-08T14:11:40.8155685Z #13 6.090 Preparing to unpack .../30-libkeyutils1_1.6.3-2_amd64.deb ...
2026-10-08T14:11:40.8156369Z #13 6.091 Unpacking libkeyutils1:amd64 (1.6.3-2) ...
2026-10-08T14:11:40.8157216Z #13 6.107 Selecting previously unselected package libssl3:amd64.
2026-10-08T14:11:40.8157999Z #13 6.109 Preparing to unpack .../31-libssl3_3.0.22-1~deb12u1_amd64.deb ...
2026-10-08T14:11:40.8158710Z #13 6.109 Unpacking libssl3:amd64 (3.0.22-1~deb12u1) ...
2026-10-08T14:11:40.8159390Z #13 6.237 Selecting previously unselected package libkrb5-3:amd64.
2026-10-08T14:11:40.9195132Z #13 6.239 Preparing to unpack .../32-libkrb5-3_1.20.1-2+deb12u5_amd64.deb ...
2026-10-08T14:11:40.9196066Z #13 6.242 Unpacking libkrb5-3:amd64 (1.20.1-2+deb12u5) ...
2026-10-08T14:11:40.9196928Z #13 6.278 Selecting previously unselected package libgssapi-krb5-2:amd64.
2026-10-08T14:11:40.9197965Z #13 6.280 Preparing to unpack .../33-libgssapi-krb5-2_1.20.1-2+deb12u5_amd64.deb ...
2026-10-08T14:11:40.9198859Z #13 6.280 Unpacking libgssapi-krb5-2:amd64 (1.20.1-2+deb12u5) ...
2026-10-08T14:11:40.9199663Z #13 6.303 Selecting previously unselected package libtirpc-common.
2026-10-08T14:11:40.9200516Z #13 6.304 Preparing to unpack .../34-libtirpc-common_1.3.3+ds-1_all.deb ...
2026-10-08T14:11:40.9202670Z #13 6.305 Unpacking libtirpc-common (1.3.3+ds-1) ...
2026-10-08T14:11:40.9203402Z #13 6.320 Selecting previously unselected package libtirpc3:amd64.
2026-10-08T14:11:40.9204196Z #13 6.322 Preparing to unpack .../35-libtirpc3_1.3.3+ds-1_amd64.deb ...
2026-10-08T14:11:40.9204892Z #13 6.323 Unpacking libtirpc3:amd64 (1.3.3+ds-1) ...
2026-10-08T14:11:40.9205574Z #13 6.342 Selecting previously unselected package libnsl2:amd64.
2026-10-08T14:11:41.1627978Z #13 6.344 Preparing to unpack .../36-libnsl2_1.3.0-2_amd64.deb ...
2026-10-08T14:11:41.1628618Z #13 6.345 Unpacking libnsl2:amd64 (1.3.0-2) ...
2026-10-08T14:11:41.1629408Z #13 6.361 Selecting previously unselected package libtirpc-dev:amd64.
2026-10-08T14:11:41.1629979Z #13 6.363 Preparing to unpack .../37-libtirpc-dev_1.3.3+ds-1_amd64.deb ...
2026-10-08T14:11:41.1630470Z #13 6.364 Unpacking libtirpc-dev:amd64 (1.3.3+ds-1) ...
2026-10-08T14:11:41.1631314Z #13 6.389 Selecting previously unselected package libnsl-dev:amd64.
2026-10-08T14:11:41.1631996Z #13 6.390 Preparing to unpack .../38-libnsl-dev_1.3.0-2_amd64.deb ...
2026-10-08T14:11:41.1632443Z #13 6.391 Unpacking libnsl-dev:amd64 (1.3.0-2) ...
2026-10-08T14:11:41.1632884Z #13 6.409 Selecting previously unselected package rpcsvc-proto.
2026-10-08T14:11:41.1633382Z #13 6.411 Preparing to unpack .../39-rpcsvc-proto_1.4.3-1_amd64.deb ...
2026-10-08T14:11:41.1634143Z #13 6.412 Unpacking rpcsvc-proto (1.4.3-1) ...
2026-10-08T14:11:41.1634862Z #13 6.432 Selecting previously unselected package libc6-dev:amd64.
2026-10-08T14:11:41.1635395Z #13 6.434 Preparing to unpack .../40-libc6-dev_2.36-9+deb12u14_amd64.deb ...
2026-10-08T14:11:41.1635884Z #13 6.435 Unpacking libc6-dev:amd64 (2.36-9+deb12u14) ...
2026-10-08T14:11:41.1895341Z #13 6.612 Setting up libkeyutils1:amd64 (1.6.3-2) ...
2026-10-08T14:11:41.3944202Z #13 6.614 Setting up libtirpc-common (1.3.3+ds-1) ...
2026-10-08T14:11:41.3945178Z #13 6.617 Setting up binutils-common:amd64 (2.40-2) ...
2026-10-08T14:11:41.3945633Z #13 6.620 Setting up libssl3:amd64 (3.0.22-1~deb12u1) ...
2026-10-08T14:11:41.3946074Z #13 6.622 Setting up linux-libc-dev:amd64 (6.1.187-1) ...
2026-10-08T14:11:41.3946489Z #13 6.623 Setting up libctf-nobfd0:amd64 (2.40-2) ...
2026-10-08T14:11:41.3946901Z #13 6.625 Setting up libgomp1:amd64 (12.2.0-14+deb12u1) ...
2026-10-08T14:11:41.3947309Z #13 6.627 Setting up libjansson4:amd64 (2.14-2) ...
2026-10-08T14:11:41.3947740Z #13 6.629 Setting up libkrb5support0:amd64 (1.20.1-2+deb12u5) ...
2026-10-08T14:11:41.3948176Z #13 6.631 Setting up rpcsvc-proto (1.4.3-1) ...
2026-10-08T14:11:41.3948564Z #13 6.633 Setting up libmpfr6:amd64 (4.2.0-1) ...
2026-10-08T14:11:41.3948989Z #13 6.635 Setting up libquadmath0:amd64 (12.2.0-14+deb12u1) ...
2026-10-08T14:11:41.3949392Z #13 6.637 Setting up libmpc3:amd64 (1.3.1-1) ...
2026-10-08T14:11:41.3949794Z #13 6.639 Setting up libatomic1:amd64 (12.2.0-14+deb12u1) ...
2026-10-08T14:11:41.3950255Z #13 6.641 Setting up libk5crypto3:amd64 (1.20.1-2+deb12u5) ...
2026-10-08T14:11:41.3950686Z #13 6.642 Setting up libubsan1:amd64 (12.2.0-14+deb12u1) ...
2026-10-08T14:11:41.3951532Z #13 6.644 Setting up libcrypt-dev:amd64 (1:4.4.33-2) ...
2026-10-08T14:11:41.3951957Z #13 6.651 Setting up libasan8:amd64 (12.2.0-14+deb12u1) ...
2026-10-08T14:11:41.3952369Z #13 6.653 Setting up libkrb5-3:amd64 (1.20.1-2+deb12u5) ...
2026-10-08T14:11:41.3952775Z #13 6.655 Setting up libtsan2:amd64 (12.2.0-14+deb12u1) ...
2026-10-08T14:11:41.3953174Z #13 6.657 Setting up libbinutils:amd64 (2.40-2) ...
2026-10-08T14:11:41.3953547Z #13 6.659 Setting up libisl23:amd64 (0.25-1.1) ...
2026-10-08T14:11:41.3953932Z #13 6.661 Setting up libc-dev-bin (2.36-9+deb12u14) ...
2026-10-08T14:11:41.3954346Z #13 6.663 Setting up libcc1-0:amd64 (12.2.0-14+deb12u1) ...
2026-10-08T14:11:41.3955101Z #13 6.665 Setting up liblsan0:amd64 (12.2.0-14+deb12u1) ...
2026-10-08T14:11:41.3955852Z #13 6.667 Setting up libitm1:amd64 (12.2.0-14+deb12u1) ...
2026-10-08T14:11:41.3956536Z #13 6.669 Setting up libctf0:amd64 (2.40-2) ...
2026-10-08T14:11:41.3957181Z #13 6.671 Setting up cpp-12 (12.2.0-14+deb12u1) ...
2026-10-08T14:11:41.3957845Z #13 6.673 Setting up libgprofng0:amd64 (2.40-2) ...
2026-10-08T14:11:41.3958600Z #13 6.675 Setting up libgcc-12-dev:amd64 (12.2.0-14+deb12u1) ...
2026-10-08T14:11:41.3959450Z #13 6.677 Setting up libgssapi-krb5-2:amd64 (1.20.1-2+deb12u5) ...
2026-10-08T14:11:41.3960147Z #13 6.683 Setting up cpp (4:12.2.0-3) ...
2026-10-08T14:11:41.3961026Z #13 6.688 Setting up binutils-x86-64-linux-gnu (2.40-2) ...
2026-10-08T14:11:41.3961756Z #13 6.690 Setting up libtirpc3:amd64 (1.3.3+ds-1) ...
2026-10-08T14:11:41.3962555Z #13 6.692 Setting up binutils (2.40-2) ...
2026-10-08T14:11:41.3963486Z #13 6.694 Setting up libtirpc-dev:amd64 (1.3.3+ds-1) ...
2026-10-08T14:11:41.3964185Z #13 6.696 Setting up gcc-12 (12.2.0-14+deb12u1) ...
2026-10-08T14:11:41.3964859Z #13 6.698 Setting up libnsl2:amd64 (1.3.0-2) ...
2026-10-08T14:11:41.3965470Z #13 6.700 Setting up gcc (4:12.2.0-3) ...
2026-10-08T14:11:41.3966114Z #13 6.707 Setting up libnsl-dev:amd64 (1.3.0-2) ...
2026-10-08T14:11:41.3966852Z #13 6.709 Setting up libc6-dev:amd64 (2.36-9+deb12u14) ...
2026-10-08T14:11:41.3967652Z #13 6.712 Processing triggers for libc-bin (2.36-9+deb12u14) ...
2026-10-08T14:11:41.8322598Z #13 6.817 Reading package lists...
2026-10-08T14:11:41.9502609Z #13 7.267 Building dependency tree...
2026-10-08T14:11:42.0581170Z #13 7.373 Reading state information...
2026-10-08T14:11:42.0582234Z #13 7.471 The following packages were automatically installed and are no longer required:
2026-10-08T14:11:42.0583523Z #13 7.471   binutils binutils-common binutils-x86-64-linux-gnu cpp cpp-12 gcc-12
2026-10-08T14:11:42.0584725Z #13 7.471   libasan8 libatomic1 libbinutils libc-dev-bin libcc1-0 libcrypt-dev
2026-10-08T14:11:42.0585897Z #13 7.471   libctf-nobfd0 libctf0 libgcc-12-dev libgomp1 libgprofng0 libgssapi-krb5-2
2026-10-08T14:11:42.0587162Z #13 7.471   libisl23 libitm1 libjansson4 libk5crypto3 libkeyutils1 libkrb5-3
2026-10-08T14:11:42.0588786Z #13 7.471   libkrb5support0 liblsan0 libmpc3 libmpfr6 libnsl-dev libnsl2 libquadmath0
2026-10-08T14:11:42.0589900Z #13 7.472   libssl3 libtirpc-common libtirpc-dev libtirpc3 libtsan2 libubsan1
2026-10-08T14:11:42.0590706Z #13 7.472   linux-libc-dev rpcsvc-proto
2026-10-08T14:11:42.0591613Z #13 7.472 Use 'apt autoremove' to remove them.
2026-10-08T14:11:42.0592344Z #13 7.481 The following packages will be REMOVED:
2026-10-08T14:11:42.1956850Z #13 7.481   gcc* libc6-dev*
2026-10-08T14:11:42.1957688Z #13 7.618 0 upgraded, 0 newly installed, 2 to remove and 1 not upgraded.
2026-10-08T14:11:42.1958593Z #13 7.618 After this operation, 12.3 MB disk space will be freed.
2026-10-08T14:11:42.2957338Z #13 7.625 (Reading database ... 
2026-10-08T14:11:42.2957715Z (Reading database ... 5%
2026-10-08T14:11:42.2957989Z (Reading database ... 10%
2026-10-08T14:11:42.2958242Z (Reading database ... 15%
2026-10-08T14:11:42.2958491Z (Reading database ... 20%
2026-10-08T14:11:42.2958750Z (Reading database ... 25%
2026-10-08T14:11:42.2958997Z (Reading database ... 30%
2026-10-08T14:11:42.2959232Z (Reading database ... 35%
2026-10-08T14:11:42.2959472Z (Reading database ... 40%
2026-10-08T14:11:42.2959711Z (Reading database ... 45%
2026-10-08T14:11:42.2959960Z (Reading database ... 50%
2026-10-08T14:11:42.2960198Z (Reading database ... 55%
2026-10-08T14:11:42.2960437Z (Reading database ... 60%
2026-10-08T14:11:42.2960672Z (Reading database ... 65%
2026-10-08T14:11:42.2961189Z (Reading database ... 70%
2026-10-08T14:11:42.2961442Z (Reading database ... 75%
2026-10-08T14:11:42.2961687Z (Reading database ... 80%
2026-10-08T14:11:42.2961937Z (Reading database ... 85%
2026-10-08T14:11:42.2962173Z (Reading database ... 90%
2026-10-08T14:11:42.2962424Z (Reading database ... 95%
2026-10-08T14:11:42.2962666Z (Reading database ... 100%
2026-10-08T14:11:42.2963080Z (Reading database ... 10403 files and directories currently installed.)
2026-10-08T14:11:42.2963532Z #13 7.635 Removing gcc (4:12.2.0-3) ...
2026-10-08T14:11:42.2963923Z #13 7.649 Removing libc6-dev:amd64 (2.36-9+deb12u14) ...
2026-10-08T14:11:42.7253139Z #13 7.718 Reading package lists...
2026-10-08T14:11:42.8562089Z #13 8.161 Building dependency tree...
2026-10-08T14:11:42.9609939Z #13 8.279 Reading state information...
2026-10-08T14:11:42.9611309Z #13 8.383 The following packages will be REMOVED:
2026-10-08T14:11:42.9612718Z #13 8.383   binutils binutils-common binutils-x86-64-linux-gnu cpp cpp-12 gcc-12
2026-10-08T14:11:43.1022072Z #13 8.383   libasan8 libatomic1 libbinutils libc-dev-bin libcc1-0 libcrypt-dev
2026-10-08T14:11:43.1023299Z #13 8.384   libctf-nobfd0 libctf0 libgcc-12-dev libgomp1 libgprofng0 libgssapi-krb5-2
2026-10-08T14:11:43.1024341Z #13 8.384   libisl23 libitm1 libjansson4 libk5crypto3 libkeyutils1 libkrb5-3
2026-10-08T14:11:43.1024994Z #13 8.384   libkrb5support0 liblsan0 libmpc3 libmpfr6 libnsl-dev libnsl2 libquadmath0
2026-10-08T14:11:43.1025621Z #13 8.384   libssl3 libtirpc-common libtirpc-dev libtirpc3 libtsan2 libubsan1
2026-10-08T14:11:43.1026081Z #13 8.384   linux-libc-dev rpcsvc-proto
2026-10-08T14:11:43.1026518Z #13 8.525 0 upgraded, 0 newly installed, 39 to remove and 1 not upgraded.
2026-10-08T14:11:43.1027033Z #13 8.525 After this operation, 198 MB disk space will be freed.
2026-10-08T14:11:43.2101425Z #13 8.531 (Reading database ... 
2026-10-08T14:11:43.2102029Z (Reading database ... 5%
2026-10-08T14:11:43.2102351Z (Reading database ... 10%
2026-10-08T14:11:43.2102619Z (Reading database ... 15%
2026-10-08T14:11:43.2102885Z (Reading database ... 20%
2026-10-08T14:11:43.2103244Z (Reading database ... 25%
2026-10-08T14:11:43.2103510Z (Reading database ... 30%
2026-10-08T14:11:43.2103764Z (Reading database ... 35%
2026-10-08T14:11:43.2104018Z (Reading database ... 40%
2026-10-08T14:11:43.2104304Z (Reading database ... 45%
2026-10-08T14:11:43.2104558Z (Reading database ... 50%
2026-10-08T14:11:43.2104811Z (Reading database ... 55%
2026-10-08T14:11:43.2105061Z (Reading database ... 60%
2026-10-08T14:11:43.2105604Z (Reading database ... 65%
2026-10-08T14:11:43.2112780Z (Reading database ... 70%
2026-10-08T14:11:43.2113161Z (Reading database ... 75%
2026-10-08T14:11:43.2113445Z (Reading database ... 80%
2026-10-08T14:11:43.2113723Z (Reading database ... 85%
2026-10-08T14:11:43.2113979Z (Reading database ... 90%
2026-10-08T14:11:43.2114226Z (Reading database ... 95%
2026-10-08T14:11:43.2114478Z (Reading database ... 100%
2026-10-08T14:11:43.2114908Z (Reading database ... 9833 files and directories currently installed.)
2026-10-08T14:11:43.2115399Z #13 8.543 Removing gcc-12 (12.2.0-14+deb12u1) ...
2026-10-08T14:11:43.2115773Z #13 8.570 Removing binutils (2.40-2) ...
2026-10-08T14:11:43.2116166Z #13 8.579 Removing binutils-x86-64-linux-gnu (2.40-2) ...
2026-10-08T14:11:43.2116595Z #13 8.597 Removing libgprofng0:amd64 (2.40-2) ...
2026-10-08T14:11:43.2116964Z #13 8.608 Removing libctf0:amd64 (2.40-2) ...
2026-10-08T14:11:43.2117334Z #13 8.616 Removing libbinutils:amd64 (2.40-2) ...
2026-10-08T14:11:43.2117743Z #13 8.624 Removing binutils-common:amd64 (2.40-2) ...
2026-10-08T14:11:43.2118128Z #13 8.633 Removing cpp (4:12.2.0-3) ...
2026-10-08T14:11:43.3157289Z #13 8.644 Removing cpp-12 (12.2.0-14+deb12u1) ...
2026-10-08T14:11:43.3158330Z #13 8.660 Removing libgcc-12-dev:amd64 (12.2.0-14+deb12u1) ...
2026-10-08T14:11:43.3159567Z #13 8.679 Removing libasan8:amd64 (12.2.0-14+deb12u1) ...
2026-10-08T14:11:43.3160529Z #13 8.689 Removing libatomic1:amd64 (12.2.0-14+deb12u1) ...
2026-10-08T14:11:43.3161375Z #13 8.697 Removing libc-dev-bin (2.36-9+deb12u14) ...
2026-10-08T14:11:43.3161869Z #13 8.705 Removing libcc1-0:amd64 (12.2.0-14+deb12u1) ...
2026-10-08T14:11:43.3162570Z #13 8.713 Removing libcrypt-dev:amd64 (1:4.4.33-2) ...
2026-10-08T14:11:43.3163097Z #13 8.730 Removing libctf-nobfd0:amd64 (2.40-2) ...
2026-10-08T14:11:43.3163677Z #13 8.738 Removing libgomp1:amd64 (12.2.0-14+deb12u1) ...
2026-10-08T14:11:43.4197303Z #13 8.747 Removing libnsl-dev:amd64 (1.3.0-2) ...
2026-10-08T14:11:43.4198115Z #13 8.756 Removing libtirpc-dev:amd64 (1.3.3+ds-1) ...
2026-10-08T14:11:43.4198612Z #13 8.766 Removing libnsl2:amd64 (1.3.0-2) ...
2026-10-08T14:11:43.4199211Z #13 8.773 Removing libtirpc3:amd64 (1.3.3+ds-1) ...
2026-10-08T14:11:43.4199775Z #13 8.784 Removing libgssapi-krb5-2:amd64 (1.20.1-2+deb12u5) ...
2026-10-08T14:11:43.4200423Z #13 8.793 Removing libisl23:amd64 (0.25-1.1) ...
2026-10-08T14:11:43.4201391Z #13 8.801 Removing libitm1:amd64 (12.2.0-14+deb12u1) ...
2026-10-08T14:11:43.4201999Z #13 8.810 Removing libjansson4:amd64 (2.14-2) ...
2026-10-08T14:11:43.4202574Z #13 8.818 Removing libkrb5-3:amd64 (1.20.1-2+deb12u5) ...
2026-10-08T14:11:43.4203079Z #13 8.826 Removing libk5crypto3:amd64 (1.20.1-2+deb12u5) ...
2026-10-08T14:11:43.4203564Z #13 8.834 Removing libkeyutils1:amd64 (1.6.3-2) ...
2026-10-08T14:11:43.4204590Z #13 8.842 Removing libkrb5support0:amd64 (1.20.1-2+deb12u5) ...
2026-10-08T14:11:43.5224581Z #13 8.851 Removing liblsan0:amd64 (12.2.0-14+deb12u1) ...
2026-10-08T14:11:43.5225411Z #13 8.860 Removing libmpc3:amd64 (1.3.1-1) ...
2026-10-08T14:11:43.5226147Z #13 8.868 Removing libmpfr6:amd64 (4.2.0-1) ...
2026-10-08T14:11:43.5226916Z #13 8.877 Removing libquadmath0:amd64 (12.2.0-14+deb12u1) ...
2026-10-08T14:11:43.5227737Z #13 8.885 Removing libssl3:amd64 (3.0.22-1~deb12u1) ...
2026-10-08T14:11:43.5228226Z #13 8.897 Removing libtirpc-common (1.3.3+ds-1) ...
2026-10-08T14:11:43.5228784Z #13 8.903 Removing libtsan2:amd64 (12.2.0-14+deb12u1) ...
2026-10-08T14:11:43.5229357Z #13 8.913 Removing libubsan1:amd64 (12.2.0-14+deb12u1) ...
2026-10-08T14:11:43.5229766Z #13 8.945 Removing linux-libc-dev:amd64 (6.1.187-1) ...
2026-10-08T14:11:43.6327501Z #13 8.998 Removing rpcsvc-proto (1.4.3-1) ...
2026-10-08T14:11:43.6328594Z #13 9.019 Processing triggers for libc-bin (2.36-9+deb12u14) ...
2026-10-08T14:11:43.6329527Z #13 DONE 9.1s
2026-10-08T14:11:43.7858233Z 
2026-10-08T14:11:43.7858806Z #14 [ 9/11] RUN pnpm build
2026-10-08T14:11:44.2056116Z #14 0.572 
2026-10-08T14:11:44.2056642Z #14 0.572 > cocreate@1.0.0 build /app
2026-10-08T14:11:44.2057587Z #14 0.572 > tsc --noEmit && vite build --configLoader runner
2026-10-08T14:11:44.2057949Z #14 0.572 
2026-10-08T14:11:51.9437016Z #14 8.310 vite v7.3.6 building client environment for production...
2026-10-08T14:11:52.1643818Z #14 8.380 transforming...
2026-10-08T14:11:55.8186786Z #14 12.18 ✓ 1749 modules transformed.
2026-10-08T14:11:56.0661703Z #14 12.43 rendering chunks...
2026-10-08T14:11:56.3252910Z #14 12.69 computing gzip size...
2026-10-08T14:11:56.4381449Z #14 12.71 dist/index.html                             0.44 kB │ gzip:   0.30 kB
2026-10-08T14:11:56.4383058Z #14 12.71 dist/assets/App-BqUO_rW7.css                2.56 kB │ gzip:   0.85 kB
2026-10-08T14:11:56.4384975Z #14 12.71 dist/assets/LandingPage-CNj4pefA.css       13.13 kB │ gzip:   2.95 kB
2026-10-08T14:11:56.4386556Z #14 12.71 dist/assets/index-cyLHvudv.css             75.38 kB │ gzip:  14.48 kB
2026-10-08T14:11:56.4388180Z #14 12.72 dist/assets/users-BIdyuxqP.js               0.69 kB │ gzip:   0.39 kB
2026-10-08T14:11:56.4389412Z #14 12.72 dist/assets/createLucideIcon-DcEYS1mU.js    0.89 kB │ gzip:   0.55 kB
2026-10-08T14:11:56.4390950Z #14 12.72 dist/assets/x-DO2zMSIY.js                   1.70 kB │ gzip:   0.78 kB
2026-10-08T14:11:56.4392473Z #14 12.72 dist/assets/LandingPage-DCr6qHiF.js        15.33 kB │ gzip:   4.92 kB
2026-10-08T14:11:56.4394277Z #14 12.72 dist/assets/ProjectApp-DXmAqhy1.js         29.68 kB │ gzip:   9.01 kB
2026-10-08T14:11:56.4395468Z #14 12.72 dist/assets/index-BPNFqXSv.js             421.95 kB │ gzip: 121.32 kB
2026-10-08T14:11:56.4396623Z #14 12.72 dist/assets/App-DhzRZNRs.js               583.75 kB │ gzip: 185.76 kB
2026-10-08T14:11:56.4397280Z #14 12.72 
2026-10-08T14:11:56.4397967Z #14 12.72 (!) Some chunks are larger than 500 kB after minification. Consider:
2026-10-08T14:11:56.4400142Z #14 12.72 - Using dynamic import() to code-split the application
2026-10-08T14:11:56.4402751Z #14 12.72 - Use build.rollupOptions.output.manualChunks to improve chunking: https://rollupjs.org/configuration-options/#output-manualchunks
2026-10-08T14:11:56.4404883Z #14 12.72 - Adjust chunk size limit for this warning via build.chunkSizeWarningLimit.
2026-10-08T14:11:56.4405816Z #14 12.72 ✓ built in 4.38s
2026-10-08T14:11:56.4406217Z #14 DONE 12.8s
2026-10-08T14:11:56.5882649Z 
2026-10-08T14:11:56.5883529Z #15 [10/11] RUN node scripts/release-fingerprint.mjs --write-image
2026-10-08T14:11:56.6320121Z #15 0.194 {"fingerprint":"42b5e726b9bffc2708ffe52b7670af803a1dfcb39c7ff6ba36aabf6dfffeb2c4","sourceFiles":87,"scope":"Source/build input attestation only; not runtime acceptance"}
2026-10-08T14:11:56.7925845Z #15 DONE 0.2s
2026-10-08T14:11:56.7926132Z 
2026-10-08T14:11:56.7927759Z #16 [11/11] RUN pnpm exec tsx scripts/prepare-isolation.ts --files-only && mkdir -p /app/data /app/generated && chown -R node:node /app/.runtime /app/data /app/generated
2026-10-08T14:11:57.3231950Z #16 0.681 {"policy":"isolated-compile-v1","platform":"linux","scope":"Trusted files prepared; kernel boundary not exercised"}
2026-10-08T14:11:57.5139557Z #16 DONE 0.7s
2026-10-08T14:11:57.5139817Z 
2026-10-08T14:11:57.5140035Z #17 exporting to image
2026-10-08T14:11:57.5140495Z #17 exporting layers
2026-10-08T14:12:07.9439282Z #17 exporting layers 10.6s done
2026-10-08T14:12:07.9645877Z #17 writing image sha256:9acb95fbb8dfb8d5d4714c169c1adb0c4b857daab3785bf2401b8429d045a01a done
2026-10-08T14:12:07.9655114Z #17 naming to docker.io/library/cocreate-check done
2026-10-08T14:12:07.9655687Z #17 DONE 10.6s
2026-10-08T14:12:07.9658196Z 
2026-10-08T14:12:07.9663366Z  [33m4 warnings found (use docker --debug to expand):
2026-10-08T14:12:07.9664865Z [0m - SecretsUsedInArgOrEnv: Do not use ARG or ENV instructions for sensitive data (ARG "VITE_SUPABASE_PUBLISHABLE_KEY") (line 15)
2026-10-08T14:12:07.9666437Z  - SecretsUsedInArgOrEnv: Do not use ARG or ENV instructions for sensitive data (ENV "VITE_COCREATE_AUTH_MODE") (line 16)
2026-10-08T14:12:07.9667469Z  - SecretsUsedInArgOrEnv: Do not use ARG or ENV instructions for sensitive data (ENV "VITE_SUPABASE_PUBLISHABLE_KEY") (line 19)
2026-10-08T14:12:07.9669574Z  - SecretsUsedInArgOrEnv: Do not use ARG or ENV instructions for sensitive data (ARG "VITE_COCREATE_AUTH_MODE") (line 12)
2026-10-08T14:12:07.9822772Z ##[group]Run root="/sys/fs/cgroup/cocreate-ci-${GITHUB_RUN_ID}-${GITHUB_RUN_ATTEMPT}"
2026-10-08T14:12:07.9823403Z [36;1mroot="/sys/fs/cgroup/cocreate-ci-${GITHUB_RUN_ID}-${GITHUB_RUN_ATTEMPT}"[0m
2026-10-08T14:12:07.9823868Z [36;1msudo sh scripts/prepare-ci-cgroup.sh "$root"[0m
2026-10-08T14:12:07.9824247Z [36;1mecho "COCREATE_CI_CGROUP_ROOT=$root" >> "$GITHUB_ENV"[0m
2026-10-08T14:12:07.9896317Z shell: /usr/bin/bash -e {0}
2026-10-08T14:12:07.9896564Z env:
2026-10-08T14:12:07.9896826Z   PNPM_HOME: /home/runner/setup-pnpm/node_modules/.bin
2026-10-08T14:12:07.9897141Z ##[endgroup]
2026-10-08T14:12:08.0166002Z ##[group]Run sh scripts/run-linux-check.sh node --import tsx scripts/prepare-isolation.ts
2026-10-08T14:12:08.0166666Z [36;1msh scripts/run-linux-check.sh node --import tsx scripts/prepare-isolation.ts[0m
2026-10-08T14:12:08.0235241Z shell: /usr/bin/bash -e {0}
2026-10-08T14:12:08.0235489Z env:
2026-10-08T14:12:08.0235747Z   PNPM_HOME: /home/runner/setup-pnpm/node_modules/.bin
2026-10-08T14:12:08.0236158Z   COCREATE_CI_CGROUP_ROOT: /sys/fs/cgroup/cocreate-ci-37790296864-1
2026-10-08T14:12:08.0236517Z ##[endgroup]
2026-10-08T14:12:08.7429438Z {"policy":"isolated-compile-v1","platform":"linux","scope":"Actual OS boundary preflight passed; no inference"}
2026-10-08T14:12:08.8058301Z ##[group]Run sh scripts/run-linux-check.sh node --import tsx --input-type=module -e 'import {assertVerificationBrowserAvailable} from "./server/isolation/browser.ts"; await assertVerificationBrowserAvailable(); console.log("Actual Linux browser boundary passed; no inference");'
2026-10-08T14:12:08.8060298Z [36;1msh scripts/run-linux-check.sh node --import tsx --input-type=module -e 'import {assertVerificationBrowserAvailable} from "./server/isolation/browser.ts"; await assertVerificationBrowserAvailable(); console.log("Actual Linux browser boundary passed; no inference");'[0m
2026-10-08T14:12:08.8132469Z shell: /usr/bin/bash -e {0}
2026-10-08T14:12:08.8132722Z env:
2026-10-08T14:12:08.8132980Z   PNPM_HOME: /home/runner/setup-pnpm/node_modules/.bin
2026-10-08T14:12:08.8133398Z   COCREATE_CI_CGROUP_ROOT: /sys/fs/cgroup/cocreate-ci-37790296864-1
2026-10-08T14:12:08.8133748Z ##[endgroup]
2026-10-08T14:12:09.2392587Z Actual Linux browser boundary passed; no inference
2026-10-08T14:12:09.2946205Z ##[group]Run sh scripts/run-linux-check.sh node --import tsx --test --test-concurrency=1 tests/generated-isolation.test.ts
2026-10-08T14:12:09.2947097Z [36;1msh scripts/run-linux-check.sh node --import tsx --test --test-concurrency=1 tests/generated-isolation.test.ts[0m
2026-10-08T14:12:09.3018402Z shell: /usr/bin/bash -e {0}
2026-10-08T14:12:09.3018645Z env:
2026-10-08T14:12:09.3018898Z   PNPM_HOME: /home/runner/setup-pnpm/node_modules/.bin
2026-10-08T14:12:09.3019308Z   COCREATE_CI_CGROUP_ROOT: /sys/fs/cgroup/cocreate-ci-37790296864-1
2026-10-08T14:12:09.3019684Z ##[endgroup]
2026-10-08T14:12:09.4809126Z TAP version 13
2026-10-08T14:12:13.7209607Z # Subtest: ordinary compilation runs in the real OS boundary and never evaluates candidate top-level code
2026-10-08T14:12:13.7211373Z ok 1 - ordinary compilation runs in the real OS boundary and never evaluates candidate top-level code
2026-10-08T14:12:13.7216296Z   ---
2026-10-08T14:12:13.7216854Z   duration_ms: 4054.990918
2026-10-08T14:12:13.7217724Z   type: 'test'
2026-10-08T14:12:13.7218436Z   ...
2026-10-08T14:12:13.7786365Z # Subtest: OS boundary without Node permissions denies an existing private host file, writes and live loopback network
2026-10-08T14:12:13.7788066Z ok 2 - OS boundary without Node permissions denies an existing private host file, writes and live loopback network
2026-10-08T14:12:13.7788959Z   ---
2026-10-08T14:12:13.7789284Z   duration_ms: 62.131946
2026-10-08T14:12:13.7789667Z   type: 'test'
2026-10-08T14:12:13.7789986Z   ...
2026-10-08T14:12:13.8422129Z # Subtest: restricted process strips injection/secrets and denies subprocesses, workers and cross-workspace reads
2026-10-08T14:12:13.8424551Z ok 3 - restricted process strips injection/secrets and denies subprocesses, workers and cross-workspace reads
2026-10-08T14:12:13.8425564Z   ---
2026-10-08T14:12:13.8425964Z   duration_ms: 55.184498
2026-10-08T14:12:13.8426448Z   type: 'test'
2026-10-08T14:12:13.8426850Z   ...
2026-10-08T14:12:20.0040607Z # Subtest: candidate imports cannot read absolute files, traverse workspaces or download packages/styles
2026-10-08T14:12:20.0047570Z ok 4 - candidate imports cannot read absolute files, traverse workspaces or download packages/styles
2026-10-08T14:12:20.0048411Z   ---
2026-10-08T14:12:20.0048757Z   duration_ms: 6173.232256
2026-10-08T14:12:20.0049149Z   type: 'test'
2026-10-08T14:12:20.0049475Z   ...
2026-10-08T14:12:21.0117504Z # Subtest: wall timeout terminates a running child and cleans its private input
2026-10-08T14:12:21.0118751Z ok 5 - wall timeout terminates a running child and cleans its private input
2026-10-08T14:12:21.0119446Z   ---
2026-10-08T14:12:21.0119781Z   duration_ms: 1007.857415
2026-10-08T14:12:21.0120024Z   type: 'test'
2026-10-08T14:12:21.0120223Z   ...
2026-10-08T14:12:21.0181488Z # Subtest: cancellation waits for real child termination and cleanup; pre-abort starts nothing
2026-10-08T14:12:21.0185691Z ok 6 - cancellation waits for real child termination and cleanup; pre-abort starts nothing
2026-10-08T14:12:21.0186492Z   ---
2026-10-08T14:12:21.0186837Z   duration_ms: 7.294535
2026-10-08T14:12:21.0187214Z   type: 'test'
2026-10-08T14:12:21.0187535Z   ...
2026-10-08T14:12:21.6875433Z # Subtest: memory exhaustion cannot escape the OS bound and leaves no child work
2026-10-08T14:12:21.6881002Z ok 7 - memory exhaustion cannot escape the OS bound and leaves no child work
2026-10-08T14:12:21.6883522Z   ---
2026-10-08T14:12:21.6883885Z   duration_ms: 667.600027
2026-10-08T14:12:21.6886561Z   type: 'test'
2026-10-08T14:12:21.6886945Z   ...
2026-10-08T14:12:21.6893777Z # Subtest: unavailable isolation fails explicitly and cannot fall back to host compilation
2026-10-08T14:12:21.6902013Z ok 8 - unavailable isolation fails explicitly and cannot fall back to host compilation
2026-10-08T14:12:21.6903436Z   ---
2026-10-08T14:12:21.6904209Z   duration_ms: 0.724163
2026-10-08T14:12:21.6904669Z   type: 'test'
2026-10-08T14:12:21.6905033Z   ...
2026-10-08T14:12:31.6993716Z # Subtest: CPU bound stops a busy child before the longer wall deadline
2026-10-08T14:12:31.6997800Z ok 9 - CPU bound stops a busy child before the longer wall deadline
2026-10-08T14:12:31.6998491Z   ---
2026-10-08T14:12:31.6998833Z   duration_ms: 10011.372658
2026-10-08T14:12:31.6999238Z   type: 'test'
2026-10-08T14:12:31.6999554Z   ...
2026-10-08T14:12:31.8602430Z # Subtest: untrusted output is bounded before it reaches application memory or artifacts
2026-10-08T14:12:31.8612089Z ok 10 - untrusted output is bounded before it reaches application memory or artifacts
2026-10-08T14:12:31.8612550Z   ---
2026-10-08T14:12:31.8612789Z   duration_ms: 163.572179
2026-10-08T14:12:31.8613020Z   type: 'test'
2026-10-08T14:12:31.8613217Z   ...
2026-10-08T14:12:31.8756808Z 1..10
2026-10-08T14:12:31.8757078Z # tests 10
2026-10-08T14:12:31.8776607Z # suites 0
2026-10-08T14:12:31.8776934Z # pass 10
2026-10-08T14:12:31.8777161Z # fail 0
2026-10-08T14:12:31.8777391Z # cancelled 0
2026-10-08T14:12:31.8777644Z # skipped 0
2026-10-08T14:12:31.8777869Z # todo 0
2026-10-08T14:12:31.8778150Z # duration_ms 22407.539197
2026-10-08T14:12:31.9311600Z ##[group]Run sh scripts/run-linux-check.sh node --import tsx --test --test-concurrency=1 tests/linux-cgroup-isolation.test.ts tests/candidate-verification.test.ts
2026-10-08T14:12:31.9313199Z [36;1msh scripts/run-linux-check.sh node --import tsx --test --test-concurrency=1 tests/linux-cgroup-isolation.test.ts tests/candidate-verification.test.ts[0m
2026-10-08T14:12:31.9386002Z shell: /usr/bin/bash -e {0}
2026-10-08T14:12:31.9386248Z env:
2026-10-08T14:12:31.9386501Z   PNPM_HOME: /home/runner/setup-pnpm/node_modules/.bin
2026-10-08T14:12:31.9387137Z   COCREATE_CI_CGROUP_ROOT: /sys/fs/cgroup/cocreate-ci-37790296864-1
2026-10-08T14:12:31.9387499Z ##[endgroup]
2026-10-08T14:12:32.1151924Z TAP version 13
2026-10-08T14:12:37.1052193Z # {"policyVersion":"list-behavior-v1","specificationRevision":3,"sourceHash":"ac010289482cd18a50214a16e1f8c80cb7f8a9d2642c23f1e6eeddde02f67dd4","candidateHash":"00031d4c0fb762cfd984dba658f8e4e382a8f627f033d5b2f09501323b47c48a","planHash":"f18d214ad9e23477b539adcf433dd61b693d7094f13fb1be96989e8e77a09ebf","checkedAt":"2026-10-08T14:12:37.102Z","browserVersion":"HeadlessChrome/154.0.8037.92","checks":[{"kind":"filter","version":"list-behavior-v1","implemented":true,"passed":true,"message":"Filtering narrows the list; clearing restores it."},{"kind":"favorites","version":"list-behavior-v1","implemented":true,"passed":true,"message":"The favorite state toggles and restores without removing items."},{"kind":"sort","version":"list-behavior-v1","implemented":true,"passed":true,"message":"Sorting changes list order into alphabetical order without losing items."}],"requirements":[{"requirementId":"req_3fb819102acc","requirementRevision":1,"criteriaHash":"0ea272fea12c0b04d0c0a5e5506d19274e8ecfdc4b324b4847dc8ceb6692dec9","criteria":[{"criterionHash":"622c509f2ad6a3b7038ae41b3bf520dad5c41175974b32ae8ad612e8ee82bf89","checks":["filter"],"status":"passed"}],"implementation":"observed","status":"verified"},{"requirementId":"req_980895587501","requirementRevision":1,"criteriaHash":"242963850dda8c42c0bf98350081abb874beb718b6ba7b4aafcbd2868fe93e6f","criteria":[{"criterionHash":"8b05e3cd6861df5b3753b867abfa3f4d16b8ff708e6852a9e1b064b52a459e3c","checks":["favorites"],"status":"passed"}],"implementation":"observed","status":"verified"},{"requirementId":"req_d6b0094d5067","requirementRevision":1,"criteriaHash":"6f32c53a669776de27c4dbea71596b9852592e0598637c859f94231f5e4028df","criteria":[{"criterionHash":"dc99f1133bd52aff16fb0b97f8eb15d0e1d1e0eb5adcbcf87ad6905443a91875","checks":["sort"],"status":"passed"}],"implementation":"observed","status":"verified"}],"status":"passed"}
2026-10-08T14:12:37.1391781Z # Subtest: real isolated browser verifies accepted filter, favorites and sorting and binds evidence to the candidate
2026-10-08T14:12:37.1397357Z ok 1 - real isolated browser verifies accepted filter, favorites and sorting and binds evidence to the candidate
2026-10-08T14:12:37.1400204Z   ---
2026-10-08T14:12:37.1400584Z   duration_ms: 4770.46229
2026-10-08T14:12:37.1401339Z   type: 'test'
2026-10-08T14:12:37.1401669Z   ...
2026-10-08T14:12:51.0295228Z # Subtest: compiling controls without behavior fail; retained feature regressions are checked on every candidate
2026-10-08T14:12:51.0296153Z ok 2 - compiling controls without behavior fail; retained feature regressions are checked on every candidate
2026-10-08T14:12:51.0296662Z   ---
2026-10-08T14:12:51.0296884Z   duration_ms: 13890.845151
2026-10-08T14:12:51.0297118Z   type: 'test'
2026-10-08T14:12:51.0297310Z   ...
2026-10-08T14:12:54.0753672Z # Subtest: unsupported prose remains unverified and generated assertion tampering cannot replace trusted checks
2026-10-08T14:12:54.0757674Z ok 3 - unsupported prose remains unverified and generated assertion tampering cannot replace trusted checks
2026-10-08T14:12:54.0759070Z   ---
2026-10-08T14:12:54.0759668Z   duration_ms: 3050.31583
2026-10-08T14:12:54.0760070Z   type: 'test'
2026-10-08T14:12:54.0760392Z   ...
2026-10-08T14:12:54.2033512Z # Subtest: actual verification browser denies a private host file and loopback network and removes its child/profile
2026-10-08T14:12:54.2034643Z ok 4 - actual verification browser denies a private host file and loopback network and removes its child/profile
2026-10-08T14:12:54.2035180Z   ---
2026-10-08T14:12:54.2035385Z   duration_ms: 132.967289
2026-10-08T14:12:54.2035614Z   type: 'test'
2026-10-08T14:12:54.2035810Z   ...
2026-10-08T14:13:06.0955756Z # Subtest: browser CPU and protocol output remain inside the reused Job Object bounds
2026-10-08T14:13:06.0958777Z ok 5 - browser CPU and protocol output remain inside the reused Job Object bounds
2026-10-08T14:13:06.0959990Z   ---
2026-10-08T14:13:06.0960378Z   duration_ms: 11882.282348
2026-10-08T14:13:06.0961136Z   type: 'test'
2026-10-08T14:13:06.0961510Z   ...
2026-10-08T14:13:08.3177463Z # Subtest: cancellation and wall limits terminate browser execution and leave no child jobs
2026-10-08T14:13:08.3179439Z ok 6 - cancellation and wall limits terminate browser execution and leave no child jobs
2026-10-08T14:13:08.3180356Z   ---
2026-10-08T14:13:08.3181047Z   duration_ms: 2235.045253
2026-10-08T14:13:08.3181557Z   type: 'test'
2026-10-08T14:13:08.3181934Z   ...
2026-10-08T14:13:08.5822612Z # Subtest: Linux browser file-descriptor ceiling rejects growth and cleans the bounded job
2026-10-08T14:13:08.5824768Z ok 7 - Linux browser file-descriptor ceiling rejects growth and cleans the bounded job
2026-10-08T14:13:08.5825681Z   ---
2026-10-08T14:13:08.5826218Z   duration_ms: 68.152705
2026-10-08T14:13:08.5827026Z   type: 'test'
2026-10-08T14:13:08.5827419Z   ...
2026-10-08T14:13:08.6255809Z # Subtest: Linux bootstrap drops authority and attaches a stopped trusted child before execution
2026-10-08T14:13:08.6257439Z ok 8 - Linux bootstrap drops authority and attaches a stopped trusted child before execution
2026-10-08T14:13:08.6258106Z   ---
2026-10-08T14:13:08.6258325Z   duration_ms: 49.377433
2026-10-08T14:13:08.6258566Z   type: 'test'
2026-10-08T14:13:08.6258762Z   ...
2026-10-08T14:13:08.7538824Z # Subtest: Linux PID ceiling denies fork growth and whole-group kill removes descendants
2026-10-08T14:13:08.7539682Z ok 9 - Linux PID ceiling denies fork growth and whole-group kill removes descendants
2026-10-08T14:13:08.7540111Z   ---
2026-10-08T14:13:08.7540329Z   duration_ms: 113.732142
2026-10-08T14:13:08.7540572Z   type: 'test'
2026-10-08T14:13:08.7541071Z   ...
2026-10-08T14:13:09.3042654Z # Subtest: real Linux browser physical-memory exhaustion kills its job while the application survives
2026-10-08T14:13:09.3045785Z ok 10 - real Linux browser physical-memory exhaustion kills its job while the application survives
2026-10-08T14:13:09.3046692Z   ---
2026-10-08T14:13:09.3047026Z   duration_ms: 567.053597
2026-10-08T14:13:09.3047409Z   type: 'test'
2026-10-08T14:13:09.3047730Z   ...
2026-10-08T14:13:09.3057849Z # Subtest: missing Linux delegation fails closed and removes the candidate profile
2026-10-08T14:13:09.3059108Z ok 11 - missing Linux delegation fails closed and removes the candidate profile
2026-10-08T14:13:09.3059921Z   ---
2026-10-08T14:13:09.3060284Z   duration_ms: 1.083354
2026-10-08T14:13:09.3060698Z   type: 'test'
2026-10-08T14:13:09.3061323Z   ...
2026-10-08T14:13:09.3167188Z 1..11
2026-10-08T14:13:09.3167665Z # tests 11
2026-10-08T14:13:09.3168053Z # suites 0
2026-10-08T14:13:09.3168429Z # pass 11
2026-10-08T14:13:09.3169316Z # fail 0
2026-10-08T14:13:09.3170469Z # cancelled 0
2026-10-08T14:13:09.3171719Z # skipped 0
2026-10-08T14:13:09.3173871Z # todo 0
2026-10-08T14:13:09.3174465Z # duration_ms 37213.951576
2026-10-08T14:13:09.3738803Z ##[group]Run sh scripts/run-linux-check.sh sh -c 'node --import tsx --test --test-concurrency=1 tests/*.test.ts'
2026-10-08T14:13:09.3739626Z [36;1msh scripts/run-linux-check.sh sh -c 'node --import tsx --test --test-concurrency=1 tests/*.test.ts'[0m
2026-10-08T14:13:09.3813852Z shell: /usr/bin/bash -e {0}
2026-10-08T14:13:09.3814124Z env:
2026-10-08T14:13:09.3814393Z   PNPM_HOME: /home/runner/setup-pnpm/node_modules/.bin
2026-10-08T14:13:09.3814828Z   COCREATE_CI_CGROUP_ROOT: /sys/fs/cgroup/cocreate-ci-37790296864-1
2026-10-08T14:13:09.3815189Z ##[endgroup]
2026-10-08T14:13:09.5639236Z TAP version 13
2026-10-08T14:13:09.7481403Z # Subtest: calculates uncached, cached, and cache-write charges without assuming cache hits
2026-10-08T14:13:09.7486851Z ok 1 - calculates uncached, cached, and cache-write charges without assuming cache hits
2026-10-08T14:13:09.7487941Z   ---
2026-10-08T14:13:09.7488388Z   duration_ms: 1.163845
2026-10-08T14:13:09.7488812Z   type: 'test'
2026-10-08T14:13:09.7489435Z   ...
2026-10-08T14:13:09.7492209Z # Subtest: reasoning usage is informational and never billed twice
2026-10-08T14:13:09.7495417Z ok 2 - reasoning usage is informational and never billed twice
2026-10-08T14:13:09.7514712Z   ---
2026-10-08T14:13:09.7515796Z   duration_ms: 0.172241
2026-10-08T14:13:09.7516249Z   type: 'test'
2026-10-08T14:13:09.7516592Z   ...
2026-10-08T14:13:09.7517364Z # Subtest: aggregates multiple interpreters and one shared builder exactly once
2026-10-08T14:13:09.7518560Z ok 3 - aggregates multiple interpreters and one shared builder exactly once
2026-10-08T14:13:09.7519267Z   ---
2026-10-08T14:13:09.7519605Z   duration_ms: 0.350485
2026-10-08T14:13:09.7519999Z   type: 'test'
2026-10-08T14:13:09.7520357Z   ...
2026-10-08T14:13:09.7521438Z # Subtest: repairs and failures remain in totals while missing usage remains unknown
2026-10-08T14:13:09.7522661Z ok 4 - repairs and failures remain in totals while missing usage remains unknown
2026-10-08T14:13:09.7523371Z   ---
2026-10-08T14:13:09.7523712Z   duration_ms: 0.337401
2026-10-08T14:13:09.7524074Z   type: 'test'
2026-10-08T14:13:09.7524407Z   ...
2026-10-08T14:13:09.7525174Z # Subtest: applies long-context tiers and preserves pricing-version changes per call
2026-10-08T14:13:09.7526227Z ok 5 - applies long-context tiers and preserves pricing-version changes per call
2026-10-08T14:13:09.7526889Z   ---
2026-10-08T14:13:09.7527200Z   duration_ms: 0.743801
2026-10-08T14:13:09.7527571Z   type: 'test'
2026-10-08T14:13:09.7527880Z   ...
2026-10-08T14:13:09.7528465Z # Subtest: estimates stay distinct from the user spending limit
2026-10-08T14:13:09.7529293Z ok 6 - estimates stay distinct from the user spending limit
2026-10-08T14:13:09.7529838Z   ---
2026-10-08T14:13:09.7530156Z   duration_ms: 0.762565
2026-10-08T14:13:09.7530597Z   type: 'test'
2026-10-08T14:13:09.7531275Z   ...
2026-10-08T14:13:09.7532095Z # Subtest: effectiveness requires comparable samples and includes failed repairs in cost
2026-10-08T14:13:09.7533342Z ok 7 - effectiveness requires comparable samples and includes failed repairs in cost
2026-10-08T14:13:09.7534100Z   ---
2026-10-08T14:13:09.7534430Z   duration_ms: 0.732238
2026-10-08T14:13:09.7534819Z   type: 'test'
2026-10-08T14:13:09.7535148Z   ...
2026-10-08T14:13:10.2758641Z # (node:43) ExperimentalWarning: SQLite is an experimental feature and might change at any time
2026-10-08T14:13:10.2760033Z # (Use `node --trace-warnings ...` to show where the warning was created)
2026-10-08T14:13:10.2785969Z # Subtest: Developer / Medium resolves one validated connection and exposes honest rates
2026-10-08T14:13:10.2789535Z ok 8 - Developer / Medium resolves one validated connection and exposes honest rates
2026-10-08T14:13:10.2791519Z   ---
2026-10-08T14:13:10.2793136Z   duration_ms: 1.732087
2026-10-08T14:13:10.2794852Z   type: 'test'
2026-10-08T14:13:10.2796121Z   ...
2026-10-08T14:13:10.2797314Z # Subtest: Developer effort levels expose distinct bounded executor output allowances
2026-10-08T14:13:10.2802159Z ok 9 - Developer effort levels expose distinct bounded executor output allowances
2026-10-08T14:13:10.2804463Z   ---
2026-10-08T14:13:10.2807146Z   duration_ms: 0.713813
2026-10-08T14:13:10.2807901Z   type: 'test'
2026-10-08T14:13:10.2808587Z   ...
2026-10-08T14:13:10.2810105Z # Subtest: complexity is deterministic and does not spend a model call
2026-10-08T14:13:10.2812519Z ok 10 - complexity is deterministic and does not spend a model call
2026-10-08T14:13:10.2819634Z   ---
2026-10-08T14:13:10.2820485Z   duration_ms: 0.338473
2026-10-08T14:13:10.2821426Z   type: 'test'
2026-10-08T14:13:10.2822073Z   ...
2026-10-08T14:13:10.2823236Z # Subtest: evaluation requires repeated task evidence and counts repairs in total cost
2026-10-08T14:13:10.2824841Z ok 11 - evaluation requires repeated task evidence and counts repairs in total cost
2026-10-08T14:13:10.2825904Z   ---
2026-10-08T14:13:10.2826535Z   duration_ms: 0.466642
2026-10-08T14:13:10.2827213Z   type: 'test'
2026-10-08T14:13:10.2827855Z   ...
2026-10-08T14:13:10.2828843Z # Subtest: Developer routing respects the remaining budget
2026-10-08T14:13:10.2830416Z ok 12 - Developer routing respects the remaining budget
2026-10-08T14:13:10.2831613Z   ---
2026-10-08T14:13:10.2832277Z   duration_ms: 0.681573
2026-10-08T14:13:10.2833903Z   type: 'test'
2026-10-08T14:13:10.2835904Z   ...
2026-10-08T14:13:10.2837031Z # Subtest: all three modes are explicit and unimplemented workflows remain unavailable
2026-10-08T14:13:10.2838902Z ok 13 - all three modes are explicit and unimplemented workflows remain unavailable
2026-10-08T14:13:10.2840644Z   ---
2026-10-08T14:13:10.2841570Z   duration_ms: 0.269123
2026-10-08T14:13:10.2842247Z   type: 'test'
2026-10-08T14:13:10.2842880Z   ...
2026-10-08T14:13:10.2844700Z # Subtest: discovery without passed capability checks is unavailable and actionable
2026-10-08T14:13:10.2847687Z ok 14 - discovery without passed capability checks is unavailable and actionable
2026-10-08T14:13:10.2848658Z   ---
2026-10-08T14:13:10.2849174Z   duration_ms: 0.259785
2026-10-08T14:13:10.2849804Z   type: 'test'
2026-10-08T14:13:10.2850361Z   ...
2026-10-08T14:13:10.2851756Z # Subtest: applying a preset is opt-in, preserves Advanced overrides, and does not spend or reserve before dispatch
2026-10-08T14:13:10.2853671Z ok 15 - applying a preset is opt-in, preserves Advanced overrides, and does not spend or reserve before dispatch
2026-10-08T14:13:10.2854756Z   ---
2026-10-08T14:13:10.2855301Z   duration_ms: 32.374088
2026-10-08T14:13:10.2855896Z   type: 'test'
2026-10-08T14:13:10.2856453Z   ...
2026-10-08T14:13:10.2857881Z # Subtest: legacy coding presets migrate to Developer without rewriting assignments, overrides, effort, or history
2026-10-08T14:13:10.2859953Z ok 16 - legacy coding presets migrate to Developer without rewriting assignments, overrides, effort, or history
2026-10-08T14:13:10.2861438Z   ---
2026-10-08T14:13:10.2862068Z   duration_ms: 25.42755
2026-10-08T14:13:10.2862749Z   type: 'test'
2026-10-08T14:13:10.2863369Z   ...
2026-10-08T14:13:10.2864382Z # Subtest: manual assignments remain Custom after migration and activation
2026-10-08T14:13:10.2865737Z ok 17 - manual assignments remain Custom after migration and activation
2026-10-08T14:13:10.2866626Z   ---
2026-10-08T14:13:10.2867255Z   duration_ms: 10.998422
2026-10-08T14:13:10.2867958Z   type: 'test'
2026-10-08T14:13:10.2868577Z   ...
2026-10-08T14:13:11.3972489Z # (node:63) ExperimentalWarning: SQLite is an experimental feature and might change at any time
2026-10-08T14:13:11.3974678Z # (Use `node --trace-warnings ...` to show where the warning was created)
2026-10-08T14:13:14.0790087Z # Subtest: empty cache restores compiled preview, current checkpoint, old version and receipts without inference
2026-10-08T14:13:14.0796081Z ok 18 - empty cache restores compiled preview, current checkpoint, old version and receipts without inference
2026-10-08T14:13:14.0797112Z   ---
2026-10-08T14:13:14.0797660Z   duration_ms: 2681.448741
2026-10-08T14:13:14.0798043Z   type: 'test'
2026-10-08T14:13:14.0801003Z   ...
2026-10-08T14:13:14.1276893Z # Subtest: upload/verification interruption never commits a reference; failed commit replay reuses immutable bodies
2026-10-08T14:13:14.1279565Z ok 19 - upload/verification interruption never commits a reference; failed commit replay reuses immutable bodies
2026-10-08T14:13:14.1280642Z   ---
2026-10-08T14:13:14.1281519Z   duration_ms: 49.373035
2026-10-08T14:13:14.1282142Z   type: 'test'
2026-10-08T14:13:14.1282507Z   ...
2026-10-08T14:13:14.1714854Z # Subtest: missing/corrupt stored bodies are explicit failures, distinct from an empty project
2026-10-08T14:13:14.1717251Z ok 20 - missing/corrupt stored bodies are explicit failures, distinct from an empty project
2026-10-08T14:13:14.1718218Z   ---
2026-10-08T14:13:14.1718631Z   duration_ms: 44.239401
2026-10-08T14:13:14.1719070Z   type: 'test'
2026-10-08T14:13:14.1719425Z   ...
2026-10-08T14:13:14.1835297Z # Subtest: private bucket and project-bound artifact identity fail closed; no public URL is created
2026-10-08T14:13:14.1837958Z ok 21 - private bucket and project-bound artifact identity fail closed; no public URL is created
2026-10-08T14:13:14.1839365Z   ---
2026-10-08T14:13:14.1839980Z   duration_ms: 11.96578
2026-10-08T14:13:14.1840464Z   type: 'test'
2026-10-08T14:13:14.1841128Z   ...
2026-10-08T14:13:14.3039869Z # Subtest: authenticated lazy historical reads reject revoked users, including revocation during download
2026-10-08T14:13:14.3057050Z ok 22 - authenticated lazy historical reads reject revoked users, including revocation during download
2026-10-08T14:13:14.3057955Z   ---
2026-10-08T14:13:14.3058310Z   duration_ms: 121.118009
2026-10-08T14:13:14.3058710Z   type: 'test'
2026-10-08T14:13:14.3059033Z   ...
2026-10-08T14:13:19.7447146Z # Subtest: an interrupted canonical promotion stays hidden; concurrent saves retain edits and the prior artifact
2026-10-08T14:13:19.7467631Z ok 23 - an interrupted canonical promotion stays hidden; concurrent saves retain edits and the prior artifact
2026-10-08T14:13:19.7468826Z   ---
2026-10-08T14:13:19.7469394Z   duration_ms: 5440.019649
2026-10-08T14:13:19.7469863Z   type: 'test'
2026-10-08T14:13:19.7470235Z   ...
2026-10-08T14:13:24.9742964Z # Subtest: lease loss after private body upload cannot promote or start another physical attempt
2026-10-08T14:13:24.9747932Z ok 24 - lease loss after private body upload cannot promote or start another physical attempt
2026-10-08T14:13:24.9748486Z   ---
2026-10-08T14:13:24.9748789Z   duration_ms: 5228.485262
2026-10-08T14:13:24.9749034Z   type: 'test'
2026-10-08T14:13:24.9749224Z   ...
2026-10-08T14:13:30.2296456Z # Subtest: synchronous publication failure clears the pending gate and preserves the previous product
2026-10-08T14:13:30.2298094Z ok 25 - synchronous publication failure clears the pending gate and preserves the previous product
2026-10-08T14:13:30.2299000Z   ---
2026-10-08T14:13:30.2299347Z   duration_ms: 5256.020843
2026-10-08T14:13:30.2299772Z   type: 'test'
2026-10-08T14:13:30.2300105Z   ...
2026-10-08T14:13:30.2462090Z # Subtest: legacy inline checkpoint publication is verified and malformed metadata fails explicitly
2026-10-08T14:13:30.2470364Z ok 26 - legacy inline checkpoint publication is verified and malformed metadata fails explicitly
2026-10-08T14:13:30.2474030Z   ---
2026-10-08T14:13:30.2474688Z   duration_ms: 17.241786
2026-10-08T14:13:30.2475070Z   type: 'test'
2026-10-08T14:13:30.2475306Z   ...
2026-10-08T14:13:35.5447185Z # Subtest: new promotion after a retained-product rollback never overwrites an archived version identity
2026-10-08T14:13:35.5449047Z ok 27 - new promotion after a retained-product rollback never overwrites an archived version identity
2026-10-08T14:13:35.5450289Z   ---
2026-10-08T14:13:35.5451116Z   duration_ms: 5295.591612
2026-10-08T14:13:35.5451742Z   type: 'test'
2026-10-08T14:13:35.5452264Z   ...
2026-10-08T14:13:35.9424053Z # (node:132) ExperimentalWarning: SQLite is an experimental feature and might change at any time
2026-10-08T14:13:35.9424898Z # (Use `node --trace-warnings ...` to show where the warning was created)
2026-10-08T14:13:35.9442237Z # Subtest: personal and builder roles can use different encrypted provider connections
2026-10-08T14:13:35.9446986Z ok 28 - personal and builder roles can use different encrypted provider connections
2026-10-08T14:13:35.9448542Z   ---
2026-10-08T14:13:35.9449363Z   duration_ms: 20.810054
2026-10-08T14:13:35.9449845Z   type: 'test'
2026-10-08T14:13:35.9450222Z   ...
2026-10-08T14:13:35.9452761Z # Subtest: unverified models cannot be activated for an agent layer
2026-10-08T14:13:35.9455048Z ok 29 - unverified models cannot be activated for an agent layer
2026-10-08T14:13:35.9456304Z   ---
2026-10-08T14:13:35.9457060Z   duration_ms: 7.704768
2026-10-08T14:13:35.9457765Z   type: 'test'
2026-10-08T14:13:35.9458147Z   ...
2026-10-08T14:13:35.9459780Z # Subtest: known providers normalize a pasted operation URL to their official API base
2026-10-08T14:13:35.9463704Z ok 30 - known providers normalize a pasted operation URL to their official API base
2026-10-08T14:13:35.9464700Z   ---
2026-10-08T14:13:35.9465118Z   duration_ms: 7.28331
2026-10-08T14:13:35.9465915Z   type: 'test'
2026-10-08T14:13:35.9466422Z   ...
2026-10-08T14:13:35.9468956Z # Subtest: legacy placeholder previews are not exposed as the current generated product
2026-10-08T14:13:35.9481684Z ok 31 - legacy placeholder previews are not exposed as the current generated product
2026-10-08T14:13:35.9484525Z   ---
2026-10-08T14:13:35.9485206Z   duration_ms: 5.95202
2026-10-08T14:13:35.9485891Z   type: 'test'
2026-10-08T14:13:35.9486571Z   ...
2026-10-08T14:13:35.9487620Z # Subtest: canvas effort changes Custom allowances without changing manual assignments
2026-10-08T14:13:35.9489057Z ok 32 - canvas effort changes Custom allowances without changing manual assignments
2026-10-08T14:13:35.9490383Z   ---
2026-10-08T14:13:35.9491335Z   duration_ms: 15.927975
2026-10-08T14:13:35.9491935Z   type: 'test'
2026-10-08T14:13:35.9492469Z   ...
2026-10-08T14:13:36.1438512Z # Subtest: session refresh boundary refreshes missing and near-expiry access tokens
2026-10-08T14:13:36.1449661Z ok 33 - session refresh boundary refreshes missing and near-expiry access tokens
2026-10-08T14:13:36.1450479Z   ---
2026-10-08T14:13:36.1451043Z   duration_ms: 0.775069
2026-10-08T14:13:36.1451416Z   type: 'test'
2026-10-08T14:13:36.1451633Z   ...
2026-10-08T14:13:36.4695656Z # (node:168) ExperimentalWarning: SQLite is an experimental feature and might change at any time
2026-10-08T14:13:36.4697034Z # (Use `node --trace-warnings ...` to show where the warning was created)
2026-10-08T14:13:40.0398976Z # Subtest: submitted builds ignore typing alone, preserve idempotency, and expose token usage
2026-10-08T14:13:40.0401033Z ok 34 - submitted builds ignore typing alone, preserve idempotency, and expose token usage
2026-10-08T14:13:40.0421712Z   ---
2026-10-08T14:13:40.0422373Z   duration_ms: 3571.888816
2026-10-08T14:13:40.0422996Z   type: 'test'
2026-10-08T14:13:40.0423546Z   ...
2026-10-08T14:13:41.1092586Z # (node:203) ExperimentalWarning: SQLite is an experimental feature and might change at any time
2026-10-08T14:13:41.1093416Z # (Use `node --trace-warnings ...` to show where the warning was created)
2026-10-08T14:13:41.2713307Z # Subtest: anonymous registration commits before success, retries dedupe, and restart preserves consent and limits
2026-10-08T14:13:41.2715549Z ok 35 - anonymous registration commits before success, retries dedupe, and restart preserves consent and limits
2026-10-08T14:13:41.2716809Z   ---
2026-10-08T14:13:41.2717484Z   duration_ms: 128.334309
2026-10-08T14:13:41.2717918Z   type: 'test'
2026-10-08T14:13:41.2718252Z   ...
2026-10-08T14:13:41.2719005Z # Subtest: failed durable writes cannot show registration success; rate window expiry allows safe retry
2026-10-08T14:13:41.2719816Z ok 36 - failed durable writes cannot show registration success; rate window expiry allows safe retry
2026-10-08T14:13:41.2720281Z   ---
2026-10-08T14:13:41.2720481Z   duration_ms: 12.277278
2026-10-08T14:13:41.2720707Z   type: 'test'
2026-10-08T14:13:41.2721215Z   ...
2026-10-08T14:13:41.2722113Z # Subtest: registration requires valid email and explicit consent, and forwarded rate identities require Worker proof
2026-10-08T14:13:41.2723064Z ok 37 - registration requires valid email and explicit consent, and forwarded rate identities require Worker proof
2026-10-08T14:13:41.2723578Z   ---
2026-10-08T14:13:41.2723775Z   duration_ms: 0.71715
2026-10-08T14:13:41.2723994Z   type: 'test'
2026-10-08T14:13:41.2724186Z   ...
2026-10-08T14:13:41.2724734Z # Subtest: approval is fresh private authority, owner retains access, and approval grants no foreign membership
2026-10-08T14:13:41.2725574Z ok 38 - approval is fresh private authority, owner retains access, and approval grants no foreign membership
2026-10-08T14:13:41.2726047Z   ---
2026-10-08T14:13:41.2726238Z   duration_ms: 8.31233
2026-10-08T14:13:41.2726454Z   type: 'test'
2026-10-08T14:13:41.2726638Z   ...
2026-10-08T14:13:41.2727233Z # Subtest: pending invitation acceptance leaves the invite untouched and returns to the existing contract after approval
2026-10-08T14:13:41.2728399Z ok 39 - pending invitation acceptance leaves the invite untouched and returns to the existing contract after approval
2026-10-08T14:13:41.2728912Z   ---
2026-10-08T14:13:41.2729105Z   duration_ms: 1.407029
2026-10-08T14:13:41.2729332Z   type: 'test'
2026-10-08T14:13:41.2729524Z   ...
2026-10-08T14:13:41.2944459Z # {"event":"collaboration.upgrade_rejected","category":"forbidden","correlationId":"afb95e57-6db9-42c5-aa44-5f127a70f112"}
2026-10-08T14:13:41.2973967Z # {"event":"collaboration.connected","connectionId":"b8920310-9758-4d4e-a10c-93cc4ea70a2a","correlationId":"b2c5dba8-2837-4752-aad8-d5323f3ba0b1"}
2026-10-08T14:13:41.3041601Z # {"event":"collaboration.disconnected","connectionId":"b8920310-9758-4d4e-a10c-93cc4ea70a2a","code":4403}
2026-10-08T14:13:41.3079150Z # {"event":"collaboration.connected","connectionId":"e560f474-d8cf-43f2-8272-cd4d2f43c6cb","correlationId":"0cce3360-eca1-40bf-ae8a-49e945939757"}
2026-10-08T14:13:41.3109176Z # {"event":"collaboration.disconnected","connectionId":"e560f474-d8cf-43f2-8272-cd4d2f43c6cb","code":4403}
2026-10-08T14:13:41.3169061Z # Subtest: unapproved accounts cannot read APIs, previews, downloads, socket upgrades/messages or later delivery
2026-10-08T14:13:41.3170691Z ok 40 - unapproved accounts cannot read APIs, previews, downloads, socket upgrades/messages or later delivery
2026-10-08T14:13:41.3172572Z   ---
2026-10-08T14:13:41.3173171Z   duration_ms: 74.760017
2026-10-08T14:13:41.3173576Z   type: 'test'
2026-10-08T14:13:41.3173904Z   ...
2026-10-08T14:13:41.6592999Z # (node:222) ExperimentalWarning: SQLite is an experimental feature and might change at any time
2026-10-08T14:13:41.6594439Z # (Use `node --trace-warnings ...` to show where the warning was created)
2026-10-08T14:13:47.6647645Z # Subtest: later captured submissions cannot starve a fixed accepted candidate and drain in capture order
2026-10-08T14:13:47.6651304Z ok 41 - later captured submissions cannot starve a fixed accepted candidate and drain in capture order
2026-10-08T14:13:47.6652349Z   ---
2026-10-08T14:13:47.6652873Z   duration_ms: 5955.255771
2026-10-08T14:13:47.6653505Z   type: 'test'
2026-10-08T14:13:47.6653967Z   ...
2026-10-08T14:13:50.1479143Z # Subtest: collection deadline closes admission despite an interpretation backlog
2026-10-08T14:13:50.1480433Z ok 42 - collection deadline closes admission despite an interpretation backlog
2026-10-08T14:13:50.1481472Z   ---
2026-10-08T14:13:50.1481841Z   duration_ms: 2507.72234
2026-10-08T14:13:50.1482259Z   type: 'test'
2026-10-08T14:13:50.1482607Z   ...
2026-10-08T14:13:50.3617381Z # Subtest: pending captured steering survives actual local restart without inference or replay spending
2026-10-08T14:13:50.3619697Z ok 43 - pending captured steering survives actual local restart without inference or replay spending
2026-10-08T14:13:50.3620574Z   ---
2026-10-08T14:13:50.3621286Z   duration_ms: 212.605042
2026-10-08T14:13:50.3621696Z   type: 'test'
2026-10-08T14:13:50.3622048Z   ...
2026-10-08T14:13:52.7199938Z # Subtest: explicit correction bypasses deferred submissions, cancels assumptions and retains executor allowance
2026-10-08T14:13:52.7201886Z ok 44 - explicit correction bypasses deferred submissions, cancels assumptions and retains executor allowance
2026-10-08T14:13:52.7202774Z   ---
2026-10-08T14:13:52.7203094Z   duration_ms: 2358.237118
2026-10-08T14:13:52.7203499Z   type: 'test'
2026-10-08T14:13:52.7203829Z   ...
2026-10-08T14:13:55.0125787Z # Subtest: current membership is rechecked before deferred interpretation dispatch
2026-10-08T14:13:55.0127282Z ok 45 - current membership is rechecked before deferred interpretation dispatch
2026-10-08T14:13:55.0128023Z   ---
2026-10-08T14:13:55.0128366Z   duration_ms: 2291.587218
2026-10-08T14:13:55.0128788Z   type: 'test'
2026-10-08T14:13:55.0129142Z   ...
2026-10-08T14:13:57.3476848Z # Subtest: continuous captures do not replenish the executor ceiling between collected candidates
2026-10-08T14:13:57.3481089Z ok 46 - continuous captures do not replenish the executor ceiling between collected candidates
2026-10-08T14:13:57.3482302Z   ---
2026-10-08T14:13:57.3482641Z   duration_ms: 2332.013179
2026-10-08T14:13:57.3483054Z   type: 'test'
2026-10-08T14:13:57.3483399Z   ...
2026-10-08T14:14:07.3391467Z # Subtest: sustained captures make revision-labelled progress each cycle without a quiet global queue
2026-10-08T14:14:07.3393085Z ok 47 - sustained captures make revision-labelled progress each cycle without a quiet global queue
2026-10-08T14:14:07.3393989Z   ---
2026-10-08T14:14:07.3394366Z   duration_ms: 9990.223715
2026-10-08T14:14:07.3394787Z   type: 'test'
2026-10-08T14:14:07.3395148Z   ...
2026-10-08T14:14:09.7262036Z # Subtest: attribution-only deferred acceptance neither rebuilds nor leaves a stuck budget or queue
2026-10-08T14:14:09.7263613Z ok 48 - attribution-only deferred acceptance neither rebuilds nor leaves a stuck budget or queue
2026-10-08T14:14:09.7264411Z   ---
2026-10-08T14:14:09.7264755Z   duration_ms: 2420.120204
2026-10-08T14:14:09.7265188Z   type: 'test'
2026-10-08T14:14:09.7265532Z   ...
2026-10-08T14:14:09.9155703Z # Subtest: Alt+X is exact and ignores repeats, composition, AltGraph and extra modifiers
2026-10-08T14:14:09.9158094Z ok 49 - Alt+X is exact and ignores repeats, composition, AltGraph and extra modifiers
2026-10-08T14:14:09.9158918Z   ---
2026-10-08T14:14:09.9159379Z   duration_ms: 1.01164
2026-10-08T14:14:09.9159855Z   type: 'test'
2026-10-08T14:14:09.9160549Z   ...
2026-10-08T14:14:09.9162235Z # Subtest: legacy preferences cannot override the fixed platform shortcut
2026-10-08T14:14:09.9173544Z ok 50 - legacy preferences cannot override the fixed platform shortcut
2026-10-08T14:14:09.9174174Z   ---
2026-10-08T14:14:09.9174490Z   duration_ms: 0.244888
2026-10-08T14:14:09.9174893Z   type: 'test'
2026-10-08T14:14:09.9175107Z   ...
2026-10-08T14:14:10.2033428Z # Subtest: builder schema and planning repair missing or invalid file operations before tool execution
2026-10-08T14:14:10.2035069Z ok 51 - builder schema and planning repair missing or invalid file operations before tool execution
2026-10-08T14:14:10.2035963Z   ---
2026-10-08T14:14:10.2036485Z   duration_ms: 56.48223
2026-10-08T14:14:10.2036859Z   type: 'test'
2026-10-08T14:14:10.2037269Z   ...
2026-10-08T14:14:10.2117728Z # Subtest: builder accepts locally recoverable JSON serialization around multiline TSX without a paid retry
2026-10-08T14:14:10.2119272Z ok 52 - builder accepts locally recoverable JSON serialization around multiline TSX without a paid retry
2026-10-08T14:14:10.2120107Z   ---
2026-10-08T14:14:10.2120429Z   duration_ms: 13.346168
2026-10-08T14:14:10.2121127Z   type: 'test'
2026-10-08T14:14:10.2121441Z   ...
2026-10-08T14:14:15.3209331Z # {"policyVersion":"list-behavior-v1","specificationRevision":3,"sourceHash":"ac010289482cd18a50214a16e1f8c80cb7f8a9d2642c23f1e6eeddde02f67dd4","candidateHash":"00031d4c0fb762cfd984dba658f8e4e382a8f627f033d5b2f09501323b47c48a","planHash":"f18d214ad9e23477b539adcf433dd61b693d7094f13fb1be96989e8e77a09ebf","checkedAt":"2026-10-08T14:14:15.318Z","browserVersion":"HeadlessChrome/154.0.8037.92","checks":[{"kind":"filter","version":"list-behavior-v1","implemented":true,"passed":true,"message":"Filtering narrows the list; clearing restores it."},{"kind":"favorites","version":"list-behavior-v1","implemented":true,"passed":true,"message":"The favorite state toggles and restores without removing items."},{"kind":"sort","version":"list-behavior-v1","implemented":true,"passed":true,"message":"Sorting changes list order into alphabetical order without losing items."}],"requirements":[{"requirementId":"req_3fb819102acc","requirementRevision":1,"criteriaHash":"0ea272fea12c0b04d0c0a5e5506d19274e8ecfdc4b324b4847dc8ceb6692dec9","criteria":[{"criterionHash":"622c509f2ad6a3b7038ae41b3bf520dad5c41175974b32ae8ad612e8ee82bf89","checks":["filter"],"status":"passed"}],"implementation":"observed","status":"verified"},{"requirementId":"req_980895587501","requirementRevision":1,"criteriaHash":"242963850dda8c42c0bf98350081abb874beb718b6ba7b4aafcbd2868fe93e6f","criteria":[{"criterionHash":"8b05e3cd6861df5b3753b867abfa3f4d16b8ff708e6852a9e1b064b52a459e3c","checks":["favorites"],"status":"passed"}],"implementation":"observed","status":"verified"},{"requirementId":"req_d6b0094d5067","requirementRevision":1,"criteriaHash":"6f32c53a669776de27c4dbea71596b9852592e0598637c859f94231f5e4028df","criteria":[{"criterionHash":"dc99f1133bd52aff16fb0b97f8eb15d0e1d1e0eb5adcbcf87ad6905443a91875","checks":["sort"],"status":"passed"}],"implementation":"observed","status":"verified"}],"status":"passed"}
2026-10-08T14:14:15.3560670Z # Subtest: real isolated browser verifies accepted filter, favorites and sorting and binds evidence to the candidate
2026-10-08T14:14:15.3562015Z ok 53 - real isolated browser verifies accepted filter, favorites and sorting and binds evidence to the candidate
2026-10-08T14:14:15.3562527Z   ---
2026-10-08T14:14:15.3562732Z   duration_ms: 4855.052868
2026-10-08T14:14:15.3562966Z   type: 'test'
2026-10-08T14:14:15.3563167Z   ...
2026-10-08T14:14:29.5512132Z # Subtest: compiling controls without behavior fail; retained feature regressions are checked on every candidate
2026-10-08T14:14:29.5526206Z ok 54 - compiling controls without behavior fail; retained feature regressions are checked on every candidate
2026-10-08T14:14:29.5527311Z   ---
2026-10-08T14:14:29.5527685Z   duration_ms: 14194.367135
2026-10-08T14:14:29.5528123Z   type: 'test'
2026-10-08T14:14:29.5528466Z   ...
2026-10-08T14:14:32.6537981Z # Subtest: unsupported prose remains unverified and generated assertion tampering cannot replace trusted checks
2026-10-08T14:14:32.6539935Z ok 55 - unsupported prose remains unverified and generated assertion tampering cannot replace trusted checks
2026-10-08T14:14:32.6541120Z   ---
2026-10-08T14:14:32.6541652Z   duration_ms: 3107.735966
2026-10-08T14:14:32.6542059Z   type: 'test'
2026-10-08T14:14:32.6542397Z   ...
2026-10-08T14:14:32.7944149Z # Subtest: actual verification browser denies a private host file and loopback network and removes its child/profile
2026-10-08T14:14:32.7945262Z ok 56 - actual verification browser denies a private host file and loopback network and removes its child/profile
2026-10-08T14:14:32.7945862Z   ---
2026-10-08T14:14:32.7946069Z   duration_ms: 145.237683
2026-10-08T14:14:32.7946474Z   type: 'test'
2026-10-08T14:14:32.7946672Z   ...
2026-10-08T14:14:44.4495156Z # Subtest: browser CPU and protocol output remain inside the reused Job Object bounds
2026-10-08T14:14:44.4496775Z ok 57 - browser CPU and protocol output remain inside the reused Job Object bounds
2026-10-08T14:14:44.4497861Z   ---
2026-10-08T14:14:44.4498464Z   duration_ms: 11645.659769
2026-10-08T14:14:44.4498758Z   type: 'test'
2026-10-08T14:14:44.4498966Z   ...
2026-10-08T14:14:46.6674158Z # Subtest: cancellation and wall limits terminate browser execution and leave no child jobs
2026-10-08T14:14:46.6675676Z ok 58 - cancellation and wall limits terminate browser execution and leave no child jobs
2026-10-08T14:14:46.6676484Z   ---
2026-10-08T14:14:46.6676843Z   duration_ms: 2230.290532
2026-10-08T14:14:46.6677690Z   type: 'test'
2026-10-08T14:14:46.6677963Z   ...
2026-10-08T14:14:47.7116359Z # (node:810) ExperimentalWarning: SQLite is an experimental feature and might change at any time
2026-10-08T14:14:47.7117261Z # (Use `node --trace-warnings ...` to show where the warning was created)
2026-10-08T14:14:47.7232883Z # Subtest: the pre-launch deployment binds hosted auth and callbacks to the custom domain
2026-10-08T14:14:47.7235001Z ok 59 - the pre-launch deployment binds hosted auth and callbacks to the custom domain
2026-10-08T14:14:47.7235869Z   ---
2026-10-08T14:14:47.7236239Z   duration_ms: 1.94818
2026-10-08T14:14:47.7236656Z   type: 'test'
2026-10-08T14:14:47.7237015Z   ...
2026-10-08T14:14:47.7249341Z # Subtest: legacy links preserve their destination without allowing host escape or protected ingress
2026-10-08T14:14:47.7264224Z ok 60 - legacy links preserve their destination without allowing host escape or protected ingress
2026-10-08T14:14:47.7265141Z   ---
2026-10-08T14:14:47.7265511Z   duration_ms: 4.048082
2026-10-08T14:14:47.7266333Z   type: 'test'
2026-10-08T14:14:47.7266694Z   ...
2026-10-08T14:14:47.7267620Z # Subtest: www redirects exact paths and queries to canonical HTTPS without proxying an alternate application
2026-10-08T14:14:47.7269097Z ok 61 - www redirects exact paths and queries to canonical HTTPS without proxying an alternate application
2026-10-08T14:14:47.7269968Z   ---
2026-10-08T14:14:47.7270303Z   duration_ms: 1.226961
2026-10-08T14:14:47.7270701Z   type: 'test'
2026-10-08T14:14:47.7271296Z   ...
2026-10-08T14:14:47.7556994Z # Subtest: the application exposes a container readiness endpoint
2026-10-08T14:14:47.7559459Z ok 62 - the application exposes a container readiness endpoint
2026-10-08T14:14:47.7560106Z   ---
2026-10-08T14:14:47.7560481Z   duration_ms: 51.554094
2026-10-08T14:14:47.7561164Z   type: 'test'
2026-10-08T14:14:47.7561518Z   ...
2026-10-08T14:14:48.7632947Z # Subtest: unknown API paths return JSON errors while the existing auth callback reaches the SPA
2026-10-08T14:14:48.7652190Z ok 63 - unknown API paths return JSON errors while the existing auth callback reaches the SPA
2026-10-08T14:14:48.7652735Z   ---
2026-10-08T14:14:48.7652971Z   duration_ms: 35.210735
2026-10-08T14:14:48.7653209Z   type: 'test'
2026-10-08T14:14:48.7653410Z   ...
2026-10-08T14:14:48.7653811Z # Subtest: the Cloudflare container uses the native WebSocket-aware proxy
2026-10-08T14:14:48.7654384Z ok 64 - the Cloudflare container uses the native WebSocket-aware proxy
2026-10-08T14:14:48.7654742Z   ---
2026-10-08T14:14:48.7654942Z   duration_ms: 0.814472
2026-10-08T14:14:48.7655170Z   type: 'test'
2026-10-08T14:14:48.7655360Z   ...
2026-10-08T14:14:48.7655848Z # Subtest: Worker gates HTTP and socket ingress until the running image matches the prepared source
2026-10-08T14:14:48.7656600Z ok 65 - Worker gates HTTP and socket ingress until the running image matches the prepared source
2026-10-08T14:14:48.7657044Z   ---
2026-10-08T14:14:48.7657234Z   duration_ms: 4.870739
2026-10-08T14:14:48.7657473Z   type: 'test'
2026-10-08T14:14:48.7657677Z   ...
2026-10-08T14:14:48.7658133Z # Subtest: direct application startup refuses unavailable isolation before binding a server
2026-10-08T14:14:48.7658829Z ok 66 - direct application startup refuses unavailable isolation before binding a server
2026-10-08T14:14:48.7659238Z   ---
2026-10-08T14:14:48.7659425Z   duration_ms: 969.943944
2026-10-08T14:14:48.7659649Z   type: 'test'
2026-10-08T14:14:48.7659838Z   ...
2026-10-08T14:14:49.1140262Z # Subtest: server-signed attribution cannot be changed by the client
2026-10-08T14:14:49.1145857Z ok 67 - server-signed attribution cannot be changed by the client
2026-10-08T14:14:49.1147375Z   ---
2026-10-08T14:14:49.1148850Z   duration_ms: 1.89486
2026-10-08T14:14:49.1149471Z   type: 'test'
2026-10-08T14:14:49.1149834Z   ...
2026-10-08T14:14:49.1156652Z # Subtest: independent concurrent Yjs edits merge without lost text
2026-10-08T14:14:49.1166470Z ok 68 - independent concurrent Yjs edits merge without lost text
2026-10-08T14:14:49.1169410Z   ---
2026-10-08T14:14:49.1170453Z   duration_ms: 5.471561
2026-10-08T14:14:49.1171551Z   type: 'test'
2026-10-08T14:14:49.1172184Z   ...
2026-10-08T14:14:49.1173149Z # Subtest: only the newest orchestration revision can be promoted
2026-10-08T14:14:49.1181493Z ok 69 - only the newest orchestration revision can be promoted
2026-10-08T14:14:49.1182831Z   ---
2026-10-08T14:14:49.1183665Z   duration_ms: 0.134562
2026-10-08T14:14:49.1184462Z   type: 'test'
2026-10-08T14:14:49.1185056Z   ...
2026-10-08T14:14:49.1186040Z # Subtest: generation errors retain the last success and block unsafe code
2026-10-08T14:14:49.1187389Z ok 70 - generation errors retain the last success and block unsafe code
2026-10-08T14:14:49.1188363Z   ---
2026-10-08T14:14:49.1188929Z   duration_ms: 0.623064
2026-10-08T14:14:49.1189537Z   type: 'test'
2026-10-08T14:14:49.1190063Z   ...
2026-10-08T14:14:49.1191156Z # Subtest: custom provider URLs require HTTPS except for local testing
2026-10-08T14:14:49.1192462Z ok 71 - custom provider URLs require HTTPS except for local testing
2026-10-08T14:14:49.1193678Z   ---
2026-10-08T14:14:49.1194197Z   duration_ms: 0.467784
2026-10-08T14:14:49.1194756Z   type: 'test'
2026-10-08T14:14:49.1195272Z   ...
2026-10-08T14:14:49.1196084Z # Subtest: provider model discovery returns exact account model IDs
2026-10-08T14:14:49.1197192Z ok 72 - provider model discovery returns exact account model IDs
2026-10-08T14:14:49.1198009Z   ---
2026-10-08T14:14:49.1198578Z   duration_ms: 19.929048
2026-10-08T14:14:49.1199234Z   type: 'test'
2026-10-08T14:14:49.1199797Z   ...
2026-10-08T14:14:51.1896552Z # Subtest: multi-file project compiles to an isolated React preview
2026-10-08T14:14:51.1897673Z ok 73 - multi-file project compiles to an isolated React preview
2026-10-08T14:14:51.1898323Z   ---
2026-10-08T14:14:51.1898694Z   duration_ms: 2106.118068
2026-10-08T14:14:51.1899131Z   type: 'test'
2026-10-08T14:14:51.1899499Z   ...
2026-10-08T14:14:52.2493417Z # Subtest: audit follows the prepared isolated worker without hiding missing source imports
2026-10-08T14:14:52.2497326Z ok 74 - audit follows the prepared isolated worker without hiding missing source imports
2026-10-08T14:14:52.2499492Z   ---
2026-10-08T14:14:52.2500539Z   duration_ms: 17.439588
2026-10-08T14:14:52.2502663Z   type: 'test'
2026-10-08T14:14:52.2503577Z   ...
2026-10-08T14:14:52.2504780Z # Subtest: UI scope rejects backend authority, shared contracts and migrations
2026-10-08T14:14:52.2506189Z ok 75 - UI scope rejects backend authority, shared contracts and migrations
2026-10-08T14:14:52.2507150Z   ---
2026-10-08T14:14:52.2507746Z   duration_ms: 0.4868
2026-10-08T14:14:52.2508376Z   type: 'test'
2026-10-08T14:14:52.2508959Z   ...
2026-10-08T14:14:52.2514682Z # Subtest: Vercel and direct TypeSafe reviews use separate endpoints and credentials without retries
2026-10-08T14:14:52.2521909Z ok 76 - Vercel and direct TypeSafe reviews use separate endpoints and credentials without retries
2026-10-08T14:14:52.2523159Z   ---
2026-10-08T14:14:52.2523752Z   duration_ms: 22.941535
2026-10-08T14:14:52.2524054Z   type: 'test'
2026-10-08T14:14:52.2524263Z   ...
2026-10-08T14:14:52.2524789Z # Subtest: audit retains literal dynamic and type imports, ambient declarations and tooling roots
2026-10-08T14:14:52.2525537Z ok 77 - audit retains literal dynamic and type imports, ambient declarations and tooling roots
2026-10-08T14:14:52.2525985Z   ---
2026-10-08T14:14:52.2526181Z   duration_ms: 4.190819
2026-10-08T14:14:52.2526409Z   type: 'test'
2026-10-08T14:14:52.2526603Z   ...
2026-10-08T14:14:52.2527098Z # Subtest: audit reports browser/server coupling and preserves uncertainty about nonliteral loads
2026-10-08T14:14:52.2527836Z ok 78 - audit reports browser/server coupling and preserves uncertainty about nonliteral loads
2026-10-08T14:14:52.2528269Z   ---
2026-10-08T14:14:52.2528458Z   duration_ms: 0.934035
2026-10-08T14:14:52.2528672Z   type: 'test'
2026-10-08T14:14:52.2528858Z   ...
2026-10-08T14:14:52.2529772Z # Subtest: untrusted Jev output cannot introduce unknown options, invalid probabilities or a different model
2026-10-08T14:14:52.2530668Z ok 79 - untrusted Jev output cannot introduce unknown options, invalid probabilities or a different model
2026-10-08T14:14:52.2531559Z   ---
2026-10-08T14:14:52.2531762Z   duration_ms: 1.216583
2026-10-08T14:14:52.2531982Z   type: 'test'
2026-10-08T14:14:52.2532213Z   ...
2026-10-08T14:14:53.3219079Z # (node:885) ExperimentalWarning: SQLite is an experimental feature and might change at any time
2026-10-08T14:14:53.3220005Z # (Use `node --trace-warnings ...` to show where the warning was created)
2026-10-08T14:14:53.3395139Z # {"event":"collaboration.upgrade_rejected","category":"invalid_session","correlationId":"dfcad3c7-30ac-44c3-87a4-f14342fef842"}
2026-10-08T14:14:53.3900371Z # {"event":"collaboration.upgrade_rejected","category":"invalid_session","correlationId":"4c699541-d755-411b-829d-768b812c09b9"}
2026-10-08T14:14:53.3920375Z # {"event":"collaboration.upgrade_rejected","category":"missing_room","correlationId":"856186ad-2f7f-4687-947e-22ee42e104a6"}
2026-10-08T14:14:53.4006892Z # Subtest: collaboration upgrades expose safe authentication and room failures
2026-10-08T14:14:53.4008118Z ok 80 - collaboration upgrades expose safe authentication and room failures
2026-10-08T14:14:53.4008995Z   ---
2026-10-08T14:14:53.4009347Z   duration_ms: 86.683759
2026-10-08T14:14:53.4009746Z   type: 'test'
2026-10-08T14:14:53.4010087Z   ...
2026-10-08T14:14:54.4497697Z # (node:904) ExperimentalWarning: SQLite is an experimental feature and might change at any time
2026-10-08T14:14:54.4498629Z # (Use `node --trace-warnings ...` to show where the warning was created)
2026-10-08T14:14:54.5433144Z # Subtest: conflict endpoint enforces editor role, contributor identity, stale choices, and retry identity
2026-10-08T14:14:54.5462373Z ok 81 - conflict endpoint enforces editor role, contributor identity, stale choices, and retry identity
2026-10-08T14:14:54.5471712Z   ---
2026-10-08T14:14:54.5471966Z   duration_ms: 123.34162
2026-10-08T14:14:54.5472257Z   type: 'test'
2026-10-08T14:14:54.5472484Z   ...
2026-10-08T14:14:55.6029070Z # (node:923) ExperimentalWarning: SQLite is an experimental feature and might change at any time
2026-10-08T14:14:55.6031142Z # (Use `node --trace-warnings ...` to show where the warning was created)
2026-10-08T14:14:55.7955544Z # Subtest: workspace owner discovers account models and activates the shared connection
2026-10-08T14:14:55.7958385Z ok 82 - workspace owner discovers account models and activates the shared connection
2026-10-08T14:14:55.7960826Z   ---
2026-10-08T14:14:55.7961515Z   duration_ms: 189.825517
2026-10-08T14:14:55.7961951Z   type: 'test'
2026-10-08T14:14:55.7962282Z   ...
2026-10-08T14:14:55.8359129Z # Subtest: collaborators receive redacted connection status and cannot manage owner credentials
2026-10-08T14:14:55.8360644Z ok 83 - collaborators receive redacted connection status and cannot manage owner credentials
2026-10-08T14:14:55.8361731Z   ---
2026-10-08T14:14:55.8362135Z   duration_ms: 40.30094
2026-10-08T14:14:55.8362559Z   type: 'test'
2026-10-08T14:14:55.8362875Z   ...
2026-10-08T14:14:55.8685462Z # Subtest: AI effort endpoint is owner-only and validates the requested level
2026-10-08T14:14:55.8688221Z ok 84 - AI effort endpoint is owner-only and validates the requested level
2026-10-08T14:14:55.8688871Z   ---
2026-10-08T14:14:55.8689430Z   duration_ms: 33.444539
2026-10-08T14:14:55.8689889Z   type: 'test'
2026-10-08T14:14:55.8690260Z   ...
2026-10-08T14:14:55.9025845Z # Subtest: owner effort mutation updates a connected Custom room without a provider call
2026-10-08T14:14:55.9027549Z ok 85 - owner effort mutation updates a connected Custom room without a provider call
2026-10-08T14:14:55.9028297Z   ---
2026-10-08T14:14:55.9028635Z   duration_ms: 33.781619
2026-10-08T14:14:55.9029035Z   type: 'test'
2026-10-08T14:14:55.9029363Z   ...
2026-10-08T14:14:56.4249887Z # (node:942) ExperimentalWarning: SQLite is an experimental feature and might change at any time
2026-10-08T14:14:56.4251544Z # (Use `node --trace-warnings ...` to show where the warning was created)
2026-10-08T14:14:56.4863423Z # Subtest: remote claims and renewals coalesce; timeout permanently fences a delayed renewal
2026-10-08T14:14:56.4983093Z ok 86 - remote claims and renewals coalesce; timeout permanently fences a delayed renewal
2026-10-08T14:14:56.4984329Z   ---
2026-10-08T14:14:56.4984944Z   duration_ms: 22.975491
2026-10-08T14:14:56.4985376Z   type: 'test'
2026-10-08T14:14:56.4985707Z   ...
2026-10-08T14:14:56.4986479Z # Subtest: closing during a claim releases the late epoch without reviving ownership
2026-10-08T14:14:56.4987624Z ok 87 - closing during a claim releases the late epoch without reviving ownership
2026-10-08T14:14:56.4988307Z   ---
2026-10-08T14:14:56.4988635Z   duration_ms: 1.240949
2026-10-08T14:14:56.4989010Z   type: 'test'
2026-10-08T14:14:56.4989333Z   ...
2026-10-08T14:14:56.4989889Z # Subtest: closing during renewal cannot validate an old worker; malformed epochs fail closed
2026-10-08T14:14:56.4990650Z ok 88 - closing during renewal cannot validate an old worker; malformed epochs fail closed
2026-10-08T14:14:56.4991846Z   ---
2026-10-08T14:14:56.4992055Z   duration_ms: 1.967686
2026-10-08T14:14:56.4992280Z   type: 'test'
2026-10-08T14:14:56.4992482Z   ...
2026-10-08T14:14:56.4993013Z # Subtest: loss during durable dispatch intent prevents physical provider HTTP and subsequent mutations
2026-10-08T14:14:56.4993807Z ok 89 - loss during durable dispatch intent prevents physical provider HTTP and subsequent mutations
2026-10-08T14:14:56.4994265Z   ---
2026-10-08T14:14:56.4994454Z   duration_ms: 38.108619
2026-10-08T14:14:56.4994678Z   type: 'test'
2026-10-08T14:14:56.4994866Z   ...
2026-10-08T14:14:56.4995355Z # Subtest: hosted dispatch and document writes carry fences; stale SQL results invalidate the owner
2026-10-08T14:14:56.4996106Z ok 90 - hosted dispatch and document writes carry fences; stale SQL results invalidate the owner
2026-10-08T14:14:56.4996554Z   ---
2026-10-08T14:14:56.4996754Z   duration_ms: 7.29053
2026-10-08T14:14:56.4996979Z   type: 'test'
2026-10-08T14:14:56.4997167Z   ...
2026-10-08T14:14:56.8577440Z # (node:961) ExperimentalWarning: SQLite is an experimental feature and might change at any time
2026-10-08T14:14:56.8579351Z # (Use `node --trace-warnings ...` to show where the warning was created)
2026-10-08T14:14:59.1251190Z # Subtest: promotion API rejects missing, changed and cancelled coordinator evidence before workspace writes
2026-10-08T14:14:59.1265213Z ok 91 - promotion API rejects missing, changed and cancelled coordinator evidence before workspace writes
2026-10-08T14:14:59.1266762Z   ---
2026-10-08T14:14:59.1272185Z   duration_ms: 2150.152832
2026-10-08T14:14:59.1279131Z   type: 'test'
2026-10-08T14:14:59.1280381Z   ...
2026-10-08T14:14:59.1282644Z # Subtest: event store orders events, redacts secrets, stores artifacts, and enforces run transitions
2026-10-08T14:14:59.1284599Z ok 92 - event store orders events, redacts secrets, stores artifacts, and enforces run transitions
2026-10-08T14:14:59.1285251Z   ---
2026-10-08T14:14:59.1285604Z   duration_ms: 15.507069
2026-10-08T14:14:59.1285961Z   type: 'test'
2026-10-08T14:14:59.1286284Z   ...
2026-10-08T14:14:59.1286882Z # Subtest: tool policy denies personal agents and unknown tools before execution
2026-10-08T14:14:59.1287624Z ok 93 - tool policy denies personal agents and unknown tools before execution
2026-10-08T14:14:59.1288121Z   ---
2026-10-08T14:14:59.1288439Z   duration_ms: 14.773248
2026-10-08T14:14:59.1288786Z   type: 'test'
2026-10-08T14:14:59.1289093Z   ...
2026-10-08T14:14:59.1290152Z # Subtest: append-only snapshot artifacts reconstruct a missing derived workspace view
2026-10-08T14:14:59.1291923Z ok 94 - append-only snapshot artifacts reconstruct a missing derived workspace view
2026-10-08T14:14:59.1292971Z   ---
2026-10-08T14:14:59.1293575Z   duration_ms: 12.206102
2026-10-08T14:14:59.1294026Z   type: 'test'
2026-10-08T14:14:59.1294356Z   ...
2026-10-08T14:14:59.1295254Z # Subtest: room restart reconstructs the last product and interrupts an in-flight run
2026-10-08T14:14:59.1296088Z ok 95 - room restart reconstructs the last product and interrupts an in-flight run
2026-10-08T14:14:59.1296607Z   ---
2026-10-08T14:14:59.1296924Z   duration_ms: 45.061901
2026-10-08T14:14:59.1297272Z   type: 'test'
2026-10-08T14:14:59.1297580Z   ...
2026-10-08T14:14:59.1298092Z # Subtest: legacy workspace migration makes a backup before importing state
2026-10-08T14:14:59.1299416Z ok 96 - legacy workspace migration makes a backup before importing state
2026-10-08T14:14:59.1299958Z   ---
2026-10-08T14:14:59.1300285Z   duration_ms: 20.798424
2026-10-08T14:14:59.1300633Z   type: 'test'
2026-10-08T14:14:59.1301345Z   ...
2026-10-08T14:14:59.1302221Z # Subtest: durable workflow projection records task transitions and supports cursor recovery
2026-10-08T14:14:59.1303153Z ok 97 - durable workflow projection records task transitions and supports cursor recovery
2026-10-08T14:14:59.1303581Z   ---
2026-10-08T14:14:59.1303783Z   duration_ms: 18.025744
2026-10-08T14:14:59.1304039Z   type: 'test'
2026-10-08T14:14:59.1304539Z   ...
2026-10-08T14:14:59.1305092Z # Subtest: restart preserves a pending multi-option conflict group and resolver membership
2026-10-08T14:14:59.1306784Z ok 98 - restart preserves a pending multi-option conflict group and resolver membership
2026-10-08T14:14:59.1307465Z   ---
2026-10-08T14:14:59.1307768Z   duration_ms: 26.049604
2026-10-08T14:14:59.1308123Z   type: 'test'
2026-10-08T14:14:59.1308412Z   ...
2026-10-08T14:15:03.5538137Z # Subtest: ordinary compilation runs in the real OS boundary and never evaluates candidate top-level code
2026-10-08T14:15:03.5541094Z ok 99 - ordinary compilation runs in the real OS boundary and never evaluates candidate top-level code
2026-10-08T14:15:03.5542415Z   ---
2026-10-08T14:15:03.5543110Z   duration_ms: 4226.551274
2026-10-08T14:15:03.5543767Z   type: 'test'
2026-10-08T14:15:03.5544007Z   ...
2026-10-08T14:15:03.6057400Z # Subtest: OS boundary without Node permissions denies an existing private host file, writes and live loopback network
2026-10-08T14:15:03.6059224Z ok 100 - OS boundary without Node permissions denies an existing private host file, writes and live loopback network
2026-10-08T14:15:03.6060172Z   ---
2026-10-08T14:15:03.6061173Z   duration_ms: 55.39741
2026-10-08T14:15:03.6061966Z   type: 'test'
2026-10-08T14:15:03.6062336Z   ...
2026-10-08T14:15:03.6704510Z # Subtest: restricted process strips injection/secrets and denies subprocesses, workers and cross-workspace reads
2026-10-08T14:15:03.6707637Z ok 101 - restricted process strips injection/secrets and denies subprocesses, workers and cross-workspace reads
2026-10-08T14:15:03.6708907Z   ---
2026-10-08T14:15:03.6709547Z   duration_ms: 56.734126
2026-10-08T14:15:03.6709831Z   type: 'test'
2026-10-08T14:15:03.6710044Z   ...
2026-10-08T14:15:09.1219818Z # Subtest: candidate imports cannot read absolute files, traverse workspaces or download packages/styles
2026-10-08T14:15:09.1221296Z ok 102 - candidate imports cannot read absolute files, traverse workspaces or download packages/styles
2026-10-08T14:15:09.1222099Z   ---
2026-10-08T14:15:09.1222421Z   duration_ms: 5460.857635
2026-10-08T14:15:09.1222794Z   type: 'test'
2026-10-08T14:15:09.1223257Z   ...
2026-10-08T14:15:10.1299079Z # Subtest: wall timeout terminates a running child and cleans its private input
2026-10-08T14:15:10.1300274Z ok 103 - wall timeout terminates a running child and cleans its private input
2026-10-08T14:15:10.1301157Z   ---
2026-10-08T14:15:10.1301468Z   duration_ms: 1008.390538
2026-10-08T14:15:10.1301818Z   type: 'test'
2026-10-08T14:15:10.1302115Z   ...
2026-10-08T14:15:10.1368645Z # Subtest: cancellation waits for real child termination and cleanup; pre-abort starts nothing
2026-10-08T14:15:10.1370622Z ok 104 - cancellation waits for real child termination and cleanup; pre-abort starts nothing
2026-10-08T14:15:10.1371670Z   ---
2026-10-08T14:15:10.1372065Z   duration_ms: 7.695658
2026-10-08T14:15:10.1372485Z   type: 'test'
2026-10-08T14:15:10.1372832Z   ...
2026-10-08T14:15:10.8187422Z # Subtest: memory exhaustion cannot escape the OS bound and leaves no child work
2026-10-08T14:15:10.8190163Z ok 105 - memory exhaustion cannot escape the OS bound and leaves no child work
2026-10-08T14:15:10.8191857Z   ---
2026-10-08T14:15:10.8192377Z   duration_ms: 680.114957
2026-10-08T14:15:10.8193070Z   type: 'test'
2026-10-08T14:15:10.8193692Z   ...
2026-10-08T14:15:10.8194742Z # Subtest: unavailable isolation fails explicitly and cannot fall back to host compilation
2026-10-08T14:15:10.8196303Z ok 106 - unavailable isolation fails explicitly and cannot fall back to host compilation
2026-10-08T14:15:10.8197238Z   ---
2026-10-08T14:15:10.8197754Z   duration_ms: 0.670944
2026-10-08T14:15:10.8198324Z   type: 'test'
2026-10-08T14:15:10.8198824Z   ...
2026-10-08T14:15:20.8299697Z # Subtest: CPU bound stops a busy child before the longer wall deadline
2026-10-08T14:15:20.8300987Z ok 107 - CPU bound stops a busy child before the longer wall deadline
2026-10-08T14:15:20.8301642Z   ---
2026-10-08T14:15:20.8302104Z   duration_ms: 10010.866958
2026-10-08T14:15:20.8302889Z   type: 'test'
2026-10-08T14:15:20.8303210Z   ...
2026-10-08T14:15:20.9853236Z # Subtest: untrusted output is bounded before it reaches application memory or artifacts
2026-10-08T14:15:20.9854402Z ok 108 - untrusted output is bounded before it reaches application memory or artifacts
2026-10-08T14:15:20.9855254Z   ---
2026-10-08T14:15:20.9855641Z   duration_ms: 158.18498
2026-10-08T14:15:20.9856071Z   type: 'test'
2026-10-08T14:15:20.9856427Z   ...
2026-10-08T14:15:22.0334802Z # (node:1105) ExperimentalWarning: SQLite is an experimental feature and might change at any time
2026-10-08T14:15:22.0335571Z # (Use `node --trace-warnings ...` to show where the warning was created)
2026-10-08T14:15:22.1028653Z # {"event":"collaboration.upgrade_rejected","category":"forbidden","correlationId":"7b75179e-86fb-4d71-89d3-1c94c2c62046"}
2026-10-08T14:15:22.1062322Z # {"event":"collaboration.connected","connectionId":"f665e33d-bd5d-45bd-b5cf-632d6764a020","correlationId":"7427680f-3e28-4167-9a63-c030aaecc74b"}
2026-10-08T14:15:22.1186227Z # {"event":"collaboration.disconnected","connectionId":"f665e33d-bd5d-45bd-b5cf-632d6764a020","code":4403}
2026-10-08T14:15:22.1551304Z # Subtest: hosted reads, mutations and live delivery check current membership rather than a stale ticket role
2026-10-08T14:15:22.1651312Z ok 109 - hosted reads, mutations and live delivery check current membership rather than a stale ticket role
2026-10-08T14:15:22.1651916Z   ---
2026-10-08T14:15:22.1652125Z   duration_ms: 118.59794
2026-10-08T14:15:22.1652361Z   type: 'test'
2026-10-08T14:15:22.1652556Z   ...
2026-10-08T14:15:22.1838515Z # {"event":"collaboration.upgrade_rejected","category":"coordinator_unavailable","correlationId":"7a1f7339-178a-4740-abed-c15db16572cf"}
2026-10-08T14:15:22.1976696Z # Subtest: non-owner ingress retries without hydrating a second writer or bypassing membership
2026-10-08T14:15:22.1978270Z ok 110 - non-owner ingress retries without hydrating a second writer or bypassing membership
2026-10-08T14:15:22.1979179Z   ---
2026-10-08T14:15:22.1979580Z   duration_ms: 71.095311
2026-10-08T14:15:22.1980011Z   type: 'test'
2026-10-08T14:15:22.1980380Z   ...
2026-10-08T14:15:23.2895115Z # (node:1124) ExperimentalWarning: SQLite is an experimental feature and might change at any time
2026-10-08T14:15:23.2896373Z # (Use `node --trace-warnings ...` to show where the warning was created)
2026-10-08T14:15:23.4770640Z # {"event":"collaboration.connected","connectionId":"8d2db1e8-dae0-4864-ad06-758499908a5e","correlationId":"1808c90f-3cab-4b22-a7d8-68c2d0048445"}
2026-10-08T14:15:23.4817482Z # {"event":"collaboration.connected","connectionId":"13dfd7e3-b7dd-4062-a23f-7d76ab9d04ce","correlationId":"4bb5ac87-5b93-43a8-91e6-249e0d0204d8"}
2026-10-08T14:15:23.4871577Z # {"event":"collaboration.connected","connectionId":"8bc4e4ee-e2d7-4de1-8a4e-893e5297718e","correlationId":"789e242c-6b12-471a-9902-ccf5515e3e3d"}
2026-10-08T14:15:35.9134731Z # {"event":"collaboration.disconnected","connectionId":"8bc4e4ee-e2d7-4de1-8a4e-893e5297718e","code":1006}
2026-10-08T14:15:35.9732416Z # {"event":"collaboration.disconnected","connectionId":"13dfd7e3-b7dd-4062-a23f-7d76ab9d04ce","code":1006}
2026-10-08T14:15:36.0459556Z # {"event":"collaboration.disconnected","connectionId":"8d2db1e8-dae0-4864-ad06-758499908a5e","code":1006}
2026-10-08T14:15:36.1737278Z # Subtest: three collaborators create and maintain a runnable recipe app
2026-10-08T14:15:36.1738048Z ok 111 - three collaborators create and maintain a runnable recipe app
2026-10-08T14:15:36.1738525Z   ---
2026-10-08T14:15:36.1738793Z   duration_ms: 12885.714934
2026-10-08T14:15:36.1739144Z   type: 'test'
2026-10-08T14:15:36.1739415Z   ...
2026-10-08T14:15:36.5247140Z # (node:1191) ExperimentalWarning: SQLite is an experimental feature and might change at any time
2026-10-08T14:15:36.5248464Z # (Use `node --trace-warnings ...` to show where the warning was created)
2026-10-08T14:15:36.5670656Z # Subtest: a clear restaurant website assignment is accepted even when a model labels the batch as proposal
2026-10-08T14:15:36.5673169Z ok 112 - a clear restaurant website assignment is accepted even when a model labels the batch as proposal
2026-10-08T14:15:36.5674472Z   ---
2026-10-08T14:15:36.5674913Z   duration_ms: 4.328999
2026-10-08T14:15:36.5677869Z   type: 'test'
2026-10-08T14:15:36.5678273Z   ...
2026-10-08T14:15:36.5679591Z # Subtest: classification semantics distinguish requests, proposals, questions, quotes, hypotheticals, and negation
2026-10-08T14:15:36.5682026Z ok 113 - classification semantics distinguish requests, proposals, questions, quotes, hypotheticals, and negation
2026-10-08T14:15:36.5683982Z   ---
2026-10-08T14:15:36.5684635Z   duration_ms: 0.628955
2026-10-08T14:15:36.5685343Z   type: 'test'
2026-10-08T14:15:36.5686264Z   ...
2026-10-08T14:15:36.5687705Z # Subtest: mixed contribution keeps request, proposal, and question separate
2026-10-08T14:15:36.5689415Z ok 114 - mixed contribution keeps request, proposal, and question separate
2026-10-08T14:15:36.5690507Z   ---
2026-10-08T14:15:36.5691413Z   duration_ms: 8.02741
2026-10-08T14:15:36.5692112Z   type: 'test'
2026-10-08T14:15:36.5692634Z   ...
2026-10-08T14:15:36.5693920Z # Subtest: missing classifications become ambiguity and reinterpretation supersedes only its own source without duplicates
2026-10-08T14:15:36.5696049Z ok 115 - missing classifications become ambiguity and reinterpretation supersedes only its own source without duplicates
2026-10-08T14:15:36.5697420Z   ---
2026-10-08T14:15:36.5698055Z   duration_ms: 0.844748
2026-10-08T14:15:36.5698768Z   type: 'test'
2026-10-08T14:15:36.5699403Z   ...
2026-10-08T14:15:36.6091930Z # Subtest: targeted reinterpretation reuses authenticated edits, preserves identity, avoids duplicate builds, and protects decisions
2026-10-08T14:15:36.6094114Z ok 116 - targeted reinterpretation reuses authenticated edits, preserves identity, avoids duplicate builds, and protects decisions
2026-10-08T14:15:36.6095273Z   ---
2026-10-08T14:15:36.6095700Z   duration_ms: 86.271527
2026-10-08T14:15:36.6096166Z   type: 'test'
2026-10-08T14:15:36.6096523Z   ...
2026-10-08T14:15:37.1878011Z # (node:1210) ExperimentalWarning: SQLite is an experimental feature and might change at any time
2026-10-08T14:15:37.1879406Z # (Use `node --trace-warnings ...` to show where the warning was created)
2026-10-08T14:15:37.1941286Z # Subtest: coauthor correction preserves teammate wording and exact sources, audit and previous revision
2026-10-08T14:15:37.1954286Z ok 117 - coauthor correction preserves teammate wording and exact sources, audit and previous revision
2026-10-08T14:15:37.1955544Z   ---
2026-10-08T14:15:37.1956091Z   duration_ms: 46.619009
2026-10-08T14:15:37.1956474Z   type: 'test'
2026-10-08T14:15:37.1956790Z   ...
2026-10-08T14:15:37.1957763Z # Subtest: withdrawal removes only caller support and survives restart; same request replays before stale checks
2026-10-08T14:15:37.1959716Z ok 118 - withdrawal removes only caller support and survives restart; same request replays before stale checks
2026-10-08T14:15:37.1960665Z   ---
2026-10-08T14:15:37.1961250Z   duration_ms: 31.530325
2026-10-08T14:15:37.1961655Z   type: 'test'
2026-10-08T14:15:37.1961997Z   ...
2026-10-08T14:15:37.1962686Z # Subtest: unauthorized, stale and forged targets cannot mutate accepted intent
2026-10-08T14:15:37.1963709Z ok 119 - unauthorized, stale and forged targets cannot mutate accepted intent
2026-10-08T14:15:37.1964343Z   ---
2026-10-08T14:15:37.1964650Z   duration_ms: 22.91682
2026-10-08T14:15:37.1965013Z   type: 'test'
2026-10-08T14:15:37.1965320Z   ...
2026-10-08T14:15:37.1966067Z # Subtest: concurrent stale corrections serialize and only one current revision commits
2026-10-08T14:15:37.1967156Z ok 120 - concurrent stale corrections serialize and only one current revision commits
2026-10-08T14:15:37.1967804Z   ---
2026-10-08T14:15:37.1968100Z   duration_ms: 20.752837
2026-10-08T14:15:37.1968440Z   type: 'test'
2026-10-08T14:15:37.1968759Z   ...
2026-10-08T14:15:37.1969687Z # Subtest: ambiguous current intent can be corrected explicitly as proposal, question or request without inference
2026-10-08T14:15:37.1971767Z ok 121 - ambiguous current intent can be corrected explicitly as proposal, question or request without inference
2026-10-08T14:15:37.1972640Z   ---
2026-10-08T14:15:37.1972966Z   duration_ms: 26.541383
2026-10-08T14:15:37.1973340Z   type: 'test'
2026-10-08T14:15:37.1973661Z   ...
2026-10-08T14:15:37.1974658Z # Subtest: correction of one current intent preserves other entries and their independently withdrawable attribution
2026-10-08T14:15:37.1976234Z ok 122 - correction of one current intent preserves other entries and their independently withdrawable attribution
2026-10-08T14:15:37.1977104Z   ---
2026-10-08T14:15:37.1977421Z   duration_ms: 25.022936
2026-10-08T14:15:37.1977792Z   type: 'test'
2026-10-08T14:15:37.1978103Z   ...
2026-10-08T14:15:37.1992811Z # Subtest: accepted change aborts an old candidate but proposal-only change leaves independent work running
2026-10-08T14:15:37.2006755Z ok 123 - accepted change aborts an old candidate but proposal-only change leaves independent work running
2026-10-08T14:15:37.2007651Z   ---
2026-10-08T14:15:37.2007972Z   duration_ms: 23.554822
2026-10-08T14:15:37.2008359Z   type: 'test'
2026-10-08T14:15:37.2008687Z   ...
2026-10-08T14:15:37.2009559Z # Subtest: canonical intent remains invisible until remote acknowledgement; lost reply recovers one receipt
2026-10-08T14:15:37.2011193Z ok 124 - canonical intent remains invisible until remote acknowledgement; lost reply recovers one receipt
2026-10-08T14:15:37.2011975Z   ---
2026-10-08T14:15:37.2012280Z   duration_ms: 39.583793
2026-10-08T14:15:37.2012629Z   type: 'test'
2026-10-08T14:15:37.2012926Z   ...
2026-10-08T14:15:37.2014081Z # Subtest: provider provenance guard rejects invented passages and consequential pronouns; exact ordinary requests remain accepted
2026-10-08T14:15:37.2015959Z ok 125 - provider provenance guard rejects invented passages and consequential pronouns; exact ordinary requests remain accepted
2026-10-08T14:15:37.2016979Z   ---
2026-10-08T14:15:37.2017312Z   duration_ms: 1.845208
2026-10-08T14:15:37.2017712Z   type: 'test'
2026-10-08T14:15:37.2018044Z   ...
2026-10-08T14:15:37.2019009Z # Subtest: accepted context is attributed; named pronoun resolves with unique evidence, model IDs alone do not
2026-10-08T14:15:37.2020577Z ok 126 - accepted context is attributed; named pronoun resolves with unique evidence, model IDs alone do not
2026-10-08T14:15:37.2021757Z   ---
2026-10-08T14:15:37.2022116Z   duration_ms: 0.971355
2026-10-08T14:15:37.2022528Z   type: 'test'
2026-10-08T14:15:37.2022883Z   ...
2026-10-08T14:15:37.2023893Z # Subtest: model cannot forge human authority, decision references, or withdraw teammates via deleted source
2026-10-08T14:15:37.2025499Z ok 127 - model cannot forge human authority, decision references, or withdraw teammates via deleted source
2026-10-08T14:15:37.2026422Z   ---
2026-10-08T14:15:37.2026953Z   duration_ms: 0.617353
2026-10-08T14:15:37.2027761Z   type: 'test'
2026-10-08T14:15:37.2028182Z   ...
2026-10-08T14:15:37.2029025Z # Subtest: affected model IDs do not overwrite a teammate or silently withdraw the caller
2026-10-08T14:15:37.2030305Z ok 128 - affected model IDs do not overwrite a teammate or silently withdraw the caller
2026-10-08T14:15:37.2031323Z   ---
2026-10-08T14:15:37.2031679Z   duration_ms: 0.644974
2026-10-08T14:15:37.2032089Z   type: 'test'
2026-10-08T14:15:37.2032452Z   ...
2026-10-08T14:15:37.2033406Z # Subtest: unverified/proposed matching descriptions never confer accepted teammate attribution
2026-10-08T14:15:37.2034875Z ok 129 - unverified/proposed matching descriptions never confer accepted teammate attribution
2026-10-08T14:15:37.2035743Z   ---
2026-10-08T14:15:37.2036118Z   duration_ms: 0.373037
2026-10-08T14:15:37.2036534Z   type: 'test'
2026-10-08T14:15:37.2036906Z   ...
2026-10-08T14:15:37.2037964Z # Subtest: queued intent commands recheck current membership before any durable mutation
2026-10-08T14:15:37.2041468Z ok 130 - queued intent commands recheck current membership before any durable mutation
2026-10-08T14:15:37.2042631Z   ---
2026-10-08T14:15:37.2042998Z   duration_ms: 17.890579
2026-10-08T14:15:37.2043425Z   type: 'test'
2026-10-08T14:15:37.2043623Z   ...
2026-10-08T14:15:37.2044349Z # Subtest: a provider cannot quote only the color to conceal an unresolved source target or invent contextual attribution
2026-10-08T14:15:37.2045290Z ok 131 - a provider cannot quote only the color to conceal an unresolved source target or invent contextual attribution
2026-10-08T14:15:37.2045805Z   ---
2026-10-08T14:15:37.2046010Z   duration_ms: 0.72761
2026-10-08T14:15:37.2046229Z   type: 'test'
2026-10-08T14:15:37.2046419Z   ...
2026-10-08T14:15:37.2047079Z # Subtest: typed insertion fragments and shorter replacements retain authenticated request text; deletion-only text grants no new intent
2026-10-08T14:15:37.2048139Z ok 132 - typed insertion fragments and shorter replacements retain authenticated request text; deletion-only text grants no new intent
2026-10-08T14:15:37.2048724Z   ---
2026-10-08T14:15:37.2048922Z   duration_ms: 0.507358
2026-10-08T14:15:37.2049139Z   type: 'test'
2026-10-08T14:15:37.2049326Z   ...
2026-10-08T14:15:37.5303555Z # (node:1229) ExperimentalWarning: SQLite is an experimental feature and might change at any time
2026-10-08T14:15:37.5304376Z # (Use `node --trace-warnings ...` to show where the warning was created)
2026-10-08T14:15:38.0454159Z # Subtest: serial acceptance and deferred capture order survive SQLite restart without replay spending
2026-10-08T14:15:38.0480306Z ok 133 - serial acceptance and deferred capture order survive SQLite restart without replay spending
2026-10-08T14:15:38.0481748Z   ---
2026-10-08T14:15:38.0482387Z   duration_ms: 472.536932
2026-10-08T14:15:38.0482753Z   type: 'test'
2026-10-08T14:15:38.0482998Z   ...
2026-10-08T14:15:38.0655234Z # Subtest: a failed authority check does not poison capture order or spend the later caller allowance twice
2026-10-08T14:15:38.0656457Z ok 134 - a failed authority check does not poison capture order or spend the later caller allowance twice
2026-10-08T14:15:38.0657134Z   ---
2026-10-08T14:15:38.0657393Z   duration_ms: 64.503544
2026-10-08T14:15:38.0657697Z   type: 'test'
2026-10-08T14:15:38.0657951Z   ...
2026-10-08T14:15:38.4535655Z # Subtest: replaying the same invitation request keeps its link and does not send twice after provider acceptance
2026-10-08T14:15:38.4544403Z ok 135 - replaying the same invitation request keeps its link and does not send twice after provider acceptance
2026-10-08T14:15:38.4546254Z   ---
2026-10-08T14:15:38.4547105Z   duration_ms: 85.62235
2026-10-08T14:15:38.4547570Z   type: 'test'
2026-10-08T14:15:38.4547933Z   ...
2026-10-08T14:15:38.4548747Z # Subtest: additive invitation migration retains prior hashes and membership roles
2026-10-08T14:15:38.4549907Z ok 136 - additive invitation migration retains prior hashes and membership roles
2026-10-08T14:15:38.4550587Z   ---
2026-10-08T14:15:38.4551187Z   duration_ms: 0.633153
2026-10-08T14:15:38.4551947Z   type: 'test'
2026-10-08T14:15:38.4552283Z   ...
2026-10-08T14:15:38.7288236Z # Subtest: Linux browser file-descriptor ceiling rejects growth and cleans the bounded job
2026-10-08T14:15:38.7300460Z ok 137 - Linux browser file-descriptor ceiling rejects growth and cleans the bounded job
2026-10-08T14:15:38.7301657Z   ---
2026-10-08T14:15:38.7302380Z   duration_ms: 66.797473
2026-10-08T14:15:38.7302824Z   type: 'test'
2026-10-08T14:15:38.7303158Z   ...
2026-10-08T14:15:38.7744232Z # Subtest: Linux bootstrap drops authority and attaches a stopped trusted child before execution
2026-10-08T14:15:38.7745428Z ok 138 - Linux bootstrap drops authority and attaches a stopped trusted child before execution
2026-10-08T14:15:38.7746195Z   ---
2026-10-08T14:15:38.7746545Z   duration_ms: 52.949347
2026-10-08T14:15:38.7746927Z   type: 'test'
2026-10-08T14:15:38.7747237Z   ...
2026-10-08T14:15:38.8885793Z # Subtest: Linux PID ceiling denies fork growth and whole-group kill removes descendants
2026-10-08T14:15:38.8887152Z ok 139 - Linux PID ceiling denies fork growth and whole-group kill removes descendants
2026-10-08T14:15:38.8888043Z   ---
2026-10-08T14:15:38.8888271Z   duration_ms: 104.452441
2026-10-08T14:15:38.8888538Z   type: 'test'
2026-10-08T14:15:38.8888761Z   ...
2026-10-08T14:15:39.4374039Z # Subtest: real Linux browser physical-memory exhaustion kills its job while the application survives
2026-10-08T14:15:39.4375681Z ok 140 - real Linux browser physical-memory exhaustion kills its job while the application survives
2026-10-08T14:15:39.4376568Z   ---
2026-10-08T14:15:39.4376988Z   duration_ms: 560.120487
2026-10-08T14:15:39.4377438Z   type: 'test'
2026-10-08T14:15:39.4377800Z   ...
2026-10-08T14:15:39.4378630Z # Subtest: missing Linux delegation fails closed and removes the candidate profile
2026-10-08T14:15:39.4379904Z ok 141 - missing Linux delegation fails closed and removes the candidate profile
2026-10-08T14:15:39.4380684Z   ---
2026-10-08T14:15:39.4381428Z   duration_ms: 1.146151
2026-10-08T14:15:39.4381893Z   type: 'test'
2026-10-08T14:15:39.4382270Z   ...
2026-10-08T14:15:39.7138516Z # Subtest: drafts recover after a reload and remain scoped to the contributor and room
2026-10-08T14:15:39.7141688Z ok 142 - drafts recover after a reload and remain scoped to the contributor and room
2026-10-08T14:15:39.7142948Z   ---
2026-10-08T14:15:39.7143477Z   duration_ms: 17.610133
2026-10-08T14:15:39.7144039Z   type: 'test'
2026-10-08T14:15:39.7144545Z   ...
2026-10-08T14:15:39.7277765Z # Subtest: storage failure is visible and never claims a local save
2026-10-08T14:15:39.7279120Z ok 143 - storage failure is visible and never claims a local save
2026-10-08T14:15:39.7280134Z   ---
2026-10-08T14:15:39.7281186Z   duration_ms: 11.478227
2026-10-08T14:15:39.7282046Z   type: 'test'
2026-10-08T14:15:39.7282599Z   ...
2026-10-08T14:15:39.7288055Z # Subtest: corrupt cached updates do not mutate the live document
2026-10-08T14:15:39.7288850Z ok 144 - corrupt cached updates do not mutate the live document
2026-10-08T14:15:39.7289555Z   ---
2026-10-08T14:15:39.7289872Z   duration_ms: 1.09749
2026-10-08T14:15:39.7290332Z   type: 'test'
2026-10-08T14:15:39.7290767Z   ...
2026-10-08T14:15:39.7488706Z # Subtest: two tabs preserve both CRDT updates and teardown stops writes
2026-10-08T14:15:39.7490079Z ok 145 - two tabs preserve both CRDT updates and teardown stops writes
2026-10-08T14:15:39.7512129Z   ---
2026-10-08T14:15:39.7513348Z   duration_ms: 22.647998
2026-10-08T14:15:39.7514224Z   type: 'test'
2026-10-08T14:15:39.7514585Z   ...
2026-10-08T14:15:40.2546695Z # (node:1466) ExperimentalWarning: SQLite is an experimental feature and might change at any time
2026-10-08T14:15:40.2547614Z # (Use `node --trace-warnings ...` to show where the warning was created)
2026-10-08T14:15:40.2575117Z # Subtest: managed catalog is bounded, exact, and rejects forged builder IDs
2026-10-08T14:15:40.2576327Z ok 146 - managed catalog is bounded, exact, and rejects forged builder IDs
2026-10-08T14:15:40.2576955Z   ---
2026-10-08T14:15:40.2577648Z   duration_ms: 1.195434
2026-10-08T14:15:40.2577969Z   type: 'test'
2026-10-08T14:15:40.2578191Z   ...
2026-10-08T14:15:40.2582982Z # Subtest: qualification keeps a single successful fixture provisional
2026-10-08T14:15:40.2584659Z ok 147 - qualification keeps a single successful fixture provisional
2026-10-08T14:15:40.2585241Z   ---
2026-10-08T14:15:40.2585518Z   duration_ms: 0.693546
2026-10-08T14:15:40.2585770Z   type: 'test'
2026-10-08T14:15:40.2585991Z   ...
2026-10-08T14:15:40.2591546Z # Subtest: managed assignments remain historical and cannot dispatch
2026-10-08T14:15:40.2594039Z ok 148 - managed assignments remain historical and cannot dispatch
2026-10-08T14:15:40.2596839Z   ---
2026-10-08T14:15:40.2598226Z   duration_ms: 28.396366
2026-10-08T14:15:40.2600460Z   type: 'test'
2026-10-08T14:15:40.2601534Z   ...
2026-10-08T14:15:40.2604676Z # Subtest: temporary OpenRouter setup validates without generation and saves no secret
2026-10-08T14:15:40.2608943Z ok 149 - temporary OpenRouter setup validates without generation and saves no secret
2026-10-08T14:15:40.2610260Z   ---
2026-10-08T14:15:40.2610651Z   duration_ms: 49.55225
2026-10-08T14:15:40.2611486Z   type: 'test'
2026-10-08T14:15:40.2611849Z   ...
2026-10-08T14:15:40.2612505Z # Subtest: temporary key lease expires and is lost after restart
2026-10-08T14:15:40.2613490Z ok 150 - temporary key lease expires and is lost after restart
2026-10-08T14:15:40.2614117Z   ---
2026-10-08T14:15:40.2614442Z   duration_ms: 1.066873
2026-10-08T14:15:40.2614673Z   type: 'test'
2026-10-08T14:15:40.2614873Z   ...
2026-10-08T14:15:40.2615359Z # Subtest: explicit builder reaches the OpenRouter request; unauthorized editor cannot dispatch
2026-10-08T14:15:40.2616097Z ok 151 - explicit builder reaches the OpenRouter request; unauthorized editor cannot dispatch
2026-10-08T14:15:40.2616530Z   ---
2026-10-08T14:15:40.2616725Z   duration_ms: 55.859203
2026-10-08T14:15:40.2616948Z   type: 'test'
2026-10-08T14:15:40.2617137Z   ...
2026-10-08T14:15:40.2619377Z # Subtest: failed accepted work can be retried explicitly without reinterpreting the document
2026-10-08T14:15:40.2621124Z ok 152 - failed accepted work can be retried explicitly without reinterpreting the document
2026-10-08T14:15:40.2622113Z   ---
2026-10-08T14:15:40.2622598Z   duration_ms: 21.799132
2026-10-08T14:15:40.2622999Z   type: 'test'
2026-10-08T14:15:40.2623337Z   ...
2026-10-08T14:15:40.2623959Z # Subtest: physical provider usage survives room reload for token visibility
2026-10-08T14:15:40.2624567Z ok 153 - physical provider usage survives room reload for token visibility
2026-10-08T14:15:40.2624942Z   ---
2026-10-08T14:15:40.2625136Z   duration_ms: 23.042418
2026-10-08T14:15:40.2625360Z   type: 'test'
2026-10-08T14:15:40.2625560Z   ...
2026-10-08T14:15:40.6051448Z # (node:1486) ExperimentalWarning: SQLite is an experimental feature and might change at any time
2026-10-08T14:15:40.6052456Z # (Use `node --trace-warnings ...` to show where the warning was created)
2026-10-08T14:15:44.2671236Z # Subtest: Current outcome of Step 01 scenario: simultaneous-slow
2026-10-08T14:15:44.2672580Z ok 154 - Current outcome of Step 01 scenario: simultaneous-slow
2026-10-08T14:15:44.2673212Z   ---
2026-10-08T14:15:44.2673585Z   duration_ms: 3628.322638
2026-10-08T14:15:44.2674000Z   type: 'test'
2026-10-08T14:15:44.2674344Z   ...
2026-10-08T14:15:47.4906058Z # Subtest: Current outcome of Step 01 scenario: failed-interpreter
2026-10-08T14:15:47.4907052Z ok 155 - Current outcome of Step 01 scenario: failed-interpreter
2026-10-08T14:15:47.4907486Z   ---
2026-10-08T14:15:47.4907729Z   duration_ms: 3230.00348
2026-10-08T14:15:47.4908011Z   type: 'test'
2026-10-08T14:15:47.4908256Z   ...
2026-10-08T14:15:50.0468248Z # Subtest: Current outcome of Step 01 scenario: later-steering
2026-10-08T14:15:50.0469233Z ok 156 - Current outcome of Step 01 scenario: later-steering
2026-10-08T14:15:50.0469843Z   ---
2026-10-08T14:15:50.0470298Z   duration_ms: 2558.955279
2026-10-08T14:15:50.0470696Z   type: 'test'
2026-10-08T14:15:50.0471318Z   ...
2026-10-08T14:15:54.9996423Z # Subtest: Current outcome of Step 01 scenario: continuous-arrivals
2026-10-08T14:15:54.9997626Z ok 157 - Current outcome of Step 01 scenario: continuous-arrivals
2026-10-08T14:15:55.0031605Z   ---
2026-10-08T14:15:55.0042405Z   duration_ms: 4947.773668
2026-10-08T14:15:55.0043093Z   type: 'test'
2026-10-08T14:15:55.0043714Z   ...
2026-10-08T14:15:55.0899296Z # Subtest: Current outcome of Step 01 scenario: ambiguous-reference
2026-10-08T14:15:55.0900450Z ok 158 - Current outcome of Step 01 scenario: ambiguous-reference
2026-10-08T14:15:55.0901378Z   ---
2026-10-08T14:15:55.0901752Z   duration_ms: 86.989753
2026-10-08T14:15:55.0902180Z   type: 'test'
2026-10-08T14:15:55.0902479Z   ...
2026-10-08T14:15:55.1557919Z # Subtest: Current outcome of Step 01 scenario: invented-passage
2026-10-08T14:15:55.1558996Z ok 159 - Current outcome of Step 01 scenario: invented-passage
2026-10-08T14:15:55.1559476Z   ---
2026-10-08T14:15:55.1559702Z   duration_ms: 73.524407
2026-10-08T14:15:55.1559981Z   type: 'test'
2026-10-08T14:15:55.1560497Z   ...
2026-10-08T14:15:58.4717997Z # Subtest: Current outcome of Step 01 scenario: incorrect-product
2026-10-08T14:15:58.4729248Z ok 160 - Current outcome of Step 01 scenario: incorrect-product
2026-10-08T14:15:58.4730125Z   ---
2026-10-08T14:15:58.4730487Z   duration_ms: 3308.924968
2026-10-08T14:15:58.4731064Z   type: 'test'
2026-10-08T14:15:58.4731470Z   ...
2026-10-08T14:15:58.5432524Z # Subtest: Current outcome of Step 01 scenario: snapshot-body-gap
2026-10-08T14:15:58.5445628Z ok 161 - Current outcome of Step 01 scenario: snapshot-body-gap
2026-10-08T14:15:58.5446225Z   ---
2026-10-08T14:15:58.5446439Z   duration_ms: 35.639278
2026-10-08T14:15:58.5446672Z   type: 'test'
2026-10-08T14:15:58.5446879Z   ...
2026-10-08T14:15:58.5770682Z # Subtest: Current outcome of Step 01 scenario: projection-growth
2026-10-08T14:15:58.5772122Z ok 162 - Current outcome of Step 01 scenario: projection-growth
2026-10-08T14:15:58.5772832Z   ---
2026-10-08T14:15:58.5773265Z   duration_ms: 47.884915
2026-10-08T14:15:58.5773752Z   type: 'test'
2026-10-08T14:15:58.5774132Z   ...
2026-10-08T14:15:58.5774836Z # Subtest: Current outcome of Step 01 scenario: isolation-policy
2026-10-08T14:15:58.5778587Z ok 163 - Current outcome of Step 01 scenario: isolation-policy
2026-10-08T14:15:58.5779499Z   ---
2026-10-08T14:15:58.5780083Z   duration_ms: 23.591881
2026-10-08T14:15:58.5780376Z   type: 'test'
2026-10-08T14:15:58.5780598Z   ...
2026-10-08T14:15:58.5781393Z # Subtest: Current outcome of Step 01 scenario: restart-budget
2026-10-08T14:15:58.5781948Z ok 164 - Current outcome of Step 01 scenario: restart-budget
2026-10-08T14:15:58.5782274Z   ---
2026-10-08T14:15:58.5782471Z   duration_ms: 32.382559
2026-10-08T14:15:58.5782699Z   type: 'test'
2026-10-08T14:15:58.5782889Z   ...
2026-10-08T14:15:59.0590634Z # Invitation email rejected by provider { invitationId: 'i3', status: 422 }
2026-10-08T14:15:59.0598216Z # Invitation email response lacked an acceptance ID { invitationId: 'i4' }
2026-10-08T14:15:59.0619509Z # (node:1702) ExperimentalWarning: SQLite is an experimental feature and might change at any time
2026-10-08T14:15:59.0621173Z # (Use `node --trace-warnings ...` to show where the warning was created)
2026-10-08T14:15:59.0654877Z # Subtest: project tickets are scoped and expire
2026-10-08T14:15:59.0658465Z ok 165 - project tickets are scoped and expire
2026-10-08T14:15:59.0659504Z   ---
2026-10-08T14:15:59.0661332Z   duration_ms: 1.662988
2026-10-08T14:15:59.0664556Z   type: 'test'
2026-10-08T14:15:59.0665695Z   ...
2026-10-08T14:15:59.0666535Z # Subtest: hosted Supabase mode fails closed when the server secret is absent
2026-10-08T14:15:59.0667766Z ok 166 - hosted Supabase mode fails closed when the server secret is absent
2026-10-08T14:15:59.0668502Z   ---
2026-10-08T14:15:59.0668874Z   duration_ms: 0.332732
2026-10-08T14:15:59.0669303Z   type: 'test'
2026-10-08T14:15:59.0669657Z   ...
2026-10-08T14:15:59.0670459Z # Subtest: server Supabase configuration rejects mismatched credentials and JWKS
2026-10-08T14:15:59.0672363Z ok 167 - server Supabase configuration rejects mismatched credentials and JWKS
2026-10-08T14:15:59.0673210Z   ---
2026-10-08T14:15:59.0673586Z   duration_ms: 0.308106
2026-10-08T14:15:59.0674019Z   type: 'test'
2026-10-08T14:15:59.0674378Z   ...
2026-10-08T14:15:59.0675181Z # Subtest: public auth configuration is explicit and derives the Worker callback
2026-10-08T14:15:59.0676382Z ok 168 - public auth configuration is explicit and derives the Worker callback
2026-10-08T14:15:59.0678366Z   ---
2026-10-08T14:15:59.0680949Z   duration_ms: 0.947982
2026-10-08T14:15:59.0685966Z   type: 'test'
2026-10-08T14:15:59.0689630Z   ...
2026-10-08T14:15:59.0691023Z # Subtest: Wrangler uses matching server and Vite build-time Supabase configuration
2026-10-08T14:15:59.0692837Z ok 169 - Wrangler uses matching server and Vite build-time Supabase configuration
2026-10-08T14:15:59.0694246Z   ---
2026-10-08T14:15:59.0695977Z   duration_ms: 0.309999
2026-10-08T14:15:59.0696765Z   type: 'test'
2026-10-08T14:15:59.0697134Z   ...
2026-10-08T14:15:59.0698416Z # Subtest: Google callback exchanges once, reports errors, and restores only local destinations
2026-10-08T14:15:59.0699713Z ok 170 - Google callback exchanges once, reports errors, and restores only local destinations
2026-10-08T14:15:59.0701538Z   ---
2026-10-08T14:15:59.0701877Z   duration_ms: 0.571919
2026-10-08T14:15:59.0702255Z   type: 'test'
2026-10-08T14:15:59.0702580Z   ...
2026-10-08T14:15:59.0703493Z # Subtest: Supabase bytea persistence preserves Yjs bytes and recovers the legacy Buffer JSON defect
2026-10-08T14:15:59.0704880Z ok 171 - Supabase bytea persistence preserves Yjs bytes and recovers the legacy Buffer JSON defect
2026-10-08T14:15:59.0705697Z   ---
2026-10-08T14:15:59.0706024Z   duration_ms: 6.308209
2026-10-08T14:15:59.0706410Z   type: 'test'
2026-10-08T14:15:59.0706703Z   ...
2026-10-08T14:15:59.0707334Z # Subtest: auth source preserves Google and adds password, confirmation, and recovery flows
2026-10-08T14:15:59.0708581Z ok 172 - auth source preserves Google and adds password, confirmation, and recovery flows
2026-10-08T14:15:59.0709363Z   ---
2026-10-08T14:15:59.0709798Z   duration_ms: 0.630588
2026-10-08T14:15:59.0710181Z   type: 'test'
2026-10-08T14:15:59.0710510Z   ...
2026-10-08T14:15:59.0713830Z # Subtest: project names and invitation emails use canonical validation
2026-10-08T14:15:59.0714888Z ok 173 - project names and invitation emails use canonical validation
2026-10-08T14:15:59.0731458Z   ---
2026-10-08T14:15:59.0731972Z   duration_ms: 0.527295
2026-10-08T14:15:59.0732395Z   type: 'test'
2026-10-08T14:15:59.0732761Z   ...
2026-10-08T14:15:59.0733673Z # Subtest: transactional invitation email is truthful and idempotent at the provider boundary
2026-10-08T14:15:59.0735081Z ok 174 - transactional invitation email is truthful and idempotent at the provider boundary
2026-10-08T14:15:59.0735953Z   ---
2026-10-08T14:15:59.0736296Z   duration_ms: 22.442382
2026-10-08T14:15:59.0736699Z   type: 'test'
2026-10-08T14:15:59.0737079Z   ...
2026-10-08T14:15:59.0737905Z # Subtest: email invitation migration binds recipients and enforces sharing permissions
2026-10-08T14:15:59.0739153Z ok 175 - email invitation migration binds recipients and enforces sharing permissions
2026-10-08T14:15:59.0739911Z   ---
2026-10-08T14:15:59.0740254Z   duration_ms: 0.50858
2026-10-08T14:15:59.0740650Z   type: 'test'
2026-10-08T14:15:59.0741262Z   ...
2026-10-08T14:15:59.0741849Z # Subtest: invite tokens are hashed before persistence
2026-10-08T14:15:59.0742610Z ok 176 - invite tokens are hashed before persistence
2026-10-08T14:15:59.0743145Z   ---
2026-10-08T14:15:59.0743463Z   duration_ms: 0.203
2026-10-08T14:15:59.0743822Z   type: 'test'
2026-10-08T14:15:59.0744164Z   ...
2026-10-08T14:15:59.0744919Z # Subtest: migration enables RLS and keeps authoritative runtime writes server-only
2026-10-08T14:15:59.0746041Z ok 177 - migration enables RLS and keeps authoritative runtime writes server-only
2026-10-08T14:15:59.0746728Z   ---
2026-10-08T14:15:59.0747428Z   duration_ms: 0.349844
2026-10-08T14:15:59.0747881Z   type: 'test'
2026-10-08T14:15:59.0748099Z   ...
2026-10-08T14:15:59.4025348Z # Subtest: delayed save acknowledgements cannot label newer pending edits saved and stale room states are ignored
2026-10-08T14:15:59.4028815Z ok 178 - delayed save acknowledgements cannot label newer pending edits saved and stale room states are ignored
2026-10-08T14:15:59.4031344Z   ---
2026-10-08T14:15:59.4032514Z   duration_ms: 8.894553
2026-10-08T14:15:59.4032964Z   type: 'test'
2026-10-08T14:15:59.4033299Z   ...
2026-10-08T14:15:59.4034098Z # Subtest: retry delay is capped exponential backoff with bounded jitter
2026-10-08T14:15:59.4035276Z ok 179 - retry delay is capped exponential backoff with bounded jitter
2026-10-08T14:15:59.4038815Z   ---
2026-10-08T14:15:59.4039325Z   duration_ms: 0.190707
2026-10-08T14:15:59.4039721Z   type: 'test'
2026-10-08T14:15:59.4040018Z   ...
2026-10-08T14:15:59.4040436Z # Subtest: a receipt predating a deletion cannot mark the deleted draft saved
2026-10-08T14:15:59.4041707Z ok 180 - a receipt predating a deletion cannot mark the deleted draft saved
2026-10-08T14:15:59.4042093Z   ---
2026-10-08T14:15:59.4042291Z   duration_ms: 3.136191
2026-10-08T14:15:59.4042508Z   type: 'test'
2026-10-08T14:15:59.4042703Z   ...
2026-10-08T14:15:59.4053824Z # Subtest: invalid sessions become actionable terminal errors without retrying
2026-10-08T14:15:59.4055351Z ok 181 - invalid sessions become actionable terminal errors without retrying
2026-10-08T14:15:59.4056882Z   ---
2026-10-08T14:15:59.4057227Z   duration_ms: 22.791936
2026-10-08T14:15:59.4057649Z   type: 'test'
2026-10-08T14:15:59.4057976Z   ...
2026-10-08T14:15:59.4210533Z # Subtest: transient failures use one timer, stop after the cap, and never duplicate sockets
2026-10-08T14:15:59.4212920Z ok 182 - transient failures use one timer, stop after the cap, and never duplicate sockets
2026-10-08T14:15:59.4213796Z   ---
2026-10-08T14:15:59.4214147Z   duration_ms: 14.681528
2026-10-08T14:15:59.4214801Z   type: 'test'
2026-10-08T14:15:59.4215077Z   ...
2026-10-08T14:15:59.4249059Z # Subtest: an edit made while disconnected is offered to the server after reconnect state-vector sync
2026-10-08T14:15:59.4252487Z ok 183 - an edit made while disconnected is offered to the server after reconnect state-vector sync
2026-10-08T14:15:59.4253316Z   ---
2026-10-08T14:15:59.4253650Z   duration_ms: 4.356892
2026-10-08T14:15:59.4254052Z   type: 'test'
2026-10-08T14:15:59.4254356Z   ...
2026-10-08T14:15:59.4348062Z # Subtest: a new connection can recover a lower authoritative cursor after uncommitted server events disappear
2026-10-08T14:15:59.4350356Z ok 184 - a new connection can recover a lower authoritative cursor after uncommitted server events disappear
2026-10-08T14:15:59.4351387Z   ---
2026-10-08T14:15:59.4351923Z   duration_ms: 2.137725
2026-10-08T14:15:59.4352290Z   type: 'test'
2026-10-08T14:15:59.4352601Z   ...
2026-10-08T14:15:59.4353393Z # Subtest: disconnect rejects an in-flight flush and destroy removes document listeners
2026-10-08T14:15:59.4354566Z ok 185 - disconnect rejects an in-flight flush and destroy removes document listeners
2026-10-08T14:15:59.4355282Z   ---
2026-10-08T14:15:59.4355606Z   duration_ms: 1.848855
2026-10-08T14:15:59.4355971Z   type: 'test'
2026-10-08T14:15:59.4356282Z   ...
2026-10-08T14:15:59.4357148Z # Subtest: burst edits share one transport update and explicit flush drains before acknowledgement
2026-10-08T14:15:59.4358500Z ok 186 - burst edits share one transport update and explicit flush drains before acknowledgement
2026-10-08T14:15:59.4359279Z   ---
2026-10-08T14:15:59.4359599Z   duration_ms: 2.424391
2026-10-08T14:15:59.4359965Z   type: 'test'
2026-10-08T14:15:59.4360292Z   ...
2026-10-08T14:15:59.4402039Z # Subtest: owner unavailability honors bounded retry hints, retains edits, and ends without inference
2026-10-08T14:15:59.4403627Z ok 187 - owner unavailability honors bounded retry hints, retains edits, and ends without inference
2026-10-08T14:15:59.4404523Z   ---
2026-10-08T14:15:59.4405292Z   duration_ms: 8.125074
2026-10-08T14:15:59.4405768Z   type: 'test'
2026-10-08T14:15:59.4406129Z   ...
2026-10-08T14:15:59.7363274Z # Subtest: all provider adapters discover and generate through their native shapes
2026-10-08T14:15:59.7364806Z ok 188 - all provider adapters discover and generate through their native shapes
2026-10-08T14:15:59.7366117Z   ---
2026-10-08T14:15:59.7366620Z   duration_ms: 79.023868
2026-10-08T14:15:59.7367014Z   type: 'test'
2026-10-08T14:15:59.7367344Z   ...
2026-10-08T14:15:59.7900143Z # Subtest: classified failures, validation, truncation, retry and cancellation are explicit
2026-10-08T14:15:59.7901774Z ok 189 - classified failures, validation, truncation, retry and cancellation are explicit
2026-10-08T14:15:59.7902420Z   ---
2026-10-08T14:15:59.7902774Z   duration_ms: 61.083638
2026-10-08T14:15:59.7903140Z   type: 'test'
2026-10-08T14:15:59.7903456Z   ...
2026-10-08T14:15:59.8011940Z # Subtest: structured truncation uses one budgeted compact retry and preserves both usage records
2026-10-08T14:15:59.8016331Z ok 190 - structured truncation uses one budgeted compact retry and preserves both usage records
2026-10-08T14:15:59.8017396Z   ---
2026-10-08T14:15:59.8017925Z   duration_ms: 10.86213
2026-10-08T14:15:59.8018495Z   type: 'test'
2026-10-08T14:15:59.8019034Z   ...
2026-10-08T14:15:59.8040672Z # Subtest: adapter metadata does not require fake Ollama credentials
2026-10-08T14:15:59.8042289Z ok 191 - adapter metadata does not require fake Ollama credentials
2026-10-08T14:15:59.8042923Z   ---
2026-10-08T14:15:59.8043262Z   duration_ms: 0.252071
2026-10-08T14:15:59.8043636Z   type: 'test'
2026-10-08T14:15:59.8043950Z   ...
2026-10-08T14:15:59.8076015Z # Subtest: nested OpenRouter provider errors expose the actionable upstream message
2026-10-08T14:15:59.8076946Z ok 192 - nested OpenRouter provider errors expose the actionable upstream message
2026-10-08T14:15:59.8077358Z   ---
2026-10-08T14:15:59.8077557Z   duration_ms: 6.703658
2026-10-08T14:15:59.8077780Z   type: 'test'
2026-10-08T14:15:59.8078003Z   ...
2026-10-08T14:15:59.8112366Z # Subtest: provider usage normalizes cached and included reasoning tokens without double counting
2026-10-08T14:15:59.8113772Z ok 193 - provider usage normalizes cached and included reasoning tokens without double counting
2026-10-08T14:15:59.8114369Z   ---
2026-10-08T14:15:59.8114576Z   duration_ms: 3.765527
2026-10-08T14:15:59.8114815Z   type: 'test'
2026-10-08T14:15:59.8115020Z   ...
2026-10-08T14:15:59.8147517Z # Subtest: structured parsing locally repairs raw string newlines and trailing commas
2026-10-08T14:15:59.8153102Z ok 194 - structured parsing locally repairs raw string newlines and trailing commas
2026-10-08T14:15:59.8153877Z   ---
2026-10-08T14:15:59.8154228Z   duration_ms: 3.620016
2026-10-08T14:15:59.8154611Z   type: 'test'
2026-10-08T14:15:59.8154938Z   ...
2026-10-08T14:15:59.8254213Z # Subtest: an incomplete JSON envelope is treated as truncation and gets the bounded compact retry
2026-10-08T14:15:59.8262841Z ok 195 - an incomplete JSON envelope is treated as truncation and gets the bounded compact retry
2026-10-08T14:15:59.8263886Z   ---
2026-10-08T14:15:59.8264352Z   duration_ms: 8.833188
2026-10-08T14:15:59.8264864Z   type: 'test'
2026-10-08T14:15:59.8265339Z   ...
2026-10-08T14:15:59.8363188Z # Subtest: physical request ledger records transport and structured repair calls separately
2026-10-08T14:15:59.8364601Z ok 196 - physical request ledger records transport and structured repair calls separately
2026-10-08T14:15:59.8365547Z   ---
2026-10-08T14:15:59.8366033Z   duration_ms: 12.656794
2026-10-08T14:15:59.8366430Z   type: 'test'
2026-10-08T14:15:59.8366763Z   ...
2026-10-08T14:16:00.4303136Z # (node:1762) ExperimentalWarning: SQLite is an experimental feature and might change at any time
2026-10-08T14:16:00.4304088Z # (Use `node --trace-warnings ...` to show where the warning was created)
2026-10-08T14:16:12.0805418Z # Subtest: required behavior failure retains the verified product, records actionable evidence and needs explicit retry
2026-10-08T14:16:12.0806750Z ok 197 - required behavior failure retains the verified product, records actionable evidence and needs explicit retry
2026-10-08T14:16:12.0807407Z   ---
2026-10-08T14:16:12.0807643Z   duration_ms: 11624.197378
2026-10-08T14:16:12.0807920Z   type: 'test'
2026-10-08T14:16:12.0808149Z   ...
2026-10-08T14:16:15.4795477Z # Subtest: unavailable verification browser fails before builder spending and never reuses legacy covered evidence
2026-10-08T14:16:15.4797319Z ok 198 - unavailable verification browser fails before builder spending and never reuses legacy covered evidence
2026-10-08T14:16:15.4798236Z   ---
2026-10-08T14:16:15.4798541Z   duration_ms: 3407.39159
2026-10-08T14:16:15.4798899Z   type: 'test'
2026-10-08T14:16:15.4799180Z   ...
2026-10-08T14:16:15.4800040Z # Subtest: CRDT attribution retains exact repeated-prefix insertions and excludes untouched teammates text
2026-10-08T14:16:15.4801669Z ok 199 - CRDT attribution retains exact repeated-prefix insertions and excludes untouched teammates text
2026-10-08T14:16:15.4802801Z   ---
2026-10-08T14:16:15.4803090Z   duration_ms: 3.354397
2026-10-08T14:16:15.4803429Z   type: 'test'
2026-10-08T14:16:15.4803718Z   ...
2026-10-08T14:16:15.4967897Z # Subtest: physical recovery calls and spending reservations cannot exceed their shared frozen bounds
2026-10-08T14:16:15.4969010Z ok 200 - physical recovery calls and spending reservations cannot exceed their shared frozen bounds
2026-10-08T14:16:15.4971531Z   ---
2026-10-08T14:16:15.4971757Z   duration_ms: 32.513862
2026-10-08T14:16:15.4971997Z   type: 'test'
2026-10-08T14:16:15.4972199Z   ...
2026-10-08T14:16:15.5101077Z # Subtest: output exhaustion becomes coherent smaller tasks, checkpoints before continuing, and never applies truncated JSON
2026-10-08T14:16:15.5102413Z ok 201 - output exhaustion becomes coherent smaller tasks, checkpoints before continuing, and never applies truncated JSON
2026-10-08T14:16:15.5103280Z   ---
2026-10-08T14:16:15.5103677Z   duration_ms: 13.639161
2026-10-08T14:16:15.5104147Z   type: 'test'
2026-10-08T14:16:15.5104530Z   ...
2026-10-08T14:16:15.5480947Z # Subtest: a second output exhaustion stops a smaller task with actionable checkpoint evidence
2026-10-08T14:16:15.5483203Z ok 202 - a second output exhaustion stops a smaller task with actionable checkpoint evidence
2026-10-08T14:16:15.5484068Z   ---
2026-10-08T14:16:15.5484442Z   duration_ms: 8.496914
2026-10-08T14:16:15.5484857Z   type: 'test'
2026-10-08T14:16:15.5485214Z   ...
2026-10-08T14:16:15.5485980Z # Subtest: coordinator leases serialize owners and fence expired workers after takeover
2026-10-08T14:16:15.5488935Z ok 203 - coordinator leases serialize owners and fence expired workers after takeover
2026-10-08T14:16:15.5489567Z   ---
2026-10-08T14:16:15.5489926Z   duration_ms: 13.540025
2026-10-08T14:16:15.5490302Z   type: 'test'
2026-10-08T14:16:15.5490502Z   ...
2026-10-08T14:16:15.5492081Z # Subtest: remote coordinator renewal cannot silently reacquire ownership for an old worker
2026-10-08T14:16:15.5493447Z ok 204 - remote coordinator renewal cannot silently reacquire ownership for an old worker
2026-10-08T14:16:15.5494245Z   ---
2026-10-08T14:16:15.5494563Z   duration_ms: 1.191957
2026-10-08T14:16:15.5494949Z   type: 'test'
2026-10-08T14:16:15.5495273Z   ...
2026-10-08T14:16:15.6255414Z # Subtest: remote saves commit in revision order and acknowledge the actual snapshot
2026-10-08T14:16:15.6256429Z ok 205 - remote saves commit in revision order and acknowledge the actual snapshot
2026-10-08T14:16:15.6256934Z   ---
2026-10-08T14:16:15.6257175Z   duration_ms: 78.558134
2026-10-08T14:16:15.6257446Z   type: 'test'
2026-10-08T14:16:15.6257673Z   ...
2026-10-08T14:16:15.6504172Z # Subtest: failed cloud snapshots reject flushes and interrupted captured edits return to their author
2026-10-08T14:16:15.6509404Z ok 206 - failed cloud snapshots reject flushes and interrupted captured edits return to their author
2026-10-08T14:16:15.6510301Z   ---
2026-10-08T14:16:15.6510668Z   duration_ms: 37.353574
2026-10-08T14:16:15.6511825Z   type: 'test'
2026-10-08T14:16:15.6512219Z   ...
2026-10-08T14:16:15.6545331Z # Subtest: context overflow is distinct from output exhaustion and does not trigger paid recovery calls
2026-10-08T14:16:15.6547219Z ok 207 - context overflow is distinct from output exhaustion and does not trigger paid recovery calls
2026-10-08T14:16:15.6548603Z   ---
2026-10-08T14:16:15.6549155Z   duration_ms: 4.462106
2026-10-08T14:16:15.6549424Z   type: 'test'
2026-10-08T14:16:15.6549635Z   ...
2026-10-08T14:16:15.6816354Z # Subtest: interpretation submits every captured source without silently clipping old edits or long text
2026-10-08T14:16:15.6819786Z ok 208 - interpretation submits every captured source without silently clipping old edits or long text
2026-10-08T14:16:15.6820556Z   ---
2026-10-08T14:16:15.6821130Z   duration_ms: 4.227558
2026-10-08T14:16:15.6821431Z   type: 'test'
2026-10-08T14:16:15.6821668Z   ...
2026-10-08T14:16:15.7192796Z # Subtest: failed cloud acceptance restores the accepted baseline and the captured participant draft
2026-10-08T14:16:15.7195117Z ok 209 - failed cloud acceptance restores the accepted baseline and the captured participant draft
2026-10-08T14:16:15.7195719Z   ---
2026-10-08T14:16:15.7195967Z   duration_ms: 36.631148
2026-10-08T14:16:15.7196249Z   type: 'test'
2026-10-08T14:16:15.7196486Z   ...
2026-10-08T14:16:18.2842731Z # Subtest: an exhausted recovery leaves the previously promoted and compiled artifact available
2026-10-08T14:16:18.2845727Z ok 210 - an exhausted recovery leaves the previously promoted and compiled artifact available
2026-10-08T14:16:18.2847019Z   ---
2026-10-08T14:16:18.2847671Z   duration_ms: 2554.357927
2026-10-08T14:16:18.2848026Z   type: 'test'
2026-10-08T14:16:18.2848261Z   ...
2026-10-08T14:16:23.8573156Z # Subtest: independent participants submit in durable capture order, retain later build inputs and saved drafts on reload
2026-10-08T14:16:23.8574820Z ok 211 - independent participants submit in durable capture order, retain later build inputs and saved drafts on reload
2026-10-08T14:16:23.8575407Z   ---
2026-10-08T14:16:23.8575609Z   duration_ms: 5580.417633
2026-10-08T14:16:23.8576001Z   type: 'test'
2026-10-08T14:16:23.8576206Z   ...
2026-10-08T14:16:25.9847630Z # Subtest: ownership loss after compilation blocks promotion; command replay adds no physical call
2026-10-08T14:16:25.9848544Z ok 212 - ownership loss after compilation blocks promotion; command replay adds no physical call
2026-10-08T14:16:25.9849000Z   ---
2026-10-08T14:16:25.9849212Z   duration_ms: 2129.470236
2026-10-08T14:16:25.9849448Z   type: 'test'
2026-10-08T14:16:25.9849643Z   ...
2026-10-08T14:16:28.3993095Z # Subtest: unavailable isolation retains the promoted artifact and stops before builder dispatch or repairs
2026-10-08T14:16:28.3994797Z ok 213 - unavailable isolation retains the promoted artifact and stops before builder dispatch or repairs
2026-10-08T14:16:28.3995644Z   ---
2026-10-08T14:16:28.3995977Z   duration_ms: 2439.87558
2026-10-08T14:16:28.3996346Z   type: 'test'
2026-10-08T14:16:28.3996572Z   ...
2026-10-08T14:16:28.6105270Z # Subtest: shared requirements keep a stable identity across collaborators and canvas locations
2026-10-08T14:16:28.6107944Z ok 214 - shared requirements keep a stable identity across collaborators and canvas locations
2026-10-08T14:16:28.6113560Z   ---
2026-10-08T14:16:28.6114248Z   duration_ms: 5.835302
2026-10-08T14:16:28.6115058Z   type: 'test'
2026-10-08T14:16:28.6115692Z   ...
2026-10-08T14:16:28.6116712Z # Subtest: a proposal remains visible but is excluded from builder input
2026-10-08T14:16:28.6117938Z ok 215 - a proposal remains visible but is excluded from builder input
2026-10-08T14:16:28.6118782Z   ---
2026-10-08T14:16:28.6119315Z   duration_ms: 1.251759
2026-10-08T14:16:28.6119883Z   type: 'test'
2026-10-08T14:16:28.6120438Z   ...
2026-10-08T14:16:28.6121655Z # Subtest: opposed accepted requirements create one focused consequential conflict
2026-10-08T14:16:28.6123491Z ok 216 - opposed accepted requirements create one focused consequential conflict
2026-10-08T14:16:28.6124650Z   ---
2026-10-08T14:16:28.6125268Z   duration_ms: 8.700185
2026-10-08T14:16:28.6125958Z   type: 'test'
2026-10-08T14:16:28.6127318Z   ...
2026-10-08T14:16:28.6128343Z # Subtest: same-subject colors form one durable multi-option group
2026-10-08T14:16:28.6130258Z ok 217 - same-subject colors form one durable multi-option group
2026-10-08T14:16:28.6131482Z   ---
2026-10-08T14:16:28.6132237Z   duration_ms: 1.039802
2026-10-08T14:16:28.6132906Z   type: 'test'
2026-10-08T14:16:28.6133538Z   ...
2026-10-08T14:16:28.6135219Z # Subtest: different subjects and conditional scopes remain compatible
2026-10-08T14:16:28.6138100Z ok 218 - different subjects and conditional scopes remain compatible
2026-10-08T14:16:28.6140131Z   ---
2026-10-08T14:16:28.6140504Z   duration_ms: 0.830542
2026-10-08T14:16:28.6141167Z   type: 'test'
2026-10-08T14:16:28.6141542Z   ...
2026-10-08T14:16:28.6143480Z # Subtest: proposals never enter accepted conflict groups
2026-10-08T14:16:28.6145880Z ok 219 - proposals never enter accepted conflict groups
2026-10-08T14:16:28.6148243Z   ---
2026-10-08T14:16:28.6148619Z   duration_ms: 0.295191
2026-10-08T14:16:28.6149039Z   type: 'test'
2026-10-08T14:16:28.6149401Z   ...
2026-10-08T14:16:28.6151710Z # Subtest: explicit selections stay pending, then resolve or disagree without model voting
2026-10-08T14:16:28.6154118Z ok 220 - explicit selections stay pending, then resolve or disagree without model voting
2026-10-08T14:16:28.6155856Z   ---
2026-10-08T14:16:28.6156226Z   duration_ms: 1.173072
2026-10-08T14:16:28.6156811Z   type: 'test'
2026-10-08T14:16:28.6157214Z   ...
2026-10-08T14:16:28.6161426Z # Subtest: legacy pairwise contradictions migrate without losing identity or affected contributors
2026-10-08T14:16:28.6164698Z ok 221 - legacy pairwise contradictions migrate without losing identity or affected contributors
2026-10-08T14:16:28.6165636Z   ---
2026-10-08T14:16:28.6165976Z   duration_ms: 0.577319
2026-10-08T14:16:28.6166313Z   type: 'test'
2026-10-08T14:16:28.6166647Z   ...
2026-10-08T14:16:28.6202299Z # Subtest: selection submissions are authorized, revision-safe, and idempotent
2026-10-08T14:16:28.6203559Z ok 222 - selection submissions are authorized, revision-safe, and idempotent
2026-10-08T14:16:28.6210985Z   ---
2026-10-08T14:16:28.6211391Z   duration_ms: 0.926431
2026-10-08T14:16:28.6211895Z   type: 'test'
2026-10-08T14:16:28.6212242Z   ...
2026-10-08T14:16:28.6213131Z # Subtest: unresolved alternatives are excluded while independent accepted work remains eligible
2026-10-08T14:16:28.6214582Z ok 223 - unresolved alternatives are excluded while independent accepted work remains eligible
2026-10-08T14:16:28.6215614Z   ---
2026-10-08T14:16:28.6215965Z   duration_ms: 0.938363
2026-10-08T14:16:28.6216375Z   type: 'test'
2026-10-08T14:16:28.6216963Z   ...
2026-10-08T14:16:28.6217876Z # Subtest: explicit withdrawal removes only that collaborator source and preserves supported intent
2026-10-08T14:16:28.6219386Z ok 224 - explicit withdrawal removes only that collaborator source and preserves supported intent
2026-10-08T14:16:28.6220457Z   ---
2026-10-08T14:16:28.6221348Z   duration_ms: 0.495376
2026-10-08T14:16:28.6221960Z   type: 'test'
2026-10-08T14:16:28.6222506Z   ...
2026-10-08T14:16:29.6818884Z # (node:2133) ExperimentalWarning: SQLite is an experimental feature and might change at any time
2026-10-08T14:16:29.6820414Z # (Use `node --trace-warnings ...` to show where the warning was created)
2026-10-08T14:16:32.7284404Z # Subtest: server shutdown drains authenticated HTTP before closing durable state
2026-10-08T14:16:32.7285411Z ok 225 - server shutdown drains authenticated HTTP before closing durable state
2026-10-08T14:16:32.7286017Z   ---
2026-10-08T14:16:32.7286245Z   duration_ms: 3079.171188
2026-10-08T14:16:32.7286508Z   type: 'test'
2026-10-08T14:16:32.7286726Z   ...
2026-10-08T14:16:33.3533696Z # (node:2152) ExperimentalWarning: SQLite is an experimental feature and might change at any time
2026-10-08T14:16:33.3534812Z # (Use `node --trace-warnings ...` to show where the warning was created)
2026-10-08T14:16:33.3557699Z # Subtest: physical usage deduplicates dispatch/reconcile and keeps setup and unknown calls visible
2026-10-08T14:16:33.3559164Z ok 226 - physical usage deduplicates dispatch/reconcile and keeps setup and unknown calls visible
2026-10-08T14:16:33.3560010Z   ---
2026-10-08T14:16:33.3560392Z   duration_ms: 1.791305
2026-10-08T14:16:33.3561164Z   type: 'test'
2026-10-08T14:16:33.3561550Z   ...
2026-10-08T14:16:33.3563398Z # Subtest: SQLite accounting restores more than the recent 500 calls without double counting
2026-10-08T14:16:33.3566053Z ok 227 - SQLite accounting restores more than the recent 500 calls without double counting
2026-10-08T14:16:33.3566906Z   ---
2026-10-08T14:16:33.3567286Z   duration_ms: 401.53099
2026-10-08T14:16:33.3567686Z   type: 'test'
2026-10-08T14:16:33.3568021Z   ...
2026-10-08T14:16:33.3571238Z # Subtest: optional token fields remain optional and replay cannot replace a newer final usage record
2026-10-08T14:16:33.3573861Z ok 228 - optional token fields remain optional and replay cannot replace a newer final usage record
2026-10-08T14:16:33.3575175Z   ---
2026-10-08T14:16:33.3575500Z   duration_ms: 17.92594
2026-10-08T14:16:33.3575736Z   type: 'test'
2026-10-08T14:16:33.3575935Z   ...
2026-10-08T14:16:33.7045239Z # (node:2170) ExperimentalWarning: SQLite is an experimental feature and might change at any time
2026-10-08T14:16:33.7046057Z # (Use `node --trace-warnings ...` to show where the warning was created)
2026-10-08T14:16:33.8388104Z # Subtest: physical reservations retain uncertainty, settle once, and reject delayed intent or usage downgrade
2026-10-08T14:16:33.8397310Z ok 229 - physical reservations retain uncertainty, settle once, and reject delayed intent or usage downgrade
2026-10-08T14:16:33.8398679Z   ---
2026-10-08T14:16:33.8398910Z   duration_ms: 2.131381
2026-10-08T14:16:33.8399146Z   type: 'test'
2026-10-08T14:16:33.8399510Z   ...
2026-10-08T14:16:33.8400494Z # Subtest: ledger repairs a stale snapshot without replenishment and legacy interrupted scope fails closed
2026-10-08T14:16:33.8401730Z ok 230 - ledger repairs a stale snapshot without replenishment and legacy interrupted scope fails closed
2026-10-08T14:16:33.8402233Z   ---
2026-10-08T14:16:33.8402434Z   duration_ms: 0.466752
2026-10-08T14:16:33.8402666Z   type: 'test'
2026-10-08T14:16:33.8402856Z   ...
2026-10-08T14:16:34.0614057Z # Subtest: concurrent interpretation and builder admission stops at 24, setup is separate, SQLite restart retains attempts
2026-10-08T14:16:34.0615773Z ok 231 - concurrent interpretation and builder admission stops at 24, setup is separate, SQLite restart retains attempts
2026-10-08T14:16:34.0616436Z   ---
2026-10-08T14:16:34.0616818Z   duration_ms: 341.222575
2026-10-08T14:16:34.0617210Z   type: 'test'
2026-10-08T14:16:34.0617522Z   ...
2026-10-08T14:16:34.1097454Z # Subtest: owner reset is idle, fenced and durable; replay/collision cannot reset again or dispatch inference
2026-10-08T14:16:34.1098534Z ok 232 - owner reset is idle, fenced and durable; replay/collision cannot reset again or dispatch inference
2026-10-08T14:16:34.1099111Z   ---
2026-10-08T14:16:34.1099339Z   duration_ms: 48.393293
2026-10-08T14:16:34.1099595Z   type: 'test'
2026-10-08T14:16:34.1099811Z   ...
2026-10-08T14:16:34.1390020Z # Subtest: remote reservation acknowledgement precedes HTTP; uncertain save fences further calls
2026-10-08T14:16:34.1391443Z ok 233 - remote reservation acknowledgement precedes HTTP; uncertain save fences further calls
2026-10-08T14:16:34.1391996Z   ---
2026-10-08T14:16:34.1392227Z   duration_ms: 29.107133
2026-10-08T14:16:34.1392484Z   type: 'test'
2026-10-08T14:16:34.1392704Z   ...
2026-10-08T14:16:34.1497077Z # Subtest: work starting during owner authorization cannot reset an active allowance
2026-10-08T14:16:34.1497980Z ok 234 - work starting during owner authorization cannot reset an active allowance
2026-10-08T14:16:34.1498395Z   ---
2026-10-08T14:16:34.1498604Z   duration_ms: 28.152861
2026-10-08T14:16:34.1499147Z   type: 'test'
2026-10-08T14:16:34.1499375Z   ...
2026-10-08T14:16:34.1664652Z 1..234
2026-10-08T14:16:34.1664918Z # tests 234
2026-10-08T14:16:34.1665114Z # suites 0
2026-10-08T14:16:34.1665309Z # pass 234
2026-10-08T14:16:34.1665496Z # fail 0
2026-10-08T14:16:34.1665683Z # cancelled 0
2026-10-08T14:16:34.1665891Z # skipped 0
2026-10-08T14:16:34.1673685Z # todo 0
2026-10-08T14:16:34.1674149Z # duration_ms 204622.92569
2026-10-08T14:16:34.2479079Z ##[group]Run case "$COCREATE_CI_CGROUP_ROOT" in /sys/fs/cgroup/cocreate-ci-*) ;; *) exit 126 ;; esac
2026-10-08T14:16:34.2479795Z [36;1mcase "$COCREATE_CI_CGROUP_ROOT" in /sys/fs/cgroup/cocreate-ci-*) ;; *) exit 126 ;; esac[0m
2026-10-08T14:16:34.2480364Z [36;1msudo find "$COCREATE_CI_CGROUP_ROOT" -depth -type d -exec rmdir {} \;[0m
2026-10-08T14:16:34.2552083Z shell: /usr/bin/bash -e {0}
2026-10-08T14:16:34.2552342Z env:
2026-10-08T14:16:34.2552598Z   PNPM_HOME: /home/runner/setup-pnpm/node_modules/.bin
2026-10-08T14:16:34.2553018Z   COCREATE_CI_CGROUP_ROOT: /sys/fs/cgroup/cocreate-ci-37790296864-1
2026-10-08T14:16:34.2553576Z ##[endgroup]
2026-10-08T14:16:34.2885021Z Post job cleanup.
2026-10-08T14:16:34.4276199Z (node:8805) [DEP0040] DeprecationWarning: The `punycode` module is deprecated. Please use a userland alternative instead.
2026-10-08T14:16:34.4277139Z (Use `node --trace-deprecation ...` to show where the warning was created)
2026-10-08T14:16:34.4523254Z [command]/usr/bin/tar --posix -cf cache.tzst --exclude cache.tzst -P -C /home/runner/work/Cocreate/Cocreate --files-from manifest.txt --use-compress-program zstdmt
2026-10-08T14:16:36.9801888Z (node:8805) [DEP0169] DeprecationWarning: `url.parse()` behavior is not standardized and prone to errors that have security implications. Use the WHATWG URL API instead. CVEs are not issued for `url.parse()` vulnerabilities.
2026-10-08T14:16:37.9647160Z Sent 0 of 193516563 (0.0%), 0.0 MBs/sec
2026-10-08T14:16:38.6131856Z Sent 193516563 of 193516563 (100.0%), 112.0 MBs/sec
2026-10-08T14:16:38.8705243Z Cache saved with the key: node-cache-Linux-x64-pnpm-2350f21d8b4483831790e8afae5b0fdcbb67d6b17e4acddb09b86f16f7c4c9a4
2026-10-08T14:16:38.8886858Z Post job cleanup.
2026-10-08T14:16:39.0482065Z Pruning is unnecessary.
2026-10-08T14:16:39.0655604Z Post job cleanup.
2026-10-08T14:16:39.1686443Z [command]/usr/bin/git version
2026-10-08T14:16:39.1772655Z git version 2.55.0
2026-10-08T14:16:39.1821407Z Temporarily overriding HOME='/home/runner/work/_temp/ae88b777-891b-4752-a7e8-907dc4cbfd15' before making global git config changes
2026-10-08T14:16:39.1823195Z Adding repository directory to the temporary git global config as a safe directory
2026-10-08T14:16:39.1828356Z [command]/usr/bin/git config --global --add safe.directory /home/runner/work/Cocreate/Cocreate
2026-10-08T14:16:39.1876911Z [command]/usr/bin/git config --local --name-only --get-regexp core\.sshCommand
2026-10-08T14:16:39.1921416Z [command]/usr/bin/git submodule foreach --recursive sh -c "git config --local --name-only --get-regexp 'core\.sshCommand' && git config --local --unset-all 'core.sshCommand' || :"
2026-10-08T14:16:39.2239483Z [command]/usr/bin/git config --local --name-only --get-regexp http\.https\:\/\/github\.com\/\.extraheader
2026-10-08T14:16:39.2273260Z http.https://github.com/.extraheader
2026-10-08T14:16:39.2286295Z [command]/usr/bin/git config --local --unset-all http.https://github.com/.extraheader
2026-10-08T14:16:39.2329571Z [command]/usr/bin/git submodule foreach --recursive sh -c "git config --local --name-only --get-regexp 'http\.https\:\/\/github\.com\/\.extraheader' && git config --local --unset-all 'http.https://github.com/.extraheader' || :"
2026-10-08T14:16:39.2641744Z [command]/usr/bin/git config --local --name-only --get-regexp ^includeIf\.gitdir:
2026-10-08T14:16:39.2710366Z [command]/usr/bin/git submodule foreach --recursive git config --local --show-origin --name-only --get-regexp remote.origin.url
2026-10-08T14:16:39.3183779Z Cleaning up orphan processes
2026-10-08T14:16:39.3660694Z ##[warning]Node.js 20 is deprecated. The following actions target Node.js 20 but are being forced to run on Node.js 24: actions/checkout@11d5960a326750d5838078e36cf38b85af677262, actions/setup-node@49933ea5288caeca8642d1e84afbd3f7d6820020, pnpm/action-setup@f40ffcd9367d9f12939873eb1018b921a783ffaa. For more information see: https://github.blog/changelog/2025-09-19-deprecation-of-node-20-on-github-actions-runners/
