2026-10-08T14:17:30.8321211Z Current runner version: '2.337.0'
2026-10-08T14:17:30.8336733Z ##[group]Runner Image Provisioner
2026-10-08T14:17:30.8337462Z Hosted Compute Agent
2026-10-08T14:17:30.8337918Z Version: 20261002.596
2026-10-08T14:17:30.8338379Z Commit: c3d12f3313a95f25162a1503be624f3b0617f8c0
2026-10-08T14:17:30.8339254Z Build Date: 2026-10-02T22:28:27Z
2026-10-08T14:17:30.8339784Z Worker ID: {158fb17f-da31-464d-a517-de6b781301da}
2026-10-08T14:17:30.8340323Z Region: centralus
2026-10-08T14:17:30.8340717Z Cloud: Azure
2026-10-08T14:17:30.8341108Z ##[endgroup]
2026-10-08T14:17:30.8342132Z ##[group]Operating System
2026-10-08T14:17:30.8342580Z Ubuntu
2026-10-08T14:17:30.8342962Z 22.04.5
2026-10-08T14:17:30.8343308Z LTS
2026-10-08T14:17:30.8343651Z ##[endgroup]
2026-10-08T14:17:30.8344063Z ##[group]Runner Image
2026-10-08T14:17:30.8344518Z Image: ubuntu-22.04
2026-10-08T14:17:30.8344925Z Version: 20261004.315.1
2026-10-08T14:17:30.8345888Z Included Software: https://github.com/actions/runner-images/blob/ubuntu22/20261004.315/images/ubuntu/Ubuntu2204-Readme.md
2026-10-08T14:17:30.8347073Z Image Release: https://github.com/actions/runner-images/releases/tag/ubuntu22%2F20261004.315
2026-10-08T14:17:30.8347777Z ##[endgroup]
2026-10-08T14:17:30.8348561Z ##[group]GITHUB_TOKEN Permissions
2026-10-08T14:17:30.8350340Z Contents: read
2026-10-08T14:17:30.8350783Z Metadata: read
2026-10-08T14:17:30.8351167Z ##[endgroup]
2026-10-08T14:17:30.8352521Z Secret source: Actions
2026-10-08T14:17:30.8353214Z Cache mode: write
2026-10-08T14:17:30.8353662Z Prepare workflow directory
2026-10-08T14:17:30.8591923Z Prepare all required actions
2026-10-08T14:17:30.8626907Z Getting action download info
2026-10-08T14:17:31.1130798Z Download action repository 'actions/checkout@11d5960a326750d5838078e36cf38b85af677262' (SHA:11d5960a326750d5838078e36cf38b85af677262)
2026-10-08T14:17:31.2145707Z Download action repository 'pnpm/action-setup@f40ffcd9367d9f12939873eb1018b921a783ffaa' (SHA:f40ffcd9367d9f12939873eb1018b921a783ffaa)
2026-10-08T14:17:31.6869546Z Download action repository 'actions/setup-node@49933ea5288caeca8642d1e84afbd3f7d6820020' (SHA:49933ea5288caeca8642d1e84afbd3f7d6820020)
2026-10-08T14:17:31.8854316Z Complete job name: verify
2026-10-08T14:17:31.9425974Z ##[group]Run actions/checkout@11d5960a326750d5838078e36cf38b85af677262
2026-10-08T14:17:31.9426818Z with:
2026-10-08T14:17:31.9427223Z   repository: DD7780/Cocreate
2026-10-08T14:17:31.9431058Z   token: ***
2026-10-08T14:17:31.9431482Z   ssh-strict: true
2026-10-08T14:17:31.9431900Z   ssh-user: git
2026-10-08T14:17:31.9432327Z   persist-credentials: true
2026-10-08T14:17:31.9432788Z   clean: true
2026-10-08T14:17:31.9433216Z   sparse-checkout-cone-mode: true
2026-10-08T14:17:31.9433746Z   fetch-depth: 1
2026-10-08T14:17:31.9434121Z   fetch-tags: false
2026-10-08T14:17:31.9434570Z   show-progress: true
2026-10-08T14:17:31.9435017Z   lfs: false
2026-10-08T14:17:31.9435417Z   submodules: false
2026-10-08T14:17:31.9435843Z   set-safe-directory: true
2026-10-08T14:17:31.9436292Z   allow-unsafe-pr-checkout: false
2026-10-08T14:17:31.9436982Z ##[endgroup]
2026-10-08T14:17:32.0215567Z Syncing repository: DD7780/Cocreate
2026-10-08T14:17:32.0217837Z ##[group]Getting Git version info
2026-10-08T14:17:32.0219154Z Working directory is '/home/runner/work/Cocreate/Cocreate'
2026-10-08T14:17:32.0220783Z [command]/usr/bin/git version
2026-10-08T14:17:32.0229435Z git version 2.55.0
2026-10-08T14:17:32.0243268Z ##[endgroup]
2026-10-08T14:17:32.0250912Z Temporarily overriding HOME='/home/runner/work/_temp/ea485d5b-60fb-42e1-8d9c-b27b5f38da4c' before making global git config changes
2026-10-08T14:17:32.0253124Z Adding repository directory to the temporary git global config as a safe directory
2026-10-08T14:17:32.0254961Z [command]/usr/bin/git config --global --add safe.directory /home/runner/work/Cocreate/Cocreate
2026-10-08T14:17:32.0276970Z Deleting the contents of '/home/runner/work/Cocreate/Cocreate'
2026-10-08T14:17:32.0280744Z ##[group]Initializing the repository
2026-10-08T14:17:32.0282723Z [command]/usr/bin/git init /home/runner/work/Cocreate/Cocreate
2026-10-08T14:17:32.0363337Z hint: Using 'master' as the name for the initial branch. This default branch name
2026-10-08T14:17:32.0364845Z hint: will change to "main" in Git 3.0. To configure the initial branch name
2026-10-08T14:17:32.0365978Z hint: to use in all of your new repositories, which will suppress this warning,
2026-10-08T14:17:32.0367068Z hint: call:
2026-10-08T14:17:32.0367536Z hint:
2026-10-08T14:17:32.0368181Z hint: 	git config --global init.defaultBranch <name>
2026-10-08T14:17:32.0369171Z hint:
2026-10-08T14:17:32.0369865Z hint: Names commonly chosen instead of 'master' are 'main', 'trunk' and
2026-10-08T14:17:32.0370969Z hint: 'development'. The just-created branch can be renamed via this command:
2026-10-08T14:17:32.0371819Z hint:
2026-10-08T14:17:32.0372317Z hint: 	git branch -m <name>
2026-10-08T14:17:32.0372874Z hint:
2026-10-08T14:17:32.0373612Z hint: Disable this message with "git config set advice.defaultBranchName false"
2026-10-08T14:17:32.0374835Z Initialized empty Git repository in /home/runner/work/Cocreate/Cocreate/.git/
2026-10-08T14:17:32.0377091Z [command]/usr/bin/git remote add origin https://github.com/DD7780/Cocreate
2026-10-08T14:17:32.0402863Z ##[endgroup]
2026-10-08T14:17:32.0404212Z ##[group]Disabling automatic garbage collection
2026-10-08T14:17:32.0405293Z [command]/usr/bin/git config --local gc.auto 0
2026-10-08T14:17:32.0426243Z ##[endgroup]
2026-10-08T14:17:32.0427125Z ##[group]Setting up auth
2026-10-08T14:17:32.0459481Z [command]/usr/bin/git config --local --name-only --get-regexp core\.sshCommand
2026-10-08T14:17:32.0490714Z [command]/usr/bin/git submodule foreach --recursive sh -c "git config --local --name-only --get-regexp 'core\.sshCommand' && git config --local --unset-all 'core.sshCommand' || :"
2026-10-08T14:17:32.0729679Z [command]/usr/bin/git config --local --name-only --get-regexp http\.https\:\/\/github\.com\/\.extraheader
2026-10-08T14:17:32.0752486Z [command]/usr/bin/git submodule foreach --recursive sh -c "git config --local --name-only --get-regexp 'http\.https\:\/\/github\.com\/\.extraheader' && git config --local --unset-all 'http.https://github.com/.extraheader' || :"
2026-10-08T14:17:32.0908249Z [command]/usr/bin/git config --local --name-only --get-regexp ^includeIf\.gitdir:
2026-10-08T14:17:32.0928974Z [command]/usr/bin/git submodule foreach --recursive git config --local --show-origin --name-only --get-regexp remote.origin.url
2026-10-08T14:17:32.1068676Z [command]/usr/bin/git config --local http.https://github.com/.extraheader AUTHORIZATION: basic ***
2026-10-08T14:17:32.1096930Z ##[endgroup]
2026-10-08T14:17:32.1097800Z ##[group]Fetching the repository
2026-10-08T14:17:32.1103416Z [command]/usr/bin/git -c protocol.version=2 fetch --no-tags --prune --no-recurse-submodules --depth=1 origin +16e10f6ededf75308070ca3c795bb778b8d20f92:refs/remotes/origin/main
2026-10-08T14:17:33.1554161Z From https://github.com/DD7780/Cocreate
2026-10-08T14:17:33.1555396Z  * [new ref]         16e10f6ededf75308070ca3c795bb778b8d20f92 -> origin/main
2026-10-08T14:17:33.1559165Z ##[endgroup]
2026-10-08T14:17:33.1560600Z ##[group]Determining the checkout info
2026-10-08T14:17:33.1561940Z ##[endgroup]
2026-10-08T14:17:33.1564512Z [command]/usr/bin/git sparse-checkout disable
2026-10-08T14:17:33.1599905Z [command]/usr/bin/git config --local --unset-all extensions.worktreeConfig
2026-10-08T14:17:33.1624212Z ##[group]Checking out the ref
2026-10-08T14:17:33.1626006Z [command]/usr/bin/git checkout --progress --force -B main refs/remotes/origin/main
2026-10-08T14:17:33.2333639Z Switched to a new branch 'main'
2026-10-08T14:17:33.2335124Z branch 'main' set up to track 'origin/main'.
2026-10-08T14:17:33.2339829Z ##[endgroup]
2026-10-08T14:17:33.2363923Z [command]/usr/bin/git log -1 --format=%H
2026-10-08T14:17:33.2380369Z 16e10f6ededf75308070ca3c795bb778b8d20f92
2026-10-08T14:17:33.2634973Z ##[group]Run pnpm/action-setup@f40ffcd9367d9f12939873eb1018b921a783ffaa
2026-10-08T14:17:33.2636208Z with:
2026-10-08T14:17:33.2636854Z   version: 10.18.3
2026-10-08T14:17:33.2637703Z   dest: ~/setup-pnpm
2026-10-08T14:17:33.2638465Z   run_install: null
2026-10-08T14:17:33.2639273Z   cache: false
2026-10-08T14:17:33.2640020Z   cache_dependency_path: pnpm-lock.yaml
2026-10-08T14:17:33.2640999Z   package_json_file: package.json
2026-10-08T14:17:33.2641816Z   standalone: false
2026-10-08T14:17:33.2642521Z ##[endgroup]
2026-10-08T14:17:33.3672466Z ##[group]Running self-installer...
2026-10-08T14:17:33.6494286Z (node:1934) [DEP0169] DeprecationWarning: `url.parse()` behavior is not standardized and prone to errors that have security implications. Use the WHATWG URL API instead. CVEs are not issued for `url.parse()` vulnerabilities.
2026-10-08T14:17:33.6495454Z (Use `node --trace-deprecation ...` to show where the warning was created)
2026-10-08T14:17:33.8835295Z Progress: resolved 1, reused 0, downloaded 0, added 0
2026-10-08T14:17:33.8908235Z Packages: +1
2026-10-08T14:17:33.8908991Z +
2026-10-08T14:17:34.1851763Z Progress: resolved 1, reused 0, downloaded 1, added 1, done
2026-10-08T14:17:34.2059030Z 
2026-10-08T14:17:34.2059846Z dependencies:
2026-10-08T14:17:34.2060253Z + pnpm 10.18.3 (12.10.1 is available)
2026-10-08T14:17:34.2060561Z 
2026-10-08T14:17:34.2078529Z Done in 702ms
2026-10-08T14:17:34.2189995Z ##[endgroup]
2026-10-08T14:17:34.2190512Z Installation Completed!
2026-10-08T14:17:34.2329527Z ##[group]Run actions/setup-node@49933ea5288caeca8642d1e84afbd3f7d6820020
2026-10-08T14:17:34.2329876Z with:
2026-10-08T14:17:34.2330110Z   node-version: 22
2026-10-08T14:17:34.2330342Z   cache: pnpm
2026-10-08T14:17:34.2330540Z   always-auth: false
2026-10-08T14:17:34.2330756Z   check-latest: false
2026-10-08T14:17:34.2332643Z   token: ***
2026-10-08T14:17:34.2332825Z env:
2026-10-08T14:17:34.2333083Z   PNPM_HOME: /home/runner/setup-pnpm/node_modules/.bin
2026-10-08T14:17:34.2333355Z ##[endgroup]
2026-10-08T14:17:34.3335180Z Found in cache @ /opt/hostedtoolcache/node/22.23.3/x64
2026-10-08T14:17:34.3337804Z (node:1948) [DEP0040] DeprecationWarning: The `punycode` module is deprecated. Please use a userland alternative instead.
2026-10-08T14:17:34.3338358Z (Use `node --trace-deprecation ...` to show where the warning was created)
2026-10-08T14:17:34.3340453Z ##[group]Environment details
2026-10-08T14:17:40.9029000Z node: v22.23.3
2026-10-08T14:17:40.9029737Z npm: 10.9.9
2026-10-08T14:17:40.9030780Z yarn: 1.22.22
2026-10-08T14:17:40.9032130Z ##[endgroup]
2026-10-08T14:17:40.9047835Z [command]/home/runner/setup-pnpm/node_modules/.bin/pnpm store path --silent
2026-10-08T14:17:41.2112899Z /home/runner/setup-pnpm/node_modules/.bin/store/v10
2026-10-08T14:17:41.3590711Z pnpm cache is not found
2026-10-08T14:17:41.3691078Z ##[group]Run pnpm install --frozen-lockfile
2026-10-08T14:17:41.3691394Z [36;1mpnpm install --frozen-lockfile[0m
2026-10-08T14:17:41.3931026Z shell: /usr/bin/bash -e {0}
2026-10-08T14:17:41.3931238Z env:
2026-10-08T14:17:41.3931433Z   PNPM_HOME: /home/runner/setup-pnpm/node_modules/.bin
2026-10-08T14:17:41.3931659Z ##[endgroup]
2026-10-08T14:17:41.6344779Z Lockfile is up to date, resolution step is skipped
2026-10-08T14:17:41.6657028Z Progress: resolved 1, reused 0, downloaded 0, added 0
2026-10-08T14:17:41.6974073Z Packages: +408
2026-10-08T14:17:41.6974647Z ++++++++++++++++++++++++++++++++++++++++++++++++++++++++++++++++++++++++++++++++
2026-10-08T14:17:42.6754760Z Progress: resolved 408, reused 0, downloaded 247, added 241
2026-10-08T14:17:43.6754489Z Progress: resolved 408, reused 0, downloaded 334, added 302
2026-10-08T14:17:44.6756365Z Progress: resolved 408, reused 0, downloaded 407, added 407
2026-10-08T14:17:44.7212780Z Progress: resolved 408, reused 0, downloaded 408, added 408, done
2026-10-08T14:17:44.8310448Z .../node_modules/@prisma/engines postinstall$ node scripts/postinstall.js
2026-10-08T14:17:44.8493192Z .../esbuild@0.28.2/node_modules/esbuild postinstall$ node install.js
2026-10-08T14:17:44.8501124Z .../esbuild@0.28.1/node_modules/esbuild postinstall$ node install.js
2026-10-08T14:17:44.8509340Z .../esbuild@0.25.12/node_modules/esbuild postinstall$ node install.js
2026-10-08T14:17:44.8513199Z .../node_modules/workerd postinstall$ node install.js
2026-10-08T14:17:44.9310221Z .../esbuild@0.28.2/node_modules/esbuild postinstall: Done
2026-10-08T14:17:44.9343670Z .../esbuild@0.28.1/node_modules/esbuild postinstall: Done
2026-10-08T14:17:45.0430213Z .../esbuild@0.25.12/node_modules/esbuild postinstall: Done
2026-10-08T14:17:45.8929772Z .../node_modules/workerd postinstall: Done
2026-10-08T14:17:46.0040284Z .../node_modules/@prisma/engines postinstall: Done
2026-10-08T14:17:46.4054236Z .../node_modules/prisma preinstall$ node scripts/preinstall-entry.js
2026-10-08T14:17:46.4767719Z .../node_modules/prisma preinstall: Done
2026-10-08T14:17:46.7179030Z 
2026-10-08T14:17:46.7179747Z dependencies:
2026-10-08T14:17:46.7180121Z + @cloudflare/containers 0.3.7
2026-10-08T14:17:46.7180436Z + @supabase/server 1.8.0
2026-10-08T14:17:46.7180722Z + @supabase/supabase-js 2.117.0
2026-10-08T14:17:46.7181033Z + @tiptap/extension-collaboration 3.31.3
2026-10-08T14:17:46.7181598Z + @tiptap/extension-collaboration-caret 3.31.3
2026-10-08T14:17:46.7181974Z + @tiptap/react 3.31.3
2026-10-08T14:17:46.7182235Z + @tiptap/starter-kit 3.31.3
2026-10-08T14:17:46.7182510Z + @vitejs/plugin-react 5.2.0
2026-10-08T14:17:46.7182771Z + cross-env 10.1.0
2026-10-08T14:17:46.7182949Z + dotenv 17.4.2
2026-10-08T14:17:46.7183145Z + esbuild 0.25.12
2026-10-08T14:17:46.7183373Z + esbuild-wasm 0.25.12
2026-10-08T14:17:46.7183622Z + express 5.2.1
2026-10-08T14:17:46.7183815Z + lucide-react 0.468.0
2026-10-08T14:17:46.7184008Z + react 19.2.8
2026-10-08T14:17:46.7184193Z + react-dom 19.2.8
2026-10-08T14:17:46.7184459Z + vite 7.3.6
2026-10-08T14:17:46.7184640Z + ws 8.21.3
2026-10-08T14:17:46.7184845Z + y-protocols 1.0.7
2026-10-08T14:17:46.7185042Z + yjs 13.6.32
2026-10-08T14:17:46.7185162Z 
2026-10-08T14:17:46.7185245Z devDependencies:
2026-10-08T14:17:46.7185480Z + @prisma/adapter-pg 7.10.0
2026-10-08T14:17:46.7185723Z + @prisma/client 7.10.0
2026-10-08T14:17:46.7185956Z + @types/express 5.0.6
2026-10-08T14:17:46.7186150Z + @types/node 22.20.1
2026-10-08T14:17:46.7186313Z + @types/pg 8.23.1
2026-10-08T14:17:46.7186473Z + @types/react 19.2.18
2026-10-08T14:17:46.7186643Z + @types/react-dom 19.2.7
2026-10-08T14:17:46.7186822Z + @types/ws 8.18.1
2026-10-08T14:17:46.7186962Z + pg 8.23.0
2026-10-08T14:17:46.7187097Z + prisma 7.10.0
2026-10-08T14:17:46.7187239Z + tsx 4.23.13
2026-10-08T14:17:46.7187390Z + typescript 5.9.3
2026-10-08T14:17:46.7187541Z + wrangler 4.131.1
2026-10-08T14:17:46.7187631Z 
2026-10-08T14:17:46.8128579Z Done in 5.3s using pnpm v10.18.3
2026-10-08T14:17:46.8381531Z ##[group]Run pnpm check:boundaries
2026-10-08T14:17:46.8381790Z [36;1mpnpm check:boundaries[0m
2026-10-08T14:17:46.8414534Z shell: /usr/bin/bash -e {0}
2026-10-08T14:17:46.8414726Z env:
2026-10-08T14:17:46.8414921Z   PNPM_HOME: /home/runner/setup-pnpm/node_modules/.bin
2026-10-08T14:17:46.8415146Z ##[endgroup]
2026-10-08T14:17:47.0246220Z 
2026-10-08T14:17:47.0246616Z > cocreate@1.0.0 check:boundaries /home/runner/work/Cocreate/Cocreate
2026-10-08T14:17:47.0246970Z > tsx scripts/codebase-audit.ts --check
2026-10-08T14:17:47.0247105Z 
2026-10-08T14:17:48.2037879Z Audited 143 files; 1 static candidates; 0 boundary violations.
2026-10-08T14:17:48.2039086Z Jev: 0 physical requests, 0 input tokens with known usage, known-usage estimate $0.000000; unknown requests retain their reservation.
2026-10-08T14:17:48.2039544Z Report: artifacts/codebase-audit/report.json
2026-10-08T14:17:48.2280397Z ##[group]Run pnpm build
2026-10-08T14:17:48.2280798Z [36;1mpnpm build[0m
2026-10-08T14:17:48.2314610Z shell: /usr/bin/bash -e {0}
2026-10-08T14:17:48.2314855Z env:
2026-10-08T14:17:48.2315067Z   PNPM_HOME: /home/runner/setup-pnpm/node_modules/.bin
2026-10-08T14:17:48.2315290Z ##[endgroup]
2026-10-08T14:17:48.4178644Z 
2026-10-08T14:17:48.4179274Z > cocreate@1.0.0 build /home/runner/work/Cocreate/Cocreate
2026-10-08T14:17:48.4179644Z > tsc --noEmit && vite build --configLoader runner
2026-10-08T14:17:48.4179799Z 
2026-10-08T14:17:53.5256214Z [36mvite v7.3.6 [32mbuilding client environment for production...[36m[39m
2026-10-08T14:17:53.5711083Z transforming...
2026-10-08T14:17:55.9991354Z [32m✓[39m 1749 modules transformed.
2026-10-08T14:17:56.1772935Z rendering chunks...
2026-10-08T14:17:56.3395988Z computing gzip size...
2026-10-08T14:17:56.3986578Z [2mdist/[22m[32mindex.html                           [39m[1m[2m  0.44 kB[22m[1m[22m[2m │ gzip:   0.30 kB[22m
2026-10-08T14:17:56.3987351Z [2mdist/[22m[2massets/[22m[35mApp-BqUO_rW7.css              [39m[1m[2m  2.56 kB[22m[1m[22m[2m │ gzip:   0.85 kB[22m
2026-10-08T14:17:56.3993018Z [2mdist/[22m[2massets/[22m[35mLandingPage-CNj4pefA.css      [39m[1m[2m 13.13 kB[22m[1m[22m[2m │ gzip:   2.95 kB[22m
2026-10-08T14:17:56.3993696Z [2mdist/[22m[2massets/[22m[35mindex-cyLHvudv.css            [39m[1m[2m 75.38 kB[22m[1m[22m[2m │ gzip:  14.48 kB[22m
2026-10-08T14:17:56.3994436Z [2mdist/[22m[2massets/[22m[36musers-S0nR_fpD.js             [39m[1m[2m  0.69 kB[22m[1m[22m[2m │ gzip:   0.39 kB[22m
2026-10-08T14:17:56.3995248Z [2mdist/[22m[2massets/[22m[36mcreateLucideIcon-DS0f-70M.js  [39m[1m[2m  0.89 kB[22m[1m[22m[2m │ gzip:   0.55 kB[22m
2026-10-08T14:17:56.3995843Z [2mdist/[22m[2massets/[22m[36mx-CYlEPbUI.js                 [39m[1m[2m  1.70 kB[22m[1m[22m[2m │ gzip:   0.78 kB[22m
2026-10-08T14:17:56.3996476Z [2mdist/[22m[2massets/[22m[36mLandingPage-CklZAjP2.js       [39m[1m[2m 15.33 kB[22m[1m[22m[2m │ gzip:   4.92 kB[22m
2026-10-08T14:17:56.3997459Z [2mdist/[22m[2massets/[22m[36mProjectApp-CEhcL8gy.js        [39m[1m[2m 29.68 kB[22m[1m[22m[2m │ gzip:   9.01 kB[22m
2026-10-08T14:17:56.3998060Z [2mdist/[22m[2massets/[22m[36mindex-5SCWldx6.js             [39m[1m[2m421.72 kB[22m[1m[22m[2m │ gzip: 121.23 kB[22m
2026-10-08T14:17:56.3998637Z [2mdist/[22m[2massets/[22m[36mApp-thYYHyMP.js               [39m[1m[33m583.75 kB[39m[22m[2m │ gzip: 185.76 kB[22m
2026-10-08T14:17:56.3999266Z [32m✓ built in 2.86s[39m
2026-10-08T14:17:56.4019945Z [33m
2026-10-08T14:17:56.4042852Z (!) Some chunks are larger than 500 kB after minification. Consider:
2026-10-08T14:17:56.4043326Z - Using dynamic import() to code-split the application
2026-10-08T14:17:56.4044034Z - Use build.rollupOptions.output.manualChunks to improve chunking: https://rollupjs.org/configuration-options/#output-manualchunks
2026-10-08T14:17:56.4044947Z - Adjust chunk size limit for this warning via build.chunkSizeWarningLimit.[39m
2026-10-08T14:17:56.4425704Z ##[group]Run node --input-type=module <<'NODE'
2026-10-08T14:17:56.4425995Z [36;1mnode --input-type=module <<'NODE'[0m
2026-10-08T14:17:56.4426206Z [36;1mimport fs from 'node:fs';[0m
2026-10-08T14:17:56.4426425Z [36;1mimport {spawnSync} from 'node:child_process';[0m
2026-10-08T14:17:56.4426776Z [36;1mconst {image_vars} = JSON.parse(fs.readFileSync('wrangler.jsonc', 'utf8')).containers[0];[0m
2026-10-08T14:17:56.4427255Z [36;1mconst names = ['VITE_COCREATE_AUTH_MODE', 'VITE_COCREATE_APP_ORIGIN', 'VITE_SUPABASE_URL', 'VITE_SUPABASE_PUBLISHABLE_KEY'];[0m
2026-10-08T14:17:56.4427671Z [36;1mconst args = ['build', '--tag', 'cocreate-check'];[0m
2026-10-08T14:17:56.4427902Z [36;1mfor (const name of names) {[0m
2026-10-08T14:17:56.4428211Z [36;1m  if (typeof image_vars[name] !== 'string') throw new Error(`Missing public build variable: ${name}`);[0m
2026-10-08T14:17:56.4428983Z [36;1m  args.push('--build-arg', `${name}=${image_vars[name]}`);[0m
2026-10-08T14:17:56.4429419Z [36;1m}[0m
2026-10-08T14:17:56.4429645Z [36;1mconst result = spawnSync('docker', [...args, '.'], {stdio: 'inherit'});[0m
2026-10-08T14:17:56.4429927Z [36;1mif (result.error) throw result.error;[0m
2026-10-08T14:17:56.4430139Z [36;1mprocess.exit(result.status ?? 1);[0m
2026-10-08T14:17:56.4430325Z [36;1mNODE[0m
2026-10-08T14:17:56.4464092Z shell: /usr/bin/bash -e {0}
2026-10-08T14:17:56.4464284Z env:
2026-10-08T14:17:56.4464575Z   PNPM_HOME: /home/runner/setup-pnpm/node_modules/.bin
2026-10-08T14:17:56.4464983Z ##[endgroup]
2026-10-08T14:17:56.8229604Z #0 building with "default" instance using docker driver
2026-10-08T14:17:56.8229906Z 
2026-10-08T14:17:56.8230113Z #1 [internal] load build definition from Dockerfile
2026-10-08T14:17:56.8230462Z #1 transferring dockerfile: 1.39kB done
2026-10-08T14:17:56.8230705Z #1 DONE 0.0s
2026-10-08T14:17:56.8230818Z 
2026-10-08T14:17:56.8231027Z #2 [auth] library/node:pull token for registry-1.docker.io
2026-10-08T14:17:56.9738744Z #2 DONE 0.0s
2026-10-08T14:17:56.9739045Z 
2026-10-08T14:17:56.9739278Z #3 [internal] load metadata for docker.io/library/node:22-bookworm-slim
2026-10-08T14:17:57.3472589Z #3 DONE 0.7s
2026-10-08T14:17:57.4641403Z 
2026-10-08T14:17:57.4642186Z #4 [internal] load .dockerignore
2026-10-08T14:17:57.4642766Z #4 transferring context: 248B done
2026-10-08T14:17:57.4652121Z #4 DONE 0.0s
2026-10-08T14:17:57.4655425Z 
2026-10-08T14:17:57.4656502Z #5 [ 1/11] FROM docker.io/library/node:22-bookworm-slim@sha256:c3de60bf2f9dd0ac6370e6117950ff62d6e339527e7472301c9c78a017978392
2026-10-08T14:17:57.4658033Z #5 resolve docker.io/library/node:22-bookworm-slim@sha256:c3de60bf2f9dd0ac6370e6117950ff62d6e339527e7472301c9c78a017978392 done
2026-10-08T14:17:57.4659114Z #5 sha256:7fd1ebe418b5079d4aa36f416af9b143d127bc75b0155d71cb5fd559b5e04d39 0B / 28.25MB 0.1s
2026-10-08T14:17:57.4660014Z #5 sha256:f0400f4b55b0ad346bf6167a1b64a258e4d73db608c457798ce35e4ffeebfaaf 0B / 3.31kB 0.1s
2026-10-08T14:17:57.4660879Z #5 sha256:d22c69a95cf463f4cb74462bd2899597ce505d82bd4c01ceddf7845e12f13856 0B / 49.84MB 0.1s
2026-10-08T14:17:57.4661714Z #5 sha256:c3de60bf2f9dd0ac6370e6117950ff62d6e339527e7472301c9c78a017978392 5.22kB / 5.22kB done
2026-10-08T14:17:57.4662558Z #5 sha256:efd0ab5780c2d9ab1f0f869571a00d5edb17793bff4cce4a2792e3eb0ffc7562 1.93kB / 1.93kB done
2026-10-08T14:17:57.4663438Z #5 sha256:d0a16be756b6ec6658aecb8b7bcf87fa6c7d0d7fcc6ca53ad14bb49a4c90bdd7 6.77kB / 6.77kB done
2026-10-08T14:17:57.5624895Z #5 ...
2026-10-08T14:17:57.5625041Z 
2026-10-08T14:17:57.5625180Z #6 [internal] load build context
2026-10-08T14:17:57.5625513Z #6 transferring context: 21.18MB 0.1s done
2026-10-08T14:17:57.5625715Z #6 DONE 0.1s
2026-10-08T14:17:57.5625802Z 
2026-10-08T14:17:57.5626161Z #5 [ 1/11] FROM docker.io/library/node:22-bookworm-slim@sha256:c3de60bf2f9dd0ac6370e6117950ff62d6e339527e7472301c9c78a017978392
2026-10-08T14:17:57.5626722Z #5 sha256:7fd1ebe418b5079d4aa36f416af9b143d127bc75b0155d71cb5fd559b5e04d39 28.25MB / 28.25MB 0.2s
2026-10-08T14:17:57.5627462Z #5 sha256:f0400f4b55b0ad346bf6167a1b64a258e4d73db608c457798ce35e4ffeebfaaf 3.31kB / 3.31kB 0.1s done
2026-10-08T14:17:57.5627958Z #5 sha256:2cfab517365cfc6b4bd1f8c4cb01754884ef75bc38758b3c41e291c696f019f5 0B / 1.71MB 0.2s
2026-10-08T14:17:57.7105284Z #5 sha256:d22c69a95cf463f4cb74462bd2899597ce505d82bd4c01ceddf7845e12f13856 26.21MB / 49.84MB 0.3s
2026-10-08T14:17:57.7106206Z #5 sha256:2cfab517365cfc6b4bd1f8c4cb01754884ef75bc38758b3c41e291c696f019f5 1.71MB / 1.71MB 0.3s
2026-10-08T14:17:57.7106849Z #5 extracting sha256:7fd1ebe418b5079d4aa36f416af9b143d127bc75b0155d71cb5fd559b5e04d39
2026-10-08T14:17:57.8174028Z #5 sha256:7fd1ebe418b5079d4aa36f416af9b143d127bc75b0155d71cb5fd559b5e04d39 28.25MB / 28.25MB 0.3s done
2026-10-08T14:17:57.8175285Z #5 sha256:d22c69a95cf463f4cb74462bd2899597ce505d82bd4c01ceddf7845e12f13856 49.84MB / 49.84MB 0.4s
2026-10-08T14:17:57.8176378Z #5 sha256:2cfab517365cfc6b4bd1f8c4cb01754884ef75bc38758b3c41e291c696f019f5 1.71MB / 1.71MB 0.3s done
2026-10-08T14:17:57.8177432Z #5 sha256:a8de9fa052209313d8e45435a8486e29b20eebaa820e2e7f63a7c3c94b4fa567 448B / 448B 0.4s
2026-10-08T14:17:58.1251734Z #5 sha256:d22c69a95cf463f4cb74462bd2899597ce505d82bd4c01ceddf7845e12f13856 49.84MB / 49.84MB 0.6s done
2026-10-08T14:17:58.1252500Z #5 sha256:a8de9fa052209313d8e45435a8486e29b20eebaa820e2e7f63a7c3c94b4fa567 448B / 448B 0.6s done
2026-10-08T14:17:58.5377957Z #5 extracting sha256:7fd1ebe418b5079d4aa36f416af9b143d127bc75b0155d71cb5fd559b5e04d39 0.7s done
2026-10-08T14:17:58.5378499Z #5 extracting sha256:f0400f4b55b0ad346bf6167a1b64a258e4d73db608c457798ce35e4ffeebfaaf done
2026-10-08T14:18:02.1971208Z #5 extracting sha256:d22c69a95cf463f4cb74462bd2899597ce505d82bd4c01ceddf7845e12f13856
2026-10-08T14:18:03.2375582Z #5 extracting sha256:d22c69a95cf463f4cb74462bd2899597ce505d82bd4c01ceddf7845e12f13856 0.9s done
2026-10-08T14:18:03.8496317Z #5 extracting sha256:2cfab517365cfc6b4bd1f8c4cb01754884ef75bc38758b3c41e291c696f019f5
2026-10-08T14:18:03.9537650Z #5 extracting sha256:2cfab517365cfc6b4bd1f8c4cb01754884ef75bc38758b3c41e291c696f019f5 0.0s done
2026-10-08T14:18:03.9538407Z #5 extracting sha256:a8de9fa052209313d8e45435a8486e29b20eebaa820e2e7f63a7c3c94b4fa567 done
2026-10-08T14:18:03.9539144Z #5 DONE 6.6s
2026-10-08T14:18:03.9539518Z 
2026-10-08T14:18:03.9539912Z #7 [ 2/11] WORKDIR /app
2026-10-08T14:18:03.9540190Z #7 DONE 0.0s
2026-10-08T14:18:04.1051037Z 
2026-10-08T14:18:04.1051871Z #8 [ 3/11] RUN corepack enable
2026-10-08T14:18:04.1052949Z #8 DONE 0.2s
2026-10-08T14:18:04.2365320Z 
2026-10-08T14:18:04.2366519Z #9 [ 4/11] RUN apt-get update && apt-get install -y --no-install-recommends bubblewrap util-linux chromium-headless-shell tini && rm -rf /var/lib/apt/lists/*
2026-10-08T14:18:04.2367299Z #9 0.130 Get:1 http://deb.debian.org/debian bookworm InRelease [151 kB]
2026-10-08T14:18:04.4539907Z #9 0.159 Get:2 http://deb.debian.org/debian bookworm-updates InRelease [55.4 kB]
2026-10-08T14:18:04.4540447Z #9 0.169 Get:3 http://deb.debian.org/debian-security bookworm-security InRelease [34.8 kB]
2026-10-08T14:18:04.4540938Z #9 0.197 Get:4 http://deb.debian.org/debian bookworm/main amd64 Packages [8790 kB]
2026-10-08T14:18:04.6717538Z #9 0.566 Get:5 http://deb.debian.org/debian bookworm-updates/main amd64 Packages [6924 B]
2026-10-08T14:18:04.8222120Z #9 0.566 Get:6 http://deb.debian.org/debian-security bookworm-security/main amd64 Packages [349 kB]
2026-10-08T14:18:05.2954403Z #9 1.189 Fetched 9388 kB in 1s (8626 kB/s)
2026-10-08T14:18:05.6008991Z #9 1.189 Reading package lists...
2026-10-08T14:18:05.9179635Z #9 1.508 Reading package lists...
2026-10-08T14:18:06.0909985Z #9 1.824 Building dependency tree...
2026-10-08T14:18:06.0910432Z #9 1.889 Reading state information...
2026-10-08T14:18:06.0910774Z #9 1.985 util-linux is already the newest version (2.38.1-5+deb12u3).
2026-10-08T14:18:06.0911131Z #9 1.985 util-linux set to manually installed.
2026-10-08T14:18:06.0911599Z #9 1.985 The following additional packages will be installed:
2026-10-08T14:18:06.2425138Z #9 1.985   at-spi2-common chromium-common fontconfig-config fonts-dejavu-core
2026-10-08T14:18:06.2426059Z #9 1.985   libasound2 libasound2-data libasyncns0 libatk1.0-0 libatspi2.0-0 libbrotli1
2026-10-08T14:18:06.2426496Z #9 1.985   libbsd0 libdav1d6 libdbus-1-3 libdouble-conversion3 libdrm-amdgpu1
2026-10-08T14:18:06.2426914Z #9 1.985   libdrm-common libdrm-intel1 libdrm-nouveau2 libdrm-radeon1 libdrm2 libedit2
2026-10-08T14:18:06.2427338Z #9 1.985   libelf1 libexpat1 libflac12 libfontconfig1 libfontenc1 libfreetype6 libgbm1
2026-10-08T14:18:06.2427752Z #9 1.985   libgl1 libgl1-mesa-dri libglapi-mesa libglib2.0-0 libglvnd0 libglx-mesa0
2026-10-08T14:18:06.2428227Z #9 1.985   libglx0 libgraphite2-3 libharfbuzz-subset0 libharfbuzz0b libice6 libicu72
2026-10-08T14:18:06.2428640Z #9 1.985   libjpeg62-turbo libllvm15 libminizip1 libmp3lame0 libmpg123-0 libnspr4
2026-10-08T14:18:06.2429227Z #9 1.985   libnss3 libogg0 libopenh264-7 libopus0 libpciaccess0 libpng16-16 libpulse0
2026-10-08T14:18:06.2429650Z #9 1.985   libsensors-config libsensors5 libsm6 libsndfile1 libsqlite3-0 libvorbis0a
2026-10-08T14:18:06.2430073Z #9 1.985   libvorbisenc2 libwayland-server0 libx11-6 libx11-data libx11-xcb1 libxau6
2026-10-08T14:18:06.2430459Z #9 1.985   libxaw7 libxcb-dri2-0 libxcb-dri3-0 libxcb-glx0 libxcb-present0
2026-10-08T14:18:06.2430860Z #9 1.985   libxcb-randr0 libxcb-shape0 libxcb-shm0 libxcb-sync1 libxcb-xfixes0 libxcb1
2026-10-08T14:18:06.2431276Z #9 1.985   libxcomposite1 libxdamage1 libxdmcp6 libxext6 libxfixes3 libxft2 libxi6
2026-10-08T14:18:06.2431682Z #9 1.985   libxinerama1 libxkbcommon0 libxkbfile1 libxml2 libxmu6 libxmuu1 libxnvctrl0
2026-10-08T14:18:06.2432193Z #9 1.985   libxpm4 libxrandr2 libxrender1 libxshmfence1 libxt6 libxtst6 libxv1
2026-10-08T14:18:06.2432587Z #9 1.986   libxxf86dga1 libxxf86vm1 libz3-4 x11-common x11-utils xdg-utils xkb-data
2026-10-08T14:18:06.2432889Z #9 1.986 Suggested packages:
2026-10-08T14:18:06.2433209Z #9 1.986   libasound2-plugins alsa-utils low-memory-monitor opus-tools pciutils
2026-10-08T14:18:06.2433529Z #9 1.986   pulseaudio lm-sensors mesa-utils
2026-10-08T14:18:06.2433763Z #9 1.986 Recommended packages:
2026-10-08T14:18:06.2434031Z #9 1.986   procps upower udev fonts-liberation notification-daemon
2026-10-08T14:18:06.2434416Z #9 1.986   system-config-printer alsa-ucm-conf alsa-topology-conf at-spi2-core dbus
2026-10-08T14:18:06.2434837Z #9 1.986   libglib2.0-data shared-mime-info xdg-user-dirs libfile-mimeinfo-perl
2026-10-08T14:18:06.2435203Z #9 1.986   libnet-dbus-perl libx11-protocol-perl x11-xserver-utils
2026-10-08T14:18:06.3807030Z #9 2.275 The following NEW packages will be installed:
2026-10-08T14:18:06.3807580Z #9 2.275   at-spi2-common bubblewrap chromium-common chromium-headless-shell
2026-10-08T14:18:06.4854137Z #9 2.275   fontconfig-config fonts-dejavu-core libasound2 libasound2-data libasyncns0
2026-10-08T14:18:06.4855589Z #9 2.275   libatk1.0-0 libatspi2.0-0 libbrotli1 libbsd0 libdav1d6 libdbus-1-3
2026-10-08T14:18:06.4857187Z #9 2.275   libdouble-conversion3 libdrm-amdgpu1 libdrm-common libdrm-intel1
2026-10-08T14:18:06.4859376Z #9 2.275   libdrm-nouveau2 libdrm-radeon1 libdrm2 libedit2 libelf1 libexpat1 libflac12
2026-10-08T14:18:06.4861258Z #9 2.275   libfontconfig1 libfontenc1 libfreetype6 libgbm1 libgl1 libgl1-mesa-dri
2026-10-08T14:18:06.4863119Z #9 2.275   libglapi-mesa libglib2.0-0 libglvnd0 libglx-mesa0 libglx0 libgraphite2-3
2026-10-08T14:18:06.4864640Z #9 2.275   libharfbuzz-subset0 libharfbuzz0b libice6 libicu72 libjpeg62-turbo libllvm15
2026-10-08T14:18:06.4865093Z #9 2.275   libminizip1 libmp3lame0 libmpg123-0 libnspr4 libnss3 libogg0 libopenh264-7
2026-10-08T14:18:06.4865533Z #9 2.275   libopus0 libpciaccess0 libpng16-16 libpulse0 libsensors-config libsensors5
2026-10-08T14:18:06.4865969Z #9 2.275   libsm6 libsndfile1 libsqlite3-0 libvorbis0a libvorbisenc2 libwayland-server0
2026-10-08T14:18:06.4866408Z #9 2.275   libx11-6 libx11-data libx11-xcb1 libxau6 libxaw7 libxcb-dri2-0 libxcb-dri3-0
2026-10-08T14:18:06.4866810Z #9 2.275   libxcb-glx0 libxcb-present0 libxcb-randr0 libxcb-shape0 libxcb-shm0
2026-10-08T14:18:06.4867427Z #9 2.275   libxcb-sync1 libxcb-xfixes0 libxcb1 libxcomposite1 libxdamage1 libxdmcp6
2026-10-08T14:18:06.4867967Z #9 2.275   libxext6 libxfixes3 libxft2 libxi6 libxinerama1 libxkbcommon0 libxkbfile1
2026-10-08T14:18:06.4868558Z #9 2.275   libxml2 libxmu6 libxmuu1 libxnvctrl0 libxpm4 libxrandr2 libxrender1
2026-10-08T14:18:06.4869280Z #9 2.276   libxshmfence1 libxt6 libxtst6 libxv1 libxxf86dga1 libxxf86vm1 libz3-4 tini
2026-10-08T14:18:06.4869769Z #9 2.276   x11-common x11-utils xdg-utils xkb-data
2026-10-08T14:18:06.4870177Z #9 2.324 0 upgraded, 107 newly installed, 0 to remove and 1 not upgraded.
2026-10-08T14:18:06.4870600Z #9 2.324 Need to get 160 MB of archives.
2026-10-08T14:18:06.4871022Z #9 2.324 After this operation, 551 MB of additional disk space will be used.
2026-10-08T14:18:06.4871674Z #9 2.324 Get:1 http://deb.debian.org/debian bookworm/main amd64 at-spi2-common all 2.46.0-5 [162 kB]
2026-10-08T14:18:06.4872270Z #9 2.351 Get:2 http://deb.debian.org/debian bookworm/main amd64 bubblewrap amd64 0.8.0-2+deb12u1 [47.3 kB]
2026-10-08T14:18:06.4872840Z #9 2.352 Get:3 http://deb.debian.org/debian-security bookworm-security/main amd64 libexpat1 amd64 2.5.0-1+deb12u4 [106 kB]
2026-10-08T14:18:06.4873364Z #9 2.354 Get:4 http://deb.debian.org/debian bookworm/main amd64 libbrotli1 amd64 1.0.9-2+b6 [275 kB]
2026-10-08T14:18:06.4873912Z #9 2.362 Get:5 http://deb.debian.org/debian-security bookworm-security/main amd64 libpng16-16 amd64 1.6.39-2+deb12u6 [277 kB]
2026-10-08T14:18:06.4874489Z #9 2.368 Get:6 http://deb.debian.org/debian bookworm/main amd64 libfreetype6 amd64 2.12.1+dfsg-5+deb12u4 [398 kB]
2026-10-08T14:18:06.4875142Z #9 2.371 Get:7 http://deb.debian.org/debian bookworm/main amd64 fonts-dejavu-core all 2.37-6 [1068 kB]
2026-10-08T14:18:06.4875653Z #9 2.379 Get:8 http://deb.debian.org/debian bookworm/main amd64 fontconfig-config amd64 2.14.1-4 [315 kB]
2026-10-08T14:18:06.5864640Z #9 2.380 Get:9 http://deb.debian.org/debian bookworm/main amd64 libfontconfig1 amd64 2.14.1-4 [386 kB]
2026-10-08T14:18:06.5865546Z #9 2.381 Get:10 http://deb.debian.org/debian bookworm/main amd64 libfontenc1 amd64 1:1.1.4-1 [24.3 kB]
2026-10-08T14:18:06.5866281Z #9 2.384 Get:11 http://deb.debian.org/debian bookworm/main amd64 libglvnd0 amd64 1.6.0-1 [51.8 kB]
2026-10-08T14:18:06.5866992Z #9 2.384 Get:12 http://deb.debian.org/debian bookworm/main amd64 libxau6 amd64 1:1.0.9-1 [19.7 kB]
2026-10-08T14:18:06.5867664Z #9 2.384 Get:13 http://deb.debian.org/debian bookworm/main amd64 libbsd0 amd64 0.11.7-2 [117 kB]
2026-10-08T14:18:06.5868373Z #9 2.385 Get:14 http://deb.debian.org/debian bookworm/main amd64 libxdmcp6 amd64 1:1.1.2-3 [26.3 kB]
2026-10-08T14:18:06.5869287Z #9 2.385 Get:15 http://deb.debian.org/debian bookworm/main amd64 libxcb1 amd64 1.15-1 [144 kB]
2026-10-08T14:18:06.5870103Z #9 2.386 Get:16 http://deb.debian.org/debian bookworm/main amd64 libx11-data all 2:1.8.4-2+deb12u2 [292 kB]
2026-10-08T14:18:06.5870877Z #9 2.392 Get:17 http://deb.debian.org/debian bookworm/main amd64 libx11-6 amd64 2:1.8.4-2+deb12u2 [760 kB]
2026-10-08T14:18:06.5871614Z #9 2.394 Get:18 http://deb.debian.org/debian bookworm/main amd64 libdrm-common all 2.4.114-1 [7112 B]
2026-10-08T14:18:06.5872343Z #9 2.394 Get:19 http://deb.debian.org/debian bookworm/main amd64 libdrm2 amd64 2.4.114-1+b1 [37.5 kB]
2026-10-08T14:18:06.5873176Z #9 2.400 Get:20 http://deb.debian.org/debian bookworm/main amd64 libglapi-mesa amd64 22.3.6-1+deb12u2 [35.9 kB]
2026-10-08T14:18:06.5873960Z #9 2.401 Get:21 http://deb.debian.org/debian bookworm/main amd64 libx11-xcb1 amd64 2:1.8.4-2+deb12u2 [192 kB]
2026-10-08T14:18:06.5874709Z #9 2.401 Get:22 http://deb.debian.org/debian bookworm/main amd64 libxcb-dri2-0 amd64 1.15-1 [107 kB]
2026-10-08T14:18:06.5875378Z #9 2.402 Get:23 http://deb.debian.org/debian bookworm/main amd64 libxcb-dri3-0 amd64 1.15-1 [107 kB]
2026-10-08T14:18:06.5876099Z #9 2.402 Get:24 http://deb.debian.org/debian bookworm/main amd64 libxcb-glx0 amd64 1.15-1 [122 kB]
2026-10-08T14:18:06.5877473Z #9 2.403 Get:25 http://deb.debian.org/debian bookworm/main amd64 libxcb-present0 amd64 1.15-1 [105 kB]
2026-10-08T14:18:06.5880409Z #9 2.403 Get:26 http://deb.debian.org/debian bookworm/main amd64 libxcb-randr0 amd64 1.15-1 [117 kB]
2026-10-08T14:18:06.5881795Z #9 2.409 Get:27 http://deb.debian.org/debian bookworm/main amd64 libxcb-shm0 amd64 1.15-1 [105 kB]
2026-10-08T14:18:06.5883895Z #9 2.409 Get:28 http://deb.debian.org/debian bookworm/main amd64 libxcb-sync1 amd64 1.15-1 [109 kB]
2026-10-08T14:18:06.5885287Z #9 2.410 Get:29 http://deb.debian.org/debian bookworm/main amd64 libxcb-xfixes0 amd64 1.15-1 [109 kB]
2026-10-08T14:18:06.5888172Z #9 2.417 Get:30 http://deb.debian.org/debian bookworm/main amd64 libxext6 amd64 2:1.3.4-1+b1 [52.9 kB]
2026-10-08T14:18:06.5889137Z #9 2.417 Get:31 http://deb.debian.org/debian bookworm/main amd64 libxfixes3 amd64 1:6.0.0-2 [22.7 kB]
2026-10-08T14:18:06.5889890Z #9 2.418 Get:32 http://deb.debian.org/debian bookworm/main amd64 libxshmfence1 amd64 1.3-1 [8820 B]
2026-10-08T14:18:06.5890626Z #9 2.418 Get:33 http://deb.debian.org/debian bookworm/main amd64 libxxf86vm1 amd64 1:1.1.4-1+b2 [20.8 kB]
2026-10-08T14:18:06.5891404Z #9 2.418 Get:34 http://deb.debian.org/debian bookworm/main amd64 libdrm-amdgpu1 amd64 2.4.114-1+b1 [20.9 kB]
2026-10-08T14:18:06.5892126Z #9 2.418 Get:35 http://deb.debian.org/debian bookworm/main amd64 libpciaccess0 amd64 0.17-2 [51.4 kB]
2026-10-08T14:18:06.5892872Z #9 2.419 Get:36 http://deb.debian.org/debian bookworm/main amd64 libdrm-intel1 amd64 2.4.114-1+b1 [64.0 kB]
2026-10-08T14:18:06.5893640Z #9 2.425 Get:37 http://deb.debian.org/debian bookworm/main amd64 libdrm-nouveau2 amd64 2.4.114-1+b1 [19.1 kB]
2026-10-08T14:18:06.5894588Z #9 2.425 Get:38 http://deb.debian.org/debian bookworm/main amd64 libdrm-radeon1 amd64 2.4.114-1+b1 [21.8 kB]
2026-10-08T14:18:06.5895353Z #9 2.426 Get:39 http://deb.debian.org/debian bookworm/main amd64 libelf1 amd64 0.188-2.1 [174 kB]
2026-10-08T14:18:06.5896072Z #9 2.433 Get:40 http://deb.debian.org/debian bookworm/main amd64 libedit2 amd64 3.1-20221030-2 [93.0 kB]
2026-10-08T14:18:06.5896808Z #9 2.434 Get:41 http://deb.debian.org/debian bookworm/main amd64 libicu72 amd64 72.1-3+deb12u1 [9376 kB]
2026-10-08T14:18:06.5897580Z #9 2.460 Get:42 http://deb.debian.org/debian bookworm/main amd64 libxml2 amd64 2.9.14+dfsg-1.3~deb12u6 [689 kB]
2026-10-08T14:18:06.5899069Z #9 2.462 Get:43 http://deb.debian.org/debian bookworm/main amd64 libz3-4 amd64 4.8.12-3.1 [7216 kB]
2026-10-08T14:18:06.5900301Z #9 2.481 Get:44 http://deb.debian.org/debian bookworm/main amd64 libllvm15 amd64 1:15.0.6-4+b1 [23.1 MB]
2026-10-08T14:18:06.6889879Z #9 2.544 Get:45 http://deb.debian.org/debian bookworm/main amd64 libsensors-config all 1:3.6.0-7.1 [14.3 kB]
2026-10-08T14:18:06.6890888Z #9 2.545 Get:46 http://deb.debian.org/debian bookworm/main amd64 libsensors5 amd64 1:3.6.0-7.1 [34.2 kB]
2026-10-08T14:18:06.6891833Z #9 2.545 Get:47 http://deb.debian.org/debian bookworm/main amd64 libgl1-mesa-dri amd64 22.3.6-1+deb12u2 [7240 kB]
2026-10-08T14:18:06.6892921Z #9 2.565 Get:48 http://deb.debian.org/debian bookworm/main amd64 libglx-mesa0 amd64 22.3.6-1+deb12u2 [148 kB]
2026-10-08T14:18:06.6894129Z #9 2.565 Get:49 http://deb.debian.org/debian bookworm/main amd64 libglx0 amd64 1.6.0-1 [34.4 kB]
2026-10-08T14:18:06.6894948Z #9 2.566 Get:50 http://deb.debian.org/debian bookworm/main amd64 libgl1 amd64 1.6.0-1 [88.4 kB]
2026-10-08T14:18:06.6895750Z #9 2.566 Get:51 http://deb.debian.org/debian bookworm/main amd64 x11-common all 1:7.7+23 [252 kB]
2026-10-08T14:18:06.6896595Z #9 2.566 Get:52 http://deb.debian.org/debian bookworm/main amd64 libice6 amd64 2:1.0.10-1 [58.5 kB]
2026-10-08T14:18:06.6897418Z #9 2.567 Get:53 http://deb.debian.org/debian bookworm/main amd64 libsm6 amd64 2:1.2.3-1 [35.1 kB]
2026-10-08T14:18:06.6898120Z #9 2.567 Get:54 http://deb.debian.org/debian bookworm/main amd64 libxt6 amd64 1:1.2.1-1.1 [186 kB]
2026-10-08T14:18:06.6898770Z #9 2.568 Get:55 http://deb.debian.org/debian bookworm/main amd64 libxmu6 amd64 2:1.1.3-3 [60.1 kB]
2026-10-08T14:18:06.6899884Z #9 2.568 Get:56 http://deb.debian.org/debian bookworm/main amd64 libxpm4 amd64 1:3.5.12-1.1+deb12u1 [48.6 kB]
2026-10-08T14:18:06.6900650Z #9 2.575 Get:57 http://deb.debian.org/debian bookworm/main amd64 libxaw7 amd64 2:1.0.14-1 [201 kB]
2026-10-08T14:18:06.6901407Z #9 2.583 Get:58 http://deb.debian.org/debian bookworm/main amd64 libxcb-shape0 amd64 1.15-1 [106 kB]
2026-10-08T14:18:06.8659911Z #9 2.584 Get:59 http://deb.debian.org/debian bookworm/main amd64 libxcomposite1 amd64 1:0.4.5-1 [16.6 kB]
2026-10-08T14:18:06.8660486Z #9 2.584 Get:60 http://deb.debian.org/debian bookworm/main amd64 libxrender1 amd64 1:0.9.10-1.1 [33.2 kB]
2026-10-08T14:18:06.8660989Z #9 2.584 Get:61 http://deb.debian.org/debian bookworm/main amd64 libxft2 amd64 2.3.6-1 [61.8 kB]
2026-10-08T14:18:06.8661448Z #9 2.585 Get:62 http://deb.debian.org/debian bookworm/main amd64 libxi6 amd64 2:1.8-1+b1 [84.2 kB]
2026-10-08T14:18:06.8661930Z #9 2.586 Get:63 http://deb.debian.org/debian bookworm/main amd64 libxinerama1 amd64 2:1.1.4-3 [17.8 kB]
2026-10-08T14:18:06.8662425Z #9 2.586 Get:64 http://deb.debian.org/debian bookworm/main amd64 libxkbfile1 amd64 1:1.1.0-1 [75.2 kB]
2026-10-08T14:18:06.8662894Z #9 2.586 Get:65 http://deb.debian.org/debian bookworm/main amd64 libxmuu1 amd64 2:1.1.3-3 [23.9 kB]
2026-10-08T14:18:06.8663367Z #9 2.587 Get:66 http://deb.debian.org/debian bookworm/main amd64 libxrandr2 amd64 2:1.5.2-2+b1 [39.2 kB]
2026-10-08T14:18:06.8663845Z #9 2.591 Get:67 http://deb.debian.org/debian bookworm/main amd64 libxtst6 amd64 2:1.2.3-1.1 [28.0 kB]
2026-10-08T14:18:06.8664342Z #9 2.600 Get:68 http://deb.debian.org/debian bookworm/main amd64 libxv1 amd64 2:1.0.11-1.1 [24.8 kB]
2026-10-08T14:18:06.8664998Z #9 2.600 Get:69 http://deb.debian.org/debian bookworm/main amd64 libxxf86dga1 amd64 2:1.1.5-1 [22.1 kB]
2026-10-08T14:18:06.8665456Z #9 2.600 Get:70 http://deb.debian.org/debian bookworm/main amd64 x11-utils amd64 7.7+5 [202 kB]
2026-10-08T14:18:06.8665906Z #9 2.601 Get:71 http://deb.debian.org/debian bookworm/main amd64 xdg-utils all 1.1.3-4.1 [75.5 kB]
2026-10-08T14:18:06.8666493Z #9 2.610 Get:72 http://deb.debian.org/debian-security bookworm-security/main amd64 chromium-common amd64 154.0.8037.92-1~deb12u1 [30.5 MB]
2026-10-08T14:18:06.8858508Z #9 2.780 Get:73 http://deb.debian.org/debian bookworm/main amd64 libasound2-data all 1.2.8-1 [20.5 kB]
2026-10-08T14:18:07.0967242Z #9 2.780 Get:74 http://deb.debian.org/debian bookworm/main amd64 libasound2 amd64 1.2.8-1+b1 [362 kB]
2026-10-08T14:18:07.0967830Z #9 2.781 Get:75 http://deb.debian.org/debian bookworm/main amd64 libglib2.0-0 amd64 2.74.6-2+deb12u9 [1403 kB]
2026-10-08T14:18:07.0968378Z #9 2.785 Get:76 http://deb.debian.org/debian bookworm/main amd64 libatk1.0-0 amd64 2.46.0-5 [49.6 kB]
2026-10-08T14:18:07.0969057Z #9 2.785 Get:77 http://deb.debian.org/debian bookworm/main amd64 libdbus-1-3 amd64 1.14.10-1~deb12u1 [201 kB]
2026-10-08T14:18:07.0969585Z #9 2.786 Get:78 http://deb.debian.org/debian bookworm/main amd64 libatspi2.0-0 amd64 2.46.0-5 [75.4 kB]
2026-10-08T14:18:07.0970151Z #9 2.786 Get:79 http://deb.debian.org/debian bookworm/main amd64 libdav1d6 amd64 1.0.0-2+deb12u1 [513 kB]
2026-10-08T14:18:07.0970722Z #9 2.788 Get:80 http://deb.debian.org/debian bookworm/main amd64 libdouble-conversion3 amd64 3.2.1-1 [41.5 kB]
2026-10-08T14:18:07.0971230Z #9 2.788 Get:81 http://deb.debian.org/debian bookworm/main amd64 libogg0 amd64 1.3.5-3 [23.4 kB]
2026-10-08T14:18:07.0971690Z #9 2.789 Get:82 http://deb.debian.org/debian bookworm/main amd64 libflac12 amd64 1.4.2+ds-2 [198 kB]
2026-10-08T14:18:07.0972182Z #9 2.797 Get:83 http://deb.debian.org/debian bookworm/main amd64 libwayland-server0 amd64 1.21.0-1 [35.9 kB]
2026-10-08T14:18:07.0972683Z #9 2.798 Get:84 http://deb.debian.org/debian bookworm/main amd64 libgbm1 amd64 22.3.6-1+deb12u2 [38.1 kB]
2026-10-08T14:18:07.0973190Z #9 2.798 Get:85 http://deb.debian.org/debian bookworm/main amd64 libgraphite2-3 amd64 1.3.14-1+deb12u1 [74.6 kB]
2026-10-08T14:18:07.0973716Z #9 2.799 Get:86 http://deb.debian.org/debian bookworm/main amd64 libharfbuzz0b amd64 6.0.0+dfsg-3 [1945 kB]
2026-10-08T14:18:07.0974463Z #9 2.806 Get:87 http://deb.debian.org/debian bookworm/main amd64 libharfbuzz-subset0 amd64 6.0.0+dfsg-3 [1931 kB]
2026-10-08T14:18:07.0974999Z #9 2.812 Get:88 http://deb.debian.org/debian bookworm/main amd64 libjpeg62-turbo amd64 1:2.1.5-2 [166 kB]
2026-10-08T14:18:07.0975535Z #9 2.812 Get:89 http://deb.debian.org/debian bookworm/main amd64 libminizip1 amd64 1.1-8+deb12u1 [20.1 kB]
2026-10-08T14:18:07.0976036Z #9 2.813 Get:90 http://deb.debian.org/debian bookworm/main amd64 libnspr4 amd64 2:4.35-1 [113 kB]
2026-10-08T14:18:07.0976536Z #9 2.813 Get:91 http://deb.debian.org/debian bookworm/main amd64 libsqlite3-0 amd64 3.40.1-2+deb12u2 [839 kB]
2026-10-08T14:18:07.0977107Z #9 2.816 Get:92 http://deb.debian.org/debian-security bookworm-security/main amd64 libnss3 amd64 2:3.87.1-1+deb12u4 [1331 kB]
2026-10-08T14:18:07.0977682Z #9 2.818 Get:93 http://deb.debian.org/debian bookworm/main amd64 libopenh264-7 amd64 2.3.1+dfsg-3+deb12u2 [393 kB]
2026-10-08T14:18:07.0978184Z #9 2.819 Get:94 http://deb.debian.org/debian bookworm/main amd64 libopus0 amd64 1.3.1-3 [195 kB]
2026-10-08T14:18:07.0978658Z #9 2.820 Get:95 http://deb.debian.org/debian bookworm/main amd64 libasyncns0 amd64 0.8-6+b3 [12.9 kB]
2026-10-08T14:18:07.0979234Z #9 2.823 Get:96 http://deb.debian.org/debian bookworm/main amd64 libmp3lame0 amd64 3.100-6 [365 kB]
2026-10-08T14:18:07.0979723Z #9 2.824 Get:97 http://deb.debian.org/debian bookworm/main amd64 libmpg123-0 amd64 1.31.2-1+deb12u1 [147 kB]
2026-10-08T14:18:07.0980241Z #9 2.824 Get:98 http://deb.debian.org/debian bookworm/main amd64 libvorbis0a amd64 1.3.7-1 [93.0 kB]
2026-10-08T14:18:07.0980946Z #9 2.825 Get:99 http://deb.debian.org/debian bookworm/main amd64 libvorbisenc2 amd64 1.3.7-1 [80.6 kB]
2026-10-08T14:18:07.0981450Z #9 2.825 Get:100 http://deb.debian.org/debian bookworm/main amd64 libsndfile1 amd64 1.2.0-1+deb12u1 [197 kB]
2026-10-08T14:18:07.0981948Z #9 2.831 Get:101 http://deb.debian.org/debian bookworm/main amd64 libpulse0 amd64 16.1+dfsg1-2+b1 [274 kB]
2026-10-08T14:18:07.0982439Z #9 2.832 Get:102 http://deb.debian.org/debian bookworm/main amd64 libxdamage1 amd64 1:1.1.6-1 [15.1 kB]
2026-10-08T14:18:07.0982904Z #9 2.832 Get:103 http://deb.debian.org/debian bookworm/main amd64 xkb-data all 2.35.1-1 [764 kB]
2026-10-08T14:18:07.0983376Z #9 2.834 Get:104 http://deb.debian.org/debian bookworm/main amd64 libxkbcommon0 amd64 1.5.0-1 [106 kB]
2026-10-08T14:18:07.0983880Z #9 2.835 Get:105 http://deb.debian.org/debian bookworm/main amd64 libxnvctrl0 amd64 525.85.05-3~deb12u1 [13.5 kB]
2026-10-08T14:18:07.0984513Z #9 2.840 Get:106 http://deb.debian.org/debian-security bookworm-security/main amd64 chromium-headless-shell amd64 154.0.8037.92-1~deb12u1 [61.2 MB]
2026-10-08T14:18:07.2992941Z #9 3.193 Get:107 http://deb.debian.org/debian bookworm/main amd64 tini amd64 0.19.0-1+b3 [267 kB]
2026-10-08T14:18:07.3993179Z #9 3.268 debconf: delaying package configuration, since apt-utils is not installed
2026-10-08T14:18:07.3993704Z #9 3.283 Fetched 160 MB in 1s (175 MB/s)
2026-10-08T14:18:07.3994155Z #9 3.291 Selecting previously unselected package at-spi2-common.
2026-10-08T14:18:07.3994542Z #9 3.291 (Reading database ... 
2026-10-08T14:18:07.3994801Z (Reading database ... 5%
2026-10-08T14:18:07.3995027Z (Reading database ... 10%
2026-10-08T14:18:07.3995285Z (Reading database ... 15%
2026-10-08T14:18:07.3995528Z (Reading database ... 20%
2026-10-08T14:18:07.3995747Z (Reading database ... 25%
2026-10-08T14:18:07.3995968Z (Reading database ... 30%
2026-10-08T14:18:07.3996195Z (Reading database ... 35%
2026-10-08T14:18:07.3996417Z (Reading database ... 40%
2026-10-08T14:18:07.3996661Z (Reading database ... 45%
2026-10-08T14:18:07.3996888Z (Reading database ... 50%
2026-10-08T14:18:07.3997109Z (Reading database ... 55%
2026-10-08T14:18:07.3997325Z (Reading database ... 60%
2026-10-08T14:18:07.3997548Z (Reading database ... 65%
2026-10-08T14:18:07.3997787Z (Reading database ... 70%
2026-10-08T14:18:07.3998027Z (Reading database ... 75%
2026-10-08T14:18:07.3998235Z (Reading database ... 80%
2026-10-08T14:18:07.5034473Z (Reading database ... 85%
2026-10-08T14:18:07.5034751Z (Reading database ... 90%
2026-10-08T14:18:07.5034942Z (Reading database ... 95%
2026-10-08T14:18:07.5035122Z (Reading database ... 100%
2026-10-08T14:18:07.5035424Z (Reading database ... 6096 files and directories currently installed.)
2026-10-08T14:18:07.5035805Z #9 3.295 Preparing to unpack .../000-at-spi2-common_2.46.0-5_all.deb ...
2026-10-08T14:18:07.5036125Z #9 3.296 Unpacking at-spi2-common (2.46.0-5) ...
2026-10-08T14:18:07.5036521Z #9 3.317 Selecting previously unselected package bubblewrap.
2026-10-08T14:18:07.5037056Z #9 3.318 Preparing to unpack .../001-bubblewrap_0.8.0-2+deb12u1_amd64.deb ...
2026-10-08T14:18:07.5037386Z #9 3.319 Unpacking bubblewrap (0.8.0-2+deb12u1) ...
2026-10-08T14:18:07.5037705Z #9 3.332 Selecting previously unselected package libexpat1:amd64.
2026-10-08T14:18:07.5038244Z #9 3.332 Preparing to unpack .../002-libexpat1_2.5.0-1+deb12u4_amd64.deb ...
2026-10-08T14:18:07.5038661Z #9 3.334 Unpacking libexpat1:amd64 (2.5.0-1+deb12u4) ...
2026-10-08T14:18:07.5039462Z #9 3.349 Selecting previously unselected package libbrotli1:amd64.
2026-10-08T14:18:07.5039807Z #9 3.349 Preparing to unpack .../003-libbrotli1_1.0.9-2+b6_amd64.deb ...
2026-10-08T14:18:07.5040111Z #9 3.350 Unpacking libbrotli1:amd64 (1.0.9-2+b6) ...
2026-10-08T14:18:07.5040421Z #9 3.374 Selecting previously unselected package libpng16-16:amd64.
2026-10-08T14:18:07.5040909Z #9 3.375 Preparing to unpack .../004-libpng16-16_1.6.39-2+deb12u6_amd64.deb ...
2026-10-08T14:18:07.5041280Z #9 3.376 Unpacking libpng16-16:amd64 (1.6.39-2+deb12u6) ...
2026-10-08T14:18:07.5041850Z #9 3.397 Selecting previously unselected package libfreetype6:amd64.
2026-10-08T14:18:07.6032835Z #9 3.398 Preparing to unpack .../005-libfreetype6_2.12.1+dfsg-5+deb12u4_amd64.deb ...
2026-10-08T14:18:07.6033424Z #9 3.399 Unpacking libfreetype6:amd64 (2.12.1+dfsg-5+deb12u4) ...
2026-10-08T14:18:07.6033886Z #9 3.428 Selecting previously unselected package fonts-dejavu-core.
2026-10-08T14:18:07.6034389Z #9 3.428 Preparing to unpack .../006-fonts-dejavu-core_2.37-6_all.deb ...
2026-10-08T14:18:07.6034843Z #9 3.429 Unpacking fonts-dejavu-core (2.37-6) ...
2026-10-08T14:18:07.6036075Z #9 3.497 Selecting previously unselected package fontconfig-config.
2026-10-08T14:18:07.7118800Z #9 3.498 Preparing to unpack .../007-fontconfig-config_2.14.1-4_amd64.deb ...
2026-10-08T14:18:07.7119437Z #9 3.557 Unpacking fontconfig-config (2.14.1-4) ...
2026-10-08T14:18:07.7119870Z #9 3.575 Selecting previously unselected package libfontconfig1:amd64.
2026-10-08T14:18:07.7120382Z #9 3.576 Preparing to unpack .../008-libfontconfig1_2.14.1-4_amd64.deb ...
2026-10-08T14:18:07.7120830Z #9 3.577 Unpacking libfontconfig1:amd64 (2.14.1-4) ...
2026-10-08T14:18:07.7121300Z #9 3.594 Selecting previously unselected package libfontenc1:amd64.
2026-10-08T14:18:07.7121748Z #9 3.594 Preparing to unpack .../009-libfontenc1_1%3a1.1.4-1_amd64.deb ...
2026-10-08T14:18:07.7122216Z #9 3.595 Unpacking libfontenc1:amd64 (1:1.1.4-1) ...
2026-10-08T14:18:07.7122675Z #9 3.606 Selecting previously unselected package libglvnd0:amd64.
2026-10-08T14:18:07.8124982Z #9 3.606 Preparing to unpack .../010-libglvnd0_1.6.0-1_amd64.deb ...
2026-10-08T14:18:07.8125437Z #9 3.607 Unpacking libglvnd0:amd64 (1.6.0-1) ...
2026-10-08T14:18:07.8125915Z #9 3.621 Selecting previously unselected package libxau6:amd64.
2026-10-08T14:18:07.8126357Z #9 3.621 Preparing to unpack .../011-libxau6_1%3a1.0.9-1_amd64.deb ...
2026-10-08T14:18:07.8126721Z #9 3.622 Unpacking libxau6:amd64 (1:1.0.9-1) ...
2026-10-08T14:18:07.8127038Z #9 3.633 Selecting previously unselected package libbsd0:amd64.
2026-10-08T14:18:07.8127360Z #9 3.633 Preparing to unpack .../012-libbsd0_0.11.7-2_amd64.deb ...
2026-10-08T14:18:07.8127643Z #9 3.634 Unpacking libbsd0:amd64 (0.11.7-2) ...
2026-10-08T14:18:07.8127936Z #9 3.649 Selecting previously unselected package libxdmcp6:amd64.
2026-10-08T14:18:07.8128268Z #9 3.650 Preparing to unpack .../013-libxdmcp6_1%3a1.1.2-3_amd64.deb ...
2026-10-08T14:18:07.8128792Z #9 3.651 Unpacking libxdmcp6:amd64 (1:1.1.2-3) ...
2026-10-08T14:18:07.8129714Z #9 3.662 Selecting previously unselected package libxcb1:amd64.
2026-10-08T14:18:07.8130098Z #9 3.662 Preparing to unpack .../014-libxcb1_1.15-1_amd64.deb ...
2026-10-08T14:18:07.8130383Z #9 3.663 Unpacking libxcb1:amd64 (1.15-1) ...
2026-10-08T14:18:07.8130694Z #9 3.676 Selecting previously unselected package libx11-data.
2026-10-08T14:18:07.8131120Z #9 3.677 Preparing to unpack .../015-libx11-data_2%3a1.8.4-2+deb12u2_all.deb ...
2026-10-08T14:18:07.8131443Z #9 3.677 Unpacking libx11-data (2:1.8.4-2+deb12u2) ...
2026-10-08T14:18:07.8131821Z #9 3.705 Selecting previously unselected package libx11-6:amd64.
2026-10-08T14:18:07.8132245Z #9 3.706 Preparing to unpack .../016-libx11-6_2%3a1.8.4-2+deb12u2_amd64.deb ...
2026-10-08T14:18:07.8132730Z #9 3.707 Unpacking libx11-6:amd64 (2:1.8.4-2+deb12u2) ...
2026-10-08T14:18:07.9211738Z #9 3.746 Selecting previously unselected package libdrm-common.
2026-10-08T14:18:07.9212386Z #9 3.747 Preparing to unpack .../017-libdrm-common_2.4.114-1_all.deb ...
2026-10-08T14:18:07.9213430Z #9 3.747 Unpacking libdrm-common (2.4.114-1) ...
2026-10-08T14:18:07.9213844Z #9 3.758 Selecting previously unselected package libdrm2:amd64.
2026-10-08T14:18:07.9214272Z #9 3.759 Preparing to unpack .../018-libdrm2_2.4.114-1+b1_amd64.deb ...
2026-10-08T14:18:07.9214697Z #9 3.760 Unpacking libdrm2:amd64 (2.4.114-1+b1) ...
2026-10-08T14:18:07.9215010Z #9 3.771 Selecting previously unselected package libglapi-mesa:amd64.
2026-10-08T14:18:07.9215584Z #9 3.772 Preparing to unpack .../019-libglapi-mesa_22.3.6-1+deb12u2_amd64.deb ...
2026-10-08T14:18:07.9217941Z #9 3.772 Unpacking libglapi-mesa:amd64 (22.3.6-1+deb12u2) ...
2026-10-08T14:18:07.9218497Z #9 3.784 Selecting previously unselected package libx11-xcb1:amd64.
2026-10-08T14:18:07.9219544Z #9 3.784 Preparing to unpack .../020-libx11-xcb1_2%3a1.8.4-2+deb12u2_amd64.deb ...
2026-10-08T14:18:07.9220066Z #9 3.785 Unpacking libx11-xcb1:amd64 (2:1.8.4-2+deb12u2) ...
2026-10-08T14:18:07.9220600Z #9 3.798 Selecting previously unselected package libxcb-dri2-0:amd64.
2026-10-08T14:18:07.9221108Z #9 3.799 Preparing to unpack .../021-libxcb-dri2-0_1.15-1_amd64.deb ...
2026-10-08T14:18:07.9221554Z #9 3.799 Unpacking libxcb-dri2-0:amd64 (1.15-1) ...
2026-10-08T14:18:07.9221986Z #9 3.815 Selecting previously unselected package libxcb-dri3-0:amd64.
2026-10-08T14:18:08.0217645Z #9 3.815 Preparing to unpack .../022-libxcb-dri3-0_1.15-1_amd64.deb ...
2026-10-08T14:18:08.0218616Z #9 3.816 Unpacking libxcb-dri3-0:amd64 (1.15-1) ...
2026-10-08T14:18:08.0219540Z #9 3.831 Selecting previously unselected package libxcb-glx0:amd64.
2026-10-08T14:18:08.0220422Z #9 3.832 Preparing to unpack .../023-libxcb-glx0_1.15-1_amd64.deb ...
2026-10-08T14:18:08.0221371Z #9 3.833 Unpacking libxcb-glx0:amd64 (1.15-1) ...
2026-10-08T14:18:08.0222156Z #9 3.848 Selecting previously unselected package libxcb-present0:amd64.
2026-10-08T14:18:08.0222642Z #9 3.849 Preparing to unpack .../024-libxcb-present0_1.15-1_amd64.deb ...
2026-10-08T14:18:08.0223033Z #9 3.850 Unpacking libxcb-present0:amd64 (1.15-1) ...
2026-10-08T14:18:08.0223409Z #9 3.865 Selecting previously unselected package libxcb-randr0:amd64.
2026-10-08T14:18:08.0223750Z #9 3.866 Preparing to unpack .../025-libxcb-randr0_1.15-1_amd64.deb ...
2026-10-08T14:18:08.0224044Z #9 3.866 Unpacking libxcb-randr0:amd64 (1.15-1) ...
2026-10-08T14:18:08.0224346Z #9 3.883 Selecting previously unselected package libxcb-shm0:amd64.
2026-10-08T14:18:08.0224686Z #9 3.883 Preparing to unpack .../026-libxcb-shm0_1.15-1_amd64.deb ...
2026-10-08T14:18:08.0224986Z #9 3.884 Unpacking libxcb-shm0:amd64 (1.15-1) ...
2026-10-08T14:18:08.0225347Z #9 3.899 Selecting previously unselected package libxcb-sync1:amd64.
2026-10-08T14:18:08.0225690Z #9 3.899 Preparing to unpack .../027-libxcb-sync1_1.15-1_amd64.deb ...
2026-10-08T14:18:08.0225978Z #9 3.900 Unpacking libxcb-sync1:amd64 (1.15-1) ...
2026-10-08T14:18:08.0226277Z #9 3.916 Selecting previously unselected package libxcb-xfixes0:amd64.
2026-10-08T14:18:08.1316771Z #9 3.916 Preparing to unpack .../028-libxcb-xfixes0_1.15-1_amd64.deb ...
2026-10-08T14:18:08.1317428Z #9 3.917 Unpacking libxcb-xfixes0:amd64 (1.15-1) ...
2026-10-08T14:18:08.1317971Z #9 3.933 Selecting previously unselected package libxext6:amd64.
2026-10-08T14:18:08.1318453Z #9 3.933 Preparing to unpack .../029-libxext6_2%3a1.3.4-1+b1_amd64.deb ...
2026-10-08T14:18:08.1318991Z #9 3.934 Unpacking libxext6:amd64 (2:1.3.4-1+b1) ...
2026-10-08T14:18:08.1319401Z #9 3.947 Selecting previously unselected package libxfixes3:amd64.
2026-10-08T14:18:08.1319871Z #9 3.947 Preparing to unpack .../030-libxfixes3_1%3a6.0.0-2_amd64.deb ...
2026-10-08T14:18:08.1320260Z #9 3.948 Unpacking libxfixes3:amd64 (1:6.0.0-2) ...
2026-10-08T14:18:08.1320616Z #9 3.959 Selecting previously unselected package libxshmfence1:amd64.
2026-10-08T14:18:08.1320954Z #9 3.959 Preparing to unpack .../031-libxshmfence1_1.3-1_amd64.deb ...
2026-10-08T14:18:08.1321251Z #9 3.960 Unpacking libxshmfence1:amd64 (1.3-1) ...
2026-10-08T14:18:08.1321548Z #9 3.970 Selecting previously unselected package libxxf86vm1:amd64.
2026-10-08T14:18:08.1321895Z #9 3.971 Preparing to unpack .../032-libxxf86vm1_1%3a1.1.4-1+b2_amd64.deb ...
2026-10-08T14:18:08.1322210Z #9 3.972 Unpacking libxxf86vm1:amd64 (1:1.1.4-1+b2) ...
2026-10-08T14:18:08.1322519Z #9 3.984 Selecting previously unselected package libdrm-amdgpu1:amd64.
2026-10-08T14:18:08.1322881Z #9 3.984 Preparing to unpack .../033-libdrm-amdgpu1_2.4.114-1+b1_amd64.deb ...
2026-10-08T14:18:08.1323195Z #9 3.985 Unpacking libdrm-amdgpu1:amd64 (2.4.114-1+b1) ...
2026-10-08T14:18:08.1323661Z #9 3.997 Selecting previously unselected package libpciaccess0:amd64.
2026-10-08T14:18:08.1323995Z #9 3.997 Preparing to unpack .../034-libpciaccess0_0.17-2_amd64.deb ...
2026-10-08T14:18:08.1324292Z #9 3.998 Unpacking libpciaccess0:amd64 (0.17-2) ...
2026-10-08T14:18:08.1324592Z #9 4.011 Selecting previously unselected package libdrm-intel1:amd64.
2026-10-08T14:18:08.1324950Z #9 4.011 Preparing to unpack .../035-libdrm-intel1_2.4.114-1+b1_amd64.deb ...
2026-10-08T14:18:08.1325258Z #9 4.012 Unpacking libdrm-intel1:amd64 (2.4.114-1+b1) ...
2026-10-08T14:18:08.1325572Z #9 4.026 Selecting previously unselected package libdrm-nouveau2:amd64.
2026-10-08T14:18:08.3459982Z #9 4.027 Preparing to unpack .../036-libdrm-nouveau2_2.4.114-1+b1_amd64.deb ...
2026-10-08T14:18:08.3460588Z #9 4.028 Unpacking libdrm-nouveau2:amd64 (2.4.114-1+b1) ...
2026-10-08T14:18:08.3461115Z #9 4.039 Selecting previously unselected package libdrm-radeon1:amd64.
2026-10-08T14:18:08.3461867Z #9 4.039 Preparing to unpack .../037-libdrm-radeon1_2.4.114-1+b1_amd64.deb ...
2026-10-08T14:18:08.3462687Z #9 4.040 Unpacking libdrm-radeon1:amd64 (2.4.114-1+b1) ...
2026-10-08T14:18:08.3463367Z #9 4.051 Selecting previously unselected package libelf1:amd64.
2026-10-08T14:18:08.3464000Z #9 4.051 Preparing to unpack .../038-libelf1_0.188-2.1_amd64.deb ...
2026-10-08T14:18:08.3464602Z #9 4.052 Unpacking libelf1:amd64 (0.188-2.1) ...
2026-10-08T14:18:08.3465439Z #9 4.072 Selecting previously unselected package libedit2:amd64.
2026-10-08T14:18:08.3466028Z #9 4.073 Preparing to unpack .../039-libedit2_3.1-20221030-2_amd64.deb ...
2026-10-08T14:18:08.3466522Z #9 4.074 Unpacking libedit2:amd64 (3.1-20221030-2) ...
2026-10-08T14:18:08.3466995Z #9 4.088 Selecting previously unselected package libicu72:amd64.
2026-10-08T14:18:08.3467524Z #9 4.089 Preparing to unpack .../040-libicu72_72.1-3+deb12u1_amd64.deb ...
2026-10-08T14:18:08.3467999Z #9 4.090 Unpacking libicu72:amd64 (72.1-3+deb12u1) ...
2026-10-08T14:18:08.5604499Z #9 4.454 Selecting previously unselected package libxml2:amd64.
2026-10-08T14:18:08.7550646Z #9 4.455 Preparing to unpack .../041-libxml2_2.9.14+dfsg-1.3~deb12u6_amd64.deb ...
2026-10-08T14:18:08.7551306Z #9 4.456 Unpacking libxml2:amd64 (2.9.14+dfsg-1.3~deb12u6) ...
2026-10-08T14:18:08.7551824Z #9 4.497 Selecting previously unselected package libz3-4:amd64.
2026-10-08T14:18:08.7552345Z #9 4.498 Preparing to unpack .../042-libz3-4_4.8.12-3.1_amd64.deb ...
2026-10-08T14:18:08.7553027Z #9 4.499 Unpacking libz3-4:amd64 (4.8.12-3.1) ...
2026-10-08T14:18:08.9611368Z #9 4.855 Selecting previously unselected package libllvm15:amd64.
2026-10-08T14:18:09.1133301Z #9 4.856 Preparing to unpack .../043-libllvm15_1%3a15.0.6-4+b1_amd64.deb ...
2026-10-08T14:18:09.1133870Z #9 4.857 Unpacking libllvm15:amd64 (1:15.0.6-4+b1) ...
2026-10-08T14:18:09.5555189Z #9 5.449 Selecting previously unselected package libsensors-config.
2026-10-08T14:18:09.7402838Z #9 5.450 Preparing to unpack .../044-libsensors-config_1%3a3.6.0-7.1_all.deb ...
2026-10-08T14:18:09.7403415Z #9 5.451 Unpacking libsensors-config (1:3.6.0-7.1) ...
2026-10-08T14:18:09.7403744Z #9 5.462 Selecting previously unselected package libsensors5:amd64.
2026-10-08T14:18:09.7404103Z #9 5.463 Preparing to unpack .../045-libsensors5_1%3a3.6.0-7.1_amd64.deb ...
2026-10-08T14:18:09.7404423Z #9 5.466 Unpacking libsensors5:amd64 (1:3.6.0-7.1) ...
2026-10-08T14:18:09.7404740Z #9 5.480 Selecting previously unselected package libgl1-mesa-dri:amd64.
2026-10-08T14:18:09.7405141Z #9 5.480 Preparing to unpack .../046-libgl1-mesa-dri_22.3.6-1+deb12u2_amd64.deb ...
2026-10-08T14:18:09.7405485Z #9 5.484 Unpacking libgl1-mesa-dri:amd64 (22.3.6-1+deb12u2) ...
2026-10-08T14:18:09.9441811Z #9 5.838 Selecting previously unselected package libglx-mesa0:amd64.
2026-10-08T14:18:10.0597984Z #9 5.839 Preparing to unpack .../047-libglx-mesa0_22.3.6-1+deb12u2_amd64.deb ...
2026-10-08T14:18:10.0599243Z #9 5.840 Unpacking libglx-mesa0:amd64 (22.3.6-1+deb12u2) ...
2026-10-08T14:18:10.0600247Z #9 5.857 Selecting previously unselected package libglx0:amd64.
2026-10-08T14:18:10.0600899Z #9 5.858 Preparing to unpack .../048-libglx0_1.6.0-1_amd64.deb ...
2026-10-08T14:18:10.0601481Z #9 5.859 Unpacking libglx0:amd64 (1.6.0-1) ...
2026-10-08T14:18:10.0602474Z #9 5.871 Selecting previously unselected package libgl1:amd64.
2026-10-08T14:18:10.0603025Z #9 5.872 Preparing to unpack .../049-libgl1_1.6.0-1_amd64.deb ...
2026-10-08T14:18:10.0603454Z #9 5.873 Unpacking libgl1:amd64 (1.6.0-1) ...
2026-10-08T14:18:10.0603742Z #9 5.888 Selecting previously unselected package x11-common.
2026-10-08T14:18:10.0604121Z #9 5.889 Preparing to unpack .../050-x11-common_1%3a7.7+23_all.deb ...
2026-10-08T14:18:10.0604440Z #9 5.890 Unpacking x11-common (1:7.7+23) ...
2026-10-08T14:18:10.0604725Z #9 5.906 Selecting previously unselected package libice6:amd64.
2026-10-08T14:18:10.0605184Z #9 5.907 Preparing to unpack .../051-libice6_2%3a1.0.10-1_amd64.deb ...
2026-10-08T14:18:10.0605477Z #9 5.908 Unpacking libice6:amd64 (2:1.0.10-1) ...
2026-10-08T14:18:10.0605839Z #9 5.920 Selecting previously unselected package libsm6:amd64.
2026-10-08T14:18:10.0606157Z #9 5.921 Preparing to unpack .../052-libsm6_2%3a1.2.3-1_amd64.deb ...
2026-10-08T14:18:10.0606505Z #9 5.922 Unpacking libsm6:amd64 (2:1.2.3-1) ...
2026-10-08T14:18:10.0606851Z #9 5.934 Selecting previously unselected package libxt6:amd64.
2026-10-08T14:18:10.0607242Z #9 5.934 Preparing to unpack .../053-libxt6_1%3a1.2.1-1.1_amd64.deb ...
2026-10-08T14:18:10.0607620Z #9 5.935 Unpacking libxt6:amd64 (1:1.2.1-1.1) ...
2026-10-08T14:18:10.0608226Z #9 5.954 Selecting previously unselected package libxmu6:amd64.
2026-10-08T14:18:10.1653809Z #9 5.954 Preparing to unpack .../054-libxmu6_2%3a1.1.3-3_amd64.deb ...
2026-10-08T14:18:10.1654474Z #9 5.955 Unpacking libxmu6:amd64 (2:1.1.3-3) ...
2026-10-08T14:18:10.1655048Z #9 5.968 Selecting previously unselected package libxpm4:amd64.
2026-10-08T14:18:10.1655529Z #9 5.968 Preparing to unpack .../055-libxpm4_1%3a3.5.12-1.1+deb12u1_amd64.deb ...
2026-10-08T14:18:10.1656053Z #9 5.969 Unpacking libxpm4:amd64 (1:3.5.12-1.1+deb12u1) ...
2026-10-08T14:18:10.1656538Z #9 5.982 Selecting previously unselected package libxaw7:amd64.
2026-10-08T14:18:10.1657018Z #9 5.982 Preparing to unpack .../056-libxaw7_2%3a1.0.14-1_amd64.deb ...
2026-10-08T14:18:10.1657427Z #9 5.983 Unpacking libxaw7:amd64 (2:1.0.14-1) ...
2026-10-08T14:18:10.1657828Z #9 6.004 Selecting previously unselected package libxcb-shape0:amd64.
2026-10-08T14:18:10.1658566Z #9 6.004 Preparing to unpack .../057-libxcb-shape0_1.15-1_amd64.deb ...
2026-10-08T14:18:10.1659177Z #9 6.005 Unpacking libxcb-shape0:amd64 (1.15-1) ...
2026-10-08T14:18:10.1659613Z #9 6.020 Selecting previously unselected package libxcomposite1:amd64.
2026-10-08T14:18:10.1659994Z #9 6.020 Preparing to unpack .../058-libxcomposite1_1%3a0.4.5-1_amd64.deb ...
2026-10-08T14:18:10.1660351Z #9 6.021 Unpacking libxcomposite1:amd64 (1:0.4.5-1) ...
2026-10-08T14:18:10.1660745Z #9 6.032 Selecting previously unselected package libxrender1:amd64.
2026-10-08T14:18:10.1661173Z #9 6.032 Preparing to unpack .../059-libxrender1_1%3a0.9.10-1.1_amd64.deb ...
2026-10-08T14:18:10.1661595Z #9 6.033 Unpacking libxrender1:amd64 (1:0.9.10-1.1) ...
2026-10-08T14:18:10.1661902Z #9 6.045 Selecting previously unselected package libxft2:amd64.
2026-10-08T14:18:10.1662217Z #9 6.045 Preparing to unpack .../060-libxft2_2.3.6-1_amd64.deb ...
2026-10-08T14:18:10.1662490Z #9 6.046 Unpacking libxft2:amd64 (2.3.6-1) ...
2026-10-08T14:18:10.1662778Z #9 6.059 Selecting previously unselected package libxi6:amd64.
2026-10-08T14:18:10.2712919Z #9 6.060 Preparing to unpack .../061-libxi6_2%3a1.8-1+b1_amd64.deb ...
2026-10-08T14:18:10.2713356Z #9 6.061 Unpacking libxi6:amd64 (2:1.8-1+b1) ...
2026-10-08T14:18:10.2713673Z #9 6.074 Selecting previously unselected package libxinerama1:amd64.
2026-10-08T14:18:10.2714084Z #9 6.075 Preparing to unpack .../062-libxinerama1_2%3a1.1.4-3_amd64.deb ...
2026-10-08T14:18:10.2714400Z #9 6.076 Unpacking libxinerama1:amd64 (2:1.1.4-3) ...
2026-10-08T14:18:10.2715066Z #9 6.087 Selecting previously unselected package libxkbfile1:amd64.
2026-10-08T14:18:10.2715594Z #9 6.087 Preparing to unpack .../063-libxkbfile1_1%3a1.1.0-1_amd64.deb ...
2026-10-08T14:18:10.2716054Z #9 6.088 Unpacking libxkbfile1:amd64 (1:1.1.0-1) ...
2026-10-08T14:18:10.2716494Z #9 6.102 Selecting previously unselected package libxmuu1:amd64.
2026-10-08T14:18:10.2717026Z #9 6.102 Preparing to unpack .../064-libxmuu1_2%3a1.1.3-3_amd64.deb ...
2026-10-08T14:18:10.2717463Z #9 6.103 Unpacking libxmuu1:amd64 (2:1.1.3-3) ...
2026-10-08T14:18:10.2717861Z #9 6.115 Selecting previously unselected package libxrandr2:amd64.
2026-10-08T14:18:10.2718374Z #9 6.115 Preparing to unpack .../065-libxrandr2_2%3a1.5.2-2+b1_amd64.deb ...
2026-10-08T14:18:10.2718689Z #9 6.116 Unpacking libxrandr2:amd64 (2:1.5.2-2+b1) ...
2026-10-08T14:18:10.2719167Z #9 6.128 Selecting previously unselected package libxtst6:amd64.
2026-10-08T14:18:10.2719496Z #9 6.128 Preparing to unpack .../066-libxtst6_2%3a1.2.3-1.1_amd64.deb ...
2026-10-08T14:18:10.2719832Z #9 6.129 Unpacking libxtst6:amd64 (2:1.2.3-1.1) ...
2026-10-08T14:18:10.2720196Z #9 6.140 Selecting previously unselected package libxv1:amd64.
2026-10-08T14:18:10.2720519Z #9 6.141 Preparing to unpack .../067-libxv1_2%3a1.0.11-1.1_amd64.deb ...
2026-10-08T14:18:10.2720952Z #9 6.142 Unpacking libxv1:amd64 (2:1.0.11-1.1) ...
2026-10-08T14:18:10.2721259Z #9 6.152 Selecting previously unselected package libxxf86dga1:amd64.
2026-10-08T14:18:10.2721609Z #9 6.153 Preparing to unpack .../068-libxxf86dga1_2%3a1.1.5-1_amd64.deb ...
2026-10-08T14:18:10.2721917Z #9 6.154 Unpacking libxxf86dga1:amd64 (2:1.1.5-1) ...
2026-10-08T14:18:10.2722268Z #9 6.165 Selecting previously unselected package x11-utils.
2026-10-08T14:18:10.4597611Z #9 6.166 Preparing to unpack .../069-x11-utils_7.7+5_amd64.deb ...
2026-10-08T14:18:10.4599110Z #9 6.167 Unpacking x11-utils (7.7+5) ...
2026-10-08T14:18:10.4599864Z #9 6.187 Selecting previously unselected package xdg-utils.
2026-10-08T14:18:10.4600532Z #9 6.188 Preparing to unpack .../070-xdg-utils_1.1.3-4.1_all.deb ...
2026-10-08T14:18:10.4601070Z #9 6.188 Unpacking xdg-utils (1.1.3-4.1) ...
2026-10-08T14:18:10.4601798Z #9 6.202 Selecting previously unselected package chromium-common.
2026-10-08T14:18:10.4602534Z #9 6.203 Preparing to unpack .../071-chromium-common_154.0.8037.92-1~deb12u1_amd64.deb ...
2026-10-08T14:18:10.4603210Z #9 6.203 Unpacking chromium-common (154.0.8037.92-1~deb12u1) ...
2026-10-08T14:18:10.7820227Z #9 6.676 Selecting previously unselected package libasound2-data.
2026-10-08T14:18:10.9155823Z #9 6.677 Preparing to unpack .../072-libasound2-data_1.2.8-1_all.deb ...
2026-10-08T14:18:10.9156196Z #9 6.678 Unpacking libasound2-data (1.2.8-1) ...
2026-10-08T14:18:10.9156501Z #9 6.693 Selecting previously unselected package libasound2:amd64.
2026-10-08T14:18:10.9156840Z #9 6.693 Preparing to unpack .../073-libasound2_1.2.8-1+b1_amd64.deb ...
2026-10-08T14:18:10.9157146Z #9 6.694 Unpacking libasound2:amd64 (1.2.8-1+b1) ...
2026-10-08T14:18:10.9157472Z #9 6.724 Selecting previously unselected package libglib2.0-0:amd64.
2026-10-08T14:18:10.9157834Z #9 6.725 Preparing to unpack .../074-libglib2.0-0_2.74.6-2+deb12u9_amd64.deb ...
2026-10-08T14:18:10.9158156Z #9 6.733 Unpacking libglib2.0-0:amd64 (2.74.6-2+deb12u9) ...
2026-10-08T14:18:10.9158466Z #9 6.810 Selecting previously unselected package libatk1.0-0:amd64.
2026-10-08T14:18:11.0162988Z #9 6.810 Preparing to unpack .../075-libatk1.0-0_2.46.0-5_amd64.deb ...
2026-10-08T14:18:11.0163623Z #9 6.811 Unpacking libatk1.0-0:amd64 (2.46.0-5) ...
2026-10-08T14:18:11.0164564Z #9 6.824 Selecting previously unselected package libdbus-1-3:amd64.
2026-10-08T14:18:11.0165151Z #9 6.825 Preparing to unpack .../076-libdbus-1-3_1.14.10-1~deb12u1_amd64.deb ...
2026-10-08T14:18:11.0165620Z #9 6.825 Unpacking libdbus-1-3:amd64 (1.14.10-1~deb12u1) ...
2026-10-08T14:18:11.0166092Z #9 6.845 Selecting previously unselected package libatspi2.0-0:amd64.
2026-10-08T14:18:11.0166603Z #9 6.846 Preparing to unpack .../077-libatspi2.0-0_2.46.0-5_amd64.deb ...
2026-10-08T14:18:11.0167376Z #9 6.847 Unpacking libatspi2.0-0:amd64 (2.46.0-5) ...
2026-10-08T14:18:11.0167747Z #9 6.860 Selecting previously unselected package libdav1d6:amd64.
2026-10-08T14:18:11.0168188Z #9 6.861 Preparing to unpack .../078-libdav1d6_1.0.0-2+deb12u1_amd64.deb ...
2026-10-08T14:18:11.0168559Z #9 6.862 Unpacking libdav1d6:amd64 (1.0.0-2+deb12u1) ...
2026-10-08T14:18:11.0169206Z #9 6.897 Selecting previously unselected package libdouble-conversion3:amd64.
2026-10-08T14:18:11.0169625Z #9 6.897 Preparing to unpack .../079-libdouble-conversion3_3.2.1-1_amd64.deb ...
2026-10-08T14:18:11.0169963Z #9 6.898 Unpacking libdouble-conversion3:amd64 (3.2.1-1) ...
2026-10-08T14:18:11.0170338Z #9 6.910 Selecting previously unselected package libogg0:amd64.
2026-10-08T14:18:11.1400088Z #9 6.911 Preparing to unpack .../080-libogg0_1.3.5-3_amd64.deb ...
2026-10-08T14:18:11.1400469Z #9 6.912 Unpacking libogg0:amd64 (1.3.5-3) ...
2026-10-08T14:18:11.1400785Z #9 6.923 Selecting previously unselected package libflac12:amd64.
2026-10-08T14:18:11.1401162Z #9 6.924 Preparing to unpack .../081-libflac12_1.4.2+ds-2_amd64.deb ...
2026-10-08T14:18:11.1401467Z #9 6.925 Unpacking libflac12:amd64 (1.4.2+ds-2) ...
2026-10-08T14:18:11.1401793Z #9 6.946 Selecting previously unselected package libwayland-server0:amd64.
2026-10-08T14:18:11.1402178Z #9 6.946 Preparing to unpack .../082-libwayland-server0_1.21.0-1_amd64.deb ...
2026-10-08T14:18:11.1402536Z #9 6.947 Unpacking libwayland-server0:amd64 (1.21.0-1) ...
2026-10-08T14:18:11.1402853Z #9 6.963 Selecting previously unselected package libgbm1:amd64.
2026-10-08T14:18:11.1403197Z #9 6.963 Preparing to unpack .../083-libgbm1_22.3.6-1+deb12u2_amd64.deb ...
2026-10-08T14:18:11.1403514Z #9 7.034 Unpacking libgbm1:amd64 (22.3.6-1+deb12u2) ...
2026-10-08T14:18:11.2481837Z #9 7.047 Selecting previously unselected package libgraphite2-3:amd64.
2026-10-08T14:18:11.2482379Z #9 7.047 Preparing to unpack .../084-libgraphite2-3_1.3.14-1+deb12u1_amd64.deb ...
2026-10-08T14:18:11.2482772Z #9 7.048 Unpacking libgraphite2-3:amd64 (1.3.14-1+deb12u1) ...
2026-10-08T14:18:11.2483099Z #9 7.062 Selecting previously unselected package libharfbuzz0b:amd64.
2026-10-08T14:18:11.2483468Z #9 7.063 Preparing to unpack .../085-libharfbuzz0b_6.0.0+dfsg-3_amd64.deb ...
2026-10-08T14:18:11.2483790Z #9 7.064 Unpacking libharfbuzz0b:amd64 (6.0.0+dfsg-3) ...
2026-10-08T14:18:11.2484497Z #9 7.104 Selecting previously unselected package libharfbuzz-subset0:amd64.
2026-10-08T14:18:11.2485034Z #9 7.104 Preparing to unpack .../086-libharfbuzz-subset0_6.0.0+dfsg-3_amd64.deb ...
2026-10-08T14:18:11.2485552Z #9 7.105 Unpacking libharfbuzz-subset0:amd64 (6.0.0+dfsg-3) ...
2026-10-08T14:18:11.2486043Z #9 7.142 Selecting previously unselected package libjpeg62-turbo:amd64.
2026-10-08T14:18:11.4148046Z #9 7.143 Preparing to unpack .../087-libjpeg62-turbo_1%3a2.1.5-2_amd64.deb ...
2026-10-08T14:18:11.4148507Z #9 7.144 Unpacking libjpeg62-turbo:amd64 (1:2.1.5-2) ...
2026-10-08T14:18:11.4149011Z #9 7.162 Selecting previously unselected package libminizip1:amd64.
2026-10-08T14:18:11.4149466Z #9 7.162 Preparing to unpack .../088-libminizip1_1.1-8+deb12u1_amd64.deb ...
2026-10-08T14:18:11.4149832Z #9 7.163 Unpacking libminizip1:amd64 (1.1-8+deb12u1) ...
2026-10-08T14:18:11.4150137Z #9 7.174 Selecting previously unselected package libnspr4:amd64.
2026-10-08T14:18:11.4150472Z #9 7.175 Preparing to unpack .../089-libnspr4_2%3a4.35-1_amd64.deb ...
2026-10-08T14:18:11.4150796Z #9 7.176 Unpacking libnspr4:amd64 (2:4.35-1) ...
2026-10-08T14:18:11.4151201Z #9 7.192 Selecting previously unselected package libsqlite3-0:amd64.
2026-10-08T14:18:11.4151782Z #9 7.192 Preparing to unpack .../090-libsqlite3-0_3.40.1-2+deb12u2_amd64.deb ...
2026-10-08T14:18:11.4152232Z #9 7.193 Unpacking libsqlite3-0:amd64 (3.40.1-2+deb12u2) ...
2026-10-08T14:18:11.4152667Z #9 7.233 Selecting previously unselected package libnss3:amd64.
2026-10-08T14:18:11.4153192Z #9 7.234 Preparing to unpack .../091-libnss3_2%3a3.87.1-1+deb12u4_amd64.deb ...
2026-10-08T14:18:11.4153820Z #9 7.235 Unpacking libnss3:amd64 (2:3.87.1-1+deb12u4) ...
2026-10-08T14:18:11.4154260Z #9 7.309 Selecting previously unselected package libopenh264-7:amd64.
2026-10-08T14:18:11.5235634Z #9 7.309 Preparing to unpack .../092-libopenh264-7_2.3.1+dfsg-3+deb12u2_amd64.deb ...
2026-10-08T14:18:11.5236177Z #9 7.310 Unpacking libopenh264-7:amd64 (2.3.1+dfsg-3+deb12u2) ...
2026-10-08T14:18:11.5236677Z #9 7.340 Selecting previously unselected package libopus0:amd64.
2026-10-08T14:18:11.5237132Z #9 7.341 Preparing to unpack .../093-libopus0_1.3.1-3_amd64.deb ...
2026-10-08T14:18:11.5237555Z #9 7.342 Unpacking libopus0:amd64 (1.3.1-3) ...
2026-10-08T14:18:11.5238029Z #9 7.361 Selecting previously unselected package libasyncns0:amd64.
2026-10-08T14:18:11.5238761Z #9 7.362 Preparing to unpack .../094-libasyncns0_0.8-6+b3_amd64.deb ...
2026-10-08T14:18:11.5239469Z #9 7.363 Unpacking libasyncns0:amd64 (0.8-6+b3) ...
2026-10-08T14:18:11.5239925Z #9 7.374 Selecting previously unselected package libmp3lame0:amd64.
2026-10-08T14:18:11.5240432Z #9 7.374 Preparing to unpack .../095-libmp3lame0_3.100-6_amd64.deb ...
2026-10-08T14:18:11.5240978Z #9 7.375 Unpacking libmp3lame0:amd64 (3.100-6) ...
2026-10-08T14:18:11.5241423Z #9 7.398 Selecting previously unselected package libmpg123-0:amd64.
2026-10-08T14:18:11.5241912Z #9 7.399 Preparing to unpack .../096-libmpg123-0_1.31.2-1+deb12u1_amd64.deb ...
2026-10-08T14:18:11.5242413Z #9 7.399 Unpacking libmpg123-0:amd64 (1.31.2-1+deb12u1) ...
2026-10-08T14:18:11.5242907Z #9 7.418 Selecting previously unselected package libvorbis0a:amd64.
2026-10-08T14:18:11.6849801Z #9 7.420 Preparing to unpack .../097-libvorbis0a_1.3.7-1_amd64.deb ...
2026-10-08T14:18:11.6850284Z #9 7.420 Unpacking libvorbis0a:amd64 (1.3.7-1) ...
2026-10-08T14:18:11.6850706Z #9 7.435 Selecting previously unselected package libvorbisenc2:amd64.
2026-10-08T14:18:11.6851103Z #9 7.435 Preparing to unpack .../098-libvorbisenc2_1.3.7-1_amd64.deb ...
2026-10-08T14:18:11.6851410Z #9 7.436 Unpacking libvorbisenc2:amd64 (1.3.7-1) ...
2026-10-08T14:18:11.6851737Z #9 7.452 Selecting previously unselected package libsndfile1:amd64.
2026-10-08T14:18:11.6852102Z #9 7.452 Preparing to unpack .../099-libsndfile1_1.2.0-1+deb12u1_amd64.deb ...
2026-10-08T14:18:11.6852465Z #9 7.453 Unpacking libsndfile1:amd64 (1.2.0-1+deb12u1) ...
2026-10-08T14:18:11.6852897Z #9 7.476 Selecting previously unselected package libpulse0:amd64.
2026-10-08T14:18:11.6853890Z #9 7.476 Preparing to unpack .../100-libpulse0_16.1+dfsg1-2+b1_amd64.deb ...
2026-10-08T14:18:11.6854305Z #9 7.480 Unpacking libpulse0:amd64 (16.1+dfsg1-2+b1) ...
2026-10-08T14:18:11.6854839Z #9 7.504 Selecting previously unselected package libxdamage1:amd64.
2026-10-08T14:18:11.6855277Z #9 7.505 Preparing to unpack .../101-libxdamage1_1%3a1.1.6-1_amd64.deb ...
2026-10-08T14:18:11.6855605Z #9 7.505 Unpacking libxdamage1:amd64 (1:1.1.6-1) ...
2026-10-08T14:18:11.6855978Z #9 7.515 Selecting previously unselected package xkb-data.
2026-10-08T14:18:11.6856356Z #9 7.516 Preparing to unpack .../102-xkb-data_2.35.1-1_all.deb ...
2026-10-08T14:18:11.6856637Z #9 7.517 Unpacking xkb-data (2.35.1-1) ...
2026-10-08T14:18:11.6856927Z #9 7.579 Selecting previously unselected package libxkbcommon0:amd64.
2026-10-08T14:18:11.8671272Z #9 7.580 Preparing to unpack .../103-libxkbcommon0_1.5.0-1_amd64.deb ...
2026-10-08T14:18:11.8671834Z #9 7.580 Unpacking libxkbcommon0:amd64 (1.5.0-1) ...
2026-10-08T14:18:11.8672369Z #9 7.597 Selecting previously unselected package libxnvctrl0:amd64.
2026-10-08T14:18:11.8672965Z #9 7.598 Preparing to unpack .../104-libxnvctrl0_525.85.05-3~deb12u1_amd64.deb ...
2026-10-08T14:18:11.8673519Z #9 7.599 Unpacking libxnvctrl0:amd64 (525.85.05-3~deb12u1) ...
2026-10-08T14:18:11.8674068Z #9 7.609 Selecting previously unselected package chromium-headless-shell.
2026-10-08T14:18:11.8674766Z #9 7.609 Preparing to unpack .../105-chromium-headless-shell_154.0.8037.92-1~deb12u1_amd64.deb ...
2026-10-08T14:18:11.8675414Z #9 7.611 Unpacking chromium-headless-shell (154.0.8037.92-1~deb12u1) ...
2026-10-08T14:18:12.8239221Z #9 8.718 Selecting previously unselected package tini.
2026-10-08T14:18:12.9572589Z #9 8.719 Preparing to unpack .../106-tini_0.19.0-1+b3_amd64.deb ...
2026-10-08T14:18:12.9573530Z #9 8.720 Unpacking tini (0.19.0-1+b3) ...
2026-10-08T14:18:12.9573992Z #9 8.763 Setting up libexpat1:amd64 (2.5.0-1+deb12u4) ...
2026-10-08T14:18:12.9574408Z #9 8.765 Setting up bubblewrap (0.8.0-2+deb12u1) ...
2026-10-08T14:18:12.9574837Z #9 8.769 Setting up libgraphite2-3:amd64 (1.3.14-1+deb12u1) ...
2026-10-08T14:18:12.9575205Z #9 8.771 Setting up libwayland-server0:amd64 (1.21.0-1) ...
2026-10-08T14:18:12.9575558Z #9 8.773 Setting up libpciaccess0:amd64 (0.17-2) ...
2026-10-08T14:18:12.9575890Z #9 8.776 Setting up libxau6:amd64 (1:1.0.9-1) ...
2026-10-08T14:18:12.9576250Z #9 8.777 Setting up libdouble-conversion3:amd64 (3.2.1-1) ...
2026-10-08T14:18:12.9576595Z #9 8.779 Setting up libicu72:amd64 (72.1-3+deb12u1) ...
2026-10-08T14:18:12.9576956Z #9 8.782 Setting up libmpg123-0:amd64 (1.31.2-1+deb12u1) ...
2026-10-08T14:18:12.9577311Z #9 8.784 Setting up libogg0:amd64 (1.3.5-3) ...
2026-10-08T14:18:12.9577655Z #9 8.786 Setting up libminizip1:amd64 (1.1-8+deb12u1) ...
2026-10-08T14:18:12.9578022Z #9 8.788 Setting up libglib2.0-0:amd64 (2.74.6-2+deb12u9) ...
2026-10-08T14:18:12.9578368Z #9 8.793 No schema files found: doing nothing.
2026-10-08T14:18:12.9578686Z #9 8.795 Setting up libglvnd0:amd64 (1.6.0-1) ...
2026-10-08T14:18:12.9579180Z #9 8.797 Setting up libbrotli1:amd64 (1.0.9-2+b6) ...
2026-10-08T14:18:12.9579467Z #9 8.799 Setting up libsqlite3-0:amd64 (3.40.1-2+deb12u2) ...
2026-10-08T14:18:12.9579725Z #9 8.802 Setting up x11-common (1:7.7+23) ...
2026-10-08T14:18:12.9579983Z #9 8.851 debconf: unable to initialize frontend: Dialog
2026-10-08T14:18:12.9580313Z #9 8.851 debconf: (TERM is not set, so the dialog frontend is not usable.)
2026-10-08T14:18:12.9580614Z #9 8.851 debconf: falling back to frontend: Readline
2026-10-08T14:18:13.0589234Z #9 8.851 debconf: unable to initialize frontend: Readline
2026-10-08T14:18:13.0591189Z #9 8.851 debconf: (Can't locate Term/ReadLine.pm in @INC (you may need to install the Term::ReadLine module) (@INC contains: /etc/perl /usr/local/lib/x86_64-linux-gnu/perl/5.36.0 /usr/local/share/perl/5.36.0 /usr/lib/x86_64-linux-gnu/perl5/5.36 /usr/share/perl5 /usr/lib/x86_64-linux-gnu/perl-base /usr/lib/x86_64-linux-gnu/perl/5.36 /usr/share/perl/5.36 /usr/local/lib/site_perl) at /usr/share/perl5/Debconf/FrontEnd/Readline.pm line 7.)
2026-10-08T14:18:13.0596065Z #9 8.851 debconf: falling back to frontend: Teletype
2026-10-08T14:18:13.0596438Z #9 8.861 invoke-rc.d: could not determine current runlevel
2026-10-08T14:18:13.0596746Z #9 8.863 invoke-rc.d: policy-rc.d denied execution of restart.
2026-10-08T14:18:13.0597060Z #9 8.866 Setting up libsensors-config (1:3.6.0-7.1) ...
2026-10-08T14:18:13.0597330Z #9 8.870 Setting up xkb-data (2.35.1-1) ...
2026-10-08T14:18:13.0597643Z #9 8.873 Setting up libasound2-data (1.2.8-1) ...
2026-10-08T14:18:13.0597922Z #9 8.875 Setting up libfontenc1:amd64 (1:1.1.4-1) ...
2026-10-08T14:18:13.0598175Z #9 8.877 Setting up libz3-4:amd64 (4.8.12-3.1) ...
2026-10-08T14:18:13.0598435Z #9 8.879 Setting up libflac12:amd64 (1.4.2+ds-2) ...
2026-10-08T14:18:13.0598717Z #9 8.882 Setting up libjpeg62-turbo:amd64 (1:2.1.5-2) ...
2026-10-08T14:18:13.0599183Z #9 8.884 Setting up libx11-data (2:1.8.4-2+deb12u2) ...
2026-10-08T14:18:13.0599458Z #9 8.886 Setting up libnspr4:amd64 (2:4.35-1) ...
2026-10-08T14:18:13.0599739Z #9 8.889 Setting up libdbus-1-3:amd64 (1.14.10-1~deb12u1) ...
2026-10-08T14:18:13.0600011Z #9 8.891 Setting up libopus0:amd64 (1.3.1-3) ...
2026-10-08T14:18:13.0600378Z #9 8.894 Setting up libpng16-16:amd64 (1.6.39-2+deb12u6) ...
2026-10-08T14:18:13.0600663Z #9 8.896 Setting up libvorbis0a:amd64 (1.3.7-1) ...
2026-10-08T14:18:13.0600902Z #9 8.898 Setting up tini (0.19.0-1+b3) ...
2026-10-08T14:18:13.0601142Z #9 8.900 Setting up fonts-dejavu-core (2.37-6) ...
2026-10-08T14:18:13.0601401Z #9 8.912 Setting up libsensors5:amd64 (1:3.6.0-7.1) ...
2026-10-08T14:18:13.0601787Z #9 8.915 Setting up libdav1d6:amd64 (1.0.0-2+deb12u1) ...
2026-10-08T14:18:13.0602072Z #9 8.917 Setting up libglapi-mesa:amd64 (22.3.6-1+deb12u2) ...
2026-10-08T14:18:13.0602424Z #9 8.919 Setting up libopenh264-7:amd64 (2.3.1+dfsg-3+deb12u2) ...
2026-10-08T14:18:13.0602733Z #9 8.921 Setting up libasyncns0:amd64 (0.8-6+b3) ...
2026-10-08T14:18:13.0602989Z #9 8.923 Setting up libxshmfence1:amd64 (1.3-1) ...
2026-10-08T14:18:13.0603243Z #9 8.925 Setting up at-spi2-common (2.46.0-5) ...
2026-10-08T14:18:13.0603501Z #9 8.927 Setting up libasound2:amd64 (1.2.8-1+b1) ...
2026-10-08T14:18:13.0603758Z #9 8.930 Setting up libatk1.0-0:amd64 (2.46.0-5) ...
2026-10-08T14:18:13.0604001Z #9 8.932 Setting up libbsd0:amd64 (0.11.7-2) ...
2026-10-08T14:18:13.0604312Z #9 8.935 Setting up libdrm-common (2.4.114-1) ...
2026-10-08T14:18:13.0604562Z #9 8.937 Setting up libelf1:amd64 (0.188-2.1) ...
2026-10-08T14:18:13.0604837Z #9 8.939 Setting up libxml2:amd64 (2.9.14+dfsg-1.3~deb12u6) ...
2026-10-08T14:18:13.0605105Z #9 8.941 Setting up xdg-utils (1.1.3-4.1) ...
2026-10-08T14:18:13.0605494Z #9 8.944 update-alternatives: using /usr/bin/xdg-open to provide /usr/bin/open (open) in auto mode
2026-10-08T14:18:13.0606188Z #9 8.944 update-alternatives: warning: skip creation of /usr/share/man/man1/open.1.gz because associated file /usr/share/man/man1/xdg-open.1.gz (of link group open) doesn't exist
2026-10-08T14:18:13.0606702Z #9 8.946 Setting up libmp3lame0:amd64 (3.100-6) ...
2026-10-08T14:18:13.0606962Z #9 8.948 Setting up libvorbisenc2:amd64 (1.3.7-1) ...
2026-10-08T14:18:13.0607219Z #9 8.951 Setting up libxkbcommon0:amd64 (1.5.0-1) ...
2026-10-08T14:18:13.0607529Z #9 8.953 Setting up libice6:amd64 (2:1.0.10-1) ...
2026-10-08T14:18:13.1844153Z #9 8.956 Setting up libxdmcp6:amd64 (1:1.1.2-3) ...
2026-10-08T14:18:13.1844534Z #9 8.958 Setting up libxcb1:amd64 (1.15-1) ...
2026-10-08T14:18:13.1844876Z #9 8.960 Setting up libxcb-xfixes0:amd64 (1.15-1) ...
2026-10-08T14:18:13.1845203Z #9 8.963 Setting up fontconfig-config (2.14.1-4) ...
2026-10-08T14:18:13.1845502Z #9 9.003 debconf: unable to initialize frontend: Dialog
2026-10-08T14:18:13.1845820Z #9 9.003 debconf: (TERM is not set, so the dialog frontend is not usable.)
2026-10-08T14:18:13.1846125Z #9 9.003 debconf: falling back to frontend: Readline
2026-10-08T14:18:13.1846410Z #9 9.003 debconf: unable to initialize frontend: Readline
2026-10-08T14:18:13.1847973Z #9 9.003 debconf: (Can't locate Term/ReadLine.pm in @INC (you may need to install the Term::ReadLine module) (@INC contains: /etc/perl /usr/local/lib/x86_64-linux-gnu/perl/5.36.0 /usr/local/share/perl/5.36.0 /usr/lib/x86_64-linux-gnu/perl5/5.36 /usr/share/perl5 /usr/lib/x86_64-linux-gnu/perl-base /usr/lib/x86_64-linux-gnu/perl/5.36 /usr/share/perl/5.36 /usr/local/lib/site_perl) at /usr/share/perl5/Debconf/FrontEnd/Readline.pm line 7.)
2026-10-08T14:18:13.1849315Z #9 9.003 debconf: falling back to frontend: Teletype
2026-10-08T14:18:13.1849581Z #9 9.079 Setting up libxcb-glx0:amd64 (1.15-1) ...
2026-10-08T14:18:13.3019458Z #9 9.081 Setting up libedit2:amd64 (3.1-20221030-2) ...
2026-10-08T14:18:13.3019971Z #9 9.084 Setting up libxcb-shape0:amd64 (1.15-1) ...
2026-10-08T14:18:13.3020355Z #9 9.086 Setting up libnss3:amd64 (2:3.87.1-1+deb12u4) ...
2026-10-08T14:18:13.3020739Z #9 9.088 Setting up libxcb-shm0:amd64 (1.15-1) ...
2026-10-08T14:18:13.3021089Z #9 9.091 Setting up libxcb-present0:amd64 (1.15-1) ...
2026-10-08T14:18:13.3021473Z #9 9.093 Setting up libfreetype6:amd64 (2.12.1+dfsg-5+deb12u4) ...
2026-10-08T14:18:13.3021759Z #9 9.096 Setting up libxcb-sync1:amd64 (1.15-1) ...
2026-10-08T14:18:13.3022024Z #9 9.098 Setting up libxcb-dri2-0:amd64 (1.15-1) ...
2026-10-08T14:18:13.3022275Z #9 9.100 Setting up libdrm2:amd64 (2.4.114-1+b1) ...
2026-10-08T14:18:13.3022527Z #9 9.102 Setting up libxcb-randr0:amd64 (1.15-1) ...
2026-10-08T14:18:13.3022805Z #9 9.104 Setting up libllvm15:amd64 (1:15.0.6-4+b1) ...
2026-10-08T14:18:13.3023076Z #9 9.107 Setting up libx11-6:amd64 (2:1.8.4-2+deb12u2) ...
2026-10-08T14:18:13.3027634Z #9 9.109 Setting up libharfbuzz0b:amd64 (6.0.0+dfsg-3) ...
2026-10-08T14:18:13.3027910Z #9 9.112 Setting up libfontconfig1:amd64 (2.14.1-4) ...
2026-10-08T14:18:13.3028191Z #9 9.115 Setting up libsndfile1:amd64 (1.2.0-1+deb12u1) ...
2026-10-08T14:18:13.3028552Z #9 9.117 Setting up libxkbfile1:amd64 (1:1.1.0-1) ...
2026-10-08T14:18:13.3028987Z #9 9.120 Setting up libxcomposite1:amd64 (1:0.4.5-1) ...
2026-10-08T14:18:13.3029269Z #9 9.122 Setting up libsm6:amd64 (2:1.2.3-1) ...
2026-10-08T14:18:13.3029522Z #9 9.125 Setting up libxmuu1:amd64 (2:1.1.3-3) ...
2026-10-08T14:18:13.3029837Z #9 9.127 Setting up libdrm-amdgpu1:amd64 (2.4.114-1+b1) ...
2026-10-08T14:18:13.3030105Z #9 9.196 Setting up libxcb-dri3-0:amd64 (1.15-1) ...
2026-10-08T14:18:13.5474396Z #9 9.198 Setting up libx11-xcb1:amd64 (2:1.8.4-2+deb12u2) ...
2026-10-08T14:18:13.5474842Z #9 9.200 Setting up libdrm-nouveau2:amd64 (2.4.114-1+b1) ...
2026-10-08T14:18:13.5475196Z #9 9.203 Setting up libxdamage1:amd64 (1:1.1.6-1) ...
2026-10-08T14:18:13.5475515Z #9 9.205 Setting up libxpm4:amd64 (1:3.5.12-1.1+deb12u1) ...
2026-10-08T14:18:13.5475798Z #9 9.208 Setting up libxrender1:amd64 (1:0.9.10-1.1) ...
2026-10-08T14:18:13.5476075Z #9 9.210 Setting up libgbm1:amd64 (22.3.6-1+deb12u2) ...
2026-10-08T14:18:13.5476345Z #9 9.212 Setting up libpulse0:amd64 (16.1+dfsg1-2+b1) ...
2026-10-08T14:18:13.5476626Z #9 9.218 Setting up libdrm-radeon1:amd64 (2.4.114-1+b1) ...
2026-10-08T14:18:13.5476971Z #9 9.221 Setting up libdrm-intel1:amd64 (2.4.114-1+b1) ...
2026-10-08T14:18:13.5477272Z #9 9.223 Setting up libgl1-mesa-dri:amd64 (22.3.6-1+deb12u2) ...
2026-10-08T14:18:13.5477584Z #9 9.229 Setting up libxext6:amd64 (2:1.3.4-1+b1) ...
2026-10-08T14:18:13.5477849Z #9 9.231 Setting up libxxf86vm1:amd64 (1:1.1.4-1+b2) ...
2026-10-08T14:18:13.5478130Z #9 9.234 Setting up libxnvctrl0:amd64 (525.85.05-3~deb12u1) ...
2026-10-08T14:18:13.5478405Z #9 9.236 Setting up libxfixes3:amd64 (1:6.0.0-2) ...
2026-10-08T14:18:13.5478666Z #9 9.239 Setting up libxinerama1:amd64 (2:1.1.4-3) ...
2026-10-08T14:18:13.5479547Z #9 9.241 Setting up libxv1:amd64 (2:1.0.11-1.1) ...
2026-10-08T14:18:13.5479820Z #9 9.243 Setting up libxrandr2:amd64 (2:1.5.2-2+b1) ...
2026-10-08T14:18:13.5480075Z #9 9.246 Setting up libxt6:amd64 (1:1.2.1-1.1) ...
2026-10-08T14:18:13.5480357Z #9 9.248 Setting up libharfbuzz-subset0:amd64 (6.0.0+dfsg-3) ...
2026-10-08T14:18:13.5480632Z #9 9.250 Setting up libxft2:amd64 (2.3.6-1) ...
2026-10-08T14:18:13.5481089Z #9 9.252 Setting up libxmu6:amd64 (2:1.1.3-3) ...
2026-10-08T14:18:13.5481369Z #9 9.255 Setting up libglx-mesa0:amd64 (22.3.6-1+deb12u2) ...
2026-10-08T14:18:13.5481652Z #9 9.257 Setting up libxi6:amd64 (2:1.8-1+b1) ...
2026-10-08T14:18:13.5481887Z #9 9.259 Setting up libglx0:amd64 (1.6.0-1) ...
2026-10-08T14:18:13.5482136Z #9 9.262 Setting up libxtst6:amd64 (2:1.2.3-1.1) ...
2026-10-08T14:18:13.5482392Z #9 9.264 Setting up libxxf86dga1:amd64 (2:1.1.5-1) ...
2026-10-08T14:18:13.5482638Z #9 9.267 Setting up libxaw7:amd64 (2:1.0.14-1) ...
2026-10-08T14:18:13.5482901Z #9 9.269 Setting up libatspi2.0-0:amd64 (2.46.0-5) ...
2026-10-08T14:18:13.5483148Z #9 9.272 Setting up libgl1:amd64 (1.6.0-1) ...
2026-10-08T14:18:13.5483377Z #9 9.276 Setting up x11-utils (7.7+5) ...
2026-10-08T14:18:13.5483645Z #9 9.286 Setting up chromium-common (154.0.8037.92-1~deb12u1) ...
2026-10-08T14:18:13.5483972Z #9 9.289 Setting up chromium-headless-shell (154.0.8037.92-1~deb12u1) ...
2026-10-08T14:18:13.5484305Z #9 9.291 Processing triggers for libc-bin (2.36-9+deb12u14) ...
2026-10-08T14:18:15.8775228Z #9 DONE 11.8s
2026-10-08T14:18:16.0190032Z 
2026-10-08T14:18:16.0190602Z #10 [ 5/11] COPY package.json pnpm-lock.yaml pnpm-workspace.yaml ./
2026-10-08T14:18:16.0190979Z #10 DONE 0.0s
2026-10-08T14:18:16.0191096Z 
2026-10-08T14:18:16.0191262Z #11 [ 6/11] RUN pnpm install --frozen-lockfile
2026-10-08T14:18:16.0191807Z #11 0.128 ! Corepack is about to download https://registry.npmjs.org/pnpm/-/pnpm-10.18.3.tgz
2026-10-08T14:18:16.9546339Z #11 1.065 Lockfile is up to date, resolution step is skipped
2026-10-08T14:18:17.1590290Z #11 1.089 Progress: resolved 1, reused 0, downloaded 0, added 0
2026-10-08T14:18:17.1590914Z #11 1.118 Packages: +408
2026-10-08T14:18:17.1591418Z #11 1.118 ++++++++++++++++++++++++++++++++++++++++++++++++++++++++++++++++++++++++++++++++
2026-10-08T14:18:17.2441825Z #11 1.354 
2026-10-08T14:18:17.2443326Z #11 1.354    ╭───────────────────────────────────────────────╮
2026-10-08T14:18:17.2443704Z #11 1.354    │                                               │
2026-10-08T14:18:17.2444067Z #11 1.354    │     Update available! 10.18.3 → 12.10.1.      │
2026-10-08T14:18:17.2444389Z #11 1.354    │     Changelog: https://pnpm.io/v/12.10.1      │
2026-10-08T14:18:17.2444708Z #11 1.354    │   To update, run: corepack use pnpm@12.10.1   │
2026-10-08T14:18:17.2445216Z #11 1.354    │                                               │
2026-10-08T14:18:17.2445525Z #11 1.354    ╰───────────────────────────────────────────────╯
2026-10-08T14:18:17.2445726Z #11 1.354 
2026-10-08T14:18:17.9903025Z #11 2.100 Progress: resolved 408, reused 0, downloaded 243, added 240
2026-10-08T14:18:18.9925483Z #11 3.102 Progress: resolved 408, reused 0, downloaded 292, added 261
2026-10-08T14:18:19.9927938Z #11 4.103 Progress: resolved 408, reused 0, downloaded 407, added 407
2026-10-08T14:18:20.4189356Z #11 4.529 Progress: resolved 408, reused 0, downloaded 408, added 408, done
2026-10-08T14:18:20.6355323Z #11 4.608 .../node_modules/@prisma/engines postinstall$ node scripts/postinstall.js
2026-10-08T14:18:20.6356253Z #11 4.627 .../node_modules/workerd postinstall$ node install.js
2026-10-08T14:18:20.6356960Z #11 4.628 .../esbuild@0.28.1/node_modules/esbuild postinstall$ node install.js
2026-10-08T14:18:20.6358651Z #11 4.628 .../esbuild@0.28.2/node_modules/esbuild postinstall$ node install.js
2026-10-08T14:18:20.6359511Z #11 4.629 .../esbuild@0.25.12/node_modules/esbuild postinstall$ node install.js
2026-10-08T14:18:20.6360194Z #11 4.746 .../esbuild@0.28.1/node_modules/esbuild postinstall: Done
2026-10-08T14:18:20.8432969Z #11 4.762 .../node_modules/@prisma/engines postinstall: prisma:warn Prisma failed to detect the libssl/openssl version to use, and may not work as expected. Defaulting to "openssl-1.1.x".
2026-10-08T14:18:20.8434559Z #11 4.762 .../node_modules/@prisma/engines postinstall: Please manually install OpenSSL via `apt-get update -y && apt-get install -y openssl` and try installing Prisma again. If you're running Prisma on Docker, add this command to your Dockerfile, or switch to an image that already has OpenSSL installed.
2026-10-08T14:18:20.8435401Z #11 4.803 .../esbuild@0.28.2/node_modules/esbuild postinstall: Done
2026-10-08T14:18:21.4827040Z #11 5.592 .../node_modules/workerd postinstall: Done
2026-10-08T14:18:21.5951887Z #11 5.705 .../esbuild@0.25.12/node_modules/esbuild postinstall: Done
2026-10-08T14:18:21.7034946Z #11 5.814 .../node_modules/@prisma/engines postinstall: Done
2026-10-08T14:18:22.0060632Z #11 6.116 .../node_modules/prisma preinstall$ node scripts/preinstall-entry.js
2026-10-08T14:18:22.2063252Z #11 6.166 .../node_modules/prisma preinstall: Done
2026-10-08T14:18:22.3514617Z #11 6.461 
2026-10-08T14:18:22.3514895Z #11 6.461 dependencies:
2026-10-08T14:18:22.3515277Z #11 6.461 + @cloudflare/containers 0.3.7
2026-10-08T14:18:22.3515590Z #11 6.461 + @supabase/server 1.8.0
2026-10-08T14:18:22.3515906Z #11 6.461 + @supabase/supabase-js 2.117.0
2026-10-08T14:18:22.3516290Z #11 6.461 + @tiptap/extension-collaboration 3.31.3
2026-10-08T14:18:22.3516726Z #11 6.461 + @tiptap/extension-collaboration-caret 3.31.3
2026-10-08T14:18:22.3517122Z #11 6.461 + @tiptap/react 3.31.3
2026-10-08T14:18:22.3517406Z #11 6.461 + @tiptap/starter-kit 3.31.3
2026-10-08T14:18:22.3517732Z #11 6.461 + @vitejs/plugin-react 5.2.0
2026-10-08T14:18:22.3517995Z #11 6.461 + cross-env 10.1.0
2026-10-08T14:18:22.3518259Z #11 6.461 + dotenv 17.4.2
2026-10-08T14:18:22.3518494Z #11 6.461 + esbuild 0.25.12
2026-10-08T14:18:22.3518766Z #11 6.461 + esbuild-wasm 0.25.12
2026-10-08T14:18:22.3519248Z #11 6.461 + express 5.2.1
2026-10-08T14:18:22.3519817Z #11 6.461 + lucide-react 0.468.0
2026-10-08T14:18:22.3520045Z #11 6.461 + react 19.2.8
2026-10-08T14:18:22.3520275Z #11 6.461 + react-dom 19.2.8
2026-10-08T14:18:22.3520508Z #11 6.461 + vite 7.3.6
2026-10-08T14:18:22.3520736Z #11 6.461 + ws 8.21.3
2026-10-08T14:18:22.3520979Z #11 6.461 + y-protocols 1.0.7
2026-10-08T14:18:22.3521207Z #11 6.461 + yjs 13.6.32
2026-10-08T14:18:22.3521393Z #11 6.461 
2026-10-08T14:18:22.3521587Z #11 6.461 devDependencies:
2026-10-08T14:18:22.3521862Z #11 6.461 + @prisma/adapter-pg 7.10.0
2026-10-08T14:18:22.3522182Z #11 6.461 + @prisma/client 7.10.0
2026-10-08T14:18:22.3522464Z #11 6.461 + @types/express 5.0.6
2026-10-08T14:18:22.3522740Z #11 6.461 + @types/node 22.20.1
2026-10-08T14:18:22.3523004Z #11 6.461 + @types/pg 8.23.1
2026-10-08T14:18:22.3523274Z #11 6.461 + @types/react 19.2.18
2026-10-08T14:18:22.3523552Z #11 6.461 + @types/react-dom 19.2.7
2026-10-08T14:18:22.3523799Z #11 6.461 + @types/ws 8.18.1
2026-10-08T14:18:22.3524042Z #11 6.461 + pg 8.23.0
2026-10-08T14:18:22.3524273Z #11 6.461 + prisma 7.10.0
2026-10-08T14:18:22.3524480Z #11 6.461 + tsx 4.23.13
2026-10-08T14:18:22.3524702Z #11 6.461 + typescript 5.9.3
2026-10-08T14:18:22.3524942Z #11 6.461 + wrangler 4.131.1
2026-10-08T14:18:22.3525164Z #11 6.461 
2026-10-08T14:18:22.6006596Z #11 6.560 Done in 5.7s using pnpm v10.18.3
2026-10-08T14:18:25.5869132Z #11 DONE 9.7s
2026-10-08T14:18:25.7379088Z 
2026-10-08T14:18:25.7379383Z #12 [ 7/11] COPY . .
2026-10-08T14:18:25.7661859Z #12 DONE 0.2s
2026-10-08T14:18:25.8991952Z 
2026-10-08T14:18:25.8994017Z #13 [ 8/11] RUN apt-get update && apt-get install -y --no-install-recommends gcc libc6-dev && gcc -O2 -Wall -Wextra -Werror server/isolation/linux-job-launcher.c -o /usr/local/bin/cocreate-job-launcher && apt-get purge -y gcc libc6-dev && apt-get autoremove -y && rm -rf /var/lib/apt/lists/*
2026-10-08T14:18:25.8994957Z #13 0.132 Get:1 http://deb.debian.org/debian bookworm InRelease [151 kB]
2026-10-08T14:18:26.0295483Z #13 0.159 Get:2 http://deb.debian.org/debian bookworm-updates InRelease [55.4 kB]
2026-10-08T14:18:26.0296239Z #13 0.169 Get:3 http://deb.debian.org/debian-security bookworm-security InRelease [34.8 kB]
2026-10-08T14:18:26.0296867Z #13 0.197 Get:4 http://deb.debian.org/debian bookworm/main amd64 Packages [8790 kB]
2026-10-08T14:18:26.0297477Z #13 0.263 Get:5 http://deb.debian.org/debian bookworm-updates/main amd64 Packages [6924 B]
2026-10-08T14:18:26.1889839Z #13 0.272 Get:6 http://deb.debian.org/debian-security bookworm-security/main amd64 Packages [349 kB]
2026-10-08T14:18:26.6397179Z #13 0.873 Fetched 9388 kB in 1s (12.2 MB/s)
2026-10-08T14:18:26.9356136Z #13 0.873 Reading package lists...
2026-10-08T14:18:27.2451152Z #13 1.182 Reading package lists...
2026-10-08T14:18:27.4087233Z #13 1.489 Building dependency tree...
2026-10-08T14:18:27.4088336Z #13 1.553 Reading state information...
2026-10-08T14:18:27.4089593Z #13 1.642 The following additional packages will be installed:
2026-10-08T14:18:27.4090343Z #13 1.642   binutils binutils-common binutils-x86-64-linux-gnu cpp cpp-12 gcc-12
2026-10-08T14:18:27.4091128Z #13 1.642   libasan8 libatomic1 libbinutils libc-dev-bin libcc1-0 libcrypt-dev
2026-10-08T14:18:27.4091697Z #13 1.642   libctf-nobfd0 libctf0 libgcc-12-dev libgomp1 libgprofng0 libgssapi-krb5-2
2026-10-08T14:18:27.4092243Z #13 1.642   libisl23 libitm1 libjansson4 libk5crypto3 libkeyutils1 libkrb5-3
2026-10-08T14:18:27.5117669Z #13 1.642   libkrb5support0 liblsan0 libmpc3 libmpfr6 libnsl-dev libnsl2 libquadmath0
2026-10-08T14:18:27.5119088Z #13 1.642   libssl3 libtirpc-common libtirpc-dev libtirpc3 libtsan2 libubsan1
2026-10-08T14:18:27.5119822Z #13 1.642   linux-libc-dev rpcsvc-proto
2026-10-08T14:18:27.5121158Z #13 1.643 Suggested packages:
2026-10-08T14:18:27.5121682Z #13 1.643   binutils-doc cpp-doc gcc-12-locales cpp-12-doc gcc-multilib make
2026-10-08T14:18:27.5122154Z #13 1.643   manpages-dev autoconf automake libtool flex bison gdb gcc-doc
2026-10-08T14:18:27.5122626Z #13 1.643   gcc-12-multilib gcc-12-doc glibc-doc krb5-doc krb5-user
2026-10-08T14:18:27.5123376Z #13 1.643 Recommended packages:
2026-10-08T14:18:27.5123774Z #13 1.643   manpages manpages-dev libc-devtools krb5-locales
2026-10-08T14:18:27.5124193Z #13 1.745 The following NEW packages will be installed:
2026-10-08T14:18:27.6548350Z #13 1.745   binutils binutils-common binutils-x86-64-linux-gnu cpp cpp-12 gcc gcc-12
2026-10-08T14:18:27.6549228Z #13 1.745   libasan8 libatomic1 libbinutils libc-dev-bin libc6-dev libcc1-0 libcrypt-dev
2026-10-08T14:18:27.6549962Z #13 1.745   libctf-nobfd0 libctf0 libgcc-12-dev libgomp1 libgprofng0 libgssapi-krb5-2
2026-10-08T14:18:27.6550596Z #13 1.745   libisl23 libitm1 libjansson4 libk5crypto3 libkeyutils1 libkrb5-3
2026-10-08T14:18:27.6551269Z #13 1.745   libkrb5support0 liblsan0 libmpc3 libmpfr6 libnsl-dev libnsl2 libquadmath0
2026-10-08T14:18:27.6551791Z #13 1.745   libssl3 libtirpc-common libtirpc-dev libtirpc3 libtsan2 libubsan1
2026-10-08T14:18:27.6552173Z #13 1.746   linux-libc-dev rpcsvc-proto
2026-10-08T14:18:27.6552552Z #13 1.792 0 upgraded, 41 newly installed, 0 to remove and 1 not upgraded.
2026-10-08T14:18:27.6553022Z #13 1.792 Need to get 53.5 MB of archives.
2026-10-08T14:18:27.6553408Z #13 1.792 After this operation, 210 MB of additional disk space will be used.
2026-10-08T14:18:27.6553975Z #13 1.792 Get:1 http://deb.debian.org/debian bookworm/main amd64 binutils-common amd64 2.40-2 [2487 kB]
2026-10-08T14:18:27.6554504Z #13 1.888 Get:2 http://deb.debian.org/debian bookworm/main amd64 libbinutils amd64 2.40-2 [572 kB]
2026-10-08T14:18:27.8259673Z #13 1.890 Get:3 http://deb.debian.org/debian bookworm/main amd64 libctf-nobfd0 amd64 2.40-2 [153 kB]
2026-10-08T14:18:27.8260794Z #13 1.890 Get:4 http://deb.debian.org/debian bookworm/main amd64 libctf0 amd64 2.40-2 [89.8 kB]
2026-10-08T14:18:27.8261454Z #13 1.891 Get:5 http://deb.debian.org/debian bookworm/main amd64 libgprofng0 amd64 2.40-2 [812 kB]
2026-10-08T14:18:27.8262131Z #13 1.893 Get:6 http://deb.debian.org/debian bookworm/main amd64 libjansson4 amd64 2.14-2 [40.8 kB]
2026-10-08T14:18:27.8262777Z #13 1.893 Get:7 http://deb.debian.org/debian bookworm/main amd64 binutils-x86-64-linux-gnu amd64 2.40-2 [2246 kB]
2026-10-08T14:18:27.8263539Z #13 1.906 Get:8 http://deb.debian.org/debian bookworm/main amd64 binutils amd64 2.40-2 [65.0 kB]
2026-10-08T14:18:27.8264017Z #13 1.906 Get:9 http://deb.debian.org/debian bookworm/main amd64 libisl23 amd64 0.25-1.1 [683 kB]
2026-10-08T14:18:27.8264793Z #13 1.908 Get:10 http://deb.debian.org/debian bookworm/main amd64 libmpfr6 amd64 4.2.0-1 [701 kB]
2026-10-08T14:18:27.8265241Z #13 1.910 Get:11 http://deb.debian.org/debian bookworm/main amd64 libmpc3 amd64 1.3.1-1 [51.5 kB]
2026-10-08T14:18:27.8265713Z #13 1.914 Get:12 http://deb.debian.org/debian bookworm/main amd64 cpp-12 amd64 12.2.0-14+deb12u1 [9768 kB]
2026-10-08T14:18:27.8266236Z #13 1.947 Get:13 http://deb.debian.org/debian bookworm/main amd64 cpp amd64 4:12.2.0-3 [6836 B]
2026-10-08T14:18:27.8266724Z #13 1.947 Get:14 http://deb.debian.org/debian bookworm/main amd64 libcc1-0 amd64 12.2.0-14+deb12u1 [41.7 kB]
2026-10-08T14:18:27.8267308Z #13 1.947 Get:15 http://deb.debian.org/debian bookworm/main amd64 libgomp1 amd64 12.2.0-14+deb12u1 [116 kB]
2026-10-08T14:18:27.8267858Z #13 1.947 Get:16 http://deb.debian.org/debian bookworm/main amd64 libitm1 amd64 12.2.0-14+deb12u1 [26.1 kB]
2026-10-08T14:18:27.8268358Z #13 1.947 Get:17 http://deb.debian.org/debian bookworm/main amd64 libatomic1 amd64 12.2.0-14+deb12u1 [9376 B]
2026-10-08T14:18:27.8269066Z #13 1.948 Get:18 http://deb.debian.org/debian bookworm/main amd64 libasan8 amd64 12.2.0-14+deb12u1 [2193 kB]
2026-10-08T14:18:27.8269559Z #13 1.955 Get:19 http://deb.debian.org/debian bookworm/main amd64 liblsan0 amd64 12.2.0-14+deb12u1 [969 kB]
2026-10-08T14:18:27.8270127Z #13 1.958 Get:20 http://deb.debian.org/debian bookworm/main amd64 libtsan2 amd64 12.2.0-14+deb12u1 [2197 kB]
2026-10-08T14:18:27.8270685Z #13 1.964 Get:21 http://deb.debian.org/debian bookworm/main amd64 libubsan1 amd64 12.2.0-14+deb12u1 [883 kB]
2026-10-08T14:18:27.8271194Z #13 1.970 Get:22 http://deb.debian.org/debian bookworm/main amd64 libquadmath0 amd64 12.2.0-14+deb12u1 [145 kB]
2026-10-08T14:18:27.8271870Z #13 1.974 Get:23 http://deb.debian.org/debian bookworm/main amd64 libgcc-12-dev amd64 12.2.0-14+deb12u1 [2437 kB]
2026-10-08T14:18:27.8272452Z #13 1.981 Get:24 http://deb.debian.org/debian bookworm/main amd64 gcc-12 amd64 12.2.0-14+deb12u1 [19.3 MB]
2026-10-08T14:18:27.8272983Z #13 2.059 Get:25 http://deb.debian.org/debian bookworm/main amd64 gcc amd64 4:12.2.0-3 [5216 B]
2026-10-08T14:18:27.9308376Z #13 2.059 Get:26 http://deb.debian.org/debian bookworm/main amd64 libc-dev-bin amd64 2.36-9+deb12u14 [48.1 kB]
2026-10-08T14:18:27.9309493Z #13 2.060 Get:27 http://deb.debian.org/debian-security bookworm-security/main amd64 linux-libc-dev amd64 6.1.187-1 [2357 kB]
2026-10-08T14:18:27.9310227Z #13 2.065 Get:28 http://deb.debian.org/debian bookworm/main amd64 libcrypt-dev amd64 1:4.4.33-2 [118 kB]
2026-10-08T14:18:27.9310839Z #13 2.065 Get:29 http://deb.debian.org/debian bookworm/main amd64 libkrb5support0 amd64 1.20.1-2+deb12u5 [33.2 kB]
2026-10-08T14:18:27.9311405Z #13 2.071 Get:30 http://deb.debian.org/debian bookworm/main amd64 libk5crypto3 amd64 1.20.1-2+deb12u5 [79.7 kB]
2026-10-08T14:18:27.9311985Z #13 2.071 Get:31 http://deb.debian.org/debian bookworm/main amd64 libkeyutils1 amd64 1.6.3-2 [8808 B]
2026-10-08T14:18:27.9312592Z #13 2.071 Get:32 http://deb.debian.org/debian-security bookworm-security/main amd64 libssl3 amd64 3.0.22-1~deb12u1 [2039 kB]
2026-10-08T14:18:27.9313189Z #13 2.075 Get:33 http://deb.debian.org/debian bookworm/main amd64 libkrb5-3 amd64 1.20.1-2+deb12u5 [332 kB]
2026-10-08T14:18:27.9313705Z #13 2.076 Get:34 http://deb.debian.org/debian bookworm/main amd64 libgssapi-krb5-2 amd64 1.20.1-2+deb12u5 [135 kB]
2026-10-08T14:18:27.9314219Z #13 2.164 Get:35 http://deb.debian.org/debian bookworm/main amd64 libtirpc-common all 1.3.3+ds-1 [14.0 kB]
2026-10-08T14:18:28.0309723Z #13 2.164 Get:36 http://deb.debian.org/debian bookworm/main amd64 libtirpc3 amd64 1.3.3+ds-1 [85.2 kB]
2026-10-08T14:18:28.0310419Z #13 2.166 Get:37 http://deb.debian.org/debian bookworm/main amd64 libnsl2 amd64 1.3.0-2 [39.5 kB]
2026-10-08T14:18:28.0311004Z #13 2.166 Get:38 http://deb.debian.org/debian bookworm/main amd64 libtirpc-dev amd64 1.3.3+ds-1 [191 kB]
2026-10-08T14:18:28.0311486Z #13 2.166 Get:39 http://deb.debian.org/debian bookworm/main amd64 libnsl-dev amd64 1.3.0-2 [66.4 kB]
2026-10-08T14:18:28.0312172Z #13 2.166 Get:40 http://deb.debian.org/debian bookworm/main amd64 rpcsvc-proto amd64 1.4.3-1 [63.3 kB]
2026-10-08T14:18:28.0312708Z #13 2.166 Get:41 http://deb.debian.org/debian bookworm/main amd64 libc6-dev amd64 2.36-9+deb12u14 [1904 kB]
2026-10-08T14:18:28.0313175Z #13 2.241 debconf: delaying package configuration, since apt-utils is not installed
2026-10-08T14:18:28.0313490Z #13 2.255 Fetched 53.5 MB in 0s (127 MB/s)
2026-10-08T14:18:28.0313788Z #13 2.264 Selecting previously unselected package binutils-common:amd64.
2026-10-08T14:18:28.1746223Z #13 2.264 (Reading database ... 
2026-10-08T14:18:28.1746614Z (Reading database ... 5%
2026-10-08T14:18:28.1746880Z (Reading database ... 10%
2026-10-08T14:18:28.1747055Z (Reading database ... 15%
2026-10-08T14:18:28.1747224Z (Reading database ... 20%
2026-10-08T14:18:28.1747420Z (Reading database ... 25%
2026-10-08T14:18:28.1747633Z (Reading database ... 30%
2026-10-08T14:18:28.1747797Z (Reading database ... 35%
2026-10-08T14:18:28.1747961Z (Reading database ... 40%
2026-10-08T14:18:28.1748137Z (Reading database ... 45%
2026-10-08T14:18:28.1748381Z (Reading database ... 50%
2026-10-08T14:18:28.1748547Z (Reading database ... 55%
2026-10-08T14:18:28.1748715Z (Reading database ... 60%
2026-10-08T14:18:28.1749023Z (Reading database ... 65%
2026-10-08T14:18:28.1749193Z (Reading database ... 70%
2026-10-08T14:18:28.1749368Z (Reading database ... 75%
2026-10-08T14:18:28.1749530Z (Reading database ... 80%
2026-10-08T14:18:28.1749744Z (Reading database ... 85%
2026-10-08T14:18:28.1749926Z (Reading database ... 90%
2026-10-08T14:18:28.1750134Z (Reading database ... 95%
2026-10-08T14:18:28.1750591Z (Reading database ... 100%
2026-10-08T14:18:28.1750898Z (Reading database ... 7943 files and directories currently installed.)
2026-10-08T14:18:28.1751284Z #13 2.269 Preparing to unpack .../00-binutils-common_2.40-2_amd64.deb ...
2026-10-08T14:18:28.1751611Z #13 2.270 Unpacking binutils-common:amd64 (2.40-2) ...
2026-10-08T14:18:28.1751927Z #13 2.408 Selecting previously unselected package libbinutils:amd64.
2026-10-08T14:18:28.3055174Z #13 2.409 Preparing to unpack .../01-libbinutils_2.40-2_amd64.deb ...
2026-10-08T14:18:28.3055528Z #13 2.410 Unpacking libbinutils:amd64 (2.40-2) ...
2026-10-08T14:18:28.3056118Z #13 2.450 Selecting previously unselected package libctf-nobfd0:amd64.
2026-10-08T14:18:28.3056546Z #13 2.451 Preparing to unpack .../02-libctf-nobfd0_2.40-2_amd64.deb ...
2026-10-08T14:18:28.3056922Z #13 2.452 Unpacking libctf-nobfd0:amd64 (2.40-2) ...
2026-10-08T14:18:28.3057299Z #13 2.469 Selecting previously unselected package libctf0:amd64.
2026-10-08T14:18:28.3057724Z #13 2.470 Preparing to unpack .../03-libctf0_2.40-2_amd64.deb ...
2026-10-08T14:18:28.3058126Z #13 2.471 Unpacking libctf0:amd64 (2.40-2) ...
2026-10-08T14:18:28.3058578Z #13 2.486 Selecting previously unselected package libgprofng0:amd64.
2026-10-08T14:18:28.3059591Z #13 2.487 Preparing to unpack .../04-libgprofng0_2.40-2_amd64.deb ...
2026-10-08T14:18:28.3060168Z #13 2.487 Unpacking libgprofng0:amd64 (2.40-2) ...
2026-10-08T14:18:28.3060732Z #13 2.539 Selecting previously unselected package libjansson4:amd64.
2026-10-08T14:18:28.4564802Z #13 2.539 Preparing to unpack .../05-libjansson4_2.14-2_amd64.deb ...
2026-10-08T14:18:28.4565525Z #13 2.540 Unpacking libjansson4:amd64 (2.14-2) ...
2026-10-08T14:18:28.4566805Z #13 2.551 Selecting previously unselected package binutils-x86-64-linux-gnu.
2026-10-08T14:18:28.4567480Z #13 2.551 Preparing to unpack .../06-binutils-x86-64-linux-gnu_2.40-2_amd64.deb ...
2026-10-08T14:18:28.4568017Z #13 2.552 Unpacking binutils-x86-64-linux-gnu (2.40-2) ...
2026-10-08T14:18:28.4568583Z #13 2.690 Selecting previously unselected package binutils.
2026-10-08T14:18:28.5623787Z #13 2.691 Preparing to unpack .../07-binutils_2.40-2_amd64.deb ...
2026-10-08T14:18:28.5624306Z #13 2.692 Unpacking binutils (2.40-2) ...
2026-10-08T14:18:28.5624789Z #13 2.707 Selecting previously unselected package libisl23:amd64.
2026-10-08T14:18:28.5625208Z #13 2.707 Preparing to unpack .../08-libisl23_0.25-1.1_amd64.deb ...
2026-10-08T14:18:28.5625937Z #13 2.708 Unpacking libisl23:amd64 (0.25-1.1) ...
2026-10-08T14:18:28.5626379Z #13 2.752 Selecting previously unselected package libmpfr6:amd64.
2026-10-08T14:18:28.5626986Z #13 2.752 Preparing to unpack .../09-libmpfr6_4.2.0-1_amd64.deb ...
2026-10-08T14:18:28.5627453Z #13 2.753 Unpacking libmpfr6:amd64 (4.2.0-1) ...
2026-10-08T14:18:28.5627908Z #13 2.783 Selecting previously unselected package libmpc3:amd64.
2026-10-08T14:18:28.5628404Z #13 2.784 Preparing to unpack .../10-libmpc3_1.3.1-1_amd64.deb ...
2026-10-08T14:18:28.5628807Z #13 2.784 Unpacking libmpc3:amd64 (1.3.1-1) ...
2026-10-08T14:18:28.5629557Z #13 2.796 Selecting previously unselected package cpp-12.
2026-10-08T14:18:28.7142380Z #13 2.796 Preparing to unpack .../11-cpp-12_12.2.0-14+deb12u1_amd64.deb ...
2026-10-08T14:18:28.7142968Z #13 2.797 Unpacking cpp-12 (12.2.0-14+deb12u1) ...
2026-10-08T14:18:28.9755403Z #13 3.209 Selecting previously unselected package cpp.
2026-10-08T14:18:29.1762961Z #13 3.210 Preparing to unpack .../12-cpp_4%3a12.2.0-3_amd64.deb ...
2026-10-08T14:18:29.1763749Z #13 3.210 Unpacking cpp (4:12.2.0-3) ...
2026-10-08T14:18:29.1764472Z #13 3.222 Selecting previously unselected package libcc1-0:amd64.
2026-10-08T14:18:29.1765165Z #13 3.223 Preparing to unpack .../13-libcc1-0_12.2.0-14+deb12u1_amd64.deb ...
2026-10-08T14:18:29.1765837Z #13 3.223 Unpacking libcc1-0:amd64 (12.2.0-14+deb12u1) ...
2026-10-08T14:18:29.1766473Z #13 3.236 Selecting previously unselected package libgomp1:amd64.
2026-10-08T14:18:29.1767321Z #13 3.237 Preparing to unpack .../14-libgomp1_12.2.0-14+deb12u1_amd64.deb ...
2026-10-08T14:18:29.1768057Z #13 3.238 Unpacking libgomp1:amd64 (12.2.0-14+deb12u1) ...
2026-10-08T14:18:29.1768506Z #13 3.255 Selecting previously unselected package libitm1:amd64.
2026-10-08T14:18:29.1769140Z #13 3.255 Preparing to unpack .../15-libitm1_12.2.0-14+deb12u1_amd64.deb ...
2026-10-08T14:18:29.1769629Z #13 3.256 Unpacking libitm1:amd64 (12.2.0-14+deb12u1) ...
2026-10-08T14:18:29.1770060Z #13 3.268 Selecting previously unselected package libatomic1:amd64.
2026-10-08T14:18:29.1770490Z #13 3.269 Preparing to unpack .../16-libatomic1_12.2.0-14+deb12u1_amd64.deb ...
2026-10-08T14:18:29.1770885Z #13 3.270 Unpacking libatomic1:amd64 (12.2.0-14+deb12u1) ...
2026-10-08T14:18:29.1771411Z #13 3.280 Selecting previously unselected package libasan8:amd64.
2026-10-08T14:18:29.1771937Z #13 3.281 Preparing to unpack .../17-libasan8_12.2.0-14+deb12u1_amd64.deb ...
2026-10-08T14:18:29.1772332Z #13 3.282 Unpacking libasan8:amd64 (12.2.0-14+deb12u1) ...
2026-10-08T14:18:29.1772713Z #13 3.409 Selecting previously unselected package liblsan0:amd64.
2026-10-08T14:18:29.3672603Z #13 3.410 Preparing to unpack .../18-liblsan0_12.2.0-14+deb12u1_amd64.deb ...
2026-10-08T14:18:29.3673078Z #13 3.411 Unpacking liblsan0:amd64 (12.2.0-14+deb12u1) ...
2026-10-08T14:18:29.3673615Z #13 3.474 Selecting previously unselected package libtsan2:amd64.
2026-10-08T14:18:29.3674037Z #13 3.474 Preparing to unpack .../19-libtsan2_12.2.0-14+deb12u1_amd64.deb ...
2026-10-08T14:18:29.3674451Z #13 3.475 Unpacking libtsan2:amd64 (12.2.0-14+deb12u1) ...
2026-10-08T14:18:29.3674848Z #13 3.600 Selecting previously unselected package libubsan1:amd64.
2026-10-08T14:18:29.5702707Z #13 3.601 Preparing to unpack .../20-libubsan1_12.2.0-14+deb12u1_amd64.deb ...
2026-10-08T14:18:29.5703560Z #13 3.602 Unpacking libubsan1:amd64 (12.2.0-14+deb12u1) ...
2026-10-08T14:18:29.5704100Z #13 3.657 Selecting previously unselected package libquadmath0:amd64.
2026-10-08T14:18:29.5704709Z #13 3.658 Preparing to unpack .../21-libquadmath0_12.2.0-14+deb12u1_amd64.deb ...
2026-10-08T14:18:29.5705278Z #13 3.659 Unpacking libquadmath0:amd64 (12.2.0-14+deb12u1) ...
2026-10-08T14:18:29.5705780Z #13 3.675 Selecting previously unselected package libgcc-12-dev:amd64.
2026-10-08T14:18:29.5706367Z #13 3.676 Preparing to unpack .../22-libgcc-12-dev_12.2.0-14+deb12u1_amd64.deb ...
2026-10-08T14:18:29.5707645Z #13 3.677 Unpacking libgcc-12-dev:amd64 (12.2.0-14+deb12u1) ...
2026-10-08T14:18:29.5708624Z #13 3.803 Selecting previously unselected package gcc-12.
2026-10-08T14:18:29.7250602Z #13 3.804 Preparing to unpack .../23-gcc-12_12.2.0-14+deb12u1_amd64.deb ...
2026-10-08T14:18:29.7251655Z #13 3.805 Unpacking gcc-12 (12.2.0-14+deb12u1) ...
2026-10-08T14:18:30.1075747Z #13 4.341 Selecting previously unselected package gcc.
2026-10-08T14:18:30.2200846Z #13 4.342 Preparing to unpack .../24-gcc_4%3a12.2.0-3_amd64.deb ...
2026-10-08T14:18:30.2201599Z #13 4.343 Unpacking gcc (4:12.2.0-3) ...
2026-10-08T14:18:30.2202171Z #13 4.353 Selecting previously unselected package libc-dev-bin.
2026-10-08T14:18:30.2202848Z #13 4.354 Preparing to unpack .../25-libc-dev-bin_2.36-9+deb12u14_amd64.deb ...
2026-10-08T14:18:30.2203533Z #13 4.355 Unpacking libc-dev-bin (2.36-9+deb12u14) ...
2026-10-08T14:18:30.2204186Z #13 4.367 Selecting previously unselected package linux-libc-dev:amd64.
2026-10-08T14:18:30.2204894Z #13 4.368 Preparing to unpack .../26-linux-libc-dev_6.1.187-1_amd64.deb ...
2026-10-08T14:18:30.2205490Z #13 4.368 Unpacking linux-libc-dev:amd64 (6.1.187-1) ...
2026-10-08T14:18:30.2206325Z #13 4.453 Selecting previously unselected package libcrypt-dev:amd64.
2026-10-08T14:18:30.3825785Z #13 4.454 Preparing to unpack .../27-libcrypt-dev_1%3a4.4.33-2_amd64.deb ...
2026-10-08T14:18:30.3826278Z #13 4.458 Unpacking libcrypt-dev:amd64 (1:4.4.33-2) ...
2026-10-08T14:18:30.3826786Z #13 4.474 Selecting previously unselected package libkrb5support0:amd64.
2026-10-08T14:18:30.3827237Z #13 4.474 Preparing to unpack .../28-libkrb5support0_1.20.1-2+deb12u5_amd64.deb ...
2026-10-08T14:18:30.3827910Z #13 4.475 Unpacking libkrb5support0:amd64 (1.20.1-2+deb12u5) ...
2026-10-08T14:18:30.3828332Z #13 4.487 Selecting previously unselected package libk5crypto3:amd64.
2026-10-08T14:18:30.3829088Z #13 4.487 Preparing to unpack .../29-libk5crypto3_1.20.1-2+deb12u5_amd64.deb ...
2026-10-08T14:18:30.3829663Z #13 4.488 Unpacking libk5crypto3:amd64 (1.20.1-2+deb12u5) ...
2026-10-08T14:18:30.3830192Z #13 4.503 Selecting previously unselected package libkeyutils1:amd64.
2026-10-08T14:18:30.3830789Z #13 4.504 Preparing to unpack .../30-libkeyutils1_1.6.3-2_amd64.deb ...
2026-10-08T14:18:30.3831268Z #13 4.505 Unpacking libkeyutils1:amd64 (1.6.3-2) ...
2026-10-08T14:18:30.3831758Z #13 4.517 Selecting previously unselected package libssl3:amd64.
2026-10-08T14:18:30.3832210Z #13 4.518 Preparing to unpack .../31-libssl3_3.0.22-1~deb12u1_amd64.deb ...
2026-10-08T14:18:30.3832593Z #13 4.519 Unpacking libssl3:amd64 (3.0.22-1~deb12u1) ...
2026-10-08T14:18:30.3832999Z #13 4.616 Selecting previously unselected package libkrb5-3:amd64.
2026-10-08T14:18:30.4962555Z #13 4.616 Preparing to unpack .../32-libkrb5-3_1.20.1-2+deb12u5_amd64.deb ...
2026-10-08T14:18:30.4963326Z #13 4.617 Unpacking libkrb5-3:amd64 (1.20.1-2+deb12u5) ...
2026-10-08T14:18:30.4963886Z #13 4.646 Selecting previously unselected package libgssapi-krb5-2:amd64.
2026-10-08T14:18:30.4964538Z #13 4.647 Preparing to unpack .../33-libgssapi-krb5-2_1.20.1-2+deb12u5_amd64.deb ...
2026-10-08T14:18:30.4965143Z #13 4.648 Unpacking libgssapi-krb5-2:amd64 (1.20.1-2+deb12u5) ...
2026-10-08T14:18:30.4965641Z #13 4.665 Selecting previously unselected package libtirpc-common.
2026-10-08T14:18:30.4966282Z #13 4.665 Preparing to unpack .../34-libtirpc-common_1.3.3+ds-1_all.deb ...
2026-10-08T14:18:30.4966930Z #13 4.666 Unpacking libtirpc-common (1.3.3+ds-1) ...
2026-10-08T14:18:30.4967477Z #13 4.678 Selecting previously unselected package libtirpc3:amd64.
2026-10-08T14:18:30.4968032Z #13 4.678 Preparing to unpack .../35-libtirpc3_1.3.3+ds-1_amd64.deb ...
2026-10-08T14:18:30.4968428Z #13 4.679 Unpacking libtirpc3:amd64 (1.3.3+ds-1) ...
2026-10-08T14:18:30.4969059Z #13 4.694 Selecting previously unselected package libnsl2:amd64.
2026-10-08T14:18:30.4969512Z #13 4.695 Preparing to unpack .../36-libnsl2_1.3.0-2_amd64.deb ...
2026-10-08T14:18:30.4969948Z #13 4.696 Unpacking libnsl2:amd64 (1.3.0-2) ...
2026-10-08T14:18:30.4970353Z #13 4.707 Selecting previously unselected package libtirpc-dev:amd64.
2026-10-08T14:18:30.4970936Z #13 4.708 Preparing to unpack .../37-libtirpc-dev_1.3.3+ds-1_amd64.deb ...
2026-10-08T14:18:30.4971391Z #13 4.709 Unpacking libtirpc-dev:amd64 (1.3.3+ds-1) ...
2026-10-08T14:18:30.4971769Z #13 4.729 Selecting previously unselected package libnsl-dev:amd64.
2026-10-08T14:18:30.6760888Z #13 4.730 Preparing to unpack .../38-libnsl-dev_1.3.0-2_amd64.deb ...
2026-10-08T14:18:30.6761341Z #13 4.731 Unpacking libnsl-dev:amd64 (1.3.0-2) ...
2026-10-08T14:18:30.6761878Z #13 4.745 Selecting previously unselected package rpcsvc-proto.
2026-10-08T14:18:30.6762335Z #13 4.745 Preparing to unpack .../39-rpcsvc-proto_1.4.3-1_amd64.deb ...
2026-10-08T14:18:30.6762831Z #13 4.746 Unpacking rpcsvc-proto (1.4.3-1) ...
2026-10-08T14:18:30.6763233Z #13 4.760 Selecting previously unselected package libc6-dev:amd64.
2026-10-08T14:18:30.6763649Z #13 4.761 Preparing to unpack .../40-libc6-dev_2.36-9+deb12u14_amd64.deb ...
2026-10-08T14:18:30.6764132Z #13 4.762 Unpacking libc6-dev:amd64 (2.36-9+deb12u14) ...
2026-10-08T14:18:30.6764504Z #13 4.909 Setting up libkeyutils1:amd64 (1.6.3-2) ...
2026-10-08T14:18:30.7761156Z #13 4.912 Setting up libtirpc-common (1.3.3+ds-1) ...
2026-10-08T14:18:30.7761573Z #13 4.915 Setting up binutils-common:amd64 (2.40-2) ...
2026-10-08T14:18:30.7762170Z #13 4.918 Setting up libssl3:amd64 (3.0.22-1~deb12u1) ...
2026-10-08T14:18:30.7762657Z #13 4.920 Setting up linux-libc-dev:amd64 (6.1.187-1) ...
2026-10-08T14:18:30.7763120Z #13 4.922 Setting up libctf-nobfd0:amd64 (2.40-2) ...
2026-10-08T14:18:30.7763543Z #13 4.924 Setting up libgomp1:amd64 (12.2.0-14+deb12u1) ...
2026-10-08T14:18:30.7764138Z #13 4.926 Setting up libjansson4:amd64 (2.14-2) ...
2026-10-08T14:18:30.7764618Z #13 4.929 Setting up libkrb5support0:amd64 (1.20.1-2+deb12u5) ...
2026-10-08T14:18:30.7765109Z #13 4.931 Setting up rpcsvc-proto (1.4.3-1) ...
2026-10-08T14:18:30.7765519Z #13 4.933 Setting up libmpfr6:amd64 (4.2.0-1) ...
2026-10-08T14:18:30.7765942Z #13 4.935 Setting up libquadmath0:amd64 (12.2.0-14+deb12u1) ...
2026-10-08T14:18:30.7766285Z #13 4.938 Setting up libmpc3:amd64 (1.3.1-1) ...
2026-10-08T14:18:30.7766735Z #13 4.940 Setting up libatomic1:amd64 (12.2.0-14+deb12u1) ...
2026-10-08T14:18:30.7767134Z #13 4.943 Setting up libk5crypto3:amd64 (1.20.1-2+deb12u5) ...
2026-10-08T14:18:30.7767566Z #13 4.945 Setting up libubsan1:amd64 (12.2.0-14+deb12u1) ...
2026-10-08T14:18:30.7767935Z #13 4.947 Setting up libcrypt-dev:amd64 (1:4.4.33-2) ...
2026-10-08T14:18:30.7768419Z #13 4.953 Setting up libasan8:amd64 (12.2.0-14+deb12u1) ...
2026-10-08T14:18:30.7768978Z #13 4.955 Setting up libkrb5-3:amd64 (1.20.1-2+deb12u5) ...
2026-10-08T14:18:30.7769388Z #13 4.957 Setting up libtsan2:amd64 (12.2.0-14+deb12u1) ...
2026-10-08T14:18:30.7769731Z #13 4.960 Setting up libbinutils:amd64 (2.40-2) ...
2026-10-08T14:18:30.7770168Z #13 4.962 Setting up libisl23:amd64 (0.25-1.1) ...
2026-10-08T14:18:30.7770610Z #13 4.964 Setting up libc-dev-bin (2.36-9+deb12u14) ...
2026-10-08T14:18:30.7770981Z #13 4.967 Setting up libcc1-0:amd64 (12.2.0-14+deb12u1) ...
2026-10-08T14:18:30.7771366Z #13 4.969 Setting up liblsan0:amd64 (12.2.0-14+deb12u1) ...
2026-10-08T14:18:30.7771723Z #13 4.971 Setting up libitm1:amd64 (12.2.0-14+deb12u1) ...
2026-10-08T14:18:30.7772144Z #13 4.973 Setting up libctf0:amd64 (2.40-2) ...
2026-10-08T14:18:30.7772508Z #13 4.975 Setting up cpp-12 (12.2.0-14+deb12u1) ...
2026-10-08T14:18:30.7772985Z #13 4.978 Setting up libgprofng0:amd64 (2.40-2) ...
2026-10-08T14:18:30.7773435Z #13 4.980 Setting up libgcc-12-dev:amd64 (12.2.0-14+deb12u1) ...
2026-10-08T14:18:30.7773841Z #13 4.982 Setting up libgssapi-krb5-2:amd64 (1.20.1-2+deb12u5) ...
2026-10-08T14:18:30.7774275Z #13 4.985 Setting up cpp (4:12.2.0-3) ...
2026-10-08T14:18:30.7774606Z #13 4.990 Setting up binutils-x86-64-linux-gnu (2.40-2) ...
2026-10-08T14:18:30.7775144Z #13 4.992 Setting up libtirpc3:amd64 (1.3.3+ds-1) ...
2026-10-08T14:18:30.7775529Z #13 4.994 Setting up binutils (2.40-2) ...
2026-10-08T14:18:30.7775976Z #13 4.996 Setting up libtirpc-dev:amd64 (1.3.3+ds-1) ...
2026-10-08T14:18:30.7776321Z #13 4.999 Setting up gcc-12 (12.2.0-14+deb12u1) ...
2026-10-08T14:18:30.7776914Z #13 5.001 Setting up libnsl2:amd64 (1.3.0-2) ...
2026-10-08T14:18:30.7777344Z #13 5.003 Setting up gcc (4:12.2.0-3) ...
2026-10-08T14:18:30.7777717Z #13 5.009 Setting up libnsl-dev:amd64 (1.3.0-2) ...
2026-10-08T14:18:30.8776684Z #13 5.011 Setting up libc6-dev:amd64 (2.36-9+deb12u14) ...
2026-10-08T14:18:30.8777342Z #13 5.014 Processing triggers for libc-bin (2.36-9+deb12u14) ...
2026-10-08T14:18:31.1987824Z #13 5.111 Reading package lists...
2026-10-08T14:18:31.3771077Z #13 5.443 Building dependency tree...
2026-10-08T14:18:31.3771886Z #13 5.515 Reading state information...
2026-10-08T14:18:31.3772670Z #13 5.610 The following packages were automatically installed and are no longer required:
2026-10-08T14:18:31.3773612Z #13 5.610   binutils binutils-common binutils-x86-64-linux-gnu cpp cpp-12 gcc-12
2026-10-08T14:18:31.3774292Z #13 5.610   libasan8 libatomic1 libbinutils libc-dev-bin libcc1-0 libcrypt-dev
2026-10-08T14:18:31.3775067Z #13 5.610   libctf-nobfd0 libctf0 libgcc-12-dev libgomp1 libgprofng0 libgssapi-krb5-2
2026-10-08T14:18:31.3775758Z #13 5.610   libisl23 libitm1 libjansson4 libk5crypto3 libkeyutils1 libkrb5-3
2026-10-08T14:18:31.4774680Z #13 5.610   libkrb5support0 liblsan0 libmpc3 libmpfr6 libnsl-dev libnsl2 libquadmath0
2026-10-08T14:18:31.4775207Z #13 5.610   libssl3 libtirpc-common libtirpc-dev libtirpc3 libtsan2 libubsan1
2026-10-08T14:18:31.4775715Z #13 5.611   linux-libc-dev rpcsvc-proto
2026-10-08T14:18:31.4776023Z #13 5.611 Use 'apt autoremove' to remove them.
2026-10-08T14:18:31.4776599Z #13 5.619 The following packages will be REMOVED:
2026-10-08T14:18:31.4776902Z #13 5.619   gcc* libc6-dev*
2026-10-08T14:18:31.4777239Z #13 5.711 0 upgraded, 0 newly installed, 2 to remove and 1 not upgraded.
2026-10-08T14:18:31.4777678Z #13 5.711 After this operation, 12.3 MB disk space will be freed.
2026-10-08T14:18:31.6950903Z #13 5.715 (Reading database ... 
2026-10-08T14:18:31.6951232Z (Reading database ... 5%
2026-10-08T14:18:31.6951651Z (Reading database ... 10%
2026-10-08T14:18:31.6951935Z (Reading database ... 15%
2026-10-08T14:18:31.6952178Z (Reading database ... 20%
2026-10-08T14:18:31.6952453Z (Reading database ... 25%
2026-10-08T14:18:31.6952668Z (Reading database ... 30%
2026-10-08T14:18:31.6952938Z (Reading database ... 35%
2026-10-08T14:18:31.6953170Z (Reading database ... 40%
2026-10-08T14:18:31.6953413Z (Reading database ... 45%
2026-10-08T14:18:31.6953668Z (Reading database ... 50%
2026-10-08T14:18:31.6953919Z (Reading database ... 55%
2026-10-08T14:18:31.6954193Z (Reading database ... 60%
2026-10-08T14:18:31.6954443Z (Reading database ... 65%
2026-10-08T14:18:31.6954694Z (Reading database ... 70%
2026-10-08T14:18:31.6954930Z (Reading database ... 75%
2026-10-08T14:18:31.6955157Z (Reading database ... 80%
2026-10-08T14:18:31.6955440Z (Reading database ... 85%
2026-10-08T14:18:31.6955671Z (Reading database ... 90%
2026-10-08T14:18:31.6955924Z (Reading database ... 95%
2026-10-08T14:18:31.6956168Z (Reading database ... 100%
2026-10-08T14:18:31.6956541Z (Reading database ... 10403 files and directories currently installed.)
2026-10-08T14:18:31.6956930Z #13 5.721 Removing gcc (4:12.2.0-3) ...
2026-10-08T14:18:31.6957294Z #13 5.733 Removing libc6-dev:amd64 (2.36-9+deb12u14) ...
2026-10-08T14:18:31.8446390Z #13 5.777 Reading package lists...
2026-10-08T14:18:32.0114033Z #13 6.089 Building dependency tree...
2026-10-08T14:18:32.0115558Z #13 6.153 Reading state information...
2026-10-08T14:18:32.0116586Z #13 6.245 The following packages will be REMOVED:
2026-10-08T14:18:32.1253774Z #13 6.245   binutils binutils-common binutils-x86-64-linux-gnu cpp cpp-12 gcc-12
2026-10-08T14:18:32.1254411Z #13 6.245   libasan8 libatomic1 libbinutils libc-dev-bin libcc1-0 libcrypt-dev
2026-10-08T14:18:32.1255000Z #13 6.245   libctf-nobfd0 libctf0 libgcc-12-dev libgomp1 libgprofng0 libgssapi-krb5-2
2026-10-08T14:18:32.1255594Z #13 6.245   libisl23 libitm1 libjansson4 libk5crypto3 libkeyutils1 libkrb5-3
2026-10-08T14:18:32.1256278Z #13 6.245   libkrb5support0 liblsan0 libmpc3 libmpfr6 libnsl-dev libnsl2 libquadmath0
2026-10-08T14:18:32.1256851Z #13 6.245   libssl3 libtirpc-common libtirpc-dev libtirpc3 libtsan2 libubsan1
2026-10-08T14:18:32.1257245Z #13 6.245   linux-libc-dev rpcsvc-proto
2026-10-08T14:18:32.1257671Z #13 6.331 0 upgraded, 0 newly installed, 39 to remove and 1 not upgraded.
2026-10-08T14:18:32.1258183Z #13 6.331 After this operation, 198 MB disk space will be freed.
2026-10-08T14:18:32.1258560Z #13 6.336 (Reading database ... 
2026-10-08T14:18:32.1258977Z (Reading database ... 5%
2026-10-08T14:18:32.1259272Z (Reading database ... 10%
2026-10-08T14:18:32.1259519Z (Reading database ... 15%
2026-10-08T14:18:32.1259784Z (Reading database ... 20%
2026-10-08T14:18:32.1260026Z (Reading database ... 25%
2026-10-08T14:18:32.1260420Z (Reading database ... 30%
2026-10-08T14:18:32.1260685Z (Reading database ... 35%
2026-10-08T14:18:32.1260928Z (Reading database ... 40%
2026-10-08T14:18:32.1261193Z (Reading database ... 45%
2026-10-08T14:18:32.1261423Z (Reading database ... 50%
2026-10-08T14:18:32.1261704Z (Reading database ... 55%
2026-10-08T14:18:32.1262063Z (Reading database ... 60%
2026-10-08T14:18:32.1262402Z (Reading database ... 65%
2026-10-08T14:18:32.1262666Z (Reading database ... 70%
2026-10-08T14:18:32.1262902Z (Reading database ... 75%
2026-10-08T14:18:32.1263124Z (Reading database ... 80%
2026-10-08T14:18:32.1263398Z (Reading database ... 85%
2026-10-08T14:18:32.1263743Z (Reading database ... 90%
2026-10-08T14:18:32.1264017Z (Reading database ... 95%
2026-10-08T14:18:32.1264251Z (Reading database ... 100%
2026-10-08T14:18:32.1264731Z (Reading database ... 9833 files and directories currently installed.)
2026-10-08T14:18:32.1265144Z #13 6.342 Removing gcc-12 (12.2.0-14+deb12u1) ...
2026-10-08T14:18:32.1265462Z #13 6.359 Removing binutils (2.40-2) ...
2026-10-08T14:18:32.2325245Z #13 6.367 Removing binutils-x86-64-linux-gnu (2.40-2) ...
2026-10-08T14:18:32.2325678Z #13 6.378 Removing libgprofng0:amd64 (2.40-2) ...
2026-10-08T14:18:32.2326004Z #13 6.388 Removing libctf0:amd64 (2.40-2) ...
2026-10-08T14:18:32.2326421Z #13 6.397 Removing libbinutils:amd64 (2.40-2) ...
2026-10-08T14:18:32.2326754Z #13 6.406 Removing binutils-common:amd64 (2.40-2) ...
2026-10-08T14:18:32.2327203Z #13 6.413 Removing cpp (4:12.2.0-3) ...
2026-10-08T14:18:32.2327624Z #13 6.424 Removing cpp-12 (12.2.0-14+deb12u1) ...
2026-10-08T14:18:32.2327976Z #13 6.435 Removing libgcc-12-dev:amd64 (12.2.0-14+deb12u1) ...
2026-10-08T14:18:32.2328382Z #13 6.448 Removing libasan8:amd64 (12.2.0-14+deb12u1) ...
2026-10-08T14:18:32.2328729Z #13 6.457 Removing libatomic1:amd64 (12.2.0-14+deb12u1) ...
2026-10-08T14:18:32.2329426Z #13 6.466 Removing libc-dev-bin (2.36-9+deb12u14) ...
2026-10-08T14:18:32.3334993Z #13 6.476 Removing libcc1-0:amd64 (12.2.0-14+deb12u1) ...
2026-10-08T14:18:32.3335408Z #13 6.485 Removing libcrypt-dev:amd64 (1:4.4.33-2) ...
2026-10-08T14:18:32.3335931Z #13 6.498 Removing libctf-nobfd0:amd64 (2.40-2) ...
2026-10-08T14:18:32.3336343Z #13 6.507 Removing libgomp1:amd64 (12.2.0-14+deb12u1) ...
2026-10-08T14:18:32.3336817Z #13 6.516 Removing libnsl-dev:amd64 (1.3.0-2) ...
2026-10-08T14:18:32.3337212Z #13 6.524 Removing libtirpc-dev:amd64 (1.3.3+ds-1) ...
2026-10-08T14:18:32.3337519Z #13 6.532 Removing libnsl2:amd64 (1.3.0-2) ...
2026-10-08T14:18:32.3337886Z #13 6.541 Removing libtirpc3:amd64 (1.3.3+ds-1) ...
2026-10-08T14:18:32.3338248Z #13 6.550 Removing libgssapi-krb5-2:amd64 (1.20.1-2+deb12u5) ...
2026-10-08T14:18:32.3338695Z #13 6.558 Removing libisl23:amd64 (0.25-1.1) ...
2026-10-08T14:18:32.3339269Z #13 6.567 Removing libitm1:amd64 (12.2.0-14+deb12u1) ...
2026-10-08T14:18:32.4397886Z #13 6.575 Removing libjansson4:amd64 (2.14-2) ...
2026-10-08T14:18:32.4398720Z #13 6.584 Removing libkrb5-3:amd64 (1.20.1-2+deb12u5) ...
2026-10-08T14:18:32.4399581Z #13 6.594 Removing libk5crypto3:amd64 (1.20.1-2+deb12u5) ...
2026-10-08T14:18:32.4400110Z #13 6.602 Removing libkeyutils1:amd64 (1.6.3-2) ...
2026-10-08T14:18:32.4400568Z #13 6.611 Removing libkrb5support0:amd64 (1.20.1-2+deb12u5) ...
2026-10-08T14:18:32.4401148Z #13 6.621 Removing liblsan0:amd64 (12.2.0-14+deb12u1) ...
2026-10-08T14:18:32.4401506Z #13 6.631 Removing libmpc3:amd64 (1.3.1-1) ...
2026-10-08T14:18:32.4402025Z #13 6.640 Removing libmpfr6:amd64 (4.2.0-1) ...
2026-10-08T14:18:32.4402539Z #13 6.648 Removing libquadmath0:amd64 (12.2.0-14+deb12u1) ...
2026-10-08T14:18:32.4402898Z #13 6.657 Removing libssl3:amd64 (3.0.22-1~deb12u1) ...
2026-10-08T14:18:32.4403238Z #13 6.666 Removing libtirpc-common (1.3.3+ds-1) ...
2026-10-08T14:18:32.4403600Z #13 6.673 Removing libtsan2:amd64 (12.2.0-14+deb12u1) ...
2026-10-08T14:18:32.5581317Z #13 6.683 Removing libubsan1:amd64 (12.2.0-14+deb12u1) ...
2026-10-08T14:18:32.5581761Z #13 6.767 Removing linux-libc-dev:amd64 (6.1.187-1) ...
2026-10-08T14:18:32.7544575Z #13 6.791 Removing rpcsvc-proto (1.4.3-1) ...
2026-10-08T14:18:32.7545185Z #13 6.809 Processing triggers for libc-bin (2.36-9+deb12u14) ...
2026-10-08T14:18:32.7545761Z #13 DONE 6.8s
2026-10-08T14:18:32.7545945Z 
2026-10-08T14:18:32.7546077Z #14 [ 9/11] RUN pnpm build
2026-10-08T14:18:32.9598319Z #14 0.358 
2026-10-08T14:18:32.9598734Z #14 0.358 > cocreate@1.0.0 build /app
2026-10-08T14:18:32.9599407Z #14 0.358 > tsc --noEmit && vite build --configLoader runner
2026-10-08T14:18:32.9599784Z #14 0.358 
2026-10-08T14:18:37.9259357Z #14 5.324 vite v7.3.6 building client environment for production...
2026-10-08T14:18:38.1234518Z #14 5.370 transforming...
2026-10-08T14:18:40.3450310Z #14 7.743 ✓ 1749 modules transformed.
2026-10-08T14:18:40.5269434Z #14 7.925 rendering chunks...
2026-10-08T14:18:40.6906764Z #14 8.089 computing gzip size...
2026-10-08T14:18:40.8922112Z #14 8.104 dist/index.html                             0.44 kB │ gzip:   0.30 kB
2026-10-08T14:18:40.8923407Z #14 8.104 dist/assets/App-BqUO_rW7.css                2.56 kB │ gzip:   0.85 kB
2026-10-08T14:18:40.8924393Z #14 8.105 dist/assets/LandingPage-CNj4pefA.css       13.13 kB │ gzip:   2.95 kB
2026-10-08T14:18:40.8925376Z #14 8.105 dist/assets/index-cyLHvudv.css             75.38 kB │ gzip:  14.48 kB
2026-10-08T14:18:40.8926272Z #14 8.105 dist/assets/users-BIdyuxqP.js               0.69 kB │ gzip:   0.39 kB
2026-10-08T14:18:40.8927142Z #14 8.105 dist/assets/createLucideIcon-DcEYS1mU.js    0.89 kB │ gzip:   0.55 kB
2026-10-08T14:18:40.8928006Z #14 8.105 dist/assets/x-DO2zMSIY.js                   1.70 kB │ gzip:   0.78 kB
2026-10-08T14:18:40.8929047Z #14 8.105 dist/assets/LandingPage-DCr6qHiF.js        15.33 kB │ gzip:   4.92 kB
2026-10-08T14:18:40.8930036Z #14 8.105 dist/assets/ProjectApp-DXmAqhy1.js         29.68 kB │ gzip:   9.01 kB
2026-10-08T14:18:40.8930993Z #14 8.105 dist/assets/index-BPNFqXSv.js             421.95 kB │ gzip: 121.32 kB
2026-10-08T14:18:40.8931830Z #14 8.105 dist/assets/App-DhzRZNRs.js               583.75 kB │ gzip: 185.76 kB
2026-10-08T14:18:40.8932489Z #14 8.105 
2026-10-08T14:18:40.8933737Z #14 8.105 (!) Some chunks are larger than 500 kB after minification. Consider:
2026-10-08T14:18:40.8934326Z #14 8.105 - Using dynamic import() to code-split the application
2026-10-08T14:18:40.8935087Z #14 8.105 - Use build.rollupOptions.output.manualChunks to improve chunking: https://rollupjs.org/configuration-options/#output-manualchunks
2026-10-08T14:18:40.8935811Z #14 8.105 - Adjust chunk size limit for this warning via build.chunkSizeWarningLimit.
2026-10-08T14:18:40.8936421Z #14 8.105 ✓ built in 2.76s
2026-10-08T14:18:40.8936684Z #14 DONE 8.2s
2026-10-08T14:18:40.8936805Z 
2026-10-08T14:18:40.8937051Z #15 [10/11] RUN node scripts/release-fingerprint.mjs --write-image
2026-10-08T14:18:40.8937922Z #15 0.124 {"fingerprint":"42b5e726b9bffc2708ffe52b7670af803a1dfcb39c7ff6ba36aabf6dfffeb2c4","sourceFiles":87,"scope":"Source/build input attestation only; not runtime acceptance"}
2026-10-08T14:18:41.0502400Z #15 DONE 0.1s
2026-10-08T14:18:41.0502779Z 
2026-10-08T14:18:41.0503891Z #16 [11/11] RUN pnpm exec tsx scripts/prepare-isolation.ts --files-only && mkdir -p /app/data /app/generated && chown -R node:node /app/.runtime /app/data /app/generated
2026-10-08T14:18:41.3539251Z #16 0.454 {"policy":"isolated-compile-v1","platform":"linux","scope":"Trusted files prepared; kernel boundary not exercised"}
2026-10-08T14:18:41.5617467Z #16 DONE 0.5s
2026-10-08T14:18:41.5618084Z 
2026-10-08T14:18:41.5618461Z #17 exporting to image
2026-10-08T14:18:41.5619081Z #17 exporting layers
2026-10-08T14:18:47.6274776Z #17 exporting layers 6.2s done
2026-10-08T14:18:47.6568283Z #17 writing image sha256:fd513d6b181aa27f3ccb82d4811893498a9e67d11dbbfd8dbfec88e14616c109 done
2026-10-08T14:18:47.6568806Z #17 naming to docker.io/library/cocreate-check done
2026-10-08T14:18:47.6569401Z #17 DONE 6.2s
2026-10-08T14:18:47.6572712Z 
2026-10-08T14:18:47.6573472Z  [33m4 warnings found (use docker --debug to expand):
2026-10-08T14:18:47.6574332Z [0m - SecretsUsedInArgOrEnv: Do not use ARG or ENV instructions for sensitive data (ARG "VITE_COCREATE_AUTH_MODE") (line 12)
2026-10-08T14:18:47.6575162Z  - SecretsUsedInArgOrEnv: Do not use ARG or ENV instructions for sensitive data (ARG "VITE_SUPABASE_PUBLISHABLE_KEY") (line 15)
2026-10-08T14:18:47.6575987Z  - SecretsUsedInArgOrEnv: Do not use ARG or ENV instructions for sensitive data (ENV "VITE_COCREATE_AUTH_MODE") (line 16)
2026-10-08T14:18:47.6576900Z  - SecretsUsedInArgOrEnv: Do not use ARG or ENV instructions for sensitive data (ENV "VITE_SUPABASE_PUBLISHABLE_KEY") (line 19)
2026-10-08T14:18:47.6697491Z ##[group]Run root="/sys/fs/cgroup/cocreate-ci-${GITHUB_RUN_ID}-${GITHUB_RUN_ATTEMPT}"
2026-10-08T14:18:47.6698036Z [36;1mroot="/sys/fs/cgroup/cocreate-ci-${GITHUB_RUN_ID}-${GITHUB_RUN_ATTEMPT}"[0m
2026-10-08T14:18:47.6698519Z [36;1msudo sh scripts/prepare-ci-cgroup.sh "$root"[0m
2026-10-08T14:18:47.6699051Z [36;1mecho "COCREATE_CI_CGROUP_ROOT=$root" >> "$GITHUB_ENV"[0m
2026-10-08T14:18:47.6732309Z shell: /usr/bin/bash -e {0}
2026-10-08T14:18:47.6732578Z env:
2026-10-08T14:18:47.6732821Z   PNPM_HOME: /home/runner/setup-pnpm/node_modules/.bin
2026-10-08T14:18:47.6733150Z ##[endgroup]
2026-10-08T14:18:47.6890105Z ##[group]Run sh scripts/run-linux-check.sh node --import tsx scripts/prepare-isolation.ts
2026-10-08T14:18:47.6890648Z [36;1msh scripts/run-linux-check.sh node --import tsx scripts/prepare-isolation.ts[0m
2026-10-08T14:18:47.6914143Z shell: /usr/bin/bash -e {0}
2026-10-08T14:18:47.6914400Z env:
2026-10-08T14:18:47.6914713Z   PNPM_HOME: /home/runner/setup-pnpm/node_modules/.bin
2026-10-08T14:18:47.6915115Z   COCREATE_CI_CGROUP_ROOT: /sys/fs/cgroup/cocreate-ci-37791240056-1
2026-10-08T14:18:47.6915506Z ##[endgroup]
2026-10-08T14:18:47.9768626Z {"policy":"isolated-compile-v1","platform":"linux","scope":"Actual OS boundary preflight passed; no inference"}
2026-10-08T14:18:48.0240138Z ##[group]Run sh scripts/run-linux-check.sh node --import tsx --input-type=module -e 'import {assertVerificationBrowserAvailable} from "./server/isolation/browser.ts"; await assertVerificationBrowserAvailable(); console.log("Actual Linux browser boundary passed; no inference");'
2026-10-08T14:18:48.0241676Z [36;1msh scripts/run-linux-check.sh node --import tsx --input-type=module -e 'import {assertVerificationBrowserAvailable} from "./server/isolation/browser.ts"; await assertVerificationBrowserAvailable(); console.log("Actual Linux browser boundary passed; no inference");'[0m
2026-10-08T14:18:48.0278188Z shell: /usr/bin/bash -e {0}
2026-10-08T14:18:48.0278575Z env:
2026-10-08T14:18:48.0279009Z   PNPM_HOME: /home/runner/setup-pnpm/node_modules/.bin
2026-10-08T14:18:48.0279394Z   COCREATE_CI_CGROUP_ROOT: /sys/fs/cgroup/cocreate-ci-37791240056-1
2026-10-08T14:18:48.0279773Z ##[endgroup]
2026-10-08T14:18:48.7408675Z /app/server/isolation/browser.ts:13
2026-10-08T14:18:48.7418683Z const unavailable = () => new IsolationError('isolation_unavailable', 'Isolated verification browser is unavailable. Prepare the verification runtime, then explicitly retry; the previous artifact is retained.');
2026-10-08T14:18:48.7419478Z                           ^
2026-10-08T14:18:48.7419707Z 
2026-10-08T14:18:48.7420167Z IsolationError: Isolated verification browser is unavailable. Prepare the verification runtime, then explicitly retry; the previous artifact is retained.
2026-10-08T14:18:48.7420734Z     at unavailable (/app/server/isolation/browser.ts:13:27)
2026-10-08T14:18:48.7421161Z     at Socket.<anonymous> (/app/server/isolation/browser.ts:73:47)
2026-10-08T14:18:48.7421489Z     at Socket.emit (node:events:519:28)
2026-10-08T14:18:48.7421797Z     at emitErrorNT (node:internal/streams/destroy:170:8)
2026-10-08T14:18:48.7422206Z     at emitErrorCloseNT (node:internal/streams/destroy:129:3)
2026-10-08T14:18:48.7422646Z     at process.processTicksAndRejections (node:internal/process/task_queues:89:21) {
2026-10-08T14:18:48.7423059Z   code: 'isolation_unavailable',
2026-10-08T14:18:48.7423302Z   cause: {
2026-10-08T14:18:48.7423509Z     exitCode: 139,
2026-10-08T14:18:48.7423885Z     phase: 'cleanup',
2026-10-08T14:18:48.7424647Z     diagnostic: '[1008/141848.266157:ERROR:dbus/bus.cc:405] Failed to connect to the bus: Failed to connect to socket /run/dbus/system_bus_socket: No such file or directory\n' +
2026-10-08T14:18:48.7425867Z       '[1008/141848.266196:ERROR:dbus/bus.cc:405] Failed to connect to the bus: Could not parse server address: Unknown address type (examples of valid types are "tcp" and on UNIX "unix")\n' +
2026-10-08T14:18:48.7427052Z       '[1008/141848.267439:ERROR:dbus/bus.cc:405] Failed to connect to the bus: Failed to connect to socket /run/dbus/system_bus_socket: No such file or directory\n' +
2026-10-08T14:18:48.7428133Z       '[1008/141848.267473:ERROR:dbus/bus.cc:405] Failed to connect to the bus: Failed to connect to socket /run/dbus/system_bus_socket: No such file or directory\n'
2026-10-08T14:18:48.7429592Z   }
2026-10-08T14:18:48.7429848Z }
2026-10-08T14:18:48.7430016Z 
2026-10-08T14:18:48.7430126Z Node.js v22.23.3
2026-10-08T14:18:48.7781546Z ##[error]Process completed with exit code 1.
2026-10-08T14:18:48.7827086Z ##[group]Run sh scripts/run-linux-check.sh node --import tsx scripts/diagnose-linux-browser.ts
2026-10-08T14:18:48.7827615Z [36;1msh scripts/run-linux-check.sh node --import tsx scripts/diagnose-linux-browser.ts[0m
2026-10-08T14:18:48.7860810Z shell: /usr/bin/bash -e {0}
2026-10-08T14:18:48.7861061Z env:
2026-10-08T14:18:48.7861372Z   PNPM_HOME: /home/runner/setup-pnpm/node_modules/.bin
2026-10-08T14:18:48.7861735Z   COCREATE_CI_CGROUP_ROOT: /sys/fs/cgroup/cocreate-ci-37791240056-1
2026-10-08T14:18:48.7862048Z ##[endgroup]
2026-10-08T14:18:49.1191533Z {"scope":"Trusted version metadata only","addressSpace":2147483648,"status":133,"signal":null,"stdout":"","stderr":""}
2026-10-08T14:18:49.1374332Z {"scope":"Trusted version metadata only","addressSpace":"CI cgroup only","status":0,"signal":null,"stdout":"Chromium 154.0.8037.92\n","stderr":""}
2026-10-08T14:18:49.1857444Z ##[group]Run docker build --tag cocreate-file-diagnose - <<'DOCKER'
2026-10-08T14:18:49.1857920Z [36;1mdocker build --tag cocreate-file-diagnose - <<'DOCKER'[0m
2026-10-08T14:18:49.1858251Z [36;1mFROM cocreate-check[0m
2026-10-08T14:18:49.1858631Z [36;1mRUN apt-get update && apt-get install -y --no-install-recommends strace && rm -rf /var/lib/apt/lists/*[0m
2026-10-08T14:18:49.1859557Z [36;1mDOCKER[0m
2026-10-08T14:18:49.1859986Z [36;1msed 's/cocreate-check/cocreate-file-diagnose/g' scripts/run-linux-check.sh > /tmp/cocreate-file-diagnose.sh[0m
2026-10-08T14:18:49.1860546Z [36;1msh /tmp/cocreate-file-diagnose.sh timeout 30s node --import tsx scripts/diagnose-browser-file-limit.ts[0m
2026-10-08T14:18:49.1896111Z shell: /usr/bin/bash -e {0}
2026-10-08T14:18:49.1896328Z env:
2026-10-08T14:18:49.1896705Z   PNPM_HOME: /home/runner/setup-pnpm/node_modules/.bin
2026-10-08T14:18:49.1897059Z   COCREATE_CI_CGROUP_ROOT: /sys/fs/cgroup/cocreate-ci-37791240056-1
2026-10-08T14:18:49.1897430Z ##[endgroup]
2026-10-08T14:18:49.4491342Z #0 building with "default" instance using docker driver
2026-10-08T14:18:49.4491688Z 
2026-10-08T14:18:49.4491873Z #1 [internal] load build definition from Dockerfile
2026-10-08T14:18:49.4492389Z #1 transferring dockerfile: 160B done
2026-10-08T14:18:49.4492667Z #1 DONE 0.0s
2026-10-08T14:18:49.4492774Z 
2026-10-08T14:18:49.4493040Z #2 [internal] load metadata for docker.io/library/cocreate-check:latest
2026-10-08T14:18:49.4493414Z #2 DONE 0.0s
2026-10-08T14:18:49.4493586Z 
2026-10-08T14:18:49.4493726Z #3 [internal] load .dockerignore
2026-10-08T14:18:49.4494121Z #3 transferring context: 2B done
2026-10-08T14:18:49.4494415Z #3 DONE 0.0s
2026-10-08T14:18:49.4494514Z 
2026-10-08T14:18:49.4494754Z #4 [1/2] FROM docker.io/library/cocreate-check:latest
2026-10-08T14:18:49.4495051Z #4 DONE 0.0s
2026-10-08T14:18:49.4495187Z 
2026-10-08T14:18:49.4495568Z #5 [2/2] RUN apt-get update && apt-get install -y --no-install-recommends strace && rm -rf /var/lib/apt/lists/*
2026-10-08T14:18:49.4496205Z #5 0.125 Get:1 http://deb.debian.org/debian bookworm InRelease [151 kB]
2026-10-08T14:18:49.5771807Z #5 0.150 Get:2 http://deb.debian.org/debian bookworm-updates InRelease [55.4 kB]
2026-10-08T14:18:49.5773063Z #5 0.159 Get:3 http://deb.debian.org/debian-security bookworm-security InRelease [34.8 kB]
2026-10-08T14:18:49.5774157Z #5 0.189 Get:4 http://deb.debian.org/debian bookworm/main amd64 Packages [8790 kB]
2026-10-08T14:18:49.5775309Z #5 0.253 Get:5 http://deb.debian.org/debian bookworm-updates/main amd64 Packages [6924 B]
2026-10-08T14:18:49.7283566Z #5 0.253 Get:6 http://deb.debian.org/debian-security bookworm-security/main amd64 Packages [349 kB]
2026-10-08T14:18:50.2410768Z #5 0.916 Fetched 9388 kB in 1s (11.5 MB/s)
2026-10-08T14:18:50.5454607Z #5 0.916 Reading package lists...
2026-10-08T14:18:50.8651056Z #5 1.235 Reading package lists...
2026-10-08T14:18:51.0296904Z #5 1.552 Building dependency tree...
2026-10-08T14:18:51.0297435Z #5 1.617 Reading state information...
2026-10-08T14:18:51.0297873Z #5 1.705 The following additional packages will be installed:
2026-10-08T14:18:51.2052756Z #5 1.705   libunwind8
2026-10-08T14:18:51.2053291Z #5 1.731 The following NEW packages will be installed:
2026-10-08T14:18:51.2053646Z #5 1.731   libunwind8 strace
2026-10-08T14:18:51.2054047Z #5 1.766 0 upgraded, 2 newly installed, 0 to remove and 1 not upgraded.
2026-10-08T14:18:51.2054400Z #5 1.766 Need to get 1365 kB of archives.
2026-10-08T14:18:51.2054764Z #5 1.766 After this operation, 3108 kB of additional disk space will be used.
2026-10-08T14:18:51.2055307Z #5 1.766 Get:1 http://deb.debian.org/debian bookworm/main amd64 libunwind8 amd64 1.6.2-3 [51.2 kB]
2026-10-08T14:18:51.2055831Z #5 1.786 Get:2 http://deb.debian.org/debian bookworm/main amd64 strace amd64 6.1-0.1 [1314 kB]
2026-10-08T14:18:51.2056361Z #5 1.881 debconf: delaying package configuration, since apt-utils is not installed
2026-10-08T14:18:51.3283922Z #5 1.895 Fetched 1365 kB in 0s (16.6 MB/s)
2026-10-08T14:18:51.3285363Z #5 1.904 Selecting previously unselected package libunwind8:amd64.
2026-10-08T14:18:51.3286027Z #5 1.904 (Reading database ... 
2026-10-08T14:18:51.3286514Z (Reading database ... 5%
2026-10-08T14:18:51.3287047Z (Reading database ... 10%
2026-10-08T14:18:51.3287544Z (Reading database ... 15%
2026-10-08T14:18:51.3288009Z (Reading database ... 20%
2026-10-08T14:18:51.3288493Z (Reading database ... 25%
2026-10-08T14:18:51.3289098Z (Reading database ... 30%
2026-10-08T14:18:51.3289648Z (Reading database ... 35%
2026-10-08T14:18:51.3290013Z (Reading database ... 40%
2026-10-08T14:18:51.3290322Z (Reading database ... 45%
2026-10-08T14:18:51.3290582Z (Reading database ... 50%
2026-10-08T14:18:51.3290831Z (Reading database ... 55%
2026-10-08T14:18:51.3291104Z (Reading database ... 60%
2026-10-08T14:18:51.3291346Z (Reading database ... 65%
2026-10-08T14:18:51.3291632Z (Reading database ... 70%
2026-10-08T14:18:51.3291905Z (Reading database ... 75%
2026-10-08T14:18:51.3292163Z (Reading database ... 80%
2026-10-08T14:18:51.3292489Z (Reading database ... 85%
2026-10-08T14:18:51.3292731Z (Reading database ... 90%
2026-10-08T14:18:51.3292964Z (Reading database ... 95%
2026-10-08T14:18:51.3293261Z (Reading database ... 100%
2026-10-08T14:18:51.3293640Z (Reading database ... 7945 files and directories currently installed.)
2026-10-08T14:18:51.3294096Z #5 1.910 Preparing to unpack .../libunwind8_1.6.2-3_amd64.deb ...
2026-10-08T14:18:51.3294482Z #5 1.911 Unpacking libunwind8:amd64 (1.6.2-3) ...
2026-10-08T14:18:51.3294824Z #5 1.923 Selecting previously unselected package strace.
2026-10-08T14:18:51.3295331Z #5 1.924 Preparing to unpack .../strace_6.1-0.1_amd64.deb ...
2026-10-08T14:18:51.3295896Z #5 1.925 Unpacking strace (6.1-0.1) ...
2026-10-08T14:18:51.3296348Z #5 1.968 Setting up libunwind8:amd64 (1.6.2-3) ...
2026-10-08T14:18:51.3296682Z #5 1.970 Setting up strace (6.1-0.1) ...
2026-10-08T14:18:51.3297021Z #5 1.972 Processing triggers for libc-bin (2.36-9+deb12u14) ...
2026-10-08T14:18:51.3297359Z #5 DONE 2.0s
2026-10-08T14:18:51.4793987Z 
2026-10-08T14:18:51.4794307Z #6 exporting to image
2026-10-08T14:18:51.4794616Z #6 exporting layers
2026-10-08T14:18:52.4730417Z #6 exporting layers 1.1s done
2026-10-08T14:18:52.4978481Z #6 writing image sha256:8b278b6dd2488f69d0014bf0d7ed86e0857a7903fef709a6bc512106687b93ae done
2026-10-08T14:18:52.4979242Z #6 naming to docker.io/library/cocreate-file-diagnose done
2026-10-08T14:18:52.4979791Z #6 DONE 1.2s
2026-10-08T14:18:52.8383932Z [1008/141852.836997:ERROR:dbus/bus.cc:405] Failed to connect to the bus: Failed to connect to socket /run/dbus/system_bus_socket: No such file or directory
2026-10-08T14:18:52.8384993Z [1008/141852.837086:ERROR:dbus/bus.cc:405] Failed to connect to the bus: Could not parse server address: Unknown address type (examples of valid types are "tcp" and on UNIX "unix")
2026-10-08T14:18:52.8450589Z [1008/141852.844467:ERROR:dbus/bus.cc:405] Failed to connect to the bus: Failed to connect to socket /run/dbus/system_bus_socket: No such file or directory
2026-10-08T14:18:52.8453185Z [1008/141852.844616:ERROR:dbus/bus.cc:405] Failed to connect to the bus: Failed to connect to socket /run/dbus/system_bus_socket: No such file or directory
2026-10-08T14:18:52.8470917Z [pid    41] ftruncate(28</memfd:shared-memory-region>(deleted), 4) = 0
2026-10-08T14:18:52.8754714Z [1008/141852.875077:WARNING:media/gpu/vaapi/vaapi_wrapper.cc:1660] drmGetDevices2() has not found any devices
2026-10-08T14:18:52.8952143Z [pid    41] ftruncate(39</memfd:shared-memory-region>(deleted), 8) = 0
2026-10-08T14:18:52.8961584Z [pid    50] ftruncate(37</profile/Default/declarative_performance_observer.db>, 12288) = 0
2026-10-08T14:18:52.8970186Z [pid    50] ftruncate(40</profile/Default/declarative_performance_observer.db-journal>, 0) = 0
2026-10-08T14:18:52.8982429Z [pid    50] ftruncate(37</profile/Default/declarative_performance_observer.db>, 20480) = 0
2026-10-08T14:18:52.8988640Z [pid    50] ftruncate(40</profile/Default/declarative_performance_observer.db-journal>, 0) = 0
2026-10-08T14:18:52.8999922Z [pid    50] ftruncate(37</profile/Default/declarative_performance_observer.db>, 28672) = 0
2026-10-08T14:18:52.9008223Z [pid    50] ftruncate(40</profile/Default/declarative_performance_observer.db-journal>, 0) = 0
2026-10-08T14:18:52.9019422Z [pid    50] ftruncate(37</profile/Default/declarative_performance_observer.db>, 32768 <unfinished ...>
2026-10-08T14:18:52.9020266Z [pid    69] ftruncate(44</profile/Default/GPUCache/index>, 262512) = 0
2026-10-08T14:18:52.9020848Z [pid    50] <... ftruncate resumed>)    = 0
2026-10-08T14:18:52.9029661Z [pid    50] ftruncate(40</profile/Default/declarative_performance_observer.db-journal>, 0) = 0
2026-10-08T14:18:52.9118681Z [pid    69] ftruncate(48</profile/Default/GPUCache/data_1>, 270336) = 0
2026-10-08T14:18:52.9130269Z [pid    69] ftruncate(51</profile/Default/DawnWebGPUCache/index>, 262512) = 0
2026-10-08T14:18:52.9145286Z [1008/141852.914163:ERROR:dbus/object_proxy.cc:572] Failed to call method: org.freedesktop.DBus.NameHasOwner: object_path= /org/freedesktop/DBus: unknown error type: 
2026-10-08T14:18:52.9151671Z [1008/141852.914672:ERROR:dbus/bus.cc:405] Failed to connect to the bus: Could not parse server address: Unknown address type (examples of valid types are "tcp" and on UNIX "unix")
2026-10-08T14:18:52.9152970Z [1008/141852.914820:WARNING:device/bluetooth/dbus/bluez_dbus_manager.cc:209] Floss manager service not available, cannot set Floss enable/disable.
2026-10-08T14:18:52.9224755Z [pid    69] ftruncate(59</profile/Default/DawnWebGPUCache/data_1>, 270336) = 0
2026-10-08T14:18:52.9285201Z [pid    69] ftruncate(67</profile/Default/DawnGraphiteCache/index>, 262512) = 0
2026-10-08T14:18:52.9309850Z [1008/141852.930614:ERROR:dbus/object_proxy.cc:572] Failed to call method: org.freedesktop.DBus.NameHasOwner: object_path= /org/freedesktop/DBus: unknown error type: 
2026-10-08T14:18:52.9327793Z [pid    50] ftruncate(65</profile/Default/Shared Dictionary/db>, 12288) = 0
2026-10-08T14:18:52.9339610Z [pid    50] ftruncate(61</profile/Default/Shared Dictionary/db-journal>, 0) = 0
2026-10-08T14:18:52.9353488Z [pid    54] ftruncate(61</memfd:shared-memory-region>(deleted), 16) = 0
2026-10-08T14:18:52.9946417Z ##[group]Run sh scripts/run-linux-check.sh node --import tsx --test --test-concurrency=1 tests/generated-isolation.test.ts
2026-10-08T14:18:52.9947075Z [36;1msh scripts/run-linux-check.sh node --import tsx --test --test-concurrency=1 tests/generated-isolation.test.ts[0m
2026-10-08T14:18:52.9980193Z shell: /usr/bin/bash -e {0}
2026-10-08T14:18:52.9980493Z env:
2026-10-08T14:18:52.9980780Z   PNPM_HOME: /home/runner/setup-pnpm/node_modules/.bin
2026-10-08T14:18:52.9981131Z   COCREATE_CI_CGROUP_ROOT: /sys/fs/cgroup/cocreate-ci-37791240056-1
2026-10-08T14:18:52.9981533Z ##[endgroup]
2026-10-08T14:18:53.1110343Z TAP version 13
2026-10-08T14:18:55.8225868Z # Subtest: ordinary compilation runs in the real OS boundary and never evaluates candidate top-level code
2026-10-08T14:18:55.8227965Z ok 1 - ordinary compilation runs in the real OS boundary and never evaluates candidate top-level code
2026-10-08T14:18:55.8228719Z   ---
2026-10-08T14:18:55.8229905Z   duration_ms: 2581.743447
2026-10-08T14:18:55.8230663Z   type: 'test'
2026-10-08T14:18:55.8231029Z   ...
2026-10-08T14:18:55.8590353Z # Subtest: OS boundary without Node permissions denies an existing private host file, writes and live loopback network
2026-10-08T14:18:55.8594401Z ok 2 - OS boundary without Node permissions denies an existing private host file, writes and live loopback network
2026-10-08T14:18:55.8596150Z   ---
2026-10-08T14:18:55.8596728Z   duration_ms: 41.455931
2026-10-08T14:18:55.8597267Z   type: 'test'
2026-10-08T14:18:55.8597639Z   ...
2026-10-08T14:18:55.8992023Z # Subtest: restricted process strips injection/secrets and denies subprocesses, workers and cross-workspace reads
2026-10-08T14:18:55.8993858Z ok 3 - restricted process strips injection/secrets and denies subprocesses, workers and cross-workspace reads
2026-10-08T14:18:55.8997264Z   ---
2026-10-08T14:18:55.8997641Z   duration_ms: 34.250119
2026-10-08T14:18:55.8997976Z   type: 'test'
2026-10-08T14:18:55.8998178Z   ...
2026-10-08T14:18:59.1965959Z # Subtest: candidate imports cannot read absolute files, traverse workspaces or download packages/styles
2026-10-08T14:18:59.1966850Z ok 4 - candidate imports cannot read absolute files, traverse workspaces or download packages/styles
2026-10-08T14:18:59.1967540Z   ---
2026-10-08T14:18:59.1968401Z   duration_ms: 3303.498971
2026-10-08T14:18:59.1968974Z   type: 'test'
2026-10-08T14:18:59.1969323Z   ...
2026-10-08T14:19:00.2024395Z # Subtest: wall timeout terminates a running child and cleans its private input
2026-10-08T14:19:00.2025386Z ok 5 - wall timeout terminates a running child and cleans its private input
2026-10-08T14:19:00.2025913Z   ---
2026-10-08T14:19:00.2026287Z   duration_ms: 1005.596225
2026-10-08T14:19:00.2026638Z   type: 'test'
2026-10-08T14:19:00.2027022Z   ...
2026-10-08T14:19:00.2069907Z # Subtest: cancellation waits for real child termination and cleanup; pre-abort starts nothing
2026-10-08T14:19:00.2079582Z ok 6 - cancellation waits for real child termination and cleanup; pre-abort starts nothing
2026-10-08T14:19:00.2080293Z   ---
2026-10-08T14:19:00.2080586Z   duration_ms: 5.418162
2026-10-08T14:19:00.2080950Z   type: 'test'
2026-10-08T14:19:00.2081253Z   ...
2026-10-08T14:19:00.6614136Z # Subtest: memory exhaustion cannot escape the OS bound and leaves no child work
2026-10-08T14:19:00.6615498Z ok 7 - memory exhaustion cannot escape the OS bound and leaves no child work
2026-10-08T14:19:00.6616088Z   ---
2026-10-08T14:19:00.6616377Z   duration_ms: 453.284446
2026-10-08T14:19:00.6616687Z   type: 'test'
2026-10-08T14:19:00.6617040Z   ...
2026-10-08T14:19:00.6617543Z # Subtest: unavailable isolation fails explicitly and cannot fall back to host compilation
2026-10-08T14:19:00.6618269Z ok 8 - unavailable isolation fails explicitly and cannot fall back to host compilation
2026-10-08T14:19:00.6618746Z   ---
2026-10-08T14:19:00.6619159Z   duration_ms: 0.481946
2026-10-08T14:19:00.6619560Z   type: 'test'
2026-10-08T14:19:00.6619829Z   ...
2026-10-08T14:19:10.6683185Z # Subtest: CPU bound stops a busy child before the longer wall deadline
2026-10-08T14:19:10.6683880Z ok 9 - CPU bound stops a busy child before the longer wall deadline
2026-10-08T14:19:10.6684412Z   ---
2026-10-08T14:19:10.6684708Z   duration_ms: 10006.149048
2026-10-08T14:19:10.6685192Z   type: 'test'
2026-10-08T14:19:10.6685464Z   ...
2026-10-08T14:19:10.8046936Z # Subtest: untrusted output is bounded before it reaches application memory or artifacts
2026-10-08T14:19:10.8048005Z ok 10 - untrusted output is bounded before it reaches application memory or artifacts
2026-10-08T14:19:10.8048526Z   ---
2026-10-08T14:19:10.8051185Z   duration_ms: 138.646975
2026-10-08T14:19:10.8051677Z   type: 'test'
2026-10-08T14:19:10.8051946Z   ...
2026-10-08T14:19:10.8134307Z 1..10
2026-10-08T14:19:10.8134628Z # tests 10
2026-10-08T14:19:10.8135335Z # suites 0
2026-10-08T14:19:10.8135623Z # pass 10
2026-10-08T14:19:10.8138529Z # fail 0
2026-10-08T14:19:10.8139034Z # cancelled 0
2026-10-08T14:19:10.8139322Z # skipped 0
2026-10-08T14:19:10.8139533Z # todo 0
2026-10-08T14:19:10.8139792Z # duration_ms 17709.963533
2026-10-08T14:19:10.8583632Z ##[group]Run case "$COCREATE_CI_CGROUP_ROOT" in /sys/fs/cgroup/cocreate-ci-*) ;; *) exit 126 ;; esac
2026-10-08T14:19:10.8584253Z [36;1mcase "$COCREATE_CI_CGROUP_ROOT" in /sys/fs/cgroup/cocreate-ci-*) ;; *) exit 126 ;; esac[0m
2026-10-08T14:19:10.8584726Z [36;1msudo find "$COCREATE_CI_CGROUP_ROOT" -depth -type d -exec rmdir {} \;[0m
2026-10-08T14:19:10.8620106Z shell: /usr/bin/bash -e {0}
2026-10-08T14:19:10.8620442Z env:
2026-10-08T14:19:10.8620718Z   PNPM_HOME: /home/runner/setup-pnpm/node_modules/.bin
2026-10-08T14:19:10.8621076Z   COCREATE_CI_CGROUP_ROOT: /sys/fs/cgroup/cocreate-ci-37791240056-1
2026-10-08T14:19:10.8621415Z ##[endgroup]
2026-10-08T14:19:10.8819338Z Post job cleanup.
2026-10-08T14:19:10.9851242Z Pruning is unnecessary.
2026-10-08T14:19:10.9956216Z Post job cleanup.
2026-10-08T14:19:11.0639993Z [command]/usr/bin/git version
2026-10-08T14:19:11.0660514Z git version 2.55.0
2026-10-08T14:19:11.0740747Z Temporarily overriding HOME='/home/runner/work/_temp/a63a2bcd-3f00-4a0d-822c-6c6835a4a3ac' before making global git config changes
2026-10-08T14:19:11.0741796Z Adding repository directory to the temporary git global config as a safe directory
2026-10-08T14:19:11.0754736Z [command]/usr/bin/git config --global --add safe.directory /home/runner/work/Cocreate/Cocreate
2026-10-08T14:19:11.0778576Z [command]/usr/bin/git config --local --name-only --get-regexp core\.sshCommand
2026-10-08T14:19:11.0808695Z [command]/usr/bin/git submodule foreach --recursive sh -c "git config --local --name-only --get-regexp 'core\.sshCommand' && git config --local --unset-all 'core.sshCommand' || :"
2026-10-08T14:19:11.1040995Z [command]/usr/bin/git config --local --name-only --get-regexp http\.https\:\/\/github\.com\/\.extraheader
2026-10-08T14:19:11.1077567Z http.https://github.com/.extraheader
2026-10-08T14:19:11.1080490Z [command]/usr/bin/git config --local --unset-all http.https://github.com/.extraheader
2026-10-08T14:19:11.1109302Z [command]/usr/bin/git submodule foreach --recursive sh -c "git config --local --name-only --get-regexp 'http\.https\:\/\/github\.com\/\.extraheader' && git config --local --unset-all 'http.https://github.com/.extraheader' || :"
2026-10-08T14:19:11.1282949Z [command]/usr/bin/git config --local --name-only --get-regexp ^includeIf\.gitdir:
2026-10-08T14:19:11.1305838Z [command]/usr/bin/git submodule foreach --recursive git config --local --show-origin --name-only --get-regexp remote.origin.url
2026-10-08T14:19:11.1562489Z Cleaning up orphan processes
2026-10-08T14:19:11.1792601Z ##[warning]Node.js 20 is deprecated. The following actions target Node.js 20 but are being forced to run on Node.js 24: actions/checkout@11d5960a326750d5838078e36cf38b85af677262, actions/setup-node@49933ea5288caeca8642d1e84afbd3f7d6820020, pnpm/action-setup@f40ffcd9367d9f12939873eb1018b921a783ffaa. For more information see: https://github.blog/changelog/2025-09-19-deprecation-of-node-20-on-github-actions-runners/
