2026-10-08T15:42:55.5694976Z Current runner version: '2.337.0'
2026-10-08T15:42:55.5724414Z ##[group]Runner Image Provisioner
2026-10-08T15:42:55.5725580Z Hosted Compute Agent
2026-10-08T15:42:55.5726382Z Version: 20261002.596
2026-10-08T15:42:55.5727166Z Commit: c3d12f3313a95f25162a1503be624f3b0617f8c0
2026-10-08T15:42:55.5728183Z Build Date: 2026-10-02T22:28:27Z
2026-10-08T15:42:55.5729087Z Worker ID: {8e002b8a-e068-47ec-8664-4af4a2ffbf7b}
2026-10-08T15:42:55.5730082Z Region: eastus
2026-10-08T15:42:55.5730803Z Cloud: Azure
2026-10-08T15:42:55.5731832Z ##[endgroup]
2026-10-08T15:42:55.5734307Z ##[group]Operating System
2026-10-08T15:42:55.5735141Z Ubuntu
2026-10-08T15:42:55.5735909Z 22.04.5
2026-10-08T15:42:55.5736574Z LTS
2026-10-08T15:42:55.5737203Z ##[endgroup]
2026-10-08T15:42:55.5738006Z ##[group]Runner Image
2026-10-08T15:42:55.5738753Z Image: ubuntu-22.04
2026-10-08T15:42:55.5739564Z Version: 20261004.315.1
2026-10-08T15:42:55.5741211Z Included Software: https://github.com/actions/runner-images/blob/ubuntu22/20261004.315/images/ubuntu/Ubuntu2204-Readme.md
2026-10-08T15:42:55.5743305Z Image Release: https://github.com/actions/runner-images/releases/tag/ubuntu22%2F20261004.315
2026-10-08T15:42:55.5744734Z ##[endgroup]
2026-10-08T15:42:55.5746267Z ##[group]GITHUB_TOKEN Permissions
2026-10-08T15:42:55.5748627Z Contents: read
2026-10-08T15:42:55.5749491Z Metadata: read
2026-10-08T15:42:55.5750198Z ##[endgroup]
2026-10-08T15:42:55.5752736Z Secret source: Actions
2026-10-08T15:42:55.5754109Z Cache mode: write
2026-10-08T15:42:55.5755427Z Prepare workflow directory
2026-10-08T15:42:55.6115627Z Prepare all required actions
2026-10-08T15:42:55.6170777Z Getting action download info
2026-10-08T15:42:55.8152472Z Download action repository 'actions/checkout@11d5960a326750d5838078e36cf38b85af677262' (SHA:11d5960a326750d5838078e36cf38b85af677262)
2026-10-08T15:42:56.2495098Z Download action repository 'pnpm/action-setup@f40ffcd9367d9f12939873eb1018b921a783ffaa' (SHA:f40ffcd9367d9f12939873eb1018b921a783ffaa)
2026-10-08T15:42:56.4616988Z Download action repository 'actions/setup-node@49933ea5288caeca8642d1e84afbd3f7d6820020' (SHA:49933ea5288caeca8642d1e84afbd3f7d6820020)
2026-10-08T15:42:56.9741084Z Complete job name: verify
2026-10-08T15:42:57.0534598Z ##[group]Run actions/checkout@11d5960a326750d5838078e36cf38b85af677262
2026-10-08T15:42:57.0536007Z with:
2026-10-08T15:42:57.0536882Z   repository: DD7780/Cocreate
2026-10-08T15:42:57.0549572Z   token: ***
2026-10-08T15:42:57.0550295Z   ssh-strict: true
2026-10-08T15:42:57.0551769Z   ssh-user: git
2026-10-08T15:42:57.0552593Z   persist-credentials: true
2026-10-08T15:42:57.0553559Z   clean: true
2026-10-08T15:42:57.0555240Z   sparse-checkout-cone-mode: true
2026-10-08T15:42:57.0556739Z   fetch-depth: 1
2026-10-08T15:42:57.0557704Z   fetch-tags: false
2026-10-08T15:42:57.0558901Z   show-progress: true
2026-10-08T15:42:57.0561346Z   lfs: false
2026-10-08T15:42:57.0562278Z   submodules: false
2026-10-08T15:42:57.0563116Z   set-safe-directory: true
2026-10-08T15:42:57.0564738Z   allow-unsafe-pr-checkout: false
2026-10-08T15:42:57.0566131Z ##[endgroup]
2026-10-08T15:42:57.1443854Z Syncing repository: DD7780/Cocreate
2026-10-08T15:42:57.1445993Z ##[group]Getting Git version info
2026-10-08T15:42:57.1447152Z Working directory is '/home/runner/work/Cocreate/Cocreate'
2026-10-08T15:42:57.1448722Z [command]/usr/bin/git version
2026-10-08T15:42:57.1523480Z git version 2.55.0
2026-10-08T15:42:57.1574704Z ##[endgroup]
2026-10-08T15:42:57.1587493Z Temporarily overriding HOME='/home/runner/work/_temp/fc8c987f-e60e-4578-b307-6ffc968b2645' before making global git config changes
2026-10-08T15:42:57.1590708Z Adding repository directory to the temporary git global config as a safe directory
2026-10-08T15:42:57.1593345Z [command]/usr/bin/git config --global --add safe.directory /home/runner/work/Cocreate/Cocreate
2026-10-08T15:42:57.1628839Z Deleting the contents of '/home/runner/work/Cocreate/Cocreate'
2026-10-08T15:42:57.1632631Z ##[group]Initializing the repository
2026-10-08T15:42:57.1636473Z [command]/usr/bin/git init /home/runner/work/Cocreate/Cocreate
2026-10-08T15:42:57.3019808Z hint: Using 'master' as the name for the initial branch. This default branch name
2026-10-08T15:42:57.3022444Z hint: will change to "main" in Git 3.0. To configure the initial branch name
2026-10-08T15:42:57.3025282Z hint: to use in all of your new repositories, which will suppress this warning,
2026-10-08T15:42:57.3027345Z hint: call:
2026-10-08T15:42:57.3028496Z hint:
2026-10-08T15:42:57.3029874Z hint: 	git config --global init.defaultBranch <name>
2026-10-08T15:42:57.3031531Z hint:
2026-10-08T15:42:57.3033087Z hint: Names commonly chosen instead of 'master' are 'main', 'trunk' and
2026-10-08T15:42:57.3035727Z hint: 'development'. The just-created branch can be renamed via this command:
2026-10-08T15:42:57.3037758Z hint:
2026-10-08T15:42:57.3038903Z hint: 	git branch -m <name>
2026-10-08T15:42:57.3040219Z hint:
2026-10-08T15:42:57.3041864Z hint: Disable this message with "git config set advice.defaultBranchName false"
2026-10-08T15:42:57.3044884Z Initialized empty Git repository in /home/runner/work/Cocreate/Cocreate/.git/
2026-10-08T15:42:57.3049650Z [command]/usr/bin/git remote add origin https://github.com/DD7780/Cocreate
2026-10-08T15:42:57.3069605Z ##[endgroup]
2026-10-08T15:42:57.3071322Z ##[group]Disabling automatic garbage collection
2026-10-08T15:42:57.3072931Z [command]/usr/bin/git config --local gc.auto 0
2026-10-08T15:42:57.3107248Z ##[endgroup]
2026-10-08T15:42:57.3108806Z ##[group]Setting up auth
2026-10-08T15:42:57.3113204Z [command]/usr/bin/git config --local --name-only --get-regexp core\.sshCommand
2026-10-08T15:42:57.3144921Z [command]/usr/bin/git submodule foreach --recursive sh -c "git config --local --name-only --get-regexp 'core\.sshCommand' && git config --local --unset-all 'core.sshCommand' || :"
2026-10-08T15:42:57.3566576Z [command]/usr/bin/git config --local --name-only --get-regexp http\.https\:\/\/github\.com\/\.extraheader
2026-10-08T15:42:57.3604633Z [command]/usr/bin/git submodule foreach --recursive sh -c "git config --local --name-only --get-regexp 'http\.https\:\/\/github\.com\/\.extraheader' && git config --local --unset-all 'http.https://github.com/.extraheader' || :"
2026-10-08T15:42:57.3825616Z [command]/usr/bin/git config --local --name-only --get-regexp ^includeIf\.gitdir:
2026-10-08T15:42:57.3856996Z [command]/usr/bin/git submodule foreach --recursive git config --local --show-origin --name-only --get-regexp remote.origin.url
2026-10-08T15:42:57.4070553Z [command]/usr/bin/git config --local http.https://github.com/.extraheader AUTHORIZATION: basic ***
2026-10-08T15:42:57.4585324Z ##[endgroup]
2026-10-08T15:42:57.4586988Z ##[group]Fetching the repository
2026-10-08T15:42:57.4595774Z [command]/usr/bin/git -c protocol.version=2 fetch --no-tags --prune --no-recurse-submodules --depth=1 origin +499e50b826d4dde3d27598514e6e1bdfe1a8bc64:refs/remotes/origin/codex/prelaunch-beta
2026-10-08T15:42:58.6438812Z From https://github.com/DD7780/Cocreate
2026-10-08T15:42:58.6439653Z  * [new ref]         499e50b826d4dde3d27598514e6e1bdfe1a8bc64 -> origin/codex/prelaunch-beta
2026-10-08T15:42:58.6442147Z ##[endgroup]
2026-10-08T15:42:58.6442885Z ##[group]Determining the checkout info
2026-10-08T15:42:58.6445329Z ##[endgroup]
2026-10-08T15:42:58.6450141Z [command]/usr/bin/git sparse-checkout disable
2026-10-08T15:42:58.6492285Z [command]/usr/bin/git config --local --unset-all extensions.worktreeConfig
2026-10-08T15:42:58.6522729Z ##[group]Checking out the ref
2026-10-08T15:42:58.6526629Z [command]/usr/bin/git checkout --progress --force -B codex/prelaunch-beta refs/remotes/origin/codex/prelaunch-beta
2026-10-08T15:42:58.7435344Z Switched to a new branch 'codex/prelaunch-beta'
2026-10-08T15:42:58.7443005Z branch 'codex/prelaunch-beta' set up to track 'origin/codex/prelaunch-beta'.
2026-10-08T15:42:58.7447291Z ##[endgroup]
2026-10-08T15:42:58.7488529Z [command]/usr/bin/git log -1 --format=%H
2026-10-08T15:42:58.7514186Z 499e50b826d4dde3d27598514e6e1bdfe1a8bc64
2026-10-08T15:42:58.7798013Z ##[group]Run pnpm/action-setup@f40ffcd9367d9f12939873eb1018b921a783ffaa
2026-10-08T15:42:58.7798618Z with:
2026-10-08T15:42:58.7798831Z   version: 10.18.3
2026-10-08T15:42:58.7799046Z   dest: ~/setup-pnpm
2026-10-08T15:42:58.7799265Z   run_install: null
2026-10-08T15:42:58.7799488Z   cache: false
2026-10-08T15:42:58.7799716Z   cache_dependency_path: pnpm-lock.yaml
2026-10-08T15:42:58.7800010Z   package_json_file: package.json
2026-10-08T15:42:58.7800256Z   standalone: false
2026-10-08T15:42:58.7800470Z ##[endgroup]
2026-10-08T15:42:58.8970734Z ##[group]Running self-installer...
2026-10-08T15:42:59.2246678Z (node:2009) [DEP0169] DeprecationWarning: `url.parse()` behavior is not standardized and prone to errors that have security implications. Use the WHATWG URL API instead. CVEs are not issued for `url.parse()` vulnerabilities.
2026-10-08T15:42:59.2247870Z (Use `node --trace-deprecation ...` to show where the warning was created)
2026-10-08T15:42:59.3581229Z Progress: resolved 1, reused 0, downloaded 0, added 0
2026-10-08T15:42:59.3662850Z Packages: +1
2026-10-08T15:42:59.3663144Z +
2026-10-08T15:42:59.6770050Z Progress: resolved 1, reused 0, downloaded 1, added 1, done
2026-10-08T15:42:59.7304319Z 
2026-10-08T15:42:59.7304791Z dependencies:
2026-10-08T15:42:59.7305134Z + pnpm 10.18.3 (12.10.1 is available)
2026-10-08T15:42:59.7305394Z 
2026-10-08T15:42:59.7326733Z Done in 683ms
2026-10-08T15:42:59.7529086Z ##[endgroup]
2026-10-08T15:42:59.7529454Z Installation Completed!
2026-10-08T15:42:59.7687108Z ##[group]Run actions/setup-node@49933ea5288caeca8642d1e84afbd3f7d6820020
2026-10-08T15:42:59.7687428Z with:
2026-10-08T15:42:59.7687598Z   node-version: 22
2026-10-08T15:42:59.7687775Z   cache: pnpm
2026-10-08T15:42:59.7687949Z   always-auth: false
2026-10-08T15:42:59.7688135Z   check-latest: false
2026-10-08T15:42:59.7690086Z   token: ***
2026-10-08T15:42:59.7690261Z env:
2026-10-08T15:42:59.7690488Z   PNPM_HOME: /home/runner/setup-pnpm/node_modules/.bin
2026-10-08T15:42:59.7690746Z ##[endgroup]
2026-10-08T15:42:59.9502181Z Found in cache @ /opt/hostedtoolcache/node/22.23.3/x64
2026-10-08T15:42:59.9505331Z (node:2023) [DEP0040] DeprecationWarning: The `punycode` module is deprecated. Please use a userland alternative instead.
2026-10-08T15:42:59.9505854Z (Use `node --trace-deprecation ...` to show where the warning was created)
2026-10-08T15:42:59.9507623Z ##[group]Environment details
2026-10-08T15:43:00.2538250Z node: v22.23.3
2026-10-08T15:43:00.2538581Z npm: 10.9.9
2026-10-08T15:43:00.2538933Z yarn: 1.22.22
2026-10-08T15:43:00.2539423Z ##[endgroup]
2026-10-08T15:43:00.2556322Z [command]/home/runner/setup-pnpm/node_modules/.bin/pnpm store path --silent
2026-10-08T15:43:00.5486919Z /home/runner/setup-pnpm/node_modules/.bin/store/v10
2026-10-08T15:43:00.7344949Z Cache hit for: node-cache-Linux-x64-pnpm-2350f21d8b4483831790e8afae5b0fdcbb67d6b17e4acddb09b86f16f7c4c9a4
2026-10-08T15:43:00.7429283Z (node:2023) [DEP0169] DeprecationWarning: `url.parse()` behavior is not standardized and prone to errors that have security implications. Use the WHATWG URL API instead. CVEs are not issued for `url.parse()` vulnerabilities.
2026-10-08T15:43:06.6374007Z Received 193516563 of 193516563 (100.0%), 211.6 MBs/sec
2026-10-08T15:43:06.6374537Z Cache Size: ~185 MB (193516563 B)
2026-10-08T15:43:06.6400099Z [command]/usr/bin/tar -xf /home/runner/work/_temp/4a455107-5d33-421d-8671-db62ab4aa16a/cache.tzst -P -C /home/runner/work/Cocreate/Cocreate --use-compress-program unzstd
2026-10-08T15:43:08.0873607Z Cache restored successfully
2026-10-08T15:43:08.1222825Z Cache restored from key: node-cache-Linux-x64-pnpm-2350f21d8b4483831790e8afae5b0fdcbb67d6b17e4acddb09b86f16f7c4c9a4
2026-10-08T15:43:08.1474120Z ##[group]Run pnpm install --frozen-lockfile
2026-10-08T15:43:08.1474491Z [36;1mpnpm install --frozen-lockfile[0m
2026-10-08T15:43:08.2059539Z shell: /usr/bin/bash -e {0}
2026-10-08T15:43:08.2059801Z env:
2026-10-08T15:43:08.2060037Z   PNPM_HOME: /home/runner/setup-pnpm/node_modules/.bin
2026-10-08T15:43:08.2060303Z ##[endgroup]
2026-10-08T15:43:08.4909732Z Lockfile is up to date, resolution step is skipped
2026-10-08T15:43:08.5259279Z Progress: resolved 1, reused 0, downloaded 0, added 0
2026-10-08T15:43:08.5845483Z Packages: +408
2026-10-08T15:43:08.5874577Z ++++++++++++++++++++++++++++++++++++++++++++++++++++++++++++++++++++++++++++++++
2026-10-08T15:43:09.2760601Z Progress: resolved 408, reused 408, downloaded 0, added 408, done
2026-10-08T15:43:13.0460085Z 
2026-10-08T15:43:13.0460822Z dependencies:
2026-10-08T15:43:13.0461298Z + @cloudflare/containers 0.3.7
2026-10-08T15:43:13.0461695Z + @supabase/server 1.8.0
2026-10-08T15:43:13.0461978Z + @supabase/supabase-js 2.117.0
2026-10-08T15:43:13.0462353Z + @tiptap/extension-collaboration 3.31.3
2026-10-08T15:43:13.0462684Z + @tiptap/extension-collaboration-caret 3.31.3
2026-10-08T15:43:13.0462963Z + @tiptap/react 3.31.3
2026-10-08T15:43:13.0463185Z + @tiptap/starter-kit 3.31.3
2026-10-08T15:43:13.0463419Z + @vitejs/plugin-react 5.2.0
2026-10-08T15:43:13.0463627Z + cross-env 10.1.0
2026-10-08T15:43:13.0463994Z + dotenv 17.4.2
2026-10-08T15:43:13.0464194Z + esbuild 0.25.12
2026-10-08T15:43:13.0464389Z + esbuild-wasm 0.25.12
2026-10-08T15:43:13.0464581Z + express 5.2.1
2026-10-08T15:43:13.0464855Z + lucide-react 0.468.0
2026-10-08T15:43:13.0465125Z + react 19.2.8
2026-10-08T15:43:13.0465394Z + react-dom 19.2.8
2026-10-08T15:43:13.0465582Z + vite 7.3.6
2026-10-08T15:43:13.0465754Z + ws 8.21.3
2026-10-08T15:43:13.0465937Z + y-protocols 1.0.7
2026-10-08T15:43:13.0466113Z + yjs 13.6.32
2026-10-08T15:43:13.0466220Z 
2026-10-08T15:43:13.0466378Z devDependencies:
2026-10-08T15:43:13.0466709Z + @prisma/adapter-pg 7.10.0
2026-10-08T15:43:13.0467051Z + @prisma/client 7.10.0
2026-10-08T15:43:13.0467403Z + @types/express 5.0.6
2026-10-08T15:43:13.0467702Z + @types/node 22.20.1
2026-10-08T15:43:13.0467897Z + @types/pg 8.23.1
2026-10-08T15:43:13.0468087Z + @types/react 19.2.18
2026-10-08T15:43:13.0468334Z + @types/react-dom 19.2.7
2026-10-08T15:43:13.0468537Z + @types/ws 8.18.1
2026-10-08T15:43:13.0468708Z + pg 8.23.0
2026-10-08T15:43:13.0468893Z + prisma 7.10.0
2026-10-08T15:43:13.0469077Z + tsx 4.23.13
2026-10-08T15:43:13.0469411Z + typescript 5.9.3
2026-10-08T15:43:13.0469635Z + wrangler 4.131.1
2026-10-08T15:43:13.0469735Z 
2026-10-08T15:43:13.1312662Z Done in 4.8s using pnpm v10.18.3
2026-10-08T15:43:13.2237300Z ##[group]Run pnpm check:boundaries
2026-10-08T15:43:13.2237598Z [36;1mpnpm check:boundaries[0m
2026-10-08T15:43:13.2300530Z shell: /usr/bin/bash -e {0}
2026-10-08T15:43:13.2300752Z env:
2026-10-08T15:43:13.2300975Z   PNPM_HOME: /home/runner/setup-pnpm/node_modules/.bin
2026-10-08T15:43:13.2301250Z ##[endgroup]
2026-10-08T15:43:13.4617597Z 
2026-10-08T15:43:13.4618122Z > cocreate@1.0.0 check:boundaries /home/runner/work/Cocreate/Cocreate
2026-10-08T15:43:13.4618556Z > tsx scripts/codebase-audit.ts --check
2026-10-08T15:43:13.4618725Z 
2026-10-08T15:43:14.8146690Z Audited 143 files; 1 static candidates; 0 boundary violations.
2026-10-08T15:43:14.8147994Z Jev: 0 physical requests, 0 input tokens with known usage, known-usage estimate $0.000000; unknown requests retain their reservation.
2026-10-08T15:43:14.8149071Z Report: artifacts/codebase-audit/report.json
2026-10-08T15:43:14.8470772Z ##[group]Run pnpm build
2026-10-08T15:43:14.8471038Z [36;1mpnpm build[0m
2026-10-08T15:43:14.8535054Z shell: /usr/bin/bash -e {0}
2026-10-08T15:43:14.8535287Z env:
2026-10-08T15:43:14.8535509Z   PNPM_HOME: /home/runner/setup-pnpm/node_modules/.bin
2026-10-08T15:43:14.8535785Z ##[endgroup]
2026-10-08T15:43:15.0784313Z 
2026-10-08T15:43:15.0784739Z > cocreate@1.0.0 build /home/runner/work/Cocreate/Cocreate
2026-10-08T15:43:15.0785348Z > tsc --noEmit && vite build --configLoader runner
2026-10-08T15:43:15.0785547Z 
2026-10-08T15:43:20.8551437Z [36mvite v7.3.6 [32mbuilding client environment for production...[36m[39m
2026-10-08T15:43:20.9130855Z transforming...
2026-10-08T15:43:23.8216993Z [32m✓[39m 1749 modules transformed.
2026-10-08T15:43:24.0219353Z rendering chunks...
2026-10-08T15:43:24.2190516Z computing gzip size...
2026-10-08T15:43:24.2374923Z [2mdist/[22m[32mindex.html                           [39m[1m[2m  0.44 kB[22m[1m[22m[2m │ gzip:   0.30 kB[22m
2026-10-08T15:43:24.2376369Z [2mdist/[22m[2massets/[22m[35mApp-BqUO_rW7.css              [39m[1m[2m  2.56 kB[22m[1m[22m[2m │ gzip:   0.85 kB[22m
2026-10-08T15:43:24.2377449Z [2mdist/[22m[2massets/[22m[35mLandingPage-CNj4pefA.css      [39m[1m[2m 13.13 kB[22m[1m[22m[2m │ gzip:   2.95 kB[22m
2026-10-08T15:43:24.2378583Z [2mdist/[22m[2massets/[22m[35mindex-cyLHvudv.css            [39m[1m[2m 75.38 kB[22m[1m[22m[2m │ gzip:  14.48 kB[22m
2026-10-08T15:43:24.2379152Z [33m
2026-10-08T15:43:24.2379490Z (!) Some chunks are larger than 500 kB after minification. Consider:
2026-10-08T15:43:24.2379898Z - Using dynamic import() to code-split the application
2026-10-08T15:43:24.2380580Z - Use build.rollupOptions.output.manualChunks to improve chunking: https://rollupjs.org/configuration-options/#output-manualchunks
2026-10-08T15:43:24.2381355Z - Adjust chunk size limit for this warning via build.chunkSizeWarningLimit.[39m
2026-10-08T15:43:24.2382053Z [2mdist/[22m[2massets/[22m[36musers-S0nR_fpD.js             [39m[1m[2m  0.69 kB[22m[1m[22m[2m │ gzip:   0.39 kB[22m
2026-10-08T15:43:24.2382796Z [2mdist/[22m[2massets/[22m[36mcreateLucideIcon-DS0f-70M.js  [39m[1m[2m  0.89 kB[22m[1m[22m[2m │ gzip:   0.55 kB[22m
2026-10-08T15:43:24.2383523Z [2mdist/[22m[2massets/[22m[36mx-CYlEPbUI.js                 [39m[1m[2m  1.70 kB[22m[1m[22m[2m │ gzip:   0.78 kB[22m
2026-10-08T15:43:24.2384673Z [2mdist/[22m[2massets/[22m[36mLandingPage-CklZAjP2.js       [39m[1m[2m 15.33 kB[22m[1m[22m[2m │ gzip:   4.92 kB[22m
2026-10-08T15:43:24.2385399Z [2mdist/[22m[2massets/[22m[36mProjectApp-CEhcL8gy.js        [39m[1m[2m 29.68 kB[22m[1m[22m[2m │ gzip:   9.01 kB[22m
2026-10-08T15:43:24.2386097Z [2mdist/[22m[2massets/[22m[36mindex-5SCWldx6.js             [39m[1m[2m421.72 kB[22m[1m[22m[2m │ gzip: 121.23 kB[22m
2026-10-08T15:43:24.2386794Z [2mdist/[22m[2massets/[22m[36mApp-thYYHyMP.js               [39m[1m[33m583.75 kB[39m[22m[2m │ gzip: 185.76 kB[22m
2026-10-08T15:43:24.2387254Z [32m✓ built in 3.36s[39m
2026-10-08T15:43:24.2987634Z ##[group]Run node --input-type=module <<'NODE'
2026-10-08T15:43:24.2987977Z [36;1mnode --input-type=module <<'NODE'[0m
2026-10-08T15:43:24.2988220Z [36;1mimport fs from 'node:fs';[0m
2026-10-08T15:43:24.2988473Z [36;1mimport {spawnSync} from 'node:child_process';[0m
2026-10-08T15:43:24.2988873Z [36;1mconst {image_vars} = JSON.parse(fs.readFileSync('wrangler.jsonc', 'utf8')).containers[0];[0m
2026-10-08T15:43:24.2989455Z [36;1mconst names = ['VITE_COCREATE_AUTH_MODE', 'VITE_COCREATE_APP_ORIGIN', 'VITE_SUPABASE_URL', 'VITE_SUPABASE_PUBLISHABLE_KEY'];[0m
2026-10-08T15:43:24.2989930Z [36;1mconst args = ['build', '--tag', 'cocreate-check'];[0m
2026-10-08T15:43:24.2990211Z [36;1mfor (const name of names) {[0m
2026-10-08T15:43:24.2990585Z [36;1m  if (typeof image_vars[name] !== 'string') throw new Error(`Missing public build variable: ${name}`);[0m
2026-10-08T15:43:24.2991049Z [36;1m  args.push('--build-arg', `${name}=${image_vars[name]}`);[0m
2026-10-08T15:43:24.2991368Z [36;1m}[0m
2026-10-08T15:43:24.2991639Z [36;1mconst result = spawnSync('docker', [...args, '.'], {stdio: 'inherit'});[0m
2026-10-08T15:43:24.2991972Z [36;1mif (result.error) throw result.error;[0m
2026-10-08T15:43:24.2992242Z [36;1mprocess.exit(result.status ?? 1);[0m
2026-10-08T15:43:24.2992472Z [36;1mNODE[0m
2026-10-08T15:43:24.3054894Z shell: /usr/bin/bash -e {0}
2026-10-08T15:43:24.3055114Z env:
2026-10-08T15:43:24.3055347Z   PNPM_HOME: /home/runner/setup-pnpm/node_modules/.bin
2026-10-08T15:43:24.3055616Z ##[endgroup]
2026-10-08T15:43:24.8396082Z #0 building with "default" instance using docker driver
2026-10-08T15:43:24.8396443Z 
2026-10-08T15:43:24.8396687Z #1 [internal] load build definition from Dockerfile
2026-10-08T15:43:24.8397179Z #1 transferring dockerfile: 1.39kB done
2026-10-08T15:43:24.8397519Z #1 DONE 0.0s
2026-10-08T15:43:24.8398014Z 
2026-10-08T15:43:24.8398292Z #2 [auth] library/node:pull token for registry-1.docker.io
2026-10-08T15:43:24.8398730Z #2 DONE 0.0s
2026-10-08T15:43:24.8398894Z 
2026-10-08T15:43:24.8399263Z #3 [internal] load metadata for docker.io/library/node:22-bookworm-slim
2026-10-08T15:43:25.2752421Z #3 DONE 0.6s
2026-10-08T15:43:25.3924236Z 
2026-10-08T15:43:25.3924987Z #4 [internal] load .dockerignore
2026-10-08T15:43:25.3925789Z #4 transferring context: 248B done
2026-10-08T15:43:25.3927041Z #4 DONE 0.0s
2026-10-08T15:43:25.3928160Z 
2026-10-08T15:43:25.3929862Z #5 [ 1/11] FROM docker.io/library/node:22-bookworm-slim@sha256:c3de60bf2f9dd0ac6370e6117950ff62d6e339527e7472301c9c78a017978392
2026-10-08T15:43:25.3934459Z #5 resolve docker.io/library/node:22-bookworm-slim@sha256:c3de60bf2f9dd0ac6370e6117950ff62d6e339527e7472301c9c78a017978392 done
2026-10-08T15:43:25.3935777Z #5 sha256:c3de60bf2f9dd0ac6370e6117950ff62d6e339527e7472301c9c78a017978392 5.22kB / 5.22kB done
2026-10-08T15:43:25.3939338Z #5 sha256:efd0ab5780c2d9ab1f0f869571a00d5edb17793bff4cce4a2792e3eb0ffc7562 1.93kB / 1.93kB done
2026-10-08T15:43:25.3941518Z #5 sha256:d0a16be756b6ec6658aecb8b7bcf87fa6c7d0d7fcc6ca53ad14bb49a4c90bdd7 6.77kB / 6.77kB done
2026-10-08T15:43:25.3942768Z #5 sha256:7fd1ebe418b5079d4aa36f416af9b143d127bc75b0155d71cb5fd559b5e04d39 28.25MB / 28.25MB 0.1s
2026-10-08T15:43:25.3944131Z #5 sha256:d22c69a95cf463f4cb74462bd2899597ce505d82bd4c01ceddf7845e12f13856 18.87MB / 49.84MB 0.1s
2026-10-08T15:43:25.5918071Z #5 sha256:d22c69a95cf463f4cb74462bd2899597ce505d82bd4c01ceddf7845e12f13856 49.84MB / 49.84MB 0.2s
2026-10-08T15:43:25.6926010Z #5 sha256:f0400f4b55b0ad346bf6167a1b64a258e4d73db608c457798ce35e4ffeebfaaf 3.31kB / 3.31kB 0.0s done
2026-10-08T15:43:25.8615271Z #5 ...
2026-10-08T15:43:25.8615481Z 
2026-10-08T15:43:25.8615715Z #6 [internal] load build context
2026-10-08T15:43:25.8616191Z #6 transferring context: 22.89MB 0.2s done
2026-10-08T15:43:25.8616560Z #6 DONE 0.4s
2026-10-08T15:43:25.8616710Z 
2026-10-08T15:43:25.8617419Z #5 [ 1/11] FROM docker.io/library/node:22-bookworm-slim@sha256:c3de60bf2f9dd0ac6370e6117950ff62d6e339527e7472301c9c78a017978392
2026-10-08T15:43:25.8620252Z #5 sha256:7fd1ebe418b5079d4aa36f416af9b143d127bc75b0155d71cb5fd559b5e04d39 28.25MB / 28.25MB 0.4s done
2026-10-08T15:43:25.8621129Z #5 sha256:d22c69a95cf463f4cb74462bd2899597ce505d82bd4c01ceddf7845e12f13856 49.84MB / 49.84MB 0.4s done
2026-10-08T15:43:25.8621931Z #5 extracting sha256:7fd1ebe418b5079d4aa36f416af9b143d127bc75b0155d71cb5fd559b5e04d39 0.1s
2026-10-08T15:43:25.8622697Z #5 sha256:2cfab517365cfc6b4bd1f8c4cb01754884ef75bc38758b3c41e291c696f019f5 1.71MB / 1.71MB 0.5s
2026-10-08T15:43:25.9686190Z #5 sha256:a8de9fa052209313d8e45435a8486e29b20eebaa820e2e7f63a7c3c94b4fa567 448B / 448B 0.5s done
2026-10-08T15:43:26.0712492Z #5 sha256:2cfab517365cfc6b4bd1f8c4cb01754884ef75bc38758b3c41e291c696f019f5 1.71MB / 1.71MB 0.6s done
2026-10-08T15:43:26.5719062Z #5 extracting sha256:7fd1ebe418b5079d4aa36f416af9b143d127bc75b0155d71cb5fd559b5e04d39 0.8s done
2026-10-08T15:43:26.5720093Z #5 extracting sha256:f0400f4b55b0ad346bf6167a1b64a258e4d73db608c457798ce35e4ffeebfaaf
2026-10-08T15:43:26.7230505Z #5 extracting sha256:f0400f4b55b0ad346bf6167a1b64a258e4d73db608c457798ce35e4ffeebfaaf done
2026-10-08T15:43:32.5174053Z #5 extracting sha256:d22c69a95cf463f4cb74462bd2899597ce505d82bd4c01ceddf7845e12f13856
2026-10-08T15:43:33.6496937Z #5 extracting sha256:d22c69a95cf463f4cb74462bd2899597ce505d82bd4c01ceddf7845e12f13856 1.0s done
2026-10-08T15:43:34.4067774Z #5 extracting sha256:2cfab517365cfc6b4bd1f8c4cb01754884ef75bc38758b3c41e291c696f019f5
2026-10-08T15:43:34.5097226Z #5 extracting sha256:2cfab517365cfc6b4bd1f8c4cb01754884ef75bc38758b3c41e291c696f019f5 0.0s done
2026-10-08T15:43:34.5098060Z #5 extracting sha256:a8de9fa052209313d8e45435a8486e29b20eebaa820e2e7f63a7c3c94b4fa567 done
2026-10-08T15:43:34.5098591Z #5 DONE 9.2s
2026-10-08T15:43:34.6667162Z 
2026-10-08T15:43:34.6667748Z #7 [ 2/11] WORKDIR /app
2026-10-08T15:43:34.6668163Z #7 DONE 0.0s
2026-10-08T15:43:34.6668703Z 
2026-10-08T15:43:34.6668906Z #8 [ 3/11] RUN corepack enable
2026-10-08T15:43:34.7387350Z #8 DONE 0.2s
2026-10-08T15:43:34.8797993Z 
2026-10-08T15:43:34.8799535Z #9 [ 4/11] RUN apt-get update && apt-get install -y --no-install-recommends bubblewrap util-linux chromium-headless-shell tini && rm -rf /var/lib/apt/lists/*
2026-10-08T15:43:34.8800303Z #9 0.140 Get:1 http://deb.debian.org/debian bookworm InRelease [151 kB]
2026-10-08T15:43:35.0030316Z #9 0.149 Get:2 http://deb.debian.org/debian bookworm-updates InRelease [55.4 kB]
2026-10-08T15:43:35.0031317Z #9 0.150 Get:3 http://deb.debian.org/debian-security bookworm-security InRelease [34.8 kB]
2026-10-08T15:43:35.0032586Z #9 0.201 Get:4 http://deb.debian.org/debian bookworm/main amd64 Packages [8790 kB]
2026-10-08T15:43:35.0033502Z #9 0.264 Get:5 http://deb.debian.org/debian bookworm-updates/main amd64 Packages [6924 B]
2026-10-08T15:43:35.1807284Z #9 0.291 Get:6 http://deb.debian.org/debian-security bookworm-security/main amd64 Packages [349 kB]
2026-10-08T15:43:35.6681856Z #9 0.929 Fetched 9388 kB in 1s (11.8 MB/s)
2026-10-08T15:43:36.0113541Z #9 0.929 Reading package lists...
2026-10-08T15:43:36.3648390Z #9 1.288 Reading package lists...
2026-10-08T15:43:36.5389580Z #9 1.636 Building dependency tree...
2026-10-08T15:43:36.5390408Z #9 1.715 Reading state information...
2026-10-08T15:43:36.5391270Z #9 1.800 util-linux is already the newest version (2.38.1-5+deb12u3).
2026-10-08T15:43:36.5392295Z #9 1.800 util-linux set to manually installed.
2026-10-08T15:43:36.5392745Z #9 1.800 The following additional packages will be installed:
2026-10-08T15:43:36.5393199Z #9 1.800   at-spi2-common chromium-common fontconfig-config fonts-dejavu-core
2026-10-08T15:43:36.5393692Z #9 1.800   libasound2 libasound2-data libasyncns0 libatk1.0-0 libatspi2.0-0 libbrotli1
2026-10-08T15:43:36.6901395Z #9 1.800   libbsd0 libdav1d6 libdbus-1-3 libdouble-conversion3 libdrm-amdgpu1
2026-10-08T15:43:36.6901976Z #9 1.800   libdrm-common libdrm-intel1 libdrm-nouveau2 libdrm-radeon1 libdrm2 libedit2
2026-10-08T15:43:36.6902535Z #9 1.800   libelf1 libexpat1 libflac12 libfontconfig1 libfontenc1 libfreetype6 libgbm1
2026-10-08T15:43:36.6903510Z #9 1.800   libgl1 libgl1-mesa-dri libglapi-mesa libglib2.0-0 libglvnd0 libglx-mesa0
2026-10-08T15:43:36.6904186Z #9 1.800   libglx0 libgraphite2-3 libharfbuzz-subset0 libharfbuzz0b libice6 libicu72
2026-10-08T15:43:36.6904690Z #9 1.800   libjpeg62-turbo libllvm15 libminizip1 libmp3lame0 libmpg123-0 libnspr4
2026-10-08T15:43:36.6905207Z #9 1.800   libnss3 libogg0 libopenh264-7 libopus0 libpciaccess0 libpng16-16 libpulse0
2026-10-08T15:43:36.6905702Z #9 1.800   libsensors-config libsensors5 libsm6 libsndfile1 libsqlite3-0 libvorbis0a
2026-10-08T15:43:36.6906180Z #9 1.800   libvorbisenc2 libwayland-server0 libx11-6 libx11-data libx11-xcb1 libxau6
2026-10-08T15:43:36.6906638Z #9 1.800   libxaw7 libxcb-dri2-0 libxcb-dri3-0 libxcb-glx0 libxcb-present0
2026-10-08T15:43:36.6907103Z #9 1.800   libxcb-randr0 libxcb-shape0 libxcb-shm0 libxcb-sync1 libxcb-xfixes0 libxcb1
2026-10-08T15:43:36.6907593Z #9 1.800   libxcomposite1 libxdamage1 libxdmcp6 libxext6 libxfixes3 libxft2 libxi6
2026-10-08T15:43:36.6908088Z #9 1.800   libxinerama1 libxkbcommon0 libxkbfile1 libxml2 libxmu6 libxmuu1 libxnvctrl0
2026-10-08T15:43:36.6908556Z #9 1.800   libxpm4 libxrandr2 libxrender1 libxshmfence1 libxt6 libxtst6 libxv1
2026-10-08T15:43:36.6909031Z #9 1.800   libxxf86dga1 libxxf86vm1 libz3-4 x11-common x11-utils xdg-utils xkb-data
2026-10-08T15:43:36.6909384Z #9 1.801 Suggested packages:
2026-10-08T15:43:36.6909769Z #9 1.801   libasound2-plugins alsa-utils low-memory-monitor opus-tools pciutils
2026-10-08T15:43:36.6910145Z #9 1.801   pulseaudio lm-sensors mesa-utils
2026-10-08T15:43:36.6910420Z #9 1.801 Recommended packages:
2026-10-08T15:43:36.6910747Z #9 1.801   procps upower udev fonts-liberation notification-daemon
2026-10-08T15:43:36.6911199Z #9 1.801   system-config-printer alsa-ucm-conf alsa-topology-conf at-spi2-core dbus
2026-10-08T15:43:36.6912044Z #9 1.801   libglib2.0-data shared-mime-info xdg-user-dirs libfile-mimeinfo-perl
2026-10-08T15:43:36.6912863Z #9 1.801   libnet-dbus-perl libx11-protocol-perl x11-xserver-utils
2026-10-08T15:43:36.8606900Z #9 2.121 The following NEW packages will be installed:
2026-10-08T15:43:36.8607650Z #9 2.121   at-spi2-common bubblewrap chromium-common chromium-headless-shell
2026-10-08T15:43:36.9665974Z #9 2.122   fontconfig-config fonts-dejavu-core libasound2 libasound2-data libasyncns0
2026-10-08T15:43:36.9684699Z #9 2.122   libatk1.0-0 libatspi2.0-0 libbrotli1 libbsd0 libdav1d6 libdbus-1-3
2026-10-08T15:43:36.9685482Z #9 2.122   libdouble-conversion3 libdrm-amdgpu1 libdrm-common libdrm-intel1
2026-10-08T15:43:36.9686302Z #9 2.122   libdrm-nouveau2 libdrm-radeon1 libdrm2 libedit2 libelf1 libexpat1 libflac12
2026-10-08T15:43:36.9687135Z #9 2.122   libfontconfig1 libfontenc1 libfreetype6 libgbm1 libgl1 libgl1-mesa-dri
2026-10-08T15:43:36.9687936Z #9 2.122   libglapi-mesa libglib2.0-0 libglvnd0 libglx-mesa0 libglx0 libgraphite2-3
2026-10-08T15:43:36.9688808Z #9 2.122   libharfbuzz-subset0 libharfbuzz0b libice6 libicu72 libjpeg62-turbo libllvm15
2026-10-08T15:43:36.9689676Z #9 2.122   libminizip1 libmp3lame0 libmpg123-0 libnspr4 libnss3 libogg0 libopenh264-7
2026-10-08T15:43:36.9690527Z #9 2.122   libopus0 libpciaccess0 libpng16-16 libpulse0 libsensors-config libsensors5
2026-10-08T15:43:36.9691378Z #9 2.122   libsm6 libsndfile1 libsqlite3-0 libvorbis0a libvorbisenc2 libwayland-server0
2026-10-08T15:43:36.9692212Z #9 2.122   libx11-6 libx11-data libx11-xcb1 libxau6 libxaw7 libxcb-dri2-0 libxcb-dri3-0
2026-10-08T15:43:36.9693015Z #9 2.122   libxcb-glx0 libxcb-present0 libxcb-randr0 libxcb-shape0 libxcb-shm0
2026-10-08T15:43:36.9693956Z #9 2.122   libxcb-sync1 libxcb-xfixes0 libxcb1 libxcomposite1 libxdamage1 libxdmcp6
2026-10-08T15:43:36.9694762Z #9 2.122   libxext6 libxfixes3 libxft2 libxi6 libxinerama1 libxkbcommon0 libxkbfile1
2026-10-08T15:43:36.9695539Z #9 2.122   libxml2 libxmu6 libxmuu1 libxnvctrl0 libxpm4 libxrandr2 libxrender1
2026-10-08T15:43:36.9697843Z #9 2.123   libxshmfence1 libxt6 libxtst6 libxv1 libxxf86dga1 libxxf86vm1 libz3-4 tini
2026-10-08T15:43:36.9698867Z #9 2.123   x11-common x11-utils xdg-utils xkb-data
2026-10-08T15:43:36.9699491Z #9 2.145 0 upgraded, 107 newly installed, 0 to remove and 1 not upgraded.
2026-10-08T15:43:36.9700028Z #9 2.145 Need to get 160 MB of archives.
2026-10-08T15:43:36.9700627Z #9 2.145 After this operation, 551 MB of additional disk space will be used.
2026-10-08T15:43:36.9701518Z #9 2.145 Get:1 http://deb.debian.org/debian bookworm/main amd64 at-spi2-common all 2.46.0-5 [162 kB]
2026-10-08T15:43:36.9702494Z #9 2.151 Get:2 http://deb.debian.org/debian bookworm/main amd64 bubblewrap amd64 0.8.0-2+deb12u1 [47.3 kB]
2026-10-08T15:43:36.9703606Z #9 2.152 Get:3 http://deb.debian.org/debian-security bookworm-security/main amd64 libexpat1 amd64 2.5.0-1+deb12u4 [106 kB]
2026-10-08T15:43:36.9704837Z #9 2.153 Get:4 http://deb.debian.org/debian bookworm/main amd64 libbrotli1 amd64 1.0.9-2+b6 [275 kB]
2026-10-08T15:43:36.9705964Z #9 2.159 Get:5 http://deb.debian.org/debian-security bookworm-security/main amd64 libpng16-16 amd64 1.6.39-2+deb12u6 [277 kB]
2026-10-08T15:43:36.9707095Z #9 2.162 Get:6 http://deb.debian.org/debian bookworm/main amd64 libfreetype6 amd64 2.12.1+dfsg-5+deb12u4 [398 kB]
2026-10-08T15:43:36.9708094Z #9 2.163 Get:7 http://deb.debian.org/debian bookworm/main amd64 fonts-dejavu-core all 2.37-6 [1068 kB]
2026-10-08T15:43:36.9709056Z #9 2.167 Get:8 http://deb.debian.org/debian bookworm/main amd64 fontconfig-config amd64 2.14.1-4 [315 kB]
2026-10-08T15:43:36.9710042Z #9 2.168 Get:9 http://deb.debian.org/debian bookworm/main amd64 libfontconfig1 amd64 2.14.1-4 [386 kB]
2026-10-08T15:43:36.9711001Z #9 2.170 Get:10 http://deb.debian.org/debian bookworm/main amd64 libfontenc1 amd64 1:1.1.4-1 [24.3 kB]
2026-10-08T15:43:36.9711930Z #9 2.170 Get:11 http://deb.debian.org/debian bookworm/main amd64 libglvnd0 amd64 1.6.0-1 [51.8 kB]
2026-10-08T15:43:36.9712821Z #9 2.170 Get:12 http://deb.debian.org/debian bookworm/main amd64 libxau6 amd64 1:1.0.9-1 [19.7 kB]
2026-10-08T15:43:36.9714016Z #9 2.172 Get:13 http://deb.debian.org/debian bookworm/main amd64 libbsd0 amd64 0.11.7-2 [117 kB]
2026-10-08T15:43:36.9714936Z #9 2.172 Get:14 http://deb.debian.org/debian bookworm/main amd64 libxdmcp6 amd64 1:1.1.2-3 [26.3 kB]
2026-10-08T15:43:36.9715824Z #9 2.172 Get:15 http://deb.debian.org/debian bookworm/main amd64 libxcb1 amd64 1.15-1 [144 kB]
2026-10-08T15:43:36.9716779Z #9 2.172 Get:16 http://deb.debian.org/debian bookworm/main amd64 libx11-data all 2:1.8.4-2+deb12u2 [292 kB]
2026-10-08T15:43:36.9717758Z #9 2.174 Get:17 http://deb.debian.org/debian bookworm/main amd64 libx11-6 amd64 2:1.8.4-2+deb12u2 [760 kB]
2026-10-08T15:43:36.9718728Z #9 2.176 Get:18 http://deb.debian.org/debian bookworm/main amd64 libdrm-common all 2.4.114-1 [7112 B]
2026-10-08T15:43:36.9719672Z #9 2.177 Get:19 http://deb.debian.org/debian bookworm/main amd64 libdrm2 amd64 2.4.114-1+b1 [37.5 kB]
2026-10-08T15:43:36.9720668Z #9 2.177 Get:20 http://deb.debian.org/debian bookworm/main amd64 libglapi-mesa amd64 22.3.6-1+deb12u2 [35.9 kB]
2026-10-08T15:43:36.9721706Z #9 2.177 Get:21 http://deb.debian.org/debian bookworm/main amd64 libx11-xcb1 amd64 2:1.8.4-2+deb12u2 [192 kB]
2026-10-08T15:43:36.9722667Z #9 2.178 Get:22 http://deb.debian.org/debian bookworm/main amd64 libxcb-dri2-0 amd64 1.15-1 [107 kB]
2026-10-08T15:43:36.9723580Z #9 2.180 Get:23 http://deb.debian.org/debian bookworm/main amd64 libxcb-dri3-0 amd64 1.15-1 [107 kB]
2026-10-08T15:43:36.9724613Z #9 2.180 Get:24 http://deb.debian.org/debian bookworm/main amd64 libxcb-glx0 amd64 1.15-1 [122 kB]
2026-10-08T15:43:36.9725531Z #9 2.180 Get:25 http://deb.debian.org/debian bookworm/main amd64 libxcb-present0 amd64 1.15-1 [105 kB]
2026-10-08T15:43:36.9726473Z #9 2.182 Get:26 http://deb.debian.org/debian bookworm/main amd64 libxcb-randr0 amd64 1.15-1 [117 kB]
2026-10-08T15:43:36.9727374Z #9 2.183 Get:27 http://deb.debian.org/debian bookworm/main amd64 libxcb-shm0 amd64 1.15-1 [105 kB]
2026-10-08T15:43:36.9728266Z #9 2.183 Get:28 http://deb.debian.org/debian bookworm/main amd64 libxcb-sync1 amd64 1.15-1 [109 kB]
2026-10-08T15:43:36.9729480Z #9 2.184 Get:29 http://deb.debian.org/debian bookworm/main amd64 libxcb-xfixes0 amd64 1.15-1 [109 kB]
2026-10-08T15:43:36.9730468Z #9 2.184 Get:30 http://deb.debian.org/debian bookworm/main amd64 libxext6 amd64 2:1.3.4-1+b1 [52.9 kB]
2026-10-08T15:43:36.9731377Z #9 2.185 Get:31 http://deb.debian.org/debian bookworm/main amd64 libxfixes3 amd64 1:6.0.0-2 [22.7 kB]
2026-10-08T15:43:36.9732298Z #9 2.185 Get:32 http://deb.debian.org/debian bookworm/main amd64 libxshmfence1 amd64 1.3-1 [8820 B]
2026-10-08T15:43:36.9733254Z #9 2.185 Get:33 http://deb.debian.org/debian bookworm/main amd64 libxxf86vm1 amd64 1:1.1.4-1+b2 [20.8 kB]
2026-10-08T15:43:36.9734371Z #9 2.186 Get:34 http://deb.debian.org/debian bookworm/main amd64 libdrm-amdgpu1 amd64 2.4.114-1+b1 [20.9 kB]
2026-10-08T15:43:36.9735335Z #9 2.186 Get:35 http://deb.debian.org/debian bookworm/main amd64 libpciaccess0 amd64 0.17-2 [51.4 kB]
2026-10-08T15:43:36.9736302Z #9 2.186 Get:36 http://deb.debian.org/debian bookworm/main amd64 libdrm-intel1 amd64 2.4.114-1+b1 [64.0 kB]
2026-10-08T15:43:36.9737314Z #9 2.187 Get:37 http://deb.debian.org/debian bookworm/main amd64 libdrm-nouveau2 amd64 2.4.114-1+b1 [19.1 kB]
2026-10-08T15:43:36.9738308Z #9 2.189 Get:38 http://deb.debian.org/debian bookworm/main amd64 libdrm-radeon1 amd64 2.4.114-1+b1 [21.8 kB]
2026-10-08T15:43:36.9739237Z #9 2.189 Get:39 http://deb.debian.org/debian bookworm/main amd64 libelf1 amd64 0.188-2.1 [174 kB]
2026-10-08T15:43:36.9740171Z #9 2.190 Get:40 http://deb.debian.org/debian bookworm/main amd64 libedit2 amd64 3.1-20221030-2 [93.0 kB]
2026-10-08T15:43:36.9741108Z #9 2.191 Get:41 http://deb.debian.org/debian bookworm/main amd64 libicu72 amd64 72.1-3+deb12u1 [9376 kB]
2026-10-08T15:43:36.9742128Z #9 2.227 Get:42 http://deb.debian.org/debian bookworm/main amd64 libxml2 amd64 2.9.14+dfsg-1.3~deb12u6 [689 kB]
2026-10-08T15:43:37.0973454Z #9 2.231 Get:43 http://deb.debian.org/debian bookworm/main amd64 libz3-4 amd64 4.8.12-3.1 [7216 kB]
2026-10-08T15:43:37.0975039Z #9 2.258 Get:44 http://deb.debian.org/debian bookworm/main amd64 libllvm15 amd64 1:15.0.6-4+b1 [23.1 MB]
2026-10-08T15:43:37.0976080Z #9 2.358 Get:45 http://deb.debian.org/debian bookworm/main amd64 libsensors-config all 1:3.6.0-7.1 [14.3 kB]
2026-10-08T15:43:37.2493076Z #9 2.358 Get:46 http://deb.debian.org/debian bookworm/main amd64 libsensors5 amd64 1:3.6.0-7.1 [34.2 kB]
2026-10-08T15:43:37.2493953Z #9 2.360 Get:47 http://deb.debian.org/debian bookworm/main amd64 libgl1-mesa-dri amd64 22.3.6-1+deb12u2 [7240 kB]
2026-10-08T15:43:37.2838767Z #9 2.545 Get:48 http://deb.debian.org/debian bookworm/main amd64 libglx-mesa0 amd64 22.3.6-1+deb12u2 [148 kB]
2026-10-08T15:43:37.4524140Z #9 2.545 Get:49 http://deb.debian.org/debian bookworm/main amd64 libglx0 amd64 1.6.0-1 [34.4 kB]
2026-10-08T15:43:37.4524867Z #9 2.546 Get:50 http://deb.debian.org/debian bookworm/main amd64 libgl1 amd64 1.6.0-1 [88.4 kB]
2026-10-08T15:43:37.4525433Z #9 2.546 Get:51 http://deb.debian.org/debian bookworm/main amd64 x11-common all 1:7.7+23 [252 kB]
2026-10-08T15:43:37.4526038Z #9 2.547 Get:52 http://deb.debian.org/debian bookworm/main amd64 libice6 amd64 2:1.0.10-1 [58.5 kB]
2026-10-08T15:43:37.4526596Z #9 2.548 Get:53 http://deb.debian.org/debian bookworm/main amd64 libsm6 amd64 2:1.2.3-1 [35.1 kB]
2026-10-08T15:43:37.4527148Z #9 2.548 Get:54 http://deb.debian.org/debian bookworm/main amd64 libxt6 amd64 1:1.2.1-1.1 [186 kB]
2026-10-08T15:43:37.4527720Z #9 2.549 Get:55 http://deb.debian.org/debian bookworm/main amd64 libxmu6 amd64 2:1.1.3-3 [60.1 kB]
2026-10-08T15:43:37.4528355Z #9 2.549 Get:56 http://deb.debian.org/debian bookworm/main amd64 libxpm4 amd64 1:3.5.12-1.1+deb12u1 [48.6 kB]
2026-10-08T15:43:37.4528935Z #9 2.550 Get:57 http://deb.debian.org/debian bookworm/main amd64 libxaw7 amd64 2:1.0.14-1 [201 kB]
2026-10-08T15:43:37.4529480Z #9 2.551 Get:58 http://deb.debian.org/debian bookworm/main amd64 libxcb-shape0 amd64 1.15-1 [106 kB]
2026-10-08T15:43:37.4530087Z #9 2.551 Get:59 http://deb.debian.org/debian bookworm/main amd64 libxcomposite1 amd64 1:0.4.5-1 [16.6 kB]
2026-10-08T15:43:37.4531071Z #9 2.551 Get:60 http://deb.debian.org/debian bookworm/main amd64 libxrender1 amd64 1:0.9.10-1.1 [33.2 kB]
2026-10-08T15:43:37.4531629Z #9 2.552 Get:61 http://deb.debian.org/debian bookworm/main amd64 libxft2 amd64 2.3.6-1 [61.8 kB]
2026-10-08T15:43:37.4532151Z #9 2.552 Get:62 http://deb.debian.org/debian bookworm/main amd64 libxi6 amd64 2:1.8-1+b1 [84.2 kB]
2026-10-08T15:43:37.4532694Z #9 2.553 Get:63 http://deb.debian.org/debian bookworm/main amd64 libxinerama1 amd64 2:1.1.4-3 [17.8 kB]
2026-10-08T15:43:37.4533248Z #9 2.553 Get:64 http://deb.debian.org/debian bookworm/main amd64 libxkbfile1 amd64 1:1.1.0-1 [75.2 kB]
2026-10-08T15:43:37.4533945Z #9 2.554 Get:65 http://deb.debian.org/debian bookworm/main amd64 libxmuu1 amd64 2:1.1.3-3 [23.9 kB]
2026-10-08T15:43:37.4534575Z #9 2.554 Get:66 http://deb.debian.org/debian bookworm/main amd64 libxrandr2 amd64 2:1.5.2-2+b1 [39.2 kB]
2026-10-08T15:43:37.4535155Z #9 2.555 Get:67 http://deb.debian.org/debian bookworm/main amd64 libxtst6 amd64 2:1.2.3-1.1 [28.0 kB]
2026-10-08T15:43:37.4535732Z #9 2.555 Get:68 http://deb.debian.org/debian bookworm/main amd64 libxv1 amd64 2:1.0.11-1.1 [24.8 kB]
2026-10-08T15:43:37.4536274Z #9 2.556 Get:69 http://deb.debian.org/debian bookworm/main amd64 libxxf86dga1 amd64 2:1.1.5-1 [22.1 kB]
2026-10-08T15:43:37.4536813Z #9 2.560 Get:70 http://deb.debian.org/debian bookworm/main amd64 x11-utils amd64 7.7+5 [202 kB]
2026-10-08T15:43:37.4537340Z #9 2.561 Get:71 http://deb.debian.org/debian bookworm/main amd64 xdg-utils all 1.1.3-4.1 [75.5 kB]
2026-10-08T15:43:37.4538014Z #9 2.562 Get:72 http://deb.debian.org/debian-security bookworm-security/main amd64 chromium-common amd64 154.0.8037.92-1~deb12u1 [30.5 MB]
2026-10-08T15:43:37.5292964Z #9 2.790 Get:73 http://deb.debian.org/debian bookworm/main amd64 libasound2-data all 1.2.8-1 [20.5 kB]
2026-10-08T15:43:37.7292578Z #9 2.790 Get:74 http://deb.debian.org/debian bookworm/main amd64 libasound2 amd64 1.2.8-1+b1 [362 kB]
2026-10-08T15:43:37.7294188Z #9 2.791 Get:75 http://deb.debian.org/debian bookworm/main amd64 libglib2.0-0 amd64 2.74.6-2+deb12u9 [1403 kB]
2026-10-08T15:43:37.7295178Z #9 2.796 Get:76 http://deb.debian.org/debian bookworm/main amd64 libatk1.0-0 amd64 2.46.0-5 [49.6 kB]
2026-10-08T15:43:37.7295968Z #9 2.797 Get:77 http://deb.debian.org/debian bookworm/main amd64 libdbus-1-3 amd64 1.14.10-1~deb12u1 [201 kB]
2026-10-08T15:43:37.7296558Z #9 2.797 Get:78 http://deb.debian.org/debian bookworm/main amd64 libatspi2.0-0 amd64 2.46.0-5 [75.4 kB]
2026-10-08T15:43:37.7297168Z #9 2.798 Get:79 http://deb.debian.org/debian bookworm/main amd64 libdav1d6 amd64 1.0.0-2+deb12u1 [513 kB]
2026-10-08T15:43:37.7297780Z #9 2.800 Get:80 http://deb.debian.org/debian bookworm/main amd64 libdouble-conversion3 amd64 3.2.1-1 [41.5 kB]
2026-10-08T15:43:37.7298354Z #9 2.800 Get:81 http://deb.debian.org/debian bookworm/main amd64 libogg0 amd64 1.3.5-3 [23.4 kB]
2026-10-08T15:43:37.7298899Z #9 2.801 Get:82 http://deb.debian.org/debian bookworm/main amd64 libflac12 amd64 1.4.2+ds-2 [198 kB]
2026-10-08T15:43:37.7299498Z #9 2.802 Get:83 http://deb.debian.org/debian bookworm/main amd64 libwayland-server0 amd64 1.21.0-1 [35.9 kB]
2026-10-08T15:43:37.7300116Z #9 2.802 Get:84 http://deb.debian.org/debian bookworm/main amd64 libgbm1 amd64 22.3.6-1+deb12u2 [38.1 kB]
2026-10-08T15:43:37.7300724Z #9 2.802 Get:85 http://deb.debian.org/debian bookworm/main amd64 libgraphite2-3 amd64 1.3.14-1+deb12u1 [74.6 kB]
2026-10-08T15:43:37.7301324Z #9 2.803 Get:86 http://deb.debian.org/debian bookworm/main amd64 libharfbuzz0b amd64 6.0.0+dfsg-3 [1945 kB]
2026-10-08T15:43:37.7301923Z #9 2.809 Get:87 http://deb.debian.org/debian bookworm/main amd64 libharfbuzz-subset0 amd64 6.0.0+dfsg-3 [1931 kB]
2026-10-08T15:43:37.7302515Z #9 2.816 Get:88 http://deb.debian.org/debian bookworm/main amd64 libjpeg62-turbo amd64 1:2.1.5-2 [166 kB]
2026-10-08T15:43:37.7303092Z #9 2.817 Get:89 http://deb.debian.org/debian bookworm/main amd64 libminizip1 amd64 1.1-8+deb12u1 [20.1 kB]
2026-10-08T15:43:37.7303945Z #9 2.817 Get:90 http://deb.debian.org/debian bookworm/main amd64 libnspr4 amd64 2:4.35-1 [113 kB]
2026-10-08T15:43:37.7304528Z #9 2.818 Get:91 http://deb.debian.org/debian bookworm/main amd64 libsqlite3-0 amd64 3.40.1-2+deb12u2 [839 kB]
2026-10-08T15:43:37.7305190Z #9 2.821 Get:92 http://deb.debian.org/debian-security bookworm-security/main amd64 libnss3 amd64 2:3.87.1-1+deb12u4 [1331 kB]
2026-10-08T15:43:37.7305851Z #9 2.823 Get:93 http://deb.debian.org/debian bookworm/main amd64 libopenh264-7 amd64 2.3.1+dfsg-3+deb12u2 [393 kB]
2026-10-08T15:43:37.7306415Z #9 2.825 Get:94 http://deb.debian.org/debian bookworm/main amd64 libopus0 amd64 1.3.1-3 [195 kB]
2026-10-08T15:43:37.7306956Z #9 2.825 Get:95 http://deb.debian.org/debian bookworm/main amd64 libasyncns0 amd64 0.8-6+b3 [12.9 kB]
2026-10-08T15:43:37.7307495Z #9 2.826 Get:96 http://deb.debian.org/debian bookworm/main amd64 libmp3lame0 amd64 3.100-6 [365 kB]
2026-10-08T15:43:37.7308079Z #9 2.827 Get:97 http://deb.debian.org/debian bookworm/main amd64 libmpg123-0 amd64 1.31.2-1+deb12u1 [147 kB]
2026-10-08T15:43:37.7308657Z #9 2.828 Get:98 http://deb.debian.org/debian bookworm/main amd64 libvorbis0a amd64 1.3.7-1 [93.0 kB]
2026-10-08T15:43:37.7309213Z #9 2.828 Get:99 http://deb.debian.org/debian bookworm/main amd64 libvorbisenc2 amd64 1.3.7-1 [80.6 kB]
2026-10-08T15:43:37.7309801Z #9 2.829 Get:100 http://deb.debian.org/debian bookworm/main amd64 libsndfile1 amd64 1.2.0-1+deb12u1 [197 kB]
2026-10-08T15:43:37.7310396Z #9 2.830 Get:101 http://deb.debian.org/debian bookworm/main amd64 libpulse0 amd64 16.1+dfsg1-2+b1 [274 kB]
2026-10-08T15:43:37.7310966Z #9 2.832 Get:102 http://deb.debian.org/debian bookworm/main amd64 libxdamage1 amd64 1:1.1.6-1 [15.1 kB]
2026-10-08T15:43:37.7311515Z #9 2.832 Get:103 http://deb.debian.org/debian bookworm/main amd64 xkb-data all 2.35.1-1 [764 kB]
2026-10-08T15:43:37.7312056Z #9 2.835 Get:104 http://deb.debian.org/debian bookworm/main amd64 libxkbcommon0 amd64 1.5.0-1 [106 kB]
2026-10-08T15:43:37.7312799Z #9 2.835 Get:105 http://deb.debian.org/debian bookworm/main amd64 libxnvctrl0 amd64 525.85.05-3~deb12u1 [13.5 kB]
2026-10-08T15:43:37.7313550Z #9 2.839 Get:106 http://deb.debian.org/debian-security bookworm-security/main amd64 chromium-headless-shell amd64 154.0.8037.92-1~deb12u1 [61.2 MB]
2026-10-08T15:43:37.9881683Z #9 3.249 Get:107 http://deb.debian.org/debian bookworm/main amd64 tini amd64 0.19.0-1+b3 [267 kB]
2026-10-08T15:43:38.1805599Z #9 3.441 debconf: delaying package configuration, since apt-utils is not installed
2026-10-08T15:43:38.4107256Z #9 3.462 Fetched 160 MB in 1s (143 MB/s)
2026-10-08T15:43:38.4107682Z #9 3.473 Selecting previously unselected package at-spi2-common.
2026-10-08T15:43:38.4108051Z #9 3.473 (Reading database ... 
2026-10-08T15:43:38.4108303Z (Reading database ... 5%
2026-10-08T15:43:38.4108529Z (Reading database ... 10%
2026-10-08T15:43:38.4108744Z (Reading database ... 15%
2026-10-08T15:43:38.4108951Z (Reading database ... 20%
2026-10-08T15:43:38.4109181Z (Reading database ... 25%
2026-10-08T15:43:38.4109378Z (Reading database ... 30%
2026-10-08T15:43:38.4109582Z (Reading database ... 35%
2026-10-08T15:43:38.4109800Z (Reading database ... 40%
2026-10-08T15:43:38.4109996Z (Reading database ... 45%
2026-10-08T15:43:38.4110190Z (Reading database ... 50%
2026-10-08T15:43:38.4110395Z (Reading database ... 55%
2026-10-08T15:43:38.4110595Z (Reading database ... 60%
2026-10-08T15:43:38.4110795Z (Reading database ... 65%
2026-10-08T15:43:38.4111011Z (Reading database ... 70%
2026-10-08T15:43:38.4111214Z (Reading database ... 75%
2026-10-08T15:43:38.4111417Z (Reading database ... 80%
2026-10-08T15:43:38.4111635Z (Reading database ... 85%
2026-10-08T15:43:38.4111836Z (Reading database ... 90%
2026-10-08T15:43:38.4112034Z (Reading database ... 95%
2026-10-08T15:43:38.4112234Z (Reading database ... 100%
2026-10-08T15:43:38.4112575Z (Reading database ... 6096 files and directories currently installed.)
2026-10-08T15:43:38.4113012Z #9 3.477 Preparing to unpack .../000-at-spi2-common_2.46.0-5_all.deb ...
2026-10-08T15:43:38.4113373Z #9 3.478 Unpacking at-spi2-common (2.46.0-5) ...
2026-10-08T15:43:38.4114514Z #9 3.503 Selecting previously unselected package bubblewrap.
2026-10-08T15:43:38.4114965Z #9 3.504 Preparing to unpack .../001-bubblewrap_0.8.0-2+deb12u1_amd64.deb ...
2026-10-08T15:43:38.4115357Z #9 3.504 Unpacking bubblewrap (0.8.0-2+deb12u1) ...
2026-10-08T15:43:38.4115729Z #9 3.519 Selecting previously unselected package libexpat1:amd64.
2026-10-08T15:43:38.4116146Z #9 3.520 Preparing to unpack .../002-libexpat1_2.5.0-1+deb12u4_amd64.deb ...
2026-10-08T15:43:38.4116517Z #9 3.521 Unpacking libexpat1:amd64 (2.5.0-1+deb12u4) ...
2026-10-08T15:43:38.4471167Z #9 3.708 Selecting previously unselected package libbrotli1:amd64.
2026-10-08T15:43:38.6607113Z #9 3.709 Preparing to unpack .../003-libbrotli1_1.0.9-2+b6_amd64.deb ...
2026-10-08T15:43:38.6607564Z #9 3.710 Unpacking libbrotli1:amd64 (1.0.9-2+b6) ...
2026-10-08T15:43:38.6607979Z #9 3.769 Selecting previously unselected package libpng16-16:amd64.
2026-10-08T15:43:38.6608462Z #9 3.770 Preparing to unpack .../004-libpng16-16_1.6.39-2+deb12u6_amd64.deb ...
2026-10-08T15:43:38.6608883Z #9 3.771 Unpacking libpng16-16:amd64 (1.6.39-2+deb12u6) ...
2026-10-08T15:43:38.6889352Z #9 3.950 Selecting previously unselected package libfreetype6:amd64.
2026-10-08T15:43:38.8721510Z #9 3.951 Preparing to unpack .../005-libfreetype6_2.12.1+dfsg-5+deb12u4_amd64.deb ...
2026-10-08T15:43:38.8722023Z #9 3.951 Unpacking libfreetype6:amd64 (2.12.1+dfsg-5+deb12u4) ...
2026-10-08T15:43:38.8722451Z #9 3.981 Selecting previously unselected package fonts-dejavu-core.
2026-10-08T15:43:38.8722888Z #9 3.982 Preparing to unpack .../006-fonts-dejavu-core_2.37-6_all.deb ...
2026-10-08T15:43:38.8723251Z #9 3.983 Unpacking fonts-dejavu-core (2.37-6) ...
2026-10-08T15:43:38.9253207Z #9 4.186 Selecting previously unselected package fontconfig-config.
2026-10-08T15:43:39.1459812Z #9 4.187 Preparing to unpack .../007-fontconfig-config_2.14.1-4_amd64.deb ...
2026-10-08T15:43:39.1460553Z #9 4.269 Unpacking fontconfig-config (2.14.1-4) ...
2026-10-08T15:43:39.1460982Z #9 4.407 Selecting previously unselected package libfontconfig1:amd64.
2026-10-08T15:43:39.2546984Z #9 4.408 Preparing to unpack .../008-libfontconfig1_2.14.1-4_amd64.deb ...
2026-10-08T15:43:39.2547685Z #9 4.408 Unpacking libfontconfig1:amd64 (2.14.1-4) ...
2026-10-08T15:43:39.2548286Z #9 4.427 Selecting previously unselected package libfontenc1:amd64.
2026-10-08T15:43:39.2548956Z #9 4.427 Preparing to unpack .../009-libfontenc1_1%3a1.1.4-1_amd64.deb ...
2026-10-08T15:43:39.2549550Z #9 4.428 Unpacking libfontenc1:amd64 (1:1.1.4-1) ...
2026-10-08T15:43:39.2550114Z #9 4.440 Selecting previously unselected package libglvnd0:amd64.
2026-10-08T15:43:39.2550744Z #9 4.441 Preparing to unpack .../010-libglvnd0_1.6.0-1_amd64.deb ...
2026-10-08T15:43:39.2551277Z #9 4.441 Unpacking libglvnd0:amd64 (1.6.0-1) ...
2026-10-08T15:43:39.2551821Z #9 4.456 Selecting previously unselected package libxau6:amd64.
2026-10-08T15:43:39.2552484Z #9 4.457 Preparing to unpack .../011-libxau6_1%3a1.0.9-1_amd64.deb ...
2026-10-08T15:43:39.2553027Z #9 4.458 Unpacking libxau6:amd64 (1:1.0.9-1) ...
2026-10-08T15:43:39.2553572Z #9 4.469 Selecting previously unselected package libbsd0:amd64.
2026-10-08T15:43:39.2554384Z #9 4.470 Preparing to unpack .../012-libbsd0_0.11.7-2_amd64.deb ...
2026-10-08T15:43:39.2554838Z #9 4.471 Unpacking libbsd0:amd64 (0.11.7-2) ...
2026-10-08T15:43:39.2555214Z #9 4.487 Selecting previously unselected package libxdmcp6:amd64.
2026-10-08T15:43:39.2555631Z #9 4.487 Preparing to unpack .../013-libxdmcp6_1%3a1.1.2-3_amd64.deb ...
2026-10-08T15:43:39.2556058Z #9 4.488 Unpacking libxdmcp6:amd64 (1:1.1.2-3) ...
2026-10-08T15:43:39.2556519Z #9 4.500 Selecting previously unselected package libxcb1:amd64.
2026-10-08T15:43:39.2556906Z #9 4.501 Preparing to unpack .../014-libxcb1_1.15-1_amd64.deb ...
2026-10-08T15:43:39.2557233Z #9 4.502 Unpacking libxcb1:amd64 (1.15-1) ...
2026-10-08T15:43:39.2557570Z #9 4.515 Selecting previously unselected package libx11-data.
2026-10-08T15:43:39.4072142Z #9 4.517 Preparing to unpack .../015-libx11-data_2%3a1.8.4-2+deb12u2_all.deb ...
2026-10-08T15:43:39.4072613Z #9 4.517 Unpacking libx11-data (2:1.8.4-2+deb12u2) ...
2026-10-08T15:43:39.4262611Z #9 4.687 Selecting previously unselected package libx11-6:amd64.
2026-10-08T15:43:39.6555547Z #9 4.688 Preparing to unpack .../016-libx11-6_2%3a1.8.4-2+deb12u2_amd64.deb ...
2026-10-08T15:43:39.6556189Z #9 4.689 Unpacking libx11-6:amd64 (2:1.8.4-2+deb12u2) ...
2026-10-08T15:43:39.6556731Z #9 4.765 Selecting previously unselected package libdrm-common.
2026-10-08T15:43:39.6557299Z #9 4.767 Preparing to unpack .../017-libdrm-common_2.4.114-1_all.deb ...
2026-10-08T15:43:39.6557789Z #9 4.767 Unpacking libdrm-common (2.4.114-1) ...
2026-10-08T15:43:39.6558285Z #9 4.778 Selecting previously unselected package libdrm2:amd64.
2026-10-08T15:43:39.6558839Z #9 4.779 Preparing to unpack .../018-libdrm2_2.4.114-1+b1_amd64.deb ...
2026-10-08T15:43:39.6559349Z #9 4.780 Unpacking libdrm2:amd64 (2.4.114-1+b1) ...
2026-10-08T15:43:39.6559881Z #9 4.916 Selecting previously unselected package libglapi-mesa:amd64.
2026-10-08T15:43:39.8782980Z #9 4.917 Preparing to unpack .../019-libglapi-mesa_22.3.6-1+deb12u2_amd64.deb ...
2026-10-08T15:43:39.8783911Z #9 4.918 Unpacking libglapi-mesa:amd64 (22.3.6-1+deb12u2) ...
2026-10-08T15:43:39.8784707Z #9 4.931 Selecting previously unselected package libx11-xcb1:amd64.
2026-10-08T15:43:39.8785389Z #9 4.932 Preparing to unpack .../020-libx11-xcb1_2%3a1.8.4-2+deb12u2_amd64.deb ...
2026-10-08T15:43:39.8785968Z #9 4.933 Unpacking libx11-xcb1:amd64 (2:1.8.4-2+deb12u2) ...
2026-10-08T15:43:39.8786510Z #9 4.947 Selecting previously unselected package libxcb-dri2-0:amd64.
2026-10-08T15:43:39.8787093Z #9 4.948 Preparing to unpack .../021-libxcb-dri2-0_1.15-1_amd64.deb ...
2026-10-08T15:43:39.8787579Z #9 4.948 Unpacking libxcb-dri2-0:amd64 (1.15-1) ...
2026-10-08T15:43:39.8788092Z #9 4.964 Selecting previously unselected package libxcb-dri3-0:amd64.
2026-10-08T15:43:39.8788963Z #9 4.965 Preparing to unpack .../022-libxcb-dri3-0_1.15-1_amd64.deb ...
2026-10-08T15:43:39.8789570Z #9 4.966 Unpacking libxcb-dri3-0:amd64 (1.15-1) ...
2026-10-08T15:43:39.8790062Z #9 4.991 Selecting previously unselected package libxcb-glx0:amd64.
2026-10-08T15:43:39.8790609Z #9 4.992 Preparing to unpack .../023-libxcb-glx0_1.15-1_amd64.deb ...
2026-10-08T15:43:39.8791104Z #9 4.993 Unpacking libxcb-glx0:amd64 (1.15-1) ...
2026-10-08T15:43:39.8791625Z #9 5.139 Selecting previously unselected package libxcb-present0:amd64.
2026-10-08T15:43:39.9837302Z #9 5.140 Preparing to unpack .../024-libxcb-present0_1.15-1_amd64.deb ...
2026-10-08T15:43:39.9837937Z #9 5.141 Unpacking libxcb-present0:amd64 (1.15-1) ...
2026-10-08T15:43:39.9838403Z #9 5.158 Selecting previously unselected package libxcb-randr0:amd64.
2026-10-08T15:43:39.9838888Z #9 5.158 Preparing to unpack .../025-libxcb-randr0_1.15-1_amd64.deb ...
2026-10-08T15:43:39.9839353Z #9 5.159 Unpacking libxcb-randr0:amd64 (1.15-1) ...
2026-10-08T15:43:39.9839768Z #9 5.175 Selecting previously unselected package libxcb-shm0:amd64.
2026-10-08T15:43:39.9840265Z #9 5.176 Preparing to unpack .../026-libxcb-shm0_1.15-1_amd64.deb ...
2026-10-08T15:43:39.9840626Z #9 5.177 Unpacking libxcb-shm0:amd64 (1.15-1) ...
2026-10-08T15:43:39.9841105Z #9 5.194 Selecting previously unselected package libxcb-sync1:amd64.
2026-10-08T15:43:39.9841563Z #9 5.195 Preparing to unpack .../027-libxcb-sync1_1.15-1_amd64.deb ...
2026-10-08T15:43:39.9841974Z #9 5.195 Unpacking libxcb-sync1:amd64 (1.15-1) ...
2026-10-08T15:43:39.9842400Z #9 5.211 Selecting previously unselected package libxcb-xfixes0:amd64.
2026-10-08T15:43:39.9842838Z #9 5.212 Preparing to unpack .../028-libxcb-xfixes0_1.15-1_amd64.deb ...
2026-10-08T15:43:39.9843286Z #9 5.213 Unpacking libxcb-xfixes0:amd64 (1.15-1) ...
2026-10-08T15:43:39.9843651Z #9 5.230 Selecting previously unselected package libxext6:amd64.
2026-10-08T15:43:39.9844248Z #9 5.231 Preparing to unpack .../029-libxext6_2%3a1.3.4-1+b1_amd64.deb ...
2026-10-08T15:43:39.9844667Z #9 5.244 Unpacking libxext6:amd64 (2:1.3.4-1+b1) ...
2026-10-08T15:43:40.1816545Z #9 5.259 Selecting previously unselected package libxfixes3:amd64.
2026-10-08T15:43:40.1817280Z #9 5.260 Preparing to unpack .../030-libxfixes3_1%3a6.0.0-2_amd64.deb ...
2026-10-08T15:43:40.1817873Z #9 5.265 Unpacking libxfixes3:amd64 (1:6.0.0-2) ...
2026-10-08T15:43:40.1818427Z #9 5.278 Selecting previously unselected package libxshmfence1:amd64.
2026-10-08T15:43:40.1819073Z #9 5.279 Preparing to unpack .../031-libxshmfence1_1.3-1_amd64.deb ...
2026-10-08T15:43:40.1819605Z #9 5.279 Unpacking libxshmfence1:amd64 (1.3-1) ...
2026-10-08T15:43:40.1820176Z #9 5.291 Selecting previously unselected package libxxf86vm1:amd64.
2026-10-08T15:43:40.1820833Z #9 5.291 Preparing to unpack .../032-libxxf86vm1_1%3a1.1.4-1+b2_amd64.deb ...
2026-10-08T15:43:40.1821413Z #9 5.292 Unpacking libxxf86vm1:amd64 (1:1.1.4-1+b2) ...
2026-10-08T15:43:40.2175121Z #9 5.477 Selecting previously unselected package libdrm-amdgpu1:amd64.
2026-10-08T15:43:40.3344390Z #9 5.479 Preparing to unpack .../033-libdrm-amdgpu1_2.4.114-1+b1_amd64.deb ...
2026-10-08T15:43:40.3345155Z #9 5.595 Unpacking libdrm-amdgpu1:amd64 (2.4.114-1+b1) ...
2026-10-08T15:43:40.5201406Z #9 5.608 Selecting previously unselected package libpciaccess0:amd64.
2026-10-08T15:43:40.5202099Z #9 5.609 Preparing to unpack .../034-libpciaccess0_0.17-2_amd64.deb ...
2026-10-08T15:43:40.5213160Z #9 5.609 Unpacking libpciaccess0:amd64 (0.17-2) ...
2026-10-08T15:43:40.5213705Z #9 5.623 Selecting previously unselected package libdrm-intel1:amd64.
2026-10-08T15:43:40.5214410Z #9 5.624 Preparing to unpack .../035-libdrm-intel1_2.4.114-1+b1_amd64.deb ...
2026-10-08T15:43:40.5214806Z #9 5.624 Unpacking libdrm-intel1:amd64 (2.4.114-1+b1) ...
2026-10-08T15:43:40.5215267Z #9 5.638 Selecting previously unselected package libdrm-nouveau2:amd64.
2026-10-08T15:43:40.5215713Z #9 5.639 Preparing to unpack .../036-libdrm-nouveau2_2.4.114-1+b1_amd64.deb ...
2026-10-08T15:43:40.5216642Z #9 5.640 Unpacking libdrm-nouveau2:amd64 (2.4.114-1+b1) ...
2026-10-08T15:43:40.5218037Z #9 5.652 Selecting previously unselected package libdrm-radeon1:amd64.
2026-10-08T15:43:40.5218863Z #9 5.653 Preparing to unpack .../037-libdrm-radeon1_2.4.114-1+b1_amd64.deb ...
2026-10-08T15:43:40.5219334Z #9 5.653 Unpacking libdrm-radeon1:amd64 (2.4.114-1+b1) ...
2026-10-08T15:43:40.5219796Z #9 5.781 Selecting previously unselected package libelf1:amd64.
2026-10-08T15:43:40.6216104Z #9 5.782 Preparing to unpack .../038-libelf1_0.188-2.1_amd64.deb ...
2026-10-08T15:43:40.6216924Z #9 5.783 Unpacking libelf1:amd64 (0.188-2.1) ...
2026-10-08T15:43:40.6217880Z #9 5.862 Selecting previously unselected package libedit2:amd64.
2026-10-08T15:43:40.6218361Z #9 5.864 Preparing to unpack .../039-libedit2_3.1-20221030-2_amd64.deb ...
2026-10-08T15:43:40.6218759Z #9 5.864 Unpacking libedit2:amd64 (3.1-20221030-2) ...
2026-10-08T15:43:40.6219139Z #9 5.882 Selecting previously unselected package libicu72:amd64.
2026-10-08T15:43:40.7736834Z #9 5.883 Preparing to unpack .../040-libicu72_72.1-3+deb12u1_amd64.deb ...
2026-10-08T15:43:40.7737568Z #9 5.884 Unpacking libicu72:amd64 (72.1-3+deb12u1) ...
2026-10-08T15:43:41.0224456Z #9 6.283 Selecting previously unselected package libxml2:amd64.
2026-10-08T15:43:41.2424521Z #9 6.284 Preparing to unpack .../041-libxml2_2.9.14+dfsg-1.3~deb12u6_amd64.deb ...
2026-10-08T15:43:41.2425053Z #9 6.285 Unpacking libxml2:amd64 (2.9.14+dfsg-1.3~deb12u6) ...
2026-10-08T15:43:41.2425458Z #9 6.351 Selecting previously unselected package libz3-4:amd64.
2026-10-08T15:43:41.2425870Z #9 6.352 Preparing to unpack .../042-libz3-4_4.8.12-3.1_amd64.deb ...
2026-10-08T15:43:41.2426224Z #9 6.353 Unpacking libz3-4:amd64 (4.8.12-3.1) ...
2026-10-08T15:43:41.4520754Z #9 6.713 Selecting previously unselected package libllvm15:amd64.
2026-10-08T15:43:41.6043212Z #9 6.714 Preparing to unpack .../043-libllvm15_1%3a15.0.6-4+b1_amd64.deb ...
2026-10-08T15:43:41.6044275Z #9 6.715 Unpacking libllvm15:amd64 (1:15.0.6-4+b1) ...
2026-10-08T15:43:42.0866762Z #9 7.347 Selecting previously unselected package libsensors-config.
2026-10-08T15:43:42.2745635Z #9 7.348 Preparing to unpack .../044-libsensors-config_1%3a3.6.0-7.1_all.deb ...
2026-10-08T15:43:42.2746380Z #9 7.349 Unpacking libsensors-config (1:3.6.0-7.1) ...
2026-10-08T15:43:42.2747010Z #9 7.361 Selecting previously unselected package libsensors5:amd64.
2026-10-08T15:43:42.2747793Z #9 7.362 Preparing to unpack .../045-libsensors5_1%3a3.6.0-7.1_amd64.deb ...
2026-10-08T15:43:42.2748424Z #9 7.365 Unpacking libsensors5:amd64 (1:3.6.0-7.1) ...
2026-10-08T15:43:42.2749051Z #9 7.379 Selecting previously unselected package libgl1-mesa-dri:amd64.
2026-10-08T15:43:42.2749820Z #9 7.380 Preparing to unpack .../046-libgl1-mesa-dri_22.3.6-1+deb12u2_amd64.deb ...
2026-10-08T15:43:42.2750509Z #9 7.385 Unpacking libgl1-mesa-dri:amd64 (22.3.6-1+deb12u2) ...
2026-10-08T15:43:42.6846140Z #9 7.944 Selecting previously unselected package libglx-mesa0:amd64.
2026-10-08T15:43:42.8359881Z #9 7.945 Preparing to unpack .../047-libglx-mesa0_22.3.6-1+deb12u2_amd64.deb ...
2026-10-08T15:43:42.8360400Z #9 7.946 Unpacking libglx-mesa0:amd64 (22.3.6-1+deb12u2) ...
2026-10-08T15:43:42.8518503Z #9 8.113 Selecting previously unselected package libglx0:amd64.
2026-10-08T15:43:42.9811462Z #9 8.114 Preparing to unpack .../048-libglx0_1.6.0-1_amd64.deb ...
2026-10-08T15:43:42.9812183Z #9 8.115 Unpacking libglx0:amd64 (1.6.0-1) ...
2026-10-08T15:43:42.9812653Z #9 8.129 Selecting previously unselected package libgl1:amd64.
2026-10-08T15:43:42.9813242Z #9 8.130 Preparing to unpack .../049-libgl1_1.6.0-1_amd64.deb ...
2026-10-08T15:43:42.9813898Z #9 8.130 Unpacking libgl1:amd64 (1.6.0-1) ...
2026-10-08T15:43:42.9814476Z #9 8.147 Selecting previously unselected package x11-common.
2026-10-08T15:43:42.9814933Z #9 8.148 Preparing to unpack .../050-x11-common_1%3a7.7+23_all.deb ...
2026-10-08T15:43:42.9815357Z #9 8.148 Unpacking x11-common (1:7.7+23) ...
2026-10-08T15:43:42.9815744Z #9 8.166 Selecting previously unselected package libice6:amd64.
2026-10-08T15:43:42.9816505Z #9 8.167 Preparing to unpack .../051-libice6_2%3a1.0.10-1_amd64.deb ...
2026-10-08T15:43:42.9816917Z #9 8.167 Unpacking libice6:amd64 (2:1.0.10-1) ...
2026-10-08T15:43:42.9817302Z #9 8.242 Selecting previously unselected package libsm6:amd64.
2026-10-08T15:43:43.0971331Z #9 8.243 Preparing to unpack .../052-libsm6_2%3a1.2.3-1_amd64.deb ...
2026-10-08T15:43:43.0972399Z #9 8.244 Unpacking libsm6:amd64 (2:1.2.3-1) ...
2026-10-08T15:43:43.0973378Z #9 8.257 Selecting previously unselected package libxt6:amd64.
2026-10-08T15:43:43.0974000Z #9 8.258 Preparing to unpack .../053-libxt6_1%3a1.2.1-1.1_amd64.deb ...
2026-10-08T15:43:43.0974387Z #9 8.258 Unpacking libxt6:amd64 (1:1.2.1-1.1) ...
2026-10-08T15:43:43.0974760Z #9 8.282 Selecting previously unselected package libxmu6:amd64.
2026-10-08T15:43:43.0975167Z #9 8.283 Preparing to unpack .../054-libxmu6_2%3a1.1.3-3_amd64.deb ...
2026-10-08T15:43:43.0975519Z #9 8.284 Unpacking libxmu6:amd64 (2:1.1.3-3) ...
2026-10-08T15:43:43.0975906Z #9 8.298 Selecting previously unselected package libxpm4:amd64.
2026-10-08T15:43:43.0976344Z #9 8.299 Preparing to unpack .../055-libxpm4_1%3a3.5.12-1.1+deb12u1_amd64.deb ...
2026-10-08T15:43:43.0976899Z #9 8.299 Unpacking libxpm4:amd64 (1:3.5.12-1.1+deb12u1) ...
2026-10-08T15:43:43.0977473Z #9 8.312 Selecting previously unselected package libxaw7:amd64.
2026-10-08T15:43:43.0978100Z #9 8.313 Preparing to unpack .../056-libxaw7_2%3a1.0.14-1_amd64.deb ...
2026-10-08T15:43:43.0978618Z #9 8.313 Unpacking libxaw7:amd64 (2:1.0.14-1) ...
2026-10-08T15:43:43.0979083Z #9 8.335 Selecting previously unselected package libxcb-shape0:amd64.
2026-10-08T15:43:43.0979771Z #9 8.336 Preparing to unpack .../057-libxcb-shape0_1.15-1_amd64.deb ...
2026-10-08T15:43:43.0980129Z #9 8.336 Unpacking libxcb-shape0:amd64 (1.15-1) ...
2026-10-08T15:43:43.0980533Z #9 8.358 Selecting previously unselected package libxcomposite1:amd64.
2026-10-08T15:43:43.2042708Z #9 8.359 Preparing to unpack .../058-libxcomposite1_1%3a0.4.5-1_amd64.deb ...
2026-10-08T15:43:43.2043588Z #9 8.360 Unpacking libxcomposite1:amd64 (1:0.4.5-1) ...
2026-10-08T15:43:43.2045100Z #9 8.372 Selecting previously unselected package libxrender1:amd64.
2026-10-08T15:43:43.2045767Z #9 8.373 Preparing to unpack .../059-libxrender1_1%3a0.9.10-1.1_amd64.deb ...
2026-10-08T15:43:43.2046359Z #9 8.374 Unpacking libxrender1:amd64 (1:0.9.10-1.1) ...
2026-10-08T15:43:43.2046890Z #9 8.389 Selecting previously unselected package libxft2:amd64.
2026-10-08T15:43:43.2047503Z #9 8.390 Preparing to unpack .../060-libxft2_2.3.6-1_amd64.deb ...
2026-10-08T15:43:43.2047984Z #9 8.391 Unpacking libxft2:amd64 (2.3.6-1) ...
2026-10-08T15:43:43.2048536Z #9 8.404 Selecting previously unselected package libxi6:amd64.
2026-10-08T15:43:43.2049144Z #9 8.405 Preparing to unpack .../061-libxi6_2%3a1.8-1+b1_amd64.deb ...
2026-10-08T15:43:43.2049684Z #9 8.406 Unpacking libxi6:amd64 (2:1.8-1+b1) ...
2026-10-08T15:43:43.2050265Z #9 8.420 Selecting previously unselected package libxinerama1:amd64.
2026-10-08T15:43:43.2050913Z #9 8.421 Preparing to unpack .../062-libxinerama1_2%3a1.1.4-3_amd64.deb ...
2026-10-08T15:43:43.2051447Z #9 8.422 Unpacking libxinerama1:amd64 (2:1.1.4-3) ...
2026-10-08T15:43:43.2051969Z #9 8.436 Selecting previously unselected package libxkbfile1:amd64.
2026-10-08T15:43:43.2052779Z #9 8.436 Preparing to unpack .../063-libxkbfile1_1%3a1.1.0-1_amd64.deb ...
2026-10-08T15:43:43.2053292Z #9 8.437 Unpacking libxkbfile1:amd64 (1:1.1.0-1) ...
2026-10-08T15:43:43.2053655Z #9 8.451 Selecting previously unselected package libxmuu1:amd64.
2026-10-08T15:43:43.2054460Z #9 8.452 Preparing to unpack .../064-libxmuu1_2%3a1.1.3-3_amd64.deb ...
2026-10-08T15:43:43.2054914Z #9 8.453 Unpacking libxmuu1:amd64 (2:1.1.3-3) ...
2026-10-08T15:43:43.2055307Z #9 8.464 Selecting previously unselected package libxrandr2:amd64.
2026-10-08T15:43:43.3150616Z #9 8.465 Preparing to unpack .../065-libxrandr2_2%3a1.5.2-2+b1_amd64.deb ...
2026-10-08T15:43:43.3151322Z #9 8.466 Unpacking libxrandr2:amd64 (2:1.5.2-2+b1) ...
2026-10-08T15:43:43.3152250Z #9 8.478 Selecting previously unselected package libxtst6:amd64.
2026-10-08T15:43:43.3152931Z #9 8.479 Preparing to unpack .../066-libxtst6_2%3a1.2.3-1.1_amd64.deb ...
2026-10-08T15:43:43.3172039Z #9 8.481 Unpacking libxtst6:amd64 (2:1.2.3-1.1) ...
2026-10-08T15:43:43.3172618Z #9 8.548 Selecting previously unselected package libxv1:amd64.
2026-10-08T15:43:43.3173324Z #9 8.549 Preparing to unpack .../067-libxv1_2%3a1.0.11-1.1_amd64.deb ...
2026-10-08T15:43:43.3174141Z #9 8.550 Unpacking libxv1:amd64 (2:1.0.11-1.1) ...
2026-10-08T15:43:43.3174530Z #9 8.562 Selecting previously unselected package libxxf86dga1:amd64.
2026-10-08T15:43:43.3174945Z #9 8.563 Preparing to unpack .../068-libxxf86dga1_2%3a1.1.5-1_amd64.deb ...
2026-10-08T15:43:43.3175320Z #9 8.563 Unpacking libxxf86dga1:amd64 (2:1.1.5-1) ...
2026-10-08T15:43:43.3175672Z #9 8.576 Selecting previously unselected package x11-utils.
2026-10-08T15:43:43.4905787Z #9 8.577 Preparing to unpack .../069-x11-utils_7.7+5_amd64.deb ...
2026-10-08T15:43:43.4906222Z #9 8.577 Unpacking x11-utils (7.7+5) ...
2026-10-08T15:43:43.4906580Z #9 8.599 Selecting previously unselected package xdg-utils.
2026-10-08T15:43:43.4906986Z #9 8.600 Preparing to unpack .../070-xdg-utils_1.1.3-4.1_all.deb ...
2026-10-08T15:43:43.4907333Z #9 8.601 Unpacking xdg-utils (1.1.3-4.1) ...
2026-10-08T15:43:43.5126788Z #9 8.773 Selecting previously unselected package chromium-common.
2026-10-08T15:43:43.6650184Z #9 8.775 Preparing to unpack .../071-chromium-common_154.0.8037.92-1~deb12u1_amd64.deb ...
2026-10-08T15:43:43.6651363Z #9 8.775 Unpacking chromium-common (154.0.8037.92-1~deb12u1) ...
2026-10-08T15:43:43.9697838Z #9 9.230 Selecting previously unselected package libasound2-data.
2026-10-08T15:43:44.1796794Z #9 9.232 Preparing to unpack .../072-libasound2-data_1.2.8-1_all.deb ...
2026-10-08T15:43:44.1797335Z #9 9.232 Unpacking libasound2-data (1.2.8-1) ...
2026-10-08T15:43:44.1797720Z #9 9.255 Selecting previously unselected package libasound2:amd64.
2026-10-08T15:43:44.1798187Z #9 9.256 Preparing to unpack .../073-libasound2_1.2.8-1+b1_amd64.deb ...
2026-10-08T15:43:44.1798960Z #9 9.257 Unpacking libasound2:amd64 (1.2.8-1+b1) ...
2026-10-08T15:43:44.1799331Z #9 9.288 Selecting previously unselected package libglib2.0-0:amd64.
2026-10-08T15:43:44.1799769Z #9 9.289 Preparing to unpack .../074-libglib2.0-0_2.74.6-2+deb12u9_amd64.deb ...
2026-10-08T15:43:44.1800161Z #9 9.290 Unpacking libglib2.0-0:amd64 (2.74.6-2+deb12u9) ...
2026-10-08T15:43:44.2084977Z #9 9.469 Selecting previously unselected package libatk1.0-0:amd64.
2026-10-08T15:43:44.4151938Z #9 9.470 Preparing to unpack .../075-libatk1.0-0_2.46.0-5_amd64.deb ...
2026-10-08T15:43:44.4152606Z #9 9.471 Unpacking libatk1.0-0:amd64 (2.46.0-5) ...
2026-10-08T15:43:44.4153214Z #9 9.485 Selecting previously unselected package libdbus-1-3:amd64.
2026-10-08T15:43:44.4154056Z #9 9.486 Preparing to unpack .../076-libdbus-1-3_1.14.10-1~deb12u1_amd64.deb ...
2026-10-08T15:43:44.4154715Z #9 9.487 Unpacking libdbus-1-3:amd64 (1.14.10-1~deb12u1) ...
2026-10-08T15:43:44.4155366Z #9 9.508 Selecting previously unselected package libatspi2.0-0:amd64.
2026-10-08T15:43:44.4155798Z #9 9.508 Preparing to unpack .../077-libatspi2.0-0_2.46.0-5_amd64.deb ...
2026-10-08T15:43:44.4156179Z #9 9.509 Unpacking libatspi2.0-0:amd64 (2.46.0-5) ...
2026-10-08T15:43:44.4156570Z #9 9.524 Selecting previously unselected package libdav1d6:amd64.
2026-10-08T15:43:44.4156992Z #9 9.525 Preparing to unpack .../078-libdav1d6_1.0.0-2+deb12u1_amd64.deb ...
2026-10-08T15:43:44.4157383Z #9 9.525 Unpacking libdav1d6:amd64 (1.0.0-2+deb12u1) ...
2026-10-08T15:43:44.5167563Z #9 9.777 Selecting previously unselected package libdouble-conversion3:amd64.
2026-10-08T15:43:44.6304145Z #9 9.779 Preparing to unpack .../079-libdouble-conversion3_3.2.1-1_amd64.deb ...
2026-10-08T15:43:44.6304644Z #9 9.779 Unpacking libdouble-conversion3:amd64 (3.2.1-1) ...
2026-10-08T15:43:44.6305046Z #9 9.793 Selecting previously unselected package libogg0:amd64.
2026-10-08T15:43:44.6305719Z #9 9.794 Preparing to unpack .../080-libogg0_1.3.5-3_amd64.deb ...
2026-10-08T15:43:44.6306082Z #9 9.804 Unpacking libogg0:amd64 (1.3.5-3) ...
2026-10-08T15:43:44.6306443Z #9 9.816 Selecting previously unselected package libflac12:amd64.
2026-10-08T15:43:44.6306865Z #9 9.817 Preparing to unpack .../081-libflac12_1.4.2+ds-2_amd64.deb ...
2026-10-08T15:43:44.6307227Z #9 9.818 Unpacking libflac12:amd64 (1.4.2+ds-2) ...
2026-10-08T15:43:44.6307619Z #9 9.839 Selecting previously unselected package libwayland-server0:amd64.
2026-10-08T15:43:44.6308063Z #9 9.840 Preparing to unpack .../082-libwayland-server0_1.21.0-1_amd64.deb ...
2026-10-08T15:43:44.6308455Z #9 9.840 Unpacking libwayland-server0:amd64 (1.21.0-1) ...
2026-10-08T15:43:44.6308820Z #9 9.853 Selecting previously unselected package libgbm1:amd64.
2026-10-08T15:43:44.6309243Z #9 9.854 Preparing to unpack .../083-libgbm1_22.3.6-1+deb12u2_amd64.deb ...
2026-10-08T15:43:44.6309627Z #9 9.891 Unpacking libgbm1:amd64 (22.3.6-1+deb12u2) ...
2026-10-08T15:43:44.7935043Z #9 9.978 Selecting previously unselected package libgraphite2-3:amd64.
2026-10-08T15:43:44.7935683Z #9 9.979 Preparing to unpack .../084-libgraphite2-3_1.3.14-1+deb12u1_amd64.deb ...
2026-10-08T15:43:44.7936117Z #9 9.980 Unpacking libgraphite2-3:amd64 (1.3.14-1+deb12u1) ...
2026-10-08T15:43:44.7936518Z #9 10.05 Selecting previously unselected package libharfbuzz0b:amd64.
2026-10-08T15:43:44.9090028Z #9 10.06 Preparing to unpack .../085-libharfbuzz0b_6.0.0+dfsg-3_amd64.deb ...
2026-10-08T15:43:44.9090602Z #9 10.06 Unpacking libharfbuzz0b:amd64 (6.0.0+dfsg-3) ...
2026-10-08T15:43:44.9091053Z #9 10.11 Selecting previously unselected package libharfbuzz-subset0:amd64.
2026-10-08T15:43:44.9091540Z #9 10.11 Preparing to unpack .../086-libharfbuzz-subset0_6.0.0+dfsg-3_amd64.deb ...
2026-10-08T15:43:44.9091973Z #9 10.11 Unpacking libharfbuzz-subset0:amd64 (6.0.0+dfsg-3) ...
2026-10-08T15:43:44.9092387Z #9 10.15 Selecting previously unselected package libjpeg62-turbo:amd64.
2026-10-08T15:43:44.9092857Z #9 10.15 Preparing to unpack .../087-libjpeg62-turbo_1%3a2.1.5-2_amd64.deb ...
2026-10-08T15:43:44.9093496Z #9 10.15 Unpacking libjpeg62-turbo:amd64 (1:2.1.5-2) ...
2026-10-08T15:43:44.9094500Z #9 10.17 Selecting previously unselected package libminizip1:amd64.
2026-10-08T15:43:45.0946611Z #9 10.17 Preparing to unpack .../088-libminizip1_1.1-8+deb12u1_amd64.deb ...
2026-10-08T15:43:45.0947280Z #9 10.17 Unpacking libminizip1:amd64 (1.1-8+deb12u1) ...
2026-10-08T15:43:45.0947679Z #9 10.18 Selecting previously unselected package libnspr4:amd64.
2026-10-08T15:43:45.0948090Z #9 10.19 Preparing to unpack .../089-libnspr4_2%3a4.35-1_amd64.deb ...
2026-10-08T15:43:45.0948451Z #9 10.19 Unpacking libnspr4:amd64 (2:4.35-1) ...
2026-10-08T15:43:45.0948827Z #9 10.20 Selecting previously unselected package libsqlite3-0:amd64.
2026-10-08T15:43:45.0949265Z #9 10.20 Preparing to unpack .../090-libsqlite3-0_3.40.1-2+deb12u2_amd64.deb ...
2026-10-08T15:43:45.0949683Z #9 10.20 Unpacking libsqlite3-0:amd64 (3.40.1-2+deb12u2) ...
2026-10-08T15:43:45.1839812Z #9 10.44 Selecting previously unselected package libnss3:amd64.
2026-10-08T15:43:45.3248803Z #9 10.45 Preparing to unpack .../091-libnss3_2%3a3.87.1-1+deb12u4_amd64.deb ...
2026-10-08T15:43:45.3249483Z #9 10.45 Unpacking libnss3:amd64 (2:3.87.1-1+deb12u4) ...
2026-10-08T15:43:45.3250058Z #9 10.59 Selecting previously unselected package libopenh264-7:amd64.
2026-10-08T15:43:45.4259234Z #9 10.59 Preparing to unpack .../092-libopenh264-7_2.3.1+dfsg-3+deb12u2_amd64.deb ...
2026-10-08T15:43:45.4260077Z #9 10.59 Unpacking libopenh264-7:amd64 (2.3.1+dfsg-3+deb12u2) ...
2026-10-08T15:43:45.4261010Z #9 10.62 Selecting previously unselected package libopus0:amd64.
2026-10-08T15:43:45.4261680Z #9 10.62 Preparing to unpack .../093-libopus0_1.3.1-3_amd64.deb ...
2026-10-08T15:43:45.4262108Z #9 10.63 Unpacking libopus0:amd64 (1.3.1-3) ...
2026-10-08T15:43:45.4262476Z #9 10.65 Selecting previously unselected package libasyncns0:amd64.
2026-10-08T15:43:45.4262892Z #9 10.65 Preparing to unpack .../094-libasyncns0_0.8-6+b3_amd64.deb ...
2026-10-08T15:43:45.4263520Z #9 10.65 Unpacking libasyncns0:amd64 (0.8-6+b3) ...
2026-10-08T15:43:45.4264285Z #9 10.66 Selecting previously unselected package libmp3lame0:amd64.
2026-10-08T15:43:45.4264827Z #9 10.66 Preparing to unpack .../095-libmp3lame0_3.100-6_amd64.deb ...
2026-10-08T15:43:45.4265385Z #9 10.66 Unpacking libmp3lame0:amd64 (3.100-6) ...
2026-10-08T15:43:45.4265949Z #9 10.69 Selecting previously unselected package libmpg123-0:amd64.
2026-10-08T15:43:45.6360002Z #9 10.69 Preparing to unpack .../096-libmpg123-0_1.31.2-1+deb12u1_amd64.deb ...
2026-10-08T15:43:45.6360655Z #9 10.69 Unpacking libmpg123-0:amd64 (1.31.2-1+deb12u1) ...
2026-10-08T15:43:45.6361048Z #9 10.71 Selecting previously unselected package libvorbis0a:amd64.
2026-10-08T15:43:45.6361471Z #9 10.71 Preparing to unpack .../097-libvorbis0a_1.3.7-1_amd64.deb ...
2026-10-08T15:43:45.6361843Z #9 10.71 Unpacking libvorbis0a:amd64 (1.3.7-1) ...
2026-10-08T15:43:45.6362219Z #9 10.73 Selecting previously unselected package libvorbisenc2:amd64.
2026-10-08T15:43:45.6362671Z #9 10.73 Preparing to unpack .../098-libvorbisenc2_1.3.7-1_amd64.deb ...
2026-10-08T15:43:45.6363062Z #9 10.73 Unpacking libvorbisenc2:amd64 (1.3.7-1) ...
2026-10-08T15:43:45.6363448Z #9 10.74 Selecting previously unselected package libsndfile1:amd64.
2026-10-08T15:43:45.6364123Z #9 10.75 Preparing to unpack .../099-libsndfile1_1.2.0-1+deb12u1_amd64.deb ...
2026-10-08T15:43:45.6364530Z #9 10.75 Unpacking libsndfile1:amd64 (1.2.0-1+deb12u1) ...
2026-10-08T15:43:45.8456679Z #9 11.11 Selecting previously unselected package libpulse0:amd64.
2026-10-08T15:43:46.0512726Z #9 11.11 Preparing to unpack .../100-libpulse0_16.1+dfsg1-2+b1_amd64.deb ...
2026-10-08T15:43:46.0513223Z #9 11.11 Unpacking libpulse0:amd64 (16.1+dfsg1-2+b1) ...
2026-10-08T15:43:46.0513616Z #9 11.14 Selecting previously unselected package libxdamage1:amd64.
2026-10-08T15:43:46.0514254Z #9 11.14 Preparing to unpack .../101-libxdamage1_1%3a1.1.6-1_amd64.deb ...
2026-10-08T15:43:46.0514675Z #9 11.14 Unpacking libxdamage1:amd64 (1:1.1.6-1) ...
2026-10-08T15:43:46.0515539Z #9 11.16 Selecting previously unselected package xkb-data.
2026-10-08T15:43:46.0515908Z #9 11.16 Preparing to unpack .../102-xkb-data_2.35.1-1_all.deb ...
2026-10-08T15:43:46.0516240Z #9 11.16 Unpacking xkb-data (2.35.1-1) ...
2026-10-08T15:43:46.1048958Z #9 11.37 Selecting previously unselected package libxkbcommon0:amd64.
2026-10-08T15:43:46.2966205Z #9 11.37 Preparing to unpack .../103-libxkbcommon0_1.5.0-1_amd64.deb ...
2026-10-08T15:43:46.2967211Z #9 11.37 Unpacking libxkbcommon0:amd64 (1.5.0-1) ...
2026-10-08T15:43:46.2968108Z #9 11.39 Selecting previously unselected package libxnvctrl0:amd64.
2026-10-08T15:43:46.2969001Z #9 11.39 Preparing to unpack .../104-libxnvctrl0_525.85.05-3~deb12u1_amd64.deb ...
2026-10-08T15:43:46.2969878Z #9 11.39 Unpacking libxnvctrl0:amd64 (525.85.05-3~deb12u1) ...
2026-10-08T15:43:46.2970712Z #9 11.40 Selecting previously unselected package chromium-headless-shell.
2026-10-08T15:43:46.2971763Z #9 11.40 Preparing to unpack .../105-chromium-headless-shell_154.0.8037.92-1~deb12u1_amd64.deb ...
2026-10-08T15:43:46.2972732Z #9 11.41 Unpacking chromium-headless-shell (154.0.8037.92-1~deb12u1) ...
2026-10-08T15:43:47.2970491Z #9 12.56 Selecting previously unselected package tini.
2026-10-08T15:43:47.4368666Z #9 12.56 Preparing to unpack .../106-tini_0.19.0-1+b3_amd64.deb ...
2026-10-08T15:43:47.4369239Z #9 12.56 Unpacking tini (0.19.0-1+b3) ...
2026-10-08T15:43:47.4369581Z #9 12.70 Setting up libexpat1:amd64 (2.5.0-1+deb12u4) ...
2026-10-08T15:43:47.5424220Z #9 12.70 Setting up bubblewrap (0.8.0-2+deb12u1) ...
2026-10-08T15:43:47.5424699Z #9 12.70 Setting up libgraphite2-3:amd64 (1.3.14-1+deb12u1) ...
2026-10-08T15:43:47.5425095Z #9 12.71 Setting up libwayland-server0:amd64 (1.21.0-1) ...
2026-10-08T15:43:47.5425446Z #9 12.71 Setting up libpciaccess0:amd64 (0.17-2) ...
2026-10-08T15:43:47.5425767Z #9 12.71 Setting up libxau6:amd64 (1:1.0.9-1) ...
2026-10-08T15:43:47.5426377Z #9 12.71 Setting up libdouble-conversion3:amd64 (3.2.1-1) ...
2026-10-08T15:43:47.5426728Z #9 12.71 Setting up libicu72:amd64 (72.1-3+deb12u1) ...
2026-10-08T15:43:47.5427076Z #9 12.71 Setting up libmpg123-0:amd64 (1.31.2-1+deb12u1) ...
2026-10-08T15:43:47.5427387Z #9 12.72 Setting up libogg0:amd64 (1.3.5-3) ...
2026-10-08T15:43:47.5427708Z #9 12.72 Setting up libminizip1:amd64 (1.1-8+deb12u1) ...
2026-10-08T15:43:47.5428048Z #9 12.72 Setting up libglib2.0-0:amd64 (2.74.6-2+deb12u9) ...
2026-10-08T15:43:47.5428364Z #9 12.72 No schema files found: doing nothing.
2026-10-08T15:43:47.5428819Z #9 12.73 Setting up libglvnd0:amd64 (1.6.0-1) ...
2026-10-08T15:43:47.5429135Z #9 12.73 Setting up libbrotli1:amd64 (1.0.9-2+b6) ...
2026-10-08T15:43:47.5429635Z #9 12.73 Setting up libsqlite3-0:amd64 (3.40.1-2+deb12u2) ...
2026-10-08T15:43:47.5430159Z #9 12.73 Setting up x11-common (1:7.7+23) ...
2026-10-08T15:43:47.5430652Z #9 12.79 debconf: unable to initialize frontend: Dialog
2026-10-08T15:43:47.5431288Z #9 12.79 debconf: (TERM is not set, so the dialog frontend is not usable.)
2026-10-08T15:43:47.5431896Z #9 12.79 debconf: falling back to frontend: Readline
2026-10-08T15:43:47.5432453Z #9 12.79 debconf: unable to initialize frontend: Readline
2026-10-08T15:43:47.5434227Z #9 12.79 debconf: (Can't locate Term/ReadLine.pm in @INC (you may need to install the Term::ReadLine module) (@INC contains: /etc/perl /usr/local/lib/x86_64-linux-gnu/perl/5.36.0 /usr/local/share/perl/5.36.0 /usr/lib/x86_64-linux-gnu/perl5/5.36 /usr/share/perl5 /usr/lib/x86_64-linux-gnu/perl-base /usr/lib/x86_64-linux-gnu/perl/5.36 /usr/share/perl/5.36 /usr/local/lib/site_perl) at /usr/share/perl5/Debconf/FrontEnd/Readline.pm line 7.)
2026-10-08T15:43:47.5436526Z #9 12.79 debconf: falling back to frontend: Teletype
2026-10-08T15:43:47.5437022Z #9 12.80 invoke-rc.d: could not determine current runlevel
2026-10-08T15:43:47.7926392Z #9 12.81 invoke-rc.d: policy-rc.d denied execution of restart.
2026-10-08T15:43:47.7926927Z #9 12.88 Setting up libsensors-config (1:3.6.0-7.1) ...
2026-10-08T15:43:47.7927287Z #9 12.88 Setting up xkb-data (2.35.1-1) ...
2026-10-08T15:43:47.7928142Z #9 12.88 Setting up libasound2-data (1.2.8-1) ...
2026-10-08T15:43:47.7928464Z #9 12.88 Setting up libfontenc1:amd64 (1:1.1.4-1) ...
2026-10-08T15:43:47.7928780Z #9 12.89 Setting up libz3-4:amd64 (4.8.12-3.1) ...
2026-10-08T15:43:47.7929082Z #9 12.89 Setting up libflac12:amd64 (1.4.2+ds-2) ...
2026-10-08T15:43:47.7929404Z #9 12.89 Setting up libjpeg62-turbo:amd64 (1:2.1.5-2) ...
2026-10-08T15:43:47.7929740Z #9 12.89 Setting up libx11-data (2:1.8.4-2+deb12u2) ...
2026-10-08T15:43:47.7930046Z #9 12.89 Setting up libnspr4:amd64 (2:4.35-1) ...
2026-10-08T15:43:47.7930368Z #9 12.90 Setting up libdbus-1-3:amd64 (1.14.10-1~deb12u1) ...
2026-10-08T15:43:47.7930776Z #9 12.90 Setting up libopus0:amd64 (1.3.1-3) ...
2026-10-08T15:43:47.7931108Z #9 12.90 Setting up libpng16-16:amd64 (1.6.39-2+deb12u6) ...
2026-10-08T15:43:47.8281548Z #9 13.09 Setting up libvorbis0a:amd64 (1.3.7-1) ...
2026-10-08T15:43:48.0371250Z #9 13.09 Setting up tini (0.19.0-1+b3) ...
2026-10-08T15:43:48.0371671Z #9 13.09 Setting up fonts-dejavu-core (2.37-6) ...
2026-10-08T15:43:48.0372066Z #9 13.10 Setting up libsensors5:amd64 (1:3.6.0-7.1) ...
2026-10-08T15:43:48.0372418Z #9 13.11 Setting up libdav1d6:amd64 (1.0.0-2+deb12u1) ...
2026-10-08T15:43:48.0372780Z #9 13.11 Setting up libglapi-mesa:amd64 (22.3.6-1+deb12u2) ...
2026-10-08T15:43:48.0373159Z #9 13.11 Setting up libopenh264-7:amd64 (2.3.1+dfsg-3+deb12u2) ...
2026-10-08T15:43:48.0373522Z #9 13.11 Setting up libasyncns0:amd64 (0.8-6+b3) ...
2026-10-08T15:43:48.0374050Z #9 13.12 Setting up libxshmfence1:amd64 (1.3-1) ...
2026-10-08T15:43:48.0374359Z #9 13.12 Setting up at-spi2-common (2.46.0-5) ...
2026-10-08T15:43:48.0374681Z #9 13.12 Setting up libasound2:amd64 (1.2.8-1+b1) ...
2026-10-08T15:43:48.0375026Z #9 13.12 Setting up libatk1.0-0:amd64 (2.46.0-5) ...
2026-10-08T15:43:48.0375460Z #9 13.13 Setting up libbsd0:amd64 (0.11.7-2) ...
2026-10-08T15:43:48.0375767Z #9 13.13 Setting up libdrm-common (2.4.114-1) ...
2026-10-08T15:43:48.0376336Z #9 13.13 Setting up libelf1:amd64 (0.188-2.1) ...
2026-10-08T15:43:48.0376798Z #9 13.14 Setting up libxml2:amd64 (2.9.14+dfsg-1.3~deb12u6) ...
2026-10-08T15:43:48.0377129Z #9 13.14 Setting up xdg-utils (1.1.3-4.1) ...
2026-10-08T15:43:48.0377727Z #9 13.14 update-alternatives: using /usr/bin/xdg-open to provide /usr/bin/open (open) in auto mode
2026-10-08T15:43:48.0378687Z #9 13.14 update-alternatives: warning: skip creation of /usr/share/man/man1/open.1.gz because associated file /usr/share/man/man1/xdg-open.1.gz (of link group open) doesn't exist
2026-10-08T15:43:48.0379328Z #9 13.14 Setting up libmp3lame0:amd64 (3.100-6) ...
2026-10-08T15:43:48.0379763Z #9 13.15 Setting up libvorbisenc2:amd64 (1.3.7-1) ...
2026-10-08T15:43:48.0380294Z #9 13.15 Setting up libxkbcommon0:amd64 (1.5.0-1) ...
2026-10-08T15:43:48.0384212Z #9 13.30 Setting up libice6:amd64 (2:1.0.10-1) ...
2026-10-08T15:43:48.2505669Z #9 13.30 Setting up libxdmcp6:amd64 (1:1.1.2-3) ...
2026-10-08T15:43:48.2506292Z #9 13.31 Setting up libxcb1:amd64 (1.15-1) ...
2026-10-08T15:43:48.2506622Z #9 13.31 Setting up libxcb-xfixes0:amd64 (1.15-1) ...
2026-10-08T15:43:48.2506959Z #9 13.31 Setting up fontconfig-config (2.14.1-4) ...
2026-10-08T15:43:48.2507319Z #9 13.36 debconf: unable to initialize frontend: Dialog
2026-10-08T15:43:48.2507735Z #9 13.36 debconf: (TERM is not set, so the dialog frontend is not usable.)
2026-10-08T15:43:48.2508118Z #9 13.36 debconf: falling back to frontend: Readline
2026-10-08T15:43:48.2508455Z #9 13.36 debconf: unable to initialize frontend: Readline
2026-10-08T15:43:48.2510008Z #9 13.36 debconf: (Can't locate Term/ReadLine.pm in @INC (you may need to install the Term::ReadLine module) (@INC contains: /etc/perl /usr/local/lib/x86_64-linux-gnu/perl/5.36.0 /usr/local/share/perl/5.36.0 /usr/lib/x86_64-linux-gnu/perl5/5.36 /usr/share/perl5 /usr/lib/x86_64-linux-gnu/perl-base /usr/lib/x86_64-linux-gnu/perl/5.36 /usr/share/perl/5.36 /usr/local/lib/site_perl) at /usr/share/perl5/Debconf/FrontEnd/Readline.pm line 7.)
2026-10-08T15:43:48.2511218Z #9 13.36 debconf: falling back to frontend: Teletype
2026-10-08T15:43:48.2640680Z #9 13.52 Setting up libxcb-glx0:amd64 (1.15-1) ...
2026-10-08T15:43:48.3978103Z #9 13.53 Setting up libedit2:amd64 (3.1-20221030-2) ...
2026-10-08T15:43:48.3978727Z #9 13.53 Setting up libxcb-shape0:amd64 (1.15-1) ...
2026-10-08T15:43:48.3979188Z #9 13.53 Setting up libnss3:amd64 (2:3.87.1-1+deb12u4) ...
2026-10-08T15:43:48.3979511Z #9 13.53 Setting up libxcb-shm0:amd64 (1.15-1) ...
2026-10-08T15:43:48.3979837Z #9 13.54 Setting up libxcb-present0:amd64 (1.15-1) ...
2026-10-08T15:43:48.3980238Z #9 13.54 Setting up libfreetype6:amd64 (2.12.1+dfsg-5+deb12u4) ...
2026-10-08T15:43:48.3980699Z #9 13.54 Setting up libxcb-sync1:amd64 (1.15-1) ...
2026-10-08T15:43:48.3981023Z #9 13.54 Setting up libxcb-dri2-0:amd64 (1.15-1) ...
2026-10-08T15:43:48.3981485Z #9 13.54 Setting up libdrm2:amd64 (2.4.114-1+b1) ...
2026-10-08T15:43:48.3981789Z #9 13.55 Setting up libxcb-randr0:amd64 (1.15-1) ...
2026-10-08T15:43:48.3982176Z #9 13.55 Setting up libllvm15:amd64 (1:15.0.6-4+b1) ...
2026-10-08T15:43:48.3982667Z #9 13.55 Setting up libx11-6:amd64 (2:1.8.4-2+deb12u2) ...
2026-10-08T15:43:48.3983014Z #9 13.55 Setting up libharfbuzz0b:amd64 (6.0.0+dfsg-3) ...
2026-10-08T15:43:48.3983351Z #9 13.55 Setting up libfontconfig1:amd64 (2.14.1-4) ...
2026-10-08T15:43:48.3983856Z #9 13.55 Setting up libsndfile1:amd64 (1.2.0-1+deb12u1) ...
2026-10-08T15:43:48.3984383Z #9 13.56 Setting up libxkbfile1:amd64 (1:1.1.0-1) ...
2026-10-08T15:43:48.3984731Z #9 13.56 Setting up libxcomposite1:amd64 (1:0.4.5-1) ...
2026-10-08T15:43:48.3985189Z #9 13.56 Setting up libsm6:amd64 (2:1.2.3-1) ...
2026-10-08T15:43:48.3985507Z #9 13.56 Setting up libxmuu1:amd64 (2:1.1.3-3) ...
2026-10-08T15:43:48.3985974Z #9 13.56 Setting up libdrm-amdgpu1:amd64 (2.4.114-1+b1) ...
2026-10-08T15:43:48.3986342Z #9 13.60 Setting up libxcb-dri3-0:amd64 (1.15-1) ...
2026-10-08T15:43:48.3986807Z #9 13.60 Setting up libx11-xcb1:amd64 (2:1.8.4-2+deb12u2) ...
2026-10-08T15:43:48.3987372Z #9 13.60 Setting up libdrm-nouveau2:amd64 (2.4.114-1+b1) ...
2026-10-08T15:43:48.3987835Z #9 13.61 Setting up libxdamage1:amd64 (1:1.1.6-1) ...
2026-10-08T15:43:48.3988183Z #9 13.66 Setting up libxpm4:amd64 (1:3.5.12-1.1+deb12u1) ...
2026-10-08T15:43:48.6156597Z #9 13.66 Setting up libxrender1:amd64 (1:0.9.10-1.1) ...
2026-10-08T15:43:48.6157254Z #9 13.66 Setting up libgbm1:amd64 (22.3.6-1+deb12u2) ...
2026-10-08T15:43:48.6157832Z #9 13.66 Setting up libpulse0:amd64 (16.1+dfsg1-2+b1) ...
2026-10-08T15:43:48.6158396Z #9 13.67 Setting up libdrm-radeon1:amd64 (2.4.114-1+b1) ...
2026-10-08T15:43:48.6158978Z #9 13.67 Setting up libdrm-intel1:amd64 (2.4.114-1+b1) ...
2026-10-08T15:43:48.6159572Z #9 13.67 Setting up libgl1-mesa-dri:amd64 (22.3.6-1+deb12u2) ...
2026-10-08T15:43:48.6159954Z #9 13.68 Setting up libxext6:amd64 (2:1.3.4-1+b1) ...
2026-10-08T15:43:48.6160285Z #9 13.68 Setting up libxxf86vm1:amd64 (1:1.1.4-1+b2) ...
2026-10-08T15:43:48.6160630Z #9 13.68 Setting up libxnvctrl0:amd64 (525.85.05-3~deb12u1) ...
2026-10-08T15:43:48.6160999Z #9 13.68 Setting up libxfixes3:amd64 (1:6.0.0-2) ...
2026-10-08T15:43:48.6161333Z #9 13.69 Setting up libxinerama1:amd64 (2:1.1.4-3) ...
2026-10-08T15:43:48.6161645Z #9 13.69 Setting up libxv1:amd64 (2:1.0.11-1.1) ...
2026-10-08T15:43:48.6161959Z #9 13.69 Setting up libxrandr2:amd64 (2:1.5.2-2+b1) ...
2026-10-08T15:43:48.6162343Z #9 13.69 Setting up libxt6:amd64 (1:1.2.1-1.1) ...
2026-10-08T15:43:48.6162703Z #9 13.69 Setting up libharfbuzz-subset0:amd64 (6.0.0+dfsg-3) ...
2026-10-08T15:43:48.6163040Z #9 13.70 Setting up libxft2:amd64 (2.3.6-1) ...
2026-10-08T15:43:48.6163349Z #9 13.70 Setting up libxmu6:amd64 (2:1.1.3-3) ...
2026-10-08T15:43:48.6163678Z #9 13.70 Setting up libglx-mesa0:amd64 (22.3.6-1+deb12u2) ...
2026-10-08T15:43:48.6164250Z #9 13.70 Setting up libxi6:amd64 (2:1.8-1+b1) ...
2026-10-08T15:43:48.6164544Z #9 13.70 Setting up libglx0:amd64 (1.6.0-1) ...
2026-10-08T15:43:48.6164843Z #9 13.70 Setting up libxtst6:amd64 (2:1.2.3-1.1) ...
2026-10-08T15:43:48.6165173Z #9 13.71 Setting up libxxf86dga1:amd64 (2:1.1.5-1) ...
2026-10-08T15:43:48.6165738Z #9 13.71 Setting up libxaw7:amd64 (2:1.0.14-1) ...
2026-10-08T15:43:48.6166059Z #9 13.71 Setting up libatspi2.0-0:amd64 (2.46.0-5) ...
2026-10-08T15:43:48.6166366Z #9 13.71 Setting up libgl1:amd64 (1.6.0-1) ...
2026-10-08T15:43:48.6166646Z #9 13.71 Setting up x11-utils (7.7+5) ...
2026-10-08T15:43:48.6166981Z #9 13.72 Setting up chromium-common (154.0.8037.92-1~deb12u1) ...
2026-10-08T15:43:48.6167375Z #9 13.72 Setting up chromium-headless-shell (154.0.8037.92-1~deb12u1) ...
2026-10-08T15:43:48.6167767Z #9 13.73 Processing triggers for libc-bin (2.36-9+deb12u14) ...
2026-10-08T15:43:51.0120405Z #9 DONE 16.3s
2026-10-08T15:43:51.1736538Z 
2026-10-08T15:43:51.1737522Z #10 [ 5/11] COPY package.json pnpm-lock.yaml pnpm-workspace.yaml ./
2026-10-08T15:43:51.1738289Z #10 DONE 0.0s
2026-10-08T15:43:51.1738546Z 
2026-10-08T15:43:51.1738817Z #11 [ 6/11] RUN pnpm install --frozen-lockfile
2026-10-08T15:43:51.1739656Z #11 0.151 ! Corepack is about to download https://registry.npmjs.org/pnpm/-/pnpm-10.18.3.tgz
2026-10-08T15:43:52.1422202Z #11 1.119 Lockfile is up to date, resolution step is skipped
2026-10-08T15:43:52.3642260Z #11 1.153 Progress: resolved 1, reused 0, downloaded 0, added 0
2026-10-08T15:43:52.3643238Z #11 1.190 Packages: +408
2026-10-08T15:43:52.3644281Z #11 1.190 ++++++++++++++++++++++++++++++++++++++++++++++++++++++++++++++++++++++++++++++++
2026-10-08T15:43:52.4035554Z #11 1.379 
2026-10-08T15:43:52.4036450Z #11 1.379    ╭───────────────────────────────────────────────╮
2026-10-08T15:43:52.4037057Z #11 1.379    │                                               │
2026-10-08T15:43:52.4037648Z #11 1.379    │     Update available! 10.18.3 → 12.10.1.      │
2026-10-08T15:43:52.4038258Z #11 1.379    │     Changelog: https://pnpm.io/v/12.10.1      │
2026-10-08T15:43:52.4038880Z #11 1.379    │   To update, run: corepack use pnpm@12.10.1   │
2026-10-08T15:43:52.4039457Z #11 1.379    │                                               │
2026-10-08T15:43:52.4040527Z #11 1.379    ╰───────────────────────────────────────────────╯
2026-10-08T15:43:52.4040957Z #11 1.379 
2026-10-08T15:43:53.1773002Z #11 2.154 Progress: resolved 408, reused 0, downloaded 58, added 22
2026-10-08T15:43:54.1797650Z #11 3.155 Progress: resolved 408, reused 0, downloaded 246, added 170
2026-10-08T15:43:55.1810881Z #11 4.158 Progress: resolved 408, reused 0, downloaded 263, added 176
2026-10-08T15:43:56.1946364Z #11 5.171 Progress: resolved 408, reused 0, downloaded 358, added 256
2026-10-08T15:43:57.1957305Z #11 6.172 Progress: resolved 408, reused 0, downloaded 407, added 407
2026-10-08T15:43:57.3613269Z #11 6.229 Progress: resolved 408, reused 0, downloaded 408, added 408, done
2026-10-08T15:43:57.3614348Z #11 6.338 .../node_modules/@prisma/engines postinstall$ node scripts/postinstall.js
2026-10-08T15:43:57.4786358Z #11 6.365 .../node_modules/workerd postinstall$ node install.js
2026-10-08T15:43:57.4787480Z #11 6.366 .../esbuild@0.28.1/node_modules/esbuild postinstall$ node install.js
2026-10-08T15:43:57.4788728Z #11 6.394 .../esbuild@0.25.12/node_modules/esbuild postinstall$ node install.js
2026-10-08T15:43:57.4790064Z #11 6.455 .../esbuild@0.28.2/node_modules/esbuild postinstall$ node install.js
2026-10-08T15:43:57.6788830Z #11 6.504 .../node_modules/@prisma/engines postinstall: prisma:warn Prisma failed to detect the libssl/openssl version to use, and may not work as expected. Defaulting to "openssl-1.1.x".
2026-10-08T15:43:57.6791516Z #11 6.505 .../node_modules/@prisma/engines postinstall: Please manually install OpenSSL via `apt-get update -y && apt-get install -y openssl` and try installing Prisma again. If you're running Prisma on Docker, add this command to your Dockerfile, or switch to an image that already has OpenSSL installed.
2026-10-08T15:43:58.3555552Z #11 7.331 .../node_modules/workerd postinstall: Done
2026-10-08T15:43:58.4722295Z #11 7.448 .../node_modules/@prisma/engines postinstall: Done
2026-10-08T15:43:58.5915499Z #11 7.452 .../esbuild@0.28.1/node_modules/esbuild postinstall: Done
2026-10-08T15:43:58.5916875Z #11 7.568 .../esbuild@0.25.12/node_modules/esbuild postinstall: Done
2026-10-08T15:43:58.7460117Z #11 7.572 .../esbuild@0.28.2/node_modules/esbuild postinstall: Done
2026-10-08T15:43:58.8986009Z #11 7.875 .../node_modules/prisma preinstall$ node scripts/preinstall-entry.js
2026-10-08T15:43:59.1087641Z #11 7.935 .../node_modules/prisma preinstall: Done
2026-10-08T15:43:59.2652632Z #11 8.242 
2026-10-08T15:43:59.2653002Z #11 8.242 dependencies:
2026-10-08T15:43:59.2653436Z #11 8.242 + @cloudflare/containers 0.3.7
2026-10-08T15:43:59.2653994Z #11 8.242 + @supabase/server 1.8.0
2026-10-08T15:43:59.2654402Z #11 8.242 + @supabase/supabase-js 2.117.0
2026-10-08T15:43:59.2654840Z #11 8.242 + @tiptap/extension-collaboration 3.31.3
2026-10-08T15:43:59.2655202Z #11 8.242 + @tiptap/extension-collaboration-caret 3.31.3
2026-10-08T15:43:59.2655501Z #11 8.242 + @tiptap/react 3.31.3
2026-10-08T15:43:59.2655819Z #11 8.242 + @tiptap/starter-kit 3.31.3
2026-10-08T15:43:59.2656216Z #11 8.242 + @vitejs/plugin-react 5.2.0
2026-10-08T15:43:59.2656575Z #11 8.242 + cross-env 10.1.0
2026-10-08T15:43:59.2656906Z #11 8.242 + dotenv 17.4.2
2026-10-08T15:43:59.2657199Z #11 8.242 + esbuild 0.25.12
2026-10-08T15:43:59.2657426Z #11 8.242 + esbuild-wasm 0.25.12
2026-10-08T15:43:59.2657642Z #11 8.242 + express 5.2.1
2026-10-08T15:43:59.2657864Z #11 8.242 + lucide-react 0.468.0
2026-10-08T15:43:59.2658077Z #11 8.242 + react 19.2.8
2026-10-08T15:43:59.2658277Z #11 8.242 + react-dom 19.2.8
2026-10-08T15:43:59.2658487Z #11 8.242 + vite 7.3.6
2026-10-08T15:43:59.2658677Z #11 8.242 + ws 8.21.3
2026-10-08T15:43:59.2658879Z #11 8.242 + y-protocols 1.0.7
2026-10-08T15:43:59.2659092Z #11 8.242 + yjs 13.6.32
2026-10-08T15:43:59.2659387Z #11 8.242 
2026-10-08T15:43:59.2659648Z #11 8.242 devDependencies:
2026-10-08T15:43:59.2659987Z #11 8.242 + @prisma/adapter-pg 7.10.0
2026-10-08T15:43:59.2660358Z #11 8.242 + @prisma/client 7.10.0
2026-10-08T15:43:59.2660999Z #11 8.242 + @types/express 5.0.6
2026-10-08T15:43:59.2661339Z #11 8.242 + @types/node 22.20.1
2026-10-08T15:43:59.2661679Z #11 8.242 + @types/pg 8.23.1
2026-10-08T15:43:59.2662033Z #11 8.242 + @types/react 19.2.18
2026-10-08T15:43:59.2662403Z #11 8.242 + @types/react-dom 19.2.7
2026-10-08T15:43:59.2662770Z #11 8.242 + @types/ws 8.18.1
2026-10-08T15:43:59.2663089Z #11 8.242 + pg 8.23.0
2026-10-08T15:43:59.2663390Z #11 8.242 + prisma 7.10.0
2026-10-08T15:43:59.2663865Z #11 8.242 + tsx 4.23.13
2026-10-08T15:43:59.2664232Z #11 8.242 + typescript 5.9.3
2026-10-08T15:43:59.2664578Z #11 8.242 + wrangler 4.131.1
2026-10-08T15:43:59.2664874Z #11 8.242 
2026-10-08T15:43:59.3776026Z #11 8.354 Done in 7.5s using pnpm v10.18.3
2026-10-08T15:44:03.1331586Z #11 DONE 12.1s
2026-10-08T15:44:03.2840272Z 
2026-10-08T15:44:03.2840729Z #12 [ 7/11] COPY . .
2026-10-08T15:44:03.3730630Z #12 DONE 0.2s
2026-10-08T15:44:03.5236547Z 
2026-10-08T15:44:03.5238256Z #13 [ 8/11] RUN apt-get update && apt-get install -y --no-install-recommends gcc libc6-dev && gcc -O2 -Wall -Wextra -Werror server/isolation/linux-job-launcher.c -o /usr/local/bin/cocreate-job-launcher && apt-get purge -y gcc libc6-dev && apt-get autoremove -y && rm -rf /var/lib/apt/lists/*
2026-10-08T15:44:03.5268800Z #13 0.154 Get:1 http://deb.debian.org/debian bookworm InRelease [151 kB]
2026-10-08T15:44:03.6412532Z #13 0.168 Get:2 http://deb.debian.org/debian bookworm-updates InRelease [55.4 kB]
2026-10-08T15:44:03.6413904Z #13 0.169 Get:3 http://deb.debian.org/debian-security bookworm-security InRelease [34.8 kB]
2026-10-08T15:44:03.6414943Z #13 0.222 Get:4 http://deb.debian.org/debian bookworm/main amd64 Packages [8790 kB]
2026-10-08T15:44:03.6416064Z #13 0.268 Get:5 http://deb.debian.org/debian bookworm-updates/main amd64 Packages [6924 B]
2026-10-08T15:44:03.8314633Z #13 0.308 Get:6 http://deb.debian.org/debian-security bookworm-security/main amd64 Packages [349 kB]
2026-10-08T15:44:04.2995160Z #13 0.926 Fetched 9388 kB in 1s (11.7 MB/s)
2026-10-08T15:44:04.6318957Z #13 0.926 Reading package lists...
2026-10-08T15:44:04.9912188Z #13 1.274 Reading package lists...
2026-10-08T15:44:05.1585984Z #13 1.628 Building dependency tree...
2026-10-08T15:44:05.1586571Z #13 1.706 Reading state information...
2026-10-08T15:44:05.1587168Z #13 1.785 The following additional packages will be installed:
2026-10-08T15:44:05.1587961Z #13 1.785   binutils binutils-common binutils-x86-64-linux-gnu cpp cpp-12 gcc-12
2026-10-08T15:44:05.1588923Z #13 1.785   libasan8 libatomic1 libbinutils libc-dev-bin libcc1-0 libcrypt-dev
2026-10-08T15:44:05.2759429Z #13 1.785   libctf-nobfd0 libctf0 libgcc-12-dev libgomp1 libgprofng0 libgssapi-krb5-2
2026-10-08T15:44:05.2760468Z #13 1.785   libisl23 libitm1 libjansson4 libk5crypto3 libkeyutils1 libkrb5-3
2026-10-08T15:44:05.2761445Z #13 1.785   libkrb5support0 liblsan0 libmpc3 libmpfr6 libnsl-dev libnsl2 libquadmath0
2026-10-08T15:44:05.2762393Z #13 1.785   libssl3 libtirpc-common libtirpc-dev libtirpc3 libtsan2 libubsan1
2026-10-08T15:44:05.2763267Z #13 1.786   linux-libc-dev rpcsvc-proto
2026-10-08T15:44:05.2764029Z #13 1.786 Suggested packages:
2026-10-08T15:44:05.2764569Z #13 1.786   binutils-doc cpp-doc gcc-12-locales cpp-12-doc gcc-multilib make
2026-10-08T15:44:05.2765053Z #13 1.786   manpages-dev autoconf automake libtool flex bison gdb gcc-doc
2026-10-08T15:44:05.2765580Z #13 1.786   gcc-12-multilib gcc-12-doc glibc-doc krb5-doc krb5-user
2026-10-08T15:44:05.2765953Z #13 1.786 Recommended packages:
2026-10-08T15:44:05.2766322Z #13 1.786   manpages manpages-dev libc-devtools krb5-locales
2026-10-08T15:44:05.2766714Z #13 1.903 The following NEW packages will be installed:
2026-10-08T15:44:05.3777637Z #13 1.903   binutils binutils-common binutils-x86-64-linux-gnu cpp cpp-12 gcc gcc-12
2026-10-08T15:44:05.3778236Z #13 1.903   libasan8 libatomic1 libbinutils libc-dev-bin libc6-dev libcc1-0 libcrypt-dev
2026-10-08T15:44:05.3780967Z #13 1.905   libctf-nobfd0 libctf0 libgcc-12-dev libgomp1 libgprofng0 libgssapi-krb5-2
2026-10-08T15:44:05.3781767Z #13 1.905   libisl23 libitm1 libjansson4 libk5crypto3 libkeyutils1 libkrb5-3
2026-10-08T15:44:05.3782911Z #13 1.905   libkrb5support0 liblsan0 libmpc3 libmpfr6 libnsl-dev libnsl2 libquadmath0
2026-10-08T15:44:05.3783568Z #13 1.905   libssl3 libtirpc-common libtirpc-dev libtirpc3 libtsan2 libubsan1
2026-10-08T15:44:05.3784221Z #13 1.905   linux-libc-dev rpcsvc-proto
2026-10-08T15:44:05.3784714Z #13 1.927 0 upgraded, 41 newly installed, 0 to remove and 1 not upgraded.
2026-10-08T15:44:05.3785190Z #13 1.927 Need to get 53.5 MB of archives.
2026-10-08T15:44:05.3785768Z #13 1.927 After this operation, 210 MB of additional disk space will be used.
2026-10-08T15:44:05.3786582Z #13 1.927 Get:1 http://deb.debian.org/debian bookworm/main amd64 binutils-common amd64 2.40-2 [2487 kB]
2026-10-08T15:44:05.3787515Z #13 1.942 Get:2 http://deb.debian.org/debian bookworm/main amd64 libbinutils amd64 2.40-2 [572 kB]
2026-10-08T15:44:05.3788403Z #13 1.946 Get:3 http://deb.debian.org/debian bookworm/main amd64 libctf-nobfd0 amd64 2.40-2 [153 kB]
2026-10-08T15:44:05.3789221Z #13 1.946 Get:4 http://deb.debian.org/debian bookworm/main amd64 libctf0 amd64 2.40-2 [89.8 kB]
2026-10-08T15:44:05.3790127Z #13 1.947 Get:5 http://deb.debian.org/debian bookworm/main amd64 libgprofng0 amd64 2.40-2 [812 kB]
2026-10-08T15:44:05.3790999Z #13 1.950 Get:6 http://deb.debian.org/debian bookworm/main amd64 libjansson4 amd64 2.14-2 [40.8 kB]
2026-10-08T15:44:05.3791975Z #13 1.951 Get:7 http://deb.debian.org/debian bookworm/main amd64 binutils-x86-64-linux-gnu amd64 2.40-2 [2246 kB]
2026-10-08T15:44:05.3792796Z #13 1.960 Get:8 http://deb.debian.org/debian bookworm/main amd64 binutils amd64 2.40-2 [65.0 kB]
2026-10-08T15:44:05.3793571Z #13 1.961 Get:9 http://deb.debian.org/debian bookworm/main amd64 libisl23 amd64 0.25-1.1 [683 kB]
2026-10-08T15:44:05.3794528Z #13 1.963 Get:10 http://deb.debian.org/debian bookworm/main amd64 libmpfr6 amd64 4.2.0-1 [701 kB]
2026-10-08T15:44:05.3795355Z #13 1.966 Get:11 http://deb.debian.org/debian bookworm/main amd64 libmpc3 amd64 1.3.1-1 [51.5 kB]
2026-10-08T15:44:05.3795920Z #13 1.967 Get:12 http://deb.debian.org/debian bookworm/main amd64 cpp-12 amd64 12.2.0-14+deb12u1 [9768 kB]
2026-10-08T15:44:05.3796682Z #13 2.005 Get:13 http://deb.debian.org/debian bookworm/main amd64 cpp amd64 4:12.2.0-3 [6836 B]
2026-10-08T15:44:05.4801367Z #13 2.005 Get:14 http://deb.debian.org/debian bookworm/main amd64 libcc1-0 amd64 12.2.0-14+deb12u1 [41.7 kB]
2026-10-08T15:44:05.4802181Z #13 2.005 Get:15 http://deb.debian.org/debian bookworm/main amd64 libgomp1 amd64 12.2.0-14+deb12u1 [116 kB]
2026-10-08T15:44:05.4802782Z #13 2.006 Get:16 http://deb.debian.org/debian bookworm/main amd64 libitm1 amd64 12.2.0-14+deb12u1 [26.1 kB]
2026-10-08T15:44:05.4803366Z #13 2.006 Get:17 http://deb.debian.org/debian bookworm/main amd64 libatomic1 amd64 12.2.0-14+deb12u1 [9376 B]
2026-10-08T15:44:05.4804379Z #13 2.006 Get:18 http://deb.debian.org/debian bookworm/main amd64 libasan8 amd64 12.2.0-14+deb12u1 [2193 kB]
2026-10-08T15:44:05.4805369Z #13 2.014 Get:19 http://deb.debian.org/debian bookworm/main amd64 liblsan0 amd64 12.2.0-14+deb12u1 [969 kB]
2026-10-08T15:44:05.4806417Z #13 2.017 Get:20 http://deb.debian.org/debian bookworm/main amd64 libtsan2 amd64 12.2.0-14+deb12u1 [2197 kB]
2026-10-08T15:44:05.4807415Z #13 2.025 Get:21 http://deb.debian.org/debian bookworm/main amd64 libubsan1 amd64 12.2.0-14+deb12u1 [883 kB]
2026-10-08T15:44:05.4808424Z #13 2.028 Get:22 http://deb.debian.org/debian bookworm/main amd64 libquadmath0 amd64 12.2.0-14+deb12u1 [145 kB]
2026-10-08T15:44:05.4809504Z #13 2.029 Get:23 http://deb.debian.org/debian bookworm/main amd64 libgcc-12-dev amd64 12.2.0-14+deb12u1 [2437 kB]
2026-10-08T15:44:05.4810292Z #13 2.037 Get:24 http://deb.debian.org/debian bookworm/main amd64 gcc-12 amd64 12.2.0-14+deb12u1 [19.3 MB]
2026-10-08T15:44:05.4810942Z #13 2.102 Get:25 http://deb.debian.org/debian bookworm/main amd64 gcc amd64 4:12.2.0-3 [5216 B]
2026-10-08T15:44:05.4811514Z #13 2.102 Get:26 http://deb.debian.org/debian bookworm/main amd64 libc-dev-bin amd64 2.36-9+deb12u14 [48.1 kB]
2026-10-08T15:44:05.4812681Z #13 2.102 Get:27 http://deb.debian.org/debian-security bookworm-security/main amd64 linux-libc-dev amd64 6.1.187-1 [2357 kB]
2026-10-08T15:44:05.4813892Z #13 2.107 Get:28 http://deb.debian.org/debian bookworm/main amd64 libcrypt-dev amd64 1:4.4.33-2 [118 kB]
2026-10-08T15:44:05.5800692Z #13 2.108 Get:29 http://deb.debian.org/debian bookworm/main amd64 libkrb5support0 amd64 1.20.1-2+deb12u5 [33.2 kB]
2026-10-08T15:44:05.5801421Z #13 2.108 Get:30 http://deb.debian.org/debian bookworm/main amd64 libk5crypto3 amd64 1.20.1-2+deb12u5 [79.7 kB]
2026-10-08T15:44:05.5802040Z #13 2.108 Get:31 http://deb.debian.org/debian bookworm/main amd64 libkeyutils1 amd64 1.6.3-2 [8808 B]
2026-10-08T15:44:05.5802696Z #13 2.109 Get:32 http://deb.debian.org/debian-security bookworm-security/main amd64 libssl3 amd64 3.0.22-1~deb12u1 [2039 kB]
2026-10-08T15:44:05.7320866Z #13 2.204 Get:33 http://deb.debian.org/debian bookworm/main amd64 libkrb5-3 amd64 1.20.1-2+deb12u5 [332 kB]
2026-10-08T15:44:05.7321616Z #13 2.205 Get:34 http://deb.debian.org/debian bookworm/main amd64 libgssapi-krb5-2 amd64 1.20.1-2+deb12u5 [135 kB]
2026-10-08T15:44:05.7322251Z #13 2.206 Get:35 http://deb.debian.org/debian bookworm/main amd64 libtirpc-common all 1.3.3+ds-1 [14.0 kB]
2026-10-08T15:44:05.7322860Z #13 2.206 Get:36 http://deb.debian.org/debian bookworm/main amd64 libtirpc3 amd64 1.3.3+ds-1 [85.2 kB]
2026-10-08T15:44:05.7323408Z #13 2.207 Get:37 http://deb.debian.org/debian bookworm/main amd64 libnsl2 amd64 1.3.0-2 [39.5 kB]
2026-10-08T15:44:05.7324190Z #13 2.207 Get:38 http://deb.debian.org/debian bookworm/main amd64 libtirpc-dev amd64 1.3.3+ds-1 [191 kB]
2026-10-08T15:44:05.7324745Z #13 2.208 Get:39 http://deb.debian.org/debian bookworm/main amd64 libnsl-dev amd64 1.3.0-2 [66.4 kB]
2026-10-08T15:44:05.7325286Z #13 2.208 Get:40 http://deb.debian.org/debian bookworm/main amd64 rpcsvc-proto amd64 1.4.3-1 [63.3 kB]
2026-10-08T15:44:05.7325857Z #13 2.209 Get:41 http://deb.debian.org/debian bookworm/main amd64 libc6-dev amd64 2.36-9+deb12u14 [1904 kB]
2026-10-08T15:44:05.7686368Z #13 2.395 debconf: delaying package configuration, since apt-utils is not installed
2026-10-08T15:44:05.9723624Z #13 2.434 Fetched 53.5 MB in 0s (175 MB/s)
2026-10-08T15:44:05.9724629Z #13 2.445 Selecting previously unselected package binutils-common:amd64.
2026-10-08T15:44:05.9725298Z #13 2.445 (Reading database ... 
2026-10-08T15:44:05.9725818Z (Reading database ... 5%
2026-10-08T15:44:05.9726102Z (Reading database ... 10%
2026-10-08T15:44:05.9726332Z (Reading database ... 15%
2026-10-08T15:44:05.9726537Z (Reading database ... 20%
2026-10-08T15:44:05.9726760Z (Reading database ... 25%
2026-10-08T15:44:05.9726965Z (Reading database ... 30%
2026-10-08T15:44:05.9727161Z (Reading database ... 35%
2026-10-08T15:44:05.9727372Z (Reading database ... 40%
2026-10-08T15:44:05.9727593Z (Reading database ... 45%
2026-10-08T15:44:05.9727789Z (Reading database ... 50%
2026-10-08T15:44:05.9727995Z (Reading database ... 55%
2026-10-08T15:44:05.9728216Z (Reading database ... 60%
2026-10-08T15:44:05.9728435Z (Reading database ... 65%
2026-10-08T15:44:05.9728655Z (Reading database ... 70%
2026-10-08T15:44:05.9728879Z (Reading database ... 75%
2026-10-08T15:44:05.9729084Z (Reading database ... 80%
2026-10-08T15:44:05.9729287Z (Reading database ... 85%
2026-10-08T15:44:05.9729485Z (Reading database ... 90%
2026-10-08T15:44:05.9729687Z (Reading database ... 95%
2026-10-08T15:44:05.9729887Z (Reading database ... 100%
2026-10-08T15:44:05.9730240Z (Reading database ... 7943 files and directories currently installed.)
2026-10-08T15:44:05.9730699Z #13 2.453 Preparing to unpack .../00-binutils-common_2.40-2_amd64.deb ...
2026-10-08T15:44:05.9731094Z #13 2.454 Unpacking binutils-common:amd64 (2.40-2) ...
2026-10-08T15:44:05.9731477Z #13 2.599 Selecting previously unselected package libbinutils:amd64.
2026-10-08T15:44:06.1133689Z #13 2.601 Preparing to unpack .../01-libbinutils_2.40-2_amd64.deb ...
2026-10-08T15:44:06.1134380Z #13 2.602 Unpacking libbinutils:amd64 (2.40-2) ...
2026-10-08T15:44:06.1135200Z #13 2.645 Selecting previously unselected package libctf-nobfd0:amd64.
2026-10-08T15:44:06.1135790Z #13 2.646 Preparing to unpack .../02-libctf-nobfd0_2.40-2_amd64.deb ...
2026-10-08T15:44:06.1136174Z #13 2.647 Unpacking libctf-nobfd0:amd64 (2.40-2) ...
2026-10-08T15:44:06.1136688Z #13 2.666 Selecting previously unselected package libctf0:amd64.
2026-10-08T15:44:06.1137082Z #13 2.667 Preparing to unpack .../03-libctf0_2.40-2_amd64.deb ...
2026-10-08T15:44:06.1137528Z #13 2.668 Unpacking libctf0:amd64 (2.40-2) ...
2026-10-08T15:44:06.1137964Z #13 2.684 Selecting previously unselected package libgprofng0:amd64.
2026-10-08T15:44:06.1138442Z #13 2.685 Preparing to unpack .../04-libgprofng0_2.40-2_amd64.deb ...
2026-10-08T15:44:06.1138914Z #13 2.686 Unpacking libgprofng0:amd64 (2.40-2) ...
2026-10-08T15:44:06.1139286Z #13 2.740 Selecting previously unselected package libjansson4:amd64.
2026-10-08T15:44:06.2778285Z #13 2.742 Preparing to unpack .../05-libjansson4_2.14-2_amd64.deb ...
2026-10-08T15:44:06.2778972Z #13 2.742 Unpacking libjansson4:amd64 (2.14-2) ...
2026-10-08T15:44:06.2779637Z #13 2.755 Selecting previously unselected package binutils-x86-64-linux-gnu.
2026-10-08T15:44:06.2780381Z #13 2.756 Preparing to unpack .../06-binutils-x86-64-linux-gnu_2.40-2_amd64.deb ...
2026-10-08T15:44:06.2781009Z #13 2.756 Unpacking binutils-x86-64-linux-gnu (2.40-2) ...
2026-10-08T15:44:06.2781556Z #13 2.905 Selecting previously unselected package binutils.
2026-10-08T15:44:06.3834963Z #13 2.906 Preparing to unpack .../07-binutils_2.40-2_amd64.deb ...
2026-10-08T15:44:06.3835471Z #13 2.908 Unpacking binutils (2.40-2) ...
2026-10-08T15:44:06.3835842Z #13 2.926 Selecting previously unselected package libisl23:amd64.
2026-10-08T15:44:06.3836258Z #13 2.927 Preparing to unpack .../08-libisl23_0.25-1.1_amd64.deb ...
2026-10-08T15:44:06.3836605Z #13 2.928 Unpacking libisl23:amd64 (0.25-1.1) ...
2026-10-08T15:44:06.3836956Z #13 2.976 Selecting previously unselected package libmpfr6:amd64.
2026-10-08T15:44:06.3837384Z #13 2.978 Preparing to unpack .../09-libmpfr6_4.2.0-1_amd64.deb ...
2026-10-08T15:44:06.3837725Z #13 2.978 Unpacking libmpfr6:amd64 (4.2.0-1) ...
2026-10-08T15:44:06.3838329Z #13 3.010 Selecting previously unselected package libmpc3:amd64.
2026-10-08T15:44:06.5510122Z #13 3.011 Preparing to unpack .../10-libmpc3_1.3.1-1_amd64.deb ...
2026-10-08T15:44:06.5510698Z #13 3.012 Unpacking libmpc3:amd64 (1.3.1-1) ...
2026-10-08T15:44:06.5511055Z #13 3.026 Selecting previously unselected package cpp-12.
2026-10-08T15:44:06.5511470Z #13 3.027 Preparing to unpack .../11-cpp-12_12.2.0-14+deb12u1_amd64.deb ...
2026-10-08T15:44:06.5511845Z #13 3.027 Unpacking cpp-12 (12.2.0-14+deb12u1) ...
2026-10-08T15:44:06.8284616Z #13 3.455 Selecting previously unselected package cpp.
2026-10-08T15:44:07.0336473Z #13 3.457 Preparing to unpack .../12-cpp_4%3a12.2.0-3_amd64.deb ...
2026-10-08T15:44:07.0336984Z #13 3.457 Unpacking cpp (4:12.2.0-3) ...
2026-10-08T15:44:07.0337560Z #13 3.469 Selecting previously unselected package libcc1-0:amd64.
2026-10-08T15:44:07.0338200Z #13 3.470 Preparing to unpack .../13-libcc1-0_12.2.0-14+deb12u1_amd64.deb ...
2026-10-08T15:44:07.0338612Z #13 3.471 Unpacking libcc1-0:amd64 (12.2.0-14+deb12u1) ...
2026-10-08T15:44:07.0338985Z #13 3.484 Selecting previously unselected package libgomp1:amd64.
2026-10-08T15:44:07.0339392Z #13 3.485 Preparing to unpack .../14-libgomp1_12.2.0-14+deb12u1_amd64.deb ...
2026-10-08T15:44:07.0339775Z #13 3.486 Unpacking libgomp1:amd64 (12.2.0-14+deb12u1) ...
2026-10-08T15:44:07.0340142Z #13 3.503 Selecting previously unselected package libitm1:amd64.
2026-10-08T15:44:07.0340547Z #13 3.504 Preparing to unpack .../15-libitm1_12.2.0-14+deb12u1_amd64.deb ...
2026-10-08T15:44:07.0340921Z #13 3.504 Unpacking libitm1:amd64 (12.2.0-14+deb12u1) ...
2026-10-08T15:44:07.0341291Z #13 3.517 Selecting previously unselected package libatomic1:amd64.
2026-10-08T15:44:07.0341713Z #13 3.518 Preparing to unpack .../16-libatomic1_12.2.0-14+deb12u1_amd64.deb ...
2026-10-08T15:44:07.0342377Z #13 3.518 Unpacking libatomic1:amd64 (12.2.0-14+deb12u1) ...
2026-10-08T15:44:07.0342762Z #13 3.530 Selecting previously unselected package libasan8:amd64.
2026-10-08T15:44:07.0343169Z #13 3.531 Preparing to unpack .../17-libasan8_12.2.0-14+deb12u1_amd64.deb ...
2026-10-08T15:44:07.0343551Z #13 3.532 Unpacking libasan8:amd64 (12.2.0-14+deb12u1) ...
2026-10-08T15:44:07.0344641Z #13 3.660 Selecting previously unselected package liblsan0:amd64.
2026-10-08T15:44:07.2298930Z #13 3.662 Preparing to unpack .../18-liblsan0_12.2.0-14+deb12u1_amd64.deb ...
2026-10-08T15:44:07.2299534Z #13 3.662 Unpacking liblsan0:amd64 (12.2.0-14+deb12u1) ...
2026-10-08T15:44:07.2300016Z #13 3.726 Selecting previously unselected package libtsan2:amd64.
2026-10-08T15:44:07.2300599Z #13 3.727 Preparing to unpack .../19-libtsan2_12.2.0-14+deb12u1_amd64.deb ...
2026-10-08T15:44:07.2301061Z #13 3.728 Unpacking libtsan2:amd64 (12.2.0-14+deb12u1) ...
2026-10-08T15:44:07.2301571Z #13 3.857 Selecting previously unselected package libubsan1:amd64.
2026-10-08T15:44:07.4419662Z #13 3.858 Preparing to unpack .../20-libubsan1_12.2.0-14+deb12u1_amd64.deb ...
2026-10-08T15:44:07.4420444Z #13 3.859 Unpacking libubsan1:amd64 (12.2.0-14+deb12u1) ...
2026-10-08T15:44:07.4421105Z #13 3.919 Selecting previously unselected package libquadmath0:amd64.
2026-10-08T15:44:07.4421860Z #13 3.920 Preparing to unpack .../21-libquadmath0_12.2.0-14+deb12u1_amd64.deb ...
2026-10-08T15:44:07.4422461Z #13 3.921 Unpacking libquadmath0:amd64 (12.2.0-14+deb12u1) ...
2026-10-08T15:44:07.4422867Z #13 3.938 Selecting previously unselected package libgcc-12-dev:amd64.
2026-10-08T15:44:07.4423319Z #13 3.940 Preparing to unpack .../22-libgcc-12-dev_12.2.0-14+deb12u1_amd64.deb ...
2026-10-08T15:44:07.4424486Z #13 3.940 Unpacking libgcc-12-dev:amd64 (12.2.0-14+deb12u1) ...
2026-10-08T15:44:07.4424862Z #13 4.069 Selecting previously unselected package gcc-12.
2026-10-08T15:44:07.5946041Z #13 4.070 Preparing to unpack .../23-gcc-12_12.2.0-14+deb12u1_amd64.deb ...
2026-10-08T15:44:07.5964953Z #13 4.071 Unpacking gcc-12 (12.2.0-14+deb12u1) ...
2026-10-08T15:44:08.0736365Z #13 4.700 Selecting previously unselected package gcc.
2026-10-08T15:44:08.2567591Z #13 4.702 Preparing to unpack .../24-gcc_4%3a12.2.0-3_amd64.deb ...
2026-10-08T15:44:08.2568019Z #13 4.703 Unpacking gcc (4:12.2.0-3) ...
2026-10-08T15:44:08.2568391Z #13 4.716 Selecting previously unselected package libc-dev-bin.
2026-10-08T15:44:08.2568862Z #13 4.718 Preparing to unpack .../25-libc-dev-bin_2.36-9+deb12u14_amd64.deb ...
2026-10-08T15:44:08.2569260Z #13 4.718 Unpacking libc-dev-bin (2.36-9+deb12u14) ...
2026-10-08T15:44:08.2569653Z #13 4.732 Selecting previously unselected package linux-libc-dev:amd64.
2026-10-08T15:44:08.2570084Z #13 4.733 Preparing to unpack .../26-linux-libc-dev_6.1.187-1_amd64.deb ...
2026-10-08T15:44:08.2570460Z #13 4.733 Unpacking linux-libc-dev:amd64 (6.1.187-1) ...
2026-10-08T15:44:08.2734757Z #13 4.900 Selecting previously unselected package libcrypt-dev:amd64.
2026-10-08T15:44:08.4529722Z #13 4.902 Preparing to unpack .../27-libcrypt-dev_1%3a4.4.33-2_amd64.deb ...
2026-10-08T15:44:08.4530477Z #13 4.906 Unpacking libcrypt-dev:amd64 (1:4.4.33-2) ...
2026-10-08T15:44:08.4531115Z #13 4.924 Selecting previously unselected package libkrb5support0:amd64.
2026-10-08T15:44:08.4531843Z #13 4.925 Preparing to unpack .../28-libkrb5support0_1.20.1-2+deb12u5_amd64.deb ...
2026-10-08T15:44:08.4532464Z #13 4.926 Unpacking libkrb5support0:amd64 (1.20.1-2+deb12u5) ...
2026-10-08T15:44:08.4533027Z #13 4.942 Selecting previously unselected package libk5crypto3:amd64.
2026-10-08T15:44:08.4533655Z #13 4.943 Preparing to unpack .../29-libk5crypto3_1.20.1-2+deb12u5_amd64.deb ...
2026-10-08T15:44:08.4534895Z #13 4.943 Unpacking libk5crypto3:amd64 (1.20.1-2+deb12u5) ...
2026-10-08T15:44:08.4535437Z #13 4.959 Selecting previously unselected package libkeyutils1:amd64.
2026-10-08T15:44:08.4536003Z #13 4.960 Preparing to unpack .../30-libkeyutils1_1.6.3-2_amd64.deb ...
2026-10-08T15:44:08.4536494Z #13 4.961 Unpacking libkeyutils1:amd64 (1.6.3-2) ...
2026-10-08T15:44:08.4537243Z #13 4.973 Selecting previously unselected package libssl3:amd64.
2026-10-08T15:44:08.4537815Z #13 4.974 Preparing to unpack .../31-libssl3_3.0.22-1~deb12u1_amd64.deb ...
2026-10-08T15:44:08.4538337Z #13 4.975 Unpacking libssl3:amd64 (3.0.22-1~deb12u1) ...
2026-10-08T15:44:08.4538837Z #13 5.080 Selecting previously unselected package libkrb5-3:amd64.
2026-10-08T15:44:08.5538596Z #13 5.081 Preparing to unpack .../32-libkrb5-3_1.20.1-2+deb12u5_amd64.deb ...
2026-10-08T15:44:08.5539373Z #13 5.082 Unpacking libkrb5-3:amd64 (1.20.1-2+deb12u5) ...
2026-10-08T15:44:08.5540191Z #13 5.113 Selecting previously unselected package libgssapi-krb5-2:amd64.
2026-10-08T15:44:08.5540748Z #13 5.114 Preparing to unpack .../33-libgssapi-krb5-2_1.20.1-2+deb12u5_amd64.deb ...
2026-10-08T15:44:08.5541205Z #13 5.115 Unpacking libgssapi-krb5-2:amd64 (1.20.1-2+deb12u5) ...
2026-10-08T15:44:08.5541608Z #13 5.133 Selecting previously unselected package libtirpc-common.
2026-10-08T15:44:08.5542087Z #13 5.134 Preparing to unpack .../34-libtirpc-common_1.3.3+ds-1_all.deb ...
2026-10-08T15:44:08.5542480Z #13 5.134 Unpacking libtirpc-common (1.3.3+ds-1) ...
2026-10-08T15:44:08.5542863Z #13 5.147 Selecting previously unselected package libtirpc3:amd64.
2026-10-08T15:44:08.5543356Z #13 5.148 Preparing to unpack .../35-libtirpc3_1.3.3+ds-1_amd64.deb ...
2026-10-08T15:44:08.5543965Z #13 5.149 Unpacking libtirpc3:amd64 (1.3.3+ds-1) ...
2026-10-08T15:44:08.5544332Z #13 5.165 Selecting previously unselected package libnsl2:amd64.
2026-10-08T15:44:08.5544859Z #13 5.166 Preparing to unpack .../36-libnsl2_1.3.0-2_amd64.deb ...
2026-10-08T15:44:08.5545194Z #13 5.167 Unpacking libnsl2:amd64 (1.3.0-2) ...
2026-10-08T15:44:08.5545648Z #13 5.180 Selecting previously unselected package libtirpc-dev:amd64.
2026-10-08T15:44:08.5546076Z #13 5.181 Preparing to unpack .../37-libtirpc-dev_1.3.3+ds-1_amd64.deb ...
2026-10-08T15:44:08.7608518Z #13 5.182 Unpacking libtirpc-dev:amd64 (1.3.3+ds-1) ...
2026-10-08T15:44:08.7609034Z #13 5.205 Selecting previously unselected package libnsl-dev:amd64.
2026-10-08T15:44:08.7609723Z #13 5.206 Preparing to unpack .../38-libnsl-dev_1.3.0-2_amd64.deb ...
2026-10-08T15:44:08.7610095Z #13 5.207 Unpacking libnsl-dev:amd64 (1.3.0-2) ...
2026-10-08T15:44:08.7610469Z #13 5.222 Selecting previously unselected package rpcsvc-proto.
2026-10-08T15:44:08.7610877Z #13 5.223 Preparing to unpack .../39-rpcsvc-proto_1.4.3-1_amd64.deb ...
2026-10-08T15:44:08.7611229Z #13 5.223 Unpacking rpcsvc-proto (1.4.3-1) ...
2026-10-08T15:44:08.7611599Z #13 5.240 Selecting previously unselected package libc6-dev:amd64.
2026-10-08T15:44:08.7612010Z #13 5.241 Preparing to unpack .../40-libc6-dev_2.36-9+deb12u14_amd64.deb ...
2026-10-08T15:44:08.7612386Z #13 5.242 Unpacking libc6-dev:amd64 (2.36-9+deb12u14) ...
2026-10-08T15:44:08.7612716Z #13 5.388 Setting up libkeyutils1:amd64 (1.6.3-2) ...
2026-10-08T15:44:08.9975427Z #13 5.390 Setting up libtirpc-common (1.3.3+ds-1) ...
2026-10-08T15:44:08.9975852Z #13 5.395 Setting up binutils-common:amd64 (2.40-2) ...
2026-10-08T15:44:08.9976241Z #13 5.397 Setting up libssl3:amd64 (3.0.22-1~deb12u1) ...
2026-10-08T15:44:08.9976599Z #13 5.398 Setting up linux-libc-dev:amd64 (6.1.187-1) ...
2026-10-08T15:44:08.9976921Z #13 5.400 Setting up libctf-nobfd0:amd64 (2.40-2) ...
2026-10-08T15:44:08.9977248Z #13 5.402 Setting up libgomp1:amd64 (12.2.0-14+deb12u1) ...
2026-10-08T15:44:08.9977573Z #13 5.404 Setting up libjansson4:amd64 (2.14-2) ...
2026-10-08T15:44:08.9977917Z #13 5.405 Setting up libkrb5support0:amd64 (1.20.1-2+deb12u5) ...
2026-10-08T15:44:08.9984994Z #13 5.407 Setting up rpcsvc-proto (1.4.3-1) ...
2026-10-08T15:44:08.9985575Z #13 5.409 Setting up libmpfr6:amd64 (4.2.0-1) ...
2026-10-08T15:44:08.9986164Z #13 5.410 Setting up libquadmath0:amd64 (12.2.0-14+deb12u1) ...
2026-10-08T15:44:08.9986627Z #13 5.412 Setting up libmpc3:amd64 (1.3.1-1) ...
2026-10-08T15:44:08.9986970Z #13 5.414 Setting up libatomic1:amd64 (12.2.0-14+deb12u1) ...
2026-10-08T15:44:08.9987323Z #13 5.415 Setting up libk5crypto3:amd64 (1.20.1-2+deb12u5) ...
2026-10-08T15:44:08.9987902Z #13 5.417 Setting up libubsan1:amd64 (12.2.0-14+deb12u1) ...
2026-10-08T15:44:08.9988251Z #13 5.420 Setting up libcrypt-dev:amd64 (1:4.4.33-2) ...
2026-10-08T15:44:08.9988584Z #13 5.425 Setting up libasan8:amd64 (12.2.0-14+deb12u1) ...
2026-10-08T15:44:08.9988926Z #13 5.427 Setting up libkrb5-3:amd64 (1.20.1-2+deb12u5) ...
2026-10-08T15:44:08.9989271Z #13 5.428 Setting up libtsan2:amd64 (12.2.0-14+deb12u1) ...
2026-10-08T15:44:08.9989583Z #13 5.430 Setting up libbinutils:amd64 (2.40-2) ...
2026-10-08T15:44:08.9989929Z #13 5.432 Setting up libisl23:amd64 (0.25-1.1) ...
2026-10-08T15:44:08.9990400Z #13 5.433 Setting up libc-dev-bin (2.36-9+deb12u14) ...
2026-10-08T15:44:08.9990807Z #13 5.435 Setting up libcc1-0:amd64 (12.2.0-14+deb12u1) ...
2026-10-08T15:44:08.9991229Z #13 5.437 Setting up liblsan0:amd64 (12.2.0-14+deb12u1) ...
2026-10-08T15:44:08.9991563Z #13 5.438 Setting up libitm1:amd64 (12.2.0-14+deb12u1) ...
2026-10-08T15:44:08.9991888Z #13 5.440 Setting up libctf0:amd64 (2.40-2) ...
2026-10-08T15:44:08.9992189Z #13 5.442 Setting up cpp-12 (12.2.0-14+deb12u1) ...
2026-10-08T15:44:08.9992489Z #13 5.443 Setting up libgprofng0:amd64 (2.40-2) ...
2026-10-08T15:44:08.9992840Z #13 5.445 Setting up libgcc-12-dev:amd64 (12.2.0-14+deb12u1) ...
2026-10-08T15:44:08.9993248Z #13 5.447 Setting up libgssapi-krb5-2:amd64 (1.20.1-2+deb12u5) ...
2026-10-08T15:44:08.9993567Z #13 5.449 Setting up cpp (4:12.2.0-3) ...
2026-10-08T15:44:08.9994052Z #13 5.454 Setting up binutils-x86-64-linux-gnu (2.40-2) ...
2026-10-08T15:44:08.9994388Z #13 5.455 Setting up libtirpc3:amd64 (1.3.3+ds-1) ...
2026-10-08T15:44:08.9994677Z #13 5.457 Setting up binutils (2.40-2) ...
2026-10-08T15:44:08.9994988Z #13 5.459 Setting up libtirpc-dev:amd64 (1.3.3+ds-1) ...
2026-10-08T15:44:08.9995295Z #13 5.460 Setting up gcc-12 (12.2.0-14+deb12u1) ...
2026-10-08T15:44:08.9995583Z #13 5.462 Setting up libnsl2:amd64 (1.3.0-2) ...
2026-10-08T15:44:08.9995864Z #13 5.464 Setting up gcc (4:12.2.0-3) ...
2026-10-08T15:44:08.9996150Z #13 5.470 Setting up libnsl-dev:amd64 (1.3.0-2) ...
2026-10-08T15:44:08.9996670Z #13 5.472 Setting up libc6-dev:amd64 (2.36-9+deb12u14) ...
2026-10-08T15:44:08.9997033Z #13 5.474 Processing triggers for libc-bin (2.36-9+deb12u14) ...
2026-10-08T15:44:09.3457626Z #13 5.631 Reading package lists...
2026-10-08T15:44:09.5295138Z #13 5.983 Building dependency tree...
2026-10-08T15:44:09.5295917Z #13 6.069 Reading state information...
2026-10-08T15:44:09.5296787Z #13 6.156 The following packages were automatically installed and are no longer required:
2026-10-08T15:44:09.5297727Z #13 6.156   binutils binutils-common binutils-x86-64-linux-gnu cpp cpp-12 gcc-12
2026-10-08T15:44:09.6491195Z #13 6.156   libasan8 libatomic1 libbinutils libc-dev-bin libcc1-0 libcrypt-dev
2026-10-08T15:44:09.6492155Z #13 6.156   libctf-nobfd0 libctf0 libgcc-12-dev libgomp1 libgprofng0 libgssapi-krb5-2
2026-10-08T15:44:09.6492936Z #13 6.156   libisl23 libitm1 libjansson4 libk5crypto3 libkeyutils1 libkrb5-3
2026-10-08T15:44:09.6493887Z #13 6.156   libkrb5support0 liblsan0 libmpc3 libmpfr6 libnsl-dev libnsl2 libquadmath0
2026-10-08T15:44:09.6494677Z #13 6.156   libssl3 libtirpc-common libtirpc-dev libtirpc3 libtsan2 libubsan1
2026-10-08T15:44:09.6495240Z #13 6.157   linux-libc-dev rpcsvc-proto
2026-10-08T15:44:09.6495675Z #13 6.157 Use 'apt autoremove' to remove them.
2026-10-08T15:44:09.6496175Z #13 6.165 The following packages will be REMOVED:
2026-10-08T15:44:09.6496581Z #13 6.165   gcc* libc6-dev*
2026-10-08T15:44:09.6497092Z #13 6.276 0 upgraded, 0 newly installed, 2 to remove and 1 not upgraded.
2026-10-08T15:44:09.6497749Z #13 6.276 After this operation, 12.3 MB disk space will be freed.
2026-10-08T15:44:09.8832219Z #13 6.281 (Reading database ... 
2026-10-08T15:44:09.8832672Z (Reading database ... 5%
2026-10-08T15:44:09.8833022Z (Reading database ... 10%
2026-10-08T15:44:09.8833363Z (Reading database ... 15%
2026-10-08T15:44:09.8833692Z (Reading database ... 20%
2026-10-08T15:44:09.8834723Z (Reading database ... 25%
2026-10-08T15:44:09.8835032Z (Reading database ... 30%
2026-10-08T15:44:09.8835368Z (Reading database ... 35%
2026-10-08T15:44:09.8835706Z (Reading database ... 40%
2026-10-08T15:44:09.8836031Z (Reading database ... 45%
2026-10-08T15:44:09.8836363Z (Reading database ... 50%
2026-10-08T15:44:09.8836695Z (Reading database ... 55%
2026-10-08T15:44:09.8837016Z (Reading database ... 60%
2026-10-08T15:44:09.8837321Z (Reading database ... 65%
2026-10-08T15:44:09.8837630Z (Reading database ... 70%
2026-10-08T15:44:09.8837943Z (Reading database ... 75%
2026-10-08T15:44:09.8838266Z (Reading database ... 80%
2026-10-08T15:44:09.8838572Z (Reading database ... 85%
2026-10-08T15:44:09.8838880Z (Reading database ... 90%
2026-10-08T15:44:09.8839196Z (Reading database ... 95%
2026-10-08T15:44:09.8839512Z (Reading database ... 100%
2026-10-08T15:44:09.8840060Z (Reading database ... 10403 files and directories currently installed.)
2026-10-08T15:44:09.8840635Z #13 6.290 Removing gcc (4:12.2.0-3) ...
2026-10-08T15:44:09.8841117Z #13 6.302 Removing libc6-dev:amd64 (2.36-9+deb12u14) ...
2026-10-08T15:44:10.0747456Z #13 6.360 Reading package lists...
2026-10-08T15:44:10.2545567Z #13 6.713 Building dependency tree...
2026-10-08T15:44:10.2546366Z #13 6.791 Reading state information...
2026-10-08T15:44:10.2547152Z #13 6.881 The following packages will be REMOVED:
2026-10-08T15:44:10.3569023Z #13 6.881   binutils binutils-common binutils-x86-64-linux-gnu cpp cpp-12 gcc-12
2026-10-08T15:44:10.3569873Z #13 6.882   libasan8 libatomic1 libbinutils libc-dev-bin libcc1-0 libcrypt-dev
2026-10-08T15:44:10.3570553Z #13 6.882   libctf-nobfd0 libctf0 libgcc-12-dev libgomp1 libgprofng0 libgssapi-krb5-2
2026-10-08T15:44:10.3571045Z #13 6.882   libisl23 libitm1 libjansson4 libk5crypto3 libkeyutils1 libkrb5-3
2026-10-08T15:44:10.3571530Z #13 6.882   libkrb5support0 liblsan0 libmpc3 libmpfr6 libnsl-dev libnsl2 libquadmath0
2026-10-08T15:44:10.3572015Z #13 6.882   libssl3 libtirpc-common libtirpc-dev libtirpc3 libtsan2 libubsan1
2026-10-08T15:44:10.3572415Z #13 6.882   linux-libc-dev rpcsvc-proto
2026-10-08T15:44:10.3573064Z #13 6.984 0 upgraded, 0 newly installed, 39 to remove and 1 not upgraded.
2026-10-08T15:44:10.3573478Z #13 6.984 After this operation, 198 MB disk space will be freed.
2026-10-08T15:44:10.4570271Z #13 6.988 (Reading database ... 
2026-10-08T15:44:10.4570640Z (Reading database ... 5%
2026-10-08T15:44:10.4570986Z (Reading database ... 10%
2026-10-08T15:44:10.4571208Z (Reading database ... 15%
2026-10-08T15:44:10.4571412Z (Reading database ... 20%
2026-10-08T15:44:10.4571712Z (Reading database ... 25%
2026-10-08T15:44:10.4571951Z (Reading database ... 30%
2026-10-08T15:44:10.4572166Z (Reading database ... 35%
2026-10-08T15:44:10.4572368Z (Reading database ... 40%
2026-10-08T15:44:10.4572573Z (Reading database ... 45%
2026-10-08T15:44:10.4572867Z (Reading database ... 50%
2026-10-08T15:44:10.4573111Z (Reading database ... 55%
2026-10-08T15:44:10.4573329Z (Reading database ... 60%
2026-10-08T15:44:10.4573536Z (Reading database ... 65%
2026-10-08T15:44:10.4573957Z (Reading database ... 70%
2026-10-08T15:44:10.4574197Z (Reading database ... 75%
2026-10-08T15:44:10.4574410Z (Reading database ... 80%
2026-10-08T15:44:10.4574609Z (Reading database ... 85%
2026-10-08T15:44:10.4574807Z (Reading database ... 90%
2026-10-08T15:44:10.4575009Z (Reading database ... 95%
2026-10-08T15:44:10.4575211Z (Reading database ... 100%
2026-10-08T15:44:10.4575551Z (Reading database ... 9833 files and directories currently installed.)
2026-10-08T15:44:10.4575932Z #13 6.997 Removing gcc-12 (12.2.0-14+deb12u1) ...
2026-10-08T15:44:10.4576220Z #13 7.026 Removing binutils (2.40-2) ...
2026-10-08T15:44:10.4576703Z #13 7.033 Removing binutils-x86-64-linux-gnu (2.40-2) ...
2026-10-08T15:44:10.4577038Z #13 7.046 Removing libgprofng0:amd64 (2.40-2) ...
2026-10-08T15:44:10.4577331Z #13 7.054 Removing libctf0:amd64 (2.40-2) ...
2026-10-08T15:44:10.4577726Z #13 7.060 Removing libbinutils:amd64 (2.40-2) ...
2026-10-08T15:44:10.4578067Z #13 7.067 Removing binutils-common:amd64 (2.40-2) ...
2026-10-08T15:44:10.4578746Z #13 7.075 Removing cpp (4:12.2.0-3) ...
2026-10-08T15:44:10.4579032Z #13 7.084 Removing cpp-12 (12.2.0-14+deb12u1) ...
2026-10-08T15:44:10.5589569Z #13 7.101 Removing libgcc-12-dev:amd64 (12.2.0-14+deb12u1) ...
2026-10-08T15:44:10.5590115Z #13 7.118 Removing libasan8:amd64 (12.2.0-14+deb12u1) ...
2026-10-08T15:44:10.5590516Z #13 7.133 Removing libatomic1:amd64 (12.2.0-14+deb12u1) ...
2026-10-08T15:44:10.5590916Z #13 7.139 Removing libc-dev-bin (2.36-9+deb12u14) ...
2026-10-08T15:44:10.5591259Z #13 7.145 Removing libcc1-0:amd64 (12.2.0-14+deb12u1) ...
2026-10-08T15:44:10.5591592Z #13 7.151 Removing libcrypt-dev:amd64 (1:4.4.33-2) ...
2026-10-08T15:44:10.5592065Z #13 7.165 Removing libctf-nobfd0:amd64 (2.40-2) ...
2026-10-08T15:44:10.5592420Z #13 7.172 Removing libgomp1:amd64 (12.2.0-14+deb12u1) ...
2026-10-08T15:44:10.5592743Z #13 7.178 Removing libnsl-dev:amd64 (1.3.0-2) ...
2026-10-08T15:44:10.5593061Z #13 7.186 Removing libtirpc-dev:amd64 (1.3.3+ds-1) ...
2026-10-08T15:44:10.6904847Z #13 7.194 Removing libnsl2:amd64 (1.3.0-2) ...
2026-10-08T15:44:10.6905249Z #13 7.200 Removing libtirpc3:amd64 (1.3.3+ds-1) ...
2026-10-08T15:44:10.6905670Z #13 7.207 Removing libgssapi-krb5-2:amd64 (1.20.1-2+deb12u5) ...
2026-10-08T15:44:10.6906015Z #13 7.235 Removing libisl23:amd64 (0.25-1.1) ...
2026-10-08T15:44:10.6906348Z #13 7.242 Removing libitm1:amd64 (12.2.0-14+deb12u1) ...
2026-10-08T15:44:10.6906679Z #13 7.249 Removing libjansson4:amd64 (2.14-2) ...
2026-10-08T15:44:10.6907009Z #13 7.255 Removing libkrb5-3:amd64 (1.20.1-2+deb12u5) ...
2026-10-08T15:44:10.6907355Z #13 7.262 Removing libk5crypto3:amd64 (1.20.1-2+deb12u5) ...
2026-10-08T15:44:10.6907689Z #13 7.268 Removing libkeyutils1:amd64 (1.6.3-2) ...
2026-10-08T15:44:10.6908030Z #13 7.275 Removing libkrb5support0:amd64 (1.20.1-2+deb12u5) ...
2026-10-08T15:44:10.6908373Z #13 7.282 Removing liblsan0:amd64 (12.2.0-14+deb12u1) ...
2026-10-08T15:44:10.6908682Z #13 7.317 Removing libmpc3:amd64 (1.3.1-1) ...
2026-10-08T15:44:10.7904917Z #13 7.325 Removing libmpfr6:amd64 (4.2.0-1) ...
2026-10-08T15:44:10.7905485Z #13 7.332 Removing libquadmath0:amd64 (12.2.0-14+deb12u1) ...
2026-10-08T15:44:10.7906332Z #13 7.339 Removing libssl3:amd64 (3.0.22-1~deb12u1) ...
2026-10-08T15:44:10.7906781Z #13 7.347 Removing libtirpc-common (1.3.3+ds-1) ...
2026-10-08T15:44:10.7907232Z #13 7.362 Removing libtsan2:amd64 (12.2.0-14+deb12u1) ...
2026-10-08T15:44:10.7907756Z #13 7.370 Removing libubsan1:amd64 (12.2.0-14+deb12u1) ...
2026-10-08T15:44:10.7908205Z #13 7.417 Removing linux-libc-dev:amd64 (6.1.187-1) ...
2026-10-08T15:44:10.9198664Z #13 7.461 Removing rpcsvc-proto (1.4.3-1) ...
2026-10-08T15:44:10.9199308Z #13 7.482 Processing triggers for libc-bin (2.36-9+deb12u14) ...
2026-10-08T15:44:10.9199720Z #13 DONE 7.5s
2026-10-08T15:44:11.0712189Z 
2026-10-08T15:44:11.0712815Z #14 [ 9/11] RUN pnpm build
2026-10-08T15:44:11.2846033Z #14 0.364 
2026-10-08T15:44:11.2846696Z #14 0.364 > cocreate@1.0.0 build /app
2026-10-08T15:44:11.2847115Z #14 0.364 > tsc --noEmit && vite build --configLoader runner
2026-10-08T15:44:11.2847514Z #14 0.364 
2026-10-08T15:44:17.0336841Z #14 6.113 vite v7.3.6 building client environment for production...
2026-10-08T15:44:17.2487356Z #14 6.178 transforming...
2026-10-08T15:44:20.0271764Z #14 9.107 ✓ 1749 modules transformed.
2026-10-08T15:44:20.2304648Z #14 9.309 rendering chunks...
2026-10-08T15:44:20.4192275Z #14 9.499 computing gzip size...
2026-10-08T15:44:20.5555978Z #14 9.519 dist/index.html                             0.44 kB │ gzip:   0.30 kB
2026-10-08T15:44:20.5556833Z #14 9.519 dist/assets/App-BqUO_rW7.css                2.56 kB │ gzip:   0.85 kB
2026-10-08T15:44:20.5557672Z #14 9.519 dist/assets/LandingPage-CNj4pefA.css       13.13 kB │ gzip:   2.95 kB
2026-10-08T15:44:20.5558453Z #14 9.519 dist/assets/index-cyLHvudv.css             75.38 kB │ gzip:  14.48 kB
2026-10-08T15:44:20.5559011Z #14 9.519 dist/assets/users-BIdyuxqP.js               0.69 kB │ gzip:   0.39 kB
2026-10-08T15:44:20.5559820Z #14 9.519 dist/assets/createLucideIcon-DcEYS1mU.js    0.89 kB │ gzip:   0.55 kB
2026-10-08T15:44:20.5560792Z #14 9.519 dist/assets/x-DO2zMSIY.js                   1.70 kB │ gzip:   0.78 kB
2026-10-08T15:44:20.5561477Z #14 9.519 dist/assets/LandingPage-DCr6qHiF.js        15.33 kB │ gzip:   4.92 kB
2026-10-08T15:44:20.5562072Z #14 9.519 dist/assets/ProjectApp-DXmAqhy1.js         29.68 kB │ gzip:   9.01 kB
2026-10-08T15:44:20.5562577Z #14 9.519 dist/assets/index-BPNFqXSv.js             421.95 kB │ gzip: 121.32 kB
2026-10-08T15:44:20.5563050Z #14 9.519 dist/assets/App-DhzRZNRs.js               583.75 kB │ gzip: 185.76 kB
2026-10-08T15:44:20.5563338Z #14 9.520 
2026-10-08T15:44:20.5564076Z #14 9.520 (!) Some chunks are larger than 500 kB after minification. Consider:
2026-10-08T15:44:20.5564617Z #14 9.520 - Using dynamic import() to code-split the application
2026-10-08T15:44:20.5565611Z #14 9.520 - Use build.rollupOptions.output.manualChunks to improve chunking: https://rollupjs.org/configuration-options/#output-manualchunks
2026-10-08T15:44:20.5566380Z #14 9.520 - Adjust chunk size limit for this warning via build.chunkSizeWarningLimit.
2026-10-08T15:44:20.5567006Z #14 9.520 ✓ built in 3.38s
2026-10-08T15:44:20.5567320Z #14 DONE 9.6s
2026-10-08T15:44:20.7075966Z 
2026-10-08T15:44:20.7077478Z #15 [10/11] RUN node scripts/release-fingerprint.mjs --write-image
2026-10-08T15:44:20.7078842Z #15 0.152 {"fingerprint":"f4045e77805f9b3c26998078080e75c079095cfa07b03fbc55858c01e2c9fddf","sourceFiles":87,"scope":"Source/build input attestation only; not runtime acceptance"}
2026-10-08T15:44:20.8931399Z #15 DONE 0.2s
2026-10-08T15:44:20.8931571Z 
2026-10-08T15:44:20.8932197Z #16 [11/11] RUN pnpm exec tsx scripts/prepare-isolation.ts --files-only && mkdir -p /app/data /app/generated && chown -R node:node /app/.runtime /app/data /app/generated
2026-10-08T15:44:21.2740256Z #16 0.531 {"policy":"isolated-compile-v1","platform":"linux","scope":"Trusted files prepared; kernel boundary not exercised"}
2026-10-08T15:44:21.4739989Z #16 DONE 0.6s
2026-10-08T15:44:21.4740544Z 
2026-10-08T15:44:21.4741083Z #17 exporting to image
2026-10-08T15:44:21.4741652Z #17 exporting layers
2026-10-08T15:44:29.6314489Z #17 exporting layers 8.3s done
2026-10-08T15:44:29.6668176Z #17 writing image sha256:6ac563df92328872c88184bc4892538c63fd2868ff0fa2adad93cf85d3e40e17 done
2026-10-08T15:44:29.6669075Z #17 naming to docker.io/library/cocreate-check done
2026-10-08T15:44:29.6669568Z #17 DONE 8.3s
2026-10-08T15:44:29.6676457Z 
2026-10-08T15:44:29.6677323Z  [33m4 warnings found (use docker --debug to expand):
2026-10-08T15:44:29.6678366Z [0m - SecretsUsedInArgOrEnv: Do not use ARG or ENV instructions for sensitive data (ARG "VITE_COCREATE_AUTH_MODE") (line 12)
2026-10-08T15:44:29.6679406Z  - SecretsUsedInArgOrEnv: Do not use ARG or ENV instructions for sensitive data (ARG "VITE_SUPABASE_PUBLISHABLE_KEY") (line 15)
2026-10-08T15:44:29.6680475Z  - SecretsUsedInArgOrEnv: Do not use ARG or ENV instructions for sensitive data (ENV "VITE_COCREATE_AUTH_MODE") (line 16)
2026-10-08T15:44:29.6681562Z  - SecretsUsedInArgOrEnv: Do not use ARG or ENV instructions for sensitive data (ENV "VITE_SUPABASE_PUBLISHABLE_KEY") (line 19)
2026-10-08T15:44:29.6815428Z ##[group]Run root="/sys/fs/cgroup/cocreate-ci-${GITHUB_RUN_ID}-${GITHUB_RUN_ATTEMPT}"
2026-10-08T15:44:29.6816155Z [36;1mroot="/sys/fs/cgroup/cocreate-ci-${GITHUB_RUN_ID}-${GITHUB_RUN_ATTEMPT}"[0m
2026-10-08T15:44:29.6816657Z [36;1msudo sh scripts/prepare-ci-cgroup.sh "$root"[0m
2026-10-08T15:44:29.6816971Z [36;1mecho "COCREATE_CI_CGROUP_ROOT=$root" >> "$GITHUB_ENV"[0m
2026-10-08T15:44:29.6882196Z shell: /usr/bin/bash -e {0}
2026-10-08T15:44:29.6882425Z env:
2026-10-08T15:44:29.6882650Z   PNPM_HOME: /home/runner/setup-pnpm/node_modules/.bin
2026-10-08T15:44:29.6882912Z ##[endgroup]
2026-10-08T15:44:29.7114447Z ##[group]Run sh scripts/run-linux-check.sh node --import tsx scripts/prepare-isolation.ts
2026-10-08T15:44:29.7114962Z [36;1msh scripts/run-linux-check.sh node --import tsx scripts/prepare-isolation.ts[0m
2026-10-08T15:44:29.7174576Z shell: /usr/bin/bash -e {0}
2026-10-08T15:44:29.7174806Z env:
2026-10-08T15:44:29.7175031Z   PNPM_HOME: /home/runner/setup-pnpm/node_modules/.bin
2026-10-08T15:44:29.7175381Z   COCREATE_CI_CGROUP_ROOT: /sys/fs/cgroup/cocreate-ci-37803013196-1
2026-10-08T15:44:29.7175676Z ##[endgroup]
2026-10-08T15:44:30.0158031Z {"policy":"isolated-compile-v1","platform":"linux","scope":"Actual OS boundary preflight passed; no inference"}
2026-10-08T15:44:30.0716521Z ##[group]Run sh scripts/run-linux-check.sh node --import tsx --input-type=module -e 'import {assertVerificationBrowserAvailable} from "./server/isolation/browser.ts"; await assertVerificationBrowserAvailable(); console.log("Actual Linux browser boundary passed; no inference");'
2026-10-08T15:44:30.0718993Z [36;1msh scripts/run-linux-check.sh node --import tsx --input-type=module -e 'import {assertVerificationBrowserAvailable} from "./server/isolation/browser.ts"; await assertVerificationBrowserAvailable(); console.log("Actual Linux browser boundary passed; no inference");'[0m
2026-10-08T15:44:30.0805361Z shell: /usr/bin/bash -e {0}
2026-10-08T15:44:30.0805699Z env:
2026-10-08T15:44:30.0806058Z   PNPM_HOME: /home/runner/setup-pnpm/node_modules/.bin
2026-10-08T15:44:30.0806601Z   COCREATE_CI_CGROUP_ROOT: /sys/fs/cgroup/cocreate-ci-37803013196-1
2026-10-08T15:44:30.0807071Z ##[endgroup]
2026-10-08T15:44:30.4596406Z Actual Linux browser boundary passed; no inference
2026-10-08T15:44:30.5277418Z ##[group]Run sh scripts/run-linux-check.sh node --import tsx --test --test-concurrency=1 tests/generated-isolation.test.ts
2026-10-08T15:44:30.5278114Z [36;1msh scripts/run-linux-check.sh node --import tsx --test --test-concurrency=1 tests/generated-isolation.test.ts[0m
2026-10-08T15:44:30.5341498Z shell: /usr/bin/bash -e {0}
2026-10-08T15:44:30.5341775Z env:
2026-10-08T15:44:30.5342001Z   PNPM_HOME: /home/runner/setup-pnpm/node_modules/.bin
2026-10-08T15:44:30.5342346Z   COCREATE_CI_CGROUP_ROOT: /sys/fs/cgroup/cocreate-ci-37803013196-1
2026-10-08T15:44:30.5342650Z ##[endgroup]
2026-10-08T15:44:30.7326535Z TAP version 13
2026-10-08T15:44:34.0263971Z # Subtest: ordinary compilation runs in the real OS boundary and never evaluates candidate top-level code
2026-10-08T15:44:34.0269885Z ok 1 - ordinary compilation runs in the real OS boundary and never evaluates candidate top-level code
2026-10-08T15:44:34.0271507Z   ---
2026-10-08T15:44:34.0271798Z   duration_ms: 3148.57888
2026-10-08T15:44:34.0272222Z   type: 'test'
2026-10-08T15:44:34.0272507Z   ...
2026-10-08T15:44:34.0654668Z # Subtest: OS boundary without Node permissions denies an existing private host file, writes and live loopback network
2026-10-08T15:44:34.0657278Z ok 2 - OS boundary without Node permissions denies an existing private host file, writes and live loopback network
2026-10-08T15:44:34.0658019Z   ---
2026-10-08T15:44:34.0658698Z   duration_ms: 42.554398
2026-10-08T15:44:34.0659044Z   type: 'test'
2026-10-08T15:44:34.0659314Z   ...
2026-10-08T15:44:34.1136594Z # Subtest: restricted process strips injection/secrets and denies subprocesses, workers and cross-workspace reads
2026-10-08T15:44:34.1137760Z ok 3 - restricted process strips injection/secrets and denies subprocesses, workers and cross-workspace reads
2026-10-08T15:44:34.1138358Z   ---
2026-10-08T15:44:34.1138620Z   duration_ms: 41.329384
2026-10-08T15:44:34.1138926Z   type: 'test'
2026-10-08T15:44:34.1139212Z   ...
2026-10-08T15:44:38.1100728Z # Subtest: candidate imports cannot read absolute files, traverse workspaces or download packages/styles
2026-10-08T15:44:38.1101444Z ok 4 - candidate imports cannot read absolute files, traverse workspaces or download packages/styles
2026-10-08T15:44:38.1101834Z   ---
2026-10-08T15:44:38.1102040Z   duration_ms: 4003.433004
2026-10-08T15:44:38.1102246Z   type: 'test'
2026-10-08T15:44:38.1102422Z   ...
2026-10-08T15:44:39.1160610Z # Subtest: wall timeout terminates a running child and cleans its private input
2026-10-08T15:44:39.1161969Z ok 5 - wall timeout terminates a running child and cleans its private input
2026-10-08T15:44:39.1162884Z   ---
2026-10-08T15:44:39.1163401Z   duration_ms: 1006.560349
2026-10-08T15:44:39.1163900Z   type: 'test'
2026-10-08T15:44:39.1164165Z   ...
2026-10-08T15:44:39.1214339Z # Subtest: cancellation waits for real child termination and cleanup; pre-abort starts nothing
2026-10-08T15:44:39.1216072Z ok 6 - cancellation waits for real child termination and cleanup; pre-abort starts nothing
2026-10-08T15:44:39.1216791Z   ---
2026-10-08T15:44:39.1217184Z   duration_ms: 6.1169
2026-10-08T15:44:39.1217495Z   type: 'test'
2026-10-08T15:44:39.1217759Z   ...
2026-10-08T15:44:39.7062299Z # Subtest: memory exhaustion cannot escape the OS bound and leaves no child work
2026-10-08T15:44:39.7063155Z ok 7 - memory exhaustion cannot escape the OS bound and leaves no child work
2026-10-08T15:44:39.7063660Z   ---
2026-10-08T15:44:39.7064062Z   duration_ms: 583.023036
2026-10-08T15:44:39.7064371Z   type: 'test'
2026-10-08T15:44:39.7064649Z   ...
2026-10-08T15:44:39.7065298Z # Subtest: unavailable isolation fails explicitly and cannot fall back to host compilation
2026-10-08T15:44:39.7066884Z ok 8 - unavailable isolation fails explicitly and cannot fall back to host compilation
2026-10-08T15:44:39.7069783Z   ---
2026-10-08T15:44:39.7070059Z   duration_ms: 0.57372
2026-10-08T15:44:39.7070297Z   type: 'test'
2026-10-08T15:44:39.7070483Z   ...
2026-10-08T15:44:49.7176569Z # Subtest: CPU bound stops a busy child before the longer wall deadline
2026-10-08T15:44:49.7177534Z ok 9 - CPU bound stops a busy child before the longer wall deadline
2026-10-08T15:44:49.7178188Z   ---
2026-10-08T15:44:49.7178658Z   duration_ms: 10010.786684
2026-10-08T15:44:49.7179157Z   type: 'test'
2026-10-08T15:44:49.7179590Z   ...
2026-10-08T15:44:49.8648044Z # Subtest: untrusted output is bounded before it reaches application memory or artifacts
2026-10-08T15:44:49.8650011Z ok 10 - untrusted output is bounded before it reaches application memory or artifacts
2026-10-08T15:44:49.8650744Z   ---
2026-10-08T15:44:49.8651197Z   duration_ms: 149.837932
2026-10-08T15:44:49.8651777Z   type: 'test'
2026-10-08T15:44:49.8652214Z   ...
2026-10-08T15:44:49.8785862Z 1..10
2026-10-08T15:44:49.8789143Z # tests 10
2026-10-08T15:44:49.8789583Z # suites 0
2026-10-08T15:44:49.8790370Z # pass 10
2026-10-08T15:44:49.8790790Z # fail 0
2026-10-08T15:44:49.8791056Z # cancelled 0
2026-10-08T15:44:49.8791348Z # skipped 0
2026-10-08T15:44:49.8791755Z # todo 0
2026-10-08T15:44:49.8792084Z # duration_ms 19154.689692
2026-10-08T15:44:49.9225776Z ##[group]Run sh scripts/run-linux-check.sh node --import tsx --test --test-concurrency=1 tests/linux-cgroup-isolation.test.ts tests/candidate-verification.test.ts
2026-10-08T15:44:49.9227295Z [36;1msh scripts/run-linux-check.sh node --import tsx --test --test-concurrency=1 tests/linux-cgroup-isolation.test.ts tests/candidate-verification.test.ts[0m
2026-10-08T15:44:49.9308393Z shell: /usr/bin/bash -e {0}
2026-10-08T15:44:49.9308623Z env:
2026-10-08T15:44:49.9308862Z   PNPM_HOME: /home/runner/setup-pnpm/node_modules/.bin
2026-10-08T15:44:49.9309229Z   COCREATE_CI_CGROUP_ROOT: /sys/fs/cgroup/cocreate-ci-37803013196-1
2026-10-08T15:44:49.9309523Z ##[endgroup]
2026-10-08T15:44:50.0845703Z TAP version 13
2026-10-08T15:44:54.9779035Z # {"policyVersion":"list-behavior-v1","specificationRevision":3,"sourceHash":"ac010289482cd18a50214a16e1f8c80cb7f8a9d2642c23f1e6eeddde02f67dd4","candidateHash":"00031d4c0fb762cfd984dba658f8e4e382a8f627f033d5b2f09501323b47c48a","planHash":"f18d214ad9e23477b539adcf433dd61b693d7094f13fb1be96989e8e77a09ebf","checkedAt":"2026-10-08T15:44:54.976Z","browserVersion":"HeadlessChrome/154.0.8037.92","checks":[{"kind":"filter","version":"list-behavior-v1","implemented":true,"passed":true,"message":"Filtering narrows the list; clearing restores it."},{"kind":"favorites","version":"list-behavior-v1","implemented":true,"passed":true,"message":"The favorite state toggles and restores without removing items."},{"kind":"sort","version":"list-behavior-v1","implemented":true,"passed":true,"message":"Sorting changes list order into alphabetical order without losing items."}],"requirements":[{"requirementId":"req_3fb819102acc","requirementRevision":1,"criteriaHash":"0ea272fea12c0b04d0c0a5e5506d19274e8ecfdc4b324b4847dc8ceb6692dec9","criteria":[{"criterionHash":"622c509f2ad6a3b7038ae41b3bf520dad5c41175974b32ae8ad612e8ee82bf89","checks":["filter"],"status":"passed"}],"implementation":"observed","status":"verified"},{"requirementId":"req_980895587501","requirementRevision":1,"criteriaHash":"242963850dda8c42c0bf98350081abb874beb718b6ba7b4aafcbd2868fe93e6f","criteria":[{"criterionHash":"8b05e3cd6861df5b3753b867abfa3f4d16b8ff708e6852a9e1b064b52a459e3c","checks":["favorites"],"status":"passed"}],"implementation":"observed","status":"verified"},{"requirementId":"req_d6b0094d5067","requirementRevision":1,"criteriaHash":"6f32c53a669776de27c4dbea71596b9852592e0598637c859f94231f5e4028df","criteria":[{"criterionHash":"dc99f1133bd52aff16fb0b97f8eb15d0e1d1e0eb5adcbcf87ad6905443a91875","checks":["sort"],"status":"passed"}],"implementation":"observed","status":"verified"}],"status":"passed"}
2026-10-08T15:44:55.0061223Z # Subtest: real isolated browser verifies accepted filter, favorites and sorting and binds evidence to the candidate
2026-10-08T15:44:55.0064932Z ok 1 - real isolated browser verifies accepted filter, favorites and sorting and binds evidence to the candidate
2026-10-08T15:44:55.0065562Z   ---
2026-10-08T15:44:55.0065821Z   duration_ms: 4720.440272
2026-10-08T15:44:55.0066153Z   type: 'test'
2026-10-08T15:44:55.0066413Z   ...
2026-10-08T15:45:07.9064888Z # Subtest: compiling controls without behavior fail; retained feature regressions are checked on every candidate
2026-10-08T15:45:07.9071622Z ok 2 - compiling controls without behavior fail; retained feature regressions are checked on every candidate
2026-10-08T15:45:07.9072716Z   ---
2026-10-08T15:45:07.9073116Z   duration_ms: 12900.146131
2026-10-08T15:45:07.9073438Z   type: 'test'
2026-10-08T15:45:07.9073695Z   ...
2026-10-08T15:45:10.4364968Z # Subtest: unsupported prose remains unverified and generated assertion tampering cannot replace trusted checks
2026-10-08T15:45:10.4366276Z ok 3 - unsupported prose remains unverified and generated assertion tampering cannot replace trusted checks
2026-10-08T15:45:10.4366994Z   ---
2026-10-08T15:45:10.4367226Z   duration_ms: 2533.265178
2026-10-08T15:45:10.4367439Z   type: 'test'
2026-10-08T15:45:10.4367628Z   ...
2026-10-08T15:45:10.6523662Z # Subtest: actual verification browser denies a private host file and loopback network and removes its child/profile
2026-10-08T15:45:10.6524777Z ok 4 - actual verification browser denies a private host file and loopback network and removes its child/profile
2026-10-08T15:45:10.6525192Z   ---
2026-10-08T15:45:10.6525392Z   duration_ms: 219.708266
2026-10-08T15:45:10.6525599Z   type: 'test'
2026-10-08T15:45:10.6525769Z   ...
2026-10-08T15:45:20.3766161Z # Subtest: browser CPU remains inside the isolated job bounds
2026-10-08T15:45:20.3766771Z ok 5 - browser CPU remains inside the isolated job bounds
2026-10-08T15:45:20.3767238Z   ---
2026-10-08T15:45:20.3767436Z   duration_ms: 9714.647396
2026-10-08T15:45:20.3767935Z   type: 'test'
2026-10-08T15:45:20.3768126Z   ...
2026-10-08T15:45:20.6888162Z # Subtest: browser protocol output remains inside the isolated job bounds
2026-10-08T15:45:20.6888723Z ok 6 - browser protocol output remains inside the isolated job bounds
2026-10-08T15:45:20.6889025Z   ---
2026-10-08T15:45:20.6889223Z   duration_ms: 317.218775
2026-10-08T15:45:20.6889478Z   type: 'test'
2026-10-08T15:45:20.6889656Z   ...
2026-10-08T15:45:22.9129373Z # Subtest: cancellation and wall limits terminate browser execution and leave no child jobs
2026-10-08T15:45:22.9130362Z ok 7 - cancellation and wall limits terminate browser execution and leave no child jobs
2026-10-08T15:45:22.9130928Z   ---
2026-10-08T15:45:22.9131214Z   duration_ms: 2231.038944
2026-10-08T15:45:22.9131539Z   type: 'test'
2026-10-08T15:45:22.9131809Z   ...
2026-10-08T15:45:23.6415139Z # Subtest: Linux browser cold starts execute JavaScript repeatedly and clean every descendant
2026-10-08T15:45:23.6416382Z ok 8 - Linux browser cold starts execute JavaScript repeatedly and clean every descendant
2026-10-08T15:45:23.6416887Z   ---
2026-10-08T15:45:23.6424786Z   duration_ms: 579.504085
2026-10-08T15:45:23.6425091Z   type: 'test'
2026-10-08T15:45:23.6425346Z   ...
2026-10-08T15:45:28.6429503Z # Subtest: Linux CPU accounting includes busy descendants in the same finite job budget
2026-10-08T15:45:28.6430996Z ok 9 - Linux CPU accounting includes busy descendants in the same finite job budget
2026-10-08T15:45:28.6431546Z   ---
2026-10-08T15:45:28.6431792Z   duration_ms: 5001.896621
2026-10-08T15:45:28.6432004Z   type: 'test'
2026-10-08T15:45:28.6432182Z   ...
2026-10-08T15:45:28.6868103Z # Subtest: Linux browser file-size ceiling rejects growth and cleans the bounded job
2026-10-08T15:45:28.6869021Z ok 10 - Linux browser file-size ceiling rejects growth and cleans the bounded job
2026-10-08T15:45:28.6869420Z   ---
2026-10-08T15:45:28.6869610Z   duration_ms: 44.072595
2026-10-08T15:45:28.6869836Z   type: 'test'
2026-10-08T15:45:28.6870009Z   ...
2026-10-08T15:45:28.7518092Z # Subtest: Linux browser file-descriptor ceiling rejects growth and cleans the bounded job
2026-10-08T15:45:28.7518732Z ok 11 - Linux browser file-descriptor ceiling rejects growth and cleans the bounded job
2026-10-08T15:45:28.7519077Z   ---
2026-10-08T15:45:28.7519274Z   duration_ms: 64.010535
2026-10-08T15:45:28.7519506Z   type: 'test'
2026-10-08T15:45:28.7519685Z   ...
2026-10-08T15:45:28.7975833Z # Subtest: Linux bootstrap drops authority and attaches a stopped trusted child before execution
2026-10-08T15:45:28.7976788Z ok 12 - Linux bootstrap drops authority and attaches a stopped trusted child before execution
2026-10-08T15:45:28.7977349Z   ---
2026-10-08T15:45:28.7977633Z   duration_ms: 46.532744
2026-10-08T15:45:28.7977944Z   type: 'test'
2026-10-08T15:45:28.7978165Z   ...
2026-10-08T15:45:28.8785415Z # Subtest: Linux PID ceiling denies fork growth and whole-group kill removes descendants
2026-10-08T15:45:28.8786663Z ok 13 - Linux PID ceiling denies fork growth and whole-group kill removes descendants
2026-10-08T15:45:28.8787227Z   ---
2026-10-08T15:45:28.8787467Z   duration_ms: 79.431529
2026-10-08T15:45:28.8787668Z   type: 'test'
2026-10-08T15:45:28.8787857Z   ...
2026-10-08T15:45:29.5577302Z # Subtest: real Linux browser physical-memory exhaustion kills its job while the application survives
2026-10-08T15:45:29.5578751Z ok 14 - real Linux browser physical-memory exhaustion kills its job while the application survives
2026-10-08T15:45:29.5579376Z   ---
2026-10-08T15:45:29.5579652Z   duration_ms: 681.058596
2026-10-08T15:45:29.5579971Z   type: 'test'
2026-10-08T15:45:29.5580230Z   ...
2026-10-08T15:45:29.5580789Z # Subtest: missing Linux delegation fails closed and removes the candidate profile
2026-10-08T15:45:29.5581586Z ok 15 - missing Linux delegation fails closed and removes the candidate profile
2026-10-08T15:45:29.5582078Z   ---
2026-10-08T15:45:29.5582332Z   duration_ms: 0.848086
2026-10-08T15:45:29.5582657Z   type: 'test'
2026-10-08T15:45:29.5582915Z   ...
2026-10-08T15:45:29.5683093Z 1..15
2026-10-08T15:45:29.5684092Z # tests 15
2026-10-08T15:45:29.5684387Z # suites 0
2026-10-08T15:45:29.5684649Z # pass 15
2026-10-08T15:45:29.5684905Z # fail 0
2026-10-08T15:45:29.5685232Z # cancelled 0
2026-10-08T15:45:29.5686057Z # skipped 0
2026-10-08T15:45:29.5686313Z # todo 0
2026-10-08T15:45:29.5686607Z # duration_ms 39493.478397
2026-10-08T15:45:29.6109992Z ##[group]Run sh scripts/run-linux-check.sh sh -c 'node --import tsx --test --test-concurrency=1 tests/*.test.ts'
2026-10-08T15:45:29.6110626Z [36;1msh scripts/run-linux-check.sh sh -c 'node --import tsx --test --test-concurrency=1 tests/*.test.ts'[0m
2026-10-08T15:45:29.6172204Z shell: /usr/bin/bash -e {0}
2026-10-08T15:45:29.6172429Z env:
2026-10-08T15:45:29.6172652Z   PNPM_HOME: /home/runner/setup-pnpm/node_modules/.bin
2026-10-08T15:45:29.6172999Z   COCREATE_CI_CGROUP_ROOT: /sys/fs/cgroup/cocreate-ci-37803013196-1
2026-10-08T15:45:29.6173479Z ##[endgroup]
2026-10-08T15:45:29.7577872Z TAP version 13
2026-10-08T15:45:29.8974160Z # Subtest: calculates uncached, cached, and cache-write charges without assuming cache hits
2026-10-08T15:45:29.8977135Z ok 1 - calculates uncached, cached, and cache-write charges without assuming cache hits
2026-10-08T15:45:29.8977715Z   ---
2026-10-08T15:45:29.8978007Z   duration_ms: 0.770478
2026-10-08T15:45:29.8978331Z   type: 'test'
2026-10-08T15:45:29.8978708Z   ...
2026-10-08T15:45:29.8980451Z # Subtest: reasoning usage is informational and never billed twice
2026-10-08T15:45:29.8981985Z ok 2 - reasoning usage is informational and never billed twice
2026-10-08T15:45:29.8983370Z   ---
2026-10-08T15:45:29.8983651Z   duration_ms: 0.12148
2026-10-08T15:45:29.8984080Z   type: 'test'
2026-10-08T15:45:29.8984441Z   ...
2026-10-08T15:45:29.8994799Z # Subtest: aggregates multiple interpreters and one shared builder exactly once
2026-10-08T15:45:29.8996743Z ok 3 - aggregates multiple interpreters and one shared builder exactly once
2026-10-08T15:45:29.8998143Z   ---
2026-10-08T15:45:29.8998742Z   duration_ms: 0.244492
2026-10-08T15:45:29.8999352Z   type: 'test'
2026-10-08T15:45:29.8999649Z   ...
2026-10-08T15:45:29.9000223Z # Subtest: repairs and failures remain in totals while missing usage remains unknown
2026-10-08T15:45:29.9001007Z ok 4 - repairs and failures remain in totals while missing usage remains unknown
2026-10-08T15:45:29.9001482Z   ---
2026-10-08T15:45:29.9001767Z   duration_ms: 0.219865
2026-10-08T15:45:29.9002066Z   type: 'test'
2026-10-08T15:45:29.9002328Z   ...
2026-10-08T15:45:29.9002910Z # Subtest: applies long-context tiers and preserves pricing-version changes per call
2026-10-08T15:45:29.9004502Z ok 5 - applies long-context tiers and preserves pricing-version changes per call
2026-10-08T15:45:29.9005041Z   ---
2026-10-08T15:45:29.9005312Z   duration_ms: 0.569611
2026-10-08T15:45:29.9005607Z   type: 'test'
2026-10-08T15:45:29.9005865Z   ...
2026-10-08T15:45:29.9006342Z # Subtest: estimates stay distinct from the user spending limit
2026-10-08T15:45:29.9006949Z ok 6 - estimates stay distinct from the user spending limit
2026-10-08T15:45:29.9007338Z   ---
2026-10-08T15:45:29.9007562Z   duration_ms: 0.579286
2026-10-08T15:45:29.9007813Z   type: 'test'
2026-10-08T15:45:29.9008052Z   ...
2026-10-08T15:45:29.9008592Z # Subtest: effectiveness requires comparable samples and includes failed repairs in cost
2026-10-08T15:45:29.9009406Z ok 7 - effectiveness requires comparable samples and includes failed repairs in cost
2026-10-08T15:45:29.9009928Z   ---
2026-10-08T15:45:29.9010175Z   duration_ms: 0.517174
2026-10-08T15:45:29.9010464Z   type: 'test'
2026-10-08T15:45:29.9010717Z   ...
2026-10-08T15:45:30.2931052Z # (node:43) ExperimentalWarning: SQLite is an experimental feature and might change at any time
2026-10-08T15:45:30.2931930Z # (Use `node --trace-warnings ...` to show where the warning was created)
2026-10-08T15:45:30.2947225Z # Subtest: Developer / Medium resolves one validated connection and exposes honest rates
2026-10-08T15:45:30.2948283Z ok 8 - Developer / Medium resolves one validated connection and exposes honest rates
2026-10-08T15:45:30.2950345Z   ---
2026-10-08T15:45:30.2950663Z   duration_ms: 1.243207
2026-10-08T15:45:30.2950971Z   type: 'test'
2026-10-08T15:45:30.2951239Z   ...
2026-10-08T15:45:30.2952993Z # Subtest: Developer effort levels expose distinct bounded executor output allowances
2026-10-08T15:45:30.2954571Z ok 9 - Developer effort levels expose distinct bounded executor output allowances
2026-10-08T15:45:30.2955460Z   ---
2026-10-08T15:45:30.2956316Z   duration_ms: 0.743609
2026-10-08T15:45:30.2957221Z   type: 'test'
2026-10-08T15:45:30.2958046Z   ...
2026-10-08T15:45:30.2958978Z # Subtest: complexity is deterministic and does not spend a model call
2026-10-08T15:45:30.2960262Z ok 10 - complexity is deterministic and does not spend a model call
2026-10-08T15:45:30.2961090Z   ---
2026-10-08T15:45:30.2961719Z   duration_ms: 0.268747
2026-10-08T15:45:30.2962257Z   type: 'test'
2026-10-08T15:45:30.2963035Z   ...
2026-10-08T15:45:30.2964215Z # Subtest: evaluation requires repeated task evidence and counts repairs in total cost
2026-10-08T15:45:30.2965343Z ok 11 - evaluation requires repeated task evidence and counts repairs in total cost
2026-10-08T15:45:30.2966086Z   ---
2026-10-08T15:45:30.2966557Z   duration_ms: 0.372641
2026-10-08T15:45:30.2967348Z   type: 'test'
2026-10-08T15:45:30.2967834Z   ...
2026-10-08T15:45:30.2968500Z # Subtest: Developer routing respects the remaining budget
2026-10-08T15:45:30.2969312Z ok 12 - Developer routing respects the remaining budget
2026-10-08T15:45:30.2969975Z   ---
2026-10-08T15:45:30.2970453Z   duration_ms: 0.519177
2026-10-08T15:45:30.2970953Z   type: 'test'
2026-10-08T15:45:30.2971430Z   ...
2026-10-08T15:45:30.2972209Z # Subtest: all three modes are explicit and unimplemented workflows remain unavailable
2026-10-08T15:45:30.2973255Z ok 13 - all three modes are explicit and unimplemented workflows remain unavailable
2026-10-08T15:45:30.2974146Z   ---
2026-10-08T15:45:30.2974690Z   duration_ms: 0.23001
2026-10-08T15:45:30.2975193Z   type: 'test'
2026-10-08T15:45:30.2975659Z   ...
2026-10-08T15:45:30.2976473Z # Subtest: discovery without passed capability checks is unavailable and actionable
2026-10-08T15:45:30.2977521Z ok 14 - discovery without passed capability checks is unavailable and actionable
2026-10-08T15:45:30.2978265Z   ---
2026-10-08T15:45:30.2978736Z   duration_ms: 0.204081
2026-10-08T15:45:30.2979260Z   type: 'test'
2026-10-08T15:45:30.2979725Z   ...
2026-10-08T15:45:30.2980685Z # Subtest: applying a preset is opt-in, preserves Advanced overrides, and does not spend or reserve before dispatch
2026-10-08T15:45:30.2982081Z ok 15 - applying a preset is opt-in, preserves Advanced overrides, and does not spend or reserve before dispatch
2026-10-08T15:45:30.2982985Z   ---
2026-10-08T15:45:30.2983475Z   duration_ms: 31.17333
2026-10-08T15:45:30.2984117Z   type: 'test'
2026-10-08T15:45:30.2984590Z   ...
2026-10-08T15:45:30.2985582Z # Subtest: legacy coding presets migrate to Developer without rewriting assignments, overrides, effort, or history
2026-10-08T15:45:30.2986945Z ok 16 - legacy coding presets migrate to Developer without rewriting assignments, overrides, effort, or history
2026-10-08T15:45:30.2987883Z   ---
2026-10-08T15:45:30.2988372Z   duration_ms: 20.787237
2026-10-08T15:45:30.2988915Z   type: 'test'
2026-10-08T15:45:30.2989391Z   ...
2026-10-08T15:45:30.2990117Z # Subtest: manual assignments remain Custom after migration and activation
2026-10-08T15:45:30.2991039Z ok 17 - manual assignments remain Custom after migration and activation
2026-10-08T15:45:30.2991705Z   ---
2026-10-08T15:45:30.2992144Z   duration_ms: 8.657243
2026-10-08T15:45:30.2992629Z   type: 'test'
2026-10-08T15:45:30.2993075Z   ...
2026-10-08T15:45:31.1569817Z # (node:63) ExperimentalWarning: SQLite is an experimental feature and might change at any time
2026-10-08T15:45:31.1571234Z # (Use `node --trace-warnings ...` to show where the warning was created)
2026-10-08T15:45:33.3916155Z # Subtest: empty cache restores compiled preview, current checkpoint, old version and receipts without inference
2026-10-08T15:45:33.3918942Z ok 18 - empty cache restores compiled preview, current checkpoint, old version and receipts without inference
2026-10-08T15:45:33.3919593Z   ---
2026-10-08T15:45:33.3919876Z   duration_ms: 2234.533656
2026-10-08T15:45:33.3920187Z   type: 'test'
2026-10-08T15:45:33.3920444Z   ...
2026-10-08T15:45:33.4265591Z # Subtest: upload/verification interruption never commits a reference; failed commit replay reuses immutable bodies
2026-10-08T15:45:33.4266660Z ok 19 - upload/verification interruption never commits a reference; failed commit replay reuses immutable bodies
2026-10-08T15:45:33.4267072Z   ---
2026-10-08T15:45:33.4267258Z   duration_ms: 35.520518
2026-10-08T15:45:33.4267465Z   type: 'test'
2026-10-08T15:45:33.4267650Z   ...
2026-10-08T15:45:33.4660619Z # Subtest: missing/corrupt stored bodies are explicit failures, distinct from an empty project
2026-10-08T15:45:33.4661788Z ok 20 - missing/corrupt stored bodies are explicit failures, distinct from an empty project
2026-10-08T15:45:33.4662820Z   ---
2026-10-08T15:45:33.4663022Z   duration_ms: 40.028964
2026-10-08T15:45:33.4663244Z   type: 'test'
2026-10-08T15:45:33.4663428Z   ...
2026-10-08T15:45:33.4748609Z # Subtest: private bucket and project-bound artifact identity fail closed; no public URL is created
2026-10-08T15:45:33.4749655Z ok 21 - private bucket and project-bound artifact identity fail closed; no public URL is created
2026-10-08T15:45:33.4750544Z   ---
2026-10-08T15:45:33.4750740Z   duration_ms: 8.773835
2026-10-08T15:45:33.4751131Z   type: 'test'
2026-10-08T15:45:33.4751309Z   ...
2026-10-08T15:45:33.5664752Z # Subtest: authenticated lazy historical reads reject revoked users, including revocation during download
2026-10-08T15:45:33.5677738Z ok 22 - authenticated lazy historical reads reject revoked users, including revocation during download
2026-10-08T15:45:33.5678178Z   ---
2026-10-08T15:45:33.5678404Z   duration_ms: 91.798487
2026-10-08T15:45:33.5678617Z   type: 'test'
2026-10-08T15:45:33.5678805Z   ...
2026-10-08T15:45:38.3881101Z # Subtest: an interrupted canonical promotion stays hidden; concurrent saves retain edits and the prior artifact
2026-10-08T15:45:38.3891264Z ok 23 - an interrupted canonical promotion stays hidden; concurrent saves retain edits and the prior artifact
2026-10-08T15:45:38.3892426Z   ---
2026-10-08T15:45:38.3892743Z   duration_ms: 4821.401814
2026-10-08T15:45:38.3893023Z   type: 'test'
2026-10-08T15:45:38.3893196Z   ...
2026-10-08T15:45:43.0925035Z # Subtest: lease loss after private body upload cannot promote or start another physical attempt
2026-10-08T15:45:43.0930252Z ok 24 - lease loss after private body upload cannot promote or start another physical attempt
2026-10-08T15:45:43.0930861Z   ---
2026-10-08T15:45:43.0931125Z   duration_ms: 4704.558574
2026-10-08T15:45:43.0931347Z   type: 'test'
2026-10-08T15:45:43.0931525Z   ...
2026-10-08T15:45:47.9966013Z # Subtest: synchronous publication failure clears the pending gate and preserves the previous product
2026-10-08T15:45:47.9967910Z ok 25 - synchronous publication failure clears the pending gate and preserves the previous product
2026-10-08T15:45:47.9968517Z   ---
2026-10-08T15:45:47.9968802Z   duration_ms: 4903.301339
2026-10-08T15:45:47.9969123Z   type: 'test'
2026-10-08T15:45:47.9969394Z   ...
2026-10-08T15:45:48.0088590Z # Subtest: legacy inline checkpoint publication is verified and malformed metadata fails explicitly
2026-10-08T15:45:48.0095912Z ok 26 - legacy inline checkpoint publication is verified and malformed metadata fails explicitly
2026-10-08T15:45:48.0096563Z   ---
2026-10-08T15:45:48.0096845Z   duration_ms: 13.098184
2026-10-08T15:45:48.0097161Z   type: 'test'
2026-10-08T15:45:48.0097447Z   ...
2026-10-08T15:45:52.8232867Z # Subtest: new promotion after a retained-product rollback never overwrites an archived version identity
2026-10-08T15:45:52.8234186Z ok 27 - new promotion after a retained-product rollback never overwrites an archived version identity
2026-10-08T15:45:52.8234863Z   ---
2026-10-08T15:45:52.8235150Z   duration_ms: 4813.1286
2026-10-08T15:45:52.8235468Z   type: 'test'
2026-10-08T15:45:52.8235740Z   ...
2026-10-08T15:45:53.1144311Z # (node:131) ExperimentalWarning: SQLite is an experimental feature and might change at any time
2026-10-08T15:45:53.1145074Z # (Use `node --trace-warnings ...` to show where the warning was created)
2026-10-08T15:45:53.1157849Z # Subtest: personal and builder roles can use different encrypted provider connections
2026-10-08T15:45:53.1167253Z ok 28 - personal and builder roles can use different encrypted provider connections
2026-10-08T15:45:53.1167936Z   ---
2026-10-08T15:45:53.1168522Z   duration_ms: 15.794358
2026-10-08T15:45:53.1168868Z   type: 'test'
2026-10-08T15:45:53.1169358Z   ...
2026-10-08T15:45:53.1171549Z # Subtest: unverified models cannot be activated for an agent layer
2026-10-08T15:45:53.1195562Z ok 29 - unverified models cannot be activated for an agent layer
2026-10-08T15:45:53.1196370Z   ---
2026-10-08T15:45:53.1196646Z   duration_ms: 6.970401
2026-10-08T15:45:53.1196949Z   type: 'test'
2026-10-08T15:45:53.1197213Z   ...
2026-10-08T15:45:53.1197865Z # Subtest: known providers normalize a pasted operation URL to their official API base
2026-10-08T15:45:53.1198705Z ok 30 - known providers normalize a pasted operation URL to their official API base
2026-10-08T15:45:53.1199247Z   ---
2026-10-08T15:45:53.1199510Z   duration_ms: 5.966405
2026-10-08T15:45:53.1199834Z   type: 'test'
2026-10-08T15:45:53.1200086Z   ...
2026-10-08T15:45:53.1200633Z # Subtest: legacy placeholder previews are not exposed as the current generated product
2026-10-08T15:45:53.1201498Z ok 31 - legacy placeholder previews are not exposed as the current generated product
2026-10-08T15:45:53.1202062Z   ---
2026-10-08T15:45:53.1202717Z   duration_ms: 4.627902
2026-10-08T15:45:53.1203278Z   type: 'test'
2026-10-08T15:45:53.1204020Z   ...
2026-10-08T15:45:53.1204845Z # Subtest: canvas effort changes Custom allowances without changing manual assignments
2026-10-08T15:45:53.1205843Z ok 32 - canvas effort changes Custom allowances without changing manual assignments
2026-10-08T15:45:53.1206492Z   ---
2026-10-08T15:45:53.1206906Z   duration_ms: 11.354974
2026-10-08T15:45:53.1218739Z   type: 'test'
2026-10-08T15:45:53.1219144Z   ...
2026-10-08T15:45:53.2697669Z # Subtest: session refresh boundary refreshes missing and near-expiry access tokens
2026-10-08T15:45:53.2725485Z ok 33 - session refresh boundary refreshes missing and near-expiry access tokens
2026-10-08T15:45:53.2726379Z   ---
2026-10-08T15:45:53.2726677Z   duration_ms: 0.542433
2026-10-08T15:45:53.2726989Z   type: 'test'
2026-10-08T15:45:53.2727265Z   ...
2026-10-08T15:45:53.5147215Z # (node:167) ExperimentalWarning: SQLite is an experimental feature and might change at any time
2026-10-08T15:45:53.5147853Z # (Use `node --trace-warnings ...` to show where the warning was created)
2026-10-08T15:45:56.5343667Z # Subtest: submitted builds ignore typing alone, preserve idempotency, and expose token usage
2026-10-08T15:45:56.5344860Z ok 34 - submitted builds ignore typing alone, preserve idempotency, and expose token usage
2026-10-08T15:45:56.5345433Z   ---
2026-10-08T15:45:56.5345716Z   duration_ms: 3020.153248
2026-10-08T15:45:56.5346054Z   type: 'test'
2026-10-08T15:45:56.5346330Z   ...
2026-10-08T15:45:57.3484162Z # (node:202) ExperimentalWarning: SQLite is an experimental feature and might change at any time
2026-10-08T15:45:57.3484778Z # (Use `node --trace-warnings ...` to show where the warning was created)
2026-10-08T15:45:57.4713149Z # Subtest: anonymous registration commits before success, retries dedupe, and restart preserves consent and limits
2026-10-08T15:45:57.4714956Z ok 35 - anonymous registration commits before success, retries dedupe, and restart preserves consent and limits
2026-10-08T15:45:57.4715825Z   ---
2026-10-08T15:45:57.4716386Z   duration_ms: 96.146815
2026-10-08T15:45:57.4716924Z   type: 'test'
2026-10-08T15:45:57.4717231Z   ...
2026-10-08T15:45:57.4717725Z # Subtest: failed durable writes cannot show registration success; rate window expiry allows safe retry
2026-10-08T15:45:57.4718353Z ok 36 - failed durable writes cannot show registration success; rate window expiry allows safe retry
2026-10-08T15:45:57.4718733Z   ---
2026-10-08T15:45:57.4718922Z   duration_ms: 11.659655
2026-10-08T15:45:57.4719144Z   type: 'test'
2026-10-08T15:45:57.4719322Z   ...
2026-10-08T15:45:57.4720032Z # Subtest: registration requires valid email and explicit consent, and forwarded rate identities require Worker proof
2026-10-08T15:45:57.4720737Z ok 37 - registration requires valid email and explicit consent, and forwarded rate identities require Worker proof
2026-10-08T15:45:57.4721128Z   ---
2026-10-08T15:45:57.4721301Z   duration_ms: 0.438599
2026-10-08T15:45:57.4721502Z   type: 'test'
2026-10-08T15:45:57.4721671Z   ...
2026-10-08T15:45:57.4722108Z # Subtest: approval is fresh private authority, owner retains access, and approval grants no foreign membership
2026-10-08T15:45:57.4722915Z ok 38 - approval is fresh private authority, owner retains access, and approval grants no foreign membership
2026-10-08T15:45:57.4723290Z   ---
2026-10-08T15:45:57.4723464Z   duration_ms: 5.503419
2026-10-08T15:45:57.4723668Z   type: 'test'
2026-10-08T15:45:57.4724036Z   ...
2026-10-08T15:45:57.4724528Z # Subtest: pending invitation acceptance leaves the invite untouched and returns to the existing contract after approval
2026-10-08T15:45:57.4725245Z ok 39 - pending invitation acceptance leaves the invite untouched and returns to the existing contract after approval
2026-10-08T15:45:57.4725645Z   ---
2026-10-08T15:45:57.4725821Z   duration_ms: 0.950507
2026-10-08T15:45:57.4726019Z   type: 'test'
2026-10-08T15:45:57.4726205Z   ...
2026-10-08T15:45:57.4884567Z # {"event":"collaboration.upgrade_rejected","category":"forbidden","correlationId":"1f61e8f0-1738-4adc-bd45-edc67e6a9f35"}
2026-10-08T15:45:57.4906427Z # {"event":"collaboration.connected","connectionId":"51f761b8-878f-4745-a200-87db1f7acfc6","correlationId":"fb1cea45-a2eb-4e6f-a832-5861af4869e8"}
2026-10-08T15:45:57.4956474Z # {"event":"collaboration.disconnected","connectionId":"51f761b8-878f-4745-a200-87db1f7acfc6","code":4403}
2026-10-08T15:45:57.5138088Z # {"event":"collaboration.connected","connectionId":"1de58eac-b32e-4a3b-800b-01252d82589b","correlationId":"31ae42d3-3a48-4580-aa62-c84407273b1c"}
2026-10-08T15:45:57.5160227Z # {"event":"collaboration.disconnected","connectionId":"1de58eac-b32e-4a3b-800b-01252d82589b","code":4403}
2026-10-08T15:45:57.5210691Z # Subtest: unapproved accounts cannot read APIs, previews, downloads, socket upgrades/messages or later delivery
2026-10-08T15:45:57.5211429Z ok 40 - unapproved accounts cannot read APIs, previews, downloads, socket upgrades/messages or later delivery
2026-10-08T15:45:57.5212849Z   ---
2026-10-08T15:45:57.5213158Z   duration_ms: 72.766165
2026-10-08T15:45:57.5213488Z   type: 'test'
2026-10-08T15:45:57.5213870Z   ...
2026-10-08T15:45:57.7880714Z # (node:221) ExperimentalWarning: SQLite is an experimental feature and might change at any time
2026-10-08T15:45:57.7881737Z # (Use `node --trace-warnings ...` to show where the warning was created)
2026-10-08T15:46:02.8796490Z # Subtest: later captured submissions cannot starve a fixed accepted candidate and drain in capture order
2026-10-08T15:46:02.8797694Z ok 41 - later captured submissions cannot starve a fixed accepted candidate and drain in capture order
2026-10-08T15:46:02.8824898Z   ---
2026-10-08T15:46:02.8825388Z   duration_ms: 5054.711768
2026-10-08T15:46:02.8825724Z   type: 'test'
2026-10-08T15:46:02.8826012Z   ...
2026-10-08T15:46:04.8504077Z # Subtest: collection deadline closes admission despite an interpretation backlog
2026-10-08T15:46:04.8506479Z ok 42 - collection deadline closes admission despite an interpretation backlog
2026-10-08T15:46:04.8507000Z   ---
2026-10-08T15:46:04.8507246Z   duration_ms: 1986.418165
2026-10-08T15:46:04.8507534Z   type: 'test'
2026-10-08T15:46:04.8507778Z   ...
2026-10-08T15:46:05.0450640Z # Subtest: pending captured steering survives actual local restart without inference or replay spending
2026-10-08T15:46:05.0451745Z ok 43 - pending captured steering survives actual local restart without inference or replay spending
2026-10-08T15:46:05.0452343Z   ---
2026-10-08T15:46:05.0452609Z   duration_ms: 195.769633
2026-10-08T15:46:05.0452926Z   type: 'test'
2026-10-08T15:46:05.0453180Z   ...
2026-10-08T15:46:06.9149212Z # Subtest: explicit correction bypasses deferred submissions, cancels assumptions and retains executor allowance
2026-10-08T15:46:06.9150523Z ok 44 - explicit correction bypasses deferred submissions, cancels assumptions and retains executor allowance
2026-10-08T15:46:06.9151707Z   ---
2026-10-08T15:46:06.9152085Z   duration_ms: 1867.886068
2026-10-08T15:46:06.9152511Z   type: 'test'
2026-10-08T15:46:06.9152879Z   ...
2026-10-08T15:46:08.7568927Z # Subtest: current membership is rechecked before deferred interpretation dispatch
2026-10-08T15:46:08.7570106Z ok 45 - current membership is rechecked before deferred interpretation dispatch
2026-10-08T15:46:08.7570983Z   ---
2026-10-08T15:46:08.7571253Z   duration_ms: 1836.313666
2026-10-08T15:46:08.7571504Z   type: 'test'
2026-10-08T15:46:08.7571687Z   ...
2026-10-08T15:46:10.5930263Z # Subtest: continuous captures do not replenish the executor ceiling between collected candidates
2026-10-08T15:46:10.5955249Z ok 46 - continuous captures do not replenish the executor ceiling between collected candidates
2026-10-08T15:46:10.5955836Z   ---
2026-10-08T15:46:10.5956215Z   duration_ms: 1843.627631
2026-10-08T15:46:10.5956599Z   type: 'test'
2026-10-08T15:46:10.5956939Z   ...
2026-10-08T15:46:19.3570384Z # Subtest: sustained captures make revision-labelled progress each cycle without a quiet global queue
2026-10-08T15:46:19.3606160Z ok 47 - sustained captures make revision-labelled progress each cycle without a quiet global queue
2026-10-08T15:46:19.3607104Z   ---
2026-10-08T15:46:19.3607745Z   duration_ms: 8711.621156
2026-10-08T15:46:19.3608311Z   type: 'test'
2026-10-08T15:46:19.3608703Z   ...
2026-10-08T15:46:21.4400936Z # Subtest: attribution-only deferred acceptance neither rebuilds nor leaves a stuck budget or queue
2026-10-08T15:46:21.4401626Z ok 48 - attribution-only deferred acceptance neither rebuilds nor leaves a stuck budget or queue
2026-10-08T15:46:21.4402003Z   ---
2026-10-08T15:46:21.4402200Z   duration_ms: 2156.268927
2026-10-08T15:46:21.4402439Z   type: 'test'
2026-10-08T15:46:21.4402627Z   ...
2026-10-08T15:46:21.5893052Z # Subtest: Alt+X is exact and ignores repeats, composition, AltGraph and extra modifiers
2026-10-08T15:46:21.5894168Z ok 49 - Alt+X is exact and ignores repeats, composition, AltGraph and extra modifiers
2026-10-08T15:46:21.5894715Z   ---
2026-10-08T15:46:21.5894993Z   duration_ms: 0.674769
2026-10-08T15:46:21.5895299Z   type: 'test'
2026-10-08T15:46:21.5895568Z   ...
2026-10-08T15:46:21.5896091Z # Subtest: legacy preferences cannot override the fixed platform shortcut
2026-10-08T15:46:21.5899344Z ok 50 - legacy preferences cannot override the fixed platform shortcut
2026-10-08T15:46:21.5900691Z   ---
2026-10-08T15:46:21.5900983Z   duration_ms: 0.172846
2026-10-08T15:46:21.5901327Z   type: 'test'
2026-10-08T15:46:21.5901514Z   ...
2026-10-08T15:46:21.7916036Z # Subtest: builder schema and planning repair missing or invalid file operations before tool execution
2026-10-08T15:46:21.7917146Z ok 51 - builder schema and planning repair missing or invalid file operations before tool execution
2026-10-08T15:46:21.7917751Z   ---
2026-10-08T15:46:21.7918008Z   duration_ms: 36.492869
2026-10-08T15:46:21.7918291Z   type: 'test'
2026-10-08T15:46:21.7918566Z   ...
2026-10-08T15:46:21.7970189Z # Subtest: builder accepts locally recoverable JSON serialization around multiline TSX without a paid retry
2026-10-08T15:46:21.7971337Z ok 52 - builder accepts locally recoverable JSON serialization around multiline TSX without a paid retry
2026-10-08T15:46:21.7971986Z   ---
2026-10-08T15:46:21.7972256Z   duration_ms: 9.048639
2026-10-08T15:46:21.7972575Z   type: 'test'
2026-10-08T15:46:21.7972831Z   ...
2026-10-08T15:46:26.4058736Z # {"policyVersion":"list-behavior-v1","specificationRevision":3,"sourceHash":"ac010289482cd18a50214a16e1f8c80cb7f8a9d2642c23f1e6eeddde02f67dd4","candidateHash":"00031d4c0fb762cfd984dba658f8e4e382a8f627f033d5b2f09501323b47c48a","planHash":"f18d214ad9e23477b539adcf433dd61b693d7094f13fb1be96989e8e77a09ebf","checkedAt":"2026-10-08T15:46:26.404Z","browserVersion":"HeadlessChrome/154.0.8037.92","checks":[{"kind":"filter","version":"list-behavior-v1","implemented":true,"passed":true,"message":"Filtering narrows the list; clearing restores it."},{"kind":"favorites","version":"list-behavior-v1","implemented":true,"passed":true,"message":"The favorite state toggles and restores without removing items."},{"kind":"sort","version":"list-behavior-v1","implemented":true,"passed":true,"message":"Sorting changes list order into alphabetical order without losing items."}],"requirements":[{"requirementId":"req_3fb819102acc","requirementRevision":1,"criteriaHash":"0ea272fea12c0b04d0c0a5e5506d19274e8ecfdc4b324b4847dc8ceb6692dec9","criteria":[{"criterionHash":"622c509f2ad6a3b7038ae41b3bf520dad5c41175974b32ae8ad612e8ee82bf89","checks":["filter"],"status":"passed"}],"implementation":"observed","status":"verified"},{"requirementId":"req_980895587501","requirementRevision":1,"criteriaHash":"242963850dda8c42c0bf98350081abb874beb718b6ba7b4aafcbd2868fe93e6f","criteria":[{"criterionHash":"8b05e3cd6861df5b3753b867abfa3f4d16b8ff708e6852a9e1b064b52a459e3c","checks":["favorites"],"status":"passed"}],"implementation":"observed","status":"verified"},{"requirementId":"req_d6b0094d5067","requirementRevision":1,"criteriaHash":"6f32c53a669776de27c4dbea71596b9852592e0598637c859f94231f5e4028df","criteria":[{"criterionHash":"dc99f1133bd52aff16fb0b97f8eb15d0e1d1e0eb5adcbcf87ad6905443a91875","checks":["sort"],"status":"passed"}],"implementation":"observed","status":"verified"}],"status":"passed"}
2026-10-08T15:46:26.4342290Z # Subtest: real isolated browser verifies accepted filter, favorites and sorting and binds evidence to the candidate
2026-10-08T15:46:26.4343514Z ok 53 - real isolated browser verifies accepted filter, favorites and sorting and binds evidence to the candidate
2026-10-08T15:46:26.4344311Z   ---
2026-10-08T15:46:26.4344571Z   duration_ms: 4428.842865
2026-10-08T15:46:26.4344881Z   type: 'test'
2026-10-08T15:46:26.4345137Z   ...
2026-10-08T15:46:33.4821073Z # Subtest: compiling controls without behavior fail; retained feature regressions are checked on every candidate
2026-10-08T15:46:33.4824021Z not ok 54 - compiling controls without behavior fail; retained feature regressions are checked on every candidate
2026-10-08T15:46:33.4824451Z   ---
2026-10-08T15:46:33.4824642Z   duration_ms: 7043.286504
2026-10-08T15:46:33.4824855Z   type: 'test'
2026-10-08T15:46:33.4825136Z   location: '/app/tests/candidate-verification.test.ts:1:3090'
2026-10-08T15:46:33.4825453Z   failureType: 'testCodeFailure'
2026-10-08T15:46:33.4825757Z   error: 'Verification renderer exceeded its resource bound.'
2026-10-08T15:46:33.4826083Z   code: 'isolation_resource_limit'
2026-10-08T15:46:33.4826325Z   stack: |-
2026-10-08T15:46:33.4826596Z     Socket.<anonymous> (/app/server/isolation/browser.ts:113:15)
2026-10-08T15:46:33.4826927Z     Socket.emit (node:events:519:28)
2026-10-08T15:46:33.4827215Z     addChunk (node:internal/streams/readable:561:12)
2026-10-08T15:46:33.4827597Z     readableAddChunkPushByteMode (node:internal/streams/readable:512:3)
2026-10-08T15:46:33.4827989Z     Readable.push (node:internal/streams/readable:392:5)
2026-10-08T15:46:33.4828332Z     Pipe.onStreamRead (node:internal/stream_base_commons:189:23)
2026-10-08T15:46:33.4828606Z   ...
2026-10-08T15:46:36.0807769Z # Subtest: unsupported prose remains unverified and generated assertion tampering cannot replace trusted checks
2026-10-08T15:46:36.0808731Z ok 55 - unsupported prose remains unverified and generated assertion tampering cannot replace trusted checks
2026-10-08T15:46:36.0809311Z   ---
2026-10-08T15:46:36.0809835Z   duration_ms: 2606.324806
2026-10-08T15:46:36.0810083Z   type: 'test'
2026-10-08T15:46:36.0810281Z   ...
2026-10-08T15:46:37.0672188Z # Subtest: actual verification browser denies a private host file and loopback network and removes its child/profile
2026-10-08T15:46:37.0672947Z ok 56 - actual verification browser denies a private host file and loopback network and removes its child/profile
2026-10-08T15:46:37.0673650Z   ---
2026-10-08T15:46:37.0674028Z   duration_ms: 990.473062
2026-10-08T15:46:37.0674249Z   type: 'test'
2026-10-08T15:46:37.0674426Z   ...
2026-10-08T15:46:46.7957296Z # Subtest: browser CPU remains inside the isolated job bounds
2026-10-08T15:46:46.7957867Z ok 57 - browser CPU remains inside the isolated job bounds
2026-10-08T15:46:46.7958143Z   ---
2026-10-08T15:46:46.7958325Z   duration_ms: 9728.259221
2026-10-08T15:46:46.7958536Z   type: 'test'
2026-10-08T15:46:46.7958709Z   ...
2026-10-08T15:46:47.1336362Z # Subtest: browser protocol output remains inside the isolated job bounds
2026-10-08T15:46:47.1337475Z ok 58 - browser protocol output remains inside the isolated job bounds
2026-10-08T15:46:47.1337922Z   ---
2026-10-08T15:46:47.1338289Z   duration_ms: 330.407264
2026-10-08T15:46:47.1338654Z   type: 'test'
2026-10-08T15:46:47.1338969Z   ...
2026-10-08T15:46:49.3573459Z # Subtest: cancellation and wall limits terminate browser execution and leave no child jobs
2026-10-08T15:46:49.3574603Z ok 59 - cancellation and wall limits terminate browser execution and leave no child jobs
2026-10-08T15:46:49.3575165Z   ---
2026-10-08T15:46:49.3575447Z   duration_ms: 2233.020429
2026-10-08T15:46:49.3575761Z   type: 'test'
2026-10-08T15:46:49.3576030Z   ...
2026-10-08T15:46:50.1531124Z # (node:1011) ExperimentalWarning: SQLite is an experimental feature and might change at any time
2026-10-08T15:46:50.1531726Z # (Use `node --trace-warnings ...` to show where the warning was created)
2026-10-08T15:46:50.1617712Z # Subtest: the pre-launch deployment binds hosted auth and callbacks to the custom domain
2026-10-08T15:46:50.1618686Z ok 60 - the pre-launch deployment binds hosted auth and callbacks to the custom domain
2026-10-08T15:46:50.1624040Z   ---
2026-10-08T15:46:50.1624319Z   duration_ms: 1.793887
2026-10-08T15:46:50.1624619Z   type: 'test'
2026-10-08T15:46:50.1624889Z   ...
2026-10-08T15:46:50.1625548Z # Subtest: legacy links preserve their destination without allowing host escape or protected ingress
2026-10-08T15:46:50.1626571Z ok 61 - legacy links preserve their destination without allowing host escape or protected ingress
2026-10-08T15:46:50.1627158Z   ---
2026-10-08T15:46:50.1627422Z   duration_ms: 4.136556
2026-10-08T15:46:50.1627724Z   type: 'test'
2026-10-08T15:46:50.1627993Z   ...
2026-10-08T15:46:50.1628684Z # Subtest: www redirects exact paths and queries to canonical HTTPS without proxying an alternate application
2026-10-08T15:46:50.1629759Z ok 62 - www redirects exact paths and queries to canonical HTTPS without proxying an alternate application
2026-10-08T15:46:50.1630373Z   ---
2026-10-08T15:46:50.1630652Z   duration_ms: 0.932301
2026-10-08T15:46:50.1630940Z   type: 'test'
2026-10-08T15:46:50.1631199Z   ...
2026-10-08T15:46:50.1865905Z # Subtest: the application exposes a container readiness endpoint
2026-10-08T15:46:50.1866723Z ok 63 - the application exposes a container readiness endpoint
2026-10-08T15:46:50.1867212Z   ---
2026-10-08T15:46:50.1867521Z   duration_ms: 38.677578
2026-10-08T15:46:50.1867890Z   type: 'test'
2026-10-08T15:46:50.1868169Z   ...
2026-10-08T15:46:50.9499579Z # Subtest: unknown API paths return JSON errors while the existing auth callback reaches the SPA
2026-10-08T15:46:50.9512323Z ok 64 - unknown API paths return JSON errors while the existing auth callback reaches the SPA
2026-10-08T15:46:50.9512833Z   ---
2026-10-08T15:46:50.9513034Z   duration_ms: 27.797172
2026-10-08T15:46:50.9513251Z   type: 'test'
2026-10-08T15:46:50.9513436Z   ...
2026-10-08T15:46:50.9513982Z # Subtest: the Cloudflare container uses the native WebSocket-aware proxy
2026-10-08T15:46:50.9514514Z ok 65 - the Cloudflare container uses the native WebSocket-aware proxy
2026-10-08T15:46:50.9521974Z   ---
2026-10-08T15:46:50.9522227Z   duration_ms: 0.923087
2026-10-08T15:46:50.9522434Z   type: 'test'
2026-10-08T15:46:50.9522615Z   ...
2026-10-08T15:46:50.9523038Z # Subtest: Worker gates HTTP and socket ingress until the running image matches the prepared source
2026-10-08T15:46:50.9524134Z ok 66 - Worker gates HTTP and socket ingress until the running image matches the prepared source
2026-10-08T15:46:50.9524694Z   ---
2026-10-08T15:46:50.9524956Z   duration_ms: 4.836452
2026-10-08T15:46:50.9525243Z   type: 'test'
2026-10-08T15:46:50.9525491Z   ...
2026-10-08T15:46:50.9526077Z # Subtest: direct application startup refuses unavailable isolation before binding a server
2026-10-08T15:46:50.9526966Z ok 67 - direct application startup refuses unavailable isolation before binding a server
2026-10-08T15:46:50.9527495Z   ---
2026-10-08T15:46:50.9527770Z   duration_ms: 732.893904
2026-10-08T15:46:50.9528351Z   type: 'test'
2026-10-08T15:46:50.9528606Z   ...
2026-10-08T15:46:51.2220257Z # Subtest: server-signed attribution cannot be changed by the client
2026-10-08T15:46:51.2229418Z ok 68 - server-signed attribution cannot be changed by the client
2026-10-08T15:46:51.2229922Z   ---
2026-10-08T15:46:51.2230222Z   duration_ms: 1.412171
2026-10-08T15:46:51.2231011Z   type: 'test'
2026-10-08T15:46:51.2231293Z   ...
2026-10-08T15:46:51.2231837Z # Subtest: independent concurrent Yjs edits merge without lost text
2026-10-08T15:46:51.2232606Z ok 69 - independent concurrent Yjs edits merge without lost text
2026-10-08T15:46:51.2233346Z   ---
2026-10-08T15:46:51.2234057Z   duration_ms: 3.864763
2026-10-08T15:46:51.2234737Z   type: 'test'
2026-10-08T15:46:51.2235360Z   ...
2026-10-08T15:46:51.2236055Z # Subtest: only the newest orchestration revision can be promoted
2026-10-08T15:46:51.2236905Z ok 70 - only the newest orchestration revision can be promoted
2026-10-08T15:46:51.2237542Z   ---
2026-10-08T15:46:51.2238011Z   duration_ms: 0.090884
2026-10-08T15:46:51.2238499Z   type: 'test'
2026-10-08T15:46:51.2238951Z   ...
2026-10-08T15:46:51.2252628Z # Subtest: generation errors retain the last success and block unsafe code
2026-10-08T15:46:51.2255579Z ok 71 - generation errors retain the last success and block unsafe code
2026-10-08T15:46:51.2258432Z   ---
2026-10-08T15:46:51.2258896Z   duration_ms: 0.451769
2026-10-08T15:46:51.2269266Z   type: 'test'
2026-10-08T15:46:51.2270103Z   ...
2026-10-08T15:46:51.2270788Z # Subtest: custom provider URLs require HTTPS except for local testing
2026-10-08T15:46:51.2271427Z ok 72 - custom provider URLs require HTTPS except for local testing
2026-10-08T15:46:51.2271850Z   ---
2026-10-08T15:46:51.2272119Z   duration_ms: 0.30421
2026-10-08T15:46:51.2272393Z   type: 'test'
2026-10-08T15:46:51.2272628Z   ...
2026-10-08T15:46:51.2273082Z # Subtest: provider model discovery returns exact account model IDs
2026-10-08T15:46:51.2273697Z ok 73 - provider model discovery returns exact account model IDs
2026-10-08T15:46:51.2284514Z   ---
2026-10-08T15:46:51.2284777Z   duration_ms: 14.278473
2026-10-08T15:46:51.2285064Z   type: 'test'
2026-10-08T15:46:51.2285316Z   ...
2026-10-08T15:46:52.8183693Z # Subtest: multi-file project compiles to an isolated React preview
2026-10-08T15:46:52.8184562Z ok 74 - multi-file project compiles to an isolated React preview
2026-10-08T15:46:52.8185397Z   ---
2026-10-08T15:46:52.8185708Z   duration_ms: 1620.050791
2026-10-08T15:46:52.8186019Z   type: 'test'
2026-10-08T15:46:52.8186283Z   ...
2026-10-08T15:46:53.6367167Z # Subtest: audit follows the prepared isolated worker without hiding missing source imports
2026-10-08T15:46:53.6369295Z ok 75 - audit follows the prepared isolated worker without hiding missing source imports
2026-10-08T15:46:53.6369663Z   ---
2026-10-08T15:46:53.6369850Z   duration_ms: 12.948944
2026-10-08T15:46:53.6370065Z   type: 'test'
2026-10-08T15:46:53.6370333Z   ...
2026-10-08T15:46:53.6371309Z # Subtest: UI scope rejects backend authority, shared contracts and migrations
2026-10-08T15:46:53.6372371Z ok 76 - UI scope rejects backend authority, shared contracts and migrations
2026-10-08T15:46:53.6373198Z   ---
2026-10-08T15:46:53.6373887Z   duration_ms: 0.35141
2026-10-08T15:46:53.6374404Z   type: 'test'
2026-10-08T15:46:53.6374756Z   ...
2026-10-08T15:46:53.6375415Z # Subtest: Vercel and direct TypeSafe reviews use separate endpoints and credentials without retries
2026-10-08T15:46:53.6376678Z ok 77 - Vercel and direct TypeSafe reviews use separate endpoints and credentials without retries
2026-10-08T15:46:53.6377245Z   ---
2026-10-08T15:46:53.6377510Z   duration_ms: 16.750084
2026-10-08T15:46:53.6377806Z   type: 'test'
2026-10-08T15:46:53.6378064Z   ...
2026-10-08T15:46:53.6380736Z # Subtest: audit retains literal dynamic and type imports, ambient declarations and tooling roots
2026-10-08T15:46:53.6384590Z ok 78 - audit retains literal dynamic and type imports, ambient declarations and tooling roots
2026-10-08T15:46:53.6385254Z   ---
2026-10-08T15:46:53.6385752Z   duration_ms: 2.870981
2026-10-08T15:46:53.6386053Z   type: 'test'
2026-10-08T15:46:53.6386315Z   ...
2026-10-08T15:46:53.6386948Z # Subtest: audit reports browser/server coupling and preserves uncertainty about nonliteral loads
2026-10-08T15:46:53.6387909Z ok 79 - audit reports browser/server coupling and preserves uncertainty about nonliteral loads
2026-10-08T15:46:53.6388469Z   ---
2026-10-08T15:46:53.6388728Z   duration_ms: 0.685676
2026-10-08T15:46:53.6389022Z   type: 'test'
2026-10-08T15:46:53.6389273Z   ...
2026-10-08T15:46:53.6389746Z # Subtest: untrusted Jev output cannot introduce unknown options, invalid probabilities or a different model
2026-10-08T15:46:53.6390391Z ok 80 - untrusted Jev output cannot introduce unknown options, invalid probabilities or a different model
2026-10-08T15:46:53.6390759Z   ---
2026-10-08T15:46:53.6390930Z   duration_ms: 0.958229
2026-10-08T15:46:53.6391136Z   type: 'test'
2026-10-08T15:46:53.6391307Z   ...
2026-10-08T15:46:54.4358509Z # (node:1086) ExperimentalWarning: SQLite is an experimental feature and might change at any time
2026-10-08T15:46:54.4359496Z # (Use `node --trace-warnings ...` to show where the warning was created)
2026-10-08T15:46:54.4496037Z # {"event":"collaboration.upgrade_rejected","category":"invalid_session","correlationId":"8f717c1a-eb16-4c63-8bc5-b56af8377dca"}
2026-10-08T15:46:54.4827759Z # {"event":"collaboration.upgrade_rejected","category":"invalid_session","correlationId":"1833d978-f29f-4fff-ad8a-d6914b6fc49c"}
2026-10-08T15:46:54.4841471Z # {"event":"collaboration.upgrade_rejected","category":"missing_room","correlationId":"b6f1d46e-ba1e-4c9d-a79a-001fe2a5db8e"}
2026-10-08T15:46:54.4906805Z # Subtest: collaboration upgrades expose safe authentication and room failures
2026-10-08T15:46:54.4907584Z ok 81 - collaboration upgrades expose safe authentication and room failures
2026-10-08T15:46:54.4908008Z   ---
2026-10-08T15:46:54.4908286Z   duration_ms: 61.168227
2026-10-08T15:46:54.4908651Z   type: 'test'
2026-10-08T15:46:54.4909006Z   ...
2026-10-08T15:46:55.3115693Z # (node:1105) ExperimentalWarning: SQLite is an experimental feature and might change at any time
2026-10-08T15:46:55.3116280Z # (Use `node --trace-warnings ...` to show where the warning was created)
2026-10-08T15:46:55.3845612Z # Subtest: conflict endpoint enforces editor role, contributor identity, stale choices, and retry identity
2026-10-08T15:46:55.3864861Z ok 82 - conflict endpoint enforces editor role, contributor identity, stale choices, and retry identity
2026-10-08T15:46:55.3865517Z   ---
2026-10-08T15:46:55.3865784Z   duration_ms: 113.961604
2026-10-08T15:46:55.3866105Z   type: 'test'
2026-10-08T15:46:55.3866380Z   ...
2026-10-08T15:46:56.1778229Z # (node:1124) ExperimentalWarning: SQLite is an experimental feature and might change at any time
2026-10-08T15:46:56.1779490Z # (Use `node --trace-warnings ...` to show where the warning was created)
2026-10-08T15:46:56.3268075Z # Subtest: workspace owner discovers account models and activates the shared connection
2026-10-08T15:46:56.3268981Z ok 83 - workspace owner discovers account models and activates the shared connection
2026-10-08T15:46:56.3269606Z   ---
2026-10-08T15:46:56.3269931Z   duration_ms: 147.66425
2026-10-08T15:46:56.3270273Z   type: 'test'
2026-10-08T15:46:56.3270521Z   ...
2026-10-08T15:46:56.3862966Z # Subtest: collaborators receive redacted connection status and cannot manage owner credentials
2026-10-08T15:46:56.3865266Z ok 84 - collaborators receive redacted connection status and cannot manage owner credentials
2026-10-08T15:46:56.3866160Z   ---
2026-10-08T15:46:56.3866685Z   duration_ms: 58.929602
2026-10-08T15:46:56.3867242Z   type: 'test'
2026-10-08T15:46:56.3867818Z   ...
2026-10-08T15:46:56.4088823Z # Subtest: AI effort endpoint is owner-only and validates the requested level
2026-10-08T15:46:56.4090174Z ok 85 - AI effort endpoint is owner-only and validates the requested level
2026-10-08T15:46:56.4091210Z   ---
2026-10-08T15:46:56.4091694Z   duration_ms: 22.663847
2026-10-08T15:46:56.4092610Z   type: 'test'
2026-10-08T15:46:56.4093070Z   ...
2026-10-08T15:46:56.4883274Z # Subtest: owner effort mutation updates a connected Custom room without a provider call
2026-10-08T15:46:56.4884500Z ok 86 - owner effort mutation updates a connected Custom room without a provider call
2026-10-08T15:46:56.4885245Z   ---
2026-10-08T15:46:56.4885677Z   duration_ms: 82.288141
2026-10-08T15:46:56.4885997Z   type: 'test'
2026-10-08T15:46:56.4886297Z   ...
2026-10-08T15:46:56.8582356Z # (node:1143) ExperimentalWarning: SQLite is an experimental feature and might change at any time
2026-10-08T15:46:56.8582945Z # (Use `node --trace-warnings ...` to show where the warning was created)
2026-10-08T15:46:57.0475639Z # Subtest: remote claims and renewals coalesce; timeout permanently fences a delayed renewal
2026-10-08T15:46:57.0532539Z ok 87 - remote claims and renewals coalesce; timeout permanently fences a delayed renewal
2026-10-08T15:46:57.0533137Z   ---
2026-10-08T15:46:57.0533414Z   duration_ms: 22.269046
2026-10-08T15:46:57.0533915Z   type: 'test'
2026-10-08T15:46:57.0534189Z   ...
2026-10-08T15:46:57.0535784Z # Subtest: closing during a claim releases the late epoch without reviving ownership
2026-10-08T15:46:57.0537880Z ok 88 - closing during a claim releases the late epoch without reviving ownership
2026-10-08T15:46:57.0545599Z   ---
2026-10-08T15:46:57.0546204Z   duration_ms: 0.860294
2026-10-08T15:46:57.0546539Z   type: 'test'
2026-10-08T15:46:57.0546836Z   ...
2026-10-08T15:46:57.0547467Z # Subtest: closing during renewal cannot validate an old worker; malformed epochs fail closed
2026-10-08T15:46:57.0548394Z ok 89 - closing during renewal cannot validate an old worker; malformed epochs fail closed
2026-10-08T15:46:57.0548949Z   ---
2026-10-08T15:46:57.0549209Z   duration_ms: 1.393293
2026-10-08T15:46:57.0549511Z   type: 'test'
2026-10-08T15:46:57.0549769Z   ...
2026-10-08T15:46:57.0550455Z # Subtest: loss during durable dispatch intent prevents physical provider HTTP and subsequent mutations
2026-10-08T15:46:57.0551533Z ok 90 - loss during durable dispatch intent prevents physical provider HTTP and subsequent mutations
2026-10-08T15:46:57.0552138Z   ---
2026-10-08T15:46:57.0552427Z   duration_ms: 167.463639
2026-10-08T15:46:57.0552746Z   type: 'test'
2026-10-08T15:46:57.0553015Z   ...
2026-10-08T15:46:57.0553669Z # Subtest: hosted dispatch and document writes carry fences; stale SQL results invalidate the owner
2026-10-08T15:46:57.0554809Z ok 91 - hosted dispatch and document writes carry fences; stale SQL results invalidate the owner
2026-10-08T15:46:57.0555384Z   ---
2026-10-08T15:46:57.0555664Z   duration_ms: 4.270994
2026-10-08T15:46:57.0555967Z   type: 'test'
2026-10-08T15:46:57.0556226Z   ...
2026-10-08T15:46:57.4198197Z # (node:1162) ExperimentalWarning: SQLite is an experimental feature and might change at any time
2026-10-08T15:46:57.4199050Z # (Use `node --trace-warnings ...` to show where the warning was created)
2026-10-08T15:46:59.1625608Z # Subtest: promotion API rejects missing, changed and cancelled coordinator evidence before workspace writes
2026-10-08T15:46:59.1630458Z ok 92 - promotion API rejects missing, changed and cancelled coordinator evidence before workspace writes
2026-10-08T15:46:59.1632126Z   ---
2026-10-08T15:46:59.1633146Z   duration_ms: 1734.05721
2026-10-08T15:46:59.1633665Z   type: 'test'
2026-10-08T15:46:59.1635299Z   ...
2026-10-08T15:46:59.1636469Z # Subtest: event store orders events, redacts secrets, stores artifacts, and enforces run transitions
2026-10-08T15:46:59.1637688Z ok 93 - event store orders events, redacts secrets, stores artifacts, and enforces run transitions
2026-10-08T15:46:59.1638487Z   ---
2026-10-08T15:46:59.1638942Z   duration_ms: 28.650726
2026-10-08T15:46:59.1639413Z   type: 'test'
2026-10-08T15:46:59.1639845Z   ...
2026-10-08T15:46:59.1640554Z # Subtest: tool policy denies personal agents and unknown tools before execution
2026-10-08T15:46:59.1641539Z ok 94 - tool policy denies personal agents and unknown tools before execution
2026-10-08T15:46:59.1642503Z   ---
2026-10-08T15:46:59.1643560Z   duration_ms: 10.385449
2026-10-08T15:46:59.1644088Z   type: 'test'
2026-10-08T15:46:59.1644495Z   ...
2026-10-08T15:46:59.1645115Z # Subtest: append-only snapshot artifacts reconstruct a missing derived workspace view
2026-10-08T15:46:59.1645867Z ok 95 - append-only snapshot artifacts reconstruct a missing derived workspace view
2026-10-08T15:46:59.1646331Z   ---
2026-10-08T15:46:59.1646614Z   duration_ms: 10.294634
2026-10-08T15:46:59.1646923Z   type: 'test'
2026-10-08T15:46:59.1647185Z   ...
2026-10-08T15:46:59.1647761Z # Subtest: room restart reconstructs the last product and interrupts an in-flight run
2026-10-08T15:46:59.1648580Z ok 96 - room restart reconstructs the last product and interrupts an in-flight run
2026-10-08T15:46:59.1648909Z   ---
2026-10-08T15:46:59.1649086Z   duration_ms: 43.039974
2026-10-08T15:46:59.1649283Z   type: 'test'
2026-10-08T15:46:59.1649461Z   ...
2026-10-08T15:46:59.1649777Z # Subtest: legacy workspace migration makes a backup before importing state
2026-10-08T15:46:59.1650230Z ok 97 - legacy workspace migration makes a backup before importing state
2026-10-08T15:46:59.1650529Z   ---
2026-10-08T15:46:59.1650692Z   duration_ms: 11.521361
2026-10-08T15:46:59.1650880Z   type: 'test'
2026-10-08T15:46:59.1651053Z   ...
2026-10-08T15:46:59.1651431Z # Subtest: durable workflow projection records task transitions and supports cursor recovery
2026-10-08T15:46:59.1652166Z ok 98 - durable workflow projection records task transitions and supports cursor recovery
2026-10-08T15:46:59.1652666Z   ---
2026-10-08T15:46:59.1652838Z   duration_ms: 13.466842
2026-10-08T15:46:59.1653032Z   type: 'test'
2026-10-08T15:46:59.1653198Z   ...
2026-10-08T15:46:59.1653557Z # Subtest: restart preserves a pending multi-option conflict group and resolver membership
2026-10-08T15:46:59.1654288Z ok 99 - restart preserves a pending multi-option conflict group and resolver membership
2026-10-08T15:46:59.1654609Z   ---
2026-10-08T15:46:59.1654780Z   duration_ms: 30.156596
2026-10-08T15:46:59.1654973Z   type: 'test'
2026-10-08T15:46:59.1655134Z   ...
2026-10-08T15:47:02.4087075Z # Subtest: ordinary compilation runs in the real OS boundary and never evaluates candidate top-level code
2026-10-08T15:47:02.4088276Z ok 100 - ordinary compilation runs in the real OS boundary and never evaluates candidate top-level code
2026-10-08T15:47:02.4107399Z   ---
2026-10-08T15:47:02.4107703Z   duration_ms: 3096.160396
2026-10-08T15:47:02.4108065Z   type: 'test'
2026-10-08T15:47:02.4108291Z   ...
2026-10-08T15:47:02.4485866Z # Subtest: OS boundary without Node permissions denies an existing private host file, writes and live loopback network
2026-10-08T15:47:02.4487060Z ok 101 - OS boundary without Node permissions denies an existing private host file, writes and live loopback network
2026-10-08T15:47:02.4487708Z   ---
2026-10-08T15:47:02.4487985Z   duration_ms: 42.883903
2026-10-08T15:47:02.4488285Z   type: 'test'
2026-10-08T15:47:02.4488541Z   ...
2026-10-08T15:47:02.4976875Z # Subtest: restricted process strips injection/secrets and denies subprocesses, workers and cross-workspace reads
2026-10-08T15:47:02.4977649Z ok 102 - restricted process strips injection/secrets and denies subprocesses, workers and cross-workspace reads
2026-10-08T15:47:02.4978083Z   ---
2026-10-08T15:47:02.4978272Z   duration_ms: 42.865255
2026-10-08T15:47:02.4978474Z   type: 'test'
2026-10-08T15:47:02.4978652Z   ...
2026-10-08T15:47:06.4860815Z # Subtest: candidate imports cannot read absolute files, traverse workspaces or download packages/styles
2026-10-08T15:47:06.4861649Z ok 103 - candidate imports cannot read absolute files, traverse workspaces or download packages/styles
2026-10-08T15:47:06.4862101Z   ---
2026-10-08T15:47:06.4862304Z   duration_ms: 3995.61351
2026-10-08T15:47:06.4862561Z   type: 'test'
2026-10-08T15:47:06.4862761Z   ...
2026-10-08T15:47:07.4917187Z # Subtest: wall timeout terminates a running child and cleans its private input
2026-10-08T15:47:07.4917763Z ok 104 - wall timeout terminates a running child and cleans its private input
2026-10-08T15:47:07.4918396Z   ---
2026-10-08T15:47:07.4918590Z   duration_ms: 1005.748319
2026-10-08T15:47:07.4918802Z   type: 'test'
2026-10-08T15:47:07.4918990Z   ...
2026-10-08T15:47:07.4967966Z # Subtest: cancellation waits for real child termination and cleanup; pre-abort starts nothing
2026-10-08T15:47:07.4969279Z ok 105 - cancellation waits for real child termination and cleanup; pre-abort starts nothing
2026-10-08T15:47:07.4969937Z   ---
2026-10-08T15:47:07.4970267Z   duration_ms: 5.786549
2026-10-08T15:47:07.4970572Z   type: 'test'
2026-10-08T15:47:07.4970833Z   ...
2026-10-08T15:47:08.0810384Z # Subtest: memory exhaustion cannot escape the OS bound and leaves no child work
2026-10-08T15:47:08.0811176Z ok 106 - memory exhaustion cannot escape the OS bound and leaves no child work
2026-10-08T15:47:08.0811854Z   ---
2026-10-08T15:47:08.0812349Z   duration_ms: 582.682589
2026-10-08T15:47:08.0812799Z   type: 'test'
2026-10-08T15:47:08.0813894Z   ...
2026-10-08T15:47:08.0814974Z # Subtest: unavailable isolation fails explicitly and cannot fall back to host compilation
2026-10-08T15:47:08.0816507Z ok 107 - unavailable isolation fails explicitly and cannot fall back to host compilation
2026-10-08T15:47:08.0817209Z   ---
2026-10-08T15:47:08.0817613Z   duration_ms: 0.572217
2026-10-08T15:47:08.0818037Z   type: 'test'
2026-10-08T15:47:08.0818355Z   ...
2026-10-08T15:47:18.0936123Z # Subtest: CPU bound stops a busy child before the longer wall deadline
2026-10-08T15:47:18.0936662Z ok 108 - CPU bound stops a busy child before the longer wall deadline
2026-10-08T15:47:18.0936964Z   ---
2026-10-08T15:47:18.0937152Z   duration_ms: 10011.12811
2026-10-08T15:47:18.0937353Z   type: 'test'
2026-10-08T15:47:18.0937529Z   ...
2026-10-08T15:47:18.2219697Z # Subtest: untrusted output is bounded before it reaches application memory or artifacts
2026-10-08T15:47:18.2220314Z ok 109 - untrusted output is bounded before it reaches application memory or artifacts
2026-10-08T15:47:18.2220708Z   ---
2026-10-08T15:47:18.2220898Z   duration_ms: 131.866493
2026-10-08T15:47:18.2221098Z   type: 'test'
2026-10-08T15:47:18.2221276Z   ...
2026-10-08T15:47:19.1116344Z # (node:1305) ExperimentalWarning: SQLite is an experimental feature and might change at any time
2026-10-08T15:47:19.1117299Z # (Use `node --trace-warnings ...` to show where the warning was created)
2026-10-08T15:47:19.1606958Z # {"event":"collaboration.upgrade_rejected","category":"forbidden","correlationId":"c4e1c745-a884-4cff-b7e5-d1da86864aed"}
2026-10-08T15:47:19.1636776Z # {"event":"collaboration.connected","connectionId":"59493f3a-dfa0-4e31-a49a-6d44a773c43d","correlationId":"a1489d8a-7b4e-457b-8982-17c01443f4d2"}
2026-10-08T15:47:19.1704115Z # {"event":"collaboration.disconnected","connectionId":"59493f3a-dfa0-4e31-a49a-6d44a773c43d","code":4403}
2026-10-08T15:47:19.1995602Z # Subtest: hosted reads, mutations and live delivery check current membership rather than a stale ticket role
2026-10-08T15:47:19.2056415Z ok 110 - hosted reads, mutations and live delivery check current membership rather than a stale ticket role
2026-10-08T15:47:19.2064478Z   ---
2026-10-08T15:47:19.2065023Z   duration_ms: 98.251465
2026-10-08T15:47:19.2065567Z   type: 'test'
2026-10-08T15:47:19.2065975Z   ...
2026-10-08T15:47:19.2168900Z # {"event":"collaboration.upgrade_rejected","category":"coordinator_unavailable","correlationId":"91264801-e74c-44bd-90e0-52c9c465adb6"}
2026-10-08T15:47:19.2925469Z # Subtest: non-owner ingress retries without hydrating a second writer or bypassing membership
2026-10-08T15:47:19.2926232Z ok 111 - non-owner ingress retries without hydrating a second writer or bypassing membership
2026-10-08T15:47:19.2927143Z   ---
2026-10-08T15:47:19.2927645Z   duration_ms: 114.819745
2026-10-08T15:47:19.2927996Z   type: 'test'
2026-10-08T15:47:19.2928279Z   ...
2026-10-08T15:47:20.1211090Z # (node:1324) ExperimentalWarning: SQLite is an experimental feature and might change at any time
2026-10-08T15:47:20.1212040Z # (Use `node --trace-warnings ...` to show where the warning was created)
2026-10-08T15:47:20.4911036Z # {"event":"collaboration.connected","connectionId":"b54b1c4d-2e2d-4eaf-a183-83fa3455186c","correlationId":"015d3448-926e-42ec-b985-7cc1f8726328"}
2026-10-08T15:47:20.4973702Z # {"event":"collaboration.connected","connectionId":"bec96e36-98b0-410a-9994-3e172cc32785","correlationId":"6c657bbf-dfee-494a-9f9d-32205fa7a0f5"}
2026-10-08T15:47:20.4995885Z # {"event":"collaboration.connected","connectionId":"2a2fcba4-8ed2-441b-831e-8fa1dc16a4b4","correlationId":"ffe27a28-4fb0-4c09-9c39-8f381a6819b3"}
2026-10-08T15:47:32.7693999Z # {"event":"collaboration.disconnected","connectionId":"2a2fcba4-8ed2-441b-831e-8fa1dc16a4b4","code":1006}
2026-10-08T15:47:32.8335444Z # {"event":"collaboration.disconnected","connectionId":"bec96e36-98b0-410a-9994-3e172cc32785","code":1006}
2026-10-08T15:47:32.9741752Z # {"event":"collaboration.disconnected","connectionId":"b54b1c4d-2e2d-4eaf-a183-83fa3455186c","code":1006}
2026-10-08T15:47:33.1355913Z # Subtest: three collaborators create and maintain a runnable recipe app
2026-10-08T15:47:33.1356522Z ok 112 - three collaborators create and maintain a runnable recipe app
2026-10-08T15:47:33.1356837Z   ---
2026-10-08T15:47:33.1357021Z   duration_ms: 13015.941658
2026-10-08T15:47:33.1357238Z   type: 'test'
2026-10-08T15:47:33.1357416Z   ...
2026-10-08T15:47:33.3996951Z # (node:1392) ExperimentalWarning: SQLite is an experimental feature and might change at any time
2026-10-08T15:47:33.3997891Z # (Use `node --trace-warnings ...` to show where the warning was created)
2026-10-08T15:47:33.4847845Z # Subtest: a clear restaurant website assignment is accepted even when a model labels the batch as proposal
2026-10-08T15:47:33.4858132Z ok 113 - a clear restaurant website assignment is accepted even when a model labels the batch as proposal
2026-10-08T15:47:33.4858854Z   ---
2026-10-08T15:47:33.4859164Z   duration_ms: 3.418172
2026-10-08T15:47:33.4859680Z   type: 'test'
2026-10-08T15:47:33.4859984Z   ...
2026-10-08T15:47:33.4860697Z # Subtest: classification semantics distinguish requests, proposals, questions, quotes, hypotheticals, and negation
2026-10-08T15:47:33.4861545Z ok 114 - classification semantics distinguish requests, proposals, questions, quotes, hypotheticals, and negation
2026-10-08T15:47:33.4862043Z   ---
2026-10-08T15:47:33.4870483Z   duration_ms: 0.481954
2026-10-08T15:47:33.4870788Z   type: 'test'
2026-10-08T15:47:33.4871050Z   ...
2026-10-08T15:47:33.4902668Z # Subtest: mixed contribution keeps request, proposal, and question separate
2026-10-08T15:47:33.4905788Z ok 115 - mixed contribution keeps request, proposal, and question separate
2026-10-08T15:47:33.4908937Z   ---
2026-10-08T15:47:33.4909377Z   duration_ms: 6.394509
2026-10-08T15:47:33.4910083Z   type: 'test'
2026-10-08T15:47:33.4910382Z   ...
2026-10-08T15:47:33.4911349Z # Subtest: missing classifications become ambiguity and reinterpretation supersedes only its own source without duplicates
2026-10-08T15:47:33.4912881Z ok 116 - missing classifications become ambiguity and reinterpretation supersedes only its own source without duplicates
2026-10-08T15:47:33.4913704Z   ---
2026-10-08T15:47:33.4914083Z   duration_ms: 0.616403
2026-10-08T15:47:33.4914372Z   type: 'test'
2026-10-08T15:47:33.4914624Z   ...
2026-10-08T15:47:33.5281961Z # Subtest: targeted reinterpretation reuses authenticated edits, preserves identity, avoids duplicate builds, and protects decisions
2026-10-08T15:47:33.5283896Z ok 117 - targeted reinterpretation reuses authenticated edits, preserves identity, avoids duplicate builds, and protects decisions
2026-10-08T15:47:33.5284571Z   ---
2026-10-08T15:47:33.5284909Z   duration_ms: 129.574161
2026-10-08T15:47:33.5285303Z   type: 'test'
2026-10-08T15:47:33.5285620Z   ...
2026-10-08T15:47:34.7174098Z # (node:1411) ExperimentalWarning: SQLite is an experimental feature and might change at any time
2026-10-08T15:47:34.7175055Z # (Use `node --trace-warnings ...` to show where the warning was created)
2026-10-08T15:47:34.7250146Z # Subtest: coauthor correction preserves teammate wording and exact sources, audit and previous revision
2026-10-08T15:47:34.7251242Z ok 118 - coauthor correction preserves teammate wording and exact sources, audit and previous revision
2026-10-08T15:47:34.7251748Z   ---
2026-10-08T15:47:34.7252053Z   duration_ms: 185.893833
2026-10-08T15:47:34.7252439Z   type: 'test'
2026-10-08T15:47:34.7252755Z   ...
2026-10-08T15:47:34.7253411Z # Subtest: withdrawal removes only caller support and survives restart; same request replays before stale checks
2026-10-08T15:47:34.7254383Z ok 119 - withdrawal removes only caller support and survives restart; same request replays before stale checks
2026-10-08T15:47:34.7255030Z   ---
2026-10-08T15:47:34.7255454Z   duration_ms: 24.386091
2026-10-08T15:47:34.7255744Z   type: 'test'
2026-10-08T15:47:34.7255982Z   ...
2026-10-08T15:47:34.7256452Z # Subtest: unauthorized, stale and forged targets cannot mutate accepted intent
2026-10-08T15:47:34.7257178Z ok 120 - unauthorized, stale and forged targets cannot mutate accepted intent
2026-10-08T15:47:34.7257688Z   ---
2026-10-08T15:47:34.7257956Z   duration_ms: 193.03448
2026-10-08T15:47:34.7258244Z   type: 'test'
2026-10-08T15:47:34.7258494Z   ...
2026-10-08T15:47:34.7259059Z # Subtest: concurrent stale corrections serialize and only one current revision commits
2026-10-08T15:47:34.7259874Z ok 121 - concurrent stale corrections serialize and only one current revision commits
2026-10-08T15:47:34.7260422Z   ---
2026-10-08T15:47:34.7260682Z   duration_ms: 221.929386
2026-10-08T15:47:34.7260980Z   type: 'test'
2026-10-08T15:47:34.7261249Z   ...
2026-10-08T15:47:34.7261970Z # Subtest: ambiguous current intent can be corrected explicitly as proposal, question or request without inference
2026-10-08T15:47:34.7263102Z ok 122 - ambiguous current intent can be corrected explicitly as proposal, question or request without inference
2026-10-08T15:47:34.7263889Z   ---
2026-10-08T15:47:34.7264147Z   duration_ms: 20.101096
2026-10-08T15:47:34.7264448Z   type: 'test'
2026-10-08T15:47:34.7264726Z   ...
2026-10-08T15:47:34.7265461Z # Subtest: correction of one current intent preserves other entries and their independently withdrawable attribution
2026-10-08T15:47:34.7266585Z ok 123 - correction of one current intent preserves other entries and their independently withdrawable attribution
2026-10-08T15:47:34.7267143Z   ---
2026-10-08T15:47:34.7267317Z   duration_ms: 222.990619
2026-10-08T15:47:34.7267520Z   type: 'test'
2026-10-08T15:47:34.7267713Z   ...
2026-10-08T15:47:34.7268138Z # Subtest: accepted change aborts an old candidate but proposal-only change leaves independent work running
2026-10-08T15:47:34.7268939Z ok 124 - accepted change aborts an old candidate but proposal-only change leaves independent work running
2026-10-08T15:47:34.7269319Z   ---
2026-10-08T15:47:34.7269499Z   duration_ms: 19.404975
2026-10-08T15:47:34.7269701Z   type: 'test'
2026-10-08T15:47:34.7269881Z   ...
2026-10-08T15:47:34.7270397Z # Subtest: canonical intent remains invisible until remote acknowledgement; lost reply recovers one receipt
2026-10-08T15:47:34.7271448Z ok 125 - canonical intent remains invisible until remote acknowledgement; lost reply recovers one receipt
2026-10-08T15:47:34.7272080Z   ---
2026-10-08T15:47:34.7272347Z   duration_ms: 37.543795
2026-10-08T15:47:34.7272659Z   type: 'test'
2026-10-08T15:47:34.7272922Z   ...
2026-10-08T15:47:34.7274172Z # Subtest: provider provenance guard rejects invented passages and consequential pronouns; exact ordinary requests remain accepted
2026-10-08T15:47:34.7275486Z ok 126 - provider provenance guard rejects invented passages and consequential pronouns; exact ordinary requests remain accepted
2026-10-08T15:47:34.7276208Z   ---
2026-10-08T15:47:34.7276462Z   duration_ms: 1.355067
2026-10-08T15:47:34.7276763Z   type: 'test'
2026-10-08T15:47:34.7277014Z   ...
2026-10-08T15:47:34.7277636Z # Subtest: accepted context is attributed; named pronoun resolves with unique evidence, model IDs alone do not
2026-10-08T15:47:34.7278287Z ok 127 - accepted context is attributed; named pronoun resolves with unique evidence, model IDs alone do not
2026-10-08T15:47:34.7278803Z   ---
2026-10-08T15:47:34.7278969Z   duration_ms: 0.690022
2026-10-08T15:47:34.7279158Z   type: 'test'
2026-10-08T15:47:34.7279334Z   ...
2026-10-08T15:47:34.7279738Z # Subtest: model cannot forge human authority, decision references, or withdraw teammates via deleted source
2026-10-08T15:47:34.7280361Z ok 128 - model cannot forge human authority, decision references, or withdraw teammates via deleted source
2026-10-08T15:47:34.7280751Z   ---
2026-10-08T15:47:34.7280918Z   duration_ms: 0.493361
2026-10-08T15:47:34.7281104Z   type: 'test'
2026-10-08T15:47:34.7281279Z   ...
2026-10-08T15:47:34.7281631Z # Subtest: affected model IDs do not overwrite a teammate or silently withdraw the caller
2026-10-08T15:47:34.7282128Z ok 129 - affected model IDs do not overwrite a teammate or silently withdraw the caller
2026-10-08T15:47:34.7282476Z   ---
2026-10-08T15:47:34.7282650Z   duration_ms: 0.435385
2026-10-08T15:47:34.7282841Z   type: 'test'
2026-10-08T15:47:34.7283007Z   ...
2026-10-08T15:47:34.7283395Z # Subtest: unverified/proposed matching descriptions never confer accepted teammate attribution
2026-10-08T15:47:34.7284354Z ok 130 - unverified/proposed matching descriptions never confer accepted teammate attribution
2026-10-08T15:47:34.7284801Z   ---
2026-10-08T15:47:34.7284981Z   duration_ms: 0.291131
2026-10-08T15:47:34.7285173Z   type: 'test'
2026-10-08T15:47:34.7285347Z   ...
2026-10-08T15:47:34.7285709Z # Subtest: queued intent commands recheck current membership before any durable mutation
2026-10-08T15:47:34.7286217Z ok 131 - queued intent commands recheck current membership before any durable mutation
2026-10-08T15:47:34.7286532Z   ---
2026-10-08T15:47:34.7286741Z   duration_ms: 21.542
2026-10-08T15:47:34.7286979Z   type: 'test'
2026-10-08T15:47:34.7287144Z   ...
2026-10-08T15:47:34.7287593Z # Subtest: a provider cannot quote only the color to conceal an unresolved source target or invent contextual attribution
2026-10-08T15:47:34.7288271Z ok 132 - a provider cannot quote only the color to conceal an unresolved source target or invent contextual attribution
2026-10-08T15:47:34.7288658Z   ---
2026-10-08T15:47:34.7288827Z   duration_ms: 0.527711
2026-10-08T15:47:34.7289011Z   type: 'test'
2026-10-08T15:47:34.7289178Z   ...
2026-10-08T15:47:34.7289697Z # Subtest: typed insertion fragments and shorter replacements retain authenticated request text; deletion-only text grants no new intent
2026-10-08T15:47:34.7290502Z ok 133 - typed insertion fragments and shorter replacements retain authenticated request text; deletion-only text grants no new intent
2026-10-08T15:47:34.7290942Z   ---
2026-10-08T15:47:34.7291107Z   duration_ms: 0.356458
2026-10-08T15:47:34.7291309Z   type: 'test'
2026-10-08T15:47:34.7291480Z   ...
2026-10-08T15:47:34.9866231Z # (node:1430) ExperimentalWarning: SQLite is an experimental feature and might change at any time
2026-10-08T15:47:34.9866828Z # (Use `node --trace-warnings ...` to show where the warning was created)
2026-10-08T15:47:35.6975981Z # Subtest: serial acceptance and deferred capture order survive SQLite restart without replay spending
2026-10-08T15:47:35.6977094Z ok 134 - serial acceptance and deferred capture order survive SQLite restart without replay spending
2026-10-08T15:47:35.6977700Z   ---
2026-10-08T15:47:35.6977969Z   duration_ms: 679.15735
2026-10-08T15:47:35.6978282Z   type: 'test'
2026-10-08T15:47:35.6978864Z   ...
2026-10-08T15:47:35.7114208Z # Subtest: a failed authority check does not poison capture order or spend the later caller allowance twice
2026-10-08T15:47:35.7115120Z ok 135 - a failed authority check does not poison capture order or spend the later caller allowance twice
2026-10-08T15:47:35.7115500Z   ---
2026-10-08T15:47:35.7115694Z   duration_ms: 47.50041
2026-10-08T15:47:35.7115895Z   type: 'test'
2026-10-08T15:47:35.7116072Z   ...
2026-10-08T15:47:36.0142019Z # Subtest: replaying the same invitation request keeps its link and does not send twice after provider acceptance
2026-10-08T15:47:36.0144102Z ok 136 - replaying the same invitation request keeps its link and does not send twice after provider acceptance
2026-10-08T15:47:36.0144916Z   ---
2026-10-08T15:47:36.0145436Z   duration_ms: 65.559212
2026-10-08T15:47:36.0145788Z   type: 'test'
2026-10-08T15:47:36.0146063Z   ...
2026-10-08T15:47:36.0146645Z # Subtest: additive invitation migration retains prior hashes and membership roles
2026-10-08T15:47:36.0147521Z ok 137 - additive invitation migration retains prior hashes and membership roles
2026-10-08T15:47:36.0148029Z   ---
2026-10-08T15:47:36.0148276Z   duration_ms: 0.49345
2026-10-08T15:47:36.0148553Z   type: 'test'
2026-10-08T15:47:36.0148821Z   ...
2026-10-08T15:47:36.7239059Z # Subtest: Linux browser cold starts execute JavaScript repeatedly and clean every descendant
2026-10-08T15:47:36.7239700Z ok 138 - Linux browser cold starts execute JavaScript repeatedly and clean every descendant
2026-10-08T15:47:36.7240051Z   ---
2026-10-08T15:47:36.7240238Z   duration_ms: 561.331879
2026-10-08T15:47:36.7240477Z   type: 'test'
2026-10-08T15:47:36.7240660Z   ...
2026-10-08T15:47:41.7275947Z # Subtest: Linux CPU accounting includes busy descendants in the same finite job budget
2026-10-08T15:47:41.7276559Z ok 139 - Linux CPU accounting includes busy descendants in the same finite job budget
2026-10-08T15:47:41.7276893Z   ---
2026-10-08T15:47:41.7277081Z   duration_ms: 5003.815077
2026-10-08T15:47:41.7277332Z   type: 'test'
2026-10-08T15:47:41.7277513Z   ...
2026-10-08T15:47:41.7716528Z # Subtest: Linux browser file-size ceiling rejects growth and cleans the bounded job
2026-10-08T15:47:41.7717144Z ok 140 - Linux browser file-size ceiling rejects growth and cleans the bounded job
2026-10-08T15:47:41.7717476Z   ---
2026-10-08T15:47:41.7717659Z   duration_ms: 44.174984
2026-10-08T15:47:41.7717875Z   type: 'test'
2026-10-08T15:47:41.7718052Z   ...
2026-10-08T15:47:41.8335696Z # Subtest: Linux browser file-descriptor ceiling rejects growth and cleans the bounded job
2026-10-08T15:47:41.8336597Z ok 141 - Linux browser file-descriptor ceiling rejects growth and cleans the bounded job
2026-10-08T15:47:41.8336951Z   ---
2026-10-08T15:47:41.8337142Z   duration_ms: 61.098434
2026-10-08T15:47:41.8337350Z   type: 'test'
2026-10-08T15:47:41.8337531Z   ...
2026-10-08T15:47:41.8757881Z # Subtest: Linux bootstrap drops authority and attaches a stopped trusted child before execution
2026-10-08T15:47:41.8758829Z ok 142 - Linux bootstrap drops authority and attaches a stopped trusted child before execution
2026-10-08T15:47:41.8759260Z   ---
2026-10-08T15:47:41.8759499Z   duration_ms: 42.870352
2026-10-08T15:47:41.8759755Z   type: 'test'
2026-10-08T15:47:41.8759982Z   ...
2026-10-08T15:47:41.9592148Z # Subtest: Linux PID ceiling denies fork growth and whole-group kill removes descendants
2026-10-08T15:47:41.9592750Z ok 143 - Linux PID ceiling denies fork growth and whole-group kill removes descendants
2026-10-08T15:47:41.9593101Z   ---
2026-10-08T15:47:41.9593298Z   duration_ms: 82.873725
2026-10-08T15:47:41.9593546Z   type: 'test'
2026-10-08T15:47:41.9593874Z   ...
2026-10-08T15:47:42.4840171Z # Subtest: real Linux browser physical-memory exhaustion kills its job while the application survives
2026-10-08T15:47:42.4841296Z ok 144 - real Linux browser physical-memory exhaustion kills its job while the application survives
2026-10-08T15:47:42.4841896Z   ---
2026-10-08T15:47:42.4842171Z   duration_ms: 526.142819
2026-10-08T15:47:42.4842952Z   type: 'test'
2026-10-08T15:47:42.4843262Z   ...
2026-10-08T15:47:42.4844056Z # Subtest: missing Linux delegation fails closed and removes the candidate profile
2026-10-08T15:47:42.4844896Z ok 145 - missing Linux delegation fails closed and removes the candidate profile
2026-10-08T15:47:42.4845411Z   ---
2026-10-08T15:47:42.4845686Z   duration_ms: 0.795387
2026-10-08T15:47:42.4845989Z   type: 'test'
2026-10-08T15:47:42.4846259Z   ...
2026-10-08T15:47:42.6908416Z # Subtest: drafts recover after a reload and remain scoped to the contributor and room
2026-10-08T15:47:42.6910031Z ok 146 - drafts recover after a reload and remain scoped to the contributor and room
2026-10-08T15:47:42.6911006Z   ---
2026-10-08T15:47:42.6911490Z   duration_ms: 15.235435
2026-10-08T15:47:42.6911958Z   type: 'test'
2026-10-08T15:47:42.6912388Z   ...
2026-10-08T15:47:42.7035122Z # Subtest: storage failure is visible and never claims a local save
2026-10-08T15:47:42.7037397Z ok 147 - storage failure is visible and never claims a local save
2026-10-08T15:47:42.7038034Z   ---
2026-10-08T15:47:42.7038319Z   duration_ms: 11.088599
2026-10-08T15:47:42.7038639Z   type: 'test'
2026-10-08T15:47:42.7038911Z   ...
2026-10-08T15:47:42.7039275Z # Subtest: corrupt cached updates do not mutate the live document
2026-10-08T15:47:42.7039677Z ok 148 - corrupt cached updates do not mutate the live document
2026-10-08T15:47:42.7039970Z   ---
2026-10-08T15:47:42.7040144Z   duration_ms: 0.748308
2026-10-08T15:47:42.7040335Z   type: 'test'
2026-10-08T15:47:42.7040515Z   ...
2026-10-08T15:47:42.7244153Z # Subtest: two tabs preserve both CRDT updates and teardown stops writes
2026-10-08T15:47:42.7244939Z ok 149 - two tabs preserve both CRDT updates and teardown stops writes
2026-10-08T15:47:42.7245392Z   ---
2026-10-08T15:47:42.7263089Z   duration_ms: 22.221235
2026-10-08T15:47:42.7263511Z   type: 'test'
2026-10-08T15:47:42.7263925Z   ...
2026-10-08T15:47:43.1321679Z # (node:1880) ExperimentalWarning: SQLite is an experimental feature and might change at any time
2026-10-08T15:47:43.1322309Z # (Use `node --trace-warnings ...` to show where the warning was created)
2026-10-08T15:47:43.1344200Z # Subtest: managed catalog is bounded, exact, and rejects forged builder IDs
2026-10-08T15:47:43.1346490Z ok 150 - managed catalog is bounded, exact, and rejects forged builder IDs
2026-10-08T15:47:43.1346974Z   ---
2026-10-08T15:47:43.1347154Z   duration_ms: 0.831832
2026-10-08T15:47:43.1347359Z   type: 'test'
2026-10-08T15:47:43.1347535Z   ...
2026-10-08T15:47:43.1349672Z # Subtest: qualification keeps a single successful fixture provisional
2026-10-08T15:47:43.1351274Z ok 151 - qualification keeps a single successful fixture provisional
2026-10-08T15:47:43.1351634Z   ---
2026-10-08T15:47:43.1351892Z   duration_ms: 0.453993
2026-10-08T15:47:43.1352195Z   type: 'test'
2026-10-08T15:47:43.1352465Z   ...
2026-10-08T15:47:43.1364232Z # Subtest: managed assignments remain historical and cannot dispatch
2026-10-08T15:47:43.1365360Z ok 152 - managed assignments remain historical and cannot dispatch
2026-10-08T15:47:43.1366266Z   ---
2026-10-08T15:47:43.1367019Z   duration_ms: 20.699256
2026-10-08T15:47:43.1367690Z   type: 'test'
2026-10-08T15:47:43.1368347Z   ...
2026-10-08T15:47:43.1369169Z # Subtest: temporary OpenRouter setup validates without generation and saves no secret
2026-10-08T15:47:43.1370289Z ok 153 - temporary OpenRouter setup validates without generation and saves no secret
2026-10-08T15:47:43.1370844Z   ---
2026-10-08T15:47:43.1371272Z   duration_ms: 50.699585
2026-10-08T15:47:43.1371786Z   type: 'test'
2026-10-08T15:47:43.1372074Z   ...
2026-10-08T15:47:43.1372532Z # Subtest: temporary key lease expires and is lost after restart
2026-10-08T15:47:43.1373113Z ok 154 - temporary key lease expires and is lost after restart
2026-10-08T15:47:43.1373407Z   ---
2026-10-08T15:47:43.1373588Z   duration_ms: 0.700127
2026-10-08T15:47:43.1373961Z   type: 'test'
2026-10-08T15:47:43.1374237Z   ...
2026-10-08T15:47:43.1375100Z # Subtest: explicit builder reaches the OpenRouter request; unauthorized editor cannot dispatch
2026-10-08T15:47:43.1375672Z ok 155 - explicit builder reaches the OpenRouter request; unauthorized editor cannot dispatch
2026-10-08T15:47:43.1376018Z   ---
2026-10-08T15:47:43.1376188Z   duration_ms: 58.323155
2026-10-08T15:47:43.1376381Z   type: 'test'
2026-10-08T15:47:43.1376542Z   ...
2026-10-08T15:47:43.1376921Z # Subtest: failed accepted work can be retried explicitly without reinterpreting the document
2026-10-08T15:47:43.1377457Z ok 156 - failed accepted work can be retried explicitly without reinterpreting the document
2026-10-08T15:47:43.1377941Z   ---
2026-10-08T15:47:43.1378116Z   duration_ms: 17.624268
2026-10-08T15:47:43.1378318Z   type: 'test'
2026-10-08T15:47:43.1378492Z   ...
2026-10-08T15:47:43.1378815Z # Subtest: physical provider usage survives room reload for token visibility
2026-10-08T15:47:43.1379270Z ok 157 - physical provider usage survives room reload for token visibility
2026-10-08T15:47:43.1379562Z   ---
2026-10-08T15:47:43.1379736Z   duration_ms: 18.930633
2026-10-08T15:47:43.1379931Z   type: 'test'
2026-10-08T15:47:43.1380096Z   ...
2026-10-08T15:47:43.3967187Z # (node:1900) ExperimentalWarning: SQLite is an experimental feature and might change at any time
2026-10-08T15:47:43.3967790Z # (Use `node --trace-warnings ...` to show where the warning was created)
2026-10-08T15:47:46.6080308Z # Subtest: Current outcome of Step 01 scenario: simultaneous-slow
2026-10-08T15:47:46.6081322Z ok 158 - Current outcome of Step 01 scenario: simultaneous-slow
2026-10-08T15:47:46.6081785Z   ---
2026-10-08T15:47:46.6082101Z   duration_ms: 3185.794209
2026-10-08T15:47:46.6082429Z   type: 'test'
2026-10-08T15:47:46.6082687Z   ...
2026-10-08T15:47:49.4671230Z # Subtest: Current outcome of Step 01 scenario: failed-interpreter
2026-10-08T15:47:49.4672001Z ok 159 - Current outcome of Step 01 scenario: failed-interpreter
2026-10-08T15:47:49.4672358Z   ---
2026-10-08T15:47:49.4672564Z   duration_ms: 2865.267582
2026-10-08T15:47:49.4672839Z   type: 'test'
2026-10-08T15:47:49.4673047Z   ...
2026-10-08T15:47:51.6251350Z # Subtest: Current outcome of Step 01 scenario: later-steering
2026-10-08T15:47:51.6251989Z ok 160 - Current outcome of Step 01 scenario: later-steering
2026-10-08T15:47:51.6252406Z   ---
2026-10-08T15:47:51.6252704Z   duration_ms: 2156.890243
2026-10-08T15:47:51.6253028Z   type: 'test'
2026-10-08T15:47:51.6253310Z   ...
2026-10-08T15:47:57.0058480Z # Subtest: Current outcome of Step 01 scenario: continuous-arrivals
2026-10-08T15:47:57.0060198Z ok 161 - Current outcome of Step 01 scenario: continuous-arrivals
2026-10-08T15:47:57.0060935Z   ---
2026-10-08T15:47:57.0061232Z   duration_ms: 5377.274637
2026-10-08T15:47:57.0061556Z   type: 'test'
2026-10-08T15:47:57.0061822Z   ...
2026-10-08T15:47:57.0686332Z # Subtest: Current outcome of Step 01 scenario: ambiguous-reference
2026-10-08T15:47:57.0686945Z ok 162 - Current outcome of Step 01 scenario: ambiguous-reference
2026-10-08T15:47:57.0687362Z   ---
2026-10-08T15:47:57.0687638Z   duration_ms: 63.799794
2026-10-08T15:47:57.0687869Z   type: 'test'
2026-10-08T15:47:57.0688045Z   ...
2026-10-08T15:47:57.1431940Z # Subtest: Current outcome of Step 01 scenario: invented-passage
2026-10-08T15:47:57.1435657Z ok 163 - Current outcome of Step 01 scenario: invented-passage
2026-10-08T15:47:57.1436045Z   ---
2026-10-08T15:47:57.1436233Z   duration_ms: 67.96363
2026-10-08T15:47:57.1436468Z   type: 'test'
2026-10-08T15:47:57.1436731Z   ...
2026-10-08T15:48:00.2616922Z # Subtest: Current outcome of Step 01 scenario: incorrect-product
2026-10-08T15:48:00.2627519Z ok 164 - Current outcome of Step 01 scenario: incorrect-product
2026-10-08T15:48:00.2628043Z   ---
2026-10-08T15:48:00.2628242Z   duration_ms: 3117.587112
2026-10-08T15:48:00.2628525Z   type: 'test'
2026-10-08T15:48:00.2628822Z   ...
2026-10-08T15:48:00.3382479Z # Subtest: Current outcome of Step 01 scenario: snapshot-body-gap
2026-10-08T15:48:00.3392513Z ok 165 - Current outcome of Step 01 scenario: snapshot-body-gap
2026-10-08T15:48:00.3392910Z   ---
2026-10-08T15:48:00.3393371Z   duration_ms: 33.392988
2026-10-08T15:48:00.3393636Z   type: 'test'
2026-10-08T15:48:00.3394027Z   ...
2026-10-08T15:48:00.3652204Z # Subtest: Current outcome of Step 01 scenario: projection-growth
2026-10-08T15:48:00.3652942Z ok 166 - Current outcome of Step 01 scenario: projection-growth
2026-10-08T15:48:00.3653395Z   ---
2026-10-08T15:48:00.3653677Z   duration_ms: 41.822706
2026-10-08T15:48:00.3654135Z   type: 'test'
2026-10-08T15:48:00.3654392Z   ...
2026-10-08T15:48:00.3654866Z # Subtest: Current outcome of Step 01 scenario: isolation-policy
2026-10-08T15:48:00.3657193Z ok 167 - Current outcome of Step 01 scenario: isolation-policy
2026-10-08T15:48:00.3657758Z   ---
2026-10-08T15:48:00.3657947Z   duration_ms: 34.70408
2026-10-08T15:48:00.3658148Z   type: 'test'
2026-10-08T15:48:00.3658410Z   ...
2026-10-08T15:48:00.3658701Z # Subtest: Current outcome of Step 01 scenario: restart-budget
2026-10-08T15:48:00.3659091Z ok 168 - Current outcome of Step 01 scenario: restart-budget
2026-10-08T15:48:00.3659377Z   ---
2026-10-08T15:48:00.3659556Z   duration_ms: 25.927547
2026-10-08T15:48:00.3659760Z   type: 'test'
2026-10-08T15:48:00.3659934Z   ...
2026-10-08T15:48:00.7238187Z # Invitation email rejected by provider { invitationId: 'i3', status: 422 }
2026-10-08T15:48:00.7242287Z # Invitation email response lacked an acceptance ID { invitationId: 'i4' }
2026-10-08T15:48:00.7256771Z # (node:2179) ExperimentalWarning: SQLite is an experimental feature and might change at any time
2026-10-08T15:48:00.7257420Z # (Use `node --trace-warnings ...` to show where the warning was created)
2026-10-08T15:48:00.7288891Z # Subtest: project tickets are scoped and expire
2026-10-08T15:48:00.7290584Z ok 169 - project tickets are scoped and expire
2026-10-08T15:48:00.7291000Z   ---
2026-10-08T15:48:00.7291264Z   duration_ms: 1.600039
2026-10-08T15:48:00.7291564Z   type: 'test'
2026-10-08T15:48:00.7291932Z   ...
2026-10-08T15:48:00.7292669Z # Subtest: hosted Supabase mode fails closed when the server secret is absent
2026-10-08T15:48:00.7293981Z ok 170 - hosted Supabase mode fails closed when the server secret is absent
2026-10-08T15:48:00.7294428Z   ---
2026-10-08T15:48:00.7294705Z   duration_ms: 0.34462
2026-10-08T15:48:00.7295105Z   type: 'test'
2026-10-08T15:48:00.7295373Z   ...
2026-10-08T15:48:00.7296122Z # Subtest: server Supabase configuration rejects mismatched credentials and JWKS
2026-10-08T15:48:00.7297230Z ok 171 - server Supabase configuration rejects mismatched credentials and JWKS
2026-10-08T15:48:00.7299730Z   ---
2026-10-08T15:48:00.7300099Z   duration_ms: 0.271683
2026-10-08T15:48:00.7300975Z   type: 'test'
2026-10-08T15:48:00.7301234Z   ...
2026-10-08T15:48:00.7301752Z # Subtest: public auth configuration is explicit and derives the Worker callback
2026-10-08T15:48:00.7303644Z ok 172 - public auth configuration is explicit and derives the Worker callback
2026-10-08T15:48:00.7312492Z   ---
2026-10-08T15:48:00.7313218Z   duration_ms: 0.908986
2026-10-08T15:48:00.7313880Z   type: 'test'
2026-10-08T15:48:00.7315174Z   ...
2026-10-08T15:48:00.7316839Z # Subtest: Wrangler uses matching server and Vite build-time Supabase configuration
2026-10-08T15:48:00.7321720Z ok 173 - Wrangler uses matching server and Vite build-time Supabase configuration
2026-10-08T15:48:00.7323915Z   ---
2026-10-08T15:48:00.7325939Z   duration_ms: 0.244903
2026-10-08T15:48:00.7326615Z   type: 'test'
2026-10-08T15:48:00.7327037Z   ...
2026-10-08T15:48:00.7327680Z # Subtest: Google callback exchanges once, reports errors, and restores only local destinations
2026-10-08T15:48:00.7328613Z ok 174 - Google callback exchanges once, reports errors, and restores only local destinations
2026-10-08T15:48:00.7329177Z   ---
2026-10-08T15:48:00.7329452Z   duration_ms: 0.430577
2026-10-08T15:48:00.7329751Z   type: 'test'
2026-10-08T15:48:00.7330013Z   ...
2026-10-08T15:48:00.7330681Z # Subtest: Supabase bytea persistence preserves Yjs bytes and recovers the legacy Buffer JSON defect
2026-10-08T15:48:00.7331622Z ok 175 - Supabase bytea persistence preserves Yjs bytes and recovers the legacy Buffer JSON defect
2026-10-08T15:48:00.7332213Z   ---
2026-10-08T15:48:00.7332500Z   duration_ms: 4.650427
2026-10-08T15:48:00.7332803Z   type: 'test'
2026-10-08T15:48:00.7333069Z   ...
2026-10-08T15:48:00.7333636Z # Subtest: auth source preserves Google and adds password, confirmation, and recovery flows
2026-10-08T15:48:00.7334577Z ok 176 - auth source preserves Google and adds password, confirmation, and recovery flows
2026-10-08T15:48:00.7335136Z   ---
2026-10-08T15:48:00.7335408Z   duration_ms: 0.494833
2026-10-08T15:48:00.7335748Z   type: 'test'
2026-10-08T15:48:00.7336262Z   ...
2026-10-08T15:48:00.7336745Z # Subtest: project names and invitation emails use canonical validation
2026-10-08T15:48:00.7337441Z ok 177 - project names and invitation emails use canonical validation
2026-10-08T15:48:00.7337908Z   ---
2026-10-08T15:48:00.7338159Z   duration_ms: 0.400703
2026-10-08T15:48:00.7338473Z   type: 'test'
2026-10-08T15:48:00.7338739Z   ...
2026-10-08T15:48:00.7339376Z # Subtest: transactional invitation email is truthful and idempotent at the provider boundary
2026-10-08T15:48:00.7340342Z ok 178 - transactional invitation email is truthful and idempotent at the provider boundary
2026-10-08T15:48:00.7340892Z   ---
2026-10-08T15:48:00.7341157Z   duration_ms: 16.684567
2026-10-08T15:48:00.7341466Z   type: 'test'
2026-10-08T15:48:00.7341714Z   ...
2026-10-08T15:48:00.7342266Z # Subtest: email invitation migration binds recipients and enforces sharing permissions
2026-10-08T15:48:00.7343134Z ok 179 - email invitation migration binds recipients and enforces sharing permissions
2026-10-08T15:48:00.7343666Z   ---
2026-10-08T15:48:00.7344080Z   duration_ms: 0.333955
2026-10-08T15:48:00.7344376Z   type: 'test'
2026-10-08T15:48:00.7344645Z   ...
2026-10-08T15:48:00.7345047Z # Subtest: invite tokens are hashed before persistence
2026-10-08T15:48:00.7345590Z ok 180 - invite tokens are hashed before persistence
2026-10-08T15:48:00.7345982Z   ---
2026-10-08T15:48:00.7346249Z   duration_ms: 0.136191
2026-10-08T15:48:00.7346547Z   type: 'test'
2026-10-08T15:48:00.7346816Z   ...
2026-10-08T15:48:00.7347374Z # Subtest: migration enables RLS and keeps authoritative runtime writes server-only
2026-10-08T15:48:00.7348214Z ok 181 - migration enables RLS and keeps authoritative runtime writes server-only
2026-10-08T15:48:00.7348734Z   ---
2026-10-08T15:48:00.7348995Z   duration_ms: 0.256549
2026-10-08T15:48:00.7349288Z   type: 'test'
2026-10-08T15:48:00.7349546Z   ...
2026-10-08T15:48:00.9854369Z # Subtest: delayed save acknowledgements cannot label newer pending edits saved and stale room states are ignored
2026-10-08T15:48:00.9867649Z ok 182 - delayed save acknowledgements cannot label newer pending edits saved and stale room states are ignored
2026-10-08T15:48:00.9868350Z   ---
2026-10-08T15:48:00.9868665Z   duration_ms: 6.417603
2026-10-08T15:48:00.9868996Z   type: 'test'
2026-10-08T15:48:00.9869277Z   ...
2026-10-08T15:48:00.9869796Z # Subtest: retry delay is capped exponential backoff with bounded jitter
2026-10-08T15:48:00.9870536Z ok 183 - retry delay is capped exponential backoff with bounded jitter
2026-10-08T15:48:00.9871003Z   ---
2026-10-08T15:48:00.9871289Z   duration_ms: 0.138915
2026-10-08T15:48:00.9871628Z   type: 'test'
2026-10-08T15:48:00.9871892Z   ...
2026-10-08T15:48:00.9872421Z # Subtest: a receipt predating a deletion cannot mark the deleted draft saved
2026-10-08T15:48:00.9873173Z ok 184 - a receipt predating a deletion cannot mark the deleted draft saved
2026-10-08T15:48:00.9873671Z   ---
2026-10-08T15:48:00.9874121Z   duration_ms: 2.30291
2026-10-08T15:48:00.9874434Z   type: 'test'
2026-10-08T15:48:00.9874707Z   ...
2026-10-08T15:48:00.9875237Z # Subtest: invalid sessions become actionable terminal errors without retrying
2026-10-08T15:48:00.9875977Z ok 185 - invalid sessions become actionable terminal errors without retrying
2026-10-08T15:48:00.9876469Z   ---
2026-10-08T15:48:00.9876730Z   duration_ms: 17.282772
2026-10-08T15:48:00.9877031Z   type: 'test'
2026-10-08T15:48:00.9877662Z   ...
2026-10-08T15:48:00.9946183Z # Subtest: transient failures use one timer, stop after the cap, and never duplicate sockets
2026-10-08T15:48:00.9947501Z ok 186 - transient failures use one timer, stop after the cap, and never duplicate sockets
2026-10-08T15:48:00.9948383Z   ---
2026-10-08T15:48:00.9948672Z   duration_ms: 6.168624
2026-10-08T15:48:00.9949150Z   type: 'test'
2026-10-08T15:48:00.9949419Z   ...
2026-10-08T15:48:00.9968577Z # Subtest: an edit made while disconnected is offered to the server after reconnect state-vector sync
2026-10-08T15:48:00.9971270Z ok 187 - an edit made while disconnected is offered to the server after reconnect state-vector sync
2026-10-08T15:48:00.9971885Z   ---
2026-10-08T15:48:00.9972157Z   duration_ms: 3.772796
2026-10-08T15:48:00.9972494Z   type: 'test'
2026-10-08T15:48:00.9972758Z   ...
2026-10-08T15:48:01.0052989Z # Subtest: a new connection can recover a lower authoritative cursor after uncommitted server events disappear
2026-10-08T15:48:01.0076092Z ok 188 - a new connection can recover a lower authoritative cursor after uncommitted server events disappear
2026-10-08T15:48:01.0076790Z   ---
2026-10-08T15:48:01.0077072Z   duration_ms: 4.521615
2026-10-08T15:48:01.0077381Z   type: 'test'
2026-10-08T15:48:01.0077649Z   ...
2026-10-08T15:48:01.0078256Z # Subtest: disconnect rejects an in-flight flush and destroy removes document listeners
2026-10-08T15:48:01.0079371Z ok 189 - disconnect rejects an in-flight flush and destroy removes document listeners
2026-10-08T15:48:01.0080103Z   ---
2026-10-08T15:48:01.0080551Z   duration_ms: 1.240226
2026-10-08T15:48:01.0081060Z   type: 'test'
2026-10-08T15:48:01.0081550Z   ...
2026-10-08T15:48:01.0082450Z # Subtest: burst edits share one transport update and explicit flush drains before acknowledgement
2026-10-08T15:48:01.0083644Z ok 190 - burst edits share one transport update and explicit flush drains before acknowledgement
2026-10-08T15:48:01.0084578Z   ---
2026-10-08T15:48:01.0085025Z   duration_ms: 1.399312
2026-10-08T15:48:01.0085525Z   type: 'test'
2026-10-08T15:48:01.0085982Z   ...
2026-10-08T15:48:01.0091709Z # Subtest: owner unavailability honors bounded retry hints, retains edits, and ends without inference
2026-10-08T15:48:01.0093217Z ok 191 - owner unavailability honors bounded retry hints, retains edits, and ends without inference
2026-10-08T15:48:01.0094247Z   ---
2026-10-08T15:48:01.0094707Z   duration_ms: 5.150006
2026-10-08T15:48:01.0095203Z   type: 'test'
2026-10-08T15:48:01.0095657Z   ...
2026-10-08T15:48:01.2275864Z # Subtest: all provider adapters discover and generate through their native shapes
2026-10-08T15:48:01.2280971Z ok 192 - all provider adapters discover and generate through their native shapes
2026-10-08T15:48:01.2285692Z   ---
2026-10-08T15:48:01.2286164Z   duration_ms: 59.634036
2026-10-08T15:48:01.2304601Z   type: 'test'
2026-10-08T15:48:01.2305135Z   ...
2026-10-08T15:48:01.2715270Z # Subtest: classified failures, validation, truncation, retry and cancellation are explicit
2026-10-08T15:48:01.2716507Z ok 193 - classified failures, validation, truncation, retry and cancellation are explicit
2026-10-08T15:48:01.2717176Z   ---
2026-10-08T15:48:01.2717470Z   duration_ms: 46.4414
2026-10-08T15:48:01.2717795Z   type: 'test'
2026-10-08T15:48:01.2718075Z   ...
2026-10-08T15:48:01.2807858Z # Subtest: structured truncation uses one budgeted compact retry and preserves both usage records
2026-10-08T15:48:01.2809128Z ok 194 - structured truncation uses one budgeted compact retry and preserves both usage records
2026-10-08T15:48:01.2809862Z   ---
2026-10-08T15:48:01.2810319Z   duration_ms: 8.406518
2026-10-08T15:48:01.2810779Z   type: 'test'
2026-10-08T15:48:01.2811182Z   ...
2026-10-08T15:48:01.2811799Z # Subtest: adapter metadata does not require fake Ollama credentials
2026-10-08T15:48:01.2812643Z ok 195 - adapter metadata does not require fake Ollama credentials
2026-10-08T15:48:01.2813230Z   ---
2026-10-08T15:48:01.2813623Z   duration_ms: 0.173237
2026-10-08T15:48:01.2814275Z   type: 'test'
2026-10-08T15:48:01.2814994Z   ...
2026-10-08T15:48:01.2840575Z # Subtest: nested OpenRouter provider errors expose the actionable upstream message
2026-10-08T15:48:01.2842018Z ok 196 - nested OpenRouter provider errors expose the actionable upstream message
2026-10-08T15:48:01.2842701Z   ---
2026-10-08T15:48:01.2843112Z   duration_ms: 4.740054
2026-10-08T15:48:01.2843586Z   type: 'test'
2026-10-08T15:48:01.2844121Z   ...
2026-10-08T15:48:01.2867017Z # Subtest: provider usage normalizes cached and included reasoning tokens without double counting
2026-10-08T15:48:01.2868136Z ok 197 - provider usage normalizes cached and included reasoning tokens without double counting
2026-10-08T15:48:01.2869200Z   ---
2026-10-08T15:48:01.2869599Z   duration_ms: 2.651256
2026-10-08T15:48:01.2870043Z   type: 'test'
2026-10-08T15:48:01.2870439Z   ...
2026-10-08T15:48:01.2895472Z # Subtest: structured parsing locally repairs raw string newlines and trailing commas
2026-10-08T15:48:01.2897065Z ok 198 - structured parsing locally repairs raw string newlines and trailing commas
2026-10-08T15:48:01.2897721Z   ---
2026-10-08T15:48:01.2898106Z   duration_ms: 2.621642
2026-10-08T15:48:01.2898541Z   type: 'test'
2026-10-08T15:48:01.2898927Z   ...
2026-10-08T15:48:01.2989514Z # Subtest: an incomplete JSON envelope is treated as truncation and gets the bounded compact retry
2026-10-08T15:48:01.2991446Z ok 199 - an incomplete JSON envelope is treated as truncation and gets the bounded compact retry
2026-10-08T15:48:01.2992203Z   ---
2026-10-08T15:48:01.2992695Z   duration_ms: 7.00267
2026-10-08T15:48:01.2993177Z   type: 'test'
2026-10-08T15:48:01.2993609Z   ...
2026-10-08T15:48:01.3062005Z # Subtest: physical request ledger records transport and structured repair calls separately
2026-10-08T15:48:01.3063172Z ok 200 - physical request ledger records transport and structured repair calls separately
2026-10-08T15:48:01.3064066Z   ---
2026-10-08T15:48:01.3064263Z   duration_ms: 9.899909
2026-10-08T15:48:01.3064494Z   type: 'test'
2026-10-08T15:48:01.3064670Z   ...
2026-10-08T15:48:01.8229847Z # (node:2239) ExperimentalWarning: SQLite is an experimental feature and might change at any time
2026-10-08T15:48:01.8230981Z # (Use `node --trace-warnings ...` to show where the warning was created)
2026-10-08T15:48:12.6973920Z # Subtest: required behavior failure retains the verified product, records actionable evidence and needs explicit retry
2026-10-08T15:48:12.6975170Z ok 201 - required behavior failure retains the verified product, records actionable evidence and needs explicit retry
2026-10-08T15:48:12.6994641Z   ---
2026-10-08T15:48:12.6995202Z   duration_ms: 10852.864956
2026-10-08T15:48:12.6995683Z   type: 'test'
2026-10-08T15:48:12.6996063Z   ...
2026-10-08T15:48:15.8226162Z # Subtest: unavailable verification browser fails before builder spending and never reuses legacy covered evidence
2026-10-08T15:48:15.8227439Z ok 202 - unavailable verification browser fails before builder spending and never reuses legacy covered evidence
2026-10-08T15:48:15.8227957Z   ---
2026-10-08T15:48:15.8228176Z   duration_ms: 3132.91679
2026-10-08T15:48:15.8228388Z   type: 'test'
2026-10-08T15:48:15.8228566Z   ...
2026-10-08T15:48:15.8229006Z # Subtest: CRDT attribution retains exact repeated-prefix insertions and excludes untouched teammates text
2026-10-08T15:48:15.8230552Z ok 203 - CRDT attribution retains exact repeated-prefix insertions and excludes untouched teammates text
2026-10-08T15:48:15.8231353Z   ---
2026-10-08T15:48:15.8231805Z   duration_ms: 2.654671
2026-10-08T15:48:15.8232248Z   type: 'test'
2026-10-08T15:48:15.8232639Z   ...
2026-10-08T15:48:15.8362880Z # Subtest: physical recovery calls and spending reservations cannot exceed their shared frozen bounds
2026-10-08T15:48:15.8363861Z ok 204 - physical recovery calls and spending reservations cannot exceed their shared frozen bounds
2026-10-08T15:48:15.8364332Z   ---
2026-10-08T15:48:15.8364511Z   duration_ms: 25.642821
2026-10-08T15:48:15.8364716Z   type: 'test'
2026-10-08T15:48:15.8364890Z   ...
2026-10-08T15:48:15.8487171Z # Subtest: output exhaustion becomes coherent smaller tasks, checkpoints before continuing, and never applies truncated JSON
2026-10-08T15:48:15.8487988Z ok 205 - output exhaustion becomes coherent smaller tasks, checkpoints before continuing, and never applies truncated JSON
2026-10-08T15:48:15.8488425Z   ---
2026-10-08T15:48:15.8488609Z   duration_ms: 12.688639
2026-10-08T15:48:15.8488819Z   type: 'test'
2026-10-08T15:48:15.8488995Z   ...
2026-10-08T15:48:15.8757030Z # Subtest: a second output exhaustion stops a smaller task with actionable checkpoint evidence
2026-10-08T15:48:15.8758279Z ok 206 - a second output exhaustion stops a smaller task with actionable checkpoint evidence
2026-10-08T15:48:15.8759242Z   ---
2026-10-08T15:48:15.8759568Z   duration_ms: 5.755653
2026-10-08T15:48:15.8759895Z   type: 'test'
2026-10-08T15:48:15.8760171Z   ...
2026-10-08T15:48:15.8760608Z # Subtest: coordinator leases serialize owners and fence expired workers after takeover
2026-10-08T15:48:15.8761163Z ok 207 - coordinator leases serialize owners and fence expired workers after takeover
2026-10-08T15:48:15.8761526Z   ---
2026-10-08T15:48:15.8761701Z   duration_ms: 9.849495
2026-10-08T15:48:15.8761899Z   type: 'test'
2026-10-08T15:48:15.8762068Z   ...
2026-10-08T15:48:15.8762444Z # Subtest: remote coordinator renewal cannot silently reacquire ownership for an old worker
2026-10-08T15:48:15.8762984Z ok 208 - remote coordinator renewal cannot silently reacquire ownership for an old worker
2026-10-08T15:48:15.8770411Z   ---
2026-10-08T15:48:15.8770630Z   duration_ms: 1.23597
2026-10-08T15:48:15.8770854Z   type: 'test'
2026-10-08T15:48:15.8771035Z   ...
2026-10-08T15:48:15.9503505Z # Subtest: remote saves commit in revision order and acknowledge the actual snapshot
2026-10-08T15:48:15.9504292Z ok 209 - remote saves commit in revision order and acknowledge the actual snapshot
2026-10-08T15:48:15.9504621Z   ---
2026-10-08T15:48:15.9504809Z   duration_ms: 74.151351
2026-10-08T15:48:15.9505013Z   type: 'test'
2026-10-08T15:48:15.9505214Z   ...
2026-10-08T15:48:15.9756670Z # Subtest: failed cloud snapshots reject flushes and interrupted captured edits return to their author
2026-10-08T15:48:15.9757350Z ok 210 - failed cloud snapshots reject flushes and interrupted captured edits return to their author
2026-10-08T15:48:15.9757736Z   ---
2026-10-08T15:48:15.9757928Z   duration_ms: 33.955783
2026-10-08T15:48:15.9758135Z   type: 'test'
2026-10-08T15:48:15.9758313Z   ...
2026-10-08T15:48:15.9781648Z # Subtest: context overflow is distinct from output exhaustion and does not trigger paid recovery calls
2026-10-08T15:48:15.9782634Z ok 211 - context overflow is distinct from output exhaustion and does not trigger paid recovery calls
2026-10-08T15:48:15.9783242Z   ---
2026-10-08T15:48:15.9783670Z   duration_ms: 3.779757
2026-10-08T15:48:15.9784115Z   type: 'test'
2026-10-08T15:48:15.9784394Z   ...
2026-10-08T15:48:16.0015549Z # Subtest: interpretation submits every captured source without silently clipping old edits or long text
2026-10-08T15:48:16.0016687Z ok 212 - interpretation submits every captured source without silently clipping old edits or long text
2026-10-08T15:48:16.0017197Z   ---
2026-10-08T15:48:16.0017494Z   duration_ms: 3.983008
2026-10-08T15:48:16.0017873Z   type: 'test'
2026-10-08T15:48:16.0018204Z   ...
2026-10-08T15:48:16.0318887Z # Subtest: failed cloud acceptance restores the accepted baseline and the captured participant draft
2026-10-08T15:48:16.0320231Z ok 213 - failed cloud acceptance restores the accepted baseline and the captured participant draft
2026-10-08T15:48:16.0321134Z   ---
2026-10-08T15:48:16.0321668Z   duration_ms: 31.339157
2026-10-08T15:48:16.0321919Z   type: 'test'
2026-10-08T15:48:16.0322116Z   ...
2026-10-08T15:48:18.1866599Z # Subtest: an exhausted recovery leaves the previously promoted and compiled artifact available
2026-10-08T15:48:18.1867598Z ok 214 - an exhausted recovery leaves the previously promoted and compiled artifact available
2026-10-08T15:48:18.1868172Z   ---
2026-10-08T15:48:18.1868808Z   duration_ms: 2146.499402
2026-10-08T15:48:18.1869039Z   type: 'test'
2026-10-08T15:48:18.1869215Z   ...
2026-10-08T15:48:23.4781340Z # Subtest: independent participants submit in durable capture order, retain later build inputs and saved drafts on reload
2026-10-08T15:48:23.4782282Z ok 215 - independent participants submit in durable capture order, retain later build inputs and saved drafts on reload
2026-10-08T15:48:23.4782764Z   ---
2026-10-08T15:48:23.4782961Z   duration_ms: 5299.250248
2026-10-08T15:48:23.4783229Z   type: 'test'
2026-10-08T15:48:23.4783442Z   ...
2026-10-08T15:48:25.2328111Z # Subtest: ownership loss after compilation blocks promotion; command replay adds no physical call
2026-10-08T15:48:25.2328817Z ok 216 - ownership loss after compilation blocks promotion; command replay adds no physical call
2026-10-08T15:48:25.2329187Z   ---
2026-10-08T15:48:25.2329381Z   duration_ms: 1732.797828
2026-10-08T15:48:25.2329595Z   type: 'test'
2026-10-08T15:48:25.2329773Z   ...
2026-10-08T15:48:27.2059399Z # Subtest: unavailable isolation retains the promoted artifact and stops before builder dispatch or repairs
2026-10-08T15:48:27.2060112Z ok 217 - unavailable isolation retains the promoted artifact and stops before builder dispatch or repairs
2026-10-08T15:48:27.2060514Z   ---
2026-10-08T15:48:27.2060700Z   duration_ms: 2014.308797
2026-10-08T15:48:27.2060903Z   type: 'test'
2026-10-08T15:48:27.2061115Z   ...
2026-10-08T15:48:27.3714359Z # Subtest: shared requirements keep a stable identity across collaborators and canvas locations
2026-10-08T15:48:27.3715397Z ok 218 - shared requirements keep a stable identity across collaborators and canvas locations
2026-10-08T15:48:27.3716037Z   ---
2026-10-08T15:48:27.3716337Z   duration_ms: 4.393216
2026-10-08T15:48:27.3716657Z   type: 'test'
2026-10-08T15:48:27.3716909Z   ...
2026-10-08T15:48:27.3717434Z # Subtest: a proposal remains visible but is excluded from builder input
2026-10-08T15:48:27.3718096Z ok 219 - a proposal remains visible but is excluded from builder input
2026-10-08T15:48:27.3718576Z   ---
2026-10-08T15:48:27.3718844Z   duration_ms: 0.385912
2026-10-08T15:48:27.3719143Z   type: 'test'
2026-10-08T15:48:27.3719312Z   ...
2026-10-08T15:48:27.3719786Z # Subtest: opposed accepted requirements create one focused consequential conflict
2026-10-08T15:48:27.3724141Z ok 220 - opposed accepted requirements create one focused consequential conflict
2026-10-08T15:48:27.3724698Z   ---
2026-10-08T15:48:27.3724977Z   duration_ms: 6.696426
2026-10-08T15:48:27.3725270Z   type: 'test'
2026-10-08T15:48:27.3725535Z   ...
2026-10-08T15:48:27.3732085Z # Subtest: same-subject colors form one durable multi-option group
2026-10-08T15:48:27.3735902Z ok 221 - same-subject colors form one durable multi-option group
2026-10-08T15:48:27.3738978Z   ---
2026-10-08T15:48:27.3739482Z   duration_ms: 0.720157
2026-10-08T15:48:27.3741604Z   type: 'test'
2026-10-08T15:48:27.3742554Z   ...
2026-10-08T15:48:27.3743654Z # Subtest: different subjects and conditional scopes remain compatible
2026-10-08T15:48:27.3745257Z ok 222 - different subjects and conditional scopes remain compatible
2026-10-08T15:48:27.3746299Z   ---
2026-10-08T15:48:27.3746712Z   duration_ms: 0.559829
2026-10-08T15:48:27.3747220Z   type: 'test'
2026-10-08T15:48:27.3747509Z   ...
2026-10-08T15:48:27.3747907Z # Subtest: proposals never enter accepted conflict groups
2026-10-08T15:48:27.3748383Z ok 223 - proposals never enter accepted conflict groups
2026-10-08T15:48:27.3748762Z   ---
2026-10-08T15:48:27.3749055Z   duration_ms: 0.217011
2026-10-08T15:48:27.3749362Z   type: 'test'
2026-10-08T15:48:27.3749647Z   ...
2026-10-08T15:48:27.3750174Z # Subtest: explicit selections stay pending, then resolve or disagree without model voting
2026-10-08T15:48:27.3750835Z ok 224 - explicit selections stay pending, then resolve or disagree without model voting
2026-10-08T15:48:27.3751287Z   ---
2026-10-08T15:48:27.3751560Z   duration_ms: 0.873854
2026-10-08T15:48:27.3751859Z   type: 'test'
2026-10-08T15:48:27.3752138Z   ...
2026-10-08T15:48:27.3752931Z # Subtest: legacy pairwise contradictions migrate without losing identity or affected contributors
2026-10-08T15:48:27.3753646Z ok 225 - legacy pairwise contradictions migrate without losing identity or affected contributors
2026-10-08T15:48:27.3754571Z   ---
2026-10-08T15:48:27.3754842Z   duration_ms: 0.429706
2026-10-08T15:48:27.3755164Z   type: 'test'
2026-10-08T15:48:27.3755432Z   ...
2026-10-08T15:48:27.3755858Z # Subtest: selection submissions are authorized, revision-safe, and idempotent
2026-10-08T15:48:27.3756338Z ok 226 - selection submissions are authorized, revision-safe, and idempotent
2026-10-08T15:48:27.3756851Z   ---
2026-10-08T15:48:27.3757022Z   duration_ms: 0.71596
2026-10-08T15:48:27.3757224Z   type: 'test'
2026-10-08T15:48:27.3757396Z   ...
2026-10-08T15:48:27.3757865Z # Subtest: unresolved alternatives are excluded while independent accepted work remains eligible
2026-10-08T15:48:27.3758573Z ok 227 - unresolved alternatives are excluded while independent accepted work remains eligible
2026-10-08T15:48:27.3759083Z   ---
2026-10-08T15:48:27.3759250Z   duration_ms: 0.688319
2026-10-08T15:48:27.3759437Z   type: 'test'
2026-10-08T15:48:27.3759687Z   ...
2026-10-08T15:48:27.3760089Z # Subtest: explicit withdrawal removes only that collaborator source and preserves supported intent
2026-10-08T15:48:27.3760758Z ok 228 - explicit withdrawal removes only that collaborator source and preserves supported intent
2026-10-08T15:48:27.3761118Z   ---
2026-10-08T15:48:27.3761373Z   duration_ms: 0.359302
2026-10-08T15:48:27.3761568Z   type: 'test'
2026-10-08T15:48:27.3761748Z   ...
2026-10-08T15:48:28.1646530Z # (node:2778) ExperimentalWarning: SQLite is an experimental feature and might change at any time
2026-10-08T15:48:28.1647127Z # (Use `node --trace-warnings ...` to show where the warning was created)
2026-10-08T15:48:31.2045114Z # Subtest: server shutdown drains authenticated HTTP before closing durable state
2026-10-08T15:48:31.2046066Z ok 229 - server shutdown drains authenticated HTTP before closing durable state
2026-10-08T15:48:31.2046589Z   ---
2026-10-08T15:48:31.2046879Z   duration_ms: 3064.074796
2026-10-08T15:48:31.2047217Z   type: 'test'
2026-10-08T15:48:31.2047482Z   ...
2026-10-08T15:48:31.7069438Z # (node:2797) ExperimentalWarning: SQLite is an experimental feature and might change at any time
2026-10-08T15:48:31.7070050Z # (Use `node --trace-warnings ...` to show where the warning was created)
2026-10-08T15:48:31.7082310Z # Subtest: physical usage deduplicates dispatch/reconcile and keeps setup and unknown calls visible
2026-10-08T15:48:31.7085377Z ok 230 - physical usage deduplicates dispatch/reconcile and keeps setup and unknown calls visible
2026-10-08T15:48:31.7086006Z   ---
2026-10-08T15:48:31.7086287Z   duration_ms: 0.755819
2026-10-08T15:48:31.7086750Z   type: 'test'
2026-10-08T15:48:31.7087028Z   ...
2026-10-08T15:48:31.7090029Z # Subtest: SQLite accounting restores more than the recent 500 calls without double counting
2026-10-08T15:48:31.7090976Z ok 231 - SQLite accounting restores more than the recent 500 calls without double counting
2026-10-08T15:48:31.7091599Z   ---
2026-10-08T15:48:31.7091892Z   duration_ms: 339.801243
2026-10-08T15:48:31.7092213Z   type: 'test'
2026-10-08T15:48:31.7092493Z   ...
2026-10-08T15:48:31.7093167Z # Subtest: optional token fields remain optional and replay cannot replace a newer final usage record
2026-10-08T15:48:31.7094505Z ok 232 - optional token fields remain optional and replay cannot replace a newer final usage record
2026-10-08T15:48:31.7095121Z   ---
2026-10-08T15:48:31.7095316Z   duration_ms: 9.371006
2026-10-08T15:48:31.7095608Z   type: 'test'
2026-10-08T15:48:31.7095785Z   ...
2026-10-08T15:48:31.9641593Z # (node:2815) ExperimentalWarning: SQLite is an experimental feature and might change at any time
2026-10-08T15:48:31.9642247Z # (Use `node --trace-warnings ...` to show where the warning was created)
2026-10-08T15:48:32.0632096Z # Subtest: physical reservations retain uncertainty, settle once, and reject delayed intent or usage downgrade
2026-10-08T15:48:32.0633415Z ok 233 - physical reservations retain uncertainty, settle once, and reject delayed intent or usage downgrade
2026-10-08T15:48:32.0634249Z   ---
2026-10-08T15:48:32.0634544Z   duration_ms: 1.555734
2026-10-08T15:48:32.0634851Z   type: 'test'
2026-10-08T15:48:32.0635124Z   ...
2026-10-08T15:48:32.0635671Z # Subtest: ledger repairs a stale snapshot without replenishment and legacy interrupted scope fails closed
2026-10-08T15:48:32.0636297Z ok 234 - ledger repairs a stale snapshot without replenishment and legacy interrupted scope fails closed
2026-10-08T15:48:32.0636879Z   ---
2026-10-08T15:48:32.0637052Z   duration_ms: 0.349468
2026-10-08T15:48:32.0637245Z   type: 'test'
2026-10-08T15:48:32.0637416Z   ...
2026-10-08T15:48:32.2324805Z # Subtest: concurrent interpretation and builder admission stops at 24, setup is separate, SQLite restart retains attempts
2026-10-08T15:48:32.2326084Z ok 235 - concurrent interpretation and builder admission stops at 24, setup is separate, SQLite restart retains attempts
2026-10-08T15:48:32.2326780Z   ---
2026-10-08T15:48:32.2327058Z   duration_ms: 253.52964
2026-10-08T15:48:32.2327358Z   type: 'test'
2026-10-08T15:48:32.2327627Z   ...
2026-10-08T15:48:32.2661582Z # Subtest: owner reset is idle, fenced and durable; replay/collision cannot reset again or dispatch inference
2026-10-08T15:48:32.2670517Z ok 236 - owner reset is idle, fenced and durable; replay/collision cannot reset again or dispatch inference
2026-10-08T15:48:32.2671130Z   ---
2026-10-08T15:48:32.2671327Z   duration_ms: 38.114155
2026-10-08T15:48:32.2671578Z   type: 'test'
2026-10-08T15:48:32.2671750Z   ...
2026-10-08T15:48:32.2907150Z # Subtest: remote reservation acknowledgement precedes HTTP; uncertain save fences further calls
2026-10-08T15:48:32.2908252Z ok 237 - remote reservation acknowledgement precedes HTTP; uncertain save fences further calls
2026-10-08T15:48:32.2908675Z   ---
2026-10-08T15:48:32.2908864Z   duration_ms: 23.32492
2026-10-08T15:48:32.2909064Z   type: 'test'
2026-10-08T15:48:32.2909263Z   ...
2026-10-08T15:48:32.3008792Z # Subtest: work starting during owner authorization cannot reset an active allowance
2026-10-08T15:48:32.3009409Z ok 238 - work starting during owner authorization cannot reset an active allowance
2026-10-08T15:48:32.3009799Z   ---
2026-10-08T15:48:32.3009987Z   duration_ms: 23.242477
2026-10-08T15:48:32.3010278Z   type: 'test'
2026-10-08T15:48:32.3010455Z   ...
2026-10-08T15:48:32.3148145Z 1..238
2026-10-08T15:48:32.3148592Z # tests 238
2026-10-08T15:48:32.3148840Z # suites 0
2026-10-08T15:48:32.3149103Z # pass 237
2026-10-08T15:48:32.3149356Z # fail 1
2026-10-08T15:48:32.3149573Z # cancelled 0
2026-10-08T15:48:32.3149759Z # skipped 0
2026-10-08T15:48:32.3149940Z # todo 0
2026-10-08T15:48:32.3150185Z # duration_ms 182571.955246
2026-10-08T15:48:32.4126593Z ##[error]Process completed with exit code 1.
2026-10-08T15:48:32.4181877Z ##[group]Run case "$COCREATE_CI_CGROUP_ROOT" in /sys/fs/cgroup/cocreate-ci-*) ;; *) exit 126 ;; esac
2026-10-08T15:48:32.4182423Z [36;1mcase "$COCREATE_CI_CGROUP_ROOT" in /sys/fs/cgroup/cocreate-ci-*) ;; *) exit 126 ;; esac[0m
2026-10-08T15:48:32.4182883Z [36;1msudo find "$COCREATE_CI_CGROUP_ROOT" -depth -type d -exec rmdir {} \;[0m
2026-10-08T15:48:32.4245328Z shell: /usr/bin/bash -e {0}
2026-10-08T15:48:32.4245555Z env:
2026-10-08T15:48:32.4245777Z   PNPM_HOME: /home/runner/setup-pnpm/node_modules/.bin
2026-10-08T15:48:32.4246108Z   COCREATE_CI_CGROUP_ROOT: /sys/fs/cgroup/cocreate-ci-37803013196-1
2026-10-08T15:48:32.4246401Z ##[endgroup]
2026-10-08T15:48:32.4512924Z Post job cleanup.
2026-10-08T15:48:32.5746128Z Pruning is unnecessary.
2026-10-08T15:48:32.5929123Z Post job cleanup.
2026-10-08T15:48:32.6691051Z [command]/usr/bin/git version
2026-10-08T15:48:32.6729375Z git version 2.55.0
2026-10-08T15:48:32.6760650Z Temporarily overriding HOME='/home/runner/work/_temp/8399adea-a87b-4623-a53b-50cd26169e87' before making global git config changes
2026-10-08T15:48:32.6762280Z Adding repository directory to the temporary git global config as a safe directory
2026-10-08T15:48:32.6765288Z [command]/usr/bin/git config --global --add safe.directory /home/runner/work/Cocreate/Cocreate
2026-10-08T15:48:32.6801547Z [command]/usr/bin/git config --local --name-only --get-regexp core\.sshCommand
2026-10-08T15:48:32.6834411Z [command]/usr/bin/git submodule foreach --recursive sh -c "git config --local --name-only --get-regexp 'core\.sshCommand' && git config --local --unset-all 'core.sshCommand' || :"
2026-10-08T15:48:32.7109655Z [command]/usr/bin/git config --local --name-only --get-regexp http\.https\:\/\/github\.com\/\.extraheader
2026-10-08T15:48:32.7137129Z http.https://github.com/.extraheader
2026-10-08T15:48:32.7154589Z [command]/usr/bin/git config --local --unset-all http.https://github.com/.extraheader
2026-10-08T15:48:32.7179671Z [command]/usr/bin/git submodule foreach --recursive sh -c "git config --local --name-only --get-regexp 'http\.https\:\/\/github\.com\/\.extraheader' && git config --local --unset-all 'http.https://github.com/.extraheader' || :"
2026-10-08T15:48:32.7426195Z [command]/usr/bin/git config --local --name-only --get-regexp ^includeIf\.gitdir:
2026-10-08T15:48:32.7461653Z [command]/usr/bin/git submodule foreach --recursive git config --local --show-origin --name-only --get-regexp remote.origin.url
2026-10-08T15:48:32.7821601Z Cleaning up orphan processes
2026-10-08T15:48:32.8145125Z ##[warning]Node.js 20 is deprecated. The following actions target Node.js 20 but are being forced to run on Node.js 24: actions/checkout@11d5960a326750d5838078e36cf38b85af677262, actions/setup-node@49933ea5288caeca8642d1e84afbd3f7d6820020, pnpm/action-setup@f40ffcd9367d9f12939873eb1018b921a783ffaa. For more information see: https://github.blog/changelog/2025-09-19-deprecation-of-node-20-on-github-actions-runners/
