2026-10-08T15:37:49.5256148Z Current runner version: '2.337.0'
2026-10-08T15:37:49.5280966Z ##[group]Runner Image Provisioner
2026-10-08T15:37:49.5281913Z Hosted Compute Agent
2026-10-08T15:37:49.5282634Z Version: 20261002.596
2026-10-08T15:37:49.5283325Z Commit: c3d12f3313a95f25162a1503be624f3b0617f8c0
2026-10-08T15:37:49.5284187Z Build Date: 2026-10-02T22:28:27Z
2026-10-08T15:37:49.5284934Z Worker ID: {b3be601c-d703-4e7f-8411-d52aa1b72808}
2026-10-08T15:37:49.5285667Z Region: westus2
2026-10-08T15:37:49.5286329Z Cloud: Azure
2026-10-08T15:37:49.5286912Z ##[endgroup]
2026-10-08T15:37:49.5288960Z ##[group]Operating System
2026-10-08T15:37:49.5289842Z Ubuntu
2026-10-08T15:37:49.5290456Z 22.04.5
2026-10-08T15:37:49.5291522Z LTS
2026-10-08T15:37:49.5292123Z ##[endgroup]
2026-10-08T15:37:49.5292754Z ##[group]Runner Image
2026-10-08T15:37:49.5293462Z Image: ubuntu-22.04
2026-10-08T15:37:49.5294087Z Version: 20261004.315.1
2026-10-08T15:37:49.5295574Z Included Software: https://github.com/actions/runner-images/blob/ubuntu22/20261004.315/images/ubuntu/Ubuntu2204-Readme.md
2026-10-08T15:37:49.5297186Z Image Release: https://github.com/actions/runner-images/releases/tag/ubuntu22%2F20261004.315
2026-10-08T15:37:49.5298555Z ##[endgroup]
2026-10-08T15:37:49.5299744Z ##[group]GITHUB_TOKEN Permissions
2026-10-08T15:37:49.5302016Z Contents: read
2026-10-08T15:37:49.5302747Z Metadata: read
2026-10-08T15:37:49.5303432Z ##[endgroup]
2026-10-08T15:37:49.5305557Z Secret source: Actions
2026-10-08T15:37:49.5306687Z Cache mode: write
2026-10-08T15:37:49.5307456Z Prepare workflow directory
2026-10-08T15:37:49.5646783Z Prepare all required actions
2026-10-08T15:37:49.5699115Z Getting action download info
2026-10-08T15:37:49.9026541Z Download action repository 'actions/checkout@11d5960a326750d5838078e36cf38b85af677262' (SHA:11d5960a326750d5838078e36cf38b85af677262)
2026-10-08T15:37:50.0099811Z Download action repository 'pnpm/action-setup@f40ffcd9367d9f12939873eb1018b921a783ffaa' (SHA:f40ffcd9367d9f12939873eb1018b921a783ffaa)
2026-10-08T15:37:50.2838775Z Download action repository 'actions/setup-node@49933ea5288caeca8642d1e84afbd3f7d6820020' (SHA:49933ea5288caeca8642d1e84afbd3f7d6820020)
2026-10-08T15:37:50.6039162Z Complete job name: verify
2026-10-08T15:37:50.7084564Z ##[group]Run actions/checkout@11d5960a326750d5838078e36cf38b85af677262
2026-10-08T15:37:50.7086317Z with:
2026-10-08T15:37:50.7087096Z   repository: DD7780/Cocreate
2026-10-08T15:37:50.7095578Z   token: ***
2026-10-08T15:37:50.7096364Z   ssh-strict: true
2026-10-08T15:37:50.7097158Z   ssh-user: git
2026-10-08T15:37:50.7098120Z   persist-credentials: true
2026-10-08T15:37:50.7099040Z   clean: true
2026-10-08T15:37:50.7099865Z   sparse-checkout-cone-mode: true
2026-10-08T15:37:50.7100846Z   fetch-depth: 1
2026-10-08T15:37:50.7101642Z   fetch-tags: false
2026-10-08T15:37:50.7102474Z   show-progress: true
2026-10-08T15:37:50.7103299Z   lfs: false
2026-10-08T15:37:50.7104065Z   submodules: false
2026-10-08T15:37:50.7104905Z   set-safe-directory: true
2026-10-08T15:37:50.7105864Z   allow-unsafe-pr-checkout: false
2026-10-08T15:37:50.7107164Z ##[endgroup]
2026-10-08T15:37:50.8184126Z Syncing repository: DD7780/Cocreate
2026-10-08T15:37:50.8187015Z ##[group]Getting Git version info
2026-10-08T15:37:50.8188859Z Working directory is '/home/runner/work/Cocreate/Cocreate'
2026-10-08T15:37:50.8190757Z [command]/usr/bin/git version
2026-10-08T15:37:50.8243048Z git version 2.55.0
2026-10-08T15:37:50.8270096Z ##[endgroup]
2026-10-08T15:37:50.8285428Z Temporarily overriding HOME='/home/runner/work/_temp/74c08a97-52fe-441f-8589-d8d3a3b7f755' before making global git config changes
2026-10-08T15:37:50.8290414Z Adding repository directory to the temporary git global config as a safe directory
2026-10-08T15:37:50.8294133Z [command]/usr/bin/git config --global --add safe.directory /home/runner/work/Cocreate/Cocreate
2026-10-08T15:37:50.8336555Z Deleting the contents of '/home/runner/work/Cocreate/Cocreate'
2026-10-08T15:37:50.8344894Z ##[group]Initializing the repository
2026-10-08T15:37:50.8349481Z [command]/usr/bin/git init /home/runner/work/Cocreate/Cocreate
2026-10-08T15:37:50.8463253Z hint: Using 'master' as the name for the initial branch. This default branch name
2026-10-08T15:37:50.8466692Z hint: will change to "main" in Git 3.0. To configure the initial branch name
2026-10-08T15:37:50.8470843Z hint: to use in all of your new repositories, which will suppress this warning,
2026-10-08T15:37:50.8473796Z hint: call:
2026-10-08T15:37:50.8475830Z hint:
2026-10-08T15:37:50.8478039Z hint: 	git config --global init.defaultBranch <name>
2026-10-08T15:37:50.8480387Z hint:
2026-10-08T15:37:50.8482600Z hint: Names commonly chosen instead of 'master' are 'main', 'trunk' and
2026-10-08T15:37:50.8485916Z hint: 'development'. The just-created branch can be renamed via this command:
2026-10-08T15:37:50.8488778Z hint:
2026-10-08T15:37:50.8490209Z hint: 	git branch -m <name>
2026-10-08T15:37:50.8491877Z hint:
2026-10-08T15:37:50.8494056Z hint: Disable this message with "git config set advice.defaultBranchName false"
2026-10-08T15:37:50.8497959Z Initialized empty Git repository in /home/runner/work/Cocreate/Cocreate/.git/
2026-10-08T15:37:50.8503623Z [command]/usr/bin/git remote add origin https://github.com/DD7780/Cocreate
2026-10-08T15:37:50.8557247Z ##[endgroup]
2026-10-08T15:37:50.8559897Z ##[group]Disabling automatic garbage collection
2026-10-08T15:37:50.8562139Z [command]/usr/bin/git config --local gc.auto 0
2026-10-08T15:37:50.8598847Z ##[endgroup]
2026-10-08T15:37:50.8601080Z ##[group]Setting up auth
2026-10-08T15:37:50.8606164Z [command]/usr/bin/git config --local --name-only --get-regexp core\.sshCommand
2026-10-08T15:37:50.8646837Z [command]/usr/bin/git submodule foreach --recursive sh -c "git config --local --name-only --get-regexp 'core\.sshCommand' && git config --local --unset-all 'core.sshCommand' || :"
2026-10-08T15:37:50.9037731Z [command]/usr/bin/git config --local --name-only --get-regexp http\.https\:\/\/github\.com\/\.extraheader
2026-10-08T15:37:50.9097378Z [command]/usr/bin/git submodule foreach --recursive sh -c "git config --local --name-only --get-regexp 'http\.https\:\/\/github\.com\/\.extraheader' && git config --local --unset-all 'http.https://github.com/.extraheader' || :"
2026-10-08T15:37:50.9366091Z [command]/usr/bin/git config --local --name-only --get-regexp ^includeIf\.gitdir:
2026-10-08T15:37:50.9406237Z [command]/usr/bin/git submodule foreach --recursive git config --local --show-origin --name-only --get-regexp remote.origin.url
2026-10-08T15:37:50.9665997Z [command]/usr/bin/git config --local http.https://github.com/.extraheader AUTHORIZATION: basic ***
2026-10-08T15:37:50.9710221Z ##[endgroup]
2026-10-08T15:37:50.9711598Z ##[group]Fetching the repository
2026-10-08T15:37:50.9724161Z [command]/usr/bin/git -c protocol.version=2 fetch --no-tags --prune --no-recurse-submodules --depth=1 origin +842d9add56db27b5bf7feece035ca344c5b0a932:refs/remotes/origin/codex/prelaunch-beta
2026-10-08T15:37:55.0549493Z From https://github.com/DD7780/Cocreate
2026-10-08T15:37:55.0550543Z  * [new ref]         842d9add56db27b5bf7feece035ca344c5b0a932 -> origin/codex/prelaunch-beta
2026-10-08T15:37:55.0553855Z ##[endgroup]
2026-10-08T15:37:55.0554857Z ##[group]Determining the checkout info
2026-10-08T15:37:55.0557108Z ##[endgroup]
2026-10-08T15:37:55.0563173Z [command]/usr/bin/git sparse-checkout disable
2026-10-08T15:37:55.0620795Z [command]/usr/bin/git config --local --unset-all extensions.worktreeConfig
2026-10-08T15:37:55.0656180Z ##[group]Checking out the ref
2026-10-08T15:37:55.0660530Z [command]/usr/bin/git checkout --progress --force -B codex/prelaunch-beta refs/remotes/origin/codex/prelaunch-beta
2026-10-08T15:37:55.1778258Z Switched to a new branch 'codex/prelaunch-beta'
2026-10-08T15:37:55.1781011Z branch 'codex/prelaunch-beta' set up to track 'origin/codex/prelaunch-beta'.
2026-10-08T15:37:55.1792668Z ##[endgroup]
2026-10-08T15:37:55.1841649Z [command]/usr/bin/git log -1 --format=%H
2026-10-08T15:37:55.1873649Z 842d9add56db27b5bf7feece035ca344c5b0a932
2026-10-08T15:37:55.2199403Z ##[group]Run pnpm/action-setup@f40ffcd9367d9f12939873eb1018b921a783ffaa
2026-10-08T15:37:55.2200099Z with:
2026-10-08T15:37:55.2200305Z   version: 10.18.3
2026-10-08T15:37:55.2200512Z   dest: ~/setup-pnpm
2026-10-08T15:37:55.2200724Z   run_install: null
2026-10-08T15:37:55.2200930Z   cache: false
2026-10-08T15:37:55.2201148Z   cache_dependency_path: pnpm-lock.yaml
2026-10-08T15:37:55.2201443Z   package_json_file: package.json
2026-10-08T15:37:55.2201690Z   standalone: false
2026-10-08T15:37:55.2201894Z ##[endgroup]
2026-10-08T15:37:55.3688334Z ##[group]Running self-installer...
2026-10-08T15:37:55.8281583Z (node:2018) [DEP0169] DeprecationWarning: `url.parse()` behavior is not standardized and prone to errors that have security implications. Use the WHATWG URL API instead. CVEs are not issued for `url.parse()` vulnerabilities.
2026-10-08T15:37:55.8283563Z (Use `node --trace-deprecation ...` to show where the warning was created)
2026-10-08T15:37:56.0094283Z Progress: resolved 1, reused 0, downloaded 0, added 0
2026-10-08T15:37:56.0187719Z Packages: +1
2026-10-08T15:37:56.0188709Z +
2026-10-08T15:37:56.4590942Z Progress: resolved 1, reused 0, downloaded 1, added 1, done
2026-10-08T15:37:56.4885315Z 
2026-10-08T15:37:56.4885761Z dependencies:
2026-10-08T15:37:56.4886056Z + pnpm 10.18.3 (12.10.1 is available)
2026-10-08T15:37:56.4886297Z 
2026-10-08T15:37:56.4912705Z Done in 893ms
2026-10-08T15:37:56.5161685Z ##[endgroup]
2026-10-08T15:37:56.5162314Z Installation Completed!
2026-10-08T15:37:56.5345478Z ##[group]Run actions/setup-node@49933ea5288caeca8642d1e84afbd3f7d6820020
2026-10-08T15:37:56.5345868Z with:
2026-10-08T15:37:56.5346056Z   node-version: 22
2026-10-08T15:37:56.5346254Z   cache: pnpm
2026-10-08T15:37:56.5346449Z   always-auth: false
2026-10-08T15:37:56.5346659Z   check-latest: false
2026-10-08T15:37:56.5349305Z   token: ***
2026-10-08T15:37:56.5349506Z env:
2026-10-08T15:37:56.5349758Z   PNPM_HOME: /home/runner/setup-pnpm/node_modules/.bin
2026-10-08T15:37:56.5350063Z ##[endgroup]
2026-10-08T15:37:56.6876070Z Found in cache @ /opt/hostedtoolcache/node/22.23.3/x64
2026-10-08T15:37:56.6880905Z (node:2033) [DEP0040] DeprecationWarning: The `punycode` module is deprecated. Please use a userland alternative instead.
2026-10-08T15:37:56.6881600Z (Use `node --trace-deprecation ...` to show where the warning was created)
2026-10-08T15:37:56.6884162Z ##[group]Environment details
2026-10-08T15:38:00.5925829Z node: v22.23.3
2026-10-08T15:38:00.5926218Z npm: 10.9.9
2026-10-08T15:38:00.5926634Z yarn: 1.22.22
2026-10-08T15:38:00.5928077Z ##[endgroup]
2026-10-08T15:38:00.5949336Z [command]/home/runner/setup-pnpm/node_modules/.bin/pnpm store path --silent
2026-10-08T15:38:01.2481972Z /home/runner/setup-pnpm/node_modules/.bin/store/v10
2026-10-08T15:38:01.5175818Z Cache hit for: node-cache-Linux-x64-pnpm-2350f21d8b4483831790e8afae5b0fdcbb67d6b17e4acddb09b86f16f7c4c9a4
2026-10-08T15:38:01.5286076Z (node:2033) [DEP0169] DeprecationWarning: `url.parse()` behavior is not standardized and prone to errors that have security implications. Use the WHATWG URL API instead. CVEs are not issued for `url.parse()` vulnerabilities.
2026-10-08T15:38:02.7758889Z Received 16777216 of 193516563 (8.7%), 16.0 MBs/sec
2026-10-08T15:38:03.8269124Z Received 134217728 of 193516563 (69.4%), 62.5 MBs/sec
2026-10-08T15:38:04.3312059Z Received 193516563 of 193516563 (100.0%), 72.3 MBs/sec
2026-10-08T15:38:04.3338668Z Cache Size: ~185 MB (193516563 B)
2026-10-08T15:38:04.3447697Z [command]/usr/bin/tar -xf /home/runner/work/_temp/731062f0-6ec4-48b3-b7af-949f797669a6/cache.tzst -P -C /home/runner/work/Cocreate/Cocreate --use-compress-program unzstd
2026-10-08T15:38:06.2345629Z Cache restored successfully
2026-10-08T15:38:06.2787553Z Cache restored from key: node-cache-Linux-x64-pnpm-2350f21d8b4483831790e8afae5b0fdcbb67d6b17e4acddb09b86f16f7c4c9a4
2026-10-08T15:38:06.2990688Z ##[group]Run pnpm install --frozen-lockfile
2026-10-08T15:38:06.2991201Z [36;1mpnpm install --frozen-lockfile[0m
2026-10-08T15:38:06.3488217Z shell: /usr/bin/bash -e {0}
2026-10-08T15:38:06.3488494Z env:
2026-10-08T15:38:06.3488763Z   PNPM_HOME: /home/runner/setup-pnpm/node_modules/.bin
2026-10-08T15:38:06.3489310Z ##[endgroup]
2026-10-08T15:38:06.7086159Z Lockfile is up to date, resolution step is skipped
2026-10-08T15:38:06.7581092Z Progress: resolved 1, reused 0, downloaded 0, added 0
2026-10-08T15:38:06.8319641Z Packages: +408
2026-10-08T15:38:06.8349301Z ++++++++++++++++++++++++++++++++++++++++++++++++++++++++++++++++++++++++++++++++
2026-10-08T15:38:07.6336146Z Progress: resolved 408, reused 408, downloaded 0, added 408, done
2026-10-08T15:38:12.3046371Z 
2026-10-08T15:38:12.3046966Z dependencies:
2026-10-08T15:38:12.3047533Z + @cloudflare/containers 0.3.7
2026-10-08T15:38:12.3048272Z + @supabase/server 1.8.0
2026-10-08T15:38:12.3048810Z + @supabase/supabase-js 2.117.0
2026-10-08T15:38:12.3049365Z + @tiptap/extension-collaboration 3.31.3
2026-10-08T15:38:12.3049848Z + @tiptap/extension-collaboration-caret 3.31.3
2026-10-08T15:38:12.3050259Z + @tiptap/react 3.31.3
2026-10-08T15:38:12.3050810Z + @tiptap/starter-kit 3.31.3
2026-10-08T15:38:12.3051316Z + @vitejs/plugin-react 5.2.0
2026-10-08T15:38:12.3051741Z + cross-env 10.1.0
2026-10-08T15:38:12.3052102Z + dotenv 17.4.2
2026-10-08T15:38:12.3052482Z + esbuild 0.25.12
2026-10-08T15:38:12.3052902Z + esbuild-wasm 0.25.12
2026-10-08T15:38:12.3053312Z + express 5.2.1
2026-10-08T15:38:12.3053736Z + lucide-react 0.468.0
2026-10-08T15:38:12.3054124Z + react 19.2.8
2026-10-08T15:38:12.3054516Z + react-dom 19.2.8
2026-10-08T15:38:12.3054889Z + vite 7.3.6
2026-10-08T15:38:12.3055257Z + ws 8.21.3
2026-10-08T15:38:12.3055673Z + y-protocols 1.0.7
2026-10-08T15:38:12.3056084Z + yjs 13.6.32
2026-10-08T15:38:12.3056309Z 
2026-10-08T15:38:12.3056551Z devDependencies:
2026-10-08T15:38:12.3057019Z + @prisma/adapter-pg 7.10.0
2026-10-08T15:38:12.3057548Z + @prisma/client 7.10.0
2026-10-08T15:38:12.3058318Z + @types/express 5.0.6
2026-10-08T15:38:12.3058796Z + @types/node 22.20.1
2026-10-08T15:38:12.3059247Z + @types/pg 8.23.1
2026-10-08T15:38:12.3059678Z + @types/react 19.2.18
2026-10-08T15:38:12.3060244Z + @types/react-dom 19.2.7
2026-10-08T15:38:12.3060751Z + @types/ws 8.18.1
2026-10-08T15:38:12.3061177Z + pg 8.23.0
2026-10-08T15:38:12.3061557Z + prisma 7.10.0
2026-10-08T15:38:12.3061960Z + tsx 4.23.13
2026-10-08T15:38:12.3062383Z + typescript 5.9.3
2026-10-08T15:38:12.3062823Z + wrangler 4.131.1
2026-10-08T15:38:12.3063061Z 
2026-10-08T15:38:12.4104726Z Done in 6s using pnpm v10.18.3
2026-10-08T15:38:12.5215917Z ##[group]Run pnpm check:boundaries
2026-10-08T15:38:12.5216260Z [36;1mpnpm check:boundaries[0m
2026-10-08T15:38:12.5290722Z shell: /usr/bin/bash -e {0}
2026-10-08T15:38:12.5290997Z env:
2026-10-08T15:38:12.5291258Z   PNPM_HOME: /home/runner/setup-pnpm/node_modules/.bin
2026-10-08T15:38:12.5291578Z ##[endgroup]
2026-10-08T15:38:12.8827276Z 
2026-10-08T15:38:12.8828291Z > cocreate@1.0.0 check:boundaries /home/runner/work/Cocreate/Cocreate
2026-10-08T15:38:12.8829245Z > tsx scripts/codebase-audit.ts --check
2026-10-08T15:38:12.8829633Z 
2026-10-08T15:38:14.8335986Z Audited 143 files; 1 static candidates; 0 boundary violations.
2026-10-08T15:38:14.8338324Z Jev: 0 physical requests, 0 input tokens with known usage, known-usage estimate $0.000000; unknown requests retain their reservation.
2026-10-08T15:38:14.8339329Z Report: artifacts/codebase-audit/report.json
2026-10-08T15:38:14.8753320Z ##[group]Run pnpm build
2026-10-08T15:38:14.8753616Z [36;1mpnpm build[0m
2026-10-08T15:38:14.8826016Z shell: /usr/bin/bash -e {0}
2026-10-08T15:38:14.8826263Z env:
2026-10-08T15:38:14.8826520Z   PNPM_HOME: /home/runner/setup-pnpm/node_modules/.bin
2026-10-08T15:38:14.8826842Z ##[endgroup]
2026-10-08T15:38:15.1804267Z 
2026-10-08T15:38:15.1805041Z > cocreate@1.0.0 build /home/runner/work/Cocreate/Cocreate
2026-10-08T15:38:15.1806067Z > tsc --noEmit && vite build --configLoader runner
2026-10-08T15:38:15.1806778Z 
2026-10-08T15:38:22.8395469Z [36mvite v7.3.6 [32mbuilding client environment for production...[36m[39m
2026-10-08T15:38:22.9068778Z transforming...
2026-10-08T15:38:26.5295110Z [32m✓[39m 1749 modules transformed.
2026-10-08T15:38:26.7751473Z rendering chunks...
2026-10-08T15:38:27.0077333Z computing gzip size...
2026-10-08T15:38:27.0293800Z [2mdist/[22m[32mindex.html                           [39m[1m[2m  0.44 kB[22m[1m[22m[2m │ gzip:   0.30 kB[22m
2026-10-08T15:38:27.0296412Z [2mdist/[22m[2massets/[22m[35mApp-BqUO_rW7.css              [39m[1m[2m  2.56 kB[22m[1m[22m[2m │ gzip:   0.85 kB[22m
2026-10-08T15:38:27.0298927Z [2mdist/[22m[2massets/[22m[35mLandingPage-CNj4pefA.css      [39m[1m[2m 13.13 kB[22m[1m[22m[2m │ gzip:   2.95 kB[22m
2026-10-08T15:38:27.0300064Z [33m
2026-10-08T15:38:27.0300803Z (!) Some chunks are larger than 500 kB after minification. Consider:
2026-10-08T15:38:27.0301750Z - Using dynamic import() to code-split the application
2026-10-08T15:38:27.0303328Z - Use build.rollupOptions.output.manualChunks to improve chunking: https://rollupjs.org/configuration-options/#output-manualchunks
2026-10-08T15:38:27.0305039Z - Adjust chunk size limit for this warning via build.chunkSizeWarningLimit.[39m
2026-10-08T15:38:27.0306868Z [2mdist/[22m[2massets/[22m[35mindex-cyLHvudv.css            [39m[1m[2m 75.38 kB[22m[1m[22m[2m │ gzip:  14.48 kB[22m
2026-10-08T15:38:27.0309499Z [2mdist/[22m[2massets/[22m[36musers-S0nR_fpD.js             [39m[1m[2m  0.69 kB[22m[1m[22m[2m │ gzip:   0.39 kB[22m
2026-10-08T15:38:27.0311616Z [2mdist/[22m[2massets/[22m[36mcreateLucideIcon-DS0f-70M.js  [39m[1m[2m  0.89 kB[22m[1m[22m[2m │ gzip:   0.55 kB[22m
2026-10-08T15:38:27.0313716Z [2mdist/[22m[2massets/[22m[36mx-CYlEPbUI.js                 [39m[1m[2m  1.70 kB[22m[1m[22m[2m │ gzip:   0.78 kB[22m
2026-10-08T15:38:27.0315754Z [2mdist/[22m[2massets/[22m[36mLandingPage-CklZAjP2.js       [39m[1m[2m 15.33 kB[22m[1m[22m[2m │ gzip:   4.92 kB[22m
2026-10-08T15:38:27.0318158Z [2mdist/[22m[2massets/[22m[36mProjectApp-CEhcL8gy.js        [39m[1m[2m 29.68 kB[22m[1m[22m[2m │ gzip:   9.01 kB[22m
2026-10-08T15:38:27.0320171Z [2mdist/[22m[2massets/[22m[36mindex-5SCWldx6.js             [39m[1m[2m421.72 kB[22m[1m[22m[2m │ gzip: 121.23 kB[22m
2026-10-08T15:38:27.0390910Z [2mdist/[22m[2massets/[22m[36mApp-thYYHyMP.js               [39m[1m[33m583.75 kB[39m[22m[2m │ gzip: 185.76 kB[22m
2026-10-08T15:38:27.0392142Z [32m✓ built in 4.16s[39m
2026-10-08T15:38:27.1003363Z ##[group]Run node --input-type=module <<'NODE'
2026-10-08T15:38:27.1003761Z [36;1mnode --input-type=module <<'NODE'[0m
2026-10-08T15:38:27.1004057Z [36;1mimport fs from 'node:fs';[0m
2026-10-08T15:38:27.1004361Z [36;1mimport {spawnSync} from 'node:child_process';[0m
2026-10-08T15:38:27.1004845Z [36;1mconst {image_vars} = JSON.parse(fs.readFileSync('wrangler.jsonc', 'utf8')).containers[0];[0m
2026-10-08T15:38:27.1005574Z [36;1mconst names = ['VITE_COCREATE_AUTH_MODE', 'VITE_COCREATE_APP_ORIGIN', 'VITE_SUPABASE_URL', 'VITE_SUPABASE_PUBLISHABLE_KEY'];[0m
2026-10-08T15:38:27.1006169Z [36;1mconst args = ['build', '--tag', 'cocreate-check'];[0m
2026-10-08T15:38:27.1006517Z [36;1mfor (const name of names) {[0m
2026-10-08T15:38:27.1006981Z [36;1m  if (typeof image_vars[name] !== 'string') throw new Error(`Missing public build variable: ${name}`);[0m
2026-10-08T15:38:27.1007524Z [36;1m  args.push('--build-arg', `${name}=${image_vars[name]}`);[0m
2026-10-08T15:38:27.1008196Z [36;1m}[0m
2026-10-08T15:38:27.1008535Z [36;1mconst result = spawnSync('docker', [...args, '.'], {stdio: 'inherit'});[0m
2026-10-08T15:38:27.1008954Z [36;1mif (result.error) throw result.error;[0m
2026-10-08T15:38:27.1009268Z [36;1mprocess.exit(result.status ?? 1);[0m
2026-10-08T15:38:27.1009538Z [36;1mNODE[0m
2026-10-08T15:38:27.1079766Z shell: /usr/bin/bash -e {0}
2026-10-08T15:38:27.1080013Z env:
2026-10-08T15:38:27.1080272Z   PNPM_HOME: /home/runner/setup-pnpm/node_modules/.bin
2026-10-08T15:38:27.1080584Z ##[endgroup]
2026-10-08T15:38:32.6511730Z #0 building with "default" instance using docker driver
2026-10-08T15:38:32.6512273Z 
2026-10-08T15:38:32.6512692Z #1 [internal] load build definition from Dockerfile
2026-10-08T15:38:32.6514544Z #1 transferring dockerfile: 1.39kB done
2026-10-08T15:38:32.6515098Z #1 DONE 0.0s
2026-10-08T15:38:32.6515314Z 
2026-10-08T15:38:32.6515901Z #2 [internal] load metadata for docker.io/library/node:22-bookworm-slim
2026-10-08T15:38:32.8900932Z #2 ...
2026-10-08T15:38:32.8901223Z 
2026-10-08T15:38:32.8901739Z #3 [auth] library/node:pull token for registry-1.docker.io
2026-10-08T15:38:32.8902221Z #3 DONE 0.0s
2026-10-08T15:38:33.0395293Z 
2026-10-08T15:38:33.0396207Z #2 [internal] load metadata for docker.io/library/node:22-bookworm-slim
2026-10-08T15:38:33.5279421Z #2 DONE 1.0s
2026-10-08T15:38:33.6633081Z 
2026-10-08T15:38:33.6634100Z #4 [internal] load .dockerignore
2026-10-08T15:38:33.6635172Z #4 transferring context: 248B done
2026-10-08T15:38:33.6635816Z #4 DONE 0.0s
2026-10-08T15:38:33.6636027Z 
2026-10-08T15:38:33.6636984Z #5 [ 1/11] FROM docker.io/library/node:22-bookworm-slim@sha256:c3de60bf2f9dd0ac6370e6117950ff62d6e339527e7472301c9c78a017978392
2026-10-08T15:38:33.6639134Z #5 resolve docker.io/library/node:22-bookworm-slim@sha256:c3de60bf2f9dd0ac6370e6117950ff62d6e339527e7472301c9c78a017978392 done
2026-10-08T15:38:33.6640905Z #5 sha256:c3de60bf2f9dd0ac6370e6117950ff62d6e339527e7472301c9c78a017978392 5.22kB / 5.22kB done
2026-10-08T15:38:33.6642270Z #5 sha256:efd0ab5780c2d9ab1f0f869571a00d5edb17793bff4cce4a2792e3eb0ffc7562 1.93kB / 1.93kB done
2026-10-08T15:38:33.6643109Z #5 sha256:d0a16be756b6ec6658aecb8b7bcf87fa6c7d0d7fcc6ca53ad14bb49a4c90bdd7 6.77kB / 6.77kB done
2026-10-08T15:38:33.6643911Z #5 sha256:7fd1ebe418b5079d4aa36f416af9b143d127bc75b0155d71cb5fd559b5e04d39 0B / 28.25MB 0.1s
2026-10-08T15:38:33.6644604Z #5 sha256:f0400f4b55b0ad346bf6167a1b64a258e4d73db608c457798ce35e4ffeebfaaf 0B / 3.31kB 0.1s
2026-10-08T15:38:33.6645294Z #5 sha256:d22c69a95cf463f4cb74462bd2899597ce505d82bd4c01ceddf7845e12f13856 0B / 49.84MB 0.1s
2026-10-08T15:38:33.7666607Z #5 sha256:f0400f4b55b0ad346bf6167a1b64a258e4d73db608c457798ce35e4ffeebfaaf 3.31kB / 3.31kB 0.2s done
2026-10-08T15:38:33.7668810Z #5 sha256:2cfab517365cfc6b4bd1f8c4cb01754884ef75bc38758b3c41e291c696f019f5 0B / 1.71MB 0.2s
2026-10-08T15:38:33.9260919Z #5 ...
2026-10-08T15:38:33.9261425Z 
2026-10-08T15:38:33.9262055Z #6 [internal] load build context
2026-10-08T15:38:33.9263887Z #6 transferring context: 22.72MB 0.2s done
2026-10-08T15:38:33.9264391Z #6 DONE 0.2s
2026-10-08T15:38:33.9264605Z 
2026-10-08T15:38:33.9265549Z #5 [ 1/11] FROM docker.io/library/node:22-bookworm-slim@sha256:c3de60bf2f9dd0ac6370e6117950ff62d6e339527e7472301c9c78a017978392
2026-10-08T15:38:33.9267188Z #5 sha256:7fd1ebe418b5079d4aa36f416af9b143d127bc75b0155d71cb5fd559b5e04d39 28.25MB / 28.25MB 0.2s done
2026-10-08T15:38:33.9268820Z #5 sha256:d22c69a95cf463f4cb74462bd2899597ce505d82bd4c01ceddf7845e12f13856 22.02MB / 49.84MB 0.3s
2026-10-08T15:38:33.9270983Z #5 sha256:2cfab517365cfc6b4bd1f8c4cb01754884ef75bc38758b3c41e291c696f019f5 1.71MB / 1.71MB 0.3s done
2026-10-08T15:38:33.9273063Z #5 extracting sha256:7fd1ebe418b5079d4aa36f416af9b143d127bc75b0155d71cb5fd559b5e04d39 0.1s
2026-10-08T15:38:33.9274825Z #5 sha256:a8de9fa052209313d8e45435a8486e29b20eebaa820e2e7f63a7c3c94b4fa567 448B / 448B 0.3s done
2026-10-08T15:38:34.0449731Z #5 sha256:d22c69a95cf463f4cb74462bd2899597ce505d82bd4c01ceddf7845e12f13856 49.39MB / 49.84MB 0.4s
2026-10-08T15:38:34.1451396Z #5 sha256:d22c69a95cf463f4cb74462bd2899597ce505d82bd4c01ceddf7845e12f13856 49.84MB / 49.84MB 0.4s done
2026-10-08T15:38:34.8812907Z #5 extracting sha256:7fd1ebe418b5079d4aa36f416af9b143d127bc75b0155d71cb5fd559b5e04d39 1.1s done
2026-10-08T15:38:35.0336097Z #5 extracting sha256:f0400f4b55b0ad346bf6167a1b64a258e4d73db608c457798ce35e4ffeebfaaf done
2026-10-08T15:38:35.0337448Z #5 extracting sha256:d22c69a95cf463f4cb74462bd2899597ce505d82bd4c01ceddf7845e12f13856
2026-10-08T15:38:36.3876363Z #5 extracting sha256:d22c69a95cf463f4cb74462bd2899597ce505d82bd4c01ceddf7845e12f13856 1.2s done
2026-10-08T15:38:36.3877697Z #5 extracting sha256:2cfab517365cfc6b4bd1f8c4cb01754884ef75bc38758b3c41e291c696f019f5
2026-10-08T15:38:36.6136142Z #5 extracting sha256:2cfab517365cfc6b4bd1f8c4cb01754884ef75bc38758b3c41e291c696f019f5 0.0s done
2026-10-08T15:38:36.6138131Z #5 extracting sha256:a8de9fa052209313d8e45435a8486e29b20eebaa820e2e7f63a7c3c94b4fa567 done
2026-10-08T15:38:36.6139325Z #5 DONE 2.9s
2026-10-08T15:38:36.6139723Z 
2026-10-08T15:38:36.6139973Z #7 [ 2/11] WORKDIR /app
2026-10-08T15:38:36.6140420Z #7 DONE 0.0s
2026-10-08T15:38:36.6140599Z 
2026-10-08T15:38:36.6140782Z #8 [ 3/11] RUN corepack enable
2026-10-08T15:38:36.7236503Z #8 DONE 0.3s
2026-10-08T15:38:36.8752929Z 
2026-10-08T15:38:36.8754483Z #9 [ 4/11] RUN apt-get update && apt-get install -y --no-install-recommends bubblewrap util-linux chromium-headless-shell tini && rm -rf /var/lib/apt/lists/*
2026-10-08T15:38:36.9058266Z #9 0.181 Get:1 http://deb.debian.org/debian bookworm InRelease [151 kB]
2026-10-08T15:38:37.0424433Z #9 0.197 Get:2 http://deb.debian.org/debian bookworm-updates InRelease [55.4 kB]
2026-10-08T15:38:37.0439846Z #9 0.203 Get:3 http://deb.debian.org/debian-security bookworm-security InRelease [34.8 kB]
2026-10-08T15:38:37.0441237Z #9 0.261 Get:4 http://deb.debian.org/debian bookworm/main amd64 Packages [8790 kB]
2026-10-08T15:38:37.0442544Z #9 0.318 Get:5 http://deb.debian.org/debian bookworm-updates/main amd64 Packages [6924 B]
2026-10-08T15:38:37.2416328Z #9 0.366 Get:6 http://deb.debian.org/debian-security bookworm-security/main amd64 Packages [349 kB]
2026-10-08T15:38:37.8128583Z #9 1.088 Fetched 9388 kB in 1s (10.2 MB/s)
2026-10-08T15:38:38.2233746Z #9 1.088 Reading package lists...
2026-10-08T15:38:38.6618320Z #9 1.516 Reading package lists...
2026-10-08T15:38:38.7659201Z #9 1.951 Building dependency tree...
2026-10-08T15:38:38.7659774Z #9 2.041 Reading state information...
2026-10-08T15:38:38.8666580Z #9 2.140 util-linux is already the newest version (2.38.1-5+deb12u3).
2026-10-08T15:38:38.8667421Z #9 2.140 util-linux set to manually installed.
2026-10-08T15:38:38.8668379Z #9 2.140 The following additional packages will be installed:
2026-10-08T15:38:38.8669389Z #9 2.140   at-spi2-common chromium-common fontconfig-config fonts-dejavu-core
2026-10-08T15:38:38.8670277Z #9 2.140   libasound2 libasound2-data libasyncns0 libatk1.0-0 libatspi2.0-0 libbrotli1
2026-10-08T15:38:38.8671311Z #9 2.141   libbsd0 libdav1d6 libdbus-1-3 libdouble-conversion3 libdrm-amdgpu1
2026-10-08T15:38:38.8672040Z #9 2.141   libdrm-common libdrm-intel1 libdrm-nouveau2 libdrm-radeon1 libdrm2 libedit2
2026-10-08T15:38:38.8672784Z #9 2.141   libelf1 libexpat1 libflac12 libfontconfig1 libfontenc1 libfreetype6 libgbm1
2026-10-08T15:38:38.8673508Z #9 2.141   libgl1 libgl1-mesa-dri libglapi-mesa libglib2.0-0 libglvnd0 libglx-mesa0
2026-10-08T15:38:38.8674211Z #9 2.141   libglx0 libgraphite2-3 libharfbuzz-subset0 libharfbuzz0b libice6 libicu72
2026-10-08T15:38:38.8674814Z #9 2.141   libjpeg62-turbo libllvm15 libminizip1 libmp3lame0 libmpg123-0 libnspr4
2026-10-08T15:38:38.8675418Z #9 2.141   libnss3 libogg0 libopenh264-7 libopus0 libpciaccess0 libpng16-16 libpulse0
2026-10-08T15:38:38.8676031Z #9 2.141   libsensors-config libsensors5 libsm6 libsndfile1 libsqlite3-0 libvorbis0a
2026-10-08T15:38:38.8676631Z #9 2.141   libvorbisenc2 libwayland-server0 libx11-6 libx11-data libx11-xcb1 libxau6
2026-10-08T15:38:38.8677205Z #9 2.141   libxaw7 libxcb-dri2-0 libxcb-dri3-0 libxcb-glx0 libxcb-present0
2026-10-08T15:38:38.8678058Z #9 2.141   libxcb-randr0 libxcb-shape0 libxcb-shm0 libxcb-sync1 libxcb-xfixes0 libxcb1
2026-10-08T15:38:38.8678723Z #9 2.141   libxcomposite1 libxdamage1 libxdmcp6 libxext6 libxfixes3 libxft2 libxi6
2026-10-08T15:38:38.8679346Z #9 2.141   libxinerama1 libxkbcommon0 libxkbfile1 libxml2 libxmu6 libxmuu1 libxnvctrl0
2026-10-08T15:38:38.8679952Z #9 2.141   libxpm4 libxrandr2 libxrender1 libxshmfence1 libxt6 libxtst6 libxv1
2026-10-08T15:38:38.8680532Z #9 2.141   libxxf86dga1 libxxf86vm1 libz3-4 x11-common x11-utils xdg-utils xkb-data
2026-10-08T15:38:38.8680954Z #9 2.142 Suggested packages:
2026-10-08T15:38:38.8681405Z #9 2.142   libasound2-plugins alsa-utils low-memory-monitor opus-tools pciutils
2026-10-08T15:38:38.8682046Z #9 2.142   pulseaudio lm-sensors mesa-utils
2026-10-08T15:38:38.8682360Z #9 2.142 Recommended packages:
2026-10-08T15:38:38.8682750Z #9 2.142   procps upower udev fonts-liberation notification-daemon
2026-10-08T15:38:38.8683329Z #9 2.142   system-config-printer alsa-ucm-conf alsa-topology-conf at-spi2-core dbus
2026-10-08T15:38:38.8683933Z #9 2.142   libglib2.0-data shared-mime-info xdg-user-dirs libfile-mimeinfo-perl
2026-10-08T15:38:38.8684467Z #9 2.142   libnet-dbus-perl libx11-protocol-perl x11-xserver-utils
2026-10-08T15:38:39.2352570Z #9 2.511 The following NEW packages will be installed:
2026-10-08T15:38:39.2353594Z #9 2.511   at-spi2-common bubblewrap chromium-common chromium-headless-shell
2026-10-08T15:38:39.3452394Z #9 2.511   fontconfig-config fonts-dejavu-core libasound2 libasound2-data libasyncns0
2026-10-08T15:38:39.3453947Z #9 2.511   libatk1.0-0 libatspi2.0-0 libbrotli1 libbsd0 libdav1d6 libdbus-1-3
2026-10-08T15:38:39.3455241Z #9 2.511   libdouble-conversion3 libdrm-amdgpu1 libdrm-common libdrm-intel1
2026-10-08T15:38:39.3456556Z #9 2.511   libdrm-nouveau2 libdrm-radeon1 libdrm2 libedit2 libelf1 libexpat1 libflac12
2026-10-08T15:38:39.3458059Z #9 2.511   libfontconfig1 libfontenc1 libfreetype6 libgbm1 libgl1 libgl1-mesa-dri
2026-10-08T15:38:39.3459440Z #9 2.511   libglapi-mesa libglib2.0-0 libglvnd0 libglx-mesa0 libglx0 libgraphite2-3
2026-10-08T15:38:39.3460800Z #9 2.511   libharfbuzz-subset0 libharfbuzz0b libice6 libicu72 libjpeg62-turbo libllvm15
2026-10-08T15:38:39.3462147Z #9 2.511   libminizip1 libmp3lame0 libmpg123-0 libnspr4 libnss3 libogg0 libopenh264-7
2026-10-08T15:38:39.3463317Z #9 2.511   libopus0 libpciaccess0 libpng16-16 libpulse0 libsensors-config libsensors5
2026-10-08T15:38:39.3464273Z #9 2.511   libsm6 libsndfile1 libsqlite3-0 libvorbis0a libvorbisenc2 libwayland-server0
2026-10-08T15:38:39.3464966Z #9 2.511   libx11-6 libx11-data libx11-xcb1 libxau6 libxaw7 libxcb-dri2-0 libxcb-dri3-0
2026-10-08T15:38:39.3465636Z #9 2.511   libxcb-glx0 libxcb-present0 libxcb-randr0 libxcb-shape0 libxcb-shm0
2026-10-08T15:38:39.3466299Z #9 2.511   libxcb-sync1 libxcb-xfixes0 libxcb1 libxcomposite1 libxdamage1 libxdmcp6
2026-10-08T15:38:39.3466970Z #9 2.511   libxext6 libxfixes3 libxft2 libxi6 libxinerama1 libxkbcommon0 libxkbfile1
2026-10-08T15:38:39.3468145Z #9 2.511   libxml2 libxmu6 libxmuu1 libxnvctrl0 libxpm4 libxrandr2 libxrender1
2026-10-08T15:38:39.3468966Z #9 2.511   libxshmfence1 libxt6 libxtst6 libxv1 libxxf86dga1 libxxf86vm1 libz3-4 tini
2026-10-08T15:38:39.3469786Z #9 2.511   x11-common x11-utils xdg-utils xkb-data
2026-10-08T15:38:39.3470339Z #9 2.606 0 upgraded, 107 newly installed, 0 to remove and 1 not upgraded.
2026-10-08T15:38:39.3471087Z #9 2.606 Need to get 160 MB of archives.
2026-10-08T15:38:39.3471994Z #9 2.606 After this operation, 551 MB of additional disk space will be used.
2026-10-08T15:38:39.3472755Z #9 2.606 Get:1 http://deb.debian.org/debian bookworm/main amd64 at-spi2-common all 2.46.0-5 [162 kB]
2026-10-08T15:38:39.3473738Z #9 2.621 Get:2 http://deb.debian.org/debian bookworm/main amd64 bubblewrap amd64 0.8.0-2+deb12u1 [47.3 kB]
2026-10-08T15:38:39.4503817Z #9 2.621 Get:3 http://deb.debian.org/debian-security bookworm-security/main amd64 libexpat1 amd64 2.5.0-1+deb12u4 [106 kB]
2026-10-08T15:38:39.4509357Z #9 2.623 Get:4 http://deb.debian.org/debian bookworm/main amd64 libbrotli1 amd64 1.0.9-2+b6 [275 kB]
2026-10-08T15:38:39.4512102Z #9 2.632 Get:5 http://deb.debian.org/debian-security bookworm-security/main amd64 libpng16-16 amd64 1.6.39-2+deb12u6 [277 kB]
2026-10-08T15:38:39.4514732Z #9 2.633 Get:6 http://deb.debian.org/debian bookworm/main amd64 libfreetype6 amd64 2.12.1+dfsg-5+deb12u4 [398 kB]
2026-10-08T15:38:39.4517398Z #9 2.637 Get:7 http://deb.debian.org/debian bookworm/main amd64 fonts-dejavu-core all 2.37-6 [1068 kB]
2026-10-08T15:38:39.4519241Z #9 2.642 Get:8 http://deb.debian.org/debian bookworm/main amd64 fontconfig-config amd64 2.14.1-4 [315 kB]
2026-10-08T15:38:39.4520979Z #9 2.643 Get:9 http://deb.debian.org/debian bookworm/main amd64 libfontconfig1 amd64 2.14.1-4 [386 kB]
2026-10-08T15:38:39.4522780Z #9 2.645 Get:10 http://deb.debian.org/debian bookworm/main amd64 libfontenc1 amd64 1:1.1.4-1 [24.3 kB]
2026-10-08T15:38:39.4524168Z #9 2.645 Get:11 http://deb.debian.org/debian bookworm/main amd64 libglvnd0 amd64 1.6.0-1 [51.8 kB]
2026-10-08T15:38:39.4525538Z #9 2.646 Get:12 http://deb.debian.org/debian bookworm/main amd64 libxau6 amd64 1:1.0.9-1 [19.7 kB]
2026-10-08T15:38:39.4526888Z #9 2.646 Get:13 http://deb.debian.org/debian bookworm/main amd64 libbsd0 amd64 0.11.7-2 [117 kB]
2026-10-08T15:38:39.4528456Z #9 2.647 Get:14 http://deb.debian.org/debian bookworm/main amd64 libxdmcp6 amd64 1:1.1.2-3 [26.3 kB]
2026-10-08T15:38:39.4529815Z #9 2.647 Get:15 http://deb.debian.org/debian bookworm/main amd64 libxcb1 amd64 1.15-1 [144 kB]
2026-10-08T15:38:39.4531229Z #9 2.648 Get:16 http://deb.debian.org/debian bookworm/main amd64 libx11-data all 2:1.8.4-2+deb12u2 [292 kB]
2026-10-08T15:38:39.4532737Z #9 2.651 Get:17 http://deb.debian.org/debian bookworm/main amd64 libx11-6 amd64 2:1.8.4-2+deb12u2 [760 kB]
2026-10-08T15:38:39.4534163Z #9 2.654 Get:18 http://deb.debian.org/debian bookworm/main amd64 libdrm-common all 2.4.114-1 [7112 B]
2026-10-08T15:38:39.4535553Z #9 2.658 Get:19 http://deb.debian.org/debian bookworm/main amd64 libdrm2 amd64 2.4.114-1+b1 [37.5 kB]
2026-10-08T15:38:39.4536832Z #9 2.660 Get:20 http://deb.debian.org/debian bookworm/main amd64 libglapi-mesa amd64 22.3.6-1+deb12u2 [35.9 kB]
2026-10-08T15:38:39.4537692Z #9 2.661 Get:21 http://deb.debian.org/debian bookworm/main amd64 libx11-xcb1 amd64 2:1.8.4-2+deb12u2 [192 kB]
2026-10-08T15:38:39.4539539Z #9 2.662 Get:22 http://deb.debian.org/debian bookworm/main amd64 libxcb-dri2-0 amd64 1.15-1 [107 kB]
2026-10-08T15:38:39.4540929Z #9 2.666 Get:23 http://deb.debian.org/debian bookworm/main amd64 libxcb-dri3-0 amd64 1.15-1 [107 kB]
2026-10-08T15:38:39.4541969Z #9 2.666 Get:24 http://deb.debian.org/debian bookworm/main amd64 libxcb-glx0 amd64 1.15-1 [122 kB]
2026-10-08T15:38:39.4542989Z #9 2.668 Get:25 http://deb.debian.org/debian bookworm/main amd64 libxcb-present0 amd64 1.15-1 [105 kB]
2026-10-08T15:38:39.4543854Z #9 2.669 Get:26 http://deb.debian.org/debian bookworm/main amd64 libxcb-randr0 amd64 1.15-1 [117 kB]
2026-10-08T15:38:39.4544855Z #9 2.671 Get:27 http://deb.debian.org/debian bookworm/main amd64 libxcb-shm0 amd64 1.15-1 [105 kB]
2026-10-08T15:38:39.4545787Z #9 2.672 Get:28 http://deb.debian.org/debian bookworm/main amd64 libxcb-sync1 amd64 1.15-1 [109 kB]
2026-10-08T15:38:39.4546561Z #9 2.674 Get:29 http://deb.debian.org/debian bookworm/main amd64 libxcb-xfixes0 amd64 1.15-1 [109 kB]
2026-10-08T15:38:39.4547390Z #9 2.675 Get:30 http://deb.debian.org/debian bookworm/main amd64 libxext6 amd64 2:1.3.4-1+b1 [52.9 kB]
2026-10-08T15:38:39.4548458Z #9 2.676 Get:31 http://deb.debian.org/debian bookworm/main amd64 libxfixes3 amd64 1:6.0.0-2 [22.7 kB]
2026-10-08T15:38:39.4549231Z #9 2.677 Get:32 http://deb.debian.org/debian bookworm/main amd64 libxshmfence1 amd64 1.3-1 [8820 B]
2026-10-08T15:38:39.4550019Z #9 2.678 Get:33 http://deb.debian.org/debian bookworm/main amd64 libxxf86vm1 amd64 1:1.1.4-1+b2 [20.8 kB]
2026-10-08T15:38:39.4550907Z #9 2.678 Get:34 http://deb.debian.org/debian bookworm/main amd64 libdrm-amdgpu1 amd64 2.4.114-1+b1 [20.9 kB]
2026-10-08T15:38:39.4551721Z #9 2.678 Get:35 http://deb.debian.org/debian bookworm/main amd64 libpciaccess0 amd64 0.17-2 [51.4 kB]
2026-10-08T15:38:39.4552514Z #9 2.679 Get:36 http://deb.debian.org/debian bookworm/main amd64 libdrm-intel1 amd64 2.4.114-1+b1 [64.0 kB]
2026-10-08T15:38:39.4553401Z #9 2.681 Get:37 http://deb.debian.org/debian bookworm/main amd64 libdrm-nouveau2 amd64 2.4.114-1+b1 [19.1 kB]
2026-10-08T15:38:39.4554219Z #9 2.681 Get:38 http://deb.debian.org/debian bookworm/main amd64 libdrm-radeon1 amd64 2.4.114-1+b1 [21.8 kB]
2026-10-08T15:38:39.4555001Z #9 2.682 Get:39 http://deb.debian.org/debian bookworm/main amd64 libelf1 amd64 0.188-2.1 [174 kB]
2026-10-08T15:38:39.4555934Z #9 2.683 Get:40 http://deb.debian.org/debian bookworm/main amd64 libedit2 amd64 3.1-20221030-2 [93.0 kB]
2026-10-08T15:38:39.4556897Z #9 2.686 Get:41 http://deb.debian.org/debian bookworm/main amd64 libicu72 amd64 72.1-3+deb12u1 [9376 kB]
2026-10-08T15:38:39.4558073Z #9 2.725 Get:42 http://deb.debian.org/debian bookworm/main amd64 libxml2 amd64 2.9.14+dfsg-1.3~deb12u6 [689 kB]
2026-10-08T15:38:39.5776083Z #9 2.729 Get:43 http://deb.debian.org/debian bookworm/main amd64 libz3-4 amd64 4.8.12-3.1 [7216 kB]
2026-10-08T15:38:39.5778615Z #9 2.758 Get:44 http://deb.debian.org/debian bookworm/main amd64 libllvm15 amd64 1:15.0.6-4+b1 [23.1 MB]
2026-10-08T15:38:39.5780856Z #9 2.853 Get:45 http://deb.debian.org/debian bookworm/main amd64 libsensors-config all 1:3.6.0-7.1 [14.3 kB]
2026-10-08T15:38:39.7305362Z #9 2.853 Get:46 http://deb.debian.org/debian bookworm/main amd64 libsensors5 amd64 1:3.6.0-7.1 [34.2 kB]
2026-10-08T15:38:39.7306919Z #9 2.854 Get:47 http://deb.debian.org/debian bookworm/main amd64 libgl1-mesa-dri amd64 22.3.6-1+deb12u2 [7240 kB]
2026-10-08T15:38:39.7308624Z #9 2.881 Get:48 http://deb.debian.org/debian bookworm/main amd64 libglx-mesa0 amd64 22.3.6-1+deb12u2 [148 kB]
2026-10-08T15:38:39.7309930Z #9 2.882 Get:49 http://deb.debian.org/debian bookworm/main amd64 libglx0 amd64 1.6.0-1 [34.4 kB]
2026-10-08T15:38:39.7311131Z #9 2.882 Get:50 http://deb.debian.org/debian bookworm/main amd64 libgl1 amd64 1.6.0-1 [88.4 kB]
2026-10-08T15:38:39.7312329Z #9 2.883 Get:51 http://deb.debian.org/debian bookworm/main amd64 x11-common all 1:7.7+23 [252 kB]
2026-10-08T15:38:39.7313545Z #9 2.884 Get:52 http://deb.debian.org/debian bookworm/main amd64 libice6 amd64 2:1.0.10-1 [58.5 kB]
2026-10-08T15:38:39.7314565Z #9 2.885 Get:53 http://deb.debian.org/debian bookworm/main amd64 libsm6 amd64 2:1.2.3-1 [35.1 kB]
2026-10-08T15:38:39.7315839Z #9 2.885 Get:54 http://deb.debian.org/debian bookworm/main amd64 libxt6 amd64 1:1.2.1-1.1 [186 kB]
2026-10-08T15:38:39.7317195Z #9 2.886 Get:55 http://deb.debian.org/debian bookworm/main amd64 libxmu6 amd64 2:1.1.3-3 [60.1 kB]
2026-10-08T15:38:39.7318776Z #9 2.887 Get:56 http://deb.debian.org/debian bookworm/main amd64 libxpm4 amd64 1:3.5.12-1.1+deb12u1 [48.6 kB]
2026-10-08T15:38:39.7320085Z #9 2.887 Get:57 http://deb.debian.org/debian bookworm/main amd64 libxaw7 amd64 2:1.0.14-1 [201 kB]
2026-10-08T15:38:39.7321632Z #9 2.892 Get:58 http://deb.debian.org/debian bookworm/main amd64 libxcb-shape0 amd64 1.15-1 [106 kB]
2026-10-08T15:38:39.7322961Z #9 2.893 Get:59 http://deb.debian.org/debian bookworm/main amd64 libxcomposite1 amd64 1:0.4.5-1 [16.6 kB]
2026-10-08T15:38:39.7324295Z #9 2.893 Get:60 http://deb.debian.org/debian bookworm/main amd64 libxrender1 amd64 1:0.9.10-1.1 [33.2 kB]
2026-10-08T15:38:39.7325536Z #9 2.894 Get:61 http://deb.debian.org/debian bookworm/main amd64 libxft2 amd64 2.3.6-1 [61.8 kB]
2026-10-08T15:38:39.7326734Z #9 2.894 Get:62 http://deb.debian.org/debian bookworm/main amd64 libxi6 amd64 2:1.8-1+b1 [84.2 kB]
2026-10-08T15:38:39.7328169Z #9 2.895 Get:63 http://deb.debian.org/debian bookworm/main amd64 libxinerama1 amd64 2:1.1.4-3 [17.8 kB]
2026-10-08T15:38:39.7329471Z #9 2.896 Get:64 http://deb.debian.org/debian bookworm/main amd64 libxkbfile1 amd64 1:1.1.0-1 [75.2 kB]
2026-10-08T15:38:39.7330717Z #9 2.897 Get:65 http://deb.debian.org/debian bookworm/main amd64 libxmuu1 amd64 2:1.1.3-3 [23.9 kB]
2026-10-08T15:38:39.7331858Z #9 2.897 Get:66 http://deb.debian.org/debian bookworm/main amd64 libxrandr2 amd64 2:1.5.2-2+b1 [39.2 kB]
2026-10-08T15:38:39.7333124Z #9 2.898 Get:67 http://deb.debian.org/debian bookworm/main amd64 libxtst6 amd64 2:1.2.3-1.1 [28.0 kB]
2026-10-08T15:38:39.7334390Z #9 2.900 Get:68 http://deb.debian.org/debian bookworm/main amd64 libxv1 amd64 2:1.0.11-1.1 [24.8 kB]
2026-10-08T15:38:39.7335661Z #9 2.901 Get:69 http://deb.debian.org/debian bookworm/main amd64 libxxf86dga1 amd64 2:1.1.5-1 [22.1 kB]
2026-10-08T15:38:39.7336883Z #9 2.907 Get:70 http://deb.debian.org/debian bookworm/main amd64 x11-utils amd64 7.7+5 [202 kB]
2026-10-08T15:38:39.7338256Z #9 2.908 Get:71 http://deb.debian.org/debian bookworm/main amd64 xdg-utils all 1.1.3-4.1 [75.5 kB]
2026-10-08T15:38:39.7340054Z #9 2.914 Get:72 http://deb.debian.org/debian-security bookworm-security/main amd64 chromium-common amd64 154.0.8037.92-1~deb12u1 [30.5 MB]
2026-10-08T15:38:39.7341529Z #9 3.006 Get:73 http://deb.debian.org/debian bookworm/main amd64 libasound2-data all 1.2.8-1 [20.5 kB]
2026-10-08T15:38:39.9205099Z #9 3.006 Get:74 http://deb.debian.org/debian bookworm/main amd64 libasound2 amd64 1.2.8-1+b1 [362 kB]
2026-10-08T15:38:39.9207645Z #9 3.008 Get:75 http://deb.debian.org/debian bookworm/main amd64 libglib2.0-0 amd64 2.74.6-2+deb12u9 [1403 kB]
2026-10-08T15:38:39.9209147Z #9 3.013 Get:76 http://deb.debian.org/debian bookworm/main amd64 libatk1.0-0 amd64 2.46.0-5 [49.6 kB]
2026-10-08T15:38:39.9210094Z #9 3.014 Get:77 http://deb.debian.org/debian bookworm/main amd64 libdbus-1-3 amd64 1.14.10-1~deb12u1 [201 kB]
2026-10-08T15:38:39.9211734Z #9 3.015 Get:78 http://deb.debian.org/debian bookworm/main amd64 libatspi2.0-0 amd64 2.46.0-5 [75.4 kB]
2026-10-08T15:38:39.9212842Z #9 3.017 Get:79 http://deb.debian.org/debian bookworm/main amd64 libdav1d6 amd64 1.0.0-2+deb12u1 [513 kB]
2026-10-08T15:38:39.9213704Z #9 3.018 Get:80 http://deb.debian.org/debian bookworm/main amd64 libdouble-conversion3 amd64 3.2.1-1 [41.5 kB]
2026-10-08T15:38:39.9214497Z #9 3.019 Get:81 http://deb.debian.org/debian bookworm/main amd64 libogg0 amd64 1.3.5-3 [23.4 kB]
2026-10-08T15:38:39.9215190Z #9 3.019 Get:82 http://deb.debian.org/debian bookworm/main amd64 libflac12 amd64 1.4.2+ds-2 [198 kB]
2026-10-08T15:38:39.9215937Z #9 3.020 Get:83 http://deb.debian.org/debian bookworm/main amd64 libwayland-server0 amd64 1.21.0-1 [35.9 kB]
2026-10-08T15:38:39.9216680Z #9 3.020 Get:84 http://deb.debian.org/debian bookworm/main amd64 libgbm1 amd64 22.3.6-1+deb12u2 [38.1 kB]
2026-10-08T15:38:39.9217452Z #9 3.021 Get:85 http://deb.debian.org/debian bookworm/main amd64 libgraphite2-3 amd64 1.3.14-1+deb12u1 [74.6 kB]
2026-10-08T15:38:39.9218814Z #9 3.021 Get:86 http://deb.debian.org/debian bookworm/main amd64 libharfbuzz0b amd64 6.0.0+dfsg-3 [1945 kB]
2026-10-08T15:38:39.9219629Z #9 3.029 Get:87 http://deb.debian.org/debian bookworm/main amd64 libharfbuzz-subset0 amd64 6.0.0+dfsg-3 [1931 kB]
2026-10-08T15:38:39.9220988Z #9 3.037 Get:88 http://deb.debian.org/debian bookworm/main amd64 libjpeg62-turbo amd64 1:2.1.5-2 [166 kB]
2026-10-08T15:38:39.9222393Z #9 3.038 Get:89 http://deb.debian.org/debian bookworm/main amd64 libminizip1 amd64 1.1-8+deb12u1 [20.1 kB]
2026-10-08T15:38:39.9223746Z #9 3.039 Get:90 http://deb.debian.org/debian bookworm/main amd64 libnspr4 amd64 2:4.35-1 [113 kB]
2026-10-08T15:38:39.9225266Z #9 3.040 Get:91 http://deb.debian.org/debian bookworm/main amd64 libsqlite3-0 amd64 3.40.1-2+deb12u2 [839 kB]
2026-10-08T15:38:39.9226562Z #9 3.043 Get:92 http://deb.debian.org/debian-security bookworm-security/main amd64 libnss3 amd64 2:3.87.1-1+deb12u4 [1331 kB]
2026-10-08T15:38:39.9228066Z #9 3.046 Get:93 http://deb.debian.org/debian bookworm/main amd64 libopenh264-7 amd64 2.3.1+dfsg-3+deb12u2 [393 kB]
2026-10-08T15:38:39.9229262Z #9 3.048 Get:94 http://deb.debian.org/debian bookworm/main amd64 libopus0 amd64 1.3.1-3 [195 kB]
2026-10-08T15:38:39.9230283Z #9 3.049 Get:95 http://deb.debian.org/debian bookworm/main amd64 libasyncns0 amd64 0.8-6+b3 [12.9 kB]
2026-10-08T15:38:39.9231315Z #9 3.049 Get:96 http://deb.debian.org/debian bookworm/main amd64 libmp3lame0 amd64 3.100-6 [365 kB]
2026-10-08T15:38:39.9232394Z #9 3.051 Get:97 http://deb.debian.org/debian bookworm/main amd64 libmpg123-0 amd64 1.31.2-1+deb12u1 [147 kB]
2026-10-08T15:38:39.9233465Z #9 3.052 Get:98 http://deb.debian.org/debian bookworm/main amd64 libvorbis0a amd64 1.3.7-1 [93.0 kB]
2026-10-08T15:38:39.9234707Z #9 3.052 Get:99 http://deb.debian.org/debian bookworm/main amd64 libvorbisenc2 amd64 1.3.7-1 [80.6 kB]
2026-10-08T15:38:39.9235815Z #9 3.053 Get:100 http://deb.debian.org/debian bookworm/main amd64 libsndfile1 amd64 1.2.0-1+deb12u1 [197 kB]
2026-10-08T15:38:39.9236929Z #9 3.054 Get:101 http://deb.debian.org/debian bookworm/main amd64 libpulse0 amd64 16.1+dfsg1-2+b1 [274 kB]
2026-10-08T15:38:39.9238703Z #9 3.055 Get:102 http://deb.debian.org/debian bookworm/main amd64 libxdamage1 amd64 1:1.1.6-1 [15.1 kB]
2026-10-08T15:38:39.9239928Z #9 3.057 Get:103 http://deb.debian.org/debian bookworm/main amd64 xkb-data all 2.35.1-1 [764 kB]
2026-10-08T15:38:39.9240962Z #9 3.060 Get:104 http://deb.debian.org/debian bookworm/main amd64 libxkbcommon0 amd64 1.5.0-1 [106 kB]
2026-10-08T15:38:39.9242103Z #9 3.061 Get:105 http://deb.debian.org/debian bookworm/main amd64 libxnvctrl0 amd64 525.85.05-3~deb12u1 [13.5 kB]
2026-10-08T15:38:39.9243550Z #9 3.062 Get:106 http://deb.debian.org/debian-security bookworm-security/main amd64 chromium-headless-shell amd64 154.0.8037.92-1~deb12u1 [61.2 MB]
2026-10-08T15:38:39.9244830Z #9 3.196 Get:107 http://deb.debian.org/debian bookworm/main amd64 tini amd64 0.19.0-1+b3 [267 kB]
2026-10-08T15:38:40.0260332Z #9 3.301 debconf: delaying package configuration, since apt-utils is not installed
2026-10-08T15:38:40.1271107Z #9 3.328 Fetched 160 MB in 1s (236 MB/s)
2026-10-08T15:38:40.1272380Z #9 3.341 Selecting previously unselected package at-spi2-common.
2026-10-08T15:38:40.1273099Z #9 3.341 (Reading database ... 
2026-10-08T15:38:40.1273623Z (Reading database ... 5%
2026-10-08T15:38:40.1273993Z (Reading database ... 10%
2026-10-08T15:38:40.1274261Z (Reading database ... 15%
2026-10-08T15:38:40.1274523Z (Reading database ... 20%
2026-10-08T15:38:40.1274766Z (Reading database ... 25%
2026-10-08T15:38:40.1275194Z (Reading database ... 30%
2026-10-08T15:38:40.1275513Z (Reading database ... 35%
2026-10-08T15:38:40.1275756Z (Reading database ... 40%
2026-10-08T15:38:40.1276012Z (Reading database ... 45%
2026-10-08T15:38:40.1276537Z (Reading database ... 50%
2026-10-08T15:38:40.1276986Z (Reading database ... 55%
2026-10-08T15:38:40.1277246Z (Reading database ... 60%
2026-10-08T15:38:40.1277489Z (Reading database ... 65%
2026-10-08T15:38:40.1278168Z (Reading database ... 70%
2026-10-08T15:38:40.1278448Z (Reading database ... 75%
2026-10-08T15:38:40.1278719Z (Reading database ... 80%
2026-10-08T15:38:40.1279080Z (Reading database ... 85%
2026-10-08T15:38:40.1279468Z (Reading database ... 90%
2026-10-08T15:38:40.1279717Z (Reading database ... 95%
2026-10-08T15:38:40.1280055Z (Reading database ... 100%
2026-10-08T15:38:40.1281131Z (Reading database ... 6096 files and directories currently installed.)
2026-10-08T15:38:40.1282121Z #9 3.348 Preparing to unpack .../000-at-spi2-common_2.46.0-5_all.deb ...
2026-10-08T15:38:40.1282908Z #9 3.349 Unpacking at-spi2-common (2.46.0-5) ...
2026-10-08T15:38:40.1283745Z #9 3.382 Selecting previously unselected package bubblewrap.
2026-10-08T15:38:40.1284559Z #9 3.383 Preparing to unpack .../001-bubblewrap_0.8.0-2+deb12u1_amd64.deb ...
2026-10-08T15:38:40.1285047Z #9 3.384 Unpacking bubblewrap (0.8.0-2+deb12u1) ...
2026-10-08T15:38:40.1285520Z #9 3.401 Selecting previously unselected package libexpat1:amd64.
2026-10-08T15:38:40.1286058Z #9 3.403 Preparing to unpack .../002-libexpat1_2.5.0-1+deb12u4_amd64.deb ...
2026-10-08T15:38:40.2486298Z #9 3.404 Unpacking libexpat1:amd64 (2.5.0-1+deb12u4) ...
2026-10-08T15:38:40.2487172Z #9 3.424 Selecting previously unselected package libbrotli1:amd64.
2026-10-08T15:38:40.2488223Z #9 3.425 Preparing to unpack .../003-libbrotli1_1.0.9-2+b6_amd64.deb ...
2026-10-08T15:38:40.2489012Z #9 3.426 Unpacking libbrotli1:amd64 (1.0.9-2+b6) ...
2026-10-08T15:38:40.2489766Z #9 3.458 Selecting previously unselected package libpng16-16:amd64.
2026-10-08T15:38:40.2490663Z #9 3.459 Preparing to unpack .../004-libpng16-16_1.6.39-2+deb12u6_amd64.deb ...
2026-10-08T15:38:40.2491460Z #9 3.460 Unpacking libpng16-16:amd64 (1.6.39-2+deb12u6) ...
2026-10-08T15:38:40.2492252Z #9 3.486 Selecting previously unselected package libfreetype6:amd64.
2026-10-08T15:38:40.2493176Z #9 3.488 Preparing to unpack .../005-libfreetype6_2.12.1+dfsg-5+deb12u4_amd64.deb ...
2026-10-08T15:38:40.2494048Z #9 3.488 Unpacking libfreetype6:amd64 (2.12.1+dfsg-5+deb12u4) ...
2026-10-08T15:38:40.2495201Z #9 3.524 Selecting previously unselected package fonts-dejavu-core.
2026-10-08T15:38:40.4346964Z #9 3.526 Preparing to unpack .../006-fonts-dejavu-core_2.37-6_all.deb ...
2026-10-08T15:38:40.4347985Z #9 3.526 Unpacking fonts-dejavu-core (2.37-6) ...
2026-10-08T15:38:40.4348623Z #9 3.611 Selecting previously unselected package fontconfig-config.
2026-10-08T15:38:40.4349261Z #9 3.612 Preparing to unpack .../007-fontconfig-config_2.14.1-4_amd64.deb ...
2026-10-08T15:38:40.4349793Z #9 3.710 Unpacking fontconfig-config (2.14.1-4) ...
2026-10-08T15:38:40.5401643Z #9 3.739 Selecting previously unselected package libfontconfig1:amd64.
2026-10-08T15:38:40.5402653Z #9 3.740 Preparing to unpack .../008-libfontconfig1_2.14.1-4_amd64.deb ...
2026-10-08T15:38:40.5403827Z #9 3.741 Unpacking libfontconfig1:amd64 (2.14.1-4) ...
2026-10-08T15:38:40.5404788Z #9 3.762 Selecting previously unselected package libfontenc1:amd64.
2026-10-08T15:38:40.5405810Z #9 3.764 Preparing to unpack .../009-libfontenc1_1%3a1.1.4-1_amd64.deb ...
2026-10-08T15:38:40.5406740Z #9 3.765 Unpacking libfontenc1:amd64 (1:1.1.4-1) ...
2026-10-08T15:38:40.5407564Z #9 3.779 Selecting previously unselected package libglvnd0:amd64.
2026-10-08T15:38:40.5409153Z #9 3.780 Preparing to unpack .../010-libglvnd0_1.6.0-1_amd64.deb ...
2026-10-08T15:38:40.5409974Z #9 3.781 Unpacking libglvnd0:amd64 (1.6.0-1) ...
2026-10-08T15:38:40.5410763Z #9 3.799 Selecting previously unselected package libxau6:amd64.
2026-10-08T15:38:40.5411657Z #9 3.800 Preparing to unpack .../011-libxau6_1%3a1.0.9-1_amd64.deb ...
2026-10-08T15:38:40.5412458Z #9 3.801 Unpacking libxau6:amd64 (1:1.0.9-1) ...
2026-10-08T15:38:40.5413339Z #9 3.815 Selecting previously unselected package libbsd0:amd64.
2026-10-08T15:38:40.6567183Z #9 3.816 Preparing to unpack .../012-libbsd0_0.11.7-2_amd64.deb ...
2026-10-08T15:38:40.6568563Z #9 3.817 Unpacking libbsd0:amd64 (0.11.7-2) ...
2026-10-08T15:38:40.6569384Z #9 3.836 Selecting previously unselected package libxdmcp6:amd64.
2026-10-08T15:38:40.6570278Z #9 3.837 Preparing to unpack .../013-libxdmcp6_1%3a1.1.2-3_amd64.deb ...
2026-10-08T15:38:40.6571036Z #9 3.838 Unpacking libxdmcp6:amd64 (1:1.1.2-3) ...
2026-10-08T15:38:40.6571762Z #9 3.852 Selecting previously unselected package libxcb1:amd64.
2026-10-08T15:38:40.6572858Z #9 3.853 Preparing to unpack .../014-libxcb1_1.15-1_amd64.deb ...
2026-10-08T15:38:40.6573544Z #9 3.854 Unpacking libxcb1:amd64 (1.15-1) ...
2026-10-08T15:38:40.6574231Z #9 3.872 Selecting previously unselected package libx11-data.
2026-10-08T15:38:40.6575093Z #9 3.873 Preparing to unpack .../015-libx11-data_2%3a1.8.4-2+deb12u2_all.deb ...
2026-10-08T15:38:40.6575874Z #9 3.873 Unpacking libx11-data (2:1.8.4-2+deb12u2) ...
2026-10-08T15:38:40.6576616Z #9 3.932 Selecting previously unselected package libx11-6:amd64.
2026-10-08T15:38:40.7639192Z #9 3.934 Preparing to unpack .../016-libx11-6_2%3a1.8.4-2+deb12u2_amd64.deb ...
2026-10-08T15:38:40.7639863Z #9 3.935 Unpacking libx11-6:amd64 (2:1.8.4-2+deb12u2) ...
2026-10-08T15:38:40.7640674Z #9 3.987 Selecting previously unselected package libdrm-common.
2026-10-08T15:38:40.7641707Z #9 3.988 Preparing to unpack .../017-libdrm-common_2.4.114-1_all.deb ...
2026-10-08T15:38:40.7642492Z #9 3.989 Unpacking libdrm-common (2.4.114-1) ...
2026-10-08T15:38:40.7643250Z #9 4.003 Selecting previously unselected package libdrm2:amd64.
2026-10-08T15:38:40.7644073Z #9 4.004 Preparing to unpack .../018-libdrm2_2.4.114-1+b1_amd64.deb ...
2026-10-08T15:38:40.7644792Z #9 4.005 Unpacking libdrm2:amd64 (2.4.114-1+b1) ...
2026-10-08T15:38:40.7645558Z #9 4.020 Selecting previously unselected package libglapi-mesa:amd64.
2026-10-08T15:38:40.7646464Z #9 4.022 Preparing to unpack .../019-libglapi-mesa_22.3.6-1+deb12u2_amd64.deb ...
2026-10-08T15:38:40.7647297Z #9 4.023 Unpacking libglapi-mesa:amd64 (22.3.6-1+deb12u2) ...
2026-10-08T15:38:40.7648287Z #9 4.039 Selecting previously unselected package libx11-xcb1:amd64.
2026-10-08T15:38:40.8720889Z #9 4.041 Preparing to unpack .../020-libx11-xcb1_2%3a1.8.4-2+deb12u2_amd64.deb ...
2026-10-08T15:38:40.8722160Z #9 4.042 Unpacking libx11-xcb1:amd64 (2:1.8.4-2+deb12u2) ...
2026-10-08T15:38:40.8722759Z #9 4.059 Selecting previously unselected package libxcb-dri2-0:amd64.
2026-10-08T15:38:40.8723399Z #9 4.061 Preparing to unpack .../021-libxcb-dri2-0_1.15-1_amd64.deb ...
2026-10-08T15:38:40.8723950Z #9 4.061 Unpacking libxcb-dri2-0:amd64 (1.15-1) ...
2026-10-08T15:38:40.8724519Z #9 4.081 Selecting previously unselected package libxcb-dri3-0:amd64.
2026-10-08T15:38:40.8725116Z #9 4.082 Preparing to unpack .../022-libxcb-dri3-0_1.15-1_amd64.deb ...
2026-10-08T15:38:40.8725636Z #9 4.083 Unpacking libxcb-dri3-0:amd64 (1.15-1) ...
2026-10-08T15:38:40.8726186Z #9 4.101 Selecting previously unselected package libxcb-glx0:amd64.
2026-10-08T15:38:40.8726760Z #9 4.103 Preparing to unpack .../023-libxcb-glx0_1.15-1_amd64.deb ...
2026-10-08T15:38:40.8727269Z #9 4.104 Unpacking libxcb-glx0:amd64 (1.15-1) ...
2026-10-08T15:38:40.8728062Z #9 4.127 Selecting previously unselected package libxcb-present0:amd64.
2026-10-08T15:38:40.8728820Z #9 4.128 Preparing to unpack .../024-libxcb-present0_1.15-1_amd64.deb ...
2026-10-08T15:38:40.8729699Z #9 4.129 Unpacking libxcb-present0:amd64 (1.15-1) ...
2026-10-08T15:38:40.8730641Z #9 4.148 Selecting previously unselected package libxcb-randr0:amd64.
2026-10-08T15:38:40.9763631Z #9 4.149 Preparing to unpack .../025-libxcb-randr0_1.15-1_amd64.deb ...
2026-10-08T15:38:40.9764961Z #9 4.150 Unpacking libxcb-randr0:amd64 (1.15-1) ...
2026-10-08T15:38:40.9775259Z #9 4.169 Selecting previously unselected package libxcb-shm0:amd64.
2026-10-08T15:38:40.9777027Z #9 4.171 Preparing to unpack .../026-libxcb-shm0_1.15-1_amd64.deb ...
2026-10-08T15:38:40.9778622Z #9 4.171 Unpacking libxcb-shm0:amd64 (1.15-1) ...
2026-10-08T15:38:40.9779321Z #9 4.191 Selecting previously unselected package libxcb-sync1:amd64.
2026-10-08T15:38:40.9780431Z #9 4.192 Preparing to unpack .../027-libxcb-sync1_1.15-1_amd64.deb ...
2026-10-08T15:38:40.9781305Z #9 4.193 Unpacking libxcb-sync1:amd64 (1.15-1) ...
2026-10-08T15:38:40.9781909Z #9 4.212 Selecting previously unselected package libxcb-xfixes0:amd64.
2026-10-08T15:38:40.9782876Z #9 4.213 Preparing to unpack .../028-libxcb-xfixes0_1.15-1_amd64.deb ...
2026-10-08T15:38:40.9783796Z #9 4.214 Unpacking libxcb-xfixes0:amd64 (1.15-1) ...
2026-10-08T15:38:40.9785269Z #9 4.234 Selecting previously unselected package libxext6:amd64.
2026-10-08T15:38:40.9786457Z #9 4.235 Preparing to unpack .../029-libxext6_2%3a1.3.4-1+b1_amd64.deb ...
2026-10-08T15:38:40.9787339Z #9 4.236 Unpacking libxext6:amd64 (2:1.3.4-1+b1) ...
2026-10-08T15:38:40.9788414Z #9 4.252 Selecting previously unselected package libxfixes3:amd64.
2026-10-08T15:38:41.0790107Z #9 4.253 Preparing to unpack .../030-libxfixes3_1%3a6.0.0-2_amd64.deb ...
2026-10-08T15:38:41.0791158Z #9 4.254 Unpacking libxfixes3:amd64 (1:6.0.0-2) ...
2026-10-08T15:38:41.0792177Z #9 4.269 Selecting previously unselected package libxshmfence1:amd64.
2026-10-08T15:38:41.0793140Z #9 4.270 Preparing to unpack .../031-libxshmfence1_1.3-1_amd64.deb ...
2026-10-08T15:38:41.0793653Z #9 4.271 Unpacking libxshmfence1:amd64 (1.3-1) ...
2026-10-08T15:38:41.0794121Z #9 4.284 Selecting previously unselected package libxxf86vm1:amd64.
2026-10-08T15:38:41.0794679Z #9 4.286 Preparing to unpack .../032-libxxf86vm1_1%3a1.1.4-1+b2_amd64.deb ...
2026-10-08T15:38:41.0795177Z #9 4.286 Unpacking libxxf86vm1:amd64 (1:1.1.4-1+b2) ...
2026-10-08T15:38:41.0795661Z #9 4.300 Selecting previously unselected package libdrm-amdgpu1:amd64.
2026-10-08T15:38:41.0796224Z #9 4.301 Preparing to unpack .../033-libdrm-amdgpu1_2.4.114-1+b1_amd64.deb ...
2026-10-08T15:38:41.0796729Z #9 4.302 Unpacking libdrm-amdgpu1:amd64 (2.4.114-1+b1) ...
2026-10-08T15:38:41.0797433Z #9 4.317 Selecting previously unselected package libpciaccess0:amd64.
2026-10-08T15:38:41.0798650Z #9 4.318 Preparing to unpack .../034-libpciaccess0_0.17-2_amd64.deb ...
2026-10-08T15:38:41.0799427Z #9 4.318 Unpacking libpciaccess0:amd64 (0.17-2) ...
2026-10-08T15:38:41.0800076Z #9 4.335 Selecting previously unselected package libdrm-intel1:amd64.
2026-10-08T15:38:41.0801453Z #9 4.336 Preparing to unpack .../035-libdrm-intel1_2.4.114-1+b1_amd64.deb ...
2026-10-08T15:38:41.0801981Z #9 4.336 Unpacking libdrm-intel1:amd64 (2.4.114-1+b1) ...
2026-10-08T15:38:41.0802500Z #9 4.354 Selecting previously unselected package libdrm-nouveau2:amd64.
2026-10-08T15:38:41.3122318Z #9 4.356 Preparing to unpack .../036-libdrm-nouveau2_2.4.114-1+b1_amd64.deb ...
2026-10-08T15:38:41.3123563Z #9 4.357 Unpacking libdrm-nouveau2:amd64 (2.4.114-1+b1) ...
2026-10-08T15:38:41.3124889Z #9 4.371 Selecting previously unselected package libdrm-radeon1:amd64.
2026-10-08T15:38:41.3125981Z #9 4.373 Preparing to unpack .../037-libdrm-radeon1_2.4.114-1+b1_amd64.deb ...
2026-10-08T15:38:41.3126905Z #9 4.373 Unpacking libdrm-radeon1:amd64 (2.4.114-1+b1) ...
2026-10-08T15:38:41.3127979Z #9 4.388 Selecting previously unselected package libelf1:amd64.
2026-10-08T15:38:41.3128896Z #9 4.389 Preparing to unpack .../038-libelf1_0.188-2.1_amd64.deb ...
2026-10-08T15:38:41.3129706Z #9 4.390 Unpacking libelf1:amd64 (0.188-2.1) ...
2026-10-08T15:38:41.3130510Z #9 4.415 Selecting previously unselected package libedit2:amd64.
2026-10-08T15:38:41.3131444Z #9 4.416 Preparing to unpack .../039-libedit2_3.1-20221030-2_amd64.deb ...
2026-10-08T15:38:41.3132299Z #9 4.417 Unpacking libedit2:amd64 (3.1-20221030-2) ...
2026-10-08T15:38:41.3133129Z #9 4.435 Selecting previously unselected package libicu72:amd64.
2026-10-08T15:38:41.3134134Z #9 4.436 Preparing to unpack .../040-libicu72_72.1-3+deb12u1_amd64.deb ...
2026-10-08T15:38:41.3134987Z #9 4.437 Unpacking libicu72:amd64 (72.1-3+deb12u1) ...
2026-10-08T15:38:41.6237439Z #9 4.899 Selecting previously unselected package libxml2:amd64.
2026-10-08T15:38:41.8288407Z #9 4.901 Preparing to unpack .../041-libxml2_2.9.14+dfsg-1.3~deb12u6_amd64.deb ...
2026-10-08T15:38:41.8289426Z #9 4.901 Unpacking libxml2:amd64 (2.9.14+dfsg-1.3~deb12u6) ...
2026-10-08T15:38:41.8290266Z #9 4.952 Selecting previously unselected package libz3-4:amd64.
2026-10-08T15:38:41.8291194Z #9 4.953 Preparing to unpack .../042-libz3-4_4.8.12-3.1_amd64.deb ...
2026-10-08T15:38:41.8291982Z #9 4.954 Unpacking libz3-4:amd64 (4.8.12-3.1) ...
2026-10-08T15:38:42.1218446Z #9 5.397 Selecting previously unselected package libllvm15:amd64.
2026-10-08T15:38:42.2744460Z #9 5.398 Preparing to unpack .../043-libllvm15_1%3a15.0.6-4+b1_amd64.deb ...
2026-10-08T15:38:42.2745668Z #9 5.399 Unpacking libllvm15:amd64 (1:15.0.6-4+b1) ...
2026-10-08T15:38:42.8905854Z #9 6.166 Selecting previously unselected package libsensors-config.
2026-10-08T15:38:43.0850738Z #9 6.167 Preparing to unpack .../044-libsensors-config_1%3a3.6.0-7.1_all.deb ...
2026-10-08T15:38:43.0851696Z #9 6.168 Unpacking libsensors-config (1:3.6.0-7.1) ...
2026-10-08T15:38:43.0852536Z #9 6.184 Selecting previously unselected package libsensors5:amd64.
2026-10-08T15:38:43.0853524Z #9 6.185 Preparing to unpack .../045-libsensors5_1%3a3.6.0-7.1_amd64.deb ...
2026-10-08T15:38:43.0854377Z #9 6.189 Unpacking libsensors5:amd64 (1:3.6.0-7.1) ...
2026-10-08T15:38:43.0855250Z #9 6.204 Selecting previously unselected package libgl1-mesa-dri:amd64.
2026-10-08T15:38:43.0856272Z #9 6.205 Preparing to unpack .../046-libgl1-mesa-dri_22.3.6-1+deb12u2_amd64.deb ...
2026-10-08T15:38:43.0857211Z #9 6.210 Unpacking libgl1-mesa-dri:amd64 (22.3.6-1+deb12u2) ...
2026-10-08T15:38:43.3548991Z #9 6.630 Selecting previously unselected package libglx-mesa0:amd64.
2026-10-08T15:38:43.4665359Z #9 6.632 Preparing to unpack .../047-libglx-mesa0_22.3.6-1+deb12u2_amd64.deb ...
2026-10-08T15:38:43.4666321Z #9 6.633 Unpacking libglx-mesa0:amd64 (22.3.6-1+deb12u2) ...
2026-10-08T15:38:43.4667122Z #9 6.656 Selecting previously unselected package libglx0:amd64.
2026-10-08T15:38:43.4668206Z #9 6.657 Preparing to unpack .../048-libglx0_1.6.0-1_amd64.deb ...
2026-10-08T15:38:43.4668880Z #9 6.658 Unpacking libglx0:amd64 (1.6.0-1) ...
2026-10-08T15:38:43.4669577Z #9 6.677 Selecting previously unselected package libgl1:amd64.
2026-10-08T15:38:43.4670333Z #9 6.679 Preparing to unpack .../049-libgl1_1.6.0-1_amd64.deb ...
2026-10-08T15:38:43.4671312Z #9 6.680 Unpacking libgl1:amd64 (1.6.0-1) ...
2026-10-08T15:38:43.4671958Z #9 6.700 Selecting previously unselected package x11-common.
2026-10-08T15:38:43.4672712Z #9 6.701 Preparing to unpack .../050-x11-common_1%3a7.7+23_all.deb ...
2026-10-08T15:38:43.4673388Z #9 6.702 Unpacking x11-common (1:7.7+23) ...
2026-10-08T15:38:43.4674048Z #9 6.723 Selecting previously unselected package libice6:amd64.
2026-10-08T15:38:43.4674832Z #9 6.725 Preparing to unpack .../051-libice6_2%3a1.0.10-1_amd64.deb ...
2026-10-08T15:38:43.4675517Z #9 6.725 Unpacking libice6:amd64 (2:1.0.10-1) ...
2026-10-08T15:38:43.4676201Z #9 6.742 Selecting previously unselected package libsm6:amd64.
2026-10-08T15:38:43.5773131Z #9 6.744 Preparing to unpack .../052-libsm6_2%3a1.2.3-1_amd64.deb ...
2026-10-08T15:38:43.5773971Z #9 6.745 Unpacking libsm6:amd64 (2:1.2.3-1) ...
2026-10-08T15:38:43.5774730Z #9 6.760 Selecting previously unselected package libxt6:amd64.
2026-10-08T15:38:43.5775656Z #9 6.762 Preparing to unpack .../053-libxt6_1%3a1.2.1-1.1_amd64.deb ...
2026-10-08T15:38:43.5776418Z #9 6.762 Unpacking libxt6:amd64 (1:1.2.1-1.1) ...
2026-10-08T15:38:43.5777167Z #9 6.788 Selecting previously unselected package libxmu6:amd64.
2026-10-08T15:38:43.5778286Z #9 6.789 Preparing to unpack .../054-libxmu6_2%3a1.1.3-3_amd64.deb ...
2026-10-08T15:38:43.5779057Z #9 6.790 Unpacking libxmu6:amd64 (2:1.1.3-3) ...
2026-10-08T15:38:43.5779847Z #9 6.807 Selecting previously unselected package libxpm4:amd64.
2026-10-08T15:38:43.5780804Z #9 6.808 Preparing to unpack .../055-libxpm4_1%3a3.5.12-1.1+deb12u1_amd64.deb ...
2026-10-08T15:38:43.5781693Z #9 6.809 Unpacking libxpm4:amd64 (1:3.5.12-1.1+deb12u1) ...
2026-10-08T15:38:43.5782477Z #9 6.824 Selecting previously unselected package libxaw7:amd64.
2026-10-08T15:38:43.5783401Z #9 6.825 Preparing to unpack .../056-libxaw7_2%3a1.0.14-1_amd64.deb ...
2026-10-08T15:38:43.5784241Z #9 6.826 Unpacking libxaw7:amd64 (2:1.0.14-1) ...
2026-10-08T15:38:43.5785052Z #9 6.853 Selecting previously unselected package libxcb-shape0:amd64.
2026-10-08T15:38:43.6899644Z #9 6.854 Preparing to unpack .../057-libxcb-shape0_1.15-1_amd64.deb ...
2026-10-08T15:38:43.6901009Z #9 6.855 Unpacking libxcb-shape0:amd64 (1.15-1) ...
2026-10-08T15:38:43.6902288Z #9 6.874 Selecting previously unselected package libxcomposite1:amd64.
2026-10-08T15:38:43.6902999Z #9 6.875 Preparing to unpack .../058-libxcomposite1_1%3a0.4.5-1_amd64.deb ...
2026-10-08T15:38:43.6903609Z #9 6.876 Unpacking libxcomposite1:amd64 (1:0.4.5-1) ...
2026-10-08T15:38:43.6904183Z #9 6.894 Selecting previously unselected package libxrender1:amd64.
2026-10-08T15:38:43.6904827Z #9 6.895 Preparing to unpack .../059-libxrender1_1%3a0.9.10-1.1_amd64.deb ...
2026-10-08T15:38:43.6905395Z #9 6.896 Unpacking libxrender1:amd64 (1:0.9.10-1.1) ...
2026-10-08T15:38:43.6906019Z #9 6.911 Selecting previously unselected package libxft2:amd64.
2026-10-08T15:38:43.6906883Z #9 6.912 Preparing to unpack .../060-libxft2_2.3.6-1_amd64.deb ...
2026-10-08T15:38:43.6909153Z #9 6.913 Unpacking libxft2:amd64 (2.3.6-1) ...
2026-10-08T15:38:43.6910097Z #9 6.930 Selecting previously unselected package libxi6:amd64.
2026-10-08T15:38:43.6910712Z #9 6.931 Preparing to unpack .../061-libxi6_2%3a1.8-1+b1_amd64.deb ...
2026-10-08T15:38:43.6911278Z #9 6.932 Unpacking libxi6:amd64 (2:1.8-1+b1) ...
2026-10-08T15:38:43.6912069Z #9 6.950 Selecting previously unselected package libxinerama1:amd64.
2026-10-08T15:38:43.6912717Z #9 6.951 Preparing to unpack .../062-libxinerama1_2%3a1.1.4-3_amd64.deb ...
2026-10-08T15:38:43.6913298Z #9 6.951 Unpacking libxinerama1:amd64 (2:1.1.4-3) ...
2026-10-08T15:38:43.6913847Z #9 6.966 Selecting previously unselected package libxkbfile1:amd64.
2026-10-08T15:38:43.7949208Z #9 6.967 Preparing to unpack .../063-libxkbfile1_1%3a1.1.0-1_amd64.deb ...
2026-10-08T15:38:43.7950765Z #9 6.968 Unpacking libxkbfile1:amd64 (1:1.1.0-1) ...
2026-10-08T15:38:43.7951333Z #9 6.985 Selecting previously unselected package libxmuu1:amd64.
2026-10-08T15:38:43.7952230Z #9 6.986 Preparing to unpack .../064-libxmuu1_2%3a1.1.3-3_amd64.deb ...
2026-10-08T15:38:43.7952781Z #9 6.987 Unpacking libxmuu1:amd64 (2:1.1.3-3) ...
2026-10-08T15:38:43.7953359Z #9 7.005 Selecting previously unselected package libxrandr2:amd64.
2026-10-08T15:38:43.7954007Z #9 7.006 Preparing to unpack .../065-libxrandr2_2%3a1.5.2-2+b1_amd64.deb ...
2026-10-08T15:38:43.7954583Z #9 7.006 Unpacking libxrandr2:amd64 (2:1.5.2-2+b1) ...
2026-10-08T15:38:43.7955117Z #9 7.022 Selecting previously unselected package libxtst6:amd64.
2026-10-08T15:38:43.7955832Z #9 7.023 Preparing to unpack .../066-libxtst6_2%3a1.2.3-1.1_amd64.deb ...
2026-10-08T15:38:43.7956754Z #9 7.023 Unpacking libxtst6:amd64 (2:1.2.3-1.1) ...
2026-10-08T15:38:43.7957654Z #9 7.038 Selecting previously unselected package libxv1:amd64.
2026-10-08T15:38:43.7958684Z #9 7.039 Preparing to unpack .../067-libxv1_2%3a1.0.11-1.1_amd64.deb ...
2026-10-08T15:38:43.7959505Z #9 7.039 Unpacking libxv1:amd64 (2:1.0.11-1.1) ...
2026-10-08T15:38:43.7960128Z #9 7.054 Selecting previously unselected package libxxf86dga1:amd64.
2026-10-08T15:38:43.7960879Z #9 7.055 Preparing to unpack .../068-libxxf86dga1_2%3a1.1.5-1_amd64.deb ...
2026-10-08T15:38:43.7961425Z #9 7.056 Unpacking libxxf86dga1:amd64 (2:1.1.5-1) ...
2026-10-08T15:38:43.7961931Z #9 7.070 Selecting previously unselected package x11-utils.
2026-10-08T15:38:44.0022743Z #9 7.072 Preparing to unpack .../069-x11-utils_7.7+5_amd64.deb ...
2026-10-08T15:38:44.0023755Z #9 7.073 Unpacking x11-utils (7.7+5) ...
2026-10-08T15:38:44.0024908Z #9 7.102 Selecting previously unselected package xdg-utils.
2026-10-08T15:38:44.0026058Z #9 7.103 Preparing to unpack .../070-xdg-utils_1.1.3-4.1_all.deb ...
2026-10-08T15:38:44.0027048Z #9 7.107 Unpacking xdg-utils (1.1.3-4.1) ...
2026-10-08T15:38:44.0028255Z #9 7.125 Selecting previously unselected package chromium-common.
2026-10-08T15:38:44.0029542Z #9 7.126 Preparing to unpack .../071-chromium-common_154.0.8037.92-1~deb12u1_amd64.deb ...
2026-10-08T15:38:44.0031078Z #9 7.127 Unpacking chromium-common (154.0.8037.92-1~deb12u1) ...
2026-10-08T15:38:44.4079889Z #9 7.683 Selecting previously unselected package libasound2-data.
2026-10-08T15:38:44.5758875Z #9 7.685 Preparing to unpack .../072-libasound2-data_1.2.8-1_all.deb ...
2026-10-08T15:38:44.5760498Z #9 7.686 Unpacking libasound2-data (1.2.8-1) ...
2026-10-08T15:38:44.5761470Z #9 7.714 Selecting previously unselected package libasound2:amd64.
2026-10-08T15:38:44.5762691Z #9 7.715 Preparing to unpack .../073-libasound2_1.2.8-1+b1_amd64.deb ...
2026-10-08T15:38:44.5763272Z #9 7.716 Unpacking libasound2:amd64 (1.2.8-1+b1) ...
2026-10-08T15:38:44.5763836Z #9 7.753 Selecting previously unselected package libglib2.0-0:amd64.
2026-10-08T15:38:44.5764468Z #9 7.754 Preparing to unpack .../074-libglib2.0-0_2.74.6-2+deb12u9_amd64.deb ...
2026-10-08T15:38:44.5765048Z #9 7.755 Unpacking libglib2.0-0:amd64 (2.74.6-2+deb12u9) ...
2026-10-08T15:38:44.5765602Z #9 7.851 Selecting previously unselected package libatk1.0-0:amd64.
2026-10-08T15:38:44.6955272Z #9 7.853 Preparing to unpack .../075-libatk1.0-0_2.46.0-5_amd64.deb ...
2026-10-08T15:38:44.6955947Z #9 7.854 Unpacking libatk1.0-0:amd64 (2.46.0-5) ...
2026-10-08T15:38:44.6978170Z #9 7.872 Selecting previously unselected package libdbus-1-3:amd64.
2026-10-08T15:38:44.6979194Z #9 7.873 Preparing to unpack .../076-libdbus-1-3_1.14.10-1~deb12u1_amd64.deb ...
2026-10-08T15:38:44.6980178Z #9 7.874 Unpacking libdbus-1-3:amd64 (1.14.10-1~deb12u1) ...
2026-10-08T15:38:44.6980907Z #9 7.900 Selecting previously unselected package libatspi2.0-0:amd64.
2026-10-08T15:38:44.6981888Z #9 7.901 Preparing to unpack .../077-libatspi2.0-0_2.46.0-5_amd64.deb ...
2026-10-08T15:38:44.6982813Z #9 7.902 Unpacking libatspi2.0-0:amd64 (2.46.0-5) ...
2026-10-08T15:38:44.6983581Z #9 7.921 Selecting previously unselected package libdav1d6:amd64.
2026-10-08T15:38:44.6984174Z #9 7.922 Preparing to unpack .../078-libdav1d6_1.0.0-2+deb12u1_amd64.deb ...
2026-10-08T15:38:44.6984717Z #9 7.923 Unpacking libdav1d6:amd64 (1.0.0-2+deb12u1) ...
2026-10-08T15:38:44.6985607Z #9 7.971 Selecting previously unselected package libdouble-conversion3:amd64.
2026-10-08T15:38:44.8078889Z #9 7.972 Preparing to unpack .../079-libdouble-conversion3_3.2.1-1_amd64.deb ...
2026-10-08T15:38:44.8080026Z #9 7.974 Unpacking libdouble-conversion3:amd64 (3.2.1-1) ...
2026-10-08T15:38:44.8080957Z #9 7.993 Selecting previously unselected package libogg0:amd64.
2026-10-08T15:38:44.8081918Z #9 7.994 Preparing to unpack .../080-libogg0_1.3.5-3_amd64.deb ...
2026-10-08T15:38:44.8082666Z #9 7.995 Unpacking libogg0:amd64 (1.3.5-3) ...
2026-10-08T15:38:44.8083247Z #9 8.010 Selecting previously unselected package libflac12:amd64.
2026-10-08T15:38:44.8083910Z #9 8.012 Preparing to unpack .../081-libflac12_1.4.2+ds-2_amd64.deb ...
2026-10-08T15:38:44.8084514Z #9 8.012 Unpacking libflac12:amd64 (1.4.2+ds-2) ...
2026-10-08T15:38:44.8085122Z #9 8.038 Selecting previously unselected package libwayland-server0:amd64.
2026-10-08T15:38:44.8085821Z #9 8.040 Preparing to unpack .../082-libwayland-server0_1.21.0-1_amd64.deb ...
2026-10-08T15:38:44.8086423Z #9 8.040 Unpacking libwayland-server0:amd64 (1.21.0-1) ...
2026-10-08T15:38:44.8086988Z #9 8.056 Selecting previously unselected package libgbm1:amd64.
2026-10-08T15:38:44.8087601Z #9 8.057 Preparing to unpack .../083-libgbm1_22.3.6-1+deb12u2_amd64.deb ...
2026-10-08T15:38:44.8088439Z #9 8.083 Unpacking libgbm1:amd64 (22.3.6-1+deb12u2) ...
2026-10-08T15:38:44.9502310Z #9 8.103 Selecting previously unselected package libgraphite2-3:amd64.
2026-10-08T15:38:44.9503748Z #9 8.104 Preparing to unpack .../084-libgraphite2-3_1.3.14-1+deb12u1_amd64.deb ...
2026-10-08T15:38:44.9504930Z #9 8.105 Unpacking libgraphite2-3:amd64 (1.3.14-1+deb12u1) ...
2026-10-08T15:38:44.9506309Z #9 8.124 Selecting previously unselected package libharfbuzz0b:amd64.
2026-10-08T15:38:44.9507258Z #9 8.125 Preparing to unpack .../085-libharfbuzz0b_6.0.0+dfsg-3_amd64.deb ...
2026-10-08T15:38:44.9508340Z #9 8.126 Unpacking libharfbuzz0b:amd64 (6.0.0+dfsg-3) ...
2026-10-08T15:38:44.9509230Z #9 8.176 Selecting previously unselected package libharfbuzz-subset0:amd64.
2026-10-08T15:38:44.9510203Z #9 8.177 Preparing to unpack .../086-libharfbuzz-subset0_6.0.0+dfsg-3_amd64.deb ...
2026-10-08T15:38:44.9511410Z #9 8.178 Unpacking libharfbuzz-subset0:amd64 (6.0.0+dfsg-3) ...
2026-10-08T15:38:44.9512257Z #9 8.226 Selecting previously unselected package libjpeg62-turbo:amd64.
2026-10-08T15:38:45.0711867Z #9 8.227 Preparing to unpack .../087-libjpeg62-turbo_1%3a2.1.5-2_amd64.deb ...
2026-10-08T15:38:45.0713047Z #9 8.228 Unpacking libjpeg62-turbo:amd64 (1:2.1.5-2) ...
2026-10-08T15:38:45.0714194Z #9 8.253 Selecting previously unselected package libminizip1:amd64.
2026-10-08T15:38:45.0715169Z #9 8.254 Preparing to unpack .../088-libminizip1_1.1-8+deb12u1_amd64.deb ...
2026-10-08T15:38:45.0715783Z #9 8.255 Unpacking libminizip1:amd64 (1.1-8+deb12u1) ...
2026-10-08T15:38:45.0716353Z #9 8.269 Selecting previously unselected package libnspr4:amd64.
2026-10-08T15:38:45.0716990Z #9 8.271 Preparing to unpack .../089-libnspr4_2%3a4.35-1_amd64.deb ...
2026-10-08T15:38:45.0717524Z #9 8.271 Unpacking libnspr4:amd64 (2:4.35-1) ...
2026-10-08T15:38:45.0718357Z #9 8.292 Selecting previously unselected package libsqlite3-0:amd64.
2026-10-08T15:38:45.0719032Z #9 8.293 Preparing to unpack .../090-libsqlite3-0_3.40.1-2+deb12u2_amd64.deb ...
2026-10-08T15:38:45.0719641Z #9 8.294 Unpacking libsqlite3-0:amd64 (3.40.1-2+deb12u2) ...
2026-10-08T15:38:45.0720247Z #9 8.347 Selecting previously unselected package libnss3:amd64.
2026-10-08T15:38:45.1738035Z #9 8.348 Preparing to unpack .../091-libnss3_2%3a3.87.1-1+deb12u4_amd64.deb ...
2026-10-08T15:38:45.1739440Z #9 8.349 Unpacking libnss3:amd64 (2:3.87.1-1+deb12u4) ...
2026-10-08T15:38:45.1740598Z #9 8.449 Selecting previously unselected package libopenh264-7:amd64.
2026-10-08T15:38:45.2871094Z #9 8.451 Preparing to unpack .../092-libopenh264-7_2.3.1+dfsg-3+deb12u2_amd64.deb ...
2026-10-08T15:38:45.2871830Z #9 8.452 Unpacking libopenh264-7:amd64 (2.3.1+dfsg-3+deb12u2) ...
2026-10-08T15:38:45.2872652Z #9 8.489 Selecting previously unselected package libopus0:amd64.
2026-10-08T15:38:45.2873202Z #9 8.490 Preparing to unpack .../093-libopus0_1.3.1-3_amd64.deb ...
2026-10-08T15:38:45.2873662Z #9 8.491 Unpacking libopus0:amd64 (1.3.1-3) ...
2026-10-08T15:38:45.2874152Z #9 8.516 Selecting previously unselected package libasyncns0:amd64.
2026-10-08T15:38:45.2874707Z #9 8.517 Preparing to unpack .../094-libasyncns0_0.8-6+b3_amd64.deb ...
2026-10-08T15:38:45.2875200Z #9 8.518 Unpacking libasyncns0:amd64 (0.8-6+b3) ...
2026-10-08T15:38:45.2875695Z #9 8.532 Selecting previously unselected package libmp3lame0:amd64.
2026-10-08T15:38:45.2876250Z #9 8.533 Preparing to unpack .../095-libmp3lame0_3.100-6_amd64.deb ...
2026-10-08T15:38:45.2876737Z #9 8.534 Unpacking libmp3lame0:amd64 (3.100-6) ...
2026-10-08T15:38:45.2877219Z #9 8.563 Selecting previously unselected package libmpg123-0:amd64.
2026-10-08T15:38:45.3882086Z #9 8.564 Preparing to unpack .../096-libmpg123-0_1.31.2-1+deb12u1_amd64.deb ...
2026-10-08T15:38:45.3882732Z #9 8.565 Unpacking libmpg123-0:amd64 (1.31.2-1+deb12u1) ...
2026-10-08T15:38:45.3883246Z #9 8.588 Selecting previously unselected package libvorbis0a:amd64.
2026-10-08T15:38:45.3883815Z #9 8.590 Preparing to unpack .../097-libvorbis0a_1.3.7-1_amd64.deb ...
2026-10-08T15:38:45.3884298Z #9 8.590 Unpacking libvorbis0a:amd64 (1.3.7-1) ...
2026-10-08T15:38:45.3884789Z #9 8.610 Selecting previously unselected package libvorbisenc2:amd64.
2026-10-08T15:38:45.3885363Z #9 8.611 Preparing to unpack .../098-libvorbisenc2_1.3.7-1_amd64.deb ...
2026-10-08T15:38:45.3885848Z #9 8.612 Unpacking libvorbisenc2:amd64 (1.3.7-1) ...
2026-10-08T15:38:45.3886343Z #9 8.631 Selecting previously unselected package libsndfile1:amd64.
2026-10-08T15:38:45.3886934Z #9 8.632 Preparing to unpack .../099-libsndfile1_1.2.0-1+deb12u1_amd64.deb ...
2026-10-08T15:38:45.3887467Z #9 8.633 Unpacking libsndfile1:amd64 (1.2.0-1+deb12u1) ...
2026-10-08T15:38:45.3888382Z #9 8.664 Selecting previously unselected package libpulse0:amd64.
2026-10-08T15:38:45.5319861Z #9 8.665 Preparing to unpack .../100-libpulse0_16.1+dfsg1-2+b1_amd64.deb ...
2026-10-08T15:38:45.5321100Z #9 8.670 Unpacking libpulse0:amd64 (16.1+dfsg1-2+b1) ...
2026-10-08T15:38:45.5322772Z #9 8.702 Selecting previously unselected package libxdamage1:amd64.
2026-10-08T15:38:45.5323945Z #9 8.703 Preparing to unpack .../101-libxdamage1_1%3a1.1.6-1_amd64.deb ...
2026-10-08T15:38:45.5325044Z #9 8.704 Unpacking libxdamage1:amd64 (1:1.1.6-1) ...
2026-10-08T15:38:45.5325834Z #9 8.718 Selecting previously unselected package xkb-data.
2026-10-08T15:38:45.5326691Z #9 8.719 Preparing to unpack .../102-xkb-data_2.35.1-1_all.deb ...
2026-10-08T15:38:45.5327412Z #9 8.720 Unpacking xkb-data (2.35.1-1) ...
2026-10-08T15:38:45.5328461Z #9 8.807 Selecting previously unselected package libxkbcommon0:amd64.
2026-10-08T15:38:45.7222798Z #9 8.809 Preparing to unpack .../103-libxkbcommon0_1.5.0-1_amd64.deb ...
2026-10-08T15:38:45.7228718Z #9 8.810 Unpacking libxkbcommon0:amd64 (1.5.0-1) ...
2026-10-08T15:38:45.7229886Z #9 8.830 Selecting previously unselected package libxnvctrl0:amd64.
2026-10-08T15:38:45.7231135Z #9 8.831 Preparing to unpack .../104-libxnvctrl0_525.85.05-3~deb12u1_amd64.deb ...
2026-10-08T15:38:45.7232267Z #9 8.832 Unpacking libxnvctrl0:amd64 (525.85.05-3~deb12u1) ...
2026-10-08T15:38:45.7233360Z #9 8.845 Selecting previously unselected package chromium-headless-shell.
2026-10-08T15:38:45.7234716Z #9 8.847 Preparing to unpack .../105-chromium-headless-shell_154.0.8037.92-1~deb12u1_amd64.deb ...
2026-10-08T15:38:45.7236015Z #9 8.847 Unpacking chromium-headless-shell (154.0.8037.92-1~deb12u1) ...
2026-10-08T15:38:46.9892258Z #9 10.26 Selecting previously unselected package tini.
2026-10-08T15:38:47.1475239Z #9 10.27 Preparing to unpack .../106-tini_0.19.0-1+b3_amd64.deb ...
2026-10-08T15:38:47.1476098Z #9 10.27 Unpacking tini (0.19.0-1+b3) ...
2026-10-08T15:38:47.1476886Z #9 10.31 Setting up libexpat1:amd64 (2.5.0-1+deb12u4) ...
2026-10-08T15:38:47.1478065Z #9 10.31 Setting up bubblewrap (0.8.0-2+deb12u1) ...
2026-10-08T15:38:47.1478905Z #9 10.32 Setting up libgraphite2-3:amd64 (1.3.14-1+deb12u1) ...
2026-10-08T15:38:47.1479699Z #9 10.32 Setting up libwayland-server0:amd64 (1.21.0-1) ...
2026-10-08T15:38:47.1480490Z #9 10.32 Setting up libpciaccess0:amd64 (0.17-2) ...
2026-10-08T15:38:47.1481228Z #9 10.32 Setting up libxau6:amd64 (1:1.0.9-1) ...
2026-10-08T15:38:47.1481901Z #9 10.32 Setting up libdouble-conversion3:amd64 (3.2.1-1) ...
2026-10-08T15:38:47.1482493Z #9 10.33 Setting up libicu72:amd64 (72.1-3+deb12u1) ...
2026-10-08T15:38:47.1482949Z #9 10.33 Setting up libmpg123-0:amd64 (1.31.2-1+deb12u1) ...
2026-10-08T15:38:47.1483365Z #9 10.33 Setting up libogg0:amd64 (1.3.5-3) ...
2026-10-08T15:38:47.1483783Z #9 10.33 Setting up libminizip1:amd64 (1.1-8+deb12u1) ...
2026-10-08T15:38:47.1484239Z #9 10.34 Setting up libglib2.0-0:amd64 (2.74.6-2+deb12u9) ...
2026-10-08T15:38:47.1484663Z #9 10.34 No schema files found: doing nothing.
2026-10-08T15:38:47.1485066Z #9 10.34 Setting up libglvnd0:amd64 (1.6.0-1) ...
2026-10-08T15:38:47.1485475Z #9 10.35 Setting up libbrotli1:amd64 (1.0.9-2+b6) ...
2026-10-08T15:38:47.1485924Z #9 10.35 Setting up libsqlite3-0:amd64 (3.40.1-2+deb12u2) ...
2026-10-08T15:38:47.1486353Z #9 10.35 Setting up x11-common (1:7.7+23) ...
2026-10-08T15:38:47.1486778Z #9 10.42 debconf: unable to initialize frontend: Dialog
2026-10-08T15:38:47.1487300Z #9 10.42 debconf: (TERM is not set, so the dialog frontend is not usable.)
2026-10-08T15:38:47.1488062Z #9 10.42 debconf: falling back to frontend: Readline
2026-10-08T15:38:47.2492050Z #9 10.42 debconf: unable to initialize frontend: Readline
2026-10-08T15:38:47.2494634Z #9 10.42 debconf: (Can't locate Term/ReadLine.pm in @INC (you may need to install the Term::ReadLine module) (@INC contains: /etc/perl /usr/local/lib/x86_64-linux-gnu/perl/5.36.0 /usr/local/share/perl/5.36.0 /usr/lib/x86_64-linux-gnu/perl5/5.36 /usr/share/perl5 /usr/lib/x86_64-linux-gnu/perl-base /usr/lib/x86_64-linux-gnu/perl/5.36 /usr/share/perl/5.36 /usr/local/lib/site_perl) at /usr/share/perl5/Debconf/FrontEnd/Readline.pm line 7.)
2026-10-08T15:38:47.2496567Z #9 10.42 debconf: falling back to frontend: Teletype
2026-10-08T15:38:47.2496994Z #9 10.44 invoke-rc.d: could not determine current runlevel
2026-10-08T15:38:47.2498299Z #9 10.44 invoke-rc.d: policy-rc.d denied execution of restart.
2026-10-08T15:38:47.2498995Z #9 10.45 Setting up libsensors-config (1:3.6.0-7.1) ...
2026-10-08T15:38:47.2499378Z #9 10.45 Setting up xkb-data (2.35.1-1) ...
2026-10-08T15:38:47.2500003Z #9 10.45 Setting up libasound2-data (1.2.8-1) ...
2026-10-08T15:38:47.2500422Z #9 10.46 Setting up libfontenc1:amd64 (1:1.1.4-1) ...
2026-10-08T15:38:47.2500957Z #9 10.46 Setting up libz3-4:amd64 (4.8.12-3.1) ...
2026-10-08T15:38:47.2501342Z #9 10.46 Setting up libflac12:amd64 (1.4.2+ds-2) ...
2026-10-08T15:38:47.2501742Z #9 10.46 Setting up libjpeg62-turbo:amd64 (1:2.1.5-2) ...
2026-10-08T15:38:47.2502370Z #9 10.46 Setting up libx11-data (2:1.8.4-2+deb12u2) ...
2026-10-08T15:38:47.2502834Z #9 10.47 Setting up libnspr4:amd64 (2:4.35-1) ...
2026-10-08T15:38:47.2503229Z #9 10.47 Setting up libdbus-1-3:amd64 (1.14.10-1~deb12u1) ...
2026-10-08T15:38:47.2503737Z #9 10.47 Setting up libopus0:amd64 (1.3.1-3) ...
2026-10-08T15:38:47.2504306Z #9 10.47 Setting up libpng16-16:amd64 (1.6.39-2+deb12u6) ...
2026-10-08T15:38:47.2504706Z #9 10.47 Setting up libvorbis0a:amd64 (1.3.7-1) ...
2026-10-08T15:38:47.2505217Z #9 10.48 Setting up tini (0.19.0-1+b3) ...
2026-10-08T15:38:47.2505584Z #9 10.48 Setting up fonts-dejavu-core (2.37-6) ...
2026-10-08T15:38:47.2506226Z #9 10.49 Setting up libsensors5:amd64 (1:3.6.0-7.1) ...
2026-10-08T15:38:47.2506641Z #9 10.49 Setting up libdav1d6:amd64 (1.0.0-2+deb12u1) ...
2026-10-08T15:38:47.2507240Z #9 10.49 Setting up libglapi-mesa:amd64 (22.3.6-1+deb12u2) ...
2026-10-08T15:38:47.2507725Z #9 10.50 Setting up libopenh264-7:amd64 (2.3.1+dfsg-3+deb12u2) ...
2026-10-08T15:38:47.2508438Z #9 10.50 Setting up libasyncns0:amd64 (0.8-6+b3) ...
2026-10-08T15:38:47.2509551Z #9 10.50 Setting up libxshmfence1:amd64 (1.3-1) ...
2026-10-08T15:38:47.2510230Z #9 10.50 Setting up at-spi2-common (2.46.0-5) ...
2026-10-08T15:38:47.2511001Z #9 10.50 Setting up libasound2:amd64 (1.2.8-1+b1) ...
2026-10-08T15:38:47.2511723Z #9 10.51 Setting up libatk1.0-0:amd64 (2.46.0-5) ...
2026-10-08T15:38:47.2512456Z #9 10.51 Setting up libbsd0:amd64 (0.11.7-2) ...
2026-10-08T15:38:47.2513135Z #9 10.51 Setting up libdrm-common (2.4.114-1) ...
2026-10-08T15:38:47.2513710Z #9 10.51 Setting up libelf1:amd64 (0.188-2.1) ...
2026-10-08T15:38:47.2514470Z #9 10.51 Setting up libxml2:amd64 (2.9.14+dfsg-1.3~deb12u6) ...
2026-10-08T15:38:47.2515110Z #9 10.52 Setting up xdg-utils (1.1.3-4.1) ...
2026-10-08T15:38:47.2515857Z #9 10.52 update-alternatives: using /usr/bin/xdg-open to provide /usr/bin/open (open) in auto mode
2026-10-08T15:38:47.2517106Z #9 10.52 update-alternatives: warning: skip creation of /usr/share/man/man1/open.1.gz because associated file /usr/share/man/man1/xdg-open.1.gz (of link group open) doesn't exist
2026-10-08T15:38:47.2518587Z #9 10.52 Setting up libmp3lame0:amd64 (3.100-6) ...
2026-10-08T15:38:47.2518995Z #9 10.52 Setting up libvorbisenc2:amd64 (1.3.7-1) ...
2026-10-08T15:38:47.4567120Z #9 10.53 Setting up libxkbcommon0:amd64 (1.5.0-1) ...
2026-10-08T15:38:47.4568372Z #9 10.53 Setting up libice6:amd64 (2:1.0.10-1) ...
2026-10-08T15:38:47.4569427Z #9 10.53 Setting up libxdmcp6:amd64 (1:1.1.2-3) ...
2026-10-08T15:38:47.4570185Z #9 10.54 Setting up libxcb1:amd64 (1.15-1) ...
2026-10-08T15:38:47.4570647Z #9 10.54 Setting up libxcb-xfixes0:amd64 (1.15-1) ...
2026-10-08T15:38:47.4571110Z #9 10.54 Setting up fontconfig-config (2.14.1-4) ...
2026-10-08T15:38:47.4571595Z #9 10.60 debconf: unable to initialize frontend: Dialog
2026-10-08T15:38:47.4572145Z #9 10.60 debconf: (TERM is not set, so the dialog frontend is not usable.)
2026-10-08T15:38:47.4572661Z #9 10.60 debconf: falling back to frontend: Readline
2026-10-08T15:38:47.4573128Z #9 10.60 debconf: unable to initialize frontend: Readline
2026-10-08T15:38:47.4575652Z #9 10.60 debconf: (Can't locate Term/ReadLine.pm in @INC (you may need to install the Term::ReadLine module) (@INC contains: /etc/perl /usr/local/lib/x86_64-linux-gnu/perl/5.36.0 /usr/local/share/perl/5.36.0 /usr/lib/x86_64-linux-gnu/perl5/5.36 /usr/share/perl5 /usr/lib/x86_64-linux-gnu/perl-base /usr/lib/x86_64-linux-gnu/perl/5.36 /usr/share/perl/5.36 /usr/local/lib/site_perl) at /usr/share/perl5/Debconf/FrontEnd/Readline.pm line 7.)
2026-10-08T15:38:47.4577267Z #9 10.60 debconf: falling back to frontend: Teletype
2026-10-08T15:38:47.4577659Z #9 10.73 Setting up libxcb-glx0:amd64 (1.15-1) ...
2026-10-08T15:38:47.5572490Z #9 10.74 Setting up libedit2:amd64 (3.1-20221030-2) ...
2026-10-08T15:38:47.5573144Z #9 10.74 Setting up libxcb-shape0:amd64 (1.15-1) ...
2026-10-08T15:38:47.5573801Z #9 10.74 Setting up libnss3:amd64 (2:3.87.1-1+deb12u4) ...
2026-10-08T15:38:47.5574557Z #9 10.74 Setting up libxcb-shm0:amd64 (1.15-1) ...
2026-10-08T15:38:47.5575040Z #9 10.74 Setting up libxcb-present0:amd64 (1.15-1) ...
2026-10-08T15:38:47.5575594Z #9 10.75 Setting up libfreetype6:amd64 (2.12.1+dfsg-5+deb12u4) ...
2026-10-08T15:38:47.5576447Z #9 10.75 Setting up libxcb-sync1:amd64 (1.15-1) ...
2026-10-08T15:38:47.5577206Z #9 10.75 Setting up libxcb-dri2-0:amd64 (1.15-1) ...
2026-10-08T15:38:47.5578104Z #9 10.76 Setting up libdrm2:amd64 (2.4.114-1+b1) ...
2026-10-08T15:38:47.5578564Z #9 10.76 Setting up libxcb-randr0:amd64 (1.15-1) ...
2026-10-08T15:38:47.5579332Z #9 10.76 Setting up libllvm15:amd64 (1:15.0.6-4+b1) ...
2026-10-08T15:38:47.5579914Z #9 10.76 Setting up libx11-6:amd64 (2:1.8.4-2+deb12u2) ...
2026-10-08T15:38:47.5580544Z #9 10.77 Setting up libharfbuzz0b:amd64 (6.0.0+dfsg-3) ...
2026-10-08T15:38:47.5581028Z #9 10.77 Setting up libfontconfig1:amd64 (2.14.1-4) ...
2026-10-08T15:38:47.5581702Z #9 10.77 Setting up libsndfile1:amd64 (1.2.0-1+deb12u1) ...
2026-10-08T15:38:47.5582217Z #9 10.77 Setting up libxkbfile1:amd64 (1:1.1.0-1) ...
2026-10-08T15:38:47.5582996Z #9 10.77 Setting up libxcomposite1:amd64 (1:0.4.5-1) ...
2026-10-08T15:38:47.5583440Z #9 10.78 Setting up libsm6:amd64 (2:1.2.3-1) ...
2026-10-08T15:38:47.5583867Z #9 10.78 Setting up libxmuu1:amd64 (2:1.1.3-3) ...
2026-10-08T15:38:47.5584326Z #9 10.78 Setting up libdrm-amdgpu1:amd64 (2.4.114-1+b1) ...
2026-10-08T15:38:47.5584797Z #9 10.81 Setting up libxcb-dri3-0:amd64 (1.15-1) ...
2026-10-08T15:38:47.5585268Z #9 10.81 Setting up libx11-xcb1:amd64 (2:1.8.4-2+deb12u2) ...
2026-10-08T15:38:47.5585757Z #9 10.81 Setting up libdrm-nouveau2:amd64 (2.4.114-1+b1) ...
2026-10-08T15:38:47.5586221Z #9 10.81 Setting up libxdamage1:amd64 (1:1.1.6-1) ...
2026-10-08T15:38:47.5586630Z #9 10.81 Setting up libxpm4:amd64 (1:3.5.12-1.1+deb12u1) ...
2026-10-08T15:38:47.5587022Z #9 10.82 Setting up libxrender1:amd64 (1:0.9.10-1.1) ...
2026-10-08T15:38:47.5587414Z #9 10.82 Setting up libgbm1:amd64 (22.3.6-1+deb12u2) ...
2026-10-08T15:38:47.5588055Z #9 10.82 Setting up libpulse0:amd64 (16.1+dfsg1-2+b1) ...
2026-10-08T15:38:47.5588493Z #9 10.83 Setting up libdrm-radeon1:amd64 (2.4.114-1+b1) ...
2026-10-08T15:38:47.5588902Z #9 10.83 Setting up libdrm-intel1:amd64 (2.4.114-1+b1) ...
2026-10-08T15:38:47.5589329Z #9 10.83 Setting up libgl1-mesa-dri:amd64 (22.3.6-1+deb12u2) ...
2026-10-08T15:38:47.7701816Z #9 10.84 Setting up libxext6:amd64 (2:1.3.4-1+b1) ...
2026-10-08T15:38:47.7702349Z #9 10.84 Setting up libxxf86vm1:amd64 (1:1.1.4-1+b2) ...
2026-10-08T15:38:47.7702864Z #9 10.84 Setting up libxnvctrl0:amd64 (525.85.05-3~deb12u1) ...
2026-10-08T15:38:47.7703354Z #9 10.85 Setting up libxfixes3:amd64 (1:6.0.0-2) ...
2026-10-08T15:38:47.7703798Z #9 10.85 Setting up libxinerama1:amd64 (2:1.1.4-3) ...
2026-10-08T15:38:47.7704232Z #9 10.85 Setting up libxv1:amd64 (2:1.0.11-1.1) ...
2026-10-08T15:38:47.7704683Z #9 10.85 Setting up libxrandr2:amd64 (2:1.5.2-2+b1) ...
2026-10-08T15:38:47.7705122Z #9 10.85 Setting up libxt6:amd64 (1:1.2.1-1.1) ...
2026-10-08T15:38:47.7705615Z #9 10.86 Setting up libharfbuzz-subset0:amd64 (6.0.0+dfsg-3) ...
2026-10-08T15:38:47.7706093Z #9 10.86 Setting up libxft2:amd64 (2.3.6-1) ...
2026-10-08T15:38:47.7706504Z #9 10.86 Setting up libxmu6:amd64 (2:1.1.3-3) ...
2026-10-08T15:38:47.7707121Z #9 10.86 Setting up libglx-mesa0:amd64 (22.3.6-1+deb12u2) ...
2026-10-08T15:38:47.7707643Z #9 10.87 Setting up libxi6:amd64 (2:1.8-1+b1) ...
2026-10-08T15:38:47.7708860Z #9 10.87 Setting up libglx0:amd64 (1.6.0-1) ...
2026-10-08T15:38:47.7709593Z #9 10.87 Setting up libxtst6:amd64 (2:1.2.3-1.1) ...
2026-10-08T15:38:47.7710314Z #9 10.87 Setting up libxxf86dga1:amd64 (2:1.1.5-1) ...
2026-10-08T15:38:47.7710990Z #9 10.88 Setting up libxaw7:amd64 (2:1.0.14-1) ...
2026-10-08T15:38:47.7711674Z #9 10.88 Setting up libatspi2.0-0:amd64 (2.46.0-5) ...
2026-10-08T15:38:47.7712336Z #9 10.88 Setting up libgl1:amd64 (1.6.0-1) ...
2026-10-08T15:38:47.7712918Z #9 10.88 Setting up x11-utils (7.7+5) ...
2026-10-08T15:38:47.7713387Z #9 10.89 Setting up chromium-common (154.0.8037.92-1~deb12u1) ...
2026-10-08T15:38:47.7713963Z #9 10.89 Setting up chromium-headless-shell (154.0.8037.92-1~deb12u1) ...
2026-10-08T15:38:47.7714536Z #9 10.90 Processing triggers for libc-bin (2.36-9+deb12u14) ...
2026-10-08T15:38:48.7455019Z #9 DONE 12.0s
2026-10-08T15:38:48.9158895Z 
2026-10-08T15:38:48.9159710Z #10 [ 5/11] COPY package.json pnpm-lock.yaml pnpm-workspace.yaml ./
2026-10-08T15:38:48.9160452Z #10 DONE 0.0s
2026-10-08T15:38:48.9160693Z 
2026-10-08T15:38:48.9161043Z #11 [ 6/11] RUN pnpm install --frozen-lockfile
2026-10-08T15:38:48.9384102Z #11 0.173 ! Corepack is about to download https://registry.npmjs.org/pnpm/-/pnpm-10.18.3.tgz
2026-10-08T15:38:50.2531659Z #11 1.488 Lockfile is up to date, resolution step is skipped
2026-10-08T15:38:50.3694856Z #11 1.535 Progress: resolved 1, reused 0, downloaded 0, added 0
2026-10-08T15:38:50.3696069Z #11 1.604 Packages: +408
2026-10-08T15:38:50.3697135Z #11 1.604 ++++++++++++++++++++++++++++++++++++++++++++++++++++++++++++++++++++++++++++++++
2026-10-08T15:38:50.6559822Z #11 1.891 
2026-10-08T15:38:50.6560933Z #11 1.891    ╭───────────────────────────────────────────────╮
2026-10-08T15:38:50.6562069Z #11 1.891    │                                               │
2026-10-08T15:38:50.6562671Z #11 1.891    │     Update available! 10.18.3 → 12.10.1.      │
2026-10-08T15:38:50.6563241Z #11 1.891    │     Changelog: https://pnpm.io/v/12.10.1      │
2026-10-08T15:38:50.6563846Z #11 1.891    │   To update, run: corepack use pnpm@12.10.1   │
2026-10-08T15:38:50.6564365Z #11 1.891    │                                               │
2026-10-08T15:38:50.6564919Z #11 1.891    ╰───────────────────────────────────────────────╯
2026-10-08T15:38:50.6565277Z #11 1.891 
2026-10-08T15:38:51.3030484Z #11 2.537 Progress: resolved 408, reused 0, downloaded 135, added 130
2026-10-08T15:38:52.3049840Z #11 3.537 Progress: resolved 408, reused 0, downloaded 243, added 233
2026-10-08T15:38:53.3018550Z #11 4.537 Progress: resolved 408, reused 0, downloaded 306, added 256
2026-10-08T15:38:54.3040918Z #11 5.537 Progress: resolved 408, reused 0, downloaded 406, added 316
2026-10-08T15:38:54.8938174Z #11 6.129 Progress: resolved 408, reused 0, downloaded 408, added 408, done
2026-10-08T15:38:55.0508978Z #11 6.286 .../node_modules/@prisma/engines postinstall$ node scripts/postinstall.js
2026-10-08T15:38:55.2122322Z #11 6.320 .../esbuild@0.28.2/node_modules/esbuild postinstall$ node install.js
2026-10-08T15:38:55.2123481Z #11 6.321 .../esbuild@0.28.1/node_modules/esbuild postinstall$ node install.js
2026-10-08T15:38:55.2124739Z #11 6.322 .../node_modules/workerd postinstall$ node install.js
2026-10-08T15:38:55.2125712Z #11 6.323 .../esbuild@0.25.12/node_modules/esbuild postinstall$ node install.js
2026-10-08T15:38:55.2126712Z #11 6.446 .../esbuild@0.28.2/node_modules/esbuild postinstall: Done
2026-10-08T15:38:55.3232435Z #11 6.558 .../node_modules/workerd postinstall: Done
2026-10-08T15:38:55.5627027Z #11 6.564 .../esbuild@0.28.1/node_modules/esbuild postinstall: Done
2026-10-08T15:38:55.5628204Z #11 6.583 .../esbuild@0.25.12/node_modules/esbuild postinstall: Done
2026-10-08T15:38:55.5630036Z #11 6.646 .../node_modules/@prisma/engines postinstall: prisma:warn Prisma failed to detect the libssl/openssl version to use, and may not work as expected. Defaulting to "openssl-1.1.x".
2026-10-08T15:38:55.5633863Z #11 6.648 .../node_modules/@prisma/engines postinstall: Please manually install OpenSSL via `apt-get update -y && apt-get install -y openssl` and try installing Prisma again. If you're running Prisma on Docker, add this command to your Dockerfile, or switch to an image that already has OpenSSL installed.
2026-10-08T15:38:56.0162719Z #11 7.251 .../node_modules/@prisma/engines postinstall: Done
2026-10-08T15:38:56.1575349Z #11 7.333 .../node_modules/prisma preinstall$ node scripts/preinstall-entry.js
2026-10-08T15:38:56.1576171Z #11 7.393 .../node_modules/prisma preinstall: Done
2026-10-08T15:38:56.4996959Z #11 7.734 
2026-10-08T15:38:56.4997454Z #11 7.734 dependencies:
2026-10-08T15:38:56.4998315Z #11 7.734 + @cloudflare/containers 0.3.7
2026-10-08T15:38:56.4998959Z #11 7.734 + @supabase/server 1.8.0
2026-10-08T15:38:56.4999613Z #11 7.734 + @supabase/supabase-js 2.117.0
2026-10-08T15:38:56.5000368Z #11 7.734 + @tiptap/extension-collaboration 3.31.3
2026-10-08T15:38:56.5001176Z #11 7.734 + @tiptap/extension-collaboration-caret 3.31.3
2026-10-08T15:38:56.5001893Z #11 7.734 + @tiptap/react 3.31.3
2026-10-08T15:38:56.5002505Z #11 7.734 + @tiptap/starter-kit 3.31.3
2026-10-08T15:38:56.5003136Z #11 7.734 + @vitejs/plugin-react 5.2.0
2026-10-08T15:38:56.5003698Z #11 7.734 + cross-env 10.1.0
2026-10-08T15:38:56.5004201Z #11 7.734 + dotenv 17.4.2
2026-10-08T15:38:56.5004675Z #11 7.734 + esbuild 0.25.12
2026-10-08T15:38:56.5005192Z #11 7.734 + esbuild-wasm 0.25.12
2026-10-08T15:38:56.5005686Z #11 7.734 + express 5.2.1
2026-10-08T15:38:56.5006226Z #11 7.734 + lucide-react 0.468.0
2026-10-08T15:38:56.5006738Z #11 7.734 + react 19.2.8
2026-10-08T15:38:56.5007211Z #11 7.734 + react-dom 19.2.8
2026-10-08T15:38:56.5007704Z #11 7.734 + vite 7.3.6
2026-10-08T15:38:56.5008433Z #11 7.734 + ws 8.21.3
2026-10-08T15:38:56.5009233Z #11 7.734 + y-protocols 1.0.7
2026-10-08T15:38:56.5009707Z #11 7.734 + yjs 13.6.32
2026-10-08T15:38:56.5010124Z #11 7.734 
2026-10-08T15:38:56.5010537Z #11 7.734 devDependencies:
2026-10-08T15:38:56.5011117Z #11 7.734 + @prisma/adapter-pg 7.10.0
2026-10-08T15:38:56.5011763Z #11 7.734 + @prisma/client 7.10.0
2026-10-08T15:38:56.5012329Z #11 7.734 + @types/express 5.0.6
2026-10-08T15:38:56.5012904Z #11 7.734 + @types/node 22.20.1
2026-10-08T15:38:56.5013391Z #11 7.734 + @types/pg 8.23.1
2026-10-08T15:38:56.5013907Z #11 7.734 + @types/react 19.2.18
2026-10-08T15:38:56.5014439Z #11 7.734 + @types/react-dom 19.2.7
2026-10-08T15:38:56.5014942Z #11 7.734 + @types/ws 8.18.1
2026-10-08T15:38:56.5015414Z #11 7.734 + pg 8.23.0
2026-10-08T15:38:56.5015859Z #11 7.734 + prisma 7.10.0
2026-10-08T15:38:56.5016341Z #11 7.734 + tsx 4.23.13
2026-10-08T15:38:56.5016808Z #11 7.734 + typescript 5.9.3
2026-10-08T15:38:56.5017289Z #11 7.734 + wrangler 4.131.1
2026-10-08T15:38:56.5017722Z #11 7.734 
2026-10-08T15:38:56.6085729Z #11 7.844 Done in 6.7s using pnpm v10.18.3
2026-10-08T15:38:56.8127416Z #11 DONE 7.9s
2026-10-08T15:38:56.8127605Z 
2026-10-08T15:38:56.8127724Z #12 [ 7/11] COPY . .
2026-10-08T15:38:57.9552405Z #12 DONE 1.3s
2026-10-08T15:38:58.1063114Z 
2026-10-08T15:38:58.1065922Z #13 [ 8/11] RUN apt-get update && apt-get install -y --no-install-recommends gcc libc6-dev && gcc -O2 -Wall -Wextra -Werror server/isolation/linux-job-launcher.c -o /usr/local/bin/cocreate-job-launcher && apt-get purge -y gcc libc6-dev && apt-get autoremove -y && rm -rf /var/lib/apt/lists/*
2026-10-08T15:38:58.1314545Z #13 0.176 Get:1 http://deb.debian.org/debian bookworm InRelease [151 kB]
2026-10-08T15:38:58.2878520Z #13 0.193 Get:2 http://deb.debian.org/debian bookworm-updates InRelease [55.4 kB]
2026-10-08T15:38:58.2879819Z #13 0.196 Get:3 http://deb.debian.org/debian-security bookworm-security InRelease [34.8 kB]
2026-10-08T15:38:58.2881083Z #13 0.262 Get:4 http://deb.debian.org/debian bookworm/main amd64 Packages [8790 kB]
2026-10-08T15:38:58.2882327Z #13 0.332 Get:5 http://deb.debian.org/debian bookworm-updates/main amd64 Packages [6924 B]
2026-10-08T15:38:58.4961336Z #13 0.390 Get:6 http://deb.debian.org/debian-security bookworm-security/main amd64 Packages [349 kB]
2026-10-08T15:38:59.0743026Z #13 1.118 Fetched 9388 kB in 1s (9796 kB/s)
2026-10-08T15:38:59.4998661Z #13 1.118 Reading package lists...
2026-10-08T15:38:59.9482348Z #13 1.563 Reading package lists...
2026-10-08T15:39:00.0832932Z #13 2.006 Building dependency tree...
2026-10-08T15:39:00.1872771Z #13 2.128 Reading state information...
2026-10-08T15:39:00.1874062Z #13 2.232 The following additional packages will be installed:
2026-10-08T15:39:00.3284548Z #13 2.232   binutils binutils-common binutils-x86-64-linux-gnu cpp cpp-12 gcc-12
2026-10-08T15:39:00.3285718Z #13 2.233   libasan8 libatomic1 libbinutils libc-dev-bin libcc1-0 libcrypt-dev
2026-10-08T15:39:00.3286908Z #13 2.233   libctf-nobfd0 libctf0 libgcc-12-dev libgomp1 libgprofng0 libgssapi-krb5-2
2026-10-08T15:39:00.3288587Z #13 2.233   libisl23 libitm1 libjansson4 libk5crypto3 libkeyutils1 libkrb5-3
2026-10-08T15:39:00.3289966Z #13 2.233   libkrb5support0 liblsan0 libmpc3 libmpfr6 libnsl-dev libnsl2 libquadmath0
2026-10-08T15:39:00.3291168Z #13 2.233   libssl3 libtirpc-common libtirpc-dev libtirpc3 libtsan2 libubsan1
2026-10-08T15:39:00.3292087Z #13 2.233   linux-libc-dev rpcsvc-proto
2026-10-08T15:39:00.3292691Z #13 2.234 Suggested packages:
2026-10-08T15:39:00.3293526Z #13 2.234   binutils-doc cpp-doc gcc-12-locales cpp-12-doc gcc-multilib make
2026-10-08T15:39:00.3294501Z #13 2.234   manpages-dev autoconf automake libtool flex bison gdb gcc-doc
2026-10-08T15:39:00.3295426Z #13 2.234   gcc-12-multilib gcc-12-doc glibc-doc krb5-doc krb5-user
2026-10-08T15:39:00.3296238Z #13 2.234 Recommended packages:
2026-10-08T15:39:00.3296970Z #13 2.234   manpages manpages-dev libc-devtools krb5-locales
2026-10-08T15:39:00.3298072Z #13 2.373 The following NEW packages will be installed:
2026-10-08T15:39:00.4522598Z #13 2.373   binutils binutils-common binutils-x86-64-linux-gnu cpp cpp-12 gcc gcc-12
2026-10-08T15:39:00.4524588Z #13 2.373   libasan8 libatomic1 libbinutils libc-dev-bin libc6-dev libcc1-0 libcrypt-dev
2026-10-08T15:39:00.4526098Z #13 2.374   libctf-nobfd0 libctf0 libgcc-12-dev libgomp1 libgprofng0 libgssapi-krb5-2
2026-10-08T15:39:00.4527373Z #13 2.374   libisl23 libitm1 libjansson4 libk5crypto3 libkeyutils1 libkrb5-3
2026-10-08T15:39:00.4528799Z #13 2.374   libkrb5support0 liblsan0 libmpc3 libmpfr6 libnsl-dev libnsl2 libquadmath0
2026-10-08T15:39:00.4530024Z #13 2.374   libssl3 libtirpc-common libtirpc-dev libtirpc3 libtsan2 libubsan1
2026-10-08T15:39:00.4530882Z #13 2.375   linux-libc-dev rpcsvc-proto
2026-10-08T15:39:00.4531700Z #13 2.402 0 upgraded, 41 newly installed, 0 to remove and 1 not upgraded.
2026-10-08T15:39:00.4532591Z #13 2.402 Need to get 53.5 MB of archives.
2026-10-08T15:39:00.4533678Z #13 2.402 After this operation, 210 MB of additional disk space will be used.
2026-10-08T15:39:00.4534960Z #13 2.402 Get:1 http://deb.debian.org/debian bookworm/main amd64 binutils-common amd64 2.40-2 [2487 kB]
2026-10-08T15:39:00.4536384Z #13 2.435 Get:2 http://deb.debian.org/debian bookworm/main amd64 libbinutils amd64 2.40-2 [572 kB]
2026-10-08T15:39:00.4537700Z #13 2.437 Get:3 http://deb.debian.org/debian bookworm/main amd64 libctf-nobfd0 amd64 2.40-2 [153 kB]
2026-10-08T15:39:00.4541703Z #13 2.438 Get:4 http://deb.debian.org/debian bookworm/main amd64 libctf0 amd64 2.40-2 [89.8 kB]
2026-10-08T15:39:00.4543049Z #13 2.439 Get:5 http://deb.debian.org/debian bookworm/main amd64 libgprofng0 amd64 2.40-2 [812 kB]
2026-10-08T15:39:00.4543860Z #13 2.442 Get:6 http://deb.debian.org/debian bookworm/main amd64 libjansson4 amd64 2.14-2 [40.8 kB]
2026-10-08T15:39:00.4544725Z #13 2.442 Get:7 http://deb.debian.org/debian bookworm/main amd64 binutils-x86-64-linux-gnu amd64 2.40-2 [2246 kB]
2026-10-08T15:39:00.4545526Z #13 2.451 Get:8 http://deb.debian.org/debian bookworm/main amd64 binutils amd64 2.40-2 [65.0 kB]
2026-10-08T15:39:00.4546264Z #13 2.452 Get:9 http://deb.debian.org/debian bookworm/main amd64 libisl23 amd64 0.25-1.1 [683 kB]
2026-10-08T15:39:00.4547176Z #13 2.455 Get:10 http://deb.debian.org/debian bookworm/main amd64 libmpfr6 amd64 4.2.0-1 [701 kB]
2026-10-08T15:39:00.4548418Z #13 2.458 Get:11 http://deb.debian.org/debian bookworm/main amd64 libmpc3 amd64 1.3.1-1 [51.5 kB]
2026-10-08T15:39:00.4549229Z #13 2.459 Get:12 http://deb.debian.org/debian bookworm/main amd64 cpp-12 amd64 12.2.0-14+deb12u1 [9768 kB]
2026-10-08T15:39:00.4549991Z #13 2.496 Get:13 http://deb.debian.org/debian bookworm/main amd64 cpp amd64 4:12.2.0-3 [6836 B]
2026-10-08T15:39:00.5630405Z #13 2.496 Get:14 http://deb.debian.org/debian bookworm/main amd64 libcc1-0 amd64 12.2.0-14+deb12u1 [41.7 kB]
2026-10-08T15:39:00.5631881Z #13 2.497 Get:15 http://deb.debian.org/debian bookworm/main amd64 libgomp1 amd64 12.2.0-14+deb12u1 [116 kB]
2026-10-08T15:39:00.5633365Z #13 2.499 Get:16 http://deb.debian.org/debian bookworm/main amd64 libitm1 amd64 12.2.0-14+deb12u1 [26.1 kB]
2026-10-08T15:39:00.5635037Z #13 2.499 Get:17 http://deb.debian.org/debian bookworm/main amd64 libatomic1 amd64 12.2.0-14+deb12u1 [9376 B]
2026-10-08T15:39:00.5636243Z #13 2.499 Get:18 http://deb.debian.org/debian bookworm/main amd64 libasan8 amd64 12.2.0-14+deb12u1 [2193 kB]
2026-10-08T15:39:00.5637104Z #13 2.507 Get:19 http://deb.debian.org/debian bookworm/main amd64 liblsan0 amd64 12.2.0-14+deb12u1 [969 kB]
2026-10-08T15:39:00.5638153Z #13 2.511 Get:20 http://deb.debian.org/debian bookworm/main amd64 libtsan2 amd64 12.2.0-14+deb12u1 [2197 kB]
2026-10-08T15:39:00.5638931Z #13 2.520 Get:21 http://deb.debian.org/debian bookworm/main amd64 libubsan1 amd64 12.2.0-14+deb12u1 [883 kB]
2026-10-08T15:39:00.5639693Z #13 2.524 Get:22 http://deb.debian.org/debian bookworm/main amd64 libquadmath0 amd64 12.2.0-14+deb12u1 [145 kB]
2026-10-08T15:39:00.5640479Z #13 2.524 Get:23 http://deb.debian.org/debian bookworm/main amd64 libgcc-12-dev amd64 12.2.0-14+deb12u1 [2437 kB]
2026-10-08T15:39:00.5641249Z #13 2.534 Get:24 http://deb.debian.org/debian bookworm/main amd64 gcc-12 amd64 12.2.0-14+deb12u1 [19.3 MB]
2026-10-08T15:39:00.5642458Z #13 2.607 Get:25 http://deb.debian.org/debian bookworm/main amd64 gcc amd64 4:12.2.0-3 [5216 B]
2026-10-08T15:39:00.6947286Z #13 2.607 Get:26 http://deb.debian.org/debian bookworm/main amd64 libc-dev-bin amd64 2.36-9+deb12u14 [48.1 kB]
2026-10-08T15:39:00.6949194Z #13 2.608 Get:27 http://deb.debian.org/debian-security bookworm-security/main amd64 linux-libc-dev amd64 6.1.187-1 [2357 kB]
2026-10-08T15:39:00.6950609Z #13 2.613 Get:28 http://deb.debian.org/debian bookworm/main amd64 libcrypt-dev amd64 1:4.4.33-2 [118 kB]
2026-10-08T15:39:00.6951977Z #13 2.614 Get:29 http://deb.debian.org/debian bookworm/main amd64 libkrb5support0 amd64 1.20.1-2+deb12u5 [33.2 kB]
2026-10-08T15:39:00.6953408Z #13 2.614 Get:30 http://deb.debian.org/debian bookworm/main amd64 libk5crypto3 amd64 1.20.1-2+deb12u5 [79.7 kB]
2026-10-08T15:39:00.6954711Z #13 2.615 Get:31 http://deb.debian.org/debian bookworm/main amd64 libkeyutils1 amd64 1.6.3-2 [8808 B]
2026-10-08T15:39:00.6956243Z #13 2.615 Get:32 http://deb.debian.org/debian-security bookworm-security/main amd64 libssl3 amd64 3.0.22-1~deb12u1 [2039 kB]
2026-10-08T15:39:00.6957743Z #13 2.619 Get:33 http://deb.debian.org/debian bookworm/main amd64 libkrb5-3 amd64 1.20.1-2+deb12u5 [332 kB]
2026-10-08T15:39:00.6959417Z #13 2.621 Get:34 http://deb.debian.org/debian bookworm/main amd64 libgssapi-krb5-2 amd64 1.20.1-2+deb12u5 [135 kB]
2026-10-08T15:39:00.6960629Z #13 2.621 Get:35 http://deb.debian.org/debian bookworm/main amd64 libtirpc-common all 1.3.3+ds-1 [14.0 kB]
2026-10-08T15:39:00.6961447Z #13 2.622 Get:36 http://deb.debian.org/debian bookworm/main amd64 libtirpc3 amd64 1.3.3+ds-1 [85.2 kB]
2026-10-08T15:39:00.6962166Z #13 2.622 Get:37 http://deb.debian.org/debian bookworm/main amd64 libnsl2 amd64 1.3.0-2 [39.5 kB]
2026-10-08T15:39:00.6962904Z #13 2.623 Get:38 http://deb.debian.org/debian bookworm/main amd64 libtirpc-dev amd64 1.3.3+ds-1 [191 kB]
2026-10-08T15:39:00.6963672Z #13 2.624 Get:39 http://deb.debian.org/debian bookworm/main amd64 libnsl-dev amd64 1.3.0-2 [66.4 kB]
2026-10-08T15:39:00.6964397Z #13 2.625 Get:40 http://deb.debian.org/debian bookworm/main amd64 rpcsvc-proto amd64 1.4.3-1 [63.3 kB]
2026-10-08T15:39:00.6965424Z #13 2.625 Get:41 http://deb.debian.org/debian bookworm/main amd64 libc6-dev amd64 2.36-9+deb12u14 [1904 kB]
2026-10-08T15:39:00.6966282Z #13 2.739 debconf: delaying package configuration, since apt-utils is not installed
2026-10-08T15:39:00.8943312Z #13 2.763 Fetched 53.5 MB in 0s (213 MB/s)
2026-10-08T15:39:00.8944310Z #13 2.777 Selecting previously unselected package binutils-common:amd64.
2026-10-08T15:39:00.8944926Z #13 2.777 (Reading database ... 
2026-10-08T15:39:00.8945263Z (Reading database ... 5%
2026-10-08T15:39:00.8945565Z (Reading database ... 10%
2026-10-08T15:39:00.8945863Z (Reading database ... 15%
2026-10-08T15:39:00.8946159Z (Reading database ... 20%
2026-10-08T15:39:00.8946450Z (Reading database ... 25%
2026-10-08T15:39:00.8946763Z (Reading database ... 30%
2026-10-08T15:39:00.8947057Z (Reading database ... 35%
2026-10-08T15:39:00.8947353Z (Reading database ... 40%
2026-10-08T15:39:00.8947644Z (Reading database ... 45%
2026-10-08T15:39:00.8948189Z (Reading database ... 50%
2026-10-08T15:39:00.8948485Z (Reading database ... 55%
2026-10-08T15:39:00.8948786Z (Reading database ... 60%
2026-10-08T15:39:00.8949075Z (Reading database ... 65%
2026-10-08T15:39:00.8949369Z (Reading database ... 70%
2026-10-08T15:39:00.8949656Z (Reading database ... 75%
2026-10-08T15:39:00.8949945Z (Reading database ... 80%
2026-10-08T15:39:00.8950239Z (Reading database ... 85%
2026-10-08T15:39:00.8950599Z (Reading database ... 90%
2026-10-08T15:39:00.8951097Z (Reading database ... 95%
2026-10-08T15:39:00.8951428Z (Reading database ... 100%
2026-10-08T15:39:00.8952081Z (Reading database ... 7943 files and directories currently installed.)
2026-10-08T15:39:00.8952759Z #13 2.788 Preparing to unpack .../00-binutils-common_2.40-2_amd64.deb ...
2026-10-08T15:39:00.8953690Z #13 2.788 Unpacking binutils-common:amd64 (2.40-2) ...
2026-10-08T15:39:00.9229136Z #13 2.967 Selecting previously unselected package libbinutils:amd64.
2026-10-08T15:39:01.0254902Z #13 2.969 Preparing to unpack .../01-libbinutils_2.40-2_amd64.deb ...
2026-10-08T15:39:01.0255803Z #13 2.971 Unpacking libbinutils:amd64 (2.40-2) ...
2026-10-08T15:39:01.0257034Z #13 3.023 Selecting previously unselected package libctf-nobfd0:amd64.
2026-10-08T15:39:01.0258212Z #13 3.024 Preparing to unpack .../02-libctf-nobfd0_2.40-2_amd64.deb ...
2026-10-08T15:39:01.0258981Z #13 3.025 Unpacking libctf-nobfd0:amd64 (2.40-2) ...
2026-10-08T15:39:01.0259683Z #13 3.049 Selecting previously unselected package libctf0:amd64.
2026-10-08T15:39:01.0260417Z #13 3.050 Preparing to unpack .../03-libctf0_2.40-2_amd64.deb ...
2026-10-08T15:39:01.0261047Z #13 3.051 Unpacking libctf0:amd64 (2.40-2) ...
2026-10-08T15:39:01.0261745Z #13 3.070 Selecting previously unselected package libgprofng0:amd64.
2026-10-08T15:39:01.2651396Z #13 3.072 Preparing to unpack .../04-libgprofng0_2.40-2_amd64.deb ...
2026-10-08T15:39:01.2652346Z #13 3.073 Unpacking libgprofng0:amd64 (2.40-2) ...
2026-10-08T15:39:01.2653229Z #13 3.140 Selecting previously unselected package libjansson4:amd64.
2026-10-08T15:39:01.2654221Z #13 3.142 Preparing to unpack .../05-libjansson4_2.14-2_amd64.deb ...
2026-10-08T15:39:01.2655056Z #13 3.142 Unpacking libjansson4:amd64 (2.14-2) ...
2026-10-08T15:39:01.2655980Z #13 3.157 Selecting previously unselected package binutils-x86-64-linux-gnu.
2026-10-08T15:39:01.2657096Z #13 3.158 Preparing to unpack .../06-binutils-x86-64-linux-gnu_2.40-2_amd64.deb ...
2026-10-08T15:39:01.2658332Z #13 3.159 Unpacking binutils-x86-64-linux-gnu (2.40-2) ...
2026-10-08T15:39:01.2987233Z #13 3.343 Selecting previously unselected package binutils.
2026-10-08T15:39:01.4198967Z #13 3.345 Preparing to unpack .../07-binutils_2.40-2_amd64.deb ...
2026-10-08T15:39:01.4199979Z #13 3.346 Unpacking binutils (2.40-2) ...
2026-10-08T15:39:01.4200786Z #13 3.368 Selecting previously unselected package libisl23:amd64.
2026-10-08T15:39:01.4201433Z #13 3.369 Preparing to unpack .../08-libisl23_0.25-1.1_amd64.deb ...
2026-10-08T15:39:01.4201869Z #13 3.370 Unpacking libisl23:amd64 (0.25-1.1) ...
2026-10-08T15:39:01.4202601Z #13 3.425 Selecting previously unselected package libmpfr6:amd64.
2026-10-08T15:39:01.4203131Z #13 3.427 Preparing to unpack .../09-libmpfr6_4.2.0-1_amd64.deb ...
2026-10-08T15:39:01.4203549Z #13 3.427 Unpacking libmpfr6:amd64 (4.2.0-1) ...
2026-10-08T15:39:01.4203975Z #13 3.464 Selecting previously unselected package libmpc3:amd64.
2026-10-08T15:39:01.5900261Z #13 3.466 Preparing to unpack .../10-libmpc3_1.3.1-1_amd64.deb ...
2026-10-08T15:39:01.5901211Z #13 3.467 Unpacking libmpc3:amd64 (1.3.1-1) ...
2026-10-08T15:39:01.5902074Z #13 3.482 Selecting previously unselected package cpp-12.
2026-10-08T15:39:01.5903132Z #13 3.483 Preparing to unpack .../11-cpp-12_12.2.0-14+deb12u1_amd64.deb ...
2026-10-08T15:39:01.5904015Z #13 3.484 Unpacking cpp-12 (12.2.0-14+deb12u1) ...
2026-10-08T15:39:01.9773908Z #13 4.022 Selecting previously unselected package cpp.
2026-10-08T15:39:02.2231969Z #13 4.024 Preparing to unpack .../12-cpp_4%3a12.2.0-3_amd64.deb ...
2026-10-08T15:39:02.2232479Z #13 4.024 Unpacking cpp (4:12.2.0-3) ...
2026-10-08T15:39:02.2233144Z #13 4.039 Selecting previously unselected package libcc1-0:amd64.
2026-10-08T15:39:02.2233703Z #13 4.040 Preparing to unpack .../13-libcc1-0_12.2.0-14+deb12u1_amd64.deb ...
2026-10-08T15:39:02.2234213Z #13 4.041 Unpacking libcc1-0:amd64 (12.2.0-14+deb12u1) ...
2026-10-08T15:39:02.2234682Z #13 4.057 Selecting previously unselected package libgomp1:amd64.
2026-10-08T15:39:02.2235219Z #13 4.059 Preparing to unpack .../14-libgomp1_12.2.0-14+deb12u1_amd64.deb ...
2026-10-08T15:39:02.2235714Z #13 4.059 Unpacking libgomp1:amd64 (12.2.0-14+deb12u1) ...
2026-10-08T15:39:02.2236178Z #13 4.080 Selecting previously unselected package libitm1:amd64.
2026-10-08T15:39:02.2236701Z #13 4.081 Preparing to unpack .../15-libitm1_12.2.0-14+deb12u1_amd64.deb ...
2026-10-08T15:39:02.2237483Z #13 4.082 Unpacking libitm1:amd64 (12.2.0-14+deb12u1) ...
2026-10-08T15:39:02.2238377Z #13 4.098 Selecting previously unselected package libatomic1:amd64.
2026-10-08T15:39:02.2238961Z #13 4.099 Preparing to unpack .../16-libatomic1_12.2.0-14+deb12u1_amd64.deb ...
2026-10-08T15:39:02.2239478Z #13 4.101 Unpacking libatomic1:amd64 (12.2.0-14+deb12u1) ...
2026-10-08T15:39:02.2239960Z #13 4.115 Selecting previously unselected package libasan8:amd64.
2026-10-08T15:39:02.2240482Z #13 4.117 Preparing to unpack .../17-libasan8_12.2.0-14+deb12u1_amd64.deb ...
2026-10-08T15:39:02.2240963Z #13 4.118 Unpacking libasan8:amd64 (12.2.0-14+deb12u1) ...
2026-10-08T15:39:02.2295616Z #13 4.274 Selecting previously unselected package liblsan0:amd64.
2026-10-08T15:39:02.4624097Z #13 4.276 Preparing to unpack .../18-liblsan0_12.2.0-14+deb12u1_amd64.deb ...
2026-10-08T15:39:02.4624808Z #13 4.277 Unpacking liblsan0:amd64 (12.2.0-14+deb12u1) ...
2026-10-08T15:39:02.4625339Z #13 4.354 Selecting previously unselected package libtsan2:amd64.
2026-10-08T15:39:02.4626095Z #13 4.355 Preparing to unpack .../19-libtsan2_12.2.0-14+deb12u1_amd64.deb ...
2026-10-08T15:39:02.4626615Z #13 4.356 Unpacking libtsan2:amd64 (12.2.0-14+deb12u1) ...
2026-10-08T15:39:02.4683197Z #13 4.513 Selecting previously unselected package libubsan1:amd64.
2026-10-08T15:39:02.7176209Z #13 4.515 Preparing to unpack .../20-libubsan1_12.2.0-14+deb12u1_amd64.deb ...
2026-10-08T15:39:02.7177242Z #13 4.515 Unpacking libubsan1:amd64 (12.2.0-14+deb12u1) ...
2026-10-08T15:39:02.7178326Z #13 4.585 Selecting previously unselected package libquadmath0:amd64.
2026-10-08T15:39:02.7179410Z #13 4.587 Preparing to unpack .../21-libquadmath0_12.2.0-14+deb12u1_amd64.deb ...
2026-10-08T15:39:02.7179984Z #13 4.588 Unpacking libquadmath0:amd64 (12.2.0-14+deb12u1) ...
2026-10-08T15:39:02.7180506Z #13 4.609 Selecting previously unselected package libgcc-12-dev:amd64.
2026-10-08T15:39:02.7181090Z #13 4.611 Preparing to unpack .../22-libgcc-12-dev_12.2.0-14+deb12u1_amd64.deb ...
2026-10-08T15:39:02.7181683Z #13 4.612 Unpacking libgcc-12-dev:amd64 (12.2.0-14+deb12u1) ...
2026-10-08T15:39:02.7234770Z #13 4.768 Selecting previously unselected package gcc-12.
2026-10-08T15:39:02.8763523Z #13 4.770 Preparing to unpack .../23-gcc-12_12.2.0-14+deb12u1_amd64.deb ...
2026-10-08T15:39:02.8764435Z #13 4.770 Unpacking gcc-12 (12.2.0-14+deb12u1) ...
2026-10-08T15:39:03.4139332Z #13 5.459 Selecting previously unselected package gcc.
2026-10-08T15:39:03.6038629Z #13 5.460 Preparing to unpack .../24-gcc_4%3a12.2.0-3_amd64.deb ...
2026-10-08T15:39:03.6039420Z #13 5.461 Unpacking gcc (4:12.2.0-3) ...
2026-10-08T15:39:03.6039913Z #13 5.477 Selecting previously unselected package libc-dev-bin.
2026-10-08T15:39:03.6040565Z #13 5.479 Preparing to unpack .../25-libc-dev-bin_2.36-9+deb12u14_amd64.deb ...
2026-10-08T15:39:03.6041130Z #13 5.479 Unpacking libc-dev-bin (2.36-9+deb12u14) ...
2026-10-08T15:39:03.6041677Z #13 5.496 Selecting previously unselected package linux-libc-dev:amd64.
2026-10-08T15:39:03.6042328Z #13 5.497 Preparing to unpack .../26-linux-libc-dev_6.1.187-1_amd64.deb ...
2026-10-08T15:39:03.6042888Z #13 5.498 Unpacking linux-libc-dev:amd64 (6.1.187-1) ...
2026-10-08T15:39:03.6630614Z #13 5.708 Selecting previously unselected package libcrypt-dev:amd64.
2026-10-08T15:39:03.8751463Z #13 5.709 Preparing to unpack .../27-libcrypt-dev_1%3a4.4.33-2_amd64.deb ...
2026-10-08T15:39:03.8753315Z #13 5.715 Unpacking libcrypt-dev:amd64 (1:4.4.33-2) ...
2026-10-08T15:39:03.8754427Z #13 5.736 Selecting previously unselected package libkrb5support0:amd64.
2026-10-08T15:39:03.8755384Z #13 5.738 Preparing to unpack .../28-libkrb5support0_1.20.1-2+deb12u5_amd64.deb ...
2026-10-08T15:39:03.8756221Z #13 5.739 Unpacking libkrb5support0:amd64 (1.20.1-2+deb12u5) ...
2026-10-08T15:39:03.8756983Z #13 5.755 Selecting previously unselected package libk5crypto3:amd64.
2026-10-08T15:39:03.8758011Z #13 5.756 Preparing to unpack .../29-libk5crypto3_1.20.1-2+deb12u5_amd64.deb ...
2026-10-08T15:39:03.8759146Z #13 5.757 Unpacking libk5crypto3:amd64 (1.20.1-2+deb12u5) ...
2026-10-08T15:39:03.8759882Z #13 5.776 Selecting previously unselected package libkeyutils1:amd64.
2026-10-08T15:39:03.8760682Z #13 5.778 Preparing to unpack .../30-libkeyutils1_1.6.3-2_amd64.deb ...
2026-10-08T15:39:03.8761380Z #13 5.779 Unpacking libkeyutils1:amd64 (1.6.3-2) ...
2026-10-08T15:39:03.8762046Z #13 5.795 Selecting previously unselected package libssl3:amd64.
2026-10-08T15:39:03.8762818Z #13 5.796 Preparing to unpack .../31-libssl3_3.0.22-1~deb12u1_amd64.deb ...
2026-10-08T15:39:03.8763517Z #13 5.797 Unpacking libssl3:amd64 (3.0.22-1~deb12u1) ...
2026-10-08T15:39:03.9996012Z #13 5.920 Selecting previously unselected package libkrb5-3:amd64.
2026-10-08T15:39:03.9997039Z #13 5.922 Preparing to unpack .../32-libkrb5-3_1.20.1-2+deb12u5_amd64.deb ...
2026-10-08T15:39:03.9998406Z #13 5.923 Unpacking libkrb5-3:amd64 (1.20.1-2+deb12u5) ...
2026-10-08T15:39:03.9999962Z #13 5.959 Selecting previously unselected package libgssapi-krb5-2:amd64.
2026-10-08T15:39:04.0001688Z #13 5.961 Preparing to unpack .../33-libgssapi-krb5-2_1.20.1-2+deb12u5_amd64.deb ...
2026-10-08T15:39:04.0002876Z #13 5.965 Unpacking libgssapi-krb5-2:amd64 (1.20.1-2+deb12u5) ...
2026-10-08T15:39:04.0003846Z #13 6.044 Selecting previously unselected package libtirpc-common.
2026-10-08T15:39:04.1011672Z #13 6.046 Preparing to unpack .../34-libtirpc-common_1.3.3+ds-1_all.deb ...
2026-10-08T15:39:04.1012747Z #13 6.090 Unpacking libtirpc-common (1.3.3+ds-1) ...
2026-10-08T15:39:04.1013822Z #13 6.106 Selecting previously unselected package libtirpc3:amd64.
2026-10-08T15:39:04.1014760Z #13 6.108 Preparing to unpack .../35-libtirpc3_1.3.3+ds-1_amd64.deb ...
2026-10-08T15:39:04.1015299Z #13 6.109 Unpacking libtirpc3:amd64 (1.3.3+ds-1) ...
2026-10-08T15:39:04.1015819Z #13 6.128 Selecting previously unselected package libnsl2:amd64.
2026-10-08T15:39:04.1016379Z #13 6.130 Preparing to unpack .../36-libnsl2_1.3.0-2_amd64.deb ...
2026-10-08T15:39:04.1016890Z #13 6.131 Unpacking libnsl2:amd64 (1.3.0-2) ...
2026-10-08T15:39:04.1017457Z #13 6.146 Selecting previously unselected package libtirpc-dev:amd64.
2026-10-08T15:39:04.3246020Z #13 6.147 Preparing to unpack .../37-libtirpc-dev_1.3.3+ds-1_amd64.deb ...
2026-10-08T15:39:04.3247321Z #13 6.148 Unpacking libtirpc-dev:amd64 (1.3.3+ds-1) ...
2026-10-08T15:39:04.3248452Z #13 6.173 Selecting previously unselected package libnsl-dev:amd64.
2026-10-08T15:39:04.3249428Z #13 6.175 Preparing to unpack .../38-libnsl-dev_1.3.0-2_amd64.deb ...
2026-10-08T15:39:04.3250253Z #13 6.176 Unpacking libnsl-dev:amd64 (1.3.0-2) ...
2026-10-08T15:39:04.3251050Z #13 6.193 Selecting previously unselected package rpcsvc-proto.
2026-10-08T15:39:04.3251981Z #13 6.195 Preparing to unpack .../39-rpcsvc-proto_1.4.3-1_amd64.deb ...
2026-10-08T15:39:04.3252777Z #13 6.195 Unpacking rpcsvc-proto (1.4.3-1) ...
2026-10-08T15:39:04.3253577Z #13 6.216 Selecting previously unselected package libc6-dev:amd64.
2026-10-08T15:39:04.3254526Z #13 6.218 Preparing to unpack .../40-libc6-dev_2.36-9+deb12u14_amd64.deb ...
2026-10-08T15:39:04.3255404Z #13 6.219 Unpacking libc6-dev:amd64 (2.36-9+deb12u14) ...
2026-10-08T15:39:04.3559230Z #13 6.401 Setting up libkeyutils1:amd64 (1.6.3-2) ...
2026-10-08T15:39:04.5636183Z #13 6.404 Setting up libtirpc-common (1.3.3+ds-1) ...
2026-10-08T15:39:04.5637397Z #13 6.407 Setting up binutils-common:amd64 (2.40-2) ...
2026-10-08T15:39:04.5638624Z #13 6.409 Setting up libssl3:amd64 (3.0.22-1~deb12u1) ...
2026-10-08T15:39:04.5639398Z #13 6.411 Setting up linux-libc-dev:amd64 (6.1.187-1) ...
2026-10-08T15:39:04.5639974Z #13 6.413 Setting up libctf-nobfd0:amd64 (2.40-2) ...
2026-10-08T15:39:04.5640404Z #13 6.415 Setting up libgomp1:amd64 (12.2.0-14+deb12u1) ...
2026-10-08T15:39:04.5640824Z #13 6.417 Setting up libjansson4:amd64 (2.14-2) ...
2026-10-08T15:39:04.5641268Z #13 6.419 Setting up libkrb5support0:amd64 (1.20.1-2+deb12u5) ...
2026-10-08T15:39:04.5641703Z #13 6.421 Setting up rpcsvc-proto (1.4.3-1) ...
2026-10-08T15:39:04.5642116Z #13 6.423 Setting up libmpfr6:amd64 (4.2.0-1) ...
2026-10-08T15:39:04.5642882Z #13 6.425 Setting up libquadmath0:amd64 (12.2.0-14+deb12u1) ...
2026-10-08T15:39:04.5643297Z #13 6.427 Setting up libmpc3:amd64 (1.3.1-1) ...
2026-10-08T15:39:04.5643729Z #13 6.429 Setting up libatomic1:amd64 (12.2.0-14+deb12u1) ...
2026-10-08T15:39:04.5644185Z #13 6.431 Setting up libk5crypto3:amd64 (1.20.1-2+deb12u5) ...
2026-10-08T15:39:04.5644621Z #13 6.433 Setting up libubsan1:amd64 (12.2.0-14+deb12u1) ...
2026-10-08T15:39:04.5645042Z #13 6.435 Setting up libcrypt-dev:amd64 (1:4.4.33-2) ...
2026-10-08T15:39:04.5645454Z #13 6.441 Setting up libasan8:amd64 (12.2.0-14+deb12u1) ...
2026-10-08T15:39:04.5645869Z #13 6.443 Setting up libkrb5-3:amd64 (1.20.1-2+deb12u5) ...
2026-10-08T15:39:04.5646280Z #13 6.445 Setting up libtsan2:amd64 (12.2.0-14+deb12u1) ...
2026-10-08T15:39:04.5646663Z #13 6.447 Setting up libbinutils:amd64 (2.40-2) ...
2026-10-08T15:39:04.5647037Z #13 6.449 Setting up libisl23:amd64 (0.25-1.1) ...
2026-10-08T15:39:04.5647727Z #13 6.451 Setting up libc-dev-bin (2.36-9+deb12u14) ...
2026-10-08T15:39:04.5648673Z #13 6.453 Setting up libcc1-0:amd64 (12.2.0-14+deb12u1) ...
2026-10-08T15:39:04.5649409Z #13 6.455 Setting up liblsan0:amd64 (12.2.0-14+deb12u1) ...
2026-10-08T15:39:04.5650149Z #13 6.457 Setting up libitm1:amd64 (12.2.0-14+deb12u1) ...
2026-10-08T15:39:04.5650830Z #13 6.459 Setting up libctf0:amd64 (2.40-2) ...
2026-10-08T15:39:04.5651480Z #13 6.461 Setting up cpp-12 (12.2.0-14+deb12u1) ...
2026-10-08T15:39:04.5652138Z #13 6.463 Setting up libgprofng0:amd64 (2.40-2) ...
2026-10-08T15:39:04.5652892Z #13 6.465 Setting up libgcc-12-dev:amd64 (12.2.0-14+deb12u1) ...
2026-10-08T15:39:04.5653728Z #13 6.467 Setting up libgssapi-krb5-2:amd64 (1.20.1-2+deb12u5) ...
2026-10-08T15:39:04.5654423Z #13 6.470 Setting up cpp (4:12.2.0-3) ...
2026-10-08T15:39:04.5655099Z #13 6.476 Setting up binutils-x86-64-linux-gnu (2.40-2) ...
2026-10-08T15:39:04.5655803Z #13 6.478 Setting up libtirpc3:amd64 (1.3.3+ds-1) ...
2026-10-08T15:39:04.5656439Z #13 6.480 Setting up binutils (2.40-2) ...
2026-10-08T15:39:04.5657099Z #13 6.481 Setting up libtirpc-dev:amd64 (1.3.3+ds-1) ...
2026-10-08T15:39:04.5657999Z #13 6.483 Setting up gcc-12 (12.2.0-14+deb12u1) ...
2026-10-08T15:39:04.5658700Z #13 6.485 Setting up libnsl2:amd64 (1.3.0-2) ...
2026-10-08T15:39:04.5659626Z #13 6.487 Setting up gcc (4:12.2.0-3) ...
2026-10-08T15:39:04.5660301Z #13 6.495 Setting up libnsl-dev:amd64 (1.3.0-2) ...
2026-10-08T15:39:04.5661026Z #13 6.497 Setting up libc6-dev:amd64 (2.36-9+deb12u14) ...
2026-10-08T15:39:04.5661830Z #13 6.499 Processing triggers for libc-bin (2.36-9+deb12u14) ...
2026-10-08T15:39:04.9868965Z #13 6.608 Reading package lists...
2026-10-08T15:39:05.0972089Z #13 7.044 Building dependency tree...
2026-10-08T15:39:05.2050041Z #13 7.141 Reading state information...
2026-10-08T15:39:05.2051753Z #13 7.240 The following packages were automatically installed and are no longer required:
2026-10-08T15:39:05.2054698Z #13 7.240   binutils binutils-common binutils-x86-64-linux-gnu cpp cpp-12 gcc-12
2026-10-08T15:39:05.2056308Z #13 7.240   libasan8 libatomic1 libbinutils libc-dev-bin libcc1-0 libcrypt-dev
2026-10-08T15:39:05.2057600Z #13 7.240   libctf-nobfd0 libctf0 libgcc-12-dev libgomp1 libgprofng0 libgssapi-krb5-2
2026-10-08T15:39:05.2058905Z #13 7.240   libisl23 libitm1 libjansson4 libk5crypto3 libkeyutils1 libkrb5-3
2026-10-08T15:39:05.2059994Z #13 7.241   libkrb5support0 liblsan0 libmpc3 libmpfr6 libnsl-dev libnsl2 libquadmath0
2026-10-08T15:39:05.2061085Z #13 7.241   libssl3 libtirpc-common libtirpc-dev libtirpc3 libtsan2 libubsan1
2026-10-08T15:39:05.2061899Z #13 7.241   linux-libc-dev rpcsvc-proto
2026-10-08T15:39:05.2062546Z #13 7.241 Use 'apt autoremove' to remove them.
2026-10-08T15:39:05.2063215Z #13 7.250 The following packages will be REMOVED:
2026-10-08T15:39:05.3404616Z #13 7.250   gcc* libc6-dev*
2026-10-08T15:39:05.3405127Z #13 7.385 0 upgraded, 0 newly installed, 2 to remove and 1 not upgraded.
2026-10-08T15:39:05.3405833Z #13 7.385 After this operation, 12.3 MB disk space will be freed.
2026-10-08T15:39:05.5877405Z #13 7.391 (Reading database ... 
2026-10-08T15:39:05.5878206Z (Reading database ... 5%
2026-10-08T15:39:05.5878661Z (Reading database ... 10%
2026-10-08T15:39:05.5879118Z (Reading database ... 15%
2026-10-08T15:39:05.5879577Z (Reading database ... 20%
2026-10-08T15:39:05.5880048Z (Reading database ... 25%
2026-10-08T15:39:05.5880480Z (Reading database ... 30%
2026-10-08T15:39:05.5880906Z (Reading database ... 35%
2026-10-08T15:39:05.5881336Z (Reading database ... 40%
2026-10-08T15:39:05.5881747Z (Reading database ... 45%
2026-10-08T15:39:05.5882159Z (Reading database ... 50%
2026-10-08T15:39:05.5882572Z (Reading database ... 55%
2026-10-08T15:39:05.5882979Z (Reading database ... 60%
2026-10-08T15:39:05.5883396Z (Reading database ... 65%
2026-10-08T15:39:05.5883823Z (Reading database ... 70%
2026-10-08T15:39:05.5884247Z (Reading database ... 75%
2026-10-08T15:39:05.5884681Z (Reading database ... 80%
2026-10-08T15:39:05.5885102Z (Reading database ... 85%
2026-10-08T15:39:05.5885544Z (Reading database ... 90%
2026-10-08T15:39:05.5885968Z (Reading database ... 95%
2026-10-08T15:39:05.5886403Z (Reading database ... 100%
2026-10-08T15:39:05.5887156Z (Reading database ... 10403 files and directories currently installed.)
2026-10-08T15:39:05.5888187Z #13 7.402 Removing gcc (4:12.2.0-3) ...
2026-10-08T15:39:05.5888851Z #13 7.416 Removing libc6-dev:amd64 (2.36-9+deb12u14) ...
2026-10-08T15:39:05.8608796Z #13 7.482 Reading package lists...
2026-10-08T15:39:05.9630680Z #13 7.918 Building dependency tree...
2026-10-08T15:39:06.1887186Z #13 8.008 Reading state information...
2026-10-08T15:39:06.1888515Z #13 8.105 The following packages will be REMOVED:
2026-10-08T15:39:06.1889626Z #13 8.105   binutils binutils-common binutils-x86-64-linux-gnu cpp cpp-12 gcc-12
2026-10-08T15:39:06.1890604Z #13 8.105   libasan8 libatomic1 libbinutils libc-dev-bin libcc1-0 libcrypt-dev
2026-10-08T15:39:06.1891282Z #13 8.106   libctf-nobfd0 libctf0 libgcc-12-dev libgomp1 libgprofng0 libgssapi-krb5-2
2026-10-08T15:39:06.1891966Z #13 8.106   libisl23 libitm1 libjansson4 libk5crypto3 libkeyutils1 libkrb5-3
2026-10-08T15:39:06.1892632Z #13 8.106   libkrb5support0 liblsan0 libmpc3 libmpfr6 libnsl-dev libnsl2 libquadmath0
2026-10-08T15:39:06.1893579Z #13 8.106   libssl3 libtirpc-common libtirpc-dev libtirpc3 libtsan2 libubsan1
2026-10-08T15:39:06.1894119Z #13 8.106   linux-libc-dev rpcsvc-proto
2026-10-08T15:39:06.1894626Z #13 8.233 0 upgraded, 0 newly installed, 39 to remove and 1 not upgraded.
2026-10-08T15:39:06.1895185Z #13 8.233 After this operation, 198 MB disk space will be freed.
2026-10-08T15:39:06.2899024Z #13 8.239 (Reading database ... 
2026-10-08T15:39:06.2900378Z (Reading database ... 5%
2026-10-08T15:39:06.2901266Z (Reading database ... 10%
2026-10-08T15:39:06.2901824Z (Reading database ... 15%
2026-10-08T15:39:06.2902323Z (Reading database ... 20%
2026-10-08T15:39:06.2902782Z (Reading database ... 25%
2026-10-08T15:39:06.2903229Z (Reading database ... 30%
2026-10-08T15:39:06.2903629Z (Reading database ... 35%
2026-10-08T15:39:06.2903979Z (Reading database ... 40%
2026-10-08T15:39:06.2904428Z (Reading database ... 45%
2026-10-08T15:39:06.2904842Z (Reading database ... 50%
2026-10-08T15:39:06.2905226Z (Reading database ... 55%
2026-10-08T15:39:06.2905572Z (Reading database ... 60%
2026-10-08T15:39:06.2905915Z (Reading database ... 65%
2026-10-08T15:39:06.2906428Z (Reading database ... 70%
2026-10-08T15:39:06.2906914Z (Reading database ... 75%
2026-10-08T15:39:06.2907394Z (Reading database ... 80%
2026-10-08T15:39:06.2907743Z (Reading database ... 85%
2026-10-08T15:39:06.2908627Z (Reading database ... 90%
2026-10-08T15:39:06.2909125Z (Reading database ... 95%
2026-10-08T15:39:06.2909611Z (Reading database ... 100%
2026-10-08T15:39:06.2910386Z (Reading database ... 9833 files and directories currently installed.)
2026-10-08T15:39:06.2911228Z #13 8.250 Removing gcc-12 (12.2.0-14+deb12u1) ...
2026-10-08T15:39:06.2911869Z #13 8.274 Removing binutils (2.40-2) ...
2026-10-08T15:39:06.2912920Z #13 8.285 Removing binutils-x86-64-linux-gnu (2.40-2) ...
2026-10-08T15:39:06.2913666Z #13 8.308 Removing libgprofng0:amd64 (2.40-2) ...
2026-10-08T15:39:06.2914342Z #13 8.318 Removing libctf0:amd64 (2.40-2) ...
2026-10-08T15:39:06.2915015Z #13 8.326 Removing libbinutils:amd64 (2.40-2) ...
2026-10-08T15:39:06.2915752Z #13 8.335 Removing binutils-common:amd64 (2.40-2) ...
2026-10-08T15:39:06.3947340Z #13 8.344 Removing cpp (4:12.2.0-3) ...
2026-10-08T15:39:06.3948484Z #13 8.356 Removing cpp-12 (12.2.0-14+deb12u1) ...
2026-10-08T15:39:06.3949548Z #13 8.370 Removing libgcc-12-dev:amd64 (12.2.0-14+deb12u1) ...
2026-10-08T15:39:06.3950578Z #13 8.401 Removing libasan8:amd64 (12.2.0-14+deb12u1) ...
2026-10-08T15:39:06.3951535Z #13 8.412 Removing libatomic1:amd64 (12.2.0-14+deb12u1) ...
2026-10-08T15:39:06.3952456Z #13 8.421 Removing libc-dev-bin (2.36-9+deb12u14) ...
2026-10-08T15:39:06.3953370Z #13 8.431 Removing libcc1-0:amd64 (12.2.0-14+deb12u1) ...
2026-10-08T15:39:06.3954282Z #13 8.439 Removing libcrypt-dev:amd64 (1:4.4.33-2) ...
2026-10-08T15:39:06.4960529Z #13 8.457 Removing libctf-nobfd0:amd64 (2.40-2) ...
2026-10-08T15:39:06.4961177Z #13 8.466 Removing libgomp1:amd64 (12.2.0-14+deb12u1) ...
2026-10-08T15:39:06.4961707Z #13 8.475 Removing libnsl-dev:amd64 (1.3.0-2) ...
2026-10-08T15:39:06.4962217Z #13 8.483 Removing libtirpc-dev:amd64 (1.3.3+ds-1) ...
2026-10-08T15:39:06.4962686Z #13 8.494 Removing libnsl2:amd64 (1.3.0-2) ...
2026-10-08T15:39:06.4963145Z #13 8.502 Removing libtirpc3:amd64 (1.3.3+ds-1) ...
2026-10-08T15:39:06.4963654Z #13 8.514 Removing libgssapi-krb5-2:amd64 (1.20.1-2+deb12u5) ...
2026-10-08T15:39:06.4964145Z #13 8.523 Removing libisl23:amd64 (0.25-1.1) ...
2026-10-08T15:39:06.4964637Z #13 8.532 Removing libitm1:amd64 (12.2.0-14+deb12u1) ...
2026-10-08T15:39:06.4965112Z #13 8.540 Removing libjansson4:amd64 (2.14-2) ...
2026-10-08T15:39:06.6235081Z #13 8.549 Removing libkrb5-3:amd64 (1.20.1-2+deb12u5) ...
2026-10-08T15:39:06.6236074Z #13 8.557 Removing libk5crypto3:amd64 (1.20.1-2+deb12u5) ...
2026-10-08T15:39:06.6236841Z #13 8.565 Removing libkeyutils1:amd64 (1.6.3-2) ...
2026-10-08T15:39:06.6237661Z #13 8.573 Removing libkrb5support0:amd64 (1.20.1-2+deb12u5) ...
2026-10-08T15:39:06.6238683Z #13 8.581 Removing liblsan0:amd64 (12.2.0-14+deb12u1) ...
2026-10-08T15:39:06.6239625Z #13 8.589 Removing libmpc3:amd64 (1.3.1-1) ...
2026-10-08T15:39:06.6240312Z #13 8.596 Removing libmpfr6:amd64 (4.2.0-1) ...
2026-10-08T15:39:06.6240919Z #13 8.604 Removing libquadmath0:amd64 (12.2.0-14+deb12u1) ...
2026-10-08T15:39:06.6241359Z #13 8.612 Removing libssl3:amd64 (3.0.22-1~deb12u1) ...
2026-10-08T15:39:06.6242100Z #13 8.624 Removing libtirpc-common (1.3.3+ds-1) ...
2026-10-08T15:39:06.6242751Z #13 8.630 Removing libtsan2:amd64 (12.2.0-14+deb12u1) ...
2026-10-08T15:39:06.6243233Z #13 8.639 Removing libubsan1:amd64 (12.2.0-14+deb12u1) ...
2026-10-08T15:39:06.6243781Z #13 8.668 Removing linux-libc-dev:amd64 (6.1.187-1) ...
2026-10-08T15:39:06.7493380Z #13 8.723 Removing rpcsvc-proto (1.4.3-1) ...
2026-10-08T15:39:06.7494277Z #13 8.742 Processing triggers for libc-bin (2.36-9+deb12u14) ...
2026-10-08T15:39:06.7494716Z #13 DONE 8.8s
2026-10-08T15:39:06.9004241Z 
2026-10-08T15:39:06.9004834Z #14 [ 9/11] RUN pnpm build
2026-10-08T15:39:07.1955721Z #14 0.446 
2026-10-08T15:39:07.1956604Z #14 0.446 > cocreate@1.0.0 build /app
2026-10-08T15:39:07.1958145Z #14 0.446 > tsc --noEmit && vite build --configLoader runner
2026-10-08T15:39:07.1959097Z #14 0.446 
2026-10-08T15:39:14.7262049Z #14 7.976 vite v7.3.6 building client environment for production...
2026-10-08T15:39:14.9364625Z #14 8.035 transforming...
2026-10-08T15:39:18.4642775Z #14 11.71 ✓ 1749 modules transformed.
2026-10-08T15:39:18.7142365Z #14 11.96 rendering chunks...
2026-10-08T15:39:18.9470856Z #14 12.20 computing gzip size...
2026-10-08T15:39:19.0562877Z #14 12.22 dist/index.html                             0.44 kB │ gzip:   0.30 kB
2026-10-08T15:39:19.0563833Z #14 12.22 dist/assets/App-BqUO_rW7.css                2.56 kB │ gzip:   0.85 kB
2026-10-08T15:39:19.0565314Z #14 12.22 dist/assets/LandingPage-CNj4pefA.css       13.13 kB │ gzip:   2.95 kB
2026-10-08T15:39:19.0566325Z #14 12.22 dist/assets/index-cyLHvudv.css             75.38 kB │ gzip:  14.48 kB
2026-10-08T15:39:19.0567378Z #14 12.22 dist/assets/users-BIdyuxqP.js               0.69 kB │ gzip:   0.39 kB
2026-10-08T15:39:19.0569136Z #14 12.22 dist/assets/createLucideIcon-DcEYS1mU.js    0.89 kB │ gzip:   0.55 kB
2026-10-08T15:39:19.0570490Z #14 12.22 dist/assets/x-DO2zMSIY.js                   1.70 kB │ gzip:   0.78 kB
2026-10-08T15:39:19.0571651Z #14 12.22 dist/assets/LandingPage-DCr6qHiF.js        15.33 kB │ gzip:   4.92 kB
2026-10-08T15:39:19.0572786Z #14 12.22 dist/assets/ProjectApp-DXmAqhy1.js         29.68 kB │ gzip:   9.01 kB
2026-10-08T15:39:19.0573891Z #14 12.22 dist/assets/index-BPNFqXSv.js             421.95 kB │ gzip: 121.32 kB
2026-10-08T15:39:19.0575101Z #14 12.22 dist/assets/App-DhzRZNRs.js               583.75 kB │ gzip: 185.76 kB
2026-10-08T15:39:19.0575901Z #14 12.22 
2026-10-08T15:39:19.0577017Z #14 12.22 (!) Some chunks are larger than 500 kB after minification. Consider:
2026-10-08T15:39:19.0578548Z #14 12.22 - Using dynamic import() to code-split the application
2026-10-08T15:39:19.0580394Z #14 12.22 - Use build.rollupOptions.output.manualChunks to improve chunking: https://rollupjs.org/configuration-options/#output-manualchunks
2026-10-08T15:39:19.0581841Z #14 12.22 - Adjust chunk size limit for this warning via build.chunkSizeWarningLimit.
2026-10-08T15:39:19.0582788Z #14 12.22 ✓ built in 4.22s
2026-10-08T15:39:19.0583474Z #14 DONE 12.3s
2026-10-08T15:39:19.2095815Z 
2026-10-08T15:39:19.2096688Z #15 [10/11] RUN node scripts/release-fingerprint.mjs --write-image
2026-10-08T15:39:19.2429500Z #15 0.185 {"fingerprint":"f4045e77805f9b3c26998078080e75c079095cfa07b03fbc55858c01e2c9fddf","sourceFiles":87,"scope":"Source/build input attestation only; not runtime acceptance"}
2026-10-08T15:39:19.4083357Z #15 DONE 0.2s
2026-10-08T15:39:19.4083817Z 
2026-10-08T15:39:19.4085368Z #16 [11/11] RUN pnpm exec tsx scripts/prepare-isolation.ts --files-only && mkdir -p /app/data /app/generated && chown -R node:node /app/.runtime /app/data /app/generated
2026-10-08T15:39:19.9065408Z #16 0.647 {"policy":"isolated-compile-v1","platform":"linux","scope":"Trusted files prepared; kernel boundary not exercised"}
2026-10-08T15:39:20.0948987Z #16 DONE 0.7s
2026-10-08T15:39:20.0949543Z 
2026-10-08T15:39:20.0950135Z #17 exporting to image
2026-10-08T15:39:20.0950624Z #17 exporting layers
2026-10-08T15:39:30.4387110Z #17 exporting layers 10.5s done
2026-10-08T15:39:30.4580001Z #17 writing image sha256:adbfc5b1c4d84dfca633d24c013aca7f3bd3d9f0a63e7e6326a3665aa7bc2fe2 done
2026-10-08T15:39:30.4580872Z #17 naming to docker.io/library/cocreate-check done
2026-10-08T15:39:30.4581208Z #17 DONE 10.5s
2026-10-08T15:39:30.4590892Z 
2026-10-08T15:39:30.4591866Z  [33m4 warnings found (use docker --debug to expand):
2026-10-08T15:39:30.4593758Z [0m - SecretsUsedInArgOrEnv: Do not use ARG or ENV instructions for sensitive data (ARG "VITE_SUPABASE_PUBLISHABLE_KEY") (line 15)
2026-10-08T15:39:30.4595881Z  - SecretsUsedInArgOrEnv: Do not use ARG or ENV instructions for sensitive data (ENV "VITE_COCREATE_AUTH_MODE") (line 16)
2026-10-08T15:39:30.4598125Z  - SecretsUsedInArgOrEnv: Do not use ARG or ENV instructions for sensitive data (ENV "VITE_SUPABASE_PUBLISHABLE_KEY") (line 19)
2026-10-08T15:39:30.4600054Z  - SecretsUsedInArgOrEnv: Do not use ARG or ENV instructions for sensitive data (ARG "VITE_COCREATE_AUTH_MODE") (line 12)
2026-10-08T15:39:30.4743609Z ##[group]Run root="/sys/fs/cgroup/cocreate-ci-${GITHUB_RUN_ID}-${GITHUB_RUN_ATTEMPT}"
2026-10-08T15:39:30.4744238Z [36;1mroot="/sys/fs/cgroup/cocreate-ci-${GITHUB_RUN_ID}-${GITHUB_RUN_ATTEMPT}"[0m
2026-10-08T15:39:30.4744694Z [36;1msudo sh scripts/prepare-ci-cgroup.sh "$root"[0m
2026-10-08T15:39:30.4745062Z [36;1mecho "COCREATE_CI_CGROUP_ROOT=$root" >> "$GITHUB_ENV"[0m
2026-10-08T15:39:30.4815859Z shell: /usr/bin/bash -e {0}
2026-10-08T15:39:30.4816107Z env:
2026-10-08T15:39:30.4816559Z   PNPM_HOME: /home/runner/setup-pnpm/node_modules/.bin
2026-10-08T15:39:30.4816881Z ##[endgroup]
2026-10-08T15:39:30.5073478Z ##[group]Run sh scripts/run-linux-check.sh node --import tsx scripts/prepare-isolation.ts
2026-10-08T15:39:30.5074128Z [36;1msh scripts/run-linux-check.sh node --import tsx scripts/prepare-isolation.ts[0m
2026-10-08T15:39:30.5141872Z shell: /usr/bin/bash -e {0}
2026-10-08T15:39:30.5142125Z env:
2026-10-08T15:39:30.5142379Z   PNPM_HOME: /home/runner/setup-pnpm/node_modules/.bin
2026-10-08T15:39:30.5142799Z   COCREATE_CI_CGROUP_ROOT: /sys/fs/cgroup/cocreate-ci-37802328259-1
2026-10-08T15:39:30.5143149Z ##[endgroup]
2026-10-08T15:39:31.4555314Z {"policy":"isolated-compile-v1","platform":"linux","scope":"Actual OS boundary preflight passed; no inference"}
2026-10-08T15:39:31.5150485Z ##[group]Run sh scripts/run-linux-check.sh node --import tsx --input-type=module -e 'import {assertVerificationBrowserAvailable} from "./server/isolation/browser.ts"; await assertVerificationBrowserAvailable(); console.log("Actual Linux browser boundary passed; no inference");'
2026-10-08T15:39:31.5152461Z [36;1msh scripts/run-linux-check.sh node --import tsx --input-type=module -e 'import {assertVerificationBrowserAvailable} from "./server/isolation/browser.ts"; await assertVerificationBrowserAvailable(); console.log("Actual Linux browser boundary passed; no inference");'[0m
2026-10-08T15:39:31.5227241Z shell: /usr/bin/bash -e {0}
2026-10-08T15:39:31.5227497Z env:
2026-10-08T15:39:31.5228095Z   PNPM_HOME: /home/runner/setup-pnpm/node_modules/.bin
2026-10-08T15:39:31.5228581Z   COCREATE_CI_CGROUP_ROOT: /sys/fs/cgroup/cocreate-ci-37802328259-1
2026-10-08T15:39:31.5228944Z ##[endgroup]
2026-10-08T15:39:31.9520319Z Actual Linux browser boundary passed; no inference
2026-10-08T15:39:32.0064017Z ##[group]Run sh scripts/run-linux-check.sh node --import tsx --test --test-concurrency=1 tests/generated-isolation.test.ts
2026-10-08T15:39:32.0064876Z [36;1msh scripts/run-linux-check.sh node --import tsx --test --test-concurrency=1 tests/generated-isolation.test.ts[0m
2026-10-08T15:39:32.0136595Z shell: /usr/bin/bash -e {0}
2026-10-08T15:39:32.0136846Z env:
2026-10-08T15:39:32.0137100Z   PNPM_HOME: /home/runner/setup-pnpm/node_modules/.bin
2026-10-08T15:39:32.0137518Z   COCREATE_CI_CGROUP_ROOT: /sys/fs/cgroup/cocreate-ci-37802328259-1
2026-10-08T15:39:32.0138057Z ##[endgroup]
2026-10-08T15:39:32.1896516Z TAP version 13
2026-10-08T15:39:36.3382116Z # Subtest: ordinary compilation runs in the real OS boundary and never evaluates candidate top-level code
2026-10-08T15:39:36.3383938Z ok 1 - ordinary compilation runs in the real OS boundary and never evaluates candidate top-level code
2026-10-08T15:39:36.3384995Z   ---
2026-10-08T15:39:36.3385590Z   duration_ms: 3961.150352
2026-10-08T15:39:36.3386019Z   type: 'test'
2026-10-08T15:39:36.3386245Z   ...
2026-10-08T15:39:36.3860875Z # Subtest: OS boundary without Node permissions denies an existing private host file, writes and live loopback network
2026-10-08T15:39:36.3865869Z ok 2 - OS boundary without Node permissions denies an existing private host file, writes and live loopback network
2026-10-08T15:39:36.3867014Z   ---
2026-10-08T15:39:36.3867428Z   duration_ms: 52.240155
2026-10-08T15:39:36.3868128Z   type: 'test'
2026-10-08T15:39:36.3868538Z   ...
2026-10-08T15:39:36.4448418Z # Subtest: restricted process strips injection/secrets and denies subprocesses, workers and cross-workspace reads
2026-10-08T15:39:36.4449401Z ok 3 - restricted process strips injection/secrets and denies subprocesses, workers and cross-workspace reads
2026-10-08T15:39:36.4449923Z   ---
2026-10-08T15:39:36.4450140Z   duration_ms: 50.937798
2026-10-08T15:39:36.4450374Z   type: 'test'
2026-10-08T15:39:36.4450576Z   ...
2026-10-08T15:39:42.3714529Z # Subtest: candidate imports cannot read absolute files, traverse workspaces or download packages/styles
2026-10-08T15:39:42.3716646Z ok 4 - candidate imports cannot read absolute files, traverse workspaces or download packages/styles
2026-10-08T15:39:42.3729285Z   ---
2026-10-08T15:39:42.3731183Z   duration_ms: 5935.153048
2026-10-08T15:39:42.3731941Z   type: 'test'
2026-10-08T15:39:42.3732526Z   ...
2026-10-08T15:39:43.3773217Z # Subtest: wall timeout terminates a running child and cleans its private input
2026-10-08T15:39:43.3774875Z ok 5 - wall timeout terminates a running child and cleans its private input
2026-10-08T15:39:43.3775664Z   ---
2026-10-08T15:39:43.3776049Z   duration_ms: 1006.434621
2026-10-08T15:39:43.3776485Z   type: 'test'
2026-10-08T15:39:43.3776831Z   ...
2026-10-08T15:39:43.3839112Z # Subtest: cancellation waits for real child termination and cleanup; pre-abort starts nothing
2026-10-08T15:39:43.3841357Z ok 6 - cancellation waits for real child termination and cleanup; pre-abort starts nothing
2026-10-08T15:39:43.3842406Z   ---
2026-10-08T15:39:43.3842913Z   duration_ms: 7.273592
2026-10-08T15:39:43.3843340Z   type: 'test'
2026-10-08T15:39:43.3843681Z   ...
2026-10-08T15:39:44.0381240Z # Subtest: memory exhaustion cannot escape the OS bound and leaves no child work
2026-10-08T15:39:44.0382960Z ok 7 - memory exhaustion cannot escape the OS bound and leaves no child work
2026-10-08T15:39:44.0383677Z   ---
2026-10-08T15:39:44.0384041Z   duration_ms: 652.885261
2026-10-08T15:39:44.0384460Z   type: 'test'
2026-10-08T15:39:44.0384802Z   ...
2026-10-08T15:39:44.0385837Z # Subtest: unavailable isolation fails explicitly and cannot fall back to host compilation
2026-10-08T15:39:44.0388752Z ok 8 - unavailable isolation fails explicitly and cannot fall back to host compilation
2026-10-08T15:39:44.0389478Z   ---
2026-10-08T15:39:44.0389829Z   duration_ms: 0.594595
2026-10-08T15:39:44.0390220Z   type: 'test'
2026-10-08T15:39:44.0390556Z   ...
2026-10-08T15:39:54.0497262Z # Subtest: CPU bound stops a busy child before the longer wall deadline
2026-10-08T15:39:54.0498202Z ok 9 - CPU bound stops a busy child before the longer wall deadline
2026-10-08T15:39:54.0498658Z   ---
2026-10-08T15:39:54.0499037Z   duration_ms: 10010.897567
2026-10-08T15:39:54.0499417Z   type: 'test'
2026-10-08T15:39:54.0499744Z   ...
2026-10-08T15:39:54.2079719Z # Subtest: untrusted output is bounded before it reaches application memory or artifacts
2026-10-08T15:39:54.2080985Z ok 10 - untrusted output is bounded before it reaches application memory or artifacts
2026-10-08T15:39:54.2082264Z   ---
2026-10-08T15:39:54.2082987Z   duration_ms: 160.993356
2026-10-08T15:39:54.2083778Z   type: 'test'
2026-10-08T15:39:54.2084461Z   ...
2026-10-08T15:39:54.2222337Z 1..10
2026-10-08T15:39:54.2222830Z # tests 10
2026-10-08T15:39:54.2249488Z # suites 0
2026-10-08T15:39:54.2249886Z # pass 10
2026-10-08T15:39:54.2250245Z # fail 0
2026-10-08T15:39:54.2250610Z # cancelled 0
2026-10-08T15:39:54.2250980Z # skipped 0
2026-10-08T15:39:54.2251325Z # todo 0
2026-10-08T15:39:54.2251707Z # duration_ms 22047.022741
2026-10-08T15:39:54.2735296Z ##[group]Run sh scripts/run-linux-check.sh node --import tsx --test --test-concurrency=1 tests/linux-cgroup-isolation.test.ts tests/candidate-verification.test.ts
2026-10-08T15:39:54.2736491Z [36;1msh scripts/run-linux-check.sh node --import tsx --test --test-concurrency=1 tests/linux-cgroup-isolation.test.ts tests/candidate-verification.test.ts[0m
2026-10-08T15:39:54.2807707Z shell: /usr/bin/bash -e {0}
2026-10-08T15:39:54.2808232Z env:
2026-10-08T15:39:54.2808490Z   PNPM_HOME: /home/runner/setup-pnpm/node_modules/.bin
2026-10-08T15:39:54.2808909Z   COCREATE_CI_CGROUP_ROOT: /sys/fs/cgroup/cocreate-ci-37802328259-1
2026-10-08T15:39:54.2809265Z ##[endgroup]
2026-10-08T15:39:54.4479934Z TAP version 13
2026-10-08T15:39:59.4873164Z # {"policyVersion":"list-behavior-v1","specificationRevision":3,"sourceHash":"ac010289482cd18a50214a16e1f8c80cb7f8a9d2642c23f1e6eeddde02f67dd4","candidateHash":"00031d4c0fb762cfd984dba658f8e4e382a8f627f033d5b2f09501323b47c48a","planHash":"f18d214ad9e23477b539adcf433dd61b693d7094f13fb1be96989e8e77a09ebf","checkedAt":"2026-10-08T15:39:59.484Z","browserVersion":"HeadlessChrome/154.0.8037.92","checks":[{"kind":"filter","version":"list-behavior-v1","implemented":true,"passed":true,"message":"Filtering narrows the list; clearing restores it."},{"kind":"favorites","version":"list-behavior-v1","implemented":true,"passed":true,"message":"The favorite state toggles and restores without removing items."},{"kind":"sort","version":"list-behavior-v1","implemented":true,"passed":true,"message":"Sorting changes list order into alphabetical order without losing items."}],"requirements":[{"requirementId":"req_3fb819102acc","requirementRevision":1,"criteriaHash":"0ea272fea12c0b04d0c0a5e5506d19274e8ecfdc4b324b4847dc8ceb6692dec9","criteria":[{"criterionHash":"622c509f2ad6a3b7038ae41b3bf520dad5c41175974b32ae8ad612e8ee82bf89","checks":["filter"],"status":"passed"}],"implementation":"observed","status":"verified"},{"requirementId":"req_980895587501","requirementRevision":1,"criteriaHash":"242963850dda8c42c0bf98350081abb874beb718b6ba7b4aafcbd2868fe93e6f","criteria":[{"criterionHash":"8b05e3cd6861df5b3753b867abfa3f4d16b8ff708e6852a9e1b064b52a459e3c","checks":["favorites"],"status":"passed"}],"implementation":"observed","status":"verified"},{"requirementId":"req_d6b0094d5067","requirementRevision":1,"criteriaHash":"6f32c53a669776de27c4dbea71596b9852592e0598637c859f94231f5e4028df","criteria":[{"criterionHash":"dc99f1133bd52aff16fb0b97f8eb15d0e1d1e0eb5adcbcf87ad6905443a91875","checks":["sort"],"status":"passed"}],"implementation":"observed","status":"verified"}],"status":"passed"}
2026-10-08T15:39:59.5200733Z # Subtest: real isolated browser verifies accepted filter, favorites and sorting and binds evidence to the candidate
2026-10-08T15:39:59.5206597Z ok 1 - real isolated browser verifies accepted filter, favorites and sorting and binds evidence to the candidate
2026-10-08T15:39:59.5207471Z   ---
2026-10-08T15:39:59.5208016Z   duration_ms: 4832.026106
2026-10-08T15:39:59.5208467Z   type: 'test'
2026-10-08T15:39:59.5208791Z   ...
2026-10-08T15:40:13.9561105Z # Subtest: compiling controls without behavior fail; retained feature regressions are checked on every candidate
2026-10-08T15:40:13.9563000Z ok 2 - compiling controls without behavior fail; retained feature regressions are checked on every candidate
2026-10-08T15:40:13.9563880Z   ---
2026-10-08T15:40:13.9564232Z   duration_ms: 14435.356318
2026-10-08T15:40:13.9564657Z   type: 'test'
2026-10-08T15:40:13.9564994Z   ...
2026-10-08T15:40:16.9407966Z # Subtest: unsupported prose remains unverified and generated assertion tampering cannot replace trusted checks
2026-10-08T15:40:16.9411849Z ok 3 - unsupported prose remains unverified and generated assertion tampering cannot replace trusted checks
2026-10-08T15:40:16.9413012Z   ---
2026-10-08T15:40:16.9413472Z   duration_ms: 2990.187958
2026-10-08T15:40:16.9414002Z   type: 'test'
2026-10-08T15:40:16.9414223Z   ...
2026-10-08T15:40:17.1918657Z # Subtest: actual verification browser denies a private host file and loopback network and removes its child/profile
2026-10-08T15:40:17.1920050Z ok 4 - actual verification browser denies a private host file and loopback network and removes its child/profile
2026-10-08T15:40:17.1920908Z   ---
2026-10-08T15:40:17.1921141Z   duration_ms: 255.666524
2026-10-08T15:40:17.1921380Z   type: 'test'
2026-10-08T15:40:17.1921576Z   ...
2026-10-08T15:40:26.8535939Z # Subtest: browser CPU remains inside the isolated job bounds
2026-10-08T15:40:26.8536978Z ok 5 - browser CPU remains inside the isolated job bounds
2026-10-08T15:40:26.8537602Z   ---
2026-10-08T15:40:26.8539591Z   duration_ms: 9661.475922
2026-10-08T15:40:26.8540087Z   type: 'test'
2026-10-08T15:40:26.8540408Z   ...
2026-10-08T15:40:27.3103575Z # Subtest: browser protocol output remains inside the isolated job bounds
2026-10-08T15:40:27.3104641Z ok 6 - browser protocol output remains inside the isolated job bounds
2026-10-08T15:40:27.3105268Z   ---
2026-10-08T15:40:27.3105613Z   duration_ms: 446.73052
2026-10-08T15:40:27.3106040Z   type: 'test'
2026-10-08T15:40:27.3106367Z   ...
2026-10-08T15:40:29.5567635Z # Subtest: cancellation and wall limits terminate browser execution and leave no child jobs
2026-10-08T15:40:29.5569143Z ok 7 - cancellation and wall limits terminate browser execution and leave no child jobs
2026-10-08T15:40:29.5569659Z   ---
2026-10-08T15:40:29.5569901Z   duration_ms: 2259.1716
2026-10-08T15:40:29.5570193Z   type: 'test'
2026-10-08T15:40:29.5570427Z   ...
2026-10-08T15:40:30.2855797Z # Subtest: Linux browser cold starts execute JavaScript repeatedly and clean every descendant
2026-10-08T15:40:30.2857107Z ok 8 - Linux browser cold starts execute JavaScript repeatedly and clean every descendant
2026-10-08T15:40:30.2867653Z   ---
2026-10-08T15:40:30.2868149Z   duration_ms: 547.212328
2026-10-08T15:40:30.2868514Z   type: 'test'
2026-10-08T15:40:30.2868727Z   ...
2026-10-08T15:40:35.2905976Z # Subtest: Linux CPU accounting includes busy descendants in the same finite job budget
2026-10-08T15:40:35.2909202Z ok 9 - Linux CPU accounting includes busy descendants in the same finite job budget
2026-10-08T15:40:35.2909940Z   ---
2026-10-08T15:40:35.2910294Z   duration_ms: 5004.940264
2026-10-08T15:40:35.2910660Z   type: 'test'
2026-10-08T15:40:35.2910865Z   ...
2026-10-08T15:40:35.3436407Z # Subtest: Linux browser file-size ceiling rejects growth and cleans the bounded job
2026-10-08T15:40:35.3441198Z not ok 10 - Linux browser file-size ceiling rejects growth and cleans the bounded job
2026-10-08T15:40:35.3441656Z   ---
2026-10-08T15:40:35.3441893Z   duration_ms: 51.702069
2026-10-08T15:40:35.3442135Z   type: 'test'
2026-10-08T15:40:35.3442481Z   location: '/app/tests/linux-cgroup-isolation.test.ts:1:3069'
2026-10-08T15:40:35.3442877Z   failureType: 'testCodeFailure'
2026-10-08T15:40:35.3443157Z   error: |-
2026-10-08T15:40:35.3443398Z     Expected values to be strictly equal:
2026-10-08T15:40:35.3443673Z     
2026-10-08T15:40:35.3443858Z     null !== 'SIGXFSZ'
2026-10-08T15:40:35.3444065Z     
2026-10-08T15:40:35.3444282Z   code: 'ERR_ASSERTION'
2026-10-08T15:40:35.3444517Z   name: 'AssertionError'
2026-10-08T15:40:35.3444745Z   expected: 'SIGXFSZ'
2026-10-08T15:40:35.3444954Z   actual: ~
2026-10-08T15:40:35.3445171Z   operator: 'strictEqual'
2026-10-08T15:40:35.3445392Z   stack: |-
2026-10-08T15:40:35.3445772Z     TestContext.<anonymous> (/app/tests/linux-cgroup-isolation.test.ts:65:12)
2026-10-08T15:40:35.3446272Z     async Test.run (node:internal/test_runner/test:1054:7)
2026-10-08T15:40:35.3446754Z     async Test.processPendingSubtests (node:internal/test_runner/test:744:7)
2026-10-08T15:40:35.3447176Z   ...
2026-10-08T15:40:35.4075257Z # Subtest: Linux browser file-descriptor ceiling rejects growth and cleans the bounded job
2026-10-08T15:40:35.4076637Z ok 11 - Linux browser file-descriptor ceiling rejects growth and cleans the bounded job
2026-10-08T15:40:35.4077358Z   ---
2026-10-08T15:40:35.4077707Z   duration_ms: 64.805483
2026-10-08T15:40:35.4078355Z   type: 'test'
2026-10-08T15:40:35.4078666Z   ...
2026-10-08T15:40:35.4590360Z # Subtest: Linux bootstrap drops authority and attaches a stopped trusted child before execution
2026-10-08T15:40:35.4591575Z ok 12 - Linux bootstrap drops authority and attaches a stopped trusted child before execution
2026-10-08T15:40:35.4592313Z   ---
2026-10-08T15:40:35.4592525Z   duration_ms: 51.874623
2026-10-08T15:40:35.4592769Z   type: 'test'
2026-10-08T15:40:35.4592967Z   ...
2026-10-08T15:40:35.5671378Z # Subtest: Linux PID ceiling denies fork growth and whole-group kill removes descendants
2026-10-08T15:40:35.5678761Z ok 13 - Linux PID ceiling denies fork growth and whole-group kill removes descendants
2026-10-08T15:40:35.5679794Z   ---
2026-10-08T15:40:35.5680326Z   duration_ms: 103.054584
2026-10-08T15:40:35.5680750Z   type: 'test'
2026-10-08T15:40:35.5681086Z   ...
2026-10-08T15:40:36.1714141Z # Subtest: real Linux browser physical-memory exhaustion kills its job while the application survives
2026-10-08T15:40:36.1716068Z ok 14 - real Linux browser physical-memory exhaustion kills its job while the application survives
2026-10-08T15:40:36.1716920Z   ---
2026-10-08T15:40:36.1729089Z   duration_ms: 609.351488
2026-10-08T15:40:36.1729591Z   type: 'test'
2026-10-08T15:40:36.1730481Z   ...
2026-10-08T15:40:36.1731309Z # Subtest: missing Linux delegation fails closed and removes the candidate profile
2026-10-08T15:40:36.1732898Z ok 15 - missing Linux delegation fails closed and removes the candidate profile
2026-10-08T15:40:36.1733814Z   ---
2026-10-08T15:40:36.1734324Z   duration_ms: 1.120733
2026-10-08T15:40:36.1734859Z   type: 'test'
2026-10-08T15:40:36.1735344Z   ...
2026-10-08T15:40:36.1837846Z 1..15
2026-10-08T15:40:36.1842102Z # tests 15
2026-10-08T15:40:36.1842441Z # suites 0
2026-10-08T15:40:36.1842770Z # pass 14
2026-10-08T15:40:36.1843088Z # fail 1
2026-10-08T15:40:36.1845067Z # cancelled 0
2026-10-08T15:40:36.1845382Z # skipped 0
2026-10-08T15:40:36.1845880Z # todo 0
2026-10-08T15:40:36.1846382Z # duration_ms 41748.861962
2026-10-08T15:40:36.2343480Z ##[error]Process completed with exit code 1.
2026-10-08T15:40:36.2404774Z ##[group]Run docker build --tag cocreate-file-diagnose - <<'DOCKER'
2026-10-08T15:40:36.2405283Z [36;1mdocker build --tag cocreate-file-diagnose - <<'DOCKER'[0m
2026-10-08T15:40:36.2405648Z [36;1mFROM cocreate-check[0m
2026-10-08T15:40:36.2406119Z [36;1mRUN apt-get update && apt-get install -y --no-install-recommends strace && rm -rf /var/lib/apt/lists/*[0m
2026-10-08T15:40:36.2406608Z [36;1mDOCKER[0m
2026-10-08T15:40:36.2407085Z [36;1msed 's/cocreate-check/cocreate-file-diagnose/g' scripts/run-linux-check.sh > /tmp/cocreate-file-diagnose.sh[0m
2026-10-08T15:40:36.2408189Z [36;1msh /tmp/cocreate-file-diagnose.sh timeout 30s node --import tsx scripts/diagnose-browser-file-limit.ts --output[0m
2026-10-08T15:40:36.2478896Z shell: /usr/bin/bash -e {0}
2026-10-08T15:40:36.2479153Z env:
2026-10-08T15:40:36.2479403Z   PNPM_HOME: /home/runner/setup-pnpm/node_modules/.bin
2026-10-08T15:40:36.2479812Z   COCREATE_CI_CGROUP_ROOT: /sys/fs/cgroup/cocreate-ci-37802328259-1
2026-10-08T15:40:36.2480200Z ##[endgroup]
2026-10-08T15:40:36.5890461Z #0 building with "default" instance using docker driver
2026-10-08T15:40:36.5890832Z 
2026-10-08T15:40:36.5891097Z #1 [internal] load build definition from Dockerfile
2026-10-08T15:40:36.5891901Z #1 transferring dockerfile: 160B done
2026-10-08T15:40:36.5892487Z #1 DONE 0.0s
2026-10-08T15:40:36.5892838Z 
2026-10-08T15:40:36.5893543Z #2 [internal] load metadata for docker.io/library/cocreate-check:latest
2026-10-08T15:40:36.5894043Z #2 DONE 0.0s
2026-10-08T15:40:36.5894191Z 
2026-10-08T15:40:36.5894380Z #3 [internal] load .dockerignore
2026-10-08T15:40:36.5894778Z #3 transferring context: 2B done
2026-10-08T15:40:36.5895098Z #3 DONE 0.0s
2026-10-08T15:40:36.5895238Z 
2026-10-08T15:40:36.5895491Z #4 [1/2] FROM docker.io/library/cocreate-check:latest
2026-10-08T15:40:36.5895876Z #4 DONE 0.0s
2026-10-08T15:40:36.5896018Z 
2026-10-08T15:40:36.5896606Z #5 [2/2] RUN apt-get update && apt-get install -y --no-install-recommends strace && rm -rf /var/lib/apt/lists/*
2026-10-08T15:40:36.6278828Z #5 0.189 Get:1 http://deb.debian.org/debian bookworm InRelease [151 kB]
2026-10-08T15:40:36.7639862Z #5 0.205 Get:2 http://deb.debian.org/debian bookworm-updates InRelease [55.4 kB]
2026-10-08T15:40:36.7641468Z #5 0.209 Get:3 http://deb.debian.org/debian-security bookworm-security InRelease [34.8 kB]
2026-10-08T15:40:36.7642672Z #5 0.269 Get:4 http://deb.debian.org/debian bookworm/main amd64 Packages [8790 kB]
2026-10-08T15:40:36.7643827Z #5 0.326 Get:5 http://deb.debian.org/debian bookworm-updates/main amd64 Packages [6924 B]
2026-10-08T15:40:36.9641115Z #5 0.375 Get:6 http://deb.debian.org/debian-security bookworm-security/main amd64 Packages [349 kB]
2026-10-08T15:40:37.5359945Z #5 1.098 Fetched 9388 kB in 1s (9812 kB/s)
2026-10-08T15:40:37.9562814Z #5 1.098 Reading package lists...
2026-10-08T15:40:38.3961115Z #5 1.536 Reading package lists...
2026-10-08T15:40:38.5132627Z #5 1.970 Building dependency tree...
2026-10-08T15:40:38.6383108Z #5 2.075 Reading state information...
2026-10-08T15:40:38.6384067Z #5 2.167 The following additional packages will be installed:
2026-10-08T15:40:38.6384677Z #5 2.167   libunwind8
2026-10-08T15:40:38.6385118Z #5 2.200 The following NEW packages will be installed:
2026-10-08T15:40:38.7882262Z #5 2.200   libunwind8 strace
2026-10-08T15:40:38.7883302Z #5 2.224 0 upgraded, 2 newly installed, 0 to remove and 1 not upgraded.
2026-10-08T15:40:38.7884233Z #5 2.224 Need to get 1365 kB of archives.
2026-10-08T15:40:38.7885123Z #5 2.224 After this operation, 3108 kB of additional disk space will be used.
2026-10-08T15:40:38.7886401Z #5 2.224 Get:1 http://deb.debian.org/debian bookworm/main amd64 libunwind8 amd64 1.6.2-3 [51.2 kB]
2026-10-08T15:40:38.7887508Z #5 2.237 Get:2 http://deb.debian.org/debian bookworm/main amd64 strace amd64 6.1-0.1 [1314 kB]
2026-10-08T15:40:38.7888622Z #5 2.350 debconf: delaying package configuration, since apt-utils is not installed
2026-10-08T15:40:38.9092625Z #5 2.372 Fetched 1365 kB in 0s (27.6 MB/s)
2026-10-08T15:40:38.9093807Z #5 2.385 Selecting previously unselected package libunwind8:amd64.
2026-10-08T15:40:38.9094642Z #5 2.385 (Reading database ... 
2026-10-08T15:40:38.9095076Z (Reading database ... 5%
2026-10-08T15:40:38.9095421Z (Reading database ... 10%
2026-10-08T15:40:38.9095733Z (Reading database ... 15%
2026-10-08T15:40:38.9096033Z (Reading database ... 20%
2026-10-08T15:40:38.9096330Z (Reading database ... 25%
2026-10-08T15:40:38.9096631Z (Reading database ... 30%
2026-10-08T15:40:38.9097124Z (Reading database ... 35%
2026-10-08T15:40:38.9097598Z (Reading database ... 40%
2026-10-08T15:40:38.9098341Z (Reading database ... 45%
2026-10-08T15:40:38.9098832Z (Reading database ... 50%
2026-10-08T15:40:38.9099199Z (Reading database ... 55%
2026-10-08T15:40:38.9099494Z (Reading database ... 60%
2026-10-08T15:40:38.9099787Z (Reading database ... 65%
2026-10-08T15:40:38.9100072Z (Reading database ... 70%
2026-10-08T15:40:38.9100425Z (Reading database ... 75%
2026-10-08T15:40:38.9100787Z (Reading database ... 80%
2026-10-08T15:40:38.9101082Z (Reading database ... 85%
2026-10-08T15:40:38.9101372Z (Reading database ... 90%
2026-10-08T15:40:38.9101658Z (Reading database ... 95%
2026-10-08T15:40:38.9101966Z (Reading database ... 100%
2026-10-08T15:40:38.9102765Z (Reading database ... 7945 files and directories currently installed.)
2026-10-08T15:40:38.9103466Z #5 2.395 Preparing to unpack .../libunwind8_1.6.2-3_amd64.deb ...
2026-10-08T15:40:38.9104095Z #5 2.397 Unpacking libunwind8:amd64 (1.6.2-3) ...
2026-10-08T15:40:38.9104904Z #5 2.413 Selecting previously unselected package strace.
2026-10-08T15:40:38.9105789Z #5 2.415 Preparing to unpack .../strace_6.1-0.1_amd64.deb ...
2026-10-08T15:40:38.9106469Z #5 2.415 Unpacking strace (6.1-0.1) ...
2026-10-08T15:40:38.9106887Z #5 2.471 Setting up libunwind8:amd64 (1.6.2-3) ...
2026-10-08T15:40:39.1105752Z #5 2.474 Setting up strace (6.1-0.1) ...
2026-10-08T15:40:39.1106610Z #5 2.476 Processing triggers for libc-bin (2.36-9+deb12u14) ...
2026-10-08T15:40:39.1107216Z #5 DONE 2.5s
2026-10-08T15:40:39.1107450Z 
2026-10-08T15:40:39.1107633Z #6 exporting to image
2026-10-08T15:40:39.1108304Z #6 exporting layers
2026-10-08T15:40:41.4202205Z #6 exporting layers 2.5s done
2026-10-08T15:40:41.4373925Z #6 writing image sha256:3feb4367b08a4033522529f8d3e2010d892cfe161b3a7cd320f656e3732dabff done
2026-10-08T15:40:41.4375097Z #6 naming to docker.io/library/cocreate-file-diagnose done
2026-10-08T15:40:41.4375679Z #6 DONE 2.5s
2026-10-08T15:40:41.8843368Z [1008/154041.882598:ERROR:dbus/bus.cc:405] Failed to connect to the bus: Failed to connect to socket /run/dbus/system_bus_socket: No such file or directory
2026-10-08T15:40:41.8845797Z [1008/154041.883164:ERROR:dbus/bus.cc:405] Failed to connect to the bus: Could not parse server address: Unknown address type (examples of valid types are "tcp" and on UNIX "unix")
2026-10-08T15:40:41.8932892Z [1008/154041.892576:ERROR:dbus/bus.cc:405] Failed to connect to the bus: Failed to connect to socket /run/dbus/system_bus_socket: No such file or directory
2026-10-08T15:40:41.8938281Z [1008/154041.893111:ERROR:dbus/bus.cc:405] Failed to connect to the bus: Failed to connect to socket /run/dbus/system_bus_socket: No such file or directory
2026-10-08T15:40:41.8969429Z [pid    41] ftruncate(27</memfd:shared-memory-region>(deleted), 4) = 0
2026-10-08T15:40:41.9403404Z [1008/154041.939377:WARNING:media/gpu/vaapi/vaapi_wrapper.cc:1660] drmGetDevices2() has not found any devices
2026-10-08T15:40:41.9705560Z [pid    66] ftruncate(37</memfd:shared-memory-region>(deleted), 262144) = 0
2026-10-08T15:40:41.9716447Z [pid    66] ftruncate(40</memfd:shared-memory-region>(deleted), 4) = 0
2026-10-08T15:40:41.9760073Z [pid    66] ftruncate(33</memfd:shared-memory-region>(deleted), 131072) = 0
2026-10-08T15:40:41.9837197Z [pid    41] ftruncate(33</memfd:shared-memory-region>(deleted), 8) = 0
2026-10-08T15:40:41.9871595Z [pid    49] ftruncate(39</profile/Default/declarative_performance_observer.db>, 12288) = 0
2026-10-08T15:40:41.9899222Z [pid    49] ftruncate(40</profile/Default/declarative_performance_observer.db-journal>, 0) = 0
2026-10-08T15:40:41.9925306Z [pid    49] ftruncate(39</profile/Default/declarative_performance_observer.db>, 20480) = 0
2026-10-08T15:40:41.9938411Z [pid    49] ftruncate(40</profile/Default/declarative_performance_observer.db-journal>, 0) = 0
2026-10-08T15:40:41.9960615Z [pid    49] ftruncate(39</profile/Default/declarative_performance_observer.db>, 28672) = 0
2026-10-08T15:40:41.9975193Z [pid    49] ftruncate(40</profile/Default/declarative_performance_observer.db-journal>, 0) = 0
2026-10-08T15:40:42.0007348Z [pid    66] ftruncate(44</memfd:shared-memory-region>(deleted), 131072) = 0
2026-10-08T15:40:42.0023268Z [pid    70] ftruncate(45</profile/Default/GPUCache/index>, 262512) = 0
2026-10-08T15:40:42.0032318Z [pid    49] ftruncate(39</profile/Default/declarative_performance_observer.db>, 32768) = 0
2026-10-08T15:40:42.0046233Z [pid    49] ftruncate(40</profile/Default/declarative_performance_observer.db-journal>, 0) = 0
2026-10-08T15:40:42.0214180Z [1008/154042.020401:ERROR:dbus/object_proxy.cc:572] Failed to call method: org.freedesktop.DBus.NameHasOwner: object_path= /org/freedesktop/DBus: unknown error type: 
2026-10-08T15:40:42.0219940Z [1008/154042.020707:ERROR:dbus/bus.cc:405] Failed to connect to the bus: Could not parse server address: Unknown address type (examples of valid types are "tcp" and on UNIX "unix")
2026-10-08T15:40:42.0224345Z [1008/154042.021291:WARNING:device/bluetooth/dbus/bluez_dbus_manager.cc:209] Floss manager service not available, cannot set Floss enable/disable.
2026-10-08T15:40:42.0266894Z [pid    70] ftruncate(52</profile/Default/GPUCache/data_1>, 270336) = 0
2026-10-08T15:40:42.0287538Z [pid    70] ftruncate(57</profile/Default/DawnWebGPUCache/index>, 262512) = 0
2026-10-08T15:40:42.0402847Z [1008/154042.039419:ERROR:dbus/object_proxy.cc:572] Failed to call method: org.freedesktop.DBus.NameHasOwner: object_path= /org/freedesktop/DBus: unknown error type: 
2026-10-08T15:40:42.0466782Z [pid    54] ftruncate(63</memfd:shared-memory-region>(deleted), 16) = 0
2026-10-08T15:40:42.0515034Z [pid    41] ftruncate(67</memfd:shared-memory-region>(deleted), 8) = 0
2026-10-08T15:40:42.0554244Z [pid    70] ftruncate(66</profile/Default/DawnWebGPUCache/data_1>, 270336) = 0
2026-10-08T15:40:42.0564301Z [pid    54] ftruncate(70</memfd:shared-memory-region>(deleted), 16) = 0
2026-10-08T15:40:42.0566462Z [pid    70] ftruncate(71</profile/Default/DawnGraphiteCache/index>, 262512) = 0
2026-10-08T15:40:42.0586067Z [pid    54] ftruncate(76</memfd:shared-memory-region>(deleted), 16) = 0
2026-10-08T15:40:42.0637669Z [pid    66] ftruncate(70</memfd:shared-memory-region>(deleted), 131072) = 0
2026-10-08T15:40:42.0732533Z [pid    70] ftruncate(79</profile/Default/DawnGraphiteCache/data_1>, 270336) = 0
2026-10-08T15:40:42.1507085Z [pid    47] ftruncate(33</memfd:shared-memory-region>(deleted), 131072) = 0
2026-10-08T15:40:42.1518796Z [pid    80] ftruncate(16</profile/Default/Shared Dictionary/db>, 12288) = 0
2026-10-08T15:40:42.1532995Z [pid    80] ftruncate(17</profile/Default/Shared Dictionary/db-journal>, 0) = 0
2026-10-08T15:40:42.1626755Z [pid    80] ftruncate(16</profile/Default/Shared Dictionary/db>, 45056) = 0
2026-10-08T15:40:42.1636669Z [pid    80] ftruncate(17</profile/Default/Shared Dictionary/db-journal>, 0) = 0
2026-10-08T15:40:42.2243842Z [pid    47] ftruncate(67</memfd:shared-memory-region>(deleted), 131072) = 0
2026-10-08T15:40:42.2248909Z [pid    47] ftruncate(83</memfd:shared-memory-region>(deleted), 131072) = 0
2026-10-08T15:40:42.2274093Z [pid    47] ftruncate(86</memfd:shared-memory-region>(deleted), 131072) = 0
2026-10-08T15:40:42.2790992Z [pid    47] ftruncate(83</memfd:shared-memory-region>(deleted), 131072) = 0
2026-10-08T15:40:42.2795765Z [pid    47] ftruncate(85</memfd:shared-memory-region>(deleted), 131072) = 0
2026-10-08T15:40:42.3337723Z [pid    74] ftruncate(25</memfd:shared-memory-region>(deleted), 5242984) = 0
2026-10-08T15:40:42.4975179Z /app/server/isolation/browser.ts:104
2026-10-08T15:40:42.4976302Z     if (received > isolationPolicy.outputBytes) {stop(new IsolationError('isolation_resource_limit', 'Browser output exceeded its bound.')); return;}
2026-10-08T15:40:42.4977026Z                                                       ^
2026-10-08T15:40:42.4977253Z 
2026-10-08T15:40:42.4977458Z IsolationError: Browser output exceeded its bound.
2026-10-08T15:40:42.4978271Z     at Socket.<anonymous> (/app/server/isolation/browser.ts:104:55)
2026-10-08T15:40:42.4978906Z     at Socket.emit (node:events:519:28)
2026-10-08T15:40:42.4979486Z     at addChunk (node:internal/streams/readable:561:12)
2026-10-08T15:40:42.4980407Z     at readableAddChunkPushByteMode (node:internal/streams/readable:512:3)
2026-10-08T15:40:42.4981243Z     at Readable.push (node:internal/streams/readable:392:5)
2026-10-08T15:40:42.4982126Z     at Pipe.onStreamRead (node:internal/stream_base_commons:189:23) {
2026-10-08T15:40:42.4982819Z   code: 'isolation_resource_limit',
2026-10-08T15:40:42.4983258Z   cause: {
2026-10-08T15:40:42.4983593Z     exitCode: null,
2026-10-08T15:40:42.4984069Z     phase: 'cleanup',
2026-10-08T15:40:42.4984823Z     diagnostic: '[1008/154041.882598:ERROR:dbus/bus.cc:405] Failed to connect to the bus: Failed to connect to socket /run/dbus/system_bus_socket: No such file or directory\n' +
2026-10-08T15:40:42.4986059Z       '[1008/154041.883164:ERROR:dbus/bus.cc:405] Failed to connect to the bus: Could not parse server address: Unknown address type (examples of valid types are "tcp" and on UNIX "unix")\n' +
2026-10-08T15:40:42.4987230Z       '[1008/154041.892576:ERROR:dbus/bus.cc:405] Failed to connect to the bus: Failed to connect to socket /run/dbus/system_bus_socket: No such file or directory\n' +
2026-10-08T15:40:42.4988581Z       '[1008/154041.893111:ERROR:dbus/bus.cc:405] Failed to connect to the bus: Failed to connect to socket /run/dbus/system_bus_socket: No such file or directory\n' +
2026-10-08T15:40:42.4989374Z       '[pid    41] ftruncate(27</memfd:shared-memory-region>(deleted), 4) = 0\n' +
2026-10-08T15:40:42.4990066Z       '[1008/154041.939377:WARNING:media/gpu/vaapi/vaapi_wrapper.cc:1660] drmGetDevices2() has not found any devices\n' +
2026-10-08T15:40:42.4990741Z       '[pid    66] ftruncate(37</memfd:shared-memory-region>(deleted), 262144) = 0\n' +
2026-10-08T15:40:42.4991297Z       '[pid    66] ftruncate(40</memfd:shared-memory-region>(deleted), 4) = 0\n' +
2026-10-08T15:40:42.4991818Z       '[pid    66] ftruncate(3'
2026-10-08T15:40:42.4992062Z   }
2026-10-08T15:40:42.4992244Z }
2026-10-08T15:40:42.4992342Z 
2026-10-08T15:40:42.4992484Z Node.js v22.23.3
2026-10-08T15:40:42.5450867Z ##[error]Process completed with exit code 1.
2026-10-08T15:40:42.5498682Z ##[group]Run case "$COCREATE_CI_CGROUP_ROOT" in /sys/fs/cgroup/cocreate-ci-*) ;; *) exit 126 ;; esac
2026-10-08T15:40:42.5499365Z [36;1mcase "$COCREATE_CI_CGROUP_ROOT" in /sys/fs/cgroup/cocreate-ci-*) ;; *) exit 126 ;; esac[0m
2026-10-08T15:40:42.5499921Z [36;1msudo find "$COCREATE_CI_CGROUP_ROOT" -depth -type d -exec rmdir {} \;[0m
2026-10-08T15:40:42.5570975Z shell: /usr/bin/bash -e {0}
2026-10-08T15:40:42.5571229Z env:
2026-10-08T15:40:42.5571488Z   PNPM_HOME: /home/runner/setup-pnpm/node_modules/.bin
2026-10-08T15:40:42.5571896Z   COCREATE_CI_CGROUP_ROOT: /sys/fs/cgroup/cocreate-ci-37802328259-1
2026-10-08T15:40:42.5572440Z ##[endgroup]
2026-10-08T15:40:42.5876031Z Post job cleanup.
2026-10-08T15:40:42.7377298Z Pruning is unnecessary.
2026-10-08T15:40:42.7599189Z Post job cleanup.
2026-10-08T15:40:42.8721532Z [command]/usr/bin/git version
2026-10-08T15:40:42.8767154Z git version 2.55.0
2026-10-08T15:40:42.8810690Z Temporarily overriding HOME='/home/runner/work/_temp/78b3d32b-8693-4ef3-b98c-80ce8d082f31' before making global git config changes
2026-10-08T15:40:42.8812421Z Adding repository directory to the temporary git global config as a safe directory
2026-10-08T15:40:42.8816740Z [command]/usr/bin/git config --global --add safe.directory /home/runner/work/Cocreate/Cocreate
2026-10-08T15:40:42.8860997Z [command]/usr/bin/git config --local --name-only --get-regexp core\.sshCommand
2026-10-08T15:40:42.8903312Z [command]/usr/bin/git submodule foreach --recursive sh -c "git config --local --name-only --get-regexp 'core\.sshCommand' && git config --local --unset-all 'core.sshCommand' || :"
2026-10-08T15:40:42.9205672Z [command]/usr/bin/git config --local --name-only --get-regexp http\.https\:\/\/github\.com\/\.extraheader
2026-10-08T15:40:42.9249148Z http.https://github.com/.extraheader
2026-10-08T15:40:42.9264627Z [command]/usr/bin/git config --local --unset-all http.https://github.com/.extraheader
2026-10-08T15:40:42.9305622Z [command]/usr/bin/git submodule foreach --recursive sh -c "git config --local --name-only --get-regexp 'http\.https\:\/\/github\.com\/\.extraheader' && git config --local --unset-all 'http.https://github.com/.extraheader' || :"
2026-10-08T15:40:42.9597127Z [command]/usr/bin/git config --local --name-only --get-regexp ^includeIf\.gitdir:
2026-10-08T15:40:42.9642959Z [command]/usr/bin/git submodule foreach --recursive git config --local --show-origin --name-only --get-regexp remote.origin.url
2026-10-08T15:40:43.0095856Z Cleaning up orphan processes
2026-10-08T15:40:43.0488995Z ##[warning]Node.js 20 is deprecated. The following actions target Node.js 20 but are being forced to run on Node.js 24: actions/checkout@11d5960a326750d5838078e36cf38b85af677262, actions/setup-node@49933ea5288caeca8642d1e84afbd3f7d6820020, pnpm/action-setup@f40ffcd9367d9f12939873eb1018b921a783ffaa. For more information see: https://github.blog/changelog/2025-09-19-deprecation-of-node-20-on-github-actions-runners/
