2026-10-08T12:10:21.9637655Z Current runner version: '2.337.0'
2026-10-08T12:10:21.9662399Z ##[group]Runner Image Provisioner
2026-10-08T12:10:21.9663393Z Hosted Compute Agent
2026-10-08T12:10:21.9664175Z Version: 20261002.596
2026-10-08T12:10:21.9664915Z Commit: c3d12f3313a95f25162a1503be624f3b0617f8c0
2026-10-08T12:10:21.9665810Z Build Date: 2026-10-02T22:28:27Z
2026-10-08T12:10:21.9666641Z Worker ID: {b0feddd0-9bd4-4b19-a2b2-7706e3e6aeff}
2026-10-08T12:10:21.9667436Z Region: centralus
2026-10-08T12:10:21.9668136Z Cloud: Azure
2026-10-08T12:10:21.9668697Z ##[endgroup]
2026-10-08T12:10:21.9669889Z ##[group]Operating System
2026-10-08T12:10:21.9670791Z Ubuntu
2026-10-08T12:10:21.9671281Z 22.04.5
2026-10-08T12:10:21.9671723Z LTS
2026-10-08T12:10:21.9672142Z ##[endgroup]
2026-10-08T12:10:21.9672549Z ##[group]Runner Image
2026-10-08T12:10:21.9673401Z Image: ubuntu-22.04
2026-10-08T12:10:21.9673885Z Version: 20261004.315.1
2026-10-08T12:10:21.9674929Z Included Software: https://github.com/actions/runner-images/blob/ubuntu22/20261004.315/images/ubuntu/Ubuntu2204-Readme.md
2026-10-08T12:10:21.9676164Z Image Release: https://github.com/actions/runner-images/releases/tag/ubuntu22%2F20261004.315
2026-10-08T12:10:21.9676974Z ##[endgroup]
2026-10-08T12:10:21.9677878Z ##[group]GITHUB_TOKEN Permissions
2026-10-08T12:10:21.9679791Z Contents: read
2026-10-08T12:10:21.9680257Z Metadata: read
2026-10-08T12:10:21.9681071Z ##[endgroup]
2026-10-08T12:10:21.9682785Z Secret source: Actions
2026-10-08T12:10:21.9683568Z Cache mode: write
2026-10-08T12:10:21.9684147Z Prepare workflow directory
2026-10-08T12:10:21.9931798Z Prepare all required actions
2026-10-08T12:10:21.9987689Z Getting action download info
2026-10-08T12:10:22.2799977Z Download action repository 'actions/checkout@11d5960a326750d5838078e36cf38b85af677262' (SHA:11d5960a326750d5838078e36cf38b85af677262)
2026-10-08T12:10:22.3476351Z Download action repository 'pnpm/action-setup@f40ffcd9367d9f12939873eb1018b921a783ffaa' (SHA:f40ffcd9367d9f12939873eb1018b921a783ffaa)
2026-10-08T12:10:22.8260702Z Download action repository 'actions/setup-node@49933ea5288caeca8642d1e84afbd3f7d6820020' (SHA:49933ea5288caeca8642d1e84afbd3f7d6820020)
2026-10-08T12:10:23.0425626Z Complete job name: verify
2026-10-08T12:10:23.1182808Z ##[group]Run actions/checkout@11d5960a326750d5838078e36cf38b85af677262
2026-10-08T12:10:23.1184247Z with:
2026-10-08T12:10:23.1185000Z   repository: DD7780/Cocreate
2026-10-08T12:10:23.1191527Z   token: ***
2026-10-08T12:10:23.1192312Z   ssh-strict: true
2026-10-08T12:10:23.1193069Z   ssh-user: git
2026-10-08T12:10:23.1193942Z   persist-credentials: true
2026-10-08T12:10:23.1194785Z   clean: true
2026-10-08T12:10:23.1195589Z   sparse-checkout-cone-mode: true
2026-10-08T12:10:23.1196495Z   fetch-depth: 1
2026-10-08T12:10:23.1197252Z   fetch-tags: false
2026-10-08T12:10:23.1198081Z   show-progress: true
2026-10-08T12:10:23.1198878Z   lfs: false
2026-10-08T12:10:23.1199614Z   submodules: false
2026-10-08T12:10:23.1200532Z   set-safe-directory: true
2026-10-08T12:10:23.1201447Z   allow-unsafe-pr-checkout: false
2026-10-08T12:10:23.1202627Z ##[endgroup]
2026-10-08T12:10:23.2067317Z Syncing repository: DD7780/Cocreate
2026-10-08T12:10:23.2070826Z ##[group]Getting Git version info
2026-10-08T12:10:23.2072824Z Working directory is '/home/runner/work/Cocreate/Cocreate'
2026-10-08T12:10:23.2075303Z [command]/usr/bin/git version
2026-10-08T12:10:23.2076708Z git version 2.55.0
2026-10-08T12:10:23.2082228Z ##[endgroup]
2026-10-08T12:10:23.2091632Z Temporarily overriding HOME='/home/runner/work/_temp/80ffcb6f-d6c5-4357-a47d-1ee1f7f56cd7' before making global git config changes
2026-10-08T12:10:23.2095546Z Adding repository directory to the temporary git global config as a safe directory
2026-10-08T12:10:23.2098605Z [command]/usr/bin/git config --global --add safe.directory /home/runner/work/Cocreate/Cocreate
2026-10-08T12:10:23.2121659Z Deleting the contents of '/home/runner/work/Cocreate/Cocreate'
2026-10-08T12:10:23.2125758Z ##[group]Initializing the repository
2026-10-08T12:10:23.2128500Z [command]/usr/bin/git init /home/runner/work/Cocreate/Cocreate
2026-10-08T12:10:23.2192734Z hint: Using 'master' as the name for the initial branch. This default branch name
2026-10-08T12:10:23.2196165Z hint: will change to "main" in Git 3.0. To configure the initial branch name
2026-10-08T12:10:23.2199801Z hint: to use in all of your new repositories, which will suppress this warning,
2026-10-08T12:10:23.2202957Z hint: call:
2026-10-08T12:10:23.2204411Z hint:
2026-10-08T12:10:23.2206356Z hint: 	git config --global init.defaultBranch <name>
2026-10-08T12:10:23.2208617Z hint:
2026-10-08T12:10:23.2210864Z hint: Names commonly chosen instead of 'master' are 'main', 'trunk' and
2026-10-08T12:10:23.2213671Z hint: 'development'. The just-created branch can be renamed via this command:
2026-10-08T12:10:23.2215733Z hint:
2026-10-08T12:10:23.2216947Z hint: 	git branch -m <name>
2026-10-08T12:10:23.2218297Z hint:
2026-10-08T12:10:23.2220197Z hint: Disable this message with "git config set advice.defaultBranchName false"
2026-10-08T12:10:23.2223079Z Initialized empty Git repository in /home/runner/work/Cocreate/Cocreate/.git/
2026-10-08T12:10:23.2227483Z [command]/usr/bin/git remote add origin https://github.com/DD7780/Cocreate
2026-10-08T12:10:23.2232177Z ##[endgroup]
2026-10-08T12:10:23.2234225Z ##[group]Disabling automatic garbage collection
2026-10-08T12:10:23.2235995Z [command]/usr/bin/git config --local gc.auto 0
2026-10-08T12:10:23.2254819Z ##[endgroup]
2026-10-08T12:10:23.2256784Z ##[group]Setting up auth
2026-10-08T12:10:23.2258716Z [command]/usr/bin/git config --local --name-only --get-regexp core\.sshCommand
2026-10-08T12:10:23.2283873Z [command]/usr/bin/git submodule foreach --recursive sh -c "git config --local --name-only --get-regexp 'core\.sshCommand' && git config --local --unset-all 'core.sshCommand' || :"
2026-10-08T12:10:23.2516877Z [command]/usr/bin/git config --local --name-only --get-regexp http\.https\:\/\/github\.com\/\.extraheader
2026-10-08T12:10:23.2551574Z [command]/usr/bin/git submodule foreach --recursive sh -c "git config --local --name-only --get-regexp 'http\.https\:\/\/github\.com\/\.extraheader' && git config --local --unset-all 'http.https://github.com/.extraheader' || :"
2026-10-08T12:10:23.2715894Z [command]/usr/bin/git config --local --name-only --get-regexp ^includeIf\.gitdir:
2026-10-08T12:10:23.2746801Z [command]/usr/bin/git submodule foreach --recursive git config --local --show-origin --name-only --get-regexp remote.origin.url
2026-10-08T12:10:23.2919579Z [command]/usr/bin/git config --local http.https://github.com/.extraheader AUTHORIZATION: basic ***
2026-10-08T12:10:23.3029771Z ##[endgroup]
2026-10-08T12:10:23.3032012Z ##[group]Fetching the repository
2026-10-08T12:10:23.3039514Z [command]/usr/bin/git -c protocol.version=2 fetch --no-tags --prune --no-recurse-submodules --depth=1 origin +1ca4343a5ee9110f6f2af8d29e16290019b9724c:refs/remotes/origin/codex/prelaunch-beta
2026-10-08T12:10:24.2527100Z From https://github.com/DD7780/Cocreate
2026-10-08T12:10:24.2528137Z  * [new ref]         1ca4343a5ee9110f6f2af8d29e16290019b9724c -> origin/codex/prelaunch-beta
2026-10-08T12:10:24.2532007Z ##[endgroup]
2026-10-08T12:10:24.2532959Z ##[group]Determining the checkout info
2026-10-08T12:10:24.2534793Z ##[endgroup]
2026-10-08T12:10:24.2540371Z [command]/usr/bin/git sparse-checkout disable
2026-10-08T12:10:24.2574397Z [command]/usr/bin/git config --local --unset-all extensions.worktreeConfig
2026-10-08T12:10:24.2598283Z ##[group]Checking out the ref
2026-10-08T12:10:24.2601717Z [command]/usr/bin/git checkout --progress --force -B codex/prelaunch-beta refs/remotes/origin/codex/prelaunch-beta
2026-10-08T12:10:24.3331144Z Switched to a new branch 'codex/prelaunch-beta'
2026-10-08T12:10:24.3332862Z branch 'codex/prelaunch-beta' set up to track 'origin/codex/prelaunch-beta'.
2026-10-08T12:10:24.3339134Z ##[endgroup]
2026-10-08T12:10:24.3365844Z [command]/usr/bin/git log -1 --format=%H
2026-10-08T12:10:24.3385892Z 1ca4343a5ee9110f6f2af8d29e16290019b9724c
2026-10-08T12:10:24.3586061Z ##[group]Run pnpm/action-setup@f40ffcd9367d9f12939873eb1018b921a783ffaa
2026-10-08T12:10:24.3586792Z with:
2026-10-08T12:10:24.3587173Z   version: 10.18.3
2026-10-08T12:10:24.3587600Z   dest: ~/setup-pnpm
2026-10-08T12:10:24.3587990Z   run_install: null
2026-10-08T12:10:24.3588367Z   cache: false
2026-10-08T12:10:24.3588777Z   cache_dependency_path: pnpm-lock.yaml
2026-10-08T12:10:24.3589226Z   package_json_file: package.json
2026-10-08T12:10:24.3589653Z   standalone: false
2026-10-08T12:10:24.3590033Z ##[endgroup]
2026-10-08T12:10:24.4787798Z ##[group]Running self-installer...
2026-10-08T12:10:24.8272426Z (node:1908) [DEP0169] DeprecationWarning: `url.parse()` behavior is not standardized and prone to errors that have security implications. Use the WHATWG URL API instead. CVEs are not issued for `url.parse()` vulnerabilities.
2026-10-08T12:10:24.8273791Z (Use `node --trace-deprecation ...` to show where the warning was created)
2026-10-08T12:10:25.0367972Z Progress: resolved 1, reused 0, downloaded 0, added 0
2026-10-08T12:10:25.0453726Z Packages: +1
2026-10-08T12:10:25.0454540Z +
2026-10-08T12:10:25.3719252Z Progress: resolved 1, reused 0, downloaded 1, added 1, done
2026-10-08T12:10:25.4037887Z 
2026-10-08T12:10:25.4038439Z dependencies:
2026-10-08T12:10:25.4039084Z + pnpm 10.18.3 (12.10.1 is available)
2026-10-08T12:10:25.4039374Z 
2026-10-08T12:10:25.4058475Z Done in 745ms
2026-10-08T12:10:25.4169162Z ##[endgroup]
2026-10-08T12:10:25.4169586Z Installation Completed!
2026-10-08T12:10:25.4312037Z ##[group]Run actions/setup-node@49933ea5288caeca8642d1e84afbd3f7d6820020
2026-10-08T12:10:25.4312481Z with:
2026-10-08T12:10:25.4312765Z   node-version: 22
2026-10-08T12:10:25.4313035Z   cache: pnpm
2026-10-08T12:10:25.4313331Z   always-auth: false
2026-10-08T12:10:25.4313592Z   check-latest: false
2026-10-08T12:10:25.4315607Z   token: ***
2026-10-08T12:10:25.4315862Z env:
2026-10-08T12:10:25.4316155Z   PNPM_HOME: /home/runner/setup-pnpm/node_modules/.bin
2026-10-08T12:10:25.4316498Z ##[endgroup]
2026-10-08T12:10:25.5476624Z Found in cache @ /opt/hostedtoolcache/node/22.23.3/x64
2026-10-08T12:10:25.5478668Z (node:1923) [DEP0040] DeprecationWarning: The `punycode` module is deprecated. Please use a userland alternative instead.
2026-10-08T12:10:25.5479287Z (Use `node --trace-deprecation ...` to show where the warning was created)
2026-10-08T12:10:25.5481577Z ##[group]Environment details
2026-10-08T12:10:27.2339992Z node: v22.23.3
2026-10-08T12:10:27.2340973Z npm: 10.9.9
2026-10-08T12:10:27.2341799Z yarn: 1.22.22
2026-10-08T12:10:27.2343237Z ##[endgroup]
2026-10-08T12:10:27.2381505Z [command]/home/runner/setup-pnpm/node_modules/.bin/pnpm store path --silent
2026-10-08T12:10:27.5164303Z /home/runner/setup-pnpm/node_modules/.bin/store/v10
2026-10-08T12:10:27.6634142Z pnpm cache is not found
2026-10-08T12:10:27.6734890Z ##[group]Run pnpm install --frozen-lockfile
2026-10-08T12:10:27.6735335Z [36;1mpnpm install --frozen-lockfile[0m
2026-10-08T12:10:27.7004828Z shell: /usr/bin/bash -e {0}
2026-10-08T12:10:27.7005233Z env:
2026-10-08T12:10:27.7005553Z   PNPM_HOME: /home/runner/setup-pnpm/node_modules/.bin
2026-10-08T12:10:27.7005931Z ##[endgroup]
2026-10-08T12:10:27.9768561Z Lockfile is up to date, resolution step is skipped
2026-10-08T12:10:28.0139816Z Progress: resolved 1, reused 0, downloaded 0, added 0
2026-10-08T12:10:28.0513638Z Packages: +408
2026-10-08T12:10:28.0514412Z ++++++++++++++++++++++++++++++++++++++++++++++++++++++++++++++++++++++++++++++++
2026-10-08T12:10:29.0164261Z Progress: resolved 408, reused 0, downloaded 245, added 241
2026-10-08T12:10:30.0192494Z Progress: resolved 408, reused 0, downloaded 293, added 257
2026-10-08T12:10:31.0181388Z Progress: resolved 408, reused 0, downloaded 407, added 407
2026-10-08T12:10:31.3662389Z Progress: resolved 408, reused 0, downloaded 408, added 408, done
2026-10-08T12:10:31.4998048Z .../node_modules/@prisma/engines postinstall$ node scripts/postinstall.js
2026-10-08T12:10:31.5166296Z .../node_modules/workerd postinstall$ node install.js
2026-10-08T12:10:31.5176779Z .../esbuild@0.28.2/node_modules/esbuild postinstall$ node install.js
2026-10-08T12:10:31.5185684Z .../esbuild@0.28.1/node_modules/esbuild postinstall$ node install.js
2026-10-08T12:10:31.5301868Z .../esbuild@0.25.12/node_modules/esbuild postinstall$ node install.js
2026-10-08T12:10:32.4981317Z .../node_modules/workerd postinstall: Done
2026-10-08T12:10:32.6091806Z .../node_modules/@prisma/engines postinstall: Done
2026-10-08T12:10:32.6152269Z .../esbuild@0.28.2/node_modules/esbuild postinstall: Done
2026-10-08T12:10:32.7386265Z .../esbuild@0.28.1/node_modules/esbuild postinstall: Done
2026-10-08T12:10:32.7446770Z .../esbuild@0.25.12/node_modules/esbuild postinstall: Done
2026-10-08T12:10:33.0901023Z .../node_modules/prisma preinstall$ node scripts/preinstall-entry.js
2026-10-08T12:10:33.1349416Z .../node_modules/prisma preinstall: Done
2026-10-08T12:10:33.4301374Z 
2026-10-08T12:10:33.4302029Z dependencies:
2026-10-08T12:10:33.4302520Z + @cloudflare/containers 0.3.7
2026-10-08T12:10:33.4303074Z + @supabase/server 1.8.0
2026-10-08T12:10:33.4303496Z + @supabase/supabase-js 2.117.0
2026-10-08T12:10:33.4304000Z + @tiptap/extension-collaboration 3.31.3
2026-10-08T12:10:33.4304716Z + @tiptap/extension-collaboration-caret 3.31.3
2026-10-08T12:10:33.4305244Z + @tiptap/react 3.31.3
2026-10-08T12:10:33.4305687Z + @tiptap/starter-kit 3.31.3
2026-10-08T12:10:33.4306153Z + @vitejs/plugin-react 5.2.0
2026-10-08T12:10:33.4306626Z + cross-env 10.1.0
2026-10-08T12:10:33.4306985Z + dotenv 17.4.2
2026-10-08T12:10:33.4307351Z + esbuild 0.25.12
2026-10-08T12:10:33.4307790Z + esbuild-wasm 0.25.12
2026-10-08T12:10:33.4308212Z + express 5.2.1
2026-10-08T12:10:33.4308661Z + lucide-react 0.468.0
2026-10-08T12:10:33.4309034Z + react 19.2.8
2026-10-08T12:10:33.4309406Z + react-dom 19.2.8
2026-10-08T12:10:33.4309838Z + vite 7.3.6
2026-10-08T12:10:33.4310184Z + ws 8.21.3
2026-10-08T12:10:33.4310739Z + y-protocols 1.0.7
2026-10-08T12:10:33.4311120Z + yjs 13.6.32
2026-10-08T12:10:33.4311342Z 
2026-10-08T12:10:33.4311526Z devDependencies:
2026-10-08T12:10:33.4311955Z + @prisma/adapter-pg 7.10.0
2026-10-08T12:10:33.4312410Z + @prisma/client 7.10.0
2026-10-08T12:10:33.4312825Z + @types/express 5.0.6
2026-10-08T12:10:33.4313230Z + @types/node 22.20.1
2026-10-08T12:10:33.4313652Z + @types/pg 8.23.1
2026-10-08T12:10:33.4314062Z + @types/react 19.2.18
2026-10-08T12:10:33.4314477Z + @types/react-dom 19.2.7
2026-10-08T12:10:33.4314925Z + @types/ws 8.18.1
2026-10-08T12:10:33.4315299Z + pg 8.23.0
2026-10-08T12:10:33.4315698Z + prisma 7.10.0
2026-10-08T12:10:33.4316142Z + tsx 4.23.13
2026-10-08T12:10:33.4316529Z + typescript 5.9.3
2026-10-08T12:10:33.4316891Z + wrangler 4.131.1
2026-10-08T12:10:33.4317098Z 
2026-10-08T12:10:33.5420302Z Done in 5.8s using pnpm v10.18.3
2026-10-08T12:10:33.5662643Z ##[group]Run pnpm check:boundaries
2026-10-08T12:10:33.5663074Z [36;1mpnpm check:boundaries[0m
2026-10-08T12:10:33.5699141Z shell: /usr/bin/bash -e {0}
2026-10-08T12:10:33.5699450Z env:
2026-10-08T12:10:33.5699775Z   PNPM_HOME: /home/runner/setup-pnpm/node_modules/.bin
2026-10-08T12:10:33.5700119Z ##[endgroup]
2026-10-08T12:10:33.7798027Z 
2026-10-08T12:10:33.7798904Z > cocreate@1.0.0 check:boundaries /home/runner/work/Cocreate/Cocreate
2026-10-08T12:10:33.7799613Z > tsx scripts/codebase-audit.ts --check
2026-10-08T12:10:33.7800036Z 
2026-10-08T12:10:35.1179470Z Audited 142 files; 1 static candidates; 0 boundary violations.
2026-10-08T12:10:35.1181135Z Jev: 0 physical requests, 0 input tokens with known usage, known-usage estimate $0.000000; unknown requests retain their reservation.
2026-10-08T12:10:35.1181714Z Report: artifacts/codebase-audit/report.json
2026-10-08T12:10:35.1406605Z ##[group]Run pnpm build
2026-10-08T12:10:35.1406863Z [36;1mpnpm build[0m
2026-10-08T12:10:35.1443375Z shell: /usr/bin/bash -e {0}
2026-10-08T12:10:35.1443629Z env:
2026-10-08T12:10:35.1443868Z   PNPM_HOME: /home/runner/setup-pnpm/node_modules/.bin
2026-10-08T12:10:35.1444134Z ##[endgroup]
2026-10-08T12:10:35.3535863Z 
2026-10-08T12:10:35.3536574Z > cocreate@1.0.0 build /home/runner/work/Cocreate/Cocreate
2026-10-08T12:10:35.3537115Z > tsc --noEmit && vite build --configLoader runner
2026-10-08T12:10:35.3537576Z 
2026-10-08T12:10:40.9964828Z [36mvite v7.3.6 [32mbuilding client environment for production...[36m[39m
2026-10-08T12:10:41.0523950Z transforming...
2026-10-08T12:10:43.5729016Z [32m✓[39m 1749 modules transformed.
2026-10-08T12:10:43.7477862Z rendering chunks...
2026-10-08T12:10:43.9581402Z computing gzip size...
2026-10-08T12:10:43.9819791Z [2mdist/[22m[32mindex.html                           [39m[1m[2m  0.44 kB[22m[1m[22m[2m │ gzip:   0.30 kB[22m
2026-10-08T12:10:43.9821599Z [2mdist/[22m[2massets/[22m[35mApp-BqUO_rW7.css              [39m[1m[2m  2.56 kB[22m[1m[22m[2m │ gzip:   0.85 kB[22m
2026-10-08T12:10:43.9822944Z [2mdist/[22m[2massets/[22m[35mLandingPage-CNj4pefA.css      [39m[1m[2m 13.13 kB[22m[1m[22m[2m │ gzip:   2.95 kB[22m
2026-10-08T12:10:43.9823947Z [33m
2026-10-08T12:10:43.9824800Z [2mdist/[22m[2massets/[22m[35mindex-cyLHvudv.css            [39m[1m[2m 75.38 kB[22m[1m[22m[2m │ gzip:  14.48 kB[22m
2026-10-08T12:10:43.9825803Z (!) Some chunks are larger than 500 kB after minification. Consider:
2026-10-08T12:10:43.9826775Z [2mdist/[22m[2massets/[22m[36musers-S0nR_fpD.js             [39m[1m[2m  0.69 kB[22m[1m[22m[2m │ gzip:   0.39 kB[22m
2026-10-08T12:10:43.9827504Z - Using dynamic import() to code-split the application
2026-10-08T12:10:43.9828396Z [2mdist/[22m[2massets/[22m[36mcreateLucideIcon-DS0f-70M.js  [39m[1m[2m  0.89 kB[22m[1m[22m[2m │ gzip:   0.55 kB[22m
2026-10-08T12:10:43.9829618Z - Use build.rollupOptions.output.manualChunks to improve chunking: https://rollupjs.org/configuration-options/#output-manualchunks
2026-10-08T12:10:43.9831040Z [2mdist/[22m[2massets/[22m[36mx-CYlEPbUI.js                 [39m[1m[2m  1.70 kB[22m[1m[22m[2m │ gzip:   0.78 kB[22m
2026-10-08T12:10:43.9831975Z - Adjust chunk size limit for this warning via build.chunkSizeWarningLimit.[39m
2026-10-08T12:10:43.9833060Z [2mdist/[22m[2massets/[22m[36mLandingPage-CklZAjP2.js       [39m[1m[2m 15.33 kB[22m[1m[22m[2m │ gzip:   4.92 kB[22m
2026-10-08T12:10:43.9834251Z [2mdist/[22m[2massets/[22m[36mProjectApp-CEhcL8gy.js        [39m[1m[2m 29.68 kB[22m[1m[22m[2m │ gzip:   9.01 kB[22m
2026-10-08T12:10:43.9835401Z [2mdist/[22m[2massets/[22m[36mindex-5SCWldx6.js             [39m[1m[2m421.72 kB[22m[1m[22m[2m │ gzip: 121.23 kB[22m
2026-10-08T12:10:43.9836527Z [2mdist/[22m[2massets/[22m[36mApp-thYYHyMP.js               [39m[1m[33m583.75 kB[39m[22m[2m │ gzip: 185.76 kB[22m
2026-10-08T12:10:43.9837340Z [32m✓ built in 2.96s[39m
2026-10-08T12:10:44.0269679Z ##[group]Run node --input-type=module <<'NODE'
2026-10-08T12:10:44.0270162Z [36;1mnode --input-type=module <<'NODE'[0m
2026-10-08T12:10:44.0270642Z [36;1mimport fs from 'node:fs';[0m
2026-10-08T12:10:44.0271042Z [36;1mimport {spawnSync} from 'node:child_process';[0m
2026-10-08T12:10:44.0272350Z [36;1mconst {image_vars} = JSON.parse(fs.readFileSync('wrangler.jsonc', 'utf8')).containers[0];[0m
2026-10-08T12:10:44.0273288Z [36;1mconst names = ['VITE_COCREATE_AUTH_MODE', 'VITE_COCREATE_APP_ORIGIN', 'VITE_SUPABASE_URL', 'VITE_SUPABASE_PUBLISHABLE_KEY'];[0m
2026-10-08T12:10:44.0274042Z [36;1mconst args = ['build', '--tag', 'cocreate-check'];[0m
2026-10-08T12:10:44.0274461Z [36;1mfor (const name of names) {[0m
2026-10-08T12:10:44.0275051Z [36;1m  if (typeof image_vars[name] !== 'string') throw new Error(`Missing public build variable: ${name}`);[0m
2026-10-08T12:10:44.0275726Z [36;1m  args.push('--build-arg', `${name}=${image_vars[name]}`);[0m
2026-10-08T12:10:44.0276185Z [36;1m}[0m
2026-10-08T12:10:44.0276591Z [36;1mconst result = spawnSync('docker', [...args, '.'], {stdio: 'inherit'});[0m
2026-10-08T12:10:44.0277125Z [36;1mif (result.error) throw result.error;[0m
2026-10-08T12:10:44.0277518Z [36;1mprocess.exit(result.status ?? 1);[0m
2026-10-08T12:10:44.0277856Z [36;1mNODE[0m
2026-10-08T12:10:44.0327162Z shell: /usr/bin/bash -e {0}
2026-10-08T12:10:44.0327676Z env:
2026-10-08T12:10:44.0328003Z   PNPM_HOME: /home/runner/setup-pnpm/node_modules/.bin
2026-10-08T12:10:44.0328417Z ##[endgroup]
2026-10-08T12:10:44.4083033Z #0 building with "default" instance using docker driver
2026-10-08T12:10:44.4083504Z 
2026-10-08T12:10:44.4083915Z #1 [internal] load build definition from Dockerfile
2026-10-08T12:10:44.4084427Z #1 transferring dockerfile: 1.37kB done
2026-10-08T12:10:44.4084788Z #1 DONE 0.0s
2026-10-08T12:10:44.4084952Z 
2026-10-08T12:10:44.4085243Z #2 [auth] library/node:pull token for registry-1.docker.io
2026-10-08T12:10:44.5590771Z #2 DONE 0.0s
2026-10-08T12:10:44.5591087Z 
2026-10-08T12:10:44.5591548Z #3 [internal] load metadata for docker.io/library/node:22-bookworm-slim
2026-10-08T12:10:44.9101405Z #3 DONE 0.6s
2026-10-08T12:10:45.0249795Z 
2026-10-08T12:10:45.0261215Z #4 [internal] load .dockerignore
2026-10-08T12:10:45.0291274Z #4 transferring context: 248B done
2026-10-08T12:10:45.0292078Z #4 DONE 0.0s
2026-10-08T12:10:45.0317908Z 
2026-10-08T12:10:45.0319237Z #5 [ 1/11] FROM docker.io/library/node:22-bookworm-slim@sha256:c3de60bf2f9dd0ac6370e6117950ff62d6e339527e7472301c9c78a017978392
2026-10-08T12:10:45.0334512Z #5 resolve docker.io/library/node:22-bookworm-slim@sha256:c3de60bf2f9dd0ac6370e6117950ff62d6e339527e7472301c9c78a017978392 done
2026-10-08T12:10:45.0337015Z #5 sha256:c3de60bf2f9dd0ac6370e6117950ff62d6e339527e7472301c9c78a017978392 5.22kB / 5.22kB done
2026-10-08T12:10:45.0338095Z #5 sha256:efd0ab5780c2d9ab1f0f869571a00d5edb17793bff4cce4a2792e3eb0ffc7562 1.93kB / 1.93kB done
2026-10-08T12:10:45.0339084Z #5 sha256:d0a16be756b6ec6658aecb8b7bcf87fa6c7d0d7fcc6ca53ad14bb49a4c90bdd7 6.77kB / 6.77kB done
2026-10-08T12:10:45.0340307Z #5 sha256:7fd1ebe418b5079d4aa36f416af9b143d127bc75b0155d71cb5fd559b5e04d39 2.10MB / 28.25MB 0.1s
2026-10-08T12:10:45.0341358Z #5 sha256:f0400f4b55b0ad346bf6167a1b64a258e4d73db608c457798ce35e4ffeebfaaf 0B / 3.31kB 0.1s
2026-10-08T12:10:45.0342338Z #5 sha256:d22c69a95cf463f4cb74462bd2899597ce505d82bd4c01ceddf7845e12f13856 0B / 49.84MB 0.1s
2026-10-08T12:10:45.1245793Z #5 ...
2026-10-08T12:10:45.1246456Z 
2026-10-08T12:10:45.1247322Z #6 [internal] load build context
2026-10-08T12:10:45.1248170Z #6 transferring context: 18.93MB 0.1s done
2026-10-08T12:10:45.1248882Z #6 DONE 0.1s
2026-10-08T12:10:45.1249199Z 
2026-10-08T12:10:45.1250277Z #5 [ 1/11] FROM docker.io/library/node:22-bookworm-slim@sha256:c3de60bf2f9dd0ac6370e6117950ff62d6e339527e7472301c9c78a017978392
2026-10-08T12:10:45.1251856Z #5 sha256:7fd1ebe418b5079d4aa36f416af9b143d127bc75b0155d71cb5fd559b5e04d39 28.25MB / 28.25MB 0.2s
2026-10-08T12:10:45.1253535Z #5 sha256:f0400f4b55b0ad346bf6167a1b64a258e4d73db608c457798ce35e4ffeebfaaf 3.31kB / 3.31kB 0.1s done
2026-10-08T12:10:45.1254873Z #5 sha256:d22c69a95cf463f4cb74462bd2899597ce505d82bd4c01ceddf7845e12f13856 8.39MB / 49.84MB 0.2s
2026-10-08T12:10:45.1256008Z #5 sha256:2cfab517365cfc6b4bd1f8c4cb01754884ef75bc38758b3c41e291c696f019f5 1.05MB / 1.71MB 0.2s
2026-10-08T12:10:45.3264629Z #5 sha256:d22c69a95cf463f4cb74462bd2899597ce505d82bd4c01ceddf7845e12f13856 49.84MB / 49.84MB 0.4s
2026-10-08T12:10:45.3267605Z #5 sha256:2cfab517365cfc6b4bd1f8c4cb01754884ef75bc38758b3c41e291c696f019f5 1.71MB / 1.71MB 0.4s
2026-10-08T12:10:45.5233294Z #5 sha256:7fd1ebe418b5079d4aa36f416af9b143d127bc75b0155d71cb5fd559b5e04d39 28.25MB / 28.25MB 0.5s done
2026-10-08T12:10:45.5234441Z #5 sha256:d22c69a95cf463f4cb74462bd2899597ce505d82bd4c01ceddf7845e12f13856 49.84MB / 49.84MB 0.6s done
2026-10-08T12:10:45.5235477Z #5 sha256:2cfab517365cfc6b4bd1f8c4cb01754884ef75bc38758b3c41e291c696f019f5 1.71MB / 1.71MB 0.5s done
2026-10-08T12:10:45.5236472Z #5 sha256:a8de9fa052209313d8e45435a8486e29b20eebaa820e2e7f63a7c3c94b4fa567 0B / 448B 0.6s
2026-10-08T12:10:45.6251740Z #5 sha256:a8de9fa052209313d8e45435a8486e29b20eebaa820e2e7f63a7c3c94b4fa567 448B / 448B 0.6s done
2026-10-08T12:10:45.6252487Z #5 extracting sha256:7fd1ebe418b5079d4aa36f416af9b143d127bc75b0155d71cb5fd559b5e04d39
2026-10-08T12:10:46.3049844Z #5 extracting sha256:7fd1ebe418b5079d4aa36f416af9b143d127bc75b0155d71cb5fd559b5e04d39 0.7s done
2026-10-08T12:10:46.3051568Z #5 extracting sha256:f0400f4b55b0ad346bf6167a1b64a258e4d73db608c457798ce35e4ffeebfaaf
2026-10-08T12:10:46.4558585Z #5 extracting sha256:f0400f4b55b0ad346bf6167a1b64a258e4d73db608c457798ce35e4ffeebfaaf done
2026-10-08T12:10:50.2563325Z #5 extracting sha256:d22c69a95cf463f4cb74462bd2899597ce505d82bd4c01ceddf7845e12f13856
2026-10-08T12:10:51.3459807Z #5 extracting sha256:d22c69a95cf463f4cb74462bd2899597ce505d82bd4c01ceddf7845e12f13856 0.9s done
2026-10-08T12:10:52.0212840Z #5 extracting sha256:2cfab517365cfc6b4bd1f8c4cb01754884ef75bc38758b3c41e291c696f019f5
2026-10-08T12:10:52.2700817Z #5 extracting sha256:2cfab517365cfc6b4bd1f8c4cb01754884ef75bc38758b3c41e291c696f019f5 0.0s done
2026-10-08T12:10:52.2701873Z #5 extracting sha256:a8de9fa052209313d8e45435a8486e29b20eebaa820e2e7f63a7c3c94b4fa567 done
2026-10-08T12:10:52.2702668Z #5 DONE 7.2s
2026-10-08T12:10:52.2702803Z 
2026-10-08T12:10:52.2702909Z #7 [ 2/11] WORKDIR /app
2026-10-08T12:10:52.2893299Z #7 DONE 0.2s
2026-10-08T12:10:52.4404946Z 
2026-10-08T12:10:52.4405530Z #8 [ 3/11] RUN corepack enable
2026-10-08T12:10:52.4537422Z #8 DONE 0.2s
2026-10-08T12:10:52.6047474Z 
2026-10-08T12:10:52.6048397Z #9 [ 4/11] RUN apt-get update && apt-get install -y --no-install-recommends bubblewrap util-linux chromium tini && rm -rf /var/lib/apt/lists/*
2026-10-08T12:10:52.6147011Z #9 0.160 Get:1 http://deb.debian.org/debian bookworm InRelease [151 kB]
2026-10-08T12:10:52.7489604Z #9 0.187 Get:2 http://deb.debian.org/debian bookworm-updates InRelease [55.4 kB]
2026-10-08T12:10:52.7491075Z #9 0.197 Get:3 http://deb.debian.org/debian-security bookworm-security InRelease [34.8 kB]
2026-10-08T12:10:52.7492084Z #9 0.229 Get:4 http://deb.debian.org/debian bookworm/main amd64 Packages [8790 kB]
2026-10-08T12:10:52.7493089Z #9 0.295 Get:5 http://deb.debian.org/debian bookworm-updates/main amd64 Packages [6924 B]
2026-10-08T12:10:52.9086238Z #9 0.304 Get:6 http://deb.debian.org/debian-security bookworm-security/main amd64 Packages [349 kB]
2026-10-08T12:10:53.4609527Z #9 1.006 Fetched 9388 kB in 1s (10.8 MB/s)
2026-10-08T12:10:53.7990972Z #9 1.006 Reading package lists...
2026-10-08T12:10:54.1502250Z #9 1.357 Reading package lists...
2026-10-08T12:10:54.3253526Z #9 1.706 Building dependency tree...
2026-10-08T12:10:54.3254257Z #9 1.771 Reading state information...
2026-10-08T12:10:54.3254959Z #9 1.871 util-linux is already the newest version (2.38.1-5+deb12u3).
2026-10-08T12:10:54.3255669Z #9 1.871 util-linux set to manually installed.
2026-10-08T12:10:54.3256333Z #9 1.871 The following additional packages will be installed:
2026-10-08T12:10:54.3257564Z #9 1.871   adwaita-icon-theme at-spi2-common chromium-common dbus dbus-bin dbus-daemon
2026-10-08T12:10:54.3258427Z #9 1.871   dbus-session-bus-common dbus-system-bus-common dbus-user-session
2026-10-08T12:10:54.4772001Z #9 1.871   dconf-gsettings-backend dconf-service dmsetup fontconfig fontconfig-config
2026-10-08T12:10:54.4773365Z #9 1.871   fonts-dejavu-core gtk-update-icon-cache hicolor-icon-theme libapparmor1
2026-10-08T12:10:54.4774609Z #9 1.871   libargon2-1 libasound2 libasound2-data libasyncns0 libatk-bridge2.0-0
2026-10-08T12:10:54.4775632Z #9 1.871   libatk1.0-0 libatspi2.0-0 libavahi-client3 libavahi-common-data
2026-10-08T12:10:54.4776689Z #9 1.872   libavahi-common3 libbrotli1 libbsd0 libcairo-gobject2 libcairo2 libcolord2
2026-10-08T12:10:54.4777744Z #9 1.872   libcryptsetup12 libcups2 libdatrie1 libdav1d6 libdbus-1-3 libdconf1
2026-10-08T12:10:54.4778701Z #9 1.872   libdeflate0 libdevmapper1.02.1 libdouble-conversion3 libdrm-amdgpu1
2026-10-08T12:10:54.4779702Z #9 1.872   libdrm-common libdrm-intel1 libdrm-nouveau2 libdrm-radeon1 libdrm2 libedit2
2026-10-08T12:10:54.4780810Z #9 1.872   libelf1 libepoxy0 libexpat1 libfdisk1 libflac12 libfontconfig1 libfontenc1
2026-10-08T12:10:54.4781835Z #9 1.872   libfreetype6 libfribidi0 libgbm1 libgdk-pixbuf-2.0-0 libgdk-pixbuf2.0-common
2026-10-08T12:10:54.4782848Z #9 1.872   libgl1 libgl1-mesa-dri libglapi-mesa libglib2.0-0 libglvnd0 libglx-mesa0
2026-10-08T12:10:54.4784070Z #9 1.872   libglx0 libgraphite2-3 libgssapi-krb5-2 libgtk-3-0 libgtk-3-common
2026-10-08T12:10:54.4785027Z #9 1.872   libharfbuzz-subset0 libharfbuzz0b libice6 libicu72 libip4tc2 libjbig0
2026-10-08T12:10:54.4785992Z #9 1.872   libjpeg62-turbo libjson-c5 libk5crypto3 libkeyutils1 libkmod2 libkrb5-3
2026-10-08T12:10:54.4786955Z #9 1.872   libkrb5support0 liblcms2-2 liblerc4 libllvm15 libminizip1 libmp3lame0
2026-10-08T12:10:54.4787944Z #9 1.872   libmpg123-0 libncursesw6 libnspr4 libnss3 libogg0 libopenh264-7 libopenjp2-7
2026-10-08T12:10:54.4789018Z #9 1.872   libopus0 libpam-systemd libpango-1.0-0 libpangocairo-1.0-0 libpangoft2-1.0-0
2026-10-08T12:10:54.4790042Z #9 1.872   libpciaccess0 libpixman-1-0 libpng16-16 libproc2-0 libpulse0
2026-10-08T12:10:54.4791074Z #9 1.872   libsensors-config libsensors5 libsm6 libsndfile1 libsqlite3-0 libssl3
2026-10-08T12:10:54.4792076Z #9 1.872   libsystemd-shared libthai-data libthai0 libtiff6 libvorbis0a libvorbisenc2
2026-10-08T12:10:54.4793097Z #9 1.872   libwayland-client0 libwayland-cursor0 libwayland-egl1 libwayland-server0
2026-10-08T12:10:54.4794077Z #9 1.872   libwebp7 libx11-6 libx11-data libx11-xcb1 libxau6 libxaw7 libxcb-dri2-0
2026-10-08T12:10:54.4795054Z #9 1.872   libxcb-dri3-0 libxcb-glx0 libxcb-present0 libxcb-randr0 libxcb-render0
2026-10-08T12:10:54.4796040Z #9 1.872   libxcb-shape0 libxcb-shm0 libxcb-sync1 libxcb-xfixes0 libxcb1 libxcomposite1
2026-10-08T12:10:54.4797020Z #9 1.872   libxcursor1 libxdamage1 libxdmcp6 libxext6 libxfixes3 libxft2 libxi6
2026-10-08T12:10:54.4798000Z #9 1.872   libxinerama1 libxkbcommon0 libxkbfile1 libxml2 libxmu6 libxmuu1 libxnvctrl0
2026-10-08T12:10:54.4798984Z #9 1.872   libxpm4 libxrandr2 libxrender1 libxshmfence1 libxt6 libxtst6 libxv1
2026-10-08T12:10:54.4799891Z #9 1.872   libxxf86dga1 libxxf86vm1 libz3-4 procps shared-mime-info systemd
2026-10-08T12:10:54.4800912Z #9 1.872   systemd-sysv x11-common x11-utils xdg-utils xkb-data
2026-10-08T12:10:54.4801567Z #9 1.872 Suggested packages:
2026-10-08T12:10:54.4802408Z #9 1.872   chromium-l10n chromium-shell chromium-driver libasound2-plugins alsa-utils
2026-10-08T12:10:54.4803428Z #9 1.872   colord cups-common low-memory-monitor krb5-doc krb5-user gvfs liblcms2-utils
2026-10-08T12:10:54.4804447Z #9 1.872   opus-tools pciutils pulseaudio lm-sensors systemd-container systemd-homed
2026-10-08T12:10:54.4805427Z #9 1.872   systemd-userdbd systemd-boot systemd-resolved libfido2-1 libqrencode4
2026-10-08T12:10:54.4806376Z #9 1.872   libtss2-esys-3.0.2-0 libtss2-mu0 libtss2-rc0 polkitd | policykit-1
2026-10-08T12:10:54.4807255Z #9 1.872   mesa-utils
2026-10-08T12:10:54.4807742Z #9 1.872 Recommended packages:
2026-10-08T12:10:54.4808466Z #9 1.872   librsvg2-common upower udev fonts-liberation notification-daemon
2026-10-08T12:10:54.4809416Z #9 1.872   system-config-printer alsa-ucm-conf alsa-topology-conf at-spi2-core
2026-10-08T12:10:54.4810519Z #9 1.872   libgdk-pixbuf2.0-bin libglib2.0-data xdg-user-dirs libgtk-3-bin krb5-locales
2026-10-08T12:10:54.4811488Z #9 1.872   libgpm2 psmisc systemd-timesyncd | time-daemon libnss-systemd
2026-10-08T12:10:54.4812368Z #9 1.872   libfile-mimeinfo-perl libnet-dbus-perl libx11-protocol-perl
2026-10-08T12:10:54.4813051Z #9 1.872   x11-xserver-utils
2026-10-08T12:10:54.8828269Z #9 2.428 The following NEW packages will be installed:
2026-10-08T12:10:54.8831130Z #9 2.428   adwaita-icon-theme at-spi2-common bubblewrap chromium chromium-common dbus
2026-10-08T12:10:54.8833380Z #9 2.428   dbus-bin dbus-daemon dbus-session-bus-common dbus-system-bus-common
2026-10-08T12:10:55.0260871Z #9 2.429   dbus-user-session dconf-gsettings-backend dconf-service dmsetup fontconfig
2026-10-08T12:10:55.0261829Z #9 2.429   fontconfig-config fonts-dejavu-core gtk-update-icon-cache hicolor-icon-theme
2026-10-08T12:10:55.0262614Z #9 2.429   libapparmor1 libargon2-1 libasound2 libasound2-data libasyncns0
2026-10-08T12:10:55.0263301Z #9 2.429   libatk-bridge2.0-0 libatk1.0-0 libatspi2.0-0 libavahi-client3
2026-10-08T12:10:55.0264006Z #9 2.429   libavahi-common-data libavahi-common3 libbrotli1 libbsd0 libcairo-gobject2
2026-10-08T12:10:55.0264958Z #9 2.429   libcairo2 libcolord2 libcryptsetup12 libcups2 libdatrie1 libdav1d6
2026-10-08T12:10:55.0265686Z #9 2.429   libdbus-1-3 libdconf1 libdeflate0 libdevmapper1.02.1 libdouble-conversion3
2026-10-08T12:10:55.0266478Z #9 2.429   libdrm-amdgpu1 libdrm-common libdrm-intel1 libdrm-nouveau2 libdrm-radeon1
2026-10-08T12:10:55.0267221Z #9 2.429   libdrm2 libedit2 libelf1 libepoxy0 libexpat1 libfdisk1 libflac12
2026-10-08T12:10:55.0267912Z #9 2.429   libfontconfig1 libfontenc1 libfreetype6 libfribidi0 libgbm1
2026-10-08T12:10:55.0268590Z #9 2.429   libgdk-pixbuf-2.0-0 libgdk-pixbuf2.0-common libgl1 libgl1-mesa-dri
2026-10-08T12:10:55.0269331Z #9 2.429   libglapi-mesa libglib2.0-0 libglvnd0 libglx-mesa0 libglx0 libgraphite2-3
2026-10-08T12:10:55.0270068Z #9 2.429   libgssapi-krb5-2 libgtk-3-0 libgtk-3-common libharfbuzz-subset0
2026-10-08T12:10:55.0271004Z #9 2.429   libharfbuzz0b libice6 libicu72 libip4tc2 libjbig0 libjpeg62-turbo libjson-c5
2026-10-08T12:10:55.0271868Z #9 2.429   libk5crypto3 libkeyutils1 libkmod2 libkrb5-3 libkrb5support0 liblcms2-2
2026-10-08T12:10:55.0272669Z #9 2.429   liblerc4 libllvm15 libminizip1 libmp3lame0 libmpg123-0 libncursesw6 libnspr4
2026-10-08T12:10:55.0273340Z #9 2.429   libnss3 libogg0 libopenh264-7 libopenjp2-7 libopus0 libpam-systemd
2026-10-08T12:10:55.0274000Z #9 2.429   libpango-1.0-0 libpangocairo-1.0-0 libpangoft2-1.0-0 libpciaccess0
2026-10-08T12:10:55.0274518Z #9 2.429   libpixman-1-0 libpng16-16 libproc2-0 libpulse0 libsensors-config libsensors5
2026-10-08T12:10:55.0275008Z #9 2.429   libsm6 libsndfile1 libsqlite3-0 libssl3 libsystemd-shared libthai-data
2026-10-08T12:10:55.0275733Z #9 2.429   libthai0 libtiff6 libvorbis0a libvorbisenc2 libwayland-client0
2026-10-08T12:10:55.0276433Z #9 2.429   libwayland-cursor0 libwayland-egl1 libwayland-server0 libwebp7 libx11-6
2026-10-08T12:10:55.0276896Z #9 2.429   libx11-data libx11-xcb1 libxau6 libxaw7 libxcb-dri2-0 libxcb-dri3-0
2026-10-08T12:10:55.0277364Z #9 2.429   libxcb-glx0 libxcb-present0 libxcb-randr0 libxcb-render0 libxcb-shape0
2026-10-08T12:10:55.0277825Z #9 2.429   libxcb-shm0 libxcb-sync1 libxcb-xfixes0 libxcb1 libxcomposite1 libxcursor1
2026-10-08T12:10:55.0278285Z #9 2.429   libxdamage1 libxdmcp6 libxext6 libxfixes3 libxft2 libxi6 libxinerama1
2026-10-08T12:10:55.0278734Z #9 2.429   libxkbcommon0 libxkbfile1 libxml2 libxmu6 libxmuu1 libxnvctrl0 libxpm4
2026-10-08T12:10:55.0279188Z #9 2.429   libxrandr2 libxrender1 libxshmfence1 libxt6 libxtst6 libxv1 libxxf86dga1
2026-10-08T12:10:55.0279859Z #9 2.430   libxxf86vm1 libz3-4 procps shared-mime-info systemd systemd-sysv tini
2026-10-08T12:10:55.0280242Z #9 2.430   x11-common x11-utils xdg-utils xkb-data
2026-10-08T12:10:55.0280874Z #9 2.483 0 upgraded, 176 newly installed, 0 to remove and 1 not upgraded.
2026-10-08T12:10:55.0281205Z #9 2.483 Need to get 207 MB of archives.
2026-10-08T12:10:55.0281610Z #9 2.483 After this operation, 734 MB of additional disk space will be used.
2026-10-08T12:10:55.0282239Z #9 2.483 Get:1 http://deb.debian.org/debian-security bookworm-security/main amd64 libssl3 amd64 3.0.22-1~deb12u1 [2039 kB]
2026-10-08T12:10:55.0282873Z #9 2.572 Get:2 http://deb.debian.org/debian bookworm/main amd64 libargon2-1 amd64 0~20171227-0.3+deb12u1 [19.4 kB]
2026-10-08T12:10:55.1431043Z #9 2.572 Get:3 http://deb.debian.org/debian bookworm/main amd64 dmsetup amd64 2:1.02.185-2 [82.0 kB]
2026-10-08T12:10:55.1431938Z #9 2.573 Get:4 http://deb.debian.org/debian bookworm/main amd64 libdevmapper1.02.1 amd64 2:1.02.185-2 [133 kB]
2026-10-08T12:10:55.1432784Z #9 2.573 Get:5 http://deb.debian.org/debian bookworm/main amd64 libjson-c5 amd64 0.16-2 [44.1 kB]
2026-10-08T12:10:55.1433374Z #9 2.586 Get:6 http://deb.debian.org/debian bookworm/main amd64 libcryptsetup12 amd64 2:2.6.1-4~deb12u2 [223 kB]
2026-10-08T12:10:55.1434217Z #9 2.587 Get:7 http://deb.debian.org/debian bookworm/main amd64 libfdisk1 amd64 2.38.1-5+deb12u3 [194 kB]
2026-10-08T12:10:55.1434962Z #9 2.588 Get:8 http://deb.debian.org/debian bookworm/main amd64 libkmod2 amd64 30+20221128-1 [57.9 kB]
2026-10-08T12:10:55.1435889Z #9 2.588 Get:9 http://deb.debian.org/debian bookworm/main amd64 libapparmor1 amd64 3.0.8-3 [41.2 kB]
2026-10-08T12:10:55.1436610Z #9 2.589 Get:10 http://deb.debian.org/debian bookworm/main amd64 libip4tc2 amd64 1.8.9-2 [19.0 kB]
2026-10-08T12:10:55.1437467Z #9 2.589 Get:11 http://deb.debian.org/debian bookworm/main amd64 libsystemd-shared amd64 252.39-1~deb12u2 [1696 kB]
2026-10-08T12:10:55.1438266Z #9 2.601 Get:12 http://deb.debian.org/debian bookworm/main amd64 systemd amd64 252.39-1~deb12u2 [3044 kB]
2026-10-08T12:10:55.1439006Z #9 2.611 Get:13 http://deb.debian.org/debian bookworm/main amd64 systemd-sysv amd64 252.39-1~deb12u2 [42.9 kB]
2026-10-08T12:10:55.1439860Z #9 2.611 Get:14 http://deb.debian.org/debian bookworm/main amd64 libdbus-1-3 amd64 1.14.10-1~deb12u1 [201 kB]
2026-10-08T12:10:55.1440788Z #9 2.612 Get:15 http://deb.debian.org/debian bookworm/main amd64 dbus-bin amd64 1.14.10-1~deb12u1 [105 kB]
2026-10-08T12:10:55.1441814Z #9 2.613 Get:16 http://deb.debian.org/debian bookworm/main amd64 dbus-session-bus-common all 1.14.10-1~deb12u1 [78.2 kB]
2026-10-08T12:10:55.1442862Z #9 2.613 Get:17 http://deb.debian.org/debian-security bookworm-security/main amd64 libexpat1 amd64 2.5.0-1+deb12u4 [106 kB]
2026-10-08T12:10:55.1443490Z #9 2.614 Get:18 http://deb.debian.org/debian bookworm/main amd64 dbus-daemon amd64 1.14.10-1~deb12u1 [184 kB]
2026-10-08T12:10:55.1444099Z #9 2.614 Get:19 http://deb.debian.org/debian bookworm/main amd64 dbus-system-bus-common all 1.14.10-1~deb12u1 [79.3 kB]
2026-10-08T12:10:55.1444694Z #9 2.615 Get:20 http://deb.debian.org/debian bookworm/main amd64 dbus amd64 1.14.10-1~deb12u1 [97.4 kB]
2026-10-08T12:10:55.1445230Z #9 2.626 Get:21 http://deb.debian.org/debian bookworm/main amd64 libncursesw6 amd64 6.4-4 [134 kB]
2026-10-08T12:10:55.1445752Z #9 2.626 Get:22 http://deb.debian.org/debian bookworm/main amd64 libproc2-0 amd64 2:4.0.2-3 [62.8 kB]
2026-10-08T12:10:55.1446290Z #9 2.641 Get:23 http://deb.debian.org/debian bookworm/main amd64 procps amd64 2:4.0.2-3 [709 kB]
2026-10-08T12:10:55.1446839Z #9 2.643 Get:24 http://deb.debian.org/debian bookworm/main amd64 libpam-systemd amd64 252.39-1~deb12u2 [226 kB]
2026-10-08T12:10:55.1447419Z #9 2.644 Get:25 http://deb.debian.org/debian bookworm/main amd64 hicolor-icon-theme all 0.17-2 [11.4 kB]
2026-10-08T12:10:55.1448036Z #9 2.645 Get:26 http://deb.debian.org/debian bookworm/main amd64 libgdk-pixbuf2.0-common all 2.42.10+dfsg-1+deb12u4 [307 kB]
2026-10-08T12:10:55.1448790Z #9 2.646 Get:27 http://deb.debian.org/debian bookworm/main amd64 libglib2.0-0 amd64 2.74.6-2+deb12u9 [1403 kB]
2026-10-08T12:10:55.1449688Z #9 2.650 Get:28 http://deb.debian.org/debian bookworm/main amd64 libicu72 amd64 72.1-3+deb12u1 [9376 kB]
2026-10-08T12:10:55.1450874Z #9 2.689 Get:29 http://deb.debian.org/debian bookworm/main amd64 libxml2 amd64 2.9.14+dfsg-1.3~deb12u6 [689 kB]
2026-10-08T12:10:55.2461433Z #9 2.691 Get:30 http://deb.debian.org/debian bookworm/main amd64 shared-mime-info amd64 2.2-1 [729 kB]
2026-10-08T12:10:55.2462565Z #9 2.696 Get:31 http://deb.debian.org/debian bookworm/main amd64 libjpeg62-turbo amd64 1:2.1.5-2 [166 kB]
2026-10-08T12:10:55.2463742Z #9 2.710 Get:32 http://deb.debian.org/debian-security bookworm-security/main amd64 libpng16-16 amd64 1.6.39-2+deb12u6 [277 kB]
2026-10-08T12:10:55.2464877Z #9 2.711 Get:33 http://deb.debian.org/debian bookworm/main amd64 libdeflate0 amd64 1.14-1 [61.4 kB]
2026-10-08T12:10:55.2465408Z #9 2.711 Get:34 http://deb.debian.org/debian bookworm/main amd64 libjbig0 amd64 2.1-6.1 [31.7 kB]
2026-10-08T12:10:55.2465939Z #9 2.725 Get:35 http://deb.debian.org/debian bookworm/main amd64 liblerc4 amd64 4.0.0+ds-2 [170 kB]
2026-10-08T12:10:55.2466498Z #9 2.726 Get:36 http://deb.debian.org/debian bookworm/main amd64 libwebp7 amd64 1.2.4-0.2+deb12u1 [286 kB]
2026-10-08T12:10:55.2467070Z #9 2.727 Get:37 http://deb.debian.org/debian bookworm/main amd64 libtiff6 amd64 4.5.0-6+deb12u4 [316 kB]
2026-10-08T12:10:55.2467882Z #9 2.728 Get:38 http://deb.debian.org/debian bookworm/main amd64 libgdk-pixbuf-2.0-0 amd64 2.42.10+dfsg-1+deb12u4 [139 kB]
2026-10-08T12:10:55.2468543Z #9 2.729 Get:39 http://deb.debian.org/debian bookworm/main amd64 gtk-update-icon-cache amd64 3.24.38-2~deb12u3 [44.2 kB]
2026-10-08T12:10:55.2469128Z #9 2.741 Get:40 http://deb.debian.org/debian bookworm/main amd64 adwaita-icon-theme all 43-1 [5124 kB]
2026-10-08T12:10:55.2469684Z #9 2.761 Get:41 http://deb.debian.org/debian bookworm/main amd64 at-spi2-common all 2.46.0-5 [162 kB]
2026-10-08T12:10:55.2470241Z #9 2.761 Get:42 http://deb.debian.org/debian bookworm/main amd64 bubblewrap amd64 0.8.0-2+deb12u1 [47.3 kB]
2026-10-08T12:10:55.2471106Z #9 2.762 Get:43 http://deb.debian.org/debian bookworm/main amd64 libasound2-data all 1.2.8-1 [20.5 kB]
2026-10-08T12:10:55.2471643Z #9 2.762 Get:44 http://deb.debian.org/debian bookworm/main amd64 libasound2 amd64 1.2.8-1+b1 [362 kB]
2026-10-08T12:10:55.2472170Z #9 2.763 Get:45 http://deb.debian.org/debian bookworm/main amd64 libatk1.0-0 amd64 2.46.0-5 [49.6 kB]
2026-10-08T12:10:55.2472698Z #9 2.764 Get:46 http://deb.debian.org/debian bookworm/main amd64 libxau6 amd64 1:1.0.9-1 [19.7 kB]
2026-10-08T12:10:55.2473205Z #9 2.764 Get:47 http://deb.debian.org/debian bookworm/main amd64 libbsd0 amd64 0.11.7-2 [117 kB]
2026-10-08T12:10:55.2473721Z #9 2.764 Get:48 http://deb.debian.org/debian bookworm/main amd64 libxdmcp6 amd64 1:1.1.2-3 [26.3 kB]
2026-10-08T12:10:55.2474224Z #9 2.765 Get:49 http://deb.debian.org/debian bookworm/main amd64 libxcb1 amd64 1.15-1 [144 kB]
2026-10-08T12:10:55.2474769Z #9 2.775 Get:50 http://deb.debian.org/debian bookworm/main amd64 libx11-data all 2:1.8.4-2+deb12u2 [292 kB]
2026-10-08T12:10:55.2475326Z #9 2.789 Get:51 http://deb.debian.org/debian bookworm/main amd64 libx11-6 amd64 2:1.8.4-2+deb12u2 [760 kB]
2026-10-08T12:10:55.2475860Z #9 2.792 Get:52 http://deb.debian.org/debian bookworm/main amd64 libxext6 amd64 2:1.3.4-1+b1 [52.9 kB]
2026-10-08T12:10:55.3512849Z #9 2.794 Get:53 http://deb.debian.org/debian bookworm/main amd64 libxi6 amd64 2:1.8-1+b1 [84.2 kB]
2026-10-08T12:10:55.3514020Z #9 2.794 Get:54 http://deb.debian.org/debian bookworm/main amd64 libatspi2.0-0 amd64 2.46.0-5 [75.4 kB]
2026-10-08T12:10:55.3515089Z #9 2.794 Get:55 http://deb.debian.org/debian bookworm/main amd64 libatk-bridge2.0-0 amd64 2.46.0-5 [64.6 kB]
2026-10-08T12:10:55.3515753Z #9 2.794 Get:56 http://deb.debian.org/debian bookworm/main amd64 libbrotli1 amd64 1.0.9-2+b6 [275 kB]
2026-10-08T12:10:55.3516523Z #9 2.795 Get:57 http://deb.debian.org/debian bookworm/main amd64 libfreetype6 amd64 2.12.1+dfsg-5+deb12u4 [398 kB]
2026-10-08T12:10:55.3517124Z #9 2.797 Get:58 http://deb.debian.org/debian bookworm/main amd64 fonts-dejavu-core all 2.37-6 [1068 kB]
2026-10-08T12:10:55.3517710Z #9 2.809 Get:59 http://deb.debian.org/debian bookworm/main amd64 fontconfig-config amd64 2.14.1-4 [315 kB]
2026-10-08T12:10:55.3518276Z #9 2.811 Get:60 http://deb.debian.org/debian bookworm/main amd64 libfontconfig1 amd64 2.14.1-4 [386 kB]
2026-10-08T12:10:55.3518840Z #9 2.815 Get:61 http://deb.debian.org/debian bookworm/main amd64 libpixman-1-0 amd64 0.42.2-1 [546 kB]
2026-10-08T12:10:55.3519391Z #9 2.818 Get:62 http://deb.debian.org/debian bookworm/main amd64 libxcb-render0 amd64 1.15-1 [115 kB]
2026-10-08T12:10:55.3519932Z #9 2.818 Get:63 http://deb.debian.org/debian bookworm/main amd64 libxcb-shm0 amd64 1.15-1 [105 kB]
2026-10-08T12:10:55.3520723Z #9 2.819 Get:64 http://deb.debian.org/debian bookworm/main amd64 libxrender1 amd64 1:0.9.10-1.1 [33.2 kB]
2026-10-08T12:10:55.3521282Z #9 2.819 Get:65 http://deb.debian.org/debian bookworm/main amd64 libcairo2 amd64 1.16.0-7 [575 kB]
2026-10-08T12:10:55.3521930Z #9 2.821 Get:66 http://deb.debian.org/debian bookworm/main amd64 libavahi-common-data amd64 0.8-10+deb12u1 [107 kB]
2026-10-08T12:10:55.3522553Z #9 2.821 Get:67 http://deb.debian.org/debian bookworm/main amd64 libavahi-common3 amd64 0.8-10+deb12u1 [42.1 kB]
2026-10-08T12:10:55.3523164Z #9 2.822 Get:68 http://deb.debian.org/debian bookworm/main amd64 libavahi-client3 amd64 0.8-10+deb12u1 [45.8 kB]
2026-10-08T12:10:55.3523961Z #9 2.829 Get:69 http://deb.debian.org/debian bookworm/main amd64 libkrb5support0 amd64 1.20.1-2+deb12u5 [33.2 kB]
2026-10-08T12:10:55.3524554Z #9 2.830 Get:70 http://deb.debian.org/debian bookworm/main amd64 libk5crypto3 amd64 1.20.1-2+deb12u5 [79.7 kB]
2026-10-08T12:10:55.3525111Z #9 2.843 Get:71 http://deb.debian.org/debian bookworm/main amd64 libkeyutils1 amd64 1.6.3-2 [8808 B]
2026-10-08T12:10:55.3525652Z #9 2.843 Get:72 http://deb.debian.org/debian bookworm/main amd64 libkrb5-3 amd64 1.20.1-2+deb12u5 [332 kB]
2026-10-08T12:10:55.3526239Z #9 2.844 Get:73 http://deb.debian.org/debian bookworm/main amd64 libgssapi-krb5-2 amd64 1.20.1-2+deb12u5 [135 kB]
2026-10-08T12:10:55.3526812Z #9 2.845 Get:74 http://deb.debian.org/debian bookworm/main amd64 libcups2 amd64 2.4.2-3+deb12u9 [245 kB]
2026-10-08T12:10:55.3527363Z #9 2.846 Get:75 http://deb.debian.org/debian bookworm/main amd64 libdav1d6 amd64 1.0.0-2+deb12u1 [513 kB]
2026-10-08T12:10:55.3527992Z #9 2.847 Get:76 http://deb.debian.org/debian bookworm/main amd64 libdouble-conversion3 amd64 3.2.1-1 [41.5 kB]
2026-10-08T12:10:55.3528889Z #9 2.848 Get:77 http://deb.debian.org/debian bookworm/main amd64 libogg0 amd64 1.3.5-3 [23.4 kB]
2026-10-08T12:10:55.3529765Z #9 2.848 Get:78 http://deb.debian.org/debian bookworm/main amd64 libflac12 amd64 1.4.2+ds-2 [198 kB]
2026-10-08T12:10:55.3530845Z #9 2.856 Get:79 http://deb.debian.org/debian bookworm/main amd64 libdrm-common all 2.4.114-1 [7112 B]
2026-10-08T12:10:55.3531506Z #9 2.856 Get:80 http://deb.debian.org/debian bookworm/main amd64 libdrm2 amd64 2.4.114-1+b1 [37.5 kB]
2026-10-08T12:10:55.3532406Z #9 2.869 Get:81 http://deb.debian.org/debian bookworm/main amd64 libwayland-server0 amd64 1.21.0-1 [35.9 kB]
2026-10-08T12:10:55.3533336Z #9 2.870 Get:82 http://deb.debian.org/debian bookworm/main amd64 libgbm1 amd64 22.3.6-1+deb12u2 [38.1 kB]
2026-10-08T12:10:55.3533922Z #9 2.870 Get:83 http://deb.debian.org/debian bookworm/main amd64 libgraphite2-3 amd64 1.3.14-1+deb12u1 [74.6 kB]
2026-10-08T12:10:55.3534513Z #9 2.871 Get:84 http://deb.debian.org/debian bookworm/main amd64 libharfbuzz0b amd64 6.0.0+dfsg-3 [1945 kB]
2026-10-08T12:10:55.3535095Z #9 2.877 Get:85 http://deb.debian.org/debian bookworm/main amd64 libharfbuzz-subset0 amd64 6.0.0+dfsg-3 [1931 kB]
2026-10-08T12:10:55.3535662Z #9 2.885 Get:86 http://deb.debian.org/debian bookworm/main amd64 liblcms2-2 amd64 2.14-2+deb12u1 [154 kB]
2026-10-08T12:10:55.3536271Z #9 2.885 Get:87 http://deb.debian.org/debian bookworm/main amd64 libminizip1 amd64 1.1-8+deb12u1 [20.1 kB]
2026-10-08T12:10:55.3537541Z #9 2.886 Get:88 http://deb.debian.org/debian bookworm/main amd64 libnspr4 amd64 2:4.35-1 [113 kB]
2026-10-08T12:10:55.3538419Z #9 2.886 Get:89 http://deb.debian.org/debian bookworm/main amd64 libsqlite3-0 amd64 3.40.1-2+deb12u2 [839 kB]
2026-10-08T12:10:55.3539548Z #9 2.889 Get:90 http://deb.debian.org/debian-security bookworm-security/main amd64 libnss3 amd64 2:3.87.1-1+deb12u4 [1331 kB]
2026-10-08T12:10:55.3540583Z #9 2.897 Get:91 http://deb.debian.org/debian bookworm/main amd64 libopenh264-7 amd64 2.3.1+dfsg-3+deb12u2 [393 kB]
2026-10-08T12:10:55.4593487Z #9 2.899 Get:92 http://deb.debian.org/debian bookworm/main amd64 libopenjp2-7 amd64 2.5.0-2+deb12u3 [189 kB]
2026-10-08T12:10:55.4594572Z #9 2.900 Get:93 http://deb.debian.org/debian bookworm/main amd64 libopus0 amd64 1.3.1-3 [195 kB]
2026-10-08T12:10:55.4595525Z #9 2.900 Get:94 http://deb.debian.org/debian bookworm/main amd64 fontconfig amd64 2.14.1-4 [449 kB]
2026-10-08T12:10:55.4596324Z #9 2.910 Get:95 http://deb.debian.org/debian bookworm/main amd64 libfribidi0 amd64 1.0.8-2.1 [65.0 kB]
2026-10-08T12:10:55.4596869Z #9 2.911 Get:96 http://deb.debian.org/debian bookworm/main amd64 libthai-data all 0.1.29-1 [176 kB]
2026-10-08T12:10:55.4597414Z #9 2.912 Get:97 http://deb.debian.org/debian bookworm/main amd64 libdatrie1 amd64 0.2.13-2+b1 [43.3 kB]
2026-10-08T12:10:55.4597938Z #9 2.912 Get:98 http://deb.debian.org/debian bookworm/main amd64 libthai0 amd64 0.1.29-1 [57.5 kB]
2026-10-08T12:10:55.4598672Z #9 2.913 Get:99 http://deb.debian.org/debian bookworm/main amd64 libpango-1.0-0 amd64 1.50.12+ds-1 [212 kB]
2026-10-08T12:10:55.4599229Z #9 2.913 Get:100 http://deb.debian.org/debian bookworm/main amd64 libasyncns0 amd64 0.8-6+b3 [12.9 kB]
2026-10-08T12:10:55.4599777Z #9 2.924 Get:101 http://deb.debian.org/debian bookworm/main amd64 libmp3lame0 amd64 3.100-6 [365 kB]
2026-10-08T12:10:55.4600338Z #9 2.925 Get:102 http://deb.debian.org/debian bookworm/main amd64 libmpg123-0 amd64 1.31.2-1+deb12u1 [147 kB]
2026-10-08T12:10:55.4601192Z #9 2.926 Get:103 http://deb.debian.org/debian bookworm/main amd64 libvorbis0a amd64 1.3.7-1 [93.0 kB]
2026-10-08T12:10:55.4601737Z #9 2.926 Get:104 http://deb.debian.org/debian bookworm/main amd64 libvorbisenc2 amd64 1.3.7-1 [80.6 kB]
2026-10-08T12:10:55.4602312Z #9 2.937 Get:105 http://deb.debian.org/debian bookworm/main amd64 libsndfile1 amd64 1.2.0-1+deb12u1 [197 kB]
2026-10-08T12:10:55.4602894Z #9 2.938 Get:106 http://deb.debian.org/debian bookworm/main amd64 libx11-xcb1 amd64 2:1.8.4-2+deb12u2 [192 kB]
2026-10-08T12:10:55.4603470Z #9 2.940 Get:107 http://deb.debian.org/debian bookworm/main amd64 libpulse0 amd64 16.1+dfsg1-2+b1 [274 kB]
2026-10-08T12:10:55.4604038Z #9 2.940 Get:108 http://deb.debian.org/debian bookworm/main amd64 libxcomposite1 amd64 1:0.4.5-1 [16.6 kB]
2026-10-08T12:10:55.4604585Z #9 2.941 Get:109 http://deb.debian.org/debian bookworm/main amd64 libxdamage1 amd64 1:1.1.6-1 [15.1 kB]
2026-10-08T12:10:55.4605130Z #9 2.941 Get:110 http://deb.debian.org/debian bookworm/main amd64 libxfixes3 amd64 1:6.0.0-2 [22.7 kB]
2026-10-08T12:10:55.4605655Z #9 2.951 Get:111 http://deb.debian.org/debian bookworm/main amd64 xkb-data all 2.35.1-1 [764 kB]
2026-10-08T12:10:55.4606176Z #9 2.953 Get:112 http://deb.debian.org/debian bookworm/main amd64 libxkbcommon0 amd64 1.5.0-1 [106 kB]
2026-10-08T12:10:55.4606775Z #9 2.954 Get:113 http://deb.debian.org/debian bookworm/main amd64 libxnvctrl0 amd64 525.85.05-3~deb12u1 [13.5 kB]
2026-10-08T12:10:55.4607359Z #9 2.954 Get:114 http://deb.debian.org/debian bookworm/main amd64 libxrandr2 amd64 2:1.5.2-2+b1 [39.2 kB]
2026-10-08T12:10:55.4607918Z #9 2.967 Get:115 http://deb.debian.org/debian bookworm/main amd64 libcairo-gobject2 amd64 1.16.0-7 [112 kB]
2026-10-08T12:10:55.4608466Z #9 2.968 Get:116 http://deb.debian.org/debian bookworm/main amd64 libcolord2 amd64 1.4.6-2.2 [137 kB]
2026-10-08T12:10:55.4608992Z #9 2.969 Get:117 http://deb.debian.org/debian bookworm/main amd64 libepoxy0 amd64 1.5.10-1 [189 kB]
2026-10-08T12:10:55.4609785Z #9 2.969 Get:118 http://deb.debian.org/debian bookworm/main amd64 libpangoft2-1.0-0 amd64 1.50.12+ds-1 [47.4 kB]
2026-10-08T12:10:55.4610727Z #9 2.970 Get:119 http://deb.debian.org/debian bookworm/main amd64 libpangocairo-1.0-0 amd64 1.50.12+ds-1 [34.2 kB]
2026-10-08T12:10:55.4611344Z #9 2.970 Get:120 http://deb.debian.org/debian bookworm/main amd64 libwayland-client0 amd64 1.21.0-1 [28.3 kB]
2026-10-08T12:10:55.4611932Z #9 2.977 Get:121 http://deb.debian.org/debian bookworm/main amd64 libwayland-cursor0 amd64 1.21.0-1 [14.4 kB]
2026-10-08T12:10:55.4612507Z #9 2.978 Get:122 http://deb.debian.org/debian bookworm/main amd64 libwayland-egl1 amd64 1.21.0-1 [8640 B]
2026-10-08T12:10:55.4613067Z #9 2.978 Get:123 http://deb.debian.org/debian bookworm/main amd64 libxcursor1 amd64 1:1.2.1-1 [40.9 kB]
2026-10-08T12:10:55.4613617Z #9 2.978 Get:124 http://deb.debian.org/debian bookworm/main amd64 libxinerama1 amd64 2:1.1.4-3 [17.8 kB]
2026-10-08T12:10:55.4614208Z #9 2.991 Get:125 http://deb.debian.org/debian bookworm/main amd64 dbus-user-session amd64 1.14.10-1~deb12u1 [78.1 kB]
2026-10-08T12:10:55.4614782Z #9 2.991 Get:126 http://deb.debian.org/debian bookworm/main amd64 libdconf1 amd64 0.40.0-4 [40.9 kB]
2026-10-08T12:10:55.4615330Z #9 2.992 Get:127 http://deb.debian.org/debian bookworm/main amd64 dconf-service amd64 0.40.0-4 [31.6 kB]
2026-10-08T12:10:55.4615915Z #9 2.992 Get:128 http://deb.debian.org/debian bookworm/main amd64 dconf-gsettings-backend amd64 0.40.0-4 [27.8 kB]
2026-10-08T12:10:55.4616596Z #9 2.992 Get:129 http://deb.debian.org/debian bookworm/main amd64 libgtk-3-common all 3.24.38-2~deb12u3 [3895 kB]
2026-10-08T12:10:55.4617179Z #9 3.005 Get:130 http://deb.debian.org/debian bookworm/main amd64 libgtk-3-0 amd64 3.24.38-2~deb12u3 [2847 kB]
2026-10-08T12:10:55.5945415Z #9 3.019 Get:131 http://deb.debian.org/debian bookworm/main amd64 libfontenc1 amd64 1:1.1.4-1 [24.3 kB]
2026-10-08T12:10:55.5946172Z #9 3.019 Get:132 http://deb.debian.org/debian bookworm/main amd64 libglvnd0 amd64 1.6.0-1 [51.8 kB]
2026-10-08T12:10:55.5946792Z #9 3.019 Get:133 http://deb.debian.org/debian bookworm/main amd64 libglapi-mesa amd64 22.3.6-1+deb12u2 [35.9 kB]
2026-10-08T12:10:55.5947386Z #9 3.020 Get:134 http://deb.debian.org/debian bookworm/main amd64 libxcb-dri2-0 amd64 1.15-1 [107 kB]
2026-10-08T12:10:55.5947928Z #9 3.020 Get:135 http://deb.debian.org/debian bookworm/main amd64 libxcb-dri3-0 amd64 1.15-1 [107 kB]
2026-10-08T12:10:55.5948455Z #9 3.020 Get:136 http://deb.debian.org/debian bookworm/main amd64 libxcb-glx0 amd64 1.15-1 [122 kB]
2026-10-08T12:10:55.5949007Z #9 3.021 Get:137 http://deb.debian.org/debian bookworm/main amd64 libxcb-present0 amd64 1.15-1 [105 kB]
2026-10-08T12:10:55.5949543Z #9 3.021 Get:138 http://deb.debian.org/debian bookworm/main amd64 libxcb-randr0 amd64 1.15-1 [117 kB]
2026-10-08T12:10:55.5950078Z #9 3.031 Get:139 http://deb.debian.org/debian bookworm/main amd64 libxcb-sync1 amd64 1.15-1 [109 kB]
2026-10-08T12:10:55.5950767Z #9 3.044 Get:140 http://deb.debian.org/debian bookworm/main amd64 libxcb-xfixes0 amd64 1.15-1 [109 kB]
2026-10-08T12:10:55.5951321Z #9 3.045 Get:141 http://deb.debian.org/debian bookworm/main amd64 libxshmfence1 amd64 1.3-1 [8820 B]
2026-10-08T12:10:55.5951871Z #9 3.045 Get:142 http://deb.debian.org/debian bookworm/main amd64 libxxf86vm1 amd64 1:1.1.4-1+b2 [20.8 kB]
2026-10-08T12:10:55.5952450Z #9 3.045 Get:143 http://deb.debian.org/debian bookworm/main amd64 libdrm-amdgpu1 amd64 2.4.114-1+b1 [20.9 kB]
2026-10-08T12:10:55.5953033Z #9 3.046 Get:144 http://deb.debian.org/debian bookworm/main amd64 libpciaccess0 amd64 0.17-2 [51.4 kB]
2026-10-08T12:10:55.5953603Z #9 3.046 Get:145 http://deb.debian.org/debian bookworm/main amd64 libdrm-intel1 amd64 2.4.114-1+b1 [64.0 kB]
2026-10-08T12:10:55.5954181Z #9 3.046 Get:146 http://deb.debian.org/debian bookworm/main amd64 libdrm-nouveau2 amd64 2.4.114-1+b1 [19.1 kB]
2026-10-08T12:10:55.5954762Z #9 3.047 Get:147 http://deb.debian.org/debian bookworm/main amd64 libdrm-radeon1 amd64 2.4.114-1+b1 [21.8 kB]
2026-10-08T12:10:55.5955442Z #9 3.047 Get:148 http://deb.debian.org/debian bookworm/main amd64 libelf1 amd64 0.188-2.1 [174 kB]
2026-10-08T12:10:55.5955992Z #9 3.058 Get:149 http://deb.debian.org/debian bookworm/main amd64 libedit2 amd64 3.1-20221030-2 [93.0 kB]
2026-10-08T12:10:55.5956527Z #9 3.076 Get:150 http://deb.debian.org/debian bookworm/main amd64 libz3-4 amd64 4.8.12-3.1 [7216 kB]
2026-10-08T12:10:55.5957074Z #9 3.140 Get:151 http://deb.debian.org/debian bookworm/main amd64 libllvm15 amd64 1:15.0.6-4+b1 [23.1 MB]
2026-10-08T12:10:55.8084211Z #9 3.354 Get:152 http://deb.debian.org/debian bookworm/main amd64 libsensors-config all 1:3.6.0-7.1 [14.3 kB]
2026-10-08T12:10:55.8085108Z #9 3.354 Get:153 http://deb.debian.org/debian bookworm/main amd64 libsensors5 amd64 1:3.6.0-7.1 [34.2 kB]
2026-10-08T12:10:56.0446876Z #9 3.354 Get:154 http://deb.debian.org/debian bookworm/main amd64 libgl1-mesa-dri amd64 22.3.6-1+deb12u2 [7240 kB]
2026-10-08T12:10:56.0448058Z #9 3.380 Get:155 http://deb.debian.org/debian bookworm/main amd64 libglx-mesa0 amd64 22.3.6-1+deb12u2 [148 kB]
2026-10-08T12:10:56.0449093Z #9 3.380 Get:156 http://deb.debian.org/debian bookworm/main amd64 libglx0 amd64 1.6.0-1 [34.4 kB]
2026-10-08T12:10:56.0449889Z #9 3.381 Get:157 http://deb.debian.org/debian bookworm/main amd64 libgl1 amd64 1.6.0-1 [88.4 kB]
2026-10-08T12:10:56.0450936Z #9 3.395 Get:158 http://deb.debian.org/debian bookworm/main amd64 x11-common all 1:7.7+23 [252 kB]
2026-10-08T12:10:56.0451499Z #9 3.397 Get:159 http://deb.debian.org/debian bookworm/main amd64 libice6 amd64 2:1.0.10-1 [58.5 kB]
2026-10-08T12:10:56.0452257Z #9 3.397 Get:160 http://deb.debian.org/debian bookworm/main amd64 libsm6 amd64 2:1.2.3-1 [35.1 kB]
2026-10-08T12:10:56.0452778Z #9 3.397 Get:161 http://deb.debian.org/debian bookworm/main amd64 libxt6 amd64 1:1.2.1-1.1 [186 kB]
2026-10-08T12:10:56.0453331Z #9 3.398 Get:162 http://deb.debian.org/debian bookworm/main amd64 libxmu6 amd64 2:1.1.3-3 [60.1 kB]
2026-10-08T12:10:56.0453908Z #9 3.398 Get:163 http://deb.debian.org/debian bookworm/main amd64 libxpm4 amd64 1:3.5.12-1.1+deb12u1 [48.6 kB]
2026-10-08T12:10:56.0454473Z #9 3.399 Get:164 http://deb.debian.org/debian bookworm/main amd64 libxaw7 amd64 2:1.0.14-1 [201 kB]
2026-10-08T12:10:56.0455005Z #9 3.399 Get:165 http://deb.debian.org/debian bookworm/main amd64 libxcb-shape0 amd64 1.15-1 [106 kB]
2026-10-08T12:10:56.0455524Z #9 3.400 Get:166 http://deb.debian.org/debian bookworm/main amd64 libxft2 amd64 2.3.6-1 [61.8 kB]
2026-10-08T12:10:56.0456129Z #9 3.409 Get:167 http://deb.debian.org/debian bookworm/main amd64 libxkbfile1 amd64 1:1.1.0-1 [75.2 kB]
2026-10-08T12:10:56.0456669Z #9 3.422 Get:168 http://deb.debian.org/debian bookworm/main amd64 libxmuu1 amd64 2:1.1.3-3 [23.9 kB]
2026-10-08T12:10:56.0457205Z #9 3.423 Get:169 http://deb.debian.org/debian bookworm/main amd64 libxtst6 amd64 2:1.2.3-1.1 [28.0 kB]
2026-10-08T12:10:56.0457733Z #9 3.423 Get:170 http://deb.debian.org/debian bookworm/main amd64 libxv1 amd64 2:1.0.11-1.1 [24.8 kB]
2026-10-08T12:10:56.0458288Z #9 3.424 Get:171 http://deb.debian.org/debian bookworm/main amd64 libxxf86dga1 amd64 2:1.1.5-1 [22.1 kB]
2026-10-08T12:10:56.0458831Z #9 3.424 Get:172 http://deb.debian.org/debian bookworm/main amd64 x11-utils amd64 7.7+5 [202 kB]
2026-10-08T12:10:56.0459358Z #9 3.425 Get:173 http://deb.debian.org/debian bookworm/main amd64 xdg-utils all 1.1.3-4.1 [75.5 kB]
2026-10-08T12:10:56.0460022Z #9 3.440 Get:174 http://deb.debian.org/debian-security bookworm-security/main amd64 chromium-common amd64 154.0.8037.92-1~deb12u1 [30.5 MB]
2026-10-08T12:10:56.1161752Z #9 3.662 Get:175 http://deb.debian.org/debian-security bookworm-security/main amd64 chromium amd64 154.0.8037.92-1~deb12u1 [80.3 MB]
2026-10-08T12:10:56.7572426Z #9 4.303 Get:176 http://deb.debian.org/debian bookworm/main amd64 tini amd64 0.19.0-1+b3 [267 kB]
2026-10-08T12:10:56.8670085Z #9 4.397 debconf: delaying package configuration, since apt-utils is not installed
2026-10-08T12:10:56.8671062Z #9 4.413 Fetched 207 MB in 2s (111 MB/s)
2026-10-08T12:10:56.9965001Z #9 4.423 Selecting previously unselected package libssl3:amd64.
2026-10-08T12:10:56.9965711Z #9 4.423 (Reading database ... 
2026-10-08T12:10:56.9965966Z (Reading database ... 5%
2026-10-08T12:10:56.9966209Z (Reading database ... 10%
2026-10-08T12:10:56.9966431Z (Reading database ... 15%
2026-10-08T12:10:56.9966642Z (Reading database ... 20%
2026-10-08T12:10:56.9966848Z (Reading database ... 25%
2026-10-08T12:10:56.9967067Z (Reading database ... 30%
2026-10-08T12:10:56.9967290Z (Reading database ... 35%
2026-10-08T12:10:56.9967525Z (Reading database ... 40%
2026-10-08T12:10:56.9967721Z (Reading database ... 45%
2026-10-08T12:10:56.9968144Z (Reading database ... 50%
2026-10-08T12:10:56.9968450Z (Reading database ... 55%
2026-10-08T12:10:56.9968744Z (Reading database ... 60%
2026-10-08T12:10:56.9969041Z (Reading database ... 65%
2026-10-08T12:10:56.9969473Z (Reading database ... 70%
2026-10-08T12:10:56.9969818Z (Reading database ... 75%
2026-10-08T12:10:56.9970133Z (Reading database ... 80%
2026-10-08T12:10:56.9970728Z (Reading database ... 85%
2026-10-08T12:10:56.9971072Z (Reading database ... 90%
2026-10-08T12:10:56.9971287Z (Reading database ... 95%
2026-10-08T12:10:56.9971491Z (Reading database ... 100%
2026-10-08T12:10:56.9971848Z (Reading database ... 6096 files and directories currently installed.)
2026-10-08T12:10:56.9972281Z #9 4.427 Preparing to unpack .../00-libssl3_3.0.22-1~deb12u1_amd64.deb ...
2026-10-08T12:10:56.9972725Z #9 4.429 Unpacking libssl3:amd64 (3.0.22-1~deb12u1) ...
2026-10-08T12:10:56.9973092Z #9 4.542 Selecting previously unselected package libargon2-1:amd64.
2026-10-08T12:10:57.1024314Z #9 4.543 Preparing to unpack .../01-libargon2-1_0~20171227-0.3+deb12u1_amd64.deb ...
2026-10-08T12:10:57.1025336Z #9 4.544 Unpacking libargon2-1:amd64 (0~20171227-0.3+deb12u1) ...
2026-10-08T12:10:57.1025969Z #9 4.554 Selecting previously unselected package dmsetup.
2026-10-08T12:10:57.1026520Z #9 4.555 Preparing to unpack .../02-dmsetup_2%3a1.02.185-2_amd64.deb ...
2026-10-08T12:10:57.1027010Z #9 4.555 Unpacking dmsetup (2:1.02.185-2) ...
2026-10-08T12:10:57.1027837Z #9 4.570 Selecting previously unselected package libdevmapper1.02.1:amd64.
2026-10-08T12:10:57.1029048Z #9 4.571 Preparing to unpack .../03-libdevmapper1.02.1_2%3a1.02.185-2_amd64.deb ...
2026-10-08T12:10:57.1030090Z #9 4.571 Unpacking libdevmapper1.02.1:amd64 (2:1.02.185-2) ...
2026-10-08T12:10:57.1031749Z #9 4.589 Selecting previously unselected package libjson-c5:amd64.
2026-10-08T12:10:57.1032285Z #9 4.590 Preparing to unpack .../04-libjson-c5_0.16-2_amd64.deb ...
2026-10-08T12:10:57.1032709Z #9 4.590 Unpacking libjson-c5:amd64 (0.16-2) ...
2026-10-08T12:10:57.1033153Z #9 4.603 Selecting previously unselected package libcryptsetup12:amd64.
2026-10-08T12:10:57.1033662Z #9 4.603 Preparing to unpack .../05-libcryptsetup12_2%3a2.6.1-4~deb12u2_amd64.deb ...
2026-10-08T12:10:57.1034151Z #9 4.604 Unpacking libcryptsetup12:amd64 (2:2.6.1-4~deb12u2) ...
2026-10-08T12:10:57.1034629Z #9 4.626 Selecting previously unselected package libfdisk1:amd64.
2026-10-08T12:10:57.1035071Z #9 4.626 Preparing to unpack .../06-libfdisk1_2.38.1-5+deb12u3_amd64.deb ...
2026-10-08T12:10:57.1035494Z #9 4.627 Unpacking libfdisk1:amd64 (2.38.1-5+deb12u3) ...
2026-10-08T12:10:57.1035849Z #9 4.648 Selecting previously unselected package libkmod2:amd64.
2026-10-08T12:10:57.2564405Z #9 4.649 Preparing to unpack .../07-libkmod2_30+20221128-1_amd64.deb ...
2026-10-08T12:10:57.2565075Z #9 4.650 Unpacking libkmod2:amd64 (30+20221128-1) ...
2026-10-08T12:10:57.2565534Z #9 4.663 Selecting previously unselected package libapparmor1:amd64.
2026-10-08T12:10:57.2566227Z #9 4.663 Preparing to unpack .../08-libapparmor1_3.0.8-3_amd64.deb ...
2026-10-08T12:10:57.2566640Z #9 4.664 Unpacking libapparmor1:amd64 (3.0.8-3) ...
2026-10-08T12:10:57.2567166Z #9 4.675 Selecting previously unselected package libip4tc2:amd64.
2026-10-08T12:10:57.2567603Z #9 4.676 Preparing to unpack .../09-libip4tc2_1.8.9-2_amd64.deb ...
2026-10-08T12:10:57.2567933Z #9 4.677 Unpacking libip4tc2:amd64 (1.8.9-2) ...
2026-10-08T12:10:57.2568309Z #9 4.688 Selecting previously unselected package libsystemd-shared:amd64.
2026-10-08T12:10:57.2568961Z #9 4.689 Preparing to unpack .../10-libsystemd-shared_252.39-1~deb12u2_amd64.deb ...
2026-10-08T12:10:57.2569388Z #9 4.689 Unpacking libsystemd-shared:amd64 (252.39-1~deb12u2) ...
2026-10-08T12:10:57.2569738Z #9 4.802 Setting up libssl3:amd64 (3.0.22-1~deb12u1) ...
2026-10-08T12:10:57.4338141Z #9 4.816 Selecting previously unselected package systemd.
2026-10-08T12:10:57.4338767Z #9 4.816 (Reading database ... 
2026-10-08T12:10:57.4339273Z (Reading database ... 5%
2026-10-08T12:10:57.4339679Z (Reading database ... 10%
2026-10-08T12:10:57.4340064Z (Reading database ... 15%
2026-10-08T12:10:57.4340589Z (Reading database ... 20%
2026-10-08T12:10:57.4340993Z (Reading database ... 25%
2026-10-08T12:10:57.4341360Z (Reading database ... 30%
2026-10-08T12:10:57.4341743Z (Reading database ... 35%
2026-10-08T12:10:57.4342111Z (Reading database ... 40%
2026-10-08T12:10:57.4342460Z (Reading database ... 45%
2026-10-08T12:10:57.4342830Z (Reading database ... 50%
2026-10-08T12:10:57.4343212Z (Reading database ... 55%
2026-10-08T12:10:57.4343582Z (Reading database ... 60%
2026-10-08T12:10:57.4343945Z (Reading database ... 65%
2026-10-08T12:10:57.4344308Z (Reading database ... 70%
2026-10-08T12:10:57.4344649Z (Reading database ... 75%
2026-10-08T12:10:57.4344969Z (Reading database ... 80%
2026-10-08T12:10:57.4345282Z (Reading database ... 85%
2026-10-08T12:10:57.4345594Z (Reading database ... 90%
2026-10-08T12:10:57.4346219Z (Reading database ... 95%
2026-10-08T12:10:57.4346542Z (Reading database ... 100%
2026-10-08T12:10:57.4347088Z (Reading database ... 6182 files and directories currently installed.)
2026-10-08T12:10:57.4347768Z #9 4.819 Preparing to unpack .../systemd_252.39-1~deb12u2_amd64.deb ...
2026-10-08T12:10:57.4348353Z #9 4.829 Unpacking systemd (252.39-1~deb12u2) ...
2026-10-08T12:10:57.4936817Z #9 5.039 Setting up libargon2-1:amd64 (0~20171227-0.3+deb12u1) ...
2026-10-08T12:10:57.5976587Z #9 5.041 Setting up libjson-c5:amd64 (0.16-2) ...
2026-10-08T12:10:57.5977269Z #9 5.043 Setting up libfdisk1:amd64 (2.38.1-5+deb12u3) ...
2026-10-08T12:10:57.5977969Z #9 5.045 Setting up libkmod2:amd64 (30+20221128-1) ...
2026-10-08T12:10:57.5978612Z #9 5.047 Setting up libapparmor1:amd64 (3.0.8-3) ...
2026-10-08T12:10:57.5979220Z #9 5.048 Setting up libip4tc2:amd64 (1.8.9-2) ...
2026-10-08T12:10:57.5979855Z #9 5.050 Setting up libsystemd-shared:amd64 (252.39-1~deb12u2) ...
2026-10-08T12:10:57.5980626Z #9 5.052 Setting up libdevmapper1.02.1:amd64 (2:1.02.185-2) ...
2026-10-08T12:10:57.5981255Z #9 5.054 Setting up libcryptsetup12:amd64 (2:2.6.1-4~deb12u2) ...
2026-10-08T12:10:57.5981808Z #9 5.056 Setting up systemd (252.39-1~deb12u2) ...
2026-10-08T12:10:57.5982965Z #9 5.065 Created symlink /etc/systemd/system/getty.target.wants/getty@tty1.service → /lib/systemd/system/getty@.service.
2026-10-08T12:10:57.5983534Z 
2026-10-08T12:10:57.5985830Z #9 5.068 Created symlink /etc/systemd/system/multi-user.target.wants/remote-fs.target → /lib/systemd/system/remote-fs.target.
2026-10-08T12:10:57.5986353Z 
2026-10-08T12:10:57.5987099Z #9 5.071 Created symlink /etc/systemd/system/sysinit.target.wants/systemd-pstore.service → /lib/systemd/system/systemd-pstore.service.
2026-10-08T12:10:57.5987483Z 
2026-10-08T12:10:57.5987658Z #9 5.074 Initializing machine ID from random generator.
2026-10-08T12:10:57.5987838Z 
2026-10-08T12:10:57.5988000Z #9 5.087 Creating group 'systemd-journal' with GID 999.
2026-10-08T12:10:57.5988168Z 
2026-10-08T12:10:57.5988334Z #9 5.087 Creating group 'systemd-network' with GID 998.
2026-10-08T12:10:57.5988497Z 
2026-10-08T12:10:57.5988766Z #9 5.087 Creating user 'systemd-network' (systemd Network Management) with UID 998 and GID 998.
2026-10-08T12:10:57.5989038Z 
2026-10-08T12:10:57.5989173Z #9 5.105 Setting up dmsetup (2:1.02.185-2) ...
2026-10-08T12:10:57.5989502Z #9 5.126 Selecting previously unselected package systemd-sysv.
2026-10-08T12:10:57.5989838Z #9 5.126 (Reading database ... 
2026-10-08T12:10:57.5990517Z (Reading database ... 5%
2026-10-08T12:10:57.5990828Z (Reading database ... 10%
2026-10-08T12:10:57.5991235Z (Reading database ... 15%
2026-10-08T12:10:57.5991444Z (Reading database ... 20%
2026-10-08T12:10:57.5991649Z (Reading database ... 25%
2026-10-08T12:10:57.5991860Z (Reading database ... 30%
2026-10-08T12:10:57.5992061Z (Reading database ... 35%
2026-10-08T12:10:57.5992265Z (Reading database ... 40%
2026-10-08T12:10:57.5992467Z (Reading database ... 45%
2026-10-08T12:10:57.5992663Z (Reading database ... 50%
2026-10-08T12:10:57.5992866Z (Reading database ... 55%
2026-10-08T12:10:57.5993071Z (Reading database ... 60%
2026-10-08T12:10:57.5993265Z (Reading database ... 65%
2026-10-08T12:10:57.5993458Z (Reading database ... 70%
2026-10-08T12:10:57.5993652Z (Reading database ... 75%
2026-10-08T12:10:57.5993850Z (Reading database ... 80%
2026-10-08T12:10:57.5994046Z (Reading database ... 85%
2026-10-08T12:10:57.5994241Z (Reading database ... 90%
2026-10-08T12:10:57.5994475Z (Reading database ... 95%
2026-10-08T12:10:57.5994763Z (Reading database ... 100%
2026-10-08T12:10:57.5995249Z (Reading database ... 7031 files and directories currently installed.)
2026-10-08T12:10:57.5995683Z #9 5.130 Preparing to unpack .../000-systemd-sysv_252.39-1~deb12u2_amd64.deb ...
2026-10-08T12:10:57.5996057Z #9 5.131 Unpacking systemd-sysv (252.39-1~deb12u2) ...
2026-10-08T12:10:57.5996409Z #9 5.143 Selecting previously unselected package libdbus-1-3:amd64.
2026-10-08T12:10:57.7050339Z #9 5.144 Preparing to unpack .../001-libdbus-1-3_1.14.10-1~deb12u1_amd64.deb ...
2026-10-08T12:10:57.7051491Z #9 5.146 Unpacking libdbus-1-3:amd64 (1.14.10-1~deb12u1) ...
2026-10-08T12:10:57.7051913Z #9 5.166 Selecting previously unselected package dbus-bin.
2026-10-08T12:10:57.7052469Z #9 5.166 Preparing to unpack .../002-dbus-bin_1.14.10-1~deb12u1_amd64.deb ...
2026-10-08T12:10:57.7053036Z #9 5.167 Unpacking dbus-bin (1.14.10-1~deb12u1) ...
2026-10-08T12:10:57.7053413Z #9 5.182 Selecting previously unselected package dbus-session-bus-common.
2026-10-08T12:10:57.7054061Z #9 5.182 Preparing to unpack .../003-dbus-session-bus-common_1.14.10-1~deb12u1_all.deb ...
2026-10-08T12:10:57.7054636Z #9 5.183 Unpacking dbus-session-bus-common (1.14.10-1~deb12u1) ...
2026-10-08T12:10:57.7055285Z #9 5.197 Selecting previously unselected package libexpat1:amd64.
2026-10-08T12:10:57.7055933Z #9 5.197 Preparing to unpack .../004-libexpat1_2.5.0-1+deb12u4_amd64.deb ...
2026-10-08T12:10:57.7056534Z #9 5.198 Unpacking libexpat1:amd64 (2.5.0-1+deb12u4) ...
2026-10-08T12:10:57.7057041Z #9 5.214 Selecting previously unselected package dbus-daemon.
2026-10-08T12:10:57.7057648Z #9 5.214 Preparing to unpack .../005-dbus-daemon_1.14.10-1~deb12u1_amd64.deb ...
2026-10-08T12:10:57.7058191Z #9 5.215 Unpacking dbus-daemon (1.14.10-1~deb12u1) ...
2026-10-08T12:10:57.7058669Z #9 5.234 Selecting previously unselected package dbus-system-bus-common.
2026-10-08T12:10:57.7059126Z #9 5.235 Preparing to unpack .../006-dbus-system-bus-common_1.14.10-1~deb12u1_all.deb ...
2026-10-08T12:10:57.7059610Z #9 5.236 Unpacking dbus-system-bus-common (1.14.10-1~deb12u1) ...
2026-10-08T12:10:57.7060034Z #9 5.251 Selecting previously unselected package dbus.
2026-10-08T12:10:57.8178302Z #9 5.251 Preparing to unpack .../007-dbus_1.14.10-1~deb12u1_amd64.deb ...
2026-10-08T12:10:57.8178963Z #9 5.253 Unpacking dbus (1.14.10-1~deb12u1) ...
2026-10-08T12:10:57.8179581Z #9 5.269 Selecting previously unselected package libncursesw6:amd64.
2026-10-08T12:10:57.8180307Z #9 5.270 Preparing to unpack .../008-libncursesw6_6.4-4_amd64.deb ...
2026-10-08T12:10:57.8181053Z #9 5.271 Unpacking libncursesw6:amd64 (6.4-4) ...
2026-10-08T12:10:57.8181667Z #9 5.288 Selecting previously unselected package libproc2-0:amd64.
2026-10-08T12:10:57.8182298Z #9 5.288 Preparing to unpack .../009-libproc2-0_2%3a4.0.2-3_amd64.deb ...
2026-10-08T12:10:57.8182853Z #9 5.289 Unpacking libproc2-0:amd64 (2:4.0.2-3) ...
2026-10-08T12:10:57.8183373Z #9 5.303 Selecting previously unselected package procps.
2026-10-08T12:10:57.8183917Z #9 5.304 Preparing to unpack .../010-procps_2%3a4.0.2-3_amd64.deb ...
2026-10-08T12:10:57.8184643Z #9 5.309 Unpacking procps (2:4.0.2-3) ...
2026-10-08T12:10:57.8185219Z #9 5.364 Selecting previously unselected package libpam-systemd:amd64.
2026-10-08T12:10:57.9933308Z #9 5.365 Preparing to unpack .../011-libpam-systemd_252.39-1~deb12u2_amd64.deb ...
2026-10-08T12:10:57.9934275Z #9 5.365 Unpacking libpam-systemd:amd64 (252.39-1~deb12u2) ...
2026-10-08T12:10:57.9935068Z #9 5.388 Selecting previously unselected package hicolor-icon-theme.
2026-10-08T12:10:57.9935970Z #9 5.389 Preparing to unpack .../012-hicolor-icon-theme_0.17-2_all.deb ...
2026-10-08T12:10:57.9936705Z #9 5.389 Unpacking hicolor-icon-theme (0.17-2) ...
2026-10-08T12:10:57.9937451Z #9 5.422 Selecting previously unselected package libgdk-pixbuf2.0-common.
2026-10-08T12:10:57.9938360Z #9 5.423 Preparing to unpack .../013-libgdk-pixbuf2.0-common_2.42.10+dfsg-1+deb12u4_all.deb ...
2026-10-08T12:10:57.9939203Z #9 5.423 Unpacking libgdk-pixbuf2.0-common (2.42.10+dfsg-1+deb12u4) ...
2026-10-08T12:10:57.9940552Z #9 5.455 Selecting previously unselected package libglib2.0-0:amd64.
2026-10-08T12:10:57.9941300Z #9 5.456 Preparing to unpack .../014-libglib2.0-0_2.74.6-2+deb12u9_amd64.deb ...
2026-10-08T12:10:57.9941882Z #9 5.456 Unpacking libglib2.0-0:amd64 (2.74.6-2+deb12u9) ...
2026-10-08T12:10:57.9942327Z #9 5.539 Selecting previously unselected package libicu72:amd64.
2026-10-08T12:10:58.1452788Z #9 5.540 Preparing to unpack .../015-libicu72_72.1-3+deb12u1_amd64.deb ...
2026-10-08T12:10:58.1453899Z #9 5.541 Unpacking libicu72:amd64 (72.1-3+deb12u1) ...
2026-10-08T12:10:58.4172460Z #9 5.963 Selecting previously unselected package libxml2:amd64.
2026-10-08T12:10:58.5204755Z #9 5.964 Preparing to unpack .../016-libxml2_2.9.14+dfsg-1.3~deb12u6_amd64.deb ...
2026-10-08T12:10:58.5205498Z #9 5.964 Unpacking libxml2:amd64 (2.9.14+dfsg-1.3~deb12u6) ...
2026-10-08T12:10:58.5206156Z #9 6.011 Selecting previously unselected package shared-mime-info.
2026-10-08T12:10:58.5206757Z #9 6.012 Preparing to unpack .../017-shared-mime-info_2.2-1_amd64.deb ...
2026-10-08T12:10:58.5207293Z #9 6.012 Unpacking shared-mime-info (2.2-1) ...
2026-10-08T12:10:58.5207821Z #9 6.066 Selecting previously unselected package libjpeg62-turbo:amd64.
2026-10-08T12:10:58.6419697Z #9 6.067 Preparing to unpack .../018-libjpeg62-turbo_1%3a2.1.5-2_amd64.deb ...
2026-10-08T12:10:58.6420551Z #9 6.068 Unpacking libjpeg62-turbo:amd64 (1:2.1.5-2) ...
2026-10-08T12:10:58.6421125Z #9 6.087 Selecting previously unselected package libpng16-16:amd64.
2026-10-08T12:10:58.6421749Z #9 6.088 Preparing to unpack .../019-libpng16-16_1.6.39-2+deb12u6_amd64.deb ...
2026-10-08T12:10:58.6422182Z #9 6.089 Unpacking libpng16-16:amd64 (1.6.39-2+deb12u6) ...
2026-10-08T12:10:58.6422584Z #9 6.111 Selecting previously unselected package libdeflate0:amd64.
2026-10-08T12:10:58.6423145Z #9 6.112 Preparing to unpack .../020-libdeflate0_1.14-1_amd64.deb ...
2026-10-08T12:10:58.6423675Z #9 6.112 Unpacking libdeflate0:amd64 (1.14-1) ...
2026-10-08T12:10:58.6424281Z #9 6.126 Selecting previously unselected package libjbig0:amd64.
2026-10-08T12:10:58.6425082Z #9 6.126 Preparing to unpack .../021-libjbig0_2.1-6.1_amd64.deb ...
2026-10-08T12:10:58.6425555Z #9 6.127 Unpacking libjbig0:amd64 (2.1-6.1) ...
2026-10-08T12:10:58.6426066Z #9 6.138 Selecting previously unselected package liblerc4:amd64.
2026-10-08T12:10:58.6426685Z #9 6.139 Preparing to unpack .../022-liblerc4_4.0.0+ds-2_amd64.deb ...
2026-10-08T12:10:58.6427061Z #9 6.140 Unpacking liblerc4:amd64 (4.0.0+ds-2) ...
2026-10-08T12:10:58.6427477Z #9 6.159 Selecting previously unselected package libwebp7:amd64.
2026-10-08T12:10:58.6427924Z #9 6.160 Preparing to unpack .../023-libwebp7_1.2.4-0.2+deb12u1_amd64.deb ...
2026-10-08T12:10:58.6428385Z #9 6.161 Unpacking libwebp7:amd64 (1.2.4-0.2+deb12u1) ...
2026-10-08T12:10:58.6428811Z #9 6.188 Selecting previously unselected package libtiff6:amd64.
2026-10-08T12:10:58.8590668Z #9 6.188 Preparing to unpack .../024-libtiff6_4.5.0-6+deb12u4_amd64.deb ...
2026-10-08T12:10:58.8591619Z #9 6.189 Unpacking libtiff6:amd64 (4.5.0-6+deb12u4) ...
2026-10-08T12:10:58.8592872Z #9 6.211 Selecting previously unselected package libgdk-pixbuf-2.0-0:amd64.
2026-10-08T12:10:58.8594006Z #9 6.212 Preparing to unpack .../025-libgdk-pixbuf-2.0-0_2.42.10+dfsg-1+deb12u4_amd64.deb ...
2026-10-08T12:10:58.8598594Z #9 6.212 Unpacking libgdk-pixbuf-2.0-0:amd64 (2.42.10+dfsg-1+deb12u4) ...
2026-10-08T12:10:58.8599459Z #9 6.230 Selecting previously unselected package gtk-update-icon-cache.
2026-10-08T12:10:58.8600553Z #9 6.230 Preparing to unpack .../026-gtk-update-icon-cache_3.24.38-2~deb12u3_amd64.deb ...
2026-10-08T12:10:58.8601423Z #9 6.231 Unpacking gtk-update-icon-cache (3.24.38-2~deb12u3) ...
2026-10-08T12:10:58.8602152Z #9 6.253 Selecting previously unselected package adwaita-icon-theme.
2026-10-08T12:10:58.8602928Z #9 6.254 Preparing to unpack .../027-adwaita-icon-theme_43-1_all.deb ...
2026-10-08T12:10:58.8603590Z #9 6.254 Unpacking adwaita-icon-theme (43-1) ...
2026-10-08T12:10:59.1661284Z #9 6.712 Selecting previously unselected package at-spi2-common.
2026-10-08T12:10:59.2679710Z #9 6.714 Preparing to unpack .../028-at-spi2-common_2.46.0-5_all.deb ...
2026-10-08T12:10:59.2680257Z #9 6.715 Unpacking at-spi2-common (2.46.0-5) ...
2026-10-08T12:10:59.2680911Z #9 6.736 Selecting previously unselected package bubblewrap.
2026-10-08T12:10:59.2681484Z #9 6.737 Preparing to unpack .../029-bubblewrap_0.8.0-2+deb12u1_amd64.deb ...
2026-10-08T12:10:59.2681945Z #9 6.738 Unpacking bubblewrap (0.8.0-2+deb12u1) ...
2026-10-08T12:10:59.2682588Z #9 6.750 Selecting previously unselected package libasound2-data.
2026-10-08T12:10:59.2683065Z #9 6.751 Preparing to unpack .../030-libasound2-data_1.2.8-1_all.deb ...
2026-10-08T12:10:59.2683487Z #9 6.751 Unpacking libasound2-data (1.2.8-1) ...
2026-10-08T12:10:59.2683917Z #9 6.768 Selecting previously unselected package libasound2:amd64.
2026-10-08T12:10:59.2684374Z #9 6.769 Preparing to unpack .../031-libasound2_1.2.8-1+b1_amd64.deb ...
2026-10-08T12:10:59.2684794Z #9 6.770 Unpacking libasound2:amd64 (1.2.8-1+b1) ...
2026-10-08T12:10:59.2685217Z #9 6.800 Selecting previously unselected package libatk1.0-0:amd64.
2026-10-08T12:10:59.2685679Z #9 6.801 Preparing to unpack .../032-libatk1.0-0_2.46.0-5_amd64.deb ...
2026-10-08T12:10:59.2686086Z #9 6.802 Unpacking libatk1.0-0:amd64 (2.46.0-5) ...
2026-10-08T12:10:59.2686492Z #9 6.814 Selecting previously unselected package libxau6:amd64.
2026-10-08T12:10:59.4117616Z #9 6.815 Preparing to unpack .../033-libxau6_1%3a1.0.9-1_amd64.deb ...
2026-10-08T12:10:59.4118142Z #9 6.816 Unpacking libxau6:amd64 (1:1.0.9-1) ...
2026-10-08T12:10:59.4118564Z #9 6.827 Selecting previously unselected package libbsd0:amd64.
2026-10-08T12:10:59.4118987Z #9 6.828 Preparing to unpack .../034-libbsd0_0.11.7-2_amd64.deb ...
2026-10-08T12:10:59.4119316Z #9 6.828 Unpacking libbsd0:amd64 (0.11.7-2) ...
2026-10-08T12:10:59.4119656Z #9 6.845 Selecting previously unselected package libxdmcp6:amd64.
2026-10-08T12:10:59.4120051Z #9 6.846 Preparing to unpack .../035-libxdmcp6_1%3a1.1.2-3_amd64.deb ...
2026-10-08T12:10:59.4120559Z #9 6.846 Unpacking libxdmcp6:amd64 (1:1.1.2-3) ...
2026-10-08T12:10:59.4121054Z #9 6.858 Selecting previously unselected package libxcb1:amd64.
2026-10-08T12:10:59.4121648Z #9 6.859 Preparing to unpack .../036-libxcb1_1.15-1_amd64.deb ...
2026-10-08T12:10:59.4122123Z #9 6.860 Unpacking libxcb1:amd64 (1.15-1) ...
2026-10-08T12:10:59.4122618Z #9 6.873 Selecting previously unselected package libx11-data.
2026-10-08T12:10:59.4123203Z #9 6.874 Preparing to unpack .../037-libx11-data_2%3a1.8.4-2+deb12u2_all.deb ...
2026-10-08T12:10:59.4123736Z #9 6.875 Unpacking libx11-data (2:1.8.4-2+deb12u2) ...
2026-10-08T12:10:59.4124275Z #9 6.908 Selecting previously unselected package libx11-6:amd64.
2026-10-08T12:10:59.4124931Z #9 6.909 Preparing to unpack .../038-libx11-6_2%3a1.8.4-2+deb12u2_amd64.deb ...
2026-10-08T12:10:59.4125406Z #9 6.910 Unpacking libx11-6:amd64 (2:1.8.4-2+deb12u2) ...
2026-10-08T12:10:59.4125839Z #9 6.957 Selecting previously unselected package libxext6:amd64.
2026-10-08T12:10:59.5362015Z #9 6.959 Preparing to unpack .../039-libxext6_2%3a1.3.4-1+b1_amd64.deb ...
2026-10-08T12:10:59.5362569Z #9 6.959 Unpacking libxext6:amd64 (2:1.3.4-1+b1) ...
2026-10-08T12:10:59.5362987Z #9 6.972 Selecting previously unselected package libxi6:amd64.
2026-10-08T12:10:59.5363968Z #9 6.973 Preparing to unpack .../040-libxi6_2%3a1.8-1+b1_amd64.deb ...
2026-10-08T12:10:59.5364536Z #9 6.974 Unpacking libxi6:amd64 (2:1.8-1+b1) ...
2026-10-08T12:10:59.5365160Z #9 6.988 Selecting previously unselected package libatspi2.0-0:amd64.
2026-10-08T12:10:59.5365772Z #9 6.989 Preparing to unpack .../041-libatspi2.0-0_2.46.0-5_amd64.deb ...
2026-10-08T12:10:59.5366137Z #9 6.990 Unpacking libatspi2.0-0:amd64 (2.46.0-5) ...
2026-10-08T12:10:59.5366622Z #9 7.004 Selecting previously unselected package libatk-bridge2.0-0:amd64.
2026-10-08T12:10:59.5367137Z #9 7.005 Preparing to unpack .../042-libatk-bridge2.0-0_2.46.0-5_amd64.deb ...
2026-10-08T12:10:59.5367516Z #9 7.006 Unpacking libatk-bridge2.0-0:amd64 (2.46.0-5) ...
2026-10-08T12:10:59.5367877Z #9 7.021 Selecting previously unselected package libbrotli1:amd64.
2026-10-08T12:10:59.5368529Z #9 7.022 Preparing to unpack .../043-libbrotli1_1.0.9-2+b6_amd64.deb ...
2026-10-08T12:10:59.5368985Z #9 7.022 Unpacking libbrotli1:amd64 (1.0.9-2+b6) ...
2026-10-08T12:10:59.5369343Z #9 7.048 Selecting previously unselected package libfreetype6:amd64.
2026-10-08T12:10:59.5369773Z #9 7.049 Preparing to unpack .../044-libfreetype6_2.12.1+dfsg-5+deb12u4_amd64.deb ...
2026-10-08T12:10:59.5370717Z #9 7.050 Unpacking libfreetype6:amd64 (2.12.1+dfsg-5+deb12u4) ...
2026-10-08T12:10:59.5371171Z #9 7.081 Selecting previously unselected package fonts-dejavu-core.
2026-10-08T12:10:59.6798499Z #9 7.082 Preparing to unpack .../045-fonts-dejavu-core_2.37-6_all.deb ...
2026-10-08T12:10:59.6799142Z #9 7.083 Unpacking fonts-dejavu-core (2.37-6) ...
2026-10-08T12:10:59.6799754Z #9 7.161 Selecting previously unselected package fontconfig-config.
2026-10-08T12:10:59.6800694Z #9 7.162 Preparing to unpack .../046-fontconfig-config_2.14.1-4_amd64.deb ...
2026-10-08T12:10:59.6801366Z #9 7.226 Unpacking fontconfig-config (2.14.1-4) ...
2026-10-08T12:10:59.7832814Z #9 7.245 Selecting previously unselected package libfontconfig1:amd64.
2026-10-08T12:10:59.7833605Z #9 7.246 Preparing to unpack .../047-libfontconfig1_2.14.1-4_amd64.deb ...
2026-10-08T12:10:59.7834240Z #9 7.247 Unpacking libfontconfig1:amd64 (2.14.1-4) ...
2026-10-08T12:10:59.7834868Z #9 7.265 Selecting previously unselected package libpixman-1-0:amd64.
2026-10-08T12:10:59.7835512Z #9 7.266 Preparing to unpack .../048-libpixman-1-0_0.42.2-1_amd64.deb ...
2026-10-08T12:10:59.7836038Z #9 7.266 Unpacking libpixman-1-0:amd64 (0.42.2-1) ...
2026-10-08T12:10:59.7836579Z #9 7.294 Selecting previously unselected package libxcb-render0:amd64.
2026-10-08T12:10:59.7837185Z #9 7.295 Preparing to unpack .../049-libxcb-render0_1.15-1_amd64.deb ...
2026-10-08T12:10:59.7837710Z #9 7.295 Unpacking libxcb-render0:amd64 (1.15-1) ...
2026-10-08T12:10:59.7838265Z #9 7.312 Selecting previously unselected package libxcb-shm0:amd64.
2026-10-08T12:10:59.7838861Z #9 7.313 Preparing to unpack .../050-libxcb-shm0_1.15-1_amd64.deb ...
2026-10-08T12:10:59.7839363Z #9 7.314 Unpacking libxcb-shm0:amd64 (1.15-1) ...
2026-10-08T12:10:59.7839889Z #9 7.329 Selecting previously unselected package libxrender1:amd64.
2026-10-08T12:10:59.8860967Z #9 7.330 Preparing to unpack .../051-libxrender1_1%3a0.9.10-1.1_amd64.deb ...
2026-10-08T12:10:59.8861461Z #9 7.331 Unpacking libxrender1:amd64 (1:0.9.10-1.1) ...
2026-10-08T12:10:59.8861848Z #9 7.343 Selecting previously unselected package libcairo2:amd64.
2026-10-08T12:10:59.8862252Z #9 7.344 Preparing to unpack .../052-libcairo2_1.16.0-7_amd64.deb ...
2026-10-08T12:10:59.8862626Z #9 7.345 Unpacking libcairo2:amd64 (1.16.0-7) ...
2026-10-08T12:10:59.8863025Z #9 7.383 Selecting previously unselected package libavahi-common-data:amd64.
2026-10-08T12:10:59.8863514Z #9 7.384 Preparing to unpack .../053-libavahi-common-data_0.8-10+deb12u1_amd64.deb ...
2026-10-08T12:10:59.8864163Z #9 7.385 Unpacking libavahi-common-data:amd64 (0.8-10+deb12u1) ...
2026-10-08T12:10:59.8864597Z #9 7.404 Selecting previously unselected package libavahi-common3:amd64.
2026-10-08T12:10:59.8865032Z #9 7.405 Preparing to unpack .../054-libavahi-common3_0.8-10+deb12u1_amd64.deb ...
2026-10-08T12:10:59.8865432Z #9 7.405 Unpacking libavahi-common3:amd64 (0.8-10+deb12u1) ...
2026-10-08T12:10:59.8865816Z #9 7.417 Selecting previously unselected package libavahi-client3:amd64.
2026-10-08T12:10:59.8866262Z #9 7.418 Preparing to unpack .../055-libavahi-client3_0.8-10+deb12u1_amd64.deb ...
2026-10-08T12:10:59.8866649Z #9 7.419 Unpacking libavahi-client3:amd64 (0.8-10+deb12u1) ...
2026-10-08T12:10:59.8867032Z #9 7.432 Selecting previously unselected package libkrb5support0:amd64.
2026-10-08T12:11:00.0069329Z #9 7.433 Preparing to unpack .../056-libkrb5support0_1.20.1-2+deb12u5_amd64.deb ...
2026-10-08T12:11:00.0070070Z #9 7.433 Unpacking libkrb5support0:amd64 (1.20.1-2+deb12u5) ...
2026-10-08T12:11:00.0070979Z #9 7.445 Selecting previously unselected package libk5crypto3:amd64.
2026-10-08T12:11:00.0071712Z #9 7.446 Preparing to unpack .../057-libk5crypto3_1.20.1-2+deb12u5_amd64.deb ...
2026-10-08T12:11:00.0072272Z #9 7.447 Unpacking libk5crypto3:amd64 (1.20.1-2+deb12u5) ...
2026-10-08T12:11:00.0072803Z #9 7.462 Selecting previously unselected package libkeyutils1:amd64.
2026-10-08T12:11:00.0073366Z #9 7.463 Preparing to unpack .../058-libkeyutils1_1.6.3-2_amd64.deb ...
2026-10-08T12:11:00.0074044Z #9 7.463 Unpacking libkeyutils1:amd64 (1.6.3-2) ...
2026-10-08T12:11:00.0074557Z #9 7.474 Selecting previously unselected package libkrb5-3:amd64.
2026-10-08T12:11:00.0075124Z #9 7.475 Preparing to unpack .../059-libkrb5-3_1.20.1-2+deb12u5_amd64.deb ...
2026-10-08T12:11:00.0075648Z #9 7.476 Unpacking libkrb5-3:amd64 (1.20.1-2+deb12u5) ...
2026-10-08T12:11:00.0076369Z #9 7.507 Selecting previously unselected package libgssapi-krb5-2:amd64.
2026-10-08T12:11:00.0077069Z #9 7.508 Preparing to unpack .../060-libgssapi-krb5-2_1.20.1-2+deb12u5_amd64.deb ...
2026-10-08T12:11:00.0077966Z #9 7.509 Unpacking libgssapi-krb5-2:amd64 (1.20.1-2+deb12u5) ...
2026-10-08T12:11:00.0078426Z #9 7.527 Selecting previously unselected package libcups2:amd64.
2026-10-08T12:11:00.0079222Z #9 7.528 Preparing to unpack .../061-libcups2_2.4.2-3+deb12u9_amd64.deb ...
2026-10-08T12:11:00.0079920Z #9 7.528 Unpacking libcups2:amd64 (2.4.2-3+deb12u9) ...
2026-10-08T12:11:00.0080281Z #9 7.553 Selecting previously unselected package libdav1d6:amd64.
2026-10-08T12:11:00.1093978Z #9 7.554 Preparing to unpack .../062-libdav1d6_1.0.0-2+deb12u1_amd64.deb ...
2026-10-08T12:11:00.1094680Z #9 7.554 Unpacking libdav1d6:amd64 (1.0.0-2+deb12u1) ...
2026-10-08T12:11:00.1095138Z #9 7.594 Selecting previously unselected package libdouble-conversion3:amd64.
2026-10-08T12:11:00.1095773Z #9 7.595 Preparing to unpack .../063-libdouble-conversion3_3.2.1-1_amd64.deb ...
2026-10-08T12:11:00.1096394Z #9 7.596 Unpacking libdouble-conversion3:amd64 (3.2.1-1) ...
2026-10-08T12:11:00.1096925Z #9 7.608 Selecting previously unselected package libogg0:amd64.
2026-10-08T12:11:00.1097565Z #9 7.609 Preparing to unpack .../064-libogg0_1.3.5-3_amd64.deb ...
2026-10-08T12:11:00.1098028Z #9 7.609 Unpacking libogg0:amd64 (1.3.5-3) ...
2026-10-08T12:11:00.1098729Z #9 7.621 Selecting previously unselected package libflac12:amd64.
2026-10-08T12:11:00.1099285Z #9 7.622 Preparing to unpack .../065-libflac12_1.4.2+ds-2_amd64.deb ...
2026-10-08T12:11:00.1099783Z #9 7.623 Unpacking libflac12:amd64 (1.4.2+ds-2) ...
2026-10-08T12:11:00.1100315Z #9 7.644 Selecting previously unselected package libdrm-common.
2026-10-08T12:11:00.1101127Z #9 7.644 Preparing to unpack .../066-libdrm-common_2.4.114-1_all.deb ...
2026-10-08T12:11:00.1102169Z #9 7.645 Unpacking libdrm-common (2.4.114-1) ...
2026-10-08T12:11:00.1103007Z #9 7.655 Selecting previously unselected package libdrm2:amd64.
2026-10-08T12:11:00.2107103Z #9 7.656 Preparing to unpack .../067-libdrm2_2.4.114-1+b1_amd64.deb ...
2026-10-08T12:11:00.2108786Z #9 7.657 Unpacking libdrm2:amd64 (2.4.114-1+b1) ...
2026-10-08T12:11:00.2109723Z #9 7.669 Selecting previously unselected package libwayland-server0:amd64.
2026-10-08T12:11:00.2110761Z #9 7.670 Preparing to unpack .../068-libwayland-server0_1.21.0-1_amd64.deb ...
2026-10-08T12:11:00.2111811Z #9 7.670 Unpacking libwayland-server0:amd64 (1.21.0-1) ...
2026-10-08T12:11:00.2112436Z #9 7.682 Selecting previously unselected package libgbm1:amd64.
2026-10-08T12:11:00.2113062Z #9 7.683 Preparing to unpack .../069-libgbm1_22.3.6-1+deb12u2_amd64.deb ...
2026-10-08T12:11:00.2113545Z #9 7.684 Unpacking libgbm1:amd64 (22.3.6-1+deb12u2) ...
2026-10-08T12:11:00.2114060Z #9 7.696 Selecting previously unselected package libgraphite2-3:amd64.
2026-10-08T12:11:00.2114608Z #9 7.697 Preparing to unpack .../070-libgraphite2-3_1.3.14-1+deb12u1_amd64.deb ...
2026-10-08T12:11:00.2115088Z #9 7.697 Unpacking libgraphite2-3:amd64 (1.3.14-1+deb12u1) ...
2026-10-08T12:11:00.2115831Z #9 7.712 Selecting previously unselected package libharfbuzz0b:amd64.
2026-10-08T12:11:00.2116562Z #9 7.713 Preparing to unpack .../071-libharfbuzz0b_6.0.0+dfsg-3_amd64.deb ...
2026-10-08T12:11:00.2117186Z #9 7.713 Unpacking libharfbuzz0b:amd64 (6.0.0+dfsg-3) ...
2026-10-08T12:11:00.2117755Z #9 7.756 Selecting previously unselected package libharfbuzz-subset0:amd64.
2026-10-08T12:11:00.3561258Z #9 7.758 Preparing to unpack .../072-libharfbuzz-subset0_6.0.0+dfsg-3_amd64.deb ...
2026-10-08T12:11:00.3562075Z #9 7.758 Unpacking libharfbuzz-subset0:amd64 (6.0.0+dfsg-3) ...
2026-10-08T12:11:00.3562573Z #9 7.800 Selecting previously unselected package liblcms2-2:amd64.
2026-10-08T12:11:00.3563053Z #9 7.801 Preparing to unpack .../073-liblcms2-2_2.14-2+deb12u1_amd64.deb ...
2026-10-08T12:11:00.3563497Z #9 7.802 Unpacking liblcms2-2:amd64 (2.14-2+deb12u1) ...
2026-10-08T12:11:00.3563937Z #9 7.823 Selecting previously unselected package libminizip1:amd64.
2026-10-08T12:11:00.3564389Z #9 7.824 Preparing to unpack .../074-libminizip1_1.1-8+deb12u1_amd64.deb ...
2026-10-08T12:11:00.3564779Z #9 7.825 Unpacking libminizip1:amd64 (1.1-8+deb12u1) ...
2026-10-08T12:11:00.3565134Z #9 7.836 Selecting previously unselected package libnspr4:amd64.
2026-10-08T12:11:00.3565523Z #9 7.837 Preparing to unpack .../075-libnspr4_2%3a4.35-1_amd64.deb ...
2026-10-08T12:11:00.3565868Z #9 7.838 Unpacking libnspr4:amd64 (2:4.35-1) ...
2026-10-08T12:11:00.3566217Z #9 7.854 Selecting previously unselected package libsqlite3-0:amd64.
2026-10-08T12:11:00.3566634Z #9 7.855 Preparing to unpack .../076-libsqlite3-0_3.40.1-2+deb12u2_amd64.deb ...
2026-10-08T12:11:00.3567026Z #9 7.856 Unpacking libsqlite3-0:amd64 (3.40.1-2+deb12u2) ...
2026-10-08T12:11:00.3567377Z #9 7.902 Selecting previously unselected package libnss3:amd64.
2026-10-08T12:11:00.4774043Z #9 7.903 Preparing to unpack .../077-libnss3_2%3a3.87.1-1+deb12u4_amd64.deb ...
2026-10-08T12:11:00.4774839Z #9 7.904 Unpacking libnss3:amd64 (2:3.87.1-1+deb12u4) ...
2026-10-08T12:11:00.4775668Z #9 7.988 Selecting previously unselected package libopenh264-7:amd64.
2026-10-08T12:11:00.4776491Z #9 7.990 Preparing to unpack .../078-libopenh264-7_2.3.1+dfsg-3+deb12u2_amd64.deb ...
2026-10-08T12:11:00.4777276Z #9 7.990 Unpacking libopenh264-7:amd64 (2.3.1+dfsg-3+deb12u2) ...
2026-10-08T12:11:00.4778048Z #9 8.023 Selecting previously unselected package libopenjp2-7:amd64.
2026-10-08T12:11:00.6193240Z #9 8.024 Preparing to unpack .../079-libopenjp2-7_2.5.0-2+deb12u3_amd64.deb ...
2026-10-08T12:11:00.6194087Z #9 8.025 Unpacking libopenjp2-7:amd64 (2.5.0-2+deb12u3) ...
2026-10-08T12:11:00.6194922Z #9 8.047 Selecting previously unselected package libopus0:amd64.
2026-10-08T12:11:00.6195770Z #9 8.048 Preparing to unpack .../080-libopus0_1.3.1-3_amd64.deb ...
2026-10-08T12:11:00.6196474Z #9 8.048 Unpacking libopus0:amd64 (1.3.1-3) ...
2026-10-08T12:11:00.6197247Z #9 8.070 Selecting previously unselected package fontconfig.
2026-10-08T12:11:00.6197951Z #9 8.071 Preparing to unpack .../081-fontconfig_2.14.1-4_amd64.deb ...
2026-10-08T12:11:00.6198575Z #9 8.072 Unpacking fontconfig (2.14.1-4) ...
2026-10-08T12:11:00.6199524Z #9 8.092 Selecting previously unselected package libfribidi0:amd64.
2026-10-08T12:11:00.6200843Z #9 8.093 Preparing to unpack .../082-libfribidi0_1.0.8-2.1_amd64.deb ...
2026-10-08T12:11:00.6202081Z #9 8.094 Unpacking libfribidi0:amd64 (1.0.8-2.1) ...
2026-10-08T12:11:00.6202860Z #9 8.107 Selecting previously unselected package libthai-data.
2026-10-08T12:11:00.6203378Z #9 8.108 Preparing to unpack .../083-libthai-data_0.1.29-1_all.deb ...
2026-10-08T12:11:00.6203859Z #9 8.109 Unpacking libthai-data (0.1.29-1) ...
2026-10-08T12:11:00.6204377Z #9 8.165 Selecting previously unselected package libdatrie1:amd64.
2026-10-08T12:11:00.7321005Z #9 8.166 Preparing to unpack .../084-libdatrie1_0.2.13-2+b1_amd64.deb ...
2026-10-08T12:11:00.7321733Z #9 8.167 Unpacking libdatrie1:amd64 (0.2.13-2+b1) ...
2026-10-08T12:11:00.7322346Z #9 8.179 Selecting previously unselected package libthai0:amd64.
2026-10-08T12:11:00.7323001Z #9 8.180 Preparing to unpack .../085-libthai0_0.1.29-1_amd64.deb ...
2026-10-08T12:11:00.7323578Z #9 8.181 Unpacking libthai0:amd64 (0.1.29-1) ...
2026-10-08T12:11:00.7324161Z #9 8.194 Selecting previously unselected package libpango-1.0-0:amd64.
2026-10-08T12:11:00.7324789Z #9 8.195 Preparing to unpack .../086-libpango-1.0-0_1.50.12+ds-1_amd64.deb ...
2026-10-08T12:11:00.7325365Z #9 8.195 Unpacking libpango-1.0-0:amd64 (1.50.12+ds-1) ...
2026-10-08T12:11:00.7325912Z #9 8.239 Selecting previously unselected package libasyncns0:amd64.
2026-10-08T12:11:00.7326751Z #9 8.240 Preparing to unpack .../087-libasyncns0_0.8-6+b3_amd64.deb ...
2026-10-08T12:11:00.7327271Z #9 8.242 Unpacking libasyncns0:amd64 (0.8-6+b3) ...
2026-10-08T12:11:00.7327811Z #9 8.252 Selecting previously unselected package libmp3lame0:amd64.
2026-10-08T12:11:00.7328414Z #9 8.253 Preparing to unpack .../088-libmp3lame0_3.100-6_amd64.deb ...
2026-10-08T12:11:00.7328931Z #9 8.254 Unpacking libmp3lame0:amd64 (3.100-6) ...
2026-10-08T12:11:00.7329457Z #9 8.278 Selecting previously unselected package libmpg123-0:amd64.
2026-10-08T12:11:00.8350041Z #9 8.279 Preparing to unpack .../089-libmpg123-0_1.31.2-1+deb12u1_amd64.deb ...
2026-10-08T12:11:00.8351215Z #9 8.280 Unpacking libmpg123-0:amd64 (1.31.2-1+deb12u1) ...
2026-10-08T12:11:00.8352101Z #9 8.299 Selecting previously unselected package libvorbis0a:amd64.
2026-10-08T12:11:00.8353061Z #9 8.300 Preparing to unpack .../090-libvorbis0a_1.3.7-1_amd64.deb ...
2026-10-08T12:11:00.8353933Z #9 8.301 Unpacking libvorbis0a:amd64 (1.3.7-1) ...
2026-10-08T12:11:00.8354724Z #9 8.316 Selecting previously unselected package libvorbisenc2:amd64.
2026-10-08T12:11:00.8355570Z #9 8.317 Preparing to unpack .../091-libvorbisenc2_1.3.7-1_amd64.deb ...
2026-10-08T12:11:00.8356284Z #9 8.318 Unpacking libvorbisenc2:amd64 (1.3.7-1) ...
2026-10-08T12:11:00.8357012Z #9 8.333 Selecting previously unselected package libsndfile1:amd64.
2026-10-08T12:11:00.8357832Z #9 8.334 Preparing to unpack .../092-libsndfile1_1.2.0-1+deb12u1_amd64.deb ...
2026-10-08T12:11:00.8358566Z #9 8.335 Unpacking libsndfile1:amd64 (1.2.0-1+deb12u1) ...
2026-10-08T12:11:00.8359303Z #9 8.357 Selecting previously unselected package libx11-xcb1:amd64.
2026-10-08T12:11:00.8360160Z #9 8.358 Preparing to unpack .../093-libx11-xcb1_2%3a1.8.4-2+deb12u2_amd64.deb ...
2026-10-08T12:11:00.8361167Z #9 8.358 Unpacking libx11-xcb1:amd64 (2:1.8.4-2+deb12u2) ...
2026-10-08T12:11:00.8361858Z #9 8.376 Selecting previously unselected package libpulse0:amd64.
2026-10-08T12:11:00.8362567Z #9 8.377 Preparing to unpack .../094-libpulse0_16.1+dfsg1-2+b1_amd64.deb ...
2026-10-08T12:11:00.8363143Z #9 8.381 Unpacking libpulse0:amd64 (16.1+dfsg1-2+b1) ...
2026-10-08T12:11:00.9694197Z #9 8.407 Selecting previously unselected package libxcomposite1:amd64.
2026-10-08T12:11:00.9695072Z #9 8.408 Preparing to unpack .../095-libxcomposite1_1%3a0.4.5-1_amd64.deb ...
2026-10-08T12:11:00.9695712Z #9 8.409 Unpacking libxcomposite1:amd64 (1:0.4.5-1) ...
2026-10-08T12:11:00.9696635Z #9 8.422 Selecting previously unselected package libxdamage1:amd64.
2026-10-08T12:11:00.9697610Z #9 8.423 Preparing to unpack .../096-libxdamage1_1%3a1.1.6-1_amd64.deb ...
2026-10-08T12:11:00.9698248Z #9 8.423 Unpacking libxdamage1:amd64 (1:1.1.6-1) ...
2026-10-08T12:11:00.9698872Z #9 8.434 Selecting previously unselected package libxfixes3:amd64.
2026-10-08T12:11:00.9699528Z #9 8.435 Preparing to unpack .../097-libxfixes3_1%3a6.0.0-2_amd64.deb ...
2026-10-08T12:11:00.9700129Z #9 8.436 Unpacking libxfixes3:amd64 (1:6.0.0-2) ...
2026-10-08T12:11:00.9700967Z #9 8.446 Selecting previously unselected package xkb-data.
2026-10-08T12:11:00.9701509Z #9 8.447 Preparing to unpack .../098-xkb-data_2.35.1-1_all.deb ...
2026-10-08T12:11:00.9701979Z #9 8.448 Unpacking xkb-data (2.35.1-1) ...
2026-10-08T12:11:00.9702489Z #9 8.515 Selecting previously unselected package libxkbcommon0:amd64.
2026-10-08T12:11:01.0792472Z #9 8.517 Preparing to unpack .../099-libxkbcommon0_1.5.0-1_amd64.deb ...
2026-10-08T12:11:01.0793586Z #9 8.517 Unpacking libxkbcommon0:amd64 (1.5.0-1) ...
2026-10-08T12:11:01.0794469Z #9 8.534 Selecting previously unselected package libxnvctrl0:amd64.
2026-10-08T12:11:01.0795405Z #9 8.535 Preparing to unpack .../100-libxnvctrl0_525.85.05-3~deb12u1_amd64.deb ...
2026-10-08T12:11:01.0796188Z #9 8.536 Unpacking libxnvctrl0:amd64 (525.85.05-3~deb12u1) ...
2026-10-08T12:11:01.0796896Z #9 8.547 Selecting previously unselected package libxrandr2:amd64.
2026-10-08T12:11:01.0797698Z #9 8.547 Preparing to unpack .../101-libxrandr2_2%3a1.5.2-2+b1_amd64.deb ...
2026-10-08T12:11:01.0798660Z #9 8.548 Unpacking libxrandr2:amd64 (2:1.5.2-2+b1) ...
2026-10-08T12:11:01.0799362Z #9 8.561 Selecting previously unselected package libcairo-gobject2:amd64.
2026-10-08T12:11:01.0800158Z #9 8.562 Preparing to unpack .../102-libcairo-gobject2_1.16.0-7_amd64.deb ...
2026-10-08T12:11:01.0801066Z #9 8.563 Unpacking libcairo-gobject2:amd64 (1.16.0-7) ...
2026-10-08T12:11:01.0801763Z #9 8.580 Selecting previously unselected package libcolord2:amd64.
2026-10-08T12:11:01.0802520Z #9 8.581 Preparing to unpack .../103-libcolord2_1.4.6-2.2_amd64.deb ...
2026-10-08T12:11:01.0803489Z #9 8.581 Unpacking libcolord2:amd64 (1.4.6-2.2) ...
2026-10-08T12:11:01.0804282Z #9 8.600 Selecting previously unselected package libepoxy0:amd64.
2026-10-08T12:11:01.0805033Z #9 8.601 Preparing to unpack .../104-libepoxy0_1.5.10-1_amd64.deb ...
2026-10-08T12:11:01.0805470Z #9 8.602 Unpacking libepoxy0:amd64 (1.5.10-1) ...
2026-10-08T12:11:01.0806060Z #9 8.625 Selecting previously unselected package libpangoft2-1.0-0:amd64.
2026-10-08T12:11:01.1856644Z #9 8.626 Preparing to unpack .../105-libpangoft2-1.0-0_1.50.12+ds-1_amd64.deb ...
2026-10-08T12:11:01.1857630Z #9 8.627 Unpacking libpangoft2-1.0-0:amd64 (1.50.12+ds-1) ...
2026-10-08T12:11:01.1858586Z #9 8.640 Selecting previously unselected package libpangocairo-1.0-0:amd64.
2026-10-08T12:11:01.1859585Z #9 8.641 Preparing to unpack .../106-libpangocairo-1.0-0_1.50.12+ds-1_amd64.deb ...
2026-10-08T12:11:01.1860575Z #9 8.641 Unpacking libpangocairo-1.0-0:amd64 (1.50.12+ds-1) ...
2026-10-08T12:11:01.1861373Z #9 8.653 Selecting previously unselected package libwayland-client0:amd64.
2026-10-08T12:11:01.1862204Z #9 8.654 Preparing to unpack .../107-libwayland-client0_1.21.0-1_amd64.deb ...
2026-10-08T12:11:01.1862944Z #9 8.655 Unpacking libwayland-client0:amd64 (1.21.0-1) ...
2026-10-08T12:11:01.1863692Z #9 8.682 Selecting previously unselected package libwayland-cursor0:amd64.
2026-10-08T12:11:01.1864533Z #9 8.683 Preparing to unpack .../108-libwayland-cursor0_1.21.0-1_amd64.deb ...
2026-10-08T12:11:01.1865311Z #9 8.684 Unpacking libwayland-cursor0:amd64 (1.21.0-1) ...
2026-10-08T12:11:01.1866079Z #9 8.695 Selecting previously unselected package libwayland-egl1:amd64.
2026-10-08T12:11:01.1866875Z #9 8.696 Preparing to unpack .../109-libwayland-egl1_1.21.0-1_amd64.deb ...
2026-10-08T12:11:01.1867565Z #9 8.697 Unpacking libwayland-egl1:amd64 (1.21.0-1) ...
2026-10-08T12:11:01.1868239Z #9 8.707 Selecting previously unselected package libxcursor1:amd64.
2026-10-08T12:11:01.1869368Z #9 8.708 Preparing to unpack .../110-libxcursor1_1%3a1.2.1-1_amd64.deb ...
2026-10-08T12:11:01.1869867Z #9 8.708 Unpacking libxcursor1:amd64 (1:1.2.1-1) ...
2026-10-08T12:11:01.1870227Z #9 8.720 Selecting previously unselected package libxinerama1:amd64.
2026-10-08T12:11:01.1870945Z #9 8.721 Preparing to unpack .../111-libxinerama1_2%3a1.1.4-3_amd64.deb ...
2026-10-08T12:11:01.1871375Z #9 8.721 Unpacking libxinerama1:amd64 (2:1.1.4-3) ...
2026-10-08T12:11:01.1871744Z #9 8.731 Selecting previously unselected package dbus-user-session.
2026-10-08T12:11:01.3932667Z #9 8.733 Preparing to unpack .../112-dbus-user-session_1.14.10-1~deb12u1_amd64.deb ...
2026-10-08T12:11:01.3933541Z #9 8.734 Unpacking dbus-user-session (1.14.10-1~deb12u1) ...
2026-10-08T12:11:01.3934247Z #9 8.748 Selecting previously unselected package libdconf1:amd64.
2026-10-08T12:11:01.3935025Z #9 8.749 Preparing to unpack .../113-libdconf1_0.40.0-4_amd64.deb ...
2026-10-08T12:11:01.3935702Z #9 8.749 Unpacking libdconf1:amd64 (0.40.0-4) ...
2026-10-08T12:11:01.3936380Z #9 8.761 Selecting previously unselected package dconf-service.
2026-10-08T12:11:01.3936999Z #9 8.762 Preparing to unpack .../114-dconf-service_0.40.0-4_amd64.deb ...
2026-10-08T12:11:01.3937510Z #9 8.763 Unpacking dconf-service (0.40.0-4) ...
2026-10-08T12:11:01.3938149Z #9 8.774 Selecting previously unselected package dconf-gsettings-backend:amd64.
2026-10-08T12:11:01.3938947Z #9 8.775 Preparing to unpack .../115-dconf-gsettings-backend_0.40.0-4_amd64.deb ...
2026-10-08T12:11:01.3939894Z #9 8.776 Unpacking dconf-gsettings-backend:amd64 (0.40.0-4) ...
2026-10-08T12:11:01.3940639Z #9 8.787 Selecting previously unselected package libgtk-3-common.
2026-10-08T12:11:01.3941365Z #9 8.788 Preparing to unpack .../116-libgtk-3-common_3.24.38-2~deb12u3_all.deb ...
2026-10-08T12:11:01.3942019Z #9 8.789 Unpacking libgtk-3-common (3.24.38-2~deb12u3) ...
2026-10-08T12:11:01.4752101Z #9 9.021 Selecting previously unselected package libgtk-3-0:amd64.
2026-10-08T12:11:01.6273104Z #9 9.022 Preparing to unpack .../117-libgtk-3-0_3.24.38-2~deb12u3_amd64.deb ...
2026-10-08T12:11:01.6273652Z #9 9.023 Unpacking libgtk-3-0:amd64 (3.24.38-2~deb12u3) ...
2026-10-08T12:11:01.6489277Z #9 9.195 Selecting previously unselected package libfontenc1:amd64.
2026-10-08T12:11:01.7493550Z #9 9.196 Preparing to unpack .../118-libfontenc1_1%3a1.1.4-1_amd64.deb ...
2026-10-08T12:11:01.7494049Z #9 9.196 Unpacking libfontenc1:amd64 (1:1.1.4-1) ...
2026-10-08T12:11:01.7494492Z #9 9.208 Selecting previously unselected package libglvnd0:amd64.
2026-10-08T12:11:01.7494976Z #9 9.209 Preparing to unpack .../119-libglvnd0_1.6.0-1_amd64.deb ...
2026-10-08T12:11:01.7495353Z #9 9.210 Unpacking libglvnd0:amd64 (1.6.0-1) ...
2026-10-08T12:11:01.7495776Z #9 9.225 Selecting previously unselected package libglapi-mesa:amd64.
2026-10-08T12:11:01.7496249Z #9 9.226 Preparing to unpack .../120-libglapi-mesa_22.3.6-1+deb12u2_amd64.deb ...
2026-10-08T12:11:01.7496676Z #9 9.226 Unpacking libglapi-mesa:amd64 (22.3.6-1+deb12u2) ...
2026-10-08T12:11:01.7497060Z #9 9.240 Selecting previously unselected package libxcb-dri2-0:amd64.
2026-10-08T12:11:01.7497480Z #9 9.241 Preparing to unpack .../121-libxcb-dri2-0_1.15-1_amd64.deb ...
2026-10-08T12:11:01.7497831Z #9 9.241 Unpacking libxcb-dri2-0:amd64 (1.15-1) ...
2026-10-08T12:11:01.7498200Z #9 9.258 Selecting previously unselected package libxcb-dri3-0:amd64.
2026-10-08T12:11:01.7498606Z #9 9.259 Preparing to unpack .../122-libxcb-dri3-0_1.15-1_amd64.deb ...
2026-10-08T12:11:01.7498949Z #9 9.259 Unpacking libxcb-dri3-0:amd64 (1.15-1) ...
2026-10-08T12:11:01.7499296Z #9 9.276 Selecting previously unselected package libxcb-glx0:amd64.
2026-10-08T12:11:01.7499673Z #9 9.277 Preparing to unpack .../123-libxcb-glx0_1.15-1_amd64.deb ...
2026-10-08T12:11:01.7500001Z #9 9.278 Unpacking libxcb-glx0:amd64 (1.15-1) ...
2026-10-08T12:11:01.7500621Z #9 9.295 Selecting previously unselected package libxcb-present0:amd64.
2026-10-08T12:11:01.8667944Z #9 9.296 Preparing to unpack .../124-libxcb-present0_1.15-1_amd64.deb ...
2026-10-08T12:11:01.8669584Z #9 9.297 Unpacking libxcb-present0:amd64 (1.15-1) ...
2026-10-08T12:11:01.8670188Z #9 9.313 Selecting previously unselected package libxcb-randr0:amd64.
2026-10-08T12:11:01.8670850Z #9 9.314 Preparing to unpack .../125-libxcb-randr0_1.15-1_amd64.deb ...
2026-10-08T12:11:01.8671341Z #9 9.315 Unpacking libxcb-randr0:amd64 (1.15-1) ...
2026-10-08T12:11:01.8671773Z #9 9.332 Selecting previously unselected package libxcb-sync1:amd64.
2026-10-08T12:11:01.8672243Z #9 9.333 Preparing to unpack .../126-libxcb-sync1_1.15-1_amd64.deb ...
2026-10-08T12:11:01.8672650Z #9 9.334 Unpacking libxcb-sync1:amd64 (1.15-1) ...
2026-10-08T12:11:01.8673074Z #9 9.412 Selecting previously unselected package libxcb-xfixes0:amd64.
2026-10-08T12:11:01.9697666Z #9 9.413 Preparing to unpack .../127-libxcb-xfixes0_1.15-1_amd64.deb ...
2026-10-08T12:11:01.9698566Z #9 9.413 Unpacking libxcb-xfixes0:amd64 (1.15-1) ...
2026-10-08T12:11:01.9699392Z #9 9.430 Selecting previously unselected package libxshmfence1:amd64.
2026-10-08T12:11:01.9700295Z #9 9.431 Preparing to unpack .../128-libxshmfence1_1.3-1_amd64.deb ...
2026-10-08T12:11:01.9701181Z #9 9.432 Unpacking libxshmfence1:amd64 (1.3-1) ...
2026-10-08T12:11:01.9701865Z #9 9.442 Selecting previously unselected package libxxf86vm1:amd64.
2026-10-08T12:11:01.9702673Z #9 9.443 Preparing to unpack .../129-libxxf86vm1_1%3a1.1.4-1+b2_amd64.deb ...
2026-10-08T12:11:01.9703400Z #9 9.444 Unpacking libxxf86vm1:amd64 (1:1.1.4-1+b2) ...
2026-10-08T12:11:01.9704350Z #9 9.455 Selecting previously unselected package libdrm-amdgpu1:amd64.
2026-10-08T12:11:01.9705206Z #9 9.456 Preparing to unpack .../130-libdrm-amdgpu1_2.4.114-1+b1_amd64.deb ...
2026-10-08T12:11:01.9705973Z #9 9.457 Unpacking libdrm-amdgpu1:amd64 (2.4.114-1+b1) ...
2026-10-08T12:11:01.9706837Z #9 9.468 Selecting previously unselected package libpciaccess0:amd64.
2026-10-08T12:11:01.9707641Z #9 9.469 Preparing to unpack .../131-libpciaccess0_0.17-2_amd64.deb ...
2026-10-08T12:11:01.9708592Z #9 9.470 Unpacking libpciaccess0:amd64 (0.17-2) ...
2026-10-08T12:11:01.9710166Z #9 9.483 Selecting previously unselected package libdrm-intel1:amd64.
2026-10-08T12:11:01.9711833Z #9 9.485 Preparing to unpack .../132-libdrm-intel1_2.4.114-1+b1_amd64.deb ...
2026-10-08T12:11:01.9712328Z #9 9.486 Unpacking libdrm-intel1:amd64 (2.4.114-1+b1) ...
2026-10-08T12:11:01.9712912Z #9 9.516 Selecting previously unselected package libdrm-nouveau2:amd64.
2026-10-08T12:11:02.1904710Z #9 9.517 Preparing to unpack .../133-libdrm-nouveau2_2.4.114-1+b1_amd64.deb ...
2026-10-08T12:11:02.1905453Z #9 9.518 Unpacking libdrm-nouveau2:amd64 (2.4.114-1+b1) ...
2026-10-08T12:11:02.1906244Z #9 9.529 Selecting previously unselected package libdrm-radeon1:amd64.
2026-10-08T12:11:02.1906936Z #9 9.530 Preparing to unpack .../134-libdrm-radeon1_2.4.114-1+b1_amd64.deb ...
2026-10-08T12:11:02.1907479Z #9 9.531 Unpacking libdrm-radeon1:amd64 (2.4.114-1+b1) ...
2026-10-08T12:11:02.1907835Z #9 9.542 Selecting previously unselected package libelf1:amd64.
2026-10-08T12:11:02.1908223Z #9 9.543 Preparing to unpack .../135-libelf1_0.188-2.1_amd64.deb ...
2026-10-08T12:11:02.1908562Z #9 9.544 Unpacking libelf1:amd64 (0.188-2.1) ...
2026-10-08T12:11:02.1908893Z #9 9.567 Selecting previously unselected package libedit2:amd64.
2026-10-08T12:11:02.1909276Z #9 9.568 Preparing to unpack .../136-libedit2_3.1-20221030-2_amd64.deb ...
2026-10-08T12:11:02.1909630Z #9 9.568 Unpacking libedit2:amd64 (3.1-20221030-2) ...
2026-10-08T12:11:02.1909966Z #9 9.584 Selecting previously unselected package libz3-4:amd64.
2026-10-08T12:11:02.1910347Z #9 9.585 Preparing to unpack .../137-libz3-4_4.8.12-3.1_amd64.deb ...
2026-10-08T12:11:02.1910975Z #9 9.586 Unpacking libz3-4:amd64 (4.8.12-3.1) ...
2026-10-08T12:11:02.4506780Z #9 9.996 Selecting previously unselected package libllvm15:amd64.
2026-10-08T12:11:02.6033467Z #9 9.998 Preparing to unpack .../138-libllvm15_1%3a15.0.6-4+b1_amd64.deb ...
2026-10-08T12:11:02.6034249Z #9 9.998 Unpacking libllvm15:amd64 (1:15.0.6-4+b1) ...
2026-10-08T12:11:03.1438798Z #9 10.69 Selecting previously unselected package libsensors-config.
2026-10-08T12:11:03.3350908Z #9 10.69 Preparing to unpack .../139-libsensors-config_1%3a3.6.0-7.1_all.deb ...
2026-10-08T12:11:03.3351756Z #9 10.69 Unpacking libsensors-config (1:3.6.0-7.1) ...
2026-10-08T12:11:03.3352467Z #9 10.70 Selecting previously unselected package libsensors5:amd64.
2026-10-08T12:11:03.3353224Z #9 10.71 Preparing to unpack .../140-libsensors5_1%3a3.6.0-7.1_amd64.deb ...
2026-10-08T12:11:03.3353960Z #9 10.71 Unpacking libsensors5:amd64 (1:3.6.0-7.1) ...
2026-10-08T12:11:03.3354646Z #9 10.73 Selecting previously unselected package libgl1-mesa-dri:amd64.
2026-10-08T12:11:03.3355451Z #9 10.73 Preparing to unpack .../141-libgl1-mesa-dri_22.3.6-1+deb12u2_amd64.deb ...
2026-10-08T12:11:03.3356134Z #9 10.73 Unpacking libgl1-mesa-dri:amd64 (22.3.6-1+deb12u2) ...
2026-10-08T12:11:03.5822727Z #9 11.13 Selecting previously unselected package libglx-mesa0:amd64.
2026-10-08T12:11:03.6871307Z #9 11.13 Preparing to unpack .../142-libglx-mesa0_22.3.6-1+deb12u2_amd64.deb ...
2026-10-08T12:11:03.6871918Z #9 11.13 Unpacking libglx-mesa0:amd64 (22.3.6-1+deb12u2) ...
2026-10-08T12:11:03.6872389Z #9 11.15 Selecting previously unselected package libglx0:amd64.
2026-10-08T12:11:03.6872848Z #9 11.15 Preparing to unpack .../143-libglx0_1.6.0-1_amd64.deb ...
2026-10-08T12:11:03.6873198Z #9 11.15 Unpacking libglx0:amd64 (1.6.0-1) ...
2026-10-08T12:11:03.6873579Z #9 11.16 Selecting previously unselected package libgl1:amd64.
2026-10-08T12:11:03.6874235Z #9 11.17 Preparing to unpack .../144-libgl1_1.6.0-1_amd64.deb ...
2026-10-08T12:11:03.6874611Z #9 11.17 Unpacking libgl1:amd64 (1.6.0-1) ...
2026-10-08T12:11:03.6874958Z #9 11.18 Selecting previously unselected package x11-common.
2026-10-08T12:11:03.6875337Z #9 11.18 Preparing to unpack .../145-x11-common_1%3a7.7+23_all.deb ...
2026-10-08T12:11:03.6875673Z #9 11.19 Unpacking x11-common (1:7.7+23) ...
2026-10-08T12:11:03.6875998Z #9 11.20 Selecting previously unselected package libice6:amd64.
2026-10-08T12:11:03.6876597Z #9 11.20 Preparing to unpack .../146-libice6_2%3a1.0.10-1_amd64.deb ...
2026-10-08T12:11:03.6877006Z #9 11.20 Unpacking libice6:amd64 (2:1.0.10-1) ...
2026-10-08T12:11:03.6877337Z #9 11.22 Selecting previously unselected package libsm6:amd64.
2026-10-08T12:11:03.6877709Z #9 11.22 Preparing to unpack .../147-libsm6_2%3a1.2.3-1_amd64.deb ...
2026-10-08T12:11:03.6878035Z #9 11.22 Unpacking libsm6:amd64 (2:1.2.3-1) ...
2026-10-08T12:11:03.6878356Z #9 11.23 Selecting previously unselected package libxt6:amd64.
2026-10-08T12:11:03.7968874Z #9 11.23 Preparing to unpack .../148-libxt6_1%3a1.2.1-1.1_amd64.deb ...
2026-10-08T12:11:03.7969482Z #9 11.23 Unpacking libxt6:amd64 (1:1.2.1-1.1) ...
2026-10-08T12:11:03.7969933Z #9 11.26 Selecting previously unselected package libxmu6:amd64.
2026-10-08T12:11:03.7970635Z #9 11.26 Preparing to unpack .../149-libxmu6_2%3a1.1.3-3_amd64.deb ...
2026-10-08T12:11:03.7971017Z #9 11.26 Unpacking libxmu6:amd64 (2:1.1.3-3) ...
2026-10-08T12:11:03.7971518Z #9 11.27 Selecting previously unselected package libxpm4:amd64.
2026-10-08T12:11:03.7971993Z #9 11.27 Preparing to unpack .../150-libxpm4_1%3a3.5.12-1.1+deb12u1_amd64.deb ...
2026-10-08T12:11:03.7972614Z #9 11.27 Unpacking libxpm4:amd64 (1:3.5.12-1.1+deb12u1) ...
2026-10-08T12:11:03.7973149Z #9 11.29 Selecting previously unselected package libxaw7:amd64.
2026-10-08T12:11:03.7973534Z #9 11.29 Preparing to unpack .../151-libxaw7_2%3a1.0.14-1_amd64.deb ...
2026-10-08T12:11:03.7973962Z #9 11.29 Unpacking libxaw7:amd64 (2:1.0.14-1) ...
2026-10-08T12:11:03.7974326Z #9 11.31 Selecting previously unselected package libxcb-shape0:amd64.
2026-10-08T12:11:03.7974881Z #9 11.31 Preparing to unpack .../152-libxcb-shape0_1.15-1_amd64.deb ...
2026-10-08T12:11:03.7975297Z #9 11.31 Unpacking libxcb-shape0:amd64 (1.15-1) ...
2026-10-08T12:11:03.7976035Z #9 11.33 Selecting previously unselected package libxft2:amd64.
2026-10-08T12:11:03.7976486Z #9 11.33 Preparing to unpack .../153-libxft2_2.3.6-1_amd64.deb ...
2026-10-08T12:11:03.7976969Z #9 11.33 Unpacking libxft2:amd64 (2.3.6-1) ...
2026-10-08T12:11:03.7977518Z #9 11.34 Selecting previously unselected package libxkbfile1:amd64.
2026-10-08T12:11:03.9062573Z #9 11.34 Preparing to unpack .../154-libxkbfile1_1%3a1.1.0-1_amd64.deb ...
2026-10-08T12:11:03.9063350Z #9 11.34 Unpacking libxkbfile1:amd64 (1:1.1.0-1) ...
2026-10-08T12:11:03.9063760Z #9 11.36 Selecting previously unselected package libxmuu1:amd64.
2026-10-08T12:11:03.9064172Z #9 11.36 Preparing to unpack .../155-libxmuu1_2%3a1.1.3-3_amd64.deb ...
2026-10-08T12:11:03.9064561Z #9 11.36 Unpacking libxmuu1:amd64 (2:1.1.3-3) ...
2026-10-08T12:11:03.9064919Z #9 11.37 Selecting previously unselected package libxtst6:amd64.
2026-10-08T12:11:03.9065313Z #9 11.37 Preparing to unpack .../156-libxtst6_2%3a1.2.3-1.1_amd64.deb ...
2026-10-08T12:11:03.9065691Z #9 11.37 Unpacking libxtst6:amd64 (2:1.2.3-1.1) ...
2026-10-08T12:11:03.9066027Z #9 11.39 Selecting previously unselected package libxv1:amd64.
2026-10-08T12:11:03.9066405Z #9 11.39 Preparing to unpack .../157-libxv1_2%3a1.0.11-1.1_amd64.deb ...
2026-10-08T12:11:03.9066762Z #9 11.39 Unpacking libxv1:amd64 (2:1.0.11-1.1) ...
2026-10-08T12:11:03.9067114Z #9 11.40 Selecting previously unselected package libxxf86dga1:amd64.
2026-10-08T12:11:03.9067517Z #9 11.40 Preparing to unpack .../158-libxxf86dga1_2%3a1.1.5-1_amd64.deb ...
2026-10-08T12:11:03.9068015Z #9 11.40 Unpacking libxxf86dga1:amd64 (2:1.1.5-1) ...
2026-10-08T12:11:03.9068419Z #9 11.43 Selecting previously unselected package x11-utils.
2026-10-08T12:11:03.9069070Z #9 11.43 Preparing to unpack .../159-x11-utils_7.7+5_amd64.deb ...
2026-10-08T12:11:03.9069453Z #9 11.43 Unpacking x11-utils (7.7+5) ...
2026-10-08T12:11:03.9069828Z #9 11.45 Selecting previously unselected package xdg-utils.
2026-10-08T12:11:04.0750962Z #9 11.45 Preparing to unpack .../160-xdg-utils_1.1.3-4.1_all.deb ...
2026-10-08T12:11:04.0751795Z #9 11.45 Unpacking xdg-utils (1.1.3-4.1) ...
2026-10-08T12:11:04.0752714Z #9 11.47 Selecting previously unselected package chromium-common.
2026-10-08T12:11:04.0753798Z #9 11.47 Preparing to unpack .../161-chromium-common_154.0.8037.92-1~deb12u1_amd64.deb ...
2026-10-08T12:11:04.0754861Z #9 11.47 Unpacking chromium-common (154.0.8037.92-1~deb12u1) ...
2026-10-08T12:11:04.4842522Z #9 12.03 Selecting previously unselected package chromium.
2026-10-08T12:11:04.6365937Z #9 12.03 Preparing to unpack .../162-chromium_154.0.8037.92-1~deb12u1_amd64.deb ...
2026-10-08T12:11:04.6366716Z #9 12.03 Unpacking chromium (154.0.8037.92-1~deb12u1) ...
2026-10-08T12:11:06.2639009Z #9 13.81 Selecting previously unselected package tini.
2026-10-08T12:11:06.3676630Z #9 13.81 Preparing to unpack .../163-tini_0.19.0-1+b3_amd64.deb ...
2026-10-08T12:11:06.3677327Z #9 13.81 Unpacking tini (0.19.0-1+b3) ...
2026-10-08T12:11:06.3677704Z #9 13.87 Setting up libexpat1:amd64 (2.5.0-1+deb12u4) ...
2026-10-08T12:11:06.3678091Z #9 13.87 Setting up bubblewrap (0.8.0-2+deb12u1) ...
2026-10-08T12:11:06.3678590Z #9 13.88 sysctl: cannot open "/etc/sysctl.d/99-sysctl.conf": No such file or directory
2026-10-08T12:11:06.3679122Z #9 13.88 Setting up libgraphite2-3:amd64 (1.3.14-1+deb12u1) ...
2026-10-08T12:11:06.3679548Z #9 13.88 Setting up liblcms2-2:amd64 (2.14-2+deb12u1) ...
2026-10-08T12:11:06.3679912Z #9 13.88 Setting up libpixman-1-0:amd64 (0.42.2-1) ...
2026-10-08T12:11:06.3680617Z #9 13.88 Setting up libwayland-server0:amd64 (1.21.0-1) ...
2026-10-08T12:11:06.3681015Z #9 13.89 Setting up libpciaccess0:amd64 (0.17-2) ...
2026-10-08T12:11:06.3681354Z #9 13.89 Setting up systemd-sysv (252.39-1~deb12u2) ...
2026-10-08T12:11:06.3681844Z #9 13.89 Setting up libxau6:amd64 (1:1.0.9-1) ...
2026-10-08T12:11:06.3682172Z #9 13.89 Setting up libdouble-conversion3:amd64 (3.2.1-1) ...
2026-10-08T12:11:06.3682607Z #9 13.89 Setting up libkeyutils1:amd64 (1.6.3-2) ...
2026-10-08T12:11:06.3682964Z #9 13.90 Setting up libicu72:amd64 (72.1-3+deb12u1) ...
2026-10-08T12:11:06.3683295Z #9 13.90 Setting up libmpg123-0:amd64 (1.31.2-1+deb12u1) ...
2026-10-08T12:11:06.3683603Z #9 13.90 Setting up libogg0:amd64 (1.3.5-3) ...
2026-10-08T12:11:06.3684085Z #9 13.90 Setting up liblerc4:amd64 (4.0.0+ds-2) ...
2026-10-08T12:11:06.3684564Z #9 13.90 Setting up hicolor-icon-theme (0.17-2) ...
2026-10-08T12:11:06.3684891Z #9 13.91 Setting up libdatrie1:amd64 (0.2.13-2+b1) ...
2026-10-08T12:11:06.4684399Z #9 13.92 Setting up libminizip1:amd64 (1.1-8+deb12u1) ...
2026-10-08T12:11:06.4684998Z #9 13.92 Setting up libglib2.0-0:amd64 (2.74.6-2+deb12u9) ...
2026-10-08T12:11:06.4685483Z #9 13.92 Setting up libglvnd0:amd64 (1.6.0-1) ...
2026-10-08T12:11:06.4685817Z #9 13.93 Setting up libbrotli1:amd64 (1.0.9-2+b6) ...
2026-10-08T12:11:06.4686145Z #9 13.93 Setting up libsqlite3-0:amd64 (3.40.1-2+deb12u2) ...
2026-10-08T12:11:06.4686528Z #9 13.93 Setting up libgdk-pixbuf2.0-common (2.42.10+dfsg-1+deb12u4) ...
2026-10-08T12:11:06.4686895Z #9 13.93 Setting up x11-common (1:7.7+23) ...
2026-10-08T12:11:06.4687204Z #9 13.98 debconf: unable to initialize frontend: Dialog
2026-10-08T12:11:06.4687575Z #9 13.98 debconf: (TERM is not set, so the dialog frontend is not usable.)
2026-10-08T12:11:06.4687945Z #9 13.98 debconf: falling back to frontend: Readline
2026-10-08T12:11:06.4688267Z #9 13.99 debconf: unable to initialize frontend: Readline
2026-10-08T12:11:06.4689923Z #9 13.99 debconf: (Can't locate Term/ReadLine.pm in @INC (you may need to install the Term::ReadLine module) (@INC contains: /etc/perl /usr/local/lib/x86_64-linux-gnu/perl/5.36.0 /usr/local/share/perl/5.36.0 /usr/lib/x86_64-linux-gnu/perl5/5.36 /usr/share/perl5 /usr/lib/x86_64-linux-gnu/perl-base /usr/lib/x86_64-linux-gnu/perl/5.36 /usr/share/perl/5.36 /usr/local/lib/site_perl) at /usr/share/perl5/Debconf/FrontEnd/Readline.pm line 7.)
2026-10-08T12:11:06.4691592Z #9 13.99 debconf: falling back to frontend: Teletype
2026-10-08T12:11:06.4691931Z #9 14.00 invoke-rc.d: could not determine current runlevel
2026-10-08T12:11:06.4692289Z #9 14.00 invoke-rc.d: policy-rc.d denied execution of restart.
2026-10-08T12:11:06.4692644Z #9 14.00 Setting up libsensors-config (1:3.6.0-7.1) ...
2026-10-08T12:11:06.4693057Z #9 14.01 Setting up libdeflate0:amd64 (1.14-1) ...
2026-10-08T12:11:06.4693350Z #9 14.01 Setting up xkb-data (2.35.1-1) ...
2026-10-08T12:11:06.4693631Z #9 14.01 Setting up libjbig0:amd64 (2.1-6.1) ...
2026-10-08T12:11:06.4693929Z #9 14.01 Setting up libcolord2:amd64 (1.4.6-2.2) ...
2026-10-08T12:11:06.4694268Z #9 14.01 Setting up libkrb5support0:amd64 (1.20.1-2+deb12u5) ...
2026-10-08T12:11:06.5973755Z #9 14.02 Setting up libdconf1:amd64 (0.40.0-4) ...
2026-10-08T12:11:06.5974433Z #9 14.02 Setting up libasound2-data (1.2.8-1) ...
2026-10-08T12:11:06.5975019Z #9 14.02 Setting up libfontenc1:amd64 (1:1.1.4-1) ...
2026-10-08T12:11:06.5975608Z #9 14.02 Setting up libz3-4:amd64 (4.8.12-3.1) ...
2026-10-08T12:11:06.5975970Z #9 14.02 Setting up libflac12:amd64 (1.4.2+ds-2) ...
2026-10-08T12:11:06.5976364Z #9 14.03 Setting up libjpeg62-turbo:amd64 (1:2.1.5-2) ...
2026-10-08T12:11:06.5976824Z #9 14.03 Setting up libx11-data (2:1.8.4-2+deb12u2) ...
2026-10-08T12:11:06.5977445Z #9 14.03 Setting up libepoxy0:amd64 (1.5.10-1) ...
2026-10-08T12:11:06.5978037Z #9 14.03 Setting up libnspr4:amd64 (2:4.35-1) ...
2026-10-08T12:11:06.5978414Z #9 14.03 Setting up libavahi-common-data:amd64 (0.8-10+deb12u1) ...
2026-10-08T12:11:06.5978958Z #9 14.03 Setting up libdbus-1-3:amd64 (1.14.10-1~deb12u1) ...
2026-10-08T12:11:06.5979348Z #9 14.04 Setting up libfribidi0:amd64 (1.0.8-2.1) ...
2026-10-08T12:11:06.5979662Z #9 14.04 Setting up libopus0:amd64 (1.3.1-3) ...
2026-10-08T12:11:06.5979988Z #9 14.04 Setting up libproc2-0:amd64 (2:4.0.2-3) ...
2026-10-08T12:11:06.5980327Z #9 14.04 Setting up libpng16-16:amd64 (1.6.39-2+deb12u6) ...
2026-10-08T12:11:06.5981051Z #9 14.04 Setting up libvorbis0a:amd64 (1.3.7-1) ...
2026-10-08T12:11:06.5981527Z #9 14.05 Setting up tini (0.19.0-1+b3) ...
2026-10-08T12:11:06.5981943Z #9 14.05 Setting up fonts-dejavu-core (2.37-6) ...
2026-10-08T12:11:06.5982277Z #9 14.06 Setting up libsensors5:amd64 (1:3.6.0-7.1) ...
2026-10-08T12:11:06.5982597Z #9 14.06 Setting up libncursesw6:amd64 (6.4-4) ...
2026-10-08T12:11:06.5983096Z #9 14.06 Setting up libk5crypto3:amd64 (1.20.1-2+deb12u5) ...
2026-10-08T12:11:06.5983453Z #9 14.06 Setting up libdav1d6:amd64 (1.0.0-2+deb12u1) ...
2026-10-08T12:11:06.5983920Z #9 14.07 Setting up libglapi-mesa:amd64 (22.3.6-1+deb12u2) ...
2026-10-08T12:11:06.5984340Z #9 14.07 Setting up libopenh264-7:amd64 (2.3.1+dfsg-3+deb12u2) ...
2026-10-08T12:11:06.5984701Z #9 14.07 Setting up libwebp7:amd64 (1.2.4-0.2+deb12u1) ...
2026-10-08T12:11:06.5985032Z #9 14.07 Setting up libasyncns0:amd64 (0.8-6+b3) ...
2026-10-08T12:11:06.5985334Z #9 14.07 Setting up libxshmfence1:amd64 (1.3-1) ...
2026-10-08T12:11:06.5985660Z #9 14.07 Setting up at-spi2-common (2.46.0-5) ...
2026-10-08T12:11:06.5986037Z #9 14.08 Setting up libtiff6:amd64 (4.5.0-6+deb12u4) ...
2026-10-08T12:11:06.5986569Z #9 14.08 Setting up dbus-session-bus-common (1.14.10-1~deb12u1) ...
2026-10-08T12:11:06.5986898Z #9 14.08 Setting up procps (2:4.0.2-3) ...
2026-10-08T12:11:06.5987187Z #9 14.10 Setting up libasound2:amd64 (1.2.8-1+b1) ...
2026-10-08T12:11:06.5987512Z #9 14.10 Setting up libopenjp2-7:amd64 (2.5.0-2+deb12u3) ...
2026-10-08T12:11:06.5987886Z #9 14.10 Setting up libthai-data (0.1.29-1) ...
2026-10-08T12:11:06.5988364Z #9 14.10 Setting up libatk1.0-0:amd64 (2.46.0-5) ...
2026-10-08T12:11:06.5988867Z #9 14.10 Setting up libkrb5-3:amd64 (1.20.1-2+deb12u5) ...
2026-10-08T12:11:06.5989234Z #9 14.11 Setting up libwayland-egl1:amd64 (1.21.0-1) ...
2026-10-08T12:11:06.5989578Z #9 14.11 Setting up dbus-system-bus-common (1.14.10-1~deb12u1) ...
2026-10-08T12:11:06.5990011Z #9 14.14 Setting up libbsd0:amd64 (0.11.7-2) ...
2026-10-08T12:11:06.7114094Z #9 14.15 Setting up libdrm-common (2.4.114-1) ...
2026-10-08T12:11:06.7114725Z #9 14.15 Setting up libelf1:amd64 (0.188-2.1) ...
2026-10-08T12:11:06.7115306Z #9 14.15 Setting up libxml2:amd64 (2.9.14+dfsg-1.3~deb12u6) ...
2026-10-08T12:11:06.7115866Z #9 14.15 Setting up xdg-utils (1.1.3-4.1) ...
2026-10-08T12:11:06.7116641Z #9 14.15 update-alternatives: using /usr/bin/xdg-open to provide /usr/bin/open (open) in auto mode
2026-10-08T12:11:06.7117580Z #9 14.15 update-alternatives: warning: skip creation of /usr/share/man/man1/open.1.gz because associated file /usr/share/man/man1/xdg-open.1.gz (of link group open) doesn't exist
2026-10-08T12:11:06.7118239Z #9 14.16 Setting up dbus-bin (1.14.10-1~deb12u1) ...
2026-10-08T12:11:06.7118565Z #9 14.19 Setting up libmp3lame0:amd64 (3.100-6) ...
2026-10-08T12:11:06.7118943Z #9 14.19 Setting up libvorbisenc2:amd64 (1.3.7-1) ...
2026-10-08T12:11:06.7119367Z #9 14.20 Setting up libxkbcommon0:amd64 (1.5.0-1) ...
2026-10-08T12:11:06.7119790Z #9 14.20 Setting up libwayland-client0:amd64 (1.21.0-1) ...
2026-10-08T12:11:06.7120242Z #9 14.20 Setting up libice6:amd64 (2:1.0.10-1) ...
2026-10-08T12:11:06.7120804Z #9 14.20 Setting up libxdmcp6:amd64 (1:1.1.2-3) ...
2026-10-08T12:11:06.7121102Z #9 14.21 Setting up libxcb1:amd64 (1.15-1) ...
2026-10-08T12:11:06.7121522Z #9 14.21 Setting up libxcb-xfixes0:amd64 (1.15-1) ...
2026-10-08T12:11:06.7122040Z #9 14.21 Setting up libxcb-render0:amd64 (1.15-1) ...
2026-10-08T12:11:06.7122492Z #9 14.21 Setting up fontconfig-config (2.14.1-4) ...
2026-10-08T12:11:06.7122948Z #9 14.26 debconf: unable to initialize frontend: Dialog
2026-10-08T12:11:06.7123324Z #9 14.26 debconf: (TERM is not set, so the dialog frontend is not usable.)
2026-10-08T12:11:06.7123682Z #9 14.26 debconf: falling back to frontend: Readline
2026-10-08T12:11:06.8156706Z #9 14.26 debconf: unable to initialize frontend: Readline
2026-10-08T12:11:06.8158575Z #9 14.26 debconf: (Can't locate Term/ReadLine.pm in @INC (you may need to install the Term::ReadLine module) (@INC contains: /etc/perl /usr/local/lib/x86_64-linux-gnu/perl/5.36.0 /usr/local/share/perl/5.36.0 /usr/lib/x86_64-linux-gnu/perl5/5.36 /usr/share/perl5 /usr/lib/x86_64-linux-gnu/perl-base /usr/lib/x86_64-linux-gnu/perl/5.36 /usr/share/perl/5.36 /usr/local/lib/site_perl) at /usr/share/perl5/Debconf/FrontEnd/Readline.pm line 7.)
2026-10-08T12:11:06.8159885Z #9 14.26 debconf: falling back to frontend: Teletype
2026-10-08T12:11:06.8160759Z #9 14.34 Setting up libxcb-glx0:amd64 (1.15-1) ...
2026-10-08T12:11:06.8161111Z #9 14.34 Setting up libedit2:amd64 (3.1-20221030-2) ...
2026-10-08T12:11:06.8161434Z #9 14.35 Setting up libxcb-shape0:amd64 (1.15-1) ...
2026-10-08T12:11:06.8161786Z #9 14.35 Setting up libavahi-common3:amd64 (0.8-10+deb12u1) ...
2026-10-08T12:11:06.8162137Z #9 14.35 Setting up libnss3:amd64 (2:3.87.1-1+deb12u4) ...
2026-10-08T12:11:06.8162547Z #9 14.35 Setting up libxcb-shm0:amd64 (1.15-1) ...
2026-10-08T12:11:06.8162874Z #9 14.35 Setting up dbus-daemon (1.14.10-1~deb12u1) ...
2026-10-08T12:11:06.8163186Z #9 14.36 Setting up libxcb-present0:amd64 (1.15-1) ...
2026-10-08T12:11:06.9912883Z #9 14.36 Setting up libthai0:amd64 (0.1.29-1) ...
2026-10-08T12:11:06.9913629Z #9 14.37 Setting up libfreetype6:amd64 (2.12.1+dfsg-5+deb12u4) ...
2026-10-08T12:11:06.9914251Z #9 14.37 Setting up libxcb-sync1:amd64 (1.15-1) ...
2026-10-08T12:11:06.9914818Z #9 14.37 Setting up dbus (1.14.10-1~deb12u1) ...
2026-10-08T12:11:06.9915359Z #9 14.38 invoke-rc.d: could not determine current runlevel
2026-10-08T12:11:06.9915748Z #9 14.39 invoke-rc.d: policy-rc.d denied execution of start.
2026-10-08T12:11:06.9916071Z #9 14.39 Setting up shared-mime-info (2.2-1) ...
2026-10-08T12:11:07.3523726Z #9 14.90 Setting up libgssapi-krb5-2:amd64 (1.20.1-2+deb12u5) ...
2026-10-08T12:11:07.4531523Z #9 14.90 Setting up libxcb-dri2-0:amd64 (1.15-1) ...
2026-10-08T12:11:07.4532100Z #9 14.90 Setting up libdrm2:amd64 (2.4.114-1+b1) ...
2026-10-08T12:11:07.4534997Z #9 14.90 Setting up libwayland-cursor0:amd64 (1.21.0-1) ...
2026-10-08T12:11:07.4535449Z #9 14.91 Setting up libxcb-randr0:amd64 (1.15-1) ...
2026-10-08T12:11:07.4535782Z #9 14.91 Setting up libllvm15:amd64 (1:15.0.6-4+b1) ...
2026-10-08T12:11:07.4536115Z #9 14.91 Setting up libpam-systemd:amd64 (252.39-1~deb12u2) ...
2026-10-08T12:11:07.4536457Z #9 14.96 debconf: unable to initialize frontend: Dialog
2026-10-08T12:11:07.4536992Z #9 14.96 debconf: (TERM is not set, so the dialog frontend is not usable.)
2026-10-08T12:11:07.4537518Z #9 14.96 debconf: falling back to frontend: Readline
2026-10-08T12:11:07.4537853Z #9 14.96 debconf: unable to initialize frontend: Readline
2026-10-08T12:11:07.4539558Z #9 14.96 debconf: (Can't locate Term/ReadLine.pm in @INC (you may need to install the Term::ReadLine module) (@INC contains: /etc/perl /usr/local/lib/x86_64-linux-gnu/perl/5.36.0 /usr/local/share/perl/5.36.0 /usr/lib/x86_64-linux-gnu/perl5/5.36 /usr/share/perl5 /usr/lib/x86_64-linux-gnu/perl-base /usr/lib/x86_64-linux-gnu/perl/5.36 /usr/share/perl/5.36 /usr/local/lib/site_perl) at /usr/share/perl5/Debconf/FrontEnd/Readline.pm line 7.)
2026-10-08T12:11:07.4541275Z #9 14.96 debconf: falling back to frontend: Teletype
2026-10-08T12:11:07.4541757Z #9 15.00 Setting up libx11-6:amd64 (2:1.8.4-2+deb12u2) ...
2026-10-08T12:11:07.4542157Z #9 15.00 Setting up libharfbuzz0b:amd64 (6.0.0+dfsg-3) ...
2026-10-08T12:11:07.4542540Z #9 15.00 Setting up libgdk-pixbuf-2.0-0:amd64 (2.42.10+dfsg-1+deb12u4) ...
2026-10-08T12:11:07.6370568Z #9 15.01 Setting up libfontconfig1:amd64 (2.14.1-4) ...
2026-10-08T12:11:07.6371148Z #9 15.01 Setting up libsndfile1:amd64 (1.2.0-1+deb12u1) ...
2026-10-08T12:11:07.6371506Z #9 15.01 Setting up libxkbfile1:amd64 (1:1.1.0-1) ...
2026-10-08T12:11:07.6371851Z #9 15.01 Setting up libxcomposite1:amd64 (1:0.4.5-1) ...
2026-10-08T12:11:07.6372172Z #9 15.02 Setting up libsm6:amd64 (2:1.2.3-1) ...
2026-10-08T12:11:07.6372501Z #9 15.02 Setting up libavahi-client3:amd64 (0.8-10+deb12u1) ...
2026-10-08T12:11:07.6372834Z #9 15.02 Setting up libxmuu1:amd64 (2:1.1.3-3) ...
2026-10-08T12:11:07.6373146Z #9 15.02 Setting up libdrm-amdgpu1:amd64 (2.4.114-1+b1) ...
2026-10-08T12:11:07.6373459Z #9 15.02 Setting up libxcb-dri3-0:amd64 (1.15-1) ...
2026-10-08T12:11:07.6373798Z #9 15.03 Setting up gtk-update-icon-cache (3.24.38-2~deb12u3) ...
2026-10-08T12:11:07.6374155Z #9 15.03 Setting up libx11-xcb1:amd64 (2:1.8.4-2+deb12u2) ...
2026-10-08T12:11:07.6374456Z #9 15.03 Setting up fontconfig (2.14.1-4) ...
2026-10-08T12:11:09.4942933Z #9 15.03 Regenerating fonts cache... done.
2026-10-08T12:11:09.5942972Z #9 17.04 Setting up libdrm-nouveau2:amd64 (2.4.114-1+b1) ...
2026-10-08T12:11:09.5943617Z #9 17.04 Setting up libxdamage1:amd64 (1:1.1.6-1) ...
2026-10-08T12:11:09.5944031Z #9 17.04 Setting up libxpm4:amd64 (1:3.5.12-1.1+deb12u1) ...
2026-10-08T12:11:09.5944415Z #9 17.05 Setting up libxrender1:amd64 (1:0.9.10-1.1) ...
2026-10-08T12:11:09.5944943Z #9 17.05 Setting up libgbm1:amd64 (22.3.6-1+deb12u2) ...
2026-10-08T12:11:09.5945431Z #9 17.05 Setting up libpulse0:amd64 (16.1+dfsg1-2+b1) ...
2026-10-08T12:11:09.5945766Z #9 17.06 Setting up libdrm-radeon1:amd64 (2.4.114-1+b1) ...
2026-10-08T12:11:09.5946096Z #9 17.06 Setting up libpango-1.0-0:amd64 (1.50.12+ds-1) ...
2026-10-08T12:11:09.5946613Z #9 17.06 Setting up libdrm-intel1:amd64 (2.4.114-1+b1) ...
2026-10-08T12:11:09.5946960Z #9 17.06 Setting up libgl1-mesa-dri:amd64 (22.3.6-1+deb12u2) ...
2026-10-08T12:11:09.5947299Z #9 17.07 Setting up libxext6:amd64 (2:1.3.4-1+b1) ...
2026-10-08T12:11:09.5947609Z #9 17.07 Setting up libcairo2:amd64 (1.16.0-7) ...
2026-10-08T12:11:09.5947919Z #9 17.07 Setting up libxxf86vm1:amd64 (1:1.1.4-1+b2) ...
2026-10-08T12:11:09.5948249Z #9 17.07 Setting up libxnvctrl0:amd64 (525.85.05-3~deb12u1) ...
2026-10-08T12:11:09.5948603Z #9 17.07 Setting up dbus-user-session (1.14.10-1~deb12u1) ...
2026-10-08T12:11:09.5948922Z #9 17.08 Setting up adwaita-icon-theme (43-1) ...
2026-10-08T12:11:09.5950277Z #9 17.11 update-alternatives: using /usr/share/icons/Adwaita/cursor.theme to provide /usr/share/icons/default/index.theme (x-cursor-theme) in auto mode
2026-10-08T12:11:09.5951014Z #9 17.11 Setting up libxfixes3:amd64 (1:6.0.0-2) ...
2026-10-08T12:11:09.5951360Z #9 17.12 Setting up libxinerama1:amd64 (2:1.1.4-3) ...
2026-10-08T12:11:09.5951807Z #9 17.12 Setting up libxv1:amd64 (2:1.0.11-1.1) ...
2026-10-08T12:11:09.5952116Z #9 17.12 Setting up libxrandr2:amd64 (2:1.5.2-2+b1) ...
2026-10-08T12:11:09.5952412Z #9 17.12 Setting up libxt6:amd64 (1:1.2.1-1.1) ...
2026-10-08T12:11:09.5952822Z #9 17.12 Setting up libcups2:amd64 (2.4.2-3+deb12u9) ...
2026-10-08T12:11:09.5953395Z #9 17.13 Setting up libharfbuzz-subset0:amd64 (6.0.0+dfsg-3) ...
2026-10-08T12:11:09.5953861Z #9 17.13 Setting up libcairo-gobject2:amd64 (1.16.0-7) ...
2026-10-08T12:11:09.5954198Z #9 17.13 Setting up libpangoft2-1.0-0:amd64 (1.50.12+ds-1) ...
2026-10-08T12:11:09.5954622Z #9 17.13 Setting up libpangocairo-1.0-0:amd64 (1.50.12+ds-1) ...
2026-10-08T12:11:09.5955066Z #9 17.13 Setting up libxft2:amd64 (2.3.6-1) ...
2026-10-08T12:11:09.5955460Z #9 17.14 Setting up libxmu6:amd64 (2:1.1.3-3) ...
2026-10-08T12:11:09.5955801Z #9 17.14 Setting up libglx-mesa0:amd64 (22.3.6-1+deb12u2) ...
2026-10-08T12:11:09.5956127Z #9 17.14 Setting up libxi6:amd64 (2:1.8-1+b1) ...
2026-10-08T12:11:09.8410200Z #9 17.14 Setting up libglx0:amd64 (1.6.0-1) ...
2026-10-08T12:11:09.8411136Z #9 17.14 Setting up libxtst6:amd64 (2:1.2.3-1.1) ...
2026-10-08T12:11:09.8411626Z #9 17.15 Setting up libxcursor1:amd64 (1:1.2.1-1) ...
2026-10-08T12:11:09.8411999Z #9 17.15 Setting up libxxf86dga1:amd64 (2:1.1.5-1) ...
2026-10-08T12:11:09.8412319Z #9 17.15 Setting up dconf-service (0.40.0-4) ...
2026-10-08T12:11:09.8412633Z #9 17.15 Setting up libxaw7:amd64 (2:1.0.14-1) ...
2026-10-08T12:11:09.8412947Z #9 17.19 Setting up libatspi2.0-0:amd64 (2.46.0-5) ...
2026-10-08T12:11:09.8413286Z #9 17.20 Setting up libatk-bridge2.0-0:amd64 (2.46.0-5) ...
2026-10-08T12:11:09.8413604Z #9 17.20 Setting up libgl1:amd64 (1.6.0-1) ...
2026-10-08T12:11:09.8413901Z #9 17.20 Setting up x11-utils (7.7+5) ...
2026-10-08T12:11:09.8414223Z #9 17.21 Setting up chromium-common (154.0.8037.92-1~deb12u1) ...
2026-10-08T12:11:09.8414600Z #9 17.21 Setting up dconf-gsettings-backend:amd64 (0.40.0-4) ...
2026-10-08T12:11:09.8414948Z #9 17.21 Setting up libgtk-3-common (3.24.38-2~deb12u3) ...
2026-10-08T12:11:09.8415284Z #9 17.22 Setting up libgtk-3-0:amd64 (3.24.38-2~deb12u3) ...
2026-10-08T12:11:09.8415608Z #9 17.23 Setting up chromium (154.0.8037.92-1~deb12u1) ...
2026-10-08T12:11:09.8416315Z #9 17.23 update-alternatives: using /usr/bin/chromium to provide /usr/bin/x-www-browser (x-www-browser) in auto mode
2026-10-08T12:11:09.8416999Z #9 17.23 update-alternatives: using /usr/bin/chromium to provide /usr/bin/gnome-www-browser (gnome-www-browser) in auto mode
2026-10-08T12:11:09.8417514Z #9 17.24 Processing triggers for libc-bin (2.36-9+deb12u14) ...
2026-10-08T12:11:13.3761121Z #9 DONE 20.9s
2026-10-08T12:11:13.5388013Z 
2026-10-08T12:11:13.5388720Z #10 [ 5/11] COPY package.json pnpm-lock.yaml pnpm-workspace.yaml ./
2026-10-08T12:11:13.5389267Z #10 DONE 0.0s
2026-10-08T12:11:13.5389430Z 
2026-10-08T12:11:13.5389655Z #11 [ 6/11] RUN pnpm install --frozen-lockfile
2026-10-08T12:11:13.5418777Z #11 0.154 ! Corepack is about to download https://registry.npmjs.org/pnpm/-/pnpm-10.18.3.tgz
2026-10-08T12:11:14.5391934Z #11 1.151 Lockfile is up to date, resolution step is skipped
2026-10-08T12:11:14.7257488Z #11 1.181 Progress: resolved 1, reused 0, downloaded 0, added 0
2026-10-08T12:11:14.7257992Z #11 1.217 Packages: +408
2026-10-08T12:11:14.7258506Z #11 1.217 ++++++++++++++++++++++++++++++++++++++++++++++++++++++++++++++++++++++++++++++++
2026-10-08T12:11:14.7258893Z #11 1.338 
2026-10-08T12:11:14.7259611Z #11 1.338    ╭───────────────────────────────────────────────╮
2026-10-08T12:11:14.7260142Z #11 1.338    │                                               │
2026-10-08T12:11:14.7260835Z #11 1.338    │     Update available! 10.18.3 → 12.10.1.      │
2026-10-08T12:11:14.7261757Z #11 1.338    │     Changelog: https://pnpm.io/v/12.10.1      │
2026-10-08T12:11:14.7262338Z #11 1.338    │   To update, run: corepack use pnpm@12.10.1   │
2026-10-08T12:11:14.7262912Z #11 1.338    │                                               │
2026-10-08T12:11:14.7263533Z #11 1.338    ╰───────────────────────────────────────────────╯
2026-10-08T12:11:14.7263878Z #11 1.338 
2026-10-08T12:11:15.5705918Z #11 2.182 Progress: resolved 408, reused 0, downloaded 244, added 238
2026-10-08T12:11:16.5712046Z #11 3.182 Progress: resolved 408, reused 0, downloaded 291, added 258
2026-10-08T12:11:17.5725652Z #11 4.184 Progress: resolved 408, reused 0, downloaded 406, added 406
2026-10-08T12:11:17.9914035Z #11 4.600 Progress: resolved 408, reused 0, downloaded 408, added 408, done
2026-10-08T12:11:18.1511833Z #11 4.763 .../node_modules/@prisma/engines postinstall$ node scripts/postinstall.js
2026-10-08T12:11:18.2559718Z #11 4.786 .../esbuild@0.28.1/node_modules/esbuild postinstall$ node install.js
2026-10-08T12:11:18.2560762Z #11 4.786 .../node_modules/workerd postinstall$ node install.js
2026-10-08T12:11:18.2561490Z #11 4.787 .../esbuild@0.25.12/node_modules/esbuild postinstall$ node install.js
2026-10-08T12:11:18.2562214Z #11 4.788 .../esbuild@0.28.2/node_modules/esbuild postinstall$ node install.js
2026-10-08T12:11:18.2562886Z #11 4.868 .../esbuild@0.28.1/node_modules/esbuild postinstall: Done
2026-10-08T12:11:19.3805237Z #11 5.992 .../node_modules/@prisma/engines postinstall: Done
2026-10-08T12:11:19.5019396Z #11 6.003 .../node_modules/workerd postinstall: Done
2026-10-08T12:11:19.5020154Z #11 6.113 .../esbuild@0.28.2/node_modules/esbuild postinstall: Done
2026-10-08T12:11:19.6813026Z #11 6.143 .../esbuild@0.25.12/node_modules/esbuild postinstall: Done
2026-10-08T12:11:19.9920996Z #11 6.604 .../node_modules/prisma preinstall$ node scripts/preinstall-entry.js
2026-10-08T12:11:20.1931212Z #11 6.654 .../node_modules/prisma preinstall: Done
2026-10-08T12:11:20.3368786Z #11 6.949 
2026-10-08T12:11:20.3369304Z #11 6.949 dependencies:
2026-10-08T12:11:20.3369626Z #11 6.949 + @cloudflare/containers 0.3.7
2026-10-08T12:11:20.3369940Z #11 6.949 + @supabase/server 1.8.0
2026-10-08T12:11:20.3370247Z #11 6.949 + @supabase/supabase-js 2.117.0
2026-10-08T12:11:20.3370857Z #11 6.949 + @tiptap/extension-collaboration 3.31.3
2026-10-08T12:11:20.3371275Z #11 6.949 + @tiptap/extension-collaboration-caret 3.31.3
2026-10-08T12:11:20.3371618Z #11 6.949 + @tiptap/react 3.31.3
2026-10-08T12:11:20.3371895Z #11 6.949 + @tiptap/starter-kit 3.31.3
2026-10-08T12:11:20.3372391Z #11 6.949 + @vitejs/plugin-react 5.2.0
2026-10-08T12:11:20.3372634Z #11 6.949 + cross-env 10.1.0
2026-10-08T12:11:20.3372973Z #11 6.949 + dotenv 17.4.2
2026-10-08T12:11:20.3373278Z #11 6.949 + esbuild 0.25.12
2026-10-08T12:11:20.3373617Z #11 6.949 + esbuild-wasm 0.25.12
2026-10-08T12:11:20.3373899Z #11 6.949 + express 5.2.1
2026-10-08T12:11:20.3374325Z #11 6.949 + lucide-react 0.468.0
2026-10-08T12:11:20.3374537Z #11 6.949 + react 19.2.8
2026-10-08T12:11:20.3374751Z #11 6.949 + react-dom 19.2.8
2026-10-08T12:11:20.3374951Z #11 6.949 + vite 7.3.6
2026-10-08T12:11:20.3375141Z #11 6.949 + ws 8.21.3
2026-10-08T12:11:20.3375337Z #11 6.949 + y-protocols 1.0.7
2026-10-08T12:11:20.3375549Z #11 6.949 + yjs 13.6.32
2026-10-08T12:11:20.3375728Z #11 6.949 
2026-10-08T12:11:20.3375912Z #11 6.949 devDependencies:
2026-10-08T12:11:20.3376264Z #11 6.949 + @prisma/adapter-pg 7.10.0
2026-10-08T12:11:20.3376645Z #11 6.949 + @prisma/client 7.10.0
2026-10-08T12:11:20.3376954Z #11 6.949 + @types/express 5.0.6
2026-10-08T12:11:20.3377268Z #11 6.949 + @types/node 22.20.1
2026-10-08T12:11:20.3377550Z #11 6.949 + @types/pg 8.23.1
2026-10-08T12:11:20.3377836Z #11 6.949 + @types/react 19.2.18
2026-10-08T12:11:20.3378139Z #11 6.949 + @types/react-dom 19.2.7
2026-10-08T12:11:20.3378441Z #11 6.949 + @types/ws 8.18.1
2026-10-08T12:11:20.3378714Z #11 6.949 + pg 8.23.0
2026-10-08T12:11:20.3378985Z #11 6.949 + prisma 7.10.0
2026-10-08T12:11:20.3379276Z #11 6.949 + tsx 4.23.13
2026-10-08T12:11:20.3379754Z #11 6.949 + typescript 5.9.3
2026-10-08T12:11:20.3380070Z #11 6.949 + wrangler 4.131.1
2026-10-08T12:11:20.3380349Z #11 6.949 
2026-10-08T12:11:20.4480159Z #11 7.060 Done in 6.2s using pnpm v10.18.3
2026-10-08T12:11:23.6692957Z #11 DONE 10.3s
2026-10-08T12:11:23.8202925Z 
2026-10-08T12:11:23.8203417Z #12 [ 7/11] COPY . .
2026-10-08T12:11:23.8449849Z #12 DONE 0.2s
2026-10-08T12:11:23.9804129Z 
2026-10-08T12:11:23.9806048Z #13 [ 8/11] RUN apt-get update && apt-get install -y --no-install-recommends gcc libc6-dev && gcc -O2 -Wall -Wextra -Werror server/isolation/linux-job-launcher.c -o /usr/local/bin/cocreate-job-launcher && apt-get purge -y gcc libc6-dev && apt-get autoremove -y && rm -rf /var/lib/apt/lists/*
2026-10-08T12:11:23.9807269Z #13 0.135 Get:1 http://deb.debian.org/debian bookworm InRelease [151 kB]
2026-10-08T12:11:24.1141352Z #13 0.161 Get:2 http://deb.debian.org/debian bookworm-updates InRelease [55.4 kB]
2026-10-08T12:11:24.1142183Z #13 0.171 Get:3 http://deb.debian.org/debian-security bookworm-security InRelease [34.8 kB]
2026-10-08T12:11:24.1143000Z #13 0.203 Get:4 http://deb.debian.org/debian bookworm/main amd64 Packages [8790 kB]
2026-10-08T12:11:24.1143778Z #13 0.268 Get:5 http://deb.debian.org/debian bookworm-updates/main amd64 Packages [6924 B]
2026-10-08T12:11:24.2739487Z #13 0.278 Get:6 http://deb.debian.org/debian-security bookworm-security/main amd64 Packages [349 kB]
2026-10-08T12:11:24.8295583Z #13 0.984 Fetched 9388 kB in 1s (10.8 MB/s)
2026-10-08T12:11:25.1706457Z #13 0.984 Reading package lists...
2026-10-08T12:11:25.5185565Z #13 1.338 Reading package lists...
2026-10-08T12:11:25.6882178Z #13 1.683 Building dependency tree...
2026-10-08T12:11:25.6883069Z #13 1.750 Reading state information...
2026-10-08T12:11:25.6884336Z #13 1.842 The following additional packages will be installed:
2026-10-08T12:11:25.8175746Z #13 1.843   binutils binutils-common binutils-x86-64-linux-gnu cpp cpp-12 gcc-12
2026-10-08T12:11:25.8176405Z #13 1.843   libasan8 libatomic1 libbinutils libc-dev-bin libcc1-0 libcrypt-dev
2026-10-08T12:11:25.8177009Z #13 1.843   libctf-nobfd0 libctf0 libgcc-12-dev libgomp1 libgprofng0 libisl23 libitm1
2026-10-08T12:11:25.8177577Z #13 1.843   libjansson4 liblsan0 libmpc3 libmpfr6 libnsl-dev libnsl2 libquadmath0
2026-10-08T12:11:25.8178068Z #13 1.843   libtirpc-common libtirpc-dev libtirpc3 libtsan2 libubsan1 linux-libc-dev
2026-10-08T12:11:25.8178409Z #13 1.843   rpcsvc-proto
2026-10-08T12:11:25.8178631Z #13 1.844 Suggested packages:
2026-10-08T12:11:25.8178972Z #13 1.844   binutils-doc cpp-doc gcc-12-locales cpp-12-doc gcc-multilib make
2026-10-08T12:11:25.8179631Z #13 1.844   manpages-dev autoconf automake libtool flex bison gdb gcc-doc
2026-10-08T12:11:25.8179988Z #13 1.844   gcc-12-multilib gcc-12-doc glibc-doc
2026-10-08T12:11:25.8180263Z #13 1.844 Recommended packages:
2026-10-08T12:11:25.8180774Z #13 1.844   manpages manpages-dev libc-devtools
2026-10-08T12:11:25.8181095Z #13 1.939 The following NEW packages will be installed:
2026-10-08T12:11:25.8181532Z #13 1.940   binutils binutils-common binutils-x86-64-linux-gnu cpp cpp-12 gcc gcc-12
2026-10-08T12:11:25.8182031Z #13 1.940   libasan8 libatomic1 libbinutils libc-dev-bin libc6-dev libcc1-0 libcrypt-dev
2026-10-08T12:11:25.8182522Z #13 1.940   libctf-nobfd0 libctf0 libgcc-12-dev libgomp1 libgprofng0 libisl23 libitm1
2026-10-08T12:11:25.8182993Z #13 1.940   libjansson4 liblsan0 libmpc3 libmpfr6 libnsl-dev libnsl2 libquadmath0
2026-10-08T12:11:25.8183452Z #13 1.940   libtirpc-common libtirpc-dev libtirpc3 libtsan2 libubsan1 linux-libc-dev
2026-10-08T12:11:25.8183792Z #13 1.940   rpcsvc-proto
2026-10-08T12:11:25.8184104Z #13 1.972 0 upgraded, 35 newly installed, 0 to remove and 1 not upgraded.
2026-10-08T12:11:25.8184432Z #13 1.972 Need to get 50.9 MB of archives.
2026-10-08T12:11:25.8184790Z #13 1.972 After this operation, 202 MB of additional disk space will be used.
2026-10-08T12:11:25.8185315Z #13 1.972 Get:1 http://deb.debian.org/debian bookworm/main amd64 binutils-common amd64 2.40-2 [2487 kB]
2026-10-08T12:11:25.9285983Z #13 2.031 Get:2 http://deb.debian.org/debian bookworm/main amd64 libbinutils amd64 2.40-2 [572 kB]
2026-10-08T12:11:25.9288311Z #13 2.034 Get:3 http://deb.debian.org/debian bookworm/main amd64 libctf-nobfd0 amd64 2.40-2 [153 kB]
2026-10-08T12:11:25.9290261Z #13 2.035 Get:4 http://deb.debian.org/debian bookworm/main amd64 libctf0 amd64 2.40-2 [89.8 kB]
2026-10-08T12:11:25.9292513Z #13 2.035 Get:5 http://deb.debian.org/debian bookworm/main amd64 libgprofng0 amd64 2.40-2 [812 kB]
2026-10-08T12:11:25.9293487Z #13 2.038 Get:6 http://deb.debian.org/debian bookworm/main amd64 libjansson4 amd64 2.14-2 [40.8 kB]
2026-10-08T12:11:25.9294561Z #13 2.038 Get:7 http://deb.debian.org/debian bookworm/main amd64 binutils-x86-64-linux-gnu amd64 2.40-2 [2246 kB]
2026-10-08T12:11:25.9295496Z #13 2.047 Get:8 http://deb.debian.org/debian bookworm/main amd64 binutils amd64 2.40-2 [65.0 kB]
2026-10-08T12:11:25.9296388Z #13 2.048 Get:9 http://deb.debian.org/debian bookworm/main amd64 libisl23 amd64 0.25-1.1 [683 kB]
2026-10-08T12:11:25.9297277Z #13 2.051 Get:10 http://deb.debian.org/debian bookworm/main amd64 libmpfr6 amd64 4.2.0-1 [701 kB]
2026-10-08T12:11:25.9297960Z #13 2.053 Get:11 http://deb.debian.org/debian bookworm/main amd64 libmpc3 amd64 1.3.1-1 [51.5 kB]
2026-10-08T12:11:25.9298643Z #13 2.054 Get:12 http://deb.debian.org/debian bookworm/main amd64 cpp-12 amd64 12.2.0-14+deb12u1 [9768 kB]
2026-10-08T12:11:25.9299226Z #13 2.083 Get:13 http://deb.debian.org/debian bookworm/main amd64 cpp amd64 4:12.2.0-3 [6836 B]
2026-10-08T12:11:26.0463291Z #13 2.083 Get:14 http://deb.debian.org/debian bookworm/main amd64 libcc1-0 amd64 12.2.0-14+deb12u1 [41.7 kB]
2026-10-08T12:11:26.0464585Z #13 2.083 Get:15 http://deb.debian.org/debian bookworm/main amd64 libgomp1 amd64 12.2.0-14+deb12u1 [116 kB]
2026-10-08T12:11:26.0465668Z #13 2.084 Get:16 http://deb.debian.org/debian bookworm/main amd64 libitm1 amd64 12.2.0-14+deb12u1 [26.1 kB]
2026-10-08T12:11:26.0466767Z #13 2.085 Get:17 http://deb.debian.org/debian bookworm/main amd64 libatomic1 amd64 12.2.0-14+deb12u1 [9376 B]
2026-10-08T12:11:26.0467736Z #13 2.085 Get:18 http://deb.debian.org/debian bookworm/main amd64 libasan8 amd64 12.2.0-14+deb12u1 [2193 kB]
2026-10-08T12:11:26.0468630Z #13 2.091 Get:19 http://deb.debian.org/debian bookworm/main amd64 liblsan0 amd64 12.2.0-14+deb12u1 [969 kB]
2026-10-08T12:11:26.0469510Z #13 2.094 Get:20 http://deb.debian.org/debian bookworm/main amd64 libtsan2 amd64 12.2.0-14+deb12u1 [2197 kB]
2026-10-08T12:11:26.0470548Z #13 2.100 Get:21 http://deb.debian.org/debian bookworm/main amd64 libubsan1 amd64 12.2.0-14+deb12u1 [883 kB]
2026-10-08T12:11:26.0471702Z #13 2.103 Get:22 http://deb.debian.org/debian bookworm/main amd64 libquadmath0 amd64 12.2.0-14+deb12u1 [145 kB]
2026-10-08T12:11:26.0472936Z #13 2.104 Get:23 http://deb.debian.org/debian bookworm/main amd64 libgcc-12-dev amd64 12.2.0-14+deb12u1 [2437 kB]
2026-10-08T12:11:26.0474286Z #13 2.111 Get:24 http://deb.debian.org/debian bookworm/main amd64 gcc-12 amd64 12.2.0-14+deb12u1 [19.3 MB]
2026-10-08T12:11:26.0475127Z #13 2.201 Get:25 http://deb.debian.org/debian bookworm/main amd64 gcc amd64 4:12.2.0-3 [5216 B]
2026-10-08T12:11:26.1734383Z #13 2.201 Get:26 http://deb.debian.org/debian bookworm/main amd64 libc-dev-bin amd64 2.36-9+deb12u14 [48.1 kB]
2026-10-08T12:11:26.1735467Z #13 2.202 Get:27 http://deb.debian.org/debian-security bookworm-security/main amd64 linux-libc-dev amd64 6.1.187-1 [2357 kB]
2026-10-08T12:11:26.1736360Z #13 2.204 Get:28 http://deb.debian.org/debian bookworm/main amd64 libcrypt-dev amd64 1:4.4.33-2 [118 kB]
2026-10-08T12:11:26.1737174Z #13 2.205 Get:29 http://deb.debian.org/debian bookworm/main amd64 libtirpc-common all 1.3.3+ds-1 [14.0 kB]
2026-10-08T12:11:26.1738038Z #13 2.206 Get:30 http://deb.debian.org/debian bookworm/main amd64 libtirpc3 amd64 1.3.3+ds-1 [85.2 kB]
2026-10-08T12:11:26.1738737Z #13 2.206 Get:31 http://deb.debian.org/debian bookworm/main amd64 libnsl2 amd64 1.3.0-2 [39.5 kB]
2026-10-08T12:11:26.1739400Z #13 2.206 Get:32 http://deb.debian.org/debian bookworm/main amd64 libtirpc-dev amd64 1.3.3+ds-1 [191 kB]
2026-10-08T12:11:26.1740349Z #13 2.206 Get:33 http://deb.debian.org/debian bookworm/main amd64 libnsl-dev amd64 1.3.0-2 [66.4 kB]
2026-10-08T12:11:26.1741426Z #13 2.209 Get:34 http://deb.debian.org/debian bookworm/main amd64 rpcsvc-proto amd64 1.4.3-1 [63.3 kB]
2026-10-08T12:11:26.1742213Z #13 2.218 Get:35 http://deb.debian.org/debian bookworm/main amd64 libc6-dev amd64 2.36-9+deb12u14 [1904 kB]
2026-10-08T12:11:26.1742850Z #13 2.328 debconf: delaying package configuration, since apt-utils is not installed
2026-10-08T12:11:26.3587791Z #13 2.344 Fetched 50.9 MB in 0s (182 MB/s)
2026-10-08T12:11:26.3588620Z #13 2.353 Selecting previously unselected package binutils-common:amd64.
2026-10-08T12:11:26.3589375Z #13 2.353 (Reading database ... 
2026-10-08T12:11:26.3589961Z (Reading database ... 5%
2026-10-08T12:11:26.3590643Z (Reading database ... 10%
2026-10-08T12:11:26.3591175Z (Reading database ... 15%
2026-10-08T12:11:26.3591642Z (Reading database ... 20%
2026-10-08T12:11:26.3592069Z (Reading database ... 25%
2026-10-08T12:11:26.3592512Z (Reading database ... 30%
2026-10-08T12:11:26.3592927Z (Reading database ... 35%
2026-10-08T12:11:26.3593387Z (Reading database ... 40%
2026-10-08T12:11:26.3593799Z (Reading database ... 45%
2026-10-08T12:11:26.3594189Z (Reading database ... 50%
2026-10-08T12:11:26.3594639Z (Reading database ... 55%
2026-10-08T12:11:26.3595056Z (Reading database ... 60%
2026-10-08T12:11:26.3595449Z (Reading database ... 65%
2026-10-08T12:11:26.3595902Z (Reading database ... 70%
2026-10-08T12:11:26.3596269Z (Reading database ... 75%
2026-10-08T12:11:26.3596701Z (Reading database ... 80%
2026-10-08T12:11:26.3597134Z (Reading database ... 85%
2026-10-08T12:11:26.3597523Z (Reading database ... 90%
2026-10-08T12:11:26.3597887Z (Reading database ... 95%
2026-10-08T12:11:26.3598186Z (Reading database ... 100%
2026-10-08T12:11:26.3598643Z (Reading database ... 16161 files and directories currently installed.)
2026-10-08T12:11:26.3599177Z #13 2.362 Preparing to unpack .../00-binutils-common_2.40-2_amd64.deb ...
2026-10-08T12:11:26.3599789Z #13 2.363 Unpacking binutils-common:amd64 (2.40-2) ...
2026-10-08T12:11:26.3678132Z #13 2.522 Selecting previously unselected package libbinutils:amd64.
2026-10-08T12:11:26.5123228Z #13 2.523 Preparing to unpack .../01-libbinutils_2.40-2_amd64.deb ...
2026-10-08T12:11:26.5124262Z #13 2.525 Unpacking libbinutils:amd64 (2.40-2) ...
2026-10-08T12:11:26.5125185Z #13 2.568 Selecting previously unselected package libctf-nobfd0:amd64.
2026-10-08T12:11:26.5126252Z #13 2.570 Preparing to unpack .../02-libctf-nobfd0_2.40-2_amd64.deb ...
2026-10-08T12:11:26.5127023Z #13 2.570 Unpacking libctf-nobfd0:amd64 (2.40-2) ...
2026-10-08T12:11:26.5127760Z #13 2.590 Selecting previously unselected package libctf0:amd64.
2026-10-08T12:11:26.5128521Z #13 2.591 Preparing to unpack .../03-libctf0_2.40-2_amd64.deb ...
2026-10-08T12:11:26.5129213Z #13 2.591 Unpacking libctf0:amd64 (2.40-2) ...
2026-10-08T12:11:26.5130028Z #13 2.607 Selecting previously unselected package libgprofng0:amd64.
2026-10-08T12:11:26.5131321Z #13 2.608 Preparing to unpack .../04-libgprofng0_2.40-2_amd64.deb ...
2026-10-08T12:11:26.5132160Z #13 2.609 Unpacking libgprofng0:amd64 (2.40-2) ...
2026-10-08T12:11:26.5133014Z #13 2.667 Selecting previously unselected package libjansson4:amd64.
2026-10-08T12:11:26.6779656Z #13 2.668 Preparing to unpack .../05-libjansson4_2.14-2_amd64.deb ...
2026-10-08T12:11:26.6780308Z #13 2.668 Unpacking libjansson4:amd64 (2.14-2) ...
2026-10-08T12:11:26.6781206Z #13 2.680 Selecting previously unselected package binutils-x86-64-linux-gnu.
2026-10-08T12:11:26.6781923Z #13 2.681 Preparing to unpack .../06-binutils-x86-64-linux-gnu_2.40-2_amd64.deb ...
2026-10-08T12:11:26.6782470Z #13 2.682 Unpacking binutils-x86-64-linux-gnu (2.40-2) ...
2026-10-08T12:11:26.6853078Z #13 2.840 Selecting previously unselected package binutils.
2026-10-08T12:11:26.7925587Z #13 2.841 Preparing to unpack .../07-binutils_2.40-2_amd64.deb ...
2026-10-08T12:11:26.7926716Z #13 2.841 Unpacking binutils (2.40-2) ...
2026-10-08T12:11:26.7927388Z #13 2.858 Selecting previously unselected package libisl23:amd64.
2026-10-08T12:11:26.7928064Z #13 2.859 Preparing to unpack .../08-libisl23_0.25-1.1_amd64.deb ...
2026-10-08T12:11:26.7928663Z #13 2.859 Unpacking libisl23:amd64 (0.25-1.1) ...
2026-10-08T12:11:26.7929272Z #13 2.908 Selecting previously unselected package libmpfr6:amd64.
2026-10-08T12:11:26.7929938Z #13 2.909 Preparing to unpack .../09-libmpfr6_4.2.0-1_amd64.deb ...
2026-10-08T12:11:26.7930772Z #13 2.910 Unpacking libmpfr6:amd64 (4.2.0-1) ...
2026-10-08T12:11:26.7931408Z #13 2.947 Selecting previously unselected package libmpc3:amd64.
2026-10-08T12:11:26.9589479Z #13 2.948 Preparing to unpack .../10-libmpc3_1.3.1-1_amd64.deb ...
2026-10-08T12:11:26.9590521Z #13 2.949 Unpacking libmpc3:amd64 (1.3.1-1) ...
2026-10-08T12:11:26.9591397Z #13 2.961 Selecting previously unselected package cpp-12.
2026-10-08T12:11:26.9592255Z #13 2.962 Preparing to unpack .../11-cpp-12_12.2.0-14+deb12u1_amd64.deb ...
2026-10-08T12:11:26.9593013Z #13 2.963 Unpacking cpp-12 (12.2.0-14+deb12u1) ...
2026-10-08T12:11:27.3067566Z #13 3.461 Selecting previously unselected package cpp.
2026-10-08T12:11:27.5279473Z #13 3.462 Preparing to unpack .../12-cpp_4%3a12.2.0-3_amd64.deb ...
2026-10-08T12:11:27.5280071Z #13 3.463 Unpacking cpp (4:12.2.0-3) ...
2026-10-08T12:11:27.5280970Z #13 3.474 Selecting previously unselected package libcc1-0:amd64.
2026-10-08T12:11:27.5281486Z #13 3.475 Preparing to unpack .../13-libcc1-0_12.2.0-14+deb12u1_amd64.deb ...
2026-10-08T12:11:27.5282032Z #13 3.476 Unpacking libcc1-0:amd64 (12.2.0-14+deb12u1) ...
2026-10-08T12:11:27.5282514Z #13 3.488 Selecting previously unselected package libgomp1:amd64.
2026-10-08T12:11:27.5283003Z #13 3.489 Preparing to unpack .../14-libgomp1_12.2.0-14+deb12u1_amd64.deb ...
2026-10-08T12:11:27.5283470Z #13 3.490 Unpacking libgomp1:amd64 (12.2.0-14+deb12u1) ...
2026-10-08T12:11:27.5283890Z #13 3.506 Selecting previously unselected package libitm1:amd64.
2026-10-08T12:11:27.5284414Z #13 3.507 Preparing to unpack .../15-libitm1_12.2.0-14+deb12u1_amd64.deb ...
2026-10-08T12:11:27.5284856Z #13 3.508 Unpacking libitm1:amd64 (12.2.0-14+deb12u1) ...
2026-10-08T12:11:27.5285280Z #13 3.520 Selecting previously unselected package libatomic1:amd64.
2026-10-08T12:11:27.5285784Z #13 3.521 Preparing to unpack .../16-libatomic1_12.2.0-14+deb12u1_amd64.deb ...
2026-10-08T12:11:27.5286269Z #13 3.522 Unpacking libatomic1:amd64 (12.2.0-14+deb12u1) ...
2026-10-08T12:11:27.5287429Z #13 3.532 Selecting previously unselected package libasan8:amd64.
2026-10-08T12:11:27.5288696Z #13 3.533 Preparing to unpack .../17-libasan8_12.2.0-14+deb12u1_amd64.deb ...
2026-10-08T12:11:27.5289300Z #13 3.533 Unpacking libasan8:amd64 (12.2.0-14+deb12u1) ...
2026-10-08T12:11:27.5290016Z #13 3.682 Selecting previously unselected package liblsan0:amd64.
2026-10-08T12:11:27.7392990Z #13 3.683 Preparing to unpack .../18-liblsan0_12.2.0-14+deb12u1_amd64.deb ...
2026-10-08T12:11:27.7393922Z #13 3.684 Unpacking liblsan0:amd64 (12.2.0-14+deb12u1) ...
2026-10-08T12:11:27.7394576Z #13 3.751 Selecting previously unselected package libtsan2:amd64.
2026-10-08T12:11:27.7395197Z #13 3.752 Preparing to unpack .../19-libtsan2_12.2.0-14+deb12u1_amd64.deb ...
2026-10-08T12:11:27.7395801Z #13 3.752 Unpacking libtsan2:amd64 (12.2.0-14+deb12u1) ...
2026-10-08T12:11:27.7396929Z #13 3.894 Selecting previously unselected package libubsan1:amd64.
2026-10-08T12:11:27.9731245Z #13 3.895 Preparing to unpack .../20-libubsan1_12.2.0-14+deb12u1_amd64.deb ...
2026-10-08T12:11:27.9732192Z #13 3.895 Unpacking libubsan1:amd64 (12.2.0-14+deb12u1) ...
2026-10-08T12:11:27.9733084Z #13 3.957 Selecting previously unselected package libquadmath0:amd64.
2026-10-08T12:11:27.9734039Z #13 3.958 Preparing to unpack .../21-libquadmath0_12.2.0-14+deb12u1_amd64.deb ...
2026-10-08T12:11:27.9734864Z #13 3.959 Unpacking libquadmath0:amd64 (12.2.0-14+deb12u1) ...
2026-10-08T12:11:27.9735576Z #13 3.976 Selecting previously unselected package libgcc-12-dev:amd64.
2026-10-08T12:11:27.9736637Z #13 3.977 Preparing to unpack .../22-libgcc-12-dev_12.2.0-14+deb12u1_amd64.deb ...
2026-10-08T12:11:27.9737345Z #13 3.978 Unpacking libgcc-12-dev:amd64 (12.2.0-14+deb12u1) ...
2026-10-08T12:11:27.9737992Z #13 4.127 Selecting previously unselected package gcc-12.
2026-10-08T12:11:28.1254264Z #13 4.129 Preparing to unpack .../23-gcc-12_12.2.0-14+deb12u1_amd64.deb ...
2026-10-08T12:11:28.1255387Z #13 4.129 Unpacking gcc-12 (12.2.0-14+deb12u1) ...
2026-10-08T12:11:28.6044879Z #13 4.759 Selecting previously unselected package gcc.
2026-10-08T12:11:28.7393247Z #13 4.760 Preparing to unpack .../24-gcc_4%3a12.2.0-3_amd64.deb ...
2026-10-08T12:11:28.7393777Z #13 4.761 Unpacking gcc (4:12.2.0-3) ...
2026-10-08T12:11:28.7394205Z #13 4.772 Selecting previously unselected package libc-dev-bin.
2026-10-08T12:11:28.7394758Z #13 4.773 Preparing to unpack .../25-libc-dev-bin_2.36-9+deb12u14_amd64.deb ...
2026-10-08T12:11:28.7395235Z #13 4.774 Unpacking libc-dev-bin (2.36-9+deb12u14) ...
2026-10-08T12:11:28.7395698Z #13 4.786 Selecting previously unselected package linux-libc-dev:amd64.
2026-10-08T12:11:28.7396185Z #13 4.788 Preparing to unpack .../26-linux-libc-dev_6.1.187-1_amd64.deb ...
2026-10-08T12:11:28.7396643Z #13 4.788 Unpacking linux-libc-dev:amd64 (6.1.187-1) ...
2026-10-08T12:11:28.7397100Z #13 4.894 Selecting previously unselected package libcrypt-dev:amd64.
2026-10-08T12:11:28.8411013Z #13 4.895 Preparing to unpack .../27-libcrypt-dev_1%3a4.4.33-2_amd64.deb ...
2026-10-08T12:11:28.8411922Z #13 4.899 Unpacking libcrypt-dev:amd64 (1:4.4.33-2) ...
2026-10-08T12:11:28.8412526Z #13 4.916 Selecting previously unselected package libtirpc-common.
2026-10-08T12:11:28.8412995Z #13 4.917 Preparing to unpack .../28-libtirpc-common_1.3.3+ds-1_all.deb ...
2026-10-08T12:11:28.8413450Z #13 4.918 Unpacking libtirpc-common (1.3.3+ds-1) ...
2026-10-08T12:11:28.8413856Z #13 4.929 Selecting previously unselected package libtirpc3:amd64.
2026-10-08T12:11:28.8414342Z #13 4.930 Preparing to unpack .../29-libtirpc3_1.3.3+ds-1_amd64.deb ...
2026-10-08T12:11:28.8414833Z #13 4.930 Unpacking libtirpc3:amd64 (1.3.3+ds-1) ...
2026-10-08T12:11:28.8415237Z #13 4.945 Selecting previously unselected package libnsl2:amd64.
2026-10-08T12:11:28.8415719Z #13 4.946 Preparing to unpack .../30-libnsl2_1.3.0-2_amd64.deb ...
2026-10-08T12:11:28.8416125Z #13 4.947 Unpacking libnsl2:amd64 (1.3.0-2) ...
2026-10-08T12:11:28.8416557Z #13 4.958 Selecting previously unselected package libtirpc-dev:amd64.
2026-10-08T12:11:28.8417095Z #13 4.959 Preparing to unpack .../31-libtirpc-dev_1.3.3+ds-1_amd64.deb ...
2026-10-08T12:11:28.8417698Z #13 4.960 Unpacking libtirpc-dev:amd64 (1.3.3+ds-1) ...
2026-10-08T12:11:28.8418367Z #13 4.981 Selecting previously unselected package libnsl-dev:amd64.
2026-10-08T12:11:28.8419023Z #13 4.982 Preparing to unpack .../32-libnsl-dev_1.3.0-2_amd64.deb ...
2026-10-08T12:11:28.8419671Z #13 4.982 Unpacking libnsl-dev:amd64 (1.3.0-2) ...
2026-10-08T12:11:28.8420276Z #13 4.995 Selecting previously unselected package rpcsvc-proto.
2026-10-08T12:11:29.0096072Z #13 4.996 Preparing to unpack .../33-rpcsvc-proto_1.4.3-1_amd64.deb ...
2026-10-08T12:11:29.0096852Z #13 4.997 Unpacking rpcsvc-proto (1.4.3-1) ...
2026-10-08T12:11:29.0097414Z #13 5.012 Selecting previously unselected package libc6-dev:amd64.
2026-10-08T12:11:29.0097982Z #13 5.013 Preparing to unpack .../34-libc6-dev_2.36-9+deb12u14_amd64.deb ...
2026-10-08T12:11:29.0098435Z #13 5.013 Unpacking libc6-dev:amd64 (2.36-9+deb12u14) ...
2026-10-08T12:11:29.0116032Z #13 5.166 Setting up libtirpc-common (1.3.3+ds-1) ...
2026-10-08T12:11:29.2026523Z #13 5.168 Setting up binutils-common:amd64 (2.40-2) ...
2026-10-08T12:11:29.2027480Z #13 5.171 Setting up linux-libc-dev:amd64 (6.1.187-1) ...
2026-10-08T12:11:29.2028223Z #13 5.172 Setting up libctf-nobfd0:amd64 (2.40-2) ...
2026-10-08T12:11:29.2029492Z #13 5.174 Setting up libgomp1:amd64 (12.2.0-14+deb12u1) ...
2026-10-08T12:11:29.2030270Z #13 5.176 Setting up libjansson4:amd64 (2.14-2) ...
2026-10-08T12:11:29.2031292Z #13 5.178 Setting up rpcsvc-proto (1.4.3-1) ...
2026-10-08T12:11:29.2031863Z #13 5.179 Setting up libmpfr6:amd64 (4.2.0-1) ...
2026-10-08T12:11:29.2032335Z #13 5.181 Setting up libquadmath0:amd64 (12.2.0-14+deb12u1) ...
2026-10-08T12:11:29.2032796Z #13 5.183 Setting up libmpc3:amd64 (1.3.1-1) ...
2026-10-08T12:11:29.2033220Z #13 5.185 Setting up libatomic1:amd64 (12.2.0-14+deb12u1) ...
2026-10-08T12:11:29.2033918Z #13 5.186 Setting up libubsan1:amd64 (12.2.0-14+deb12u1) ...
2026-10-08T12:11:29.2034407Z #13 5.188 Setting up libcrypt-dev:amd64 (1:4.4.33-2) ...
2026-10-08T12:11:29.2034934Z #13 5.192 Setting up libasan8:amd64 (12.2.0-14+deb12u1) ...
2026-10-08T12:11:29.2035487Z #13 5.194 Setting up libtsan2:amd64 (12.2.0-14+deb12u1) ...
2026-10-08T12:11:29.2035921Z #13 5.196 Setting up libbinutils:amd64 (2.40-2) ...
2026-10-08T12:11:29.2036324Z #13 5.198 Setting up libisl23:amd64 (0.25-1.1) ...
2026-10-08T12:11:29.2036741Z #13 5.199 Setting up libc-dev-bin (2.36-9+deb12u14) ...
2026-10-08T12:11:29.2037133Z #13 5.201 Setting up libcc1-0:amd64 (12.2.0-14+deb12u1) ...
2026-10-08T12:11:29.2037651Z #13 5.203 Setting up liblsan0:amd64 (12.2.0-14+deb12u1) ...
2026-10-08T12:11:29.2038064Z #13 5.205 Setting up libitm1:amd64 (12.2.0-14+deb12u1) ...
2026-10-08T12:11:29.2038436Z #13 5.206 Setting up libctf0:amd64 (2.40-2) ...
2026-10-08T12:11:29.2038843Z #13 5.208 Setting up libtirpc3:amd64 (1.3.3+ds-1) ...
2026-10-08T12:11:29.2039224Z #13 5.210 Setting up cpp-12 (12.2.0-14+deb12u1) ...
2026-10-08T12:11:29.2039640Z #13 5.212 Setting up libgprofng0:amd64 (2.40-2) ...
2026-10-08T12:11:29.2040027Z #13 5.213 Setting up libtirpc-dev:amd64 (1.3.3+ds-1) ...
2026-10-08T12:11:29.2040601Z #13 5.215 Setting up libgcc-12-dev:amd64 (12.2.0-14+deb12u1) ...
2026-10-08T12:11:29.2041230Z #13 5.217 Setting up cpp (4:12.2.0-3) ...
2026-10-08T12:11:29.2041717Z #13 5.222 Setting up libnsl2:amd64 (1.3.0-2) ...
2026-10-08T12:11:29.2042157Z #13 5.224 Setting up binutils-x86-64-linux-gnu (2.40-2) ...
2026-10-08T12:11:29.2042538Z #13 5.226 Setting up binutils (2.40-2) ...
2026-10-08T12:11:29.2042884Z #13 5.227 Setting up gcc-12 (12.2.0-14+deb12u1) ...
2026-10-08T12:11:29.2043273Z #13 5.229 Setting up libnsl-dev:amd64 (1.3.0-2) ...
2026-10-08T12:11:29.2043672Z #13 5.232 Setting up libc6-dev:amd64 (2.36-9+deb12u14) ...
2026-10-08T12:11:29.2044036Z #13 5.357 Setting up gcc (4:12.2.0-3) ...
2026-10-08T12:11:29.3036585Z #13 5.382 Processing triggers for libc-bin (2.36-9+deb12u14) ...
2026-10-08T12:11:29.6448542Z #13 5.458 Reading package lists...
2026-10-08T12:11:29.8171797Z #13 5.809 Building dependency tree...
2026-10-08T12:11:29.8173158Z #13 5.876 Reading state information...
2026-10-08T12:11:29.8174250Z #13 5.971 The following packages were automatically installed and are no longer required:
2026-10-08T12:11:29.8175218Z #13 5.971   binutils binutils-common binutils-x86-64-linux-gnu cpp cpp-12 gcc-12
2026-10-08T12:11:29.8176268Z #13 5.971   libasan8 libatomic1 libbinutils libc-dev-bin libcc1-0 libcrypt-dev
2026-10-08T12:11:29.8177567Z #13 5.971   libctf-nobfd0 libctf0 libgcc-12-dev libgomp1 libgprofng0 libisl23 libitm1
2026-10-08T12:11:29.9312124Z #13 5.972   libjansson4 liblsan0 libmpc3 libmpfr6 libnsl-dev libnsl2 libquadmath0
2026-10-08T12:11:29.9313163Z #13 5.972   libtirpc-common libtirpc-dev libtirpc3 libtsan2 libubsan1 linux-libc-dev
2026-10-08T12:11:29.9314210Z #13 5.972   rpcsvc-proto
2026-10-08T12:11:29.9314772Z #13 5.972 Use 'apt autoremove' to remove them.
2026-10-08T12:11:29.9315204Z #13 5.980 The following packages will be REMOVED:
2026-10-08T12:11:29.9315590Z #13 5.981   gcc* libc6-dev*
2026-10-08T12:11:29.9316018Z #13 6.085 0 upgraded, 0 newly installed, 2 to remove and 1 not upgraded.
2026-10-08T12:11:29.9316501Z #13 6.085 After this operation, 12.3 MB disk space will be freed.
2026-10-08T12:11:30.1511688Z #13 6.090 (Reading database ... 
2026-10-08T12:11:30.1512175Z (Reading database ... 5%
2026-10-08T12:11:30.1512468Z (Reading database ... 10%
2026-10-08T12:11:30.1512782Z (Reading database ... 15%
2026-10-08T12:11:30.1513054Z (Reading database ... 20%
2026-10-08T12:11:30.1513578Z (Reading database ... 25%
2026-10-08T12:11:30.1513868Z (Reading database ... 30%
2026-10-08T12:11:30.1514147Z (Reading database ... 35%
2026-10-08T12:11:30.1514434Z (Reading database ... 40%
2026-10-08T12:11:30.1514699Z (Reading database ... 45%
2026-10-08T12:11:30.1514971Z (Reading database ... 50%
2026-10-08T12:11:30.1515261Z (Reading database ... 55%
2026-10-08T12:11:30.1515565Z (Reading database ... 60%
2026-10-08T12:11:30.1515853Z (Reading database ... 65%
2026-10-08T12:11:30.1516130Z (Reading database ... 70%
2026-10-08T12:11:30.1516408Z (Reading database ... 75%
2026-10-08T12:11:30.1516711Z (Reading database ... 80%
2026-10-08T12:11:30.1517019Z (Reading database ... 85%
2026-10-08T12:11:30.1517304Z (Reading database ... 90%
2026-10-08T12:11:30.1517579Z (Reading database ... 95%
2026-10-08T12:11:30.1517843Z (Reading database ... 100%
2026-10-08T12:11:30.1518278Z (Reading database ... 18572 files and directories currently installed.)
2026-10-08T12:11:30.1518692Z #13 6.099 Removing gcc (4:12.2.0-3) ...
2026-10-08T12:11:30.1519108Z #13 6.111 Removing libc6-dev:amd64 (2.36-9+deb12u14) ...
2026-10-08T12:11:30.3337148Z #13 6.154 Reading package lists...
2026-10-08T12:11:30.5056376Z #13 6.498 Building dependency tree...
2026-10-08T12:11:30.5057789Z #13 6.564 Reading state information...
2026-10-08T12:11:30.5058835Z #13 6.660 The following packages will be REMOVED:
2026-10-08T12:11:30.6104634Z #13 6.660   binutils binutils-common binutils-x86-64-linux-gnu cpp cpp-12 gcc-12
2026-10-08T12:11:30.6105733Z #13 6.661   libasan8 libatomic1 libbinutils libc-dev-bin libcc1-0 libcrypt-dev
2026-10-08T12:11:30.6106578Z #13 6.661   libctf-nobfd0 libctf0 libgcc-12-dev libgomp1 libgprofng0 libisl23 libitm1
2026-10-08T12:11:30.6107472Z #13 6.661   libjansson4 liblsan0 libmpc3 libmpfr6 libnsl-dev libnsl2 libquadmath0
2026-10-08T12:11:30.6108311Z #13 6.661   libtirpc-common libtirpc-dev libtirpc3 libtsan2 libubsan1 linux-libc-dev
2026-10-08T12:11:30.6109010Z #13 6.661   rpcsvc-proto
2026-10-08T12:11:30.6109778Z #13 6.765 0 upgraded, 0 newly installed, 33 to remove and 1 not upgraded.
2026-10-08T12:11:30.6110669Z #13 6.765 After this operation, 190 MB disk space will be freed.
2026-10-08T12:11:30.7105553Z #13 6.770 (Reading database ... 
2026-10-08T12:11:30.7106175Z (Reading database ... 5%
2026-10-08T12:11:30.7106551Z (Reading database ... 10%
2026-10-08T12:11:30.7107044Z (Reading database ... 15%
2026-10-08T12:11:30.7107677Z (Reading database ... 20%
2026-10-08T12:11:30.7108010Z (Reading database ... 25%
2026-10-08T12:11:30.7108391Z (Reading database ... 30%
2026-10-08T12:11:30.7109084Z (Reading database ... 35%
2026-10-08T12:11:30.7109434Z (Reading database ... 40%
2026-10-08T12:11:30.7109796Z (Reading database ... 45%
2026-10-08T12:11:30.7110143Z (Reading database ... 50%
2026-10-08T12:11:30.7110791Z (Reading database ... 55%
2026-10-08T12:11:30.7111146Z (Reading database ... 60%
2026-10-08T12:11:30.7111549Z (Reading database ... 65%
2026-10-08T12:11:30.7112009Z (Reading database ... 70%
2026-10-08T12:11:30.7112368Z (Reading database ... 75%
2026-10-08T12:11:30.7112733Z (Reading database ... 80%
2026-10-08T12:11:30.7113000Z (Reading database ... 85%
2026-10-08T12:11:30.7113273Z (Reading database ... 90%
2026-10-08T12:11:30.7113559Z (Reading database ... 95%
2026-10-08T12:11:30.7113906Z (Reading database ... 100%
2026-10-08T12:11:30.7114375Z (Reading database ... 18002 files and directories currently installed.)
2026-10-08T12:11:30.7114822Z #13 6.779 Removing gcc-12 (12.2.0-14+deb12u1) ...
2026-10-08T12:11:30.7115187Z #13 6.795 Removing binutils (2.40-2) ...
2026-10-08T12:11:30.7115624Z #13 6.802 Removing binutils-x86-64-linux-gnu (2.40-2) ...
2026-10-08T12:11:30.7116026Z #13 6.813 Removing libgprofng0:amd64 (2.40-2) ...
2026-10-08T12:11:30.7116441Z #13 6.822 Removing libctf0:amd64 (2.40-2) ...
2026-10-08T12:11:30.7116792Z #13 6.829 Removing libbinutils:amd64 (2.40-2) ...
2026-10-08T12:11:30.7117179Z #13 6.838 Removing binutils-common:amd64 (2.40-2) ...
2026-10-08T12:11:30.7117544Z #13 6.844 Removing cpp (4:12.2.0-3) ...
2026-10-08T12:11:30.7117999Z #13 6.853 Removing cpp-12 (12.2.0-14+deb12u1) ...
2026-10-08T12:11:30.7118418Z #13 6.865 Removing libgcc-12-dev:amd64 (12.2.0-14+deb12u1) ...
2026-10-08T12:11:30.8140346Z #13 6.877 Removing libasan8:amd64 (12.2.0-14+deb12u1) ...
2026-10-08T12:11:30.8141299Z #13 6.885 Removing libatomic1:amd64 (12.2.0-14+deb12u1) ...
2026-10-08T12:11:30.8141815Z #13 6.891 Removing libc-dev-bin (2.36-9+deb12u14) ...
2026-10-08T12:11:30.8142316Z #13 6.898 Removing libcc1-0:amd64 (12.2.0-14+deb12u1) ...
2026-10-08T12:11:30.8142879Z #13 6.906 Removing libcrypt-dev:amd64 (1:4.4.33-2) ...
2026-10-08T12:11:30.8143439Z #13 6.919 Removing libctf-nobfd0:amd64 (2.40-2) ...
2026-10-08T12:11:30.8144018Z #13 6.933 Removing libgomp1:amd64 (12.2.0-14+deb12u1) ...
2026-10-08T12:11:30.8144539Z #13 6.939 Removing libisl23:amd64 (0.25-1.1) ...
2026-10-08T12:11:30.8144948Z #13 6.947 Removing libitm1:amd64 (12.2.0-14+deb12u1) ...
2026-10-08T12:11:30.8145342Z #13 6.954 Removing libjansson4:amd64 (2.14-2) ...
2026-10-08T12:11:30.8145783Z #13 6.961 Removing liblsan0:amd64 (12.2.0-14+deb12u1) ...
2026-10-08T12:11:30.8146380Z #13 6.968 Removing libmpc3:amd64 (1.3.1-1) ...
2026-10-08T12:11:30.9583602Z #13 6.975 Removing libmpfr6:amd64 (4.2.0-1) ...
2026-10-08T12:11:30.9584202Z #13 6.983 Removing libnsl-dev:amd64 (1.3.0-2) ...
2026-10-08T12:11:30.9584936Z #13 6.989 Removing libnsl2:amd64 (1.3.0-2) ...
2026-10-08T12:11:30.9585504Z #13 6.996 Removing libquadmath0:amd64 (12.2.0-14+deb12u1) ...
2026-10-08T12:11:30.9586056Z #13 7.004 Removing libtirpc-dev:amd64 (1.3.3+ds-1) ...
2026-10-08T12:11:30.9586573Z #13 7.011 Removing libtirpc3:amd64 (1.3.3+ds-1) ...
2026-10-08T12:11:30.9587023Z #13 7.019 Removing libtirpc-common (1.3.3+ds-1) ...
2026-10-08T12:11:30.9587732Z #13 7.024 Removing libtsan2:amd64 (12.2.0-14+deb12u1) ...
2026-10-08T12:11:30.9588169Z #13 7.032 Removing libubsan1:amd64 (12.2.0-14+deb12u1) ...
2026-10-08T12:11:30.9588585Z #13 7.039 Removing linux-libc-dev:amd64 (6.1.187-1) ...
2026-10-08T12:11:30.9588965Z #13 7.066 Removing rpcsvc-proto (1.4.3-1) ...
2026-10-08T12:11:30.9589353Z #13 7.113 Processing triggers for libc-bin (2.36-9+deb12u14) ...
2026-10-08T12:11:31.1514754Z #13 DONE 7.2s
2026-10-08T12:11:31.1515145Z 
2026-10-08T12:11:31.1515440Z #14 [ 9/11] RUN pnpm build
2026-10-08T12:11:31.3341807Z #14 0.333 
2026-10-08T12:11:31.3342588Z #14 0.333 > cocreate@1.0.0 build /app
2026-10-08T12:11:31.3343306Z #14 0.333 > tsc --noEmit && vite build --configLoader runner
2026-10-08T12:11:31.3343775Z #14 0.333 
2026-10-08T12:11:36.9490765Z #14 5.948 vite v7.3.6 building client environment for production...
2026-10-08T12:11:37.1555004Z #14 6.004 transforming...
2026-10-08T12:11:39.5114373Z #14 8.510 ✓ 1749 modules transformed.
2026-10-08T12:11:39.6896596Z #14 8.689 rendering chunks...
2026-10-08T12:11:39.8904419Z #14 8.889 computing gzip size...
2026-10-08T12:11:40.1100093Z #14 8.909 dist/index.html                             0.44 kB │ gzip:   0.30 kB
2026-10-08T12:11:40.1101139Z #14 8.909 dist/assets/App-BqUO_rW7.css                2.56 kB │ gzip:   0.85 kB
2026-10-08T12:11:40.1102527Z #14 8.909 dist/assets/LandingPage-CNj4pefA.css       13.13 kB │ gzip:   2.95 kB
2026-10-08T12:11:40.1103314Z #14 8.909 dist/assets/index-cyLHvudv.css             75.38 kB │ gzip:  14.48 kB
2026-10-08T12:11:40.1104144Z #14 8.909 dist/assets/users-BIdyuxqP.js               0.69 kB │ gzip:   0.39 kB
2026-10-08T12:11:40.1104798Z #14 8.909 dist/assets/createLucideIcon-DcEYS1mU.js    0.89 kB │ gzip:   0.55 kB
2026-10-08T12:11:40.1105531Z #14 8.909 dist/assets/x-DO2zMSIY.js                   1.70 kB │ gzip:   0.78 kB
2026-10-08T12:11:40.1106258Z #14 8.909 dist/assets/LandingPage-DCr6qHiF.js        15.33 kB │ gzip:   4.92 kB
2026-10-08T12:11:40.1106968Z #14 8.909 dist/assets/ProjectApp-DXmAqhy1.js         29.68 kB │ gzip:   9.01 kB
2026-10-08T12:11:40.1107691Z #14 8.909 dist/assets/index-BPNFqXSv.js             421.95 kB │ gzip: 121.32 kB
2026-10-08T12:11:40.1108401Z #14 8.909 dist/assets/App-DhzRZNRs.js               583.75 kB │ gzip: 185.76 kB
2026-10-08T12:11:40.1109141Z #14 8.910 
2026-10-08T12:11:40.1109678Z #14 8.910 (!) Some chunks are larger than 500 kB after minification. Consider:
2026-10-08T12:11:40.1110244Z #14 8.910 - Using dynamic import() to code-split the application
2026-10-08T12:11:40.1111710Z #14 8.910 - Use build.rollupOptions.output.manualChunks to improve chunking: https://rollupjs.org/configuration-options/#output-manualchunks
2026-10-08T12:11:40.1112472Z #14 8.910 - Adjust chunk size limit for this warning via build.chunkSizeWarningLimit.
2026-10-08T12:11:40.1113011Z #14 8.910 ✓ built in 2.94s
2026-10-08T12:11:40.1113301Z #14 DONE 9.0s
2026-10-08T12:11:40.1113461Z 
2026-10-08T12:11:40.1113666Z #15 [10/11] RUN node scripts/release-fingerprint.mjs --write-image
2026-10-08T12:11:40.1114149Z #15 0.128 file:///app/scripts/release-fingerprint.mjs:33
2026-10-08T12:11:40.1114709Z #15 0.128   throw new Error('Release source fingerprint is stale; prepare it before publishing.');
2026-10-08T12:11:40.1115181Z #15 0.128         ^
2026-10-08T12:11:40.1115438Z #15 0.128 
2026-10-08T12:11:40.1115888Z #15 0.128 Error: Release source fingerprint is stale; prepare it before publishing.
2026-10-08T12:11:40.1116529Z #15 0.128     at file:///app/scripts/release-fingerprint.mjs:33:9
2026-10-08T12:11:40.1117440Z #15 0.128     at ModuleJob.run (node:internal/modules/esm/module_job:343:25)
2026-10-08T12:11:40.1118707Z #15 0.128     at async onImport.tracePromise.__proto__ (node:internal/modules/esm/loader:681:26)
2026-10-08T12:11:40.1119642Z #15 0.128     at async asyncRunEntryPointWithESMLoader (node:internal/modules/run_main:117:5)
2026-10-08T12:11:40.1120254Z #15 0.128 
2026-10-08T12:11:40.1120822Z #15 0.128 Node.js v22.23.3
2026-10-08T12:11:40.1445385Z #15 ERROR: process "/bin/sh -c node scripts/release-fingerprint.mjs --write-image" did not complete successfully: exit code: 1
2026-10-08T12:11:40.1450041Z ------
2026-10-08T12:11:40.1450891Z  > [10/11] RUN node scripts/release-fingerprint.mjs --write-image:
2026-10-08T12:11:40.1451969Z 0.128   throw new Error('Release source fingerprint is stale; prepare it before publishing.');
2026-10-08T12:11:40.1452815Z 0.128         ^
2026-10-08T12:11:40.1454148Z 0.128 
2026-10-08T12:11:40.1454955Z 0.128 Error: Release source fingerprint is stale; prepare it before publishing.
2026-10-08T12:11:40.1455782Z 0.128     at file:///app/scripts/release-fingerprint.mjs:33:9
2026-10-08T12:11:40.1456480Z 0.128     at ModuleJob.run (node:internal/modules/esm/module_job:343:25)
2026-10-08T12:11:40.1457035Z 0.128     at async onImport.tracePromise.__proto__ (node:internal/modules/esm/loader:681:26)
2026-10-08T12:11:40.1457799Z 0.128     at async asyncRunEntryPointWithESMLoader (node:internal/modules/run_main:117:5)
2026-10-08T12:11:40.1458236Z 0.128 
2026-10-08T12:11:40.1458474Z 0.128 Node.js v22.23.3
2026-10-08T12:11:40.1458727Z ------
2026-10-08T12:11:40.1458968Z 
2026-10-08T12:11:40.1459396Z  [33m4 warnings found (use docker --debug to expand):
2026-10-08T12:11:40.1460536Z [0m - SecretsUsedInArgOrEnv: Do not use ARG or ENV instructions for sensitive data (ARG "VITE_COCREATE_AUTH_MODE") (line 12)
2026-10-08T12:11:40.1461719Z  - SecretsUsedInArgOrEnv: Do not use ARG or ENV instructions for sensitive data (ARG "VITE_SUPABASE_PUBLISHABLE_KEY") (line 15)
2026-10-08T12:11:40.1462809Z  - SecretsUsedInArgOrEnv: Do not use ARG or ENV instructions for sensitive data (ENV "VITE_COCREATE_AUTH_MODE") (line 16)
2026-10-08T12:11:40.1464231Z  - SecretsUsedInArgOrEnv: Do not use ARG or ENV instructions for sensitive data (ENV "VITE_SUPABASE_PUBLISHABLE_KEY") (line 19)
2026-10-08T12:11:40.1464970Z Dockerfile:21
2026-10-08T12:11:40.1465389Z --------------------
2026-10-08T12:11:40.1465924Z   19 |     ENV VITE_SUPABASE_PUBLISHABLE_KEY=$VITE_SUPABASE_PUBLISHABLE_KEY
2026-10-08T12:11:40.1466478Z   20 |     RUN pnpm build
2026-10-08T12:11:40.1467053Z   21 | >>> RUN node scripts/release-fingerprint.mjs --write-image
2026-10-08T12:11:40.1468200Z   22 |     RUN pnpm exec tsx scripts/prepare-isolation.ts --files-only && mkdir -p /app/data /app/generated && chown -R node:node /app/.runtime /app/data /app/generated
2026-10-08T12:11:40.1469248Z   23 |     USER root
2026-10-08T12:11:40.1469666Z --------------------
2026-10-08T12:11:40.1470924Z ERROR: failed to build: failed to solve: process "/bin/sh -c node scripts/release-fingerprint.mjs --write-image" did not complete successfully: exit code: 1
2026-10-08T12:11:40.1543110Z ##[error]Process completed with exit code 1.
2026-10-08T12:11:40.1687251Z Post job cleanup.
2026-10-08T12:11:40.2870657Z Pruning is unnecessary.
2026-10-08T12:11:40.3020293Z Post job cleanup.
2026-10-08T12:11:40.3794317Z [command]/usr/bin/git version
2026-10-08T12:11:40.3827057Z git version 2.55.0
2026-10-08T12:11:40.3855202Z Temporarily overriding HOME='/home/runner/work/_temp/a8c65931-648e-4ea0-aabd-979b095d5669' before making global git config changes
2026-10-08T12:11:40.3856633Z Adding repository directory to the temporary git global config as a safe directory
2026-10-08T12:11:40.3858636Z [command]/usr/bin/git config --global --add safe.directory /home/runner/work/Cocreate/Cocreate
2026-10-08T12:11:40.3888761Z [command]/usr/bin/git config --local --name-only --get-regexp core\.sshCommand
2026-10-08T12:11:40.3914464Z [command]/usr/bin/git submodule foreach --recursive sh -c "git config --local --name-only --get-regexp 'core\.sshCommand' && git config --local --unset-all 'core.sshCommand' || :"
2026-10-08T12:11:40.4095290Z [command]/usr/bin/git config --local --name-only --get-regexp http\.https\:\/\/github\.com\/\.extraheader
2026-10-08T12:11:40.4109690Z http.https://github.com/.extraheader
2026-10-08T12:11:40.4123790Z [command]/usr/bin/git config --local --unset-all http.https://github.com/.extraheader
2026-10-08T12:11:40.4147162Z [command]/usr/bin/git submodule foreach --recursive sh -c "git config --local --name-only --get-regexp 'http\.https\:\/\/github\.com\/\.extraheader' && git config --local --unset-all 'http.https://github.com/.extraheader' || :"
2026-10-08T12:11:40.4331056Z [command]/usr/bin/git config --local --name-only --get-regexp ^includeIf\.gitdir:
2026-10-08T12:11:40.4357029Z [command]/usr/bin/git submodule foreach --recursive git config --local --show-origin --name-only --get-regexp remote.origin.url
2026-10-08T12:11:40.4649260Z Cleaning up orphan processes
2026-10-08T12:11:40.4961072Z ##[warning]Node.js 20 is deprecated. The following actions target Node.js 20 but are being forced to run on Node.js 24: actions/checkout@11d5960a326750d5838078e36cf38b85af677262, actions/setup-node@49933ea5288caeca8642d1e84afbd3f7d6820020, pnpm/action-setup@f40ffcd9367d9f12939873eb1018b921a783ffaa. For more information see: https://github.blog/changelog/2025-09-19-deprecation-of-node-20-on-github-actions-runners/
