2026-10-08T15:02:03.8264425Z Current runner version: '2.337.0'
2026-10-08T15:02:03.8291947Z ##[group]Runner Image Provisioner
2026-10-08T15:02:03.8292947Z Hosted Compute Agent
2026-10-08T15:02:03.8293614Z Version: 20261002.596
2026-10-08T15:02:03.8294275Z Commit: c3d12f3313a95f25162a1503be624f3b0617f8c0
2026-10-08T15:02:03.8295243Z Build Date: 2026-10-02T22:28:27Z
2026-10-08T15:02:03.8295970Z Worker ID: {c59177ff-0f50-4809-8c4f-14590d23668f}
2026-10-08T15:02:03.8297109Z Region: eastus2
2026-10-08T15:02:03.8297758Z Cloud: Azure
2026-10-08T15:02:03.8298329Z ##[endgroup]
2026-10-08T15:02:03.8299927Z ##[group]Operating System
2026-10-08T15:02:03.8300607Z Ubuntu
2026-10-08T15:02:03.8301263Z 22.04.5
2026-10-08T15:02:03.8301874Z LTS
2026-10-08T15:02:03.8302441Z ##[endgroup]
2026-10-08T15:02:03.8303535Z ##[group]Runner Image
2026-10-08T15:02:03.8304277Z Image: ubuntu-22.04
2026-10-08T15:02:03.8304955Z Version: 20261004.315.1
2026-10-08T15:02:03.8306659Z Included Software: https://github.com/actions/runner-images/blob/ubuntu22/20261004.315/images/ubuntu/Ubuntu2204-Readme.md
2026-10-08T15:02:03.8308457Z Image Release: https://github.com/actions/runner-images/releases/tag/ubuntu22%2F20261004.315
2026-10-08T15:02:03.8309504Z ##[endgroup]
2026-10-08T15:02:03.8310732Z ##[group]GITHUB_TOKEN Permissions
2026-10-08T15:02:03.8313045Z Contents: read
2026-10-08T15:02:03.8313788Z Metadata: read
2026-10-08T15:02:03.8314462Z ##[endgroup]
2026-10-08T15:02:03.8316824Z Secret source: Actions
2026-10-08T15:02:03.8318134Z Cache mode: write
2026-10-08T15:02:03.8319104Z Prepare workflow directory
2026-10-08T15:02:03.8667043Z Prepare all required actions
2026-10-08T15:02:03.8715221Z Getting action download info
2026-10-08T15:02:04.1018037Z Download action repository 'actions/checkout@11d5960a326750d5838078e36cf38b85af677262' (SHA:11d5960a326750d5838078e36cf38b85af677262)
2026-10-08T15:02:04.2065727Z Download action repository 'pnpm/action-setup@f40ffcd9367d9f12939873eb1018b921a783ffaa' (SHA:f40ffcd9367d9f12939873eb1018b921a783ffaa)
2026-10-08T15:02:04.4328164Z Download action repository 'actions/setup-node@49933ea5288caeca8642d1e84afbd3f7d6820020' (SHA:49933ea5288caeca8642d1e84afbd3f7d6820020)
2026-10-08T15:02:04.6859801Z Complete job name: verify
2026-10-08T15:02:04.7683227Z ##[group]Run actions/checkout@11d5960a326750d5838078e36cf38b85af677262
2026-10-08T15:02:04.7684230Z with:
2026-10-08T15:02:04.7684665Z   repository: DD7780/Cocreate
2026-10-08T15:02:04.7689249Z   token: ***
2026-10-08T15:02:04.7689724Z   ssh-strict: true
2026-10-08T15:02:04.7690163Z   ssh-user: git
2026-10-08T15:02:04.7690607Z   persist-credentials: true
2026-10-08T15:02:04.7691089Z   clean: true
2026-10-08T15:02:04.7691538Z   sparse-checkout-cone-mode: true
2026-10-08T15:02:04.7692055Z   fetch-depth: 1
2026-10-08T15:02:04.7692482Z   fetch-tags: false
2026-10-08T15:02:04.7692922Z   show-progress: true
2026-10-08T15:02:04.7693371Z   lfs: false
2026-10-08T15:02:04.7693784Z   submodules: false
2026-10-08T15:02:04.7694223Z   set-safe-directory: true
2026-10-08T15:02:04.7694722Z   allow-unsafe-pr-checkout: false
2026-10-08T15:02:04.7695488Z ##[endgroup]
2026-10-08T15:02:04.8844788Z Syncing repository: DD7780/Cocreate
2026-10-08T15:02:04.8851302Z ##[group]Getting Git version info
2026-10-08T15:02:04.8853457Z Working directory is '/home/runner/work/Cocreate/Cocreate'
2026-10-08T15:02:04.8855265Z [command]/usr/bin/git version
2026-10-08T15:02:04.8937739Z git version 2.55.0
2026-10-08T15:02:04.8939895Z ##[endgroup]
2026-10-08T15:02:04.8968522Z Temporarily overriding HOME='/home/runner/work/_temp/8b66615f-1fb8-4884-9ebf-6e378d5516ab' before making global git config changes
2026-10-08T15:02:04.8972122Z Adding repository directory to the temporary git global config as a safe directory
2026-10-08T15:02:04.8988537Z [command]/usr/bin/git config --global --add safe.directory /home/runner/work/Cocreate/Cocreate
2026-10-08T15:02:04.9012602Z Deleting the contents of '/home/runner/work/Cocreate/Cocreate'
2026-10-08T15:02:04.9015214Z ##[group]Initializing the repository
2026-10-08T15:02:04.9020784Z [command]/usr/bin/git init /home/runner/work/Cocreate/Cocreate
2026-10-08T15:02:04.9153599Z hint: Using 'master' as the name for the initial branch. This default branch name
2026-10-08T15:02:04.9165611Z hint: will change to "main" in Git 3.0. To configure the initial branch name
2026-10-08T15:02:04.9167925Z hint: to use in all of your new repositories, which will suppress this warning,
2026-10-08T15:02:04.9169568Z hint: call:
2026-10-08T15:02:04.9170595Z hint:
2026-10-08T15:02:04.9171729Z hint: 	git config --global init.defaultBranch <name>
2026-10-08T15:02:04.9177041Z hint:
2026-10-08T15:02:04.9178507Z hint: Names commonly chosen instead of 'master' are 'main', 'trunk' and
2026-10-08T15:02:04.9180558Z hint: 'development'. The just-created branch can be renamed via this command:
2026-10-08T15:02:04.9182173Z hint:
2026-10-08T15:02:04.9183231Z hint: 	git branch -m <name>
2026-10-08T15:02:04.9184295Z hint:
2026-10-08T15:02:04.9185647Z hint: Disable this message with "git config set advice.defaultBranchName false"
2026-10-08T15:02:04.9188158Z Initialized empty Git repository in /home/runner/work/Cocreate/Cocreate/.git/
2026-10-08T15:02:04.9192210Z [command]/usr/bin/git remote add origin https://github.com/DD7780/Cocreate
2026-10-08T15:02:04.9246194Z ##[endgroup]
2026-10-08T15:02:04.9248350Z ##[group]Disabling automatic garbage collection
2026-10-08T15:02:04.9249514Z [command]/usr/bin/git config --local gc.auto 0
2026-10-08T15:02:04.9287097Z ##[endgroup]
2026-10-08T15:02:04.9288263Z ##[group]Setting up auth
2026-10-08T15:02:04.9294807Z [command]/usr/bin/git config --local --name-only --get-regexp core\.sshCommand
2026-10-08T15:02:04.9336031Z [command]/usr/bin/git submodule foreach --recursive sh -c "git config --local --name-only --get-regexp 'core\.sshCommand' && git config --local --unset-all 'core.sshCommand' || :"
2026-10-08T15:02:04.9730806Z [command]/usr/bin/git config --local --name-only --get-regexp http\.https\:\/\/github\.com\/\.extraheader
2026-10-08T15:02:04.9771984Z [command]/usr/bin/git submodule foreach --recursive sh -c "git config --local --name-only --get-regexp 'http\.https\:\/\/github\.com\/\.extraheader' && git config --local --unset-all 'http.https://github.com/.extraheader' || :"
2026-10-08T15:02:05.0064180Z [command]/usr/bin/git config --local --name-only --get-regexp ^includeIf\.gitdir:
2026-10-08T15:02:05.0107281Z [command]/usr/bin/git submodule foreach --recursive git config --local --show-origin --name-only --get-regexp remote.origin.url
2026-10-08T15:02:05.0382656Z [command]/usr/bin/git config --local http.https://github.com/.extraheader AUTHORIZATION: basic ***
2026-10-08T15:02:05.0428764Z ##[endgroup]
2026-10-08T15:02:05.0429735Z ##[group]Fetching the repository
2026-10-08T15:02:05.0437844Z [command]/usr/bin/git -c protocol.version=2 fetch --no-tags --prune --no-recurse-submodules --depth=1 origin +d1e44077b6fa3c21fb3ad93a69e6411b74bd1922:refs/remotes/origin/codex/prelaunch-beta
2026-10-08T15:02:07.1390673Z From https://github.com/DD7780/Cocreate
2026-10-08T15:02:07.1392598Z  * [new ref]         d1e44077b6fa3c21fb3ad93a69e6411b74bd1922 -> origin/codex/prelaunch-beta
2026-10-08T15:02:07.1396174Z ##[endgroup]
2026-10-08T15:02:07.1397933Z ##[group]Determining the checkout info
2026-10-08T15:02:07.1399708Z ##[endgroup]
2026-10-08T15:02:07.1406001Z [command]/usr/bin/git sparse-checkout disable
2026-10-08T15:02:07.1459207Z [command]/usr/bin/git config --local --unset-all extensions.worktreeConfig
2026-10-08T15:02:07.1498171Z ##[group]Checking out the ref
2026-10-08T15:02:07.1502743Z [command]/usr/bin/git checkout --progress --force -B codex/prelaunch-beta refs/remotes/origin/codex/prelaunch-beta
2026-10-08T15:02:07.2647529Z Switched to a new branch 'codex/prelaunch-beta'
2026-10-08T15:02:07.2649719Z branch 'codex/prelaunch-beta' set up to track 'origin/codex/prelaunch-beta'.
2026-10-08T15:02:07.2662341Z ##[endgroup]
2026-10-08T15:02:07.2712289Z [command]/usr/bin/git log -1 --format=%H
2026-10-08T15:02:07.2745864Z d1e44077b6fa3c21fb3ad93a69e6411b74bd1922
2026-10-08T15:02:07.3197321Z ##[group]Run pnpm/action-setup@f40ffcd9367d9f12939873eb1018b921a783ffaa
2026-10-08T15:02:07.3199244Z with:
2026-10-08T15:02:07.3200111Z   version: 10.18.3
2026-10-08T15:02:07.3201055Z   dest: ~/setup-pnpm
2026-10-08T15:02:07.3202015Z   run_install: null
2026-10-08T15:02:07.3202956Z   cache: false
2026-10-08T15:02:07.3203924Z   cache_dependency_path: pnpm-lock.yaml
2026-10-08T15:02:07.3205213Z   package_json_file: package.json
2026-10-08T15:02:07.3207154Z   standalone: false
2026-10-08T15:02:07.3208110Z ##[endgroup]
2026-10-08T15:02:07.4698854Z ##[group]Running self-installer...
2026-10-08T15:02:07.8970527Z (node:2022) [DEP0169] DeprecationWarning: `url.parse()` behavior is not standardized and prone to errors that have security implications. Use the WHATWG URL API instead. CVEs are not issued for `url.parse()` vulnerabilities.
2026-10-08T15:02:07.8973439Z (Use `node --trace-deprecation ...` to show where the warning was created)
2026-10-08T15:02:08.0791251Z Progress: resolved 1, reused 0, downloaded 0, added 0
2026-10-08T15:02:08.0880497Z Packages: +1
2026-10-08T15:02:08.5195558Z +
2026-10-08T15:02:08.5196288Z Progress: resolved 1, reused 0, downloaded 1, added 1, done
2026-10-08T15:02:08.5424633Z 
2026-10-08T15:02:08.5425166Z dependencies:
2026-10-08T15:02:08.5425782Z + pnpm 10.18.3 (12.10.1 is available)
2026-10-08T15:02:08.5426257Z 
2026-10-08T15:02:08.5447533Z Done in 866ms
2026-10-08T15:02:08.5674265Z ##[endgroup]
2026-10-08T15:02:08.5674774Z Installation Completed!
2026-10-08T15:02:08.5886324Z ##[group]Run actions/setup-node@49933ea5288caeca8642d1e84afbd3f7d6820020
2026-10-08T15:02:08.5886914Z with:
2026-10-08T15:02:08.5887147Z   node-version: 22
2026-10-08T15:02:08.5887364Z   cache: pnpm
2026-10-08T15:02:08.5887564Z   always-auth: false
2026-10-08T15:02:08.5887786Z   check-latest: false
2026-10-08T15:02:08.5890451Z   token: ***
2026-10-08T15:02:08.5890653Z env:
2026-10-08T15:02:08.5890930Z   PNPM_HOME: /home/runner/setup-pnpm/node_modules/.bin
2026-10-08T15:02:08.5891248Z ##[endgroup]
2026-10-08T15:02:08.7407380Z Found in cache @ /opt/hostedtoolcache/node/22.23.3/x64
2026-10-08T15:02:08.7410558Z (node:2036) [DEP0040] DeprecationWarning: The `punycode` module is deprecated. Please use a userland alternative instead.
2026-10-08T15:02:08.7411239Z (Use `node --trace-deprecation ...` to show where the warning was created)
2026-10-08T15:02:08.7413294Z ##[group]Environment details
2026-10-08T15:02:09.1365575Z node: v22.23.3
2026-10-08T15:02:09.1367194Z npm: 10.9.9
2026-10-08T15:02:09.1367677Z yarn: 1.22.22
2026-10-08T15:02:09.1368490Z ##[endgroup]
2026-10-08T15:02:09.1421157Z [command]/home/runner/setup-pnpm/node_modules/.bin/pnpm store path --silent
2026-10-08T15:02:09.8405912Z /home/runner/setup-pnpm/node_modules/.bin/store/v10
2026-10-08T15:02:09.9655303Z Cache hit for: node-cache-Linux-x64-pnpm-2350f21d8b4483831790e8afae5b0fdcbb67d6b17e4acddb09b86f16f7c4c9a4
2026-10-08T15:02:09.9761157Z (node:2036) [DEP0169] DeprecationWarning: `url.parse()` behavior is not standardized and prone to errors that have security implications. Use the WHATWG URL API instead. CVEs are not issued for `url.parse()` vulnerabilities.
2026-10-08T15:02:11.0216186Z Received 189322259 of 193516563 (97.8%), 180.2 MBs/sec
2026-10-08T15:02:11.0930729Z Received 193516563 of 193516563 (100.0%), 172.0 MBs/sec
2026-10-08T15:02:11.0932366Z Cache Size: ~185 MB (193516563 B)
2026-10-08T15:02:11.0967478Z [command]/usr/bin/tar -xf /home/runner/work/_temp/17141ad2-2a7d-4a5a-b8e3-1e1d72035c6d/cache.tzst -P -C /home/runner/work/Cocreate/Cocreate --use-compress-program unzstd
2026-10-08T15:02:12.9643803Z Cache restored successfully
2026-10-08T15:02:13.0073473Z Cache restored from key: node-cache-Linux-x64-pnpm-2350f21d8b4483831790e8afae5b0fdcbb67d6b17e4acddb09b86f16f7c4c9a4
2026-10-08T15:02:13.0438084Z ##[group]Run pnpm install --frozen-lockfile
2026-10-08T15:02:13.0438544Z [36;1mpnpm install --frozen-lockfile[0m
2026-10-08T15:02:13.0947487Z shell: /usr/bin/bash -e {0}
2026-10-08T15:02:13.0947784Z env:
2026-10-08T15:02:13.0948064Z   PNPM_HOME: /home/runner/setup-pnpm/node_modules/.bin
2026-10-08T15:02:13.0948708Z ##[endgroup]
2026-10-08T15:02:13.4461957Z Lockfile is up to date, resolution step is skipped
2026-10-08T15:02:13.4897390Z Progress: resolved 1, reused 0, downloaded 0, added 0
2026-10-08T15:02:13.5416863Z Packages: +408
2026-10-08T15:02:13.5417855Z ++++++++++++++++++++++++++++++++++++++++++++++++++++++++++++++++++++++++++++++++
2026-10-08T15:02:14.2948716Z Progress: resolved 408, reused 408, downloaded 0, added 408, done
2026-10-08T15:02:19.1970340Z 
2026-10-08T15:02:19.1982045Z dependencies:
2026-10-08T15:02:19.1983034Z + @cloudflare/containers 0.3.7
2026-10-08T15:02:19.1983567Z + @supabase/server 1.8.0
2026-10-08T15:02:19.1984079Z + @supabase/supabase-js 2.117.0
2026-10-08T15:02:19.1984736Z + @tiptap/extension-collaboration 3.31.3
2026-10-08T15:02:19.1985399Z + @tiptap/extension-collaboration-caret 3.31.3
2026-10-08T15:02:19.1985949Z + @tiptap/react 3.31.3
2026-10-08T15:02:19.1986531Z + @tiptap/starter-kit 3.31.3
2026-10-08T15:02:19.1986997Z + @vitejs/plugin-react 5.2.0
2026-10-08T15:02:19.1987425Z + cross-env 10.1.0
2026-10-08T15:02:19.1987800Z + dotenv 17.4.2
2026-10-08T15:02:19.1988158Z + esbuild 0.25.12
2026-10-08T15:02:19.1988531Z + esbuild-wasm 0.25.12
2026-10-08T15:02:19.1988928Z + express 5.2.1
2026-10-08T15:02:19.1989314Z + lucide-react 0.468.0
2026-10-08T15:02:19.1989680Z + react 19.2.8
2026-10-08T15:02:19.1990035Z + react-dom 19.2.8
2026-10-08T15:02:19.1990383Z + vite 7.3.6
2026-10-08T15:02:19.1990704Z + ws 8.21.3
2026-10-08T15:02:19.1991056Z + y-protocols 1.0.7
2026-10-08T15:02:19.1991408Z + yjs 13.6.32
2026-10-08T15:02:19.1991602Z 
2026-10-08T15:02:19.1991803Z devDependencies:
2026-10-08T15:02:19.1992210Z + @prisma/adapter-pg 7.10.0
2026-10-08T15:02:19.1992653Z + @prisma/client 7.10.0
2026-10-08T15:02:19.1993070Z + @types/express 5.0.6
2026-10-08T15:02:19.1993463Z + @types/node 22.20.1
2026-10-08T15:02:19.1993841Z + @types/pg 8.23.1
2026-10-08T15:02:19.1994226Z + @types/react 19.2.18
2026-10-08T15:02:19.1994692Z + @types/react-dom 19.2.7
2026-10-08T15:02:19.1995106Z + @types/ws 8.18.1
2026-10-08T15:02:19.1995451Z + pg 8.23.0
2026-10-08T15:02:19.1995782Z + prisma 7.10.0
2026-10-08T15:02:19.1996113Z + tsx 4.23.13
2026-10-08T15:02:19.1996603Z + typescript 5.9.3
2026-10-08T15:02:19.1996981Z + wrangler 4.131.1
2026-10-08T15:02:19.1997184Z 
2026-10-08T15:02:19.3103951Z Done in 6.1s using pnpm v10.18.3
2026-10-08T15:02:19.4344992Z ##[group]Run pnpm check:boundaries
2026-10-08T15:02:19.4345510Z [36;1mpnpm check:boundaries[0m
2026-10-08T15:02:19.4448142Z shell: /usr/bin/bash -e {0}
2026-10-08T15:02:19.4448561Z env:
2026-10-08T15:02:19.4448976Z   PNPM_HOME: /home/runner/setup-pnpm/node_modules/.bin
2026-10-08T15:02:19.4449510Z ##[endgroup]
2026-10-08T15:02:19.7457632Z 
2026-10-08T15:02:19.7478355Z > cocreate@1.0.0 check:boundaries /home/runner/work/Cocreate/Cocreate
2026-10-08T15:02:19.7479212Z > tsx scripts/codebase-audit.ts --check
2026-10-08T15:02:19.7489857Z 
2026-10-08T15:02:21.4658858Z Audited 143 files; 1 static candidates; 0 boundary violations.
2026-10-08T15:02:21.4660788Z Jev: 0 physical requests, 0 input tokens with known usage, known-usage estimate $0.000000; unknown requests retain their reservation.
2026-10-08T15:02:21.4661960Z Report: artifacts/codebase-audit/report.json
2026-10-08T15:02:21.5079620Z ##[group]Run pnpm build
2026-10-08T15:02:21.5079900Z [36;1mpnpm build[0m
2026-10-08T15:02:21.5155356Z shell: /usr/bin/bash -e {0}
2026-10-08T15:02:21.5155630Z env:
2026-10-08T15:02:21.5155907Z   PNPM_HOME: /home/runner/setup-pnpm/node_modules/.bin
2026-10-08T15:02:21.5156231Z ##[endgroup]
2026-10-08T15:02:21.8002038Z 
2026-10-08T15:02:21.8002662Z > cocreate@1.0.0 build /home/runner/work/Cocreate/Cocreate
2026-10-08T15:02:21.8003311Z > tsc --noEmit && vite build --configLoader runner
2026-10-08T15:02:21.8003562Z 
2026-10-08T15:02:29.1503969Z [36mvite v7.3.6 [32mbuilding client environment for production...[36m[39m
2026-10-08T15:02:29.2280478Z transforming...
2026-10-08T15:02:32.9987499Z [32m✓[39m 1749 modules transformed.
2026-10-08T15:02:33.2403006Z rendering chunks...
2026-10-08T15:02:33.4719964Z computing gzip size...
2026-10-08T15:02:33.4957190Z [2mdist/[22m[32mindex.html                           [39m[1m[2m  0.44 kB[22m[1m[22m[2m │ gzip:   0.30 kB[22m
2026-10-08T15:02:33.4958856Z [2mdist/[22m[2massets/[22m[35mApp-BqUO_rW7.css              [39m[1m[2m  2.56 kB[22m[1m[22m[2m │ gzip:   0.85 kB[22m
2026-10-08T15:02:33.4960437Z [2mdist/[22m[2massets/[22m[35mLandingPage-CNj4pefA.css      [39m[1m[2m 13.13 kB[22m[1m[22m[2m │ gzip:   2.95 kB[22m
2026-10-08T15:02:33.4962038Z [2mdist/[22m[2massets/[22m[35mindex-cyLHvudv.css            [39m[1m[2m 75.38 kB[22m[1m[22m[2m │ gzip:  14.48 kB[22m
2026-10-08T15:02:33.4963558Z [2mdist/[22m[2massets/[22m[36musers-S0nR_fpD.js             [39m[1m[2m  0.69 kB[22m[1m[22m[2m │ gzip:   0.39 kB[22m
2026-10-08T15:02:33.4965114Z [2mdist/[22m[2massets/[22m[36mcreateLucideIcon-DS0f-70M.js  [39m[1m[2m  0.89 kB[22m[1m[22m[2m │ gzip:   0.55 kB[22m
2026-10-08T15:02:33.4966805Z [2mdist/[22m[2massets/[22m[36mx-CYlEPbUI.js                 [39m[1m[2m  1.70 kB[22m[1m[22m[2m │ gzip:   0.78 kB[22m
2026-10-08T15:02:33.4968256Z [2mdist/[22m[2massets/[22m[36mLandingPage-CklZAjP2.js       [39m[1m[2m 15.33 kB[22m[1m[22m[2m │ gzip:   4.92 kB[22m
2026-10-08T15:02:33.4969831Z [2mdist/[22m[2massets/[22m[36mProjectApp-CEhcL8gy.js        [39m[1m[2m 29.68 kB[22m[1m[22m[2m │ gzip:   9.01 kB[22m
2026-10-08T15:02:33.4970831Z [2mdist/[22m[2massets/[22m[36mindex-5SCWldx6.js             [39m[1m[2m421.72 kB[22m[1m[22m[2m │ gzip: 121.23 kB[22m
2026-10-08T15:02:33.4971769Z [2mdist/[22m[2massets/[22m[36mApp-thYYHyMP.js               [39m[1m[33m583.75 kB[39m[22m[2m │ gzip: 185.76 kB[22m
2026-10-08T15:02:33.4972526Z [33m
2026-10-08T15:02:33.4973055Z (!) Some chunks are larger than 500 kB after minification. Consider:
2026-10-08T15:02:33.4973734Z - Using dynamic import() to code-split the application
2026-10-08T15:02:33.4974915Z - Use build.rollupOptions.output.manualChunks to improve chunking: https://rollupjs.org/configuration-options/#output-manualchunks
2026-10-08T15:02:33.4976266Z - Adjust chunk size limit for this warning via build.chunkSizeWarningLimit.[39m
2026-10-08T15:02:33.4977710Z [32m✓ built in 4.32s[39m
2026-10-08T15:02:33.5808673Z ##[group]Run node --input-type=module <<'NODE'
2026-10-08T15:02:33.5809097Z [36;1mnode --input-type=module <<'NODE'[0m
2026-10-08T15:02:33.5809403Z [36;1mimport fs from 'node:fs';[0m
2026-10-08T15:02:33.5809722Z [36;1mimport {spawnSync} from 'node:child_process';[0m
2026-10-08T15:02:33.5810225Z [36;1mconst {image_vars} = JSON.parse(fs.readFileSync('wrangler.jsonc', 'utf8')).containers[0];[0m
2026-10-08T15:02:33.5810977Z [36;1mconst names = ['VITE_COCREATE_AUTH_MODE', 'VITE_COCREATE_APP_ORIGIN', 'VITE_SUPABASE_URL', 'VITE_SUPABASE_PUBLISHABLE_KEY'];[0m
2026-10-08T15:02:33.5811587Z [36;1mconst args = ['build', '--tag', 'cocreate-check'];[0m
2026-10-08T15:02:33.5811927Z [36;1mfor (const name of names) {[0m
2026-10-08T15:02:33.5812414Z [36;1m  if (typeof image_vars[name] !== 'string') throw new Error(`Missing public build variable: ${name}`);[0m
2026-10-08T15:02:33.5812949Z [36;1m  args.push('--build-arg', `${name}=${image_vars[name]}`);[0m
2026-10-08T15:02:33.5813312Z [36;1m}[0m
2026-10-08T15:02:33.5813639Z [36;1mconst result = spawnSync('docker', [...args, '.'], {stdio: 'inherit'});[0m
2026-10-08T15:02:33.5814059Z [36;1mif (result.error) throw result.error;[0m
2026-10-08T15:02:33.5814390Z [36;1mprocess.exit(result.status ?? 1);[0m
2026-10-08T15:02:33.5814661Z [36;1mNODE[0m
2026-10-08T15:02:33.5890410Z shell: /usr/bin/bash -e {0}
2026-10-08T15:02:33.5890672Z env:
2026-10-08T15:02:33.5890947Z   PNPM_HOME: /home/runner/setup-pnpm/node_modules/.bin
2026-10-08T15:02:33.5891275Z ##[endgroup]
2026-10-08T15:02:36.5349133Z #0 building with "default" instance using docker driver
2026-10-08T15:02:36.5349611Z 
2026-10-08T15:02:36.5349822Z #1 [internal] load build definition from Dockerfile
2026-10-08T15:02:36.5350235Z #1 transferring dockerfile: 1.39kB 0.0s done
2026-10-08T15:02:36.5351037Z #1 DONE 0.0s
2026-10-08T15:02:36.5351164Z 
2026-10-08T15:02:36.5351403Z #2 [auth] library/node:pull token for registry-1.docker.io
2026-10-08T15:02:36.5351746Z #2 DONE 0.0s
2026-10-08T15:02:36.5351887Z 
2026-10-08T15:02:36.5352175Z #3 [internal] load metadata for docker.io/library/node:22-bookworm-slim
2026-10-08T15:02:36.8849099Z #3 DONE 0.5s
2026-10-08T15:02:37.0146154Z 
2026-10-08T15:02:37.0149378Z #4 [internal] load .dockerignore
2026-10-08T15:02:37.0151555Z #4 transferring context: 248B done
2026-10-08T15:02:37.0152879Z #4 DONE 0.0s
2026-10-08T15:02:37.0153254Z 
2026-10-08T15:02:37.0154351Z #5 [ 1/11] FROM docker.io/library/node:22-bookworm-slim@sha256:c3de60bf2f9dd0ac6370e6117950ff62d6e339527e7472301c9c78a017978392
2026-10-08T15:02:37.0160819Z #5 resolve docker.io/library/node:22-bookworm-slim@sha256:c3de60bf2f9dd0ac6370e6117950ff62d6e339527e7472301c9c78a017978392 done
2026-10-08T15:02:37.1159856Z #5 sha256:d0a16be756b6ec6658aecb8b7bcf87fa6c7d0d7fcc6ca53ad14bb49a4c90bdd7 6.77kB / 6.77kB done
2026-10-08T15:02:37.1162675Z #5 sha256:7fd1ebe418b5079d4aa36f416af9b143d127bc75b0155d71cb5fd559b5e04d39 22.02MB / 28.25MB 0.1s
2026-10-08T15:02:37.1165287Z #5 sha256:f0400f4b55b0ad346bf6167a1b64a258e4d73db608c457798ce35e4ffeebfaaf 3.31kB / 3.31kB 0.1s done
2026-10-08T15:02:37.1166974Z #5 sha256:d22c69a95cf463f4cb74462bd2899597ce505d82bd4c01ceddf7845e12f13856 5.24MB / 49.84MB 0.1s
2026-10-08T15:02:37.1169407Z #5 sha256:2cfab517365cfc6b4bd1f8c4cb01754884ef75bc38758b3c41e291c696f019f5 1.05MB / 1.71MB 0.1s
2026-10-08T15:02:37.1170720Z #5 sha256:c3de60bf2f9dd0ac6370e6117950ff62d6e339527e7472301c9c78a017978392 5.22kB / 5.22kB done
2026-10-08T15:02:37.1172724Z #5 sha256:efd0ab5780c2d9ab1f0f869571a00d5edb17793bff4cce4a2792e3eb0ffc7562 1.93kB / 1.93kB done
2026-10-08T15:02:37.2340172Z #5 ...
2026-10-08T15:02:37.2341474Z 
2026-10-08T15:02:37.2341720Z #6 [internal] load build context
2026-10-08T15:02:37.2342303Z #6 transferring context: 21.91MB 0.2s done
2026-10-08T15:02:37.2342801Z #6 DONE 0.2s
2026-10-08T15:02:37.2342997Z 
2026-10-08T15:02:37.2343828Z #5 [ 1/11] FROM docker.io/library/node:22-bookworm-slim@sha256:c3de60bf2f9dd0ac6370e6117950ff62d6e339527e7472301c9c78a017978392
2026-10-08T15:02:37.2345675Z #5 sha256:7fd1ebe418b5079d4aa36f416af9b143d127bc75b0155d71cb5fd559b5e04d39 28.25MB / 28.25MB 0.2s done
2026-10-08T15:02:37.2347208Z #5 sha256:d22c69a95cf463f4cb74462bd2899597ce505d82bd4c01ceddf7845e12f13856 49.84MB / 49.84MB 0.3s done
2026-10-08T15:02:37.2348552Z #5 sha256:2cfab517365cfc6b4bd1f8c4cb01754884ef75bc38758b3c41e291c696f019f5 1.71MB / 1.71MB 0.1s done
2026-10-08T15:02:37.2349823Z #5 sha256:a8de9fa052209313d8e45435a8486e29b20eebaa820e2e7f63a7c3c94b4fa567 448B / 448B 0.2s done
2026-10-08T15:02:37.2351020Z #5 extracting sha256:7fd1ebe418b5079d4aa36f416af9b143d127bc75b0155d71cb5fd559b5e04d39 0.1s
2026-10-08T15:02:38.1391147Z #5 extracting sha256:7fd1ebe418b5079d4aa36f416af9b143d127bc75b0155d71cb5fd559b5e04d39 1.0s done
2026-10-08T15:02:38.3126529Z #5 extracting sha256:f0400f4b55b0ad346bf6167a1b64a258e4d73db608c457798ce35e4ffeebfaaf done
2026-10-08T15:02:38.5643633Z #5 extracting sha256:d22c69a95cf463f4cb74462bd2899597ce505d82bd4c01ceddf7845e12f13856
2026-10-08T15:02:39.9543959Z #5 extracting sha256:d22c69a95cf463f4cb74462bd2899597ce505d82bd4c01ceddf7845e12f13856 1.3s done
2026-10-08T15:02:39.9545998Z #5 extracting sha256:2cfab517365cfc6b4bd1f8c4cb01754884ef75bc38758b3c41e291c696f019f5
2026-10-08T15:02:40.1778650Z #5 extracting sha256:2cfab517365cfc6b4bd1f8c4cb01754884ef75bc38758b3c41e291c696f019f5 0.0s done
2026-10-08T15:02:40.1779479Z #5 extracting sha256:a8de9fa052209313d8e45435a8486e29b20eebaa820e2e7f63a7c3c94b4fa567 done
2026-10-08T15:02:40.1779966Z #5 DONE 3.1s
2026-10-08T15:02:40.1780095Z 
2026-10-08T15:02:40.1780218Z #7 [ 2/11] WORKDIR /app
2026-10-08T15:02:40.1780468Z #7 DONE 0.0s
2026-10-08T15:02:40.1780597Z 
2026-10-08T15:02:40.1780731Z #8 [ 3/11] RUN corepack enable
2026-10-08T15:02:40.2538953Z #8 DONE 0.2s
2026-10-08T15:02:40.4052216Z 
2026-10-08T15:02:40.4053919Z #9 [ 4/11] RUN apt-get update && apt-get install -y --no-install-recommends bubblewrap util-linux chromium-headless-shell tini && rm -rf /var/lib/apt/lists/*
2026-10-08T15:02:40.4463012Z #9 0.192 Get:1 http://deb.debian.org/debian bookworm InRelease [151 kB]
2026-10-08T15:02:40.5962078Z #9 0.209 Get:2 http://deb.debian.org/debian bookworm-updates InRelease [55.4 kB]
2026-10-08T15:02:40.5963305Z #9 0.214 Get:3 http://deb.debian.org/debian-security bookworm-security InRelease [34.8 kB]
2026-10-08T15:02:40.5964440Z #9 0.278 Get:4 http://deb.debian.org/debian bookworm/main amd64 Packages [8790 kB]
2026-10-08T15:02:40.5965518Z #9 0.342 Get:5 http://deb.debian.org/debian bookworm-updates/main amd64 Packages [6924 B]
2026-10-08T15:02:40.7994273Z #9 0.394 Get:6 http://deb.debian.org/debian-security bookworm-security/main amd64 Packages [349 kB]
2026-10-08T15:02:41.4452891Z #9 1.191 Fetched 9388 kB in 1s (9225 kB/s)
2026-10-08T15:02:41.8826071Z #9 1.191 Reading package lists...
2026-10-08T15:02:42.3373703Z #9 1.647 Reading package lists...
2026-10-08T15:02:42.4524490Z #9 2.096 Building dependency tree...
2026-10-08T15:02:42.4525356Z #9 2.198 Reading state information...
2026-10-08T15:02:42.5570175Z #9 2.302 util-linux is already the newest version (2.38.1-5+deb12u3).
2026-10-08T15:02:42.5570986Z #9 2.302 util-linux set to manually installed.
2026-10-08T15:02:42.5571723Z #9 2.302 The following additional packages will be installed:
2026-10-08T15:02:42.7095283Z #9 2.302   at-spi2-common chromium-common fontconfig-config fonts-dejavu-core
2026-10-08T15:02:42.7096660Z #9 2.302   libasound2 libasound2-data libasyncns0 libatk1.0-0 libatspi2.0-0 libbrotli1
2026-10-08T15:02:42.7097790Z #9 2.304   libbsd0 libdav1d6 libdbus-1-3 libdouble-conversion3 libdrm-amdgpu1
2026-10-08T15:02:42.7098873Z #9 2.304   libdrm-common libdrm-intel1 libdrm-nouveau2 libdrm-radeon1 libdrm2 libedit2
2026-10-08T15:02:42.7100006Z #9 2.304   libelf1 libexpat1 libflac12 libfontconfig1 libfontenc1 libfreetype6 libgbm1
2026-10-08T15:02:42.7101173Z #9 2.304   libgl1 libgl1-mesa-dri libglapi-mesa libglib2.0-0 libglvnd0 libglx-mesa0
2026-10-08T15:02:42.7102478Z #9 2.304   libglx0 libgraphite2-3 libharfbuzz-subset0 libharfbuzz0b libice6 libicu72
2026-10-08T15:02:42.7104290Z #9 2.304   libjpeg62-turbo libllvm15 libminizip1 libmp3lame0 libmpg123-0 libnspr4
2026-10-08T15:02:42.7105410Z #9 2.304   libnss3 libogg0 libopenh264-7 libopus0 libpciaccess0 libpng16-16 libpulse0
2026-10-08T15:02:42.7106732Z #9 2.304   libsensors-config libsensors5 libsm6 libsndfile1 libsqlite3-0 libvorbis0a
2026-10-08T15:02:42.7107853Z #9 2.304   libvorbisenc2 libwayland-server0 libx11-6 libx11-data libx11-xcb1 libxau6
2026-10-08T15:02:42.7108875Z #9 2.304   libxaw7 libxcb-dri2-0 libxcb-dri3-0 libxcb-glx0 libxcb-present0
2026-10-08T15:02:42.7109922Z #9 2.304   libxcb-randr0 libxcb-shape0 libxcb-shm0 libxcb-sync1 libxcb-xfixes0 libxcb1
2026-10-08T15:02:42.7111032Z #9 2.304   libxcomposite1 libxdamage1 libxdmcp6 libxext6 libxfixes3 libxft2 libxi6
2026-10-08T15:02:42.7112139Z #9 2.304   libxinerama1 libxkbcommon0 libxkbfile1 libxml2 libxmu6 libxmuu1 libxnvctrl0
2026-10-08T15:02:42.7113215Z #9 2.304   libxpm4 libxrandr2 libxrender1 libxshmfence1 libxt6 libxtst6 libxv1
2026-10-08T15:02:42.7114280Z #9 2.304   libxxf86dga1 libxxf86vm1 libz3-4 x11-common x11-utils xdg-utils xkb-data
2026-10-08T15:02:42.7115019Z #9 2.304 Suggested packages:
2026-10-08T15:02:42.7115803Z #9 2.304   libasound2-plugins alsa-utils low-memory-monitor opus-tools pciutils
2026-10-08T15:02:42.7116773Z #9 2.304   pulseaudio lm-sensors mesa-utils
2026-10-08T15:02:42.7117324Z #9 2.304 Recommended packages:
2026-10-08T15:02:42.7118008Z #9 2.304   procps upower udev fonts-liberation notification-daemon
2026-10-08T15:02:42.7119025Z #9 2.304   system-config-printer alsa-ucm-conf alsa-topology-conf at-spi2-core dbus
2026-10-08T15:02:42.7120097Z #9 2.304   libglib2.0-data shared-mime-info xdg-user-dirs libfile-mimeinfo-perl
2026-10-08T15:02:42.7121039Z #9 2.304   libnet-dbus-perl libx11-protocol-perl x11-xserver-utils
2026-10-08T15:02:42.9662704Z #9 2.712 The following NEW packages will be installed:
2026-10-08T15:02:42.9663603Z #9 2.712   at-spi2-common bubblewrap chromium-common chromium-headless-shell
2026-10-08T15:02:43.0668355Z #9 2.712   fontconfig-config fonts-dejavu-core libasound2 libasound2-data libasyncns0
2026-10-08T15:02:43.0669955Z #9 2.712   libatk1.0-0 libatspi2.0-0 libbrotli1 libbsd0 libdav1d6 libdbus-1-3
2026-10-08T15:02:43.0670760Z #9 2.712   libdouble-conversion3 libdrm-amdgpu1 libdrm-common libdrm-intel1
2026-10-08T15:02:43.0671441Z #9 2.712   libdrm-nouveau2 libdrm-radeon1 libdrm2 libedit2 libelf1 libexpat1 libflac12
2026-10-08T15:02:43.0672098Z #9 2.713   libfontconfig1 libfontenc1 libfreetype6 libgbm1 libgl1 libgl1-mesa-dri
2026-10-08T15:02:43.0673007Z #9 2.713   libglapi-mesa libglib2.0-0 libglvnd0 libglx-mesa0 libglx0 libgraphite2-3
2026-10-08T15:02:43.0674249Z #9 2.713   libharfbuzz-subset0 libharfbuzz0b libice6 libicu72 libjpeg62-turbo libllvm15
2026-10-08T15:02:43.0675369Z #9 2.713   libminizip1 libmp3lame0 libmpg123-0 libnspr4 libnss3 libogg0 libopenh264-7
2026-10-08T15:02:43.0676729Z #9 2.713   libopus0 libpciaccess0 libpng16-16 libpulse0 libsensors-config libsensors5
2026-10-08T15:02:43.0677636Z #9 2.713   libsm6 libsndfile1 libsqlite3-0 libvorbis0a libvorbisenc2 libwayland-server0
2026-10-08T15:02:43.0678292Z #9 2.713   libx11-6 libx11-data libx11-xcb1 libxau6 libxaw7 libxcb-dri2-0 libxcb-dri3-0
2026-10-08T15:02:43.0678913Z #9 2.713   libxcb-glx0 libxcb-present0 libxcb-randr0 libxcb-shape0 libxcb-shm0
2026-10-08T15:02:43.0679567Z #9 2.713   libxcb-sync1 libxcb-xfixes0 libxcb1 libxcomposite1 libxdamage1 libxdmcp6
2026-10-08T15:02:43.0680888Z #9 2.713   libxext6 libxfixes3 libxft2 libxi6 libxinerama1 libxkbcommon0 libxkbfile1
2026-10-08T15:02:43.0681882Z #9 2.713   libxml2 libxmu6 libxmuu1 libxnvctrl0 libxpm4 libxrandr2 libxrender1
2026-10-08T15:02:43.0682503Z #9 2.713   libxshmfence1 libxt6 libxtst6 libxv1 libxxf86dga1 libxxf86vm1 libz3-4 tini
2026-10-08T15:02:43.0683003Z #9 2.713   x11-common x11-utils xdg-utils xkb-data
2026-10-08T15:02:43.0683518Z #9 2.749 0 upgraded, 107 newly installed, 0 to remove and 1 not upgraded.
2026-10-08T15:02:43.0683959Z #9 2.749 Need to get 160 MB of archives.
2026-10-08T15:02:43.0684697Z #9 2.749 After this operation, 551 MB of additional disk space will be used.
2026-10-08T15:02:43.0685409Z #9 2.749 Get:1 http://deb.debian.org/debian bookworm/main amd64 at-spi2-common all 2.46.0-5 [162 kB]
2026-10-08T15:02:43.0686198Z #9 2.766 Get:2 http://deb.debian.org/debian bookworm/main amd64 bubblewrap amd64 0.8.0-2+deb12u1 [47.3 kB]
2026-10-08T15:02:43.0687422Z #9 2.767 Get:3 http://deb.debian.org/debian-security bookworm-security/main amd64 libexpat1 amd64 2.5.0-1+deb12u4 [106 kB]
2026-10-08T15:02:43.0688225Z #9 2.768 Get:4 http://deb.debian.org/debian bookworm/main amd64 libbrotli1 amd64 1.0.9-2+b6 [275 kB]
2026-10-08T15:02:43.0689192Z #9 2.774 Get:5 http://deb.debian.org/debian-security bookworm-security/main amd64 libpng16-16 amd64 1.6.39-2+deb12u6 [277 kB]
2026-10-08T15:02:43.0690227Z #9 2.779 Get:6 http://deb.debian.org/debian bookworm/main amd64 libfreetype6 amd64 2.12.1+dfsg-5+deb12u4 [398 kB]
2026-10-08T15:02:43.0691581Z #9 2.781 Get:7 http://deb.debian.org/debian bookworm/main amd64 fonts-dejavu-core all 2.37-6 [1068 kB]
2026-10-08T15:02:43.0692998Z #9 2.787 Get:8 http://deb.debian.org/debian bookworm/main amd64 fontconfig-config amd64 2.14.1-4 [315 kB]
2026-10-08T15:02:43.0694294Z #9 2.788 Get:9 http://deb.debian.org/debian bookworm/main amd64 libfontconfig1 amd64 2.14.1-4 [386 kB]
2026-10-08T15:02:43.0695549Z #9 2.790 Get:10 http://deb.debian.org/debian bookworm/main amd64 libfontenc1 amd64 1:1.1.4-1 [24.3 kB]
2026-10-08T15:02:43.0696947Z #9 2.791 Get:11 http://deb.debian.org/debian bookworm/main amd64 libglvnd0 amd64 1.6.0-1 [51.8 kB]
2026-10-08T15:02:43.0697798Z #9 2.791 Get:12 http://deb.debian.org/debian bookworm/main amd64 libxau6 amd64 1:1.0.9-1 [19.7 kB]
2026-10-08T15:02:43.0698789Z #9 2.791 Get:13 http://deb.debian.org/debian bookworm/main amd64 libbsd0 amd64 0.11.7-2 [117 kB]
2026-10-08T15:02:43.0699784Z #9 2.792 Get:14 http://deb.debian.org/debian bookworm/main amd64 libxdmcp6 amd64 1:1.1.2-3 [26.3 kB]
2026-10-08T15:02:43.0700471Z #9 2.793 Get:15 http://deb.debian.org/debian bookworm/main amd64 libxcb1 amd64 1.15-1 [144 kB]
2026-10-08T15:02:43.0701207Z #9 2.794 Get:16 http://deb.debian.org/debian bookworm/main amd64 libx11-data all 2:1.8.4-2+deb12u2 [292 kB]
2026-10-08T15:02:43.0701971Z #9 2.795 Get:17 http://deb.debian.org/debian bookworm/main amd64 libx11-6 amd64 2:1.8.4-2+deb12u2 [760 kB]
2026-10-08T15:02:43.0702702Z #9 2.801 Get:18 http://deb.debian.org/debian bookworm/main amd64 libdrm-common all 2.4.114-1 [7112 B]
2026-10-08T15:02:43.0703403Z #9 2.803 Get:19 http://deb.debian.org/debian bookworm/main amd64 libdrm2 amd64 2.4.114-1+b1 [37.5 kB]
2026-10-08T15:02:43.0704164Z #9 2.803 Get:20 http://deb.debian.org/debian bookworm/main amd64 libglapi-mesa amd64 22.3.6-1+deb12u2 [35.9 kB]
2026-10-08T15:02:43.0704936Z #9 2.804 Get:21 http://deb.debian.org/debian bookworm/main amd64 libx11-xcb1 amd64 2:1.8.4-2+deb12u2 [192 kB]
2026-10-08T15:02:43.0705808Z #9 2.806 Get:22 http://deb.debian.org/debian bookworm/main amd64 libxcb-dri2-0 amd64 1.15-1 [107 kB]
2026-10-08T15:02:43.0706749Z #9 2.807 Get:23 http://deb.debian.org/debian bookworm/main amd64 libxcb-dri3-0 amd64 1.15-1 [107 kB]
2026-10-08T15:02:43.0707455Z #9 2.808 Get:24 http://deb.debian.org/debian bookworm/main amd64 libxcb-glx0 amd64 1.15-1 [122 kB]
2026-10-08T15:02:43.0708190Z #9 2.808 Get:25 http://deb.debian.org/debian bookworm/main amd64 libxcb-present0 amd64 1.15-1 [105 kB]
2026-10-08T15:02:43.0708910Z #9 2.809 Get:26 http://deb.debian.org/debian bookworm/main amd64 libxcb-randr0 amd64 1.15-1 [117 kB]
2026-10-08T15:02:43.0710024Z #9 2.810 Get:27 http://deb.debian.org/debian bookworm/main amd64 libxcb-shm0 amd64 1.15-1 [105 kB]
2026-10-08T15:02:43.0711200Z #9 2.812 Get:28 http://deb.debian.org/debian bookworm/main amd64 libxcb-sync1 amd64 1.15-1 [109 kB]
2026-10-08T15:02:43.2483158Z #9 2.813 Get:29 http://deb.debian.org/debian bookworm/main amd64 libxcb-xfixes0 amd64 1.15-1 [109 kB]
2026-10-08T15:02:43.2484842Z #9 2.815 Get:30 http://deb.debian.org/debian bookworm/main amd64 libxext6 amd64 2:1.3.4-1+b1 [52.9 kB]
2026-10-08T15:02:43.2486767Z #9 2.817 Get:31 http://deb.debian.org/debian bookworm/main amd64 libxfixes3 amd64 1:6.0.0-2 [22.7 kB]
2026-10-08T15:02:43.2488302Z #9 2.817 Get:32 http://deb.debian.org/debian bookworm/main amd64 libxshmfence1 amd64 1.3-1 [8820 B]
2026-10-08T15:02:43.2489790Z #9 2.818 Get:33 http://deb.debian.org/debian bookworm/main amd64 libxxf86vm1 amd64 1:1.1.4-1+b2 [20.8 kB]
2026-10-08T15:02:43.2491309Z #9 2.819 Get:34 http://deb.debian.org/debian bookworm/main amd64 libdrm-amdgpu1 amd64 2.4.114-1+b1 [20.9 kB]
2026-10-08T15:02:43.2492819Z #9 2.821 Get:35 http://deb.debian.org/debian bookworm/main amd64 libpciaccess0 amd64 0.17-2 [51.4 kB]
2026-10-08T15:02:43.2494334Z #9 2.822 Get:36 http://deb.debian.org/debian bookworm/main amd64 libdrm-intel1 amd64 2.4.114-1+b1 [64.0 kB]
2026-10-08T15:02:43.2495834Z #9 2.823 Get:37 http://deb.debian.org/debian bookworm/main amd64 libdrm-nouveau2 amd64 2.4.114-1+b1 [19.1 kB]
2026-10-08T15:02:43.2497587Z #9 2.826 Get:38 http://deb.debian.org/debian bookworm/main amd64 libdrm-radeon1 amd64 2.4.114-1+b1 [21.8 kB]
2026-10-08T15:02:43.2498988Z #9 2.827 Get:39 http://deb.debian.org/debian bookworm/main amd64 libelf1 amd64 0.188-2.1 [174 kB]
2026-10-08T15:02:43.2500396Z #9 2.828 Get:40 http://deb.debian.org/debian bookworm/main amd64 libedit2 amd64 3.1-20221030-2 [93.0 kB]
2026-10-08T15:02:43.2501810Z #9 2.829 Get:41 http://deb.debian.org/debian bookworm/main amd64 libicu72 amd64 72.1-3+deb12u1 [9376 kB]
2026-10-08T15:02:43.2503329Z #9 2.867 Get:42 http://deb.debian.org/debian bookworm/main amd64 libxml2 amd64 2.9.14+dfsg-1.3~deb12u6 [689 kB]
2026-10-08T15:02:43.2504773Z #9 2.871 Get:43 http://deb.debian.org/debian bookworm/main amd64 libz3-4 amd64 4.8.12-3.1 [7216 kB]
2026-10-08T15:02:43.2506163Z #9 2.900 Get:44 http://deb.debian.org/debian bookworm/main amd64 libllvm15 amd64 1:15.0.6-4+b1 [23.1 MB]
2026-10-08T15:02:43.2508074Z #9 2.993 Get:45 http://deb.debian.org/debian bookworm/main amd64 libsensors-config all 1:3.6.0-7.1 [14.3 kB]
2026-10-08T15:02:43.3788995Z #9 2.994 Get:46 http://deb.debian.org/debian bookworm/main amd64 libsensors5 amd64 1:3.6.0-7.1 [34.2 kB]
2026-10-08T15:02:43.3790431Z #9 2.997 Get:47 http://deb.debian.org/debian bookworm/main amd64 libgl1-mesa-dri amd64 22.3.6-1+deb12u2 [7240 kB]
2026-10-08T15:02:43.3791804Z #9 3.024 Get:48 http://deb.debian.org/debian bookworm/main amd64 libglx-mesa0 amd64 22.3.6-1+deb12u2 [148 kB]
2026-10-08T15:02:43.3793028Z #9 3.025 Get:49 http://deb.debian.org/debian bookworm/main amd64 libglx0 amd64 1.6.0-1 [34.4 kB]
2026-10-08T15:02:43.3794176Z #9 3.027 Get:50 http://deb.debian.org/debian bookworm/main amd64 libgl1 amd64 1.6.0-1 [88.4 kB]
2026-10-08T15:02:43.3795307Z #9 3.027 Get:51 http://deb.debian.org/debian bookworm/main amd64 x11-common all 1:7.7+23 [252 kB]
2026-10-08T15:02:43.3796015Z #9 3.027 Get:52 http://deb.debian.org/debian bookworm/main amd64 libice6 amd64 2:1.0.10-1 [58.5 kB]
2026-10-08T15:02:43.3797009Z #9 3.028 Get:53 http://deb.debian.org/debian bookworm/main amd64 libsm6 amd64 2:1.2.3-1 [35.1 kB]
2026-10-08T15:02:43.3798131Z #9 3.028 Get:54 http://deb.debian.org/debian bookworm/main amd64 libxt6 amd64 1:1.2.1-1.1 [186 kB]
2026-10-08T15:02:43.3799330Z #9 3.029 Get:55 http://deb.debian.org/debian bookworm/main amd64 libxmu6 amd64 2:1.1.3-3 [60.1 kB]
2026-10-08T15:02:43.3800539Z #9 3.030 Get:56 http://deb.debian.org/debian bookworm/main amd64 libxpm4 amd64 1:3.5.12-1.1+deb12u1 [48.6 kB]
2026-10-08T15:02:43.3801448Z #9 3.033 Get:57 http://deb.debian.org/debian bookworm/main amd64 libxaw7 amd64 2:1.0.14-1 [201 kB]
2026-10-08T15:02:43.3802302Z #9 3.037 Get:58 http://deb.debian.org/debian bookworm/main amd64 libxcb-shape0 amd64 1.15-1 [106 kB]
2026-10-08T15:02:43.3803210Z #9 3.037 Get:59 http://deb.debian.org/debian bookworm/main amd64 libxcomposite1 amd64 1:0.4.5-1 [16.6 kB]
2026-10-08T15:02:43.3804174Z #9 3.038 Get:60 http://deb.debian.org/debian bookworm/main amd64 libxrender1 amd64 1:0.9.10-1.1 [33.2 kB]
2026-10-08T15:02:43.3805226Z #9 3.039 Get:61 http://deb.debian.org/debian bookworm/main amd64 libxft2 amd64 2.3.6-1 [61.8 kB]
2026-10-08T15:02:43.3806820Z #9 3.039 Get:62 http://deb.debian.org/debian bookworm/main amd64 libxi6 amd64 2:1.8-1+b1 [84.2 kB]
2026-10-08T15:02:43.3808050Z #9 3.039 Get:63 http://deb.debian.org/debian bookworm/main amd64 libxinerama1 amd64 2:1.1.4-3 [17.8 kB]
2026-10-08T15:02:43.3809295Z #9 3.040 Get:64 http://deb.debian.org/debian bookworm/main amd64 libxkbfile1 amd64 1:1.1.0-1 [75.2 kB]
2026-10-08T15:02:43.3810494Z #9 3.040 Get:65 http://deb.debian.org/debian bookworm/main amd64 libxmuu1 amd64 2:1.1.3-3 [23.9 kB]
2026-10-08T15:02:43.3811711Z #9 3.041 Get:66 http://deb.debian.org/debian bookworm/main amd64 libxrandr2 amd64 2:1.5.2-2+b1 [39.2 kB]
2026-10-08T15:02:43.3812930Z #9 3.041 Get:67 http://deb.debian.org/debian bookworm/main amd64 libxtst6 amd64 2:1.2.3-1.1 [28.0 kB]
2026-10-08T15:02:43.3814124Z #9 3.046 Get:68 http://deb.debian.org/debian bookworm/main amd64 libxv1 amd64 2:1.0.11-1.1 [24.8 kB]
2026-10-08T15:02:43.3815316Z #9 3.047 Get:69 http://deb.debian.org/debian bookworm/main amd64 libxxf86dga1 amd64 2:1.1.5-1 [22.1 kB]
2026-10-08T15:02:43.3817015Z #9 3.047 Get:70 http://deb.debian.org/debian bookworm/main amd64 x11-utils amd64 7.7+5 [202 kB]
2026-10-08T15:02:43.3818220Z #9 3.049 Get:71 http://deb.debian.org/debian bookworm/main amd64 xdg-utils all 1.1.3-4.1 [75.5 kB]
2026-10-08T15:02:43.3819751Z #9 3.057 Get:72 http://deb.debian.org/debian-security bookworm-security/main amd64 chromium-common amd64 154.0.8037.92-1~deb12u1 [30.5 MB]
2026-10-08T15:02:43.3821206Z #9 3.124 Get:73 http://deb.debian.org/debian bookworm/main amd64 libasound2-data all 1.2.8-1 [20.5 kB]
2026-10-08T15:02:43.4881830Z #9 3.124 Get:74 http://deb.debian.org/debian bookworm/main amd64 libasound2 amd64 1.2.8-1+b1 [362 kB]
2026-10-08T15:02:43.4883221Z #9 3.126 Get:75 http://deb.debian.org/debian bookworm/main amd64 libglib2.0-0 amd64 2.74.6-2+deb12u9 [1403 kB]
2026-10-08T15:02:43.4884833Z #9 3.132 Get:76 http://deb.debian.org/debian bookworm/main amd64 libatk1.0-0 amd64 2.46.0-5 [49.6 kB]
2026-10-08T15:02:43.4886115Z #9 3.135 Get:77 http://deb.debian.org/debian bookworm/main amd64 libdbus-1-3 amd64 1.14.10-1~deb12u1 [201 kB]
2026-10-08T15:02:43.4887285Z #9 3.135 Get:78 http://deb.debian.org/debian bookworm/main amd64 libatspi2.0-0 amd64 2.46.0-5 [75.4 kB]
2026-10-08T15:02:43.4888439Z #9 3.135 Get:79 http://deb.debian.org/debian bookworm/main amd64 libdav1d6 amd64 1.0.0-2+deb12u1 [513 kB]
2026-10-08T15:02:43.4889753Z #9 3.136 Get:80 http://deb.debian.org/debian bookworm/main amd64 libdouble-conversion3 amd64 3.2.1-1 [41.5 kB]
2026-10-08T15:02:43.4891373Z #9 3.137 Get:81 http://deb.debian.org/debian bookworm/main amd64 libogg0 amd64 1.3.5-3 [23.4 kB]
2026-10-08T15:02:43.4892470Z #9 3.137 Get:82 http://deb.debian.org/debian bookworm/main amd64 libflac12 amd64 1.4.2+ds-2 [198 kB]
2026-10-08T15:02:43.4893755Z #9 3.138 Get:83 http://deb.debian.org/debian bookworm/main amd64 libwayland-server0 amd64 1.21.0-1 [35.9 kB]
2026-10-08T15:02:43.4894854Z #9 3.139 Get:84 http://deb.debian.org/debian bookworm/main amd64 libgbm1 amd64 22.3.6-1+deb12u2 [38.1 kB]
2026-10-08T15:02:43.4895667Z #9 3.142 Get:85 http://deb.debian.org/debian bookworm/main amd64 libgraphite2-3 amd64 1.3.14-1+deb12u1 [74.6 kB]
2026-10-08T15:02:43.4897097Z #9 3.148 Get:86 http://deb.debian.org/debian bookworm/main amd64 libharfbuzz0b amd64 6.0.0+dfsg-3 [1945 kB]
2026-10-08T15:02:43.4898013Z #9 3.160 Get:87 http://deb.debian.org/debian bookworm/main amd64 libharfbuzz-subset0 amd64 6.0.0+dfsg-3 [1931 kB]
2026-10-08T15:02:43.4898938Z #9 3.169 Get:88 http://deb.debian.org/debian bookworm/main amd64 libjpeg62-turbo amd64 1:2.1.5-2 [166 kB]
2026-10-08T15:02:43.4899965Z #9 3.205 Get:89 http://deb.debian.org/debian bookworm/main amd64 libminizip1 amd64 1.1-8+deb12u1 [20.1 kB]
2026-10-08T15:02:43.4900821Z #9 3.205 Get:90 http://deb.debian.org/debian bookworm/main amd64 libnspr4 amd64 2:4.35-1 [113 kB]
2026-10-08T15:02:43.4901687Z #9 3.206 Get:91 http://deb.debian.org/debian bookworm/main amd64 libsqlite3-0 amd64 3.40.1-2+deb12u2 [839 kB]
2026-10-08T15:02:43.4902977Z #9 3.210 Get:92 http://deb.debian.org/debian-security bookworm-security/main amd64 libnss3 amd64 2:3.87.1-1+deb12u4 [1331 kB]
2026-10-08T15:02:43.4903901Z #9 3.223 Get:93 http://deb.debian.org/debian bookworm/main amd64 libopenh264-7 amd64 2.3.1+dfsg-3+deb12u2 [393 kB]
2026-10-08T15:02:43.4904680Z #9 3.234 Get:94 http://deb.debian.org/debian bookworm/main amd64 libopus0 amd64 1.3.1-3 [195 kB]
2026-10-08T15:02:43.4905518Z #9 3.234 Get:95 http://deb.debian.org/debian bookworm/main amd64 libasyncns0 amd64 0.8-6+b3 [12.9 kB]
2026-10-08T15:02:43.6732039Z #9 3.235 Get:96 http://deb.debian.org/debian bookworm/main amd64 libmp3lame0 amd64 3.100-6 [365 kB]
2026-10-08T15:02:43.6733416Z #9 3.239 Get:97 http://deb.debian.org/debian bookworm/main amd64 libmpg123-0 amd64 1.31.2-1+deb12u1 [147 kB]
2026-10-08T15:02:43.6734690Z #9 3.248 Get:98 http://deb.debian.org/debian bookworm/main amd64 libvorbis0a amd64 1.3.7-1 [93.0 kB]
2026-10-08T15:02:43.6735973Z #9 3.252 Get:99 http://deb.debian.org/debian bookworm/main amd64 libvorbisenc2 amd64 1.3.7-1 [80.6 kB]
2026-10-08T15:02:43.6737509Z #9 3.255 Get:100 http://deb.debian.org/debian bookworm/main amd64 libsndfile1 amd64 1.2.0-1+deb12u1 [197 kB]
2026-10-08T15:02:43.6738842Z #9 3.259 Get:101 http://deb.debian.org/debian bookworm/main amd64 libpulse0 amd64 16.1+dfsg1-2+b1 [274 kB]
2026-10-08T15:02:43.6740099Z #9 3.262 Get:102 http://deb.debian.org/debian bookworm/main amd64 libxdamage1 amd64 1:1.1.6-1 [15.1 kB]
2026-10-08T15:02:43.6741272Z #9 3.263 Get:103 http://deb.debian.org/debian bookworm/main amd64 xkb-data all 2.35.1-1 [764 kB]
2026-10-08T15:02:43.6742463Z #9 3.266 Get:104 http://deb.debian.org/debian bookworm/main amd64 libxkbcommon0 amd64 1.5.0-1 [106 kB]
2026-10-08T15:02:43.6743756Z #9 3.267 Get:105 http://deb.debian.org/debian bookworm/main amd64 libxnvctrl0 amd64 525.85.05-3~deb12u1 [13.5 kB]
2026-10-08T15:02:43.6745484Z #9 3.268 Get:106 http://deb.debian.org/debian-security bookworm-security/main amd64 chromium-headless-shell amd64 154.0.8037.92-1~deb12u1 [61.2 MB]
2026-10-08T15:02:43.6868503Z #9 3.432 Get:107 http://deb.debian.org/debian bookworm/main amd64 tini amd64 0.19.0-1+b3 [267 kB]
2026-10-08T15:02:43.7915995Z #9 3.537 debconf: delaying package configuration, since apt-utils is not installed
2026-10-08T15:02:43.8917491Z #9 3.561 Fetched 160 MB in 1s (225 MB/s)
2026-10-08T15:02:43.8918433Z #9 3.575 Selecting previously unselected package at-spi2-common.
2026-10-08T15:02:43.8919054Z #9 3.575 (Reading database ... 
2026-10-08T15:02:43.8919610Z (Reading database ... 5%
2026-10-08T15:02:43.8920121Z (Reading database ... 10%
2026-10-08T15:02:43.8920614Z (Reading database ... 15%
2026-10-08T15:02:43.8921096Z (Reading database ... 20%
2026-10-08T15:02:43.8921593Z (Reading database ... 25%
2026-10-08T15:02:43.8922065Z (Reading database ... 30%
2026-10-08T15:02:43.8922538Z (Reading database ... 35%
2026-10-08T15:02:43.8923055Z (Reading database ... 40%
2026-10-08T15:02:43.8923454Z (Reading database ... 45%
2026-10-08T15:02:43.8924169Z (Reading database ... 50%
2026-10-08T15:02:43.8924591Z (Reading database ... 55%
2026-10-08T15:02:43.8924963Z (Reading database ... 60%
2026-10-08T15:02:43.8925353Z (Reading database ... 65%
2026-10-08T15:02:43.8925759Z (Reading database ... 70%
2026-10-08T15:02:43.8926161Z (Reading database ... 75%
2026-10-08T15:02:43.8926899Z (Reading database ... 80%
2026-10-08T15:02:43.8927324Z (Reading database ... 85%
2026-10-08T15:02:43.8927710Z (Reading database ... 90%
2026-10-08T15:02:43.8928239Z (Reading database ... 95%
2026-10-08T15:02:43.8928582Z (Reading database ... 100%
2026-10-08T15:02:43.8929024Z (Reading database ... 6096 files and directories currently installed.)
2026-10-08T15:02:43.8929589Z #9 3.581 Preparing to unpack .../000-at-spi2-common_2.46.0-5_all.deb ...
2026-10-08T15:02:43.8930078Z #9 3.582 Unpacking at-spi2-common (2.46.0-5) ...
2026-10-08T15:02:43.8930781Z #9 3.617 Selecting previously unselected package bubblewrap.
2026-10-08T15:02:43.8931623Z #9 3.618 Preparing to unpack .../001-bubblewrap_0.8.0-2+deb12u1_amd64.deb ...
2026-10-08T15:02:43.8932752Z #9 3.619 Unpacking bubblewrap (0.8.0-2+deb12u1) ...
2026-10-08T15:02:43.8933334Z #9 3.637 Selecting previously unselected package libexpat1:amd64.
2026-10-08T15:02:44.0182998Z #9 3.638 Preparing to unpack .../002-libexpat1_2.5.0-1+deb12u4_amd64.deb ...
2026-10-08T15:02:44.0183900Z #9 3.640 Unpacking libexpat1:amd64 (2.5.0-1+deb12u4) ...
2026-10-08T15:02:44.0184696Z #9 3.660 Selecting previously unselected package libbrotli1:amd64.
2026-10-08T15:02:44.0185588Z #9 3.661 Preparing to unpack .../003-libbrotli1_1.0.9-2+b6_amd64.deb ...
2026-10-08T15:02:44.0186332Z #9 3.662 Unpacking libbrotli1:amd64 (1.0.9-2+b6) ...
2026-10-08T15:02:44.0187321Z #9 3.695 Selecting previously unselected package libpng16-16:amd64.
2026-10-08T15:02:44.0188052Z #9 3.696 Preparing to unpack .../004-libpng16-16_1.6.39-2+deb12u6_amd64.deb ...
2026-10-08T15:02:44.0188617Z #9 3.697 Unpacking libpng16-16:amd64 (1.6.39-2+deb12u6) ...
2026-10-08T15:02:44.0189114Z #9 3.724 Selecting previously unselected package libfreetype6:amd64.
2026-10-08T15:02:44.0189716Z #9 3.725 Preparing to unpack .../005-libfreetype6_2.12.1+dfsg-5+deb12u4_amd64.deb ...
2026-10-08T15:02:44.0190273Z #9 3.726 Unpacking libfreetype6:amd64 (2.12.1+dfsg-5+deb12u4) ...
2026-10-08T15:02:44.0190854Z #9 3.764 Selecting previously unselected package fonts-dejavu-core.
2026-10-08T15:02:44.2144655Z #9 3.765 Preparing to unpack .../006-fonts-dejavu-core_2.37-6_all.deb ...
2026-10-08T15:02:44.2145658Z #9 3.766 Unpacking fonts-dejavu-core (2.37-6) ...
2026-10-08T15:02:44.2146690Z #9 3.854 Selecting previously unselected package fontconfig-config.
2026-10-08T15:02:44.2147607Z #9 3.855 Preparing to unpack .../007-fontconfig-config_2.14.1-4_amd64.deb ...
2026-10-08T15:02:44.2148388Z #9 3.960 Unpacking fontconfig-config (2.14.1-4) ...
2026-10-08T15:02:44.3228948Z #9 3.989 Selecting previously unselected package libfontconfig1:amd64.
2026-10-08T15:02:44.3230653Z #9 3.990 Preparing to unpack .../008-libfontconfig1_2.14.1-4_amd64.deb ...
2026-10-08T15:02:44.3231438Z #9 3.991 Unpacking libfontconfig1:amd64 (2.14.1-4) ...
2026-10-08T15:02:44.3232228Z #9 4.015 Selecting previously unselected package libfontenc1:amd64.
2026-10-08T15:02:44.3233086Z #9 4.016 Preparing to unpack .../009-libfontenc1_1%3a1.1.4-1_amd64.deb ...
2026-10-08T15:02:44.3233853Z #9 4.017 Unpacking libfontenc1:amd64 (1:1.1.4-1) ...
2026-10-08T15:02:44.3234608Z #9 4.031 Selecting previously unselected package libglvnd0:amd64.
2026-10-08T15:02:44.3235423Z #9 4.032 Preparing to unpack .../010-libglvnd0_1.6.0-1_amd64.deb ...
2026-10-08T15:02:44.3236126Z #9 4.033 Unpacking libglvnd0:amd64 (1.6.0-1) ...
2026-10-08T15:02:44.3237039Z #9 4.052 Selecting previously unselected package libxau6:amd64.
2026-10-08T15:02:44.3237853Z #9 4.053 Preparing to unpack .../011-libxau6_1%3a1.0.9-1_amd64.deb ...
2026-10-08T15:02:44.3238559Z #9 4.054 Unpacking libxau6:amd64 (1:1.0.9-1) ...
2026-10-08T15:02:44.3239279Z #9 4.068 Selecting previously unselected package libbsd0:amd64.
2026-10-08T15:02:44.4426104Z #9 4.070 Preparing to unpack .../012-libbsd0_0.11.7-2_amd64.deb ...
2026-10-08T15:02:44.4427244Z #9 4.070 Unpacking libbsd0:amd64 (0.11.7-2) ...
2026-10-08T15:02:44.4427974Z #9 4.090 Selecting previously unselected package libxdmcp6:amd64.
2026-10-08T15:02:44.4428760Z #9 4.091 Preparing to unpack .../013-libxdmcp6_1%3a1.1.2-3_amd64.deb ...
2026-10-08T15:02:44.4429442Z #9 4.092 Unpacking libxdmcp6:amd64 (1:1.1.2-3) ...
2026-10-08T15:02:44.4430108Z #9 4.106 Selecting previously unselected package libxcb1:amd64.
2026-10-08T15:02:44.4430816Z #9 4.108 Preparing to unpack .../014-libxcb1_1.15-1_amd64.deb ...
2026-10-08T15:02:44.4431425Z #9 4.108 Unpacking libxcb1:amd64 (1.15-1) ...
2026-10-08T15:02:44.4432047Z #9 4.126 Selecting previously unselected package libx11-data.
2026-10-08T15:02:44.4432829Z #9 4.127 Preparing to unpack .../015-libx11-data_2%3a1.8.4-2+deb12u2_all.deb ...
2026-10-08T15:02:44.4433559Z #9 4.128 Unpacking libx11-data (2:1.8.4-2+deb12u2) ...
2026-10-08T15:02:44.4434213Z #9 4.188 Selecting previously unselected package libx11-6:amd64.
2026-10-08T15:02:44.5488717Z #9 4.190 Preparing to unpack .../016-libx11-6_2%3a1.8.4-2+deb12u2_amd64.deb ...
2026-10-08T15:02:44.5489663Z #9 4.190 Unpacking libx11-6:amd64 (2:1.8.4-2+deb12u2) ...
2026-10-08T15:02:44.5490440Z #9 4.244 Selecting previously unselected package libdrm-common.
2026-10-08T15:02:44.5491290Z #9 4.245 Preparing to unpack .../017-libdrm-common_2.4.114-1_all.deb ...
2026-10-08T15:02:44.5491880Z #9 4.246 Unpacking libdrm-common (2.4.114-1) ...
2026-10-08T15:02:44.5492597Z #9 4.259 Selecting previously unselected package libdrm2:amd64.
2026-10-08T15:02:44.5493224Z #9 4.260 Preparing to unpack .../018-libdrm2_2.4.114-1+b1_amd64.deb ...
2026-10-08T15:02:44.5493692Z #9 4.261 Unpacking libdrm2:amd64 (2.4.114-1+b1) ...
2026-10-08T15:02:44.5494167Z #9 4.276 Selecting previously unselected package libglapi-mesa:amd64.
2026-10-08T15:02:44.5494756Z #9 4.277 Preparing to unpack .../019-libglapi-mesa_22.3.6-1+deb12u2_amd64.deb ...
2026-10-08T15:02:44.5495276Z #9 4.278 Unpacking libglapi-mesa:amd64 (22.3.6-1+deb12u2) ...
2026-10-08T15:02:44.5496085Z #9 4.294 Selecting previously unselected package libx11-xcb1:amd64.
2026-10-08T15:02:44.6660249Z #9 4.295 Preparing to unpack .../020-libx11-xcb1_2%3a1.8.4-2+deb12u2_amd64.deb ...
2026-10-08T15:02:44.6661542Z #9 4.296 Unpacking libx11-xcb1:amd64 (2:1.8.4-2+deb12u2) ...
2026-10-08T15:02:44.6662616Z #9 4.313 Selecting previously unselected package libxcb-dri2-0:amd64.
2026-10-08T15:02:44.6663584Z #9 4.314 Preparing to unpack .../021-libxcb-dri2-0_1.15-1_amd64.deb ...
2026-10-08T15:02:44.6664236Z #9 4.315 Unpacking libxcb-dri2-0:amd64 (1.15-1) ...
2026-10-08T15:02:44.6664715Z #9 4.334 Selecting previously unselected package libxcb-dri3-0:amd64.
2026-10-08T15:02:44.6665245Z #9 4.335 Preparing to unpack .../022-libxcb-dri3-0_1.15-1_amd64.deb ...
2026-10-08T15:02:44.6666025Z #9 4.336 Unpacking libxcb-dri3-0:amd64 (1.15-1) ...
2026-10-08T15:02:44.6666686Z #9 4.368 Selecting previously unselected package libxcb-glx0:amd64.
2026-10-08T15:02:44.6667218Z #9 4.369 Preparing to unpack .../023-libxcb-glx0_1.15-1_amd64.deb ...
2026-10-08T15:02:44.6667669Z #9 4.370 Unpacking libxcb-glx0:amd64 (1.15-1) ...
2026-10-08T15:02:44.6668181Z #9 4.390 Selecting previously unselected package libxcb-present0:amd64.
2026-10-08T15:02:44.6669089Z #9 4.391 Preparing to unpack .../024-libxcb-present0_1.15-1_amd64.deb ...
2026-10-08T15:02:44.6669906Z #9 4.392 Unpacking libxcb-present0:amd64 (1.15-1) ...
2026-10-08T15:02:44.6670694Z #9 4.411 Selecting previously unselected package libxcb-randr0:amd64.
2026-10-08T15:02:44.7799045Z #9 4.413 Preparing to unpack .../025-libxcb-randr0_1.15-1_amd64.deb ...
2026-10-08T15:02:44.7799637Z #9 4.414 Unpacking libxcb-randr0:amd64 (1.15-1) ...
2026-10-08T15:02:44.7800154Z #9 4.443 Selecting previously unselected package libxcb-shm0:amd64.
2026-10-08T15:02:44.7800715Z #9 4.444 Preparing to unpack .../026-libxcb-shm0_1.15-1_amd64.deb ...
2026-10-08T15:02:44.7801195Z #9 4.445 Unpacking libxcb-shm0:amd64 (1.15-1) ...
2026-10-08T15:02:44.7801650Z #9 4.465 Selecting previously unselected package libxcb-sync1:amd64.
2026-10-08T15:02:44.7802191Z #9 4.466 Preparing to unpack .../027-libxcb-sync1_1.15-1_amd64.deb ...
2026-10-08T15:02:44.7802661Z #9 4.467 Unpacking libxcb-sync1:amd64 (1.15-1) ...
2026-10-08T15:02:44.7803132Z #9 4.486 Selecting previously unselected package libxcb-xfixes0:amd64.
2026-10-08T15:02:44.7803667Z #9 4.487 Preparing to unpack .../028-libxcb-xfixes0_1.15-1_amd64.deb ...
2026-10-08T15:02:44.7804119Z #9 4.488 Unpacking libxcb-xfixes0:amd64 (1.15-1) ...
2026-10-08T15:02:44.7804563Z #9 4.507 Selecting previously unselected package libxext6:amd64.
2026-10-08T15:02:44.7805072Z #9 4.508 Preparing to unpack .../029-libxext6_2%3a1.3.4-1+b1_amd64.deb ...
2026-10-08T15:02:44.7805527Z #9 4.509 Unpacking libxext6:amd64 (2:1.3.4-1+b1) ...
2026-10-08T15:02:44.7806200Z #9 4.525 Selecting previously unselected package libxfixes3:amd64.
2026-10-08T15:02:44.8805889Z #9 4.527 Preparing to unpack .../030-libxfixes3_1%3a6.0.0-2_amd64.deb ...
2026-10-08T15:02:44.8807468Z #9 4.527 Unpacking libxfixes3:amd64 (1:6.0.0-2) ...
2026-10-08T15:02:44.8808473Z #9 4.541 Selecting previously unselected package libxshmfence1:amd64.
2026-10-08T15:02:44.8809171Z #9 4.542 Preparing to unpack .../031-libxshmfence1_1.3-1_amd64.deb ...
2026-10-08T15:02:44.8809762Z #9 4.543 Unpacking libxshmfence1:amd64 (1.3-1) ...
2026-10-08T15:02:44.8810303Z #9 4.557 Selecting previously unselected package libxxf86vm1:amd64.
2026-10-08T15:02:44.8811000Z #9 4.558 Preparing to unpack .../032-libxxf86vm1_1%3a1.1.4-1+b2_amd64.deb ...
2026-10-08T15:02:44.8811702Z #9 4.559 Unpacking libxxf86vm1:amd64 (1:1.1.4-1+b2) ...
2026-10-08T15:02:44.8812197Z #9 4.573 Selecting previously unselected package libdrm-amdgpu1:amd64.
2026-10-08T15:02:44.8812762Z #9 4.574 Preparing to unpack .../033-libdrm-amdgpu1_2.4.114-1+b1_amd64.deb ...
2026-10-08T15:02:44.8813272Z #9 4.575 Unpacking libdrm-amdgpu1:amd64 (2.4.114-1+b1) ...
2026-10-08T15:02:44.8813765Z #9 4.589 Selecting previously unselected package libpciaccess0:amd64.
2026-10-08T15:02:44.8814505Z #9 4.590 Preparing to unpack .../034-libpciaccess0_0.17-2_amd64.deb ...
2026-10-08T15:02:44.8815246Z #9 4.591 Unpacking libpciaccess0:amd64 (0.17-2) ...
2026-10-08T15:02:44.8816012Z #9 4.607 Selecting previously unselected package libdrm-intel1:amd64.
2026-10-08T15:02:44.8817282Z #9 4.608 Preparing to unpack .../035-libdrm-intel1_2.4.114-1+b1_amd64.deb ...
2026-10-08T15:02:44.8817976Z #9 4.609 Unpacking libdrm-intel1:amd64 (2.4.114-1+b1) ...
2026-10-08T15:02:44.8818479Z #9 4.626 Selecting previously unselected package libdrm-nouveau2:amd64.
2026-10-08T15:02:45.1179935Z #9 4.627 Preparing to unpack .../036-libdrm-nouveau2_2.4.114-1+b1_amd64.deb ...
2026-10-08T15:02:45.1181251Z #9 4.628 Unpacking libdrm-nouveau2:amd64 (2.4.114-1+b1) ...
2026-10-08T15:02:45.1182325Z #9 4.645 Selecting previously unselected package libdrm-radeon1:amd64.
2026-10-08T15:02:45.1184119Z #9 4.647 Preparing to unpack .../037-libdrm-radeon1_2.4.114-1+b1_amd64.deb ...
2026-10-08T15:02:45.1185049Z #9 4.647 Unpacking libdrm-radeon1:amd64 (2.4.114-1+b1) ...
2026-10-08T15:02:45.1185874Z #9 4.662 Selecting previously unselected package libelf1:amd64.
2026-10-08T15:02:45.1186936Z #9 4.663 Preparing to unpack .../038-libelf1_0.188-2.1_amd64.deb ...
2026-10-08T15:02:45.1187667Z #9 4.664 Unpacking libelf1:amd64 (0.188-2.1) ...
2026-10-08T15:02:45.1188403Z #9 4.690 Selecting previously unselected package libedit2:amd64.
2026-10-08T15:02:45.1189286Z #9 4.691 Preparing to unpack .../039-libedit2_3.1-20221030-2_amd64.deb ...
2026-10-08T15:02:45.1190061Z #9 4.692 Unpacking libedit2:amd64 (3.1-20221030-2) ...
2026-10-08T15:02:45.1190815Z #9 4.711 Selecting previously unselected package libicu72:amd64.
2026-10-08T15:02:45.1191690Z #9 4.712 Preparing to unpack .../040-libicu72_72.1-3+deb12u1_amd64.deb ...
2026-10-08T15:02:45.1192460Z #9 4.713 Unpacking libicu72:amd64 (72.1-3+deb12u1) ...
2026-10-08T15:02:45.4651657Z #9 5.210 Selecting previously unselected package libxml2:amd64.
2026-10-08T15:02:45.6715294Z #9 5.212 Preparing to unpack .../041-libxml2_2.9.14+dfsg-1.3~deb12u6_amd64.deb ...
2026-10-08T15:02:45.6716300Z #9 5.213 Unpacking libxml2:amd64 (2.9.14+dfsg-1.3~deb12u6) ...
2026-10-08T15:02:45.6717312Z #9 5.265 Selecting previously unselected package libz3-4:amd64.
2026-10-08T15:02:45.6718158Z #9 5.266 Preparing to unpack .../042-libz3-4_4.8.12-3.1_amd64.deb ...
2026-10-08T15:02:45.6718886Z #9 5.267 Unpacking libz3-4:amd64 (4.8.12-3.1) ...
2026-10-08T15:02:45.9887894Z #9 5.734 Selecting previously unselected package libllvm15:amd64.
2026-10-08T15:02:46.1411853Z #9 5.736 Preparing to unpack .../043-libllvm15_1%3a15.0.6-4+b1_amd64.deb ...
2026-10-08T15:02:46.1412720Z #9 5.736 Unpacking libllvm15:amd64 (1:15.0.6-4+b1) ...
2026-10-08T15:02:46.7829114Z #9 6.527 Selecting previously unselected package libsensors-config.
2026-10-08T15:02:46.9748942Z #9 6.528 Preparing to unpack .../044-libsensors-config_1%3a3.6.0-7.1_all.deb ...
2026-10-08T15:02:46.9749991Z #9 6.529 Unpacking libsensors-config (1:3.6.0-7.1) ...
2026-10-08T15:02:46.9751297Z #9 6.543 Selecting previously unselected package libsensors5:amd64.
2026-10-08T15:02:46.9752166Z #9 6.544 Preparing to unpack .../045-libsensors5_1%3a3.6.0-7.1_amd64.deb ...
2026-10-08T15:02:46.9752838Z #9 6.548 Unpacking libsensors5:amd64 (1:3.6.0-7.1) ...
2026-10-08T15:02:46.9753617Z #9 6.564 Selecting previously unselected package libgl1-mesa-dri:amd64.
2026-10-08T15:02:46.9754245Z #9 6.565 Preparing to unpack .../046-libgl1-mesa-dri_22.3.6-1+deb12u2_amd64.deb ...
2026-10-08T15:02:46.9754787Z #9 6.570 Unpacking libgl1-mesa-dri:amd64 (22.3.6-1+deb12u2) ...
2026-10-08T15:02:47.2808166Z #9 7.026 Selecting previously unselected package libglx-mesa0:amd64.
2026-10-08T15:02:47.3880819Z #9 7.028 Preparing to unpack .../047-libglx-mesa0_22.3.6-1+deb12u2_amd64.deb ...
2026-10-08T15:02:47.3881774Z #9 7.028 Unpacking libglx-mesa0:amd64 (22.3.6-1+deb12u2) ...
2026-10-08T15:02:47.3882619Z #9 7.052 Selecting previously unselected package libglx0:amd64.
2026-10-08T15:02:47.3883431Z #9 7.053 Preparing to unpack .../048-libglx0_1.6.0-1_amd64.deb ...
2026-10-08T15:02:47.3884133Z #9 7.054 Unpacking libglx0:amd64 (1.6.0-1) ...
2026-10-08T15:02:47.3884734Z #9 7.070 Selecting previously unselected package libgl1:amd64.
2026-10-08T15:02:47.3885262Z #9 7.071 Preparing to unpack .../049-libgl1_1.6.0-1_amd64.deb ...
2026-10-08T15:02:47.3885683Z #9 7.072 Unpacking libgl1:amd64 (1.6.0-1) ...
2026-10-08T15:02:47.3886096Z #9 7.092 Selecting previously unselected package x11-common.
2026-10-08T15:02:47.3887476Z #9 7.093 Preparing to unpack .../050-x11-common_1%3a7.7+23_all.deb ...
2026-10-08T15:02:47.3888207Z #9 7.093 Unpacking x11-common (1:7.7+23) ...
2026-10-08T15:02:47.3888901Z #9 7.115 Selecting previously unselected package libice6:amd64.
2026-10-08T15:02:47.3889756Z #9 7.116 Preparing to unpack .../051-libice6_2%3a1.0.10-1_amd64.deb ...
2026-10-08T15:02:47.3890878Z #9 7.117 Unpacking libice6:amd64 (2:1.0.10-1) ...
2026-10-08T15:02:47.3891328Z #9 7.133 Selecting previously unselected package libsm6:amd64.
2026-10-08T15:02:47.4963611Z #9 7.135 Preparing to unpack .../052-libsm6_2%3a1.2.3-1_amd64.deb ...
2026-10-08T15:02:47.4964472Z #9 7.135 Unpacking libsm6:amd64 (2:1.2.3-1) ...
2026-10-08T15:02:47.4965204Z #9 7.151 Selecting previously unselected package libxt6:amd64.
2026-10-08T15:02:47.4965858Z #9 7.152 Preparing to unpack .../053-libxt6_1%3a1.2.1-1.1_amd64.deb ...
2026-10-08T15:02:47.4966829Z #9 7.153 Unpacking libxt6:amd64 (1:1.2.1-1.1) ...
2026-10-08T15:02:47.4967551Z #9 7.177 Selecting previously unselected package libxmu6:amd64.
2026-10-08T15:02:47.4968384Z #9 7.178 Preparing to unpack .../054-libxmu6_2%3a1.1.3-3_amd64.deb ...
2026-10-08T15:02:47.4969102Z #9 7.179 Unpacking libxmu6:amd64 (2:1.1.3-3) ...
2026-10-08T15:02:47.4969803Z #9 7.195 Selecting previously unselected package libxpm4:amd64.
2026-10-08T15:02:47.4970685Z #9 7.197 Preparing to unpack .../055-libxpm4_1%3a3.5.12-1.1+deb12u1_amd64.deb ...
2026-10-08T15:02:47.4971489Z #9 7.197 Unpacking libxpm4:amd64 (1:3.5.12-1.1+deb12u1) ...
2026-10-08T15:02:47.4971958Z #9 7.213 Selecting previously unselected package libxaw7:amd64.
2026-10-08T15:02:47.4972595Z #9 7.214 Preparing to unpack .../056-libxaw7_2%3a1.0.14-1_amd64.deb ...
2026-10-08T15:02:47.4973059Z #9 7.215 Unpacking libxaw7:amd64 (2:1.0.14-1) ...
2026-10-08T15:02:47.4973645Z #9 7.241 Selecting previously unselected package libxcb-shape0:amd64.
2026-10-08T15:02:47.6044286Z #9 7.242 Preparing to unpack .../057-libxcb-shape0_1.15-1_amd64.deb ...
2026-10-08T15:02:47.6045429Z #9 7.243 Unpacking libxcb-shape0:amd64 (1.15-1) ...
2026-10-08T15:02:47.6046293Z #9 7.262 Selecting previously unselected package libxcomposite1:amd64.
2026-10-08T15:02:47.6047407Z #9 7.263 Preparing to unpack .../058-libxcomposite1_1%3a0.4.5-1_amd64.deb ...
2026-10-08T15:02:47.6048209Z #9 7.264 Unpacking libxcomposite1:amd64 (1:0.4.5-1) ...
2026-10-08T15:02:47.6048972Z #9 7.278 Selecting previously unselected package libxrender1:amd64.
2026-10-08T15:02:47.6049904Z #9 7.279 Preparing to unpack .../059-libxrender1_1%3a0.9.10-1.1_amd64.deb ...
2026-10-08T15:02:47.6051021Z #9 7.280 Unpacking libxrender1:amd64 (1:0.9.10-1.1) ...
2026-10-08T15:02:47.6051764Z #9 7.295 Selecting previously unselected package libxft2:amd64.
2026-10-08T15:02:47.6052545Z #9 7.296 Preparing to unpack .../060-libxft2_2.3.6-1_amd64.deb ...
2026-10-08T15:02:47.6053221Z #9 7.297 Unpacking libxft2:amd64 (2.3.6-1) ...
2026-10-08T15:02:47.6053898Z #9 7.314 Selecting previously unselected package libxi6:amd64.
2026-10-08T15:02:47.6055664Z #9 7.315 Preparing to unpack .../061-libxi6_2%3a1.8-1+b1_amd64.deb ...
2026-10-08T15:02:47.6056228Z #9 7.316 Unpacking libxi6:amd64 (2:1.8-1+b1) ...
2026-10-08T15:02:47.6057474Z #9 7.334 Selecting previously unselected package libxinerama1:amd64.
2026-10-08T15:02:47.6058399Z #9 7.335 Preparing to unpack .../062-libxinerama1_2%3a1.1.4-3_amd64.deb ...
2026-10-08T15:02:47.6058968Z #9 7.336 Unpacking libxinerama1:amd64 (2:1.1.4-3) ...
2026-10-08T15:02:47.6059431Z #9 7.350 Selecting previously unselected package libxkbfile1:amd64.
2026-10-08T15:02:47.7052959Z #9 7.351 Preparing to unpack .../063-libxkbfile1_1%3a1.1.0-1_amd64.deb ...
2026-10-08T15:02:47.7053980Z #9 7.352 Unpacking libxkbfile1:amd64 (1:1.1.0-1) ...
2026-10-08T15:02:47.7055095Z #9 7.369 Selecting previously unselected package libxmuu1:amd64.
2026-10-08T15:02:47.7056024Z #9 7.371 Preparing to unpack .../064-libxmuu1_2%3a1.1.3-3_amd64.deb ...
2026-10-08T15:02:47.7056848Z #9 7.371 Unpacking libxmuu1:amd64 (2:1.1.3-3) ...
2026-10-08T15:02:47.7057536Z #9 7.386 Selecting previously unselected package libxrandr2:amd64.
2026-10-08T15:02:47.7058100Z #9 7.387 Preparing to unpack .../065-libxrandr2_2%3a1.5.2-2+b1_amd64.deb ...
2026-10-08T15:02:47.7058589Z #9 7.388 Unpacking libxrandr2:amd64 (2:1.5.2-2+b1) ...
2026-10-08T15:02:47.7059050Z #9 7.403 Selecting previously unselected package libxtst6:amd64.
2026-10-08T15:02:47.7059808Z #9 7.404 Preparing to unpack .../066-libxtst6_2%3a1.2.3-1.1_amd64.deb ...
2026-10-08T15:02:47.7061330Z #9 7.405 Unpacking libxtst6:amd64 (2:1.2.3-1.1) ...
2026-10-08T15:02:47.7061859Z #9 7.419 Selecting previously unselected package libxv1:amd64.
2026-10-08T15:02:47.7062653Z #9 7.420 Preparing to unpack .../067-libxv1_2%3a1.0.11-1.1_amd64.deb ...
2026-10-08T15:02:47.7063406Z #9 7.421 Unpacking libxv1:amd64 (2:1.0.11-1.1) ...
2026-10-08T15:02:47.7064174Z #9 7.435 Selecting previously unselected package libxxf86dga1:amd64.
2026-10-08T15:02:47.7064727Z #9 7.436 Preparing to unpack .../068-libxxf86dga1_2%3a1.1.5-1_amd64.deb ...
2026-10-08T15:02:47.7065203Z #9 7.436 Unpacking libxxf86dga1:amd64 (2:1.1.5-1) ...
2026-10-08T15:02:47.7065642Z #9 7.451 Selecting previously unselected package x11-utils.
2026-10-08T15:02:47.9072140Z #9 7.452 Preparing to unpack .../069-x11-utils_7.7+5_amd64.deb ...
2026-10-08T15:02:47.9074482Z #9 7.453 Unpacking x11-utils (7.7+5) ...
2026-10-08T15:02:47.9075569Z #9 7.481 Selecting previously unselected package xdg-utils.
2026-10-08T15:02:47.9076869Z #9 7.482 Preparing to unpack .../070-xdg-utils_1.1.3-4.1_all.deb ...
2026-10-08T15:02:47.9077838Z #9 7.483 Unpacking xdg-utils (1.1.3-4.1) ...
2026-10-08T15:02:47.9078791Z #9 7.501 Selecting previously unselected package chromium-common.
2026-10-08T15:02:47.9080008Z #9 7.502 Preparing to unpack .../071-chromium-common_154.0.8037.92-1~deb12u1_amd64.deb ...
2026-10-08T15:02:47.9081166Z #9 7.503 Unpacking chromium-common (154.0.8037.92-1~deb12u1) ...
2026-10-08T15:02:48.3904524Z #9 8.136 Selecting previously unselected package libasound2-data.
2026-10-08T15:02:48.5638624Z #9 8.137 Preparing to unpack .../072-libasound2-data_1.2.8-1_all.deb ...
2026-10-08T15:02:48.5639420Z #9 8.138 Unpacking libasound2-data (1.2.8-1) ...
2026-10-08T15:02:48.5640142Z #9 8.167 Selecting previously unselected package libasound2:amd64.
2026-10-08T15:02:48.5640934Z #9 8.168 Preparing to unpack .../073-libasound2_1.2.8-1+b1_amd64.deb ...
2026-10-08T15:02:48.5641598Z #9 8.169 Unpacking libasound2:amd64 (1.2.8-1+b1) ...
2026-10-08T15:02:48.5642326Z #9 8.207 Selecting previously unselected package libglib2.0-0:amd64.
2026-10-08T15:02:48.5643495Z #9 8.209 Preparing to unpack .../074-libglib2.0-0_2.74.6-2+deb12u9_amd64.deb ...
2026-10-08T15:02:48.5644274Z #9 8.209 Unpacking libglib2.0-0:amd64 (2.74.6-2+deb12u9) ...
2026-10-08T15:02:48.5644974Z #9 8.309 Selecting previously unselected package libatk1.0-0:amd64.
2026-10-08T15:02:48.6820969Z #9 8.311 Preparing to unpack .../075-libatk1.0-0_2.46.0-5_amd64.deb ...
2026-10-08T15:02:48.6822074Z #9 8.312 Unpacking libatk1.0-0:amd64 (2.46.0-5) ...
2026-10-08T15:02:48.6823093Z #9 8.329 Selecting previously unselected package libdbus-1-3:amd64.
2026-10-08T15:02:48.6824067Z #9 8.330 Preparing to unpack .../076-libdbus-1-3_1.14.10-1~deb12u1_amd64.deb ...
2026-10-08T15:02:48.6824605Z #9 8.331 Unpacking libdbus-1-3:amd64 (1.14.10-1~deb12u1) ...
2026-10-08T15:02:48.6825117Z #9 8.357 Selecting previously unselected package libatspi2.0-0:amd64.
2026-10-08T15:02:48.6825690Z #9 8.358 Preparing to unpack .../077-libatspi2.0-0_2.46.0-5_amd64.deb ...
2026-10-08T15:02:48.6826155Z #9 8.359 Unpacking libatspi2.0-0:amd64 (2.46.0-5) ...
2026-10-08T15:02:48.6826964Z #9 8.377 Selecting previously unselected package libdav1d6:amd64.
2026-10-08T15:02:48.6827813Z #9 8.379 Preparing to unpack .../078-libdav1d6_1.0.0-2+deb12u1_amd64.deb ...
2026-10-08T15:02:48.6828296Z #9 8.379 Unpacking libdav1d6:amd64 (1.0.0-2+deb12u1) ...
2026-10-08T15:02:48.6828806Z #9 8.428 Selecting previously unselected package libdouble-conversion3:amd64.
2026-10-08T15:02:48.7977294Z #9 8.429 Preparing to unpack .../079-libdouble-conversion3_3.2.1-1_amd64.deb ...
2026-10-08T15:02:48.7978373Z #9 8.430 Unpacking libdouble-conversion3:amd64 (3.2.1-1) ...
2026-10-08T15:02:48.7979364Z #9 8.446 Selecting previously unselected package libogg0:amd64.
2026-10-08T15:02:48.7980400Z #9 8.447 Preparing to unpack .../080-libogg0_1.3.5-3_amd64.deb ...
2026-10-08T15:02:48.7981126Z #9 8.448 Unpacking libogg0:amd64 (1.3.5-3) ...
2026-10-08T15:02:48.7982227Z #9 8.463 Selecting previously unselected package libflac12:amd64.
2026-10-08T15:02:48.7983072Z #9 8.464 Preparing to unpack .../081-libflac12_1.4.2+ds-2_amd64.deb ...
2026-10-08T15:02:48.7983809Z #9 8.465 Unpacking libflac12:amd64 (1.4.2+ds-2) ...
2026-10-08T15:02:48.7984595Z #9 8.492 Selecting previously unselected package libwayland-server0:amd64.
2026-10-08T15:02:48.8005572Z #9 8.493 Preparing to unpack .../082-libwayland-server0_1.21.0-1_amd64.deb ...
2026-10-08T15:02:48.8006333Z #9 8.494 Unpacking libwayland-server0:amd64 (1.21.0-1) ...
2026-10-08T15:02:48.8007362Z #9 8.514 Selecting previously unselected package libgbm1:amd64.
2026-10-08T15:02:48.8007954Z #9 8.515 Preparing to unpack .../083-libgbm1_22.3.6-1+deb12u2_amd64.deb ...
2026-10-08T15:02:48.8008453Z #9 8.543 Unpacking libgbm1:amd64 (22.3.6-1+deb12u2) ...
2026-10-08T15:02:48.9387573Z #9 8.560 Selecting previously unselected package libgraphite2-3:amd64.
2026-10-08T15:02:48.9388519Z #9 8.561 Preparing to unpack .../084-libgraphite2-3_1.3.14-1+deb12u1_amd64.deb ...
2026-10-08T15:02:48.9389133Z #9 8.562 Unpacking libgraphite2-3:amd64 (1.3.14-1+deb12u1) ...
2026-10-08T15:02:48.9389673Z #9 8.580 Selecting previously unselected package libharfbuzz0b:amd64.
2026-10-08T15:02:48.9390242Z #9 8.581 Preparing to unpack .../085-libharfbuzz0b_6.0.0+dfsg-3_amd64.deb ...
2026-10-08T15:02:48.9390737Z #9 8.582 Unpacking libharfbuzz0b:amd64 (6.0.0+dfsg-3) ...
2026-10-08T15:02:48.9391251Z #9 8.633 Selecting previously unselected package libharfbuzz-subset0:amd64.
2026-10-08T15:02:48.9391867Z #9 8.634 Preparing to unpack .../086-libharfbuzz-subset0_6.0.0+dfsg-3_amd64.deb ...
2026-10-08T15:02:48.9392441Z #9 8.635 Unpacking libharfbuzz-subset0:amd64 (6.0.0+dfsg-3) ...
2026-10-08T15:02:48.9392964Z #9 8.684 Selecting previously unselected package libjpeg62-turbo:amd64.
2026-10-08T15:02:49.0609900Z #9 8.686 Preparing to unpack .../087-libjpeg62-turbo_1%3a2.1.5-2_amd64.deb ...
2026-10-08T15:02:49.0610802Z #9 8.686 Unpacking libjpeg62-turbo:amd64 (1:2.1.5-2) ...
2026-10-08T15:02:49.0611627Z #9 8.711 Selecting previously unselected package libminizip1:amd64.
2026-10-08T15:02:49.0612457Z #9 8.712 Preparing to unpack .../088-libminizip1_1.1-8+deb12u1_amd64.deb ...
2026-10-08T15:02:49.0613550Z #9 8.713 Unpacking libminizip1:amd64 (1.1-8+deb12u1) ...
2026-10-08T15:02:49.0614321Z #9 8.727 Selecting previously unselected package libnspr4:amd64.
2026-10-08T15:02:49.0615058Z #9 8.728 Preparing to unpack .../089-libnspr4_2%3a4.35-1_amd64.deb ...
2026-10-08T15:02:49.0615711Z #9 8.729 Unpacking libnspr4:amd64 (2:4.35-1) ...
2026-10-08T15:02:49.0616597Z #9 8.750 Selecting previously unselected package libsqlite3-0:amd64.
2026-10-08T15:02:49.0617412Z #9 8.751 Preparing to unpack .../090-libsqlite3-0_3.40.1-2+deb12u2_amd64.deb ...
2026-10-08T15:02:49.0618156Z #9 8.752 Unpacking libsqlite3-0:amd64 (3.40.1-2+deb12u2) ...
2026-10-08T15:02:49.0618823Z #9 8.806 Selecting previously unselected package libnss3:amd64.
2026-10-08T15:02:49.1665704Z #9 8.808 Preparing to unpack .../091-libnss3_2%3a3.87.1-1+deb12u4_amd64.deb ...
2026-10-08T15:02:49.1666344Z #9 8.809 Unpacking libnss3:amd64 (2:3.87.1-1+deb12u4) ...
2026-10-08T15:02:49.1667071Z #9 8.912 Selecting previously unselected package libopenh264-7:amd64.
2026-10-08T15:02:49.2837048Z #9 8.913 Preparing to unpack .../092-libopenh264-7_2.3.1+dfsg-3+deb12u2_amd64.deb ...
2026-10-08T15:02:49.2838262Z #9 8.914 Unpacking libopenh264-7:amd64 (2.3.1+dfsg-3+deb12u2) ...
2026-10-08T15:02:49.2838967Z #9 8.954 Selecting previously unselected package libopus0:amd64.
2026-10-08T15:02:49.2839510Z #9 8.955 Preparing to unpack .../093-libopus0_1.3.1-3_amd64.deb ...
2026-10-08T15:02:49.2840011Z #9 8.956 Unpacking libopus0:amd64 (1.3.1-3) ...
2026-10-08T15:02:49.2840494Z #9 8.981 Selecting previously unselected package libasyncns0:amd64.
2026-10-08T15:02:49.2841033Z #9 8.982 Preparing to unpack .../094-libasyncns0_0.8-6+b3_amd64.deb ...
2026-10-08T15:02:49.2841505Z #9 8.983 Unpacking libasyncns0:amd64 (0.8-6+b3) ...
2026-10-08T15:02:49.2842317Z #9 8.997 Selecting previously unselected package libmp3lame0:amd64.
2026-10-08T15:02:49.2842828Z #9 8.998 Preparing to unpack .../095-libmp3lame0_3.100-6_amd64.deb ...
2026-10-08T15:02:49.2843296Z #9 8.999 Unpacking libmp3lame0:amd64 (3.100-6) ...
2026-10-08T15:02:49.2843757Z #9 9.029 Selecting previously unselected package libmpg123-0:amd64.
2026-10-08T15:02:49.3841697Z #9 9.031 Preparing to unpack .../096-libmpg123-0_1.31.2-1+deb12u1_amd64.deb ...
2026-10-08T15:02:49.3842474Z #9 9.031 Unpacking libmpg123-0:amd64 (1.31.2-1+deb12u1) ...
2026-10-08T15:02:49.3843024Z #9 9.054 Selecting previously unselected package libvorbis0a:amd64.
2026-10-08T15:02:49.3843804Z #9 9.056 Preparing to unpack .../097-libvorbis0a_1.3.7-1_amd64.deb ...
2026-10-08T15:02:49.3844263Z #9 9.056 Unpacking libvorbis0a:amd64 (1.3.7-1) ...
2026-10-08T15:02:49.3844727Z #9 9.077 Selecting previously unselected package libvorbisenc2:amd64.
2026-10-08T15:02:49.3845262Z #9 9.078 Preparing to unpack .../098-libvorbisenc2_1.3.7-1_amd64.deb ...
2026-10-08T15:02:49.3845757Z #9 9.078 Unpacking libvorbisenc2:amd64 (1.3.7-1) ...
2026-10-08T15:02:49.3846214Z #9 9.098 Selecting previously unselected package libsndfile1:amd64.
2026-10-08T15:02:49.3846958Z #9 9.100 Preparing to unpack .../099-libsndfile1_1.2.0-1+deb12u1_amd64.deb ...
2026-10-08T15:02:49.3847453Z #9 9.100 Unpacking libsndfile1:amd64 (1.2.0-1+deb12u1) ...
2026-10-08T15:02:49.3847917Z #9 9.128 Selecting previously unselected package libpulse0:amd64.
2026-10-08T15:02:49.3848431Z #9 9.130 Preparing to unpack .../100-libpulse0_16.1+dfsg1-2+b1_amd64.deb ...
2026-10-08T15:02:49.5265056Z #9 9.135 Unpacking libpulse0:amd64 (16.1+dfsg1-2+b1) ...
2026-10-08T15:02:49.5265637Z #9 9.167 Selecting previously unselected package libxdamage1:amd64.
2026-10-08T15:02:49.5266213Z #9 9.168 Preparing to unpack .../101-libxdamage1_1%3a1.1.6-1_amd64.deb ...
2026-10-08T15:02:49.5266914Z #9 9.169 Unpacking libxdamage1:amd64 (1:1.1.6-1) ...
2026-10-08T15:02:49.5267373Z #9 9.182 Selecting previously unselected package xkb-data.
2026-10-08T15:02:49.5267897Z #9 9.183 Preparing to unpack .../102-xkb-data_2.35.1-1_all.deb ...
2026-10-08T15:02:49.5268346Z #9 9.184 Unpacking xkb-data (2.35.1-1) ...
2026-10-08T15:02:49.5269297Z #9 9.272 Selecting previously unselected package libxkbcommon0:amd64.
2026-10-08T15:02:49.7183411Z #9 9.273 Preparing to unpack .../103-libxkbcommon0_1.5.0-1_amd64.deb ...
2026-10-08T15:02:49.7184273Z #9 9.274 Unpacking libxkbcommon0:amd64 (1.5.0-1) ...
2026-10-08T15:02:49.7185048Z #9 9.295 Selecting previously unselected package libxnvctrl0:amd64.
2026-10-08T15:02:49.7185991Z #9 9.296 Preparing to unpack .../104-libxnvctrl0_525.85.05-3~deb12u1_amd64.deb ...
2026-10-08T15:02:49.7187281Z #9 9.297 Unpacking libxnvctrl0:amd64 (525.85.05-3~deb12u1) ...
2026-10-08T15:02:49.7188165Z #9 9.311 Selecting previously unselected package chromium-headless-shell.
2026-10-08T15:02:49.7189307Z #9 9.313 Preparing to unpack .../105-chromium-headless-shell_154.0.8037.92-1~deb12u1_amd64.deb ...
2026-10-08T15:02:49.7190555Z #9 9.313 Unpacking chromium-headless-shell (154.0.8037.92-1~deb12u1) ...
2026-10-08T15:02:51.0897033Z #9 10.84 Selecting previously unselected package tini.
2026-10-08T15:02:51.2372205Z #9 10.84 Preparing to unpack .../106-tini_0.19.0-1+b3_amd64.deb ...
2026-10-08T15:02:51.2372970Z #9 10.84 Unpacking tini (0.19.0-1+b3) ...
2026-10-08T15:02:51.2373672Z #9 10.88 Setting up libexpat1:amd64 (2.5.0-1+deb12u4) ...
2026-10-08T15:02:51.2374362Z #9 10.88 Setting up bubblewrap (0.8.0-2+deb12u1) ...
2026-10-08T15:02:51.2375069Z #9 10.88 Setting up libgraphite2-3:amd64 (1.3.14-1+deb12u1) ...
2026-10-08T15:02:51.2375546Z #9 10.89 Setting up libwayland-server0:amd64 (1.21.0-1) ...
2026-10-08T15:02:51.2376095Z #9 10.89 Setting up libpciaccess0:amd64 (0.17-2) ...
2026-10-08T15:02:51.2376744Z #9 10.89 Setting up libxau6:amd64 (1:1.0.9-1) ...
2026-10-08T15:02:51.2377222Z #9 10.89 Setting up libdouble-conversion3:amd64 (3.2.1-1) ...
2026-10-08T15:02:51.2377792Z #9 10.89 Setting up libicu72:amd64 (72.1-3+deb12u1) ...
2026-10-08T15:02:51.2378764Z #9 10.89 Setting up libmpg123-0:amd64 (1.31.2-1+deb12u1) ...
2026-10-08T15:02:51.2379278Z #9 10.90 Setting up libogg0:amd64 (1.3.5-3) ...
2026-10-08T15:02:51.2379690Z #9 10.90 Setting up libminizip1:amd64 (1.1-8+deb12u1) ...
2026-10-08T15:02:51.2380228Z #9 10.90 Setting up libglib2.0-0:amd64 (2.74.6-2+deb12u9) ...
2026-10-08T15:02:51.2380627Z #9 10.90 No schema files found: doing nothing.
2026-10-08T15:02:51.2381291Z #9 10.91 Setting up libglvnd0:amd64 (1.6.0-1) ...
2026-10-08T15:02:51.2381942Z #9 10.91 Setting up libbrotli1:amd64 (1.0.9-2+b6) ...
2026-10-08T15:02:51.2382617Z #9 10.91 Setting up libsqlite3-0:amd64 (3.40.1-2+deb12u2) ...
2026-10-08T15:02:51.2383236Z #9 10.91 Setting up x11-common (1:7.7+23) ...
2026-10-08T15:02:51.2383878Z #9 10.98 debconf: unable to initialize frontend: Dialog
2026-10-08T15:02:51.2384690Z #9 10.98 debconf: (TERM is not set, so the dialog frontend is not usable.)
2026-10-08T15:02:51.2385456Z #9 10.98 debconf: falling back to frontend: Readline
2026-10-08T15:02:51.3386138Z #9 10.98 debconf: unable to initialize frontend: Readline
2026-10-08T15:02:51.3389929Z #9 10.98 debconf: (Can't locate Term/ReadLine.pm in @INC (you may need to install the Term::ReadLine module) (@INC contains: /etc/perl /usr/local/lib/x86_64-linux-gnu/perl/5.36.0 /usr/local/share/perl/5.36.0 /usr/lib/x86_64-linux-gnu/perl5/5.36 /usr/share/perl5 /usr/lib/x86_64-linux-gnu/perl-base /usr/lib/x86_64-linux-gnu/perl/5.36 /usr/share/perl/5.36 /usr/local/lib/site_perl) at /usr/share/perl5/Debconf/FrontEnd/Readline.pm line 7.)
2026-10-08T15:02:51.3392381Z #9 10.98 debconf: falling back to frontend: Teletype
2026-10-08T15:02:51.3392826Z #9 11.00 invoke-rc.d: could not determine current runlevel
2026-10-08T15:02:51.3393295Z #9 11.00 invoke-rc.d: policy-rc.d denied execution of restart.
2026-10-08T15:02:51.3393742Z #9 11.01 Setting up libsensors-config (1:3.6.0-7.1) ...
2026-10-08T15:02:51.3394220Z #9 11.01 Setting up xkb-data (2.35.1-1) ...
2026-10-08T15:02:51.3394784Z #9 11.01 Setting up libasound2-data (1.2.8-1) ...
2026-10-08T15:02:51.3395412Z #9 11.01 Setting up libfontenc1:amd64 (1:1.1.4-1) ...
2026-10-08T15:02:51.3395911Z #9 11.02 Setting up libz3-4:amd64 (4.8.12-3.1) ...
2026-10-08T15:02:51.3396873Z #9 11.02 Setting up libflac12:amd64 (1.4.2+ds-2) ...
2026-10-08T15:02:51.3397557Z #9 11.02 Setting up libjpeg62-turbo:amd64 (1:2.1.5-2) ...
2026-10-08T15:02:51.3398039Z #9 11.02 Setting up libx11-data (2:1.8.4-2+deb12u2) ...
2026-10-08T15:02:51.3398565Z #9 11.02 Setting up libnspr4:amd64 (2:4.35-1) ...
2026-10-08T15:02:51.3398999Z #9 11.02 Setting up libdbus-1-3:amd64 (1.14.10-1~deb12u1) ...
2026-10-08T15:02:51.3399414Z #9 11.03 Setting up libopus0:amd64 (1.3.1-3) ...
2026-10-08T15:02:51.3399828Z #9 11.03 Setting up libpng16-16:amd64 (1.6.39-2+deb12u6) ...
2026-10-08T15:02:51.3400327Z #9 11.03 Setting up libvorbis0a:amd64 (1.3.7-1) ...
2026-10-08T15:02:51.3400883Z #9 11.03 Setting up tini (0.19.0-1+b3) ...
2026-10-08T15:02:51.3401304Z #9 11.03 Setting up fonts-dejavu-core (2.37-6) ...
2026-10-08T15:02:51.3401971Z #9 11.04 Setting up libsensors5:amd64 (1:3.6.0-7.1) ...
2026-10-08T15:02:51.3402402Z #9 11.04 Setting up libdav1d6:amd64 (1.0.0-2+deb12u1) ...
2026-10-08T15:02:51.3403024Z #9 11.05 Setting up libglapi-mesa:amd64 (22.3.6-1+deb12u2) ...
2026-10-08T15:02:51.3403716Z #9 11.05 Setting up libopenh264-7:amd64 (2.3.1+dfsg-3+deb12u2) ...
2026-10-08T15:02:51.3404155Z #9 11.05 Setting up libasyncns0:amd64 (0.8-6+b3) ...
2026-10-08T15:02:51.3404543Z #9 11.05 Setting up libxshmfence1:amd64 (1.3-1) ...
2026-10-08T15:02:51.3404937Z #9 11.05 Setting up at-spi2-common (2.46.0-5) ...
2026-10-08T15:02:51.3405333Z #9 11.06 Setting up libasound2:amd64 (1.2.8-1+b1) ...
2026-10-08T15:02:51.3405803Z #9 11.06 Setting up libatk1.0-0:amd64 (2.46.0-5) ...
2026-10-08T15:02:51.3406588Z #9 11.06 Setting up libbsd0:amd64 (0.11.7-2) ...
2026-10-08T15:02:51.3407217Z #9 11.06 Setting up libdrm-common (2.4.114-1) ...
2026-10-08T15:02:51.3407594Z #9 11.06 Setting up libelf1:amd64 (0.188-2.1) ...
2026-10-08T15:02:51.3408173Z #9 11.06 Setting up libxml2:amd64 (2.9.14+dfsg-1.3~deb12u6) ...
2026-10-08T15:02:51.3409016Z #9 11.07 Setting up xdg-utils (1.1.3-4.1) ...
2026-10-08T15:02:51.3409641Z #9 11.07 update-alternatives: using /usr/bin/xdg-open to provide /usr/bin/open (open) in auto mode
2026-10-08T15:02:51.3410759Z #9 11.07 update-alternatives: warning: skip creation of /usr/share/man/man1/open.1.gz because associated file /usr/share/man/man1/xdg-open.1.gz (of link group open) doesn't exist
2026-10-08T15:02:51.3411586Z #9 11.07 Setting up libmp3lame0:amd64 (3.100-6) ...
2026-10-08T15:02:51.3411996Z #9 11.07 Setting up libvorbisenc2:amd64 (1.3.7-1) ...
2026-10-08T15:02:51.3412387Z #9 11.08 Setting up libxkbcommon0:amd64 (1.5.0-1) ...
2026-10-08T15:02:51.3412784Z #9 11.08 Setting up libice6:amd64 (2:1.0.10-1) ...
2026-10-08T15:02:51.3413169Z #9 11.08 Setting up libxdmcp6:amd64 (1:1.1.2-3) ...
2026-10-08T15:02:51.3413533Z #9 11.08 Setting up libxcb1:amd64 (1.15-1) ...
2026-10-08T15:02:51.3413925Z #9 11.08 Setting up libxcb-xfixes0:amd64 (1.15-1) ...
2026-10-08T15:02:51.3414356Z #9 11.08 Setting up fontconfig-config (2.14.1-4) ...
2026-10-08T15:02:51.5367680Z #9 11.15 debconf: unable to initialize frontend: Dialog
2026-10-08T15:02:51.5368309Z #9 11.15 debconf: (TERM is not set, so the dialog frontend is not usable.)
2026-10-08T15:02:51.5368913Z #9 11.15 debconf: falling back to frontend: Readline
2026-10-08T15:02:51.5369359Z #9 11.15 debconf: unable to initialize frontend: Readline
2026-10-08T15:02:51.5371361Z #9 11.15 debconf: (Can't locate Term/ReadLine.pm in @INC (you may need to install the Term::ReadLine module) (@INC contains: /etc/perl /usr/local/lib/x86_64-linux-gnu/perl/5.36.0 /usr/local/share/perl/5.36.0 /usr/lib/x86_64-linux-gnu/perl5/5.36 /usr/share/perl5 /usr/lib/x86_64-linux-gnu/perl-base /usr/lib/x86_64-linux-gnu/perl/5.36 /usr/share/perl/5.36 /usr/local/lib/site_perl) at /usr/share/perl5/Debconf/FrontEnd/Readline.pm line 7.)
2026-10-08T15:02:51.5373292Z #9 11.15 debconf: falling back to frontend: Teletype
2026-10-08T15:02:51.5373821Z #9 11.28 Setting up libxcb-glx0:amd64 (1.15-1) ...
2026-10-08T15:02:51.6378295Z #9 11.28 Setting up libedit2:amd64 (3.1-20221030-2) ...
2026-10-08T15:02:51.6379050Z #9 11.29 Setting up libxcb-shape0:amd64 (1.15-1) ...
2026-10-08T15:02:51.6380006Z #9 11.29 Setting up libnss3:amd64 (2:3.87.1-1+deb12u4) ...
2026-10-08T15:02:51.6380430Z #9 11.29 Setting up libxcb-shm0:amd64 (1.15-1) ...
2026-10-08T15:02:51.6380977Z #9 11.29 Setting up libxcb-present0:amd64 (1.15-1) ...
2026-10-08T15:02:51.6381432Z #9 11.29 Setting up libfreetype6:amd64 (2.12.1+dfsg-5+deb12u4) ...
2026-10-08T15:02:51.6381917Z #9 11.30 Setting up libxcb-sync1:amd64 (1.15-1) ...
2026-10-08T15:02:51.6382559Z #9 11.30 Setting up libxcb-dri2-0:amd64 (1.15-1) ...
2026-10-08T15:02:51.6383060Z #9 11.30 Setting up libdrm2:amd64 (2.4.114-1+b1) ...
2026-10-08T15:02:51.6383440Z #9 11.30 Setting up libxcb-randr0:amd64 (1.15-1) ...
2026-10-08T15:02:51.6383959Z #9 11.30 Setting up libllvm15:amd64 (1:15.0.6-4+b1) ...
2026-10-08T15:02:51.6384626Z #9 11.31 Setting up libx11-6:amd64 (2:1.8.4-2+deb12u2) ...
2026-10-08T15:02:51.6385324Z #9 11.31 Setting up libharfbuzz0b:amd64 (6.0.0+dfsg-3) ...
2026-10-08T15:02:51.6385965Z #9 11.31 Setting up libfontconfig1:amd64 (2.14.1-4) ...
2026-10-08T15:02:51.6386595Z #9 11.31 Setting up libsndfile1:amd64 (1.2.0-1+deb12u1) ...
2026-10-08T15:02:51.6387125Z #9 11.31 Setting up libxkbfile1:amd64 (1:1.1.0-1) ...
2026-10-08T15:02:51.6387542Z #9 11.32 Setting up libxcomposite1:amd64 (1:0.4.5-1) ...
2026-10-08T15:02:51.6387927Z #9 11.32 Setting up libsm6:amd64 (2:1.2.3-1) ...
2026-10-08T15:02:51.6388360Z #9 11.32 Setting up libxmuu1:amd64 (2:1.1.3-3) ...
2026-10-08T15:02:51.6389018Z #9 11.32 Setting up libdrm-amdgpu1:amd64 (2.4.114-1+b1) ...
2026-10-08T15:02:51.6389488Z #9 11.34 Setting up libxcb-dri3-0:amd64 (1.15-1) ...
2026-10-08T15:02:51.6389950Z #9 11.35 Setting up libx11-xcb1:amd64 (2:1.8.4-2+deb12u2) ...
2026-10-08T15:02:51.6390693Z #9 11.35 Setting up libdrm-nouveau2:amd64 (2.4.114-1+b1) ...
2026-10-08T15:02:51.6391376Z #9 11.35 Setting up libxdamage1:amd64 (1:1.1.6-1) ...
2026-10-08T15:02:51.6392316Z #9 11.35 Setting up libxpm4:amd64 (1:3.5.12-1.1+deb12u1) ...
2026-10-08T15:02:51.6393035Z #9 11.35 Setting up libxrender1:amd64 (1:0.9.10-1.1) ...
2026-10-08T15:02:51.6393759Z #9 11.35 Setting up libgbm1:amd64 (22.3.6-1+deb12u2) ...
2026-10-08T15:02:51.6394447Z #9 11.36 Setting up libpulse0:amd64 (16.1+dfsg1-2+b1) ...
2026-10-08T15:02:51.6395093Z #9 11.36 Setting up libdrm-radeon1:amd64 (2.4.114-1+b1) ...
2026-10-08T15:02:51.6395787Z #9 11.37 Setting up libdrm-intel1:amd64 (2.4.114-1+b1) ...
2026-10-08T15:02:51.6396643Z #9 11.37 Setting up libgl1-mesa-dri:amd64 (22.3.6-1+deb12u2) ...
2026-10-08T15:02:51.6397103Z #9 11.37 Setting up libxext6:amd64 (2:1.3.4-1+b1) ...
2026-10-08T15:02:51.6397666Z #9 11.37 Setting up libxxf86vm1:amd64 (1:1.1.4-1+b2) ...
2026-10-08T15:02:51.6398364Z #9 11.38 Setting up libxnvctrl0:amd64 (525.85.05-3~deb12u1) ...
2026-10-08T15:02:51.6399045Z #9 11.38 Setting up libxfixes3:amd64 (1:6.0.0-2) ...
2026-10-08T15:02:51.6399557Z #9 11.38 Setting up libxinerama1:amd64 (2:1.1.4-3) ...
2026-10-08T15:02:51.6399942Z #9 11.38 Setting up libxv1:amd64 (2:1.0.11-1.1) ...
2026-10-08T15:02:51.6400449Z #9 11.38 Setting up libxrandr2:amd64 (2:1.5.2-2+b1) ...
2026-10-08T15:02:51.8234412Z #9 11.39 Setting up libxt6:amd64 (1:1.2.1-1.1) ...
2026-10-08T15:02:51.8234989Z #9 11.39 Setting up libharfbuzz-subset0:amd64 (6.0.0+dfsg-3) ...
2026-10-08T15:02:51.8235429Z #9 11.39 Setting up libxft2:amd64 (2.3.6-1) ...
2026-10-08T15:02:51.8235806Z #9 11.39 Setting up libxmu6:amd64 (2:1.1.3-3) ...
2026-10-08T15:02:51.8236233Z #9 11.39 Setting up libglx-mesa0:amd64 (22.3.6-1+deb12u2) ...
2026-10-08T15:02:51.8236917Z #9 11.39 Setting up libxi6:amd64 (2:1.8-1+b1) ...
2026-10-08T15:02:51.8237300Z #9 11.40 Setting up libglx0:amd64 (1.6.0-1) ...
2026-10-08T15:02:51.8237863Z #9 11.40 Setting up libxtst6:amd64 (2:1.2.3-1.1) ...
2026-10-08T15:02:51.8238280Z #9 11.40 Setting up libxxf86dga1:amd64 (2:1.1.5-1) ...
2026-10-08T15:02:51.8238666Z #9 11.40 Setting up libxaw7:amd64 (2:1.0.14-1) ...
2026-10-08T15:02:51.8239298Z #9 11.40 Setting up libatspi2.0-0:amd64 (2.46.0-5) ...
2026-10-08T15:02:51.8239965Z #9 11.40 Setting up libgl1:amd64 (1.6.0-1) ...
2026-10-08T15:02:51.8240934Z #9 11.41 Setting up x11-utils (7.7+5) ...
2026-10-08T15:02:51.8241586Z #9 11.41 Setting up chromium-common (154.0.8037.92-1~deb12u1) ...
2026-10-08T15:02:51.8242402Z #9 11.42 Setting up chromium-headless-shell (154.0.8037.92-1~deb12u1) ...
2026-10-08T15:02:51.8243249Z #9 11.42 Processing triggers for libc-bin (2.36-9+deb12u14) ...
2026-10-08T15:02:52.7928108Z #9 DONE 12.5s
2026-10-08T15:02:52.9578697Z 
2026-10-08T15:02:52.9579567Z #10 [ 5/11] COPY package.json pnpm-lock.yaml pnpm-workspace.yaml ./
2026-10-08T15:02:52.9580222Z #10 DONE 0.0s
2026-10-08T15:02:52.9580429Z 
2026-10-08T15:02:52.9580724Z #11 [ 6/11] RUN pnpm install --frozen-lockfile
2026-10-08T15:02:52.9841137Z #11 0.177 ! Corepack is about to download https://registry.npmjs.org/pnpm/-/pnpm-10.18.3.tgz
2026-10-08T15:02:54.1918500Z #11 1.383 Lockfile is up to date, resolution step is skipped
2026-10-08T15:02:54.4339332Z #11 1.424 Progress: resolved 1, reused 0, downloaded 0, added 0
2026-10-08T15:02:54.4340494Z #11 1.476 Packages: +408
2026-10-08T15:02:54.4341613Z #11 1.476 ++++++++++++++++++++++++++++++++++++++++++++++++++++++++++++++++++++++++++++++++
2026-10-08T15:02:54.4970517Z #11 1.690 
2026-10-08T15:02:54.4971421Z #11 1.690    ╭───────────────────────────────────────────────╮
2026-10-08T15:02:54.4972100Z #11 1.690    │                                               │
2026-10-08T15:02:54.4972599Z #11 1.690    │     Update available! 10.18.3 → 12.10.1.      │
2026-10-08T15:02:54.4973249Z #11 1.690    │     Changelog: https://pnpm.io/v/12.10.1      │
2026-10-08T15:02:54.4974018Z #11 1.690    │   To update, run: corepack use pnpm@12.10.1   │
2026-10-08T15:02:54.4974769Z #11 1.690    │                                               │
2026-10-08T15:02:54.4975535Z #11 1.690    ╰───────────────────────────────────────────────╯
2026-10-08T15:02:54.4976871Z #11 1.690 
2026-10-08T15:02:55.2334392Z #11 2.426 Progress: resolved 408, reused 0, downloaded 145, added 128
2026-10-08T15:02:56.2347674Z #11 3.425 Progress: resolved 408, reused 0, downloaded 256, added 246
2026-10-08T15:02:57.2333710Z #11 4.426 Progress: resolved 408, reused 0, downloaded 327, added 281
2026-10-08T15:02:58.2335427Z #11 5.426 Progress: resolved 408, reused 0, downloaded 407, added 407
2026-10-08T15:02:58.7942760Z #11 5.987 Progress: resolved 408, reused 0, downloaded 408, added 408, done
2026-10-08T15:02:58.9144283Z #11 6.107 .../node_modules/@prisma/engines postinstall$ node scripts/postinstall.js
2026-10-08T15:02:59.1010800Z #11 6.141 .../esbuild@0.28.2/node_modules/esbuild postinstall$ node install.js
2026-10-08T15:02:59.1012026Z #11 6.141 .../node_modules/workerd postinstall$ node install.js
2026-10-08T15:02:59.1013481Z #11 6.142 .../esbuild@0.28.1/node_modules/esbuild postinstall$ node install.js
2026-10-08T15:02:59.1014828Z #11 6.143 .../esbuild@0.25.12/node_modules/esbuild postinstall$ node install.js
2026-10-08T15:02:59.1113667Z #11 6.304 .../node_modules/workerd postinstall: Done
2026-10-08T15:02:59.2147957Z #11 6.312 .../esbuild@0.28.2/node_modules/esbuild postinstall: Done
2026-10-08T15:02:59.2150371Z #11 6.369 .../node_modules/@prisma/engines postinstall: prisma:warn Prisma failed to detect the libssl/openssl version to use, and may not work as expected. Defaulting to "openssl-1.1.x".
2026-10-08T15:02:59.2153330Z #11 6.369 .../node_modules/@prisma/engines postinstall: Please manually install OpenSSL via `apt-get update -y && apt-get install -y openssl` and try installing Prisma again. If you're running Prisma on Docker, add this command to your Dockerfile, or switch to an image that already has OpenSSL installed.
2026-10-08T15:02:59.2155351Z #11 6.406 .../esbuild@0.28.1/node_modules/esbuild postinstall: Done
2026-10-08T15:02:59.3670021Z #11 6.409 .../esbuild@0.25.12/node_modules/esbuild postinstall: Done
2026-10-08T15:02:59.7102007Z #11 6.903 .../node_modules/@prisma/engines postinstall: Done
2026-10-08T15:02:59.8889132Z #11 7.082 .../node_modules/prisma preinstall$ node scripts/preinstall-entry.js
2026-10-08T15:03:00.1113674Z #11 7.153 .../node_modules/prisma preinstall: Done
2026-10-08T15:03:00.3138167Z #11 7.506 
2026-10-08T15:03:00.3139076Z #11 7.506 dependencies:
2026-10-08T15:03:00.3139919Z #11 7.506 + @cloudflare/containers 0.3.7
2026-10-08T15:03:00.3141727Z #11 7.506 + @supabase/server 1.8.0
2026-10-08T15:03:00.3142520Z #11 7.506 + @supabase/supabase-js 2.117.0
2026-10-08T15:03:00.3143398Z #11 7.506 + @tiptap/extension-collaboration 3.31.3
2026-10-08T15:03:00.3144342Z #11 7.506 + @tiptap/extension-collaboration-caret 3.31.3
2026-10-08T15:03:00.3145225Z #11 7.506 + @tiptap/react 3.31.3
2026-10-08T15:03:00.3146027Z #11 7.506 + @tiptap/starter-kit 3.31.3
2026-10-08T15:03:00.3147020Z #11 7.506 + @vitejs/plugin-react 5.2.0
2026-10-08T15:03:00.3153543Z #11 7.506 + cross-env 10.1.0
2026-10-08T15:03:00.3154226Z #11 7.506 + dotenv 17.4.2
2026-10-08T15:03:00.3154882Z #11 7.506 + esbuild 0.25.12
2026-10-08T15:03:00.3155575Z #11 7.506 + esbuild-wasm 0.25.12
2026-10-08T15:03:00.3156237Z #11 7.506 + express 5.2.1
2026-10-08T15:03:00.3157076Z #11 7.506 + lucide-react 0.468.0
2026-10-08T15:03:00.3157741Z #11 7.506 + react 19.2.8
2026-10-08T15:03:00.3158369Z #11 7.506 + react-dom 19.2.8
2026-10-08T15:03:00.3159004Z #11 7.506 + vite 7.3.6
2026-10-08T15:03:00.3159611Z #11 7.506 + ws 8.21.3
2026-10-08T15:03:00.3160251Z #11 7.506 + y-protocols 1.0.7
2026-10-08T15:03:00.3160922Z #11 7.506 + yjs 13.6.32
2026-10-08T15:03:00.3161484Z #11 7.506 
2026-10-08T15:03:00.3162344Z #11 7.506 devDependencies:
2026-10-08T15:03:00.3163014Z #11 7.506 + @prisma/adapter-pg 7.10.0
2026-10-08T15:03:00.3163741Z #11 7.506 + @prisma/client 7.10.0
2026-10-08T15:03:00.3164445Z #11 7.506 + @types/express 5.0.6
2026-10-08T15:03:00.3165119Z #11 7.506 + @types/node 22.20.1
2026-10-08T15:03:00.3165746Z #11 7.506 + @types/pg 8.23.1
2026-10-08T15:03:00.3166594Z #11 7.506 + @types/react 19.2.18
2026-10-08T15:03:00.3167649Z #11 7.506 + @types/react-dom 19.2.7
2026-10-08T15:03:00.3168302Z #11 7.506 + @types/ws 8.18.1
2026-10-08T15:03:00.3168909Z #11 7.506 + pg 8.23.0
2026-10-08T15:03:00.3169481Z #11 7.506 + prisma 7.10.0
2026-10-08T15:03:00.3170071Z #11 7.506 + tsx 4.23.13
2026-10-08T15:03:00.3170667Z #11 7.506 + typescript 5.9.3
2026-10-08T15:03:00.3171283Z #11 7.506 + wrangler 4.131.1
2026-10-08T15:03:00.3171860Z #11 7.506 
2026-10-08T15:03:00.4657706Z #11 7.658 Done in 6.6s using pnpm v10.18.3
2026-10-08T15:03:00.6760809Z #11 DONE 7.7s
2026-10-08T15:03:00.6761786Z 
2026-10-08T15:03:00.6762259Z #12 [ 7/11] COPY . .
2026-10-08T15:03:01.7832237Z #12 DONE 1.3s
2026-10-08T15:03:01.9347028Z 
2026-10-08T15:03:01.9349237Z #13 [ 8/11] RUN apt-get update && apt-get install -y --no-install-recommends gcc libc6-dev && gcc -O2 -Wall -Wextra -Werror server/isolation/linux-job-launcher.c -o /usr/local/bin/cocreate-job-launcher && apt-get purge -y gcc libc6-dev && apt-get autoremove -y && rm -rf /var/lib/apt/lists/*
2026-10-08T15:03:01.9598054Z #13 0.176 Get:1 http://deb.debian.org/debian bookworm InRelease [151 kB]
2026-10-08T15:03:02.1126699Z #13 0.194 Get:2 http://deb.debian.org/debian bookworm-updates InRelease [55.4 kB]
2026-10-08T15:03:02.1127958Z #13 0.199 Get:3 http://deb.debian.org/debian-security bookworm-security InRelease [34.8 kB]
2026-10-08T15:03:02.1129097Z #13 0.264 Get:4 http://deb.debian.org/debian bookworm/main amd64 Packages [8790 kB]
2026-10-08T15:03:02.1130207Z #13 0.329 Get:5 http://deb.debian.org/debian bookworm-updates/main amd64 Packages [6924 B]
2026-10-08T15:03:02.3274684Z #13 0.394 Get:6 http://deb.debian.org/debian-security bookworm-security/main amd64 Packages [349 kB]
2026-10-08T15:03:02.9736147Z #13 1.190 Fetched 9388 kB in 1s (9115 kB/s)
2026-10-08T15:03:03.4153542Z #13 1.190 Reading package lists...
2026-10-08T15:03:03.8965934Z #13 1.654 Reading package lists...
2026-10-08T15:03:04.0096967Z #13 2.127 Building dependency tree...
2026-10-08T15:03:04.1098823Z #13 2.227 Reading state information...
2026-10-08T15:03:04.1099451Z #13 2.327 The following additional packages will be installed:
2026-10-08T15:03:04.2576670Z #13 2.327   binutils binutils-common binutils-x86-64-linux-gnu cpp cpp-12 gcc-12
2026-10-08T15:03:04.2578685Z #13 2.328   libasan8 libatomic1 libbinutils libc-dev-bin libcc1-0 libcrypt-dev
2026-10-08T15:03:04.2580034Z #13 2.328   libctf-nobfd0 libctf0 libgcc-12-dev libgomp1 libgprofng0 libgssapi-krb5-2
2026-10-08T15:03:04.2581364Z #13 2.328   libisl23 libitm1 libjansson4 libk5crypto3 libkeyutils1 libkrb5-3
2026-10-08T15:03:04.2582753Z #13 2.328   libkrb5support0 liblsan0 libmpc3 libmpfr6 libnsl-dev libnsl2 libquadmath0
2026-10-08T15:03:04.2584078Z #13 2.328   libssl3 libtirpc-common libtirpc-dev libtirpc3 libtsan2 libubsan1
2026-10-08T15:03:04.2585081Z #13 2.328   linux-libc-dev rpcsvc-proto
2026-10-08T15:03:04.2585791Z #13 2.328 Suggested packages:
2026-10-08T15:03:04.2586593Z #13 2.328   binutils-doc cpp-doc gcc-12-locales cpp-12-doc gcc-multilib make
2026-10-08T15:03:04.2587508Z #13 2.328   manpages-dev autoconf automake libtool flex bison gdb gcc-doc
2026-10-08T15:03:04.2588423Z #13 2.328   gcc-12-multilib gcc-12-doc glibc-doc krb5-doc krb5-user
2026-10-08T15:03:04.2588967Z #13 2.328 Recommended packages:
2026-10-08T15:03:04.2589608Z #13 2.328   manpages manpages-dev libc-devtools krb5-locales
2026-10-08T15:03:04.2590275Z #13 2.474 The following NEW packages will be installed:
2026-10-08T15:03:04.3654022Z #13 2.475   binutils binutils-common binutils-x86-64-linux-gnu cpp cpp-12 gcc gcc-12
2026-10-08T15:03:04.3655301Z #13 2.475   libasan8 libatomic1 libbinutils libc-dev-bin libc6-dev libcc1-0 libcrypt-dev
2026-10-08T15:03:04.3656686Z #13 2.475   libctf-nobfd0 libctf0 libgcc-12-dev libgomp1 libgprofng0 libgssapi-krb5-2
2026-10-08T15:03:04.3657773Z #13 2.475   libisl23 libitm1 libjansson4 libk5crypto3 libkeyutils1 libkrb5-3
2026-10-08T15:03:04.3658813Z #13 2.476   libkrb5support0 liblsan0 libmpc3 libmpfr6 libnsl-dev libnsl2 libquadmath0
2026-10-08T15:03:04.3659824Z #13 2.476   libssl3 libtirpc-common libtirpc-dev libtirpc3 libtsan2 libubsan1
2026-10-08T15:03:04.3660871Z #13 2.476   linux-libc-dev rpcsvc-proto
2026-10-08T15:03:04.3661602Z #13 2.538 0 upgraded, 41 newly installed, 0 to remove and 1 not upgraded.
2026-10-08T15:03:04.3662309Z #13 2.538 Need to get 53.5 MB of archives.
2026-10-08T15:03:04.3663076Z #13 2.538 After this operation, 210 MB of additional disk space will be used.
2026-10-08T15:03:04.3664227Z #13 2.538 Get:1 http://deb.debian.org/debian bookworm/main amd64 binutils-common amd64 2.40-2 [2487 kB]
2026-10-08T15:03:04.3665437Z #13 2.582 Get:2 http://deb.debian.org/debian bookworm/main amd64 libbinutils amd64 2.40-2 [572 kB]
2026-10-08T15:03:04.4694208Z #13 2.587 Get:3 http://deb.debian.org/debian bookworm/main amd64 libctf-nobfd0 amd64 2.40-2 [153 kB]
2026-10-08T15:03:04.4695443Z #13 2.588 Get:4 http://deb.debian.org/debian bookworm/main amd64 libctf0 amd64 2.40-2 [89.8 kB]
2026-10-08T15:03:04.4696882Z #13 2.593 Get:5 http://deb.debian.org/debian bookworm/main amd64 libgprofng0 amd64 2.40-2 [812 kB]
2026-10-08T15:03:04.4698962Z #13 2.597 Get:6 http://deb.debian.org/debian bookworm/main amd64 libjansson4 amd64 2.14-2 [40.8 kB]
2026-10-08T15:03:04.4699855Z #13 2.606 Get:7 http://deb.debian.org/debian bookworm/main amd64 binutils-x86-64-linux-gnu amd64 2.40-2 [2246 kB]
2026-10-08T15:03:04.4701277Z #13 2.615 Get:8 http://deb.debian.org/debian bookworm/main amd64 binutils amd64 2.40-2 [65.0 kB]
2026-10-08T15:03:04.4702027Z #13 2.616 Get:9 http://deb.debian.org/debian bookworm/main amd64 libisl23 amd64 0.25-1.1 [683 kB]
2026-10-08T15:03:04.4702690Z #13 2.624 Get:10 http://deb.debian.org/debian bookworm/main amd64 libmpfr6 amd64 4.2.0-1 [701 kB]
2026-10-08T15:03:04.4703353Z #13 2.633 Get:11 http://deb.debian.org/debian bookworm/main amd64 libmpc3 amd64 1.3.1-1 [51.5 kB]
2026-10-08T15:03:04.4704065Z #13 2.635 Get:12 http://deb.debian.org/debian bookworm/main amd64 cpp-12 amd64 12.2.0-14+deb12u1 [9768 kB]
2026-10-08T15:03:04.4704766Z #13 2.675 Get:13 http://deb.debian.org/debian bookworm/main amd64 cpp amd64 4:12.2.0-3 [6836 B]
2026-10-08T15:03:04.4705518Z #13 2.675 Get:14 http://deb.debian.org/debian bookworm/main amd64 libcc1-0 amd64 12.2.0-14+deb12u1 [41.7 kB]
2026-10-08T15:03:04.4707009Z #13 2.676 Get:15 http://deb.debian.org/debian bookworm/main amd64 libgomp1 amd64 12.2.0-14+deb12u1 [116 kB]
2026-10-08T15:03:04.4707866Z #13 2.676 Get:16 http://deb.debian.org/debian bookworm/main amd64 libitm1 amd64 12.2.0-14+deb12u1 [26.1 kB]
2026-10-08T15:03:04.4708652Z #13 2.677 Get:17 http://deb.debian.org/debian bookworm/main amd64 libatomic1 amd64 12.2.0-14+deb12u1 [9376 B]
2026-10-08T15:03:04.4710120Z #13 2.677 Get:18 http://deb.debian.org/debian bookworm/main amd64 libasan8 amd64 12.2.0-14+deb12u1 [2193 kB]
2026-10-08T15:03:04.4710894Z #13 2.687 Get:19 http://deb.debian.org/debian bookworm/main amd64 liblsan0 amd64 12.2.0-14+deb12u1 [969 kB]
2026-10-08T15:03:04.5782122Z #13 2.691 Get:20 http://deb.debian.org/debian bookworm/main amd64 libtsan2 amd64 12.2.0-14+deb12u1 [2197 kB]
2026-10-08T15:03:04.5786061Z #13 2.701 Get:21 http://deb.debian.org/debian bookworm/main amd64 libubsan1 amd64 12.2.0-14+deb12u1 [883 kB]
2026-10-08T15:03:04.5787691Z #13 2.705 Get:22 http://deb.debian.org/debian bookworm/main amd64 libquadmath0 amd64 12.2.0-14+deb12u1 [145 kB]
2026-10-08T15:03:04.5788620Z #13 2.705 Get:23 http://deb.debian.org/debian bookworm/main amd64 libgcc-12-dev amd64 12.2.0-14+deb12u1 [2437 kB]
2026-10-08T15:03:04.5789433Z #13 2.716 Get:24 http://deb.debian.org/debian bookworm/main amd64 gcc-12 amd64 12.2.0-14+deb12u1 [19.3 MB]
2026-10-08T15:03:04.5790162Z #13 2.795 Get:25 http://deb.debian.org/debian bookworm/main amd64 gcc amd64 4:12.2.0-3 [5216 B]
2026-10-08T15:03:04.7141322Z #13 2.795 Get:26 http://deb.debian.org/debian bookworm/main amd64 libc-dev-bin amd64 2.36-9+deb12u14 [48.1 kB]
2026-10-08T15:03:04.7143691Z #13 2.796 Get:27 http://deb.debian.org/debian-security bookworm-security/main amd64 linux-libc-dev amd64 6.1.187-1 [2357 kB]
2026-10-08T15:03:04.7145251Z #13 2.801 Get:28 http://deb.debian.org/debian bookworm/main amd64 libcrypt-dev amd64 1:4.4.33-2 [118 kB]
2026-10-08T15:03:04.7147320Z #13 2.802 Get:29 http://deb.debian.org/debian bookworm/main amd64 libkrb5support0 amd64 1.20.1-2+deb12u5 [33.2 kB]
2026-10-08T15:03:04.7148875Z #13 2.802 Get:30 http://deb.debian.org/debian bookworm/main amd64 libk5crypto3 amd64 1.20.1-2+deb12u5 [79.7 kB]
2026-10-08T15:03:04.7150364Z #13 2.803 Get:31 http://deb.debian.org/debian bookworm/main amd64 libkeyutils1 amd64 1.6.3-2 [8808 B]
2026-10-08T15:03:04.7151995Z #13 2.803 Get:32 http://deb.debian.org/debian-security bookworm-security/main amd64 libssl3 amd64 3.0.22-1~deb12u1 [2039 kB]
2026-10-08T15:03:04.7153595Z #13 2.808 Get:33 http://deb.debian.org/debian bookworm/main amd64 libkrb5-3 amd64 1.20.1-2+deb12u5 [332 kB]
2026-10-08T15:03:04.7154942Z #13 2.809 Get:34 http://deb.debian.org/debian bookworm/main amd64 libgssapi-krb5-2 amd64 1.20.1-2+deb12u5 [135 kB]
2026-10-08T15:03:04.7155983Z #13 2.810 Get:35 http://deb.debian.org/debian bookworm/main amd64 libtirpc-common all 1.3.3+ds-1 [14.0 kB]
2026-10-08T15:03:04.7157479Z #13 2.811 Get:36 http://deb.debian.org/debian bookworm/main amd64 libtirpc3 amd64 1.3.3+ds-1 [85.2 kB]
2026-10-08T15:03:04.7160917Z #13 2.813 Get:37 http://deb.debian.org/debian bookworm/main amd64 libnsl2 amd64 1.3.0-2 [39.5 kB]
2026-10-08T15:03:04.7162298Z #13 2.814 Get:38 http://deb.debian.org/debian bookworm/main amd64 libtirpc-dev amd64 1.3.3+ds-1 [191 kB]
2026-10-08T15:03:04.7163687Z #13 2.816 Get:39 http://deb.debian.org/debian bookworm/main amd64 libnsl-dev amd64 1.3.0-2 [66.4 kB]
2026-10-08T15:03:04.7165036Z #13 2.816 Get:40 http://deb.debian.org/debian bookworm/main amd64 rpcsvc-proto amd64 1.4.3-1 [63.3 kB]
2026-10-08T15:03:04.7166637Z #13 2.817 Get:41 http://deb.debian.org/debian bookworm/main amd64 libc6-dev amd64 2.36-9+deb12u14 [1904 kB]
2026-10-08T15:03:04.7167963Z #13 2.931 debconf: delaying package configuration, since apt-utils is not installed
2026-10-08T15:03:04.9120186Z #13 2.954 Fetched 53.5 MB in 0s (155 MB/s)
2026-10-08T15:03:04.9121136Z #13 2.968 Selecting previously unselected package binutils-common:amd64.
2026-10-08T15:03:04.9121891Z #13 2.968 (Reading database ... 
2026-10-08T15:03:04.9122340Z (Reading database ... 5%
2026-10-08T15:03:04.9122747Z (Reading database ... 10%
2026-10-08T15:03:04.9123658Z (Reading database ... 15%
2026-10-08T15:03:04.9124074Z (Reading database ... 20%
2026-10-08T15:03:04.9124470Z (Reading database ... 25%
2026-10-08T15:03:04.9124858Z (Reading database ... 30%
2026-10-08T15:03:04.9125262Z (Reading database ... 35%
2026-10-08T15:03:04.9125652Z (Reading database ... 40%
2026-10-08T15:03:04.9126039Z (Reading database ... 45%
2026-10-08T15:03:04.9126628Z (Reading database ... 50%
2026-10-08T15:03:04.9127025Z (Reading database ... 55%
2026-10-08T15:03:04.9127420Z (Reading database ... 60%
2026-10-08T15:03:04.9127812Z (Reading database ... 65%
2026-10-08T15:03:04.9128209Z (Reading database ... 70%
2026-10-08T15:03:04.9128599Z (Reading database ... 75%
2026-10-08T15:03:04.9128988Z (Reading database ... 80%
2026-10-08T15:03:04.9129402Z (Reading database ... 85%
2026-10-08T15:03:04.9129791Z (Reading database ... 90%
2026-10-08T15:03:04.9130176Z (Reading database ... 95%
2026-10-08T15:03:04.9130579Z (Reading database ... 100%
2026-10-08T15:03:04.9131270Z (Reading database ... 7943 files and directories currently installed.)
2026-10-08T15:03:04.9132198Z #13 2.978 Preparing to unpack .../00-binutils-common_2.40-2_amd64.deb ...
2026-10-08T15:03:04.9132997Z #13 2.979 Unpacking binutils-common:amd64 (2.40-2) ...
2026-10-08T15:03:04.9502752Z #13 3.167 Selecting previously unselected package libbinutils:amd64.
2026-10-08T15:03:05.0505382Z #13 3.169 Preparing to unpack .../01-libbinutils_2.40-2_amd64.deb ...
2026-10-08T15:03:05.0505967Z #13 3.170 Unpacking libbinutils:amd64 (2.40-2) ...
2026-10-08T15:03:05.0506693Z #13 3.222 Selecting previously unselected package libctf-nobfd0:amd64.
2026-10-08T15:03:05.0507260Z #13 3.224 Preparing to unpack .../02-libctf-nobfd0_2.40-2_amd64.deb ...
2026-10-08T15:03:05.0507719Z #13 3.224 Unpacking libctf-nobfd0:amd64 (2.40-2) ...
2026-10-08T15:03:05.0508508Z #13 3.247 Selecting previously unselected package libctf0:amd64.
2026-10-08T15:03:05.0508993Z #13 3.248 Preparing to unpack .../03-libctf0_2.40-2_amd64.deb ...
2026-10-08T15:03:05.0509418Z #13 3.249 Unpacking libctf0:amd64 (2.40-2) ...
2026-10-08T15:03:05.0509871Z #13 3.268 Selecting previously unselected package libgprofng0:amd64.
2026-10-08T15:03:05.2919615Z #13 3.269 Preparing to unpack .../04-libgprofng0_2.40-2_amd64.deb ...
2026-10-08T15:03:05.2920679Z #13 3.270 Unpacking libgprofng0:amd64 (2.40-2) ...
2026-10-08T15:03:05.2921785Z #13 3.338 Selecting previously unselected package libjansson4:amd64.
2026-10-08T15:03:05.2922864Z #13 3.339 Preparing to unpack .../05-libjansson4_2.14-2_amd64.deb ...
2026-10-08T15:03:05.2923789Z #13 3.341 Unpacking libjansson4:amd64 (2.14-2) ...
2026-10-08T15:03:05.2924829Z #13 3.356 Selecting previously unselected package binutils-x86-64-linux-gnu.
2026-10-08T15:03:05.2926048Z #13 3.358 Preparing to unpack .../06-binutils-x86-64-linux-gnu_2.40-2_amd64.deb ...
2026-10-08T15:03:05.2927400Z #13 3.358 Unpacking binutils-x86-64-linux-gnu (2.40-2) ...
2026-10-08T15:03:05.3308124Z #13 3.547 Selecting previously unselected package binutils.
2026-10-08T15:03:05.4558951Z #13 3.549 Preparing to unpack .../07-binutils_2.40-2_amd64.deb ...
2026-10-08T15:03:05.4559691Z #13 3.550 Unpacking binutils (2.40-2) ...
2026-10-08T15:03:05.4560396Z #13 3.572 Selecting previously unselected package libisl23:amd64.
2026-10-08T15:03:05.4561197Z #13 3.573 Preparing to unpack .../08-libisl23_0.25-1.1_amd64.deb ...
2026-10-08T15:03:05.4561875Z #13 3.574 Unpacking libisl23:amd64 (0.25-1.1) ...
2026-10-08T15:03:05.4562551Z #13 3.631 Selecting previously unselected package libmpfr6:amd64.
2026-10-08T15:03:05.4563287Z #13 3.633 Preparing to unpack .../09-libmpfr6_4.2.0-1_amd64.deb ...
2026-10-08T15:03:05.4563916Z #13 3.633 Unpacking libmpfr6:amd64 (4.2.0-1) ...
2026-10-08T15:03:05.4564553Z #13 3.673 Selecting previously unselected package libmpc3:amd64.
2026-10-08T15:03:05.6261620Z #13 3.675 Preparing to unpack .../10-libmpc3_1.3.1-1_amd64.deb ...
2026-10-08T15:03:05.6262558Z #13 3.675 Unpacking libmpc3:amd64 (1.3.1-1) ...
2026-10-08T15:03:05.6263353Z #13 3.691 Selecting previously unselected package cpp-12.
2026-10-08T15:03:05.6263892Z #13 3.692 Preparing to unpack .../11-cpp-12_12.2.0-14+deb12u1_amd64.deb ...
2026-10-08T15:03:05.6264366Z #13 3.693 Unpacking cpp-12 (12.2.0-14+deb12u1) ...
2026-10-08T15:03:06.0321966Z #13 4.249 Selecting previously unselected package cpp.
2026-10-08T15:03:06.2757518Z #13 4.251 Preparing to unpack .../12-cpp_4%3a12.2.0-3_amd64.deb ...
2026-10-08T15:03:06.2758336Z #13 4.252 Unpacking cpp (4:12.2.0-3) ...
2026-10-08T15:03:06.2759072Z #13 4.267 Selecting previously unselected package libcc1-0:amd64.
2026-10-08T15:03:06.2759999Z #13 4.268 Preparing to unpack .../13-libcc1-0_12.2.0-14+deb12u1_amd64.deb ...
2026-10-08T15:03:06.2760842Z #13 4.269 Unpacking libcc1-0:amd64 (12.2.0-14+deb12u1) ...
2026-10-08T15:03:06.2761627Z #13 4.286 Selecting previously unselected package libgomp1:amd64.
2026-10-08T15:03:06.2762567Z #13 4.287 Preparing to unpack .../14-libgomp1_12.2.0-14+deb12u1_amd64.deb ...
2026-10-08T15:03:06.2763415Z #13 4.287 Unpacking libgomp1:amd64 (12.2.0-14+deb12u1) ...
2026-10-08T15:03:06.2764184Z #13 4.308 Selecting previously unselected package libitm1:amd64.
2026-10-08T15:03:06.2765058Z #13 4.309 Preparing to unpack .../15-libitm1_12.2.0-14+deb12u1_amd64.deb ...
2026-10-08T15:03:06.2765865Z #13 4.310 Unpacking libitm1:amd64 (12.2.0-14+deb12u1) ...
2026-10-08T15:03:06.2766802Z #13 4.325 Selecting previously unselected package libatomic1:amd64.
2026-10-08T15:03:06.2767717Z #13 4.326 Preparing to unpack .../16-libatomic1_12.2.0-14+deb12u1_amd64.deb ...
2026-10-08T15:03:06.2768563Z #13 4.327 Unpacking libatomic1:amd64 (12.2.0-14+deb12u1) ...
2026-10-08T15:03:06.2769337Z #13 4.341 Selecting previously unselected package libasan8:amd64.
2026-10-08T15:03:06.2770220Z #13 4.342 Preparing to unpack .../17-libasan8_12.2.0-14+deb12u1_amd64.deb ...
2026-10-08T15:03:06.2771401Z #13 4.343 Unpacking libasan8:amd64 (12.2.0-14+deb12u1) ...
2026-10-08T15:03:06.2934390Z #13 4.511 Selecting previously unselected package liblsan0:amd64.
2026-10-08T15:03:06.5260871Z #13 4.512 Preparing to unpack .../18-liblsan0_12.2.0-14+deb12u1_amd64.deb ...
2026-10-08T15:03:06.5261486Z #13 4.513 Unpacking liblsan0:amd64 (12.2.0-14+deb12u1) ...
2026-10-08T15:03:06.5261991Z #13 4.591 Selecting previously unselected package libtsan2:amd64.
2026-10-08T15:03:06.5262550Z #13 4.592 Preparing to unpack .../19-libtsan2_12.2.0-14+deb12u1_amd64.deb ...
2026-10-08T15:03:06.5263058Z #13 4.593 Unpacking libtsan2:amd64 (12.2.0-14+deb12u1) ...
2026-10-08T15:03:06.5409808Z #13 4.758 Selecting previously unselected package libubsan1:amd64.
2026-10-08T15:03:06.7913951Z #13 4.760 Preparing to unpack .../20-libubsan1_12.2.0-14+deb12u1_amd64.deb ...
2026-10-08T15:03:06.7914579Z #13 4.760 Unpacking libubsan1:amd64 (12.2.0-14+deb12u1) ...
2026-10-08T15:03:06.7915348Z #13 4.833 Selecting previously unselected package libquadmath0:amd64.
2026-10-08T15:03:06.7915999Z #13 4.834 Preparing to unpack .../21-libquadmath0_12.2.0-14+deb12u1_amd64.deb ...
2026-10-08T15:03:06.7916746Z #13 4.835 Unpacking libquadmath0:amd64 (12.2.0-14+deb12u1) ...
2026-10-08T15:03:06.7917256Z #13 4.856 Selecting previously unselected package libgcc-12-dev:amd64.
2026-10-08T15:03:06.7917820Z #13 4.857 Preparing to unpack .../22-libgcc-12-dev_12.2.0-14+deb12u1_amd64.deb ...
2026-10-08T15:03:06.7918328Z #13 4.858 Unpacking libgcc-12-dev:amd64 (12.2.0-14+deb12u1) ...
2026-10-08T15:03:06.8121061Z #13 5.029 Selecting previously unselected package gcc-12.
2026-10-08T15:03:06.9649152Z #13 5.031 Preparing to unpack .../23-gcc-12_12.2.0-14+deb12u1_amd64.deb ...
2026-10-08T15:03:06.9651386Z #13 5.031 Unpacking gcc-12 (12.2.0-14+deb12u1) ...
2026-10-08T15:03:07.4685759Z #13 5.686 Selecting previously unselected package gcc.
2026-10-08T15:03:07.6574669Z #13 5.687 Preparing to unpack .../24-gcc_4%3a12.2.0-3_amd64.deb ...
2026-10-08T15:03:07.6575659Z #13 5.688 Unpacking gcc (4:12.2.0-3) ...
2026-10-08T15:03:07.6576857Z #13 5.704 Selecting previously unselected package libc-dev-bin.
2026-10-08T15:03:07.6578106Z #13 5.705 Preparing to unpack .../25-libc-dev-bin_2.36-9+deb12u14_amd64.deb ...
2026-10-08T15:03:07.6578612Z #13 5.706 Unpacking libc-dev-bin (2.36-9+deb12u14) ...
2026-10-08T15:03:07.6579092Z #13 5.722 Selecting previously unselected package linux-libc-dev:amd64.
2026-10-08T15:03:07.6579682Z #13 5.723 Preparing to unpack .../26-linux-libc-dev_6.1.187-1_amd64.deb ...
2026-10-08T15:03:07.6580176Z #13 5.724 Unpacking linux-libc-dev:amd64 (6.1.187-1) ...
2026-10-08T15:03:07.6998568Z #13 5.917 Selecting previously unselected package libcrypt-dev:amd64.
2026-10-08T15:03:07.9142440Z #13 5.919 Preparing to unpack .../27-libcrypt-dev_1%3a4.4.33-2_amd64.deb ...
2026-10-08T15:03:07.9143327Z #13 5.924 Unpacking libcrypt-dev:amd64 (1:4.4.33-2) ...
2026-10-08T15:03:07.9144133Z #13 5.946 Selecting previously unselected package libkrb5support0:amd64.
2026-10-08T15:03:07.9145123Z #13 5.947 Preparing to unpack .../28-libkrb5support0_1.20.1-2+deb12u5_amd64.deb ...
2026-10-08T15:03:07.9145963Z #13 5.948 Unpacking libkrb5support0:amd64 (1.20.1-2+deb12u5) ...
2026-10-08T15:03:07.9147210Z #13 5.963 Selecting previously unselected package libk5crypto3:amd64.
2026-10-08T15:03:07.9148039Z #13 5.965 Preparing to unpack .../29-libk5crypto3_1.20.1-2+deb12u5_amd64.deb ...
2026-10-08T15:03:07.9148765Z #13 5.966 Unpacking libk5crypto3:amd64 (1.20.1-2+deb12u5) ...
2026-10-08T15:03:07.9149468Z #13 5.985 Selecting previously unselected package libkeyutils1:amd64.
2026-10-08T15:03:07.9150210Z #13 5.986 Preparing to unpack .../30-libkeyutils1_1.6.3-2_amd64.deb ...
2026-10-08T15:03:07.9150862Z #13 5.987 Unpacking libkeyutils1:amd64 (1.6.3-2) ...
2026-10-08T15:03:07.9151486Z #13 6.002 Selecting previously unselected package libssl3:amd64.
2026-10-08T15:03:07.9152215Z #13 6.003 Preparing to unpack .../31-libssl3_3.0.22-1~deb12u1_amd64.deb ...
2026-10-08T15:03:07.9153214Z #13 6.004 Unpacking libssl3:amd64 (3.0.22-1~deb12u1) ...
2026-10-08T15:03:07.9153855Z #13 6.131 Selecting previously unselected package libkrb5-3:amd64.
2026-10-08T15:03:08.0159063Z #13 6.133 Preparing to unpack .../32-libkrb5-3_1.20.1-2+deb12u5_amd64.deb ...
2026-10-08T15:03:08.0159909Z #13 6.134 Unpacking libkrb5-3:amd64 (1.20.1-2+deb12u5) ...
2026-10-08T15:03:08.0161298Z #13 6.171 Selecting previously unselected package libgssapi-krb5-2:amd64.
2026-10-08T15:03:08.0162337Z #13 6.173 Preparing to unpack .../33-libgssapi-krb5-2_1.20.1-2+deb12u5_amd64.deb ...
2026-10-08T15:03:08.0163234Z #13 6.173 Unpacking libgssapi-krb5-2:amd64 (1.20.1-2+deb12u5) ...
2026-10-08T15:03:08.0164033Z #13 6.196 Selecting previously unselected package libtirpc-common.
2026-10-08T15:03:08.0164887Z #13 6.197 Preparing to unpack .../34-libtirpc-common_1.3.3+ds-1_all.deb ...
2026-10-08T15:03:08.0165623Z #13 6.198 Unpacking libtirpc-common (1.3.3+ds-1) ...
2026-10-08T15:03:08.0166332Z #13 6.212 Selecting previously unselected package libtirpc3:amd64.
2026-10-08T15:03:08.0167353Z #13 6.213 Preparing to unpack .../35-libtirpc3_1.3.3+ds-1_amd64.deb ...
2026-10-08T15:03:08.0168059Z #13 6.214 Unpacking libtirpc3:amd64 (1.3.3+ds-1) ...
2026-10-08T15:03:08.0168754Z #13 6.233 Selecting previously unselected package libnsl2:amd64.
2026-10-08T15:03:08.2581412Z #13 6.235 Preparing to unpack .../36-libnsl2_1.3.0-2_amd64.deb ...
2026-10-08T15:03:08.2581931Z #13 6.235 Unpacking libnsl2:amd64 (1.3.0-2) ...
2026-10-08T15:03:08.2582424Z #13 6.251 Selecting previously unselected package libtirpc-dev:amd64.
2026-10-08T15:03:08.2582981Z #13 6.252 Preparing to unpack .../37-libtirpc-dev_1.3.3+ds-1_amd64.deb ...
2026-10-08T15:03:08.2583456Z #13 6.253 Unpacking libtirpc-dev:amd64 (1.3.3+ds-1) ...
2026-10-08T15:03:08.2583922Z #13 6.280 Selecting previously unselected package libnsl-dev:amd64.
2026-10-08T15:03:08.2584432Z #13 6.282 Preparing to unpack .../38-libnsl-dev_1.3.0-2_amd64.deb ...
2026-10-08T15:03:08.2584870Z #13 6.283 Unpacking libnsl-dev:amd64 (1.3.0-2) ...
2026-10-08T15:03:08.2585353Z #13 6.300 Selecting previously unselected package rpcsvc-proto.
2026-10-08T15:03:08.2585853Z #13 6.302 Preparing to unpack .../39-rpcsvc-proto_1.4.3-1_amd64.deb ...
2026-10-08T15:03:08.2586757Z #13 6.302 Unpacking rpcsvc-proto (1.4.3-1) ...
2026-10-08T15:03:08.2587228Z #13 6.323 Selecting previously unselected package libc6-dev:amd64.
2026-10-08T15:03:08.2587777Z #13 6.324 Preparing to unpack .../40-libc6-dev_2.36-9+deb12u14_amd64.deb ...
2026-10-08T15:03:08.2588413Z #13 6.325 Unpacking libc6-dev:amd64 (2.36-9+deb12u14) ...
2026-10-08T15:03:08.2973582Z #13 6.514 Setting up libkeyutils1:amd64 (1.6.3-2) ...
2026-10-08T15:03:08.4943475Z #13 6.516 Setting up libtirpc-common (1.3.3+ds-1) ...
2026-10-08T15:03:08.4944520Z #13 6.518 Setting up binutils-common:amd64 (2.40-2) ...
2026-10-08T15:03:08.4945505Z #13 6.520 Setting up libssl3:amd64 (3.0.22-1~deb12u1) ...
2026-10-08T15:03:08.4946273Z #13 6.522 Setting up linux-libc-dev:amd64 (6.1.187-1) ...
2026-10-08T15:03:08.4947120Z #13 6.524 Setting up libctf-nobfd0:amd64 (2.40-2) ...
2026-10-08T15:03:08.4947880Z #13 6.526 Setting up libgomp1:amd64 (12.2.0-14+deb12u1) ...
2026-10-08T15:03:08.4948555Z #13 6.527 Setting up libjansson4:amd64 (2.14-2) ...
2026-10-08T15:03:08.4949286Z #13 6.529 Setting up libkrb5support0:amd64 (1.20.1-2+deb12u5) ...
2026-10-08T15:03:08.4949964Z #13 6.530 Setting up rpcsvc-proto (1.4.3-1) ...
2026-10-08T15:03:08.4950362Z #13 6.532 Setting up libmpfr6:amd64 (4.2.0-1) ...
2026-10-08T15:03:08.4950789Z #13 6.533 Setting up libquadmath0:amd64 (12.2.0-14+deb12u1) ...
2026-10-08T15:03:08.4951195Z #13 6.535 Setting up libmpc3:amd64 (1.3.1-1) ...
2026-10-08T15:03:08.4951598Z #13 6.537 Setting up libatomic1:amd64 (12.2.0-14+deb12u1) ...
2026-10-08T15:03:08.4952039Z #13 6.538 Setting up libk5crypto3:amd64 (1.20.1-2+deb12u5) ...
2026-10-08T15:03:08.4952468Z #13 6.540 Setting up libubsan1:amd64 (12.2.0-14+deb12u1) ...
2026-10-08T15:03:08.4952890Z #13 6.542 Setting up libcrypt-dev:amd64 (1:4.4.33-2) ...
2026-10-08T15:03:08.4953627Z #13 6.549 Setting up libasan8:amd64 (12.2.0-14+deb12u1) ...
2026-10-08T15:03:08.4954041Z #13 6.550 Setting up libkrb5-3:amd64 (1.20.1-2+deb12u5) ...
2026-10-08T15:03:08.4954435Z #13 6.552 Setting up libtsan2:amd64 (12.2.0-14+deb12u1) ...
2026-10-08T15:03:08.4954834Z #13 6.554 Setting up libbinutils:amd64 (2.40-2) ...
2026-10-08T15:03:08.4955215Z #13 6.555 Setting up libisl23:amd64 (0.25-1.1) ...
2026-10-08T15:03:08.4955609Z #13 6.557 Setting up libc-dev-bin (2.36-9+deb12u14) ...
2026-10-08T15:03:08.4956020Z #13 6.559 Setting up libcc1-0:amd64 (12.2.0-14+deb12u1) ...
2026-10-08T15:03:08.4956612Z #13 6.560 Setting up liblsan0:amd64 (12.2.0-14+deb12u1) ...
2026-10-08T15:03:08.4957024Z #13 6.562 Setting up libitm1:amd64 (12.2.0-14+deb12u1) ...
2026-10-08T15:03:08.4957409Z #13 6.563 Setting up libctf0:amd64 (2.40-2) ...
2026-10-08T15:03:08.4957770Z #13 6.565 Setting up cpp-12 (12.2.0-14+deb12u1) ...
2026-10-08T15:03:08.4958127Z #13 6.567 Setting up libgprofng0:amd64 (2.40-2) ...
2026-10-08T15:03:08.4958543Z #13 6.568 Setting up libgcc-12-dev:amd64 (12.2.0-14+deb12u1) ...
2026-10-08T15:03:08.4959018Z #13 6.570 Setting up libgssapi-krb5-2:amd64 (1.20.1-2+deb12u5) ...
2026-10-08T15:03:08.4959419Z #13 6.573 Setting up cpp (4:12.2.0-3) ...
2026-10-08T15:03:08.4959825Z #13 6.578 Setting up binutils-x86-64-linux-gnu (2.40-2) ...
2026-10-08T15:03:08.4960230Z #13 6.579 Setting up libtirpc3:amd64 (1.3.3+ds-1) ...
2026-10-08T15:03:08.4960589Z #13 6.581 Setting up binutils (2.40-2) ...
2026-10-08T15:03:08.4960956Z #13 6.583 Setting up libtirpc-dev:amd64 (1.3.3+ds-1) ...
2026-10-08T15:03:08.4961344Z #13 6.584 Setting up gcc-12 (12.2.0-14+deb12u1) ...
2026-10-08T15:03:08.4961702Z #13 6.586 Setting up libnsl2:amd64 (1.3.0-2) ...
2026-10-08T15:03:08.4962052Z #13 6.588 Setting up gcc (4:12.2.0-3) ...
2026-10-08T15:03:08.4962405Z #13 6.595 Setting up libnsl-dev:amd64 (1.3.0-2) ...
2026-10-08T15:03:08.4962803Z #13 6.597 Setting up libc6-dev:amd64 (2.36-9+deb12u14) ...
2026-10-08T15:03:08.4963259Z #13 6.598 Processing triggers for libc-bin (2.36-9+deb12u14) ...
2026-10-08T15:03:08.9321668Z #13 6.711 Reading package lists...
2026-10-08T15:03:09.0452197Z #13 7.162 Building dependency tree...
2026-10-08T15:03:09.1523107Z #13 7.262 Reading state information...
2026-10-08T15:03:09.1524736Z #13 7.369 The following packages were automatically installed and are no longer required:
2026-10-08T15:03:09.1525915Z #13 7.369   binutils binutils-common binutils-x86-64-linux-gnu cpp cpp-12 gcc-12
2026-10-08T15:03:09.2955101Z #13 7.369   libasan8 libatomic1 libbinutils libc-dev-bin libcc1-0 libcrypt-dev
2026-10-08T15:03:09.2956257Z #13 7.369   libctf-nobfd0 libctf0 libgcc-12-dev libgomp1 libgprofng0 libgssapi-krb5-2
2026-10-08T15:03:09.2957483Z #13 7.369   libisl23 libitm1 libjansson4 libk5crypto3 libkeyutils1 libkrb5-3
2026-10-08T15:03:09.2958436Z #13 7.370   libkrb5support0 liblsan0 libmpc3 libmpfr6 libnsl-dev libnsl2 libquadmath0
2026-10-08T15:03:09.2959067Z #13 7.370   libssl3 libtirpc-common libtirpc-dev libtirpc3 libtsan2 libubsan1
2026-10-08T15:03:09.2959557Z #13 7.370   linux-libc-dev rpcsvc-proto
2026-10-08T15:03:09.2959934Z #13 7.370 Use 'apt autoremove' to remove them.
2026-10-08T15:03:09.2960346Z #13 7.380 The following packages will be REMOVED:
2026-10-08T15:03:09.2960708Z #13 7.380   gcc* libc6-dev*
2026-10-08T15:03:09.2961129Z #13 7.513 0 upgraded, 0 newly installed, 2 to remove and 1 not upgraded.
2026-10-08T15:03:09.2961636Z #13 7.513 After this operation, 12.3 MB disk space will be freed.
2026-10-08T15:03:09.5448587Z #13 7.519 (Reading database ... 
2026-10-08T15:03:09.5449111Z (Reading database ... 5%
2026-10-08T15:03:09.5459070Z (Reading database ... 10%
2026-10-08T15:03:09.5459579Z (Reading database ... 15%
2026-10-08T15:03:09.5460001Z (Reading database ... 20%
2026-10-08T15:03:09.5460411Z (Reading database ... 25%
2026-10-08T15:03:09.5460794Z (Reading database ... 30%
2026-10-08T15:03:09.5461189Z (Reading database ... 35%
2026-10-08T15:03:09.5461575Z (Reading database ... 40%
2026-10-08T15:03:09.5461970Z (Reading database ... 45%
2026-10-08T15:03:09.5462837Z (Reading database ... 50%
2026-10-08T15:03:09.5463215Z (Reading database ... 55%
2026-10-08T15:03:09.5463615Z (Reading database ... 60%
2026-10-08T15:03:09.5463994Z (Reading database ... 65%
2026-10-08T15:03:09.5464388Z (Reading database ... 70%
2026-10-08T15:03:09.5464784Z (Reading database ... 75%
2026-10-08T15:03:09.5465152Z (Reading database ... 80%
2026-10-08T15:03:09.5465524Z (Reading database ... 85%
2026-10-08T15:03:09.5465904Z (Reading database ... 90%
2026-10-08T15:03:09.5466313Z (Reading database ... 95%
2026-10-08T15:03:09.5466923Z (Reading database ... 100%
2026-10-08T15:03:09.5467621Z (Reading database ... 10403 files and directories currently installed.)
2026-10-08T15:03:09.5468552Z #13 7.530 Removing gcc (4:12.2.0-3) ...
2026-10-08T15:03:09.5469178Z #13 7.543 Removing libc6-dev:amd64 (2.36-9+deb12u14) ...
2026-10-08T15:03:09.8261252Z #13 7.611 Reading package lists...
2026-10-08T15:03:09.9339941Z #13 8.056 Building dependency tree...
2026-10-08T15:03:10.0436769Z #13 8.151 Reading state information...
2026-10-08T15:03:10.0437982Z #13 8.261 The following packages will be REMOVED:
2026-10-08T15:03:10.0438732Z #13 8.261   binutils binutils-common binutils-x86-64-linux-gnu cpp cpp-12 gcc-12
2026-10-08T15:03:10.0439452Z #13 8.261   libasan8 libatomic1 libbinutils libc-dev-bin libcc1-0 libcrypt-dev
2026-10-08T15:03:10.1761276Z #13 8.261   libctf-nobfd0 libctf0 libgcc-12-dev libgomp1 libgprofng0 libgssapi-krb5-2
2026-10-08T15:03:10.1762651Z #13 8.261   libisl23 libitm1 libjansson4 libk5crypto3 libkeyutils1 libkrb5-3
2026-10-08T15:03:10.1763959Z #13 8.261   libkrb5support0 liblsan0 libmpc3 libmpfr6 libnsl-dev libnsl2 libquadmath0
2026-10-08T15:03:10.1765232Z #13 8.261   libssl3 libtirpc-common libtirpc-dev libtirpc3 libtsan2 libubsan1
2026-10-08T15:03:10.1766039Z #13 8.261   linux-libc-dev rpcsvc-proto
2026-10-08T15:03:10.1766971Z #13 8.393 0 upgraded, 0 newly installed, 39 to remove and 1 not upgraded.
2026-10-08T15:03:10.1767817Z #13 8.393 After this operation, 198 MB disk space will be freed.
2026-10-08T15:03:10.2835038Z #13 8.399 (Reading database ... 
2026-10-08T15:03:10.2835625Z (Reading database ... 5%
2026-10-08T15:03:10.2836053Z (Reading database ... 10%
2026-10-08T15:03:10.2836681Z (Reading database ... 15%
2026-10-08T15:03:10.2837308Z (Reading database ... 20%
2026-10-08T15:03:10.2837593Z (Reading database ... 25%
2026-10-08T15:03:10.2837839Z (Reading database ... 30%
2026-10-08T15:03:10.2838094Z (Reading database ... 35%
2026-10-08T15:03:10.2838344Z (Reading database ... 40%
2026-10-08T15:03:10.2838584Z (Reading database ... 45%
2026-10-08T15:03:10.2838822Z (Reading database ... 50%
2026-10-08T15:03:10.2839061Z (Reading database ... 55%
2026-10-08T15:03:10.2839313Z (Reading database ... 60%
2026-10-08T15:03:10.2839555Z (Reading database ... 65%
2026-10-08T15:03:10.2839813Z (Reading database ... 70%
2026-10-08T15:03:10.2840067Z (Reading database ... 75%
2026-10-08T15:03:10.2840321Z (Reading database ... 80%
2026-10-08T15:03:10.2840574Z (Reading database ... 85%
2026-10-08T15:03:10.2840954Z (Reading database ... 90%
2026-10-08T15:03:10.2841227Z (Reading database ... 95%
2026-10-08T15:03:10.2841491Z (Reading database ... 100%
2026-10-08T15:03:10.2841927Z (Reading database ... 9833 files and directories currently installed.)
2026-10-08T15:03:10.2842644Z #13 8.410 Removing gcc-12 (12.2.0-14+deb12u1) ...
2026-10-08T15:03:10.2843170Z #13 8.436 Removing binutils (2.40-2) ...
2026-10-08T15:03:10.2843565Z #13 8.445 Removing binutils-x86-64-linux-gnu (2.40-2) ...
2026-10-08T15:03:10.2844086Z #13 8.461 Removing libgprofng0:amd64 (2.40-2) ...
2026-10-08T15:03:10.2844678Z #13 8.470 Removing libctf0:amd64 (2.40-2) ...
2026-10-08T15:03:10.2845252Z #13 8.476 Removing libbinutils:amd64 (2.40-2) ...
2026-10-08T15:03:10.2845880Z #13 8.483 Removing binutils-common:amd64 (2.40-2) ...
2026-10-08T15:03:10.2846633Z #13 8.491 Removing cpp (4:12.2.0-3) ...
2026-10-08T15:03:10.2847199Z #13 8.501 Removing cpp-12 (12.2.0-14+deb12u1) ...
2026-10-08T15:03:10.3935456Z #13 8.516 Removing libgcc-12-dev:amd64 (12.2.0-14+deb12u1) ...
2026-10-08T15:03:10.3936615Z #13 8.534 Removing libasan8:amd64 (12.2.0-14+deb12u1) ...
2026-10-08T15:03:10.3937065Z #13 8.543 Removing libatomic1:amd64 (12.2.0-14+deb12u1) ...
2026-10-08T15:03:10.3937493Z #13 8.549 Removing libc-dev-bin (2.36-9+deb12u14) ...
2026-10-08T15:03:10.3937905Z #13 8.556 Removing libcc1-0:amd64 (12.2.0-14+deb12u1) ...
2026-10-08T15:03:10.3938317Z #13 8.562 Removing libcrypt-dev:amd64 (1:4.4.33-2) ...
2026-10-08T15:03:10.3938714Z #13 8.579 Removing libctf-nobfd0:amd64 (2.40-2) ...
2026-10-08T15:03:10.3939117Z #13 8.586 Removing libgomp1:amd64 (12.2.0-14+deb12u1) ...
2026-10-08T15:03:10.3939520Z #13 8.593 Removing libnsl-dev:amd64 (1.3.0-2) ...
2026-10-08T15:03:10.3939918Z #13 8.601 Removing libtirpc-dev:amd64 (1.3.3+ds-1) ...
2026-10-08T15:03:10.3940298Z #13 8.611 Removing libnsl2:amd64 (1.3.0-2) ...
2026-10-08T15:03:10.4973025Z #13 8.618 Removing libtirpc3:amd64 (1.3.3+ds-1) ...
2026-10-08T15:03:10.4973592Z #13 8.625 Removing libgssapi-krb5-2:amd64 (1.20.1-2+deb12u5) ...
2026-10-08T15:03:10.4974090Z #13 8.633 Removing libisl23:amd64 (0.25-1.1) ...
2026-10-08T15:03:10.4974700Z #13 8.640 Removing libitm1:amd64 (12.2.0-14+deb12u1) ...
2026-10-08T15:03:10.4975208Z #13 8.647 Removing libjansson4:amd64 (2.14-2) ...
2026-10-08T15:03:10.4975639Z #13 8.654 Removing libkrb5-3:amd64 (1.20.1-2+deb12u5) ...
2026-10-08T15:03:10.4976069Z #13 8.662 Removing libk5crypto3:amd64 (1.20.1-2+deb12u5) ...
2026-10-08T15:03:10.4976730Z #13 8.669 Removing libkeyutils1:amd64 (1.6.3-2) ...
2026-10-08T15:03:10.4977301Z #13 8.676 Removing libkrb5support0:amd64 (1.20.1-2+deb12u5) ...
2026-10-08T15:03:10.4977754Z #13 8.683 Removing liblsan0:amd64 (12.2.0-14+deb12u1) ...
2026-10-08T15:03:10.4978146Z #13 8.691 Removing libmpc3:amd64 (1.3.1-1) ...
2026-10-08T15:03:10.4978668Z #13 8.698 Removing libmpfr6:amd64 (4.2.0-1) ...
2026-10-08T15:03:10.4979176Z #13 8.707 Removing libquadmath0:amd64 (12.2.0-14+deb12u1) ...
2026-10-08T15:03:10.4979734Z #13 8.714 Removing libssl3:amd64 (3.0.22-1~deb12u1) ...
2026-10-08T15:03:10.6000577Z #13 8.723 Removing libtirpc-common (1.3.3+ds-1) ...
2026-10-08T15:03:10.6001112Z #13 8.729 Removing libtsan2:amd64 (12.2.0-14+deb12u1) ...
2026-10-08T15:03:10.6001576Z #13 8.738 Removing libubsan1:amd64 (12.2.0-14+deb12u1) ...
2026-10-08T15:03:10.6002525Z #13 8.764 Removing linux-libc-dev:amd64 (6.1.187-1) ...
2026-10-08T15:03:10.6002934Z #13 8.817 Removing rpcsvc-proto (1.4.3-1) ...
2026-10-08T15:03:10.8078003Z #13 8.833 Processing triggers for libc-bin (2.36-9+deb12u14) ...
2026-10-08T15:03:10.8078697Z #13 DONE 8.9s
2026-10-08T15:03:10.8079227Z 
2026-10-08T15:03:10.8079557Z #14 [ 9/11] RUN pnpm build
2026-10-08T15:03:11.1669679Z #14 0.512 
2026-10-08T15:03:11.1670506Z #14 0.512 > cocreate@1.0.0 build /app
2026-10-08T15:03:11.1671484Z #14 0.512 > tsc --noEmit && vite build --configLoader runner
2026-10-08T15:03:11.1672087Z #14 0.512 
2026-10-08T15:03:18.3322129Z #14 7.677 vite v7.3.6 building client environment for production...
2026-10-08T15:03:18.5564048Z #14 7.751 transforming...
2026-10-08T15:03:21.9257075Z #14 11.27 ✓ 1749 modules transformed.
2026-10-08T15:03:22.1659538Z #14 11.51 rendering chunks...
2026-10-08T15:03:22.4069703Z #14 11.75 computing gzip size...
2026-10-08T15:03:22.5240958Z #14 11.78 dist/index.html                             0.44 kB │ gzip:   0.30 kB
2026-10-08T15:03:22.5242583Z #14 11.78 dist/assets/App-BqUO_rW7.css                2.56 kB │ gzip:   0.85 kB
2026-10-08T15:03:22.5243762Z #14 11.78 dist/assets/LandingPage-CNj4pefA.css       13.13 kB │ gzip:   2.95 kB
2026-10-08T15:03:22.5244868Z #14 11.78 dist/assets/index-cyLHvudv.css             75.38 kB │ gzip:  14.48 kB
2026-10-08T15:03:22.5245923Z #14 11.78 dist/assets/users-BIdyuxqP.js               0.69 kB │ gzip:   0.39 kB
2026-10-08T15:03:22.5247169Z #14 11.78 dist/assets/createLucideIcon-DcEYS1mU.js    0.89 kB │ gzip:   0.55 kB
2026-10-08T15:03:22.5248149Z #14 11.78 dist/assets/x-DO2zMSIY.js                   1.70 kB │ gzip:   0.78 kB
2026-10-08T15:03:22.5249090Z #14 11.78 dist/assets/LandingPage-DCr6qHiF.js        15.33 kB │ gzip:   4.92 kB
2026-10-08T15:03:22.5250724Z #14 11.78 dist/assets/ProjectApp-DXmAqhy1.js         29.68 kB │ gzip:   9.01 kB
2026-10-08T15:03:22.5251545Z #14 11.78 dist/assets/index-BPNFqXSv.js             421.95 kB │ gzip: 121.32 kB
2026-10-08T15:03:22.5252265Z #14 11.78 dist/assets/App-DhzRZNRs.js               583.75 kB │ gzip: 185.76 kB
2026-10-08T15:03:22.5252676Z #14 11.78 
2026-10-08T15:03:22.5253139Z #14 11.78 (!) Some chunks are larger than 500 kB after minification. Consider:
2026-10-08T15:03:22.5253785Z #14 11.78 - Using dynamic import() to code-split the application
2026-10-08T15:03:22.5254749Z #14 11.78 - Use build.rollupOptions.output.manualChunks to improve chunking: https://rollupjs.org/configuration-options/#output-manualchunks
2026-10-08T15:03:22.5255742Z #14 11.78 - Adjust chunk size limit for this warning via build.chunkSizeWarningLimit.
2026-10-08T15:03:22.5256340Z #14 11.78 ✓ built in 4.07s
2026-10-08T15:03:22.5256856Z #14 DONE 11.9s
2026-10-08T15:03:22.6752111Z 
2026-10-08T15:03:22.6752855Z #15 [10/11] RUN node scripts/release-fingerprint.mjs --write-image
2026-10-08T15:03:22.7349336Z #15 0.211 {"fingerprint":"edf509c85353de65f3468bf98fbcc12bd237c28e8a95015792531283665a906e","sourceFiles":87,"scope":"Source/build input attestation only; not runtime acceptance"}
2026-10-08T15:03:22.8948414Z #15 DONE 0.2s
2026-10-08T15:03:22.8948681Z 
2026-10-08T15:03:22.8949916Z #16 [11/11] RUN pnpm exec tsx scripts/prepare-isolation.ts --files-only && mkdir -p /app/data /app/generated && chown -R node:node /app/.runtime /app/data /app/generated
2026-10-08T15:03:23.4068646Z #16 0.662 {"policy":"isolated-compile-v1","platform":"linux","scope":"Trusted files prepared; kernel boundary not exercised"}
2026-10-08T15:03:23.6001430Z #16 DONE 0.7s
2026-10-08T15:03:23.6001863Z 
2026-10-08T15:03:23.6002193Z #17 exporting to image
2026-10-08T15:03:23.6002619Z #17 exporting layers
2026-10-08T15:03:33.8921349Z #17 exporting layers 10.4s done
2026-10-08T15:03:33.9080846Z #17 writing image sha256:a31e78d7f2f63793b975795cd617630378da3b11dc99fc1a9ffe7a206455e102 done
2026-10-08T15:03:33.9081588Z #17 naming to docker.io/library/cocreate-check done
2026-10-08T15:03:33.9082057Z #17 DONE 10.4s
2026-10-08T15:03:33.9092196Z 
2026-10-08T15:03:33.9093706Z  [33m4 warnings found (use docker --debug to expand):
2026-10-08T15:03:33.9095360Z [0m - SecretsUsedInArgOrEnv: Do not use ARG or ENV instructions for sensitive data (ARG "VITE_COCREATE_AUTH_MODE") (line 12)
2026-10-08T15:03:33.9097085Z  - SecretsUsedInArgOrEnv: Do not use ARG or ENV instructions for sensitive data (ARG "VITE_SUPABASE_PUBLISHABLE_KEY") (line 15)
2026-10-08T15:03:33.9098587Z  - SecretsUsedInArgOrEnv: Do not use ARG or ENV instructions for sensitive data (ENV "VITE_COCREATE_AUTH_MODE") (line 16)
2026-10-08T15:03:33.9100208Z  - SecretsUsedInArgOrEnv: Do not use ARG or ENV instructions for sensitive data (ENV "VITE_SUPABASE_PUBLISHABLE_KEY") (line 19)
2026-10-08T15:03:33.9273280Z ##[group]Run root="/sys/fs/cgroup/cocreate-ci-${GITHUB_RUN_ID}-${GITHUB_RUN_ATTEMPT}"
2026-10-08T15:03:33.9273921Z [36;1mroot="/sys/fs/cgroup/cocreate-ci-${GITHUB_RUN_ID}-${GITHUB_RUN_ATTEMPT}"[0m
2026-10-08T15:03:33.9274396Z [36;1msudo sh scripts/prepare-ci-cgroup.sh "$root"[0m
2026-10-08T15:03:33.9274777Z [36;1mecho "COCREATE_CI_CGROUP_ROOT=$root" >> "$GITHUB_ENV"[0m
2026-10-08T15:03:33.9354651Z shell: /usr/bin/bash -e {0}
2026-10-08T15:03:33.9354924Z env:
2026-10-08T15:03:33.9355190Z   PNPM_HOME: /home/runner/setup-pnpm/node_modules/.bin
2026-10-08T15:03:33.9355513Z ##[endgroup]
2026-10-08T15:03:33.9676167Z ##[group]Run sh scripts/run-linux-check.sh node --import tsx scripts/prepare-isolation.ts
2026-10-08T15:03:33.9677425Z [36;1msh scripts/run-linux-check.sh node --import tsx scripts/prepare-isolation.ts[0m
2026-10-08T15:03:33.9751376Z shell: /usr/bin/bash -e {0}
2026-10-08T15:03:33.9751641Z env:
2026-10-08T15:03:33.9751920Z   PNPM_HOME: /home/runner/setup-pnpm/node_modules/.bin
2026-10-08T15:03:33.9752342Z   COCREATE_CI_CGROUP_ROOT: /sys/fs/cgroup/cocreate-ci-37797375832-1
2026-10-08T15:03:33.9752921Z ##[endgroup]
2026-10-08T15:03:34.3727809Z {"policy":"isolated-compile-v1","platform":"linux","scope":"Actual OS boundary preflight passed; no inference"}
2026-10-08T15:03:34.4583594Z ##[group]Run sh scripts/run-linux-check.sh node --import tsx --input-type=module -e 'import {assertVerificationBrowserAvailable} from "./server/isolation/browser.ts"; await assertVerificationBrowserAvailable(); console.log("Actual Linux browser boundary passed; no inference");'
2026-10-08T15:03:34.4585603Z [36;1msh scripts/run-linux-check.sh node --import tsx --input-type=module -e 'import {assertVerificationBrowserAvailable} from "./server/isolation/browser.ts"; await assertVerificationBrowserAvailable(); console.log("Actual Linux browser boundary passed; no inference");'[0m
2026-10-08T15:03:34.4670560Z shell: /usr/bin/bash -e {0}
2026-10-08T15:03:34.4670982Z env:
2026-10-08T15:03:34.4671464Z   PNPM_HOME: /home/runner/setup-pnpm/node_modules/.bin
2026-10-08T15:03:34.4672156Z   COCREATE_CI_CGROUP_ROOT: /sys/fs/cgroup/cocreate-ci-37797375832-1
2026-10-08T15:03:34.4672833Z ##[endgroup]
2026-10-08T15:03:34.9451197Z Actual Linux browser boundary passed; no inference
2026-10-08T15:03:35.0088273Z ##[group]Run sh scripts/run-linux-check.sh node --import tsx --test --test-concurrency=1 tests/generated-isolation.test.ts
2026-10-08T15:03:35.0089155Z [36;1msh scripts/run-linux-check.sh node --import tsx --test --test-concurrency=1 tests/generated-isolation.test.ts[0m
2026-10-08T15:03:35.0165131Z shell: /usr/bin/bash -e {0}
2026-10-08T15:03:35.0165398Z env:
2026-10-08T15:03:35.0165666Z   PNPM_HOME: /home/runner/setup-pnpm/node_modules/.bin
2026-10-08T15:03:35.0166098Z   COCREATE_CI_CGROUP_ROOT: /sys/fs/cgroup/cocreate-ci-37797375832-1
2026-10-08T15:03:35.0166724Z ##[endgroup]
2026-10-08T15:03:35.1909068Z TAP version 13
2026-10-08T15:03:39.3000975Z # Subtest: ordinary compilation runs in the real OS boundary and never evaluates candidate top-level code
2026-10-08T15:03:39.3009952Z ok 1 - ordinary compilation runs in the real OS boundary and never evaluates candidate top-level code
2026-10-08T15:03:39.3010763Z   ---
2026-10-08T15:03:39.3011085Z   duration_ms: 3917.718638
2026-10-08T15:03:39.3011518Z   type: 'test'
2026-10-08T15:03:39.3496135Z   ...
2026-10-08T15:03:39.3497392Z # Subtest: OS boundary without Node permissions denies an existing private host file, writes and live loopback network
2026-10-08T15:03:39.3500636Z ok 2 - OS boundary without Node permissions denies an existing private host file, writes and live loopback network
2026-10-08T15:03:39.3503167Z   ---
2026-10-08T15:03:39.3503529Z   duration_ms: 53.78341
2026-10-08T15:03:39.3503912Z   type: 'test'
2026-10-08T15:03:39.3504247Z   ...
2026-10-08T15:03:39.4109429Z # Subtest: restricted process strips injection/secrets and denies subprocesses, workers and cross-workspace reads
2026-10-08T15:03:39.4115023Z ok 3 - restricted process strips injection/secrets and denies subprocesses, workers and cross-workspace reads
2026-10-08T15:03:39.4116181Z   ---
2026-10-08T15:03:39.4117068Z   duration_ms: 53.081554
2026-10-08T15:03:39.4117369Z   type: 'test'
2026-10-08T15:03:39.4117593Z   ...
2026-10-08T15:03:44.5446344Z # Subtest: candidate imports cannot read absolute files, traverse workspaces or download packages/styles
2026-10-08T15:03:44.5449304Z ok 4 - candidate imports cannot read absolute files, traverse workspaces or download packages/styles
2026-10-08T15:03:44.5450167Z   ---
2026-10-08T15:03:44.5450518Z   duration_ms: 5142.069933
2026-10-08T15:03:44.5450917Z   type: 'test'
2026-10-08T15:03:44.5451249Z   ...
2026-10-08T15:03:45.5526071Z # Subtest: wall timeout terminates a running child and cleans its private input
2026-10-08T15:03:45.5527312Z ok 5 - wall timeout terminates a running child and cleans its private input
2026-10-08T15:03:45.5527930Z   ---
2026-10-08T15:03:45.5528270Z   duration_ms: 1008.36167
2026-10-08T15:03:45.5528641Z   type: 'test'
2026-10-08T15:03:45.5528976Z   ...
2026-10-08T15:03:45.5593653Z # Subtest: cancellation waits for real child termination and cleanup; pre-abort starts nothing
2026-10-08T15:03:45.5600144Z ok 6 - cancellation waits for real child termination and cleanup; pre-abort starts nothing
2026-10-08T15:03:45.5603688Z   ---
2026-10-08T15:03:45.5604045Z   duration_ms: 7.760355
2026-10-08T15:03:45.5604414Z   type: 'test'
2026-10-08T15:03:45.5604730Z   ...
2026-10-08T15:03:46.3085664Z # Subtest: memory exhaustion cannot escape the OS bound and leaves no child work
2026-10-08T15:03:46.3086907Z ok 7 - memory exhaustion cannot escape the OS bound and leaves no child work
2026-10-08T15:03:46.3087506Z   ---
2026-10-08T15:03:46.3087827Z   duration_ms: 746.948315
2026-10-08T15:03:46.3088195Z   type: 'test'
2026-10-08T15:03:46.3100492Z   ...
2026-10-08T15:03:46.3103149Z # Subtest: unavailable isolation fails explicitly and cannot fall back to host compilation
2026-10-08T15:03:46.3104640Z ok 8 - unavailable isolation fails explicitly and cannot fall back to host compilation
2026-10-08T15:03:46.3105359Z   ---
2026-10-08T15:03:46.3105669Z   duration_ms: 0.663478
2026-10-08T15:03:46.3106071Z   type: 'test'
2026-10-08T15:03:46.3106513Z   ...
2026-10-08T15:03:56.3205107Z # Subtest: CPU bound stops a busy child before the longer wall deadline
2026-10-08T15:03:56.3206027Z ok 9 - CPU bound stops a busy child before the longer wall deadline
2026-10-08T15:03:56.3206980Z   ---
2026-10-08T15:03:56.3207368Z   duration_ms: 10011.445075
2026-10-08T15:03:56.3207808Z   type: 'test'
2026-10-08T15:03:56.3208196Z   ...
2026-10-08T15:03:56.4886685Z # Subtest: untrusted output is bounded before it reaches application memory or artifacts
2026-10-08T15:03:56.4888466Z ok 10 - untrusted output is bounded before it reaches application memory or artifacts
2026-10-08T15:03:56.4889551Z   ---
2026-10-08T15:03:56.4889914Z   duration_ms: 171.983862
2026-10-08T15:03:56.4890318Z   type: 'test'
2026-10-08T15:03:56.4890652Z   ...
2026-10-08T15:03:56.5078506Z 1..10
2026-10-08T15:03:56.5078886Z # tests 10
2026-10-08T15:03:56.5079202Z # suites 0
2026-10-08T15:03:56.5079531Z # pass 10
2026-10-08T15:03:56.5079888Z # fail 0
2026-10-08T15:03:56.5080192Z # cancelled 0
2026-10-08T15:03:56.5080534Z # skipped 0
2026-10-08T15:03:56.5088485Z # todo 0
2026-10-08T15:03:56.5088842Z # duration_ms 21328.104862
2026-10-08T15:03:56.5582740Z ##[group]Run sh scripts/run-linux-check.sh node --import tsx --test --test-concurrency=1 tests/linux-cgroup-isolation.test.ts tests/candidate-verification.test.ts
2026-10-08T15:03:56.5583919Z [36;1msh scripts/run-linux-check.sh node --import tsx --test --test-concurrency=1 tests/linux-cgroup-isolation.test.ts tests/candidate-verification.test.ts[0m
2026-10-08T15:03:56.5660272Z shell: /usr/bin/bash -e {0}
2026-10-08T15:03:56.5660585Z env:
2026-10-08T15:03:56.5660897Z   PNPM_HOME: /home/runner/setup-pnpm/node_modules/.bin
2026-10-08T15:03:56.5661368Z   COCREATE_CI_CGROUP_ROOT: /sys/fs/cgroup/cocreate-ci-37797375832-1
2026-10-08T15:03:56.5661794Z ##[endgroup]
2026-10-08T15:03:56.7489825Z TAP version 13
2026-10-08T15:04:01.8750342Z # {"policyVersion":"list-behavior-v1","specificationRevision":3,"sourceHash":"ac010289482cd18a50214a16e1f8c80cb7f8a9d2642c23f1e6eeddde02f67dd4","candidateHash":"00031d4c0fb762cfd984dba658f8e4e382a8f627f033d5b2f09501323b47c48a","planHash":"f18d214ad9e23477b539adcf433dd61b693d7094f13fb1be96989e8e77a09ebf","checkedAt":"2026-10-08T15:04:01.872Z","browserVersion":"HeadlessChrome/154.0.8037.92","checks":[{"kind":"filter","version":"list-behavior-v1","implemented":true,"passed":true,"message":"Filtering narrows the list; clearing restores it."},{"kind":"favorites","version":"list-behavior-v1","implemented":true,"passed":true,"message":"The favorite state toggles and restores without removing items."},{"kind":"sort","version":"list-behavior-v1","implemented":true,"passed":true,"message":"Sorting changes list order into alphabetical order without losing items."}],"requirements":[{"requirementId":"req_3fb819102acc","requirementRevision":1,"criteriaHash":"0ea272fea12c0b04d0c0a5e5506d19274e8ecfdc4b324b4847dc8ceb6692dec9","criteria":[{"criterionHash":"622c509f2ad6a3b7038ae41b3bf520dad5c41175974b32ae8ad612e8ee82bf89","checks":["filter"],"status":"passed"}],"implementation":"observed","status":"verified"},{"requirementId":"req_980895587501","requirementRevision":1,"criteriaHash":"242963850dda8c42c0bf98350081abb874beb718b6ba7b4aafcbd2868fe93e6f","criteria":[{"criterionHash":"8b05e3cd6861df5b3753b867abfa3f4d16b8ff708e6852a9e1b064b52a459e3c","checks":["favorites"],"status":"passed"}],"implementation":"observed","status":"verified"},{"requirementId":"req_d6b0094d5067","requirementRevision":1,"criteriaHash":"6f32c53a669776de27c4dbea71596b9852592e0598637c859f94231f5e4028df","criteria":[{"criterionHash":"dc99f1133bd52aff16fb0b97f8eb15d0e1d1e0eb5adcbcf87ad6905443a91875","checks":["sort"],"status":"passed"}],"implementation":"observed","status":"verified"}],"status":"passed"}
2026-10-08T15:04:01.9106764Z # Subtest: real isolated browser verifies accepted filter, favorites and sorting and binds evidence to the candidate
2026-10-08T15:04:01.9112299Z ok 1 - real isolated browser verifies accepted filter, favorites and sorting and binds evidence to the candidate
2026-10-08T15:04:01.9113218Z   ---
2026-10-08T15:04:01.9113663Z   duration_ms: 4914.949117
2026-10-08T15:04:01.9114161Z   type: 'test'
2026-10-08T15:04:01.9114543Z   ...
2026-10-08T15:04:16.2519089Z # Subtest: compiling controls without behavior fail; retained feature regressions are checked on every candidate
2026-10-08T15:04:16.2520253Z ok 2 - compiling controls without behavior fail; retained feature regressions are checked on every candidate
2026-10-08T15:04:16.2520938Z   ---
2026-10-08T15:04:16.2521165Z   duration_ms: 14341.339847
2026-10-08T15:04:16.2521424Z   type: 'test'
2026-10-08T15:04:16.2521637Z   ...
2026-10-08T15:04:19.1796126Z # Subtest: unsupported prose remains unverified and generated assertion tampering cannot replace trusted checks
2026-10-08T15:04:19.1799744Z ok 3 - unsupported prose remains unverified and generated assertion tampering cannot replace trusted checks
2026-10-08T15:04:19.1800603Z   ---
2026-10-08T15:04:19.1800981Z   duration_ms: 2932.757045
2026-10-08T15:04:19.1801312Z   type: 'test'
2026-10-08T15:04:19.1801531Z   ...
2026-10-08T15:04:19.4265451Z # Subtest: actual verification browser denies a private host file and loopback network and removes its child/profile
2026-10-08T15:04:19.4267062Z ok 4 - actual verification browser denies a private host file and loopback network and removes its child/profile
2026-10-08T15:04:19.4267595Z   ---
2026-10-08T15:04:19.4267823Z   duration_ms: 252.37612
2026-10-08T15:04:19.4268078Z   type: 'test'
2026-10-08T15:04:19.4268304Z   ...
2026-10-08T15:04:49.3388082Z # Subtest: browser CPU and protocol output remain inside the reused Job Object bounds
2026-10-08T15:04:49.3391895Z not ok 5 - browser CPU and protocol output remain inside the reused Job Object bounds
2026-10-08T15:04:49.3392362Z   ---
2026-10-08T15:04:49.3392601Z   duration_ms: 29909.66184
2026-10-08T15:04:49.3392859Z   type: 'test'
2026-10-08T15:04:49.3393216Z   location: '/app/tests/candidate-verification.test.ts:2:2564'
2026-10-08T15:04:49.3393665Z   failureType: 'testCodeFailure'
2026-10-08T15:04:49.3393958Z   error: |-
2026-10-08T15:04:49.3394326Z     The validation function is expected to return "true". Received false
2026-10-08T15:04:49.3394698Z     
2026-10-08T15:04:49.3394890Z     Caught error:
2026-10-08T15:04:49.3395097Z     
2026-10-08T15:04:49.3395364Z     Error: Verification exceeded its wall-time bound.
2026-10-08T15:04:49.3395697Z   code: 'ERR_ASSERTION'
2026-10-08T15:04:49.3395943Z   name: 'AssertionError'
2026-10-08T15:04:49.3396182Z   stack: |-
2026-10-08T15:04:49.3396902Z     async TestContext.<anonymous> (/app/tests/candidate-verification.test.ts:90:5)
2026-10-08T15:04:49.3397476Z     async Test.run (node:internal/test_runner/test:1054:7)
2026-10-08T15:04:49.3397968Z     async Test.processPendingSubtests (node:internal/test_runner/test:744:7)
2026-10-08T15:04:49.3398369Z   ...
2026-10-08T15:04:51.5846543Z # Subtest: cancellation and wall limits terminate browser execution and leave no child jobs
2026-10-08T15:04:51.5848238Z ok 6 - cancellation and wall limits terminate browser execution and leave no child jobs
2026-10-08T15:04:51.5848969Z   ---
2026-10-08T15:04:51.5849337Z   duration_ms: 2251.130091
2026-10-08T15:04:51.5849745Z   type: 'test'
2026-10-08T15:04:51.5850062Z   ...
2026-10-08T15:04:52.3040518Z # Subtest: Linux browser cold starts execute JavaScript repeatedly and clean every descendant
2026-10-08T15:04:52.3041465Z ok 7 - Linux browser cold starts execute JavaScript repeatedly and clean every descendant
2026-10-08T15:04:52.3041908Z   ---
2026-10-08T15:04:52.3042140Z   duration_ms: 536.036801
2026-10-08T15:04:52.3042387Z   type: 'test'
2026-10-08T15:04:52.3042600Z   ...
2026-10-08T15:04:57.3384445Z # Subtest: Linux CPU accounting includes busy descendants in the same finite job budget
2026-10-08T15:04:57.3385222Z ok 8 - Linux CPU accounting includes busy descendants in the same finite job budget
2026-10-08T15:04:57.3385659Z   ---
2026-10-08T15:04:57.3385875Z   duration_ms: 5034.224454
2026-10-08T15:04:57.3386174Z   type: 'test'
2026-10-08T15:04:57.3386544Z   ...
2026-10-08T15:04:57.4047615Z # Subtest: Linux browser file-descriptor ceiling rejects growth and cleans the bounded job
2026-10-08T15:04:57.4048757Z ok 9 - Linux browser file-descriptor ceiling rejects growth and cleans the bounded job
2026-10-08T15:04:57.4049491Z   ---
2026-10-08T15:04:57.4049831Z   duration_ms: 66.218544
2026-10-08T15:04:57.4050219Z   type: 'test'
2026-10-08T15:04:57.4050534Z   ...
2026-10-08T15:04:57.4519200Z # Subtest: Linux bootstrap drops authority and attaches a stopped trusted child before execution
2026-10-08T15:04:57.4521123Z ok 10 - Linux bootstrap drops authority and attaches a stopped trusted child before execution
2026-10-08T15:04:57.4521627Z   ---
2026-10-08T15:04:57.4521850Z   duration_ms: 47.764274
2026-10-08T15:04:57.4522095Z   type: 'test'
2026-10-08T15:04:57.4522297Z   ...
2026-10-08T15:04:57.5607762Z # Subtest: Linux PID ceiling denies fork growth and whole-group kill removes descendants
2026-10-08T15:04:57.5608986Z ok 11 - Linux PID ceiling denies fork growth and whole-group kill removes descendants
2026-10-08T15:04:57.5609645Z   ---
2026-10-08T15:04:57.5609971Z   duration_ms: 107.324309
2026-10-08T15:04:57.5610743Z   type: 'test'
2026-10-08T15:04:57.5611052Z   ...
2026-10-08T15:04:58.2067829Z # Subtest: real Linux browser physical-memory exhaustion kills its job while the application survives
2026-10-08T15:04:58.2072899Z ok 12 - real Linux browser physical-memory exhaustion kills its job while the application survives
2026-10-08T15:04:58.2073422Z   ---
2026-10-08T15:04:58.2073657Z   duration_ms: 648.749038
2026-10-08T15:04:58.2073924Z   type: 'test'
2026-10-08T15:04:58.2074146Z   ...
2026-10-08T15:04:58.2074588Z # Subtest: missing Linux delegation fails closed and removes the candidate profile
2026-10-08T15:04:58.2075212Z ok 13 - missing Linux delegation fails closed and removes the candidate profile
2026-10-08T15:04:58.2075597Z   ---
2026-10-08T15:04:58.2075798Z   duration_ms: 1.090833
2026-10-08T15:04:58.2076083Z   type: 'test'
2026-10-08T15:04:58.2076274Z   ...
2026-10-08T15:04:58.2192425Z 1..13
2026-10-08T15:04:58.2192751Z # tests 13
2026-10-08T15:04:58.2199698Z # suites 0
2026-10-08T15:04:58.2200199Z # pass 12
2026-10-08T15:04:58.2200765Z # fail 1
2026-10-08T15:04:58.2201083Z # cancelled 0
2026-10-08T15:04:58.2201419Z # skipped 0
2026-10-08T15:04:58.2201743Z # todo 0
2026-10-08T15:04:58.2202061Z # duration_ms 61482.191268
2026-10-08T15:04:58.2693813Z ##[error]Process completed with exit code 1.
2026-10-08T15:04:58.2761942Z ##[group]Run case "$COCREATE_CI_CGROUP_ROOT" in /sys/fs/cgroup/cocreate-ci-*) ;; *) exit 126 ;; esac
2026-10-08T15:04:58.2762616Z [36;1mcase "$COCREATE_CI_CGROUP_ROOT" in /sys/fs/cgroup/cocreate-ci-*) ;; *) exit 126 ;; esac[0m
2026-10-08T15:04:58.2763182Z [36;1msudo find "$COCREATE_CI_CGROUP_ROOT" -depth -type d -exec rmdir {} \;[0m
2026-10-08T15:04:58.2837101Z shell: /usr/bin/bash -e {0}
2026-10-08T15:04:58.2837466Z env:
2026-10-08T15:04:58.2837837Z   PNPM_HOME: /home/runner/setup-pnpm/node_modules/.bin
2026-10-08T15:04:58.2838770Z   COCREATE_CI_CGROUP_ROOT: /sys/fs/cgroup/cocreate-ci-37797375832-1
2026-10-08T15:04:58.2839381Z ##[endgroup]
2026-10-08T15:04:58.3159096Z Post job cleanup.
2026-10-08T15:04:58.4689284Z Pruning is unnecessary.
2026-10-08T15:04:58.4859041Z Post job cleanup.
2026-10-08T15:04:58.5794729Z [command]/usr/bin/git version
2026-10-08T15:04:58.5871395Z git version 2.55.0
2026-10-08T15:04:58.5912001Z Temporarily overriding HOME='/home/runner/work/_temp/552fdb1d-a992-4a9e-aefd-9fdce0a1f9a9' before making global git config changes
2026-10-08T15:04:58.5913747Z Adding repository directory to the temporary git global config as a safe directory
2026-10-08T15:04:58.5917919Z [command]/usr/bin/git config --global --add safe.directory /home/runner/work/Cocreate/Cocreate
2026-10-08T15:04:58.5977504Z [command]/usr/bin/git config --local --name-only --get-regexp core\.sshCommand
2026-10-08T15:04:58.6008005Z [command]/usr/bin/git submodule foreach --recursive sh -c "git config --local --name-only --get-regexp 'core\.sshCommand' && git config --local --unset-all 'core.sshCommand' || :"
2026-10-08T15:04:58.6311407Z [command]/usr/bin/git config --local --name-only --get-regexp http\.https\:\/\/github\.com\/\.extraheader
2026-10-08T15:04:58.6343124Z http.https://github.com/.extraheader
2026-10-08T15:04:58.6355798Z [command]/usr/bin/git config --local --unset-all http.https://github.com/.extraheader
2026-10-08T15:04:58.6396033Z [command]/usr/bin/git submodule foreach --recursive sh -c "git config --local --name-only --get-regexp 'http\.https\:\/\/github\.com\/\.extraheader' && git config --local --unset-all 'http.https://github.com/.extraheader' || :"
2026-10-08T15:04:58.6704457Z [command]/usr/bin/git config --local --name-only --get-regexp ^includeIf\.gitdir:
2026-10-08T15:04:58.6748302Z [command]/usr/bin/git submodule foreach --recursive git config --local --show-origin --name-only --get-regexp remote.origin.url
2026-10-08T15:04:58.7217539Z Cleaning up orphan processes
2026-10-08T15:04:58.7587871Z ##[warning]Node.js 20 is deprecated. The following actions target Node.js 20 but are being forced to run on Node.js 24: actions/checkout@11d5960a326750d5838078e36cf38b85af677262, actions/setup-node@49933ea5288caeca8642d1e84afbd3f7d6820020, pnpm/action-setup@f40ffcd9367d9f12939873eb1018b921a783ffaa. For more information see: https://github.blog/changelog/2025-09-19-deprecation-of-node-20-on-github-actions-runners/
