2026-10-08T13:48:19.7057476Z Current runner version: '2.337.0'
2026-10-08T13:48:19.7083180Z ##[group]Runner Image Provisioner
2026-10-08T13:48:19.7084053Z Hosted Compute Agent
2026-10-08T13:48:19.7084670Z Version: 20261002.596
2026-10-08T13:48:19.7085429Z Commit: c3d12f3313a95f25162a1503be624f3b0617f8c0
2026-10-08T13:48:19.7086186Z Build Date: 2026-10-02T22:28:27Z
2026-10-08T13:48:19.7087159Z Worker ID: {674ffd7e-fa56-4948-aa96-8520ab2f30d0}
2026-10-08T13:48:19.7087953Z Region: eastus
2026-10-08T13:48:19.7088535Z Cloud: Azure
2026-10-08T13:48:19.7089165Z ##[endgroup]
2026-10-08T13:48:19.7091065Z ##[group]Operating System
2026-10-08T13:48:19.7091889Z Ubuntu
2026-10-08T13:48:19.7092480Z 22.04.5
2026-10-08T13:48:19.7093009Z LTS
2026-10-08T13:48:19.7094011Z ##[endgroup]
2026-10-08T13:48:19.7094599Z ##[group]Runner Image
2026-10-08T13:48:19.7095229Z Image: ubuntu-22.04
2026-10-08T13:48:19.7095899Z Version: 20261004.315.1
2026-10-08T13:48:19.7097414Z Included Software: https://github.com/actions/runner-images/blob/ubuntu22/20261004.315/images/ubuntu/Ubuntu2204-Readme.md
2026-10-08T13:48:19.7099449Z Image Release: https://github.com/actions/runner-images/releases/tag/ubuntu22%2F20261004.315
2026-10-08T13:48:19.7100457Z ##[endgroup]
2026-10-08T13:48:19.7101721Z ##[group]GITHUB_TOKEN Permissions
2026-10-08T13:48:19.7103885Z Contents: read
2026-10-08T13:48:19.7104642Z Metadata: read
2026-10-08T13:48:19.7105228Z ##[endgroup]
2026-10-08T13:48:19.7108123Z Secret source: Actions
2026-10-08T13:48:19.7109115Z Cache mode: write
2026-10-08T13:48:19.7110281Z Prepare workflow directory
2026-10-08T13:48:19.7452277Z Prepare all required actions
2026-10-08T13:48:19.7501427Z Getting action download info
2026-10-08T13:48:19.9939352Z Download action repository 'actions/checkout@11d5960a326750d5838078e36cf38b85af677262' (SHA:11d5960a326750d5838078e36cf38b85af677262)
2026-10-08T13:48:20.0907757Z Download action repository 'pnpm/action-setup@f40ffcd9367d9f12939873eb1018b921a783ffaa' (SHA:f40ffcd9367d9f12939873eb1018b921a783ffaa)
2026-10-08T13:48:20.3150401Z Download action repository 'actions/setup-node@49933ea5288caeca8642d1e84afbd3f7d6820020' (SHA:49933ea5288caeca8642d1e84afbd3f7d6820020)
2026-10-08T13:48:20.7011967Z Complete job name: verify
2026-10-08T13:48:20.8105383Z ##[group]Run actions/checkout@11d5960a326750d5838078e36cf38b85af677262
2026-10-08T13:48:20.8107626Z with:
2026-10-08T13:48:20.8108540Z   repository: DD7780/Cocreate
2026-10-08T13:48:20.8117592Z   token: ***
2026-10-08T13:48:20.8118479Z   ssh-strict: true
2026-10-08T13:48:20.8119389Z   ssh-user: git
2026-10-08T13:48:20.8120312Z   persist-credentials: true
2026-10-08T13:48:20.8121315Z   clean: true
2026-10-08T13:48:20.8122238Z   sparse-checkout-cone-mode: true
2026-10-08T13:48:20.8123326Z   fetch-depth: 1
2026-10-08T13:48:20.8124221Z   fetch-tags: false
2026-10-08T13:48:20.8125149Z   show-progress: true
2026-10-08T13:48:20.8126082Z   lfs: false
2026-10-08T13:48:20.8127075Z   submodules: false
2026-10-08T13:48:20.8128021Z   set-safe-directory: true
2026-10-08T13:48:20.8129084Z   allow-unsafe-pr-checkout: false
2026-10-08T13:48:20.8130522Z ##[endgroup]
2026-10-08T13:48:20.9282975Z Syncing repository: DD7780/Cocreate
2026-10-08T13:48:20.9285719Z ##[group]Getting Git version info
2026-10-08T13:48:20.9287627Z Working directory is '/home/runner/work/Cocreate/Cocreate'
2026-10-08T13:48:20.9289723Z [command]/usr/bin/git version
2026-10-08T13:48:21.1670719Z git version 2.55.0
2026-10-08T13:48:21.1694821Z ##[endgroup]
2026-10-08T13:48:21.1710318Z Temporarily overriding HOME='/home/runner/work/_temp/0524683d-f9b3-47ef-9c8e-f9f1a30ca641' before making global git config changes
2026-10-08T13:48:21.1711441Z Adding repository directory to the temporary git global config as a safe directory
2026-10-08T13:48:21.1715565Z [command]/usr/bin/git config --global --add safe.directory /home/runner/work/Cocreate/Cocreate
2026-10-08T13:48:21.1760760Z Deleting the contents of '/home/runner/work/Cocreate/Cocreate'
2026-10-08T13:48:21.1765719Z ##[group]Initializing the repository
2026-10-08T13:48:21.1770244Z [command]/usr/bin/git init /home/runner/work/Cocreate/Cocreate
2026-10-08T13:48:21.2561008Z hint: Using 'master' as the name for the initial branch. This default branch name
2026-10-08T13:48:21.2562804Z hint: will change to "main" in Git 3.0. To configure the initial branch name
2026-10-08T13:48:21.2563968Z hint: to use in all of your new repositories, which will suppress this warning,
2026-10-08T13:48:21.2565165Z hint: call:
2026-10-08T13:48:21.2565709Z hint:
2026-10-08T13:48:21.2566330Z hint: 	git config --global init.defaultBranch <name>
2026-10-08T13:48:21.2567647Z hint:
2026-10-08T13:48:21.2568568Z hint: Names commonly chosen instead of 'master' are 'main', 'trunk' and
2026-10-08T13:48:21.2569712Z hint: 'development'. The just-created branch can be renamed via this command:
2026-10-08T13:48:21.2570865Z hint:
2026-10-08T13:48:21.2571355Z hint: 	git branch -m <name>
2026-10-08T13:48:21.2571796Z hint:
2026-10-08T13:48:21.2572408Z hint: Disable this message with "git config set advice.defaultBranchName false"
2026-10-08T13:48:21.2573414Z Initialized empty Git repository in /home/runner/work/Cocreate/Cocreate/.git/
2026-10-08T13:48:21.2576152Z [command]/usr/bin/git remote add origin https://github.com/DD7780/Cocreate
2026-10-08T13:48:21.2762845Z ##[endgroup]
2026-10-08T13:48:21.2763648Z ##[group]Disabling automatic garbage collection
2026-10-08T13:48:21.2767453Z [command]/usr/bin/git config --local gc.auto 0
2026-10-08T13:48:21.2808862Z ##[endgroup]
2026-10-08T13:48:21.2809457Z ##[group]Setting up auth
2026-10-08T13:48:21.2816514Z [command]/usr/bin/git config --local --name-only --get-regexp core\.sshCommand
2026-10-08T13:48:21.2855713Z [command]/usr/bin/git submodule foreach --recursive sh -c "git config --local --name-only --get-regexp 'core\.sshCommand' && git config --local --unset-all 'core.sshCommand' || :"
2026-10-08T13:48:21.6523600Z [command]/usr/bin/git config --local --name-only --get-regexp http\.https\:\/\/github\.com\/\.extraheader
2026-10-08T13:48:21.6565309Z [command]/usr/bin/git submodule foreach --recursive sh -c "git config --local --name-only --get-regexp 'http\.https\:\/\/github\.com\/\.extraheader' && git config --local --unset-all 'http.https://github.com/.extraheader' || :"
2026-10-08T13:48:21.6855037Z [command]/usr/bin/git config --local --name-only --get-regexp ^includeIf\.gitdir:
2026-10-08T13:48:21.6898312Z [command]/usr/bin/git submodule foreach --recursive git config --local --show-origin --name-only --get-regexp remote.origin.url
2026-10-08T13:48:21.7173874Z [command]/usr/bin/git config --local http.https://github.com/.extraheader AUTHORIZATION: basic ***
2026-10-08T13:48:21.7230269Z ##[endgroup]
2026-10-08T13:48:21.7231385Z ##[group]Fetching the repository
2026-10-08T13:48:21.7240504Z [command]/usr/bin/git -c protocol.version=2 fetch --no-tags --prune --no-recurse-submodules --depth=1 origin +47a0053c6b170467075627c3b904b1afd136e2dc:refs/remotes/origin/codex/prelaunch-beta
2026-10-08T13:48:22.8705815Z From https://github.com/DD7780/Cocreate
2026-10-08T13:48:22.8707791Z  * [new ref]         47a0053c6b170467075627c3b904b1afd136e2dc -> origin/codex/prelaunch-beta
2026-10-08T13:48:22.8712404Z ##[endgroup]
2026-10-08T13:48:22.8713541Z ##[group]Determining the checkout info
2026-10-08T13:48:22.8715658Z ##[endgroup]
2026-10-08T13:48:22.8722421Z [command]/usr/bin/git sparse-checkout disable
2026-10-08T13:48:22.8957721Z [command]/usr/bin/git config --local --unset-all extensions.worktreeConfig
2026-10-08T13:48:22.8994500Z ##[group]Checking out the ref
2026-10-08T13:48:22.8999817Z [command]/usr/bin/git checkout --progress --force -B codex/prelaunch-beta refs/remotes/origin/codex/prelaunch-beta
2026-10-08T13:48:23.0144408Z Switched to a new branch 'codex/prelaunch-beta'
2026-10-08T13:48:23.0146131Z branch 'codex/prelaunch-beta' set up to track 'origin/codex/prelaunch-beta'.
2026-10-08T13:48:23.0159675Z ##[endgroup]
2026-10-08T13:48:23.0207941Z [command]/usr/bin/git log -1 --format=%H
2026-10-08T13:48:23.0239199Z 47a0053c6b170467075627c3b904b1afd136e2dc
2026-10-08T13:48:23.0578968Z ##[group]Run pnpm/action-setup@f40ffcd9367d9f12939873eb1018b921a783ffaa
2026-10-08T13:48:23.0579638Z with:
2026-10-08T13:48:23.0579834Z   version: 10.18.3
2026-10-08T13:48:23.0580045Z   dest: ~/setup-pnpm
2026-10-08T13:48:23.0580259Z   run_install: null
2026-10-08T13:48:23.0580460Z   cache: false
2026-10-08T13:48:23.0580687Z   cache_dependency_path: pnpm-lock.yaml
2026-10-08T13:48:23.0580983Z   package_json_file: package.json
2026-10-08T13:48:23.0581242Z   standalone: false
2026-10-08T13:48:23.0581447Z ##[endgroup]
2026-10-08T13:48:23.2158494Z ##[group]Running self-installer...
2026-10-08T13:48:23.6634143Z (node:2088) [DEP0169] DeprecationWarning: `url.parse()` behavior is not standardized and prone to errors that have security implications. Use the WHATWG URL API instead. CVEs are not issued for `url.parse()` vulnerabilities.
2026-10-08T13:48:23.6636657Z (Use `node --trace-deprecation ...` to show where the warning was created)
2026-10-08T13:48:23.8209826Z Progress: resolved 1, reused 0, downloaded 0, added 0
2026-10-08T13:48:23.8310903Z Packages: +1
2026-10-08T13:48:23.8311864Z +
2026-10-08T13:48:24.2594889Z Progress: resolved 1, reused 0, downloaded 1, added 1, done
2026-10-08T13:48:24.2849688Z 
2026-10-08T13:48:24.2850401Z dependencies:
2026-10-08T13:48:24.2850828Z + pnpm 10.18.3 (12.10.1 is available)
2026-10-08T13:48:24.2851112Z 
2026-10-08T13:48:24.2875344Z Done in 864ms
2026-10-08T13:48:24.3083561Z ##[endgroup]
2026-10-08T13:48:24.3084000Z Installation Completed!
2026-10-08T13:48:24.3277858Z ##[group]Run actions/setup-node@49933ea5288caeca8642d1e84afbd3f7d6820020
2026-10-08T13:48:24.3278283Z with:
2026-10-08T13:48:24.3278475Z   node-version: 22
2026-10-08T13:48:24.3278675Z   cache: pnpm
2026-10-08T13:48:24.3278872Z   always-auth: false
2026-10-08T13:48:24.3279083Z   check-latest: false
2026-10-08T13:48:24.3281517Z   token: ***
2026-10-08T13:48:24.3281711Z env:
2026-10-08T13:48:24.3281972Z   PNPM_HOME: /home/runner/setup-pnpm/node_modules/.bin
2026-10-08T13:48:24.3282283Z ##[endgroup]
2026-10-08T13:48:24.5254378Z Found in cache @ /opt/hostedtoolcache/node/22.23.3/x64
2026-10-08T13:48:24.5259734Z (node:2102) [DEP0040] DeprecationWarning: The `punycode` module is deprecated. Please use a userland alternative instead.
2026-10-08T13:48:24.5260952Z (Use `node --trace-deprecation ...` to show where the warning was created)
2026-10-08T13:48:24.5263622Z ##[group]Environment details
2026-10-08T13:48:30.1265391Z node: v22.23.3
2026-10-08T13:48:30.1265697Z npm: 10.9.9
2026-10-08T13:48:30.1266029Z yarn: 1.22.22
2026-10-08T13:48:30.1267407Z ##[endgroup]
2026-10-08T13:48:30.1293929Z [command]/home/runner/setup-pnpm/node_modules/.bin/pnpm store path --silent
2026-10-08T13:48:30.8781144Z /home/runner/setup-pnpm/node_modules/.bin/store/v10
2026-10-08T13:48:31.0185325Z pnpm cache is not found
2026-10-08T13:48:31.0323762Z ##[group]Run pnpm install --frozen-lockfile
2026-10-08T13:48:31.0324199Z [36;1mpnpm install --frozen-lockfile[0m
2026-10-08T13:48:31.0874842Z shell: /usr/bin/bash -e {0}
2026-10-08T13:48:31.0875176Z env:
2026-10-08T13:48:31.0875486Z   PNPM_HOME: /home/runner/setup-pnpm/node_modules/.bin
2026-10-08T13:48:31.0875901Z ##[endgroup]
2026-10-08T13:48:31.4743042Z Lockfile is up to date, resolution step is skipped
2026-10-08T13:48:31.5458512Z Progress: resolved 1, reused 0, downloaded 0, added 0
2026-10-08T13:48:31.6118235Z Packages: +408
2026-10-08T13:48:31.6119336Z ++++++++++++++++++++++++++++++++++++++++++++++++++++++++++++++++++++++++++++++++
2026-10-08T13:48:32.5511427Z Progress: resolved 408, reused 0, downloaded 128, added 122
2026-10-08T13:48:33.5514508Z Progress: resolved 408, reused 0, downloaded 247, added 234
2026-10-08T13:48:34.5520898Z Progress: resolved 408, reused 0, downloaded 312, added 259
2026-10-08T13:48:35.5530373Z Progress: resolved 408, reused 0, downloaded 407, added 407
2026-10-08T13:48:36.1258478Z Progress: resolved 408, reused 0, downloaded 408, added 408, done
2026-10-08T13:48:36.2821020Z .../node_modules/@prisma/engines postinstall$ node scripts/postinstall.js
2026-10-08T13:48:36.3113094Z .../esbuild@0.28.2/node_modules/esbuild postinstall$ node install.js
2026-10-08T13:48:36.3122197Z .../node_modules/workerd postinstall$ node install.js
2026-10-08T13:48:36.3129891Z .../esbuild@0.25.12/node_modules/esbuild postinstall$ node install.js
2026-10-08T13:48:36.3137441Z .../esbuild@0.28.1/node_modules/esbuild postinstall$ node install.js
2026-10-08T13:48:36.4355451Z .../esbuild@0.28.2/node_modules/esbuild postinstall: Done
2026-10-08T13:48:36.5508841Z .../esbuild@0.25.12/node_modules/esbuild postinstall: Done
2026-10-08T13:48:36.5607441Z .../esbuild@0.28.1/node_modules/esbuild postinstall: Done
2026-10-08T13:48:36.5622895Z .../node_modules/workerd postinstall: Done
2026-10-08T13:48:37.0430670Z .../node_modules/@prisma/engines postinstall: Done
2026-10-08T13:48:37.3815812Z .../node_modules/prisma preinstall$ node scripts/preinstall-entry.js
2026-10-08T13:48:37.5382290Z .../node_modules/prisma preinstall: Done
2026-10-08T13:48:37.8568472Z 
2026-10-08T13:48:37.8569037Z dependencies:
2026-10-08T13:48:37.8569641Z + @cloudflare/containers 0.3.7
2026-10-08T13:48:37.8569996Z + @supabase/server 1.8.0
2026-10-08T13:48:37.8570298Z + @supabase/supabase-js 2.117.0
2026-10-08T13:48:37.8570794Z + @tiptap/extension-collaboration 3.31.3
2026-10-08T13:48:37.8571243Z + @tiptap/extension-collaboration-caret 3.31.3
2026-10-08T13:48:37.8571564Z + @tiptap/react 3.31.3
2026-10-08T13:48:37.8571970Z + @tiptap/starter-kit 3.31.3
2026-10-08T13:48:37.8572257Z + @vitejs/plugin-react 5.2.0
2026-10-08T13:48:37.8572507Z + cross-env 10.1.0
2026-10-08T13:48:37.8572714Z + dotenv 17.4.2
2026-10-08T13:48:37.8573034Z + esbuild 0.25.12
2026-10-08T13:48:37.8573406Z + esbuild-wasm 0.25.12
2026-10-08T13:48:37.8573626Z + express 5.2.1
2026-10-08T13:48:37.8573842Z + lucide-react 0.468.0
2026-10-08T13:48:37.8574106Z + react 19.2.8
2026-10-08T13:48:37.8574426Z + react-dom 19.2.8
2026-10-08T13:48:37.8574785Z + vite 7.3.6
2026-10-08T13:48:37.8575119Z + ws 8.21.3
2026-10-08T13:48:37.8575505Z + y-protocols 1.0.7
2026-10-08T13:48:37.8575755Z + yjs 13.6.32
2026-10-08T13:48:37.8575872Z 
2026-10-08T13:48:37.8575974Z devDependencies:
2026-10-08T13:48:37.8576214Z + @prisma/adapter-pg 7.10.0
2026-10-08T13:48:37.8576471Z + @prisma/client 7.10.0
2026-10-08T13:48:37.8576714Z + @types/express 5.0.6
2026-10-08T13:48:37.8577283Z + @types/node 22.20.1
2026-10-08T13:48:37.8577714Z + @types/pg 8.23.1
2026-10-08T13:48:37.8578116Z + @types/react 19.2.18
2026-10-08T13:48:37.8578543Z + @types/react-dom 19.2.7
2026-10-08T13:48:37.8578963Z + @types/ws 8.18.1
2026-10-08T13:48:37.8579304Z + pg 8.23.0
2026-10-08T13:48:37.8579565Z + prisma 7.10.0
2026-10-08T13:48:37.8579762Z + tsx 4.23.13
2026-10-08T13:48:37.8580089Z + typescript 5.9.3
2026-10-08T13:48:37.8580343Z + wrangler 4.131.1
2026-10-08T13:48:37.8580471Z 
2026-10-08T13:48:37.9971001Z Done in 6.8s using pnpm v10.18.3
2026-10-08T13:48:38.0409600Z ##[group]Run pnpm check:boundaries
2026-10-08T13:48:38.0409968Z [36;1mpnpm check:boundaries[0m
2026-10-08T13:48:38.0484082Z shell: /usr/bin/bash -e {0}
2026-10-08T13:48:38.0484392Z env:
2026-10-08T13:48:38.0484703Z   PNPM_HOME: /home/runner/setup-pnpm/node_modules/.bin
2026-10-08T13:48:38.0485122Z ##[endgroup]
2026-10-08T13:48:38.3525364Z 
2026-10-08T13:48:38.3526298Z > cocreate@1.0.0 check:boundaries /home/runner/work/Cocreate/Cocreate
2026-10-08T13:48:38.3527448Z > tsx scripts/codebase-audit.ts --check
2026-10-08T13:48:38.3527824Z 
2026-10-08T13:48:40.0982246Z Audited 143 files; 1 static candidates; 0 boundary violations.
2026-10-08T13:48:40.0984330Z Jev: 0 physical requests, 0 input tokens with known usage, known-usage estimate $0.000000; unknown requests retain their reservation.
2026-10-08T13:48:40.0985647Z Report: artifacts/codebase-audit/report.json
2026-10-08T13:48:40.1367779Z ##[group]Run pnpm build
2026-10-08T13:48:40.1368077Z [36;1mpnpm build[0m
2026-10-08T13:48:40.1440869Z shell: /usr/bin/bash -e {0}
2026-10-08T13:48:40.1441154Z env:
2026-10-08T13:48:40.1441446Z   PNPM_HOME: /home/runner/setup-pnpm/node_modules/.bin
2026-10-08T13:48:40.1441812Z ##[endgroup]
2026-10-08T13:48:40.4464229Z 
2026-10-08T13:48:40.4465102Z > cocreate@1.0.0 build /home/runner/work/Cocreate/Cocreate
2026-10-08T13:48:40.4466558Z > tsc --noEmit && vite build --configLoader runner
2026-10-08T13:48:40.4467222Z 
2026-10-08T13:48:48.9761987Z [36mvite v7.3.6 [32mbuilding client environment for production...[36m[39m
2026-10-08T13:48:49.0420086Z transforming...
2026-10-08T13:48:52.8599462Z [32m✓[39m 1749 modules transformed.
2026-10-08T13:48:53.1138375Z rendering chunks...
2026-10-08T13:48:53.3626626Z computing gzip size...
2026-10-08T13:48:53.3850841Z [2mdist/[22m[32mindex.html                           [39m[1m[2m  0.44 kB[22m[1m[22m[2m │ gzip:   0.30 kB[22m
2026-10-08T13:48:53.3853025Z [2mdist/[22m[2massets/[22m[35mApp-BqUO_rW7.css              [39m[1m[2m  2.56 kB[22m[1m[22m[2m │ gzip:   0.85 kB[22m
2026-10-08T13:48:53.3855052Z [2mdist/[22m[2massets/[22m[35mLandingPage-CNj4pefA.css      [39m[1m[2m 13.13 kB[22m[1m[22m[2m │ gzip:   2.95 kB[22m
2026-10-08T13:48:53.3857242Z [2mdist/[22m[2massets/[22m[35mindex-cyLHvudv.css            [39m[1m[2m 75.38 kB[22m[1m[22m[2m │ gzip:  14.48 kB[22m
2026-10-08T13:48:53.3859129Z [2mdist/[22m[2massets/[22m[36musers-S0nR_fpD.js             [39m[1m[2m  0.69 kB[22m[1m[22m[2m │ gzip:   0.39 kB[22m
2026-10-08T13:48:53.3861014Z [2mdist/[22m[2massets/[22m[36mcreateLucideIcon-DS0f-70M.js  [39m[1m[2m  0.89 kB[22m[1m[22m[2m │ gzip:   0.55 kB[22m
2026-10-08T13:48:53.3862822Z [2mdist/[22m[2massets/[22m[36mx-CYlEPbUI.js                 [39m[1m[2m  1.70 kB[22m[1m[22m[2m │ gzip:   0.78 kB[22m
2026-10-08T13:48:53.3864384Z [2mdist/[22m[2massets/[22m[36mLandingPage-CklZAjP2.js       [39m[1m[2m 15.33 kB[22m[1m[22m[2m │ gzip:   4.92 kB[22m
2026-10-08T13:48:53.3865901Z [2mdist/[22m[2massets/[22m[36mProjectApp-CEhcL8gy.js        [39m[1m[2m 29.68 kB[22m[1m[22m[2m │ gzip:   9.01 kB[22m
2026-10-08T13:48:53.3867904Z [2mdist/[22m[2massets/[22m[36mindex-5SCWldx6.js             [39m[1m[2m421.72 kB[22m[1m[22m[2m │ gzip: 121.23 kB[22m
2026-10-08T13:48:53.3869652Z [2mdist/[22m[2massets/[22m[36mApp-thYYHyMP.js               [39m[1m[33m583.75 kB[39m[22m[2m │ gzip: 185.76 kB[22m
2026-10-08T13:48:53.3870736Z [33m
2026-10-08T13:48:53.3871434Z (!) Some chunks are larger than 500 kB after minification. Consider:
2026-10-08T13:48:53.3872297Z - Using dynamic import() to code-split the application
2026-10-08T13:48:53.3873797Z - Use build.rollupOptions.output.manualChunks to improve chunking: https://rollupjs.org/configuration-options/#output-manualchunks
2026-10-08T13:48:53.3875490Z - Adjust chunk size limit for this warning via build.chunkSizeWarningLimit.[39m
2026-10-08T13:48:53.3876373Z [32m✓ built in 4.38s[39m
2026-10-08T13:48:53.4582837Z ##[group]Run node --input-type=module <<'NODE'
2026-10-08T13:48:53.4583241Z [36;1mnode --input-type=module <<'NODE'[0m
2026-10-08T13:48:53.4583540Z [36;1mimport fs from 'node:fs';[0m
2026-10-08T13:48:53.4583847Z [36;1mimport {spawnSync} from 'node:child_process';[0m
2026-10-08T13:48:53.4584366Z [36;1mconst {image_vars} = JSON.parse(fs.readFileSync('wrangler.jsonc', 'utf8')).containers[0];[0m
2026-10-08T13:48:53.4585117Z [36;1mconst names = ['VITE_COCREATE_AUTH_MODE', 'VITE_COCREATE_APP_ORIGIN', 'VITE_SUPABASE_URL', 'VITE_SUPABASE_PUBLISHABLE_KEY'];[0m
2026-10-08T13:48:53.4585732Z [36;1mconst args = ['build', '--tag', 'cocreate-check'];[0m
2026-10-08T13:48:53.4586065Z [36;1mfor (const name of names) {[0m
2026-10-08T13:48:53.4586527Z [36;1m  if (typeof image_vars[name] !== 'string') throw new Error(`Missing public build variable: ${name}`);[0m
2026-10-08T13:48:53.4587278Z [36;1m  args.push('--build-arg', `${name}=${image_vars[name]}`);[0m
2026-10-08T13:48:53.4587646Z [36;1m}[0m
2026-10-08T13:48:53.4587973Z [36;1mconst result = spawnSync('docker', [...args, '.'], {stdio: 'inherit'});[0m
2026-10-08T13:48:53.4588388Z [36;1mif (result.error) throw result.error;[0m
2026-10-08T13:48:53.4588700Z [36;1mprocess.exit(result.status ?? 1);[0m
2026-10-08T13:48:53.4588966Z [36;1mNODE[0m
2026-10-08T13:48:53.4661015Z shell: /usr/bin/bash -e {0}
2026-10-08T13:48:53.4661273Z env:
2026-10-08T13:48:53.4661632Z   PNPM_HOME: /home/runner/setup-pnpm/node_modules/.bin
2026-10-08T13:48:53.4662156Z ##[endgroup]
2026-10-08T13:48:58.7560450Z #0 building with "default" instance using docker driver
2026-10-08T13:48:58.7561145Z 
2026-10-08T13:48:58.7561788Z #1 [internal] load build definition from Dockerfile
2026-10-08T13:48:58.9792483Z #1 transferring dockerfile: 1.37kB done
2026-10-08T13:48:58.9793075Z #1 DONE 0.0s
2026-10-08T13:48:58.9793386Z 
2026-10-08T13:48:58.9793944Z #2 [auth] library/node:pull token for registry-1.docker.io
2026-10-08T13:48:58.9794798Z #2 DONE 0.0s
2026-10-08T13:48:58.9795103Z 
2026-10-08T13:48:58.9795663Z #3 [internal] load metadata for docker.io/library/node:22-bookworm-slim
2026-10-08T13:48:59.1698491Z #3 DONE 0.4s
2026-10-08T13:48:59.3168210Z 
2026-10-08T13:48:59.3169008Z #4 [internal] load .dockerignore
2026-10-08T13:48:59.3169651Z #4 transferring context: 248B done
2026-10-08T13:48:59.3170162Z #4 DONE 0.0s
2026-10-08T13:48:59.3170359Z 
2026-10-08T13:48:59.3171331Z #5 [ 1/11] FROM docker.io/library/node:22-bookworm-slim@sha256:c3de60bf2f9dd0ac6370e6117950ff62d6e339527e7472301c9c78a017978392
2026-10-08T13:48:59.3173225Z #5 resolve docker.io/library/node:22-bookworm-slim@sha256:c3de60bf2f9dd0ac6370e6117950ff62d6e339527e7472301c9c78a017978392 done
2026-10-08T13:48:59.3174884Z #5 sha256:efd0ab5780c2d9ab1f0f869571a00d5edb17793bff4cce4a2792e3eb0ffc7562 1.93kB / 1.93kB done
2026-10-08T13:48:59.3176352Z #5 sha256:d0a16be756b6ec6658aecb8b7bcf87fa6c7d0d7fcc6ca53ad14bb49a4c90bdd7 6.77kB / 6.77kB done
2026-10-08T13:48:59.3178086Z #5 sha256:7fd1ebe418b5079d4aa36f416af9b143d127bc75b0155d71cb5fd559b5e04d39 27.26MB / 28.25MB 0.1s
2026-10-08T13:48:59.3179573Z #5 sha256:f0400f4b55b0ad346bf6167a1b64a258e4d73db608c457798ce35e4ffeebfaaf 3.31kB / 3.31kB 0.0s done
2026-10-08T13:48:59.3181008Z #5 sha256:d22c69a95cf463f4cb74462bd2899597ce505d82bd4c01ceddf7845e12f13856 15.73MB / 49.84MB 0.1s
2026-10-08T13:48:59.3182461Z #5 sha256:2cfab517365cfc6b4bd1f8c4cb01754884ef75bc38758b3c41e291c696f019f5 1.71MB / 1.71MB 0.1s done
2026-10-08T13:48:59.3183823Z #5 sha256:a8de9fa052209313d8e45435a8486e29b20eebaa820e2e7f63a7c3c94b4fa567 0B / 448B 0.1s
2026-10-08T13:48:59.3185146Z #5 sha256:c3de60bf2f9dd0ac6370e6117950ff62d6e339527e7472301c9c78a017978392 5.22kB / 5.22kB done
2026-10-08T13:48:59.4657866Z #5 sha256:7fd1ebe418b5079d4aa36f416af9b143d127bc75b0155d71cb5fd559b5e04d39 28.25MB / 28.25MB 0.1s done
2026-10-08T13:48:59.4659390Z #5 sha256:d22c69a95cf463f4cb74462bd2899597ce505d82bd4c01ceddf7845e12f13856 47.19MB / 49.84MB 0.2s
2026-10-08T13:48:59.4661139Z #5 sha256:a8de9fa052209313d8e45435a8486e29b20eebaa820e2e7f63a7c3c94b4fa567 448B / 448B 0.1s done
2026-10-08T13:48:59.4662484Z #5 extracting sha256:7fd1ebe418b5079d4aa36f416af9b143d127bc75b0155d71cb5fd559b5e04d39
2026-10-08T13:48:59.6345223Z #5 ...
2026-10-08T13:48:59.6345503Z 
2026-10-08T13:48:59.6345792Z #6 [internal] load build context
2026-10-08T13:48:59.6346451Z #6 transferring context: 20.67MB 0.3s done
2026-10-08T13:48:59.6347246Z #6 DONE 0.3s
2026-10-08T13:48:59.6347460Z 
2026-10-08T13:48:59.6348425Z #5 [ 1/11] FROM docker.io/library/node:22-bookworm-slim@sha256:c3de60bf2f9dd0ac6370e6117950ff62d6e339527e7472301c9c78a017978392
2026-10-08T13:48:59.6350108Z #5 sha256:d22c69a95cf463f4cb74462bd2899597ce505d82bd4c01ceddf7845e12f13856 49.84MB / 49.84MB 0.2s done
2026-10-08T13:49:00.4973178Z #5 extracting sha256:7fd1ebe418b5079d4aa36f416af9b143d127bc75b0155d71cb5fd559b5e04d39 1.1s done
2026-10-08T13:49:00.6739767Z #5 extracting sha256:f0400f4b55b0ad346bf6167a1b64a258e4d73db608c457798ce35e4ffeebfaaf done
2026-10-08T13:49:01.9936594Z #5 extracting sha256:d22c69a95cf463f4cb74462bd2899597ce505d82bd4c01ceddf7845e12f13856
2026-10-08T13:49:03.3999861Z #5 extracting sha256:d22c69a95cf463f4cb74462bd2899597ce505d82bd4c01ceddf7845e12f13856 1.3s done
2026-10-08T13:49:03.4001687Z #5 extracting sha256:2cfab517365cfc6b4bd1f8c4cb01754884ef75bc38758b3c41e291c696f019f5
2026-10-08T13:49:03.6302894Z #5 extracting sha256:2cfab517365cfc6b4bd1f8c4cb01754884ef75bc38758b3c41e291c696f019f5 0.0s done
2026-10-08T13:49:03.6303829Z #5 extracting sha256:a8de9fa052209313d8e45435a8486e29b20eebaa820e2e7f63a7c3c94b4fa567 done
2026-10-08T13:49:03.6304310Z #5 DONE 4.3s
2026-10-08T13:49:03.6304437Z 
2026-10-08T13:49:03.6304564Z #7 [ 2/11] WORKDIR /app
2026-10-08T13:49:03.6304794Z #7 DONE 0.0s
2026-10-08T13:49:03.6304907Z 
2026-10-08T13:49:03.6305053Z #8 [ 3/11] RUN corepack enable
2026-10-08T13:49:03.7540871Z #8 DONE 0.3s
2026-10-08T13:49:03.9052642Z 
2026-10-08T13:49:03.9053957Z #9 [ 4/11] RUN apt-get update && apt-get install -y --no-install-recommends bubblewrap util-linux chromium tini && rm -rf /var/lib/apt/lists/*
2026-10-08T13:49:03.9519055Z #9 0.197 Get:1 http://deb.debian.org/debian bookworm InRelease [151 kB]
2026-10-08T13:49:04.0913386Z #9 0.209 Get:2 http://deb.debian.org/debian bookworm-updates InRelease [55.4 kB]
2026-10-08T13:49:04.0915098Z #9 0.210 Get:3 http://deb.debian.org/debian-security bookworm-security InRelease [34.8 kB]
2026-10-08T13:49:04.0916546Z #9 0.276 Get:4 http://deb.debian.org/debian bookworm/main amd64 Packages [8790 kB]
2026-10-08T13:49:04.0918211Z #9 0.336 Get:5 http://deb.debian.org/debian bookworm-updates/main amd64 Packages [6924 B]
2026-10-08T13:49:04.2900307Z #9 0.385 Get:6 http://deb.debian.org/debian-security bookworm-security/main amd64 Packages [349 kB]
2026-10-08T13:49:04.8788578Z #9 1.124 Fetched 9388 kB in 1s (10.0 MB/s)
2026-10-08T13:49:05.3227854Z #9 1.124 Reading package lists...
2026-10-08T13:49:05.8036706Z #9 1.586 Reading package lists...
2026-10-08T13:49:05.9352575Z #9 2.062 Building dependency tree...
2026-10-08T13:49:05.9353633Z #9 2.180 Reading state information...
2026-10-08T13:49:06.0531080Z #9 2.298 util-linux is already the newest version (2.38.1-5+deb12u3).
2026-10-08T13:49:06.0532427Z #9 2.298 util-linux set to manually installed.
2026-10-08T13:49:06.0533617Z #9 2.298 The following additional packages will be installed:
2026-10-08T13:49:06.0535020Z #9 2.298   adwaita-icon-theme at-spi2-common chromium-common dbus dbus-bin dbus-daemon
2026-10-08T13:49:06.0536091Z #9 2.298   dbus-session-bus-common dbus-system-bus-common dbus-user-session
2026-10-08T13:49:06.2051031Z #9 2.299   dconf-gsettings-backend dconf-service dmsetup fontconfig fontconfig-config
2026-10-08T13:49:06.2052325Z #9 2.299   fonts-dejavu-core gtk-update-icon-cache hicolor-icon-theme libapparmor1
2026-10-08T13:49:06.2053391Z #9 2.299   libargon2-1 libasound2 libasound2-data libasyncns0 libatk-bridge2.0-0
2026-10-08T13:49:06.2054332Z #9 2.299   libatk1.0-0 libatspi2.0-0 libavahi-client3 libavahi-common-data
2026-10-08T13:49:06.2055797Z #9 2.299   libavahi-common3 libbrotli1 libbsd0 libcairo-gobject2 libcairo2 libcolord2
2026-10-08T13:49:06.2057109Z #9 2.299   libcryptsetup12 libcups2 libdatrie1 libdav1d6 libdbus-1-3 libdconf1
2026-10-08T13:49:06.2058159Z #9 2.299   libdeflate0 libdevmapper1.02.1 libdouble-conversion3 libdrm-amdgpu1
2026-10-08T13:49:06.2059167Z #9 2.299   libdrm-common libdrm-intel1 libdrm-nouveau2 libdrm-radeon1 libdrm2 libedit2
2026-10-08T13:49:06.2060212Z #9 2.299   libelf1 libepoxy0 libexpat1 libfdisk1 libflac12 libfontconfig1 libfontenc1
2026-10-08T13:49:06.2061259Z #9 2.299   libfreetype6 libfribidi0 libgbm1 libgdk-pixbuf-2.0-0 libgdk-pixbuf2.0-common
2026-10-08T13:49:06.2062271Z #9 2.299   libgl1 libgl1-mesa-dri libglapi-mesa libglib2.0-0 libglvnd0 libglx-mesa0
2026-10-08T13:49:06.2062988Z #9 2.299   libglx0 libgraphite2-3 libgssapi-krb5-2 libgtk-3-0 libgtk-3-common
2026-10-08T13:49:06.2063703Z #9 2.299   libharfbuzz-subset0 libharfbuzz0b libice6 libicu72 libip4tc2 libjbig0
2026-10-08T13:49:06.2064451Z #9 2.299   libjpeg62-turbo libjson-c5 libk5crypto3 libkeyutils1 libkmod2 libkrb5-3
2026-10-08T13:49:06.2065183Z #9 2.299   libkrb5support0 liblcms2-2 liblerc4 libllvm15 libminizip1 libmp3lame0
2026-10-08T13:49:06.2066003Z #9 2.299   libmpg123-0 libncursesw6 libnspr4 libnss3 libogg0 libopenh264-7 libopenjp2-7
2026-10-08T13:49:06.2066999Z #9 2.299   libopus0 libpam-systemd libpango-1.0-0 libpangocairo-1.0-0 libpangoft2-1.0-0
2026-10-08T13:49:06.2068019Z #9 2.299   libpciaccess0 libpixman-1-0 libpng16-16 libproc2-0 libpulse0
2026-10-08T13:49:06.2068723Z #9 2.299   libsensors-config libsensors5 libsm6 libsndfile1 libsqlite3-0 libssl3
2026-10-08T13:49:06.2069490Z #9 2.299   libsystemd-shared libthai-data libthai0 libtiff6 libvorbis0a libvorbisenc2
2026-10-08T13:49:06.2070272Z #9 2.299   libwayland-client0 libwayland-cursor0 libwayland-egl1 libwayland-server0
2026-10-08T13:49:06.2071038Z #9 2.299   libwebp7 libx11-6 libx11-data libx11-xcb1 libxau6 libxaw7 libxcb-dri2-0
2026-10-08T13:49:06.2071760Z #9 2.299   libxcb-dri3-0 libxcb-glx0 libxcb-present0 libxcb-randr0 libxcb-render0
2026-10-08T13:49:06.2072421Z #9 2.299   libxcb-shape0 libxcb-shm0 libxcb-sync1 libxcb-xfixes0 libxcb1 libxcomposite1
2026-10-08T13:49:06.2073061Z #9 2.299   libxcursor1 libxdamage1 libxdmcp6 libxext6 libxfixes3 libxft2 libxi6
2026-10-08T13:49:06.2073682Z #9 2.299   libxinerama1 libxkbcommon0 libxkbfile1 libxml2 libxmu6 libxmuu1 libxnvctrl0
2026-10-08T13:49:06.2074298Z #9 2.299   libxpm4 libxrandr2 libxrender1 libxshmfence1 libxt6 libxtst6 libxv1
2026-10-08T13:49:06.2074867Z #9 2.299   libxxf86dga1 libxxf86vm1 libz3-4 procps shared-mime-info systemd
2026-10-08T13:49:06.2075374Z #9 2.299   systemd-sysv x11-common x11-utils xdg-utils xkb-data
2026-10-08T13:49:06.2075735Z #9 2.300 Suggested packages:
2026-10-08T13:49:06.2076211Z #9 2.300   chromium-l10n chromium-shell chromium-driver libasound2-plugins alsa-utils
2026-10-08T13:49:06.2077168Z #9 2.300   colord cups-common low-memory-monitor krb5-doc krb5-user gvfs liblcms2-utils
2026-10-08T13:49:06.2077850Z #9 2.300   opus-tools pciutils pulseaudio lm-sensors systemd-container systemd-homed
2026-10-08T13:49:06.2078473Z #9 2.300   systemd-userdbd systemd-boot systemd-resolved libfido2-1 libqrencode4
2026-10-08T13:49:06.2079070Z #9 2.300   libtss2-esys-3.0.2-0 libtss2-mu0 libtss2-rc0 polkitd | policykit-1
2026-10-08T13:49:06.2079458Z #9 2.300   mesa-utils
2026-10-08T13:49:06.2079721Z #9 2.300 Recommended packages:
2026-10-08T13:49:06.2080157Z #9 2.300   librsvg2-common upower udev fonts-liberation notification-daemon
2026-10-08T13:49:06.2080744Z #9 2.300   system-config-printer alsa-ucm-conf alsa-topology-conf at-spi2-core
2026-10-08T13:49:06.2081378Z #9 2.300   libgdk-pixbuf2.0-bin libglib2.0-data xdg-user-dirs libgtk-3-bin krb5-locales
2026-10-08T13:49:06.2081969Z #9 2.300   libgpm2 psmisc systemd-timesyncd | time-daemon libnss-systemd
2026-10-08T13:49:06.2082488Z #9 2.300   libfile-mimeinfo-perl libnet-dbus-perl libx11-protocol-perl
2026-10-08T13:49:06.2082860Z #9 2.300   x11-xserver-utils
2026-10-08T13:49:06.7162078Z #9 2.961 The following NEW packages will be installed:
2026-10-08T13:49:06.7166256Z #9 2.961   adwaita-icon-theme at-spi2-common bubblewrap chromium chromium-common dbus
2026-10-08T13:49:06.7168429Z #9 2.961   dbus-bin dbus-daemon dbus-session-bus-common dbus-system-bus-common
2026-10-08T13:49:06.8531351Z #9 2.961   dbus-user-session dconf-gsettings-backend dconf-service dmsetup fontconfig
2026-10-08T13:49:06.8533036Z #9 2.961   fontconfig-config fonts-dejavu-core gtk-update-icon-cache hicolor-icon-theme
2026-10-08T13:49:06.8534461Z #9 2.961   libapparmor1 libargon2-1 libasound2 libasound2-data libasyncns0
2026-10-08T13:49:06.8535754Z #9 2.961   libatk-bridge2.0-0 libatk1.0-0 libatspi2.0-0 libavahi-client3
2026-10-08T13:49:06.8537514Z #9 2.961   libavahi-common-data libavahi-common3 libbrotli1 libbsd0 libcairo-gobject2
2026-10-08T13:49:06.8538815Z #9 2.961   libcairo2 libcolord2 libcryptsetup12 libcups2 libdatrie1 libdav1d6
2026-10-08T13:49:06.8540802Z #9 2.961   libdbus-1-3 libdconf1 libdeflate0 libdevmapper1.02.1 libdouble-conversion3
2026-10-08T13:49:06.8543535Z #9 2.961   libdrm-amdgpu1 libdrm-common libdrm-intel1 libdrm-nouveau2 libdrm-radeon1
2026-10-08T13:49:06.8544811Z #9 2.961   libdrm2 libedit2 libelf1 libepoxy0 libexpat1 libfdisk1 libflac12
2026-10-08T13:49:06.8546067Z #9 2.961   libfontconfig1 libfontenc1 libfreetype6 libfribidi0 libgbm1
2026-10-08T13:49:06.8547798Z #9 2.962   libgdk-pixbuf-2.0-0 libgdk-pixbuf2.0-common libgl1 libgl1-mesa-dri
2026-10-08T13:49:06.8549719Z #9 2.962   libglapi-mesa libglib2.0-0 libglvnd0 libglx-mesa0 libglx0 libgraphite2-3
2026-10-08T13:49:06.8551486Z #9 2.962   libgssapi-krb5-2 libgtk-3-0 libgtk-3-common libharfbuzz-subset0
2026-10-08T13:49:06.8553110Z #9 2.962   libharfbuzz0b libice6 libicu72 libip4tc2 libjbig0 libjpeg62-turbo libjson-c5
2026-10-08T13:49:06.8554488Z #9 2.962   libk5crypto3 libkeyutils1 libkmod2 libkrb5-3 libkrb5support0 liblcms2-2
2026-10-08T13:49:06.8555935Z #9 2.962   liblerc4 libllvm15 libminizip1 libmp3lame0 libmpg123-0 libncursesw6 libnspr4
2026-10-08T13:49:06.8557933Z #9 2.962   libnss3 libogg0 libopenh264-7 libopenjp2-7 libopus0 libpam-systemd
2026-10-08T13:49:06.8560401Z #9 2.962   libpango-1.0-0 libpangocairo-1.0-0 libpangoft2-1.0-0 libpciaccess0
2026-10-08T13:49:06.8562275Z #9 2.962   libpixman-1-0 libpng16-16 libproc2-0 libpulse0 libsensors-config libsensors5
2026-10-08T13:49:06.8563956Z #9 2.962   libsm6 libsndfile1 libsqlite3-0 libssl3 libsystemd-shared libthai-data
2026-10-08T13:49:06.8565473Z #9 2.962   libthai0 libtiff6 libvorbis0a libvorbisenc2 libwayland-client0
2026-10-08T13:49:06.8567116Z #9 2.962   libwayland-cursor0 libwayland-egl1 libwayland-server0 libwebp7 libx11-6
2026-10-08T13:49:06.8568385Z #9 2.962   libx11-data libx11-xcb1 libxau6 libxaw7 libxcb-dri2-0 libxcb-dri3-0
2026-10-08T13:49:06.8569658Z #9 2.962   libxcb-glx0 libxcb-present0 libxcb-randr0 libxcb-render0 libxcb-shape0
2026-10-08T13:49:06.8570895Z #9 2.962   libxcb-shm0 libxcb-sync1 libxcb-xfixes0 libxcb1 libxcomposite1 libxcursor1
2026-10-08T13:49:06.8572198Z #9 2.962   libxdamage1 libxdmcp6 libxext6 libxfixes3 libxft2 libxi6 libxinerama1
2026-10-08T13:49:06.8573424Z #9 2.962   libxkbcommon0 libxkbfile1 libxml2 libxmu6 libxmuu1 libxnvctrl0 libxpm4
2026-10-08T13:49:06.8574704Z #9 2.963   libxrandr2 libxrender1 libxshmfence1 libxt6 libxtst6 libxv1 libxxf86dga1
2026-10-08T13:49:06.8575923Z #9 2.963   libxxf86vm1 libz3-4 procps shared-mime-info systemd systemd-sysv tini
2026-10-08T13:49:06.8577188Z #9 2.963   x11-common x11-utils xdg-utils xkb-data
2026-10-08T13:49:06.8578193Z #9 2.993 0 upgraded, 176 newly installed, 0 to remove and 1 not upgraded.
2026-10-08T13:49:06.8579110Z #9 2.993 Need to get 207 MB of archives.
2026-10-08T13:49:06.8580630Z #9 2.993 After this operation, 734 MB of additional disk space will be used.
2026-10-08T13:49:06.8582202Z #9 2.993 Get:1 http://deb.debian.org/debian-security bookworm-security/main amd64 libssl3 amd64 3.0.22-1~deb12u1 [2039 kB]
2026-10-08T13:49:06.8583917Z #9 3.006 Get:2 http://deb.debian.org/debian bookworm/main amd64 libargon2-1 amd64 0~20171227-0.3+deb12u1 [19.4 kB]
2026-10-08T13:49:06.8585767Z #9 3.006 Get:3 http://deb.debian.org/debian bookworm/main amd64 dmsetup amd64 2:1.02.185-2 [82.0 kB]
2026-10-08T13:49:06.8587581Z #9 3.009 Get:4 http://deb.debian.org/debian bookworm/main amd64 libdevmapper1.02.1 amd64 2:1.02.185-2 [133 kB]
2026-10-08T13:49:06.8589176Z #9 3.010 Get:5 http://deb.debian.org/debian bookworm/main amd64 libjson-c5 amd64 0.16-2 [44.1 kB]
2026-10-08T13:49:06.8590928Z #9 3.011 Get:6 http://deb.debian.org/debian bookworm/main amd64 libcryptsetup12 amd64 2:2.6.1-4~deb12u2 [223 kB]
2026-10-08T13:49:06.8592845Z #9 3.012 Get:7 http://deb.debian.org/debian bookworm/main amd64 libfdisk1 amd64 2.38.1-5+deb12u3 [194 kB]
2026-10-08T13:49:06.8595781Z #9 3.013 Get:8 http://deb.debian.org/debian bookworm/main amd64 libkmod2 amd64 30+20221128-1 [57.9 kB]
2026-10-08T13:49:06.8597597Z #9 3.016 Get:9 http://deb.debian.org/debian bookworm/main amd64 libapparmor1 amd64 3.0.8-3 [41.2 kB]
2026-10-08T13:49:06.8599248Z #9 3.016 Get:10 http://deb.debian.org/debian bookworm/main amd64 libip4tc2 amd64 1.8.9-2 [19.0 kB]
2026-10-08T13:49:06.8601026Z #9 3.016 Get:11 http://deb.debian.org/debian bookworm/main amd64 libsystemd-shared amd64 252.39-1~deb12u2 [1696 kB]
2026-10-08T13:49:06.8603586Z #9 3.023 Get:12 http://deb.debian.org/debian bookworm/main amd64 systemd amd64 252.39-1~deb12u2 [3044 kB]
2026-10-08T13:49:06.8606134Z #9 3.035 Get:13 http://deb.debian.org/debian bookworm/main amd64 systemd-sysv amd64 252.39-1~deb12u2 [42.9 kB]
2026-10-08T13:49:06.8608089Z #9 3.035 Get:14 http://deb.debian.org/debian bookworm/main amd64 libdbus-1-3 amd64 1.14.10-1~deb12u1 [201 kB]
2026-10-08T13:49:06.8609832Z #9 3.036 Get:15 http://deb.debian.org/debian bookworm/main amd64 dbus-bin amd64 1.14.10-1~deb12u1 [105 kB]
2026-10-08T13:49:06.8611628Z #9 3.037 Get:16 http://deb.debian.org/debian bookworm/main amd64 dbus-session-bus-common all 1.14.10-1~deb12u1 [78.2 kB]
2026-10-08T13:49:06.8614224Z #9 3.038 Get:17 http://deb.debian.org/debian-security bookworm-security/main amd64 libexpat1 amd64 2.5.0-1+deb12u4 [106 kB]
2026-10-08T13:49:06.8617348Z #9 3.038 Get:18 http://deb.debian.org/debian bookworm/main amd64 dbus-daemon amd64 1.14.10-1~deb12u1 [184 kB]
2026-10-08T13:49:06.8619258Z #9 3.040 Get:19 http://deb.debian.org/debian bookworm/main amd64 dbus-system-bus-common all 1.14.10-1~deb12u1 [79.3 kB]
2026-10-08T13:49:06.8621433Z #9 3.040 Get:20 http://deb.debian.org/debian bookworm/main amd64 dbus amd64 1.14.10-1~deb12u1 [97.4 kB]
2026-10-08T13:49:06.8622946Z #9 3.041 Get:21 http://deb.debian.org/debian bookworm/main amd64 libncursesw6 amd64 6.4-4 [134 kB]
2026-10-08T13:49:06.8627602Z #9 3.042 Get:22 http://deb.debian.org/debian bookworm/main amd64 libproc2-0 amd64 2:4.0.2-3 [62.8 kB]
2026-10-08T13:49:06.8630820Z #9 3.042 Get:23 http://deb.debian.org/debian bookworm/main amd64 procps amd64 2:4.0.2-3 [709 kB]
2026-10-08T13:49:06.8633628Z #9 3.046 Get:24 http://deb.debian.org/debian bookworm/main amd64 libpam-systemd amd64 252.39-1~deb12u2 [226 kB]
2026-10-08T13:49:06.8635304Z #9 3.047 Get:25 http://deb.debian.org/debian bookworm/main amd64 hicolor-icon-theme all 0.17-2 [11.4 kB]
2026-10-08T13:49:06.8637570Z #9 3.047 Get:26 http://deb.debian.org/debian bookworm/main amd64 libgdk-pixbuf2.0-common all 2.42.10+dfsg-1+deb12u4 [307 kB]
2026-10-08T13:49:06.8641341Z #9 3.049 Get:27 http://deb.debian.org/debian bookworm/main amd64 libglib2.0-0 amd64 2.74.6-2+deb12u9 [1403 kB]
2026-10-08T13:49:06.8644847Z #9 3.056 Get:28 http://deb.debian.org/debian bookworm/main amd64 libicu72 amd64 72.1-3+deb12u1 [9376 kB]
2026-10-08T13:49:06.8649627Z #9 3.098 Get:29 http://deb.debian.org/debian bookworm/main amd64 libxml2 amd64 2.9.14+dfsg-1.3~deb12u6 [689 kB]
2026-10-08T13:49:06.9547786Z #9 3.102 Get:30 http://deb.debian.org/debian bookworm/main amd64 shared-mime-info amd64 2.2-1 [729 kB]
2026-10-08T13:49:06.9558350Z #9 3.105 Get:31 http://deb.debian.org/debian bookworm/main amd64 libjpeg62-turbo amd64 1:2.1.5-2 [166 kB]
2026-10-08T13:49:06.9560320Z #9 3.106 Get:32 http://deb.debian.org/debian-security bookworm-security/main amd64 libpng16-16 amd64 1.6.39-2+deb12u6 [277 kB]
2026-10-08T13:49:06.9561884Z #9 3.107 Get:33 http://deb.debian.org/debian bookworm/main amd64 libdeflate0 amd64 1.14-1 [61.4 kB]
2026-10-08T13:49:06.9563184Z #9 3.110 Get:34 http://deb.debian.org/debian bookworm/main amd64 libjbig0 amd64 2.1-6.1 [31.7 kB]
2026-10-08T13:49:06.9564528Z #9 3.110 Get:35 http://deb.debian.org/debian bookworm/main amd64 liblerc4 amd64 4.0.0+ds-2 [170 kB]
2026-10-08T13:49:06.9565910Z #9 3.110 Get:36 http://deb.debian.org/debian bookworm/main amd64 libwebp7 amd64 1.2.4-0.2+deb12u1 [286 kB]
2026-10-08T13:49:06.9567460Z #9 3.111 Get:37 http://deb.debian.org/debian bookworm/main amd64 libtiff6 amd64 4.5.0-6+deb12u4 [316 kB]
2026-10-08T13:49:06.9568743Z #9 3.112 Get:38 http://deb.debian.org/debian bookworm/main amd64 libgdk-pixbuf-2.0-0 amd64 2.42.10+dfsg-1+deb12u4 [139 kB]
2026-10-08T13:49:06.9569837Z #9 3.113 Get:39 http://deb.debian.org/debian bookworm/main amd64 gtk-update-icon-cache amd64 3.24.38-2~deb12u3 [44.2 kB]
2026-10-08T13:49:06.9570747Z #9 3.114 Get:40 http://deb.debian.org/debian bookworm/main amd64 adwaita-icon-theme all 43-1 [5124 kB]
2026-10-08T13:49:06.9571623Z #9 3.135 Get:41 http://deb.debian.org/debian bookworm/main amd64 at-spi2-common all 2.46.0-5 [162 kB]
2026-10-08T13:49:06.9572443Z #9 3.136 Get:42 http://deb.debian.org/debian bookworm/main amd64 bubblewrap amd64 0.8.0-2+deb12u1 [47.3 kB]
2026-10-08T13:49:06.9573579Z #9 3.136 Get:43 http://deb.debian.org/debian bookworm/main amd64 libasound2-data all 1.2.8-1 [20.5 kB]
2026-10-08T13:49:06.9574357Z #9 3.137 Get:44 http://deb.debian.org/debian bookworm/main amd64 libasound2 amd64 1.2.8-1+b1 [362 kB]
2026-10-08T13:49:06.9575125Z #9 3.138 Get:45 http://deb.debian.org/debian bookworm/main amd64 libatk1.0-0 amd64 2.46.0-5 [49.6 kB]
2026-10-08T13:49:06.9576424Z #9 3.139 Get:46 http://deb.debian.org/debian bookworm/main amd64 libxau6 amd64 1:1.0.9-1 [19.7 kB]
2026-10-08T13:49:06.9577897Z #9 3.140 Get:47 http://deb.debian.org/debian bookworm/main amd64 libbsd0 amd64 0.11.7-2 [117 kB]
2026-10-08T13:49:06.9579128Z #9 3.141 Get:48 http://deb.debian.org/debian bookworm/main amd64 libxdmcp6 amd64 1:1.1.2-3 [26.3 kB]
2026-10-08T13:49:06.9580096Z #9 3.141 Get:49 http://deb.debian.org/debian bookworm/main amd64 libxcb1 amd64 1.15-1 [144 kB]
2026-10-08T13:49:06.9580824Z #9 3.142 Get:50 http://deb.debian.org/debian bookworm/main amd64 libx11-data all 2:1.8.4-2+deb12u2 [292 kB]
2026-10-08T13:49:06.9581589Z #9 3.143 Get:51 http://deb.debian.org/debian bookworm/main amd64 libx11-6 amd64 2:1.8.4-2+deb12u2 [760 kB]
2026-10-08T13:49:06.9582308Z #9 3.147 Get:52 http://deb.debian.org/debian bookworm/main amd64 libxext6 amd64 2:1.3.4-1+b1 [52.9 kB]
2026-10-08T13:49:06.9583091Z #9 3.147 Get:53 http://deb.debian.org/debian bookworm/main amd64 libxi6 amd64 2:1.8-1+b1 [84.2 kB]
2026-10-08T13:49:06.9583810Z #9 3.148 Get:54 http://deb.debian.org/debian bookworm/main amd64 libatspi2.0-0 amd64 2.46.0-5 [75.4 kB]
2026-10-08T13:49:06.9584562Z #9 3.148 Get:55 http://deb.debian.org/debian bookworm/main amd64 libatk-bridge2.0-0 amd64 2.46.0-5 [64.6 kB]
2026-10-08T13:49:06.9585432Z #9 3.149 Get:56 http://deb.debian.org/debian bookworm/main amd64 libbrotli1 amd64 1.0.9-2+b6 [275 kB]
2026-10-08T13:49:06.9586216Z #9 3.150 Get:57 http://deb.debian.org/debian bookworm/main amd64 libfreetype6 amd64 2.12.1+dfsg-5+deb12u4 [398 kB]
2026-10-08T13:49:06.9587397Z #9 3.152 Get:58 http://deb.debian.org/debian bookworm/main amd64 fonts-dejavu-core all 2.37-6 [1068 kB]
2026-10-08T13:49:06.9588257Z #9 3.157 Get:59 http://deb.debian.org/debian bookworm/main amd64 fontconfig-config amd64 2.14.1-4 [315 kB]
2026-10-08T13:49:06.9589013Z #9 3.159 Get:60 http://deb.debian.org/debian bookworm/main amd64 libfontconfig1 amd64 2.14.1-4 [386 kB]
2026-10-08T13:49:06.9589733Z #9 3.161 Get:61 http://deb.debian.org/debian bookworm/main amd64 libpixman-1-0 amd64 0.42.2-1 [546 kB]
2026-10-08T13:49:06.9590441Z #9 3.163 Get:62 http://deb.debian.org/debian bookworm/main amd64 libxcb-render0 amd64 1.15-1 [115 kB]
2026-10-08T13:49:06.9591398Z #9 3.164 Get:63 http://deb.debian.org/debian bookworm/main amd64 libxcb-shm0 amd64 1.15-1 [105 kB]
2026-10-08T13:49:06.9592238Z #9 3.164 Get:64 http://deb.debian.org/debian bookworm/main amd64 libxrender1 amd64 1:0.9.10-1.1 [33.2 kB]
2026-10-08T13:49:06.9592952Z #9 3.165 Get:65 http://deb.debian.org/debian bookworm/main amd64 libcairo2 amd64 1.16.0-7 [575 kB]
2026-10-08T13:49:06.9593719Z #9 3.167 Get:66 http://deb.debian.org/debian bookworm/main amd64 libavahi-common-data amd64 0.8-10+deb12u1 [107 kB]
2026-10-08T13:49:06.9594721Z #9 3.168 Get:67 http://deb.debian.org/debian bookworm/main amd64 libavahi-common3 amd64 0.8-10+deb12u1 [42.1 kB]
2026-10-08T13:49:06.9595531Z #9 3.169 Get:68 http://deb.debian.org/debian bookworm/main amd64 libavahi-client3 amd64 0.8-10+deb12u1 [45.8 kB]
2026-10-08T13:49:06.9596328Z #9 3.170 Get:69 http://deb.debian.org/debian bookworm/main amd64 libkrb5support0 amd64 1.20.1-2+deb12u5 [33.2 kB]
2026-10-08T13:49:06.9597591Z #9 3.172 Get:70 http://deb.debian.org/debian bookworm/main amd64 libk5crypto3 amd64 1.20.1-2+deb12u5 [79.7 kB]
2026-10-08T13:49:06.9598490Z #9 3.173 Get:71 http://deb.debian.org/debian bookworm/main amd64 libkeyutils1 amd64 1.6.3-2 [8808 B]
2026-10-08T13:49:06.9599320Z #9 3.174 Get:72 http://deb.debian.org/debian bookworm/main amd64 libkrb5-3 amd64 1.20.1-2+deb12u5 [332 kB]
2026-10-08T13:49:06.9600092Z #9 3.175 Get:73 http://deb.debian.org/debian bookworm/main amd64 libgssapi-krb5-2 amd64 1.20.1-2+deb12u5 [135 kB]
2026-10-08T13:49:06.9601121Z #9 3.177 Get:74 http://deb.debian.org/debian bookworm/main amd64 libcups2 amd64 2.4.2-3+deb12u9 [245 kB]
2026-10-08T13:49:06.9601852Z #9 3.179 Get:75 http://deb.debian.org/debian bookworm/main amd64 libdav1d6 amd64 1.0.0-2+deb12u1 [513 kB]
2026-10-08T13:49:06.9602816Z #9 3.181 Get:76 http://deb.debian.org/debian bookworm/main amd64 libdouble-conversion3 amd64 3.2.1-1 [41.5 kB]
2026-10-08T13:49:06.9603550Z #9 3.182 Get:77 http://deb.debian.org/debian bookworm/main amd64 libogg0 amd64 1.3.5-3 [23.4 kB]
2026-10-08T13:49:06.9604239Z #9 3.183 Get:78 http://deb.debian.org/debian bookworm/main amd64 libflac12 amd64 1.4.2+ds-2 [198 kB]
2026-10-08T13:49:06.9605030Z #9 3.184 Get:79 http://deb.debian.org/debian bookworm/main amd64 libdrm-common all 2.4.114-1 [7112 B]
2026-10-08T13:49:06.9605732Z #9 3.185 Get:80 http://deb.debian.org/debian bookworm/main amd64 libdrm2 amd64 2.4.114-1+b1 [37.5 kB]
2026-10-08T13:49:06.9606644Z #9 3.186 Get:81 http://deb.debian.org/debian bookworm/main amd64 libwayland-server0 amd64 1.21.0-1 [35.9 kB]
2026-10-08T13:49:06.9607897Z #9 3.186 Get:82 http://deb.debian.org/debian bookworm/main amd64 libgbm1 amd64 22.3.6-1+deb12u2 [38.1 kB]
2026-10-08T13:49:06.9608668Z #9 3.187 Get:83 http://deb.debian.org/debian bookworm/main amd64 libgraphite2-3 amd64 1.3.14-1+deb12u1 [74.6 kB]
2026-10-08T13:49:06.9609546Z #9 3.188 Get:84 http://deb.debian.org/debian bookworm/main amd64 libharfbuzz0b amd64 6.0.0+dfsg-3 [1945 kB]
2026-10-08T13:49:06.9610323Z #9 3.200 Get:85 http://deb.debian.org/debian bookworm/main amd64 libharfbuzz-subset0 amd64 6.0.0+dfsg-3 [1931 kB]
2026-10-08T13:49:07.0551556Z #9 3.211 Get:86 http://deb.debian.org/debian bookworm/main amd64 liblcms2-2 amd64 2.14-2+deb12u1 [154 kB]
2026-10-08T13:49:07.0553194Z #9 3.213 Get:87 http://deb.debian.org/debian bookworm/main amd64 libminizip1 amd64 1.1-8+deb12u1 [20.1 kB]
2026-10-08T13:49:07.0554599Z #9 3.213 Get:88 http://deb.debian.org/debian bookworm/main amd64 libnspr4 amd64 2:4.35-1 [113 kB]
2026-10-08T13:49:07.0556018Z #9 3.214 Get:89 http://deb.debian.org/debian bookworm/main amd64 libsqlite3-0 amd64 3.40.1-2+deb12u2 [839 kB]
2026-10-08T13:49:07.0557790Z #9 3.219 Get:90 http://deb.debian.org/debian-security bookworm-security/main amd64 libnss3 amd64 2:3.87.1-1+deb12u4 [1331 kB]
2026-10-08T13:49:07.0559326Z #9 3.223 Get:91 http://deb.debian.org/debian bookworm/main amd64 libopenh264-7 amd64 2.3.1+dfsg-3+deb12u2 [393 kB]
2026-10-08T13:49:07.0560819Z #9 3.225 Get:92 http://deb.debian.org/debian bookworm/main amd64 libopenjp2-7 amd64 2.5.0-2+deb12u3 [189 kB]
2026-10-08T13:49:07.0562503Z #9 3.226 Get:93 http://deb.debian.org/debian bookworm/main amd64 libopus0 amd64 1.3.1-3 [195 kB]
2026-10-08T13:49:07.0563817Z #9 3.227 Get:94 http://deb.debian.org/debian bookworm/main amd64 fontconfig amd64 2.14.1-4 [449 kB]
2026-10-08T13:49:07.0565126Z #9 3.229 Get:95 http://deb.debian.org/debian bookworm/main amd64 libfribidi0 amd64 1.0.8-2.1 [65.0 kB]
2026-10-08T13:49:07.0566426Z #9 3.230 Get:96 http://deb.debian.org/debian bookworm/main amd64 libthai-data all 0.1.29-1 [176 kB]
2026-10-08T13:49:07.0568015Z #9 3.231 Get:97 http://deb.debian.org/debian bookworm/main amd64 libdatrie1 amd64 0.2.13-2+b1 [43.3 kB]
2026-10-08T13:49:07.0569333Z #9 3.232 Get:98 http://deb.debian.org/debian bookworm/main amd64 libthai0 amd64 0.1.29-1 [57.5 kB]
2026-10-08T13:49:07.0570721Z #9 3.233 Get:99 http://deb.debian.org/debian bookworm/main amd64 libpango-1.0-0 amd64 1.50.12+ds-1 [212 kB]
2026-10-08T13:49:07.0573049Z #9 3.234 Get:100 http://deb.debian.org/debian bookworm/main amd64 libasyncns0 amd64 0.8-6+b3 [12.9 kB]
2026-10-08T13:49:07.0574881Z #9 3.235 Get:101 http://deb.debian.org/debian bookworm/main amd64 libmp3lame0 amd64 3.100-6 [365 kB]
2026-10-08T13:49:07.0576505Z #9 3.237 Get:102 http://deb.debian.org/debian bookworm/main amd64 libmpg123-0 amd64 1.31.2-1+deb12u1 [147 kB]
2026-10-08T13:49:07.0578137Z #9 3.238 Get:103 http://deb.debian.org/debian bookworm/main amd64 libvorbis0a amd64 1.3.7-1 [93.0 kB]
2026-10-08T13:49:07.0579863Z #9 3.239 Get:104 http://deb.debian.org/debian bookworm/main amd64 libvorbisenc2 amd64 1.3.7-1 [80.6 kB]
2026-10-08T13:49:07.0581203Z #9 3.239 Get:105 http://deb.debian.org/debian bookworm/main amd64 libsndfile1 amd64 1.2.0-1+deb12u1 [197 kB]
2026-10-08T13:49:07.0582625Z #9 3.241 Get:106 http://deb.debian.org/debian bookworm/main amd64 libx11-xcb1 amd64 2:1.8.4-2+deb12u2 [192 kB]
2026-10-08T13:49:07.0584018Z #9 3.243 Get:107 http://deb.debian.org/debian bookworm/main amd64 libpulse0 amd64 16.1+dfsg1-2+b1 [274 kB]
2026-10-08T13:49:07.0585415Z #9 3.244 Get:108 http://deb.debian.org/debian bookworm/main amd64 libxcomposite1 amd64 1:0.4.5-1 [16.6 kB]
2026-10-08T13:49:07.0587063Z #9 3.245 Get:109 http://deb.debian.org/debian bookworm/main amd64 libxdamage1 amd64 1:1.1.6-1 [15.1 kB]
2026-10-08T13:49:07.0588483Z #9 3.245 Get:110 http://deb.debian.org/debian bookworm/main amd64 libxfixes3 amd64 1:6.0.0-2 [22.7 kB]
2026-10-08T13:49:07.0589817Z #9 3.245 Get:111 http://deb.debian.org/debian bookworm/main amd64 xkb-data all 2.35.1-1 [764 kB]
2026-10-08T13:49:07.0591167Z #9 3.249 Get:112 http://deb.debian.org/debian bookworm/main amd64 libxkbcommon0 amd64 1.5.0-1 [106 kB]
2026-10-08T13:49:07.0592648Z #9 3.250 Get:113 http://deb.debian.org/debian bookworm/main amd64 libxnvctrl0 amd64 525.85.05-3~deb12u1 [13.5 kB]
2026-10-08T13:49:07.0594066Z #9 3.251 Get:114 http://deb.debian.org/debian bookworm/main amd64 libxrandr2 amd64 2:1.5.2-2+b1 [39.2 kB]
2026-10-08T13:49:07.0595528Z #9 3.252 Get:115 http://deb.debian.org/debian bookworm/main amd64 libcairo-gobject2 amd64 1.16.0-7 [112 kB]
2026-10-08T13:49:07.0597201Z #9 3.252 Get:116 http://deb.debian.org/debian bookworm/main amd64 libcolord2 amd64 1.4.6-2.2 [137 kB]
2026-10-08T13:49:07.0598571Z #9 3.253 Get:117 http://deb.debian.org/debian bookworm/main amd64 libepoxy0 amd64 1.5.10-1 [189 kB]
2026-10-08T13:49:07.0600028Z #9 3.254 Get:118 http://deb.debian.org/debian bookworm/main amd64 libpangoft2-1.0-0 amd64 1.50.12+ds-1 [47.4 kB]
2026-10-08T13:49:07.0601462Z #9 3.254 Get:119 http://deb.debian.org/debian bookworm/main amd64 libpangocairo-1.0-0 amd64 1.50.12+ds-1 [34.2 kB]
2026-10-08T13:49:07.0602971Z #9 3.255 Get:120 http://deb.debian.org/debian bookworm/main amd64 libwayland-client0 amd64 1.21.0-1 [28.3 kB]
2026-10-08T13:49:07.0604458Z #9 3.256 Get:121 http://deb.debian.org/debian bookworm/main amd64 libwayland-cursor0 amd64 1.21.0-1 [14.4 kB]
2026-10-08T13:49:07.0605895Z #9 3.256 Get:122 http://deb.debian.org/debian bookworm/main amd64 libwayland-egl1 amd64 1.21.0-1 [8640 B]
2026-10-08T13:49:07.0608017Z #9 3.257 Get:123 http://deb.debian.org/debian bookworm/main amd64 libxcursor1 amd64 1:1.2.1-1 [40.9 kB]
2026-10-08T13:49:07.0609811Z #9 3.257 Get:124 http://deb.debian.org/debian bookworm/main amd64 libxinerama1 amd64 2:1.1.4-3 [17.8 kB]
2026-10-08T13:49:07.0611544Z #9 3.258 Get:125 http://deb.debian.org/debian bookworm/main amd64 dbus-user-session amd64 1.14.10-1~deb12u1 [78.1 kB]
2026-10-08T13:49:07.0613023Z #9 3.258 Get:126 http://deb.debian.org/debian bookworm/main amd64 libdconf1 amd64 0.40.0-4 [40.9 kB]
2026-10-08T13:49:07.0614404Z #9 3.259 Get:127 http://deb.debian.org/debian bookworm/main amd64 dconf-service amd64 0.40.0-4 [31.6 kB]
2026-10-08T13:49:07.0615857Z #9 3.260 Get:128 http://deb.debian.org/debian bookworm/main amd64 dconf-gsettings-backend amd64 0.40.0-4 [27.8 kB]
2026-10-08T13:49:07.0617678Z #9 3.260 Get:129 http://deb.debian.org/debian bookworm/main amd64 libgtk-3-common all 3.24.38-2~deb12u3 [3895 kB]
2026-10-08T13:49:07.0619191Z #9 3.284 Get:130 http://deb.debian.org/debian bookworm/main amd64 libgtk-3-0 amd64 3.24.38-2~deb12u3 [2847 kB]
2026-10-08T13:49:07.0620609Z #9 3.296 Get:131 http://deb.debian.org/debian bookworm/main amd64 libfontenc1 amd64 1:1.1.4-1 [24.3 kB]
2026-10-08T13:49:07.0621964Z #9 3.297 Get:132 http://deb.debian.org/debian bookworm/main amd64 libglvnd0 amd64 1.6.0-1 [51.8 kB]
2026-10-08T13:49:07.0623402Z #9 3.297 Get:133 http://deb.debian.org/debian bookworm/main amd64 libglapi-mesa amd64 22.3.6-1+deb12u2 [35.9 kB]
2026-10-08T13:49:07.0625048Z #9 3.298 Get:134 http://deb.debian.org/debian bookworm/main amd64 libxcb-dri2-0 amd64 1.15-1 [107 kB]
2026-10-08T13:49:07.0626575Z #9 3.299 Get:135 http://deb.debian.org/debian bookworm/main amd64 libxcb-dri3-0 amd64 1.15-1 [107 kB]
2026-10-08T13:49:07.0628191Z #9 3.300 Get:136 http://deb.debian.org/debian bookworm/main amd64 libxcb-glx0 amd64 1.15-1 [122 kB]
2026-10-08T13:49:07.0629568Z #9 3.300 Get:137 http://deb.debian.org/debian bookworm/main amd64 libxcb-present0 amd64 1.15-1 [105 kB]
2026-10-08T13:49:07.2042249Z #9 3.303 Get:138 http://deb.debian.org/debian bookworm/main amd64 libxcb-randr0 amd64 1.15-1 [117 kB]
2026-10-08T13:49:07.2043662Z #9 3.303 Get:139 http://deb.debian.org/debian bookworm/main amd64 libxcb-sync1 amd64 1.15-1 [109 kB]
2026-10-08T13:49:07.2044997Z #9 3.304 Get:140 http://deb.debian.org/debian bookworm/main amd64 libxcb-xfixes0 amd64 1.15-1 [109 kB]
2026-10-08T13:49:07.2046285Z #9 3.305 Get:141 http://deb.debian.org/debian bookworm/main amd64 libxshmfence1 amd64 1.3-1 [8820 B]
2026-10-08T13:49:07.2047917Z #9 3.305 Get:142 http://deb.debian.org/debian bookworm/main amd64 libxxf86vm1 amd64 1:1.1.4-1+b2 [20.8 kB]
2026-10-08T13:49:07.2049296Z #9 3.306 Get:143 http://deb.debian.org/debian bookworm/main amd64 libdrm-amdgpu1 amd64 2.4.114-1+b1 [20.9 kB]
2026-10-08T13:49:07.2050613Z #9 3.306 Get:144 http://deb.debian.org/debian bookworm/main amd64 libpciaccess0 amd64 0.17-2 [51.4 kB]
2026-10-08T13:49:07.2051978Z #9 3.306 Get:145 http://deb.debian.org/debian bookworm/main amd64 libdrm-intel1 amd64 2.4.114-1+b1 [64.0 kB]
2026-10-08T13:49:07.2053398Z #9 3.307 Get:146 http://deb.debian.org/debian bookworm/main amd64 libdrm-nouveau2 amd64 2.4.114-1+b1 [19.1 kB]
2026-10-08T13:49:07.2054795Z #9 3.308 Get:147 http://deb.debian.org/debian bookworm/main amd64 libdrm-radeon1 amd64 2.4.114-1+b1 [21.8 kB]
2026-10-08T13:49:07.2056146Z #9 3.308 Get:148 http://deb.debian.org/debian bookworm/main amd64 libelf1 amd64 0.188-2.1 [174 kB]
2026-10-08T13:49:07.2057622Z #9 3.310 Get:149 http://deb.debian.org/debian bookworm/main amd64 libedit2 amd64 3.1-20221030-2 [93.0 kB]
2026-10-08T13:49:07.2058974Z #9 3.311 Get:150 http://deb.debian.org/debian bookworm/main amd64 libz3-4 amd64 4.8.12-3.1 [7216 kB]
2026-10-08T13:49:07.2060358Z #9 3.345 Get:151 http://deb.debian.org/debian bookworm/main amd64 libllvm15 amd64 1:15.0.6-4+b1 [23.1 MB]
2026-10-08T13:49:07.2061745Z #9 3.448 Get:152 http://deb.debian.org/debian bookworm/main amd64 libsensors-config all 1:3.6.0-7.1 [14.3 kB]
2026-10-08T13:49:07.3739148Z #9 3.448 Get:153 http://deb.debian.org/debian bookworm/main amd64 libsensors5 amd64 1:3.6.0-7.1 [34.2 kB]
2026-10-08T13:49:07.3740904Z #9 3.449 Get:154 http://deb.debian.org/debian bookworm/main amd64 libgl1-mesa-dri amd64 22.3.6-1+deb12u2 [7240 kB]
2026-10-08T13:49:07.3742322Z #9 3.482 Get:155 http://deb.debian.org/debian bookworm/main amd64 libglx-mesa0 amd64 22.3.6-1+deb12u2 [148 kB]
2026-10-08T13:49:07.3743555Z #9 3.482 Get:156 http://deb.debian.org/debian bookworm/main amd64 libglx0 amd64 1.6.0-1 [34.4 kB]
2026-10-08T13:49:07.3744511Z #9 3.483 Get:157 http://deb.debian.org/debian bookworm/main amd64 libgl1 amd64 1.6.0-1 [88.4 kB]
2026-10-08T13:49:07.3745444Z #9 3.483 Get:158 http://deb.debian.org/debian bookworm/main amd64 x11-common all 1:7.7+23 [252 kB]
2026-10-08T13:49:07.3746406Z #9 3.485 Get:159 http://deb.debian.org/debian bookworm/main amd64 libice6 amd64 2:1.0.10-1 [58.5 kB]
2026-10-08T13:49:07.3747660Z #9 3.486 Get:160 http://deb.debian.org/debian bookworm/main amd64 libsm6 amd64 2:1.2.3-1 [35.1 kB]
2026-10-08T13:49:07.3748707Z #9 3.486 Get:161 http://deb.debian.org/debian bookworm/main amd64 libxt6 amd64 1:1.2.1-1.1 [186 kB]
2026-10-08T13:49:07.3749659Z #9 3.487 Get:162 http://deb.debian.org/debian bookworm/main amd64 libxmu6 amd64 2:1.1.3-3 [60.1 kB]
2026-10-08T13:49:07.3750675Z #9 3.488 Get:163 http://deb.debian.org/debian bookworm/main amd64 libxpm4 amd64 1:3.5.12-1.1+deb12u1 [48.6 kB]
2026-10-08T13:49:07.3751662Z #9 3.488 Get:164 http://deb.debian.org/debian bookworm/main amd64 libxaw7 amd64 2:1.0.14-1 [201 kB]
2026-10-08T13:49:07.3752851Z #9 3.489 Get:165 http://deb.debian.org/debian bookworm/main amd64 libxcb-shape0 amd64 1.15-1 [106 kB]
2026-10-08T13:49:07.3753807Z #9 3.490 Get:166 http://deb.debian.org/debian bookworm/main amd64 libxft2 amd64 2.3.6-1 [61.8 kB]
2026-10-08T13:49:07.3754678Z #9 3.491 Get:167 http://deb.debian.org/debian bookworm/main amd64 libxkbfile1 amd64 1:1.1.0-1 [75.2 kB]
2026-10-08T13:49:07.3755508Z #9 3.491 Get:168 http://deb.debian.org/debian bookworm/main amd64 libxmuu1 amd64 2:1.1.3-3 [23.9 kB]
2026-10-08T13:49:07.3756339Z #9 3.493 Get:169 http://deb.debian.org/debian bookworm/main amd64 libxtst6 amd64 2:1.2.3-1.1 [28.0 kB]
2026-10-08T13:49:07.3757443Z #9 3.493 Get:170 http://deb.debian.org/debian bookworm/main amd64 libxv1 amd64 2:1.0.11-1.1 [24.8 kB]
2026-10-08T13:49:07.3758301Z #9 3.493 Get:171 http://deb.debian.org/debian bookworm/main amd64 libxxf86dga1 amd64 2:1.1.5-1 [22.1 kB]
2026-10-08T13:49:07.3759219Z #9 3.493 Get:172 http://deb.debian.org/debian bookworm/main amd64 x11-utils amd64 7.7+5 [202 kB]
2026-10-08T13:49:07.3760018Z #9 3.494 Get:173 http://deb.debian.org/debian bookworm/main amd64 xdg-utils all 1.1.3-4.1 [75.5 kB]
2026-10-08T13:49:07.3761042Z #9 3.495 Get:174 http://deb.debian.org/debian-security bookworm-security/main amd64 chromium-common amd64 154.0.8037.92-1~deb12u1 [30.5 MB]
2026-10-08T13:49:07.3762191Z #9 3.619 Get:175 http://deb.debian.org/debian-security bookworm-security/main amd64 chromium amd64 154.0.8037.92-1~deb12u1 [80.3 MB]
2026-10-08T13:49:07.5822725Z #9 3.827 Get:176 http://deb.debian.org/debian bookworm/main amd64 tini amd64 0.19.0-1+b3 [267 kB]
2026-10-08T13:49:07.7054367Z #9 3.950 debconf: delaying package configuration, since apt-utils is not installed
2026-10-08T13:49:07.8799187Z #9 3.975 Fetched 207 MB in 1s (243 MB/s)
2026-10-08T13:49:07.8800182Z #9 3.989 Selecting previously unselected package libssl3:amd64.
2026-10-08T13:49:07.8800770Z #9 3.989 (Reading database ... 
2026-10-08T13:49:07.8801165Z (Reading database ... 5%
2026-10-08T13:49:07.8801492Z (Reading database ... 10%
2026-10-08T13:49:07.8801809Z (Reading database ... 15%
2026-10-08T13:49:07.8802124Z (Reading database ... 20%
2026-10-08T13:49:07.8802430Z (Reading database ... 25%
2026-10-08T13:49:07.8802734Z (Reading database ... 30%
2026-10-08T13:49:07.8803041Z (Reading database ... 35%
2026-10-08T13:49:07.8803352Z (Reading database ... 40%
2026-10-08T13:49:07.8803661Z (Reading database ... 45%
2026-10-08T13:49:07.8803967Z (Reading database ... 50%
2026-10-08T13:49:07.8804278Z (Reading database ... 55%
2026-10-08T13:49:07.8804581Z (Reading database ... 60%
2026-10-08T13:49:07.8804886Z (Reading database ... 65%
2026-10-08T13:49:07.8805470Z (Reading database ... 70%
2026-10-08T13:49:07.8805799Z (Reading database ... 75%
2026-10-08T13:49:07.8806104Z (Reading database ... 80%
2026-10-08T13:49:07.8806416Z (Reading database ... 85%
2026-10-08T13:49:07.8806722Z (Reading database ... 90%
2026-10-08T13:49:07.8807958Z (Reading database ... 95%
2026-10-08T13:49:07.8808307Z (Reading database ... 100%
2026-10-08T13:49:07.8808848Z (Reading database ... 6096 files and directories currently installed.)
2026-10-08T13:49:07.8809575Z #9 3.995 Preparing to unpack .../00-libssl3_3.0.22-1~deb12u1_amd64.deb ...
2026-10-08T13:49:07.8810212Z #9 3.997 Unpacking libssl3:amd64 (3.0.22-1~deb12u1) ...
2026-10-08T13:49:07.8811225Z #9 4.125 Selecting previously unselected package libargon2-1:amd64.
2026-10-08T13:49:07.9881763Z #9 4.127 Preparing to unpack .../01-libargon2-1_0~20171227-0.3+deb12u1_amd64.deb ...
2026-10-08T13:49:07.9882904Z #9 4.127 Unpacking libargon2-1:amd64 (0~20171227-0.3+deb12u1) ...
2026-10-08T13:49:07.9883802Z #9 4.141 Selecting previously unselected package dmsetup.
2026-10-08T13:49:07.9884702Z #9 4.143 Preparing to unpack .../02-dmsetup_2%3a1.02.185-2_amd64.deb ...
2026-10-08T13:49:07.9885486Z #9 4.143 Unpacking dmsetup (2:1.02.185-2) ...
2026-10-08T13:49:07.9886273Z #9 4.162 Selecting previously unselected package libdevmapper1.02.1:amd64.
2026-10-08T13:49:07.9887841Z #9 4.164 Preparing to unpack .../03-libdevmapper1.02.1_2%3a1.02.185-2_amd64.deb ...
2026-10-08T13:49:07.9888722Z #9 4.164 Unpacking libdevmapper1.02.1:amd64 (2:1.02.185-2) ...
2026-10-08T13:49:07.9889537Z #9 4.186 Selecting previously unselected package libjson-c5:amd64.
2026-10-08T13:49:07.9890381Z #9 4.187 Preparing to unpack .../04-libjson-c5_0.16-2_amd64.deb ...
2026-10-08T13:49:07.9891079Z #9 4.188 Unpacking libjson-c5:amd64 (0.16-2) ...
2026-10-08T13:49:07.9891874Z #9 4.204 Selecting previously unselected package libcryptsetup12:amd64.
2026-10-08T13:49:07.9892939Z #9 4.205 Preparing to unpack .../05-libcryptsetup12_2%3a2.6.1-4~deb12u2_amd64.deb ...
2026-10-08T13:49:07.9894531Z #9 4.206 Unpacking libcryptsetup12:amd64 (2:2.6.1-4~deb12u2) ...
2026-10-08T13:49:07.9895543Z #9 4.233 Selecting previously unselected package libfdisk1:amd64.
2026-10-08T13:49:08.1931100Z #9 4.235 Preparing to unpack .../06-libfdisk1_2.38.1-5+deb12u3_amd64.deb ...
2026-10-08T13:49:08.1932060Z #9 4.236 Unpacking libfdisk1:amd64 (2.38.1-5+deb12u3) ...
2026-10-08T13:49:08.1933165Z #9 4.260 Selecting previously unselected package libkmod2:amd64.
2026-10-08T13:49:08.1934052Z #9 4.262 Preparing to unpack .../07-libkmod2_30+20221128-1_amd64.deb ...
2026-10-08T13:49:08.1934915Z #9 4.263 Unpacking libkmod2:amd64 (30+20221128-1) ...
2026-10-08T13:49:08.1935800Z #9 4.279 Selecting previously unselected package libapparmor1:amd64.
2026-10-08T13:49:08.1936511Z #9 4.281 Preparing to unpack .../08-libapparmor1_3.0.8-3_amd64.deb ...
2026-10-08T13:49:08.1937564Z #9 4.281 Unpacking libapparmor1:amd64 (3.0.8-3) ...
2026-10-08T13:49:08.1938106Z #9 4.298 Selecting previously unselected package libip4tc2:amd64.
2026-10-08T13:49:08.1938821Z #9 4.299 Preparing to unpack .../09-libip4tc2_1.8.9-2_amd64.deb ...
2026-10-08T13:49:08.1939575Z #9 4.300 Unpacking libip4tc2:amd64 (1.8.9-2) ...
2026-10-08T13:49:08.1940165Z #9 4.314 Selecting previously unselected package libsystemd-shared:amd64.
2026-10-08T13:49:08.1940762Z #9 4.315 Preparing to unpack .../10-libsystemd-shared_252.39-1~deb12u2_amd64.deb ...
2026-10-08T13:49:08.1941774Z #9 4.316 Unpacking libsystemd-shared:amd64 (252.39-1~deb12u2) ...
2026-10-08T13:49:08.1942586Z #9 4.438 Setting up libssl3:amd64 (3.0.22-1~deb12u1) ...
2026-10-08T13:49:08.3832683Z #9 4.456 Selecting previously unselected package systemd.
2026-10-08T13:49:08.3833175Z #9 4.456 (Reading database ... 
2026-10-08T13:49:08.3833479Z (Reading database ... 5%
2026-10-08T13:49:08.3833772Z (Reading database ... 10%
2026-10-08T13:49:08.3834053Z (Reading database ... 15%
2026-10-08T13:49:08.3834329Z (Reading database ... 20%
2026-10-08T13:49:08.3834600Z (Reading database ... 25%
2026-10-08T13:49:08.3835147Z (Reading database ... 30%
2026-10-08T13:49:08.3835426Z (Reading database ... 35%
2026-10-08T13:49:08.3835692Z (Reading database ... 40%
2026-10-08T13:49:08.3835968Z (Reading database ... 45%
2026-10-08T13:49:08.3836234Z (Reading database ... 50%
2026-10-08T13:49:08.3836497Z (Reading database ... 55%
2026-10-08T13:49:08.3837022Z (Reading database ... 60%
2026-10-08T13:49:08.3837327Z (Reading database ... 65%
2026-10-08T13:49:08.3837595Z (Reading database ... 70%
2026-10-08T13:49:08.3837864Z (Reading database ... 75%
2026-10-08T13:49:08.3838125Z (Reading database ... 80%
2026-10-08T13:49:08.3838387Z (Reading database ... 85%
2026-10-08T13:49:08.3838645Z (Reading database ... 90%
2026-10-08T13:49:08.3838906Z (Reading database ... 95%
2026-10-08T13:49:08.3839171Z (Reading database ... 100%
2026-10-08T13:49:08.3839792Z (Reading database ... 6182 files and directories currently installed.)
2026-10-08T13:49:08.3840412Z #9 4.463 Preparing to unpack .../systemd_252.39-1~deb12u2_amd64.deb ...
2026-10-08T13:49:08.3840919Z #9 4.478 Unpacking systemd (252.39-1~deb12u2) ...
2026-10-08T13:49:08.4520822Z #9 4.697 Setting up libargon2-1:amd64 (0~20171227-0.3+deb12u1) ...
2026-10-08T13:49:08.5530568Z #9 4.699 Setting up libjson-c5:amd64 (0.16-2) ...
2026-10-08T13:49:08.5531683Z #9 4.702 Setting up libfdisk1:amd64 (2.38.1-5+deb12u3) ...
2026-10-08T13:49:08.5532612Z #9 4.704 Setting up libkmod2:amd64 (30+20221128-1) ...
2026-10-08T13:49:08.5533316Z #9 4.706 Setting up libapparmor1:amd64 (3.0.8-3) ...
2026-10-08T13:49:08.5533836Z #9 4.708 Setting up libip4tc2:amd64 (1.8.9-2) ...
2026-10-08T13:49:08.5534521Z #9 4.710 Setting up libsystemd-shared:amd64 (252.39-1~deb12u2) ...
2026-10-08T13:49:08.5535153Z #9 4.712 Setting up libdevmapper1.02.1:amd64 (2:1.02.185-2) ...
2026-10-08T13:49:08.5535872Z #9 4.714 Setting up libcryptsetup12:amd64 (2:2.6.1-4~deb12u2) ...
2026-10-08T13:49:08.5536419Z #9 4.716 Setting up systemd (252.39-1~deb12u2) ...
2026-10-08T13:49:08.5537794Z #9 4.729 Created symlink /etc/systemd/system/getty.target.wants/getty@tty1.service → /lib/systemd/system/getty@.service.
2026-10-08T13:49:08.5538270Z 
2026-10-08T13:49:08.5539015Z #9 4.734 Created symlink /etc/systemd/system/multi-user.target.wants/remote-fs.target → /lib/systemd/system/remote-fs.target.
2026-10-08T13:49:08.5539644Z 
2026-10-08T13:49:08.5540335Z #9 4.740 Created symlink /etc/systemd/system/sysinit.target.wants/systemd-pstore.service → /lib/systemd/system/systemd-pstore.service.
2026-10-08T13:49:08.5540894Z 
2026-10-08T13:49:08.5541097Z #9 4.745 Initializing machine ID from random generator.
2026-10-08T13:49:08.5541328Z 
2026-10-08T13:49:08.5541638Z #9 4.767 Creating group 'systemd-journal' with GID 999.
2026-10-08T13:49:08.5541919Z 
2026-10-08T13:49:08.5542117Z #9 4.767 Creating group 'systemd-network' with GID 998.
2026-10-08T13:49:08.5542333Z 
2026-10-08T13:49:08.5542811Z #9 4.767 Creating user 'systemd-network' (systemd Network Management) with UID 998 and GID 998.
2026-10-08T13:49:08.5543244Z 
2026-10-08T13:49:08.5543432Z #9 4.798 Setting up dmsetup (2:1.02.185-2) ...
2026-10-08T13:49:08.6596563Z #9 4.829 Selecting previously unselected package systemd-sysv.
2026-10-08T13:49:08.6597552Z #9 4.829 (Reading database ... 
2026-10-08T13:49:08.6598084Z (Reading database ... 5%
2026-10-08T13:49:08.6598547Z (Reading database ... 10%
2026-10-08T13:49:08.6599002Z (Reading database ... 15%
2026-10-08T13:49:08.6599496Z (Reading database ... 20%
2026-10-08T13:49:08.6599940Z (Reading database ... 25%
2026-10-08T13:49:08.6600389Z (Reading database ... 30%
2026-10-08T13:49:08.6600833Z (Reading database ... 35%
2026-10-08T13:49:08.6601289Z (Reading database ... 40%
2026-10-08T13:49:08.6601734Z (Reading database ... 45%
2026-10-08T13:49:08.6602174Z (Reading database ... 50%
2026-10-08T13:49:08.6602616Z (Reading database ... 55%
2026-10-08T13:49:08.6603066Z (Reading database ... 60%
2026-10-08T13:49:08.6603515Z (Reading database ... 65%
2026-10-08T13:49:08.6603956Z (Reading database ... 70%
2026-10-08T13:49:08.6604401Z (Reading database ... 75%
2026-10-08T13:49:08.6604975Z (Reading database ... 80%
2026-10-08T13:49:08.6605270Z (Reading database ... 85%
2026-10-08T13:49:08.6605554Z (Reading database ... 90%
2026-10-08T13:49:08.6605841Z (Reading database ... 95%
2026-10-08T13:49:08.6606209Z (Reading database ... 100%
2026-10-08T13:49:08.6607130Z (Reading database ... 7031 files and directories currently installed.)
2026-10-08T13:49:08.6608263Z #9 4.835 Preparing to unpack .../000-systemd-sysv_252.39-1~deb12u2_amd64.deb ...
2026-10-08T13:49:08.6609203Z #9 4.836 Unpacking systemd-sysv (252.39-1~deb12u2) ...
2026-10-08T13:49:08.6610031Z #9 4.857 Selecting previously unselected package libdbus-1-3:amd64.
2026-10-08T13:49:08.6610609Z #9 4.859 Preparing to unpack .../001-libdbus-1-3_1.14.10-1~deb12u1_amd64.deb ...
2026-10-08T13:49:08.6611248Z #9 4.860 Unpacking libdbus-1-3:amd64 (1.14.10-1~deb12u1) ...
2026-10-08T13:49:08.6611794Z #9 4.884 Selecting previously unselected package dbus-bin.
2026-10-08T13:49:08.6612303Z #9 4.886 Preparing to unpack .../002-dbus-bin_1.14.10-1~deb12u1_amd64.deb ...
2026-10-08T13:49:08.6612754Z #9 4.887 Unpacking dbus-bin (1.14.10-1~deb12u1) ...
2026-10-08T13:49:08.6613389Z #9 4.905 Selecting previously unselected package dbus-session-bus-common.
2026-10-08T13:49:08.7734794Z #9 4.906 Preparing to unpack .../003-dbus-session-bus-common_1.14.10-1~deb12u1_all.deb ...
2026-10-08T13:49:08.7736724Z #9 4.907 Unpacking dbus-session-bus-common (1.14.10-1~deb12u1) ...
2026-10-08T13:49:08.7738149Z #9 4.925 Selecting previously unselected package libexpat1:amd64.
2026-10-08T13:49:08.7739410Z #9 4.927 Preparing to unpack .../004-libexpat1_2.5.0-1+deb12u4_amd64.deb ...
2026-10-08T13:49:08.7740514Z #9 4.927 Unpacking libexpat1:amd64 (2.5.0-1+deb12u4) ...
2026-10-08T13:49:08.7741541Z #9 4.948 Selecting previously unselected package dbus-daemon.
2026-10-08T13:49:08.7742248Z #9 4.949 Preparing to unpack .../005-dbus-daemon_1.14.10-1~deb12u1_amd64.deb ...
2026-10-08T13:49:08.7742857Z #9 4.950 Unpacking dbus-daemon (1.14.10-1~deb12u1) ...
2026-10-08T13:49:08.7743466Z #9 4.974 Selecting previously unselected package dbus-system-bus-common.
2026-10-08T13:49:08.7744211Z #9 4.975 Preparing to unpack .../006-dbus-system-bus-common_1.14.10-1~deb12u1_all.deb ...
2026-10-08T13:49:08.7744931Z #9 4.976 Unpacking dbus-system-bus-common (1.14.10-1~deb12u1) ...
2026-10-08T13:49:08.7745464Z #9 4.995 Selecting previously unselected package dbus.
2026-10-08T13:49:08.7746041Z #9 4.996 Preparing to unpack .../007-dbus_1.14.10-1~deb12u1_amd64.deb ...
2026-10-08T13:49:08.7747074Z #9 4.998 Unpacking dbus (1.14.10-1~deb12u1) ...
2026-10-08T13:49:08.7747767Z #9 5.019 Selecting previously unselected package libncursesw6:amd64.
2026-10-08T13:49:08.8877009Z #9 5.020 Preparing to unpack .../008-libncursesw6_6.4-4_amd64.deb ...
2026-10-08T13:49:08.8878121Z #9 5.021 Unpacking libncursesw6:amd64 (6.4-4) ...
2026-10-08T13:49:08.8878956Z #9 5.044 Selecting previously unselected package libproc2-0:amd64.
2026-10-08T13:49:08.8879896Z #9 5.045 Preparing to unpack .../009-libproc2-0_2%3a4.0.2-3_amd64.deb ...
2026-10-08T13:49:08.8880724Z #9 5.046 Unpacking libproc2-0:amd64 (2:4.0.2-3) ...
2026-10-08T13:49:08.8881491Z #9 5.065 Selecting previously unselected package procps.
2026-10-08T13:49:08.8882399Z #9 5.066 Preparing to unpack .../010-procps_2%3a4.0.2-3_amd64.deb ...
2026-10-08T13:49:08.8883174Z #9 5.076 Unpacking procps (2:4.0.2-3) ...
2026-10-08T13:49:08.8883827Z #9 5.133 Selecting previously unselected package libpam-systemd:amd64.
2026-10-08T13:49:08.9995635Z #9 5.134 Preparing to unpack .../011-libpam-systemd_252.39-1~deb12u2_amd64.deb ...
2026-10-08T13:49:08.9997720Z #9 5.135 Unpacking libpam-systemd:amd64 (252.39-1~deb12u2) ...
2026-10-08T13:49:08.9998798Z #9 5.165 Selecting previously unselected package hicolor-icon-theme.
2026-10-08T13:49:09.0000487Z #9 5.166 Preparing to unpack .../012-hicolor-icon-theme_0.17-2_all.deb ...
2026-10-08T13:49:09.0001412Z #9 5.167 Unpacking hicolor-icon-theme (0.17-2) ...
2026-10-08T13:49:09.0002322Z #9 5.243 Selecting previously unselected package libgdk-pixbuf2.0-common.
2026-10-08T13:49:09.1485443Z #9 5.245 Preparing to unpack .../013-libgdk-pixbuf2.0-common_2.42.10+dfsg-1+deb12u4_all.deb ...
2026-10-08T13:49:09.1486406Z #9 5.246 Unpacking libgdk-pixbuf2.0-common (2.42.10+dfsg-1+deb12u4) ...
2026-10-08T13:49:09.1487476Z #9 5.293 Selecting previously unselected package libglib2.0-0:amd64.
2026-10-08T13:49:09.1488205Z #9 5.295 Preparing to unpack .../014-libglib2.0-0_2.74.6-2+deb12u9_amd64.deb ...
2026-10-08T13:49:09.1488864Z #9 5.296 Unpacking libglib2.0-0:amd64 (2.74.6-2+deb12u9) ...
2026-10-08T13:49:09.1489423Z #9 5.394 Selecting previously unselected package libicu72:amd64.
2026-10-08T13:49:09.3017079Z #9 5.395 Preparing to unpack .../015-libicu72_72.1-3+deb12u1_amd64.deb ...
2026-10-08T13:49:09.3018865Z #9 5.396 Unpacking libicu72:amd64 (72.1-3+deb12u1) ...
2026-10-08T13:49:09.6263870Z #9 5.872 Selecting previously unselected package libxml2:amd64.
2026-10-08T13:49:09.7502228Z #9 5.873 Preparing to unpack .../016-libxml2_2.9.14+dfsg-1.3~deb12u6_amd64.deb ...
2026-10-08T13:49:09.7503330Z #9 5.874 Unpacking libxml2:amd64 (2.9.14+dfsg-1.3~deb12u6) ...
2026-10-08T13:49:09.7504426Z #9 5.931 Selecting previously unselected package shared-mime-info.
2026-10-08T13:49:09.7505452Z #9 5.932 Preparing to unpack .../017-shared-mime-info_2.2-1_amd64.deb ...
2026-10-08T13:49:09.7506257Z #9 5.933 Unpacking shared-mime-info (2.2-1) ...
2026-10-08T13:49:09.7507846Z #9 5.995 Selecting previously unselected package libjpeg62-turbo:amd64.
2026-10-08T13:49:09.8509595Z #9 5.997 Preparing to unpack .../018-libjpeg62-turbo_1%3a2.1.5-2_amd64.deb ...
2026-10-08T13:49:09.8511245Z #9 5.998 Unpacking libjpeg62-turbo:amd64 (1:2.1.5-2) ...
2026-10-08T13:49:09.8512801Z #9 6.023 Selecting previously unselected package libpng16-16:amd64.
2026-10-08T13:49:09.8514268Z #9 6.025 Preparing to unpack .../019-libpng16-16_1.6.39-2+deb12u6_amd64.deb ...
2026-10-08T13:49:09.8515597Z #9 6.026 Unpacking libpng16-16:amd64 (1.6.39-2+deb12u6) ...
2026-10-08T13:49:09.8517158Z #9 6.055 Selecting previously unselected package libdeflate0:amd64.
2026-10-08T13:49:09.8518582Z #9 6.056 Preparing to unpack .../020-libdeflate0_1.14-1_amd64.deb ...
2026-10-08T13:49:09.8519873Z #9 6.057 Unpacking libdeflate0:amd64 (1.14-1) ...
2026-10-08T13:49:09.8520986Z #9 6.075 Selecting previously unselected package libjbig0:amd64.
2026-10-08T13:49:09.8522113Z #9 6.077 Preparing to unpack .../021-libjbig0_2.1-6.1_amd64.deb ...
2026-10-08T13:49:09.8523179Z #9 6.078 Unpacking libjbig0:amd64 (2.1-6.1) ...
2026-10-08T13:49:09.8524358Z #9 6.094 Selecting previously unselected package liblerc4:amd64.
2026-10-08T13:49:09.8525500Z #9 6.095 Preparing to unpack .../022-liblerc4_4.0.0+ds-2_amd64.deb ...
2026-10-08T13:49:09.8526282Z #9 6.096 Unpacking liblerc4:amd64 (4.0.0+ds-2) ...
2026-10-08T13:49:09.9676057Z #9 6.121 Selecting previously unselected package libwebp7:amd64.
2026-10-08T13:49:09.9677652Z #9 6.123 Preparing to unpack .../023-libwebp7_1.2.4-0.2+deb12u1_amd64.deb ...
2026-10-08T13:49:09.9678849Z #9 6.123 Unpacking libwebp7:amd64 (1.2.4-0.2+deb12u1) ...
2026-10-08T13:49:09.9679906Z #9 6.154 Selecting previously unselected package libtiff6:amd64.
2026-10-08T13:49:09.9681092Z #9 6.156 Preparing to unpack .../024-libtiff6_4.5.0-6+deb12u4_amd64.deb ...
2026-10-08T13:49:09.9682129Z #9 6.157 Unpacking libtiff6:amd64 (4.5.0-6+deb12u4) ...
2026-10-08T13:49:09.9683229Z #9 6.185 Selecting previously unselected package libgdk-pixbuf-2.0-0:amd64.
2026-10-08T13:49:09.9684162Z #9 6.187 Preparing to unpack .../025-libgdk-pixbuf-2.0-0_2.42.10+dfsg-1+deb12u4_amd64.deb ...
2026-10-08T13:49:09.9685001Z #9 6.188 Unpacking libgdk-pixbuf-2.0-0:amd64 (2.42.10+dfsg-1+deb12u4) ...
2026-10-08T13:49:09.9685725Z #9 6.213 Selecting previously unselected package gtk-update-icon-cache.
2026-10-08T13:49:10.1472398Z #9 6.215 Preparing to unpack .../026-gtk-update-icon-cache_3.24.38-2~deb12u3_amd64.deb ...
2026-10-08T13:49:10.1498386Z #9 6.215 Unpacking gtk-update-icon-cache (3.24.38-2~deb12u3) ...
2026-10-08T13:49:10.1499736Z #9 6.239 Selecting previously unselected package adwaita-icon-theme.
2026-10-08T13:49:10.1501598Z #9 6.241 Preparing to unpack .../027-adwaita-icon-theme_43-1_all.deb ...
2026-10-08T13:49:10.1502841Z #9 6.242 Unpacking adwaita-icon-theme (43-1) ...
2026-10-08T13:49:11.0956001Z #9 7.341 Selecting previously unselected package at-spi2-common.
2026-10-08T13:49:11.2255390Z #9 7.344 Preparing to unpack .../028-at-spi2-common_2.46.0-5_all.deb ...
2026-10-08T13:49:11.2256385Z #9 7.345 Unpacking at-spi2-common (2.46.0-5) ...
2026-10-08T13:49:11.2257465Z #9 7.377 Selecting previously unselected package bubblewrap.
2026-10-08T13:49:11.2258469Z #9 7.379 Preparing to unpack .../029-bubblewrap_0.8.0-2+deb12u1_amd64.deb ...
2026-10-08T13:49:11.2259363Z #9 7.380 Unpacking bubblewrap (0.8.0-2+deb12u1) ...
2026-10-08T13:49:11.2260220Z #9 7.398 Selecting previously unselected package libasound2-data.
2026-10-08T13:49:11.2261209Z #9 7.400 Preparing to unpack .../030-libasound2-data_1.2.8-1_all.deb ...
2026-10-08T13:49:11.2262040Z #9 7.401 Unpacking libasound2-data (1.2.8-1) ...
2026-10-08T13:49:11.2262901Z #9 7.429 Selecting previously unselected package libasound2:amd64.
2026-10-08T13:49:11.2263868Z #9 7.432 Preparing to unpack .../031-libasound2_1.2.8-1+b1_amd64.deb ...
2026-10-08T13:49:11.2264687Z #9 7.433 Unpacking libasound2:amd64 (1.2.8-1+b1) ...
2026-10-08T13:49:11.2265494Z #9 7.471 Selecting previously unselected package libatk1.0-0:amd64.
2026-10-08T13:49:11.3296392Z #9 7.473 Preparing to unpack .../032-libatk1.0-0_2.46.0-5_amd64.deb ...
2026-10-08T13:49:11.3297587Z #9 7.474 Unpacking libatk1.0-0:amd64 (2.46.0-5) ...
2026-10-08T13:49:11.3298481Z #9 7.492 Selecting previously unselected package libxau6:amd64.
2026-10-08T13:49:11.3299496Z #9 7.494 Preparing to unpack .../033-libxau6_1%3a1.0.9-1_amd64.deb ...
2026-10-08T13:49:11.3300369Z #9 7.495 Unpacking libxau6:amd64 (1:1.0.9-1) ...
2026-10-08T13:49:11.3301235Z #9 7.511 Selecting previously unselected package libbsd0:amd64.
2026-10-08T13:49:11.3302209Z #9 7.513 Preparing to unpack .../034-libbsd0_0.11.7-2_amd64.deb ...
2026-10-08T13:49:11.3303064Z #9 7.514 Unpacking libbsd0:amd64 (0.11.7-2) ...
2026-10-08T13:49:11.3303921Z #9 7.534 Selecting previously unselected package libxdmcp6:amd64.
2026-10-08T13:49:11.3304906Z #9 7.536 Preparing to unpack .../035-libxdmcp6_1%3a1.1.2-3_amd64.deb ...
2026-10-08T13:49:11.3305765Z #9 7.537 Unpacking libxdmcp6:amd64 (1:1.1.2-3) ...
2026-10-08T13:49:11.3306579Z #9 7.553 Selecting previously unselected package libxcb1:amd64.
2026-10-08T13:49:11.3307623Z #9 7.555 Preparing to unpack .../036-libxcb1_1.15-1_amd64.deb ...
2026-10-08T13:49:11.3308301Z #9 7.556 Unpacking libxcb1:amd64 (1.15-1) ...
2026-10-08T13:49:11.3308929Z #9 7.575 Selecting previously unselected package libx11-data.
2026-10-08T13:49:11.4524005Z #9 7.578 Preparing to unpack .../037-libx11-data_2%3a1.8.4-2+deb12u2_all.deb ...
2026-10-08T13:49:11.4524854Z #9 7.579 Unpacking libx11-data (2:1.8.4-2+deb12u2) ...
2026-10-08T13:49:11.4525539Z #9 7.640 Selecting previously unselected package libx11-6:amd64.
2026-10-08T13:49:11.4526365Z #9 7.642 Preparing to unpack .../038-libx11-6_2%3a1.8.4-2+deb12u2_amd64.deb ...
2026-10-08T13:49:11.4527566Z #9 7.643 Unpacking libx11-6:amd64 (2:1.8.4-2+deb12u2) ...
2026-10-08T13:49:11.4528673Z #9 7.698 Selecting previously unselected package libxext6:amd64.
2026-10-08T13:49:11.5777094Z #9 7.700 Preparing to unpack .../039-libxext6_2%3a1.3.4-1+b1_amd64.deb ...
2026-10-08T13:49:11.5778092Z #9 7.701 Unpacking libxext6:amd64 (2:1.3.4-1+b1) ...
2026-10-08T13:49:11.5779209Z #9 7.719 Selecting previously unselected package libxi6:amd64.
2026-10-08T13:49:11.5780247Z #9 7.721 Preparing to unpack .../040-libxi6_2%3a1.8-1+b1_amd64.deb ...
2026-10-08T13:49:11.5781124Z #9 7.722 Unpacking libxi6:amd64 (2:1.8-1+b1) ...
2026-10-08T13:49:11.5782043Z #9 7.742 Selecting previously unselected package libatspi2.0-0:amd64.
2026-10-08T13:49:11.5783081Z #9 7.744 Preparing to unpack .../041-libatspi2.0-0_2.46.0-5_amd64.deb ...
2026-10-08T13:49:11.5783895Z #9 7.745 Unpacking libatspi2.0-0:amd64 (2.46.0-5) ...
2026-10-08T13:49:11.5785010Z #9 7.765 Selecting previously unselected package libatk-bridge2.0-0:amd64.
2026-10-08T13:49:11.5785958Z #9 7.767 Preparing to unpack .../042-libatk-bridge2.0-0_2.46.0-5_amd64.deb ...
2026-10-08T13:49:11.5786957Z #9 7.768 Unpacking libatk-bridge2.0-0:amd64 (2.46.0-5) ...
2026-10-08T13:49:11.5787738Z #9 7.787 Selecting previously unselected package libbrotli1:amd64.
2026-10-08T13:49:11.5788560Z #9 7.789 Preparing to unpack .../043-libbrotli1_1.0.9-2+b6_amd64.deb ...
2026-10-08T13:49:11.5789250Z #9 7.790 Unpacking libbrotli1:amd64 (1.0.9-2+b6) ...
2026-10-08T13:49:11.5789972Z #9 7.823 Selecting previously unselected package libfreetype6:amd64.
2026-10-08T13:49:11.7094059Z #9 7.826 Preparing to unpack .../044-libfreetype6_2.12.1+dfsg-5+deb12u4_amd64.deb ...
2026-10-08T13:49:11.7095192Z #9 7.827 Unpacking libfreetype6:amd64 (2.12.1+dfsg-5+deb12u4) ...
2026-10-08T13:49:11.7096152Z #9 7.865 Selecting previously unselected package fonts-dejavu-core.
2026-10-08T13:49:11.7097372Z #9 7.867 Preparing to unpack .../045-fonts-dejavu-core_2.37-6_all.deb ...
2026-10-08T13:49:11.7098167Z #9 7.868 Unpacking fonts-dejavu-core (2.37-6) ...
2026-10-08T13:49:11.7098742Z #9 7.955 Selecting previously unselected package fontconfig-config.
2026-10-08T13:49:11.8120935Z #9 7.957 Preparing to unpack .../046-fontconfig-config_2.14.1-4_amd64.deb ...
2026-10-08T13:49:11.8121948Z #9 8.057 Unpacking fontconfig-config (2.14.1-4) ...
2026-10-08T13:49:11.9295703Z #9 8.089 Selecting previously unselected package libfontconfig1:amd64.
2026-10-08T13:49:11.9297139Z #9 8.091 Preparing to unpack .../047-libfontconfig1_2.14.1-4_amd64.deb ...
2026-10-08T13:49:11.9298183Z #9 8.092 Unpacking libfontconfig1:amd64 (2.14.1-4) ...
2026-10-08T13:49:11.9298905Z #9 8.114 Selecting previously unselected package libpixman-1-0:amd64.
2026-10-08T13:49:11.9299616Z #9 8.117 Preparing to unpack .../048-libpixman-1-0_0.42.2-1_amd64.deb ...
2026-10-08T13:49:11.9300212Z #9 8.117 Unpacking libpixman-1-0:amd64 (0.42.2-1) ...
2026-10-08T13:49:11.9300852Z #9 8.150 Selecting previously unselected package libxcb-render0:amd64.
2026-10-08T13:49:11.9301538Z #9 8.152 Preparing to unpack .../049-libxcb-render0_1.15-1_amd64.deb ...
2026-10-08T13:49:11.9302122Z #9 8.153 Unpacking libxcb-render0:amd64 (1.15-1) ...
2026-10-08T13:49:11.9302716Z #9 8.175 Selecting previously unselected package libxcb-shm0:amd64.
2026-10-08T13:49:12.0468462Z #9 8.177 Preparing to unpack .../050-libxcb-shm0_1.15-1_amd64.deb ...
2026-10-08T13:49:12.0469428Z #9 8.178 Unpacking libxcb-shm0:amd64 (1.15-1) ...
2026-10-08T13:49:12.0470531Z #9 8.197 Selecting previously unselected package libxrender1:amd64.
2026-10-08T13:49:12.0471614Z #9 8.199 Preparing to unpack .../051-libxrender1_1%3a0.9.10-1.1_amd64.deb ...
2026-10-08T13:49:12.0472565Z #9 8.200 Unpacking libxrender1:amd64 (1:0.9.10-1.1) ...
2026-10-08T13:49:12.0473377Z #9 8.216 Selecting previously unselected package libcairo2:amd64.
2026-10-08T13:49:12.0474260Z #9 8.218 Preparing to unpack .../052-libcairo2_1.16.0-7_amd64.deb ...
2026-10-08T13:49:12.0475033Z #9 8.219 Unpacking libcairo2:amd64 (1.16.0-7) ...
2026-10-08T13:49:12.0475888Z #9 8.264 Selecting previously unselected package libavahi-common-data:amd64.
2026-10-08T13:49:12.0477337Z #9 8.267 Preparing to unpack .../053-libavahi-common-data_0.8-10+deb12u1_amd64.deb ...
2026-10-08T13:49:12.0478310Z #9 8.268 Unpacking libavahi-common-data:amd64 (0.8-10+deb12u1) ...
2026-10-08T13:49:12.0479186Z #9 8.292 Selecting previously unselected package libavahi-common3:amd64.
2026-10-08T13:49:12.1537769Z #9 8.295 Preparing to unpack .../054-libavahi-common3_0.8-10+deb12u1_amd64.deb ...
2026-10-08T13:49:12.1538931Z #9 8.296 Unpacking libavahi-common3:amd64 (0.8-10+deb12u1) ...
2026-10-08T13:49:12.1539974Z #9 8.313 Selecting previously unselected package libavahi-client3:amd64.
2026-10-08T13:49:12.1541151Z #9 8.315 Preparing to unpack .../055-libavahi-client3_0.8-10+deb12u1_amd64.deb ...
2026-10-08T13:49:12.1542257Z #9 8.316 Unpacking libavahi-client3:amd64 (0.8-10+deb12u1) ...
2026-10-08T13:49:12.1543604Z #9 8.334 Selecting previously unselected package libkrb5support0:amd64.
2026-10-08T13:49:12.1544679Z #9 8.336 Preparing to unpack .../056-libkrb5support0_1.20.1-2+deb12u5_amd64.deb ...
2026-10-08T13:49:12.1545603Z #9 8.337 Unpacking libkrb5support0:amd64 (1.20.1-2+deb12u5) ...
2026-10-08T13:49:12.1546465Z #9 8.354 Selecting previously unselected package libk5crypto3:amd64.
2026-10-08T13:49:12.1547635Z #9 8.356 Preparing to unpack .../057-libk5crypto3_1.20.1-2+deb12u5_amd64.deb ...
2026-10-08T13:49:12.1548466Z #9 8.357 Unpacking libk5crypto3:amd64 (1.20.1-2+deb12u5) ...
2026-10-08T13:49:12.1549262Z #9 8.381 Selecting previously unselected package libkeyutils1:amd64.
2026-10-08T13:49:12.1550071Z #9 8.383 Preparing to unpack .../058-libkeyutils1_1.6.3-2_amd64.deb ...
2026-10-08T13:49:12.1550778Z #9 8.384 Unpacking libkeyutils1:amd64 (1.6.3-2) ...
2026-10-08T13:49:12.1551494Z #9 8.399 Selecting previously unselected package libkrb5-3:amd64.
2026-10-08T13:49:12.2588950Z #9 8.402 Preparing to unpack .../059-libkrb5-3_1.20.1-2+deb12u5_amd64.deb ...
2026-10-08T13:49:12.2589998Z #9 8.403 Unpacking libkrb5-3:amd64 (1.20.1-2+deb12u5) ...
2026-10-08T13:49:12.2590957Z #9 8.441 Selecting previously unselected package libgssapi-krb5-2:amd64.
2026-10-08T13:49:12.2592081Z #9 8.444 Preparing to unpack .../060-libgssapi-krb5-2_1.20.1-2+deb12u5_amd64.deb ...
2026-10-08T13:49:12.2592828Z #9 8.444 Unpacking libgssapi-krb5-2:amd64 (1.20.1-2+deb12u5) ...
2026-10-08T13:49:12.2593708Z #9 8.468 Selecting previously unselected package libcups2:amd64.
2026-10-08T13:49:12.2594337Z #9 8.470 Preparing to unpack .../061-libcups2_2.4.2-3+deb12u9_amd64.deb ...
2026-10-08T13:49:12.2594944Z #9 8.473 Unpacking libcups2:amd64 (2.4.2-3+deb12u9) ...
2026-10-08T13:49:12.2595532Z #9 8.503 Selecting previously unselected package libdav1d6:amd64.
2026-10-08T13:49:12.3773680Z #9 8.505 Preparing to unpack .../062-libdav1d6_1.0.0-2+deb12u1_amd64.deb ...
2026-10-08T13:49:12.3774564Z #9 8.506 Unpacking libdav1d6:amd64 (1.0.0-2+deb12u1) ...
2026-10-08T13:49:12.3775233Z #9 8.555 Selecting previously unselected package libdouble-conversion3:amd64.
2026-10-08T13:49:12.3775967Z #9 8.557 Preparing to unpack .../063-libdouble-conversion3_3.2.1-1_amd64.deb ...
2026-10-08T13:49:12.3776596Z #9 8.558 Unpacking libdouble-conversion3:amd64 (3.2.1-1) ...
2026-10-08T13:49:12.3778453Z #9 8.575 Selecting previously unselected package libogg0:amd64.
2026-10-08T13:49:12.3779074Z #9 8.577 Preparing to unpack .../064-libogg0_1.3.5-3_amd64.deb ...
2026-10-08T13:49:12.3779582Z #9 8.578 Unpacking libogg0:amd64 (1.3.5-3) ...
2026-10-08T13:49:12.3780101Z #9 8.594 Selecting previously unselected package libflac12:amd64.
2026-10-08T13:49:12.3780708Z #9 8.596 Preparing to unpack .../065-libflac12_1.4.2+ds-2_amd64.deb ...
2026-10-08T13:49:12.3781237Z #9 8.597 Unpacking libflac12:amd64 (1.4.2+ds-2) ...
2026-10-08T13:49:12.3781757Z #9 8.622 Selecting previously unselected package libdrm-common.
2026-10-08T13:49:12.4868831Z #9 8.625 Preparing to unpack .../066-libdrm-common_2.4.114-1_all.deb ...
2026-10-08T13:49:12.4870199Z #9 8.626 Unpacking libdrm-common (2.4.114-1) ...
2026-10-08T13:49:12.4871366Z #9 8.641 Selecting previously unselected package libdrm2:amd64.
2026-10-08T13:49:12.4872668Z #9 8.643 Preparing to unpack .../067-libdrm2_2.4.114-1+b1_amd64.deb ...
2026-10-08T13:49:12.4873827Z #9 8.644 Unpacking libdrm2:amd64 (2.4.114-1+b1) ...
2026-10-08T13:49:12.4875088Z #9 8.662 Selecting previously unselected package libwayland-server0:amd64.
2026-10-08T13:49:12.4876492Z #9 8.664 Preparing to unpack .../068-libwayland-server0_1.21.0-1_amd64.deb ...
2026-10-08T13:49:12.4877928Z #9 8.665 Unpacking libwayland-server0:amd64 (1.21.0-1) ...
2026-10-08T13:49:12.4879040Z #9 8.683 Selecting previously unselected package libgbm1:amd64.
2026-10-08T13:49:12.4880126Z #9 8.686 Preparing to unpack .../069-libgbm1_22.3.6-1+deb12u2_amd64.deb ...
2026-10-08T13:49:12.4881033Z #9 8.687 Unpacking libgbm1:amd64 (22.3.6-1+deb12u2) ...
2026-10-08T13:49:12.4882073Z #9 8.707 Selecting previously unselected package libgraphite2-3:amd64.
2026-10-08T13:49:12.4883227Z #9 8.709 Preparing to unpack .../070-libgraphite2-3_1.3.14-1+deb12u1_amd64.deb ...
2026-10-08T13:49:12.4884008Z #9 8.710 Unpacking libgraphite2-3:amd64 (1.3.14-1+deb12u1) ...
2026-10-08T13:49:12.4884733Z #9 8.732 Selecting previously unselected package libharfbuzz0b:amd64.
2026-10-08T13:49:12.5947454Z #9 8.735 Preparing to unpack .../071-libharfbuzz0b_6.0.0+dfsg-3_amd64.deb ...
2026-10-08T13:49:12.5948654Z #9 8.736 Unpacking libharfbuzz0b:amd64 (6.0.0+dfsg-3) ...
2026-10-08T13:49:12.5949788Z #9 8.786 Selecting previously unselected package libharfbuzz-subset0:amd64.
2026-10-08T13:49:12.5951122Z #9 8.788 Preparing to unpack .../072-libharfbuzz-subset0_6.0.0+dfsg-3_amd64.deb ...
2026-10-08T13:49:12.5952386Z #9 8.789 Unpacking libharfbuzz-subset0:amd64 (6.0.0+dfsg-3) ...
2026-10-08T13:49:12.5953485Z #9 8.840 Selecting previously unselected package liblcms2-2:amd64.
2026-10-08T13:49:12.7256761Z #9 8.842 Preparing to unpack .../073-liblcms2-2_2.14-2+deb12u1_amd64.deb ...
2026-10-08T13:49:12.7257792Z #9 8.843 Unpacking liblcms2-2:amd64 (2.14-2+deb12u1) ...
2026-10-08T13:49:12.7258385Z #9 8.868 Selecting previously unselected package libminizip1:amd64.
2026-10-08T13:49:12.7259197Z #9 8.871 Preparing to unpack .../074-libminizip1_1.1-8+deb12u1_amd64.deb ...
2026-10-08T13:49:12.7259920Z #9 8.872 Unpacking libminizip1:amd64 (1.1-8+deb12u1) ...
2026-10-08T13:49:12.7260765Z #9 8.887 Selecting previously unselected package libnspr4:amd64.
2026-10-08T13:49:12.7261524Z #9 8.890 Preparing to unpack .../075-libnspr4_2%3a4.35-1_amd64.deb ...
2026-10-08T13:49:12.7262119Z #9 8.891 Unpacking libnspr4:amd64 (2:4.35-1) ...
2026-10-08T13:49:12.7262741Z #9 8.912 Selecting previously unselected package libsqlite3-0:amd64.
2026-10-08T13:49:12.7263530Z #9 8.915 Preparing to unpack .../076-libsqlite3-0_3.40.1-2+deb12u2_amd64.deb ...
2026-10-08T13:49:12.7264199Z #9 8.916 Unpacking libsqlite3-0:amd64 (3.40.1-2+deb12u2) ...
2026-10-08T13:49:12.7264928Z #9 8.970 Selecting previously unselected package libnss3:amd64.
2026-10-08T13:49:12.8261384Z #9 8.973 Preparing to unpack .../077-libnss3_2%3a3.87.1-1+deb12u4_amd64.deb ...
2026-10-08T13:49:12.8262378Z #9 8.974 Unpacking libnss3:amd64 (2:3.87.1-1+deb12u4) ...
2026-10-08T13:49:12.8263586Z #9 9.071 Selecting previously unselected package libopenh264-7:amd64.
2026-10-08T13:49:12.9317344Z #9 9.074 Preparing to unpack .../078-libopenh264-7_2.3.1+dfsg-3+deb12u2_amd64.deb ...
2026-10-08T13:49:12.9318515Z #9 9.075 Unpacking libopenh264-7:amd64 (2.3.1+dfsg-3+deb12u2) ...
2026-10-08T13:49:12.9319452Z #9 9.115 Selecting previously unselected package libopenjp2-7:amd64.
2026-10-08T13:49:12.9320452Z #9 9.117 Preparing to unpack .../079-libopenjp2-7_2.5.0-2+deb12u3_amd64.deb ...
2026-10-08T13:49:12.9321336Z #9 9.118 Unpacking libopenjp2-7:amd64 (2.5.0-2+deb12u3) ...
2026-10-08T13:49:12.9322139Z #9 9.146 Selecting previously unselected package libopus0:amd64.
2026-10-08T13:49:12.9322977Z #9 9.149 Preparing to unpack .../080-libopus0_1.3.1-3_amd64.deb ...
2026-10-08T13:49:12.9323710Z #9 9.150 Unpacking libopus0:amd64 (1.3.1-3) ...
2026-10-08T13:49:12.9324420Z #9 9.177 Selecting previously unselected package fontconfig.
2026-10-08T13:49:13.0367193Z #9 9.179 Preparing to unpack .../081-fontconfig_2.14.1-4_amd64.deb ...
2026-10-08T13:49:13.0368234Z #9 9.181 Unpacking fontconfig (2.14.1-4) ...
2026-10-08T13:49:13.0369207Z #9 9.207 Selecting previously unselected package libfribidi0:amd64.
2026-10-08T13:49:13.0370411Z #9 9.209 Preparing to unpack .../082-libfribidi0_1.0.8-2.1_amd64.deb ...
2026-10-08T13:49:13.0371282Z #9 9.210 Unpacking libfribidi0:amd64 (1.0.8-2.1) ...
2026-10-08T13:49:13.0372118Z #9 9.227 Selecting previously unselected package libthai-data.
2026-10-08T13:49:13.0373067Z #9 9.229 Preparing to unpack .../083-libthai-data_0.1.29-1_all.deb ...
2026-10-08T13:49:13.0373879Z #9 9.230 Unpacking libthai-data (0.1.29-1) ...
2026-10-08T13:49:13.0374723Z #9 9.282 Selecting previously unselected package libdatrie1:amd64.
2026-10-08T13:49:13.1659065Z #9 9.285 Preparing to unpack .../084-libdatrie1_0.2.13-2+b1_amd64.deb ...
2026-10-08T13:49:13.1660213Z #9 9.286 Unpacking libdatrie1:amd64 (0.2.13-2+b1) ...
2026-10-08T13:49:13.1660892Z #9 9.304 Selecting previously unselected package libthai0:amd64.
2026-10-08T13:49:13.1661624Z #9 9.306 Preparing to unpack .../085-libthai0_0.1.29-1_amd64.deb ...
2026-10-08T13:49:13.1662246Z #9 9.307 Unpacking libthai0:amd64 (0.1.29-1) ...
2026-10-08T13:49:13.1662927Z #9 9.325 Selecting previously unselected package libpango-1.0-0:amd64.
2026-10-08T13:49:13.1663725Z #9 9.327 Preparing to unpack .../086-libpango-1.0-0_1.50.12+ds-1_amd64.deb ...
2026-10-08T13:49:13.1664425Z #9 9.328 Unpacking libpango-1.0-0:amd64 (1.50.12+ds-1) ...
2026-10-08T13:49:13.1665098Z #9 9.357 Selecting previously unselected package libasyncns0:amd64.
2026-10-08T13:49:13.1665846Z #9 9.359 Preparing to unpack .../087-libasyncns0_0.8-6+b3_amd64.deb ...
2026-10-08T13:49:13.1666476Z #9 9.360 Unpacking libasyncns0:amd64 (0.8-6+b3) ...
2026-10-08T13:49:13.1667592Z #9 9.377 Selecting previously unselected package libmp3lame0:amd64.
2026-10-08T13:49:13.1668348Z #9 9.379 Preparing to unpack .../088-libmp3lame0_3.100-6_amd64.deb ...
2026-10-08T13:49:13.1668977Z #9 9.380 Unpacking libmp3lame0:amd64 (3.100-6) ...
2026-10-08T13:49:13.1669906Z #9 9.410 Selecting previously unselected package libmpg123-0:amd64.
2026-10-08T13:49:13.2720847Z #9 9.413 Preparing to unpack .../089-libmpg123-0_1.31.2-1+deb12u1_amd64.deb ...
2026-10-08T13:49:13.2722404Z #9 9.414 Unpacking libmpg123-0:amd64 (1.31.2-1+deb12u1) ...
2026-10-08T13:49:13.2723479Z #9 9.438 Selecting previously unselected package libvorbis0a:amd64.
2026-10-08T13:49:13.2724615Z #9 9.440 Preparing to unpack .../090-libvorbis0a_1.3.7-1_amd64.deb ...
2026-10-08T13:49:13.2725599Z #9 9.441 Unpacking libvorbis0a:amd64 (1.3.7-1) ...
2026-10-08T13:49:13.2726429Z #9 9.461 Selecting previously unselected package libvorbisenc2:amd64.
2026-10-08T13:49:13.2727587Z #9 9.463 Preparing to unpack .../091-libvorbisenc2_1.3.7-1_amd64.deb ...
2026-10-08T13:49:13.2728397Z #9 9.464 Unpacking libvorbisenc2:amd64 (1.3.7-1) ...
2026-10-08T13:49:13.2729180Z #9 9.486 Selecting previously unselected package libsndfile1:amd64.
2026-10-08T13:49:13.2730102Z #9 9.489 Preparing to unpack .../092-libsndfile1_1.2.0-1+deb12u1_amd64.deb ...
2026-10-08T13:49:13.2730920Z #9 9.490 Unpacking libsndfile1:amd64 (1.2.0-1+deb12u1) ...
2026-10-08T13:49:13.2731687Z #9 9.517 Selecting previously unselected package libx11-xcb1:amd64.
2026-10-08T13:49:13.3779628Z #9 9.520 Preparing to unpack .../093-libx11-xcb1_2%3a1.8.4-2+deb12u2_amd64.deb ...
2026-10-08T13:49:13.3780829Z #9 9.521 Unpacking libx11-xcb1:amd64 (2:1.8.4-2+deb12u2) ...
2026-10-08T13:49:13.3782202Z #9 9.544 Selecting previously unselected package libpulse0:amd64.
2026-10-08T13:49:13.3783508Z #9 9.546 Preparing to unpack .../094-libpulse0_16.1+dfsg1-2+b1_amd64.deb ...
2026-10-08T13:49:13.3784624Z #9 9.551 Unpacking libpulse0:amd64 (16.1+dfsg1-2+b1) ...
2026-10-08T13:49:13.3785705Z #9 9.586 Selecting previously unselected package libxcomposite1:amd64.
2026-10-08T13:49:13.3787264Z #9 9.588 Preparing to unpack .../095-libxcomposite1_1%3a0.4.5-1_amd64.deb ...
2026-10-08T13:49:13.3788541Z #9 9.589 Unpacking libxcomposite1:amd64 (1:0.4.5-1) ...
2026-10-08T13:49:13.3789854Z #9 9.605 Selecting previously unselected package libxdamage1:amd64.
2026-10-08T13:49:13.3791277Z #9 9.607 Preparing to unpack .../096-libxdamage1_1%3a1.1.6-1_amd64.deb ...
2026-10-08T13:49:13.3792537Z #9 9.608 Unpacking libxdamage1:amd64 (1:1.1.6-1) ...
2026-10-08T13:49:13.3793779Z #9 9.623 Selecting previously unselected package libxfixes3:amd64.
2026-10-08T13:49:13.5015893Z #9 9.626 Preparing to unpack .../097-libxfixes3_1%3a6.0.0-2_amd64.deb ...
2026-10-08T13:49:13.5017815Z #9 9.626 Unpacking libxfixes3:amd64 (1:6.0.0-2) ...
2026-10-08T13:49:13.5019002Z #9 9.642 Selecting previously unselected package xkb-data.
2026-10-08T13:49:13.5019935Z #9 9.644 Preparing to unpack .../098-xkb-data_2.35.1-1_all.deb ...
2026-10-08T13:49:13.5020663Z #9 9.644 Unpacking xkb-data (2.35.1-1) ...
2026-10-08T13:49:13.5021803Z #9 9.747 Selecting previously unselected package libxkbcommon0:amd64.
2026-10-08T13:49:13.6244946Z #9 9.749 Preparing to unpack .../099-libxkbcommon0_1.5.0-1_amd64.deb ...
2026-10-08T13:49:13.6245963Z #9 9.750 Unpacking libxkbcommon0:amd64 (1.5.0-1) ...
2026-10-08T13:49:13.6247113Z #9 9.772 Selecting previously unselected package libxnvctrl0:amd64.
2026-10-08T13:49:13.6248302Z #9 9.775 Preparing to unpack .../100-libxnvctrl0_525.85.05-3~deb12u1_amd64.deb ...
2026-10-08T13:49:13.6249335Z #9 9.776 Unpacking libxnvctrl0:amd64 (525.85.05-3~deb12u1) ...
2026-10-08T13:49:13.6250255Z #9 9.791 Selecting previously unselected package libxrandr2:amd64.
2026-10-08T13:49:13.6251268Z #9 9.794 Preparing to unpack .../101-libxrandr2_2%3a1.5.2-2+b1_amd64.deb ...
2026-10-08T13:49:13.6252079Z #9 9.795 Unpacking libxrandr2:amd64 (2:1.5.2-2+b1) ...
2026-10-08T13:49:13.6252870Z #9 9.815 Selecting previously unselected package libcairo-gobject2:amd64.
2026-10-08T13:49:13.6253782Z #9 9.818 Preparing to unpack .../102-libcairo-gobject2_1.16.0-7_amd64.deb ...
2026-10-08T13:49:13.6254548Z #9 9.819 Unpacking libcairo-gobject2:amd64 (1.16.0-7) ...
2026-10-08T13:49:13.6255276Z #9 9.841 Selecting previously unselected package libcolord2:amd64.
2026-10-08T13:49:13.6256057Z #9 9.843 Preparing to unpack .../103-libcolord2_1.4.6-2.2_amd64.deb ...
2026-10-08T13:49:13.6256730Z #9 9.844 Unpacking libcolord2:amd64 (1.4.6-2.2) ...
2026-10-08T13:49:13.6257942Z #9 9.870 Selecting previously unselected package libepoxy0:amd64.
2026-10-08T13:49:13.7268655Z #9 9.873 Preparing to unpack .../104-libepoxy0_1.5.10-1_amd64.deb ...
2026-10-08T13:49:13.7269861Z #9 9.873 Unpacking libepoxy0:amd64 (1.5.10-1) ...
2026-10-08T13:49:13.7271056Z #9 9.903 Selecting previously unselected package libpangoft2-1.0-0:amd64.
2026-10-08T13:49:13.7272604Z #9 9.905 Preparing to unpack .../105-libpangoft2-1.0-0_1.50.12+ds-1_amd64.deb ...
2026-10-08T13:49:13.7273796Z #9 9.906 Unpacking libpangoft2-1.0-0:amd64 (1.50.12+ds-1) ...
2026-10-08T13:49:13.7274889Z #9 9.926 Selecting previously unselected package libpangocairo-1.0-0:amd64.
2026-10-08T13:49:13.7276233Z #9 9.928 Preparing to unpack .../106-libpangocairo-1.0-0_1.50.12+ds-1_amd64.deb ...
2026-10-08T13:49:13.7277673Z #9 9.929 Unpacking libpangocairo-1.0-0:amd64 (1.50.12+ds-1) ...
2026-10-08T13:49:13.7278865Z #9 9.947 Selecting previously unselected package libwayland-client0:amd64.
2026-10-08T13:49:13.7280178Z #9 9.949 Preparing to unpack .../107-libwayland-client0_1.21.0-1_amd64.deb ...
2026-10-08T13:49:13.7281066Z #9 9.950 Unpacking libwayland-client0:amd64 (1.21.0-1) ...
2026-10-08T13:49:13.7281799Z #9 9.969 Selecting previously unselected package libwayland-cursor0:amd64.
2026-10-08T13:49:13.7282623Z #9 9.972 Preparing to unpack .../108-libwayland-cursor0_1.21.0-1_amd64.deb ...
2026-10-08T13:49:13.8290959Z #9 9.973 Unpacking libwayland-cursor0:amd64 (1.21.0-1) ...
2026-10-08T13:49:13.8293926Z #9 9.990 Selecting previously unselected package libwayland-egl1:amd64.
2026-10-08T13:49:13.8294902Z #9 9.992 Preparing to unpack .../109-libwayland-egl1_1.21.0-1_amd64.deb ...
2026-10-08T13:49:13.8295515Z #9 9.993 Unpacking libwayland-egl1:amd64 (1.21.0-1) ...
2026-10-08T13:49:13.8296092Z #9 10.01 Selecting previously unselected package libxcursor1:amd64.
2026-10-08T13:49:13.8296730Z #9 10.01 Preparing to unpack .../110-libxcursor1_1%3a1.2.1-1_amd64.deb ...
2026-10-08T13:49:13.8297864Z #9 10.01 Unpacking libxcursor1:amd64 (1:1.2.1-1) ...
2026-10-08T13:49:13.8298429Z #9 10.03 Selecting previously unselected package libxinerama1:amd64.
2026-10-08T13:49:13.8299072Z #9 10.03 Preparing to unpack .../111-libxinerama1_2%3a1.1.4-3_amd64.deb ...
2026-10-08T13:49:13.8299630Z #9 10.04 Unpacking libxinerama1:amd64 (2:1.1.4-3) ...
2026-10-08T13:49:13.8300183Z #9 10.05 Selecting previously unselected package dbus-user-session.
2026-10-08T13:49:13.8300864Z #9 10.05 Preparing to unpack .../112-dbus-user-session_1.14.10-1~deb12u1_amd64.deb ...
2026-10-08T13:49:13.8301492Z #9 10.06 Unpacking dbus-user-session (1.14.10-1~deb12u1) ...
2026-10-08T13:49:13.8302322Z #9 10.07 Selecting previously unselected package libdconf1:amd64.
2026-10-08T13:49:14.0402222Z #9 10.08 Preparing to unpack .../113-libdconf1_0.40.0-4_amd64.deb ...
2026-10-08T13:49:14.0403161Z #9 10.08 Unpacking libdconf1:amd64 (0.40.0-4) ...
2026-10-08T13:49:14.0404018Z #9 10.09 Selecting previously unselected package dconf-service.
2026-10-08T13:49:14.0405032Z #9 10.10 Preparing to unpack .../114-dconf-service_0.40.0-4_amd64.deb ...
2026-10-08T13:49:14.0405875Z #9 10.10 Unpacking dconf-service (0.40.0-4) ...
2026-10-08T13:49:14.0407045Z #9 10.11 Selecting previously unselected package dconf-gsettings-backend:amd64.
2026-10-08T13:49:14.0408229Z #9 10.12 Preparing to unpack .../115-dconf-gsettings-backend_0.40.0-4_amd64.deb ...
2026-10-08T13:49:14.0409202Z #9 10.12 Unpacking dconf-gsettings-backend:amd64 (0.40.0-4) ...
2026-10-08T13:49:14.0410075Z #9 10.13 Selecting previously unselected package libgtk-3-common.
2026-10-08T13:49:14.0411046Z #9 10.13 Preparing to unpack .../116-libgtk-3-common_3.24.38-2~deb12u3_all.deb ...
2026-10-08T13:49:14.0411946Z #9 10.13 Unpacking libgtk-3-common (3.24.38-2~deb12u3) ...
2026-10-08T13:49:14.1468813Z #9 10.39 Selecting previously unselected package libgtk-3-0:amd64.
2026-10-08T13:49:14.3009154Z #9 10.39 Preparing to unpack .../117-libgtk-3-0_3.24.38-2~deb12u3_amd64.deb ...
2026-10-08T13:49:14.3010298Z #9 10.40 Unpacking libgtk-3-0:amd64 (3.24.38-2~deb12u3) ...
2026-10-08T13:49:14.3400209Z #9 10.59 Selecting previously unselected package libfontenc1:amd64.
2026-10-08T13:49:14.4545499Z #9 10.59 Preparing to unpack .../118-libfontenc1_1%3a1.1.4-1_amd64.deb ...
2026-10-08T13:49:14.4546413Z #9 10.59 Unpacking libfontenc1:amd64 (1:1.1.4-1) ...
2026-10-08T13:49:14.4547659Z #9 10.60 Selecting previously unselected package libglvnd0:amd64.
2026-10-08T13:49:14.4548705Z #9 10.61 Preparing to unpack .../119-libglvnd0_1.6.0-1_amd64.deb ...
2026-10-08T13:49:14.4549589Z #9 10.61 Unpacking libglvnd0:amd64 (1.6.0-1) ...
2026-10-08T13:49:14.4550528Z #9 10.63 Selecting previously unselected package libglapi-mesa:amd64.
2026-10-08T13:49:14.4551639Z #9 10.63 Preparing to unpack .../120-libglapi-mesa_22.3.6-1+deb12u2_amd64.deb ...
2026-10-08T13:49:14.4552619Z #9 10.63 Unpacking libglapi-mesa:amd64 (22.3.6-1+deb12u2) ...
2026-10-08T13:49:14.4553571Z #9 10.65 Selecting previously unselected package libxcb-dri2-0:amd64.
2026-10-08T13:49:14.4554564Z #9 10.65 Preparing to unpack .../121-libxcb-dri2-0_1.15-1_amd64.deb ...
2026-10-08T13:49:14.4555379Z #9 10.65 Unpacking libxcb-dri2-0:amd64 (1.15-1) ...
2026-10-08T13:49:14.4556239Z #9 10.67 Selecting previously unselected package libxcb-dri3-0:amd64.
2026-10-08T13:49:14.4557325Z #9 10.68 Preparing to unpack .../122-libxcb-dri3-0_1.15-1_amd64.deb ...
2026-10-08T13:49:14.4557981Z #9 10.68 Unpacking libxcb-dri3-0:amd64 (1.15-1) ...
2026-10-08T13:49:14.4558650Z #9 10.70 Selecting previously unselected package libxcb-glx0:amd64.
2026-10-08T13:49:14.5632260Z #9 10.70 Preparing to unpack .../123-libxcb-glx0_1.15-1_amd64.deb ...
2026-10-08T13:49:14.5633418Z #9 10.70 Unpacking libxcb-glx0:amd64 (1.15-1) ...
2026-10-08T13:49:14.5634550Z #9 10.73 Selecting previously unselected package libxcb-present0:amd64.
2026-10-08T13:49:14.5635840Z #9 10.73 Preparing to unpack .../124-libxcb-present0_1.15-1_amd64.deb ...
2026-10-08T13:49:14.5637217Z #9 10.73 Unpacking libxcb-present0:amd64 (1.15-1) ...
2026-10-08T13:49:14.5638319Z #9 10.75 Selecting previously unselected package libxcb-randr0:amd64.
2026-10-08T13:49:14.5639510Z #9 10.75 Preparing to unpack .../125-libxcb-randr0_1.15-1_amd64.deb ...
2026-10-08T13:49:14.5640434Z #9 10.75 Unpacking libxcb-randr0:amd64 (1.15-1) ...
2026-10-08T13:49:14.5641387Z #9 10.78 Selecting previously unselected package libxcb-sync1:amd64.
2026-10-08T13:49:14.5642449Z #9 10.78 Preparing to unpack .../126-libxcb-sync1_1.15-1_amd64.deb ...
2026-10-08T13:49:14.5643116Z #9 10.78 Unpacking libxcb-sync1:amd64 (1.15-1) ...
2026-10-08T13:49:14.5643725Z #9 10.81 Selecting previously unselected package libxcb-xfixes0:amd64.
2026-10-08T13:49:14.6731918Z #9 10.81 Preparing to unpack .../127-libxcb-xfixes0_1.15-1_amd64.deb ...
2026-10-08T13:49:14.6734958Z #9 10.81 Unpacking libxcb-xfixes0:amd64 (1.15-1) ...
2026-10-08T13:49:14.6735996Z #9 10.83 Selecting previously unselected package libxshmfence1:amd64.
2026-10-08T13:49:14.6737379Z #9 10.84 Preparing to unpack .../128-libxshmfence1_1.3-1_amd64.deb ...
2026-10-08T13:49:14.6738032Z #9 10.84 Unpacking libxshmfence1:amd64 (1.3-1) ...
2026-10-08T13:49:14.6738636Z #9 10.85 Selecting previously unselected package libxxf86vm1:amd64.
2026-10-08T13:49:14.6739335Z #9 10.86 Preparing to unpack .../129-libxxf86vm1_1%3a1.1.4-1+b2_amd64.deb ...
2026-10-08T13:49:14.6739955Z #9 10.86 Unpacking libxxf86vm1:amd64 (1:1.1.4-1+b2) ...
2026-10-08T13:49:14.6740575Z #9 10.87 Selecting previously unselected package libdrm-amdgpu1:amd64.
2026-10-08T13:49:14.6741295Z #9 10.88 Preparing to unpack .../130-libdrm-amdgpu1_2.4.114-1+b1_amd64.deb ...
2026-10-08T13:49:14.6741834Z #9 10.88 Unpacking libdrm-amdgpu1:amd64 (2.4.114-1+b1) ...
2026-10-08T13:49:14.6742376Z #9 10.89 Selecting previously unselected package libpciaccess0:amd64.
2026-10-08T13:49:14.6742957Z #9 10.90 Preparing to unpack .../131-libpciaccess0_0.17-2_amd64.deb ...
2026-10-08T13:49:14.6743456Z #9 10.90 Unpacking libpciaccess0:amd64 (0.17-2) ...
2026-10-08T13:49:14.6743973Z #9 10.92 Selecting previously unselected package libdrm-intel1:amd64.
2026-10-08T13:49:14.7949298Z #9 10.92 Preparing to unpack .../132-libdrm-intel1_2.4.114-1+b1_amd64.deb ...
2026-10-08T13:49:14.7950578Z #9 10.92 Unpacking libdrm-intel1:amd64 (2.4.114-1+b1) ...
2026-10-08T13:49:14.7951777Z #9 10.94 Selecting previously unselected package libdrm-nouveau2:amd64.
2026-10-08T13:49:14.7953157Z #9 10.94 Preparing to unpack .../133-libdrm-nouveau2_2.4.114-1+b1_amd64.deb ...
2026-10-08T13:49:14.7954507Z #9 10.95 Unpacking libdrm-nouveau2:amd64 (2.4.114-1+b1) ...
2026-10-08T13:49:14.7955624Z #9 10.96 Selecting previously unselected package libdrm-radeon1:amd64.
2026-10-08T13:49:14.7957306Z #9 10.96 Preparing to unpack .../134-libdrm-radeon1_2.4.114-1+b1_amd64.deb ...
2026-10-08T13:49:14.7958249Z #9 10.97 Unpacking libdrm-radeon1:amd64 (2.4.114-1+b1) ...
2026-10-08T13:49:14.7959099Z #9 10.98 Selecting previously unselected package libelf1:amd64.
2026-10-08T13:49:14.7959891Z #9 10.98 Preparing to unpack .../135-libelf1_0.188-2.1_amd64.deb ...
2026-10-08T13:49:14.7960696Z #9 10.99 Unpacking libelf1:amd64 (0.188-2.1) ...
2026-10-08T13:49:14.7961386Z #9 11.01 Selecting previously unselected package libedit2:amd64.
2026-10-08T13:49:14.7962540Z #9 11.02 Preparing to unpack .../136-libedit2_3.1-20221030-2_amd64.deb ...
2026-10-08T13:49:14.7963620Z #9 11.02 Unpacking libedit2:amd64 (3.1-20221030-2) ...
2026-10-08T13:49:14.7964399Z #9 11.04 Selecting previously unselected package libz3-4:amd64.
2026-10-08T13:49:14.9475081Z #9 11.04 Preparing to unpack .../137-libz3-4_4.8.12-3.1_amd64.deb ...
2026-10-08T13:49:14.9475933Z #9 11.04 Unpacking libz3-4:amd64 (4.8.12-3.1) ...
2026-10-08T13:49:15.2588919Z #9 11.50 Selecting previously unselected package libllvm15:amd64.
2026-10-08T13:49:15.4112513Z #9 11.51 Preparing to unpack .../138-libllvm15_1%3a15.0.6-4+b1_amd64.deb ...
2026-10-08T13:49:15.4113424Z #9 11.51 Unpacking libllvm15:amd64 (1:15.0.6-4+b1) ...
2026-10-08T13:49:16.0390730Z #9 12.28 Selecting previously unselected package libsensors-config.
2026-10-08T13:49:16.2438277Z #9 12.29 Preparing to unpack .../139-libsensors-config_1%3a3.6.0-7.1_all.deb ...
2026-10-08T13:49:16.2439540Z #9 12.29 Unpacking libsensors-config (1:3.6.0-7.1) ...
2026-10-08T13:49:16.2440655Z #9 12.30 Selecting previously unselected package libsensors5:amd64.
2026-10-08T13:49:16.2441924Z #9 12.31 Preparing to unpack .../140-libsensors5_1%3a3.6.0-7.1_amd64.deb ...
2026-10-08T13:49:16.2442811Z #9 12.31 Unpacking libsensors5:amd64 (1:3.6.0-7.1) ...
2026-10-08T13:49:16.2443509Z #9 12.33 Selecting previously unselected package libgl1-mesa-dri:amd64.
2026-10-08T13:49:16.2444346Z #9 12.33 Preparing to unpack .../141-libgl1-mesa-dri_22.3.6-1+deb12u2_amd64.deb ...
2026-10-08T13:49:16.2445473Z #9 12.34 Unpacking libgl1-mesa-dri:amd64 (22.3.6-1+deb12u2) ...
2026-10-08T13:49:16.5351893Z #9 12.78 Selecting previously unselected package libglx-mesa0:amd64.
2026-10-08T13:49:16.6387485Z #9 12.78 Preparing to unpack .../142-libglx-mesa0_22.3.6-1+deb12u2_amd64.deb ...
2026-10-08T13:49:16.6388588Z #9 12.78 Unpacking libglx-mesa0:amd64 (22.3.6-1+deb12u2) ...
2026-10-08T13:49:16.6389547Z #9 12.81 Selecting previously unselected package libglx0:amd64.
2026-10-08T13:49:16.6390498Z #9 12.81 Preparing to unpack .../143-libglx0_1.6.0-1_amd64.deb ...
2026-10-08T13:49:16.6391299Z #9 12.81 Unpacking libglx0:amd64 (1.6.0-1) ...
2026-10-08T13:49:16.6392122Z #9 12.83 Selecting previously unselected package libgl1:amd64.
2026-10-08T13:49:16.6393037Z #9 12.83 Preparing to unpack .../144-libgl1_1.6.0-1_amd64.deb ...
2026-10-08T13:49:16.6393830Z #9 12.83 Unpacking libgl1:amd64 (1.6.0-1) ...
2026-10-08T13:49:16.6394618Z #9 12.86 Selecting previously unselected package x11-common.
2026-10-08T13:49:16.6395569Z #9 12.86 Preparing to unpack .../145-x11-common_1%3a7.7+23_all.deb ...
2026-10-08T13:49:16.6396363Z #9 12.86 Unpacking x11-common (1:7.7+23) ...
2026-10-08T13:49:16.6397324Z #9 12.88 Selecting previously unselected package libice6:amd64.
2026-10-08T13:49:16.7531954Z #9 12.89 Preparing to unpack .../146-libice6_2%3a1.0.10-1_amd64.deb ...
2026-10-08T13:49:16.7533284Z #9 12.89 Unpacking libice6:amd64 (2:1.0.10-1) ...
2026-10-08T13:49:16.7534469Z #9 12.91 Selecting previously unselected package libsm6:amd64.
2026-10-08T13:49:16.7535656Z #9 12.91 Preparing to unpack .../147-libsm6_2%3a1.2.3-1_amd64.deb ...
2026-10-08T13:49:16.7536694Z #9 12.91 Unpacking libsm6:amd64 (2:1.2.3-1) ...
2026-10-08T13:49:16.7537937Z #9 12.93 Selecting previously unselected package libxt6:amd64.
2026-10-08T13:49:16.7538654Z #9 12.93 Preparing to unpack .../148-libxt6_1%3a1.2.1-1.1_amd64.deb ...
2026-10-08T13:49:16.7539244Z #9 12.93 Unpacking libxt6:amd64 (1:1.2.1-1.1) ...
2026-10-08T13:49:16.7539829Z #9 12.96 Selecting previously unselected package libxmu6:amd64.
2026-10-08T13:49:16.7540480Z #9 12.96 Preparing to unpack .../149-libxmu6_2%3a1.1.3-3_amd64.deb ...
2026-10-08T13:49:16.7541043Z #9 12.96 Unpacking libxmu6:amd64 (2:1.1.3-3) ...
2026-10-08T13:49:16.7541593Z #9 12.98 Selecting previously unselected package libxpm4:amd64.
2026-10-08T13:49:16.7542291Z #9 12.98 Preparing to unpack .../150-libxpm4_1%3a3.5.12-1.1+deb12u1_amd64.deb ...
2026-10-08T13:49:16.7542948Z #9 12.98 Unpacking libxpm4:amd64 (1:3.5.12-1.1+deb12u1) ...
2026-10-08T13:49:16.7543529Z #9 13.00 Selecting previously unselected package libxaw7:amd64.
2026-10-08T13:49:16.8547417Z #9 13.00 Preparing to unpack .../151-libxaw7_2%3a1.0.14-1_amd64.deb ...
2026-10-08T13:49:16.8548355Z #9 13.00 Unpacking libxaw7:amd64 (2:1.0.14-1) ...
2026-10-08T13:49:16.8548940Z #9 13.03 Selecting previously unselected package libxcb-shape0:amd64.
2026-10-08T13:49:16.8549585Z #9 13.03 Preparing to unpack .../152-libxcb-shape0_1.15-1_amd64.deb ...
2026-10-08T13:49:16.8550153Z #9 13.03 Unpacking libxcb-shape0:amd64 (1.15-1) ...
2026-10-08T13:49:16.8550673Z #9 13.05 Selecting previously unselected package libxft2:amd64.
2026-10-08T13:49:16.8551243Z #9 13.06 Preparing to unpack .../153-libxft2_2.3.6-1_amd64.deb ...
2026-10-08T13:49:16.8551734Z #9 13.06 Unpacking libxft2:amd64 (2.3.6-1) ...
2026-10-08T13:49:16.8552262Z #9 13.08 Selecting previously unselected package libxkbfile1:amd64.
2026-10-08T13:49:16.8552898Z #9 13.08 Preparing to unpack .../154-libxkbfile1_1%3a1.1.0-1_amd64.deb ...
2026-10-08T13:49:16.8553458Z #9 13.08 Unpacking libxkbfile1:amd64 (1:1.1.0-1) ...
2026-10-08T13:49:16.8553997Z #9 13.10 Selecting previously unselected package libxmuu1:amd64.
2026-10-08T13:49:16.8554596Z #9 13.10 Preparing to unpack .../155-libxmuu1_2%3a1.1.3-3_amd64.deb ...
2026-10-08T13:49:16.9592966Z #9 13.10 Unpacking libxmuu1:amd64 (2:1.1.3-3) ...
2026-10-08T13:49:16.9594281Z #9 13.12 Selecting previously unselected package libxtst6:amd64.
2026-10-08T13:49:16.9595976Z #9 13.12 Preparing to unpack .../156-libxtst6_2%3a1.2.3-1.1_amd64.deb ...
2026-10-08T13:49:16.9597553Z #9 13.12 Unpacking libxtst6:amd64 (2:1.2.3-1.1) ...
2026-10-08T13:49:16.9598728Z #9 13.14 Selecting previously unselected package libxv1:amd64.
2026-10-08T13:49:16.9599505Z #9 13.14 Preparing to unpack .../157-libxv1_2%3a1.0.11-1.1_amd64.deb ...
2026-10-08T13:49:16.9600164Z #9 13.14 Unpacking libxv1:amd64 (2:1.0.11-1.1) ...
2026-10-08T13:49:16.9600847Z #9 13.15 Selecting previously unselected package libxxf86dga1:amd64.
2026-10-08T13:49:16.9601630Z #9 13.16 Preparing to unpack .../158-libxxf86dga1_2%3a1.1.5-1_amd64.deb ...
2026-10-08T13:49:16.9602304Z #9 13.16 Unpacking libxxf86dga1:amd64 (2:1.1.5-1) ...
2026-10-08T13:49:16.9602909Z #9 13.17 Selecting previously unselected package x11-utils.
2026-10-08T13:49:16.9603589Z #9 13.18 Preparing to unpack .../159-x11-utils_7.7+5_amd64.deb ...
2026-10-08T13:49:16.9604151Z #9 13.18 Unpacking x11-utils (7.7+5) ...
2026-10-08T13:49:16.9604707Z #9 13.20 Selecting previously unselected package xdg-utils.
2026-10-08T13:49:17.1363346Z #9 13.21 Preparing to unpack .../160-xdg-utils_1.1.3-4.1_all.deb ...
2026-10-08T13:49:17.1364612Z #9 13.21 Unpacking xdg-utils (1.1.3-4.1) ...
2026-10-08T13:49:17.1365795Z #9 13.23 Selecting previously unselected package chromium-common.
2026-10-08T13:49:17.1367333Z #9 13.23 Preparing to unpack .../161-chromium-common_154.0.8037.92-1~deb12u1_amd64.deb ...
2026-10-08T13:49:17.1369038Z #9 13.23 Unpacking chromium-common (154.0.8037.92-1~deb12u1) ...
2026-10-08T13:49:17.5462204Z #9 13.79 Selecting previously unselected package chromium.
2026-10-08T13:49:17.7001009Z #9 13.79 Preparing to unpack .../162-chromium_154.0.8037.92-1~deb12u1_amd64.deb ...
2026-10-08T13:49:17.7001948Z #9 13.79 Unpacking chromium (154.0.8037.92-1~deb12u1) ...
2026-10-08T13:49:19.5574152Z #9 15.80 Selecting previously unselected package tini.
2026-10-08T13:49:19.6576463Z #9 15.81 Preparing to unpack .../163-tini_0.19.0-1+b3_amd64.deb ...
2026-10-08T13:49:19.6577953Z #9 15.81 Unpacking tini (0.19.0-1+b3) ...
2026-10-08T13:49:19.6578857Z #9 15.87 Setting up libexpat1:amd64 (2.5.0-1+deb12u4) ...
2026-10-08T13:49:19.6579459Z #9 15.87 Setting up bubblewrap (0.8.0-2+deb12u1) ...
2026-10-08T13:49:19.6580442Z #9 15.87 sysctl: cannot open "/etc/sysctl.d/99-sysctl.conf": No such file or directory
2026-10-08T13:49:19.6581334Z #9 15.87 Setting up libgraphite2-3:amd64 (1.3.14-1+deb12u1) ...
2026-10-08T13:49:19.6582352Z #9 15.88 Setting up liblcms2-2:amd64 (2.14-2+deb12u1) ...
2026-10-08T13:49:19.6583023Z #9 15.88 Setting up libpixman-1-0:amd64 (0.42.2-1) ...
2026-10-08T13:49:19.6583738Z #9 15.88 Setting up libwayland-server0:amd64 (1.21.0-1) ...
2026-10-08T13:49:19.6584541Z #9 15.88 Setting up libpciaccess0:amd64 (0.17-2) ...
2026-10-08T13:49:19.6585270Z #9 15.88 Setting up systemd-sysv (252.39-1~deb12u2) ...
2026-10-08T13:49:19.6585816Z #9 15.89 Setting up libxau6:amd64 (1:1.0.9-1) ...
2026-10-08T13:49:19.6586249Z #9 15.89 Setting up libdouble-conversion3:amd64 (3.2.1-1) ...
2026-10-08T13:49:19.6586677Z #9 15.89 Setting up libkeyutils1:amd64 (1.6.3-2) ...
2026-10-08T13:49:19.6587381Z #9 15.89 Setting up libicu72:amd64 (72.1-3+deb12u1) ...
2026-10-08T13:49:19.6587820Z #9 15.90 Setting up libmpg123-0:amd64 (1.31.2-1+deb12u1) ...
2026-10-08T13:49:19.6588228Z #9 15.90 Setting up libogg0:amd64 (1.3.5-3) ...
2026-10-08T13:49:19.6588628Z #9 15.90 Setting up liblerc4:amd64 (4.0.0+ds-2) ...
2026-10-08T13:49:19.6589032Z #9 15.90 Setting up hicolor-icon-theme (0.17-2) ...
2026-10-08T13:49:19.7712061Z #9 15.92 Setting up libdatrie1:amd64 (0.2.13-2+b1) ...
2026-10-08T13:49:19.7713610Z #9 15.92 Setting up libminizip1:amd64 (1.1-8+deb12u1) ...
2026-10-08T13:49:19.7715256Z #9 15.92 Setting up libglib2.0-0:amd64 (2.74.6-2+deb12u9) ...
2026-10-08T13:49:19.7716437Z #9 15.93 Setting up libglvnd0:amd64 (1.6.0-1) ...
2026-10-08T13:49:19.7717647Z #9 15.94 Setting up libbrotli1:amd64 (1.0.9-2+b6) ...
2026-10-08T13:49:19.7718551Z #9 15.94 Setting up libsqlite3-0:amd64 (3.40.1-2+deb12u2) ...
2026-10-08T13:49:19.7719949Z #9 15.94 Setting up libgdk-pixbuf2.0-common (2.42.10+dfsg-1+deb12u4) ...
2026-10-08T13:49:19.7720706Z #9 15.94 Setting up x11-common (1:7.7+23) ...
2026-10-08T13:49:19.7721231Z #9 16.02 debconf: unable to initialize frontend: Dialog
2026-10-08T13:49:19.7721871Z #9 16.02 debconf: (TERM is not set, so the dialog frontend is not usable.)
2026-10-08T13:49:19.7722760Z #9 16.02 debconf: falling back to frontend: Readline
2026-10-08T13:49:19.8733066Z #9 16.02 debconf: unable to initialize frontend: Readline
2026-10-08T13:49:19.8738335Z #9 16.02 debconf: (Can't locate Term/ReadLine.pm in @INC (you may need to install the Term::ReadLine module) (@INC contains: /etc/perl /usr/local/lib/x86_64-linux-gnu/perl/5.36.0 /usr/local/share/perl/5.36.0 /usr/lib/x86_64-linux-gnu/perl5/5.36 /usr/share/perl5 /usr/lib/x86_64-linux-gnu/perl-base /usr/lib/x86_64-linux-gnu/perl/5.36 /usr/share/perl/5.36 /usr/local/lib/site_perl) at /usr/share/perl5/Debconf/FrontEnd/Readline.pm line 7.)
2026-10-08T13:49:19.8741398Z #9 16.02 debconf: falling back to frontend: Teletype
2026-10-08T13:49:19.8742013Z #9 16.04 invoke-rc.d: could not determine current runlevel
2026-10-08T13:49:19.8742878Z #9 16.04 invoke-rc.d: policy-rc.d denied execution of restart.
2026-10-08T13:49:19.8743857Z #9 16.04 Setting up libsensors-config (1:3.6.0-7.1) ...
2026-10-08T13:49:19.8744630Z #9 16.05 Setting up libdeflate0:amd64 (1.14-1) ...
2026-10-08T13:49:19.8745814Z #9 16.05 Setting up xkb-data (2.35.1-1) ...
2026-10-08T13:49:19.8746582Z #9 16.05 Setting up libjbig0:amd64 (2.1-6.1) ...
2026-10-08T13:49:19.8747541Z #9 16.05 Setting up libcolord2:amd64 (1.4.6-2.2) ...
2026-10-08T13:49:19.8748249Z #9 16.06 Setting up libkrb5support0:amd64 (1.20.1-2+deb12u5) ...
2026-10-08T13:49:19.8748917Z #9 16.06 Setting up libdconf1:amd64 (0.40.0-4) ...
2026-10-08T13:49:19.8749526Z #9 16.06 Setting up libasound2-data (1.2.8-1) ...
2026-10-08T13:49:19.8750223Z #9 16.06 Setting up libfontenc1:amd64 (1:1.1.4-1) ...
2026-10-08T13:49:19.8750885Z #9 16.07 Setting up libz3-4:amd64 (4.8.12-3.1) ...
2026-10-08T13:49:19.8751291Z #9 16.07 Setting up libflac12:amd64 (1.4.2+ds-2) ...
2026-10-08T13:49:19.8751969Z #9 16.07 Setting up libjpeg62-turbo:amd64 (1:2.1.5-2) ...
2026-10-08T13:49:19.8752728Z #9 16.07 Setting up libx11-data (2:1.8.4-2+deb12u2) ...
2026-10-08T13:49:19.8753451Z #9 16.07 Setting up libepoxy0:amd64 (1.5.10-1) ...
2026-10-08T13:49:19.8754149Z #9 16.08 Setting up libnspr4:amd64 (2:4.35-1) ...
2026-10-08T13:49:19.8755015Z #9 16.08 Setting up libavahi-common-data:amd64 (0.8-10+deb12u1) ...
2026-10-08T13:49:19.8756084Z #9 16.08 Setting up libdbus-1-3:amd64 (1.14.10-1~deb12u1) ...
2026-10-08T13:49:19.8756751Z #9 16.08 Setting up libfribidi0:amd64 (1.0.8-2.1) ...
2026-10-08T13:49:19.8757550Z #9 16.09 Setting up libopus0:amd64 (1.3.1-3) ...
2026-10-08T13:49:19.8757932Z #9 16.09 Setting up libproc2-0:amd64 (2:4.0.2-3) ...
2026-10-08T13:49:19.8758692Z #9 16.09 Setting up libpng16-16:amd64 (1.6.39-2+deb12u6) ...
2026-10-08T13:49:19.8759432Z #9 16.09 Setting up libvorbis0a:amd64 (1.3.7-1) ...
2026-10-08T13:49:19.8759856Z #9 16.09 Setting up tini (0.19.0-1+b3) ...
2026-10-08T13:49:19.8760218Z #9 16.10 Setting up fonts-dejavu-core (2.37-6) ...
2026-10-08T13:49:19.8760609Z #9 16.11 Setting up libsensors5:amd64 (1:3.6.0-7.1) ...
2026-10-08T13:49:19.8761221Z #9 16.11 Setting up libncursesw6:amd64 (6.4-4) ...
2026-10-08T13:49:19.8761619Z #9 16.11 Setting up libk5crypto3:amd64 (1.20.1-2+deb12u5) ...
2026-10-08T13:49:19.8762042Z #9 16.11 Setting up libdav1d6:amd64 (1.0.0-2+deb12u1) ...
2026-10-08T13:49:19.8762459Z #9 16.12 Setting up libglapi-mesa:amd64 (22.3.6-1+deb12u2) ...
2026-10-08T13:49:19.8762913Z #9 16.12 Setting up libopenh264-7:amd64 (2.3.1+dfsg-3+deb12u2) ...
2026-10-08T13:49:19.9734722Z #9 16.12 Setting up libwebp7:amd64 (1.2.4-0.2+deb12u1) ...
2026-10-08T13:49:19.9735372Z #9 16.12 Setting up libasyncns0:amd64 (0.8-6+b3) ...
2026-10-08T13:49:19.9735852Z #9 16.13 Setting up libxshmfence1:amd64 (1.3-1) ...
2026-10-08T13:49:19.9736326Z #9 16.13 Setting up at-spi2-common (2.46.0-5) ...
2026-10-08T13:49:19.9737083Z #9 16.13 Setting up libtiff6:amd64 (4.5.0-6+deb12u4) ...
2026-10-08T13:49:19.9737959Z #9 16.13 Setting up dbus-session-bus-common (1.14.10-1~deb12u1) ...
2026-10-08T13:49:19.9738490Z #9 16.14 Setting up procps (2:4.0.2-3) ...
2026-10-08T13:49:19.9738952Z #9 16.16 Setting up libasound2:amd64 (1.2.8-1+b1) ...
2026-10-08T13:49:19.9739478Z #9 16.16 Setting up libopenjp2-7:amd64 (2.5.0-2+deb12u3) ...
2026-10-08T13:49:19.9739967Z #9 16.16 Setting up libthai-data (0.1.29-1) ...
2026-10-08T13:49:19.9740415Z #9 16.16 Setting up libatk1.0-0:amd64 (2.46.0-5) ...
2026-10-08T13:49:19.9740901Z #9 16.17 Setting up libkrb5-3:amd64 (1.20.1-2+deb12u5) ...
2026-10-08T13:49:19.9741398Z #9 16.17 Setting up libwayland-egl1:amd64 (1.21.0-1) ...
2026-10-08T13:49:19.9741880Z #9 16.17 Setting up dbus-system-bus-common (1.14.10-1~deb12u1) ...
2026-10-08T13:49:19.9742328Z #9 16.22 Setting up libbsd0:amd64 (0.11.7-2) ...
2026-10-08T13:49:20.1007437Z #9 16.22 Setting up libdrm-common (2.4.114-1) ...
2026-10-08T13:49:20.1008445Z #9 16.23 Setting up libelf1:amd64 (0.188-2.1) ...
2026-10-08T13:49:20.1010130Z #9 16.23 Setting up libxml2:amd64 (2.9.14+dfsg-1.3~deb12u6) ...
2026-10-08T13:49:20.1010868Z #9 16.23 Setting up xdg-utils (1.1.3-4.1) ...
2026-10-08T13:49:20.1011905Z #9 16.23 update-alternatives: using /usr/bin/xdg-open to provide /usr/bin/open (open) in auto mode
2026-10-08T13:49:20.1013679Z #9 16.23 update-alternatives: warning: skip creation of /usr/share/man/man1/open.1.gz because associated file /usr/share/man/man1/xdg-open.1.gz (of link group open) doesn't exist
2026-10-08T13:49:20.1015220Z #9 16.24 Setting up dbus-bin (1.14.10-1~deb12u1) ...
2026-10-08T13:49:20.1015700Z #9 16.26 Setting up libmp3lame0:amd64 (3.100-6) ...
2026-10-08T13:49:20.1016296Z #9 16.26 Setting up libvorbisenc2:amd64 (1.3.7-1) ...
2026-10-08T13:49:20.1016975Z #9 16.27 Setting up libxkbcommon0:amd64 (1.5.0-1) ...
2026-10-08T13:49:20.1017667Z #9 16.27 Setting up libwayland-client0:amd64 (1.21.0-1) ...
2026-10-08T13:49:20.1018161Z #9 16.27 Setting up libice6:amd64 (2:1.0.10-1) ...
2026-10-08T13:49:20.1018628Z #9 16.27 Setting up libxdmcp6:amd64 (1:1.1.2-3) ...
2026-10-08T13:49:20.1019065Z #9 16.27 Setting up libxcb1:amd64 (1.15-1) ...
2026-10-08T13:49:20.1019516Z #9 16.28 Setting up libxcb-xfixes0:amd64 (1.15-1) ...
2026-10-08T13:49:20.1019989Z #9 16.28 Setting up libxcb-render0:amd64 (1.15-1) ...
2026-10-08T13:49:20.1020469Z #9 16.28 Setting up fontconfig-config (2.14.1-4) ...
2026-10-08T13:49:20.1020962Z #9 16.35 debconf: unable to initialize frontend: Dialog
2026-10-08T13:49:20.1021538Z #9 16.35 debconf: (TERM is not set, so the dialog frontend is not usable.)
2026-10-08T13:49:20.1022088Z #9 16.35 debconf: falling back to frontend: Readline
2026-10-08T13:49:20.2316490Z #9 16.35 debconf: unable to initialize frontend: Readline
2026-10-08T13:49:20.2321183Z #9 16.35 debconf: (Can't locate Term/ReadLine.pm in @INC (you may need to install the Term::ReadLine module) (@INC contains: /etc/perl /usr/local/lib/x86_64-linux-gnu/perl/5.36.0 /usr/local/share/perl/5.36.0 /usr/lib/x86_64-linux-gnu/perl5/5.36 /usr/share/perl5 /usr/lib/x86_64-linux-gnu/perl-base /usr/lib/x86_64-linux-gnu/perl/5.36 /usr/share/perl/5.36 /usr/local/lib/site_perl) at /usr/share/perl5/Debconf/FrontEnd/Readline.pm line 7.)
2026-10-08T13:49:20.2324497Z #9 16.35 debconf: falling back to frontend: Teletype
2026-10-08T13:49:20.2325151Z #9 16.48 Setting up libxcb-glx0:amd64 (1.15-1) ...
2026-10-08T13:49:20.4402819Z #9 16.48 Setting up libedit2:amd64 (3.1-20221030-2) ...
2026-10-08T13:49:20.4403549Z #9 16.48 Setting up libxcb-shape0:amd64 (1.15-1) ...
2026-10-08T13:49:20.4404236Z #9 16.48 Setting up libavahi-common3:amd64 (0.8-10+deb12u1) ...
2026-10-08T13:49:20.4404929Z #9 16.49 Setting up libnss3:amd64 (2:3.87.1-1+deb12u4) ...
2026-10-08T13:49:20.4405552Z #9 16.49 Setting up libxcb-shm0:amd64 (1.15-1) ...
2026-10-08T13:49:20.4406172Z #9 16.49 Setting up dbus-daemon (1.14.10-1~deb12u1) ...
2026-10-08T13:49:20.4407041Z #9 16.50 Setting up libxcb-present0:amd64 (1.15-1) ...
2026-10-08T13:49:20.4407651Z #9 16.50 Setting up libthai0:amd64 (0.1.29-1) ...
2026-10-08T13:49:20.4408798Z #9 16.51 Setting up libfreetype6:amd64 (2.12.1+dfsg-5+deb12u4) ...
2026-10-08T13:49:20.4409478Z #9 16.51 Setting up libxcb-sync1:amd64 (1.15-1) ...
2026-10-08T13:49:20.4410063Z #9 16.51 Setting up dbus (1.14.10-1~deb12u1) ...
2026-10-08T13:49:20.4410711Z #9 16.53 invoke-rc.d: could not determine current runlevel
2026-10-08T13:49:20.4411430Z #9 16.53 invoke-rc.d: policy-rc.d denied execution of start.
2026-10-08T13:49:20.4412064Z #9 16.53 Setting up shared-mime-info (2.2-1) ...
2026-10-08T13:49:20.8866004Z #9 17.13 Setting up libgssapi-krb5-2:amd64 (1.20.1-2+deb12u5) ...
2026-10-08T13:49:21.0221875Z #9 17.13 Setting up libxcb-dri2-0:amd64 (1.15-1) ...
2026-10-08T13:49:21.0222597Z #9 17.14 Setting up libdrm2:amd64 (2.4.114-1+b1) ...
2026-10-08T13:49:21.0223128Z #9 17.14 Setting up libwayland-cursor0:amd64 (1.21.0-1) ...
2026-10-08T13:49:21.0223617Z #9 17.14 Setting up libxcb-randr0:amd64 (1.15-1) ...
2026-10-08T13:49:21.0224096Z #9 17.14 Setting up libllvm15:amd64 (1:15.0.6-4+b1) ...
2026-10-08T13:49:21.0224638Z #9 17.15 Setting up libpam-systemd:amd64 (252.39-1~deb12u2) ...
2026-10-08T13:49:21.0225162Z #9 17.21 debconf: unable to initialize frontend: Dialog
2026-10-08T13:49:21.0225737Z #9 17.21 debconf: (TERM is not set, so the dialog frontend is not usable.)
2026-10-08T13:49:21.0226299Z #9 17.21 debconf: falling back to frontend: Readline
2026-10-08T13:49:21.0227401Z #9 17.21 debconf: unable to initialize frontend: Readline
2026-10-08T13:49:21.0229964Z #9 17.21 debconf: (Can't locate Term/ReadLine.pm in @INC (you may need to install the Term::ReadLine module) (@INC contains: /etc/perl /usr/local/lib/x86_64-linux-gnu/perl/5.36.0 /usr/local/share/perl/5.36.0 /usr/lib/x86_64-linux-gnu/perl5/5.36 /usr/share/perl5 /usr/lib/x86_64-linux-gnu/perl-base /usr/lib/x86_64-linux-gnu/perl/5.36 /usr/share/perl/5.36 /usr/local/lib/site_perl) at /usr/share/perl5/Debconf/FrontEnd/Readline.pm line 7.)
2026-10-08T13:49:21.0231785Z #9 17.21 debconf: falling back to frontend: Teletype
2026-10-08T13:49:21.0232234Z #9 17.27 Setting up libx11-6:amd64 (2:1.8.4-2+deb12u2) ...
2026-10-08T13:49:21.2218576Z #9 17.27 Setting up libharfbuzz0b:amd64 (6.0.0+dfsg-3) ...
2026-10-08T13:49:21.2219575Z #9 17.27 Setting up libgdk-pixbuf-2.0-0:amd64 (2.42.10+dfsg-1+deb12u4) ...
2026-10-08T13:49:21.2220213Z #9 17.29 Setting up libfontconfig1:amd64 (2.14.1-4) ...
2026-10-08T13:49:21.2220810Z #9 17.29 Setting up libsndfile1:amd64 (1.2.0-1+deb12u1) ...
2026-10-08T13:49:21.2221359Z #9 17.29 Setting up libxkbfile1:amd64 (1:1.1.0-1) ...
2026-10-08T13:49:21.2221900Z #9 17.29 Setting up libxcomposite1:amd64 (1:0.4.5-1) ...
2026-10-08T13:49:21.2222403Z #9 17.30 Setting up libsm6:amd64 (2:1.2.3-1) ...
2026-10-08T13:49:21.2222947Z #9 17.30 Setting up libavahi-client3:amd64 (0.8-10+deb12u1) ...
2026-10-08T13:49:21.2223480Z #9 17.30 Setting up libxmuu1:amd64 (2:1.1.3-3) ...
2026-10-08T13:49:21.2224004Z #9 17.30 Setting up libdrm-amdgpu1:amd64 (2.4.114-1+b1) ...
2026-10-08T13:49:21.2224532Z #9 17.30 Setting up libxcb-dri3-0:amd64 (1.15-1) ...
2026-10-08T13:49:21.2225106Z #9 17.31 Setting up gtk-update-icon-cache (3.24.38-2~deb12u3) ...
2026-10-08T13:49:21.2225695Z #9 17.31 Setting up libx11-xcb1:amd64 (2:1.8.4-2+deb12u2) ...
2026-10-08T13:49:21.2226190Z #9 17.31 Setting up fontconfig (2.14.1-4) ...
2026-10-08T13:49:23.0846497Z #9 17.32 Regenerating fonts cache... done.
2026-10-08T13:49:23.2077900Z #9 19.33 Setting up libdrm-nouveau2:amd64 (2.4.114-1+b1) ...
2026-10-08T13:49:23.2078508Z #9 19.33 Setting up libxdamage1:amd64 (1:1.1.6-1) ...
2026-10-08T13:49:23.2079200Z #9 19.34 Setting up libxpm4:amd64 (1:3.5.12-1.1+deb12u1) ...
2026-10-08T13:49:23.2079703Z #9 19.34 Setting up libxrender1:amd64 (1:0.9.10-1.1) ...
2026-10-08T13:49:23.2080334Z #9 19.34 Setting up libgbm1:amd64 (22.3.6-1+deb12u2) ...
2026-10-08T13:49:23.2080830Z #9 19.34 Setting up libpulse0:amd64 (16.1+dfsg1-2+b1) ...
2026-10-08T13:49:23.2081477Z #9 19.35 Setting up libdrm-radeon1:amd64 (2.4.114-1+b1) ...
2026-10-08T13:49:23.2081990Z #9 19.35 Setting up libpango-1.0-0:amd64 (1.50.12+ds-1) ...
2026-10-08T13:49:23.2082996Z #9 19.35 Setting up libdrm-intel1:amd64 (2.4.114-1+b1) ...
2026-10-08T13:49:23.2083588Z #9 19.36 Setting up libgl1-mesa-dri:amd64 (22.3.6-1+deb12u2) ...
2026-10-08T13:49:23.2084063Z #9 19.36 Setting up libxext6:amd64 (2:1.3.4-1+b1) ...
2026-10-08T13:49:23.2084537Z #9 19.37 Setting up libcairo2:amd64 (1.16.0-7) ...
2026-10-08T13:49:23.2085229Z #9 19.37 Setting up libxxf86vm1:amd64 (1:1.1.4-1+b2) ...
2026-10-08T13:49:23.2085792Z #9 19.37 Setting up libxnvctrl0:amd64 (525.85.05-3~deb12u1) ...
2026-10-08T13:49:23.2086266Z #9 19.37 Setting up dbus-user-session (1.14.10-1~deb12u1) ...
2026-10-08T13:49:23.2086694Z #9 19.37 Setting up adwaita-icon-theme (43-1) ...
2026-10-08T13:49:23.2088121Z #9 19.45 update-alternatives: using /usr/share/icons/Adwaita/cursor.theme to provide /usr/share/icons/default/index.theme (x-cursor-theme) in auto mode
2026-10-08T13:49:23.3260206Z #9 19.45 Setting up libxfixes3:amd64 (1:6.0.0-2) ...
2026-10-08T13:49:23.3260892Z #9 19.46 Setting up libxinerama1:amd64 (2:1.1.4-3) ...
2026-10-08T13:49:23.3261314Z #9 19.46 Setting up libxv1:amd64 (2:1.0.11-1.1) ...
2026-10-08T13:49:23.3261725Z #9 19.46 Setting up libxrandr2:amd64 (2:1.5.2-2+b1) ...
2026-10-08T13:49:23.3262134Z #9 19.46 Setting up libxt6:amd64 (1:1.2.1-1.1) ...
2026-10-08T13:49:23.3262542Z #9 19.47 Setting up libcups2:amd64 (2.4.2-3+deb12u9) ...
2026-10-08T13:49:23.3263382Z #9 19.47 Setting up libharfbuzz-subset0:amd64 (6.0.0+dfsg-3) ...
2026-10-08T13:49:23.3263846Z #9 19.47 Setting up libcairo-gobject2:amd64 (1.16.0-7) ...
2026-10-08T13:49:23.3271258Z #9 19.47 Setting up libpangoft2-1.0-0:amd64 (1.50.12+ds-1) ...
2026-10-08T13:49:23.3271800Z #9 19.48 Setting up libpangocairo-1.0-0:amd64 (1.50.12+ds-1) ...
2026-10-08T13:49:23.3272248Z #9 19.48 Setting up libxft2:amd64 (2.3.6-1) ...
2026-10-08T13:49:23.3272647Z #9 19.48 Setting up libxmu6:amd64 (2:1.1.3-3) ...
2026-10-08T13:49:23.3273361Z #9 19.48 Setting up libglx-mesa0:amd64 (22.3.6-1+deb12u2) ...
2026-10-08T13:49:23.3274007Z #9 19.49 Setting up libxi6:amd64 (2:1.8-1+b1) ...
2026-10-08T13:49:23.3274394Z #9 19.49 Setting up libglx0:amd64 (1.6.0-1) ...
2026-10-08T13:49:23.3274779Z #9 19.49 Setting up libxtst6:amd64 (2:1.2.3-1.1) ...
2026-10-08T13:49:23.3275501Z #9 19.49 Setting up libxcursor1:amd64 (1:1.2.1-1) ...
2026-10-08T13:49:23.3276232Z #9 19.49 Setting up libxxf86dga1:amd64 (2:1.1.5-1) ...
2026-10-08T13:49:23.3277128Z #9 19.50 Setting up dconf-service (0.40.0-4) ...
2026-10-08T13:49:23.3277832Z #9 19.50 Setting up libxaw7:amd64 (2:1.0.14-1) ...
2026-10-08T13:49:23.3278278Z #9 19.53 Setting up libatspi2.0-0:amd64 (2.46.0-5) ...
2026-10-08T13:49:23.3278689Z #9 19.53 Setting up libatk-bridge2.0-0:amd64 (2.46.0-5) ...
2026-10-08T13:49:23.3279165Z #9 19.53 Setting up libgl1:amd64 (1.6.0-1) ...
2026-10-08T13:49:23.3279575Z #9 19.53 Setting up x11-utils (7.7+5) ...
2026-10-08T13:49:23.3279985Z #9 19.54 Setting up chromium-common (154.0.8037.92-1~deb12u1) ...
2026-10-08T13:49:23.3280471Z #9 19.55 Setting up dconf-gsettings-backend:amd64 (0.40.0-4) ...
2026-10-08T13:49:23.3281273Z #9 19.55 Setting up libgtk-3-common (3.24.38-2~deb12u3) ...
2026-10-08T13:49:23.3281735Z #9 19.55 Setting up libgtk-3-0:amd64 (3.24.38-2~deb12u3) ...
2026-10-08T13:49:23.3282318Z #9 19.57 Setting up chromium (154.0.8037.92-1~deb12u1) ...
2026-10-08T13:49:23.4890415Z #9 19.58 update-alternatives: using /usr/bin/chromium to provide /usr/bin/x-www-browser (x-www-browser) in auto mode
2026-10-08T13:49:23.4893078Z #9 19.58 update-alternatives: using /usr/bin/chromium to provide /usr/bin/gnome-www-browser (gnome-www-browser) in auto mode
2026-10-08T13:49:23.4894971Z #9 19.58 Processing triggers for libc-bin (2.36-9+deb12u14) ...
2026-10-08T13:49:24.9373877Z #9 DONE 21.2s
2026-10-08T13:49:25.1044456Z 
2026-10-08T13:49:25.1045559Z #10 [ 5/11] COPY package.json pnpm-lock.yaml pnpm-workspace.yaml ./
2026-10-08T13:49:25.1046168Z #10 DONE 0.0s
2026-10-08T13:49:25.1046340Z 
2026-10-08T13:49:25.1046593Z #11 [ 6/11] RUN pnpm install --frozen-lockfile
2026-10-08T13:49:25.1477322Z #11 0.194 ! Corepack is about to download https://registry.npmjs.org/pnpm/-/pnpm-10.18.3.tgz
2026-10-08T13:49:26.4728628Z #11 1.519 Lockfile is up to date, resolution step is skipped
2026-10-08T13:49:26.5825607Z #11 1.568 Progress: resolved 1, reused 0, downloaded 0, added 0
2026-10-08T13:49:26.5826306Z #11 1.629 Packages: +408
2026-10-08T13:49:26.5827354Z #11 1.629 ++++++++++++++++++++++++++++++++++++++++++++++++++++++++++++++++++++++++++++++++
2026-10-08T13:49:26.7998227Z #11 1.846 
2026-10-08T13:49:26.7999580Z #11 1.846    ╭───────────────────────────────────────────────╮
2026-10-08T13:49:26.8000657Z #11 1.846    │                                               │
2026-10-08T13:49:26.8001676Z #11 1.846    │     Update available! 10.18.3 → 12.10.1.      │
2026-10-08T13:49:26.8002551Z #11 1.846    │     Changelog: https://pnpm.io/v/12.10.1      │
2026-10-08T13:49:26.8003411Z #11 1.846    │   To update, run: corepack use pnpm@12.10.1   │
2026-10-08T13:49:26.8004221Z #11 1.846    │                                               │
2026-10-08T13:49:26.8005084Z #11 1.846    ╰───────────────────────────────────────────────╯
2026-10-08T13:49:26.8005609Z #11 1.846 
2026-10-08T13:49:27.5237615Z #11 2.570 Progress: resolved 408, reused 0, downloaded 130, added 71
2026-10-08T13:49:28.5265863Z #11 3.573 Progress: resolved 408, reused 0, downloaded 248, added 149
2026-10-08T13:49:29.5308228Z #11 4.577 Progress: resolved 408, reused 0, downloaded 306, added 173
2026-10-08T13:49:30.5316418Z #11 5.578 Progress: resolved 408, reused 0, downloaded 406, added 248
2026-10-08T13:49:31.2788887Z #11 6.325 Progress: resolved 408, reused 0, downloaded 408, added 408, done
2026-10-08T13:49:31.4257351Z #11 6.472 .../node_modules/@prisma/engines postinstall$ node scripts/postinstall.js
2026-10-08T13:49:31.5960429Z #11 6.503 .../esbuild@0.28.2/node_modules/esbuild postinstall$ node install.js
2026-10-08T13:49:31.5987899Z #11 6.504 .../node_modules/workerd postinstall$ node install.js
2026-10-08T13:49:31.5989365Z #11 6.505 .../esbuild@0.25.12/node_modules/esbuild postinstall$ node install.js
2026-10-08T13:49:31.5990696Z #11 6.506 .../esbuild@0.28.1/node_modules/esbuild postinstall$ node install.js
2026-10-08T13:49:31.5991869Z #11 6.641 .../esbuild@0.28.2/node_modules/esbuild postinstall: Done
2026-10-08T13:49:31.7360721Z #11 6.686 .../node_modules/workerd postinstall: Done
2026-10-08T13:49:31.7362391Z #11 6.691 .../esbuild@0.25.12/node_modules/esbuild postinstall: Done
2026-10-08T13:49:31.7363828Z #11 6.782 .../esbuild@0.28.1/node_modules/esbuild postinstall: Done
2026-10-08T13:49:32.1676537Z #11 7.214 .../node_modules/@prisma/engines postinstall: Done
2026-10-08T13:49:32.3015683Z #11 7.282 .../node_modules/prisma preinstall$ node scripts/preinstall-entry.js
2026-10-08T13:49:32.3016575Z #11 7.348 .../node_modules/prisma preinstall: Done
2026-10-08T13:49:32.6213708Z #11 7.668 
2026-10-08T13:49:32.6214208Z #11 7.668 dependencies:
2026-10-08T13:49:32.6214771Z #11 7.668 + @cloudflare/containers 0.3.7
2026-10-08T13:49:32.6215328Z #11 7.668 + @supabase/server 1.8.0
2026-10-08T13:49:32.6215958Z #11 7.668 + @supabase/supabase-js 2.117.0
2026-10-08T13:49:32.6216586Z #11 7.668 + @tiptap/extension-collaboration 3.31.3
2026-10-08T13:49:32.6217400Z #11 7.668 + @tiptap/extension-collaboration-caret 3.31.3
2026-10-08T13:49:32.6218084Z #11 7.668 + @tiptap/react 3.31.3
2026-10-08T13:49:32.6218649Z #11 7.668 + @tiptap/starter-kit 3.31.3
2026-10-08T13:49:32.6219286Z #11 7.668 + @vitejs/plugin-react 5.2.0
2026-10-08T13:49:32.6219834Z #11 7.668 + cross-env 10.1.0
2026-10-08T13:49:32.6220308Z #11 7.668 + dotenv 17.4.2
2026-10-08T13:49:32.6220741Z #11 7.668 + esbuild 0.25.12
2026-10-08T13:49:32.6221248Z #11 7.668 + esbuild-wasm 0.25.12
2026-10-08T13:49:32.6221745Z #11 7.668 + express 5.2.1
2026-10-08T13:49:32.6222254Z #11 7.668 + lucide-react 0.468.0
2026-10-08T13:49:32.6222739Z #11 7.668 + react 19.2.8
2026-10-08T13:49:32.6223171Z #11 7.668 + react-dom 19.2.8
2026-10-08T13:49:32.6223609Z #11 7.668 + vite 7.3.6
2026-10-08T13:49:32.6223988Z #11 7.668 + ws 8.21.3
2026-10-08T13:49:32.6224807Z #11 7.668 + y-protocols 1.0.7
2026-10-08T13:49:32.6225346Z #11 7.668 + yjs 13.6.32
2026-10-08T13:49:32.6225754Z #11 7.668 
2026-10-08T13:49:32.6226166Z #11 7.668 devDependencies:
2026-10-08T13:49:32.6226727Z #11 7.668 + @prisma/adapter-pg 7.10.0
2026-10-08T13:49:32.6227550Z #11 7.668 + @prisma/client 7.10.0
2026-10-08T13:49:32.6228081Z #11 7.668 + @types/express 5.0.6
2026-10-08T13:49:32.6228621Z #11 7.668 + @types/node 22.20.1
2026-10-08T13:49:32.6229089Z #11 7.668 + @types/pg 8.23.1
2026-10-08T13:49:32.6229561Z #11 7.668 + @types/react 19.2.18
2026-10-08T13:49:32.6230088Z #11 7.668 + @types/react-dom 19.2.7
2026-10-08T13:49:32.6230585Z #11 7.668 + @types/ws 8.18.1
2026-10-08T13:49:32.6231016Z #11 7.668 + pg 8.23.0
2026-10-08T13:49:32.6231424Z #11 7.668 + prisma 7.10.0
2026-10-08T13:49:32.6231847Z #11 7.668 + tsx 4.23.13
2026-10-08T13:49:32.6232269Z #11 7.668 + typescript 5.9.3
2026-10-08T13:49:32.6232735Z #11 7.668 + wrangler 4.131.1
2026-10-08T13:49:32.6233158Z #11 7.668 
2026-10-08T13:49:32.7389997Z #11 7.785 Done in 6.6s using pnpm v10.18.3
2026-10-08T13:49:33.8273267Z #11 DONE 8.9s
2026-10-08T13:49:33.9735736Z 
2026-10-08T13:49:33.9736748Z #12 [ 7/11] COPY . .
2026-10-08T13:49:33.9737519Z #12 DONE 0.1s
2026-10-08T13:49:34.1251607Z 
2026-10-08T13:49:34.1254409Z #13 [ 8/11] RUN apt-get update && apt-get install -y --no-install-recommends gcc libc6-dev && gcc -O2 -Wall -Wextra -Werror server/isolation/linux-job-launcher.c -o /usr/local/bin/cocreate-job-launcher && apt-get purge -y gcc libc6-dev && apt-get autoremove -y && rm -rf /var/lib/apt/lists/*
2026-10-08T13:49:34.1317381Z #13 0.157 Get:1 http://deb.debian.org/debian bookworm InRelease [151 kB]
2026-10-08T13:49:34.2794955Z #13 0.170 Get:2 http://deb.debian.org/debian bookworm-updates InRelease [55.4 kB]
2026-10-08T13:49:34.2796220Z #13 0.170 Get:3 http://deb.debian.org/debian-security bookworm-security InRelease [34.8 kB]
2026-10-08T13:49:34.2797612Z #13 0.240 Get:4 http://deb.debian.org/debian bookworm/main amd64 Packages [8790 kB]
2026-10-08T13:49:34.2798813Z #13 0.305 Get:5 http://deb.debian.org/debian bookworm-updates/main amd64 Packages [6924 B]
2026-10-08T13:49:34.4843049Z #13 0.359 Get:6 http://deb.debian.org/debian-security bookworm-security/main amd64 Packages [349 kB]
2026-10-08T13:49:35.0538130Z #13 1.079 Fetched 9388 kB in 1s (10.1 MB/s)
2026-10-08T13:49:35.5178483Z #13 1.079 Reading package lists...
2026-10-08T13:49:36.0138728Z #13 1.562 Reading package lists...
2026-10-08T13:49:36.1567818Z #13 2.053 Building dependency tree...
2026-10-08T13:49:36.2579075Z #13 2.182 Reading state information...
2026-10-08T13:49:36.2580124Z #13 2.283 The following additional packages will be installed:
2026-10-08T13:49:36.3743631Z #13 2.283   binutils binutils-common binutils-x86-64-linux-gnu cpp cpp-12 gcc-12
2026-10-08T13:49:36.3744800Z #13 2.283   libasan8 libatomic1 libbinutils libc-dev-bin libcc1-0 libcrypt-dev
2026-10-08T13:49:36.3745734Z #13 2.283   libctf-nobfd0 libctf0 libgcc-12-dev libgomp1 libgprofng0 libisl23 libitm1
2026-10-08T13:49:36.3746670Z #13 2.284   libjansson4 liblsan0 libmpc3 libmpfr6 libnsl-dev libnsl2 libquadmath0
2026-10-08T13:49:36.3747890Z #13 2.284   libtirpc-common libtirpc-dev libtirpc3 libtsan2 libubsan1 linux-libc-dev
2026-10-08T13:49:36.3748524Z #13 2.285   rpcsvc-proto
2026-10-08T13:49:36.3748880Z #13 2.285 Suggested packages:
2026-10-08T13:49:36.3749497Z #13 2.285   binutils-doc cpp-doc gcc-12-locales cpp-12-doc gcc-multilib make
2026-10-08T13:49:36.3750314Z #13 2.285   manpages-dev autoconf automake libtool flex bison gdb gcc-doc
2026-10-08T13:49:36.3750858Z #13 2.285   gcc-12-multilib gcc-12-doc glibc-doc
2026-10-08T13:49:36.3751213Z #13 2.285 Recommended packages:
2026-10-08T13:49:36.3751561Z #13 2.285   manpages manpages-dev libc-devtools
2026-10-08T13:49:36.3751978Z #13 2.399 The following NEW packages will be installed:
2026-10-08T13:49:36.4973254Z #13 2.399   binutils binutils-common binutils-x86-64-linux-gnu cpp cpp-12 gcc gcc-12
2026-10-08T13:49:36.4975029Z #13 2.399   libasan8 libatomic1 libbinutils libc-dev-bin libc6-dev libcc1-0 libcrypt-dev
2026-10-08T13:49:36.4977487Z #13 2.399   libctf-nobfd0 libctf0 libgcc-12-dev libgomp1 libgprofng0 libisl23 libitm1
2026-10-08T13:49:36.4979554Z #13 2.400   libjansson4 liblsan0 libmpc3 libmpfr6 libnsl-dev libnsl2 libquadmath0
2026-10-08T13:49:36.4981588Z #13 2.400   libtirpc-common libtirpc-dev libtirpc3 libtsan2 libubsan1 linux-libc-dev
2026-10-08T13:49:36.4982492Z #13 2.400   rpcsvc-proto
2026-10-08T13:49:36.4983975Z #13 2.424 0 upgraded, 35 newly installed, 0 to remove and 1 not upgraded.
2026-10-08T13:49:36.4984714Z #13 2.424 Need to get 50.9 MB of archives.
2026-10-08T13:49:36.4985496Z #13 2.424 After this operation, 202 MB of additional disk space will be used.
2026-10-08T13:49:36.4987330Z #13 2.424 Get:1 http://deb.debian.org/debian bookworm/main amd64 binutils-common amd64 2.40-2 [2487 kB]
2026-10-08T13:49:36.4988616Z #13 2.440 Get:2 http://deb.debian.org/debian bookworm/main amd64 libbinutils amd64 2.40-2 [572 kB]
2026-10-08T13:49:36.4989866Z #13 2.448 Get:3 http://deb.debian.org/debian bookworm/main amd64 libctf-nobfd0 amd64 2.40-2 [153 kB]
2026-10-08T13:49:36.4991076Z #13 2.448 Get:4 http://deb.debian.org/debian bookworm/main amd64 libctf0 amd64 2.40-2 [89.8 kB]
2026-10-08T13:49:36.4992275Z #13 2.449 Get:5 http://deb.debian.org/debian bookworm/main amd64 libgprofng0 amd64 2.40-2 [812 kB]
2026-10-08T13:49:36.4993915Z #13 2.453 Get:6 http://deb.debian.org/debian bookworm/main amd64 libjansson4 amd64 2.14-2 [40.8 kB]
2026-10-08T13:49:36.4996081Z #13 2.454 Get:7 http://deb.debian.org/debian bookworm/main amd64 binutils-x86-64-linux-gnu amd64 2.40-2 [2246 kB]
2026-10-08T13:49:36.4997846Z #13 2.462 Get:8 http://deb.debian.org/debian bookworm/main amd64 binutils amd64 2.40-2 [65.0 kB]
2026-10-08T13:49:36.4999669Z #13 2.473 Get:9 http://deb.debian.org/debian bookworm/main amd64 libisl23 amd64 0.25-1.1 [683 kB]
2026-10-08T13:49:36.5001018Z #13 2.478 Get:10 http://deb.debian.org/debian bookworm/main amd64 libmpfr6 amd64 4.2.0-1 [701 kB]
2026-10-08T13:49:36.5001887Z #13 2.482 Get:11 http://deb.debian.org/debian bookworm/main amd64 libmpc3 amd64 1.3.1-1 [51.5 kB]
2026-10-08T13:49:36.5002628Z #13 2.483 Get:12 http://deb.debian.org/debian bookworm/main amd64 cpp-12 amd64 12.2.0-14+deb12u1 [9768 kB]
2026-10-08T13:49:36.5003357Z #13 2.523 Get:13 http://deb.debian.org/debian bookworm/main amd64 cpp amd64 4:12.2.0-3 [6836 B]
2026-10-08T13:49:36.6114338Z #13 2.523 Get:14 http://deb.debian.org/debian bookworm/main amd64 libcc1-0 amd64 12.2.0-14+deb12u1 [41.7 kB]
2026-10-08T13:49:36.6116009Z #13 2.524 Get:15 http://deb.debian.org/debian bookworm/main amd64 libgomp1 amd64 12.2.0-14+deb12u1 [116 kB]
2026-10-08T13:49:36.6118214Z #13 2.525 Get:16 http://deb.debian.org/debian bookworm/main amd64 libitm1 amd64 12.2.0-14+deb12u1 [26.1 kB]
2026-10-08T13:49:36.6121496Z #13 2.525 Get:17 http://deb.debian.org/debian bookworm/main amd64 libatomic1 amd64 12.2.0-14+deb12u1 [9376 B]
2026-10-08T13:49:36.6123670Z #13 2.525 Get:18 http://deb.debian.org/debian bookworm/main amd64 libasan8 amd64 12.2.0-14+deb12u1 [2193 kB]
2026-10-08T13:49:36.6125526Z #13 2.534 Get:19 http://deb.debian.org/debian bookworm/main amd64 liblsan0 amd64 12.2.0-14+deb12u1 [969 kB]
2026-10-08T13:49:36.6127117Z #13 2.538 Get:20 http://deb.debian.org/debian bookworm/main amd64 libtsan2 amd64 12.2.0-14+deb12u1 [2197 kB]
2026-10-08T13:49:36.6128473Z #13 2.547 Get:21 http://deb.debian.org/debian bookworm/main amd64 libubsan1 amd64 12.2.0-14+deb12u1 [883 kB]
2026-10-08T13:49:36.6130327Z #13 2.551 Get:22 http://deb.debian.org/debian bookworm/main amd64 libquadmath0 amd64 12.2.0-14+deb12u1 [145 kB]
2026-10-08T13:49:36.6132263Z #13 2.552 Get:23 http://deb.debian.org/debian bookworm/main amd64 libgcc-12-dev amd64 12.2.0-14+deb12u1 [2437 kB]
2026-10-08T13:49:36.6133921Z #13 2.562 Get:24 http://deb.debian.org/debian bookworm/main amd64 gcc-12 amd64 12.2.0-14+deb12u1 [19.3 MB]
2026-10-08T13:49:36.6135539Z #13 2.637 Get:25 http://deb.debian.org/debian bookworm/main amd64 gcc amd64 4:12.2.0-3 [5216 B]
2026-10-08T13:49:36.7439652Z #13 2.637 Get:26 http://deb.debian.org/debian bookworm/main amd64 libc-dev-bin amd64 2.36-9+deb12u14 [48.1 kB]
2026-10-08T13:49:36.7441046Z #13 2.638 Get:27 http://deb.debian.org/debian-security bookworm-security/main amd64 linux-libc-dev amd64 6.1.187-1 [2357 kB]
2026-10-08T13:49:36.7442311Z #13 2.643 Get:28 http://deb.debian.org/debian bookworm/main amd64 libcrypt-dev amd64 1:4.4.33-2 [118 kB]
2026-10-08T13:49:36.7443467Z #13 2.644 Get:29 http://deb.debian.org/debian bookworm/main amd64 libtirpc-common all 1.3.3+ds-1 [14.0 kB]
2026-10-08T13:49:36.7444602Z #13 2.645 Get:30 http://deb.debian.org/debian bookworm/main amd64 libtirpc3 amd64 1.3.3+ds-1 [85.2 kB]
2026-10-08T13:49:36.7445643Z #13 2.645 Get:31 http://deb.debian.org/debian bookworm/main amd64 libnsl2 amd64 1.3.0-2 [39.5 kB]
2026-10-08T13:49:36.7446701Z #13 2.645 Get:32 http://deb.debian.org/debian bookworm/main amd64 libtirpc-dev amd64 1.3.3+ds-1 [191 kB]
2026-10-08T13:49:36.7448036Z #13 2.646 Get:33 http://deb.debian.org/debian bookworm/main amd64 libnsl-dev amd64 1.3.0-2 [66.4 kB]
2026-10-08T13:49:36.7448949Z #13 2.647 Get:34 http://deb.debian.org/debian bookworm/main amd64 rpcsvc-proto amd64 1.4.3-1 [63.3 kB]
2026-10-08T13:49:36.7449880Z #13 2.648 Get:35 http://deb.debian.org/debian bookworm/main amd64 libc6-dev amd64 2.36-9+deb12u14 [1904 kB]
2026-10-08T13:49:36.7450727Z #13 2.769 debconf: delaying package configuration, since apt-utils is not installed
2026-10-08T13:49:36.9525087Z #13 2.796 Fetched 50.9 MB in 0s (205 MB/s)
2026-10-08T13:49:36.9526568Z #13 2.811 Selecting previously unselected package binutils-common:amd64.
2026-10-08T13:49:36.9528110Z #13 2.811 (Reading database ... 
2026-10-08T13:49:36.9528896Z (Reading database ... 5%
2026-10-08T13:49:36.9529479Z (Reading database ... 10%
2026-10-08T13:49:36.9530043Z (Reading database ... 15%
2026-10-08T13:49:36.9530603Z (Reading database ... 20%
2026-10-08T13:49:36.9531161Z (Reading database ... 25%
2026-10-08T13:49:36.9531711Z (Reading database ... 30%
2026-10-08T13:49:36.9532260Z (Reading database ... 35%
2026-10-08T13:49:36.9532841Z (Reading database ... 40%
2026-10-08T13:49:36.9533403Z (Reading database ... 45%
2026-10-08T13:49:36.9533873Z (Reading database ... 50%
2026-10-08T13:49:36.9534213Z (Reading database ... 55%
2026-10-08T13:49:36.9534554Z (Reading database ... 60%
2026-10-08T13:49:36.9534892Z (Reading database ... 65%
2026-10-08T13:49:36.9535226Z (Reading database ... 70%
2026-10-08T13:49:36.9535578Z (Reading database ... 75%
2026-10-08T13:49:36.9535912Z (Reading database ... 80%
2026-10-08T13:49:36.9536246Z (Reading database ... 85%
2026-10-08T13:49:36.9536581Z (Reading database ... 90%
2026-10-08T13:49:36.9537202Z (Reading database ... 95%
2026-10-08T13:49:36.9537544Z (Reading database ... 100%
2026-10-08T13:49:36.9538140Z (Reading database ... 16161 files and directories currently installed.)
2026-10-08T13:49:36.9538925Z #13 2.827 Preparing to unpack .../00-binutils-common_2.40-2_amd64.deb ...
2026-10-08T13:49:36.9539594Z #13 2.828 Unpacking binutils-common:amd64 (2.40-2) ...
2026-10-08T13:49:36.9841056Z #13 3.010 Selecting previously unselected package libbinutils:amd64.
2026-10-08T13:49:37.0914390Z #13 3.012 Preparing to unpack .../01-libbinutils_2.40-2_amd64.deb ...
2026-10-08T13:49:37.0915215Z #13 3.014 Unpacking libbinutils:amd64 (2.40-2) ...
2026-10-08T13:49:37.0915803Z #13 3.065 Selecting previously unselected package libctf-nobfd0:amd64.
2026-10-08T13:49:37.0916492Z #13 3.067 Preparing to unpack .../02-libctf-nobfd0_2.40-2_amd64.deb ...
2026-10-08T13:49:37.0917392Z #13 3.068 Unpacking libctf-nobfd0:amd64 (2.40-2) ...
2026-10-08T13:49:37.0917950Z #13 3.093 Selecting previously unselected package libctf0:amd64.
2026-10-08T13:49:37.0918543Z #13 3.095 Preparing to unpack .../03-libctf0_2.40-2_amd64.deb ...
2026-10-08T13:49:37.0919036Z #13 3.096 Unpacking libctf0:amd64 (2.40-2) ...
2026-10-08T13:49:37.0919572Z #13 3.117 Selecting previously unselected package libgprofng0:amd64.
2026-10-08T13:49:37.3361587Z #13 3.119 Preparing to unpack .../04-libgprofng0_2.40-2_amd64.deb ...
2026-10-08T13:49:37.3362596Z #13 3.120 Unpacking libgprofng0:amd64 (2.40-2) ...
2026-10-08T13:49:37.3363435Z #13 3.189 Selecting previously unselected package libjansson4:amd64.
2026-10-08T13:49:37.3364263Z #13 3.191 Preparing to unpack .../05-libjansson4_2.14-2_amd64.deb ...
2026-10-08T13:49:37.3364980Z #13 3.192 Unpacking libjansson4:amd64 (2.14-2) ...
2026-10-08T13:49:37.3365938Z #13 3.208 Selecting previously unselected package binutils-x86-64-linux-gnu.
2026-10-08T13:49:37.3367499Z #13 3.210 Preparing to unpack .../06-binutils-x86-64-linux-gnu_2.40-2_amd64.deb ...
2026-10-08T13:49:37.3368482Z #13 3.211 Unpacking binutils-x86-64-linux-gnu (2.40-2) ...
2026-10-08T13:49:37.3766357Z #13 3.402 Selecting previously unselected package binutils.
2026-10-08T13:49:37.5065706Z #13 3.405 Preparing to unpack .../07-binutils_2.40-2_amd64.deb ...
2026-10-08T13:49:37.5066310Z #13 3.405 Unpacking binutils (2.40-2) ...
2026-10-08T13:49:37.5067168Z #13 3.428 Selecting previously unselected package libisl23:amd64.
2026-10-08T13:49:37.5068113Z #13 3.430 Preparing to unpack .../08-libisl23_0.25-1.1_amd64.deb ...
2026-10-08T13:49:37.5068957Z #13 3.431 Unpacking libisl23:amd64 (0.25-1.1) ...
2026-10-08T13:49:37.5069651Z #13 3.490 Selecting previously unselected package libmpfr6:amd64.
2026-10-08T13:49:37.5070244Z #13 3.492 Preparing to unpack .../09-libmpfr6_4.2.0-1_amd64.deb ...
2026-10-08T13:49:37.5070772Z #13 3.493 Unpacking libmpfr6:amd64 (4.2.0-1) ...
2026-10-08T13:49:37.5071649Z #13 3.532 Selecting previously unselected package libmpc3:amd64.
2026-10-08T13:49:37.6805327Z #13 3.534 Preparing to unpack .../10-libmpc3_1.3.1-1_amd64.deb ...
2026-10-08T13:49:37.6806308Z #13 3.535 Unpacking libmpc3:amd64 (1.3.1-1) ...
2026-10-08T13:49:37.6807231Z #13 3.553 Selecting previously unselected package cpp-12.
2026-10-08T13:49:37.6808129Z #13 3.555 Preparing to unpack .../11-cpp-12_12.2.0-14+deb12u1_amd64.deb ...
2026-10-08T13:49:37.6808907Z #13 3.556 Unpacking cpp-12 (12.2.0-14+deb12u1) ...
2026-10-08T13:49:38.0735871Z #13 4.099 Selecting previously unselected package cpp.
2026-10-08T13:49:38.1767387Z #13 4.102 Preparing to unpack .../12-cpp_4%3a12.2.0-3_amd64.deb ...
2026-10-08T13:49:38.1768315Z #13 4.103 Unpacking cpp (4:12.2.0-3) ...
2026-10-08T13:49:38.1769278Z #13 4.118 Selecting previously unselected package libcc1-0:amd64.
2026-10-08T13:49:38.1770322Z #13 4.121 Preparing to unpack .../13-libcc1-0_12.2.0-14+deb12u1_amd64.deb ...
2026-10-08T13:49:38.1771264Z #13 4.122 Unpacking libcc1-0:amd64 (12.2.0-14+deb12u1) ...
2026-10-08T13:49:38.1771893Z #13 4.139 Selecting previously unselected package libgomp1:amd64.
2026-10-08T13:49:38.1772613Z #13 4.141 Preparing to unpack .../14-libgomp1_12.2.0-14+deb12u1_amd64.deb ...
2026-10-08T13:49:38.1773276Z #13 4.142 Unpacking libgomp1:amd64 (12.2.0-14+deb12u1) ...
2026-10-08T13:49:38.1773875Z #13 4.164 Selecting previously unselected package libitm1:amd64.
2026-10-08T13:49:38.1774558Z #13 4.166 Preparing to unpack .../15-libitm1_12.2.0-14+deb12u1_amd64.deb ...
2026-10-08T13:49:38.1775183Z #13 4.167 Unpacking libitm1:amd64 (12.2.0-14+deb12u1) ...
2026-10-08T13:49:38.1775804Z #13 4.184 Selecting previously unselected package libatomic1:amd64.
2026-10-08T13:49:38.1776523Z #13 4.186 Preparing to unpack .../16-libatomic1_12.2.0-14+deb12u1_amd64.deb ...
2026-10-08T13:49:38.1777686Z #13 4.187 Unpacking libatomic1:amd64 (12.2.0-14+deb12u1) ...
2026-10-08T13:49:38.1778679Z #13 4.202 Selecting previously unselected package libasan8:amd64.
2026-10-08T13:49:38.3307814Z #13 4.205 Preparing to unpack .../17-libasan8_12.2.0-14+deb12u1_amd64.deb ...
2026-10-08T13:49:38.3308600Z #13 4.206 Unpacking libasan8:amd64 (12.2.0-14+deb12u1) ...
2026-10-08T13:49:38.3388138Z #13 4.364 Selecting previously unselected package liblsan0:amd64.
2026-10-08T13:49:38.5745827Z #13 4.367 Preparing to unpack .../18-liblsan0_12.2.0-14+deb12u1_amd64.deb ...
2026-10-08T13:49:38.5747160Z #13 4.368 Unpacking liblsan0:amd64 (12.2.0-14+deb12u1) ...
2026-10-08T13:49:38.5747943Z #13 4.446 Selecting previously unselected package libtsan2:amd64.
2026-10-08T13:49:38.5749156Z #13 4.448 Preparing to unpack .../19-libtsan2_12.2.0-14+deb12u1_amd64.deb ...
2026-10-08T13:49:38.5749966Z #13 4.449 Unpacking libtsan2:amd64 (12.2.0-14+deb12u1) ...
2026-10-08T13:49:38.5911242Z #13 4.617 Selecting previously unselected package libubsan1:amd64.
2026-10-08T13:49:38.6976686Z #13 4.619 Preparing to unpack .../20-libubsan1_12.2.0-14+deb12u1_amd64.deb ...
2026-10-08T13:49:38.6978271Z #13 4.620 Unpacking libubsan1:amd64 (12.2.0-14+deb12u1) ...
2026-10-08T13:49:38.6979503Z #13 4.696 Selecting previously unselected package libquadmath0:amd64.
2026-10-08T13:49:38.6980679Z #13 4.699 Preparing to unpack .../21-libquadmath0_12.2.0-14+deb12u1_amd64.deb ...
2026-10-08T13:49:38.6981693Z #13 4.699 Unpacking libquadmath0:amd64 (12.2.0-14+deb12u1) ...
2026-10-08T13:49:38.6982652Z #13 4.723 Selecting previously unselected package libgcc-12-dev:amd64.
2026-10-08T13:49:38.8515879Z #13 4.726 Preparing to unpack .../22-libgcc-12-dev_12.2.0-14+deb12u1_amd64.deb ...
2026-10-08T13:49:38.8517067Z #13 4.727 Unpacking libgcc-12-dev:amd64 (12.2.0-14+deb12u1) ...
2026-10-08T13:49:38.8675556Z #13 4.893 Selecting previously unselected package gcc-12.
2026-10-08T13:49:39.0212556Z #13 4.895 Preparing to unpack .../23-gcc-12_12.2.0-14+deb12u1_amd64.deb ...
2026-10-08T13:49:39.0213684Z #13 4.896 Unpacking gcc-12 (12.2.0-14+deb12u1) ...
2026-10-08T13:49:39.5020762Z #13 5.528 Selecting previously unselected package gcc.
2026-10-08T13:49:39.6948051Z #13 5.530 Preparing to unpack .../24-gcc_4%3a12.2.0-3_amd64.deb ...
2026-10-08T13:49:39.6948921Z #13 5.531 Unpacking gcc (4:12.2.0-3) ...
2026-10-08T13:49:39.6949657Z #13 5.548 Selecting previously unselected package libc-dev-bin.
2026-10-08T13:49:39.6950648Z #13 5.550 Preparing to unpack .../25-libc-dev-bin_2.36-9+deb12u14_amd64.deb ...
2026-10-08T13:49:39.6951524Z #13 5.551 Unpacking libc-dev-bin (2.36-9+deb12u14) ...
2026-10-08T13:49:39.6952381Z #13 5.567 Selecting previously unselected package linux-libc-dev:amd64.
2026-10-08T13:49:39.6953381Z #13 5.569 Preparing to unpack .../26-linux-libc-dev_6.1.187-1_amd64.deb ...
2026-10-08T13:49:39.6954262Z #13 5.570 Unpacking linux-libc-dev:amd64 (6.1.187-1) ...
2026-10-08T13:49:39.7513958Z #13 5.777 Selecting previously unselected package libcrypt-dev:amd64.
2026-10-08T13:49:39.8772523Z #13 5.780 Preparing to unpack .../27-libcrypt-dev_1%3a4.4.33-2_amd64.deb ...
2026-10-08T13:49:39.8773502Z #13 5.785 Unpacking libcrypt-dev:amd64 (1:4.4.33-2) ...
2026-10-08T13:49:39.8774378Z #13 5.808 Selecting previously unselected package libtirpc-common.
2026-10-08T13:49:39.8775401Z #13 5.811 Preparing to unpack .../28-libtirpc-common_1.3.3+ds-1_all.deb ...
2026-10-08T13:49:39.8776344Z #13 5.812 Unpacking libtirpc-common (1.3.3+ds-1) ...
2026-10-08T13:49:39.8777426Z #13 5.828 Selecting previously unselected package libtirpc3:amd64.
2026-10-08T13:49:39.8778432Z #13 5.830 Preparing to unpack .../29-libtirpc3_1.3.3+ds-1_amd64.deb ...
2026-10-08T13:49:39.8779303Z #13 5.831 Unpacking libtirpc3:amd64 (1.3.3+ds-1) ...
2026-10-08T13:49:39.8780160Z #13 5.852 Selecting previously unselected package libnsl2:amd64.
2026-10-08T13:49:39.8781116Z #13 5.854 Preparing to unpack .../30-libnsl2_1.3.0-2_amd64.deb ...
2026-10-08T13:49:39.8781899Z #13 5.855 Unpacking libnsl2:amd64 (1.3.0-2) ...
2026-10-08T13:49:39.8782775Z #13 5.871 Selecting previously unselected package libtirpc-dev:amd64.
2026-10-08T13:49:39.8783793Z #13 5.873 Preparing to unpack .../31-libtirpc-dev_1.3.3+ds-1_amd64.deb ...
2026-10-08T13:49:39.8784666Z #13 5.874 Unpacking libtirpc-dev:amd64 (1.3.3+ds-1) ...
2026-10-08T13:49:39.8785504Z #13 5.903 Selecting previously unselected package libnsl-dev:amd64.
2026-10-08T13:49:40.0807138Z #13 5.906 Preparing to unpack .../32-libnsl-dev_1.3.0-2_amd64.deb ...
2026-10-08T13:49:40.0807741Z #13 5.908 Unpacking libnsl-dev:amd64 (1.3.0-2) ...
2026-10-08T13:49:40.0808247Z #13 5.927 Selecting previously unselected package rpcsvc-proto.
2026-10-08T13:49:40.0808823Z #13 5.929 Preparing to unpack .../33-rpcsvc-proto_1.4.3-1_amd64.deb ...
2026-10-08T13:49:40.0809359Z #13 5.930 Unpacking rpcsvc-proto (1.4.3-1) ...
2026-10-08T13:49:40.0810182Z #13 5.952 Selecting previously unselected package libc6-dev:amd64.
2026-10-08T13:49:40.0810862Z #13 5.955 Preparing to unpack .../34-libc6-dev_2.36-9+deb12u14_amd64.deb ...
2026-10-08T13:49:40.0811555Z #13 5.956 Unpacking libc6-dev:amd64 (2.36-9+deb12u14) ...
2026-10-08T13:49:40.1015470Z #13 6.127 Setting up libtirpc-common (1.3.3+ds-1) ...
2026-10-08T13:49:40.3021713Z #13 6.130 Setting up binutils-common:amd64 (2.40-2) ...
2026-10-08T13:49:40.3022460Z #13 6.133 Setting up linux-libc-dev:amd64 (6.1.187-1) ...
2026-10-08T13:49:40.3023039Z #13 6.135 Setting up libctf-nobfd0:amd64 (2.40-2) ...
2026-10-08T13:49:40.3023608Z #13 6.136 Setting up libgomp1:amd64 (12.2.0-14+deb12u1) ...
2026-10-08T13:49:40.3024145Z #13 6.138 Setting up libjansson4:amd64 (2.14-2) ...
2026-10-08T13:49:40.3024623Z #13 6.140 Setting up rpcsvc-proto (1.4.3-1) ...
2026-10-08T13:49:40.3025120Z #13 6.142 Setting up libmpfr6:amd64 (4.2.0-1) ...
2026-10-08T13:49:40.3025668Z #13 6.144 Setting up libquadmath0:amd64 (12.2.0-14+deb12u1) ...
2026-10-08T13:49:40.3026229Z #13 6.146 Setting up libmpc3:amd64 (1.3.1-1) ...
2026-10-08T13:49:40.3027081Z #13 6.148 Setting up libatomic1:amd64 (12.2.0-14+deb12u1) ...
2026-10-08T13:49:40.3027773Z #13 6.150 Setting up libubsan1:amd64 (12.2.0-14+deb12u1) ...
2026-10-08T13:49:40.3028540Z #13 6.152 Setting up libcrypt-dev:amd64 (1:4.4.33-2) ...
2026-10-08T13:49:40.3029697Z #13 6.158 Setting up libasan8:amd64 (12.2.0-14+deb12u1) ...
2026-10-08T13:49:40.3030475Z #13 6.160 Setting up libtsan2:amd64 (12.2.0-14+deb12u1) ...
2026-10-08T13:49:40.3031221Z #13 6.162 Setting up libbinutils:amd64 (2.40-2) ...
2026-10-08T13:49:40.3031945Z #13 6.164 Setting up libisl23:amd64 (0.25-1.1) ...
2026-10-08T13:49:40.3032688Z #13 6.166 Setting up libc-dev-bin (2.36-9+deb12u14) ...
2026-10-08T13:49:40.3033484Z #13 6.168 Setting up libcc1-0:amd64 (12.2.0-14+deb12u1) ...
2026-10-08T13:49:40.3034251Z #13 6.170 Setting up liblsan0:amd64 (12.2.0-14+deb12u1) ...
2026-10-08T13:49:40.3034691Z #13 6.172 Setting up libitm1:amd64 (12.2.0-14+deb12u1) ...
2026-10-08T13:49:40.3035080Z #13 6.175 Setting up libctf0:amd64 (2.40-2) ...
2026-10-08T13:49:40.3035454Z #13 6.177 Setting up libtirpc3:amd64 (1.3.3+ds-1) ...
2026-10-08T13:49:40.3035828Z #13 6.179 Setting up cpp-12 (12.2.0-14+deb12u1) ...
2026-10-08T13:49:40.3036194Z #13 6.182 Setting up libgprofng0:amd64 (2.40-2) ...
2026-10-08T13:49:40.3036588Z #13 6.184 Setting up libtirpc-dev:amd64 (1.3.3+ds-1) ...
2026-10-08T13:49:40.3037316Z #13 6.186 Setting up libgcc-12-dev:amd64 (12.2.0-14+deb12u1) ...
2026-10-08T13:49:40.3037713Z #13 6.188 Setting up cpp (4:12.2.0-3) ...
2026-10-08T13:49:40.3038051Z #13 6.193 Setting up libnsl2:amd64 (1.3.0-2) ...
2026-10-08T13:49:40.3038453Z #13 6.196 Setting up binutils-x86-64-linux-gnu (2.40-2) ...
2026-10-08T13:49:40.3038839Z #13 6.198 Setting up binutils (2.40-2) ...
2026-10-08T13:49:40.3039207Z #13 6.200 Setting up gcc-12 (12.2.0-14+deb12u1) ...
2026-10-08T13:49:40.3039591Z #13 6.202 Setting up libnsl-dev:amd64 (1.3.0-2) ...
2026-10-08T13:49:40.3040008Z #13 6.204 Setting up libc6-dev:amd64 (2.36-9+deb12u14) ...
2026-10-08T13:49:40.3040375Z #13 6.206 Setting up gcc (4:12.2.0-3) ...
2026-10-08T13:49:40.3040776Z #13 6.215 Processing triggers for libc-bin (2.36-9+deb12u14) ...
2026-10-08T13:49:40.7568452Z #13 6.328 Reading package lists...
2026-10-08T13:49:40.9187037Z #13 6.795 Building dependency tree...
2026-10-08T13:49:41.0538474Z #13 6.944 Reading state information...
2026-10-08T13:49:41.0539804Z #13 7.079 The following packages were automatically installed and are no longer required:
2026-10-08T13:49:41.0541446Z #13 7.079   binutils binutils-common binutils-x86-64-linux-gnu cpp cpp-12 gcc-12
2026-10-08T13:49:41.0542908Z #13 7.079   libasan8 libatomic1 libbinutils libc-dev-bin libcc1-0 libcrypt-dev
2026-10-08T13:49:41.2165589Z #13 7.079   libctf-nobfd0 libctf0 libgcc-12-dev libgomp1 libgprofng0 libisl23 libitm1
2026-10-08T13:49:41.2166941Z #13 7.079   libjansson4 liblsan0 libmpc3 libmpfr6 libnsl-dev libnsl2 libquadmath0
2026-10-08T13:49:41.2168536Z #13 7.080   libtirpc-common libtirpc-dev libtirpc3 libtsan2 libubsan1 linux-libc-dev
2026-10-08T13:49:41.2169366Z #13 7.080   rpcsvc-proto
2026-10-08T13:49:41.2169915Z #13 7.080 Use 'apt autoremove' to remove them.
2026-10-08T13:49:41.2170585Z #13 7.091 The following packages will be REMOVED:
2026-10-08T13:49:41.2171149Z #13 7.091   gcc* libc6-dev*
2026-10-08T13:49:41.2171881Z #13 7.242 0 upgraded, 0 newly installed, 2 to remove and 1 not upgraded.
2026-10-08T13:49:41.2172686Z #13 7.242 After this operation, 12.3 MB disk space will be freed.
2026-10-08T13:49:41.3279762Z #13 7.249 (Reading database ... 
2026-10-08T13:49:41.3280263Z (Reading database ... 5%
2026-10-08T13:49:41.3280571Z (Reading database ... 10%
2026-10-08T13:49:41.3280851Z (Reading database ... 15%
2026-10-08T13:49:41.3281135Z (Reading database ... 20%
2026-10-08T13:49:41.3281403Z (Reading database ... 25%
2026-10-08T13:49:41.3281668Z (Reading database ... 30%
2026-10-08T13:49:41.3281931Z (Reading database ... 35%
2026-10-08T13:49:41.3282227Z (Reading database ... 40%
2026-10-08T13:49:41.3282491Z (Reading database ... 45%
2026-10-08T13:49:41.3282761Z (Reading database ... 50%
2026-10-08T13:49:41.3283025Z (Reading database ... 55%
2026-10-08T13:49:41.3283293Z (Reading database ... 60%
2026-10-08T13:49:41.3283557Z (Reading database ... 65%
2026-10-08T13:49:41.3283819Z (Reading database ... 70%
2026-10-08T13:49:41.3284430Z (Reading database ... 75%
2026-10-08T13:49:41.3284707Z (Reading database ... 80%
2026-10-08T13:49:41.3284970Z (Reading database ... 85%
2026-10-08T13:49:41.3285231Z (Reading database ... 90%
2026-10-08T13:49:41.3285497Z (Reading database ... 95%
2026-10-08T13:49:41.3285763Z (Reading database ... 100%
2026-10-08T13:49:41.3286235Z (Reading database ... 18572 files and directories currently installed.)
2026-10-08T13:49:41.3286729Z #13 7.265 Removing gcc (4:12.2.0-3) ...
2026-10-08T13:49:41.3287509Z #13 7.280 Removing libc6-dev:amd64 (2.36-9+deb12u14) ...
2026-10-08T13:49:41.8062749Z #13 7.353 Reading package lists...
2026-10-08T13:49:41.9491289Z #13 7.846 Building dependency tree...
2026-10-08T13:49:42.0585916Z #13 7.975 Reading state information...
2026-10-08T13:49:42.0587637Z #13 8.084 The following packages will be REMOVED:
2026-10-08T13:49:42.1980011Z #13 8.084   binutils binutils-common binutils-x86-64-linux-gnu cpp cpp-12 gcc-12
2026-10-08T13:49:42.1981278Z #13 8.084   libasan8 libatomic1 libbinutils libc-dev-bin libcc1-0 libcrypt-dev
2026-10-08T13:49:42.1982820Z #13 8.084   libctf-nobfd0 libctf0 libgcc-12-dev libgomp1 libgprofng0 libisl23 libitm1
2026-10-08T13:49:42.1984174Z #13 8.084   libjansson4 liblsan0 libmpc3 libmpfr6 libnsl-dev libnsl2 libquadmath0
2026-10-08T13:49:42.1985556Z #13 8.085   libtirpc-common libtirpc-dev libtirpc3 libtsan2 libubsan1 linux-libc-dev
2026-10-08T13:49:42.1986075Z #13 8.085   rpcsvc-proto
2026-10-08T13:49:42.1986528Z #13 8.223 0 upgraded, 0 newly installed, 33 to remove and 1 not upgraded.
2026-10-08T13:49:42.1987442Z #13 8.223 After this operation, 190 MB disk space will be freed.
2026-10-08T13:49:42.3011027Z #13 8.231 (Reading database ... 
2026-10-08T13:49:42.3011889Z (Reading database ... 5%
2026-10-08T13:49:42.3012638Z (Reading database ... 10%
2026-10-08T13:49:42.3013259Z (Reading database ... 15%
2026-10-08T13:49:42.3013699Z (Reading database ... 20%
2026-10-08T13:49:42.3014051Z (Reading database ... 25%
2026-10-08T13:49:42.3014326Z (Reading database ... 30%
2026-10-08T13:49:42.3014610Z (Reading database ... 35%
2026-10-08T13:49:42.3014874Z (Reading database ... 40%
2026-10-08T13:49:42.3015140Z (Reading database ... 45%
2026-10-08T13:49:42.3015406Z (Reading database ... 50%
2026-10-08T13:49:42.3015669Z (Reading database ... 55%
2026-10-08T13:49:42.3015934Z (Reading database ... 60%
2026-10-08T13:49:42.3016203Z (Reading database ... 65%
2026-10-08T13:49:42.3016466Z (Reading database ... 70%
2026-10-08T13:49:42.3016728Z (Reading database ... 75%
2026-10-08T13:49:42.3017438Z (Reading database ... 80%
2026-10-08T13:49:42.3017900Z (Reading database ... 85%
2026-10-08T13:49:42.3018356Z (Reading database ... 90%
2026-10-08T13:49:42.3019067Z (Reading database ... 95%
2026-10-08T13:49:42.3019544Z (Reading database ... 100%
2026-10-08T13:49:42.3020019Z (Reading database ... 18002 files and directories currently installed.)
2026-10-08T13:49:42.3020836Z #13 8.246 Removing gcc-12 (12.2.0-14+deb12u1) ...
2026-10-08T13:49:42.3021248Z #13 8.272 Removing binutils (2.40-2) ...
2026-10-08T13:49:42.3021684Z #13 8.282 Removing binutils-x86-64-linux-gnu (2.40-2) ...
2026-10-08T13:49:42.3022407Z #13 8.300 Removing libgprofng0:amd64 (2.40-2) ...
2026-10-08T13:49:42.3023027Z #13 8.310 Removing libctf0:amd64 (2.40-2) ...
2026-10-08T13:49:42.3023380Z #13 8.318 Removing libbinutils:amd64 (2.40-2) ...
2026-10-08T13:49:42.3023962Z #13 8.327 Removing binutils-common:amd64 (2.40-2) ...
2026-10-08T13:49:42.4152056Z #13 8.336 Removing cpp (4:12.2.0-3) ...
2026-10-08T13:49:42.4153093Z #13 8.349 Removing cpp-12 (12.2.0-14+deb12u1) ...
2026-10-08T13:49:42.4153845Z #13 8.367 Removing libgcc-12-dev:amd64 (12.2.0-14+deb12u1) ...
2026-10-08T13:49:42.4154620Z #13 8.387 Removing libasan8:amd64 (12.2.0-14+deb12u1) ...
2026-10-08T13:49:42.4155539Z #13 8.397 Removing libatomic1:amd64 (12.2.0-14+deb12u1) ...
2026-10-08T13:49:42.4156152Z #13 8.407 Removing libc-dev-bin (2.36-9+deb12u14) ...
2026-10-08T13:49:42.4157004Z #13 8.415 Removing libcc1-0:amd64 (12.2.0-14+deb12u1) ...
2026-10-08T13:49:42.4158278Z #13 8.423 Removing libcrypt-dev:amd64 (1:4.4.33-2) ...
2026-10-08T13:49:42.4159108Z #13 8.441 Removing libctf-nobfd0:amd64 (2.40-2) ...
2026-10-08T13:49:42.5251898Z #13 8.449 Removing libgomp1:amd64 (12.2.0-14+deb12u1) ...
2026-10-08T13:49:42.5252792Z #13 8.461 Removing libisl23:amd64 (0.25-1.1) ...
2026-10-08T13:49:42.5253680Z #13 8.470 Removing libitm1:amd64 (12.2.0-14+deb12u1) ...
2026-10-08T13:49:42.5254507Z #13 8.478 Removing libjansson4:amd64 (2.14-2) ...
2026-10-08T13:49:42.5255156Z #13 8.487 Removing liblsan0:amd64 (12.2.0-14+deb12u1) ...
2026-10-08T13:49:42.5255968Z #13 8.495 Removing libmpc3:amd64 (1.3.1-1) ...
2026-10-08T13:49:42.5256674Z #13 8.505 Removing libmpfr6:amd64 (4.2.0-1) ...
2026-10-08T13:49:42.5257648Z #13 8.514 Removing libnsl-dev:amd64 (1.3.0-2) ...
2026-10-08T13:49:42.5258062Z #13 8.523 Removing libnsl2:amd64 (1.3.0-2) ...
2026-10-08T13:49:42.5258488Z #13 8.531 Removing libquadmath0:amd64 (12.2.0-14+deb12u1) ...
2026-10-08T13:49:42.5259116Z #13 8.539 Removing libtirpc-dev:amd64 (1.3.3+ds-1) ...
2026-10-08T13:49:42.5259527Z #13 8.551 Removing libtirpc3:amd64 (1.3.3+ds-1) ...
2026-10-08T13:49:42.6516123Z #13 8.559 Removing libtirpc-common (1.3.3+ds-1) ...
2026-10-08T13:49:42.6517506Z #13 8.566 Removing libtsan2:amd64 (12.2.0-14+deb12u1) ...
2026-10-08T13:49:42.6518248Z #13 8.576 Removing libubsan1:amd64 (12.2.0-14+deb12u1) ...
2026-10-08T13:49:42.6518879Z #13 8.585 Removing linux-libc-dev:amd64 (6.1.187-1) ...
2026-10-08T13:49:42.6519441Z #13 8.641 Removing rpcsvc-proto (1.4.3-1) ...
2026-10-08T13:49:42.6520065Z #13 8.677 Processing triggers for libc-bin (2.36-9+deb12u14) ...
2026-10-08T13:49:42.8425012Z #13 DONE 8.7s
2026-10-08T13:49:42.8425641Z 
2026-10-08T13:49:42.8426166Z #14 [ 9/11] RUN pnpm build
2026-10-08T13:49:43.2548989Z #14 0.563 
2026-10-08T13:49:43.2549430Z #14 0.563 > cocreate@1.0.0 build /app
2026-10-08T13:49:43.2550037Z #14 0.563 > tsc --noEmit && vite build --configLoader runner
2026-10-08T13:49:43.2550510Z #14 0.563 
2026-10-08T13:49:51.4835295Z #14 8.792 vite v7.3.6 building client environment for production...
2026-10-08T13:49:51.7077039Z #14 8.865 transforming...
2026-10-08T13:49:55.3299841Z #14 12.64 ✓ 1749 modules transformed.
2026-10-08T13:49:55.5759783Z #14 12.88 rendering chunks...
2026-10-08T13:49:55.8049236Z #14 13.11 computing gzip size...
2026-10-08T13:49:55.9146057Z #14 13.14 dist/index.html                             0.44 kB │ gzip:   0.30 kB
2026-10-08T13:49:55.9147872Z #14 13.14 dist/assets/App-BqUO_rW7.css                2.56 kB │ gzip:   0.85 kB
2026-10-08T13:49:55.9149635Z #14 13.14 dist/assets/LandingPage-CNj4pefA.css       13.13 kB │ gzip:   2.95 kB
2026-10-08T13:49:55.9152090Z #14 13.14 dist/assets/index-cyLHvudv.css             75.38 kB │ gzip:  14.48 kB
2026-10-08T13:49:55.9153415Z #14 13.14 dist/assets/users-BIdyuxqP.js               0.69 kB │ gzip:   0.39 kB
2026-10-08T13:49:55.9154727Z #14 13.14 dist/assets/createLucideIcon-DcEYS1mU.js    0.89 kB │ gzip:   0.55 kB
2026-10-08T13:49:55.9156213Z #14 13.14 dist/assets/x-DO2zMSIY.js                   1.70 kB │ gzip:   0.78 kB
2026-10-08T13:49:55.9163598Z #14 13.14 dist/assets/LandingPage-DCr6qHiF.js        15.33 kB │ gzip:   4.92 kB
2026-10-08T13:49:55.9164809Z #14 13.14 dist/assets/ProjectApp-DXmAqhy1.js         29.68 kB │ gzip:   9.01 kB
2026-10-08T13:49:55.9165912Z #14 13.14 dist/assets/index-BPNFqXSv.js             421.95 kB │ gzip: 121.32 kB
2026-10-08T13:49:55.9167223Z #14 13.14 dist/assets/App-DhzRZNRs.js               583.75 kB │ gzip: 185.76 kB
2026-10-08T13:49:55.9167836Z #14 13.14 
2026-10-08T13:49:55.9168457Z #14 13.14 (!) Some chunks are larger than 500 kB after minification. Consider:
2026-10-08T13:49:55.9169348Z #14 13.14 - Using dynamic import() to code-split the application
2026-10-08T13:49:55.9170764Z #14 13.14 - Use build.rollupOptions.output.manualChunks to improve chunking: https://rollupjs.org/configuration-options/#output-manualchunks
2026-10-08T13:49:55.9172176Z #14 13.14 - Adjust chunk size limit for this warning via build.chunkSizeWarningLimit.
2026-10-08T13:49:55.9173280Z #14 13.14 ✓ built in 4.31s
2026-10-08T13:49:55.9173637Z #14 DONE 13.2s
2026-10-08T13:49:56.0655612Z 
2026-10-08T13:49:56.0656614Z #15 [10/11] RUN node scripts/release-fingerprint.mjs --write-image
2026-10-08T13:49:56.1121206Z #15 0.197 {"fingerprint":"b7c01344189120516f03c40ea506d1905ba778af23749f6cc190212568e188f0","sourceFiles":87,"scope":"Source/build input attestation only; not runtime acceptance"}
2026-10-08T13:49:56.2743727Z #15 DONE 0.2s
2026-10-08T13:49:56.2743932Z 
2026-10-08T13:49:56.2745317Z #16 [11/11] RUN pnpm exec tsx scripts/prepare-isolation.ts --files-only && mkdir -p /app/data /app/generated && chown -R node:node /app/.runtime /app/data /app/generated
2026-10-08T13:49:56.8053231Z #16 0.681 {"policy":"isolated-compile-v1","platform":"linux","scope":"Trusted files prepared; kernel boundary not exercised"}
2026-10-08T13:49:57.0078201Z #16 DONE 0.7s
2026-10-08T13:49:57.0078803Z 
2026-10-08T13:49:57.0079430Z #17 exporting to image
2026-10-08T13:49:57.0080200Z #17 exporting layers
2026-10-08T13:50:08.4801029Z #17 exporting layers 11.6s done
2026-10-08T13:50:08.4992325Z #17 writing image sha256:a7ebfcc24522cf6cb0dec2863d7c7a8fe30028fb75fb01873c375560face948d done
2026-10-08T13:50:08.4993539Z #17 naming to docker.io/library/cocreate-check done
2026-10-08T13:50:08.4994153Z #17 DONE 11.6s
2026-10-08T13:50:08.5003672Z 
2026-10-08T13:50:08.5004485Z  [33m4 warnings found (use docker --debug to expand):
2026-10-08T13:50:08.5005488Z [0m - SecretsUsedInArgOrEnv: Do not use ARG or ENV instructions for sensitive data (ARG "VITE_COCREATE_AUTH_MODE") (line 12)
2026-10-08T13:50:08.5007102Z  - SecretsUsedInArgOrEnv: Do not use ARG or ENV instructions for sensitive data (ARG "VITE_SUPABASE_PUBLISHABLE_KEY") (line 15)
2026-10-08T13:50:08.5008440Z  - SecretsUsedInArgOrEnv: Do not use ARG or ENV instructions for sensitive data (ENV "VITE_COCREATE_AUTH_MODE") (line 16)
2026-10-08T13:50:08.5009841Z  - SecretsUsedInArgOrEnv: Do not use ARG or ENV instructions for sensitive data (ENV "VITE_SUPABASE_PUBLISHABLE_KEY") (line 19)
2026-10-08T13:50:08.5266513Z ##[group]Run root="/sys/fs/cgroup/cocreate-ci-${GITHUB_RUN_ID}-${GITHUB_RUN_ATTEMPT}"
2026-10-08T13:50:08.5267494Z [36;1mroot="/sys/fs/cgroup/cocreate-ci-${GITHUB_RUN_ID}-${GITHUB_RUN_ATTEMPT}"[0m
2026-10-08T13:50:08.5267966Z [36;1msudo sh scripts/prepare-ci-cgroup.sh "$root"[0m
2026-10-08T13:50:08.5268350Z [36;1mecho "COCREATE_CI_CGROUP_ROOT=$root" >> "$GITHUB_ENV"[0m
2026-10-08T13:50:08.5339245Z shell: /usr/bin/bash -e {0}
2026-10-08T13:50:08.5339525Z env:
2026-10-08T13:50:08.5339810Z   PNPM_HOME: /home/runner/setup-pnpm/node_modules/.bin
2026-10-08T13:50:08.5340178Z ##[endgroup]
2026-10-08T13:50:08.5719601Z ##[group]Run sh scripts/run-linux-check.sh node --import tsx scripts/prepare-isolation.ts
2026-10-08T13:50:08.5720358Z [36;1msh scripts/run-linux-check.sh node --import tsx scripts/prepare-isolation.ts[0m
2026-10-08T13:50:08.5789156Z shell: /usr/bin/bash -e {0}
2026-10-08T13:50:08.5789440Z env:
2026-10-08T13:50:08.5789731Z   PNPM_HOME: /home/runner/setup-pnpm/node_modules/.bin
2026-10-08T13:50:08.5790228Z   COCREATE_CI_CGROUP_ROOT: /sys/fs/cgroup/cocreate-ci-37787263796-1
2026-10-08T13:50:08.5790651Z ##[endgroup]
2026-10-08T13:50:08.9731591Z {"policy":"isolated-compile-v1","platform":"linux","scope":"Actual OS boundary preflight passed; no inference"}
2026-10-08T13:50:09.0588463Z ##[group]Run sh scripts/run-linux-check.sh node --import tsx --input-type=module -e 'import {assertVerificationBrowserAvailable} from "./server/isolation/browser.ts"; await assertVerificationBrowserAvailable(); console.log("Actual Linux browser boundary passed; no inference");'
2026-10-08T13:50:09.0590627Z [36;1msh scripts/run-linux-check.sh node --import tsx --input-type=module -e 'import {assertVerificationBrowserAvailable} from "./server/isolation/browser.ts"; await assertVerificationBrowserAvailable(); console.log("Actual Linux browser boundary passed; no inference");'[0m
2026-10-08T13:50:09.0664299Z shell: /usr/bin/bash -e {0}
2026-10-08T13:50:09.0664590Z env:
2026-10-08T13:50:09.0665128Z   PNPM_HOME: /home/runner/setup-pnpm/node_modules/.bin
2026-10-08T13:50:09.0665565Z   COCREATE_CI_CGROUP_ROOT: /sys/fs/cgroup/cocreate-ci-37787263796-1
2026-10-08T13:50:09.0665949Z ##[endgroup]
2026-10-08T13:50:09.6311905Z Actual Linux browser boundary passed; no inference
2026-10-08T13:50:09.6885704Z ##[group]Run sh scripts/run-linux-check.sh node --import tsx --test --test-concurrency=1 tests/generated-isolation.test.ts
2026-10-08T13:50:09.6886646Z [36;1msh scripts/run-linux-check.sh node --import tsx --test --test-concurrency=1 tests/generated-isolation.test.ts[0m
2026-10-08T13:50:09.6959340Z shell: /usr/bin/bash -e {0}
2026-10-08T13:50:09.6959675Z env:
2026-10-08T13:50:09.6960013Z   PNPM_HOME: /home/runner/setup-pnpm/node_modules/.bin
2026-10-08T13:50:09.6960585Z   COCREATE_CI_CGROUP_ROOT: /sys/fs/cgroup/cocreate-ci-37787263796-1
2026-10-08T13:50:09.6961079Z ##[endgroup]
2026-10-08T13:50:09.8629410Z TAP version 13
2026-10-08T13:50:14.0992007Z # Subtest: ordinary compilation runs in the real OS boundary and never evaluates candidate top-level code
2026-10-08T13:50:14.1001418Z ok 1 - ordinary compilation runs in the real OS boundary and never evaluates candidate top-level code
2026-10-08T13:50:14.1002365Z   ---
2026-10-08T13:50:14.1002992Z   duration_ms: 4041.146575
2026-10-08T13:50:14.1003518Z   type: 'test'
2026-10-08T13:50:14.1003896Z   ...
2026-10-08T13:50:14.1484154Z # Subtest: OS boundary without Node permissions denies an existing private host file, writes and live loopback network
2026-10-08T13:50:14.1486598Z ok 2 - OS boundary without Node permissions denies an existing private host file, writes and live loopback network
2026-10-08T13:50:14.1488601Z   ---
2026-10-08T13:50:14.1488981Z   duration_ms: 52.91991
2026-10-08T13:50:14.1489373Z   type: 'test'
2026-10-08T13:50:14.1489710Z   ...
2026-10-08T13:50:14.2086980Z # Subtest: restricted process strips injection/secrets and denies subprocesses, workers and cross-workspace reads
2026-10-08T13:50:14.2089236Z ok 3 - restricted process strips injection/secrets and denies subprocesses, workers and cross-workspace reads
2026-10-08T13:50:14.2090397Z   ---
2026-10-08T13:50:14.2090913Z   duration_ms: 52.556247
2026-10-08T13:50:14.2091325Z   type: 'test'
2026-10-08T13:50:14.2091665Z   ...
2026-10-08T13:50:19.3654434Z # Subtest: candidate imports cannot read absolute files, traverse workspaces or download packages/styles
2026-10-08T13:50:19.3655926Z ok 4 - candidate imports cannot read absolute files, traverse workspaces or download packages/styles
2026-10-08T13:50:19.3656719Z   ---
2026-10-08T13:50:19.3657301Z   duration_ms: 5165.129224
2026-10-08T13:50:19.3657673Z   type: 'test'
2026-10-08T13:50:19.3657878Z   ...
2026-10-08T13:50:20.3718302Z # Subtest: wall timeout terminates a running child and cleans its private input
2026-10-08T13:50:20.3720794Z ok 5 - wall timeout terminates a running child and cleans its private input
2026-10-08T13:50:20.3721513Z   ---
2026-10-08T13:50:20.3721825Z   duration_ms: 1007.046624
2026-10-08T13:50:20.3722186Z   type: 'test'
2026-10-08T13:50:20.3722519Z   ...
2026-10-08T13:50:20.3790460Z # Subtest: cancellation waits for real child termination and cleanup; pre-abort starts nothing
2026-10-08T13:50:20.3792682Z ok 6 - cancellation waits for real child termination and cleanup; pre-abort starts nothing
2026-10-08T13:50:20.3794620Z   ---
2026-10-08T13:50:20.3794879Z   duration_ms: 7.482092
2026-10-08T13:50:20.3795151Z   type: 'test'
2026-10-08T13:50:20.3795514Z   ...
2026-10-08T13:50:21.0513282Z # Subtest: memory exhaustion cannot escape the OS bound and leaves no child work
2026-10-08T13:50:21.0523405Z ok 7 - memory exhaustion cannot escape the OS bound and leaves no child work
2026-10-08T13:50:21.0523862Z   ---
2026-10-08T13:50:21.0524091Z   duration_ms: 671.126071
2026-10-08T13:50:21.0524331Z   type: 'test'
2026-10-08T13:50:21.0524530Z   ...
2026-10-08T13:50:21.0525005Z # Subtest: unavailable isolation fails explicitly and cannot fall back to host compilation
2026-10-08T13:50:21.0525710Z ok 8 - unavailable isolation fails explicitly and cannot fall back to host compilation
2026-10-08T13:50:21.0526464Z   ---
2026-10-08T13:50:21.0526656Z   duration_ms: 0.631033
2026-10-08T13:50:21.0527215Z   type: 'test'
2026-10-08T13:50:21.0527544Z   ...
2026-10-08T13:50:31.0661014Z # Subtest: CPU bound stops a busy child before the longer wall deadline
2026-10-08T13:50:31.0687929Z ok 9 - CPU bound stops a busy child before the longer wall deadline
2026-10-08T13:50:31.0690267Z   ---
2026-10-08T13:50:31.0690714Z   duration_ms: 10012.246414
2026-10-08T13:50:31.0691230Z   type: 'test'
2026-10-08T13:50:31.0691607Z   ...
2026-10-08T13:50:31.2278734Z # Subtest: untrusted output is bounded before it reaches application memory or artifacts
2026-10-08T13:50:31.2280154Z ok 10 - untrusted output is bounded before it reaches application memory or artifacts
2026-10-08T13:50:31.2281435Z   ---
2026-10-08T13:50:31.2282068Z   duration_ms: 166.257386
2026-10-08T13:50:31.2282507Z   type: 'test'
2026-10-08T13:50:31.2282837Z   ...
2026-10-08T13:50:31.2482410Z 1..10
2026-10-08T13:50:31.2483561Z # tests 10
2026-10-08T13:50:31.2484294Z # suites 0
2026-10-08T13:50:31.2507556Z # pass 10
2026-10-08T13:50:31.2507892Z # fail 0
2026-10-08T13:50:31.2509402Z # cancelled 0
2026-10-08T13:50:31.2509679Z # skipped 0
2026-10-08T13:50:31.2509871Z # todo 0
2026-10-08T13:50:31.2510264Z # duration_ms 21396.572848
2026-10-08T13:50:31.2989863Z ##[group]Run sh scripts/run-linux-check.sh node --import tsx --test --test-concurrency=1 tests/linux-cgroup-isolation.test.ts tests/candidate-verification.test.ts
2026-10-08T13:50:31.2991891Z [36;1msh scripts/run-linux-check.sh node --import tsx --test --test-concurrency=1 tests/linux-cgroup-isolation.test.ts tests/candidate-verification.test.ts[0m
2026-10-08T13:50:31.3086104Z shell: /usr/bin/bash -e {0}
2026-10-08T13:50:31.3086497Z env:
2026-10-08T13:50:31.3087142Z   PNPM_HOME: /home/runner/setup-pnpm/node_modules/.bin
2026-10-08T13:50:31.3087840Z   COCREATE_CI_CGROUP_ROOT: /sys/fs/cgroup/cocreate-ci-37787263796-1
2026-10-08T13:50:31.3088427Z ##[endgroup]
2026-10-08T13:50:31.5038490Z TAP version 13
2026-10-08T13:50:34.1368274Z # Subtest: real isolated browser verifies accepted filter, favorites and sorting and binds evidence to the candidate
2026-10-08T13:50:34.1378410Z not ok 1 - real isolated browser verifies accepted filter, favorites and sorting and binds evidence to the candidate
2026-10-08T13:50:34.1382549Z   ---
2026-10-08T13:50:34.1383110Z   duration_ms: 2374.483442
2026-10-08T13:50:34.1383532Z   type: 'test'
2026-10-08T13:50:34.1384106Z   location: '/app/tests/candidate-verification.test.ts:1:1385'
2026-10-08T13:50:34.1384543Z   failureType: 'testCodeFailure'
2026-10-08T13:50:34.1384892Z   error: 'Browser diagnostics exceeded their bound.'
2026-10-08T13:50:34.1385229Z   code: 'isolation_resource_limit'
2026-10-08T13:50:34.1385498Z   stack: |-
2026-10-08T13:50:34.1385810Z     Socket.<anonymous> (/app/server/isolation/browser.ts:76:50)
2026-10-08T13:50:34.1386184Z     Socket.emit (node:events:519:28)
2026-10-08T13:50:34.1386530Z     addChunk (node:internal/streams/readable:561:12)
2026-10-08T13:50:34.1387357Z     readableAddChunkPushByteMode (node:internal/streams/readable:512:3)
2026-10-08T13:50:34.1387835Z     Readable.push (node:internal/streams/readable:392:5)
2026-10-08T13:50:34.1388252Z     Pipe.onStreamRead (node:internal/stream_base_commons:189:23)
2026-10-08T13:50:34.1388585Z   ...
2026-10-08T13:50:36.4979392Z # Subtest: compiling controls without behavior fail; retained feature regressions are checked on every candidate
2026-10-08T13:50:36.4981341Z not ok 2 - compiling controls without behavior fail; retained feature regressions are checked on every candidate
2026-10-08T13:50:36.4986170Z   ---
2026-10-08T13:50:36.4987074Z   duration_ms: 2365.529821
2026-10-08T13:50:36.4987539Z   type: 'test'
2026-10-08T13:50:36.4988115Z   location: '/app/tests/candidate-verification.test.ts:1:3090'
2026-10-08T13:50:36.4991163Z   failureType: 'testCodeFailure'
2026-10-08T13:50:36.4991979Z   error: 'Browser diagnostics exceeded their bound.'
2026-10-08T13:50:36.4992990Z   code: 'isolation_resource_limit'
2026-10-08T13:50:36.4993423Z   stack: |-
2026-10-08T13:50:36.4993943Z     Socket.<anonymous> (/app/server/isolation/browser.ts:76:50)
2026-10-08T13:50:36.4994592Z     Socket.emit (node:events:519:28)
2026-10-08T13:50:36.4995166Z     addChunk (node:internal/streams/readable:561:12)
2026-10-08T13:50:36.4995980Z     readableAddChunkPushByteMode (node:internal/streams/readable:512:3)
2026-10-08T13:50:36.4996556Z     Readable.push (node:internal/streams/readable:392:5)
2026-10-08T13:50:36.4997336Z     Pipe.onStreamRead (node:internal/stream_base_commons:189:23)
2026-10-08T13:50:36.4997688Z   ...
2026-10-08T13:50:38.8418169Z # Subtest: unsupported prose remains unverified and generated assertion tampering cannot replace trusted checks
2026-10-08T13:50:38.8422967Z not ok 3 - unsupported prose remains unverified and generated assertion tampering cannot replace trusted checks
2026-10-08T13:50:38.8424020Z   ---
2026-10-08T13:50:38.8424688Z   duration_ms: 2347.171461
2026-10-08T13:50:38.8425234Z   type: 'test'
2026-10-08T13:50:38.8425675Z   location: '/app/tests/candidate-verification.test.ts:1:3828'
2026-10-08T13:50:38.8426144Z   failureType: 'testCodeFailure'
2026-10-08T13:50:38.8426540Z   error: 'Browser diagnostics exceeded their bound.'
2026-10-08T13:50:38.8427593Z   code: 'isolation_resource_limit'
2026-10-08T13:50:38.8427885Z   stack: |-
2026-10-08T13:50:38.8428209Z     Socket.<anonymous> (/app/server/isolation/browser.ts:76:50)
2026-10-08T13:50:38.8428590Z     Socket.emit (node:events:519:28)
2026-10-08T13:50:38.8428915Z     addChunk (node:internal/streams/readable:561:12)
2026-10-08T13:50:38.8429358Z     readableAddChunkPushByteMode (node:internal/streams/readable:512:3)
2026-10-08T13:50:38.8429814Z     Readable.push (node:internal/streams/readable:392:5)
2026-10-08T13:50:38.8430227Z     Pipe.onStreamRead (node:internal/stream_base_commons:189:23)
2026-10-08T13:50:38.8430556Z   ...
2026-10-08T13:50:39.1857438Z # Subtest: actual verification browser denies a private host file and loopback network and removes its child/profile
2026-10-08T13:50:39.1862096Z not ok 4 - actual verification browser denies a private host file and loopback network and removes its child/profile
2026-10-08T13:50:39.1863261Z   ---
2026-10-08T13:50:39.1863991Z   duration_ms: 350.273957
2026-10-08T13:50:39.1864490Z   type: 'test'
2026-10-08T13:50:39.1865149Z   location: '/app/tests/candidate-verification.test.ts:2:705'
2026-10-08T13:50:39.1865929Z   failureType: 'testCodeFailure'
2026-10-08T13:50:39.1866607Z   error: 'Browser diagnostics exceeded their bound.'
2026-10-08T13:50:39.1867534Z   code: 'isolation_resource_limit'
2026-10-08T13:50:39.1868049Z   stack: |-
2026-10-08T13:50:39.1868675Z     Socket.<anonymous> (/app/server/isolation/browser.ts:76:50)
2026-10-08T13:50:39.1869440Z     Socket.emit (node:events:519:28)
2026-10-08T13:50:39.1870116Z     addChunk (node:internal/streams/readable:561:12)
2026-10-08T13:50:39.1871063Z     readableAddChunkPushByteMode (node:internal/streams/readable:512:3)
2026-10-08T13:50:39.1871744Z     Readable.push (node:internal/streams/readable:392:5)
2026-10-08T13:50:39.1872302Z     Pipe.onStreamRead (node:internal/stream_base_commons:189:23)
2026-10-08T13:50:39.1872730Z   ...
2026-10-08T13:50:39.8322470Z # Subtest: browser CPU and protocol output remain inside the reused Job Object bounds
2026-10-08T13:50:39.8323795Z ok 5 - browser CPU and protocol output remain inside the reused Job Object bounds
2026-10-08T13:50:39.8324461Z   ---
2026-10-08T13:50:39.8326580Z   duration_ms: 638.352748
2026-10-08T13:50:39.8327296Z   type: 'test'
2026-10-08T13:50:39.8327655Z   ...
2026-10-08T13:50:40.1673014Z # Subtest: cancellation and wall limits terminate browser execution and leave no child jobs
2026-10-08T13:50:40.1677863Z not ok 6 - cancellation and wall limits terminate browser execution and leave no child jobs
2026-10-08T13:50:40.1678567Z   ---
2026-10-08T13:50:40.1678799Z   duration_ms: 346.358458
2026-10-08T13:50:40.1679056Z   type: 'test'
2026-10-08T13:50:40.1679409Z   location: '/app/tests/candidate-verification.test.ts:2:3329'
2026-10-08T13:50:40.1680259Z   failureType: 'testCodeFailure'
2026-10-08T13:50:40.1680530Z   error: |-
2026-10-08T13:50:40.1680912Z     The validation function is expected to return "true". Received false
2026-10-08T13:50:40.1681324Z     
2026-10-08T13:50:40.1681540Z     Caught error:
2026-10-08T13:50:40.1681750Z     
2026-10-08T13:50:40.1682038Z     Error: Browser diagnostics exceeded their bound.
2026-10-08T13:50:40.1682418Z   code: 'ERR_ASSERTION'
2026-10-08T13:50:40.1682911Z   name: 'AssertionError'
2026-10-08T13:50:40.1683472Z   stack: |-
2026-10-08T13:50:40.1684282Z     async TestContext.<anonymous> (/app/tests/candidate-verification.test.ts:103:5)
2026-10-08T13:50:40.1685123Z     async Test.run (node:internal/test_runner/test:1054:7)
2026-10-08T13:50:40.1685698Z     async Test.processPendingSubtests (node:internal/test_runner/test:744:7)
2026-10-08T13:50:40.1686123Z   ...
2026-10-08T13:50:40.4287235Z # Subtest: Linux browser file-descriptor ceiling rejects growth and cleans the bounded job
2026-10-08T13:50:40.4288626Z ok 7 - Linux browser file-descriptor ceiling rejects growth and cleans the bounded job
2026-10-08T13:50:40.4289349Z   ---
2026-10-08T13:50:40.4289677Z   duration_ms: 72.706133
2026-10-08T13:50:40.4290055Z   type: 'test'
2026-10-08T13:50:40.4290384Z   ...
2026-10-08T13:50:40.4655777Z # Subtest: Linux bootstrap drops authority and attaches a stopped trusted child before execution
2026-10-08T13:50:40.4657301Z ok 8 - Linux bootstrap drops authority and attaches a stopped trusted child before execution
2026-10-08T13:50:40.4657936Z   ---
2026-10-08T13:50:40.4658147Z   duration_ms: 44.907739
2026-10-08T13:50:40.4658380Z   type: 'test'
2026-10-08T13:50:40.4658571Z   ...
2026-10-08T13:50:40.5763407Z # Subtest: Linux PID ceiling denies fork growth and whole-group kill removes descendants
2026-10-08T13:50:40.5770838Z ok 9 - Linux PID ceiling denies fork growth and whole-group kill removes descendants
2026-10-08T13:50:40.5771570Z   ---
2026-10-08T13:50:40.5771944Z   duration_ms: 96.303367
2026-10-08T13:50:40.5772332Z   type: 'test'
2026-10-08T13:50:40.5772653Z   ...
2026-10-08T13:50:41.1012275Z # Subtest: real Linux browser physical-memory exhaustion kills its job while the application survives
2026-10-08T13:50:41.1020282Z ok 10 - real Linux browser physical-memory exhaustion kills its job while the application survives
2026-10-08T13:50:41.1021180Z   ---
2026-10-08T13:50:41.1021545Z   duration_ms: 540.943187
2026-10-08T13:50:41.1021974Z   type: 'test'
2026-10-08T13:50:41.1022327Z   ...
2026-10-08T13:50:41.1023117Z # Subtest: missing Linux delegation fails closed and removes the candidate profile
2026-10-08T13:50:41.1024289Z ok 11 - missing Linux delegation fails closed and removes the candidate profile
2026-10-08T13:50:41.1025020Z   ---
2026-10-08T13:50:41.1025376Z   duration_ms: 1.082179
2026-10-08T13:50:41.1025793Z   type: 'test'
2026-10-08T13:50:41.1026142Z   ...
2026-10-08T13:50:41.1128816Z 1..11
2026-10-08T13:50:41.1132630Z # tests 11
2026-10-08T13:50:41.1133437Z # suites 0
2026-10-08T13:50:41.1138908Z # pass 6
2026-10-08T13:50:41.1139566Z # fail 5
2026-10-08T13:50:41.1139952Z # cancelled 0
2026-10-08T13:50:41.1140317Z # skipped 0
2026-10-08T13:50:41.1140655Z # todo 0
2026-10-08T13:50:41.1141029Z # duration_ms 9622.810512
2026-10-08T13:50:41.1589197Z ##[error]Process completed with exit code 1.
2026-10-08T13:50:41.1653604Z ##[group]Run sh scripts/run-linux-check.sh sh -c 'node --import tsx --test --test-concurrency=1 tests/*.test.ts'
2026-10-08T13:50:41.1654416Z [36;1msh scripts/run-linux-check.sh sh -c 'node --import tsx --test --test-concurrency=1 tests/*.test.ts'[0m
2026-10-08T13:50:41.1726583Z shell: /usr/bin/bash -e {0}
2026-10-08T13:50:41.1727120Z env:
2026-10-08T13:50:41.1727407Z   PNPM_HOME: /home/runner/setup-pnpm/node_modules/.bin
2026-10-08T13:50:41.1727858Z   COCREATE_CI_CGROUP_ROOT: /sys/fs/cgroup/cocreate-ci-37787263796-1
2026-10-08T13:50:41.1728251Z ##[endgroup]
2026-10-08T13:50:41.3463538Z TAP version 13
2026-10-08T13:50:41.5219408Z # Subtest: calculates uncached, cached, and cache-write charges without assuming cache hits
2026-10-08T13:50:41.5227289Z ok 1 - calculates uncached, cached, and cache-write charges without assuming cache hits
2026-10-08T13:50:41.5228933Z   ---
2026-10-08T13:50:41.5229784Z   duration_ms: 1.111664
2026-10-08T13:50:41.5230575Z   type: 'test'
2026-10-08T13:50:41.5231256Z   ...
2026-10-08T13:50:41.5232274Z # Subtest: reasoning usage is informational and never billed twice
2026-10-08T13:50:41.5235489Z ok 2 - reasoning usage is informational and never billed twice
2026-10-08T13:50:41.5249827Z   ---
2026-10-08T13:50:41.5250272Z   duration_ms: 0.19692
2026-10-08T13:50:41.5250671Z   type: 'test'
2026-10-08T13:50:41.5251048Z   ...
2026-10-08T13:50:41.5251830Z # Subtest: aggregates multiple interpreters and one shared builder exactly once
2026-10-08T13:50:41.5253001Z ok 3 - aggregates multiple interpreters and one shared builder exactly once
2026-10-08T13:50:41.5253719Z   ---
2026-10-08T13:50:41.5254316Z   duration_ms: 0.340869
2026-10-08T13:50:41.5254980Z   type: 'test'
2026-10-08T13:50:41.5255341Z   ...
2026-10-08T13:50:41.5257562Z # Subtest: repairs and failures remain in totals while missing usage remains unknown
2026-10-08T13:50:41.5258869Z ok 4 - repairs and failures remain in totals while missing usage remains unknown
2026-10-08T13:50:41.5261024Z   ---
2026-10-08T13:50:41.5261684Z   duration_ms: 0.295514
2026-10-08T13:50:41.5262155Z   type: 'test'
2026-10-08T13:50:41.5262529Z   ...
2026-10-08T13:50:41.5263206Z # Subtest: applies long-context tiers and preserves pricing-version changes per call
2026-10-08T13:50:41.5264384Z ok 5 - applies long-context tiers and preserves pricing-version changes per call
2026-10-08T13:50:41.5265327Z   ---
2026-10-08T13:50:41.5265697Z   duration_ms: 0.7518
2026-10-08T13:50:41.5266033Z   type: 'test'
2026-10-08T13:50:41.5266464Z   ...
2026-10-08T13:50:41.5266933Z # Subtest: estimates stay distinct from the user spending limit
2026-10-08T13:50:41.5268106Z ok 6 - estimates stay distinct from the user spending limit
2026-10-08T13:50:41.5276470Z   ---
2026-10-08T13:50:41.5277245Z   duration_ms: 0.731191
2026-10-08T13:50:41.5277929Z   type: 'test'
2026-10-08T13:50:41.5278282Z   ...
2026-10-08T13:50:41.5279106Z # Subtest: effectiveness requires comparable samples and includes failed repairs in cost
2026-10-08T13:50:41.5280364Z ok 7 - effectiveness requires comparable samples and includes failed repairs in cost
2026-10-08T13:50:41.5281092Z   ---
2026-10-08T13:50:41.5281435Z   duration_ms: 0.721213
2026-10-08T13:50:41.5281819Z   type: 'test'
2026-10-08T13:50:41.5282142Z   ...
2026-10-08T13:50:42.0411840Z # (node:43) ExperimentalWarning: SQLite is an experimental feature and might change at any time
2026-10-08T13:50:42.0413153Z # (Use `node --trace-warnings ...` to show where the warning was created)
2026-10-08T13:50:42.0438120Z # Subtest: Developer / Medium resolves one validated connection and exposes honest rates
2026-10-08T13:50:42.0441213Z ok 8 - Developer / Medium resolves one validated connection and exposes honest rates
2026-10-08T13:50:42.0442072Z   ---
2026-10-08T13:50:42.0442468Z   duration_ms: 1.745302
2026-10-08T13:50:42.0442880Z   type: 'test'
2026-10-08T13:50:42.0443238Z   ...
2026-10-08T13:50:42.0444111Z # Subtest: Developer effort levels expose distinct bounded executor output allowances
2026-10-08T13:50:42.0448406Z ok 9 - Developer effort levels expose distinct bounded executor output allowances
2026-10-08T13:50:42.0449638Z   ---
2026-10-08T13:50:42.0450520Z   duration_ms: 0.951745
2026-10-08T13:50:42.0451065Z   type: 'test'
2026-10-08T13:50:42.0451540Z   ...
2026-10-08T13:50:42.0453504Z # Subtest: complexity is deterministic and does not spend a model call
2026-10-08T13:50:42.0455938Z ok 10 - complexity is deterministic and does not spend a model call
2026-10-08T13:50:42.0456615Z   ---
2026-10-08T13:50:42.0457218Z   duration_ms: 0.349736
2026-10-08T13:50:42.0457638Z   type: 'test'
2026-10-08T13:50:42.0458008Z   ...
2026-10-08T13:50:42.0459076Z # Subtest: evaluation requires repeated task evidence and counts repairs in total cost
2026-10-08T13:50:42.0462373Z ok 11 - evaluation requires repeated task evidence and counts repairs in total cost
2026-10-08T13:50:42.0463193Z   ---
2026-10-08T13:50:42.0463559Z   duration_ms: 0.47991
2026-10-08T13:50:42.0463956Z   type: 'test'
2026-10-08T13:50:42.0464271Z   ...
2026-10-08T13:50:42.0472375Z # Subtest: Developer routing respects the remaining budget
2026-10-08T13:50:42.0473550Z ok 12 - Developer routing respects the remaining budget
2026-10-08T13:50:42.0474499Z   ---
2026-10-08T13:50:42.0474894Z   duration_ms: 0.672211
2026-10-08T13:50:42.0475332Z   type: 'test'
2026-10-08T13:50:42.0475733Z   ...
2026-10-08T13:50:42.0484922Z # Subtest: all three modes are explicit and unimplemented workflows remain unavailable
2026-10-08T13:50:42.0488393Z ok 13 - all three modes are explicit and unimplemented workflows remain unavailable
2026-10-08T13:50:42.0489859Z   ---
2026-10-08T13:50:42.0492020Z   duration_ms: 0.297629
2026-10-08T13:50:42.0492913Z   type: 'test'
2026-10-08T13:50:42.0493722Z   ...
2026-10-08T13:50:42.0496340Z # Subtest: discovery without passed capability checks is unavailable and actionable
2026-10-08T13:50:42.0499107Z ok 14 - discovery without passed capability checks is unavailable and actionable
2026-10-08T13:50:42.0500198Z   ---
2026-10-08T13:50:42.0500986Z   duration_ms: 0.265708
2026-10-08T13:50:42.0501799Z   type: 'test'
2026-10-08T13:50:42.0502453Z   ...
2026-10-08T13:50:42.0503962Z # Subtest: applying a preset is opt-in, preserves Advanced overrides, and does not spend or reserve before dispatch
2026-10-08T13:50:42.0506571Z ok 15 - applying a preset is opt-in, preserves Advanced overrides, and does not spend or reserve before dispatch
2026-10-08T13:50:42.0508586Z   ---
2026-10-08T13:50:42.0515207Z   duration_ms: 33.581858
2026-10-08T13:50:42.0515972Z   type: 'test'
2026-10-08T13:50:42.0516558Z   ...
2026-10-08T13:50:42.0518230Z # Subtest: legacy coding presets migrate to Developer without rewriting assignments, overrides, effort, or history
2026-10-08T13:50:42.0520230Z ok 16 - legacy coding presets migrate to Developer without rewriting assignments, overrides, effort, or history
2026-10-08T13:50:42.0521476Z   ---
2026-10-08T13:50:42.0522199Z   duration_ms: 30.521997
2026-10-08T13:50:42.0523037Z   type: 'test'
2026-10-08T13:50:42.0523688Z   ...
2026-10-08T13:50:42.0524811Z # Subtest: manual assignments remain Custom after migration and activation
2026-10-08T13:50:42.0526156Z ok 17 - manual assignments remain Custom after migration and activation
2026-10-08T13:50:42.0527427Z   ---
2026-10-08T13:50:42.0528126Z   duration_ms: 10.500478
2026-10-08T13:50:42.0528857Z   type: 'test'
2026-10-08T13:50:42.0529499Z   ...
2026-10-08T13:50:43.1480184Z # (node:62) ExperimentalWarning: SQLite is an experimental feature and might change at any time
2026-10-08T13:50:43.1481527Z # (Use `node --trace-warnings ...` to show where the warning was created)
2026-10-08T13:50:45.7690688Z # Subtest: empty cache restores compiled preview, current checkpoint, old version and receipts without inference
2026-10-08T13:50:45.7691676Z ok 18 - empty cache restores compiled preview, current checkpoint, old version and receipts without inference
2026-10-08T13:50:45.7692190Z   ---
2026-10-08T13:50:45.7692396Z   duration_ms: 2618.521065
2026-10-08T13:50:45.7692631Z   type: 'test'
2026-10-08T13:50:45.7692831Z   ...
2026-10-08T13:50:45.8117861Z # Subtest: upload/verification interruption never commits a reference; failed commit replay reuses immutable bodies
2026-10-08T13:50:45.8120440Z ok 19 - upload/verification interruption never commits a reference; failed commit replay reuses immutable bodies
2026-10-08T13:50:45.8121206Z   ---
2026-10-08T13:50:45.8121487Z   duration_ms: 45.869987
2026-10-08T13:50:45.8121809Z   type: 'test'
2026-10-08T13:50:45.8122078Z   ...
2026-10-08T13:50:45.8523978Z # Subtest: missing/corrupt stored bodies are explicit failures, distinct from an empty project
2026-10-08T13:50:45.8526624Z ok 20 - missing/corrupt stored bodies are explicit failures, distinct from an empty project
2026-10-08T13:50:45.8528197Z   ---
2026-10-08T13:50:45.8528647Z   duration_ms: 41.080974
2026-10-08T13:50:45.8529093Z   type: 'test'
2026-10-08T13:50:45.8529364Z   ...
2026-10-08T13:50:45.8639700Z # Subtest: private bucket and project-bound artifact identity fail closed; no public URL is created
2026-10-08T13:50:45.8642700Z ok 21 - private bucket and project-bound artifact identity fail closed; no public URL is created
2026-10-08T13:50:45.8644254Z   ---
2026-10-08T13:50:45.8644704Z   duration_ms: 11.538651
2026-10-08T13:50:45.8645215Z   type: 'test'
2026-10-08T13:50:45.8645533Z   ...
2026-10-08T13:50:45.9871066Z # Subtest: authenticated lazy historical reads reject revoked users, including revocation during download
2026-10-08T13:50:45.9887037Z ok 22 - authenticated lazy historical reads reject revoked users, including revocation during download
2026-10-08T13:50:45.9888296Z   ---
2026-10-08T13:50:45.9888740Z   duration_ms: 123.580487
2026-10-08T13:50:45.9889278Z   type: 'test'
2026-10-08T13:50:45.9889726Z   ...
2026-10-08T13:50:51.3835545Z # Subtest: an interrupted canonical promotion stays hidden; concurrent saves retain edits and the prior artifact
2026-10-08T13:50:51.3856163Z ok 23 - an interrupted canonical promotion stays hidden; concurrent saves retain edits and the prior artifact
2026-10-08T13:50:51.3857634Z   ---
2026-10-08T13:50:51.3858216Z   duration_ms: 5396.001058
2026-10-08T13:50:51.3858745Z   type: 'test'
2026-10-08T13:50:51.3859182Z   ...
2026-10-08T13:50:56.5747333Z # Subtest: lease loss after private body upload cannot promote or start another physical attempt
2026-10-08T13:50:56.5758455Z ok 24 - lease loss after private body upload cannot promote or start another physical attempt
2026-10-08T13:50:56.5759475Z   ---
2026-10-08T13:50:56.5760059Z   duration_ms: 5191.583254
2026-10-08T13:50:56.5760604Z   type: 'test'
2026-10-08T13:50:56.5760840Z   ...
2026-10-08T13:51:01.8515743Z # Subtest: synchronous publication failure clears the pending gate and preserves the previous product
2026-10-08T13:51:01.8518336Z ok 25 - synchronous publication failure clears the pending gate and preserves the previous product
2026-10-08T13:51:01.8519750Z   ---
2026-10-08T13:51:01.8520569Z   duration_ms: 5275.543417
2026-10-08T13:51:01.8521385Z   type: 'test'
2026-10-08T13:51:01.8521778Z   ...
2026-10-08T13:51:01.8679100Z # Subtest: legacy inline checkpoint publication is verified and malformed metadata fails explicitly
2026-10-08T13:51:01.8687932Z ok 26 - legacy inline checkpoint publication is verified and malformed metadata fails explicitly
2026-10-08T13:51:01.8689519Z   ---
2026-10-08T13:51:01.8690116Z   duration_ms: 17.441405
2026-10-08T13:51:01.8690571Z   type: 'test'
2026-10-08T13:51:01.8690955Z   ...
2026-10-08T13:51:07.1489635Z # Subtest: new promotion after a retained-product rollback never overwrites an archived version identity
2026-10-08T13:51:07.1491171Z ok 27 - new promotion after a retained-product rollback never overwrites an archived version identity
2026-10-08T13:51:07.1491987Z   ---
2026-10-08T13:51:07.1492363Z   duration_ms: 5279.627972
2026-10-08T13:51:07.1492758Z   type: 'test'
2026-10-08T13:51:07.1493086Z   ...
2026-10-08T13:51:07.5249387Z # (node:131) ExperimentalWarning: SQLite is an experimental feature and might change at any time
2026-10-08T13:51:07.5250402Z # (Use `node --trace-warnings ...` to show where the warning was created)
2026-10-08T13:51:07.5270569Z # Subtest: personal and builder roles can use different encrypted provider connections
2026-10-08T13:51:07.5298183Z ok 28 - personal and builder roles can use different encrypted provider connections
2026-10-08T13:51:07.5298959Z   ---
2026-10-08T13:51:07.5299324Z   duration_ms: 21.721511
2026-10-08T13:51:07.5299744Z   type: 'test'
2026-10-08T13:51:07.5300094Z   ...
2026-10-08T13:51:07.5300721Z # Subtest: unverified models cannot be activated for an agent layer
2026-10-08T13:51:07.5301624Z ok 29 - unverified models cannot be activated for an agent layer
2026-10-08T13:51:07.5302217Z   ---
2026-10-08T13:51:07.5302576Z   duration_ms: 7.735606
2026-10-08T13:51:07.5303371Z   type: 'test'
2026-10-08T13:51:07.5303731Z   ...
2026-10-08T13:51:07.5304566Z # Subtest: known providers normalize a pasted operation URL to their official API base
2026-10-08T13:51:07.5305755Z ok 30 - known providers normalize a pasted operation URL to their official API base
2026-10-08T13:51:07.5306434Z   ---
2026-10-08T13:51:07.5306653Z   duration_ms: 7.400708
2026-10-08T13:51:07.5307101Z   type: 'test'
2026-10-08T13:51:07.5307407Z   ...
2026-10-08T13:51:07.5307885Z # Subtest: legacy placeholder previews are not exposed as the current generated product
2026-10-08T13:51:07.5308576Z ok 31 - legacy placeholder previews are not exposed as the current generated product
2026-10-08T13:51:07.5308977Z   ---
2026-10-08T13:51:07.5309175Z   duration_ms: 5.818681
2026-10-08T13:51:07.5309475Z   type: 'test'
2026-10-08T13:51:07.5309806Z   ...
2026-10-08T13:51:07.5310319Z # Subtest: canvas effort changes Custom allowances without changing manual assignments
2026-10-08T13:51:07.5310945Z ok 32 - canvas effort changes Custom allowances without changing manual assignments
2026-10-08T13:51:07.5311345Z   ---
2026-10-08T13:51:07.5311536Z   duration_ms: 14.853273
2026-10-08T13:51:07.5311760Z   type: 'test'
2026-10-08T13:51:07.5311950Z   ...
2026-10-08T13:51:07.7311258Z # Subtest: session refresh boundary refreshes missing and near-expiry access tokens
2026-10-08T13:51:07.7318311Z ok 33 - session refresh boundary refreshes missing and near-expiry access tokens
2026-10-08T13:51:07.7319211Z   ---
2026-10-08T13:51:07.7319601Z   duration_ms: 0.790472
2026-10-08T13:51:07.7320132Z   type: 'test'
2026-10-08T13:51:07.7320569Z   ...
2026-10-08T13:51:08.0569211Z # (node:167) ExperimentalWarning: SQLite is an experimental feature and might change at any time
2026-10-08T13:51:08.0570434Z # (Use `node --trace-warnings ...` to show where the warning was created)
2026-10-08T13:51:11.5985910Z # Subtest: submitted builds ignore typing alone, preserve idempotency, and expose token usage
2026-10-08T13:51:11.5987647Z ok 34 - submitted builds ignore typing alone, preserve idempotency, and expose token usage
2026-10-08T13:51:11.5988330Z   ---
2026-10-08T13:51:11.5988625Z   duration_ms: 3542.605518
2026-10-08T13:51:11.5988957Z   type: 'test'
2026-10-08T13:51:11.5989243Z   ...
2026-10-08T13:51:12.6528800Z # (node:202) ExperimentalWarning: SQLite is an experimental feature and might change at any time
2026-10-08T13:51:12.6529908Z # (Use `node --trace-warnings ...` to show where the warning was created)
2026-10-08T13:51:12.8159399Z # Subtest: anonymous registration commits before success, retries dedupe, and restart preserves consent and limits
2026-10-08T13:51:12.8161177Z ok 35 - anonymous registration commits before success, retries dedupe, and restart preserves consent and limits
2026-10-08T13:51:12.8162469Z   ---
2026-10-08T13:51:12.8163257Z   duration_ms: 135.059428
2026-10-08T13:51:12.8163898Z   type: 'test'
2026-10-08T13:51:12.8164437Z   ...
2026-10-08T13:51:12.8171493Z # Subtest: failed durable writes cannot show registration success; rate window expiry allows safe retry
2026-10-08T13:51:12.8177589Z ok 36 - failed durable writes cannot show registration success; rate window expiry allows safe retry
2026-10-08T13:51:12.8178331Z   ---
2026-10-08T13:51:12.8178924Z   duration_ms: 10.780578
2026-10-08T13:51:12.8179561Z   type: 'test'
2026-10-08T13:51:12.8180248Z   ...
2026-10-08T13:51:12.8182030Z # Subtest: registration requires valid email and explicit consent, and forwarded rate identities require Worker proof
2026-10-08T13:51:12.8184471Z ok 37 - registration requires valid email and explicit consent, and forwarded rate identities require Worker proof
2026-10-08T13:51:12.8185375Z   ---
2026-10-08T13:51:12.8185922Z   duration_ms: 0.650759
2026-10-08T13:51:12.8186531Z   type: 'test'
2026-10-08T13:51:12.8187302Z   ...
2026-10-08T13:51:12.8188399Z # Subtest: approval is fresh private authority, owner retains access, and approval grants no foreign membership
2026-10-08T13:51:12.8189970Z ok 38 - approval is fresh private authority, owner retains access, and approval grants no foreign membership
2026-10-08T13:51:12.8191244Z   ---
2026-10-08T13:51:12.8191620Z   duration_ms: 7.956929
2026-10-08T13:51:12.8192024Z   type: 'test'
2026-10-08T13:51:12.8192367Z   ...
2026-10-08T13:51:12.8193472Z # Subtest: pending invitation acceptance leaves the invite untouched and returns to the existing contract after approval
2026-10-08T13:51:12.8195178Z ok 39 - pending invitation acceptance leaves the invite untouched and returns to the existing contract after approval
2026-10-08T13:51:12.8196142Z   ---
2026-10-08T13:51:12.8196475Z   duration_ms: 1.333487
2026-10-08T13:51:12.8197163Z   type: 'test'
2026-10-08T13:51:12.8197525Z   ...
2026-10-08T13:51:12.8422743Z # {"event":"collaboration.upgrade_rejected","category":"forbidden","correlationId":"cf6140da-2d1b-4609-9f45-100dde095efb"}
2026-10-08T13:51:12.8453275Z # {"event":"collaboration.connected","connectionId":"7067ab63-3513-4d7f-827f-727fa3873b15","correlationId":"10e44d6c-7ffe-4dc7-9230-af62cb9dfb08"}
2026-10-08T13:51:12.8517926Z # {"event":"collaboration.disconnected","connectionId":"7067ab63-3513-4d7f-827f-727fa3873b15","code":4403}
2026-10-08T13:51:12.8553637Z # {"event":"collaboration.connected","connectionId":"29c03c81-261b-4072-872e-bf0ad22790ad","correlationId":"782cb68c-f831-4631-94dd-a8f45f2c568c"}
2026-10-08T13:51:12.8585125Z # {"event":"collaboration.disconnected","connectionId":"29c03c81-261b-4072-872e-bf0ad22790ad","code":4403}
2026-10-08T13:51:12.8638515Z # Subtest: unapproved accounts cannot read APIs, previews, downloads, socket upgrades/messages or later delivery
2026-10-08T13:51:12.8640364Z ok 40 - unapproved accounts cannot read APIs, previews, downloads, socket upgrades/messages or later delivery
2026-10-08T13:51:12.8641569Z   ---
2026-10-08T13:51:12.8642023Z   duration_ms: 74.405691
2026-10-08T13:51:12.8642469Z   type: 'test'
2026-10-08T13:51:12.8642978Z   ...
2026-10-08T13:51:13.1979091Z # (node:221) ExperimentalWarning: SQLite is an experimental feature and might change at any time
2026-10-08T13:51:13.1980532Z # (Use `node --trace-warnings ...` to show where the warning was created)
2026-10-08T13:51:19.0894677Z # Subtest: later captured submissions cannot starve a fixed accepted candidate and drain in capture order
2026-10-08T13:51:19.0896360Z ok 41 - later captured submissions cannot starve a fixed accepted candidate and drain in capture order
2026-10-08T13:51:19.0897128Z   ---
2026-10-08T13:51:19.0897492Z   duration_ms: 5832.324649
2026-10-08T13:51:19.0897918Z   type: 'test'
2026-10-08T13:51:19.0898222Z   ...
2026-10-08T13:51:21.5878887Z # Subtest: collection deadline closes admission despite an interpretation backlog
2026-10-08T13:51:21.5881358Z ok 42 - collection deadline closes admission despite an interpretation backlog
2026-10-08T13:51:21.5882728Z   ---
2026-10-08T13:51:21.5883419Z   duration_ms: 2531.137851
2026-10-08T13:51:21.5884050Z   type: 'test'
2026-10-08T13:51:21.5884634Z   ...
2026-10-08T13:51:21.8012956Z # Subtest: pending captured steering survives actual local restart without inference or replay spending
2026-10-08T13:51:21.8015048Z ok 43 - pending captured steering survives actual local restart without inference or replay spending
2026-10-08T13:51:21.8016133Z   ---
2026-10-08T13:51:21.8017087Z   duration_ms: 210.838881
2026-10-08T13:51:21.8017833Z   type: 'test'
2026-10-08T13:51:21.8018505Z   ...
2026-10-08T13:51:24.1658469Z # Subtest: explicit correction bypasses deferred submissions, cancels assumptions and retains executor allowance
2026-10-08T13:51:24.1660044Z ok 44 - explicit correction bypasses deferred submissions, cancels assumptions and retains executor allowance
2026-10-08T13:51:24.1660887Z   ---
2026-10-08T13:51:24.1661199Z   duration_ms: 2365.383969
2026-10-08T13:51:24.1661557Z   type: 'test'
2026-10-08T13:51:24.1661857Z   ...
2026-10-08T13:51:26.4876518Z # Subtest: current membership is rechecked before deferred interpretation dispatch
2026-10-08T13:51:26.4883899Z ok 45 - current membership is rechecked before deferred interpretation dispatch
2026-10-08T13:51:26.4884728Z   ---
2026-10-08T13:51:26.4885333Z   duration_ms: 2321.604534
2026-10-08T13:51:26.4885664Z   type: 'test'
2026-10-08T13:51:26.4885868Z   ...
2026-10-08T13:51:28.7467372Z # Subtest: continuous captures do not replenish the executor ceiling between collected candidates
2026-10-08T13:51:28.7472468Z ok 46 - continuous captures do not replenish the executor ceiling between collected candidates
2026-10-08T13:51:28.7474097Z   ---
2026-10-08T13:51:28.7474804Z   duration_ms: 2260.185596
2026-10-08T13:51:28.7475647Z   type: 'test'
2026-10-08T13:51:28.7476355Z   ...
2026-10-08T13:51:38.4820036Z # Subtest: sustained captures make revision-labelled progress each cycle without a quiet global queue
2026-10-08T13:51:38.4823009Z ok 47 - sustained captures make revision-labelled progress each cycle without a quiet global queue
2026-10-08T13:51:38.4823680Z   ---
2026-10-08T13:51:38.4824030Z   duration_ms: 9733.423182
2026-10-08T13:51:38.4824397Z   type: 'test'
2026-10-08T13:51:38.4824726Z   ...
2026-10-08T13:51:40.7296599Z # Subtest: attribution-only deferred acceptance neither rebuilds nor leaves a stuck budget or queue
2026-10-08T13:51:40.7299874Z ok 48 - attribution-only deferred acceptance neither rebuilds nor leaves a stuck budget or queue
2026-10-08T13:51:40.7301197Z   ---
2026-10-08T13:51:40.7301795Z   duration_ms: 2277.481612
2026-10-08T13:51:40.7302532Z   type: 'test'
2026-10-08T13:51:40.7303137Z   ...
2026-10-08T13:51:40.9151694Z # Subtest: Alt+X is exact and ignores repeats, composition, AltGraph and extra modifiers
2026-10-08T13:51:40.9164078Z ok 49 - Alt+X is exact and ignores repeats, composition, AltGraph and extra modifiers
2026-10-08T13:51:40.9165191Z   ---
2026-10-08T13:51:40.9165937Z   duration_ms: 0.985849
2026-10-08T13:51:40.9166523Z   type: 'test'
2026-10-08T13:51:40.9166943Z   ...
2026-10-08T13:51:40.9167553Z # Subtest: legacy preferences cannot override the fixed platform shortcut
2026-10-08T13:51:40.9168121Z ok 50 - legacy preferences cannot override the fixed platform shortcut
2026-10-08T13:51:40.9168478Z   ---
2026-10-08T13:51:40.9168702Z   duration_ms: 0.247744
2026-10-08T13:51:40.9168921Z   type: 'test'
2026-10-08T13:51:40.9169111Z   ...
2026-10-08T13:51:41.1810517Z # Subtest: builder schema and planning repair missing or invalid file operations before tool execution
2026-10-08T13:51:41.1834584Z ok 51 - builder schema and planning repair missing or invalid file operations before tool execution
2026-10-08T13:51:41.1835456Z   ---
2026-10-08T13:51:41.1835842Z   duration_ms: 47.530816
2026-10-08T13:51:41.1847942Z   type: 'test'
2026-10-08T13:51:41.1848474Z   ...
2026-10-08T13:51:41.1898809Z # Subtest: builder accepts locally recoverable JSON serialization around multiline TSX without a paid retry
2026-10-08T13:51:41.1900303Z ok 52 - builder accepts locally recoverable JSON serialization around multiline TSX without a paid retry
2026-10-08T13:51:41.1901135Z   ---
2026-10-08T13:51:41.1901464Z   duration_ms: 12.594055
2026-10-08T13:51:41.1901853Z   type: 'test'
2026-10-08T13:51:41.1902176Z   ...
2026-10-08T13:51:43.9049959Z # Subtest: real isolated browser verifies accepted filter, favorites and sorting and binds evidence to the candidate
2026-10-08T13:51:43.9054227Z not ok 53 - real isolated browser verifies accepted filter, favorites and sorting and binds evidence to the candidate
2026-10-08T13:51:43.9054837Z   ---
2026-10-08T13:51:43.9055438Z   duration_ms: 2443.693767
2026-10-08T13:51:43.9055726Z   type: 'test'
2026-10-08T13:51:43.9056086Z   location: '/app/tests/candidate-verification.test.ts:1:1385'
2026-10-08T13:51:43.9056499Z   failureType: 'testCodeFailure'
2026-10-08T13:51:43.9057694Z   error: 'Browser diagnostics exceeded their bound.'
2026-10-08T13:51:43.9058109Z   code: 'isolation_resource_limit'
2026-10-08T13:51:43.9058372Z   stack: |-
2026-10-08T13:51:43.9058694Z     Socket.<anonymous> (/app/server/isolation/browser.ts:76:50)
2026-10-08T13:51:43.9059083Z     Socket.emit (node:events:519:28)
2026-10-08T13:51:43.9059430Z     addChunk (node:internal/streams/readable:561:12)
2026-10-08T13:51:43.9059904Z     readableAddChunkPushByteMode (node:internal/streams/readable:512:3)
2026-10-08T13:51:43.9060692Z     Readable.push (node:internal/streams/readable:392:5)
2026-10-08T13:51:43.9061140Z     Pipe.onStreamRead (node:internal/stream_base_commons:189:23)
2026-10-08T13:51:43.9061490Z   ...
2026-10-08T13:51:48.8302628Z # Subtest: compiling controls without behavior fail; retained feature regressions are checked on every candidate
2026-10-08T13:51:48.8309757Z not ok 54 - compiling controls without behavior fail; retained feature regressions are checked on every candidate
2026-10-08T13:51:48.8310736Z   ---
2026-10-08T13:51:48.8311043Z   duration_ms: 4932.029173
2026-10-08T13:51:48.8311437Z   type: 'test'
2026-10-08T13:51:48.8312042Z   location: '/app/tests/candidate-verification.test.ts:1:3090'
2026-10-08T13:51:48.8312731Z   failureType: 'testCodeFailure'
2026-10-08T13:51:48.8313590Z   error: 'Verification stopped within its memory/process/CPU/file limits.'
2026-10-08T13:51:48.8314426Z   code: 'isolation_resource_limit'
2026-10-08T13:51:48.8314890Z   stack: |-
2026-10-08T13:51:48.8315509Z     ChildProcess.<anonymous> (/app/server/isolation/browser.ts:115:200)
2026-10-08T13:51:48.8316265Z     Object.onceWrapper (node:events:634:26)
2026-10-08T13:51:48.8317106Z     ChildProcess.emit (node:events:519:28)
2026-10-08T13:51:48.8317781Z     maybeClose (node:internal/child_process:1101:16)
2026-10-08T13:51:48.8318351Z     Socket.<anonymous> (node:internal/child_process:456:11)
2026-10-08T13:51:48.8318718Z     Socket.emit (node:events:519:28)
2026-10-08T13:51:48.8319036Z     Pipe.<anonymous> (node:net:347:12)
2026-10-08T13:51:48.8319288Z   ...
2026-10-08T13:51:51.1722130Z # Subtest: unsupported prose remains unverified and generated assertion tampering cannot replace trusted checks
2026-10-08T13:51:51.1724453Z not ok 55 - unsupported prose remains unverified and generated assertion tampering cannot replace trusted checks
2026-10-08T13:51:51.1725532Z   ---
2026-10-08T13:51:51.1725878Z   duration_ms: 2344.68526
2026-10-08T13:51:51.1726311Z   type: 'test'
2026-10-08T13:51:51.1727104Z   location: '/app/tests/candidate-verification.test.ts:1:3828'
2026-10-08T13:51:51.1728033Z   failureType: 'testCodeFailure'
2026-10-08T13:51:51.1728811Z   error: 'Browser diagnostics exceeded their bound.'
2026-10-08T13:51:51.1729366Z   code: 'isolation_resource_limit'
2026-10-08T13:51:51.1729752Z   stack: |-
2026-10-08T13:51:51.1730194Z     Socket.<anonymous> (/app/server/isolation/browser.ts:76:50)
2026-10-08T13:51:51.1730736Z     Socket.emit (node:events:519:28)
2026-10-08T13:51:51.1731140Z     addChunk (node:internal/streams/readable:561:12)
2026-10-08T13:51:51.1731604Z     readableAddChunkPushByteMode (node:internal/streams/readable:512:3)
2026-10-08T13:51:51.1732074Z     Readable.push (node:internal/streams/readable:392:5)
2026-10-08T13:51:51.1732499Z     Pipe.onStreamRead (node:internal/stream_base_commons:189:23)
2026-10-08T13:51:51.1732833Z   ...
2026-10-08T13:51:51.4842380Z # Subtest: actual verification browser denies a private host file and loopback network and removes its child/profile
2026-10-08T13:51:51.4845006Z not ok 56 - actual verification browser denies a private host file and loopback network and removes its child/profile
2026-10-08T13:51:51.4846433Z   ---
2026-10-08T13:51:51.4847126Z   duration_ms: 318.190553
2026-10-08T13:51:51.4847533Z   type: 'test'
2026-10-08T13:51:51.4848190Z   location: '/app/tests/candidate-verification.test.ts:2:705'
2026-10-08T13:51:51.4848635Z   failureType: 'testCodeFailure'
2026-10-08T13:51:51.4849003Z   error: 'Browser diagnostics exceeded their bound.'
2026-10-08T13:51:51.4849380Z   code: 'isolation_resource_limit'
2026-10-08T13:51:51.4849652Z   stack: |-
2026-10-08T13:51:51.4850035Z     Socket.<anonymous> (/app/server/isolation/browser.ts:76:50)
2026-10-08T13:51:51.4850454Z     Socket.emit (node:events:519:28)
2026-10-08T13:51:51.4850819Z     addChunk (node:internal/streams/readable:561:12)
2026-10-08T13:51:51.4851325Z     readableAddChunkPushByteMode (node:internal/streams/readable:512:3)
2026-10-08T13:51:51.4852024Z     Readable.push (node:internal/streams/readable:392:5)
2026-10-08T13:51:51.4852502Z     Pipe.onStreamRead (node:internal/stream_base_commons:189:23)
2026-10-08T13:51:51.4852877Z   ...
2026-10-08T13:51:52.1461973Z # Subtest: browser CPU and protocol output remain inside the reused Job Object bounds
2026-10-08T13:51:52.1463262Z ok 57 - browser CPU and protocol output remain inside the reused Job Object bounds
2026-10-08T13:51:52.1464128Z   ---
2026-10-08T13:51:52.1464494Z   duration_ms: 655.525202
2026-10-08T13:51:52.1464909Z   type: 'test'
2026-10-08T13:51:52.1465246Z   ...
2026-10-08T13:51:52.4532049Z # Subtest: cancellation and wall limits terminate browser execution and leave no child jobs
2026-10-08T13:51:52.4534446Z not ok 58 - cancellation and wall limits terminate browser execution and leave no child jobs
2026-10-08T13:51:52.4534995Z   ---
2026-10-08T13:51:52.4535209Z   duration_ms: 316.476326
2026-10-08T13:51:52.4535439Z   type: 'test'
2026-10-08T13:51:52.4535772Z   location: '/app/tests/candidate-verification.test.ts:2:3329'
2026-10-08T13:51:52.4536192Z   failureType: 'testCodeFailure'
2026-10-08T13:51:52.4536438Z   error: |-
2026-10-08T13:51:52.4538232Z     The validation function is expected to return "true". Received false
2026-10-08T13:51:52.4538631Z     
2026-10-08T13:51:52.4538810Z     Caught error:
2026-10-08T13:51:52.4539019Z     
2026-10-08T13:51:52.4539295Z     Error: Browser diagnostics exceeded their bound.
2026-10-08T13:51:52.4539610Z   code: 'ERR_ASSERTION'
2026-10-08T13:51:52.4539842Z   name: 'AssertionError'
2026-10-08T13:51:52.4540062Z   stack: |-
2026-10-08T13:51:52.4540448Z     async TestContext.<anonymous> (/app/tests/candidate-verification.test.ts:103:5)
2026-10-08T13:51:52.4540954Z     async Test.run (node:internal/test_runner/test:1054:7)
2026-10-08T13:51:52.4541433Z     async Test.processPendingSubtests (node:internal/test_runner/test:744:7)
2026-10-08T13:51:52.4541811Z   ...
2026-10-08T13:51:53.4745445Z # (node:747) ExperimentalWarning: SQLite is an experimental feature and might change at any time
2026-10-08T13:51:53.4746566Z # (Use `node --trace-warnings ...` to show where the warning was created)
2026-10-08T13:51:53.4866400Z # Subtest: the pre-launch deployment binds hosted auth and callbacks to the custom domain
2026-10-08T13:51:53.4868618Z ok 59 - the pre-launch deployment binds hosted auth and callbacks to the custom domain
2026-10-08T13:51:53.4887084Z   ---
2026-10-08T13:51:53.4887480Z   duration_ms: 1.788433
2026-10-08T13:51:53.4887841Z   type: 'test'
2026-10-08T13:51:53.4888072Z   ...
2026-10-08T13:51:53.4888656Z # Subtest: legacy links preserve their destination without allowing host escape or protected ingress
2026-10-08T13:51:53.4889537Z ok 60 - legacy links preserve their destination without allowing host escape or protected ingress
2026-10-08T13:51:53.4890150Z   ---
2026-10-08T13:51:53.4890487Z   duration_ms: 3.923787
2026-10-08T13:51:53.4890866Z   type: 'test'
2026-10-08T13:51:53.4891186Z   ...
2026-10-08T13:51:53.4891848Z # Subtest: www redirects exact paths and queries to canonical HTTPS without proxying an alternate application
2026-10-08T13:51:53.4893089Z ok 61 - www redirects exact paths and queries to canonical HTTPS without proxying an alternate application
2026-10-08T13:51:53.4893802Z   ---
2026-10-08T13:51:53.4894016Z   duration_ms: 1.255153
2026-10-08T13:51:53.4894255Z   type: 'test'
2026-10-08T13:51:53.4894686Z   ...
2026-10-08T13:51:53.5210588Z # Subtest: the application exposes a container readiness endpoint
2026-10-08T13:51:53.5212788Z ok 62 - the application exposes a container readiness endpoint
2026-10-08T13:51:53.5213570Z   ---
2026-10-08T13:51:53.5214152Z   duration_ms: 53.900471
2026-10-08T13:51:53.5214829Z   type: 'test'
2026-10-08T13:51:53.5215227Z   ...
2026-10-08T13:51:54.5358292Z # Subtest: unknown API paths return JSON errors while the existing auth callback reaches the SPA
2026-10-08T13:51:54.5360144Z ok 63 - unknown API paths return JSON errors while the existing auth callback reaches the SPA
2026-10-08T13:51:54.5361425Z   ---
2026-10-08T13:51:54.5362428Z   duration_ms: 31.391424
2026-10-08T13:51:54.5362955Z   type: 'test'
2026-10-08T13:51:54.5363400Z   ...
2026-10-08T13:51:54.5364729Z # Subtest: the Cloudflare container uses the native WebSocket-aware proxy
2026-10-08T13:51:54.5367370Z ok 64 - the Cloudflare container uses the native WebSocket-aware proxy
2026-10-08T13:51:54.5368177Z   ---
2026-10-08T13:51:54.5368578Z   duration_ms: 0.794881
2026-10-08T13:51:54.5369026Z   type: 'test'
2026-10-08T13:51:54.5369425Z   ...
2026-10-08T13:51:54.5377748Z # Subtest: Worker gates HTTP and socket ingress until the running image matches the prepared source
2026-10-08T13:51:54.5378522Z ok 65 - Worker gates HTTP and socket ingress until the running image matches the prepared source
2026-10-08T13:51:54.5378956Z   ---
2026-10-08T13:51:54.5379148Z   duration_ms: 4.8054
2026-10-08T13:51:54.5379366Z   type: 'test'
2026-10-08T13:51:54.5379560Z   ...
2026-10-08T13:51:54.5388545Z # Subtest: direct application startup refuses unavailable isolation before binding a server
2026-10-08T13:51:54.5415269Z ok 66 - direct application startup refuses unavailable isolation before binding a server
2026-10-08T13:51:54.5415725Z   ---
2026-10-08T13:51:54.5415940Z   duration_ms: 980.938054
2026-10-08T13:51:54.5416185Z   type: 'test'
2026-10-08T13:51:54.5416382Z   ...
2026-10-08T13:51:54.8776077Z # Subtest: server-signed attribution cannot be changed by the client
2026-10-08T13:51:54.8777684Z ok 67 - server-signed attribution cannot be changed by the client
2026-10-08T13:51:54.8779211Z   ---
2026-10-08T13:51:54.8780052Z   duration_ms: 1.92026
2026-10-08T13:51:54.8780818Z   type: 'test'
2026-10-08T13:51:54.8781405Z   ...
2026-10-08T13:51:54.8782454Z # Subtest: independent concurrent Yjs edits merge without lost text
2026-10-08T13:51:54.8785180Z ok 68 - independent concurrent Yjs edits merge without lost text
2026-10-08T13:51:54.8787161Z   ---
2026-10-08T13:51:54.8789039Z   duration_ms: 5.343579
2026-10-08T13:51:54.8790095Z   type: 'test'
2026-10-08T13:51:54.8790981Z   ...
2026-10-08T13:51:54.8791925Z # Subtest: only the newest orchestration revision can be promoted
2026-10-08T13:51:54.8793166Z ok 69 - only the newest orchestration revision can be promoted
2026-10-08T13:51:54.8794022Z   ---
2026-10-08T13:51:54.8794606Z   duration_ms: 0.126788
2026-10-08T13:51:54.8795250Z   type: 'test'
2026-10-08T13:51:54.8795847Z   ...
2026-10-08T13:51:54.8814714Z # Subtest: generation errors retain the last success and block unsafe code
2026-10-08T13:51:54.8818300Z ok 70 - generation errors retain the last success and block unsafe code
2026-10-08T13:51:54.8888209Z   ---
2026-10-08T13:51:54.8927284Z   duration_ms: 0.619611
2026-10-08T13:51:54.8928069Z   type: 'test'
2026-10-08T13:51:54.8928613Z   ...
2026-10-08T13:51:54.8929495Z # Subtest: custom provider URLs require HTTPS except for local testing
2026-10-08T13:51:54.8930810Z ok 71 - custom provider URLs require HTTPS except for local testing
2026-10-08T13:51:54.8931688Z   ---
2026-10-08T13:51:54.8932354Z   duration_ms: 0.398287
2026-10-08T13:51:54.8932997Z   type: 'test'
2026-10-08T13:51:54.8933526Z   ...
2026-10-08T13:51:54.8934380Z # Subtest: provider model discovery returns exact account model IDs
2026-10-08T13:51:54.8935497Z ok 72 - provider model discovery returns exact account model IDs
2026-10-08T13:51:54.8936297Z   ---
2026-10-08T13:51:54.8937061Z   duration_ms: 18.964816
2026-10-08T13:51:54.8938281Z   type: 'test'
2026-10-08T13:51:54.8938868Z   ...
2026-10-08T13:51:56.8503960Z # Subtest: multi-file project compiles to an isolated React preview
2026-10-08T13:51:56.8507538Z ok 73 - multi-file project compiles to an isolated React preview
2026-10-08T13:51:56.8513829Z   ---
2026-10-08T13:51:56.8514442Z   duration_ms: 2002.536997
2026-10-08T13:51:56.8514907Z   type: 'test'
2026-10-08T13:51:56.8515142Z   ...
2026-10-08T13:51:57.9064386Z # Subtest: audit follows the prepared isolated worker without hiding missing source imports
2026-10-08T13:51:57.9065562Z ok 74 - audit follows the prepared isolated worker without hiding missing source imports
2026-10-08T13:51:57.9066449Z   ---
2026-10-08T13:51:57.9066711Z   duration_ms: 17.020112
2026-10-08T13:51:57.9069481Z   type: 'test'
2026-10-08T13:51:57.9069954Z   ...
2026-10-08T13:51:57.9071904Z # Subtest: UI scope rejects backend authority, shared contracts and migrations
2026-10-08T13:51:57.9073331Z ok 75 - UI scope rejects backend authority, shared contracts and migrations
2026-10-08T13:51:57.9074202Z   ---
2026-10-08T13:51:57.9074628Z   duration_ms: 0.487815
2026-10-08T13:51:57.9075128Z   type: 'test'
2026-10-08T13:51:57.9075554Z   ...
2026-10-08T13:51:57.9076726Z # Subtest: Vercel and direct TypeSafe reviews use separate endpoints and credentials without retries
2026-10-08T13:51:57.9079162Z ok 76 - Vercel and direct TypeSafe reviews use separate endpoints and credentials without retries
2026-10-08T13:51:57.9084239Z   ---
2026-10-08T13:51:57.9084471Z   duration_ms: 21.794635
2026-10-08T13:51:57.9084709Z   type: 'test'
2026-10-08T13:51:57.9084916Z   ...
2026-10-08T13:51:57.9085394Z # Subtest: audit retains literal dynamic and type imports, ambient declarations and tooling roots
2026-10-08T13:51:57.9087498Z ok 77 - audit retains literal dynamic and type imports, ambient declarations and tooling roots
2026-10-08T13:51:57.9088308Z   ---
2026-10-08T13:51:57.9088650Z   duration_ms: 3.747816
2026-10-08T13:51:57.9089034Z   type: 'test'
2026-10-08T13:51:57.9089383Z   ...
2026-10-08T13:51:57.9090192Z # Subtest: audit reports browser/server coupling and preserves uncertainty about nonliteral loads
2026-10-08T13:51:57.9090940Z ok 78 - audit reports browser/server coupling and preserves uncertainty about nonliteral loads
2026-10-08T13:51:57.9091372Z   ---
2026-10-08T13:51:57.9091562Z   duration_ms: 0.863749
2026-10-08T13:51:57.9091785Z   type: 'test'
2026-10-08T13:51:57.9091980Z   ...
2026-10-08T13:51:57.9092524Z # Subtest: untrusted Jev output cannot introduce unknown options, invalid probabilities or a different model
2026-10-08T13:51:57.9094323Z ok 79 - untrusted Jev output cannot introduce unknown options, invalid probabilities or a different model
2026-10-08T13:51:57.9095205Z   ---
2026-10-08T13:51:57.9095544Z   duration_ms: 1.133606
2026-10-08T13:51:57.9095945Z   type: 'test'
2026-10-08T13:51:57.9096268Z   ...
2026-10-08T13:51:58.9416063Z # (node:823) ExperimentalWarning: SQLite is an experimental feature and might change at any time
2026-10-08T13:51:58.9417299Z # (Use `node --trace-warnings ...` to show where the warning was created)
2026-10-08T13:51:58.9595375Z # {"event":"collaboration.upgrade_rejected","category":"invalid_session","correlationId":"fcb588fd-eb70-4599-affe-fc685046dc20"}
2026-10-08T13:51:59.0070195Z # {"event":"collaboration.upgrade_rejected","category":"invalid_session","correlationId":"d1761216-ad03-4174-a42b-f83a73bbc149"}
2026-10-08T13:51:59.0085291Z # {"event":"collaboration.upgrade_rejected","category":"missing_room","correlationId":"fb5a0444-edaa-4a50-9cfc-67ee874296ba"}
2026-10-08T13:51:59.0156450Z # Subtest: collaboration upgrades expose safe authentication and room failures
2026-10-08T13:51:59.0160466Z ok 80 - collaboration upgrades expose safe authentication and room failures
2026-10-08T13:51:59.0161836Z   ---
2026-10-08T13:51:59.0162388Z   duration_ms: 82.010859
2026-10-08T13:51:59.0162988Z   type: 'test'
2026-10-08T13:51:59.0163502Z   ...
2026-10-08T13:52:00.0871355Z # (node:842) ExperimentalWarning: SQLite is an experimental feature and might change at any time
2026-10-08T13:52:00.0873194Z # (Use `node --trace-warnings ...` to show where the warning was created)
2026-10-08T13:52:00.1908562Z # Subtest: conflict endpoint enforces editor role, contributor identity, stale choices, and retry identity
2026-10-08T13:52:00.1909723Z ok 81 - conflict endpoint enforces editor role, contributor identity, stale choices, and retry identity
2026-10-08T13:52:00.1910551Z   ---
2026-10-08T13:52:00.1910860Z   duration_ms: 140.365352
2026-10-08T13:52:00.1911259Z   type: 'test'
2026-10-08T13:52:00.1911581Z   ...
2026-10-08T13:52:01.2075062Z # (node:861) ExperimentalWarning: SQLite is an experimental feature and might change at any time
2026-10-08T13:52:01.2076177Z # (Use `node --trace-warnings ...` to show where the warning was created)
2026-10-08T13:52:01.3928848Z # Subtest: workspace owner discovers account models and activates the shared connection
2026-10-08T13:52:01.3937988Z ok 82 - workspace owner discovers account models and activates the shared connection
2026-10-08T13:52:01.3938947Z   ---
2026-10-08T13:52:01.3939568Z   duration_ms: 181.096123
2026-10-08T13:52:01.3940141Z   type: 'test'
2026-10-08T13:52:01.3940672Z   ...
2026-10-08T13:52:01.4268144Z # Subtest: collaborators receive redacted connection status and cannot manage owner credentials
2026-10-08T13:52:01.4270027Z ok 83 - collaborators receive redacted connection status and cannot manage owner credentials
2026-10-08T13:52:01.4271003Z   ---
2026-10-08T13:52:01.4271506Z   duration_ms: 36.170052
2026-10-08T13:52:01.4272075Z   type: 'test'
2026-10-08T13:52:01.4272560Z   ...
2026-10-08T13:52:01.4533497Z # Subtest: AI effort endpoint is owner-only and validates the requested level
2026-10-08T13:52:01.4534574Z ok 84 - AI effort endpoint is owner-only and validates the requested level
2026-10-08T13:52:01.4535019Z   ---
2026-10-08T13:52:01.4535246Z   duration_ms: 27.137813
2026-10-08T13:52:01.4535498Z   type: 'test'
2026-10-08T13:52:01.4535718Z   ...
2026-10-08T13:52:01.4811149Z # Subtest: owner effort mutation updates a connected Custom room without a provider call
2026-10-08T13:52:01.4821420Z ok 85 - owner effort mutation updates a connected Custom room without a provider call
2026-10-08T13:52:01.4822254Z   ---
2026-10-08T13:52:01.4822803Z   duration_ms: 30.541255
2026-10-08T13:52:01.4823494Z   type: 'test'
2026-10-08T13:52:01.4824106Z   ...
2026-10-08T13:52:01.9913186Z # (node:881) ExperimentalWarning: SQLite is an experimental feature and might change at any time
2026-10-08T13:52:01.9914550Z # (Use `node --trace-warnings ...` to show where the warning was created)
2026-10-08T13:52:02.0530250Z # Subtest: remote claims and renewals coalesce; timeout permanently fences a delayed renewal
2026-10-08T13:52:02.0624883Z ok 86 - remote claims and renewals coalesce; timeout permanently fences a delayed renewal
2026-10-08T13:52:02.0626075Z   ---
2026-10-08T13:52:02.0629088Z   duration_ms: 22.658081
2026-10-08T13:52:02.0630052Z   type: 'test'
2026-10-08T13:52:02.0630468Z   ...
2026-10-08T13:52:02.0631351Z # Subtest: closing during a claim releases the late epoch without reviving ownership
2026-10-08T13:52:02.0632560Z ok 87 - closing during a claim releases the late epoch without reviving ownership
2026-10-08T13:52:02.0633304Z   ---
2026-10-08T13:52:02.0633671Z   duration_ms: 1.282885
2026-10-08T13:52:02.0634086Z   type: 'test'
2026-10-08T13:52:02.0634439Z   ...
2026-10-08T13:52:02.0643655Z # Subtest: closing during renewal cannot validate an old worker; malformed epochs fail closed
2026-10-08T13:52:02.0645268Z ok 88 - closing during renewal cannot validate an old worker; malformed epochs fail closed
2026-10-08T13:52:02.0649292Z   ---
2026-10-08T13:52:02.0650006Z   duration_ms: 1.954715
2026-10-08T13:52:02.0650849Z   type: 'test'
2026-10-08T13:52:02.0651370Z   ...
2026-10-08T13:52:02.0652761Z # Subtest: loss during durable dispatch intent prevents physical provider HTTP and subsequent mutations
2026-10-08T13:52:02.0655046Z ok 89 - loss during durable dispatch intent prevents physical provider HTTP and subsequent mutations
2026-10-08T13:52:02.0656138Z   ---
2026-10-08T13:52:02.0656685Z   duration_ms: 38.540896
2026-10-08T13:52:02.0657516Z   type: 'test'
2026-10-08T13:52:02.0658049Z   ...
2026-10-08T13:52:02.0659129Z # Subtest: hosted dispatch and document writes carry fences; stale SQL results invalidate the owner
2026-10-08T13:52:02.0661371Z ok 90 - hosted dispatch and document writes carry fences; stale SQL results invalidate the owner
2026-10-08T13:52:02.0662335Z   ---
2026-10-08T13:52:02.0662824Z   duration_ms: 7.592997
2026-10-08T13:52:02.0663363Z   type: 'test'
2026-10-08T13:52:02.0663845Z   ...
2026-10-08T13:52:02.4168392Z # (node:900) ExperimentalWarning: SQLite is an experimental feature and might change at any time
2026-10-08T13:52:02.4169943Z # (Use `node --trace-warnings ...` to show where the warning was created)
2026-10-08T13:52:04.5131273Z # Subtest: promotion API rejects missing, changed and cancelled coordinator evidence before workspace writes
2026-10-08T13:52:04.5132898Z ok 91 - promotion API rejects missing, changed and cancelled coordinator evidence before workspace writes
2026-10-08T13:52:04.5133963Z   ---
2026-10-08T13:52:04.5134399Z   duration_ms: 1990.294637
2026-10-08T13:52:04.5134841Z   type: 'test'
2026-10-08T13:52:04.5135197Z   ...
2026-10-08T13:52:04.5136149Z # Subtest: event store orders events, redacts secrets, stores artifacts, and enforces run transitions
2026-10-08T13:52:04.5137850Z ok 92 - event store orders events, redacts secrets, stores artifacts, and enforces run transitions
2026-10-08T13:52:04.5138693Z   ---
2026-10-08T13:52:04.5139049Z   duration_ms: 18.527042
2026-10-08T13:52:04.5139463Z   type: 'test'
2026-10-08T13:52:04.5139845Z   ...
2026-10-08T13:52:04.5140707Z # Subtest: tool policy denies personal agents and unknown tools before execution
2026-10-08T13:52:04.5141831Z ok 93 - tool policy denies personal agents and unknown tools before execution
2026-10-08T13:52:04.5142539Z   ---
2026-10-08T13:52:04.5142893Z   duration_ms: 12.659954
2026-10-08T13:52:04.5143309Z   type: 'test'
2026-10-08T13:52:04.5143673Z   ...
2026-10-08T13:52:04.5144498Z # Subtest: append-only snapshot artifacts reconstruct a missing derived workspace view
2026-10-08T13:52:04.5145753Z ok 94 - append-only snapshot artifacts reconstruct a missing derived workspace view
2026-10-08T13:52:04.5146510Z   ---
2026-10-08T13:52:04.5147840Z   duration_ms: 12.141482
2026-10-08T13:52:04.5150350Z   type: 'test'
2026-10-08T13:52:04.5150711Z   ...
2026-10-08T13:52:04.5151496Z # Subtest: room restart reconstructs the last product and interrupts an in-flight run
2026-10-08T13:52:04.5152731Z ok 95 - room restart reconstructs the last product and interrupts an in-flight run
2026-10-08T13:52:04.5153457Z   ---
2026-10-08T13:52:04.5153812Z   duration_ms: 44.237935
2026-10-08T13:52:04.5154234Z   type: 'test'
2026-10-08T13:52:04.5154567Z   ...
2026-10-08T13:52:04.5155294Z # Subtest: legacy workspace migration makes a backup before importing state
2026-10-08T13:52:04.5156385Z ok 96 - legacy workspace migration makes a backup before importing state
2026-10-08T13:52:04.5157333Z   ---
2026-10-08T13:52:04.5157693Z   duration_ms: 12.211192
2026-10-08T13:52:04.5158176Z   type: 'test'
2026-10-08T13:52:04.5158546Z   ...
2026-10-08T13:52:04.5159429Z # Subtest: durable workflow projection records task transitions and supports cursor recovery
2026-10-08T13:52:04.5160772Z ok 97 - durable workflow projection records task transitions and supports cursor recovery
2026-10-08T13:52:04.5161567Z   ---
2026-10-08T13:52:04.5161921Z   duration_ms: 17.166652
2026-10-08T13:52:04.5162355Z   type: 'test'
2026-10-08T13:52:04.5162707Z   ...
2026-10-08T13:52:04.5163580Z # Subtest: restart preserves a pending multi-option conflict group and resolver membership
2026-10-08T13:52:04.5164898Z ok 98 - restart preserves a pending multi-option conflict group and resolver membership
2026-10-08T13:52:04.5165683Z   ---
2026-10-08T13:52:04.5166039Z   duration_ms: 22.547319
2026-10-08T13:52:04.5166464Z   type: 'test'
2026-10-08T13:52:04.5167070Z   ...
2026-10-08T13:52:08.7513343Z # Subtest: ordinary compilation runs in the real OS boundary and never evaluates candidate top-level code
2026-10-08T13:52:08.7515242Z ok 99 - ordinary compilation runs in the real OS boundary and never evaluates candidate top-level code
2026-10-08T13:52:08.7516611Z   ---
2026-10-08T13:52:08.7517240Z   duration_ms: 4051.241326
2026-10-08T13:52:08.7517697Z   type: 'test'
2026-10-08T13:52:08.7518068Z   ...
2026-10-08T13:52:08.8077471Z # Subtest: OS boundary without Node permissions denies an existing private host file, writes and live loopback network
2026-10-08T13:52:08.8078567Z ok 100 - OS boundary without Node permissions denies an existing private host file, writes and live loopback network
2026-10-08T13:52:08.8079432Z   ---
2026-10-08T13:52:08.8079655Z   duration_ms: 60.676459
2026-10-08T13:52:08.8079918Z   type: 'test'
2026-10-08T13:52:08.8080127Z   ...
2026-10-08T13:52:08.8681464Z # Subtest: restricted process strips injection/secrets and denies subprocesses, workers and cross-workspace reads
2026-10-08T13:52:08.8682654Z ok 101 - restricted process strips injection/secrets and denies subprocesses, workers and cross-workspace reads
2026-10-08T13:52:08.8683289Z   ---
2026-10-08T13:52:08.8683524Z   duration_ms: 53.582253
2026-10-08T13:52:08.8683796Z   type: 'test'
2026-10-08T13:52:08.8684037Z   ...
2026-10-08T13:52:14.0332869Z # Subtest: candidate imports cannot read absolute files, traverse workspaces or download packages/styles
2026-10-08T13:52:14.0334370Z ok 102 - candidate imports cannot read absolute files, traverse workspaces or download packages/styles
2026-10-08T13:52:14.0335063Z   ---
2026-10-08T13:52:14.0335479Z   duration_ms: 5173.812556
2026-10-08T13:52:14.0335979Z   type: 'test'
2026-10-08T13:52:14.0336470Z   ...
2026-10-08T13:52:15.0399314Z # Subtest: wall timeout terminates a running child and cleans its private input
2026-10-08T13:52:15.0409037Z ok 103 - wall timeout terminates a running child and cleans its private input
2026-10-08T13:52:15.0409676Z   ---
2026-10-08T13:52:15.0409939Z   duration_ms: 1007.025768
2026-10-08T13:52:15.0410289Z   type: 'test'
2026-10-08T13:52:15.0410735Z   ...
2026-10-08T13:52:15.0462031Z # Subtest: cancellation waits for real child termination and cleanup; pre-abort starts nothing
2026-10-08T13:52:15.0464016Z ok 104 - cancellation waits for real child termination and cleanup; pre-abort starts nothing
2026-10-08T13:52:15.0464931Z   ---
2026-10-08T13:52:15.0465283Z   duration_ms: 7.034778
2026-10-08T13:52:15.0465663Z   type: 'test'
2026-10-08T13:52:15.0465981Z   ...
2026-10-08T13:52:15.7207060Z # Subtest: memory exhaustion cannot escape the OS bound and leaves no child work
2026-10-08T13:52:15.7210071Z ok 105 - memory exhaustion cannot escape the OS bound and leaves no child work
2026-10-08T13:52:15.7210880Z   ---
2026-10-08T13:52:15.7211257Z   duration_ms: 672.510847
2026-10-08T13:52:15.7211677Z   type: 'test'
2026-10-08T13:52:15.7212038Z   ...
2026-10-08T13:52:15.7213760Z # Subtest: unavailable isolation fails explicitly and cannot fall back to host compilation
2026-10-08T13:52:15.7215046Z ok 106 - unavailable isolation fails explicitly and cannot fall back to host compilation
2026-10-08T13:52:15.7215777Z   ---
2026-10-08T13:52:15.7216108Z   duration_ms: 0.67776
2026-10-08T13:52:15.7216479Z   type: 'test'
2026-10-08T13:52:15.7217099Z   ...
2026-10-08T13:52:25.7350271Z # Subtest: CPU bound stops a busy child before the longer wall deadline
2026-10-08T13:52:25.7361984Z ok 107 - CPU bound stops a busy child before the longer wall deadline
2026-10-08T13:52:25.7362388Z   ---
2026-10-08T13:52:25.7362608Z   duration_ms: 10011.542331
2026-10-08T13:52:25.7362849Z   type: 'test'
2026-10-08T13:52:25.7363042Z   ...
2026-10-08T13:52:25.8941602Z # Subtest: untrusted output is bounded before it reaches application memory or artifacts
2026-10-08T13:52:25.8943402Z ok 108 - untrusted output is bounded before it reaches application memory or artifacts
2026-10-08T13:52:25.8944799Z   ---
2026-10-08T13:52:25.8945493Z   duration_ms: 164.31329
2026-10-08T13:52:25.8945969Z   type: 'test'
2026-10-08T13:52:25.8946738Z   ...
2026-10-08T13:52:26.9228830Z # (node:1045) ExperimentalWarning: SQLite is an experimental feature and might change at any time
2026-10-08T13:52:26.9230143Z # (Use `node --trace-warnings ...` to show where the warning was created)
2026-10-08T13:52:26.9898739Z # {"event":"collaboration.upgrade_rejected","category":"forbidden","correlationId":"e4848b61-0df4-43c2-bbd5-7ccc54e50b81"}
2026-10-08T13:52:26.9927823Z # {"event":"collaboration.connected","connectionId":"840dccfe-3321-4ac2-8fe3-e6e9c2f58f56","correlationId":"d5dfa427-c2d9-47dd-9714-a549d41de94f"}
2026-10-08T13:52:27.0006445Z # {"event":"collaboration.disconnected","connectionId":"840dccfe-3321-4ac2-8fe3-e6e9c2f58f56","code":4403}
2026-10-08T13:52:27.0418899Z # Subtest: hosted reads, mutations and live delivery check current membership rather than a stale ticket role
2026-10-08T13:52:27.0526436Z ok 109 - hosted reads, mutations and live delivery check current membership rather than a stale ticket role
2026-10-08T13:52:27.0533022Z   ---
2026-10-08T13:52:27.0534150Z   duration_ms: 111.021438
2026-10-08T13:52:27.0534847Z   type: 'test'
2026-10-08T13:52:27.0535400Z   ...
2026-10-08T13:52:27.0690783Z # {"event":"collaboration.upgrade_rejected","category":"coordinator_unavailable","correlationId":"fd36d2a4-0e11-4157-b8a5-48fd1f6f438a"}
2026-10-08T13:52:27.0870750Z # Subtest: non-owner ingress retries without hydrating a second writer or bypassing membership
2026-10-08T13:52:27.0872419Z ok 110 - non-owner ingress retries without hydrating a second writer or bypassing membership
2026-10-08T13:52:27.0873183Z   ---
2026-10-08T13:52:27.0873514Z   duration_ms: 78.28839
2026-10-08T13:52:27.0873885Z   type: 'test'
2026-10-08T13:52:27.0874242Z   ...
2026-10-08T13:52:28.0903724Z # (node:1064) ExperimentalWarning: SQLite is an experimental feature and might change at any time
2026-10-08T13:52:28.0905037Z # (Use `node --trace-warnings ...` to show where the warning was created)
2026-10-08T13:52:28.2752456Z # {"event":"collaboration.connected","connectionId":"f001d1de-a2fc-4719-8c4f-061c9690ad17","correlationId":"f930cea1-d6b9-4ec3-bcd0-f0bc129ecadb"}
2026-10-08T13:52:28.2829401Z # {"event":"collaboration.connected","connectionId":"d866bed3-32cf-49c3-a6f9-caff959c75d9","correlationId":"cc14f636-41ac-4314-a277-d584c15517dd"}
2026-10-08T13:52:28.2861031Z # {"event":"collaboration.connected","connectionId":"ef52452a-acc2-40cb-812c-771b54bccadc","correlationId":"3d960f8b-d5ac-41ea-a60b-258471c3599b"}
2026-10-08T13:52:40.3231254Z # {"event":"collaboration.disconnected","connectionId":"ef52452a-acc2-40cb-812c-771b54bccadc","code":1006}
2026-10-08T13:52:40.3890002Z # {"event":"collaboration.disconnected","connectionId":"d866bed3-32cf-49c3-a6f9-caff959c75d9","code":1006}
2026-10-08T13:52:40.4573136Z # {"event":"collaboration.disconnected","connectionId":"f001d1de-a2fc-4719-8c4f-061c9690ad17","code":1006}
2026-10-08T13:52:40.5852587Z # Subtest: three collaborators create and maintain a runnable recipe app
2026-10-08T13:52:40.5853588Z ok 111 - three collaborators create and maintain a runnable recipe app
2026-10-08T13:52:40.5854178Z   ---
2026-10-08T13:52:40.5854487Z   duration_ms: 12496.261845
2026-10-08T13:52:40.5854848Z   type: 'test'
2026-10-08T13:52:40.5855156Z   ...
2026-10-08T13:52:40.9296034Z # (node:1132) ExperimentalWarning: SQLite is an experimental feature and might change at any time
2026-10-08T13:52:40.9297626Z # (Use `node --trace-warnings ...` to show where the warning was created)
2026-10-08T13:52:40.9668092Z # Subtest: a clear restaurant website assignment is accepted even when a model labels the batch as proposal
2026-10-08T13:52:40.9674604Z ok 112 - a clear restaurant website assignment is accepted even when a model labels the batch as proposal
2026-10-08T13:52:40.9675667Z   ---
2026-10-08T13:52:40.9676073Z   duration_ms: 4.618106
2026-10-08T13:52:40.9676500Z   type: 'test'
2026-10-08T13:52:40.9677101Z   ...
2026-10-08T13:52:40.9678468Z # Subtest: classification semantics distinguish requests, proposals, questions, quotes, hypotheticals, and negation
2026-10-08T13:52:40.9680636Z ok 113 - classification semantics distinguish requests, proposals, questions, quotes, hypotheticals, and negation
2026-10-08T13:52:40.9686138Z   ---
2026-10-08T13:52:40.9686567Z   duration_ms: 0.732634
2026-10-08T13:52:40.9687244Z   type: 'test'
2026-10-08T13:52:40.9687876Z   ...
2026-10-08T13:52:40.9689490Z # Subtest: mixed contribution keeps request, proposal, and question separate
2026-10-08T13:52:40.9694928Z ok 114 - mixed contribution keeps request, proposal, and question separate
2026-10-08T13:52:40.9695961Z   ---
2026-10-08T13:52:40.9696495Z   duration_ms: 9.581172
2026-10-08T13:52:40.9697059Z   type: 'test'
2026-10-08T13:52:40.9697566Z   ...
2026-10-08T13:52:40.9699152Z # Subtest: missing classifications become ambiguity and reinterpretation supersedes only its own source without duplicates
2026-10-08T13:52:40.9700699Z ok 115 - missing classifications become ambiguity and reinterpretation supersedes only its own source without duplicates
2026-10-08T13:52:40.9701237Z   ---
2026-10-08T13:52:40.9701454Z   duration_ms: 0.979246
2026-10-08T13:52:40.9701676Z   type: 'test'
2026-10-08T13:52:40.9701936Z   ...
2026-10-08T13:52:41.0090759Z # Subtest: targeted reinterpretation reuses authenticated edits, preserves identity, avoids duplicate builds, and protects decisions
2026-10-08T13:52:41.0093135Z ok 116 - targeted reinterpretation reuses authenticated edits, preserves identity, avoids duplicate builds, and protects decisions
2026-10-08T13:52:41.0094446Z   ---
2026-10-08T13:52:41.0095066Z   duration_ms: 78.994633
2026-10-08T13:52:41.0095651Z   type: 'test'
2026-10-08T13:52:41.0096170Z   ...
2026-10-08T13:52:41.5859932Z # (node:1152) ExperimentalWarning: SQLite is an experimental feature and might change at any time
2026-10-08T13:52:41.5861921Z # (Use `node --trace-warnings ...` to show where the warning was created)
2026-10-08T13:52:41.5937730Z # Subtest: coauthor correction preserves teammate wording and exact sources, audit and previous revision
2026-10-08T13:52:41.5939719Z ok 117 - coauthor correction preserves teammate wording and exact sources, audit and previous revision
2026-10-08T13:52:41.5950291Z   ---
2026-10-08T13:52:41.5950799Z   duration_ms: 49.537448
2026-10-08T13:52:41.5951198Z   type: 'test'
2026-10-08T13:52:41.5951537Z   ...
2026-10-08T13:52:41.5955905Z # Subtest: withdrawal removes only caller support and survives restart; same request replays before stale checks
2026-10-08T13:52:41.5957950Z ok 118 - withdrawal removes only caller support and survives restart; same request replays before stale checks
2026-10-08T13:52:41.5961648Z   ---
2026-10-08T13:52:41.5962694Z   duration_ms: 30.38896
2026-10-08T13:52:41.5963449Z   type: 'test'
2026-10-08T13:52:41.5964137Z   ...
2026-10-08T13:52:41.5965197Z # Subtest: unauthorized, stale and forged targets cannot mutate accepted intent
2026-10-08T13:52:41.5966615Z ok 119 - unauthorized, stale and forged targets cannot mutate accepted intent
2026-10-08T13:52:41.5967750Z   ---
2026-10-08T13:52:41.5968299Z   duration_ms: 19.162624
2026-10-08T13:52:41.5968902Z   type: 'test'
2026-10-08T13:52:41.5969459Z   ...
2026-10-08T13:52:41.5970444Z # Subtest: concurrent stale corrections serialize and only one current revision commits
2026-10-08T13:52:41.5975923Z ok 120 - concurrent stale corrections serialize and only one current revision commits
2026-10-08T13:52:41.5976661Z   ---
2026-10-08T13:52:41.5977186Z   duration_ms: 27.127025
2026-10-08T13:52:41.5977427Z   type: 'test'
2026-10-08T13:52:41.5977630Z   ...
2026-10-08T13:52:41.5978634Z # Subtest: ambiguous current intent can be corrected explicitly as proposal, question or request without inference
2026-10-08T13:52:41.5979872Z ok 121 - ambiguous current intent can be corrected explicitly as proposal, question or request without inference
2026-10-08T13:52:41.5980668Z   ---
2026-10-08T13:52:41.5981105Z   duration_ms: 25.238174
2026-10-08T13:52:41.5981501Z   type: 'test'
2026-10-08T13:52:41.5982021Z   ...
2026-10-08T13:52:41.5983248Z # Subtest: correction of one current intent preserves other entries and their independently withdrawable attribution
2026-10-08T13:52:41.5984404Z ok 122 - correction of one current intent preserves other entries and their independently withdrawable attribution
2026-10-08T13:52:41.5985079Z   ---
2026-10-08T13:52:41.5985645Z   duration_ms: 23.71044
2026-10-08T13:52:41.5986213Z   type: 'test'
2026-10-08T13:52:41.5986583Z   ...
2026-10-08T13:52:41.5987919Z # Subtest: accepted change aborts an old candidate but proposal-only change leaves independent work running
2026-10-08T13:52:41.5989395Z ok 123 - accepted change aborts an old candidate but proposal-only change leaves independent work running
2026-10-08T13:52:41.5990211Z   ---
2026-10-08T13:52:41.5990857Z   duration_ms: 23.436166
2026-10-08T13:52:41.5991243Z   type: 'test'
2026-10-08T13:52:41.5991558Z   ...
2026-10-08T13:52:41.5992479Z # Subtest: canonical intent remains invisible until remote acknowledgement; lost reply recovers one receipt
2026-10-08T13:52:41.5993933Z ok 124 - canonical intent remains invisible until remote acknowledgement; lost reply recovers one receipt
2026-10-08T13:52:41.5994753Z   ---
2026-10-08T13:52:41.5995066Z   duration_ms: 39.55838
2026-10-08T13:52:41.5995453Z   type: 'test'
2026-10-08T13:52:41.5995807Z   ...
2026-10-08T13:52:41.5998790Z # Subtest: provider provenance guard rejects invented passages and consequential pronouns; exact ordinary requests remain accepted
2026-10-08T13:52:41.6001340Z ok 125 - provider provenance guard rejects invented passages and consequential pronouns; exact ordinary requests remain accepted
2026-10-08T13:52:41.6002415Z   ---
2026-10-08T13:52:41.6002791Z   duration_ms: 1.767243
2026-10-08T13:52:41.6003210Z   type: 'test'
2026-10-08T13:52:41.6003569Z   ...
2026-10-08T13:52:41.6004562Z # Subtest: accepted context is attributed; named pronoun resolves with unique evidence, model IDs alone do not
2026-10-08T13:52:41.6006060Z ok 126 - accepted context is attributed; named pronoun resolves with unique evidence, model IDs alone do not
2026-10-08T13:52:41.6007050Z   ---
2026-10-08T13:52:41.6007382Z   duration_ms: 0.957786
2026-10-08T13:52:41.6007773Z   type: 'test'
2026-10-08T13:52:41.6008131Z   ...
2026-10-08T13:52:41.6009120Z # Subtest: model cannot forge human authority, decision references, or withdraw teammates via deleted source
2026-10-08T13:52:41.6010703Z ok 127 - model cannot forge human authority, decision references, or withdraw teammates via deleted source
2026-10-08T13:52:41.6011606Z   ---
2026-10-08T13:52:41.6011978Z   duration_ms: 0.630491
2026-10-08T13:52:41.6012391Z   type: 'test'
2026-10-08T13:52:41.6012754Z   ...
2026-10-08T13:52:41.6013597Z # Subtest: affected model IDs do not overwrite a teammate or silently withdraw the caller
2026-10-08T13:52:41.6023498Z ok 128 - affected model IDs do not overwrite a teammate or silently withdraw the caller
2026-10-08T13:52:41.6024407Z   ---
2026-10-08T13:52:41.6024716Z   duration_ms: 0.595837
2026-10-08T13:52:41.6025092Z   type: 'test'
2026-10-08T13:52:41.6025392Z   ...
2026-10-08T13:52:41.6026199Z # Subtest: unverified/proposed matching descriptions never confer accepted teammate attribution
2026-10-08T13:52:41.6027821Z ok 129 - unverified/proposed matching descriptions never confer accepted teammate attribution
2026-10-08T13:52:41.6028538Z   ---
2026-10-08T13:52:41.6028849Z   duration_ms: 0.393097
2026-10-08T13:52:41.6029219Z   type: 'test'
2026-10-08T13:52:41.6029523Z   ...
2026-10-08T13:52:41.6030233Z # Subtest: queued intent commands recheck current membership before any durable mutation
2026-10-08T13:52:41.6031374Z ok 130 - queued intent commands recheck current membership before any durable mutation
2026-10-08T13:52:41.6032111Z   ---
2026-10-08T13:52:41.6032435Z   duration_ms: 18.068372
2026-10-08T13:52:41.6032829Z   type: 'test'
2026-10-08T13:52:41.6033153Z   ...
2026-10-08T13:52:41.6034168Z # Subtest: a provider cannot quote only the color to conceal an unresolved source target or invent contextual attribution
2026-10-08T13:52:41.6035902Z ok 131 - a provider cannot quote only the color to conceal an unresolved source target or invent contextual attribution
2026-10-08T13:52:41.6036699Z   ---
2026-10-08T13:52:41.6037226Z   duration_ms: 0.763191
2026-10-08T13:52:41.6037487Z   type: 'test'
2026-10-08T13:52:41.6037672Z   ...
2026-10-08T13:52:41.6038480Z # Subtest: typed insertion fragments and shorter replacements retain authenticated request text; deletion-only text grants no new intent
2026-10-08T13:52:41.6039721Z ok 132 - typed insertion fragments and shorter replacements retain authenticated request text; deletion-only text grants no new intent
2026-10-08T13:52:41.6040369Z   ---
2026-10-08T13:52:41.6040560Z   duration_ms: 0.511659
2026-10-08T13:52:41.6040891Z   type: 'test'
2026-10-08T13:52:41.6041310Z   ...
2026-10-08T13:52:41.9197826Z # (node:1171) ExperimentalWarning: SQLite is an experimental feature and might change at any time
2026-10-08T13:52:41.9198885Z # (Use `node --trace-warnings ...` to show where the warning was created)
2026-10-08T13:52:42.4282391Z # Subtest: serial acceptance and deferred capture order survive SQLite restart without replay spending
2026-10-08T13:52:42.4284862Z ok 133 - serial acceptance and deferred capture order survive SQLite restart without replay spending
2026-10-08T13:52:42.4286357Z   ---
2026-10-08T13:52:42.4287002Z   duration_ms: 467.942757
2026-10-08T13:52:42.4287722Z   type: 'test'
2026-10-08T13:52:42.4288110Z   ...
2026-10-08T13:52:42.4462229Z # Subtest: a failed authority check does not poison capture order or spend the later caller allowance twice
2026-10-08T13:52:42.4463743Z ok 134 - a failed authority check does not poison capture order or spend the later caller allowance twice
2026-10-08T13:52:42.4464506Z   ---
2026-10-08T13:52:42.4464968Z   duration_ms: 60.389515
2026-10-08T13:52:42.4465588Z   type: 'test'
2026-10-08T13:52:42.4466121Z   ...
2026-10-08T13:52:42.8311924Z # Subtest: replaying the same invitation request keeps its link and does not send twice after provider acceptance
2026-10-08T13:52:42.8313404Z ok 135 - replaying the same invitation request keeps its link and does not send twice after provider acceptance
2026-10-08T13:52:42.8313926Z   ---
2026-10-08T13:52:42.8314134Z   duration_ms: 83.372749
2026-10-08T13:52:42.8314363Z   type: 'test'
2026-10-08T13:52:42.8314570Z   ...
2026-10-08T13:52:42.8321593Z # Subtest: additive invitation migration retains prior hashes and membership roles
2026-10-08T13:52:42.8322856Z ok 136 - additive invitation migration retains prior hashes and membership roles
2026-10-08T13:52:42.8323634Z   ---
2026-10-08T13:52:42.8324002Z   duration_ms: 0.487503
2026-10-08T13:52:42.8324426Z   type: 'test'
2026-10-08T13:52:42.8324786Z   ...
2026-10-08T13:52:43.1010600Z # Subtest: Linux browser file-descriptor ceiling rejects growth and cleans the bounded job
2026-10-08T13:52:43.1012047Z ok 137 - Linux browser file-descriptor ceiling rejects growth and cleans the bounded job
2026-10-08T13:52:43.1013049Z   ---
2026-10-08T13:52:43.1013453Z   duration_ms: 71.000563
2026-10-08T13:52:43.1013937Z   type: 'test'
2026-10-08T13:52:43.1014479Z   ...
2026-10-08T13:52:43.1442700Z # Subtest: Linux bootstrap drops authority and attaches a stopped trusted child before execution
2026-10-08T13:52:43.1444148Z ok 138 - Linux bootstrap drops authority and attaches a stopped trusted child before execution
2026-10-08T13:52:43.1444722Z   ---
2026-10-08T13:52:43.1444940Z   duration_ms: 41.166926
2026-10-08T13:52:43.1445197Z   type: 'test'
2026-10-08T13:52:43.1445452Z   ...
2026-10-08T13:52:43.2594738Z # Subtest: Linux PID ceiling denies fork growth and whole-group kill removes descendants
2026-10-08T13:52:43.2595634Z ok 139 - Linux PID ceiling denies fork growth and whole-group kill removes descendants
2026-10-08T13:52:43.2596117Z   ---
2026-10-08T13:52:43.2596350Z   duration_ms: 103.441019
2026-10-08T13:52:43.2596634Z   type: 'test'
2026-10-08T13:52:43.2597091Z   ...
2026-10-08T13:52:43.7726551Z # Subtest: real Linux browser physical-memory exhaustion kills its job while the application survives
2026-10-08T13:52:43.7728773Z ok 140 - real Linux browser physical-memory exhaustion kills its job while the application survives
2026-10-08T13:52:43.7729686Z   ---
2026-10-08T13:52:43.7730049Z   duration_ms: 534.323417
2026-10-08T13:52:43.7730475Z   type: 'test'
2026-10-08T13:52:43.7730832Z   ...
2026-10-08T13:52:43.7731655Z # Subtest: missing Linux delegation fails closed and removes the candidate profile
2026-10-08T13:52:43.7732840Z ok 141 - missing Linux delegation fails closed and removes the candidate profile
2026-10-08T13:52:43.7733576Z   ---
2026-10-08T13:52:43.7733939Z   duration_ms: 1.143094
2026-10-08T13:52:43.7734367Z   type: 'test'
2026-10-08T13:52:43.7734724Z   ...
2026-10-08T13:52:44.0322021Z # Subtest: drafts recover after a reload and remain scoped to the contributor and room
2026-10-08T13:52:44.0323734Z ok 142 - drafts recover after a reload and remain scoped to the contributor and room
2026-10-08T13:52:44.0324443Z   ---
2026-10-08T13:52:44.0324777Z   duration_ms: 15.920336
2026-10-08T13:52:44.0325165Z   type: 'test'
2026-10-08T13:52:44.0325495Z   ...
2026-10-08T13:52:44.0457004Z # Subtest: storage failure is visible and never claims a local save
2026-10-08T13:52:44.0459805Z ok 143 - storage failure is visible and never claims a local save
2026-10-08T13:52:44.0463803Z   ---
2026-10-08T13:52:44.0464580Z   duration_ms: 11.080593
2026-10-08T13:52:44.0465183Z   type: 'test'
2026-10-08T13:52:44.0465533Z   ...
2026-10-08T13:52:44.0466157Z # Subtest: corrupt cached updates do not mutate the live document
2026-10-08T13:52:44.0467239Z ok 144 - corrupt cached updates do not mutate the live document
2026-10-08T13:52:44.0467808Z   ---
2026-10-08T13:52:44.0468131Z   duration_ms: 1.034009
2026-10-08T13:52:44.0468496Z   type: 'test'
2026-10-08T13:52:44.0468820Z   ...
2026-10-08T13:52:44.0695678Z # Subtest: two tabs preserve both CRDT updates and teardown stops writes
2026-10-08T13:52:44.0697012Z ok 145 - two tabs preserve both CRDT updates and teardown stops writes
2026-10-08T13:52:44.0697629Z   ---
2026-10-08T13:52:44.0697949Z   duration_ms: 25.365412
2026-10-08T13:52:44.0698311Z   type: 'test'
2026-10-08T13:52:44.0698652Z   ...
2026-10-08T13:52:44.5387278Z # (node:1418) ExperimentalWarning: SQLite is an experimental feature and might change at any time
2026-10-08T13:52:44.5388300Z # (Use `node --trace-warnings ...` to show where the warning was created)
2026-10-08T13:52:44.5413311Z # Subtest: managed catalog is bounded, exact, and rejects forged builder IDs
2026-10-08T13:52:44.5414716Z ok 146 - managed catalog is bounded, exact, and rejects forged builder IDs
2026-10-08T13:52:44.5415711Z   ---
2026-10-08T13:52:44.5416019Z   duration_ms: 1.126852
2026-10-08T13:52:44.5416443Z   type: 'test'
2026-10-08T13:52:44.5417056Z   ...
2026-10-08T13:52:44.5421469Z # Subtest: qualification keeps a single successful fixture provisional
2026-10-08T13:52:44.5422829Z ok 147 - qualification keeps a single successful fixture provisional
2026-10-08T13:52:44.5424731Z   ---
2026-10-08T13:52:44.5425376Z   duration_ms: 0.632606
2026-10-08T13:52:44.5426011Z   type: 'test'
2026-10-08T13:52:44.5426414Z   ...
2026-10-08T13:52:44.5439440Z # Subtest: managed assignments remain historical and cannot dispatch
2026-10-08T13:52:44.5440451Z ok 148 - managed assignments remain historical and cannot dispatch
2026-10-08T13:52:44.5440850Z   ---
2026-10-08T13:52:44.5441069Z   duration_ms: 25.888774
2026-10-08T13:52:44.5441301Z   type: 'test'
2026-10-08T13:52:44.5441494Z   ...
2026-10-08T13:52:44.5442409Z # Subtest: temporary OpenRouter setup validates without generation and saves no secret
2026-10-08T13:52:44.5444164Z ok 149 - temporary OpenRouter setup validates without generation and saves no secret
2026-10-08T13:52:44.5444880Z   ---
2026-10-08T13:52:44.5445078Z   duration_ms: 45.453737
2026-10-08T13:52:44.5445304Z   type: 'test'
2026-10-08T13:52:44.5445594Z   ...
2026-10-08T13:52:44.5446548Z # Subtest: temporary key lease expires and is lost after restart
2026-10-08T13:52:44.5447473Z ok 150 - temporary key lease expires and is lost after restart
2026-10-08T13:52:44.5447947Z   ---
2026-10-08T13:52:44.5448294Z   duration_ms: 0.973906
2026-10-08T13:52:44.5449016Z   type: 'test'
2026-10-08T13:52:44.5449408Z   ...
2026-10-08T13:52:44.5451184Z # Subtest: explicit builder reaches the OpenRouter request; unauthorized editor cannot dispatch
2026-10-08T13:52:44.5452090Z ok 151 - explicit builder reaches the OpenRouter request; unauthorized editor cannot dispatch
2026-10-08T13:52:44.5452519Z   ---
2026-10-08T13:52:44.5452712Z   duration_ms: 54.249036
2026-10-08T13:52:44.5452934Z   type: 'test'
2026-10-08T13:52:44.5453120Z   ...
2026-10-08T13:52:44.5453581Z # Subtest: failed accepted work can be retried explicitly without reinterpreting the document
2026-10-08T13:52:44.5454262Z ok 152 - failed accepted work can be retried explicitly without reinterpreting the document
2026-10-08T13:52:44.5454947Z   ---
2026-10-08T13:52:44.5455142Z   duration_ms: 19.477984
2026-10-08T13:52:44.5455364Z   type: 'test'
2026-10-08T13:52:44.5455549Z   ...
2026-10-08T13:52:44.5455934Z # Subtest: physical provider usage survives room reload for token visibility
2026-10-08T13:52:44.5456523Z ok 153 - physical provider usage survives room reload for token visibility
2026-10-08T13:52:44.5457151Z   ---
2026-10-08T13:52:44.5457342Z   duration_ms: 23.634496
2026-10-08T13:52:44.5457563Z   type: 'test'
2026-10-08T13:52:44.5457745Z   ...
2026-10-08T13:52:44.8700028Z # (node:1438) ExperimentalWarning: SQLite is an experimental feature and might change at any time
2026-10-08T13:52:44.8701623Z # (Use `node --trace-warnings ...` to show where the warning was created)
2026-10-08T13:53:10.1421316Z # Subtest: Current outcome of Step 01 scenario: simultaneous-slow
2026-10-08T13:53:10.1426496Z not ok 154 - Current outcome of Step 01 scenario: simultaneous-slow
2026-10-08T13:53:10.1427327Z   ---
2026-10-08T13:53:10.1427611Z   duration_ms: 25231.219007
2026-10-08T13:53:10.1428087Z   type: 'test'
2026-10-08T13:53:10.1428524Z   location: '/app/tests/multiuser-baseline.test.ts:1:137'
2026-10-08T13:53:10.1429008Z   failureType: 'testCodeFailure'
2026-10-08T13:53:10.1429428Z   error: 'Baseline observation timed out: finite workload drain'
2026-10-08T13:53:10.1429817Z   code: 'ERR_TEST_FAILURE'
2026-10-08T13:53:10.1430062Z   stack: |-
2026-10-08T13:53:10.1430399Z     until (/app/tests/fixtures/multiuser-baseline.ts:28:9)
2026-10-08T13:53:10.1430924Z     async runScenario (/app/tests/fixtures/multiuser-baseline.ts:113:7)
2026-10-08T13:53:10.1431523Z     async TestContext.<anonymous> (/app/tests/multiuser-baseline.test.ts:7:3)
2026-10-08T13:53:10.1432058Z     async Test.run (node:internal/test_runner/test:1054:7)
2026-10-08T13:53:10.1432601Z     async startSubtestAfterBootstrap (node:internal/test_runner/harness:296:3)
2026-10-08T13:53:10.1433045Z   ...
2026-10-08T13:53:35.2045247Z # Subtest: Current outcome of Step 01 scenario: failed-interpreter
2026-10-08T13:53:35.2048409Z not ok 155 - Current outcome of Step 01 scenario: failed-interpreter
2026-10-08T13:53:35.2050594Z   ---
2026-10-08T13:53:35.2051017Z   duration_ms: 25076.867413
2026-10-08T13:53:35.2051588Z   type: 'test'
2026-10-08T13:53:35.2052279Z   location: '/app/tests/multiuser-baseline.test.ts:1:137'
2026-10-08T13:53:35.2052911Z   failureType: 'testCodeFailure'
2026-10-08T13:53:35.2053650Z   error: 'Baseline observation timed out: finite workload drain'
2026-10-08T13:53:35.2054251Z   code: 'ERR_TEST_FAILURE'
2026-10-08T13:53:35.2054746Z   stack: |-
2026-10-08T13:53:35.2055346Z     until (/app/tests/fixtures/multiuser-baseline.ts:28:9)
2026-10-08T13:53:35.2056181Z     async runScenario (/app/tests/fixtures/multiuser-baseline.ts:113:7)
2026-10-08T13:53:35.2057257Z     async TestContext.<anonymous> (/app/tests/multiuser-baseline.test.ts:7:3)
2026-10-08T13:53:35.2058054Z     async Test.run (node:internal/test_runner/test:1054:7)
2026-10-08T13:53:35.2058900Z     async Test.processPendingSubtests (node:internal/test_runner/test:744:7)
2026-10-08T13:53:35.2059547Z   ...
2026-10-08T13:53:37.6673996Z # Subtest: Current outcome of Step 01 scenario: later-steering
2026-10-08T13:53:37.6675214Z ok 156 - Current outcome of Step 01 scenario: later-steering
2026-10-08T13:53:37.6676186Z   ---
2026-10-08T13:53:37.6677392Z   duration_ms: 2457.506362
2026-10-08T13:53:37.6678035Z   type: 'test'
2026-10-08T13:53:37.6678540Z   ...
2026-10-08T13:53:42.5518858Z # Subtest: Current outcome of Step 01 scenario: continuous-arrivals
2026-10-08T13:53:42.5521055Z ok 157 - Current outcome of Step 01 scenario: continuous-arrivals
2026-10-08T13:53:42.5521738Z   ---
2026-10-08T13:53:42.5522124Z   duration_ms: 4883.655039
2026-10-08T13:53:42.5522560Z   type: 'test'
2026-10-08T13:53:42.5522946Z   ...
2026-10-08T13:53:42.6163662Z # Subtest: Current outcome of Step 01 scenario: ambiguous-reference
2026-10-08T13:53:42.6165811Z ok 158 - Current outcome of Step 01 scenario: ambiguous-reference
2026-10-08T13:53:42.6167226Z   ---
2026-10-08T13:53:42.6167697Z   duration_ms: 72.255428
2026-10-08T13:53:42.6168074Z   type: 'test'
2026-10-08T13:53:42.6168376Z   ...
2026-10-08T13:53:42.6829781Z # Subtest: Current outcome of Step 01 scenario: invented-passage
2026-10-08T13:53:42.6830702Z ok 159 - Current outcome of Step 01 scenario: invented-passage
2026-10-08T13:53:42.6831244Z   ---
2026-10-08T13:53:42.6831566Z   duration_ms: 64.976319
2026-10-08T13:53:42.6831927Z   type: 'test'
2026-10-08T13:53:42.6832216Z   ...
2026-10-08T13:53:45.1289597Z # Subtest: Current outcome of Step 01 scenario: incorrect-product
2026-10-08T13:53:45.1304882Z not ok 160 - Current outcome of Step 01 scenario: incorrect-product
2026-10-08T13:53:45.1307802Z   ---
2026-10-08T13:53:45.1308702Z   duration_ms: 2439.105054
2026-10-08T13:53:45.1309589Z   type: 'test'
2026-10-08T13:53:45.1310176Z   location: '/app/tests/multiuser-baseline.test.ts:1:137'
2026-10-08T13:53:45.1310837Z   failureType: 'testCodeFailure'
2026-10-08T13:53:45.1311341Z   error: |-
2026-10-08T13:53:45.1313955Z     Browser diagnostics exceeded their bound. Build r1; 2/24 physical calls used. No working artifact has been promoted. Submit a smaller change or reconnect the selected builder and Retry build; retries keep this allowance.{"tool":"project.verify","error":"Browser diagnostics exceeded their bound.","isolation":{"code":"isolation_resource_limit","exitCode":null}}
2026-10-08T13:53:45.1316435Z     
2026-10-08T13:53:45.1316745Z     false !== true
2026-10-08T13:53:45.1317751Z     
2026-10-08T13:53:45.1318069Z   code: 'ERR_ASSERTION'
2026-10-08T13:53:45.1318474Z   name: 'AssertionError'
2026-10-08T13:53:45.1318872Z   expected: true
2026-10-08T13:53:45.1319219Z   actual: false
2026-10-08T13:53:45.1319566Z   operator: 'strictEqual'
2026-10-08T13:53:45.1319956Z   stack: |-
2026-10-08T13:53:45.1320541Z     runScenario (/app/tests/fixtures/multiuser-baseline.ts:161:68)
2026-10-08T13:53:45.1321486Z     async TestContext.<anonymous> (/app/tests/multiuser-baseline.test.ts:7:3)
2026-10-08T13:53:45.1322375Z     async Test.run (node:internal/test_runner/test:1054:7)
2026-10-08T13:53:45.1323237Z     async Test.processPendingSubtests (node:internal/test_runner/test:744:7)
2026-10-08T13:53:45.1323928Z   ...
2026-10-08T13:53:45.2037278Z # Subtest: Current outcome of Step 01 scenario: snapshot-body-gap
2026-10-08T13:53:45.2047522Z ok 161 - Current outcome of Step 01 scenario: snapshot-body-gap
2026-10-08T13:53:45.2048484Z   ---
2026-10-08T13:53:45.2048958Z   duration_ms: 36.69963
2026-10-08T13:53:45.2049688Z   type: 'test'
2026-10-08T13:53:45.2050044Z   ...
2026-10-08T13:53:45.2338571Z # Subtest: Current outcome of Step 01 scenario: projection-growth
2026-10-08T13:53:45.2340288Z ok 162 - Current outcome of Step 01 scenario: projection-growth
2026-10-08T13:53:45.2342419Z   ---
2026-10-08T13:53:45.2343216Z   duration_ms: 51.767173
2026-10-08T13:53:45.2344243Z   type: 'test'
2026-10-08T13:53:45.2346671Z   ...
2026-10-08T13:53:45.2348154Z # Subtest: Current outcome of Step 01 scenario: isolation-policy
2026-10-08T13:53:45.2368018Z ok 163 - Current outcome of Step 01 scenario: isolation-policy
2026-10-08T13:53:45.2368765Z   ---
2026-10-08T13:53:45.2369126Z   duration_ms: 22.820256
2026-10-08T13:53:45.2369524Z   type: 'test'
2026-10-08T13:53:45.2369850Z   ...
2026-10-08T13:53:45.2370775Z # Subtest: Current outcome of Step 01 scenario: restart-budget
2026-10-08T13:53:45.2371626Z ok 164 - Current outcome of Step 01 scenario: restart-budget
2026-10-08T13:53:45.2372164Z   ---
2026-10-08T13:53:45.2372484Z   duration_ms: 29.024965
2026-10-08T13:53:45.2372883Z   type: 'test'
2026-10-08T13:53:45.2373216Z   ...
2026-10-08T13:53:45.7054135Z # Invitation email rejected by provider { invitationId: 'i3', status: 422 }
2026-10-08T13:53:45.7061197Z # Invitation email response lacked an acceptance ID { invitationId: 'i4' }
2026-10-08T13:53:45.7080117Z # (node:1698) ExperimentalWarning: SQLite is an experimental feature and might change at any time
2026-10-08T13:53:45.7081237Z # (Use `node --trace-warnings ...` to show where the warning was created)
2026-10-08T13:53:45.7113397Z # Subtest: project tickets are scoped and expire
2026-10-08T13:53:45.7116464Z ok 165 - project tickets are scoped and expire
2026-10-08T13:53:45.7117952Z   ---
2026-10-08T13:53:45.7120940Z   duration_ms: 1.722107
2026-10-08T13:53:45.7121813Z   type: 'test'
2026-10-08T13:53:45.7122521Z   ...
2026-10-08T13:53:45.7123699Z # Subtest: hosted Supabase mode fails closed when the server secret is absent
2026-10-08T13:53:45.7125135Z ok 166 - hosted Supabase mode fails closed when the server secret is absent
2026-10-08T13:53:45.7126314Z   ---
2026-10-08T13:53:45.7127234Z   duration_ms: 0.374633
2026-10-08T13:53:45.7127912Z   type: 'test'
2026-10-08T13:53:45.7128533Z   ...
2026-10-08T13:53:45.7129646Z # Subtest: server Supabase configuration rejects mismatched credentials and JWKS
2026-10-08T13:53:45.7131082Z ok 167 - server Supabase configuration rejects mismatched credentials and JWKS
2026-10-08T13:53:45.7132110Z   ---
2026-10-08T13:53:45.7132765Z   duration_ms: 0.282329
2026-10-08T13:53:45.7133435Z   type: 'test'
2026-10-08T13:53:45.7134120Z   ...
2026-10-08T13:53:45.7135471Z # Subtest: public auth configuration is explicit and derives the Worker callback
2026-10-08T13:53:45.7137715Z ok 168 - public auth configuration is explicit and derives the Worker callback
2026-10-08T13:53:45.7139894Z   ---
2026-10-08T13:53:45.7141452Z   duration_ms: 0.954008
2026-10-08T13:53:45.7142354Z   type: 'test'
2026-10-08T13:53:45.7142952Z   ...
2026-10-08T13:53:45.7144378Z # Subtest: Wrangler uses matching server and Vite build-time Supabase configuration
2026-10-08T13:53:45.7146550Z ok 169 - Wrangler uses matching server and Vite build-time Supabase configuration
2026-10-08T13:53:45.7147822Z   ---
2026-10-08T13:53:45.7148428Z   duration_ms: 0.309641
2026-10-08T13:53:45.7149108Z   type: 'test'
2026-10-08T13:53:45.7149718Z   ...
2026-10-08T13:53:45.7150920Z # Subtest: Google callback exchanges once, reports errors, and restores only local destinations
2026-10-08T13:53:45.7152586Z ok 170 - Google callback exchanges once, reports errors, and restores only local destinations
2026-10-08T13:53:45.7153688Z   ---
2026-10-08T13:53:45.7154287Z   duration_ms: 0.542848
2026-10-08T13:53:45.7154919Z   type: 'test'
2026-10-08T13:53:45.7155535Z   ...
2026-10-08T13:53:45.7156756Z # Subtest: Supabase bytea persistence preserves Yjs bytes and recovers the legacy Buffer JSON defect
2026-10-08T13:53:45.7158790Z ok 171 - Supabase bytea persistence preserves Yjs bytes and recovers the legacy Buffer JSON defect
2026-10-08T13:53:45.7159964Z   ---
2026-10-08T13:53:45.7160613Z   duration_ms: 6.196976
2026-10-08T13:53:45.7161283Z   type: 'test'
2026-10-08T13:53:45.7161918Z   ...
2026-10-08T13:53:45.7163073Z # Subtest: auth source preserves Google and adds password, confirmation, and recovery flows
2026-10-08T13:53:45.7164720Z ok 172 - auth source preserves Google and adds password, confirmation, and recovery flows
2026-10-08T13:53:45.7165839Z   ---
2026-10-08T13:53:45.7166459Z   duration_ms: 0.627095
2026-10-08T13:53:45.7167370Z   type: 'test'
2026-10-08T13:53:45.7167987Z   ...
2026-10-08T13:53:45.7168970Z # Subtest: project names and invitation emails use canonical validation
2026-10-08T13:53:45.7170096Z ok 173 - project names and invitation emails use canonical validation
2026-10-08T13:53:45.7170678Z   ---
2026-10-08T13:53:45.7171291Z   duration_ms: 0.548308
2026-10-08T13:53:45.7171685Z   type: 'test'
2026-10-08T13:53:45.7172012Z   ...
2026-10-08T13:53:45.7172808Z # Subtest: transactional invitation email is truthful and idempotent at the provider boundary
2026-10-08T13:53:45.7174058Z ok 174 - transactional invitation email is truthful and idempotent at the provider boundary
2026-10-08T13:53:45.7174804Z   ---
2026-10-08T13:53:45.7175139Z   duration_ms: 21.996149
2026-10-08T13:53:45.7175516Z   type: 'test'
2026-10-08T13:53:45.7175830Z   ...
2026-10-08T13:53:45.7176588Z # Subtest: email invitation migration binds recipients and enforces sharing permissions
2026-10-08T13:53:45.7178022Z ok 175 - email invitation migration binds recipients and enforces sharing permissions
2026-10-08T13:53:45.7179013Z   ---
2026-10-08T13:53:45.7179341Z   duration_ms: 0.415189
2026-10-08T13:53:45.7179709Z   type: 'test'
2026-10-08T13:53:45.7180025Z   ...
2026-10-08T13:53:45.7180542Z # Subtest: invite tokens are hashed before persistence
2026-10-08T13:53:45.7181260Z ok 176 - invite tokens are hashed before persistence
2026-10-08T13:53:45.7181757Z   ---
2026-10-08T13:53:45.7182074Z   duration_ms: 0.169608
2026-10-08T13:53:45.7182438Z   type: 'test'
2026-10-08T13:53:45.7182752Z   ...
2026-10-08T13:53:45.7183472Z # Subtest: migration enables RLS and keeps authoritative runtime writes server-only
2026-10-08T13:53:45.7186149Z ok 177 - migration enables RLS and keeps authoritative runtime writes server-only
2026-10-08T13:53:45.7186999Z   ---
2026-10-08T13:53:45.7187335Z   duration_ms: 0.356588
2026-10-08T13:53:45.7187699Z   type: 'test'
2026-10-08T13:53:45.7188013Z   ...
2026-10-08T13:53:46.0376762Z # Subtest: delayed save acknowledgements cannot label newer pending edits saved and stale room states are ignored
2026-10-08T13:53:46.0379507Z ok 178 - delayed save acknowledgements cannot label newer pending edits saved and stale room states are ignored
2026-10-08T13:53:46.0381136Z   ---
2026-10-08T13:53:46.0381692Z   duration_ms: 8.865036
2026-10-08T13:53:46.0381986Z   type: 'test'
2026-10-08T13:53:46.0382221Z   ...
2026-10-08T13:53:46.0382634Z # Subtest: retry delay is capped exponential backoff with bounded jitter
2026-10-08T13:53:46.0383192Z ok 179 - retry delay is capped exponential backoff with bounded jitter
2026-10-08T13:53:46.0383537Z   ---
2026-10-08T13:53:46.0383732Z   duration_ms: 0.192351
2026-10-08T13:53:46.0383962Z   type: 'test'
2026-10-08T13:53:46.0384155Z   ...
2026-10-08T13:53:46.0384554Z # Subtest: a receipt predating a deletion cannot mark the deleted draft saved
2026-10-08T13:53:46.0385130Z ok 180 - a receipt predating a deletion cannot mark the deleted draft saved
2026-10-08T13:53:46.0385487Z   ---
2026-10-08T13:53:46.0385682Z   duration_ms: 3.315714
2026-10-08T13:53:46.0385897Z   type: 'test'
2026-10-08T13:53:46.0386078Z   ...
2026-10-08T13:53:46.0394111Z # Subtest: invalid sessions become actionable terminal errors without retrying
2026-10-08T13:53:46.0396324Z ok 181 - invalid sessions become actionable terminal errors without retrying
2026-10-08T13:53:46.0396736Z   ---
2026-10-08T13:53:46.0397272Z   duration_ms: 22.148105
2026-10-08T13:53:46.0397506Z   type: 'test'
2026-10-08T13:53:46.0397699Z   ...
2026-10-08T13:53:46.0536023Z # Subtest: transient failures use one timer, stop after the cap, and never duplicate sockets
2026-10-08T13:53:46.0537620Z ok 182 - transient failures use one timer, stop after the cap, and never duplicate sockets
2026-10-08T13:53:46.0538381Z   ---
2026-10-08T13:53:46.0538716Z   duration_ms: 13.792985
2026-10-08T13:53:46.0539098Z   type: 'test'
2026-10-08T13:53:46.0539419Z   ...
2026-10-08T13:53:46.0580566Z # Subtest: an edit made while disconnected is offered to the server after reconnect state-vector sync
2026-10-08T13:53:46.0582827Z ok 183 - an edit made while disconnected is offered to the server after reconnect state-vector sync
2026-10-08T13:53:46.0584133Z   ---
2026-10-08T13:53:46.0584754Z   duration_ms: 4.654643
2026-10-08T13:53:46.0585177Z   type: 'test'
2026-10-08T13:53:46.0585512Z   ...
2026-10-08T13:53:46.0646127Z # Subtest: a new connection can recover a lower authoritative cursor after uncommitted server events disappear
2026-10-08T13:53:46.0648135Z ok 184 - a new connection can recover a lower authoritative cursor after uncommitted server events disappear
2026-10-08T13:53:46.0649209Z   ---
2026-10-08T13:53:46.0649549Z   duration_ms: 2.132086
2026-10-08T13:53:46.0649928Z   type: 'test'
2026-10-08T13:53:46.0650264Z   ...
2026-10-08T13:53:46.0659224Z # Subtest: disconnect rejects an in-flight flush and destroy removes document listeners
2026-10-08T13:53:46.0661014Z ok 185 - disconnect rejects an in-flight flush and destroy removes document listeners
2026-10-08T13:53:46.0662065Z   ---
2026-10-08T13:53:46.0663147Z   duration_ms: 1.472129
2026-10-08T13:53:46.0663877Z   type: 'test'
2026-10-08T13:53:46.0664522Z   ...
2026-10-08T13:53:46.0665937Z # Subtest: burst edits share one transport update and explicit flush drains before acknowledgement
2026-10-08T13:53:46.0668252Z ok 186 - burst edits share one transport update and explicit flush drains before acknowledgement
2026-10-08T13:53:46.0669412Z   ---
2026-10-08T13:53:46.0670022Z   duration_ms: 1.970083
2026-10-08T13:53:46.0670640Z   type: 'test'
2026-10-08T13:53:46.0671199Z   ...
2026-10-08T13:53:46.0715330Z # Subtest: owner unavailability honors bounded retry hints, retains edits, and ends without inference
2026-10-08T13:53:46.0738743Z ok 187 - owner unavailability honors bounded retry hints, retains edits, and ends without inference
2026-10-08T13:53:46.0739663Z   ---
2026-10-08T13:53:46.0740056Z   duration_ms: 7.658236
2026-10-08T13:53:46.0740474Z   type: 'test'
2026-10-08T13:53:46.0740821Z   ...
2026-10-08T13:53:46.3532878Z # Subtest: all provider adapters discover and generate through their native shapes
2026-10-08T13:53:46.3551917Z ok 188 - all provider adapters discover and generate through their native shapes
2026-10-08T13:53:46.3552645Z   ---
2026-10-08T13:53:46.3552985Z   duration_ms: 72.829602
2026-10-08T13:53:46.3553364Z   type: 'test'
2026-10-08T13:53:46.3553676Z   ...
2026-10-08T13:53:46.4128633Z # Subtest: classified failures, validation, truncation, retry and cancellation are explicit
2026-10-08T13:53:46.4130526Z ok 189 - classified failures, validation, truncation, retry and cancellation are explicit
2026-10-08T13:53:46.4131505Z   ---
2026-10-08T13:53:46.4132214Z   duration_ms: 61.160941
2026-10-08T13:53:46.4132802Z   type: 'test'
2026-10-08T13:53:46.4133141Z   ...
2026-10-08T13:53:46.4221032Z # Subtest: structured truncation uses one budgeted compact retry and preserves both usage records
2026-10-08T13:53:46.4240232Z ok 190 - structured truncation uses one budgeted compact retry and preserves both usage records
2026-10-08T13:53:46.4241538Z   ---
2026-10-08T13:53:46.4242237Z   duration_ms: 10.137692
2026-10-08T13:53:46.4242928Z   type: 'test'
2026-10-08T13:53:46.4243526Z   ...
2026-10-08T13:53:46.4257345Z # Subtest: adapter metadata does not require fake Ollama credentials
2026-10-08T13:53:46.4258642Z ok 191 - adapter metadata does not require fake Ollama credentials
2026-10-08T13:53:46.4259656Z   ---
2026-10-08T13:53:46.4260368Z   duration_ms: 0.196398
2026-10-08T13:53:46.4261043Z   type: 'test'
2026-10-08T13:53:46.4261642Z   ...
2026-10-08T13:53:46.4285016Z # Subtest: nested OpenRouter provider errors expose the actionable upstream message
2026-10-08T13:53:46.4286507Z ok 192 - nested OpenRouter provider errors expose the actionable upstream message
2026-10-08T13:53:46.4287860Z   ---
2026-10-08T13:53:46.4288543Z   duration_ms: 5.571783
2026-10-08T13:53:46.4297455Z   type: 'test'
2026-10-08T13:53:46.4305607Z   ...
2026-10-08T13:53:46.4322346Z # Subtest: provider usage normalizes cached and included reasoning tokens without double counting
2026-10-08T13:53:46.4324150Z ok 193 - provider usage normalizes cached and included reasoning tokens without double counting
2026-10-08T13:53:46.4325419Z   ---
2026-10-08T13:53:46.4326116Z   duration_ms: 4.17747
2026-10-08T13:53:46.4326498Z   type: 'test'
2026-10-08T13:53:46.4326980Z   ...
2026-10-08T13:53:46.4358783Z # Subtest: structured parsing locally repairs raw string newlines and trailing commas
2026-10-08T13:53:46.4360164Z ok 194 - structured parsing locally repairs raw string newlines and trailing commas
2026-10-08T13:53:46.4360957Z   ---
2026-10-08T13:53:46.4361367Z   duration_ms: 3.43039
2026-10-08T13:53:46.4361825Z   type: 'test'
2026-10-08T13:53:46.4363330Z   ...
2026-10-08T13:53:46.4447332Z # Subtest: an incomplete JSON envelope is treated as truncation and gets the bounded compact retry
2026-10-08T13:53:46.4449740Z ok 195 - an incomplete JSON envelope is treated as truncation and gets the bounded compact retry
2026-10-08T13:53:46.4450633Z   ---
2026-10-08T13:53:46.4451192Z   duration_ms: 8.027296
2026-10-08T13:53:46.4452133Z   type: 'test'
2026-10-08T13:53:46.4452549Z   ...
2026-10-08T13:53:46.4567140Z # Subtest: physical request ledger records transport and structured repair calls separately
2026-10-08T13:53:46.4568557Z ok 196 - physical request ledger records transport and structured repair calls separately
2026-10-08T13:53:46.4569497Z   ---
2026-10-08T13:53:46.4570012Z   duration_ms: 13.287807
2026-10-08T13:53:46.4570466Z   type: 'test'
2026-10-08T13:53:46.4570831Z   ...
2026-10-08T13:53:47.0443160Z # (node:1757) ExperimentalWarning: SQLite is an experimental feature and might change at any time
2026-10-08T13:53:47.0467818Z # (Use `node --trace-warnings ...` to show where the warning was created)
2026-10-08T13:53:49.8727139Z # Subtest: required behavior failure retains the verified product, records actionable evidence and needs explicit retry
2026-10-08T13:53:49.8732952Z not ok 197 - required behavior failure retains the verified product, records actionable evidence and needs explicit retry
2026-10-08T13:53:49.8734010Z   ---
2026-10-08T13:53:49.8734342Z   duration_ms: 2803.415786
2026-10-08T13:53:49.8734783Z   type: 'test'
2026-10-08T13:53:49.8735248Z   location: '/app/tests/reliability.test.ts:1:1226'
2026-10-08T13:53:49.8735854Z   failureType: 'testCodeFailure'
2026-10-08T13:53:49.8736299Z   error: |-
2026-10-08T13:53:49.8738804Z     Browser diagnostics exceeded their bound. Build r1; 2/24 physical calls used. No working artifact has been promoted. Submit a smaller change or reconnect the selected builder and Retry build; retries keep this allowance.{"tool":"project.verify","error":"Browser diagnostics exceeded their bound.","isolation":{"code":"isolation_resource_limit","exitCode":null}}
2026-10-08T13:53:49.8740421Z     
2026-10-08T13:53:49.8740655Z     'Error' !== 'Updated'
2026-10-08T13:53:49.8740902Z     
2026-10-08T13:53:49.8741166Z   code: 'ERR_ASSERTION'
2026-10-08T13:53:49.8741441Z   name: 'AssertionError'
2026-10-08T13:53:49.8741747Z   expected: 'Updated'
2026-10-08T13:53:49.8742000Z   actual: 'Error'
2026-10-08T13:53:49.8742252Z   operator: 'strictEqual'
2026-10-08T13:53:49.8742546Z   stack: |-
2026-10-08T13:53:49.8742937Z     TestContext.<anonymous> (/app/tests/reliability.test.ts:34:86)
2026-10-08T13:53:49.8743441Z     async Test.run (node:internal/test_runner/test:1054:7)
2026-10-08T13:53:49.8744005Z     async startSubtestAfterBootstrap (node:internal/test_runner/harness:296:3)
2026-10-08T13:53:49.8744451Z   ...
2026-10-08T13:54:15.2081310Z # Subtest: unavailable verification browser fails before builder spending and never reuses legacy covered evidence
2026-10-08T13:54:15.2084876Z not ok 198 - unavailable verification browser fails before builder spending and never reuses legacy covered evidence
2026-10-08T13:54:15.2088144Z   ---
2026-10-08T13:54:15.2088803Z   duration_ms: 25341.20227
2026-10-08T13:54:15.2089197Z   type: 'test'
2026-10-08T13:54:15.2089730Z   location: '/app/tests/reliability.test.ts:1:4799'
2026-10-08T13:54:15.2090497Z   failureType: 'testCodeFailure'
2026-10-08T13:54:15.2090982Z   error: 'Timed out'
2026-10-08T13:54:15.2091484Z   code: 'ERR_TEST_FAILURE'
2026-10-08T13:54:15.2092103Z   stack: |-
2026-10-08T13:54:15.2092830Z     waitFor (/app/tests/reliability.test.ts:99:176)
2026-10-08T13:54:15.2093822Z     async TestContext.<anonymous> (/app/tests/reliability.test.ts:73:5)
2026-10-08T13:54:15.2095192Z     async Test.run (node:internal/test_runner/test:1054:7)
2026-10-08T13:54:15.2096300Z     async Test.processPendingSubtests (node:internal/test_runner/test:744:7)
2026-10-08T13:54:15.2097291Z   ...
2026-10-08T13:54:15.2098228Z # Subtest: CRDT attribution retains exact repeated-prefix insertions and excludes untouched teammates text
2026-10-08T13:54:15.2099409Z ok 199 - CRDT attribution retains exact repeated-prefix insertions and excludes untouched teammates text
2026-10-08T13:54:15.2100229Z   ---
2026-10-08T13:54:15.2100560Z   duration_ms: 4.861062
2026-10-08T13:54:15.2100937Z   type: 'test'
2026-10-08T13:54:15.2101263Z   ...
2026-10-08T13:54:15.2208310Z # Subtest: physical recovery calls and spending reservations cannot exceed their shared frozen bounds
2026-10-08T13:54:15.2209780Z ok 200 - physical recovery calls and spending reservations cannot exceed their shared frozen bounds
2026-10-08T13:54:15.2210304Z   ---
2026-10-08T13:54:15.2210526Z   duration_ms: 27.796801
2026-10-08T13:54:15.2210785Z   type: 'test'
2026-10-08T13:54:15.2211003Z   ...
2026-10-08T13:54:15.2351172Z # Subtest: output exhaustion becomes coherent smaller tasks, checkpoints before continuing, and never applies truncated JSON
2026-10-08T13:54:15.2353577Z ok 201 - output exhaustion becomes coherent smaller tasks, checkpoints before continuing, and never applies truncated JSON
2026-10-08T13:54:15.2354733Z   ---
2026-10-08T13:54:15.2355016Z   duration_ms: 13.725135
2026-10-08T13:54:15.2355329Z   type: 'test'
2026-10-08T13:54:15.2355596Z   ...
2026-10-08T13:54:15.2711115Z # Subtest: a second output exhaustion stops a smaller task with actionable checkpoint evidence
2026-10-08T13:54:15.2718789Z ok 202 - a second output exhaustion stops a smaller task with actionable checkpoint evidence
2026-10-08T13:54:15.2719896Z   ---
2026-10-08T13:54:15.2720336Z   duration_ms: 11.287095
2026-10-08T13:54:15.2720844Z   type: 'test'
2026-10-08T13:54:15.2721281Z   ...
2026-10-08T13:54:15.2722324Z # Subtest: coordinator leases serialize owners and fence expired workers after takeover
2026-10-08T13:54:15.2723704Z ok 203 - coordinator leases serialize owners and fence expired workers after takeover
2026-10-08T13:54:15.2724606Z   ---
2026-10-08T13:54:15.2724877Z   duration_ms: 11.246799
2026-10-08T13:54:15.2725195Z   type: 'test'
2026-10-08T13:54:15.2725459Z   ...
2026-10-08T13:54:15.2726111Z # Subtest: remote coordinator renewal cannot silently reacquire ownership for an old worker
2026-10-08T13:54:15.2727371Z ok 204 - remote coordinator renewal cannot silently reacquire ownership for an old worker
2026-10-08T13:54:15.2727994Z   ---
2026-10-08T13:54:15.2728255Z   duration_ms: 1.14976
2026-10-08T13:54:15.2728554Z   type: 'test'
2026-10-08T13:54:15.2728775Z   ...
2026-10-08T13:54:15.3467188Z # Subtest: remote saves commit in revision order and acknowledge the actual snapshot
2026-10-08T13:54:15.3469193Z ok 205 - remote saves commit in revision order and acknowledge the actual snapshot
2026-10-08T13:54:15.3470006Z   ---
2026-10-08T13:54:15.3470319Z   duration_ms: 76.034526
2026-10-08T13:54:15.3470698Z   type: 'test'
2026-10-08T13:54:15.3470995Z   ...
2026-10-08T13:54:15.3722680Z # Subtest: failed cloud snapshots reject flushes and interrupted captured edits return to their author
2026-10-08T13:54:15.3723892Z ok 206 - failed cloud snapshots reject flushes and interrupted captured edits return to their author
2026-10-08T13:54:15.3724753Z   ---
2026-10-08T13:54:15.3725160Z   duration_ms: 37.952253
2026-10-08T13:54:15.3725667Z   type: 'test'
2026-10-08T13:54:15.3726100Z   ...
2026-10-08T13:54:15.3764417Z # Subtest: context overflow is distinct from output exhaustion and does not trigger paid recovery calls
2026-10-08T13:54:15.3766691Z ok 207 - context overflow is distinct from output exhaustion and does not trigger paid recovery calls
2026-10-08T13:54:15.3767938Z   ---
2026-10-08T13:54:15.3768492Z   duration_ms: 4.247009
2026-10-08T13:54:15.3768889Z   type: 'test'
2026-10-08T13:54:15.3769224Z   ...
2026-10-08T13:54:15.4061566Z # Subtest: interpretation submits every captured source without silently clipping old edits or long text
2026-10-08T13:54:15.4063827Z ok 208 - interpretation submits every captured source without silently clipping old edits or long text
2026-10-08T13:54:15.4064976Z   ---
2026-10-08T13:54:15.4065546Z   duration_ms: 5.653031
2026-10-08T13:54:15.4066058Z   type: 'test'
2026-10-08T13:54:15.4066493Z   ...
2026-10-08T13:54:15.4467860Z # Subtest: failed cloud acceptance restores the accepted baseline and the captured participant draft
2026-10-08T13:54:15.4469772Z ok 209 - failed cloud acceptance restores the accepted baseline and the captured participant draft
2026-10-08T13:54:15.4471055Z   ---
2026-10-08T13:54:15.4471687Z   duration_ms: 40.221782
2026-10-08T13:54:15.4472717Z   type: 'test'
2026-10-08T13:54:15.4473151Z   ...
2026-10-08T13:54:17.9550373Z # Subtest: an exhausted recovery leaves the previously promoted and compiled artifact available
2026-10-08T13:54:17.9551268Z ok 210 - an exhausted recovery leaves the previously promoted and compiled artifact available
2026-10-08T13:54:17.9551771Z   ---
2026-10-08T13:54:17.9551987Z   duration_ms: 2495.115188
2026-10-08T13:54:17.9552225Z   type: 'test'
2026-10-08T13:54:17.9552421Z   ...
2026-10-08T13:54:43.4828674Z # Subtest: independent participants submit in durable capture order, retain later build inputs and saved drafts on reload
2026-10-08T13:54:43.4840287Z not ok 211 - independent participants submit in durable capture order, retain later build inputs and saved drafts on reload
2026-10-08T13:54:43.4842453Z   ---
2026-10-08T13:54:43.4843519Z   duration_ms: 25537.917844
2026-10-08T13:54:43.4844568Z   type: 'test'
2026-10-08T13:54:43.4845392Z   location: '/app/tests/reliability.test.ts:1:23308'
2026-10-08T13:54:43.4846100Z   failureType: 'testCodeFailure'
2026-10-08T13:54:43.4846525Z   error: 'Timed out'
2026-10-08T13:54:43.4846767Z   code: 'ERR_TEST_FAILURE'
2026-10-08T13:54:43.4847319Z   stack: |-
2026-10-08T13:54:43.4847687Z     waitFor (/app/tests/reliability.test.ts:99:176)
2026-10-08T13:54:43.4848202Z     async TestContext.<anonymous> (/app/tests/reliability.test.ts:210:621)
2026-10-08T13:54:43.4848864Z     async Test.run (node:internal/test_runner/test:1054:7)
2026-10-08T13:54:43.4849383Z     async Test.processPendingSubtests (node:internal/test_runner/test:744:7)
2026-10-08T13:54:43.4849939Z   ...
2026-10-08T13:54:45.5766092Z # Subtest: ownership loss after compilation blocks promotion; command replay adds no physical call
2026-10-08T13:54:45.5768456Z ok 212 - ownership loss after compilation blocks promotion; command replay adds no physical call
2026-10-08T13:54:45.5769537Z   ---
2026-10-08T13:54:45.5769991Z   duration_ms: 2096.942533
2026-10-08T13:54:45.5770407Z   type: 'test'
2026-10-08T13:54:45.5770713Z   ...
2026-10-08T13:54:47.8805988Z # Subtest: unavailable isolation retains the promoted artifact and stops before builder dispatch or repairs
2026-10-08T13:54:47.8807676Z ok 213 - unavailable isolation retains the promoted artifact and stops before builder dispatch or repairs
2026-10-08T13:54:47.8808398Z   ---
2026-10-08T13:54:47.8808702Z   duration_ms: 2328.646781
2026-10-08T13:54:47.8809023Z   type: 'test'
2026-10-08T13:54:47.8809290Z   ...
2026-10-08T13:54:48.0855254Z # Subtest: shared requirements keep a stable identity across collaborators and canvas locations
2026-10-08T13:54:48.0860751Z ok 214 - shared requirements keep a stable identity across collaborators and canvas locations
2026-10-08T13:54:48.0861745Z   ---
2026-10-08T13:54:48.0868262Z   duration_ms: 5.71421
2026-10-08T13:54:48.0869023Z   type: 'test'
2026-10-08T13:54:48.0870315Z   ...
2026-10-08T13:54:48.0873530Z # Subtest: a proposal remains visible but is excluded from builder input
2026-10-08T13:54:48.0876302Z ok 215 - a proposal remains visible but is excluded from builder input
2026-10-08T13:54:48.0877219Z   ---
2026-10-08T13:54:48.0877587Z   duration_ms: 1.12384
2026-10-08T13:54:48.0877992Z   type: 'test'
2026-10-08T13:54:48.0878341Z   ...
2026-10-08T13:54:48.0879120Z # Subtest: opposed accepted requirements create one focused consequential conflict
2026-10-08T13:54:48.0880748Z ok 216 - opposed accepted requirements create one focused consequential conflict
2026-10-08T13:54:48.0881540Z   ---
2026-10-08T13:54:48.0881897Z   duration_ms: 8.566686
2026-10-08T13:54:48.0882301Z   type: 'test'
2026-10-08T13:54:48.0882644Z   ...
2026-10-08T13:54:48.0886362Z # Subtest: same-subject colors form one durable multi-option group
2026-10-08T13:54:48.0887677Z ok 217 - same-subject colors form one durable multi-option group
2026-10-08T13:54:48.0888319Z   ---
2026-10-08T13:54:48.0888688Z   duration_ms: 1.041115
2026-10-08T13:54:48.0889096Z   type: 'test'
2026-10-08T13:54:48.0889449Z   ...
2026-10-08T13:54:48.0890154Z # Subtest: different subjects and conditional scopes remain compatible
2026-10-08T13:54:48.0891605Z ok 218 - different subjects and conditional scopes remain compatible
2026-10-08T13:54:48.0892282Z   ---
2026-10-08T13:54:48.0892614Z   duration_ms: 0.758744
2026-10-08T13:54:48.0892966Z   type: 'test'
2026-10-08T13:54:48.0893270Z   ...
2026-10-08T13:54:48.0893827Z # Subtest: proposals never enter accepted conflict groups
2026-10-08T13:54:48.0894580Z ok 219 - proposals never enter accepted conflict groups
2026-10-08T13:54:48.0895176Z   ---
2026-10-08T13:54:48.0895475Z   duration_ms: 0.319921
2026-10-08T13:54:48.0895826Z   type: 'test'
2026-10-08T13:54:48.0896127Z   ...
2026-10-08T13:54:48.0903905Z # Subtest: explicit selections stay pending, then resolve or disagree without model voting
2026-10-08T13:54:48.0906324Z ok 220 - explicit selections stay pending, then resolve or disagree without model voting
2026-10-08T13:54:48.0908380Z   ---
2026-10-08T13:54:48.0909058Z   duration_ms: 1.14487
2026-10-08T13:54:48.0909503Z   type: 'test'
2026-10-08T13:54:48.0909883Z   ...
2026-10-08T13:54:48.0910816Z # Subtest: legacy pairwise contradictions migrate without losing identity or affected contributors
2026-10-08T13:54:48.0912313Z ok 221 - legacy pairwise contradictions migrate without losing identity or affected contributors
2026-10-08T13:54:48.0913197Z   ---
2026-10-08T13:54:48.0913590Z   duration_ms: 0.535837
2026-10-08T13:54:48.0914006Z   type: 'test'
2026-10-08T13:54:48.0914353Z   ...
2026-10-08T13:54:48.0915126Z # Subtest: selection submissions are authorized, revision-safe, and idempotent
2026-10-08T13:54:48.0916278Z ok 222 - selection submissions are authorized, revision-safe, and idempotent
2026-10-08T13:54:48.0917249Z   ---
2026-10-08T13:54:48.0917622Z   duration_ms: 0.915639
2026-10-08T13:54:48.0918050Z   type: 'test'
2026-10-08T13:54:48.0918419Z   ...
2026-10-08T13:54:48.0921133Z # Subtest: unresolved alternatives are excluded while independent accepted work remains eligible
2026-10-08T13:54:48.0923406Z ok 223 - unresolved alternatives are excluded while independent accepted work remains eligible
2026-10-08T13:54:48.0924821Z   ---
2026-10-08T13:54:48.0925413Z   duration_ms: 0.935466
2026-10-08T13:54:48.0926116Z   type: 'test'
2026-10-08T13:54:48.0926765Z   ...
2026-10-08T13:54:48.0928441Z # Subtest: explicit withdrawal removes only that collaborator source and preserves supported intent
2026-10-08T13:54:48.0930231Z ok 224 - explicit withdrawal removes only that collaborator source and preserves supported intent
2026-10-08T13:54:48.0931409Z   ---
2026-10-08T13:54:48.0932020Z   duration_ms: 0.54334
2026-10-08T13:54:48.0932711Z   type: 'test'
2026-10-08T13:54:48.0933320Z   ...
2026-10-08T13:54:49.1176276Z # (node:2044) ExperimentalWarning: SQLite is an experimental feature and might change at any time
2026-10-08T13:54:49.1177687Z # (Use `node --trace-warnings ...` to show where the warning was created)
2026-10-08T13:54:52.1622918Z # Subtest: server shutdown drains authenticated HTTP before closing durable state
2026-10-08T13:54:52.1624848Z ok 225 - server shutdown drains authenticated HTTP before closing durable state
2026-10-08T13:54:52.1626016Z   ---
2026-10-08T13:54:52.1626637Z   duration_ms: 3071.098401
2026-10-08T13:54:52.1627324Z   type: 'test'
2026-10-08T13:54:52.1627605Z   ...
2026-10-08T13:54:52.7708577Z # (node:2063) ExperimentalWarning: SQLite is an experimental feature and might change at any time
2026-10-08T13:54:52.7709940Z # (Use `node --trace-warnings ...` to show where the warning was created)
2026-10-08T13:54:52.7729562Z # Subtest: physical usage deduplicates dispatch/reconcile and keeps setup and unknown calls visible
2026-10-08T13:54:52.7733021Z ok 226 - physical usage deduplicates dispatch/reconcile and keeps setup and unknown calls visible
2026-10-08T13:54:52.7733945Z   ---
2026-10-08T13:54:52.7734312Z   duration_ms: 1.013476
2026-10-08T13:54:52.7734730Z   type: 'test'
2026-10-08T13:54:52.7735088Z   ...
2026-10-08T13:54:52.7739816Z # Subtest: SQLite accounting restores more than the recent 500 calls without double counting
2026-10-08T13:54:52.7741548Z ok 227 - SQLite accounting restores more than the recent 500 calls without double counting
2026-10-08T13:54:52.7743027Z   ---
2026-10-08T13:54:52.7743396Z   duration_ms: 397.646187
2026-10-08T13:54:52.7744112Z   type: 'test'
2026-10-08T13:54:52.7744490Z   ...
2026-10-08T13:54:52.7746467Z # Subtest: optional token fields remain optional and replay cannot replace a newer final usage record
2026-10-08T13:54:52.7748258Z ok 228 - optional token fields remain optional and replay cannot replace a newer final usage record
2026-10-08T13:54:52.7749109Z   ---
2026-10-08T13:54:52.7749471Z   duration_ms: 12.126135
2026-10-08T13:54:52.7749877Z   type: 'test'
2026-10-08T13:54:52.7750185Z   ...
2026-10-08T13:54:53.1026123Z # (node:2081) ExperimentalWarning: SQLite is an experimental feature and might change at any time
2026-10-08T13:54:53.1027801Z # (Use `node --trace-warnings ...` to show where the warning was created)
2026-10-08T13:54:53.2253679Z # Subtest: physical reservations retain uncertainty, settle once, and reject delayed intent or usage downgrade
2026-10-08T13:54:53.2255427Z ok 229 - physical reservations retain uncertainty, settle once, and reject delayed intent or usage downgrade
2026-10-08T13:54:53.2256361Z   ---
2026-10-08T13:54:53.2256729Z   duration_ms: 2.04717
2026-10-08T13:54:53.2257445Z   type: 'test'
2026-10-08T13:54:53.2257829Z   ...
2026-10-08T13:54:53.2270248Z # Subtest: ledger repairs a stale snapshot without replenishment and legacy interrupted scope fails closed
2026-10-08T13:54:53.2271532Z ok 230 - ledger repairs a stale snapshot without replenishment and legacy interrupted scope fails closed
2026-10-08T13:54:53.2272015Z   ---
2026-10-08T13:54:53.2272218Z   duration_ms: 0.43073
2026-10-08T13:54:53.2272439Z   type: 'test'
2026-10-08T13:54:53.2272630Z   ...
2026-10-08T13:54:53.4253179Z # Subtest: concurrent interpretation and builder admission stops at 24, setup is separate, SQLite restart retains attempts
2026-10-08T13:54:53.4255174Z ok 231 - concurrent interpretation and builder admission stops at 24, setup is separate, SQLite restart retains attempts
2026-10-08T13:54:53.4256338Z   ---
2026-10-08T13:54:53.4256728Z   duration_ms: 306.153446
2026-10-08T13:54:53.4257528Z   type: 'test'
2026-10-08T13:54:53.4257911Z   ...
2026-10-08T13:54:53.4682574Z # Subtest: owner reset is idle, fenced and durable; replay/collision cannot reset again or dispatch inference
2026-10-08T13:54:53.4684567Z ok 232 - owner reset is idle, fenced and durable; replay/collision cannot reset again or dispatch inference
2026-10-08T13:54:53.4685653Z   ---
2026-10-08T13:54:53.4686086Z   duration_ms: 46.040917
2026-10-08T13:54:53.4686591Z   type: 'test'
2026-10-08T13:54:53.4687219Z   ...
2026-10-08T13:54:53.4978170Z # Subtest: remote reservation acknowledgement precedes HTTP; uncertain save fences further calls
2026-10-08T13:54:53.4981874Z ok 233 - remote reservation acknowledgement precedes HTTP; uncertain save fences further calls
2026-10-08T13:54:53.4982628Z   ---
2026-10-08T13:54:53.4982937Z   duration_ms: 26.061701
2026-10-08T13:54:53.4983319Z   type: 'test'
2026-10-08T13:54:53.4983618Z   ...
2026-10-08T13:54:53.5050959Z # Subtest: work starting during owner authorization cannot reset an active allowance
2026-10-08T13:54:53.5052787Z ok 234 - work starting during owner authorization cannot reset an active allowance
2026-10-08T13:54:53.5054289Z   ---
2026-10-08T13:54:53.5054753Z   duration_ms: 26.115864
2026-10-08T13:54:53.5055259Z   type: 'test'
2026-10-08T13:54:53.5055536Z   ...
2026-10-08T13:54:53.5212986Z 1..234
2026-10-08T13:54:53.5213391Z # tests 234
2026-10-08T13:54:53.5213729Z # suites 0
2026-10-08T13:54:53.5214077Z # pass 223
2026-10-08T13:54:53.5214420Z # fail 11
2026-10-08T13:54:53.5214764Z # cancelled 0
2026-10-08T13:54:53.5215160Z # skipped 0
2026-10-08T13:54:53.5215508Z # todo 0
2026-10-08T13:54:53.5215905Z # duration_ms 252194.142173
2026-10-08T13:54:53.5939763Z ##[error]Process completed with exit code 1.
2026-10-08T13:54:53.5979020Z ##[group]Run case "$COCREATE_CI_CGROUP_ROOT" in /sys/fs/cgroup/cocreate-ci-*) ;; *) exit 126 ;; esac
2026-10-08T13:54:53.5979941Z [36;1mcase "$COCREATE_CI_CGROUP_ROOT" in /sys/fs/cgroup/cocreate-ci-*) ;; *) exit 126 ;; esac[0m
2026-10-08T13:54:53.5980501Z [36;1msudo find "$COCREATE_CI_CGROUP_ROOT" -depth -type d -exec rmdir {} \;[0m
2026-10-08T13:54:53.6052983Z shell: /usr/bin/bash -e {0}
2026-10-08T13:54:53.6053293Z env:
2026-10-08T13:54:53.6053616Z   PNPM_HOME: /home/runner/setup-pnpm/node_modules/.bin
2026-10-08T13:54:53.6062234Z   COCREATE_CI_CGROUP_ROOT: /sys/fs/cgroup/cocreate-ci-37787263796-1
2026-10-08T13:54:53.6062868Z ##[endgroup]
2026-10-08T13:54:53.6376637Z Post job cleanup.
2026-10-08T13:54:53.8011137Z Pruning is unnecessary.
2026-10-08T13:54:53.8263563Z Post job cleanup.
2026-10-08T13:54:53.9357756Z [command]/usr/bin/git version
2026-10-08T13:54:53.9406639Z git version 2.55.0
2026-10-08T13:54:53.9463732Z Temporarily overriding HOME='/home/runner/work/_temp/fe1d941d-5ea3-4305-8182-c67d4cc4a5b5' before making global git config changes
2026-10-08T13:54:53.9465430Z Adding repository directory to the temporary git global config as a safe directory
2026-10-08T13:54:53.9473133Z [command]/usr/bin/git config --global --add safe.directory /home/runner/work/Cocreate/Cocreate
2026-10-08T13:54:53.9534906Z [command]/usr/bin/git config --local --name-only --get-regexp core\.sshCommand
2026-10-08T13:54:53.9589949Z [command]/usr/bin/git submodule foreach --recursive sh -c "git config --local --name-only --get-regexp 'core\.sshCommand' && git config --local --unset-all 'core.sshCommand' || :"
2026-10-08T13:54:54.0262218Z [command]/usr/bin/git config --local --name-only --get-regexp http\.https\:\/\/github\.com\/\.extraheader
2026-10-08T13:54:54.0298630Z http.https://github.com/.extraheader
2026-10-08T13:54:54.0311401Z [command]/usr/bin/git config --local --unset-all http.https://github.com/.extraheader
2026-10-08T13:54:54.0357352Z [command]/usr/bin/git submodule foreach --recursive sh -c "git config --local --name-only --get-regexp 'http\.https\:\/\/github\.com\/\.extraheader' && git config --local --unset-all 'http.https://github.com/.extraheader' || :"
2026-10-08T13:54:54.0660456Z [command]/usr/bin/git config --local --name-only --get-regexp ^includeIf\.gitdir:
2026-10-08T13:54:54.0701340Z [command]/usr/bin/git submodule foreach --recursive git config --local --show-origin --name-only --get-regexp remote.origin.url
2026-10-08T13:54:54.1112418Z Cleaning up orphan processes
2026-10-08T13:54:54.1458730Z ##[warning]Node.js 20 is deprecated. The following actions target Node.js 20 but are being forced to run on Node.js 24: actions/checkout@11d5960a326750d5838078e36cf38b85af677262, actions/setup-node@49933ea5288caeca8642d1e84afbd3f7d6820020, pnpm/action-setup@f40ffcd9367d9f12939873eb1018b921a783ffaa. For more information see: https://github.blog/changelog/2025-09-19-deprecation-of-node-20-on-github-actions-runners/
